[INFO] run_dir=/home/y/my_mimic_mixgrpo/my_mimic_mixgrpo_h1/runs/sfpo_h4_autokl_1000_v1
[INFO] log_file=/home/y/my_mimic_mixgrpo/my_mimic_mixgrpo_h1/runs/sfpo_h4_autokl_1000_v1/logs/train.log
[INFO] algorithm=sfpo
[INFO] IsaacLab logging to file: /tmp/isaaclab_2026-07-03_07-26-52.log
[INFO] Starting SFPO training
[INFO] task=largebox_plane terrain=plane motion_file=/home/y/my_mimic_mixgrpo/holosoma/src/holosoma/holosoma/data/motions/g1_29dof/whole_body_tracking/sub3_largebox_003_mj.npz
[INFO] algo=sfpo actor_obs_dim=171 critic_obs_dim=286 action_dim=29 horizon=4 rollout_chunks=6 rollout_env_steps=24 flow_steps=4 sde_eta=0.7 init_noise_std=0.8 eval_initial_noise=zero
[INFO] stochastic_flow=True grouped_rollout=False critic_advantage=True ppo_aligned_rollout=True auto_reset=False chunk_end_reset=True chunk_internal_alive_mask=True first_life_trajectory=False terminal_penalty_disabled=True entropy_bonus=False gamma=0.99 lambda=0.95 chunk_gamma=0.960596 chunk_lambda=0.814506
[INFO] actor_hidden_dims=[512, 256, 128] critic_hidden_dims=[512, 256, 128] activation=elu action_squash_scale=5.0 empirical_normalization=True
[INFO] policy_epochs=5 clip_range=0.2 desired_kl=0.01 value_loss_coef=1.0 use_clipped_value_loss=True num_mini_batches=4 micro_batch=8192 policy_lr=0.001 critic_lr=0.001
[INFO] checkpoint_dir=/home/y/my_mimic_mixgrpo/my_mimic_mixgrpo_h1/runs/sfpo_h4_autokl_1000_v1/checkpoints
[UPDATE] 1/1000 reward_step=-0.04153 chunk=-0.15318 done_frac=0.17236 mean_reward=-0.73908 mean_len=16.76
[SFPO] loss=0.08106 policy_loss=-0.00898 value_loss=0.09004 ratio=0.9953 [0.024,101.351] clip=0.3825 kl_raw=0.059163 kl/step=0.014791 target_raw=0.0400 target/step=0.0100 kl_units=4 grad=0.2021 grad_c=0.2870 lr=0.001000 critic_lr=0.001000
[ROLLOUT] live=22.49 survive=0.25293 per_step=-0.04095 episode_projection=-20.47
[POLICY_DETAIL] samples=49152 raw_samples=49152 mb=12288 micro_mb=8192 logp_delta_abs=0.22880 old_logp=-62.88593 new_logp=-62.94561 adv_abs=0.77022 sde_steps=4
[TRAIN] mean_reward=-0.73908 mean_len=16.76 recent_eps=100 completed_eps=8472
[UPDATE_EFFECT] action_delta=0.01673283 param_rms_delta=0.00324599
[TIME] collect=5.161s update=0.331s
[DONE] timeout=0.03503 anchor_pos=0.00195 anchor_ori=0.00854 ee_body=0.72815
[TRACK_ROLLOUT] anchor_pos=0.79120 anchor_ori=0.47704 body_pos=0.79623 body_ori=0.29962 body_lin=0.28444 body_ang=0.03327
[ACT_SUMMARY] abs_mean=0.6591 abs_p95=0.8119 abs_p99=0.8792 abs_max=1.1172 legs=0.6593 waist=0.6584 arms=0.6590
[FRAME_DIAG] frame0_abs=0.6586 frame1_abs=0.6598 in_chunk_delta=0.9279 cross_chunk_delta=0.9281
[UPDATE] 2/1000 reward_step=-0.04550 chunk=-0.16479 done_frac=0.20990 mean_reward=-0.71299 mean_len=15.92
[SFPO] loss=0.05208 policy_loss=-0.01445 value_loss=0.06653 ratio=0.9991 [0.044,13.879] clip=0.3522 kl_raw=0.056167 kl/step=0.014042 target_raw=0.0400 target/step=0.0100 kl_units=4 grad=0.1769 grad_c=0.3625 lr=0.001500 critic_lr=0.001500
[ROLLOUT] live=22.07 survive=0.16125 per_step=-0.04479 episode_projection=-22.40
[POLICY_DETAIL] samples=49152 raw_samples=49152 mb=12288 micro_mb=8192 logp_delta_abs=0.21519 old_logp=-62.90212 new_logp=-62.95537 adv_abs=0.80993 sde_steps=4
[TRAIN] mean_reward=-0.71299 mean_len=15.92 recent_eps=100 completed_eps=18789
[UPDATE_EFFECT] action_delta=0.02077679 param_rms_delta=0.00408574
[TIME] collect=3.805s update=0.263s
[DONE] timeout=0.00598 anchor_pos=0.00647 anchor_ori=0.01562 ee_body=0.83289
[TRACK_ROLLOUT] anchor_pos=0.72097 anchor_ori=0.40900 body_pos=0.73384 body_ori=0.23909 body_lin=0.26272 body_ang=0.03116
[ACT_SUMMARY] abs_mean=0.6564 abs_p95=0.8079 abs_p99=0.8770 abs_max=1.1412 legs=0.6561 waist=0.6568 arms=0.6565
[FRAME_DIAG] frame0_abs=0.6557 frame1_abs=0.6573 in_chunk_delta=0.9223 cross_chunk_delta=0.9215
[UPDATE] 3/1000 reward_step=-0.04489 chunk=-0.16246 done_frac=0.21090 mean_reward=-0.74032 mean_len=17.04
[SFPO] loss=0.03843 policy_loss=-0.01265 value_loss=0.05108 ratio=0.9977 [0.012,14.897] clip=0.3641 kl_raw=0.059389 kl/step=0.014847 target_raw=0.0400 target/step=0.0100 kl_units=4 grad=0.1629 grad_c=0.2550 lr=0.000444 critic_lr=0.000444
[ROLLOUT] live=22.05 survive=0.14563 per_step=-0.04417 episode_projection=-22.08
[POLICY_DETAIL] samples=49152 raw_samples=49152 mb=12288 micro_mb=8192 logp_delta_abs=0.22220 old_logp=-62.93835 new_logp=-62.99534 adv_abs=0.80900 sde_steps=4
[TRAIN] mean_reward=-0.74032 mean_len=17.04 recent_eps=100 completed_eps=29155
[UPDATE_EFFECT] action_delta=0.01905316 param_rms_delta=0.00302471
[TIME] collect=3.766s update=0.275s
[DONE] timeout=0.00110 anchor_pos=0.01111 anchor_ori=0.01697 ee_body=0.84973
[TRACK_ROLLOUT] anchor_pos=0.71081 anchor_ori=0.40389 body_pos=0.72159 body_ori=0.23083 body_lin=0.27217 body_ang=0.03242
[ACT_SUMMARY] abs_mean=0.6543 abs_p95=0.8058 abs_p99=0.8724 abs_max=1.0831 legs=0.6543 waist=0.6542 arms=0.6543
[FRAME_DIAG] frame0_abs=0.6531 frame1_abs=0.6545 in_chunk_delta=0.9171 cross_chunk_delta=0.9183
[UPDATE] 4/1000 reward_step=-0.04393 chunk=-0.15906 done_frac=0.21293 mean_reward=-0.68105 mean_len=16.24
[SFPO] loss=0.03594 policy_loss=-0.01422 value_loss=0.05016 ratio=0.9992 [0.028,55.166] clip=0.3363 kl_raw=0.057566 kl/step=0.014391 target_raw=0.0400 target/step=0.0100 kl_units=4 grad=0.1583 grad_c=0.2540 lr=0.000039 critic_lr=0.000039
[ROLLOUT] live=22.06 survive=0.14282 per_step=-0.04324 episode_projection=-21.62
[POLICY_DETAIL] samples=49152 raw_samples=49152 mb=12288 micro_mb=8192 logp_delta_abs=0.20929 old_logp=-62.92851 new_logp=-62.98238 adv_abs=0.76837 sde_steps=4
[TRAIN] mean_reward=-0.68105 mean_len=16.24 recent_eps=100 completed_eps=39621
[UPDATE_EFFECT] action_delta=0.02208549 param_rms_delta=0.00312356
[TIME] collect=3.706s update=0.261s
[DONE] timeout=0.00000 anchor_pos=0.01111 anchor_ori=0.01709 ee_body=0.85229
[TRACK_ROLLOUT] anchor_pos=0.71642 anchor_ori=0.40571 body_pos=0.72442 body_ori=0.23100 body_lin=0.27975 body_ang=0.03363
[ACT_SUMMARY] abs_mean=0.6527 abs_p95=0.8040 abs_p99=0.8715 abs_max=1.1130 legs=0.6529 waist=0.6534 arms=0.6525
[FRAME_DIAG] frame0_abs=0.6515 frame1_abs=0.6535 in_chunk_delta=0.9134 cross_chunk_delta=0.9149
[UPDATE] 5/1000 reward_step=-0.04298 chunk=-0.15512 done_frac=0.21539 mean_reward=-0.66015 mean_len=15.52
[SFPO] loss=0.03631 policy_loss=-0.01246 value_loss=0.04876 ratio=1.0013 [0.012,21.295] clip=0.2392 kl_raw=0.040923 kl/step=0.010231 target_raw=0.0400 target/step=0.0100 kl_units=4 grad=0.1739 grad_c=0.2122 lr=0.000132 critic_lr=0.000132
[ROLLOUT] live=21.99 survive=0.12988 per_step=-0.04233 episode_projection=-21.16
[POLICY_DETAIL] samples=49152 raw_samples=49152 mb=12288 micro_mb=8192 logp_delta_abs=0.15291 old_logp=-62.90364 new_logp=-62.94037 adv_abs=0.73352 sde_steps=4
[TRAIN] mean_reward=-0.66015 mean_len=15.52 recent_eps=100 completed_eps=50208
[UPDATE_EFFECT] action_delta=0.02307619 param_rms_delta=0.00277325
[TIME] collect=3.770s update=0.263s
[DONE] timeout=0.00000 anchor_pos=0.01550 anchor_ori=0.01587 ee_body=0.86414
[TRACK_ROLLOUT] anchor_pos=0.71952 anchor_ori=0.40903 body_pos=0.72701 body_ori=0.23241 body_lin=0.27853 body_ang=0.03376
[ACT_SUMMARY] abs_mean=0.6500 abs_p95=0.8016 abs_p99=0.8684 abs_max=1.0657 legs=0.6500 waist=0.6487 arms=0.6502
[FRAME_DIAG] frame0_abs=0.6481 frame1_abs=0.6505 in_chunk_delta=0.9078 cross_chunk_delta=0.9101
[UPDATE] 6/1000 reward_step=-0.04215 chunk=-0.15244 done_frac=0.21322 mean_reward=-0.64048 mean_len=15.76
[SFPO] loss=0.02732 policy_loss=-0.01584 value_loss=0.04316 ratio=1.0008 [0.044,46.643] clip=0.2881 kl_raw=0.047732 kl/step=0.011933 target_raw=0.0400 target/step=0.0100 kl_units=4 grad=0.1683 grad_c=0.1471 lr=0.000088 critic_lr=0.000088
[ROLLOUT] live=22.04 survive=0.13599 per_step=-0.04152 episode_projection=-20.76
[POLICY_DETAIL] samples=49152 raw_samples=49152 mb=12288 micro_mb=8192 logp_delta_abs=0.18031 old_logp=-62.88914 new_logp=-62.93277 adv_abs=0.71970 sde_steps=4
[TRAIN] mean_reward=-0.64048 mean_len=15.76 recent_eps=100 completed_eps=60688
[UPDATE_EFFECT] action_delta=0.02164710 param_rms_delta=0.00282180
[TIME] collect=3.776s update=0.260s
[DONE] timeout=0.00000 anchor_pos=0.01074 anchor_ori=0.01636 ee_body=0.86108
[TRACK_ROLLOUT] anchor_pos=0.72314 anchor_ori=0.40860 body_pos=0.73035 body_ori=0.23242 body_lin=0.28106 body_ang=0.03443
[ACT_SUMMARY] abs_mean=0.6483 abs_p95=0.7991 abs_p99=0.8659 abs_max=1.0794 legs=0.6480 waist=0.6474 arms=0.6488
[FRAME_DIAG] frame0_abs=0.6473 frame1_abs=0.6482 in_chunk_delta=0.9038 cross_chunk_delta=0.9067
[UPDATE] 7/1000 reward_step=-0.04074 chunk=-0.14723 done_frac=0.21615 mean_reward=-0.58055 mean_len=14.96
[SFPO] loss=0.02443 policy_loss=-0.01469 value_loss=0.03912 ratio=1.0012 [0.030,14.462] clip=0.2781 kl_raw=0.047698 kl/step=0.011924 target_raw=0.0400 target/step=0.0100 kl_units=4 grad=0.1723 grad_c=0.0641 lr=0.000059 critic_lr=0.000059
[ROLLOUT] live=22.02 survive=0.13696 per_step=-0.04014 episode_projection=-20.07
[POLICY_DETAIL] samples=49152 raw_samples=49152 mb=12288 micro_mb=8192 logp_delta_abs=0.17580 old_logp=-62.93172 new_logp=-62.97486 adv_abs=0.70304 sde_steps=4
[TRAIN] mean_reward=-0.58055 mean_len=14.96 recent_eps=100 completed_eps=71312
[UPDATE_EFFECT] action_delta=0.02152405 param_rms_delta=0.00262041
[TIME] collect=3.841s update=0.264s
[DONE] timeout=0.00000 anchor_pos=0.01172 anchor_ori=0.01794 ee_body=0.85999
[TRACK_ROLLOUT] anchor_pos=0.72870 anchor_ori=0.41019 body_pos=0.73453 body_ori=0.23355 body_lin=0.28324 body_ang=0.03525
[ACT_SUMMARY] abs_mean=0.6451 abs_p95=0.7949 abs_p99=0.8606 abs_max=1.0745 legs=0.6453 waist=0.6454 arms=0.6449
[FRAME_DIAG] frame0_abs=0.6434 frame1_abs=0.6451 in_chunk_delta=0.8972 cross_chunk_delta=0.8987
[UPDATE] 8/1000 reward_step=-0.03995 chunk=-0.14440 done_frac=0.21556 mean_reward=-0.66360 mean_len=16.52
[SFPO] loss=0.02159 policy_loss=-0.01558 value_loss=0.03717 ratio=1.0007 [0.023,14.271] clip=0.2472 kl_raw=0.037839 kl/step=0.009460 target_raw=0.0400 target/step=0.0100 kl_units=4 grad=0.1812 grad_c=0.0675 lr=0.001000 critic_lr=0.001000
[ROLLOUT] live=22.03 survive=0.13123 per_step=-0.03934 episode_projection=-19.67
[POLICY_DETAIL] samples=49152 raw_samples=49152 mb=12288 micro_mb=8192 logp_delta_abs=0.15486 old_logp=-62.93976 new_logp=-62.97446 adv_abs=0.69149 sde_steps=4
[TRAIN] mean_reward=-0.66360 mean_len=16.52 recent_eps=100 completed_eps=81907
[UPDATE_EFFECT] action_delta=0.02121475 param_rms_delta=0.00272122
[TIME] collect=3.763s update=0.263s
[DONE] timeout=0.00000 anchor_pos=0.00964 anchor_ori=0.02087 ee_body=0.86511
[TRACK_ROLLOUT] anchor_pos=0.73018 anchor_ori=0.41468 body_pos=0.73489 body_ori=0.23316 body_lin=0.28494 body_ang=0.03527
[ACT_SUMMARY] abs_mean=0.6438 abs_p95=0.7931 abs_p99=0.8593 abs_max=1.0674 legs=0.6441 waist=0.6423 arms=0.6439
[FRAME_DIAG] frame0_abs=0.6422 frame1_abs=0.6437 in_chunk_delta=0.8923 cross_chunk_delta=0.8969
[UPDATE] 9/1000 reward_step=-0.03848 chunk=-0.13892 done_frac=0.22021 mean_reward=-0.53258 mean_len=14.44
[SFPO] loss=0.02876 policy_loss=-0.01381 value_loss=0.04257 ratio=1.0004 [0.014,55.221] clip=0.3786 kl_raw=0.066031 kl/step=0.016508 target_raw=0.0400 target/step=0.0100 kl_units=4 grad=0.1686 grad_c=0.3116 lr=0.000010 critic_lr=0.000010
[ROLLOUT] live=22.00 survive=0.12146 per_step=-0.03789 episode_projection=-18.95
[POLICY_DETAIL] samples=49152 raw_samples=49152 mb=12288 micro_mb=8192 logp_delta_abs=0.23302 old_logp=-62.90667 new_logp=-62.96777 adv_abs=0.68325 sde_steps=4
[TRAIN] mean_reward=-0.53258 mean_len=14.44 recent_eps=100 completed_eps=92731
[UPDATE_EFFECT] action_delta=0.02220930 param_rms_delta=0.00249111
[TIME] collect=3.784s update=0.282s
[DONE] timeout=0.00000 anchor_pos=0.01160 anchor_ori=0.02393 ee_body=0.87329
[TRACK_ROLLOUT] anchor_pos=0.73823 anchor_ori=0.41615 body_pos=0.74151 body_ori=0.23782 body_lin=0.28670 body_ang=0.03585
[ACT_SUMMARY] abs_mean=0.6409 abs_p95=0.7904 abs_p99=0.8574 abs_max=1.0771 legs=0.6407 waist=0.6421 arms=0.6409
[FRAME_DIAG] frame0_abs=0.6392 frame1_abs=0.6413 in_chunk_delta=0.8862 cross_chunk_delta=0.8916
[UPDATE] 10/1000 reward_step=-0.03765 chunk=-0.13585 done_frac=0.22064 mean_reward=-0.58145 mean_len=15.20
[SFPO] loss=0.02221 policy_loss=-0.01084 value_loss=0.03305 ratio=1.0011 [0.038,17.814] clip=0.1840 kl_raw=0.028912 kl/step=0.007228 target_raw=0.0400 target/step=0.0100 kl_units=4 grad=0.2053 grad_c=0.1191 lr=0.000256 critic_lr=0.000256
[ROLLOUT] live=21.99 survive=0.12073 per_step=-0.03709 episode_projection=-18.55
[POLICY_DETAIL] samples=49152 raw_samples=49152 mb=12288 micro_mb=8192 logp_delta_abs=0.11888 old_logp=-62.94794 new_logp=-62.97392 adv_abs=0.68762 sde_steps=4
[TRAIN] mean_reward=-0.58145 mean_len=15.20 recent_eps=100 completed_eps=103576
[UPDATE_EFFECT] action_delta=0.02187562 param_rms_delta=0.00221553
[TIME] collect=3.858s update=0.269s
[DONE] timeout=0.00000 anchor_pos=0.01160 anchor_ori=0.02698 ee_body=0.87476
[TRACK_ROLLOUT] anchor_pos=0.74079 anchor_ori=0.41448 body_pos=0.74203 body_ori=0.23652 body_lin=0.28547 body_ang=0.03567
[ACT_SUMMARY] abs_mean=0.6389 abs_p95=0.7876 abs_p99=0.8539 abs_max=1.0519 legs=0.6384 waist=0.6396 arms=0.6393
[FRAME_DIAG] frame0_abs=0.6374 frame1_abs=0.6387 in_chunk_delta=0.8802 cross_chunk_delta=0.8871
[UPDATE] 11/1000 reward_step=-0.03652 chunk=-0.13171 done_frac=0.22323 mean_reward=-0.53651 mean_len=14.84
[SFPO] loss=0.01454 policy_loss=-0.01701 value_loss=0.03155 ratio=0.9999 [0.025,17.134] clip=0.3280 kl_raw=0.054423 kl/step=0.013606 target_raw=0.0400 target/step=0.0100 kl_units=4 grad=0.1824 grad_c=0.0993 lr=0.000034 critic_lr=0.000034
[ROLLOUT] live=21.98 survive=0.11621 per_step=-0.03597 episode_projection=-17.98
[POLICY_DETAIL] samples=49152 raw_samples=49152 mb=12288 micro_mb=8192 logp_delta_abs=0.20299 old_logp=-62.92135 new_logp=-62.97201 adv_abs=0.67473 sde_steps=4
[TRAIN] mean_reward=-0.53651 mean_len=14.84 recent_eps=100 completed_eps=114548
[UPDATE_EFFECT] action_delta=0.02096191 param_rms_delta=0.00244108
[TIME] collect=3.876s update=0.295s
[DONE] timeout=0.00000 anchor_pos=0.00903 anchor_ori=0.02283 ee_body=0.88037
[TRACK_ROLLOUT] anchor_pos=0.74330 anchor_ori=0.41549 body_pos=0.74435 body_ori=0.23802 body_lin=0.28667 body_ang=0.03654
[ACT_SUMMARY] abs_mean=0.6364 abs_p95=0.7840 abs_p99=0.8493 abs_max=1.1339 legs=0.6358 waist=0.6385 arms=0.6365
[FRAME_DIAG] frame0_abs=0.6336 frame1_abs=0.6364 in_chunk_delta=0.8737 cross_chunk_delta=0.8817
[UPDATE] 12/1000 reward_step=-0.03544 chunk=-0.12774 done_frac=0.22567 mean_reward=-0.53069 mean_len=15.24
[SFPO] loss=0.01443 policy_loss=-0.01412 value_loss=0.02855 ratio=1.0015 [0.029,17.743] clip=0.2441 kl_raw=0.039110 kl/step=0.009777 target_raw=0.0400 target/step=0.0100 kl_units=4 grad=0.2026 grad_c=0.0911 lr=0.000114 critic_lr=0.000114
[ROLLOUT] live=21.97 survive=0.11206 per_step=-0.03492 episode_projection=-17.46
[POLICY_DETAIL] samples=49152 raw_samples=49152 mb=12288 micro_mb=8192 logp_delta_abs=0.15382 old_logp=-62.92893 new_logp=-62.96411 adv_abs=0.67534 sde_steps=4
[TRAIN] mean_reward=-0.53069 mean_len=15.24 recent_eps=100 completed_eps=125640
[UPDATE_EFFECT] action_delta=0.02079456 param_rms_delta=0.00217711
[TIME] collect=3.796s update=0.266s
[DONE] timeout=0.00000 anchor_pos=0.00696 anchor_ori=0.02832 ee_body=0.88464
[TRACK_ROLLOUT] anchor_pos=0.74771 anchor_ori=0.41793 body_pos=0.74706 body_ori=0.24077 body_lin=0.28515 body_ang=0.03666
[ACT_SUMMARY] abs_mean=0.6336 abs_p95=0.7809 abs_p99=0.8474 abs_max=1.0401 legs=0.6331 waist=0.6357 arms=0.6335
[FRAME_DIAG] frame0_abs=0.6312 frame1_abs=0.6337 in_chunk_delta=0.8679 cross_chunk_delta=0.8756
[UPDATE] 13/1000 reward_step=-0.03418 chunk=-0.12296 done_frac=0.22994 mean_reward=-0.53637 mean_len=14.72
[SFPO] loss=0.00695 policy_loss=-0.01783 value_loss=0.02478 ratio=0.9999 [0.048,18.258] clip=0.2842 kl_raw=0.042177 kl/step=0.010544 target_raw=0.0400 target/step=0.0100 kl_units=4 grad=0.2003 grad_c=0.0802 lr=0.000865 critic_lr=0.000865
[ROLLOUT] live=21.93 survive=0.10046 per_step=-0.03368 episode_projection=-16.84
[POLICY_DETAIL] samples=49152 raw_samples=49152 mb=12288 micro_mb=8192 logp_delta_abs=0.17471 old_logp=-62.93213 new_logp=-62.97184 adv_abs=0.67888 sde_steps=4
[TRAIN] mean_reward=-0.53637 mean_len=14.72 recent_eps=100 completed_eps=136942
[UPDATE_EFFECT] action_delta=0.01961622 param_rms_delta=0.00246879
[TIME] collect=3.842s update=0.260s
[DONE] timeout=0.00000 anchor_pos=0.00903 anchor_ori=0.03027 ee_body=0.89514
[TRACK_ROLLOUT] anchor_pos=0.75087 anchor_ori=0.42183 body_pos=0.75015 body_ori=0.24461 body_lin=0.28465 body_ang=0.03661
[ACT_SUMMARY] abs_mean=0.6310 abs_p95=0.7774 abs_p99=0.8424 abs_max=1.0568 legs=0.6302 waist=0.6332 arms=0.6312
[FRAME_DIAG] frame0_abs=0.6285 frame1_abs=0.6302 in_chunk_delta=0.8610 cross_chunk_delta=0.8691
[UPDATE] 14/1000 reward_step=-0.03279 chunk=-0.11808 done_frac=0.23208 mean_reward=-0.45611 mean_len=14.04
[SFPO] loss=0.00937 policy_loss=-0.01363 value_loss=0.02300 ratio=1.0004 [0.004,45.103] clip=0.3964 kl_raw=0.073213 kl/step=0.018303 target_raw=0.0400 target/step=0.0100 kl_units=4 grad=0.1868 grad_c=0.1697 lr=0.000010 critic_lr=0.000010
[ROLLOUT] live=21.95 survive=0.10364 per_step=-0.03230 episode_projection=-16.15
[POLICY_DETAIL] samples=49152 raw_samples=49152 mb=12288 micro_mb=8192 logp_delta_abs=0.24531 old_logp=-62.89784 new_logp=-62.96479 adv_abs=0.66632 sde_steps=4
[TRAIN] mean_reward=-0.45611 mean_len=14.04 recent_eps=100 completed_eps=148349
[UPDATE_EFFECT] action_delta=0.02104592 param_rms_delta=0.00228289
[TIME] collect=3.789s update=0.264s
[DONE] timeout=0.00000 anchor_pos=0.00879 anchor_ori=0.03235 ee_body=0.89282
[TRACK_ROLLOUT] anchor_pos=0.75833 anchor_ori=0.42690 body_pos=0.75560 body_ori=0.24805 body_lin=0.28586 body_ang=0.03723
[ACT_SUMMARY] abs_mean=0.6279 abs_p95=0.7737 abs_p99=0.8389 abs_max=1.0473 legs=0.6274 waist=0.6301 arms=0.6278
[FRAME_DIAG] frame0_abs=0.6245 frame1_abs=0.6276 in_chunk_delta=0.8539 cross_chunk_delta=0.8635
[UPDATE] 15/1000 reward_step=-0.03201 chunk=-0.11521 done_frac=0.23588 mean_reward=-0.44275 mean_len=14.32
[SFPO] loss=0.01026 policy_loss=-0.01204 value_loss=0.02231 ratio=1.0009 [0.031,15.810] clip=0.1893 kl_raw=0.027285 kl/step=0.006821 target_raw=0.0400 target/step=0.0100 kl_units=4 grad=0.2328 grad_c=0.1228 lr=0.000577 critic_lr=0.000577
[ROLLOUT] live=21.94 survive=0.09570 per_step=-0.03155 episode_projection=-15.77
[POLICY_DETAIL] samples=49152 raw_samples=49152 mb=12288 micro_mb=8192 logp_delta_abs=0.12044 old_logp=-62.94396 new_logp=-62.96885 adv_abs=0.66394 sde_steps=4
[TRAIN] mean_reward=-0.44275 mean_len=14.32 recent_eps=100 completed_eps=159943
[UPDATE_EFFECT] action_delta=0.02042232 param_rms_delta=0.00189817
[TIME] collect=3.728s update=0.260s
[DONE] timeout=0.00000 anchor_pos=0.00696 anchor_ori=0.03186 ee_body=0.90125
[TRACK_ROLLOUT] anchor_pos=0.76027 anchor_ori=0.42664 body_pos=0.75738 body_ori=0.24996 body_lin=0.28502 body_ang=0.03770
[ACT_SUMMARY] abs_mean=0.6259 abs_p95=0.7712 abs_p99=0.8353 abs_max=1.0561 legs=0.6251 waist=0.6285 arms=0.6260
[FRAME_DIAG] frame0_abs=0.6232 frame1_abs=0.6245 in_chunk_delta=0.8486 cross_chunk_delta=0.8587
[UPDATE] 16/1000 reward_step=-0.03060 chunk=-0.10994 done_frac=0.23830 mean_reward=-0.45628 mean_len=14.88
[SFPO] loss=0.00339 policy_loss=-0.01599 value_loss=0.01938 ratio=0.9998 [0.012,92.683] clip=0.3756 kl_raw=0.063935 kl/step=0.015984 target_raw=0.0400 target/step=0.0100 kl_units=4 grad=0.2010 grad_c=0.0628 lr=0.000010 critic_lr=0.000010
[ROLLOUT] live=21.91 survive=0.09241 per_step=-0.03014 episode_projection=-15.07
[POLICY_DETAIL] samples=49152 raw_samples=49152 mb=12288 micro_mb=8192 logp_delta_abs=0.22945 old_logp=-62.89792 new_logp=-62.95755 adv_abs=0.66842 sde_steps=4
[TRAIN] mean_reward=-0.45628 mean_len=14.88 recent_eps=100 completed_eps=171656
[UPDATE_EFFECT] action_delta=0.01958765 param_rms_delta=0.00214811
[TIME] collect=3.720s update=0.262s
[DONE] timeout=0.00000 anchor_pos=0.00537 anchor_ori=0.03711 ee_body=0.90417
[TRACK_ROLLOUT] anchor_pos=0.76414 anchor_ori=0.42725 body_pos=0.76058 body_ori=0.25329 body_lin=0.28765 body_ang=0.03841
[ACT_SUMMARY] abs_mean=0.6231 abs_p95=0.7683 abs_p99=0.8332 abs_max=1.0316 legs=0.6221 waist=0.6265 arms=0.6231
[FRAME_DIAG] frame0_abs=0.6197 frame1_abs=0.6217 in_chunk_delta=0.8411 cross_chunk_delta=0.8529
[UPDATE] 17/1000 reward_step=-0.02916 chunk=-0.10509 done_frac=0.23722 mean_reward=-0.42185 mean_len=14.72
[SFPO] loss=0.00600 policy_loss=-0.01218 value_loss=0.01817 ratio=1.0012 [0.019,16.804] clip=0.1994 kl_raw=0.030079 kl/step=0.007520 target_raw=0.0400 target/step=0.0100 kl_units=4 grad=0.2456 grad_c=0.0613 lr=0.000256 critic_lr=0.000256
[ROLLOUT] live=21.98 survive=0.09631 per_step=-0.02872 episode_projection=-14.36
[POLICY_DETAIL] samples=49152 raw_samples=49152 mb=12288 micro_mb=8192 logp_delta_abs=0.12664 old_logp=-62.93400 new_logp=-62.96112 adv_abs=0.67029 sde_steps=4
[TRAIN] mean_reward=-0.42185 mean_len=14.72 recent_eps=100 completed_eps=183316
[UPDATE_EFFECT] action_delta=0.02091896 param_rms_delta=0.00181591
[TIME] collect=3.684s update=0.263s
[DONE] timeout=0.00000 anchor_pos=0.00586 anchor_ori=0.03418 ee_body=0.90051
[TRACK_ROLLOUT] anchor_pos=0.77037 anchor_ori=0.42851 body_pos=0.76466 body_ori=0.25574 body_lin=0.28772 body_ang=0.03881
[ACT_SUMMARY] abs_mean=0.6203 abs_p95=0.7647 abs_p99=0.8292 abs_max=1.0388 legs=0.6197 waist=0.6234 arms=0.6202
[FRAME_DIAG] frame0_abs=0.6168 frame1_abs=0.6185 in_chunk_delta=0.8330 cross_chunk_delta=0.8466
[UPDATE] 18/1000 reward_step=-0.02820 chunk=-0.10124 done_frac=0.24251 mean_reward=-0.35794 mean_len=12.80
[SFPO] loss=-0.00209 policy_loss=-0.01936 value_loss=0.01726 ratio=0.9995 [0.018,18.256] clip=0.3351 kl_raw=0.052302 kl/step=0.013075 target_raw=0.0400 target/step=0.0100 kl_units=4 grad=0.2216 grad_c=0.0685 lr=0.000171 critic_lr=0.000171
[ROLLOUT] live=21.89 survive=0.08740 per_step=-0.02778 episode_projection=-13.89
[POLICY_DETAIL] samples=49152 raw_samples=49152 mb=12288 micro_mb=8192 logp_delta_abs=0.20369 old_logp=-62.93767 new_logp=-62.98695 adv_abs=0.66932 sde_steps=4
[TRAIN] mean_reward=-0.35794 mean_len=12.80 recent_eps=100 completed_eps=195236
[UPDATE_EFFECT] action_delta=0.01903274 param_rms_delta=0.00209883
[TIME] collect=3.699s update=0.261s
[DONE] timeout=0.00000 anchor_pos=0.00757 anchor_ori=0.04199 ee_body=0.90991
[TRACK_ROLLOUT] anchor_pos=0.77132 anchor_ori=0.42770 body_pos=0.76631 body_ori=0.25739 body_lin=0.28435 body_ang=0.03919
[ACT_SUMMARY] abs_mean=0.6182 abs_p95=0.7625 abs_p99=0.8286 abs_max=1.0322 legs=0.6171 waist=0.6227 arms=0.6182
[FRAME_DIAG] frame0_abs=0.6146 frame1_abs=0.6154 in_chunk_delta=0.8256 cross_chunk_delta=0.8413
[UPDATE] 19/1000 reward_step=-0.02680 chunk=-0.09631 done_frac=0.24320 mean_reward=-0.39105 mean_len=13.96
[SFPO] loss=-0.00201 policy_loss=-0.01810 value_loss=0.01610 ratio=1.0001 [0.015,44.855] clip=0.3249 kl_raw=0.051254 kl/step=0.012814 target_raw=0.0400 target/step=0.0100 kl_units=4 grad=0.2267 grad_c=0.0649 lr=0.000114 critic_lr=0.000114
[ROLLOUT] live=21.91 survive=0.08643 per_step=-0.02640 episode_projection=-13.20
[POLICY_DETAIL] samples=49152 raw_samples=49152 mb=12288 micro_mb=8192 logp_delta_abs=0.19863 old_logp=-62.93249 new_logp=-62.98034 adv_abs=0.66128 sde_steps=4
[TRAIN] mean_reward=-0.39105 mean_len=13.96 recent_eps=100 completed_eps=207190
[UPDATE_EFFECT] action_delta=0.01824232 param_rms_delta=0.00183740
[TIME] collect=3.805s update=0.261s
[DONE] timeout=0.00000 anchor_pos=0.00708 anchor_ori=0.03857 ee_body=0.90894
[TRACK_ROLLOUT] anchor_pos=0.77533 anchor_ori=0.42991 body_pos=0.76933 body_ori=0.26032 body_lin=0.28808 body_ang=0.03994
[ACT_SUMMARY] abs_mean=0.6153 abs_p95=0.7593 abs_p99=0.8243 abs_max=1.0633 legs=0.6142 waist=0.6207 arms=0.6152
[FRAME_DIAG] frame0_abs=0.6112 frame1_abs=0.6128 in_chunk_delta=0.8180 cross_chunk_delta=0.8353
[UPDATE] 20/1000 reward_step=-0.02573 chunk=-0.09238 done_frac=0.24762 mean_reward=-0.41206 mean_len=14.72
[SFPO] loss=-0.00144 policy_loss=-0.01674 value_loss=0.01530 ratio=1.0002 [0.013,23.679] clip=0.3251 kl_raw=0.054942 kl/step=0.013735 target_raw=0.0400 target/step=0.0100 kl_units=4 grad=0.2317 grad_c=0.0559 lr=0.000015 critic_lr=0.000015
[ROLLOUT] live=21.90 survive=0.08362 per_step=-0.02535 episode_projection=-12.68
[POLICY_DETAIL] samples=49152 raw_samples=49152 mb=12288 micro_mb=8192 logp_delta_abs=0.20103 old_logp=-62.92692 new_logp=-62.97778 adv_abs=0.65729 sde_steps=4
[TRAIN] mean_reward=-0.41206 mean_len=14.72 recent_eps=100 completed_eps=219361
[UPDATE_EFFECT] action_delta=0.02001550 param_rms_delta=0.00172802
[TIME] collect=3.780s update=0.261s
[DONE] timeout=0.00000 anchor_pos=0.00562 anchor_ori=0.03796 ee_body=0.91333
[TRACK_ROLLOUT] anchor_pos=0.78045 anchor_ori=0.43125 body_pos=0.77186 body_ori=0.26409 body_lin=0.28778 body_ang=0.04023
[ACT_SUMMARY] abs_mean=0.6129 abs_p95=0.7569 abs_p99=0.8198 abs_max=1.0002 legs=0.6120 waist=0.6186 arms=0.6125
[FRAME_DIAG] frame0_abs=0.6082 frame1_abs=0.6097 in_chunk_delta=0.8111 cross_chunk_delta=0.8307
[UPDATE] 21/1000 reward_step=-0.02443 chunk=-0.08767 done_frac=0.25081 mean_reward=-0.29323 mean_len=12.56
[SFPO] loss=0.00029 policy_loss=-0.01472 value_loss=0.01501 ratio=1.0012 [0.024,14.902] clip=0.2070 kl_raw=0.027211 kl/step=0.006803 target_raw=0.0400 target/step=0.0100 kl_units=4 grad=0.2675 grad_c=0.0677 lr=0.000384 critic_lr=0.000384
[ROLLOUT] live=21.89 survive=0.08276 per_step=-0.02407 episode_projection=-12.03
[POLICY_DETAIL] samples=49152 raw_samples=49152 mb=12288 micro_mb=8192 logp_delta_abs=0.12891 old_logp=-62.91959 new_logp=-62.94434 adv_abs=0.65568 sde_steps=4
[TRAIN] mean_reward=-0.29323 mean_len=12.56 recent_eps=100 completed_eps=231689
[UPDATE_EFFECT] action_delta=0.01770241 param_rms_delta=0.00148708
[TIME] collect=3.671s update=0.282s
[DONE] timeout=0.00000 anchor_pos=0.00671 anchor_ori=0.04480 ee_body=0.91296
[TRACK_ROLLOUT] anchor_pos=0.78321 anchor_ori=0.43330 body_pos=0.77557 body_ori=0.26684 body_lin=0.28880 body_ang=0.04124
[ACT_SUMMARY] abs_mean=0.6107 abs_p95=0.7538 abs_p99=0.8187 abs_max=1.0338 legs=0.6094 waist=0.6179 arms=0.6102
[FRAME_DIAG] frame0_abs=0.6058 frame1_abs=0.6069 in_chunk_delta=0.8034 cross_chunk_delta=0.8251
[UPDATE] 22/1000 reward_step=-0.02312 chunk=-0.08311 done_frac=0.25460 mean_reward=-0.31928 mean_len=13.16
[SFPO] loss=-0.00548 policy_loss=-0.01813 value_loss=0.01266 ratio=0.9985 [0.011,33.255] clip=0.3643 kl_raw=0.058533 kl/step=0.014633 target_raw=0.0400 target/step=0.0100 kl_units=4 grad=0.2401 grad_c=0.0908 lr=0.000034 critic_lr=0.000034
[ROLLOUT] live=21.93 survive=0.07617 per_step=-0.02277 episode_projection=-11.39
[POLICY_DETAIL] samples=49152 raw_samples=49152 mb=12288 micro_mb=8192 logp_delta_abs=0.22037 old_logp=-62.92746 new_logp=-62.98337 adv_abs=0.66655 sde_steps=4
[TRAIN] mean_reward=-0.31928 mean_len=13.16 recent_eps=100 completed_eps=244203
[UPDATE_EFFECT] action_delta=0.01892072 param_rms_delta=0.00182825
[TIME] collect=3.741s update=0.260s
[DONE] timeout=0.00000 anchor_pos=0.00598 anchor_ori=0.04321 ee_body=0.91956
[TRACK_ROLLOUT] anchor_pos=0.78907 anchor_ori=0.43679 body_pos=0.78187 body_ori=0.27374 body_lin=0.28962 body_ang=0.04173
[ACT_SUMMARY] abs_mean=0.6086 abs_p95=0.7519 abs_p99=0.8171 abs_max=1.0305 legs=0.6070 waist=0.6171 arms=0.6082
[FRAME_DIAG] frame0_abs=0.6035 frame1_abs=0.6044 in_chunk_delta=0.7963 cross_chunk_delta=0.8204
[UPDATE] 23/1000 reward_step=-0.02172 chunk=-0.07803 done_frac=0.25657 mean_reward=-0.28926 mean_len=12.64
[SFPO] loss=-0.00362 policy_loss=-0.01564 value_loss=0.01202 ratio=1.0002 [0.020,26.485] clip=0.2767 kl_raw=0.044491 kl/step=0.011123 target_raw=0.0400 target/step=0.0100 kl_units=4 grad=0.2679 grad_c=0.0653 lr=0.000051 critic_lr=0.000051
[ROLLOUT] live=21.91 survive=0.07397 per_step=-0.02139 episode_projection=-10.70
[POLICY_DETAIL] samples=49152 raw_samples=49152 mb=12288 micro_mb=8192 logp_delta_abs=0.17228 old_logp=-62.94033 new_logp=-62.98173 adv_abs=0.66233 sde_steps=4
[TRAIN] mean_reward=-0.28926 mean_len=12.64 recent_eps=100 completed_eps=256814
[UPDATE_EFFECT] action_delta=0.01887662 param_rms_delta=0.00162537
[TIME] collect=3.731s update=0.267s
[DONE] timeout=0.00000 anchor_pos=0.00354 anchor_ori=0.04480 ee_body=0.92285
[TRACK_ROLLOUT] anchor_pos=0.79405 anchor_ori=0.43563 body_pos=0.78451 body_ori=0.27614 body_lin=0.29023 body_ang=0.04213
[ACT_SUMMARY] abs_mean=0.6059 abs_p95=0.7487 abs_p99=0.8118 abs_max=1.0414 legs=0.6036 waist=0.6174 arms=0.6053
[FRAME_DIAG] frame0_abs=0.5996 frame1_abs=0.6016 in_chunk_delta=0.7880 cross_chunk_delta=0.8128
[UPDATE] 24/1000 reward_step=-0.02050 chunk=-0.07361 done_frac=0.26147 mean_reward=-0.26162 mean_len=12.48
[SFPO] loss=-0.00585 policy_loss=-0.01712 value_loss=0.01127 ratio=0.9997 [0.021,17.329] clip=0.2926 kl_raw=0.046051 kl/step=0.011513 target_raw=0.0400 target/step=0.0100 kl_units=4 grad=0.2690 grad_c=0.0706 lr=0.000051 critic_lr=0.000051
[ROLLOUT] live=21.91 survive=0.06641 per_step=-0.02019 episode_projection=-10.09
[POLICY_DETAIL] samples=49152 raw_samples=49152 mb=12288 micro_mb=8192 logp_delta_abs=0.17993 old_logp=-62.92601 new_logp=-62.96915 adv_abs=0.66263 sde_steps=4
[TRAIN] mean_reward=-0.26162 mean_len=12.48 recent_eps=100 completed_eps=269666
[UPDATE_EFFECT] action_delta=0.01933678 param_rms_delta=0.00162237
[TIME] collect=3.726s update=0.260s
[DONE] timeout=0.00000 anchor_pos=0.00391 anchor_ori=0.04797 ee_body=0.93042
[TRACK_ROLLOUT] anchor_pos=0.79567 anchor_ori=0.43761 body_pos=0.78627 body_ori=0.28008 body_lin=0.29038 body_ang=0.04299
[ACT_SUMMARY] abs_mean=0.6033 abs_p95=0.7457 abs_p99=0.8087 abs_max=1.0287 legs=0.6012 waist=0.6144 arms=0.6028
[FRAME_DIAG] frame0_abs=0.5972 frame1_abs=0.5986 in_chunk_delta=0.7804 cross_chunk_delta=0.8075
[UPDATE] 25/1000 reward_step=-0.01915 chunk=-0.06864 done_frac=0.26251 mean_reward=-0.25132 mean_len=12.88
[SFPO] loss=-0.00623 policy_loss=-0.01734 value_loss=0.01111 ratio=1.0005 [0.027,20.650] clip=0.2940 kl_raw=0.047044 kl/step=0.011761 target_raw=0.0400 target/step=0.0100 kl_units=4 grad=0.2692 grad_c=0.0784 lr=0.000034 critic_lr=0.000034
[ROLLOUT] live=21.88 survive=0.06970 per_step=-0.01884 episode_projection=-9.42
[POLICY_DETAIL] samples=49152 raw_samples=49152 mb=12288 micro_mb=8192 logp_delta_abs=0.18127 old_logp=-62.91963 new_logp=-62.96294 adv_abs=0.65210 sde_steps=4
[TRAIN] mean_reward=-0.25132 mean_len=12.88 recent_eps=100 completed_eps=282569
[UPDATE_EFFECT] action_delta=0.01830714 param_rms_delta=0.00154583
[TIME] collect=3.632s update=0.261s
[DONE] timeout=0.00000 anchor_pos=0.00403 anchor_ori=0.05298 ee_body=0.92725
[TRACK_ROLLOUT] anchor_pos=0.80097 anchor_ori=0.43960 body_pos=0.78924 body_ori=0.28348 body_lin=0.29279 body_ang=0.04412
[ACT_SUMMARY] abs_mean=0.6008 abs_p95=0.7422 abs_p99=0.8064 abs_max=1.0200 legs=0.5987 waist=0.6122 arms=0.6002
[FRAME_DIAG] frame0_abs=0.5942 frame1_abs=0.5961 in_chunk_delta=0.7723 cross_chunk_delta=0.8020
[UPDATE] 26/1000 reward_step=-0.01793 chunk=-0.06429 done_frac=0.26512 mean_reward=-0.24887 mean_len=11.88
[SFPO] loss=-0.00551 policy_loss=-0.01580 value_loss=0.01029 ratio=1.0005 [0.016,41.553] clip=0.2851 kl_raw=0.047089 kl/step=0.011772 target_raw=0.0400 target/step=0.0100 kl_units=4 grad=0.2854 grad_c=0.0827 lr=0.000034 critic_lr=0.000034
[ROLLOUT] live=21.88 survive=0.06384 per_step=-0.01765 episode_projection=-8.83
[POLICY_DETAIL] samples=49152 raw_samples=49152 mb=12288 micro_mb=8192 logp_delta_abs=0.17754 old_logp=-62.91142 new_logp=-62.95487 adv_abs=0.65765 sde_steps=4
[TRAIN] mean_reward=-0.24887 mean_len=11.88 recent_eps=100 completed_eps=295600
[UPDATE_EFFECT] action_delta=0.01942739 param_rms_delta=0.00152559
[TIME] collect=3.652s update=0.268s
[DONE] timeout=0.00000 anchor_pos=0.00415 anchor_ori=0.05054 ee_body=0.93311
[TRACK_ROLLOUT] anchor_pos=0.80279 anchor_ori=0.43794 body_pos=0.79187 body_ori=0.28664 body_lin=0.29180 body_ang=0.04489
[ACT_SUMMARY] abs_mean=0.5986 abs_p95=0.7395 abs_p99=0.8034 abs_max=1.0213 legs=0.5959 waist=0.6123 arms=0.5980
[FRAME_DIAG] frame0_abs=0.5911 frame1_abs=0.5938 in_chunk_delta=0.7642 cross_chunk_delta=0.7955
[UPDATE] 27/1000 reward_step=-0.01650 chunk=-0.05916 done_frac=0.26951 mean_reward=-0.22290 mean_len=12.48
[SFPO] loss=-0.00564 policy_loss=-0.01560 value_loss=0.00996 ratio=1.0013 [0.019,86.316] clip=0.2869 kl_raw=0.047412 kl/step=0.011853 target_raw=0.0400 target/step=0.0100 kl_units=4 grad=0.2881 grad_c=0.0589 lr=0.000023 critic_lr=0.000023
[ROLLOUT] live=21.89 survive=0.06042 per_step=-0.01624 episode_projection=-8.12
[POLICY_DETAIL] samples=49152 raw_samples=49152 mb=12288 micro_mb=8192 logp_delta_abs=0.17817 old_logp=-62.90979 new_logp=-62.95295 adv_abs=0.64956 sde_steps=4
[TRAIN] mean_reward=-0.22290 mean_len=12.48 recent_eps=100 completed_eps=308847
[UPDATE_EFFECT] action_delta=0.01853756 param_rms_delta=0.00142639
[TIME] collect=3.688s update=0.259s
[DONE] timeout=0.00000 anchor_pos=0.00464 anchor_ori=0.04688 ee_body=0.93555
[TRACK_ROLLOUT] anchor_pos=0.80745 anchor_ori=0.44372 body_pos=0.79550 body_ori=0.29394 body_lin=0.29175 body_ang=0.04572
[ACT_SUMMARY] abs_mean=0.5956 abs_p95=0.7363 abs_p99=0.8005 abs_max=0.9885 legs=0.5919 waist=0.6093 arms=0.5959
[FRAME_DIAG] frame0_abs=0.5876 frame1_abs=0.5908 in_chunk_delta=0.7551 cross_chunk_delta=0.7882
[UPDATE] 28/1000 reward_step=-0.01538 chunk=-0.05511 done_frac=0.27283 mean_reward=-0.19004 mean_len=11.88
[SFPO] loss=-0.00727 policy_loss=-0.01614 value_loss=0.00888 ratio=0.9992 [0.031,16.701] clip=0.2498 kl_raw=0.035443 kl/step=0.008861 target_raw=0.0400 target/step=0.0100 kl_units=4 grad=0.3073 grad_c=0.0757 lr=0.000384 critic_lr=0.000384
[ROLLOUT] live=21.88 survive=0.05457 per_step=-0.01513 episode_projection=-7.56
[POLICY_DETAIL] samples=49152 raw_samples=49152 mb=12288 micro_mb=8192 logp_delta_abs=0.15361 old_logp=-62.92487 new_logp=-62.95902 adv_abs=0.65421 sde_steps=4
[TRAIN] mean_reward=-0.19004 mean_len=11.88 recent_eps=100 completed_eps=322257
[UPDATE_EFFECT] action_delta=0.01679993 param_rms_delta=0.00143867
[TIME] collect=3.754s update=0.284s
[DONE] timeout=0.00000 anchor_pos=0.00281 anchor_ori=0.05420 ee_body=0.94165
[TRACK_ROLLOUT] anchor_pos=0.80886 anchor_ori=0.44348 body_pos=0.79788 body_ori=0.29666 body_lin=0.29307 body_ang=0.04646
[ACT_SUMMARY] abs_mean=0.5936 abs_p95=0.7349 abs_p99=0.7977 abs_max=1.0122 legs=0.5897 waist=0.6108 arms=0.5931
[FRAME_DIAG] frame0_abs=0.5854 frame1_abs=0.5890 in_chunk_delta=0.7474 cross_chunk_delta=0.7839
[UPDATE] 29/1000 reward_step=-0.01399 chunk=-0.05008 done_frac=0.27409 mean_reward=-0.19203 mean_len=11.64
[SFPO] loss=-0.00846 policy_loss=-0.01635 value_loss=0.00790 ratio=1.0005 [0.006,36.193] clip=0.3890 kl_raw=0.066231 kl/step=0.016558 target_raw=0.0400 target/step=0.0100 kl_units=4 grad=0.2844 grad_c=0.0569 lr=0.000010 critic_lr=0.000010
[ROLLOUT] live=21.87 survive=0.05945 per_step=-0.01378 episode_projection=-6.89
[POLICY_DETAIL] samples=49152 raw_samples=49152 mb=12288 micro_mb=8192 logp_delta_abs=0.23611 old_logp=-62.91530 new_logp=-62.97630 adv_abs=0.65829 sde_steps=4
[TRAIN] mean_reward=-0.19203 mean_len=11.64 recent_eps=100 completed_eps=335729
[UPDATE_EFFECT] action_delta=0.01801383 param_rms_delta=0.00144994
[TIME] collect=3.740s update=0.262s
[DONE] timeout=0.00000 anchor_pos=0.00293 anchor_ori=0.04590 ee_body=0.93811
[TRACK_ROLLOUT] anchor_pos=0.81359 anchor_ori=0.44764 body_pos=0.80216 body_ori=0.30138 body_lin=0.29237 body_ang=0.04728
[ACT_SUMMARY] abs_mean=0.5909 abs_p95=0.7314 abs_p99=0.7935 abs_max=1.0302 legs=0.5867 waist=0.6106 arms=0.5903
[FRAME_DIAG] frame0_abs=0.5820 frame1_abs=0.5857 in_chunk_delta=0.7386 cross_chunk_delta=0.7780
[UPDATE] 30/1000 reward_step=-0.01281 chunk=-0.04589 done_frac=0.27608 mean_reward=-0.15758 mean_len=11.64
[SFPO] loss=-0.00601 policy_loss=-0.01359 value_loss=0.00757 ratio=1.0002 [0.038,15.000] clip=0.2310 kl_raw=0.034798 kl/step=0.008700 target_raw=0.0400 target/step=0.0100 kl_units=4 grad=0.3341 grad_c=0.0673 lr=0.000076 critic_lr=0.000076
[ROLLOUT] live=21.89 survive=0.05579 per_step=-0.01261 episode_projection=-6.30
[POLICY_DETAIL] samples=49152 raw_samples=49152 mb=12288 micro_mb=8192 logp_delta_abs=0.14415 old_logp=-62.90859 new_logp=-62.94095 adv_abs=0.65915 sde_steps=4
[TRAIN] mean_reward=-0.15758 mean_len=11.64 recent_eps=100 completed_eps=349299
[UPDATE_EFFECT] action_delta=0.01766776 param_rms_delta=0.00129189
[TIME] collect=3.648s update=0.263s
[DONE] timeout=0.00000 anchor_pos=0.00354 anchor_ori=0.04688 ee_body=0.94067
[TRACK_ROLLOUT] anchor_pos=0.81500 anchor_ori=0.44614 body_pos=0.80215 body_ori=0.30269 body_lin=0.29542 body_ang=0.04872
[ACT_SUMMARY] abs_mean=0.5884 abs_p95=0.7278 abs_p99=0.7901 abs_max=0.9930 legs=0.5837 waist=0.6096 arms=0.5879
[FRAME_DIAG] frame0_abs=0.5787 frame1_abs=0.5832 in_chunk_delta=0.7308 cross_chunk_delta=0.7712
[UPDATE] 31/1000 reward_step=-0.01175 chunk=-0.04205 done_frac=0.28023 mean_reward=-0.14903 mean_len=11.56
[SFPO] loss=-0.01016 policy_loss=-0.01757 value_loss=0.00740 ratio=0.9997 [0.011,28.510] clip=0.3327 kl_raw=0.055686 kl/step=0.013921 target_raw=0.0400 target/step=0.0100 kl_units=4 grad=0.3072 grad_c=0.0542 lr=0.000015 critic_lr=0.000015
[ROLLOUT] live=21.88 survive=0.05554 per_step=-0.01156 episode_projection=-5.78
[POLICY_DETAIL] samples=49152 raw_samples=49152 mb=12288 micro_mb=8192 logp_delta_abs=0.20428 old_logp=-62.90244 new_logp=-62.95433 adv_abs=0.65989 sde_steps=4
[TRAIN] mean_reward=-0.14903 mean_len=11.56 recent_eps=100 completed_eps=363073
[UPDATE_EFFECT] action_delta=0.01722914 param_rms_delta=0.00138388
[TIME] collect=3.682s update=0.264s
[DONE] timeout=0.00000 anchor_pos=0.00305 anchor_ori=0.04858 ee_body=0.94202
[TRACK_ROLLOUT] anchor_pos=0.81873 anchor_ori=0.44995 body_pos=0.80491 body_ori=0.30881 body_lin=0.29294 body_ang=0.04928
[ACT_SUMMARY] abs_mean=0.5860 abs_p95=0.7258 abs_p99=0.7883 abs_max=0.9904 legs=0.5806 waist=0.6090 arms=0.5856
[FRAME_DIAG] frame0_abs=0.5755 frame1_abs=0.5809 in_chunk_delta=0.7228 cross_chunk_delta=0.7662
[UPDATE] 32/1000 reward_step=-0.01032 chunk=-0.03690 done_frac=0.28566 mean_reward=-0.12165 mean_len=10.36
[SFPO] loss=-0.00844 policy_loss=-0.01497 value_loss=0.00654 ratio=1.0002 [0.017,16.288] clip=0.2478 kl_raw=0.037382 kl/step=0.009345 target_raw=0.0400 target/step=0.0100 kl_units=4 grad=0.3428 grad_c=0.0520 lr=0.000051 critic_lr=0.000051
[ROLLOUT] live=21.87 survive=0.04504 per_step=-0.01015 episode_projection=-5.08
[POLICY_DETAIL] samples=49152 raw_samples=49152 mb=12288 micro_mb=8192 logp_delta_abs=0.15331 old_logp=-62.90765 new_logp=-62.94258 adv_abs=0.66072 sde_steps=4
[TRAIN] mean_reward=-0.12165 mean_len=10.36 recent_eps=100 completed_eps=377114
[UPDATE_EFFECT] action_delta=0.01719211 param_rms_delta=0.00124041
[TIME] collect=3.704s update=0.264s
[DONE] timeout=0.00000 anchor_pos=0.00183 anchor_ori=0.04761 ee_body=0.95190
[TRACK_ROLLOUT] anchor_pos=0.82064 anchor_ori=0.45523 body_pos=0.80760 body_ori=0.31525 body_lin=0.29328 body_ang=0.05028
[ACT_SUMMARY] abs_mean=0.5834 abs_p95=0.7222 abs_p99=0.7859 abs_max=1.0135 legs=0.5777 waist=0.6066 arms=0.5833
[FRAME_DIAG] frame0_abs=0.5720 frame1_abs=0.5773 in_chunk_delta=0.7131 cross_chunk_delta=0.7602
[UPDATE] 33/1000 reward_step=-0.00906 chunk=-0.03237 done_frac=0.28467 mean_reward=-0.10948 mean_len=10.60
[SFPO] loss=-0.01282 policy_loss=-0.01868 value_loss=0.00586 ratio=0.9999 [0.023,11.774] clip=0.2894 kl_raw=0.041116 kl/step=0.010279 target_raw=0.0400 target/step=0.0100 kl_units=4 grad=0.3411 grad_c=0.0593 lr=0.000384 critic_lr=0.000384
[ROLLOUT] live=21.88 survive=0.04810 per_step=-0.00891 episode_projection=-4.45
[POLICY_DETAIL] samples=49152 raw_samples=49152 mb=12288 micro_mb=8192 logp_delta_abs=0.17501 old_logp=-62.92409 new_logp=-62.96289 adv_abs=0.67462 sde_steps=4
[TRAIN] mean_reward=-0.10948 mean_len=10.60 recent_eps=100 completed_eps=391106
[UPDATE_EFFECT] action_delta=0.01701653 param_rms_delta=0.00139124
[TIME] collect=3.756s update=0.265s
[DONE] timeout=0.00000 anchor_pos=0.00208 anchor_ori=0.05017 ee_body=0.94910
[TRACK_ROLLOUT] anchor_pos=0.82402 anchor_ori=0.45552 body_pos=0.81026 body_ori=0.31700 body_lin=0.29658 body_ang=0.05185
[ACT_SUMMARY] abs_mean=0.5809 abs_p95=0.7195 abs_p99=0.7834 abs_max=0.9914 legs=0.5749 waist=0.6067 arms=0.5806
[FRAME_DIAG] frame0_abs=0.5698 frame1_abs=0.5742 in_chunk_delta=0.7043 cross_chunk_delta=0.7541
[UPDATE] 34/1000 reward_step=-0.00780 chunk=-0.02784 done_frac=0.28737 mean_reward=-0.09633 mean_len=11.40
[SFPO] loss=-0.01041 policy_loss=-0.01612 value_loss=0.00571 ratio=1.0012 [0.002,41.845] clip=0.4101 kl_raw=0.073445 kl/step=0.018361 target_raw=0.0400 target/step=0.0100 kl_units=4 grad=0.3146 grad_c=0.1223 lr=0.000010 critic_lr=0.000010
[ROLLOUT] live=21.86 survive=0.04492 per_step=-0.00767 episode_projection=-3.84
[POLICY_DETAIL] samples=49152 raw_samples=49152 mb=12288 micro_mb=8192 logp_delta_abs=0.24963 old_logp=-62.92242 new_logp=-62.98915 adv_abs=0.66210 sde_steps=4
[TRAIN] mean_reward=-0.09633 mean_len=11.40 recent_eps=100 completed_eps=405231
[UPDATE_EFFECT] action_delta=0.01820584 param_rms_delta=0.00140782
[TIME] collect=3.758s update=0.278s
[DONE] timeout=0.00000 anchor_pos=0.00232 anchor_ori=0.04297 ee_body=0.95276
[TRACK_ROLLOUT] anchor_pos=0.82704 anchor_ori=0.45694 body_pos=0.81219 body_ori=0.32018 body_lin=0.29736 body_ang=0.05299
[ACT_SUMMARY] abs_mean=0.5786 abs_p95=0.7176 abs_p99=0.7800 abs_max=0.9819 legs=0.5717 waist=0.6067 arms=0.5785
[FRAME_DIAG] frame0_abs=0.5665 frame1_abs=0.5725 in_chunk_delta=0.6961 cross_chunk_delta=0.7481
[UPDATE] 35/1000 reward_step=-0.00675 chunk=-0.02412 done_frac=0.28727 mean_reward=-0.11384 mean_len=11.72
[SFPO] loss=-0.00916 policy_loss=-0.01494 value_loss=0.00578 ratio=1.0005 [0.027,9.932] clip=0.2171 kl_raw=0.027961 kl/step=0.006990 target_raw=0.0400 target/step=0.0100 kl_units=4 grad=0.3793 grad_c=0.0803 lr=0.000256 critic_lr=0.000256
[ROLLOUT] live=21.89 survive=0.04565 per_step=-0.00664 episode_projection=-3.32
[POLICY_DETAIL] samples=49152 raw_samples=49152 mb=12288 micro_mb=8192 logp_delta_abs=0.13388 old_logp=-62.91308 new_logp=-62.93922 adv_abs=0.65527 sde_steps=4
[TRAIN] mean_reward=-0.11384 mean_len=11.72 recent_eps=100 completed_eps=419351
[UPDATE_EFFECT] action_delta=0.01482415 param_rms_delta=0.00108424
[TIME] collect=3.728s update=0.277s
[DONE] timeout=0.00000 anchor_pos=0.00146 anchor_ori=0.04053 ee_body=0.95276
[TRACK_ROLLOUT] anchor_pos=0.82613 anchor_ori=0.45896 body_pos=0.81387 body_ori=0.32431 body_lin=0.29578 body_ang=0.05413
[ACT_SUMMARY] abs_mean=0.5762 abs_p95=0.7151 abs_p99=0.7768 abs_max=1.0155 legs=0.5689 waist=0.6045 arms=0.5765
[FRAME_DIAG] frame0_abs=0.5641 frame1_abs=0.5696 in_chunk_delta=0.6881 cross_chunk_delta=0.7425
[UPDATE] 36/1000 reward_step=-0.00584 chunk=-0.02081 done_frac=0.28805 mean_reward=-0.11331 mean_len=11.16
[SFPO] loss=-0.00898 policy_loss=-0.01473 value_loss=0.00575 ratio=0.9989 [0.002,23.451] clip=0.4011 kl_raw=0.071871 kl/step=0.017968 target_raw=0.0400 target/step=0.0100 kl_units=4 grad=0.3340 grad_c=0.1924 lr=0.000010 critic_lr=0.000010
[ROLLOUT] live=21.86 survive=0.04285 per_step=-0.00574 episode_projection=-2.87
[POLICY_DETAIL] samples=49152 raw_samples=49152 mb=12288 micro_mb=8192 logp_delta_abs=0.24453 old_logp=-62.91365 new_logp=-62.98063 adv_abs=0.66059 sde_steps=4
[TRAIN] mean_reward=-0.11331 mean_len=11.16 recent_eps=100 completed_eps=433509
[UPDATE_EFFECT] action_delta=0.01736084 param_rms_delta=0.00126583
[TIME] collect=3.637s update=0.266s
[DONE] timeout=0.00000 anchor_pos=0.00195 anchor_ori=0.04602 ee_body=0.95508
[TRACK_ROLLOUT] anchor_pos=0.82706 anchor_ori=0.45816 body_pos=0.81313 body_ori=0.32519 body_lin=0.29614 body_ang=0.05492
[ACT_SUMMARY] abs_mean=0.5736 abs_p95=0.7117 abs_p99=0.7723 abs_max=1.0152 legs=0.5656 waist=0.6046 arms=0.5737
[FRAME_DIAG] frame0_abs=0.5601 frame1_abs=0.5672 in_chunk_delta=0.6808 cross_chunk_delta=0.7357
[UPDATE] 37/1000 reward_step=-0.00439 chunk=-0.01560 done_frac=0.29051 mean_reward=-0.07773 mean_len=11.20
[SFPO] loss=-0.01004 policy_loss=-0.01496 value_loss=0.00491 ratio=0.9997 [0.039,19.638] clip=0.2224 kl_raw=0.029514 kl/step=0.007378 target_raw=0.0400 target/step=0.0100 kl_units=4 grad=0.4015 grad_c=0.0552 lr=0.000256 critic_lr=0.000256
[ROLLOUT] live=21.87 survive=0.04419 per_step=-0.00432 episode_projection=-2.16
[POLICY_DETAIL] samples=49152 raw_samples=49152 mb=12288 micro_mb=8192 logp_delta_abs=0.13690 old_logp=-62.91014 new_logp=-62.93841 adv_abs=0.66694 sde_steps=4
[TRAIN] mean_reward=-0.07773 mean_len=11.20 recent_eps=100 completed_eps=447788
[UPDATE_EFFECT] action_delta=0.01505897 param_rms_delta=0.00107524
[TIME] collect=3.659s update=0.268s
[DONE] timeout=0.00000 anchor_pos=0.00183 anchor_ori=0.04382 ee_body=0.95312
[TRACK_ROLLOUT] anchor_pos=0.83158 anchor_ori=0.46442 body_pos=0.81700 body_ori=0.33129 body_lin=0.29914 body_ang=0.05697
[ACT_SUMMARY] abs_mean=0.5709 abs_p95=0.7088 abs_p99=0.7716 abs_max=1.0104 legs=0.5623 waist=0.6026 arms=0.5715
[FRAME_DIAG] frame0_abs=0.5568 frame1_abs=0.5649 in_chunk_delta=0.6714 cross_chunk_delta=0.7288
[UPDATE] 38/1000 reward_step=-0.00336 chunk=-0.01191 done_frac=0.29061 mean_reward=-0.05905 mean_len=12.36
[SFPO] loss=-0.00977 policy_loss=-0.01451 value_loss=0.00474 ratio=0.9994 [0.010,27.282] clip=0.4150 kl_raw=0.076880 kl/step=0.019220 target_raw=0.0400 target/step=0.0100 kl_units=4 grad=0.3522 grad_c=0.0301 lr=0.000010 critic_lr=0.000010
[ROLLOUT] live=21.89 survive=0.04077 per_step=-0.00330 episode_projection=-1.65
[POLICY_DETAIL] samples=49152 raw_samples=49152 mb=12288 micro_mb=8192 logp_delta_abs=0.25422 old_logp=-62.92765 new_logp=-62.99849 adv_abs=0.65911 sde_steps=4
[TRAIN] mean_reward=-0.05905 mean_len=12.36 recent_eps=100 completed_eps=462072
[UPDATE_EFFECT] action_delta=0.01718207 param_rms_delta=0.00125551
[TIME] collect=3.746s update=0.273s
[DONE] timeout=0.00000 anchor_pos=0.00269 anchor_ori=0.04578 ee_body=0.95715
[TRACK_ROLLOUT] anchor_pos=0.83366 anchor_ori=0.46350 body_pos=0.81805 body_ori=0.33299 body_lin=0.30113 body_ang=0.05866
[ACT_SUMMARY] abs_mean=0.5691 abs_p95=0.7065 abs_p99=0.7710 abs_max=0.9819 legs=0.5596 waist=0.6032 arms=0.5700
[FRAME_DIAG] frame0_abs=0.5539 frame1_abs=0.5633 in_chunk_delta=0.6642 cross_chunk_delta=0.7237
[UPDATE] 39/1000 reward_step=-0.00215 chunk=-0.00756 done_frac=0.29277 mean_reward=-0.06230 mean_len=11.80
[SFPO] loss=-0.01073 policy_loss=-0.01507 value_loss=0.00434 ratio=0.9998 [0.034,12.042] clip=0.2290 kl_raw=0.030578 kl/step=0.007645 target_raw=0.0400 target/step=0.0100 kl_units=4 grad=0.4175 grad_c=0.0341 lr=0.000256 critic_lr=0.000256
[ROLLOUT] live=21.86 survive=0.03931 per_step=-0.00211 episode_projection=-1.05
[POLICY_DETAIL] samples=49152 raw_samples=49152 mb=12288 micro_mb=8192 logp_delta_abs=0.14003 old_logp=-62.96064 new_logp=-62.98973 adv_abs=0.66430 sde_steps=4
[TRAIN] mean_reward=-0.06230 mean_len=11.80 recent_eps=100 completed_eps=476462
[UPDATE_EFFECT] action_delta=0.01541657 param_rms_delta=0.00105846
[TIME] collect=3.705s update=0.277s
[DONE] timeout=0.00000 anchor_pos=0.00122 anchor_ori=0.04395 ee_body=0.95923
[TRACK_ROLLOUT] anchor_pos=0.83531 anchor_ori=0.46372 body_pos=0.82027 body_ori=0.33672 body_lin=0.30310 body_ang=0.05983
[ACT_SUMMARY] abs_mean=0.5667 abs_p95=0.7053 abs_p99=0.7688 abs_max=0.9936 legs=0.5565 waist=0.6026 arms=0.5677
[FRAME_DIAG] frame0_abs=0.5502 frame1_abs=0.5603 in_chunk_delta=0.6556 cross_chunk_delta=0.7166
[UPDATE] 40/1000 reward_step=-0.00128 chunk=-0.00441 done_frac=0.29427 mean_reward=-0.03250 mean_len=11.36
[SFPO] loss=-0.01395 policy_loss=-0.01801 value_loss=0.00405 ratio=0.9979 [0.011,15.058] clip=0.3886 kl_raw=0.062482 kl/step=0.015621 target_raw=0.0400 target/step=0.0100 kl_units=4 grad=0.3885 grad_c=0.0323 lr=0.000010 critic_lr=0.000010
[ROLLOUT] live=21.84 survive=0.03906 per_step=-0.00125 episode_projection=-0.62
[POLICY_DETAIL] samples=49152 raw_samples=49152 mb=12288 micro_mb=8192 logp_delta_abs=0.23171 old_logp=-62.91334 new_logp=-62.97324 adv_abs=0.67370 sde_steps=4
[TRAIN] mean_reward=-0.03250 mean_len=11.36 recent_eps=100 completed_eps=490926
[UPDATE_EFFECT] action_delta=0.01565141 param_rms_delta=0.00114778
[TIME] collect=3.685s update=0.268s
[DONE] timeout=0.00000 anchor_pos=0.00232 anchor_ori=0.04285 ee_body=0.95959
[TRACK_ROLLOUT] anchor_pos=0.83327 anchor_ori=0.46792 body_pos=0.81923 body_ori=0.33817 body_lin=0.30144 body_ang=0.06137
[ACT_SUMMARY] abs_mean=0.5637 abs_p95=0.7009 abs_p99=0.7614 abs_max=0.9456 legs=0.5531 waist=0.5990 arms=0.5652
[FRAME_DIAG] frame0_abs=0.5475 frame1_abs=0.5572 in_chunk_delta=0.6472 cross_chunk_delta=0.7114
[UPDATE] 41/1000 reward_step=-0.00016 chunk=-0.00038 done_frac=0.29600 mean_reward=-0.05302 mean_len=10.52
[SFPO] loss=-0.01145 policy_loss=-0.01531 value_loss=0.00386 ratio=0.9995 [0.050,17.488] clip=0.2396 kl_raw=0.033024 kl/step=0.008256 target_raw=0.0400 target/step=0.0100 kl_units=4 grad=0.4520 grad_c=0.0350 lr=0.000256 critic_lr=0.000256
[ROLLOUT] live=21.84 survive=0.03906 per_step=-0.00014 episode_projection=-0.07
[POLICY_DETAIL] samples=49152 raw_samples=49152 mb=12288 micro_mb=8192 logp_delta_abs=0.14696 old_logp=-62.91076 new_logp=-62.94241 adv_abs=0.67648 sde_steps=4
[TRAIN] mean_reward=-0.05302 mean_len=10.52 recent_eps=100 completed_eps=505475
[UPDATE_EFFECT] action_delta=0.01476029 param_rms_delta=0.00105614
[TIME] collect=3.693s update=0.261s
[DONE] timeout=0.00000 anchor_pos=0.00208 anchor_ori=0.04187 ee_body=0.95862
[TRACK_ROLLOUT] anchor_pos=0.83623 anchor_ori=0.47170 body_pos=0.82160 body_ori=0.34376 body_lin=0.30154 body_ang=0.06236
[ACT_SUMMARY] abs_mean=0.5612 abs_p95=0.6984 abs_p99=0.7618 abs_max=1.0129 legs=0.5493 waist=0.6005 arms=0.5630
[FRAME_DIAG] frame0_abs=0.5433 frame1_abs=0.5551 in_chunk_delta=0.6391 cross_chunk_delta=0.7053
[UPDATE] 42/1000 reward_step=0.00093 chunk=0.00352 done_frac=0.29653 mean_reward=-0.01599 mean_len=10.24
[SFPO] loss=-0.01441 policy_loss=-0.01791 value_loss=0.00351 ratio=0.9984 [0.005,14.124] clip=0.3960 kl_raw=0.064761 kl/step=0.016190 target_raw=0.0400 target/step=0.0100 kl_units=4 grad=0.4122 grad_c=0.0249 lr=0.000010 critic_lr=0.000010
[ROLLOUT] live=21.84 survive=0.03699 per_step=0.00093 episode_projection=0.46
[POLICY_DETAIL] samples=49152 raw_samples=49152 mb=12288 micro_mb=8192 logp_delta_abs=0.23647 old_logp=-62.89602 new_logp=-62.95750 adv_abs=0.68548 sde_steps=4
[TRAIN] mean_reward=-0.01599 mean_len=10.24 recent_eps=100 completed_eps=520050
[UPDATE_EFFECT] action_delta=0.01565040 param_rms_delta=0.00113196
[TIME] collect=3.586s update=0.262s
[DONE] timeout=0.00000 anchor_pos=0.00122 anchor_ori=0.03894 ee_body=0.96094
[TRACK_ROLLOUT] anchor_pos=0.83745 anchor_ori=0.47578 body_pos=0.82378 body_ori=0.34717 body_lin=0.30250 body_ang=0.06430
[ACT_SUMMARY] abs_mean=0.5584 abs_p95=0.6954 abs_p99=0.7580 abs_max=1.0920 legs=0.5464 waist=0.5982 arms=0.5601
[FRAME_DIAG] frame0_abs=0.5406 frame1_abs=0.5526 in_chunk_delta=0.6312 cross_chunk_delta=0.6986
[UPDATE] 43/1000 reward_step=0.00210 chunk=0.00769 done_frac=0.29262 mean_reward=0.00862 mean_len=12.24
[SFPO] loss=-0.01102 policy_loss=-0.01484 value_loss=0.00382 ratio=1.0003 [0.041,9.904] clip=0.2419 kl_raw=0.033632 kl/step=0.008408 target_raw=0.0400 target/step=0.0100 kl_units=4 grad=0.4635 grad_c=0.0361 lr=0.000171 critic_lr=0.000171
[ROLLOUT] live=21.86 survive=0.04236 per_step=0.00207 episode_projection=1.03
[POLICY_DETAIL] samples=49152 raw_samples=49152 mb=12288 micro_mb=8192 logp_delta_abs=0.14778 old_logp=-62.93695 new_logp=-62.96827 adv_abs=0.66527 sde_steps=4
[TRAIN] mean_reward=0.00862 mean_len=12.24 recent_eps=100 completed_eps=534433
[UPDATE_EFFECT] action_delta=0.01539451 param_rms_delta=0.00101553
[TIME] collect=3.658s update=0.261s
[DONE] timeout=0.00000 anchor_pos=0.00122 anchor_ori=0.03772 ee_body=0.95630
[TRACK_ROLLOUT] anchor_pos=0.83761 anchor_ori=0.47723 body_pos=0.82298 body_ori=0.34796 body_lin=0.30568 body_ang=0.06664
[ACT_SUMMARY] abs_mean=0.5559 abs_p95=0.6921 abs_p99=0.7552 abs_max=1.0039 legs=0.5429 waist=0.5967 arms=0.5584
[FRAME_DIAG] frame0_abs=0.5372 frame1_abs=0.5501 in_chunk_delta=0.6226 cross_chunk_delta=0.6917
[UPDATE] 44/1000 reward_step=0.00306 chunk=0.01117 done_frac=0.29433 mean_reward=0.01807 mean_len=11.48
[SFPO] loss=-0.01298 policy_loss=-0.01668 value_loss=0.00370 ratio=0.9977 [0.004,25.711] clip=0.3954 kl_raw=0.066752 kl/step=0.016688 target_raw=0.0400 target/step=0.0100 kl_units=4 grad=0.4416 grad_c=0.0296 lr=0.000010 critic_lr=0.000010
[ROLLOUT] live=21.86 survive=0.03821 per_step=0.00303 episode_projection=1.51
[POLICY_DETAIL] samples=49152 raw_samples=49152 mb=12288 micro_mb=8192 logp_delta_abs=0.23781 old_logp=-62.92157 new_logp=-62.98533 adv_abs=0.66322 sde_steps=4
[TRAIN] mean_reward=0.01807 mean_len=11.48 recent_eps=100 completed_eps=548900
[UPDATE_EFFECT] action_delta=0.01538438 param_rms_delta=0.00108480
[TIME] collect=3.621s update=0.266s
[DONE] timeout=0.00000 anchor_pos=0.00134 anchor_ori=0.03088 ee_body=0.96008
[TRACK_ROLLOUT] anchor_pos=0.84001 anchor_ori=0.47580 body_pos=0.82456 body_ori=0.35177 body_lin=0.31002 body_ang=0.06863
[ACT_SUMMARY] abs_mean=0.5541 abs_p95=0.6904 abs_p99=0.7523 abs_max=0.9331 legs=0.5405 waist=0.5957 arms=0.5569
[FRAME_DIAG] frame0_abs=0.5341 frame1_abs=0.5484 in_chunk_delta=0.6161 cross_chunk_delta=0.6871
[UPDATE] 45/1000 reward_step=0.00408 chunk=0.01482 done_frac=0.29285 mean_reward=-0.00029 mean_len=10.60
[SFPO] loss=-0.01114 policy_loss=-0.01473 value_loss=0.00360 ratio=0.9999 [0.024,14.827] clip=0.2520 kl_raw=0.035118 kl/step=0.008780 target_raw=0.0400 target/step=0.0100 kl_units=4 grad=0.5134 grad_c=0.0355 lr=0.000171 critic_lr=0.000171
[ROLLOUT] live=21.88 survive=0.03662 per_step=0.00402 episode_projection=2.01
[POLICY_DETAIL] samples=49152 raw_samples=49152 mb=12288 micro_mb=8192 logp_delta_abs=0.15399 old_logp=-62.92045 new_logp=-62.95365 adv_abs=0.67157 sde_steps=4
[TRAIN] mean_reward=-0.00029 mean_len=10.60 recent_eps=100 completed_eps=563294
[UPDATE_EFFECT] action_delta=0.01521906 param_rms_delta=0.00099825
[TIME] collect=3.572s update=0.262s
[DONE] timeout=0.00000 anchor_pos=0.00159 anchor_ori=0.03418 ee_body=0.96179
[TRACK_ROLLOUT] anchor_pos=0.83758 anchor_ori=0.47757 body_pos=0.82435 body_ori=0.35209 body_lin=0.31145 body_ang=0.07063
[ACT_SUMMARY] abs_mean=0.5513 abs_p95=0.6873 abs_p99=0.7508 abs_max=0.9499 legs=0.5367 waist=0.5936 arms=0.5547
[FRAME_DIAG] frame0_abs=0.5303 frame1_abs=0.5460 in_chunk_delta=0.6083 cross_chunk_delta=0.6798
[UPDATE] 46/1000 reward_step=0.00507 chunk=0.01837 done_frac=0.29274 mean_reward=0.02239 mean_len=10.88
[SFPO] loss=-0.01640 policy_loss=-0.01977 value_loss=0.00337 ratio=0.9970 [0.031,15.859] clip=0.3678 kl_raw=0.054875 kl/step=0.013719 target_raw=0.0400 target/step=0.0100 kl_units=4 grad=0.5115 grad_c=0.0293 lr=0.000051 critic_lr=0.000051
[ROLLOUT] live=21.85 survive=0.04285 per_step=0.00499 episode_projection=2.49
[POLICY_DETAIL] samples=49152 raw_samples=49152 mb=12288 micro_mb=8192 logp_delta_abs=0.21746 old_logp=-62.92083 new_logp=-62.97478 adv_abs=0.68048 sde_steps=4
[TRAIN] mean_reward=0.02239 mean_len=10.88 recent_eps=100 completed_eps=577683
[UPDATE_EFFECT] action_delta=0.01500823 param_rms_delta=0.00108667
[TIME] collect=3.681s update=0.265s
[DONE] timeout=0.00000 anchor_pos=0.00256 anchor_ori=0.03210 ee_body=0.95569
[TRACK_ROLLOUT] anchor_pos=0.83829 anchor_ori=0.48278 body_pos=0.82490 body_ori=0.35518 body_lin=0.31447 body_ang=0.07317
[ACT_SUMMARY] abs_mean=0.5489 abs_p95=0.6847 abs_p99=0.7456 abs_max=0.9614 legs=0.5341 waist=0.5917 arms=0.5524
[FRAME_DIAG] frame0_abs=0.5274 frame1_abs=0.5437 in_chunk_delta=0.6009 cross_chunk_delta=0.6746
[UPDATE] 47/1000 reward_step=0.00605 chunk=0.02191 done_frac=0.29468 mean_reward=0.04845 mean_len=11.24
[SFPO] loss=-0.01427 policy_loss=-0.01753 value_loss=0.00326 ratio=0.9999 [0.032,11.246] clip=0.3353 kl_raw=0.051768 kl/step=0.012942 target_raw=0.0400 target/step=0.0100 kl_units=4 grad=0.5121 grad_c=0.0264 lr=0.000010 critic_lr=0.000010
[ROLLOUT] live=21.86 survive=0.03979 per_step=0.00596 episode_projection=2.98
[POLICY_DETAIL] samples=49152 raw_samples=49152 mb=12288 micro_mb=8192 logp_delta_abs=0.20220 old_logp=-62.94292 new_logp=-62.99130 adv_abs=0.67587 sde_steps=4
[TRAIN] mean_reward=0.04845 mean_len=11.24 recent_eps=100 completed_eps=592167
[UPDATE_EFFECT] action_delta=0.01523357 param_rms_delta=0.00095227
[TIME] collect=3.726s update=0.262s
[DONE] timeout=0.00000 anchor_pos=0.00171 anchor_ori=0.03333 ee_body=0.95874
[TRACK_ROLLOUT] anchor_pos=0.84144 anchor_ori=0.48513 body_pos=0.82714 body_ori=0.35970 body_lin=0.31552 body_ang=0.07521
[ACT_SUMMARY] abs_mean=0.5471 abs_p95=0.6831 abs_p99=0.7456 abs_max=0.9654 legs=0.5310 waist=0.5919 arms=0.5513
[FRAME_DIAG] frame0_abs=0.5247 frame1_abs=0.5419 in_chunk_delta=0.5939 cross_chunk_delta=0.6684
[UPDATE] 48/1000 reward_step=0.00690 chunk=0.02495 done_frac=0.29248 mean_reward=0.03830 mean_len=11.08
[SFPO] loss=-0.01298 policy_loss=-0.01608 value_loss=0.00310 ratio=0.9994 [0.071,10.329] clip=0.2192 kl_raw=0.025003 kl/step=0.006251 target_raw=0.0400 target/step=0.0100 kl_units=4 grad=0.5760 grad_c=0.0363 lr=0.000171 critic_lr=0.000171
[ROLLOUT] live=21.87 survive=0.03528 per_step=0.00678 episode_projection=3.39
[POLICY_DETAIL] samples=49152 raw_samples=49152 mb=12288 micro_mb=8192 logp_delta_abs=0.13334 old_logp=-62.92824 new_logp=-62.95287 adv_abs=0.68936 sde_steps=4
[TRAIN] mean_reward=0.03830 mean_len=11.08 recent_eps=100 completed_eps=606543
[UPDATE_EFFECT] action_delta=0.01295574 param_rms_delta=0.00076850
[TIME] collect=3.654s update=0.261s
[DONE] timeout=0.00000 anchor_pos=0.00122 anchor_ori=0.03394 ee_body=0.96326
[TRACK_ROLLOUT] anchor_pos=0.84195 anchor_ori=0.48392 body_pos=0.82816 body_ori=0.36232 body_lin=0.31742 body_ang=0.07671
[ACT_SUMMARY] abs_mean=0.5455 abs_p95=0.6812 abs_p99=0.7435 abs_max=0.9410 legs=0.5293 waist=0.5904 arms=0.5497
[FRAME_DIAG] frame0_abs=0.5218 frame1_abs=0.5407 in_chunk_delta=0.5874 cross_chunk_delta=0.6629
[UPDATE] 49/1000 reward_step=0.00766 chunk=0.02765 done_frac=0.29215 mean_reward=0.08877 mean_len=11.64
[SFPO] loss=-0.01622 policy_loss=-0.01902 value_loss=0.00280 ratio=0.9969 [0.035,16.896] clip=0.3748 kl_raw=0.055605 kl/step=0.013901 target_raw=0.0400 target/step=0.0100 kl_units=4 grad=0.5698 grad_c=0.0298 lr=0.000076 critic_lr=0.000076
[ROLLOUT] live=21.86 survive=0.03772 per_step=0.00754 episode_projection=3.77
[POLICY_DETAIL] samples=49152 raw_samples=49152 mb=12288 micro_mb=8192 logp_delta_abs=0.22045 old_logp=-62.92968 new_logp=-62.98459 adv_abs=0.70692 sde_steps=4
[TRAIN] mean_reward=0.08877 mean_len=11.64 recent_eps=100 completed_eps=620903
[UPDATE_EFFECT] action_delta=0.01419283 param_rms_delta=0.00095757
[TIME] collect=3.631s update=0.270s
[DONE] timeout=0.00000 anchor_pos=0.00171 anchor_ori=0.03162 ee_body=0.96143
[TRACK_ROLLOUT] anchor_pos=0.84088 anchor_ori=0.48821 body_pos=0.82853 body_ori=0.36600 body_lin=0.31806 body_ang=0.07916
[ACT_SUMMARY] abs_mean=0.5435 abs_p95=0.6788 abs_p99=0.7393 abs_max=0.9565 legs=0.5267 waist=0.5887 arms=0.5483
[FRAME_DIAG] frame0_abs=0.5202 frame1_abs=0.5384 in_chunk_delta=0.5820 cross_chunk_delta=0.6585
[UPDATE] 50/1000 reward_step=0.00853 chunk=0.03080 done_frac=0.29193 mean_reward=0.05604 mean_len=11.52
[SFPO] loss=-0.01426 policy_loss=-0.01728 value_loss=0.00303 ratio=0.9982 [0.038,14.677] clip=0.3557 kl_raw=0.055622 kl/step=0.013906 target_raw=0.0400 target/step=0.0100 kl_units=4 grad=0.5607 grad_c=0.0321 lr=0.000010 critic_lr=0.000010
[ROLLOUT] live=21.88 survive=0.03613 per_step=0.00839 episode_projection=4.19
[POLICY_DETAIL] samples=49152 raw_samples=49152 mb=12288 micro_mb=8192 logp_delta_abs=0.21304 old_logp=-62.90067 new_logp=-62.95400 adv_abs=0.68309 sde_steps=4
[TRAIN] mean_reward=0.05604 mean_len=11.52 recent_eps=100 completed_eps=635252
[UPDATE_EFFECT] action_delta=0.01455166 param_rms_delta=0.00094609
[TIME] collect=3.572s update=0.274s
[DONE] timeout=0.00000 anchor_pos=0.00110 anchor_ori=0.02991 ee_body=0.96265
[TRACK_ROLLOUT] anchor_pos=0.84038 anchor_ori=0.49187 body_pos=0.82826 body_ori=0.36802 body_lin=0.31920 body_ang=0.08096
[ACT_SUMMARY] abs_mean=0.5416 abs_p95=0.6773 abs_p99=0.7384 abs_max=0.9008 legs=0.5235 waist=0.5875 arms=0.5472
[FRAME_DIAG] frame0_abs=0.5171 frame1_abs=0.5371 in_chunk_delta=0.5749 cross_chunk_delta=0.6525
[UPDATE] 51/1000 reward_step=0.00924 chunk=0.03336 done_frac=0.29051 mean_reward=0.06725 mean_len=10.44
[SFPO] loss=-0.01268 policy_loss=-0.01582 value_loss=0.00313 ratio=0.9998 [0.065,8.024] clip=0.2217 kl_raw=0.025458 kl/step=0.006365 target_raw=0.0400 target/step=0.0100 kl_units=4 grad=0.6125 grad_c=0.0469 lr=0.000171 critic_lr=0.000171
[ROLLOUT] live=21.88 survive=0.04053 per_step=0.00909 episode_projection=4.55
[POLICY_DETAIL] samples=49152 raw_samples=49152 mb=12288 micro_mb=8192 logp_delta_abs=0.13493 old_logp=-62.90590 new_logp=-62.93050 adv_abs=0.68016 sde_steps=4
[TRAIN] mean_reward=0.06725 mean_len=10.44 recent_eps=100 completed_eps=649531
[UPDATE_EFFECT] action_delta=0.01281432 param_rms_delta=0.00074729
[TIME] collect=3.577s update=0.257s
[DONE] timeout=0.00000 anchor_pos=0.00098 anchor_ori=0.02661 ee_body=0.95813
[TRACK_ROLLOUT] anchor_pos=0.84096 anchor_ori=0.49287 body_pos=0.82920 body_ori=0.36984 body_lin=0.32047 body_ang=0.08293
[ACT_SUMMARY] abs_mean=0.5404 abs_p95=0.6765 abs_p99=0.7380 abs_max=0.9414 legs=0.5217 waist=0.5891 arms=0.5459
[FRAME_DIAG] frame0_abs=0.5154 frame1_abs=0.5361 in_chunk_delta=0.5698 cross_chunk_delta=0.6478
[UPDATE] 52/1000 reward_step=0.00989 chunk=0.03566 done_frac=0.29248 mean_reward=0.10086 mean_len=12.08
[SFPO] loss=-0.01467 policy_loss=-0.01775 value_loss=0.00308 ratio=0.9973 [0.015,10.269] clip=0.3835 kl_raw=0.058547 kl/step=0.014637 target_raw=0.0400 target/step=0.0100 kl_units=4 grad=0.6152 grad_c=0.0410 lr=0.000023 critic_lr=0.000023
[ROLLOUT] live=21.86 survive=0.03979 per_step=0.00971 episode_projection=4.86
[POLICY_DETAIL] samples=49152 raw_samples=49152 mb=12288 micro_mb=8192 logp_delta_abs=0.22601 old_logp=-62.94614 new_logp=-63.00301 adv_abs=0.68059 sde_steps=4
[TRAIN] mean_reward=0.10086 mean_len=12.08 recent_eps=100 completed_eps=663907
[UPDATE_EFFECT] action_delta=0.01428843 param_rms_delta=0.00095920
[TIME] collect=3.586s update=0.259s
[DONE] timeout=0.00000 anchor_pos=0.00122 anchor_ori=0.02673 ee_body=0.95923
[TRACK_ROLLOUT] anchor_pos=0.84177 anchor_ori=0.49544 body_pos=0.83040 body_ori=0.37339 body_lin=0.32168 body_ang=0.08456
[ACT_SUMMARY] abs_mean=0.5394 abs_p95=0.6753 abs_p99=0.7378 abs_max=0.9415 legs=0.5208 waist=0.5889 arms=0.5448
[FRAME_DIAG] frame0_abs=0.5138 frame1_abs=0.5352 in_chunk_delta=0.5652 cross_chunk_delta=0.6444
[UPDATE] 53/1000 reward_step=0.01101 chunk=0.03978 done_frac=0.28868 mean_reward=0.09854 mean_len=10.72
[SFPO] loss=-0.01372 policy_loss=-0.01677 value_loss=0.00305 ratio=0.9991 [0.014,16.463] clip=0.2895 kl_raw=0.039531 kl/step=0.009883 target_raw=0.0400 target/step=0.0100 kl_units=4 grad=0.6629 grad_c=0.0488 lr=0.000256 critic_lr=0.000256
[ROLLOUT] live=21.91 survive=0.04211 per_step=0.01082 episode_projection=5.41
[POLICY_DETAIL] samples=49152 raw_samples=49152 mb=12288 micro_mb=8192 logp_delta_abs=0.17375 old_logp=-62.91112 new_logp=-62.94932 adv_abs=0.68082 sde_steps=4
[TRAIN] mean_reward=0.09854 mean_len=10.72 recent_eps=100 completed_eps=678096
[UPDATE_EFFECT] action_delta=0.01448760 param_rms_delta=0.00093992
[TIME] collect=3.708s update=0.262s
[DONE] timeout=0.00000 anchor_pos=0.00098 anchor_ori=0.02576 ee_body=0.95630
[TRACK_ROLLOUT] anchor_pos=0.84268 anchor_ori=0.50050 body_pos=0.83037 body_ori=0.37626 body_lin=0.32689 body_ang=0.08817
[ACT_SUMMARY] abs_mean=0.5374 abs_p95=0.6722 abs_p99=0.7325 abs_max=0.9339 legs=0.5176 waist=0.5871 arms=0.5438
[FRAME_DIAG] frame0_abs=0.5111 frame1_abs=0.5335 in_chunk_delta=0.5587 cross_chunk_delta=0.6387
[UPDATE] 54/1000 reward_step=0.01167 chunk=0.04212 done_frac=0.28699 mean_reward=0.09845 mean_len=11.20
[SFPO] loss=-0.01524 policy_loss=-0.01823 value_loss=0.00299 ratio=0.9978 [0.044,16.866] clip=0.3814 kl_raw=0.056287 kl/step=0.014072 target_raw=0.0400 target/step=0.0100 kl_units=4 grad=0.6683 grad_c=0.0412 lr=0.000076 critic_lr=0.000076
[ROLLOUT] live=21.90 survive=0.04248 per_step=0.01147 episode_projection=5.74
[POLICY_DETAIL] samples=49152 raw_samples=49152 mb=12288 micro_mb=8192 logp_delta_abs=0.22370 old_logp=-62.90070 new_logp=-62.95549 adv_abs=0.68908 sde_steps=4
[TRAIN] mean_reward=0.09845 mean_len=11.20 recent_eps=100 completed_eps=692202
[UPDATE_EFFECT] action_delta=0.01383920 param_rms_delta=0.00093852
[TIME] collect=3.607s update=0.265s
[DONE] timeout=0.00000 anchor_pos=0.00171 anchor_ori=0.02344 ee_body=0.95667
[TRACK_ROLLOUT] anchor_pos=0.84104 anchor_ori=0.50309 body_pos=0.83037 body_ori=0.37846 body_lin=0.32777 body_ang=0.09021
[ACT_SUMMARY] abs_mean=0.5368 abs_p95=0.6721 abs_p99=0.7333 abs_max=0.9512 legs=0.5153 waist=0.5896 arms=0.5439
[FRAME_DIAG] frame0_abs=0.5100 frame1_abs=0.5325 in_chunk_delta=0.5534 cross_chunk_delta=0.6346
[UPDATE] 55/1000 reward_step=0.01231 chunk=0.04442 done_frac=0.28530 mean_reward=0.13417 mean_len=12.16
[SFPO] loss=-0.01405 policy_loss=-0.01707 value_loss=0.00303 ratio=0.9981 [0.024,20.778] clip=0.3608 kl_raw=0.055895 kl/step=0.013974 target_raw=0.0400 target/step=0.0100 kl_units=4 grad=0.6640 grad_c=0.0524 lr=0.000010 critic_lr=0.000010
[ROLLOUT] live=21.90 survive=0.03979 per_step=0.01211 episode_projection=6.05
[POLICY_DETAIL] samples=49152 raw_samples=49152 mb=12288 micro_mb=8192 logp_delta_abs=0.21531 old_logp=-62.89627 new_logp=-62.95004 adv_abs=0.69039 sde_steps=4
[TRAIN] mean_reward=0.13417 mean_len=12.16 recent_eps=100 completed_eps=706225
[UPDATE_EFFECT] action_delta=0.01381153 param_rms_delta=0.00090381
[TIME] collect=3.600s update=0.261s
[DONE] timeout=0.00000 anchor_pos=0.00085 anchor_ori=0.02307 ee_body=0.95886
[TRACK_ROLLOUT] anchor_pos=0.84092 anchor_ori=0.50124 body_pos=0.83028 body_ori=0.37874 body_lin=0.33080 body_ang=0.09299
[ACT_SUMMARY] abs_mean=0.5357 abs_p95=0.6716 abs_p99=0.7341 abs_max=0.9930 legs=0.5134 waist=0.5912 arms=0.5430
[FRAME_DIAG] frame0_abs=0.5082 frame1_abs=0.5315 in_chunk_delta=0.5482 cross_chunk_delta=0.6298
[UPDATE] 56/1000 reward_step=0.01297 chunk=0.04679 done_frac=0.28550 mean_reward=0.11331 mean_len=11.32
[SFPO] loss=-0.01272 policy_loss=-0.01572 value_loss=0.00300 ratio=0.9997 [0.068,8.792] clip=0.2268 kl_raw=0.025883 kl/step=0.006471 target_raw=0.0400 target/step=0.0100 kl_units=4 grad=0.7322 grad_c=0.0634 lr=0.000171 critic_lr=0.000171
[ROLLOUT] live=21.90 survive=0.04065 per_step=0.01274 episode_projection=6.37
[POLICY_DETAIL] samples=49152 raw_samples=49152 mb=12288 micro_mb=8192 logp_delta_abs=0.13761 old_logp=-62.90557 new_logp=-62.93067 adv_abs=0.69499 sde_steps=4
[TRAIN] mean_reward=0.11331 mean_len=11.32 recent_eps=100 completed_eps=720258
[UPDATE_EFFECT] action_delta=0.01223359 param_rms_delta=0.00071829
[TIME] collect=3.592s update=0.278s
[DONE] timeout=0.00000 anchor_pos=0.00098 anchor_ori=0.02271 ee_body=0.95764
[TRACK_ROLLOUT] anchor_pos=0.84067 anchor_ori=0.50522 body_pos=0.83050 body_ori=0.38237 body_lin=0.33035 body_ang=0.09465
[ACT_SUMMARY] abs_mean=0.5344 abs_p95=0.6696 abs_p99=0.7303 abs_max=0.9048 legs=0.5117 waist=0.5909 arms=0.5418
[FRAME_DIAG] frame0_abs=0.5063 frame1_abs=0.5310 in_chunk_delta=0.5429 cross_chunk_delta=0.6258
[UPDATE] 57/1000 reward_step=0.01361 chunk=0.04919 done_frac=0.28304 mean_reward=0.14962 mean_len=12.04
[SFPO] loss=-0.01426 policy_loss=-0.01721 value_loss=0.00295 ratio=0.9974 [0.052,35.874] clip=0.3808 kl_raw=0.057154 kl/step=0.014289 target_raw=0.0400 target/step=0.0100 kl_units=4 grad=0.7187 grad_c=0.0435 lr=0.000051 critic_lr=0.000051
[ROLLOUT] live=21.94 survive=0.04272 per_step=0.01336 episode_projection=6.68
[POLICY_DETAIL] samples=49152 raw_samples=49152 mb=12288 micro_mb=8192 logp_delta_abs=0.22403 old_logp=-62.92487 new_logp=-62.98072 adv_abs=0.69540 sde_steps=4
[TRAIN] mean_reward=0.14962 mean_len=12.04 recent_eps=100 completed_eps=734170
[UPDATE_EFFECT] action_delta=0.01403876 param_rms_delta=0.00092639
[TIME] collect=3.573s update=0.258s
[DONE] timeout=0.00000 anchor_pos=0.00061 anchor_ori=0.02136 ee_body=0.95642
[TRACK_ROLLOUT] anchor_pos=0.83930 anchor_ori=0.50719 body_pos=0.83117 body_ori=0.38553 body_lin=0.33282 body_ang=0.09650
[ACT_SUMMARY] abs_mean=0.5343 abs_p95=0.6701 abs_p99=0.7317 abs_max=0.9436 legs=0.5110 waist=0.5941 arms=0.5416
[FRAME_DIAG] frame0_abs=0.5050 frame1_abs=0.5310 in_chunk_delta=0.5393 cross_chunk_delta=0.6227
[UPDATE] 58/1000 reward_step=0.01434 chunk=0.05177 done_frac=0.28070 mean_reward=0.12249 mean_len=11.40
[SFPO] loss=-0.01289 policy_loss=-0.01582 value_loss=0.00293 ratio=0.9976 [0.043,12.409] clip=0.3554 kl_raw=0.056465 kl/step=0.014116 target_raw=0.0400 target/step=0.0100 kl_units=4 grad=0.7272 grad_c=0.0270 lr=0.000010 critic_lr=0.000010
[ROLLOUT] live=21.93 survive=0.04651 per_step=0.01408 episode_projection=7.04
[POLICY_DETAIL] samples=49152 raw_samples=49152 mb=12288 micro_mb=8192 logp_delta_abs=0.21384 old_logp=-62.89468 new_logp=-62.94929 adv_abs=0.69190 sde_steps=4
[TRAIN] mean_reward=0.12249 mean_len=11.40 recent_eps=100 completed_eps=747967
[UPDATE_EFFECT] action_delta=0.01459206 param_rms_delta=0.00087961
[TIME] collect=3.569s update=0.261s
[DONE] timeout=0.00000 anchor_pos=0.00061 anchor_ori=0.01880 ee_body=0.95264
[TRACK_ROLLOUT] anchor_pos=0.84173 anchor_ori=0.51123 body_pos=0.83091 body_ori=0.38550 body_lin=0.33596 body_ang=0.09855
[ACT_SUMMARY] abs_mean=0.5334 abs_p95=0.6688 abs_p99=0.7301 abs_max=0.9171 legs=0.5098 waist=0.5911 arms=0.5412
[FRAME_DIAG] frame0_abs=0.5037 frame1_abs=0.5306 in_chunk_delta=0.5347 cross_chunk_delta=0.6180
[UPDATE] 59/1000 reward_step=0.01482 chunk=0.05352 done_frac=0.28219 mean_reward=0.15404 mean_len=12.24
[SFPO] loss=-0.01107 policy_loss=-0.01408 value_loss=0.00301 ratio=0.9999 [0.041,9.547] clip=0.2680 kl_raw=0.038419 kl/step=0.009605 target_raw=0.0400 target/step=0.0100 kl_units=4 grad=0.7895 grad_c=0.0507 lr=0.000051 critic_lr=0.000051
[ROLLOUT] live=21.93 survive=0.04187 per_step=0.01456 episode_projection=7.28
[POLICY_DETAIL] samples=49152 raw_samples=49152 mb=12288 micro_mb=8192 logp_delta_abs=0.16372 old_logp=-62.89421 new_logp=-62.93038 adv_abs=0.69217 sde_steps=4
[TRAIN] mean_reward=0.15404 mean_len=12.24 recent_eps=100 completed_eps=761837
[UPDATE_EFFECT] action_delta=0.01458086 param_rms_delta=0.00082945
[TIME] collect=3.650s update=0.273s
[DONE] timeout=0.00000 anchor_pos=0.00122 anchor_ori=0.02112 ee_body=0.95728
[TRACK_ROLLOUT] anchor_pos=0.84014 anchor_ori=0.51394 body_pos=0.82977 body_ori=0.38925 body_lin=0.33636 body_ang=0.10083
[ACT_SUMMARY] abs_mean=0.5324 abs_p95=0.6670 abs_p99=0.7304 abs_max=0.9318 legs=0.5085 waist=0.5955 arms=0.5394
[FRAME_DIAG] frame0_abs=0.5018 frame1_abs=0.5300 in_chunk_delta=0.5305 cross_chunk_delta=0.6148
[UPDATE] 60/1000 reward_step=0.01545 chunk=0.05591 done_frac=0.27981 mean_reward=0.18010 mean_len=12.08
[SFPO] loss=-0.01230 policy_loss=-0.01529 value_loss=0.00298 ratio=0.9992 [0.033,10.290] clip=0.3515 kl_raw=0.053564 kl/step=0.013391 target_raw=0.0400 target/step=0.0100 kl_units=4 grad=0.7858 grad_c=0.0430 lr=0.000034 critic_lr=0.000034
[ROLLOUT] live=21.97 survive=0.04834 per_step=0.01517 episode_projection=7.58
[POLICY_DETAIL] samples=49152 raw_samples=49152 mb=12288 micro_mb=8192 logp_delta_abs=0.20984 old_logp=-62.94043 new_logp=-62.99120 adv_abs=0.69703 sde_steps=4
[TRAIN] mean_reward=0.18010 mean_len=12.08 recent_eps=100 completed_eps=775590
[UPDATE_EFFECT] action_delta=0.01329991 param_rms_delta=0.00080817
[TIME] collect=3.567s update=0.261s
[DONE] timeout=0.00000 anchor_pos=0.00098 anchor_ori=0.02246 ee_body=0.95105
[TRACK_ROLLOUT] anchor_pos=0.83974 anchor_ori=0.51619 body_pos=0.83117 body_ori=0.39220 body_lin=0.33693 body_ang=0.10265
[ACT_SUMMARY] abs_mean=0.5316 abs_p95=0.6675 abs_p99=0.7289 abs_max=0.9556 legs=0.5062 waist=0.5966 arms=0.5395
[FRAME_DIAG] frame0_abs=0.5000 frame1_abs=0.5296 in_chunk_delta=0.5260 cross_chunk_delta=0.6106
[UPDATE] 61/1000 reward_step=0.01591 chunk=0.05756 done_frac=0.27641 mean_reward=0.13778 mean_len=12.72
[SFPO] loss=-0.01283 policy_loss=-0.01580 value_loss=0.00297 ratio=0.9982 [0.041,14.816] clip=0.3154 kl_raw=0.044167 kl/step=0.011042 target_raw=0.0400 target/step=0.0100 kl_units=4 grad=0.8716 grad_c=0.0419 lr=0.000171 critic_lr=0.000171
[ROLLOUT] live=21.96 survive=0.05054 per_step=0.01563 episode_projection=7.82
[POLICY_DETAIL] samples=49152 raw_samples=49152 mb=12288 micro_mb=8192 logp_delta_abs=0.18835 old_logp=-62.91339 new_logp=-62.95665 adv_abs=0.69771 sde_steps=4
[TRAIN] mean_reward=0.13778 mean_len=12.72 recent_eps=100 completed_eps=789176
[UPDATE_EFFECT] action_delta=0.01370738 param_rms_delta=0.00086168
[TIME] collect=3.478s update=0.260s
[DONE] timeout=0.00000 anchor_pos=0.00122 anchor_ori=0.01721 ee_body=0.94849
[TRACK_ROLLOUT] anchor_pos=0.83681 anchor_ori=0.51768 body_pos=0.82989 body_ori=0.39115 body_lin=0.33910 body_ang=0.10435
[ACT_SUMMARY] abs_mean=0.5313 abs_p95=0.6673 abs_p99=0.7286 abs_max=0.9234 legs=0.5051 waist=0.5990 arms=0.5392
[FRAME_DIAG] frame0_abs=0.4994 frame1_abs=0.5294 in_chunk_delta=0.5221 cross_chunk_delta=0.6082
[UPDATE] 62/1000 reward_step=0.01647 chunk=0.05963 done_frac=0.27439 mean_reward=0.16708 mean_len=10.92
[SFPO] loss=-0.01338 policy_loss=-0.01651 value_loss=0.00313 ratio=0.9979 [0.042,12.126] clip=0.3804 kl_raw=0.055383 kl/step=0.013846 target_raw=0.0400 target/step=0.0100 kl_units=4 grad=0.9296 grad_c=0.0765 lr=0.000171 critic_lr=0.000171
[ROLLOUT] live=21.98 survive=0.05457 per_step=0.01617 episode_projection=8.08
[POLICY_DETAIL] samples=49152 raw_samples=49152 mb=12288 micro_mb=8192 logp_delta_abs=0.22229 old_logp=-62.91900 new_logp=-62.97286 adv_abs=0.69096 sde_steps=4
[TRAIN] mean_reward=0.16708 mean_len=10.92 recent_eps=100 completed_eps=802663
[UPDATE_EFFECT] action_delta=0.01382144 param_rms_delta=0.00088975
[TIME] collect=3.548s update=0.259s
[DONE] timeout=0.00000 anchor_pos=0.00098 anchor_ori=0.01501 ee_body=0.94482
[TRACK_ROLLOUT] anchor_pos=0.83713 anchor_ori=0.51960 body_pos=0.83023 body_ori=0.39350 body_lin=0.34283 body_ang=0.10709
[ACT_SUMMARY] abs_mean=0.5311 abs_p95=0.6665 abs_p99=0.7282 abs_max=0.9072 legs=0.5054 waist=0.5981 arms=0.5388
[FRAME_DIAG] frame0_abs=0.4994 frame1_abs=0.5283 in_chunk_delta=0.5186 cross_chunk_delta=0.6044
[UPDATE] 63/1000 reward_step=0.01690 chunk=0.06108 done_frac=0.27439 mean_reward=0.17599 mean_len=12.32
[SFPO] loss=-0.01418 policy_loss=-0.01713 value_loss=0.00295 ratio=0.9973 [0.023,20.096] clip=0.3811 kl_raw=0.056149 kl/step=0.014037 target_raw=0.0400 target/step=0.0100 kl_units=4 grad=0.8724 grad_c=0.0719 lr=0.000114 critic_lr=0.000114
[ROLLOUT] live=21.96 survive=0.04712 per_step=0.01659 episode_projection=8.29
[POLICY_DETAIL] samples=49152 raw_samples=49152 mb=12288 micro_mb=8192 logp_delta_abs=0.22316 old_logp=-62.92043 new_logp=-62.97549 adv_abs=0.69770 sde_steps=4
[TRAIN] mean_reward=0.17599 mean_len=12.32 recent_eps=100 completed_eps=816150
[UPDATE_EFFECT] action_delta=0.01334174 param_rms_delta=0.00089425
[TIME] collect=3.610s update=0.259s
[DONE] timeout=0.00000 anchor_pos=0.00073 anchor_ori=0.01514 ee_body=0.95276
[TRACK_ROLLOUT] anchor_pos=0.83500 anchor_ori=0.51799 body_pos=0.82983 body_ori=0.39437 body_lin=0.34292 body_ang=0.10895
[ACT_SUMMARY] abs_mean=0.5298 abs_p95=0.6652 abs_p99=0.7271 abs_max=0.9899 legs=0.5037 waist=0.5975 arms=0.5378
[FRAME_DIAG] frame0_abs=0.4975 frame1_abs=0.5271 in_chunk_delta=0.5150 cross_chunk_delta=0.6009
[UPDATE] 64/1000 reward_step=0.01745 chunk=0.06314 done_frac=0.27226 mean_reward=0.22442 mean_len=13.20
[SFPO] loss=-0.01304 policy_loss=-0.01601 value_loss=0.00297 ratio=0.9974 [0.034,22.293] clip=0.3714 kl_raw=0.056325 kl/step=0.014081 target_raw=0.0400 target/step=0.0100 kl_units=4 grad=0.8766 grad_c=0.0496 lr=0.000051 critic_lr=0.000051
[ROLLOUT] live=21.98 survive=0.05542 per_step=0.01713 episode_projection=8.57
[POLICY_DETAIL] samples=49152 raw_samples=49152 mb=12288 micro_mb=8192 logp_delta_abs=0.21995 old_logp=-62.90647 new_logp=-62.96137 adv_abs=0.69559 sde_steps=4
[TRAIN] mean_reward=0.22442 mean_len=13.20 recent_eps=100 completed_eps=829532
[UPDATE_EFFECT] action_delta=0.01312972 param_rms_delta=0.00082594
[TIME] collect=3.647s update=0.270s
[DONE] timeout=0.00000 anchor_pos=0.00085 anchor_ori=0.01526 ee_body=0.94336
[TRACK_ROLLOUT] anchor_pos=0.83579 anchor_ori=0.52254 body_pos=0.83035 body_ori=0.39701 body_lin=0.34413 body_ang=0.11093
[ACT_SUMMARY] abs_mean=0.5284 abs_p95=0.6638 abs_p99=0.7251 abs_max=0.9176 legs=0.5026 waist=0.5954 arms=0.5361
[FRAME_DIAG] frame0_abs=0.4955 frame1_abs=0.5256 in_chunk_delta=0.5113 cross_chunk_delta=0.5971
[UPDATE] 65/1000 reward_step=0.01781 chunk=0.06436 done_frac=0.27120 mean_reward=0.24043 mean_len=12.76
[SFPO] loss=-0.01206 policy_loss=-0.01517 value_loss=0.00310 ratio=0.9983 [0.027,12.510] clip=0.3548 kl_raw=0.054980 kl/step=0.013745 target_raw=0.0400 target/step=0.0100 kl_units=4 grad=0.8316 grad_c=0.0393 lr=0.000010 critic_lr=0.000010
[ROLLOUT] live=21.96 survive=0.05737 per_step=0.01749 episode_projection=8.75
[POLICY_DETAIL] samples=49152 raw_samples=49152 mb=12288 micro_mb=8192 logp_delta_abs=0.21255 old_logp=-62.93473 new_logp=-62.98767 adv_abs=0.68639 sde_steps=4
[TRAIN] mean_reward=0.24043 mean_len=12.76 recent_eps=100 completed_eps=842862
[UPDATE_EFFECT] action_delta=0.01353773 param_rms_delta=0.00082140
[TIME] collect=3.609s update=0.266s
[DONE] timeout=0.00000 anchor_pos=0.00134 anchor_ori=0.01453 ee_body=0.94189
[TRACK_ROLLOUT] anchor_pos=0.83325 anchor_ori=0.52472 body_pos=0.82892 body_ori=0.39736 body_lin=0.34515 body_ang=0.11318
[ACT_SUMMARY] abs_mean=0.5283 abs_p95=0.6642 abs_p99=0.7261 abs_max=0.9778 legs=0.5018 waist=0.5965 arms=0.5364
[FRAME_DIAG] frame0_abs=0.4946 frame1_abs=0.5262 in_chunk_delta=0.5083 cross_chunk_delta=0.5943
[UPDATE] 66/1000 reward_step=0.01822 chunk=0.06593 done_frac=0.26992 mean_reward=0.19739 mean_len=12.92
[SFPO] loss=-0.01004 policy_loss=-0.01309 value_loss=0.00305 ratio=0.9996 [0.026,13.161] clip=0.2719 kl_raw=0.038580 kl/step=0.009645 target_raw=0.0400 target/step=0.0100 kl_units=4 grad=0.9217 grad_c=0.0303 lr=0.000051 critic_lr=0.000051
[ROLLOUT] live=21.99 survive=0.05627 per_step=0.01788 episode_projection=8.94
[POLICY_DETAIL] samples=49152 raw_samples=49152 mb=12288 micro_mb=8192 logp_delta_abs=0.16584 old_logp=-62.93070 new_logp=-62.96750 adv_abs=0.68938 sde_steps=4
[TRAIN] mean_reward=0.19739 mean_len=12.92 recent_eps=100 completed_eps=856129
[UPDATE_EFFECT] action_delta=0.01305945 param_rms_delta=0.00077497
[TIME] collect=3.571s update=0.276s
[DONE] timeout=0.00000 anchor_pos=0.00122 anchor_ori=0.01367 ee_body=0.94214
[TRACK_ROLLOUT] anchor_pos=0.83343 anchor_ori=0.52491 body_pos=0.82932 body_ori=0.39850 body_lin=0.34646 body_ang=0.11355
[ACT_SUMMARY] abs_mean=0.5279 abs_p95=0.6635 abs_p99=0.7255 abs_max=0.9069 legs=0.5010 waist=0.5989 arms=0.5357
[FRAME_DIAG] frame0_abs=0.4942 frame1_abs=0.5255 in_chunk_delta=0.5041 cross_chunk_delta=0.5924
[UPDATE] 67/1000 reward_step=0.01864 chunk=0.06743 done_frac=0.26833 mean_reward=0.20416 mean_len=12.04
[SFPO] loss=-0.01420 policy_loss=-0.01740 value_loss=0.00320 ratio=0.9984 [0.043,10.612] clip=0.3141 kl_raw=0.041415 kl/step=0.010354 target_raw=0.0400 target/step=0.0100 kl_units=4 grad=0.9175 grad_c=0.0351 lr=0.000256 critic_lr=0.000256
[ROLLOUT] live=21.98 survive=0.06067 per_step=0.01831 episode_projection=9.16
[POLICY_DETAIL] samples=49152 raw_samples=49152 mb=12288 micro_mb=8192 logp_delta_abs=0.18556 old_logp=-62.92521 new_logp=-62.96592 adv_abs=0.68203 sde_steps=4
[TRAIN] mean_reward=0.20416 mean_len=12.04 recent_eps=100 completed_eps=869318
[UPDATE_EFFECT] action_delta=0.01384854 param_rms_delta=0.00083947
[TIME] collect=3.613s update=0.264s
[DONE] timeout=0.00000 anchor_pos=0.00110 anchor_ori=0.01172 ee_body=0.93762
[TRACK_ROLLOUT] anchor_pos=0.83387 anchor_ori=0.52670 body_pos=0.82950 body_ori=0.39854 body_lin=0.34707 body_ang=0.11529
[ACT_SUMMARY] abs_mean=0.5272 abs_p95=0.6632 abs_p99=0.7251 abs_max=0.9294 legs=0.5003 waist=0.6001 arms=0.5347
[FRAME_DIAG] frame0_abs=0.4929 frame1_abs=0.5245 in_chunk_delta=0.5011 cross_chunk_delta=0.5882
[UPDATE] 68/1000 reward_step=0.01909 chunk=0.06901 done_frac=0.26786 mean_reward=0.21064 mean_len=11.84
[SFPO] loss=-0.01338 policy_loss=-0.01672 value_loss=0.00335 ratio=0.9973 [0.035,10.487] clip=0.3867 kl_raw=0.055955 kl/step=0.013989 target_raw=0.0400 target/step=0.0100 kl_units=4 grad=0.9465 grad_c=0.1933 lr=0.000171 critic_lr=0.000171
[ROLLOUT] live=21.96 survive=0.05823 per_step=0.01874 episode_projection=9.37
[POLICY_DETAIL] samples=49152 raw_samples=49152 mb=12288 micro_mb=8192 logp_delta_abs=0.22481 old_logp=-62.95406 new_logp=-63.00900 adv_abs=0.69015 sde_steps=4
[TRAIN] mean_reward=0.21064 mean_len=11.84 recent_eps=100 completed_eps=882484
[UPDATE_EFFECT] action_delta=0.01325838 param_rms_delta=0.00090764
[TIME] collect=3.634s update=0.277s
[DONE] timeout=0.00000 anchor_pos=0.00085 anchor_ori=0.01404 ee_body=0.94116
[TRACK_ROLLOUT] anchor_pos=0.83227 anchor_ori=0.52767 body_pos=0.82877 body_ori=0.39918 body_lin=0.34872 body_ang=0.11719
[ACT_SUMMARY] abs_mean=0.5264 abs_p95=0.6631 abs_p99=0.7243 abs_max=0.8957 legs=0.5000 waist=0.5974 arms=0.5337
[FRAME_DIAG] frame0_abs=0.4920 frame1_abs=0.5237 in_chunk_delta=0.4979 cross_chunk_delta=0.5847
[UPDATE] 69/1000 reward_step=0.01969 chunk=0.07132 done_frac=0.26434 mean_reward=0.25031 mean_len=12.96
[SFPO] loss=-0.01280 policy_loss=-0.01587 value_loss=0.00307 ratio=0.9955 [0.020,13.140] clip=0.3732 kl_raw=0.054842 kl/step=0.013711 target_raw=0.0400 target/step=0.0100 kl_units=4 grad=1.0135 grad_c=0.0774 lr=0.000171 critic_lr=0.000171
[ROLLOUT] live=22.02 survive=0.06482 per_step=0.01932 episode_projection=9.66
[POLICY_DETAIL] samples=49152 raw_samples=49152 mb=12288 micro_mb=8192 logp_delta_abs=0.21945 old_logp=-62.91032 new_logp=-62.96550 adv_abs=0.71860 sde_steps=4
[TRAIN] mean_reward=0.25031 mean_len=12.96 recent_eps=100 completed_eps=895477
[UPDATE_EFFECT] action_delta=0.01360113 param_rms_delta=0.00087861
[TIME] collect=3.532s update=0.264s
[DONE] timeout=0.00000 anchor_pos=0.00049 anchor_ori=0.01331 ee_body=0.93469
[TRACK_ROLLOUT] anchor_pos=0.83264 anchor_ori=0.53184 body_pos=0.82958 body_ori=0.40334 body_lin=0.35074 body_ang=0.11975
[ACT_SUMMARY] abs_mean=0.5259 abs_p95=0.6624 abs_p99=0.7247 abs_max=0.9648 legs=0.4999 waist=0.5968 arms=0.5329
[FRAME_DIAG] frame0_abs=0.4903 frame1_abs=0.5231 in_chunk_delta=0.4949 cross_chunk_delta=0.5817
[UPDATE] 70/1000 reward_step=0.02005 chunk=0.07259 done_frac=0.26080 mean_reward=0.22733 mean_len=11.92
[SFPO] loss=-0.01272 policy_loss=-0.01599 value_loss=0.00327 ratio=0.9974 [0.041,12.430] clip=0.3707 kl_raw=0.053072 kl/step=0.013268 target_raw=0.0400 target/step=0.0100 kl_units=4 grad=0.9601 grad_c=0.1358 lr=0.000171 critic_lr=0.000171
[ROLLOUT] live=22.00 survive=0.06714 per_step=0.01968 episode_projection=9.84
[POLICY_DETAIL] samples=49152 raw_samples=49152 mb=12288 micro_mb=8192 logp_delta_abs=0.21692 old_logp=-62.90767 new_logp=-62.95983 adv_abs=0.67981 sde_steps=4
[TRAIN] mean_reward=0.22733 mean_len=11.92 recent_eps=100 completed_eps=908296
[UPDATE_EFFECT] action_delta=0.01291647 param_rms_delta=0.00082563
[TIME] collect=3.470s update=0.260s
[DONE] timeout=0.00000 anchor_pos=0.00085 anchor_ori=0.01440 ee_body=0.93225
[TRACK_ROLLOUT] anchor_pos=0.83100 anchor_ori=0.53068 body_pos=0.82827 body_ori=0.40316 body_lin=0.35409 body_ang=0.12235
[ACT_SUMMARY] abs_mean=0.5256 abs_p95=0.6622 abs_p99=0.7266 abs_max=0.9143 legs=0.4988 waist=0.5966 arms=0.5333
[FRAME_DIAG] frame0_abs=0.4898 frame1_abs=0.5229 in_chunk_delta=0.4929 cross_chunk_delta=0.5790
[UPDATE] 71/1000 reward_step=0.02030 chunk=0.07342 done_frac=0.26099 mean_reward=0.20774 mean_len=11.16
[SFPO] loss=-0.01422 policy_loss=-0.01739 value_loss=0.00318 ratio=0.9973 [0.020,16.974] clip=0.3742 kl_raw=0.053911 kl/step=0.013478 target_raw=0.0400 target/step=0.0100 kl_units=4 grad=0.9311 grad_c=0.0914 lr=0.000171 critic_lr=0.000171
[ROLLOUT] live=21.99 survive=0.06677 per_step=0.01991 episode_projection=9.96
[POLICY_DETAIL] samples=49152 raw_samples=49152 mb=12288 micro_mb=8192 logp_delta_abs=0.21846 old_logp=-62.91697 new_logp=-62.96991 adv_abs=0.68333 sde_steps=4
[TRAIN] mean_reward=0.20774 mean_len=11.16 recent_eps=100 completed_eps=921124
[UPDATE_EFFECT] action_delta=0.01279268 param_rms_delta=0.00084902
[TIME] collect=3.486s update=0.263s
[DONE] timeout=0.00000 anchor_pos=0.00110 anchor_ori=0.01257 ee_body=0.93201
[TRACK_ROLLOUT] anchor_pos=0.82968 anchor_ori=0.53392 body_pos=0.82720 body_ori=0.40258 body_lin=0.35406 body_ang=0.12299
[ACT_SUMMARY] abs_mean=0.5251 abs_p95=0.6618 abs_p99=0.7250 abs_max=0.9320 legs=0.4989 waist=0.5989 arms=0.5318
[FRAME_DIAG] frame0_abs=0.4885 frame1_abs=0.5227 in_chunk_delta=0.4901 cross_chunk_delta=0.5764
[UPDATE] 72/1000 reward_step=0.02082 chunk=0.07532 done_frac=0.25936 mean_reward=0.23934 mean_len=12.12
[SFPO] loss=-0.01320 policy_loss=-0.01630 value_loss=0.00310 ratio=0.9968 [0.046,11.757] clip=0.3803 kl_raw=0.056272 kl/step=0.014068 target_raw=0.0400 target/step=0.0100 kl_units=4 grad=0.9712 grad_c=0.0675 lr=0.000076 critic_lr=0.000076
[ROLLOUT] live=21.99 survive=0.07190 per_step=0.02042 episode_projection=10.21
[POLICY_DETAIL] samples=49152 raw_samples=49152 mb=12288 micro_mb=8192 logp_delta_abs=0.22301 old_logp=-62.88200 new_logp=-62.93755 adv_abs=0.68424 sde_steps=4
[TRAIN] mean_reward=0.23934 mean_len=12.12 recent_eps=100 completed_eps=933872
[UPDATE_EFFECT] action_delta=0.01256291 param_rms_delta=0.00082579
[TIME] collect=3.482s update=0.259s
[DONE] timeout=0.00000 anchor_pos=0.00098 anchor_ori=0.01062 ee_body=0.92786
[TRACK_ROLLOUT] anchor_pos=0.82923 anchor_ori=0.53759 body_pos=0.82835 body_ori=0.40626 body_lin=0.35619 body_ang=0.12592
[ACT_SUMMARY] abs_mean=0.5247 abs_p95=0.6622 abs_p99=0.7248 abs_max=0.9099 legs=0.4980 waist=0.6007 arms=0.5314
[FRAME_DIAG] frame0_abs=0.4869 frame1_abs=0.5230 in_chunk_delta=0.4872 cross_chunk_delta=0.5726
[UPDATE] 73/1000 reward_step=0.02113 chunk=0.07656 done_frac=0.25759 mean_reward=0.24168 mean_len=11.76
[SFPO] loss=-0.01451 policy_loss=-0.01760 value_loss=0.00309 ratio=0.9985 [0.033,17.981] clip=0.3231 kl_raw=0.040969 kl/step=0.010242 target_raw=0.0400 target/step=0.0100 kl_units=4 grad=1.0063 grad_c=0.0590 lr=0.000256 critic_lr=0.000256
[ROLLOUT] live=22.02 survive=0.07117 per_step=0.02074 episode_projection=10.37
[POLICY_DETAIL] samples=49152 raw_samples=49152 mb=12288 micro_mb=8192 logp_delta_abs=0.18828 old_logp=-62.93154 new_logp=-62.97184 adv_abs=0.68106 sde_steps=4
[TRAIN] mean_reward=0.24168 mean_len=11.76 recent_eps=100 completed_eps=946533
[UPDATE_EFFECT] action_delta=0.01234661 param_rms_delta=0.00079725
[TIME] collect=3.520s update=0.260s
[DONE] timeout=0.00000 anchor_pos=0.00073 anchor_ori=0.01147 ee_body=0.92798
[TRACK_ROLLOUT] anchor_pos=0.82815 anchor_ori=0.53921 body_pos=0.82791 body_ori=0.40581 body_lin=0.35747 body_ang=0.12663
[ACT_SUMMARY] abs_mean=0.5239 abs_p95=0.6603 abs_p99=0.7221 abs_max=0.9903 legs=0.4974 waist=0.6003 arms=0.5303
[FRAME_DIAG] frame0_abs=0.4855 frame1_abs=0.5230 in_chunk_delta=0.4851 cross_chunk_delta=0.5706
[UPDATE] 74/1000 reward_step=0.02131 chunk=0.07714 done_frac=0.25614 mean_reward=0.25238 mean_len=13.28
[SFPO] loss=-0.01357 policy_loss=-0.01673 value_loss=0.00316 ratio=0.9976 [0.037,11.602] clip=0.3844 kl_raw=0.055943 kl/step=0.013986 target_raw=0.0400 target/step=0.0100 kl_units=4 grad=0.9936 grad_c=0.0590 lr=0.000171 critic_lr=0.000171
[ROLLOUT] live=22.00 survive=0.06958 per_step=0.02091 episode_projection=10.45
[POLICY_DETAIL] samples=49152 raw_samples=49152 mb=12288 micro_mb=8192 logp_delta_abs=0.22409 old_logp=-62.93191 new_logp=-62.98663 adv_abs=0.67894 sde_steps=4
[TRAIN] mean_reward=0.25238 mean_len=13.28 recent_eps=100 completed_eps=959123
[UPDATE_EFFECT] action_delta=0.01304523 param_rms_delta=0.00085828
[TIME] collect=3.574s update=0.259s
[DONE] timeout=0.00000 anchor_pos=0.00061 anchor_ori=0.01221 ee_body=0.92993
[TRACK_ROLLOUT] anchor_pos=0.82568 anchor_ori=0.53812 body_pos=0.82645 body_ori=0.40382 body_lin=0.35995 body_ang=0.12902
[ACT_SUMMARY] abs_mean=0.5232 abs_p95=0.6596 abs_p99=0.7210 abs_max=0.9145 legs=0.4974 waist=0.6005 arms=0.5288
[FRAME_DIAG] frame0_abs=0.4847 frame1_abs=0.5224 in_chunk_delta=0.4832 cross_chunk_delta=0.5672
[UPDATE] 75/1000 reward_step=0.02172 chunk=0.07862 done_frac=0.25352 mean_reward=0.23077 mean_len=11.56
[SFPO] loss=-0.01222 policy_loss=-0.01546 value_loss=0.00324 ratio=0.9982 [0.036,25.313] clip=0.3726 kl_raw=0.053310 kl/step=0.013328 target_raw=0.0400 target/step=0.0100 kl_units=4 grad=1.0437 grad_c=0.1164 lr=0.000171 critic_lr=0.000171
[ROLLOUT] live=22.00 survive=0.07336 per_step=0.02132 episode_projection=10.66
[POLICY_DETAIL] samples=49152 raw_samples=49152 mb=12288 micro_mb=8192 logp_delta_abs=0.21774 old_logp=-62.90091 new_logp=-62.95279 adv_abs=0.67397 sde_steps=4
[TRAIN] mean_reward=0.23077 mean_len=11.56 recent_eps=100 completed_eps=971584
[UPDATE_EFFECT] action_delta=0.01301322 param_rms_delta=0.00081316
[TIME] collect=3.567s update=0.261s
[DONE] timeout=0.00000 anchor_pos=0.00110 anchor_ori=0.01135 ee_body=0.92578
[TRACK_ROLLOUT] anchor_pos=0.82525 anchor_ori=0.54123 body_pos=0.82687 body_ori=0.40656 body_lin=0.36169 body_ang=0.13056
[ACT_SUMMARY] abs_mean=0.5222 abs_p95=0.6587 abs_p99=0.7207 abs_max=0.8945 legs=0.4968 waist=0.5985 arms=0.5277
[FRAME_DIAG] frame0_abs=0.4827 frame1_abs=0.5214 in_chunk_delta=0.4801 cross_chunk_delta=0.5652
[UPDATE] 76/1000 reward_step=0.02187 chunk=0.07911 done_frac=0.25264 mean_reward=0.31293 mean_len=13.92
[SFPO] loss=-0.01325 policy_loss=-0.01652 value_loss=0.00327 ratio=0.9985 [0.030,18.643] clip=0.3740 kl_raw=0.053050 kl/step=0.013262 target_raw=0.0400 target/step=0.0100 kl_units=4 grad=0.9978 grad_c=0.0701 lr=0.000171 critic_lr=0.000171
[ROLLOUT] live=21.99 survive=0.07800 per_step=0.02145 episode_projection=10.73
[POLICY_DETAIL] samples=49152 raw_samples=49152 mb=12288 micro_mb=8192 logp_delta_abs=0.21784 old_logp=-62.90158 new_logp=-62.95294 adv_abs=0.67173 sde_steps=4
[TRAIN] mean_reward=0.31293 mean_len=13.92 recent_eps=100 completed_eps=984002
[UPDATE_EFFECT] action_delta=0.01326067 param_rms_delta=0.00087572
[TIME] collect=3.562s update=0.278s
[DONE] timeout=0.00000 anchor_pos=0.00049 anchor_ori=0.01160 ee_body=0.92114
[TRACK_ROLLOUT] anchor_pos=0.82397 anchor_ori=0.54460 body_pos=0.82588 body_ori=0.40364 body_lin=0.35985 body_ang=0.13054
[ACT_SUMMARY] abs_mean=0.5222 abs_p95=0.6592 abs_p99=0.7199 abs_max=0.8994 legs=0.4972 waist=0.6013 arms=0.5266
[FRAME_DIAG] frame0_abs=0.4829 frame1_abs=0.5209 in_chunk_delta=0.4777 cross_chunk_delta=0.5622
[UPDATE] 77/1000 reward_step=0.02218 chunk=0.08018 done_frac=0.25149 mean_reward=0.25786 mean_len=12.68
[SFPO] loss=-0.01373 policy_loss=-0.01709 value_loss=0.00336 ratio=0.9990 [0.044,23.969] clip=0.3810 kl_raw=0.055176 kl/step=0.013794 target_raw=0.0400 target/step=0.0100 kl_units=4 grad=0.9866 grad_c=0.0782 lr=0.000114 critic_lr=0.000114
[ROLLOUT] live=21.98 survive=0.08362 per_step=0.02176 episode_projection=10.88
[POLICY_DETAIL] samples=49152 raw_samples=49152 mb=12288 micro_mb=8192 logp_delta_abs=0.22199 old_logp=-62.93190 new_logp=-62.98460 adv_abs=0.66916 sde_steps=4
[TRAIN] mean_reward=0.25786 mean_len=12.68 recent_eps=100 completed_eps=996363
[UPDATE_EFFECT] action_delta=0.01283876 param_rms_delta=0.00083300
[TIME] collect=3.417s update=0.260s
[DONE] timeout=0.00000 anchor_pos=0.00122 anchor_ori=0.01025 ee_body=0.91504
[TRACK_ROLLOUT] anchor_pos=0.82139 anchor_ori=0.54466 body_pos=0.82472 body_ori=0.40652 body_lin=0.36169 body_ang=0.13358
[ACT_SUMMARY] abs_mean=0.5220 abs_p95=0.6579 abs_p99=0.7214 abs_max=0.9238 legs=0.4976 waist=0.5980 arms=0.5266
[FRAME_DIAG] frame0_abs=0.4819 frame1_abs=0.5223 in_chunk_delta=0.4760 cross_chunk_delta=0.5596
[UPDATE] 78/1000 reward_step=0.02259 chunk=0.08170 done_frac=0.24937 mean_reward=0.26069 mean_len=12.36
[SFPO] loss=-0.01237 policy_loss=-0.01569 value_loss=0.00332 ratio=0.9994 [0.043,16.715] clip=0.3628 kl_raw=0.052478 kl/step=0.013119 target_raw=0.0400 target/step=0.0100 kl_units=4 grad=1.0481 grad_c=0.0950 lr=0.000171 critic_lr=0.000171
[ROLLOUT] live=21.99 survive=0.08301 per_step=0.02216 episode_projection=11.08
[POLICY_DETAIL] samples=49152 raw_samples=49152 mb=12288 micro_mb=8192 logp_delta_abs=0.21334 old_logp=-62.93429 new_logp=-62.98404 adv_abs=0.67696 sde_steps=4
[TRAIN] mean_reward=0.26069 mean_len=12.36 recent_eps=100 completed_eps=1008620
[UPDATE_EFFECT] action_delta=0.01233316 param_rms_delta=0.00078761
[TIME] collect=3.452s update=0.271s
[DONE] timeout=0.00000 anchor_pos=0.00122 anchor_ori=0.00928 ee_body=0.91650
[TRACK_ROLLOUT] anchor_pos=0.82045 anchor_ori=0.54601 body_pos=0.82467 body_ori=0.40696 body_lin=0.36393 body_ang=0.13586
[ACT_SUMMARY] abs_mean=0.5220 abs_p95=0.6587 abs_p99=0.7219 abs_max=0.8935 legs=0.4983 waist=0.5981 arms=0.5260
[FRAME_DIAG] frame0_abs=0.4816 frame1_abs=0.5216 in_chunk_delta=0.4730 cross_chunk_delta=0.5570
[UPDATE] 79/1000 reward_step=0.02300 chunk=0.08335 done_frac=0.24485 mean_reward=0.29058 mean_len=13.16
[SFPO] loss=-0.01281 policy_loss=-0.01620 value_loss=0.00339 ratio=0.9995 [0.038,22.275] clip=0.3773 kl_raw=0.054742 kl/step=0.013685 target_raw=0.0400 target/step=0.0100 kl_units=4 grad=1.0228 grad_c=0.0836 lr=0.000171 critic_lr=0.000171
[ROLLOUT] live=22.03 survive=0.08447 per_step=0.02256 episode_projection=11.28
[POLICY_DETAIL] samples=49152 raw_samples=49152 mb=12288 micro_mb=8192 logp_delta_abs=0.22044 old_logp=-62.88969 new_logp=-62.94165 adv_abs=0.66787 sde_steps=4
[TRAIN] mean_reward=0.29058 mean_len=13.16 recent_eps=100 completed_eps=1020655
[UPDATE_EFFECT] action_delta=0.01298080 param_rms_delta=0.00080501
[TIME] collect=3.550s update=0.265s
[DONE] timeout=0.00000 anchor_pos=0.00085 anchor_ori=0.01001 ee_body=0.91492
[TRACK_ROLLOUT] anchor_pos=0.82214 anchor_ori=0.55041 body_pos=0.82508 body_ori=0.40642 body_lin=0.36670 body_ang=0.13709
[ACT_SUMMARY] abs_mean=0.5213 abs_p95=0.6577 abs_p99=0.7186 abs_max=0.9517 legs=0.4981 waist=0.5975 arms=0.5249
[FRAME_DIAG] frame0_abs=0.4815 frame1_abs=0.5208 in_chunk_delta=0.4705 cross_chunk_delta=0.5544
[UPDATE] 80/1000 reward_step=0.02328 chunk=0.08410 done_frac=0.24646 mean_reward=0.28042 mean_len=12.88
[SFPO] loss=-0.01360 policy_loss=-0.01693 value_loss=0.00332 ratio=0.9995 [0.030,14.556] clip=0.3762 kl_raw=0.054463 kl/step=0.013616 target_raw=0.0400 target/step=0.0100 kl_units=4 grad=0.9974 grad_c=0.0753 lr=0.000114 critic_lr=0.000114
[ROLLOUT] live=21.97 survive=0.08423 per_step=0.02284 episode_projection=11.42
[POLICY_DETAIL] samples=49152 raw_samples=49152 mb=12288 micro_mb=8192 logp_delta_abs=0.21982 old_logp=-62.92872 new_logp=-62.98040 adv_abs=0.67209 sde_steps=4
[TRAIN] mean_reward=0.28042 mean_len=12.88 recent_eps=100 completed_eps=1032769
[UPDATE_EFFECT] action_delta=0.01267441 param_rms_delta=0.00083444
[TIME] collect=3.508s update=0.259s
[DONE] timeout=0.00000 anchor_pos=0.00122 anchor_ori=0.00830 ee_body=0.91541
[TRACK_ROLLOUT] anchor_pos=0.81964 anchor_ori=0.55094 body_pos=0.82483 body_ori=0.40723 body_lin=0.36724 body_ang=0.13833
[ACT_SUMMARY] abs_mean=0.5223 abs_p95=0.6590 abs_p99=0.7206 abs_max=0.8955 legs=0.4995 waist=0.5997 arms=0.5252
[FRAME_DIAG] frame0_abs=0.4819 frame1_abs=0.5218 in_chunk_delta=0.4687 cross_chunk_delta=0.5524
[UPDATE] 81/1000 reward_step=0.02327 chunk=0.08415 done_frac=0.24443 mean_reward=0.30738 mean_len=13.16
[SFPO] loss=-0.01169 policy_loss=-0.01535 value_loss=0.00366 ratio=0.9983 [0.022,18.577] clip=0.3687 kl_raw=0.054061 kl/step=0.013515 target_raw=0.0400 target/step=0.0100 kl_units=4 grad=1.0669 grad_c=0.1761 lr=0.000114 critic_lr=0.000114
[ROLLOUT] live=21.99 survive=0.08496 per_step=0.02284 episode_projection=11.42
[POLICY_DETAIL] samples=49152 raw_samples=49152 mb=12288 micro_mb=8192 logp_delta_abs=0.21677 old_logp=-62.94214 new_logp=-62.99447 adv_abs=0.66829 sde_steps=4
[TRAIN] mean_reward=0.30738 mean_len=13.16 recent_eps=100 completed_eps=1044783
[UPDATE_EFFECT] action_delta=0.01237371 param_rms_delta=0.00075290
[TIME] collect=3.474s update=0.265s
[DONE] timeout=0.00000 anchor_pos=0.00110 anchor_ori=0.00720 ee_body=0.91443
[TRACK_ROLLOUT] anchor_pos=0.81643 anchor_ori=0.55000 body_pos=0.82347 body_ori=0.40677 body_lin=0.36530 body_ang=0.13906
[ACT_SUMMARY] abs_mean=0.5215 abs_p95=0.6581 abs_p99=0.7214 abs_max=0.9375 legs=0.4991 waist=0.5998 arms=0.5239
[FRAME_DIAG] frame0_abs=0.4809 frame1_abs=0.5209 in_chunk_delta=0.4665 cross_chunk_delta=0.5503
[UPDATE] 82/1000 reward_step=0.02382 chunk=0.08607 done_frac=0.24192 mean_reward=0.32781 mean_len=14.68
[SFPO] loss=-0.01027 policy_loss=-0.01445 value_loss=0.00418 ratio=0.9995 [0.026,13.617] clip=0.3698 kl_raw=0.053706 kl/step=0.013426 target_raw=0.0400 target/step=0.0100 kl_units=4 grad=1.0844 grad_c=0.2867 lr=0.000171 critic_lr=0.000171
[ROLLOUT] live=21.98 survive=0.09021 per_step=0.02337 episode_projection=11.69
[POLICY_DETAIL] samples=49152 raw_samples=49152 mb=12288 micro_mb=8192 logp_delta_abs=0.21683 old_logp=-62.89869 new_logp=-62.94973 adv_abs=0.66232 sde_steps=4
[TRAIN] mean_reward=0.32781 mean_len=14.68 recent_eps=100 completed_eps=1056674
[UPDATE_EFFECT] action_delta=0.01265918 param_rms_delta=0.00077018
[TIME] collect=3.438s update=0.260s
[DONE] timeout=0.00000 anchor_pos=0.00061 anchor_ori=0.00732 ee_body=0.90881
[TRACK_ROLLOUT] anchor_pos=0.81762 anchor_ori=0.55426 body_pos=0.82314 body_ori=0.40855 body_lin=0.36889 body_ang=0.14122
[ACT_SUMMARY] abs_mean=0.5210 abs_p95=0.6580 abs_p99=0.7194 abs_max=0.8935 legs=0.4990 waist=0.5956 arms=0.5238
[FRAME_DIAG] frame0_abs=0.4806 frame1_abs=0.5202 in_chunk_delta=0.4638 cross_chunk_delta=0.5470
[UPDATE] 83/1000 reward_step=0.02403 chunk=0.08691 done_frac=0.23958 mean_reward=0.32470 mean_len=13.52
[SFPO] loss=-0.01169 policy_loss=-0.01515 value_loss=0.00346 ratio=0.9975 [0.039,11.664] clip=0.3758 kl_raw=0.055021 kl/step=0.013755 target_raw=0.0400 target/step=0.0100 kl_units=4 grad=1.1144 grad_c=0.1155 lr=0.000171 critic_lr=0.000171
[ROLLOUT] live=21.99 survive=0.09570 per_step=0.02359 episode_projection=11.79
[POLICY_DETAIL] samples=49152 raw_samples=49152 mb=12288 micro_mb=8192 logp_delta_abs=0.22062 old_logp=-62.91628 new_logp=-62.97012 adv_abs=0.68997 sde_steps=4
[TRAIN] mean_reward=0.32470 mean_len=13.52 recent_eps=100 completed_eps=1068450
[UPDATE_EFFECT] action_delta=0.01253640 param_rms_delta=0.00079883
[TIME] collect=3.461s update=0.271s
[DONE] timeout=0.00000 anchor_pos=0.00098 anchor_ori=0.00745 ee_body=0.90369
[TRACK_ROLLOUT] anchor_pos=0.81700 anchor_ori=0.55195 body_pos=0.82383 body_ori=0.40998 body_lin=0.36856 body_ang=0.14248
[ACT_SUMMARY] abs_mean=0.5220 abs_p95=0.6584 abs_p99=0.7204 abs_max=0.9373 legs=0.5003 waist=0.5982 arms=0.5243
[FRAME_DIAG] frame0_abs=0.4810 frame1_abs=0.5216 in_chunk_delta=0.4625 cross_chunk_delta=0.5446
[UPDATE] 84/1000 reward_step=0.02413 chunk=0.08722 done_frac=0.23704 mean_reward=0.30235 mean_len=13.44
[SFPO] loss=-0.01110 policy_loss=-0.01471 value_loss=0.00360 ratio=0.9970 [0.025,15.086] clip=0.3716 kl_raw=0.053762 kl/step=0.013441 target_raw=0.0400 target/step=0.0100 kl_units=4 grad=1.1089 grad_c=0.0739 lr=0.000171 critic_lr=0.000171
[ROLLOUT] live=21.98 survive=0.09985 per_step=0.02367 episode_projection=11.83
[POLICY_DETAIL] samples=49152 raw_samples=49152 mb=12288 micro_mb=8192 logp_delta_abs=0.21793 old_logp=-62.94028 new_logp=-62.99349 adv_abs=0.66063 sde_steps=4
[TRAIN] mean_reward=0.30235 mean_len=13.44 recent_eps=100 completed_eps=1080101
[UPDATE_EFFECT] action_delta=0.01232220 param_rms_delta=0.00077958
[TIME] collect=3.560s update=0.259s
[DONE] timeout=0.00000 anchor_pos=0.00098 anchor_ori=0.00854 ee_body=0.89929
[TRACK_ROLLOUT] anchor_pos=0.81279 anchor_ori=0.55214 body_pos=0.82211 body_ori=0.40746 body_lin=0.36985 body_ang=0.14410
[ACT_SUMMARY] abs_mean=0.5215 abs_p95=0.6590 abs_p99=0.7206 abs_max=0.9260 legs=0.5010 waist=0.5975 arms=0.5227
[FRAME_DIAG] frame0_abs=0.4805 frame1_abs=0.5209 in_chunk_delta=0.4607 cross_chunk_delta=0.5420
[UPDATE] 85/1000 reward_step=0.02440 chunk=0.08816 done_frac=0.23796 mean_reward=0.26987 mean_len=11.52
[SFPO] loss=-0.01317 policy_loss=-0.01654 value_loss=0.00336 ratio=0.9982 [0.027,20.312] clip=0.3810 kl_raw=0.055707 kl/step=0.013927 target_raw=0.0400 target/step=0.0100 kl_units=4 grad=1.0650 grad_c=0.0389 lr=0.000171 critic_lr=0.000171
[ROLLOUT] live=21.97 survive=0.09399 per_step=0.02395 episode_projection=11.97
[POLICY_DETAIL] samples=49152 raw_samples=49152 mb=12288 micro_mb=8192 logp_delta_abs=0.22272 old_logp=-62.94132 new_logp=-62.99528 adv_abs=0.66349 sde_steps=4
[TRAIN] mean_reward=0.26987 mean_len=11.52 recent_eps=100 completed_eps=1091797
[UPDATE_EFFECT] action_delta=0.01273472 param_rms_delta=0.00080437
[TIME] collect=3.587s update=0.258s
[DONE] timeout=0.00000 anchor_pos=0.00061 anchor_ori=0.00830 ee_body=0.90527
[TRACK_ROLLOUT] anchor_pos=0.81527 anchor_ori=0.55452 body_pos=0.82252 body_ori=0.40805 body_lin=0.37025 body_ang=0.14559
[ACT_SUMMARY] abs_mean=0.5215 abs_p95=0.6596 abs_p99=0.7225 abs_max=0.9300 legs=0.5023 waist=0.5974 arms=0.5218
[FRAME_DIAG] frame0_abs=0.4804 frame1_abs=0.5208 in_chunk_delta=0.4590 cross_chunk_delta=0.5399
[UPDATE] 86/1000 reward_step=0.02477 chunk=0.08952 done_frac=0.23488 mean_reward=0.33548 mean_len=14.40
[SFPO] loss=-0.01196 policy_loss=-0.01545 value_loss=0.00349 ratio=0.9977 [0.032,13.517] clip=0.3781 kl_raw=0.055136 kl/step=0.013784 target_raw=0.0400 target/step=0.0100 kl_units=4 grad=1.0657 grad_c=0.0364 lr=0.000171 critic_lr=0.000171
[ROLLOUT] live=21.97 survive=0.09448 per_step=0.02432 episode_projection=12.16
[POLICY_DETAIL] samples=49152 raw_samples=49152 mb=12288 micro_mb=8192 logp_delta_abs=0.22141 old_logp=-62.92049 new_logp=-62.97430 adv_abs=0.65505 sde_steps=4
[TRAIN] mean_reward=0.33548 mean_len=14.40 recent_eps=100 completed_eps=1103342
[UPDATE_EFFECT] action_delta=0.01281068 param_rms_delta=0.00079305
[TIME] collect=3.542s update=0.260s
[DONE] timeout=0.00000 anchor_pos=0.00073 anchor_ori=0.00818 ee_body=0.90466
[TRACK_ROLLOUT] anchor_pos=0.81399 anchor_ori=0.55695 body_pos=0.82202 body_ori=0.40936 body_lin=0.37235 body_ang=0.14759
[ACT_SUMMARY] abs_mean=0.5211 abs_p95=0.6598 abs_p99=0.7211 abs_max=0.9268 legs=0.5026 waist=0.5931 arms=0.5216
[FRAME_DIAG] frame0_abs=0.4796 frame1_abs=0.5206 in_chunk_delta=0.4569 cross_chunk_delta=0.5377
[UPDATE] 87/1000 reward_step=0.02505 chunk=0.09032 done_frac=0.23423 mean_reward=0.27406 mean_len=12.32
[SFPO] loss=-0.01134 policy_loss=-0.01484 value_loss=0.00349 ratio=0.9985 [0.029,12.926] clip=0.3725 kl_raw=0.053874 kl/step=0.013468 target_raw=0.0400 target/step=0.0100 kl_units=4 grad=1.1395 grad_c=0.0518 lr=0.000114 critic_lr=0.000114
[ROLLOUT] live=21.93 survive=0.10107 per_step=0.02456 episode_projection=12.28
[POLICY_DETAIL] samples=49152 raw_samples=49152 mb=12288 micro_mb=8192 logp_delta_abs=0.21827 old_logp=-62.91619 new_logp=-62.96817 adv_abs=0.66268 sde_steps=4
[TRAIN] mean_reward=0.27406 mean_len=12.32 recent_eps=100 completed_eps=1114855
[UPDATE_EFFECT] action_delta=0.01214009 param_rms_delta=0.00075610
[TIME] collect=3.555s update=0.259s
[DONE] timeout=0.00000 anchor_pos=0.00061 anchor_ori=0.00867 ee_body=0.89819
[TRACK_ROLLOUT] anchor_pos=0.81379 anchor_ori=0.56016 body_pos=0.82160 body_ori=0.40933 body_lin=0.37483 body_ang=0.14968
[ACT_SUMMARY] abs_mean=0.5216 abs_p95=0.6595 abs_p99=0.7213 abs_max=0.9192 legs=0.5031 waist=0.5967 arms=0.5213
[FRAME_DIAG] frame0_abs=0.4798 frame1_abs=0.5211 in_chunk_delta=0.4545 cross_chunk_delta=0.5342
[UPDATE] 88/1000 reward_step=0.02541 chunk=0.09181 done_frac=0.22961 mean_reward=0.37000 mean_len=14.64
[SFPO] loss=-0.01261 policy_loss=-0.01637 value_loss=0.00377 ratio=0.9990 [0.033,10.542] clip=0.3209 kl_raw=0.039282 kl/step=0.009820 target_raw=0.0400 target/step=0.0100 kl_units=4 grad=1.1759 grad_c=0.0454 lr=0.000256 critic_lr=0.000256
[ROLLOUT] live=21.98 survive=0.10339 per_step=0.02493 episode_projection=12.47
[POLICY_DETAIL] samples=49152 raw_samples=49152 mb=12288 micro_mb=8192 logp_delta_abs=0.18677 old_logp=-62.92395 new_logp=-62.96236 adv_abs=0.65505 sde_steps=4
[TRAIN] mean_reward=0.37000 mean_len=14.64 recent_eps=100 completed_eps=1126141
[UPDATE_EFFECT] action_delta=0.01179934 param_rms_delta=0.00071479
[TIME] collect=3.623s update=0.265s
[DONE] timeout=0.00000 anchor_pos=0.00098 anchor_ori=0.00745 ee_body=0.89600
[TRACK_ROLLOUT] anchor_pos=0.80902 anchor_ori=0.56075 body_pos=0.82185 body_ori=0.41070 body_lin=0.37760 body_ang=0.15232
[ACT_SUMMARY] abs_mean=0.5216 abs_p95=0.6601 abs_p99=0.7231 abs_max=0.9573 legs=0.5047 waist=0.5924 arms=0.5209
[FRAME_DIAG] frame0_abs=0.4800 frame1_abs=0.5206 in_chunk_delta=0.4532 cross_chunk_delta=0.5327
[UPDATE] 89/1000 reward_step=0.02537 chunk=0.09173 done_frac=0.22644 mean_reward=0.33144 mean_len=13.40
[SFPO] loss=-0.01239 policy_loss=-0.01603 value_loss=0.00363 ratio=0.9977 [0.017,12.870] clip=0.3791 kl_raw=0.054222 kl/step=0.013555 target_raw=0.0400 target/step=0.0100 kl_units=4 grad=1.1449 grad_c=0.0830 lr=0.000114 critic_lr=0.000114
[ROLLOUT] live=21.99 survive=0.11194 per_step=0.02489 episode_projection=12.45
[POLICY_DETAIL] samples=49152 raw_samples=49152 mb=12288 micro_mb=8192 logp_delta_abs=0.22057 old_logp=-62.90968 new_logp=-62.96257 adv_abs=0.65661 sde_steps=4
[TRAIN] mean_reward=0.33144 mean_len=13.40 recent_eps=100 completed_eps=1137271
[UPDATE_EFFECT] action_delta=0.01276397 param_rms_delta=0.00080440
[TIME] collect=3.573s update=0.261s
[DONE] timeout=0.00000 anchor_pos=0.00049 anchor_ori=0.00684 ee_body=0.88721
[TRACK_ROLLOUT] anchor_pos=0.80707 anchor_ori=0.55832 body_pos=0.81983 body_ori=0.40694 body_lin=0.37731 body_ang=0.15268
[ACT_SUMMARY] abs_mean=0.5214 abs_p95=0.6604 abs_p99=0.7223 abs_max=0.9122 legs=0.5058 waist=0.5940 arms=0.5192
[FRAME_DIAG] frame0_abs=0.4796 frame1_abs=0.5198 in_chunk_delta=0.4514 cross_chunk_delta=0.5305
[UPDATE] 90/1000 reward_step=0.02562 chunk=0.09249 done_frac=0.22858 mean_reward=0.34679 mean_len=13.48
[SFPO] loss=-0.01067 policy_loss=-0.01494 value_loss=0.00428 ratio=0.9991 [0.021,24.666] clip=0.3683 kl_raw=0.053560 kl/step=0.013390 target_raw=0.0400 target/step=0.0100 kl_units=4 grad=1.1410 grad_c=0.2383 lr=0.000171 critic_lr=0.000171
[ROLLOUT] live=21.95 survive=0.11267 per_step=0.02513 episode_projection=12.57
[POLICY_DETAIL] samples=49152 raw_samples=49152 mb=12288 micro_mb=8192 logp_delta_abs=0.21629 old_logp=-62.91028 new_logp=-62.96157 adv_abs=0.64890 sde_steps=4
[TRAIN] mean_reward=0.34679 mean_len=13.48 recent_eps=100 completed_eps=1148506
[UPDATE_EFFECT] action_delta=0.01250214 param_rms_delta=0.00075796
[TIME] collect=3.547s update=0.259s
[DONE] timeout=0.00000 anchor_pos=0.00037 anchor_ori=0.00806 ee_body=0.88599
[TRACK_ROLLOUT] anchor_pos=0.80805 anchor_ori=0.56443 body_pos=0.82011 body_ori=0.40848 body_lin=0.37706 body_ang=0.15357
[ACT_SUMMARY] abs_mean=0.5219 abs_p95=0.6607 abs_p99=0.7238 abs_max=0.9369 legs=0.5071 waist=0.5977 arms=0.5183
[FRAME_DIAG] frame0_abs=0.4809 frame1_abs=0.5202 in_chunk_delta=0.4495 cross_chunk_delta=0.5280
[UPDATE] 91/1000 reward_step=0.02585 chunk=0.09325 done_frac=0.22579 mean_reward=0.34448 mean_len=13.88
[SFPO] loss=-0.01118 policy_loss=-0.01518 value_loss=0.00400 ratio=0.9984 [0.012,23.425] clip=0.3768 kl_raw=0.054665 kl/step=0.013666 target_raw=0.0400 target/step=0.0100 kl_units=4 grad=1.1580 grad_c=0.1043 lr=0.000171 critic_lr=0.000171
[ROLLOUT] live=21.94 survive=0.11206 per_step=0.02536 episode_projection=12.68
[POLICY_DETAIL] samples=49152 raw_samples=49152 mb=12288 micro_mb=8192 logp_delta_abs=0.22041 old_logp=-62.89572 new_logp=-62.94860 adv_abs=0.65732 sde_steps=4
[TRAIN] mean_reward=0.34448 mean_len=13.88 recent_eps=100 completed_eps=1159604
[UPDATE_EFFECT] action_delta=0.01258799 param_rms_delta=0.00076780
[TIME] collect=3.578s update=0.261s
[DONE] timeout=0.00000 anchor_pos=0.00110 anchor_ori=0.00635 ee_body=0.88757
[TRACK_ROLLOUT] anchor_pos=0.80405 anchor_ori=0.56428 body_pos=0.81951 body_ori=0.40879 body_lin=0.37826 body_ang=0.15564
[ACT_SUMMARY] abs_mean=0.5225 abs_p95=0.6619 abs_p99=0.7236 abs_max=0.9295 legs=0.5092 waist=0.5963 arms=0.5180
[FRAME_DIAG] frame0_abs=0.4807 frame1_abs=0.5210 in_chunk_delta=0.4476 cross_chunk_delta=0.5258
[UPDATE] 92/1000 reward_step=0.02606 chunk=0.09402 done_frac=0.22597 mean_reward=0.37193 mean_len=14.44
[SFPO] loss=-0.01000 policy_loss=-0.01379 value_loss=0.00380 ratio=0.9989 [0.031,14.451] clip=0.3726 kl_raw=0.053880 kl/step=0.013470 target_raw=0.0400 target/step=0.0100 kl_units=4 grad=1.2347 grad_c=0.0690 lr=0.000171 critic_lr=0.000171
[ROLLOUT] live=21.94 survive=0.11157 per_step=0.02556 episode_projection=12.78
[POLICY_DETAIL] samples=49152 raw_samples=49152 mb=12288 micro_mb=8192 logp_delta_abs=0.21846 old_logp=-62.96821 new_logp=-63.01986 adv_abs=0.65785 sde_steps=4
[TRAIN] mean_reward=0.37193 mean_len=14.44 recent_eps=100 completed_eps=1170711
[UPDATE_EFFECT] action_delta=0.01197493 param_rms_delta=0.00074038
[TIME] collect=3.599s update=0.258s
[DONE] timeout=0.00000 anchor_pos=0.00049 anchor_ori=0.00574 ee_body=0.88745
[TRACK_ROLLOUT] anchor_pos=0.80216 anchor_ori=0.56980 body_pos=0.81938 body_ori=0.41150 body_lin=0.37789 body_ang=0.15653
[ACT_SUMMARY] abs_mean=0.5230 abs_p95=0.6626 abs_p99=0.7262 abs_max=0.9725 legs=0.5104 waist=0.5965 arms=0.5180
[FRAME_DIAG] frame0_abs=0.4812 frame1_abs=0.5209 in_chunk_delta=0.4457 cross_chunk_delta=0.5239
[UPDATE] 93/1000 reward_step=0.02622 chunk=0.09470 done_frac=0.22066 mean_reward=0.37327 mean_len=14.32
[SFPO] loss=-0.00943 policy_loss=-0.01342 value_loss=0.00399 ratio=0.9980 [0.011,18.199] clip=0.3789 kl_raw=0.054748 kl/step=0.013687 target_raw=0.0400 target/step=0.0100 kl_units=4 grad=1.2333 grad_c=0.0382 lr=0.000171 critic_lr=0.000171
[ROLLOUT] live=21.97 survive=0.12158 per_step=0.02572 episode_projection=12.86
[POLICY_DETAIL] samples=49152 raw_samples=49152 mb=12288 micro_mb=8192 logp_delta_abs=0.22113 old_logp=-62.93116 new_logp=-62.98447 adv_abs=0.65012 sde_steps=4
[TRAIN] mean_reward=0.37327 mean_len=14.32 recent_eps=100 completed_eps=1181557
[UPDATE_EFFECT] action_delta=0.01238618 param_rms_delta=0.00073156
[TIME] collect=3.432s update=0.263s
[DONE] timeout=0.00000 anchor_pos=0.00110 anchor_ori=0.00513 ee_body=0.87781
[TRACK_ROLLOUT] anchor_pos=0.80065 anchor_ori=0.56851 body_pos=0.81876 body_ori=0.41009 body_lin=0.37916 body_ang=0.15848
[ACT_SUMMARY] abs_mean=0.5223 abs_p95=0.6615 abs_p99=0.7237 abs_max=0.9618 legs=0.5100 waist=0.5917 arms=0.5180
[FRAME_DIAG] frame0_abs=0.4810 frame1_abs=0.5200 in_chunk_delta=0.4448 cross_chunk_delta=0.5217
[UPDATE] 94/1000 reward_step=0.02656 chunk=0.09589 done_frac=0.21842 mean_reward=0.41289 mean_len=15.20
[SFPO] loss=-0.00995 policy_loss=-0.01394 value_loss=0.00399 ratio=0.9979 [0.015,19.421] clip=0.3720 kl_raw=0.054429 kl/step=0.013607 target_raw=0.0400 target/step=0.0100 kl_units=4 grad=1.2558 grad_c=0.1366 lr=0.000171 critic_lr=0.000171
[ROLLOUT] live=21.96 survive=0.12830 per_step=0.02605 episode_projection=13.03
[POLICY_DETAIL] samples=49152 raw_samples=49152 mb=12288 micro_mb=8192 logp_delta_abs=0.21889 old_logp=-62.91429 new_logp=-62.96736 adv_abs=0.65574 sde_steps=4
[TRAIN] mean_reward=0.41289 mean_len=15.20 recent_eps=100 completed_eps=1192293
[UPDATE_EFFECT] action_delta=0.01229817 param_rms_delta=0.00072273
[TIME] collect=3.528s update=0.261s
[DONE] timeout=0.00000 anchor_pos=0.00159 anchor_ori=0.00586 ee_body=0.87097
[TRACK_ROLLOUT] anchor_pos=0.80087 anchor_ori=0.56991 body_pos=0.81940 body_ori=0.41082 body_lin=0.38265 body_ang=0.16117
[ACT_SUMMARY] abs_mean=0.5229 abs_p95=0.6615 abs_p99=0.7226 abs_max=0.9245 legs=0.5123 waist=0.5902 arms=0.5175
[FRAME_DIAG] frame0_abs=0.4815 frame1_abs=0.5207 in_chunk_delta=0.4433 cross_chunk_delta=0.5196
[UPDATE] 95/1000 reward_step=0.02660 chunk=0.09601 done_frac=0.21938 mean_reward=0.34087 mean_len=13.32
[SFPO] loss=-0.01040 policy_loss=-0.01472 value_loss=0.00432 ratio=0.9979 [0.028,21.763] clip=0.3793 kl_raw=0.055022 kl/step=0.013756 target_raw=0.0400 target/step=0.0100 kl_units=4 grad=1.1788 grad_c=0.1071 lr=0.000114 critic_lr=0.000114
[ROLLOUT] live=21.95 survive=0.12378 per_step=0.02610 episode_projection=13.05
[POLICY_DETAIL] samples=49152 raw_samples=49152 mb=12288 micro_mb=8192 logp_delta_abs=0.22164 old_logp=-62.92243 new_logp=-62.97609 adv_abs=0.64180 sde_steps=4
[TRAIN] mean_reward=0.34087 mean_len=13.32 recent_eps=100 completed_eps=1203076
[UPDATE_EFFECT] action_delta=0.01212571 param_rms_delta=0.00075692
[TIME] collect=3.555s update=0.259s
[DONE] timeout=0.00000 anchor_pos=0.00049 anchor_ori=0.00586 ee_body=0.87573
[TRACK_ROLLOUT] anchor_pos=0.79705 anchor_ori=0.56949 body_pos=0.81823 body_ori=0.41124 body_lin=0.38387 body_ang=0.16208
[ACT_SUMMARY] abs_mean=0.5226 abs_p95=0.6622 abs_p99=0.7252 abs_max=0.9076 legs=0.5130 waist=0.5880 arms=0.5168
[FRAME_DIAG] frame0_abs=0.4812 frame1_abs=0.5202 in_chunk_delta=0.4423 cross_chunk_delta=0.5194
[UPDATE] 96/1000 reward_step=0.02681 chunk=0.09669 done_frac=0.21354 mean_reward=0.37659 mean_len=16.16
[SFPO] loss=-0.01188 policy_loss=-0.01601 value_loss=0.00413 ratio=0.9987 [0.065,12.145] clip=0.3180 kl_raw=0.039122 kl/step=0.009781 target_raw=0.0400 target/step=0.0100 kl_units=4 grad=1.2689 grad_c=0.0431 lr=0.000256 critic_lr=0.000256
[ROLLOUT] live=21.94 survive=0.13110 per_step=0.02628 episode_projection=13.14
[POLICY_DETAIL] samples=49152 raw_samples=49152 mb=12288 micro_mb=8192 logp_delta_abs=0.18567 old_logp=-62.92361 new_logp=-62.96212 adv_abs=0.65188 sde_steps=4
[TRAIN] mean_reward=0.37659 mean_len=16.16 recent_eps=100 completed_eps=1213572
[UPDATE_EFFECT] action_delta=0.01177956 param_rms_delta=0.00068672
[TIME] collect=3.568s update=0.259s
[DONE] timeout=0.00000 anchor_pos=0.00110 anchor_ori=0.00586 ee_body=0.86768
[TRACK_ROLLOUT] anchor_pos=0.79600 anchor_ori=0.57071 body_pos=0.81745 body_ori=0.40808 body_lin=0.38639 body_ang=0.16403
[ACT_SUMMARY] abs_mean=0.5226 abs_p95=0.6619 abs_p99=0.7245 abs_max=0.9426 legs=0.5139 waist=0.5845 arms=0.5169
[FRAME_DIAG] frame0_abs=0.4809 frame1_abs=0.5210 in_chunk_delta=0.4411 cross_chunk_delta=0.5168
[UPDATE] 97/1000 reward_step=0.02663 chunk=0.09613 done_frac=0.21615 mean_reward=0.39338 mean_len=15.44
[SFPO] loss=-0.01053 policy_loss=-0.01556 value_loss=0.00503 ratio=0.9986 [0.019,13.904] clip=0.3801 kl_raw=0.054570 kl/step=0.013643 target_raw=0.0400 target/step=0.0100 kl_units=4 grad=1.2072 grad_c=0.3449 lr=0.000256 critic_lr=0.000256
[ROLLOUT] live=21.96 survive=0.12732 per_step=0.02613 episode_projection=13.06
[POLICY_DETAIL] samples=49152 raw_samples=49152 mb=12288 micro_mb=8192 logp_delta_abs=0.22152 old_logp=-62.92089 new_logp=-62.97354 adv_abs=0.64954 sde_steps=4
[TRAIN] mean_reward=0.39338 mean_len=15.44 recent_eps=100 completed_eps=1224196
[UPDATE_EFFECT] action_delta=0.01283484 param_rms_delta=0.00080794
[TIME] collect=3.554s update=0.284s
[DONE] timeout=0.00000 anchor_pos=0.00159 anchor_ori=0.00452 ee_body=0.87195
[TRACK_ROLLOUT] anchor_pos=0.79215 anchor_ori=0.57116 body_pos=0.81571 body_ori=0.40854 body_lin=0.38230 body_ang=0.16406
[ACT_SUMMARY] abs_mean=0.5230 abs_p95=0.6624 abs_p99=0.7250 abs_max=0.9407 legs=0.5163 waist=0.5861 arms=0.5152
[FRAME_DIAG] frame0_abs=0.4813 frame1_abs=0.5215 in_chunk_delta=0.4400 cross_chunk_delta=0.5155
[UPDATE] 98/1000 reward_step=0.02721 chunk=0.09828 done_frac=0.21236 mean_reward=0.44655 mean_len=16.64
[SFPO] loss=-0.00721 policy_loss=-0.01198 value_loss=0.00477 ratio=0.9991 [0.022,13.794] clip=0.3930 kl_raw=0.057720 kl/step=0.014430 target_raw=0.0400 target/step=0.0100 kl_units=4 grad=1.3917 grad_c=0.2034 lr=0.000171 critic_lr=0.000171
[ROLLOUT] live=21.97 survive=0.13147 per_step=0.02668 episode_projection=13.34
[POLICY_DETAIL] samples=49152 raw_samples=49152 mb=12288 micro_mb=8192 logp_delta_abs=0.22854 old_logp=-62.89826 new_logp=-62.95349 adv_abs=0.70882 sde_steps=4
[TRAIN] mean_reward=0.44655 mean_len=16.64 recent_eps=100 completed_eps=1234634
[UPDATE_EFFECT] action_delta=0.01147311 param_rms_delta=0.00071245
[TIME] collect=3.536s update=0.262s
[DONE] timeout=0.00000 anchor_pos=0.00049 anchor_ori=0.00427 ee_body=0.86816
[TRACK_ROLLOUT] anchor_pos=0.79118 anchor_ori=0.57485 body_pos=0.81649 body_ori=0.41191 body_lin=0.38812 body_ang=0.16861
[ACT_SUMMARY] abs_mean=0.5235 abs_p95=0.6643 abs_p99=0.7266 abs_max=0.9339 legs=0.5180 waist=0.5830 arms=0.5156
[FRAME_DIAG] frame0_abs=0.4819 frame1_abs=0.5218 in_chunk_delta=0.4380 cross_chunk_delta=0.5126
[UPDATE] 99/1000 reward_step=0.02720 chunk=0.09818 done_frac=0.21358 mean_reward=0.44865 mean_len=16.92
[SFPO] loss=-0.00882 policy_loss=-0.01311 value_loss=0.00429 ratio=0.9988 [0.025,11.614] clip=0.3697 kl_raw=0.052948 kl/step=0.013237 target_raw=0.0400 target/step=0.0100 kl_units=4 grad=1.3214 grad_c=0.1002 lr=0.000171 critic_lr=0.000171
[ROLLOUT] live=21.96 survive=0.12744 per_step=0.02668 episode_projection=13.34
[POLICY_DETAIL] samples=49152 raw_samples=49152 mb=12288 micro_mb=8192 logp_delta_abs=0.21649 old_logp=-62.93803 new_logp=-62.98897 adv_abs=0.65688 sde_steps=4
[TRAIN] mean_reward=0.44865 mean_len=16.92 recent_eps=100 completed_eps=1245132
[UPDATE_EFFECT] action_delta=0.01199279 param_rms_delta=0.00074591
[TIME] collect=3.556s update=0.262s
[DONE] timeout=0.00000 anchor_pos=0.00085 anchor_ori=0.00500 ee_body=0.87170
[TRACK_ROLLOUT] anchor_pos=0.79018 anchor_ori=0.57355 body_pos=0.81577 body_ori=0.41056 body_lin=0.38683 body_ang=0.16850
[ACT_SUMMARY] abs_mean=0.5255 abs_p95=0.6668 abs_p99=0.7314 abs_max=0.9885 legs=0.5206 waist=0.5875 arms=0.5164
[FRAME_DIAG] frame0_abs=0.4838 frame1_abs=0.5242 in_chunk_delta=0.4367 cross_chunk_delta=0.5120
[UPDATE] 100/1000 reward_step=0.02738 chunk=0.09904 done_frac=0.21004 mean_reward=0.46556 mean_len=16.76
[SFPO] loss=-0.00995 policy_loss=-0.01415 value_loss=0.00421 ratio=0.9988 [0.019,15.388] clip=0.3723 kl_raw=0.053114 kl/step=0.013278 target_raw=0.0400 target/step=0.0100 kl_units=4 grad=1.3440 grad_c=0.0443 lr=0.000171 critic_lr=0.000171
[ROLLOUT] live=22.00 survive=0.13757 per_step=0.02686 episode_projection=13.43
[POLICY_DETAIL] samples=49152 raw_samples=49152 mb=12288 micro_mb=8192 logp_delta_abs=0.21764 old_logp=-62.90994 new_logp=-62.96108 adv_abs=0.64511 sde_steps=4
[TRAIN] mean_reward=0.46556 mean_len=16.76 recent_eps=100 completed_eps=1255456
[UPDATE_EFFECT] action_delta=0.01264559 param_rms_delta=0.00073465
[TIME] collect=3.543s update=0.260s
[DONE] timeout=0.00000 anchor_pos=0.00098 anchor_ori=0.00427 ee_body=0.86230
[TRACK_ROLLOUT] anchor_pos=0.78902 anchor_ori=0.57488 body_pos=0.81468 body_ori=0.41161 body_lin=0.38572 body_ang=0.16975
[ACT_SUMMARY] abs_mean=0.5253 abs_p95=0.6657 abs_p99=0.7287 abs_max=0.9623 legs=0.5210 waist=0.5843 arms=0.5164
[FRAME_DIAG] frame0_abs=0.4834 frame1_abs=0.5229 in_chunk_delta=0.4352 cross_chunk_delta=0.5089
[VALIDATION_START] update=100 max_steps=500 envs=8192 fixed_seed=disabled
[VALIDATION_RESET_START]
[VALIDATION_RESET_DONE] time=0.004s
[VALIDATION_PROGRESS] step=1/500 done=0.00000 alive=1.00000 elapsed=0.157s
[VALIDATION_EARLY_STOP] step=30 done_frac=0.9821
[VALIDATION_DONE] update=100 time=3.633s
[VAL] steps_mean=16.58 steps_min=11 steps_p50=16 steps_p95=21 steps_max=30 fail_phase_mean=15.3 return=0.84096 done=0.98206
[VAL_EE] left_ankle_bad=0.00472 left_ankle_z=0.01003 right_ankle_bad=0.00000 right_ankle_z=0.00543 left_wrist_bad=0.63891 left_wrist_z=0.22592 right_wrist_bad=0.40099 right_wrist_z=0.20035
[VAL_CAUSE] anchor_pos_bad=0.00000 anchor_ori_bad=0.00000 ee_body_bad=0.98206 time_out=0.00000 anchor_z=0.10768 anchor_grav=0.18265 ee_z_max=0.26237 ee_z_mean=0.11043
[VAL_WALL] alive@850=0.0179 motion_complete=0.0000 wrist_fail_825_840=0.0000 steps_p50=16
[CHECKPOINT] saved /home/y/my_mimic_mixgrpo/my_mimic_mixgrpo_h1/runs/sfpo_h4_autokl_1000_v1/checkpoints/update_0100.pt
[UPDATE] 101/1000 reward_step=0.02779 chunk=0.10047 done_frac=0.20959 mean_reward=0.40003 mean_len=15.60
[SFPO] loss=-0.00989 policy_loss=-0.01415 value_loss=0.00426 ratio=0.9990 [0.029,11.041] clip=0.3657 kl_raw=0.051654 kl/step=0.012914 target_raw=0.0400 target/step=0.0100 kl_units=4 grad=1.3754 grad_c=0.0623 lr=0.000171 critic_lr=0.000171
[ROLLOUT] live=21.99 survive=0.13916 per_step=0.02724 episode_projection=13.62
[POLICY_DETAIL] samples=49152 raw_samples=49152 mb=12288 micro_mb=8192 logp_delta_abs=0.21405 old_logp=-62.90740 new_logp=-62.95694 adv_abs=0.65042 sde_steps=4
[TRAIN] mean_reward=0.40003 mean_len=15.60 recent_eps=100 completed_eps=1265758
[UPDATE_EFFECT] action_delta=0.01211597 param_rms_delta=0.00073016
[TIME] collect=3.737s update=0.267s
[DONE] timeout=0.00000 anchor_pos=0.00110 anchor_ori=0.00623 ee_body=0.85974
[TRACK_ROLLOUT] anchor_pos=0.79079 anchor_ori=0.58090 body_pos=0.81702 body_ori=0.41503 body_lin=0.39036 body_ang=0.17214
[ACT_SUMMARY] abs_mean=0.5266 abs_p95=0.6687 abs_p99=0.7324 abs_max=0.9050 legs=0.5243 waist=0.5854 arms=0.5160
[FRAME_DIAG] frame0_abs=0.4854 frame1_abs=0.5238 in_chunk_delta=0.4337 cross_chunk_delta=0.5066
[UPDATE] 102/1000 reward_step=0.02811 chunk=0.10176 done_frac=0.20616 mean_reward=0.41983 mean_len=15.56
[SFPO] loss=-0.00935 policy_loss=-0.01361 value_loss=0.00426 ratio=0.9988 [0.026,11.812] clip=0.3671 kl_raw=0.051471 kl/step=0.012868 target_raw=0.0400 target/step=0.0100 kl_units=4 grad=1.3534 grad_c=0.0401 lr=0.000171 critic_lr=0.000171
[ROLLOUT] live=22.02 survive=0.14624 per_step=0.02757 episode_projection=13.78
[POLICY_DETAIL] samples=49152 raw_samples=49152 mb=12288 micro_mb=8192 logp_delta_abs=0.21420 old_logp=-62.92797 new_logp=-62.97770 adv_abs=0.64729 sde_steps=4
[TRAIN] mean_reward=0.41983 mean_len=15.56 recent_eps=100 completed_eps=1275891
[UPDATE_EFFECT] action_delta=0.01252589 param_rms_delta=0.00073542
[TIME] collect=3.601s update=0.258s
[DONE] timeout=0.00000 anchor_pos=0.00122 anchor_ori=0.00562 ee_body=0.85266
[TRACK_ROLLOUT] anchor_pos=0.78889 anchor_ori=0.57843 body_pos=0.81708 body_ori=0.41536 body_lin=0.39183 body_ang=0.17516
[ACT_SUMMARY] abs_mean=0.5275 abs_p95=0.6698 abs_p99=0.7334 abs_max=0.9962 legs=0.5255 waist=0.5850 arms=0.5170
[FRAME_DIAG] frame0_abs=0.4868 frame1_abs=0.5235 in_chunk_delta=0.4318 cross_chunk_delta=0.5047
[UPDATE] 103/1000 reward_step=0.02786 chunk=0.10085 done_frac=0.20498 mean_reward=0.54898 mean_len=18.64
[SFPO] loss=-0.01031 policy_loss=-0.01464 value_loss=0.00433 ratio=0.9983 [0.032,14.535] clip=0.3619 kl_raw=0.051032 kl/step=0.012758 target_raw=0.0400 target/step=0.0100 kl_units=4 grad=1.2921 grad_c=0.0371 lr=0.000171 critic_lr=0.000171
[ROLLOUT] live=22.02 survive=0.15234 per_step=0.02732 episode_projection=13.66
[POLICY_DETAIL] samples=49152 raw_samples=49152 mb=12288 micro_mb=8192 logp_delta_abs=0.21222 old_logp=-62.92650 new_logp=-62.97615 adv_abs=0.64610 sde_steps=4
[TRAIN] mean_reward=0.54898 mean_len=18.64 recent_eps=100 completed_eps=1285966
[UPDATE_EFFECT] action_delta=0.01244901 param_rms_delta=0.00072445
[TIME] collect=3.551s update=0.258s
[DONE] timeout=0.00000 anchor_pos=0.00134 anchor_ori=0.00574 ee_body=0.84607
[TRACK_ROLLOUT] anchor_pos=0.78083 anchor_ori=0.57643 body_pos=0.81346 body_ori=0.41051 body_lin=0.39054 body_ang=0.17572
[ACT_SUMMARY] abs_mean=0.5286 abs_p95=0.6710 abs_p99=0.7344 abs_max=0.9669 legs=0.5280 waist=0.5846 arms=0.5172
[FRAME_DIAG] frame0_abs=0.4880 frame1_abs=0.5255 in_chunk_delta=0.4309 cross_chunk_delta=0.5038
[UPDATE] 104/1000 reward_step=0.02828 chunk=0.10220 done_frac=0.20453 mean_reward=0.54354 mean_len=18.40
[SFPO] loss=-0.00876 policy_loss=-0.01310 value_loss=0.00435 ratio=0.9970 [0.047,11.843] clip=0.3716 kl_raw=0.053737 kl/step=0.013434 target_raw=0.0400 target/step=0.0100 kl_units=4 grad=1.3993 grad_c=0.0842 lr=0.000171 critic_lr=0.000171
[ROLLOUT] live=21.99 survive=0.15002 per_step=0.02773 episode_projection=13.86
[POLICY_DETAIL] samples=49152 raw_samples=49152 mb=12288 micro_mb=8192 logp_delta_abs=0.21805 old_logp=-62.91421 new_logp=-62.96752 adv_abs=0.65245 sde_steps=4
[TRAIN] mean_reward=0.54354 mean_len=18.40 recent_eps=100 completed_eps=1296019
[UPDATE_EFFECT] action_delta=0.01222321 param_rms_delta=0.00071771
[TIME] collect=3.585s update=0.273s
[DONE] timeout=0.00000 anchor_pos=0.00122 anchor_ori=0.00305 ee_body=0.84900
[TRACK_ROLLOUT] anchor_pos=0.78593 anchor_ori=0.58125 body_pos=0.81526 body_ori=0.41508 body_lin=0.39349 body_ang=0.17714
[ACT_SUMMARY] abs_mean=0.5296 abs_p95=0.6719 abs_p99=0.7369 abs_max=0.9475 legs=0.5297 waist=0.5859 arms=0.5174
[FRAME_DIAG] frame0_abs=0.4886 frame1_abs=0.5262 in_chunk_delta=0.4296 cross_chunk_delta=0.5019
[UPDATE] 105/1000 reward_step=0.02841 chunk=0.10294 done_frac=0.19987 mean_reward=0.53738 mean_len=18.52
[SFPO] loss=-0.00994 policy_loss=-0.01434 value_loss=0.00440 ratio=0.9975 [0.026,15.016] clip=0.3682 kl_raw=0.052824 kl/step=0.013206 target_raw=0.0400 target/step=0.0100 kl_units=4 grad=1.3374 grad_c=0.0909 lr=0.000171 critic_lr=0.000171
[ROLLOUT] live=22.04 survive=0.15356 per_step=0.02787 episode_projection=13.94
[POLICY_DETAIL] samples=49152 raw_samples=49152 mb=12288 micro_mb=8192 logp_delta_abs=0.21611 old_logp=-62.91366 new_logp=-62.96573 adv_abs=0.65024 sde_steps=4
[TRAIN] mean_reward=0.53738 mean_len=18.52 recent_eps=100 completed_eps=1305843
[UPDATE_EFFECT] action_delta=0.01180483 param_rms_delta=0.00071798
[TIME] collect=3.523s update=0.259s
[DONE] timeout=0.00000 anchor_pos=0.00098 anchor_ori=0.00415 ee_body=0.84583
[TRACK_ROLLOUT] anchor_pos=0.78011 anchor_ori=0.58182 body_pos=0.81376 body_ori=0.41337 body_lin=0.39471 body_ang=0.17979
[ACT_SUMMARY] abs_mean=0.5297 abs_p95=0.6728 abs_p99=0.7358 abs_max=0.9514 legs=0.5318 waist=0.5817 arms=0.5169
[FRAME_DIAG] frame0_abs=0.4896 frame1_abs=0.5264 in_chunk_delta=0.4290 cross_chunk_delta=0.4999
[UPDATE] 106/1000 reward_step=0.02855 chunk=0.10329 done_frac=0.20203 mean_reward=0.57256 mean_len=19.08
[SFPO] loss=-0.00804 policy_loss=-0.01294 value_loss=0.00489 ratio=0.9985 [0.021,10.710] clip=0.3746 kl_raw=0.053878 kl/step=0.013470 target_raw=0.0400 target/step=0.0100 kl_units=4 grad=1.4516 grad_c=0.2793 lr=0.000171 critic_lr=0.000171
[ROLLOUT] live=22.01 survive=0.15002 per_step=0.02801 episode_projection=14.00
[POLICY_DETAIL] samples=49152 raw_samples=49152 mb=12288 micro_mb=8192 logp_delta_abs=0.21914 old_logp=-62.91344 new_logp=-62.96546 adv_abs=0.64917 sde_steps=4
[TRAIN] mean_reward=0.57256 mean_len=19.08 recent_eps=100 completed_eps=1315773
[UPDATE_EFFECT] action_delta=0.01218364 param_rms_delta=0.00071482
[TIME] collect=3.685s update=0.276s
[DONE] timeout=0.00000 anchor_pos=0.00085 anchor_ori=0.00305 ee_body=0.84900
[TRACK_ROLLOUT] anchor_pos=0.77971 anchor_ori=0.58121 body_pos=0.81352 body_ori=0.41494 body_lin=0.39566 body_ang=0.18106
[ACT_SUMMARY] abs_mean=0.5305 abs_p95=0.6737 abs_p99=0.7389 abs_max=0.9565 legs=0.5349 waist=0.5820 arms=0.5157
[FRAME_DIAG] frame0_abs=0.4901 frame1_abs=0.5266 in_chunk_delta=0.4271 cross_chunk_delta=0.4990
[UPDATE] 107/1000 reward_step=0.02871 chunk=0.10401 done_frac=0.20066 mean_reward=0.53132 mean_len=17.76
[SFPO] loss=-0.00884 policy_loss=-0.01321 value_loss=0.00437 ratio=0.9966 [0.014,19.874] clip=0.3676 kl_raw=0.053037 kl/step=0.013259 target_raw=0.0400 target/step=0.0100 kl_units=4 grad=1.4647 grad_c=0.1300 lr=0.000171 critic_lr=0.000171
[ROLLOUT] live=22.04 survive=0.15527 per_step=0.02816 episode_projection=14.08
[POLICY_DETAIL] samples=49152 raw_samples=49152 mb=12288 micro_mb=8192 logp_delta_abs=0.21602 old_logp=-62.90472 new_logp=-62.95757 adv_abs=0.65817 sde_steps=4
[TRAIN] mean_reward=0.53132 mean_len=17.76 recent_eps=100 completed_eps=1325636
[UPDATE_EFFECT] action_delta=0.01223843 param_rms_delta=0.00071598
[TIME] collect=3.596s update=0.269s
[DONE] timeout=0.00000 anchor_pos=0.00134 anchor_ori=0.00354 ee_body=0.84448
[TRACK_ROLLOUT] anchor_pos=0.77820 anchor_ori=0.58490 body_pos=0.81316 body_ori=0.41615 body_lin=0.39587 body_ang=0.18237
[ACT_SUMMARY] abs_mean=0.5322 abs_p95=0.6759 abs_p99=0.7392 abs_max=0.9861 legs=0.5377 waist=0.5803 arms=0.5172
[FRAME_DIAG] frame0_abs=0.4918 frame1_abs=0.5288 in_chunk_delta=0.4259 cross_chunk_delta=0.4968
[UPDATE] 108/1000 reward_step=0.02880 chunk=0.10443 done_frac=0.19720 mean_reward=0.56815 mean_len=19.28
[SFPO] loss=-0.01061 policy_loss=-0.01506 value_loss=0.00445 ratio=0.9982 [0.017,12.785] clip=0.3634 kl_raw=0.051653 kl/step=0.012913 target_raw=0.0400 target/step=0.0100 kl_units=4 grad=1.3566 grad_c=0.1077 lr=0.000114 critic_lr=0.000114
[ROLLOUT] live=22.06 survive=0.16077 per_step=0.02825 episode_projection=14.13
[POLICY_DETAIL] samples=49152 raw_samples=49152 mb=12288 micro_mb=8192 logp_delta_abs=0.21351 old_logp=-62.90508 new_logp=-62.95539 adv_abs=0.64846 sde_steps=4
[TRAIN] mean_reward=0.56815 mean_len=19.28 recent_eps=100 completed_eps=1335329
[UPDATE_EFFECT] action_delta=0.01177046 param_rms_delta=0.00069149
[TIME] collect=3.582s update=0.268s
[DONE] timeout=0.00000 anchor_pos=0.00049 anchor_ori=0.00171 ee_body=0.83875
[TRACK_ROLLOUT] anchor_pos=0.77648 anchor_ori=0.58639 body_pos=0.81247 body_ori=0.41625 body_lin=0.39652 body_ang=0.18396
[ACT_SUMMARY] abs_mean=0.5325 abs_p95=0.6764 abs_p99=0.7394 abs_max=0.9251 legs=0.5384 waist=0.5772 arms=0.5179
[FRAME_DIAG] frame0_abs=0.4912 frame1_abs=0.5288 in_chunk_delta=0.4250 cross_chunk_delta=0.4947
[UPDATE] 109/1000 reward_step=0.02875 chunk=0.10432 done_frac=0.19767 mean_reward=0.59348 mean_len=20.32
[SFPO] loss=-0.01059 policy_loss=-0.01535 value_loss=0.00476 ratio=0.9987 [0.043,10.248] clip=0.3206 kl_raw=0.039083 kl/step=0.009771 target_raw=0.0400 target/step=0.0100 kl_units=4 grad=1.4058 grad_c=0.0992 lr=0.000256 critic_lr=0.000256
[ROLLOUT] live=22.08 survive=0.15967 per_step=0.02820 episode_projection=14.10
[POLICY_DETAIL] samples=49152 raw_samples=49152 mb=12288 micro_mb=8192 logp_delta_abs=0.18671 old_logp=-62.87716 new_logp=-62.91563 adv_abs=0.64503 sde_steps=4
[TRAIN] mean_reward=0.59348 mean_len=20.32 recent_eps=100 completed_eps=1345045
[UPDATE_EFFECT] action_delta=0.01152746 param_rms_delta=0.00065164
[TIME] collect=3.581s update=0.260s
[DONE] timeout=0.00000 anchor_pos=0.00073 anchor_ori=0.00378 ee_body=0.83972
[TRACK_ROLLOUT] anchor_pos=0.77186 anchor_ori=0.58520 body_pos=0.81074 body_ori=0.41589 body_lin=0.39482 body_ang=0.18378
[ACT_SUMMARY] abs_mean=0.5332 abs_p95=0.6770 abs_p99=0.7407 abs_max=0.9080 legs=0.5408 waist=0.5758 arms=0.5176
[FRAME_DIAG] frame0_abs=0.4918 frame1_abs=0.5295 in_chunk_delta=0.4233 cross_chunk_delta=0.4942
[UPDATE] 110/1000 reward_step=0.02908 chunk=0.10560 done_frac=0.19444 mean_reward=0.65224 mean_len=21.28
[SFPO] loss=-0.00478 policy_loss=-0.01122 value_loss=0.00645 ratio=0.9979 [0.017,19.273] clip=0.3993 kl_raw=0.060394 kl/step=0.015099 target_raw=0.0400 target/step=0.0100 kl_units=4 grad=1.4907 grad_c=0.4251 lr=0.000171 critic_lr=0.000171
[ROLLOUT] live=22.09 survive=0.16797 per_step=0.02852 episode_projection=14.26
[POLICY_DETAIL] samples=49152 raw_samples=49152 mb=12288 micro_mb=8192 logp_delta_abs=0.23361 old_logp=-62.92578 new_logp=-62.98433 adv_abs=0.64448 sde_steps=4
[TRAIN] mean_reward=0.65224 mean_len=21.28 recent_eps=100 completed_eps=1354602
[UPDATE_EFFECT] action_delta=0.01146271 param_rms_delta=0.00067878
[TIME] collect=3.561s update=0.269s
[DONE] timeout=0.00000 anchor_pos=0.00134 anchor_ori=0.00366 ee_body=0.83118
[TRACK_ROLLOUT] anchor_pos=0.76997 anchor_ori=0.58916 body_pos=0.81000 body_ori=0.41589 body_lin=0.39942 body_ang=0.18756
[ACT_SUMMARY] abs_mean=0.5338 abs_p95=0.6773 abs_p99=0.7402 abs_max=0.9520 legs=0.5419 waist=0.5756 arms=0.5179
[FRAME_DIAG] frame0_abs=0.4923 frame1_abs=0.5304 in_chunk_delta=0.4221 cross_chunk_delta=0.4922
[UPDATE] 111/1000 reward_step=0.02924 chunk=0.10610 done_frac=0.19613 mean_reward=0.66715 mean_len=21.68
[SFPO] loss=-0.00475 policy_loss=-0.01046 value_loss=0.00571 ratio=0.9994 [0.033,20.172] clip=0.3962 kl_raw=0.061075 kl/step=0.015269 target_raw=0.0400 target/step=0.0100 kl_units=4 grad=1.4156 grad_c=0.3187 lr=0.000076 critic_lr=0.000076
[ROLLOUT] live=22.08 survive=0.15869 per_step=0.02868 episode_projection=14.34
[POLICY_DETAIL] samples=49152 raw_samples=49152 mb=12288 micro_mb=8192 logp_delta_abs=0.23321 old_logp=-62.90580 new_logp=-62.96368 adv_abs=0.65592 sde_steps=4
[TRAIN] mean_reward=0.66715 mean_len=21.68 recent_eps=100 completed_eps=1364242
[UPDATE_EFFECT] action_delta=0.01090398 param_rms_delta=0.00062272
[TIME] collect=3.571s update=0.278s
[DONE] timeout=0.00000 anchor_pos=0.00110 anchor_ori=0.00354 ee_body=0.84009
[TRACK_ROLLOUT] anchor_pos=0.77481 anchor_ori=0.59440 body_pos=0.81112 body_ori=0.41735 body_lin=0.40004 body_ang=0.18783
[ACT_SUMMARY] abs_mean=0.5345 abs_p95=0.6780 abs_p99=0.7419 abs_max=0.9540 legs=0.5430 waist=0.5783 arms=0.5177
[FRAME_DIAG] frame0_abs=0.4921 frame1_abs=0.5312 in_chunk_delta=0.4208 cross_chunk_delta=0.4912
[UPDATE] 112/1000 reward_step=0.02926 chunk=0.10630 done_frac=0.19281 mean_reward=0.63911 mean_len=21.80
[SFPO] loss=-0.00627 policy_loss=-0.01161 value_loss=0.00533 ratio=0.9988 [0.038,20.801] clip=0.3586 kl_raw=0.053344 kl/step=0.013336 target_raw=0.0400 target/step=0.0100 kl_units=4 grad=1.4164 grad_c=0.1669 lr=0.000076 critic_lr=0.000076
[ROLLOUT] live=22.11 survive=0.16467 per_step=0.02869 episode_projection=14.34
[POLICY_DETAIL] samples=49152 raw_samples=49152 mb=12288 micro_mb=8192 logp_delta_abs=0.21284 old_logp=-62.92057 new_logp=-62.97184 adv_abs=0.63491 sde_steps=4
[TRAIN] mean_reward=0.63911 mean_len=21.80 recent_eps=100 completed_eps=1373719
[UPDATE_EFFECT] action_delta=0.01145374 param_rms_delta=0.00066731
[TIME] collect=3.653s update=0.268s
[DONE] timeout=0.00000 anchor_pos=0.00146 anchor_ori=0.00195 ee_body=0.83496
[TRACK_ROLLOUT] anchor_pos=0.76636 anchor_ori=0.59239 body_pos=0.80889 body_ori=0.41587 body_lin=0.39939 body_ang=0.18966
[ACT_SUMMARY] abs_mean=0.5358 abs_p95=0.6803 abs_p99=0.7443 abs_max=1.0020 legs=0.5450 waist=0.5767 arms=0.5193
[FRAME_DIAG] frame0_abs=0.4940 frame1_abs=0.5321 in_chunk_delta=0.4200 cross_chunk_delta=0.4890
[UPDATE] 113/1000 reward_step=0.02976 chunk=0.10842 done_frac=0.18899 mean_reward=0.72050 mean_len=23.36
[SFPO] loss=-0.00892 policy_loss=-0.01391 value_loss=0.00500 ratio=0.9997 [0.030,11.457] clip=0.3055 kl_raw=0.037110 kl/step=0.009277 target_raw=0.0400 target/step=0.0100 kl_units=4 grad=1.4989 grad_c=0.0593 lr=0.000256 critic_lr=0.000256
[ROLLOUT] live=22.16 survive=0.17603 per_step=0.02918 episode_projection=14.59
[POLICY_DETAIL] samples=49152 raw_samples=49152 mb=12288 micro_mb=8192 logp_delta_abs=0.17959 old_logp=-62.92288 new_logp=-62.95865 adv_abs=0.64491 sde_steps=4
[TRAIN] mean_reward=0.72050 mean_len=23.36 recent_eps=100 completed_eps=1383008
[UPDATE_EFFECT] action_delta=0.01109158 param_rms_delta=0.00062875
[TIME] collect=3.670s update=0.263s
[DONE] timeout=0.00000 anchor_pos=0.00146 anchor_ori=0.00293 ee_body=0.82324
[TRACK_ROLLOUT] anchor_pos=0.76828 anchor_ori=0.59224 body_pos=0.81070 body_ori=0.42017 body_lin=0.40443 body_ang=0.19318
[ACT_SUMMARY] abs_mean=0.5377 abs_p95=0.6815 abs_p99=0.7458 abs_max=0.9369 legs=0.5479 waist=0.5744 arms=0.5211
[FRAME_DIAG] frame0_abs=0.4960 frame1_abs=0.5336 in_chunk_delta=0.4185 cross_chunk_delta=0.4872
[UPDATE] 114/1000 reward_step=0.02941 chunk=0.10728 done_frac=0.18732 mean_reward=0.65648 mean_len=21.64
[SFPO] loss=-0.00737 policy_loss=-0.01254 value_loss=0.00517 ratio=0.9984 [0.010,12.500] clip=0.3728 kl_raw=0.052508 kl/step=0.013127 target_raw=0.0400 target/step=0.0100 kl_units=4 grad=1.5553 grad_c=0.0483 lr=0.000171 critic_lr=0.000171
[ROLLOUT] live=22.20 survive=0.17700 per_step=0.02884 episode_projection=14.42
[POLICY_DETAIL] samples=49152 raw_samples=49152 mb=12288 micro_mb=8192 logp_delta_abs=0.21732 old_logp=-62.92395 new_logp=-62.97500 adv_abs=0.63884 sde_steps=4
[TRAIN] mean_reward=0.65648 mean_len=21.64 recent_eps=100 completed_eps=1392215
[UPDATE_EFFECT] action_delta=0.01212924 param_rms_delta=0.00069484
[TIME] collect=3.699s update=0.273s
[DONE] timeout=0.00000 anchor_pos=0.00208 anchor_ori=0.00366 ee_body=0.82166
[TRACK_ROLLOUT] anchor_pos=0.76064 anchor_ori=0.58713 body_pos=0.80746 body_ori=0.41447 body_lin=0.40307 body_ang=0.19312
[ACT_SUMMARY] abs_mean=0.5376 abs_p95=0.6829 abs_p99=0.7471 abs_max=0.9307 legs=0.5483 waist=0.5742 arms=0.5207
[FRAME_DIAG] frame0_abs=0.4954 frame1_abs=0.5341 in_chunk_delta=0.4182 cross_chunk_delta=0.4870
[UPDATE] 115/1000 reward_step=0.02977 chunk=0.10867 done_frac=0.18624 mean_reward=0.63005 mean_len=20.60
[SFPO] loss=-0.00843 policy_loss=-0.01350 value_loss=0.00507 ratio=0.9994 [0.035,24.970] clip=0.3675 kl_raw=0.052815 kl/step=0.013204 target_raw=0.0400 target/step=0.0100 kl_units=4 grad=1.5390 grad_c=0.0662 lr=0.000171 critic_lr=0.000171
[ROLLOUT] live=22.21 survive=0.18054 per_step=0.02920 episode_projection=14.60
[POLICY_DETAIL] samples=49152 raw_samples=49152 mb=12288 micro_mb=8192 logp_delta_abs=0.21586 old_logp=-62.90555 new_logp=-62.95595 adv_abs=0.64381 sde_steps=4
[TRAIN] mean_reward=0.63005 mean_len=20.60 recent_eps=100 completed_eps=1401369
[UPDATE_EFFECT] action_delta=0.01180832 param_rms_delta=0.00069076
[TIME] collect=3.562s update=0.297s
[DONE] timeout=0.00000 anchor_pos=0.00159 anchor_ori=0.00281 ee_body=0.81848
[TRACK_ROLLOUT] anchor_pos=0.75707 anchor_ori=0.58759 body_pos=0.80872 body_ori=0.41900 body_lin=0.40547 body_ang=0.19627
[ACT_SUMMARY] abs_mean=0.5403 abs_p95=0.6855 abs_p99=0.7490 abs_max=0.9288 legs=0.5520 waist=0.5760 arms=0.5226
[FRAME_DIAG] frame0_abs=0.4979 frame1_abs=0.5357 in_chunk_delta=0.4166 cross_chunk_delta=0.4850
[UPDATE] 116/1000 reward_step=0.02963 chunk=0.10816 done_frac=0.18628 mean_reward=0.66620 mean_len=21.52
[SFPO] loss=-0.00922 policy_loss=-0.01423 value_loss=0.00501 ratio=0.9987 [0.018,16.199] clip=0.3682 kl_raw=0.053067 kl/step=0.013267 target_raw=0.0400 target/step=0.0100 kl_units=4 grad=1.4967 grad_c=0.0689 lr=0.000171 critic_lr=0.000171
[ROLLOUT] live=22.21 survive=0.17944 per_step=0.02908 episode_projection=14.54
[POLICY_DETAIL] samples=49152 raw_samples=49152 mb=12288 micro_mb=8192 logp_delta_abs=0.21636 old_logp=-62.89798 new_logp=-62.94909 adv_abs=0.64816 sde_steps=4
[TRAIN] mean_reward=0.66620 mean_len=21.52 recent_eps=100 completed_eps=1410525
[UPDATE_EFFECT] action_delta=0.01201669 param_rms_delta=0.00069287
[TIME] collect=3.748s update=0.286s
[DONE] timeout=0.00000 anchor_pos=0.00134 anchor_ori=0.00330 ee_body=0.81921
[TRACK_ROLLOUT] anchor_pos=0.75472 anchor_ori=0.59398 body_pos=0.80591 body_ori=0.41703 body_lin=0.40317 body_ang=0.19507
[ACT_SUMMARY] abs_mean=0.5421 abs_p95=0.6880 abs_p99=0.7513 abs_max=0.9880 legs=0.5553 waist=0.5763 arms=0.5235
[FRAME_DIAG] frame0_abs=0.4992 frame1_abs=0.5374 in_chunk_delta=0.4154 cross_chunk_delta=0.4841
[UPDATE] 117/1000 reward_step=0.02996 chunk=0.10958 done_frac=0.18321 mean_reward=0.60938 mean_len=19.16
[SFPO] loss=-0.00869 policy_loss=-0.01396 value_loss=0.00527 ratio=0.9984 [0.016,18.334] clip=0.3626 kl_raw=0.051344 kl/step=0.012836 target_raw=0.0400 target/step=0.0100 kl_units=4 grad=1.4741 grad_c=0.0854 lr=0.000171 critic_lr=0.000171
[ROLLOUT] live=22.26 survive=0.18823 per_step=0.02941 episode_projection=14.70
[POLICY_DETAIL] samples=49152 raw_samples=49152 mb=12288 micro_mb=8192 logp_delta_abs=0.21283 old_logp=-62.89914 new_logp=-62.94911 adv_abs=0.64262 sde_steps=4
[TRAIN] mean_reward=0.60938 mean_len=19.16 recent_eps=100 completed_eps=1419530
[UPDATE_EFFECT] action_delta=0.01215679 param_rms_delta=0.00070141
[TIME] collect=3.777s update=0.283s
[DONE] timeout=0.00000 anchor_pos=0.00183 anchor_ori=0.00305 ee_body=0.81067
[TRACK_ROLLOUT] anchor_pos=0.75741 anchor_ori=0.59451 body_pos=0.80717 body_ori=0.41818 body_lin=0.40548 body_ang=0.19916
[ACT_SUMMARY] abs_mean=0.5428 abs_p95=0.6892 abs_p99=0.7532 abs_max=0.9628 legs=0.5581 waist=0.5751 arms=0.5227
[FRAME_DIAG] frame0_abs=0.5000 frame1_abs=0.5386 in_chunk_delta=0.4139 cross_chunk_delta=0.4832
[UPDATE] 118/1000 reward_step=0.02998 chunk=0.10963 done_frac=0.18475 mean_reward=0.62617 mean_len=20.32
[SFPO] loss=-0.00839 policy_loss=-0.01388 value_loss=0.00549 ratio=0.9987 [0.033,42.995] clip=0.3672 kl_raw=0.053532 kl/step=0.013383 target_raw=0.0400 target/step=0.0100 kl_units=4 grad=1.5035 grad_c=0.1188 lr=0.000114 critic_lr=0.000114
[ROLLOUT] live=22.25 survive=0.18262 per_step=0.02942 episode_projection=14.71
[POLICY_DETAIL] samples=49152 raw_samples=49152 mb=12288 micro_mb=8192 logp_delta_abs=0.21659 old_logp=-62.95248 new_logp=-63.00416 adv_abs=0.63828 sde_steps=4
[TRAIN] mean_reward=0.62617 mean_len=20.32 recent_eps=100 completed_eps=1428611
[UPDATE_EFFECT] action_delta=0.01200466 param_rms_delta=0.00068621
[TIME] collect=3.685s update=0.265s
[DONE] timeout=0.00000 anchor_pos=0.00195 anchor_ori=0.00330 ee_body=0.81616
[TRACK_ROLLOUT] anchor_pos=0.75355 anchor_ori=0.59508 body_pos=0.80692 body_ori=0.41872 body_lin=0.40729 body_ang=0.20062
[ACT_SUMMARY] abs_mean=0.5441 abs_p95=0.6916 abs_p99=0.7563 abs_max=0.9389 legs=0.5594 waist=0.5774 arms=0.5238
[FRAME_DIAG] frame0_abs=0.5016 frame1_abs=0.5387 in_chunk_delta=0.4137 cross_chunk_delta=0.4830
[UPDATE] 119/1000 reward_step=0.03044 chunk=0.11147 done_frac=0.18091 mean_reward=0.67531 mean_len=22.52
[SFPO] loss=-0.00764 policy_loss=-0.01351 value_loss=0.00588 ratio=0.9992 [0.049,16.042] clip=0.3672 kl_raw=0.053369 kl/step=0.013342 target_raw=0.0400 target/step=0.0100 kl_units=4 grad=1.4465 grad_c=0.0906 lr=0.000114 critic_lr=0.000114
[ROLLOUT] live=22.28 survive=0.19165 per_step=0.02987 episode_projection=14.93
[POLICY_DETAIL] samples=49152 raw_samples=49152 mb=12288 micro_mb=8192 logp_delta_abs=0.21614 old_logp=-62.94443 new_logp=-62.99537 adv_abs=0.62714 sde_steps=4
[TRAIN] mean_reward=0.67531 mean_len=22.52 recent_eps=100 completed_eps=1437503
[UPDATE_EFFECT] action_delta=0.01124469 param_rms_delta=0.00066335
[TIME] collect=3.567s update=0.261s
[DONE] timeout=0.00000 anchor_pos=0.00159 anchor_ori=0.00366 ee_body=0.80676
[TRACK_ROLLOUT] anchor_pos=0.75378 anchor_ori=0.59797 body_pos=0.80785 body_ori=0.42197 body_lin=0.41179 body_ang=0.20485
[ACT_SUMMARY] abs_mean=0.5456 abs_p95=0.6928 abs_p99=0.7583 abs_max=0.9752 legs=0.5621 waist=0.5741 arms=0.5254
[FRAME_DIAG] frame0_abs=0.5040 frame1_abs=0.5400 in_chunk_delta=0.4121 cross_chunk_delta=0.4814
[UPDATE] 120/1000 reward_step=0.03021 chunk=0.11071 done_frac=0.18009 mean_reward=0.65051 mean_len=21.00
[SFPO] loss=-0.00760 policy_loss=-0.01304 value_loss=0.00544 ratio=0.9996 [0.020,15.671] clip=0.3616 kl_raw=0.051797 kl/step=0.012949 target_raw=0.0400 target/step=0.0100 kl_units=4 grad=1.5791 grad_c=0.0907 lr=0.000171 critic_lr=0.000171
[ROLLOUT] live=22.30 survive=0.19104 per_step=0.02966 episode_projection=14.83
[POLICY_DETAIL] samples=49152 raw_samples=49152 mb=12288 micro_mb=8192 logp_delta_abs=0.21266 old_logp=-62.93285 new_logp=-62.98198 adv_abs=0.64731 sde_steps=4
[TRAIN] mean_reward=0.65051 mean_len=21.00 recent_eps=100 completed_eps=1446355
[UPDATE_EFFECT] action_delta=0.01249821 param_rms_delta=0.00068338
[TIME] collect=3.646s update=0.265s
[DONE] timeout=0.00000 anchor_pos=0.00134 anchor_ori=0.00305 ee_body=0.80835
[TRACK_ROLLOUT] anchor_pos=0.74713 anchor_ori=0.59758 body_pos=0.80524 body_ori=0.41845 body_lin=0.40813 body_ang=0.20361
[ACT_SUMMARY] abs_mean=0.5462 abs_p95=0.6934 abs_p99=0.7591 abs_max=0.9594 legs=0.5632 waist=0.5739 arms=0.5257
[FRAME_DIAG] frame0_abs=0.5048 frame1_abs=0.5412 in_chunk_delta=0.4114 cross_chunk_delta=0.4790
[UPDATE] 121/1000 reward_step=0.03036 chunk=0.11141 done_frac=0.17792 mean_reward=0.63590 mean_len=21.28
[SFPO] loss=-0.00722 policy_loss=-0.01318 value_loss=0.00595 ratio=0.9994 [0.030,18.794] clip=0.3652 kl_raw=0.052881 kl/step=0.013220 target_raw=0.0400 target/step=0.0100 kl_units=4 grad=1.5496 grad_c=0.1211 lr=0.000171 critic_lr=0.000171
[ROLLOUT] live=22.33 survive=0.19861 per_step=0.02979 episode_projection=14.90
[POLICY_DETAIL] samples=49152 raw_samples=49152 mb=12288 micro_mb=8192 logp_delta_abs=0.21519 old_logp=-62.88209 new_logp=-62.93237 adv_abs=0.63749 sde_steps=4
[TRAIN] mean_reward=0.63590 mean_len=21.28 recent_eps=100 completed_eps=1455100
[UPDATE_EFFECT] action_delta=0.01196233 param_rms_delta=0.00067364
[TIME] collect=3.580s update=0.264s
[DONE] timeout=0.00000 anchor_pos=0.00244 anchor_ori=0.00293 ee_body=0.80005
[TRACK_ROLLOUT] anchor_pos=0.74246 anchor_ori=0.59953 body_pos=0.80452 body_ori=0.42077 body_lin=0.40829 body_ang=0.20604
[ACT_SUMMARY] abs_mean=0.5483 abs_p95=0.6952 abs_p99=0.7609 abs_max=0.9872 legs=0.5659 waist=0.5740 arms=0.5276
[FRAME_DIAG] frame0_abs=0.5074 frame1_abs=0.5422 in_chunk_delta=0.4099 cross_chunk_delta=0.4778
[UPDATE] 122/1000 reward_step=0.03052 chunk=0.11205 done_frac=0.17698 mean_reward=0.68603 mean_len=22.56
[SFPO] loss=-0.00545 policy_loss=-0.01147 value_loss=0.00602 ratio=0.9995 [0.036,24.150] clip=0.3728 kl_raw=0.055222 kl/step=0.013805 target_raw=0.0400 target/step=0.0100 kl_units=4 grad=1.6772 grad_c=0.0924 lr=0.000171 critic_lr=0.000171
[ROLLOUT] live=22.34 survive=0.20032 per_step=0.02995 episode_projection=14.98
[POLICY_DETAIL] samples=49152 raw_samples=49152 mb=12288 micro_mb=8192 logp_delta_abs=0.22030 old_logp=-62.92355 new_logp=-62.97589 adv_abs=0.63164 sde_steps=4
[TRAIN] mean_reward=0.68603 mean_len=22.56 recent_eps=100 completed_eps=1463799
[UPDATE_EFFECT] action_delta=0.01196873 param_rms_delta=0.00067123
[TIME] collect=3.637s update=0.261s
[DONE] timeout=0.00000 anchor_pos=0.00171 anchor_ori=0.00256 ee_body=0.79810
[TRACK_ROLLOUT] anchor_pos=0.73982 anchor_ori=0.60118 body_pos=0.80393 body_ori=0.42248 body_lin=0.41004 body_ang=0.20813
[ACT_SUMMARY] abs_mean=0.5499 abs_p95=0.6971 abs_p99=0.7641 abs_max=0.9692 legs=0.5688 waist=0.5722 arms=0.5289
[FRAME_DIAG] frame0_abs=0.5089 frame1_abs=0.5431 in_chunk_delta=0.4089 cross_chunk_delta=0.4768
[UPDATE] 123/1000 reward_step=0.03057 chunk=0.11251 done_frac=0.17474 mean_reward=0.67563 mean_len=22.16
[SFPO] loss=-0.00635 policy_loss=-0.01289 value_loss=0.00654 ratio=0.9984 [0.030,14.940] clip=0.3598 kl_raw=0.050949 kl/step=0.012737 target_raw=0.0400 target/step=0.0100 kl_units=4 grad=1.6703 grad_c=0.3387 lr=0.000171 critic_lr=0.000171
[ROLLOUT] live=22.39 survive=0.21423 per_step=0.03001 episode_projection=15.00
[POLICY_DETAIL] samples=49152 raw_samples=49152 mb=12288 micro_mb=8192 logp_delta_abs=0.21163 old_logp=-62.93749 new_logp=-62.98696 adv_abs=0.64640 sde_steps=4
[TRAIN] mean_reward=0.67563 mean_len=22.16 recent_eps=100 completed_eps=1472388
[UPDATE_EFFECT] action_delta=0.01176510 param_rms_delta=0.00064780
[TIME] collect=3.645s update=0.271s
[DONE] timeout=0.00000 anchor_pos=0.00244 anchor_ori=0.00244 ee_body=0.78381
[TRACK_ROLLOUT] anchor_pos=0.73922 anchor_ori=0.60141 body_pos=0.80347 body_ori=0.41900 body_lin=0.41119 body_ang=0.20829
[ACT_SUMMARY] abs_mean=0.5508 abs_p95=0.6985 abs_p99=0.7641 abs_max=0.9935 legs=0.5709 waist=0.5716 arms=0.5290
[FRAME_DIAG] frame0_abs=0.5110 frame1_abs=0.5425 in_chunk_delta=0.4081 cross_chunk_delta=0.4743
[UPDATE] 124/1000 reward_step=0.03073 chunk=0.11301 done_frac=0.17411 mean_reward=0.63458 mean_len=20.08
[SFPO] loss=-0.00456 policy_loss=-0.01122 value_loss=0.00665 ratio=0.9991 [0.030,23.101] clip=0.3632 kl_raw=0.051932 kl/step=0.012983 target_raw=0.0400 target/step=0.0100 kl_units=4 grad=1.7050 grad_c=0.3253 lr=0.000171 critic_lr=0.000171
[ROLLOUT] live=22.38 survive=0.20264 per_step=0.03017 episode_projection=15.09
[POLICY_DETAIL] samples=49152 raw_samples=49152 mb=12288 micro_mb=8192 logp_delta_abs=0.21388 old_logp=-62.93352 new_logp=-62.98330 adv_abs=0.64074 sde_steps=4
[TRAIN] mean_reward=0.63458 mean_len=20.08 recent_eps=100 completed_eps=1480946
[UPDATE_EFFECT] action_delta=0.01121531 param_rms_delta=0.00064633
[TIME] collect=3.708s update=0.268s
[DONE] timeout=0.00000 anchor_pos=0.00232 anchor_ori=0.00391 ee_body=0.79529
[TRACK_ROLLOUT] anchor_pos=0.73768 anchor_ori=0.60089 body_pos=0.80264 body_ori=0.42120 body_lin=0.41239 body_ang=0.21177
[ACT_SUMMARY] abs_mean=0.5525 abs_p95=0.7024 abs_p99=0.7692 abs_max=0.9837 legs=0.5736 waist=0.5714 arms=0.5304
[FRAME_DIAG] frame0_abs=0.5121 frame1_abs=0.5441 in_chunk_delta=0.4068 cross_chunk_delta=0.4737
[UPDATE] 125/1000 reward_step=0.03099 chunk=0.11413 done_frac=0.17253 mean_reward=0.62783 mean_len=21.00
[SFPO] loss=-0.00548 policy_loss=-0.01152 value_loss=0.00604 ratio=0.9989 [0.028,11.900] clip=0.3737 kl_raw=0.054469 kl/step=0.013617 target_raw=0.0400 target/step=0.0100 kl_units=4 grad=1.7364 grad_c=0.1358 lr=0.000256 critic_lr=0.000256
[ROLLOUT] live=22.41 survive=0.21277 per_step=0.03042 episode_projection=15.21
[POLICY_DETAIL] samples=49152 raw_samples=49152 mb=12288 micro_mb=8192 logp_delta_abs=0.21949 old_logp=-62.91959 new_logp=-62.97177 adv_abs=0.65012 sde_steps=4
[TRAIN] mean_reward=0.62783 mean_len=21.00 recent_eps=100 completed_eps=1489426
[UPDATE_EFFECT] action_delta=0.01304772 param_rms_delta=0.00068032
[TIME] collect=3.569s update=0.267s
[DONE] timeout=0.00000 anchor_pos=0.00171 anchor_ori=0.00281 ee_body=0.78589
[TRACK_ROLLOUT] anchor_pos=0.73965 anchor_ori=0.60802 body_pos=0.80387 body_ori=0.42258 body_lin=0.41327 body_ang=0.21333
[ACT_SUMMARY] abs_mean=0.5536 abs_p95=0.7037 abs_p99=0.7708 abs_max=1.0135 legs=0.5756 waist=0.5733 arms=0.5306
[FRAME_DIAG] frame0_abs=0.5139 frame1_abs=0.5453 in_chunk_delta=0.4057 cross_chunk_delta=0.4727
[UPDATE] 126/1000 reward_step=0.03077 chunk=0.11355 done_frac=0.17037 mean_reward=0.75703 mean_len=24.36
[SFPO] loss=-0.00556 policy_loss=-0.01209 value_loss=0.00653 ratio=0.9981 [0.021,24.344] clip=0.3827 kl_raw=0.056190 kl/step=0.014048 target_raw=0.0400 target/step=0.0100 kl_units=4 grad=1.6173 grad_c=0.1141 lr=0.000171 critic_lr=0.000171
[ROLLOUT] live=22.45 survive=0.21594 per_step=0.03021 episode_projection=15.10
[POLICY_DETAIL] samples=49152 raw_samples=49152 mb=12288 micro_mb=8192 logp_delta_abs=0.22435 old_logp=-62.94278 new_logp=-62.99739 adv_abs=0.62872 sde_steps=4
[TRAIN] mean_reward=0.75703 mean_len=24.36 recent_eps=100 completed_eps=1497800
[UPDATE_EFFECT] action_delta=0.01132953 param_rms_delta=0.00065608
[TIME] collect=3.608s update=0.260s
[DONE] timeout=0.00000 anchor_pos=0.00195 anchor_ori=0.00415 ee_body=0.78235
[TRACK_ROLLOUT] anchor_pos=0.72954 anchor_ori=0.60290 body_pos=0.79991 body_ori=0.41782 body_lin=0.41328 body_ang=0.21432
[ACT_SUMMARY] abs_mean=0.5541 abs_p95=0.7051 abs_p99=0.7743 abs_max=1.0552 legs=0.5777 waist=0.5704 arms=0.5305
[FRAME_DIAG] frame0_abs=0.5149 frame1_abs=0.5453 in_chunk_delta=0.4055 cross_chunk_delta=0.4717
[UPDATE] 127/1000 reward_step=0.03111 chunk=0.11493 done_frac=0.16715 mean_reward=0.76268 mean_len=23.72
[SFPO] loss=-0.00706 policy_loss=-0.01373 value_loss=0.00667 ratio=0.9996 [0.008,13.104] clip=0.3138 kl_raw=0.037293 kl/step=0.009323 target_raw=0.0400 target/step=0.0100 kl_units=4 grad=1.6984 grad_c=0.0659 lr=0.000256 critic_lr=0.000256
[ROLLOUT] live=22.48 survive=0.22583 per_step=0.03055 episode_projection=15.28
[POLICY_DETAIL] samples=49152 raw_samples=49152 mb=12288 micro_mb=8192 logp_delta_abs=0.18316 old_logp=-62.90062 new_logp=-62.93675 adv_abs=0.63011 sde_steps=4
[TRAIN] mean_reward=0.76268 mean_len=23.72 recent_eps=100 completed_eps=1506016
[UPDATE_EFFECT] action_delta=0.01028545 param_rms_delta=0.00058210
[TIME] collect=3.584s update=0.260s
[DONE] timeout=0.00000 anchor_pos=0.00220 anchor_ori=0.00415 ee_body=0.77295
[TRACK_ROLLOUT] anchor_pos=0.73358 anchor_ori=0.60744 body_pos=0.80239 body_ori=0.42174 body_lin=0.41762 body_ang=0.21709
[ACT_SUMMARY] abs_mean=0.5557 abs_p95=0.7066 abs_p99=0.7753 abs_max=0.9928 legs=0.5805 waist=0.5712 arms=0.5311
[FRAME_DIAG] frame0_abs=0.5161 frame1_abs=0.5467 in_chunk_delta=0.4051 cross_chunk_delta=0.4704
[UPDATE] 128/1000 reward_step=0.03110 chunk=0.11479 done_frac=0.16895 mean_reward=0.67973 mean_len=21.56
[SFPO] loss=-0.00564 policy_loss=-0.01229 value_loss=0.00664 ratio=0.9990 [0.016,33.313] clip=0.3693 kl_raw=0.051725 kl/step=0.012931 target_raw=0.0400 target/step=0.0100 kl_units=4 grad=1.7668 grad_c=0.1263 lr=0.000256 critic_lr=0.000256
[ROLLOUT] live=22.46 survive=0.22180 per_step=0.03054 episode_projection=15.27
[POLICY_DETAIL] samples=49152 raw_samples=49152 mb=12288 micro_mb=8192 logp_delta_abs=0.21537 old_logp=-62.91770 new_logp=-62.96754 adv_abs=0.63611 sde_steps=4
[TRAIN] mean_reward=0.67973 mean_len=21.56 recent_eps=100 completed_eps=1514320
[UPDATE_EFFECT] action_delta=0.01258267 param_rms_delta=0.00069923
[TIME] collect=3.676s update=0.261s
[DONE] timeout=0.00000 anchor_pos=0.00269 anchor_ori=0.00366 ee_body=0.77576
[TRACK_ROLLOUT] anchor_pos=0.72969 anchor_ori=0.60829 body_pos=0.80035 body_ori=0.42077 body_lin=0.41973 body_ang=0.21895
[ACT_SUMMARY] abs_mean=0.5565 abs_p95=0.7086 abs_p99=0.7774 abs_max=1.0317 legs=0.5826 waist=0.5707 arms=0.5310
[FRAME_DIAG] frame0_abs=0.5165 frame1_abs=0.5485 in_chunk_delta=0.4039 cross_chunk_delta=0.4710
[UPDATE] 129/1000 reward_step=0.03104 chunk=0.11458 done_frac=0.16868 mean_reward=0.63229 mean_len=20.76
[SFPO] loss=-0.00398 policy_loss=-0.01058 value_loss=0.00661 ratio=0.9995 [0.023,15.618] clip=0.3718 kl_raw=0.053556 kl/step=0.013389 target_raw=0.0400 target/step=0.0100 kl_units=4 grad=1.9380 grad_c=0.1127 lr=0.000256 critic_lr=0.000256
[ROLLOUT] live=22.47 survive=0.21790 per_step=0.03048 episode_projection=15.24
[POLICY_DETAIL] samples=49152 raw_samples=49152 mb=12288 micro_mb=8192 logp_delta_abs=0.21825 old_logp=-62.93444 new_logp=-62.98548 adv_abs=0.63499 sde_steps=4
[TRAIN] mean_reward=0.63229 mean_len=20.76 recent_eps=100 completed_eps=1522611
[UPDATE_EFFECT] action_delta=0.01201430 param_rms_delta=0.00066257
[TIME] collect=3.603s update=0.264s
[DONE] timeout=0.00000 anchor_pos=0.00378 anchor_ori=0.00366 ee_body=0.77942
[TRACK_ROLLOUT] anchor_pos=0.72574 anchor_ori=0.60951 body_pos=0.80051 body_ori=0.42130 body_lin=0.41647 body_ang=0.21810
[ACT_SUMMARY] abs_mean=0.5593 abs_p95=0.7136 abs_p99=0.7820 abs_max=0.9754 legs=0.5885 waist=0.5718 arms=0.5317
[FRAME_DIAG] frame0_abs=0.5190 frame1_abs=0.5521 in_chunk_delta=0.4030 cross_chunk_delta=0.4690
[UPDATE] 130/1000 reward_step=0.03118 chunk=0.11534 done_frac=0.16675 mean_reward=0.68115 mean_len=21.84
[SFPO] loss=-0.00585 policy_loss=-0.01265 value_loss=0.00680 ratio=0.9984 [0.016,25.138] clip=0.3691 kl_raw=0.052062 kl/step=0.013015 target_raw=0.0400 target/step=0.0100 kl_units=4 grad=1.8056 grad_c=0.1477 lr=0.000256 critic_lr=0.000256
[ROLLOUT] live=22.51 survive=0.21924 per_step=0.03064 episode_projection=15.32
[POLICY_DETAIL] samples=49152 raw_samples=49152 mb=12288 micro_mb=8192 logp_delta_abs=0.21565 old_logp=-62.90808 new_logp=-62.95864 adv_abs=0.64083 sde_steps=4
[TRAIN] mean_reward=0.68115 mean_len=21.84 recent_eps=100 completed_eps=1530807
[UPDATE_EFFECT] action_delta=0.01236117 param_rms_delta=0.00069088
[TIME] collect=3.621s update=0.264s
[DONE] timeout=0.00000 anchor_pos=0.00256 anchor_ori=0.00305 ee_body=0.77881
[TRACK_ROLLOUT] anchor_pos=0.72734 anchor_ori=0.61179 body_pos=0.80025 body_ori=0.41985 body_lin=0.42136 body_ang=0.22039
[ACT_SUMMARY] abs_mean=0.5591 abs_p95=0.7141 abs_p99=0.7817 abs_max=1.0057 legs=0.5881 waist=0.5716 arms=0.5316
[FRAME_DIAG] frame0_abs=0.5194 frame1_abs=0.5515 in_chunk_delta=0.4029 cross_chunk_delta=0.4690
[UPDATE] 131/1000 reward_step=0.03132 chunk=0.11596 done_frac=0.16388 mean_reward=0.67930 mean_len=22.36
[SFPO] loss=-0.00509 policy_loss=-0.01214 value_loss=0.00705 ratio=0.9984 [0.042,45.246] clip=0.3721 kl_raw=0.052898 kl/step=0.013224 target_raw=0.0400 target/step=0.0100 kl_units=4 grad=1.8139 grad_c=0.1226 lr=0.000256 critic_lr=0.000256
[ROLLOUT] live=22.53 survive=0.22485 per_step=0.03076 episode_projection=15.38
[POLICY_DETAIL] samples=49152 raw_samples=49152 mb=12288 micro_mb=8192 logp_delta_abs=0.21768 old_logp=-62.88918 new_logp=-62.94069 adv_abs=0.63575 sde_steps=4
[TRAIN] mean_reward=0.67930 mean_len=22.36 recent_eps=100 completed_eps=1538862
[UPDATE_EFFECT] action_delta=0.01233744 param_rms_delta=0.00068089
[TIME] collect=3.560s update=0.269s
[DONE] timeout=0.00000 anchor_pos=0.00330 anchor_ori=0.00354 ee_body=0.77356
[TRACK_ROLLOUT] anchor_pos=0.72351 anchor_ori=0.60947 body_pos=0.79791 body_ori=0.41943 body_lin=0.42332 body_ang=0.22395
[ACT_SUMMARY] abs_mean=0.5601 abs_p95=0.7150 abs_p99=0.7827 abs_max=1.0087 legs=0.5889 waist=0.5695 arms=0.5334
[FRAME_DIAG] frame0_abs=0.5209 frame1_abs=0.5517 in_chunk_delta=0.4023 cross_chunk_delta=0.4682
[UPDATE] 132/1000 reward_step=0.03135 chunk=0.11616 done_frac=0.16184 mean_reward=0.73932 mean_len=23.12
[SFPO] loss=0.00028 policy_loss=-0.00734 value_loss=0.00763 ratio=0.9993 [0.014,22.712] clip=0.3834 kl_raw=0.057589 kl/step=0.014397 target_raw=0.0400 target/step=0.0100 kl_units=4 grad=2.0666 grad_c=0.3155 lr=0.000256 critic_lr=0.000256
[ROLLOUT] live=22.55 survive=0.23254 per_step=0.03079 episode_projection=15.40
[POLICY_DETAIL] samples=49152 raw_samples=49152 mb=12288 micro_mb=8192 logp_delta_abs=0.22620 old_logp=-62.90588 new_logp=-62.96062 adv_abs=0.63958 sde_steps=4
[TRAIN] mean_reward=0.73932 mean_len=23.12 recent_eps=100 completed_eps=1546817
[UPDATE_EFFECT] action_delta=0.01145206 param_rms_delta=0.00063199
[TIME] collect=3.773s update=0.272s
[DONE] timeout=0.00000 anchor_pos=0.00281 anchor_ori=0.00342 ee_body=0.76526
[TRACK_ROLLOUT] anchor_pos=0.72321 anchor_ori=0.61041 body_pos=0.79891 body_ori=0.42038 body_lin=0.42466 body_ang=0.22546
[ACT_SUMMARY] abs_mean=0.5619 abs_p95=0.7191 abs_p99=0.7887 abs_max=1.0301 legs=0.5927 waist=0.5700 arms=0.5338
[FRAME_DIAG] frame0_abs=0.5224 frame1_abs=0.5542 in_chunk_delta=0.4017 cross_chunk_delta=0.4662
[UPDATE] 133/1000 reward_step=0.03143 chunk=0.11637 done_frac=0.16239 mean_reward=0.74459 mean_len=23.96
[SFPO] loss=-0.00276 policy_loss=-0.01044 value_loss=0.00768 ratio=0.9985 [0.022,29.899] clip=0.3759 kl_raw=0.054225 kl/step=0.013556 target_raw=0.0400 target/step=0.0100 kl_units=4 grad=1.8801 grad_c=0.2810 lr=0.000171 critic_lr=0.000171
[ROLLOUT] live=22.54 survive=0.22400 per_step=0.03087 episode_projection=15.44
[POLICY_DETAIL] samples=49152 raw_samples=49152 mb=12288 micro_mb=8192 logp_delta_abs=0.22039 old_logp=-62.88683 new_logp=-62.93946 adv_abs=0.63888 sde_steps=4
[TRAIN] mean_reward=0.74459 mean_len=23.96 recent_eps=100 completed_eps=1554799
[UPDATE_EFFECT] action_delta=0.01184394 param_rms_delta=0.00066286
[TIME] collect=3.714s update=0.272s
[DONE] timeout=0.00000 anchor_pos=0.00403 anchor_ori=0.00391 ee_body=0.77344
[TRACK_ROLLOUT] anchor_pos=0.71860 anchor_ori=0.61505 body_pos=0.79816 body_ori=0.42248 body_lin=0.42562 body_ang=0.22645
[ACT_SUMMARY] abs_mean=0.5638 abs_p95=0.7226 abs_p99=0.7939 abs_max=1.0181 legs=0.5957 waist=0.5699 arms=0.5351
[FRAME_DIAG] frame0_abs=0.5230 frame1_abs=0.5557 in_chunk_delta=0.4012 cross_chunk_delta=0.4662
[UPDATE] 134/1000 reward_step=0.03156 chunk=0.11707 done_frac=0.16028 mean_reward=0.70963 mean_len=22.80
[SFPO] loss=-0.00563 policy_loss=-0.01318 value_loss=0.00756 ratio=0.9994 [0.057,8.473] clip=0.3153 kl_raw=0.037183 kl/step=0.009296 target_raw=0.0400 target/step=0.0100 kl_units=4 grad=1.8512 grad_c=0.1261 lr=0.000256 critic_lr=0.000256
[ROLLOUT] live=22.58 survive=0.22925 per_step=0.03102 episode_projection=15.51
[POLICY_DETAIL] samples=49152 raw_samples=49152 mb=12288 micro_mb=8192 logp_delta_abs=0.18345 old_logp=-62.94239 new_logp=-62.97865 adv_abs=0.64296 sde_steps=4
[TRAIN] mean_reward=0.70963 mean_len=22.80 recent_eps=100 completed_eps=1562677
[UPDATE_EFFECT] action_delta=0.01093197 param_rms_delta=0.00056370
[TIME] collect=3.602s update=0.260s
[DONE] timeout=0.00000 anchor_pos=0.00403 anchor_ori=0.00391 ee_body=0.76782
[TRACK_ROLLOUT] anchor_pos=0.71877 anchor_ori=0.61363 body_pos=0.79801 body_ori=0.42112 body_lin=0.42832 body_ang=0.22880
[ACT_SUMMARY] abs_mean=0.5644 abs_p95=0.7243 abs_p99=0.7960 abs_max=1.0834 legs=0.5966 waist=0.5699 arms=0.5356
[FRAME_DIAG] frame0_abs=0.5236 frame1_abs=0.5567 in_chunk_delta=0.4012 cross_chunk_delta=0.4658
[UPDATE] 135/1000 reward_step=0.03168 chunk=0.11732 done_frac=0.16237 mean_reward=0.73823 mean_len=23.76
[SFPO] loss=-0.00418 policy_loss=-0.01089 value_loss=0.00671 ratio=0.9997 [0.039,23.804] clip=0.3751 kl_raw=0.054413 kl/step=0.013603 target_raw=0.0400 target/step=0.0100 kl_units=4 grad=1.9489 grad_c=0.0951 lr=0.000256 critic_lr=0.000256
[ROLLOUT] live=22.54 survive=0.22339 per_step=0.03112 episode_projection=15.56
[POLICY_DETAIL] samples=49152 raw_samples=49152 mb=12288 micro_mb=8192 logp_delta_abs=0.22002 old_logp=-62.92210 new_logp=-62.97372 adv_abs=0.65133 sde_steps=4
[TRAIN] mean_reward=0.73823 mean_len=23.76 recent_eps=100 completed_eps=1570658
[UPDATE_EFFECT] action_delta=0.01252598 param_rms_delta=0.00067213
[TIME] collect=3.572s update=0.265s
[DONE] timeout=0.00000 anchor_pos=0.00391 anchor_ori=0.00330 ee_body=0.77454
[TRACK_ROLLOUT] anchor_pos=0.71694 anchor_ori=0.61579 body_pos=0.79796 body_ori=0.42174 body_lin=0.42929 body_ang=0.23021
[ACT_SUMMARY] abs_mean=0.5645 abs_p95=0.7242 abs_p99=0.7952 abs_max=1.0715 legs=0.5985 waist=0.5665 arms=0.5348
[FRAME_DIAG] frame0_abs=0.5238 frame1_abs=0.5563 in_chunk_delta=0.4000 cross_chunk_delta=0.4644
[UPDATE] 136/1000 reward_step=0.03159 chunk=0.11725 done_frac=0.15810 mean_reward=0.65311 mean_len=22.00
[SFPO] loss=-0.00534 policy_loss=-0.01222 value_loss=0.00689 ratio=0.9996 [0.032,10.153] clip=0.3646 kl_raw=0.050943 kl/step=0.012736 target_raw=0.0400 target/step=0.0100 kl_units=4 grad=1.8938 grad_c=0.1656 lr=0.000256 critic_lr=0.000256
[ROLLOUT] live=22.59 survive=0.23389 per_step=0.03104 episode_projection=15.52
[POLICY_DETAIL] samples=49152 raw_samples=49152 mb=12288 micro_mb=8192 logp_delta_abs=0.21328 old_logp=-62.89058 new_logp=-62.93909 adv_abs=0.64879 sde_steps=4
[TRAIN] mean_reward=0.65311 mean_len=22.00 recent_eps=100 completed_eps=1578429
[UPDATE_EFFECT] action_delta=0.01210651 param_rms_delta=0.00069946
[TIME] collect=3.571s update=0.261s
[DONE] timeout=0.00000 anchor_pos=0.00476 anchor_ori=0.00452 ee_body=0.76331
[TRACK_ROLLOUT] anchor_pos=0.71607 anchor_ori=0.61836 body_pos=0.79706 body_ori=0.41885 body_lin=0.42883 body_ang=0.23109
[ACT_SUMMARY] abs_mean=0.5645 abs_p95=0.7272 abs_p99=0.7993 abs_max=1.0037 legs=0.5992 waist=0.5650 arms=0.5346
[FRAME_DIAG] frame0_abs=0.5239 frame1_abs=0.5555 in_chunk_delta=0.3996 cross_chunk_delta=0.4643
[UPDATE] 137/1000 reward_step=0.03142 chunk=0.11663 done_frac=0.15806 mean_reward=0.74264 mean_len=23.80
[SFPO] loss=-0.00554 policy_loss=-0.01270 value_loss=0.00716 ratio=0.9981 [0.031,16.022] clip=0.3697 kl_raw=0.052525 kl/step=0.013131 target_raw=0.0400 target/step=0.0100 kl_units=4 grad=1.8347 grad_c=0.1958 lr=0.000256 critic_lr=0.000256
[ROLLOUT] live=22.59 survive=0.22852 per_step=0.03088 episode_projection=15.44
[POLICY_DETAIL] samples=49152 raw_samples=49152 mb=12288 micro_mb=8192 logp_delta_abs=0.21637 old_logp=-62.92434 new_logp=-62.97561 adv_abs=0.64229 sde_steps=4
[TRAIN] mean_reward=0.74264 mean_len=23.80 recent_eps=100 completed_eps=1586198
[UPDATE_EFFECT] action_delta=0.01220677 param_rms_delta=0.00067615
[TIME] collect=3.535s update=0.258s
[DONE] timeout=0.00000 anchor_pos=0.00488 anchor_ori=0.00537 ee_body=0.76855
[TRACK_ROLLOUT] anchor_pos=0.70815 anchor_ori=0.61627 body_pos=0.79578 body_ori=0.41788 body_lin=0.42702 body_ang=0.23099
[ACT_SUMMARY] abs_mean=0.5644 abs_p95=0.7273 abs_p99=0.7985 abs_max=1.0691 legs=0.6009 waist=0.5599 arms=0.5341
[FRAME_DIAG] frame0_abs=0.5239 frame1_abs=0.5555 in_chunk_delta=0.3991 cross_chunk_delta=0.4642
[UPDATE] 138/1000 reward_step=0.03159 chunk=0.11737 done_frac=0.15308 mean_reward=0.72471 mean_len=23.04
[SFPO] loss=-0.00122 policy_loss=-0.00846 value_loss=0.00724 ratio=0.9988 [0.019,20.531] clip=0.3737 kl_raw=0.054797 kl/step=0.013699 target_raw=0.0400 target/step=0.0100 kl_units=4 grad=2.1438 grad_c=0.2176 lr=0.000256 critic_lr=0.000256
[ROLLOUT] live=22.62 survive=0.24915 per_step=0.03104 episode_projection=15.52
[POLICY_DETAIL] samples=49152 raw_samples=49152 mb=12288 micro_mb=8192 logp_delta_abs=0.22039 old_logp=-62.93044 new_logp=-62.98319 adv_abs=0.65123 sde_steps=4
[TRAIN] mean_reward=0.72471 mean_len=23.04 recent_eps=100 completed_eps=1593722
[UPDATE_EFFECT] action_delta=0.01106342 param_rms_delta=0.00062262
[TIME] collect=3.670s update=0.265s
[DONE] timeout=0.00000 anchor_pos=0.00562 anchor_ori=0.00391 ee_body=0.74854
[TRACK_ROLLOUT] anchor_pos=0.70592 anchor_ori=0.61644 body_pos=0.79663 body_ori=0.41801 body_lin=0.43128 body_ang=0.23496
[ACT_SUMMARY] abs_mean=0.5676 abs_p95=0.7325 abs_p99=0.8085 abs_max=1.0016 legs=0.6052 waist=0.5619 arms=0.5367
[FRAME_DIAG] frame0_abs=0.5262 frame1_abs=0.5579 in_chunk_delta=0.3985 cross_chunk_delta=0.4633
[UPDATE] 139/1000 reward_step=0.03163 chunk=0.11772 done_frac=0.15283 mean_reward=0.76178 mean_len=24.32
[SFPO] loss=-0.00450 policy_loss=-0.01205 value_loss=0.00755 ratio=0.9993 [0.030,17.966] clip=0.3736 kl_raw=0.054152 kl/step=0.013538 target_raw=0.0400 target/step=0.0100 kl_units=4 grad=1.8218 grad_c=0.1218 lr=0.000171 critic_lr=0.000171
[ROLLOUT] live=22.65 survive=0.24390 per_step=0.03108 episode_projection=15.54
[POLICY_DETAIL] samples=49152 raw_samples=49152 mb=12288 micro_mb=8192 logp_delta_abs=0.21951 old_logp=-62.94856 new_logp=-63.00021 adv_abs=0.63747 sde_steps=4
[TRAIN] mean_reward=0.76178 mean_len=24.32 recent_eps=100 completed_eps=1601234
[UPDATE_EFFECT] action_delta=0.01199671 param_rms_delta=0.00067079
[TIME] collect=3.680s update=0.260s
[DONE] timeout=0.00000 anchor_pos=0.00598 anchor_ori=0.00403 ee_body=0.75391
[TRACK_ROLLOUT] anchor_pos=0.70572 anchor_ori=0.61644 body_pos=0.79494 body_ori=0.41706 body_lin=0.43381 body_ang=0.23540
[ACT_SUMMARY] abs_mean=0.5683 abs_p95=0.7342 abs_p99=0.8080 abs_max=1.0171 legs=0.6055 waist=0.5615 arms=0.5380
[FRAME_DIAG] frame0_abs=0.5278 frame1_abs=0.5585 in_chunk_delta=0.3987 cross_chunk_delta=0.4628
[UPDATE] 140/1000 reward_step=0.03162 chunk=0.11762 done_frac=0.15149 mean_reward=0.84057 mean_len=26.12
[SFPO] loss=-0.00525 policy_loss=-0.01264 value_loss=0.00740 ratio=0.9985 [0.032,27.746] clip=0.3703 kl_raw=0.053763 kl/step=0.013441 target_raw=0.0400 target/step=0.0100 kl_units=4 grad=1.8398 grad_c=0.1954 lr=0.000171 critic_lr=0.000171
[ROLLOUT] live=22.64 survive=0.24561 per_step=0.03108 episode_projection=15.54
[POLICY_DETAIL] samples=49152 raw_samples=49152 mb=12288 micro_mb=8192 logp_delta_abs=0.21776 old_logp=-62.89232 new_logp=-62.94440 adv_abs=0.64764 sde_steps=4
[TRAIN] mean_reward=0.84057 mean_len=26.12 recent_eps=100 completed_eps=1608680
[UPDATE_EFFECT] action_delta=0.01181458 param_rms_delta=0.00067350
[TIME] collect=3.651s update=0.262s
[DONE] timeout=0.00000 anchor_pos=0.00562 anchor_ori=0.00330 ee_body=0.75195
[TRACK_ROLLOUT] anchor_pos=0.70139 anchor_ori=0.61750 body_pos=0.79230 body_ori=0.41507 body_lin=0.43386 body_ang=0.23743
[ACT_SUMMARY] abs_mean=0.5676 abs_p95=0.7349 abs_p99=0.8102 abs_max=1.0403 legs=0.6056 waist=0.5593 arms=0.5369
[FRAME_DIAG] frame0_abs=0.5268 frame1_abs=0.5567 in_chunk_delta=0.3976 cross_chunk_delta=0.4617
[UPDATE] 141/1000 reward_step=0.03202 chunk=0.11911 done_frac=0.15086 mean_reward=0.79261 mean_len=24.84
[SFPO] loss=-0.00219 policy_loss=-0.00962 value_loss=0.00743 ratio=0.9978 [0.033,11.795] clip=0.3701 kl_raw=0.053794 kl/step=0.013449 target_raw=0.0400 target/step=0.0100 kl_units=4 grad=2.0958 grad_c=0.1718 lr=0.000256 critic_lr=0.000256
[ROLLOUT] live=22.64 survive=0.24622 per_step=0.03147 episode_projection=15.73
[POLICY_DETAIL] samples=49152 raw_samples=49152 mb=12288 micro_mb=8192 logp_delta_abs=0.21785 old_logp=-62.89104 new_logp=-62.94367 adv_abs=0.65387 sde_steps=4
[TRAIN] mean_reward=0.79261 mean_len=24.84 recent_eps=100 completed_eps=1616095
[UPDATE_EFFECT] action_delta=0.01157658 param_rms_delta=0.00066770
[TIME] collect=3.590s update=0.259s
[DONE] timeout=0.00000 anchor_pos=0.00647 anchor_ori=0.00415 ee_body=0.75122
[TRACK_ROLLOUT] anchor_pos=0.70318 anchor_ori=0.62324 body_pos=0.79463 body_ori=0.42079 body_lin=0.43670 body_ang=0.24035
[ACT_SUMMARY] abs_mean=0.5712 abs_p95=0.7395 abs_p99=0.8166 abs_max=1.0505 legs=0.6116 waist=0.5583 arms=0.5393
[FRAME_DIAG] frame0_abs=0.5298 frame1_abs=0.5612 in_chunk_delta=0.3966 cross_chunk_delta=0.4606
[UPDATE] 142/1000 reward_step=0.03199 chunk=0.11923 done_frac=0.14852 mean_reward=0.81436 mean_len=26.16
[SFPO] loss=0.00076 policy_loss=-0.00705 value_loss=0.00781 ratio=0.9997 [0.018,20.616] clip=0.3700 kl_raw=0.053922 kl/step=0.013480 target_raw=0.0400 target/step=0.0100 kl_units=4 grad=2.1874 grad_c=0.1085 lr=0.000256 critic_lr=0.000256
[ROLLOUT] live=22.68 survive=0.25012 per_step=0.03144 episode_projection=15.72
[POLICY_DETAIL] samples=49152 raw_samples=49152 mb=12288 micro_mb=8192 logp_delta_abs=0.21850 old_logp=-62.90959 new_logp=-62.96056 adv_abs=0.64296 sde_steps=4
[TRAIN] mean_reward=0.81436 mean_len=26.16 recent_eps=100 completed_eps=1623395
[UPDATE_EFFECT] action_delta=0.01133583 param_rms_delta=0.00056094
[TIME] collect=3.744s update=0.290s
[DONE] timeout=0.00000 anchor_pos=0.00647 anchor_ori=0.00342 ee_body=0.74695
[TRACK_ROLLOUT] anchor_pos=0.70017 anchor_ori=0.62506 body_pos=0.79530 body_ori=0.41884 body_lin=0.43531 body_ang=0.24068
[ACT_SUMMARY] abs_mean=0.5718 abs_p95=0.7432 abs_p99=0.8186 abs_max=1.0552 legs=0.6148 waist=0.5566 arms=0.5381
[FRAME_DIAG] frame0_abs=0.5305 frame1_abs=0.5615 in_chunk_delta=0.3961 cross_chunk_delta=0.4602
[UPDATE] 143/1000 reward_step=0.03179 chunk=0.11828 done_frac=0.14986 mean_reward=0.79375 mean_len=25.04
[SFPO] loss=0.00027 policy_loss=-0.00774 value_loss=0.00800 ratio=0.9993 [0.036,22.133] clip=0.3789 kl_raw=0.057773 kl/step=0.014443 target_raw=0.0400 target/step=0.0100 kl_units=4 grad=2.0786 grad_c=0.2536 lr=0.000256 critic_lr=0.000256
[ROLLOUT] live=22.64 survive=0.24268 per_step=0.03126 episode_projection=15.63
[POLICY_DETAIL] samples=49152 raw_samples=49152 mb=12288 micro_mb=8192 logp_delta_abs=0.22519 old_logp=-62.92607 new_logp=-62.98100 adv_abs=0.64067 sde_steps=4
[TRAIN] mean_reward=0.79375 mean_len=25.04 recent_eps=100 completed_eps=1630761
[UPDATE_EFFECT] action_delta=0.01204714 param_rms_delta=0.00062615
[TIME] collect=3.598s update=0.271s
[DONE] timeout=0.00000 anchor_pos=0.00574 anchor_ori=0.00391 ee_body=0.75500
[TRACK_ROLLOUT] anchor_pos=0.69855 anchor_ori=0.62228 body_pos=0.79185 body_ori=0.41392 body_lin=0.43607 body_ang=0.24111
[ACT_SUMMARY] abs_mean=0.5727 abs_p95=0.7429 abs_p99=0.8217 abs_max=1.0471 legs=0.6167 waist=0.5603 arms=0.5376
[FRAME_DIAG] frame0_abs=0.5311 frame1_abs=0.5638 in_chunk_delta=0.3960 cross_chunk_delta=0.4599
[UPDATE] 144/1000 reward_step=0.03197 chunk=0.11911 done_frac=0.14526 mean_reward=0.80052 mean_len=25.88
[SFPO] loss=-0.00356 policy_loss=-0.01190 value_loss=0.00834 ratio=0.9989 [0.022,50.562] clip=0.3756 kl_raw=0.055090 kl/step=0.013773 target_raw=0.0400 target/step=0.0100 kl_units=4 grad=1.8523 grad_c=0.1997 lr=0.000171 critic_lr=0.000171
[ROLLOUT] live=22.67 survive=0.25818 per_step=0.03144 episode_projection=15.72
[POLICY_DETAIL] samples=49152 raw_samples=49152 mb=12288 micro_mb=8192 logp_delta_abs=0.22095 old_logp=-62.91818 new_logp=-62.97111 adv_abs=0.63630 sde_steps=4
[TRAIN] mean_reward=0.80052 mean_len=25.88 recent_eps=100 completed_eps=1637901
[UPDATE_EFFECT] action_delta=0.01212071 param_rms_delta=0.00068738
[TIME] collect=3.620s update=0.261s
[DONE] timeout=0.00000 anchor_pos=0.00635 anchor_ori=0.00476 ee_body=0.73853
[TRACK_ROLLOUT] anchor_pos=0.69535 anchor_ori=0.62466 body_pos=0.79274 body_ori=0.41573 body_lin=0.43862 body_ang=0.24345
[ACT_SUMMARY] abs_mean=0.5724 abs_p95=0.7457 abs_p99=0.8241 abs_max=1.1203 legs=0.6160 waist=0.5567 arms=0.5385
[FRAME_DIAG] frame0_abs=0.5312 frame1_abs=0.5637 in_chunk_delta=0.3964 cross_chunk_delta=0.4592
[UPDATE] 145/1000 reward_step=0.03173 chunk=0.11827 done_frac=0.14630 mean_reward=0.77346 mean_len=25.32
[SFPO] loss=0.00021 policy_loss=-0.01155 value_loss=0.01176 ratio=1.0000 [0.022,17.670] clip=0.3867 kl_raw=0.059624 kl/step=0.014906 target_raw=0.0400 target/step=0.0100 kl_units=4 grad=1.7496 grad_c=0.7356 lr=0.000114 critic_lr=0.000114
[ROLLOUT] live=22.69 survive=0.25464 per_step=0.03119 episode_projection=15.60
[POLICY_DETAIL] samples=49152 raw_samples=49152 mb=12288 micro_mb=8192 logp_delta_abs=0.22886 old_logp=-62.94149 new_logp=-62.99728 adv_abs=0.64903 sde_steps=4
[TRAIN] mean_reward=0.77346 mean_len=25.32 recent_eps=100 completed_eps=1645092
[UPDATE_EFFECT] action_delta=0.01048475 param_rms_delta=0.00058661
[TIME] collect=3.651s update=0.277s
[DONE] timeout=0.00000 anchor_pos=0.00952 anchor_ori=0.00232 ee_body=0.74219
[TRACK_ROLLOUT] anchor_pos=0.69267 anchor_ori=0.62229 body_pos=0.78981 body_ori=0.41394 body_lin=0.43857 body_ang=0.24455
[ACT_SUMMARY] abs_mean=0.5754 abs_p95=0.7517 abs_p99=0.8316 abs_max=1.0488 legs=0.6226 waist=0.5595 arms=0.5385
[FRAME_DIAG] frame0_abs=0.5336 frame1_abs=0.5668 in_chunk_delta=0.3963 cross_chunk_delta=0.4595
[UPDATE] 146/1000 reward_step=0.03202 chunk=0.11930 done_frac=0.14473 mean_reward=0.85684 mean_len=25.76
[SFPO] loss=-0.00148 policy_loss=-0.01036 value_loss=0.00888 ratio=0.9983 [0.025,12.900] clip=0.3694 kl_raw=0.055273 kl/step=0.013818 target_raw=0.0400 target/step=0.0100 kl_units=4 grad=1.8430 grad_c=0.2822 lr=0.000171 critic_lr=0.000171
[ROLLOUT] live=22.67 survive=0.25500 per_step=0.03150 episode_projection=15.75
[POLICY_DETAIL] samples=49152 raw_samples=49152 mb=12288 micro_mb=8192 logp_delta_abs=0.21888 old_logp=-62.92072 new_logp=-62.97417 adv_abs=0.67042 sde_steps=4
[TRAIN] mean_reward=0.85684 mean_len=25.76 recent_eps=100 completed_eps=1652206
[UPDATE_EFFECT] action_delta=0.01095660 param_rms_delta=0.00062818
[TIME] collect=3.651s update=0.270s
[DONE] timeout=0.00000 anchor_pos=0.00793 anchor_ori=0.00220 ee_body=0.74194
[TRACK_ROLLOUT] anchor_pos=0.69332 anchor_ori=0.62641 body_pos=0.79154 body_ori=0.41640 body_lin=0.44311 body_ang=0.24739
[ACT_SUMMARY] abs_mean=0.5754 abs_p95=0.7527 abs_p99=0.8331 abs_max=1.0446 legs=0.6229 waist=0.5571 arms=0.5386
[FRAME_DIAG] frame0_abs=0.5345 frame1_abs=0.5668 in_chunk_delta=0.3950 cross_chunk_delta=0.4584
[UPDATE] 147/1000 reward_step=0.03170 chunk=0.11825 done_frac=0.14394 mean_reward=0.86511 mean_len=26.68
[SFPO] loss=-0.00362 policy_loss=-0.01184 value_loss=0.00821 ratio=0.9994 [0.002,32.624] clip=0.3726 kl_raw=0.055283 kl/step=0.013821 target_raw=0.0400 target/step=0.0100 kl_units=4 grad=1.8582 grad_c=0.1914 lr=0.000171 critic_lr=0.000171
[ROLLOUT] live=22.70 survive=0.25293 per_step=0.03118 episode_projection=15.59
[POLICY_DETAIL] samples=49152 raw_samples=49152 mb=12288 micro_mb=8192 logp_delta_abs=0.21990 old_logp=-62.94530 new_logp=-62.99791 adv_abs=0.65447 sde_steps=4
[TRAIN] mean_reward=0.86511 mean_len=26.68 recent_eps=100 completed_eps=1659281
[UPDATE_EFFECT] action_delta=0.01095057 param_rms_delta=0.00063429
[TIME] collect=3.689s update=0.260s
[DONE] timeout=0.00000 anchor_pos=0.00903 anchor_ori=0.00403 ee_body=0.74353
[TRACK_ROLLOUT] anchor_pos=0.68991 anchor_ori=0.62172 body_pos=0.78795 body_ori=0.41114 body_lin=0.44038 body_ang=0.24627
[ACT_SUMMARY] abs_mean=0.5751 abs_p95=0.7515 abs_p99=0.8310 abs_max=1.0912 legs=0.6235 waist=0.5557 arms=0.5377
[FRAME_DIAG] frame0_abs=0.5346 frame1_abs=0.5667 in_chunk_delta=0.3952 cross_chunk_delta=0.4586
[UPDATE] 148/1000 reward_step=0.03214 chunk=0.11991 done_frac=0.14347 mean_reward=0.74564 mean_len=23.64
[SFPO] loss=-0.00510 policy_loss=-0.01345 value_loss=0.00835 ratio=0.9992 [0.000,12.993] clip=0.3676 kl_raw=0.055010 kl/step=0.013752 target_raw=0.0400 target/step=0.0100 kl_units=4 grad=1.7242 grad_c=0.0924 lr=0.000114 critic_lr=0.000114
[ROLLOUT] live=22.71 survive=0.25854 per_step=0.03159 episode_projection=15.80
[POLICY_DETAIL] samples=49152 raw_samples=49152 mb=12288 micro_mb=8192 logp_delta_abs=0.21643 old_logp=-62.93996 new_logp=-62.99092 adv_abs=0.64696 sde_steps=4
[TRAIN] mean_reward=0.74564 mean_len=23.64 recent_eps=100 completed_eps=1666333
[UPDATE_EFFECT] action_delta=0.01156834 param_rms_delta=0.00065039
[TIME] collect=3.697s update=0.261s
[DONE] timeout=0.00000 anchor_pos=0.00830 anchor_ori=0.00354 ee_body=0.73767
[TRACK_ROLLOUT] anchor_pos=0.69516 anchor_ori=0.62867 body_pos=0.79152 body_ori=0.41541 body_lin=0.44461 body_ang=0.24861
[ACT_SUMMARY] abs_mean=0.5746 abs_p95=0.7520 abs_p99=0.8329 abs_max=1.2162 legs=0.6226 waist=0.5564 arms=0.5374
[FRAME_DIAG] frame0_abs=0.5342 frame1_abs=0.5660 in_chunk_delta=0.3941 cross_chunk_delta=0.4575
[UPDATE] 149/1000 reward_step=0.03186 chunk=0.11890 done_frac=0.14278 mean_reward=0.85978 mean_len=26.44
[SFPO] loss=-0.00466 policy_loss=-0.01273 value_loss=0.00807 ratio=0.9993 [0.008,20.035] clip=0.3659 kl_raw=0.053646 kl/step=0.013412 target_raw=0.0400 target/step=0.0100 kl_units=4 grad=1.7752 grad_c=0.1221 lr=0.000171 critic_lr=0.000171
[ROLLOUT] live=22.71 survive=0.25830 per_step=0.03133 episode_projection=15.66
[POLICY_DETAIL] samples=49152 raw_samples=49152 mb=12288 micro_mb=8192 logp_delta_abs=0.21589 old_logp=-62.91588 new_logp=-62.96696 adv_abs=0.64651 sde_steps=4
[TRAIN] mean_reward=0.85978 mean_len=26.44 recent_eps=100 completed_eps=1673351
[UPDATE_EFFECT] action_delta=0.01100599 param_rms_delta=0.00064238
[TIME] collect=3.697s update=0.262s
[DONE] timeout=0.00000 anchor_pos=0.00793 anchor_ori=0.00403 ee_body=0.73889
[TRACK_ROLLOUT] anchor_pos=0.68242 anchor_ori=0.62625 body_pos=0.78708 body_ori=0.41057 body_lin=0.44197 body_ang=0.25095
[ACT_SUMMARY] abs_mean=0.5748 abs_p95=0.7541 abs_p99=0.8346 abs_max=1.0491 legs=0.6226 waist=0.5537 arms=0.5383
[FRAME_DIAG] frame0_abs=0.5344 frame1_abs=0.5656 in_chunk_delta=0.3936 cross_chunk_delta=0.4572
[UPDATE] 150/1000 reward_step=0.03209 chunk=0.11974 done_frac=0.13938 mean_reward=0.84297 mean_len=27.00
[SFPO] loss=-0.00313 policy_loss=-0.01094 value_loss=0.00781 ratio=0.9993 [0.005,10.954] clip=0.3717 kl_raw=0.054930 kl/step=0.013733 target_raw=0.0400 target/step=0.0100 kl_units=4 grad=1.9484 grad_c=0.1075 lr=0.000171 critic_lr=0.000171
[ROLLOUT] live=22.71 survive=0.26831 per_step=0.03154 episode_projection=15.77
[POLICY_DETAIL] samples=49152 raw_samples=49152 mb=12288 micro_mb=8192 logp_delta_abs=0.21950 old_logp=-62.92148 new_logp=-62.97371 adv_abs=0.65018 sde_steps=4
[TRAIN] mean_reward=0.84297 mean_len=27.00 recent_eps=100 completed_eps=1680202
[UPDATE_EFFECT] action_delta=0.01197137 param_rms_delta=0.00064664
[TIME] collect=3.655s update=0.260s
[DONE] timeout=0.00000 anchor_pos=0.00781 anchor_ori=0.00244 ee_body=0.72876
[TRACK_ROLLOUT] anchor_pos=0.68514 anchor_ori=0.62607 body_pos=0.78978 body_ori=0.41284 body_lin=0.44277 body_ang=0.25130
[ACT_SUMMARY] abs_mean=0.5749 abs_p95=0.7532 abs_p99=0.8349 abs_max=1.1191 legs=0.6225 waist=0.5513 arms=0.5391
[FRAME_DIAG] frame0_abs=0.5353 frame1_abs=0.5655 in_chunk_delta=0.3930 cross_chunk_delta=0.4569
[UPDATE] 151/1000 reward_step=0.03203 chunk=0.11974 done_frac=0.13898 mean_reward=0.89045 mean_len=27.40
[SFPO] loss=-0.00629 policy_loss=-0.01415 value_loss=0.00786 ratio=0.9992 [0.028,19.021] clip=0.3683 kl_raw=0.052980 kl/step=0.013245 target_raw=0.0400 target/step=0.0100 kl_units=4 grad=1.7609 grad_c=0.1196 lr=0.000171 critic_lr=0.000171
[ROLLOUT] live=22.76 survive=0.26624 per_step=0.03151 episode_projection=15.75
[POLICY_DETAIL] samples=49152 raw_samples=49152 mb=12288 micro_mb=8192 logp_delta_abs=0.21628 old_logp=-62.92758 new_logp=-62.97833 adv_abs=0.65124 sde_steps=4
[TRAIN] mean_reward=0.89045 mean_len=27.40 recent_eps=100 completed_eps=1687033
[UPDATE_EFFECT] action_delta=0.01196206 param_rms_delta=0.00066124
[TIME] collect=3.647s update=0.260s
[DONE] timeout=0.00000 anchor_pos=0.00964 anchor_ori=0.00427 ee_body=0.73059
[TRACK_ROLLOUT] anchor_pos=0.68258 anchor_ori=0.62485 body_pos=0.78887 body_ori=0.41073 body_lin=0.44421 body_ang=0.25258
[ACT_SUMMARY] abs_mean=0.5764 abs_p95=0.7575 abs_p99=0.8399 abs_max=1.1021 legs=0.6252 waist=0.5544 arms=0.5392
[FRAME_DIAG] frame0_abs=0.5366 frame1_abs=0.5667 in_chunk_delta=0.3928 cross_chunk_delta=0.4560
[UPDATE] 152/1000 reward_step=0.03185 chunk=0.11910 done_frac=0.13796 mean_reward=0.85307 mean_len=28.24
[SFPO] loss=-0.00241 policy_loss=-0.01048 value_loss=0.00807 ratio=0.9993 [0.005,20.083] clip=0.3697 kl_raw=0.054342 kl/step=0.013585 target_raw=0.0400 target/step=0.0100 kl_units=4 grad=1.9572 grad_c=0.1012 lr=0.000256 critic_lr=0.000256
[ROLLOUT] live=22.76 survive=0.27124 per_step=0.03132 episode_projection=15.66
[POLICY_DETAIL] samples=49152 raw_samples=49152 mb=12288 micro_mb=8192 logp_delta_abs=0.21833 old_logp=-62.90943 new_logp=-62.96116 adv_abs=0.64115 sde_steps=4
[TRAIN] mean_reward=0.85307 mean_len=28.24 recent_eps=100 completed_eps=1693814
[UPDATE_EFFECT] action_delta=0.01180063 param_rms_delta=0.00063986
[TIME] collect=3.547s update=0.260s
[DONE] timeout=0.00000 anchor_pos=0.01062 anchor_ori=0.00317 ee_body=0.72485
[TRACK_ROLLOUT] anchor_pos=0.67531 anchor_ori=0.62922 body_pos=0.78507 body_ori=0.40718 body_lin=0.44217 body_ang=0.25291
[ACT_SUMMARY] abs_mean=0.5778 abs_p95=0.7597 abs_p99=0.8420 abs_max=1.0342 legs=0.6273 waist=0.5521 arms=0.5408
[FRAME_DIAG] frame0_abs=0.5372 frame1_abs=0.5678 in_chunk_delta=0.3922 cross_chunk_delta=0.4553
[UPDATE] 153/1000 reward_step=0.03202 chunk=0.11983 done_frac=0.13501 mean_reward=0.85194 mean_len=27.80
[SFPO] loss=0.00001 policy_loss=-0.00780 value_loss=0.00781 ratio=0.9982 [0.013,39.926] clip=0.3811 kl_raw=0.058267 kl/step=0.014567 target_raw=0.0400 target/step=0.0100 kl_units=4 grad=2.1977 grad_c=0.1396 lr=0.000256 critic_lr=0.000256
[ROLLOUT] live=22.78 survive=0.27588 per_step=0.03149 episode_projection=15.75
[POLICY_DETAIL] samples=49152 raw_samples=49152 mb=12288 micro_mb=8192 logp_delta_abs=0.22616 old_logp=-62.89872 new_logp=-62.95490 adv_abs=0.65267 sde_steps=4
[TRAIN] mean_reward=0.85194 mean_len=27.80 recent_eps=100 completed_eps=1700450
[UPDATE_EFFECT] action_delta=0.01162768 param_rms_delta=0.00060521
[TIME] collect=3.548s update=0.259s
[DONE] timeout=0.00000 anchor_pos=0.01233 anchor_ori=0.00366 ee_body=0.71887
[TRACK_ROLLOUT] anchor_pos=0.67546 anchor_ori=0.62830 body_pos=0.78531 body_ori=0.41010 body_lin=0.44506 body_ang=0.25622
[ACT_SUMMARY] abs_mean=0.5804 abs_p95=0.7637 abs_p99=0.8459 abs_max=1.0627 legs=0.6312 waist=0.5521 arms=0.5430
[FRAME_DIAG] frame0_abs=0.5407 frame1_abs=0.5706 in_chunk_delta=0.3915 cross_chunk_delta=0.4552
[UPDATE] 154/1000 reward_step=0.03198 chunk=0.11950 done_frac=0.13706 mean_reward=0.79546 mean_len=25.84
[SFPO] loss=-0.00389 policy_loss=-0.01185 value_loss=0.00796 ratio=0.9980 [0.027,12.444] clip=0.3685 kl_raw=0.052992 kl/step=0.013248 target_raw=0.0400 target/step=0.0100 kl_units=4 grad=1.9633 grad_c=0.1117 lr=0.000256 critic_lr=0.000256
[ROLLOUT] live=22.75 survive=0.26636 per_step=0.03145 episode_projection=15.73
[POLICY_DETAIL] samples=49152 raw_samples=49152 mb=12288 micro_mb=8192 logp_delta_abs=0.21689 old_logp=-62.92844 new_logp=-62.98011 adv_abs=0.64427 sde_steps=4
[TRAIN] mean_reward=0.79546 mean_len=25.84 recent_eps=100 completed_eps=1707187
[UPDATE_EFFECT] action_delta=0.01165061 param_rms_delta=0.00067671
[TIME] collect=3.573s update=0.258s
[DONE] timeout=0.00000 anchor_pos=0.01074 anchor_ori=0.00330 ee_body=0.73010
[TRACK_ROLLOUT] anchor_pos=0.67516 anchor_ori=0.63207 body_pos=0.78390 body_ori=0.40994 body_lin=0.44708 body_ang=0.25674
[ACT_SUMMARY] abs_mean=0.5808 abs_p95=0.7658 abs_p99=0.8503 abs_max=1.1407 legs=0.6341 waist=0.5519 arms=0.5413
[FRAME_DIAG] frame0_abs=0.5409 frame1_abs=0.5717 in_chunk_delta=0.3914 cross_chunk_delta=0.4553
[UPDATE] 155/1000 reward_step=0.03183 chunk=0.11901 done_frac=0.13737 mean_reward=0.95334 mean_len=27.96
[SFPO] loss=-0.00306 policy_loss=-0.01087 value_loss=0.00781 ratio=0.9987 [0.022,12.574] clip=0.3767 kl_raw=0.055529 kl/step=0.013882 target_raw=0.0400 target/step=0.0100 kl_units=4 grad=1.9866 grad_c=0.0878 lr=0.000171 critic_lr=0.000171
[ROLLOUT] live=22.76 survive=0.26611 per_step=0.03131 episode_projection=15.66
[POLICY_DETAIL] samples=49152 raw_samples=49152 mb=12288 micro_mb=8192 logp_delta_abs=0.22184 old_logp=-62.91373 new_logp=-62.96710 adv_abs=0.65114 sde_steps=4
[TRAIN] mean_reward=0.95334 mean_len=27.96 recent_eps=100 completed_eps=1713939
[UPDATE_EFFECT] action_delta=0.01160809 param_rms_delta=0.00066414
[TIME] collect=3.723s update=0.260s
[DONE] timeout=0.00000 anchor_pos=0.01270 anchor_ori=0.00293 ee_body=0.73108
[TRACK_ROLLOUT] anchor_pos=0.67528 anchor_ori=0.63240 body_pos=0.78215 body_ori=0.40521 body_lin=0.44635 body_ang=0.25713
[ACT_SUMMARY] abs_mean=0.5817 abs_p95=0.7670 abs_p99=0.8525 abs_max=1.0890 legs=0.6368 waist=0.5524 arms=0.5408
[FRAME_DIAG] frame0_abs=0.5416 frame1_abs=0.5723 in_chunk_delta=0.3914 cross_chunk_delta=0.4559
[UPDATE] 156/1000 reward_step=0.03217 chunk=0.12052 done_frac=0.13267 mean_reward=0.94795 mean_len=29.92
[SFPO] loss=-0.00036 policy_loss=-0.01062 value_loss=0.01026 ratio=0.9996 [0.019,95.912] clip=0.3888 kl_raw=0.061140 kl/step=0.015285 target_raw=0.0400 target/step=0.0100 kl_units=4 grad=1.8376 grad_c=0.5122 lr=0.000114 critic_lr=0.000114
[ROLLOUT] live=22.81 survive=0.28247 per_step=0.03164 episode_projection=15.82
[POLICY_DETAIL] samples=49152 raw_samples=49152 mb=12288 micro_mb=8192 logp_delta_abs=0.23122 old_logp=-62.91296 new_logp=-62.97083 adv_abs=0.65440 sde_steps=4
[TRAIN] mean_reward=0.94795 mean_len=29.92 recent_eps=100 completed_eps=1720460
[UPDATE_EFFECT] action_delta=0.01051726 param_rms_delta=0.00057727
[TIME] collect=3.575s update=0.258s
[DONE] timeout=0.00000 anchor_pos=0.01245 anchor_ori=0.00342 ee_body=0.71350
[TRACK_ROLLOUT] anchor_pos=0.67693 anchor_ori=0.63153 body_pos=0.78464 body_ori=0.40923 body_lin=0.44962 body_ang=0.26057
[ACT_SUMMARY] abs_mean=0.5832 abs_p95=0.7691 abs_p99=0.8548 abs_max=1.1295 legs=0.6381 waist=0.5493 arms=0.5434
[FRAME_DIAG] frame0_abs=0.5435 frame1_abs=0.5737 in_chunk_delta=0.3908 cross_chunk_delta=0.4552
[UPDATE] 157/1000 reward_step=0.03176 chunk=0.11903 done_frac=0.13269 mean_reward=0.90560 mean_len=29.76
[SFPO] loss=-0.00305 policy_loss=-0.01161 value_loss=0.00856 ratio=0.9993 [0.033,20.346] clip=0.3693 kl_raw=0.054491 kl/step=0.013623 target_raw=0.0400 target/step=0.0100 kl_units=4 grad=1.8688 grad_c=0.3524 lr=0.000171 critic_lr=0.000171
[ROLLOUT] live=22.81 survive=0.27905 per_step=0.03123 episode_projection=15.62
[POLICY_DETAIL] samples=49152 raw_samples=49152 mb=12288 micro_mb=8192 logp_delta_abs=0.21788 old_logp=-62.94345 new_logp=-62.99533 adv_abs=0.65390 sde_steps=4
[TRAIN] mean_reward=0.90560 mean_len=29.76 recent_eps=100 completed_eps=1726982
[UPDATE_EFFECT] action_delta=0.01098840 param_rms_delta=0.00062298
[TIME] collect=3.539s update=0.276s
[DONE] timeout=0.00000 anchor_pos=0.01270 anchor_ori=0.00317 ee_body=0.71655
[TRACK_ROLLOUT] anchor_pos=0.66894 anchor_ori=0.62993 body_pos=0.78085 body_ori=0.40402 body_lin=0.44736 body_ang=0.25874
[ACT_SUMMARY] abs_mean=0.5858 abs_p95=0.7740 abs_p99=0.8589 abs_max=1.1555 legs=0.6429 waist=0.5512 arms=0.5443
[FRAME_DIAG] frame0_abs=0.5454 frame1_abs=0.5756 in_chunk_delta=0.3905 cross_chunk_delta=0.4550
[UPDATE] 158/1000 reward_step=0.03176 chunk=0.11901 done_frac=0.13184 mean_reward=0.88991 mean_len=29.92
[SFPO] loss=-0.00332 policy_loss=-0.01153 value_loss=0.00821 ratio=0.9985 [0.022,24.841] clip=0.3656 kl_raw=0.052113 kl/step=0.013028 target_raw=0.0400 target/step=0.0100 kl_units=4 grad=2.0283 grad_c=0.1325 lr=0.000256 critic_lr=0.000256
[ROLLOUT] live=22.81 survive=0.28467 per_step=0.03124 episode_projection=15.62
[POLICY_DETAIL] samples=49152 raw_samples=49152 mb=12288 micro_mb=8192 logp_delta_abs=0.21452 old_logp=-62.90904 new_logp=-62.95959 adv_abs=0.65461 sde_steps=4
[TRAIN] mean_reward=0.88991 mean_len=29.92 recent_eps=100 completed_eps=1733462
[UPDATE_EFFECT] action_delta=0.01151256 param_rms_delta=0.00062833
[TIME] collect=3.588s update=0.269s
[DONE] timeout=0.00000 anchor_pos=0.01465 anchor_ori=0.00330 ee_body=0.71057
[TRACK_ROLLOUT] anchor_pos=0.66723 anchor_ori=0.63038 body_pos=0.77974 body_ori=0.40162 body_lin=0.44986 body_ang=0.26245
[ACT_SUMMARY] abs_mean=0.5856 abs_p95=0.7754 abs_p99=0.8624 abs_max=1.0780 legs=0.6429 waist=0.5526 arms=0.5435
[FRAME_DIAG] frame0_abs=0.5462 frame1_abs=0.5762 in_chunk_delta=0.3902 cross_chunk_delta=0.4546
[UPDATE] 159/1000 reward_step=0.03201 chunk=0.11993 done_frac=0.13041 mean_reward=0.94952 mean_len=30.16
[SFPO] loss=0.00088 policy_loss=-0.00720 value_loss=0.00807 ratio=0.9981 [0.009,14.205] clip=0.3761 kl_raw=0.057074 kl/step=0.014269 target_raw=0.0400 target/step=0.0100 kl_units=4 grad=2.2673 grad_c=0.1314 lr=0.000256 critic_lr=0.000256
[ROLLOUT] live=22.81 survive=0.28235 per_step=0.03148 episode_projection=15.74
[POLICY_DETAIL] samples=49152 raw_samples=49152 mb=12288 micro_mb=8192 logp_delta_abs=0.22361 old_logp=-62.94353 new_logp=-62.99877 adv_abs=0.65576 sde_steps=4
[TRAIN] mean_reward=0.94952 mean_len=30.16 recent_eps=100 completed_eps=1739872
[UPDATE_EFFECT] action_delta=0.01130016 param_rms_delta=0.00061518
[TIME] collect=3.570s update=0.260s
[DONE] timeout=0.00000 anchor_pos=0.01721 anchor_ori=0.00366 ee_body=0.71289
[TRACK_ROLLOUT] anchor_pos=0.66407 anchor_ori=0.63319 body_pos=0.77896 body_ori=0.40198 body_lin=0.45073 body_ang=0.26530
[ACT_SUMMARY] abs_mean=0.5873 abs_p95=0.7772 abs_p99=0.8652 abs_max=1.1220 legs=0.6447 waist=0.5537 arms=0.5452
[FRAME_DIAG] frame0_abs=0.5479 frame1_abs=0.5773 in_chunk_delta=0.3895 cross_chunk_delta=0.4533
[UPDATE] 160/1000 reward_step=0.03173 chunk=0.11917 done_frac=0.12805 mean_reward=0.99442 mean_len=30.24
[SFPO] loss=0.00037 policy_loss=-0.00793 value_loss=0.00829 ratio=0.9990 [0.037,41.730] clip=0.3755 kl_raw=0.056041 kl/step=0.014010 target_raw=0.0400 target/step=0.0100 kl_units=4 grad=2.2176 grad_c=0.1093 lr=0.000171 critic_lr=0.000171
[ROLLOUT] live=22.86 survive=0.28931 per_step=0.03121 episode_projection=15.61
[POLICY_DETAIL] samples=49152 raw_samples=49152 mb=12288 micro_mb=8192 logp_delta_abs=0.22202 old_logp=-62.91554 new_logp=-62.96927 adv_abs=0.64957 sde_steps=4
[TRAIN] mean_reward=0.99442 mean_len=30.24 recent_eps=100 completed_eps=1746166
[UPDATE_EFFECT] action_delta=0.01130286 param_rms_delta=0.00059768
[TIME] collect=3.708s update=0.272s
[DONE] timeout=0.00000 anchor_pos=0.01721 anchor_ori=0.00317 ee_body=0.70459
[TRACK_ROLLOUT] anchor_pos=0.65840 anchor_ori=0.62915 body_pos=0.77723 body_ori=0.39862 body_lin=0.44619 body_ang=0.26271
[ACT_SUMMARY] abs_mean=0.5873 abs_p95=0.7784 abs_p99=0.8675 abs_max=1.1165 legs=0.6450 waist=0.5518 arms=0.5453
[FRAME_DIAG] frame0_abs=0.5482 frame1_abs=0.5771 in_chunk_delta=0.3889 cross_chunk_delta=0.4518
[UPDATE] 161/1000 reward_step=0.03195 chunk=0.11996 done_frac=0.12614 mean_reward=0.94839 mean_len=28.52
[SFPO] loss=-0.00051 policy_loss=-0.00889 value_loss=0.00838 ratio=0.9987 [0.037,23.047] clip=0.3657 kl_raw=0.052968 kl/step=0.013242 target_raw=0.0400 target/step=0.0100 kl_units=4 grad=2.2141 grad_c=0.0886 lr=0.000171 critic_lr=0.000171
[ROLLOUT] live=22.86 survive=0.30347 per_step=0.03141 episode_projection=15.70
[POLICY_DETAIL] samples=49152 raw_samples=49152 mb=12288 micro_mb=8192 logp_delta_abs=0.21581 old_logp=-62.92498 new_logp=-62.97612 adv_abs=0.64871 sde_steps=4
[TRAIN] mean_reward=0.94839 mean_len=28.52 recent_eps=100 completed_eps=1752366
[UPDATE_EFFECT] action_delta=0.01137404 param_rms_delta=0.00060306
[TIME] collect=3.700s update=0.261s
[DONE] timeout=0.00000 anchor_pos=0.01672 anchor_ori=0.00378 ee_body=0.69092
[TRACK_ROLLOUT] anchor_pos=0.66093 anchor_ori=0.63207 body_pos=0.77681 body_ori=0.39890 body_lin=0.45280 body_ang=0.26669
[ACT_SUMMARY] abs_mean=0.5894 abs_p95=0.7847 abs_p99=0.8744 abs_max=1.1352 legs=0.6502 waist=0.5520 arms=0.5452
[FRAME_DIAG] frame0_abs=0.5509 frame1_abs=0.5788 in_chunk_delta=0.3882 cross_chunk_delta=0.4515
[UPDATE] 162/1000 reward_step=0.03184 chunk=0.11965 done_frac=0.12583 mean_reward=0.96743 mean_len=30.64
[SFPO] loss=-0.00214 policy_loss=-0.01086 value_loss=0.00872 ratio=0.9999 [0.033,26.356] clip=0.3651 kl_raw=0.053329 kl/step=0.013332 target_raw=0.0400 target/step=0.0100 kl_units=4 grad=2.0896 grad_c=0.0989 lr=0.000256 critic_lr=0.000256
[ROLLOUT] live=22.88 survive=0.29590 per_step=0.03133 episode_projection=15.66
[POLICY_DETAIL] samples=49152 raw_samples=49152 mb=12288 micro_mb=8192 logp_delta_abs=0.21571 old_logp=-62.90985 new_logp=-62.96021 adv_abs=0.64230 sde_steps=4
[TRAIN] mean_reward=0.96743 mean_len=30.64 recent_eps=100 completed_eps=1758551
[UPDATE_EFFECT] action_delta=0.01185968 param_rms_delta=0.00064223
[TIME] collect=3.708s update=0.265s
[DONE] timeout=0.00000 anchor_pos=0.01709 anchor_ori=0.00183 ee_body=0.70007
[TRACK_ROLLOUT] anchor_pos=0.65770 anchor_ori=0.63198 body_pos=0.77540 body_ori=0.39727 body_lin=0.45180 body_ang=0.26835
[ACT_SUMMARY] abs_mean=0.5904 abs_p95=0.7845 abs_p99=0.8728 abs_max=1.1423 legs=0.6523 waist=0.5531 arms=0.5453
[FRAME_DIAG] frame0_abs=0.5520 frame1_abs=0.5800 in_chunk_delta=0.3878 cross_chunk_delta=0.4518
[UPDATE] 163/1000 reward_step=0.03170 chunk=0.11902 done_frac=0.12553 mean_reward=1.05491 mean_len=32.20
[SFPO] loss=-0.00059 policy_loss=-0.00916 value_loss=0.00858 ratio=0.9987 [0.052,10.532] clip=0.3201 kl_raw=0.039507 kl/step=0.009877 target_raw=0.0400 target/step=0.0100 kl_units=4 grad=2.3865 grad_c=0.0858 lr=0.000256 critic_lr=0.000256
[ROLLOUT] live=22.86 survive=0.29480 per_step=0.03118 episode_projection=15.59
[POLICY_DETAIL] samples=49152 raw_samples=49152 mb=12288 micro_mb=8192 logp_delta_abs=0.18791 old_logp=-62.91491 new_logp=-62.95384 adv_abs=0.65159 sde_steps=4
[TRAIN] mean_reward=1.05491 mean_len=32.20 recent_eps=100 completed_eps=1764721
[UPDATE_EFFECT] action_delta=0.01008184 param_rms_delta=0.00050616
[TIME] collect=3.642s update=0.258s
[DONE] timeout=0.00000 anchor_pos=0.01965 anchor_ori=0.00220 ee_body=0.70117
[TRACK_ROLLOUT] anchor_pos=0.65147 anchor_ori=0.63133 body_pos=0.77288 body_ori=0.39378 body_lin=0.45008 body_ang=0.26769
[ACT_SUMMARY] abs_mean=0.5917 abs_p95=0.7885 abs_p99=0.8763 abs_max=1.1082 legs=0.6540 waist=0.5545 arms=0.5463
[FRAME_DIAG] frame0_abs=0.5543 frame1_abs=0.5810 in_chunk_delta=0.3871 cross_chunk_delta=0.4509
[UPDATE] 164/1000 reward_step=0.03181 chunk=0.11960 done_frac=0.12252 mean_reward=1.01074 mean_len=31.96
[SFPO] loss=-0.00225 policy_loss=-0.01087 value_loss=0.00862 ratio=0.9987 [0.007,16.470] clip=0.3694 kl_raw=0.053731 kl/step=0.013433 target_raw=0.0400 target/step=0.0100 kl_units=4 grad=2.1174 grad_c=0.0922 lr=0.000171 critic_lr=0.000171
[ROLLOUT] live=22.89 survive=0.30859 per_step=0.03129 episode_projection=15.64
[POLICY_DETAIL] samples=49152 raw_samples=49152 mb=12288 micro_mb=8192 logp_delta_abs=0.21773 old_logp=-62.92507 new_logp=-62.97672 adv_abs=0.65070 sde_steps=4
[TRAIN] mean_reward=1.01074 mean_len=31.96 recent_eps=100 completed_eps=1770743
[UPDATE_EFFECT] action_delta=0.01098611 param_rms_delta=0.00061488
[TIME] collect=3.634s update=0.259s
[DONE] timeout=0.00000 anchor_pos=0.02039 anchor_ori=0.00195 ee_body=0.68640
[TRACK_ROLLOUT] anchor_pos=0.64943 anchor_ori=0.63195 body_pos=0.77402 body_ori=0.39535 body_lin=0.45140 body_ang=0.26937
[ACT_SUMMARY] abs_mean=0.5901 abs_p95=0.7878 abs_p99=0.8783 abs_max=1.1221 legs=0.6532 waist=0.5526 arms=0.5442
[FRAME_DIAG] frame0_abs=0.5523 frame1_abs=0.5795 in_chunk_delta=0.3872 cross_chunk_delta=0.4512
[UPDATE] 165/1000 reward_step=0.03178 chunk=0.11944 done_frac=0.12345 mean_reward=1.01591 mean_len=31.04
[SFPO] loss=0.00197 policy_loss=-0.00695 value_loss=0.00891 ratio=0.9987 [0.013,31.528] clip=0.3728 kl_raw=0.056840 kl/step=0.014210 target_raw=0.0400 target/step=0.0100 kl_units=4 grad=2.3012 grad_c=0.1354 lr=0.000171 critic_lr=0.000171
[ROLLOUT] live=22.88 survive=0.30408 per_step=0.03126 episode_projection=15.63
[POLICY_DETAIL] samples=49152 raw_samples=49152 mb=12288 micro_mb=8192 logp_delta_abs=0.22199 old_logp=-62.92594 new_logp=-62.98051 adv_abs=0.64500 sde_steps=4
[TRAIN] mean_reward=1.01591 mean_len=31.04 recent_eps=100 completed_eps=1776811
[UPDATE_EFFECT] action_delta=0.01108475 param_rms_delta=0.00056048
[TIME] collect=3.641s update=0.257s
[DONE] timeout=0.00000 anchor_pos=0.01868 anchor_ori=0.00244 ee_body=0.69177
[TRACK_ROLLOUT] anchor_pos=0.64895 anchor_ori=0.63148 body_pos=0.77324 body_ori=0.39551 body_lin=0.45240 body_ang=0.27157
[ACT_SUMMARY] abs_mean=0.5922 abs_p95=0.7907 abs_p99=0.8819 abs_max=1.1198 legs=0.6574 waist=0.5550 arms=0.5443
[FRAME_DIAG] frame0_abs=0.5544 frame1_abs=0.5810 in_chunk_delta=0.3868 cross_chunk_delta=0.4508
[UPDATE] 166/1000 reward_step=0.03204 chunk=0.12073 done_frac=0.11886 mean_reward=0.89765 mean_len=29.00
[SFPO] loss=-0.00297 policy_loss=-0.01156 value_loss=0.00859 ratio=0.9982 [0.025,13.805] clip=0.3699 kl_raw=0.054793 kl/step=0.013698 target_raw=0.0400 target/step=0.0100 kl_units=4 grad=2.0952 grad_c=0.1472 lr=0.000171 critic_lr=0.000171
[ROLLOUT] live=22.94 survive=0.32397 per_step=0.03150 episode_projection=15.75
[POLICY_DETAIL] samples=49152 raw_samples=49152 mb=12288 micro_mb=8192 logp_delta_abs=0.21877 old_logp=-62.93005 new_logp=-62.98323 adv_abs=0.64995 sde_steps=4
[TRAIN] mean_reward=0.89765 mean_len=29.00 recent_eps=100 completed_eps=1782653
[UPDATE_EFFECT] action_delta=0.01157437 param_rms_delta=0.00062553
[TIME] collect=3.613s update=0.261s
[DONE] timeout=0.00000 anchor_pos=0.02026 anchor_ori=0.00208 ee_body=0.67114
[TRACK_ROLLOUT] anchor_pos=0.64841 anchor_ori=0.63387 body_pos=0.77370 body_ori=0.39509 body_lin=0.45529 body_ang=0.27267
[ACT_SUMMARY] abs_mean=0.5939 abs_p95=0.7933 abs_p99=0.8847 abs_max=1.1422 legs=0.6584 waist=0.5568 arms=0.5466
[FRAME_DIAG] frame0_abs=0.5568 frame1_abs=0.5843 in_chunk_delta=0.3857 cross_chunk_delta=0.4494
[UPDATE] 167/1000 reward_step=0.03191 chunk=0.11996 done_frac=0.12366 mean_reward=1.06117 mean_len=32.20
[SFPO] loss=0.00059 policy_loss=-0.00788 value_loss=0.00847 ratio=0.9987 [0.015,28.650] clip=0.3729 kl_raw=0.057496 kl/step=0.014374 target_raw=0.0400 target/step=0.0100 kl_units=4 grad=2.3366 grad_c=0.1533 lr=0.000171 critic_lr=0.000171
[ROLLOUT] live=22.88 survive=0.29602 per_step=0.03139 episode_projection=15.70
[POLICY_DETAIL] samples=49152 raw_samples=49152 mb=12288 micro_mb=8192 logp_delta_abs=0.22268 old_logp=-62.90630 new_logp=-62.96133 adv_abs=0.64670 sde_steps=4
[TRAIN] mean_reward=1.06117 mean_len=32.20 recent_eps=100 completed_eps=1788731
[UPDATE_EFFECT] action_delta=0.01083927 param_rms_delta=0.00059821
[TIME] collect=3.616s update=0.261s
[DONE] timeout=0.00000 anchor_pos=0.02319 anchor_ori=0.00293 ee_body=0.69885
[TRACK_ROLLOUT] anchor_pos=0.64505 anchor_ori=0.63581 body_pos=0.77073 body_ori=0.39517 body_lin=0.45698 body_ang=0.27519
[ACT_SUMMARY] abs_mean=0.5968 abs_p95=0.7984 abs_p99=0.8895 abs_max=1.2205 legs=0.6652 waist=0.5572 arms=0.5467
[FRAME_DIAG] frame0_abs=0.5602 frame1_abs=0.5867 in_chunk_delta=0.3851 cross_chunk_delta=0.4506
[UPDATE] 168/1000 reward_step=0.03184 chunk=0.11981 done_frac=0.11910 mean_reward=0.98789 mean_len=31.68
[SFPO] loss=-0.00037 policy_loss=-0.00924 value_loss=0.00887 ratio=0.9994 [0.047,9.381] clip=0.3125 kl_raw=0.038399 kl/step=0.009600 target_raw=0.0400 target/step=0.0100 kl_units=4 grad=2.3180 grad_c=0.0614 lr=0.000256 critic_lr=0.000256
[ROLLOUT] live=22.91 survive=0.32104 per_step=0.03131 episode_projection=15.65
[POLICY_DETAIL] samples=49152 raw_samples=49152 mb=12288 micro_mb=8192 logp_delta_abs=0.18420 old_logp=-62.93960 new_logp=-62.97693 adv_abs=0.64414 sde_steps=4
[TRAIN] mean_reward=0.98789 mean_len=31.68 recent_eps=100 completed_eps=1794585
[UPDATE_EFFECT] action_delta=0.01027716 param_rms_delta=0.00051088
[TIME] collect=3.693s update=0.267s
[DONE] timeout=0.00000 anchor_pos=0.02112 anchor_ori=0.00281 ee_body=0.67346
[TRACK_ROLLOUT] anchor_pos=0.64267 anchor_ori=0.63386 body_pos=0.77053 body_ori=0.39262 body_lin=0.45557 body_ang=0.27549
[ACT_SUMMARY] abs_mean=0.5967 abs_p95=0.7988 abs_p99=0.8926 abs_max=1.1146 legs=0.6651 waist=0.5577 arms=0.5465
[FRAME_DIAG] frame0_abs=0.5607 frame1_abs=0.5862 in_chunk_delta=0.3849 cross_chunk_delta=0.4499
[UPDATE] 169/1000 reward_step=0.03137 chunk=0.11827 done_frac=0.11654 mean_reward=0.98131 mean_len=32.44
[SFPO] loss=-0.00012 policy_loss=-0.00913 value_loss=0.00901 ratio=1.0001 [0.004,16.567] clip=0.3797 kl_raw=0.057089 kl/step=0.014272 target_raw=0.0400 target/step=0.0100 kl_units=4 grad=2.2360 grad_c=0.1026 lr=0.000256 critic_lr=0.000256
[ROLLOUT] live=22.95 survive=0.32751 per_step=0.03087 episode_projection=15.43
[POLICY_DETAIL] samples=49152 raw_samples=49152 mb=12288 micro_mb=8192 logp_delta_abs=0.22446 old_logp=-62.91469 new_logp=-62.96815 adv_abs=0.64045 sde_steps=4
[TRAIN] mean_reward=0.98131 mean_len=32.44 recent_eps=100 completed_eps=1800313
[UPDATE_EFFECT] action_delta=0.01226187 param_rms_delta=0.00061341
[TIME] collect=3.690s update=0.260s
[DONE] timeout=0.00000 anchor_pos=0.02429 anchor_ori=0.00171 ee_body=0.66809
[TRACK_ROLLOUT] anchor_pos=0.63555 anchor_ori=0.63245 body_pos=0.76563 body_ori=0.38625 body_lin=0.45223 body_ang=0.27409
[ACT_SUMMARY] abs_mean=0.5957 abs_p95=0.8008 abs_p99=0.8921 abs_max=1.1432 legs=0.6648 waist=0.5563 arms=0.5449
[FRAME_DIAG] frame0_abs=0.5589 frame1_abs=0.5852 in_chunk_delta=0.3850 cross_chunk_delta=0.4502
[UPDATE] 170/1000 reward_step=0.03165 chunk=0.11914 done_frac=0.11723 mean_reward=1.02903 mean_len=34.20
[SFPO] loss=0.00092 policy_loss=-0.00805 value_loss=0.00897 ratio=0.9980 [0.037,27.131] clip=0.3171 kl_raw=0.039980 kl/step=0.009995 target_raw=0.0400 target/step=0.0100 kl_units=4 grad=2.4906 grad_c=0.1016 lr=0.000256 critic_lr=0.000256
[ROLLOUT] live=22.92 survive=0.32190 per_step=0.03114 episode_projection=15.57
[POLICY_DETAIL] samples=49152 raw_samples=49152 mb=12288 micro_mb=8192 logp_delta_abs=0.18756 old_logp=-62.92211 new_logp=-62.96216 adv_abs=0.65392 sde_steps=4
[TRAIN] mean_reward=1.02903 mean_len=34.20 recent_eps=100 completed_eps=1806075
[UPDATE_EFFECT] action_delta=0.00996801 param_rms_delta=0.00049954
[TIME] collect=3.602s update=0.264s
[DONE] timeout=0.00000 anchor_pos=0.02771 anchor_ori=0.00269 ee_body=0.67175
[TRACK_ROLLOUT] anchor_pos=0.63711 anchor_ori=0.63345 body_pos=0.76584 body_ori=0.38799 body_lin=0.45409 body_ang=0.27791
[ACT_SUMMARY] abs_mean=0.5993 abs_p95=0.8042 abs_p99=0.8972 abs_max=1.1274 legs=0.6693 waist=0.5575 arms=0.5482
[FRAME_DIAG] frame0_abs=0.5627 frame1_abs=0.5891 in_chunk_delta=0.3845 cross_chunk_delta=0.4496
[UPDATE] 171/1000 reward_step=0.03187 chunk=0.12011 done_frac=0.11607 mean_reward=1.07265 mean_len=33.52
[SFPO] loss=0.00074 policy_loss=-0.00835 value_loss=0.00909 ratio=0.9980 [0.020,26.160] clip=0.3730 kl_raw=0.056552 kl/step=0.014138 target_raw=0.0400 target/step=0.0100 kl_units=4 grad=2.2549 grad_c=0.1133 lr=0.000171 critic_lr=0.000171
[ROLLOUT] live=22.94 survive=0.32837 per_step=0.03134 episode_projection=15.67
[POLICY_DETAIL] samples=49152 raw_samples=49152 mb=12288 micro_mb=8192 logp_delta_abs=0.22198 old_logp=-62.93594 new_logp=-62.99076 adv_abs=0.64476 sde_steps=4
[TRAIN] mean_reward=1.07265 mean_len=33.52 recent_eps=100 completed_eps=1811780
[UPDATE_EFFECT] action_delta=0.01143188 param_rms_delta=0.00057731
[TIME] collect=3.538s update=0.296s
[DONE] timeout=0.00000 anchor_pos=0.02625 anchor_ori=0.00244 ee_body=0.66736
[TRACK_ROLLOUT] anchor_pos=0.63729 anchor_ori=0.63269 body_pos=0.76893 body_ori=0.39127 body_lin=0.45661 body_ang=0.27842
[ACT_SUMMARY] abs_mean=0.5997 abs_p95=0.8068 abs_p99=0.9023 abs_max=1.1378 legs=0.6708 waist=0.5568 arms=0.5480
[FRAME_DIAG] frame0_abs=0.5633 frame1_abs=0.5891 in_chunk_delta=0.3842 cross_chunk_delta=0.4492
[UPDATE] 172/1000 reward_step=0.03154 chunk=0.11900 done_frac=0.11444 mean_reward=1.05253 mean_len=32.60
[SFPO] loss=0.00172 policy_loss=-0.00696 value_loss=0.00868 ratio=0.9977 [0.015,18.670] clip=0.3741 kl_raw=0.057399 kl/step=0.014350 target_raw=0.0400 target/step=0.0100 kl_units=4 grad=2.4599 grad_c=0.1461 lr=0.000256 critic_lr=0.000256
[ROLLOUT] live=22.97 survive=0.33618 per_step=0.03102 episode_projection=15.51
[POLICY_DETAIL] samples=49152 raw_samples=49152 mb=12288 micro_mb=8192 logp_delta_abs=0.22319 old_logp=-62.90498 new_logp=-62.96085 adv_abs=0.65250 sde_steps=4
[TRAIN] mean_reward=1.05253 mean_len=32.60 recent_eps=100 completed_eps=1817405
[UPDATE_EFFECT] action_delta=0.01159104 param_rms_delta=0.00059189
[TIME] collect=3.674s update=0.260s
[DONE] timeout=0.00000 anchor_pos=0.02820 anchor_ori=0.00269 ee_body=0.65686
[TRACK_ROLLOUT] anchor_pos=0.62589 anchor_ori=0.63314 body_pos=0.76396 body_ori=0.38589 body_lin=0.45177 body_ang=0.27791
[ACT_SUMMARY] abs_mean=0.5994 abs_p95=0.8067 abs_p99=0.9000 abs_max=1.2227 legs=0.6699 waist=0.5574 arms=0.5481
[FRAME_DIAG] frame0_abs=0.5640 frame1_abs=0.5893 in_chunk_delta=0.3839 cross_chunk_delta=0.4482
[UPDATE] 173/1000 reward_step=0.03176 chunk=0.11989 done_frac=0.11340 mean_reward=0.97668 mean_len=31.32
[SFPO] loss=0.00270 policy_loss=-0.00626 value_loss=0.00896 ratio=0.9989 [0.027,22.513] clip=0.3785 kl_raw=0.058495 kl/step=0.014624 target_raw=0.0400 target/step=0.0100 kl_units=4 grad=2.4026 grad_c=0.1164 lr=0.000171 critic_lr=0.000171
[ROLLOUT] live=22.98 survive=0.34412 per_step=0.03123 episode_projection=15.62
[POLICY_DETAIL] samples=49152 raw_samples=49152 mb=12288 micro_mb=8192 logp_delta_abs=0.22586 old_logp=-62.95265 new_logp=-63.00862 adv_abs=0.65058 sde_steps=4
[TRAIN] mean_reward=0.97668 mean_len=31.32 recent_eps=100 completed_eps=1822979
[UPDATE_EFFECT] action_delta=0.01073328 param_rms_delta=0.00055063
[TIME] collect=3.577s update=0.260s
[DONE] timeout=0.00000 anchor_pos=0.02783 anchor_ori=0.00183 ee_body=0.65063
[TRACK_ROLLOUT] anchor_pos=0.63014 anchor_ori=0.63048 body_pos=0.76521 body_ori=0.38693 body_lin=0.45664 body_ang=0.28181
[ACT_SUMMARY] abs_mean=0.6018 abs_p95=0.8125 abs_p99=0.9076 abs_max=1.1521 legs=0.6752 waist=0.5565 arms=0.5487
[FRAME_DIAG] frame0_abs=0.5669 frame1_abs=0.5911 in_chunk_delta=0.3837 cross_chunk_delta=0.4478
[UPDATE] 174/1000 reward_step=0.03165 chunk=0.11929 done_frac=0.11428 mean_reward=1.14708 mean_len=34.64
[SFPO] loss=0.00155 policy_loss=-0.00793 value_loss=0.00948 ratio=0.9994 [0.011,14.302] clip=0.3767 kl_raw=0.058105 kl/step=0.014526 target_raw=0.0400 target/step=0.0100 kl_units=4 grad=2.3152 grad_c=0.2384 lr=0.000256 critic_lr=0.000256
[ROLLOUT] live=22.95 survive=0.33606 per_step=0.03112 episode_projection=15.56
[POLICY_DETAIL] samples=49152 raw_samples=49152 mb=12288 micro_mb=8192 logp_delta_abs=0.22454 old_logp=-62.93120 new_logp=-62.98608 adv_abs=0.64489 sde_steps=4
[TRAIN] mean_reward=1.14708 mean_len=34.64 recent_eps=100 completed_eps=1828596
[UPDATE_EFFECT] action_delta=0.01132661 param_rms_delta=0.00059710
[TIME] collect=3.594s update=0.267s
[DONE] timeout=0.00000 anchor_pos=0.02673 anchor_ori=0.00208 ee_body=0.65820
[TRACK_ROLLOUT] anchor_pos=0.62848 anchor_ori=0.63235 body_pos=0.76434 body_ori=0.38759 body_lin=0.45623 body_ang=0.28177
[ACT_SUMMARY] abs_mean=0.6017 abs_p95=0.8134 abs_p99=0.9068 abs_max=1.1300 legs=0.6741 waist=0.5589 arms=0.5488
[FRAME_DIAG] frame0_abs=0.5658 frame1_abs=0.5910 in_chunk_delta=0.3839 cross_chunk_delta=0.4488
[UPDATE] 175/1000 reward_step=0.03186 chunk=0.12027 done_frac=0.11220 mean_reward=0.97142 mean_len=30.56
[SFPO] loss=0.00124 policy_loss=-0.00753 value_loss=0.00876 ratio=0.9991 [0.014,13.843] clip=0.3765 kl_raw=0.056432 kl/step=0.014108 target_raw=0.0400 target/step=0.0100 kl_units=4 grad=2.3908 grad_c=0.1276 lr=0.000256 critic_lr=0.000256
[ROLLOUT] live=22.98 survive=0.34778 per_step=0.03133 episode_projection=15.67
[POLICY_DETAIL] samples=49152 raw_samples=49152 mb=12288 micro_mb=8192 logp_delta_abs=0.22258 old_logp=-62.90696 new_logp=-62.96058 adv_abs=0.64911 sde_steps=4
[TRAIN] mean_reward=0.97142 mean_len=30.56 recent_eps=100 completed_eps=1834111
[UPDATE_EFFECT] action_delta=0.01105126 param_rms_delta=0.00057880
[TIME] collect=3.694s update=0.263s
[DONE] timeout=0.00000 anchor_pos=0.02759 anchor_ori=0.00183 ee_body=0.64673
[TRACK_ROLLOUT] anchor_pos=0.62946 anchor_ori=0.63676 body_pos=0.76596 body_ori=0.38666 body_lin=0.45790 body_ang=0.28316
[ACT_SUMMARY] abs_mean=0.6004 abs_p95=0.8130 abs_p99=0.9072 abs_max=1.1468 legs=0.6740 waist=0.5566 arms=0.5467
[FRAME_DIAG] frame0_abs=0.5653 frame1_abs=0.5895 in_chunk_delta=0.3829 cross_chunk_delta=0.4462
[UPDATE] 176/1000 reward_step=0.03160 chunk=0.11926 done_frac=0.11171 mean_reward=1.12708 mean_len=34.16
[SFPO] loss=0.00144 policy_loss=-0.00743 value_loss=0.00887 ratio=0.9987 [0.021,14.840] clip=0.3763 kl_raw=0.056132 kl/step=0.014033 target_raw=0.0400 target/step=0.0100 kl_units=4 grad=2.3993 grad_c=0.1016 lr=0.000256 critic_lr=0.000256
[ROLLOUT] live=22.98 survive=0.34875 per_step=0.03107 episode_projection=15.54
[POLICY_DETAIL] samples=49152 raw_samples=49152 mb=12288 micro_mb=8192 logp_delta_abs=0.22266 old_logp=-62.92869 new_logp=-62.98273 adv_abs=0.63987 sde_steps=4
[TRAIN] mean_reward=1.12708 mean_len=34.16 recent_eps=100 completed_eps=1839602
[UPDATE_EFFECT] action_delta=0.01149612 param_rms_delta=0.00059102
[TIME] collect=3.605s update=0.261s
[DONE] timeout=0.00000 anchor_pos=0.02783 anchor_ori=0.00183 ee_body=0.64453
[TRACK_ROLLOUT] anchor_pos=0.62556 anchor_ori=0.63689 body_pos=0.76334 body_ori=0.38530 body_lin=0.45554 body_ang=0.28386
[ACT_SUMMARY] abs_mean=0.6032 abs_p95=0.8183 abs_p99=0.9120 abs_max=1.1693 legs=0.6786 waist=0.5580 arms=0.5484
[FRAME_DIAG] frame0_abs=0.5676 frame1_abs=0.5927 in_chunk_delta=0.3829 cross_chunk_delta=0.4477
[UPDATE] 177/1000 reward_step=0.03188 chunk=0.12044 done_frac=0.11125 mean_reward=1.13056 mean_len=35.92
[SFPO] loss=0.00313 policy_loss=-0.00597 value_loss=0.00910 ratio=0.9990 [0.023,14.400] clip=0.3760 kl_raw=0.057482 kl/step=0.014371 target_raw=0.0400 target/step=0.0100 kl_units=4 grad=2.5164 grad_c=0.1431 lr=0.000171 critic_lr=0.000171
[ROLLOUT] live=23.00 survive=0.34973 per_step=0.03133 episode_projection=15.67
[POLICY_DETAIL] samples=49152 raw_samples=49152 mb=12288 micro_mb=8192 logp_delta_abs=0.22410 old_logp=-62.93409 new_logp=-62.98899 adv_abs=0.64760 sde_steps=4
[TRAIN] mean_reward=1.13056 mean_len=35.92 recent_eps=100 completed_eps=1845070
[UPDATE_EFFECT] action_delta=0.01163767 param_rms_delta=0.00057903
[TIME] collect=3.542s update=0.263s
[DONE] timeout=0.00000 anchor_pos=0.02637 anchor_ori=0.00220 ee_body=0.64539
[TRACK_ROLLOUT] anchor_pos=0.62675 anchor_ori=0.63619 body_pos=0.76360 body_ori=0.38789 body_lin=0.45858 body_ang=0.28539
[ACT_SUMMARY] abs_mean=0.6049 abs_p95=0.8231 abs_p99=0.9175 abs_max=1.1840 legs=0.6794 waist=0.5582 arms=0.5510
[FRAME_DIAG] frame0_abs=0.5688 frame1_abs=0.5928 in_chunk_delta=0.3820 cross_chunk_delta=0.4471
[UPDATE] 178/1000 reward_step=0.03195 chunk=0.12071 done_frac=0.10903 mean_reward=1.07739 mean_len=34.36
[SFPO] loss=0.00065 policy_loss=-0.00962 value_loss=0.01027 ratio=0.9984 [0.013,12.305] clip=0.3667 kl_raw=0.054394 kl/step=0.013599 target_raw=0.0400 target/step=0.0100 kl_units=4 grad=2.3000 grad_c=0.2504 lr=0.000171 critic_lr=0.000171
[ROLLOUT] live=23.00 survive=0.36279 per_step=0.03141 episode_projection=15.71
[POLICY_DETAIL] samples=49152 raw_samples=49152 mb=12288 micro_mb=8192 logp_delta_abs=0.21765 old_logp=-62.94164 new_logp=-62.99419 adv_abs=0.63959 sde_steps=4
[TRAIN] mean_reward=1.07739 mean_len=34.36 recent_eps=100 completed_eps=1850429
[UPDATE_EFFECT] action_delta=0.01089977 param_rms_delta=0.00060512
[TIME] collect=3.604s update=0.261s
[DONE] timeout=0.00000 anchor_pos=0.02979 anchor_ori=0.00281 ee_body=0.63110
[TRACK_ROLLOUT] anchor_pos=0.62379 anchor_ori=0.63739 body_pos=0.76259 body_ori=0.38630 body_lin=0.45907 body_ang=0.28717
[ACT_SUMMARY] abs_mean=0.6062 abs_p95=0.8254 abs_p99=0.9203 abs_max=1.1322 legs=0.6796 waist=0.5601 arms=0.5531
[FRAME_DIAG] frame0_abs=0.5711 frame1_abs=0.5947 in_chunk_delta=0.3817 cross_chunk_delta=0.4451
[UPDATE] 179/1000 reward_step=0.03159 chunk=0.11935 done_frac=0.10952 mean_reward=1.13865 mean_len=36.00
[SFPO] loss=0.00149 policy_loss=-0.00771 value_loss=0.00920 ratio=0.9988 [0.020,20.681] clip=0.3734 kl_raw=0.056957 kl/step=0.014239 target_raw=0.0400 target/step=0.0100 kl_units=4 grad=2.4159 grad_c=0.1401 lr=0.000171 critic_lr=0.000171
[ROLLOUT] live=23.00 survive=0.35535 per_step=0.03104 episode_projection=15.52
[POLICY_DETAIL] samples=49152 raw_samples=49152 mb=12288 micro_mb=8192 logp_delta_abs=0.22235 old_logp=-62.92379 new_logp=-62.97819 adv_abs=0.64675 sde_steps=4
[TRAIN] mean_reward=1.13865 mean_len=36.00 recent_eps=100 completed_eps=1855812
[UPDATE_EFFECT] action_delta=0.01069397 param_rms_delta=0.00058866
[TIME] collect=3.646s update=0.282s
[DONE] timeout=0.00000 anchor_pos=0.02942 anchor_ori=0.00171 ee_body=0.64014
[TRACK_ROLLOUT] anchor_pos=0.61667 anchor_ori=0.63386 body_pos=0.75985 body_ori=0.38375 body_lin=0.45344 body_ang=0.28526
[ACT_SUMMARY] abs_mean=0.6066 abs_p95=0.8256 abs_p99=0.9210 abs_max=1.1150 legs=0.6795 waist=0.5606 arms=0.5538
[FRAME_DIAG] frame0_abs=0.5713 frame1_abs=0.5947 in_chunk_delta=0.3810 cross_chunk_delta=0.4455
[UPDATE] 180/1000 reward_step=0.03172 chunk=0.11990 done_frac=0.10854 mean_reward=1.00513 mean_len=34.00
[SFPO] loss=0.00090 policy_loss=-0.00841 value_loss=0.00931 ratio=0.9988 [0.041,24.279] clip=0.3730 kl_raw=0.056252 kl/step=0.014063 target_raw=0.0400 target/step=0.0100 kl_units=4 grad=2.3315 grad_c=0.1003 lr=0.000171 critic_lr=0.000171
[ROLLOUT] live=23.01 survive=0.36353 per_step=0.03118 episode_projection=15.59
[POLICY_DETAIL] samples=49152 raw_samples=49152 mb=12288 micro_mb=8192 logp_delta_abs=0.22153 old_logp=-62.92568 new_logp=-62.97967 adv_abs=0.64470 sde_steps=4
[TRAIN] mean_reward=1.00513 mean_len=34.00 recent_eps=100 completed_eps=1861147
[UPDATE_EFFECT] action_delta=0.01091664 param_rms_delta=0.00060983
[TIME] collect=3.667s update=0.273s
[DONE] timeout=0.00000 anchor_pos=0.03076 anchor_ori=0.00281 ee_body=0.63062
[TRACK_ROLLOUT] anchor_pos=0.61806 anchor_ori=0.63399 body_pos=0.76084 body_ori=0.38683 body_lin=0.45321 body_ang=0.28581
[ACT_SUMMARY] abs_mean=0.6071 abs_p95=0.8272 abs_p99=0.9243 abs_max=1.1362 legs=0.6800 waist=0.5599 arms=0.5546
[FRAME_DIAG] frame0_abs=0.5718 frame1_abs=0.5947 in_chunk_delta=0.3809 cross_chunk_delta=0.4458
[UPDATE] 181/1000 reward_step=0.03182 chunk=0.12027 done_frac=0.10866 mean_reward=1.12666 mean_len=36.16
[SFPO] loss=0.00193 policy_loss=-0.00814 value_loss=0.01008 ratio=0.9991 [0.016,16.994] clip=0.3704 kl_raw=0.055008 kl/step=0.013752 target_raw=0.0400 target/step=0.0100 kl_units=4 grad=2.3158 grad_c=0.1238 lr=0.000171 critic_lr=0.000171
[ROLLOUT] live=23.02 survive=0.36328 per_step=0.03128 episode_projection=15.64
[POLICY_DETAIL] samples=49152 raw_samples=49152 mb=12288 micro_mb=8192 logp_delta_abs=0.21941 old_logp=-62.92134 new_logp=-62.97384 adv_abs=0.63308 sde_steps=4
[TRAIN] mean_reward=1.12666 mean_len=36.16 recent_eps=100 completed_eps=1866488
[UPDATE_EFFECT] action_delta=0.01145414 param_rms_delta=0.00057590
[TIME] collect=3.744s update=0.262s
[DONE] timeout=0.00000 anchor_pos=0.03076 anchor_ori=0.00195 ee_body=0.63000
[TRACK_ROLLOUT] anchor_pos=0.61750 anchor_ori=0.63714 body_pos=0.76033 body_ori=0.38602 body_lin=0.45605 body_ang=0.28726
[ACT_SUMMARY] abs_mean=0.6083 abs_p95=0.8263 abs_p99=0.9221 abs_max=1.1912 legs=0.6810 waist=0.5615 arms=0.5559
[FRAME_DIAG] frame0_abs=0.5736 frame1_abs=0.5952 in_chunk_delta=0.3808 cross_chunk_delta=0.4456
[UPDATE] 182/1000 reward_step=0.03166 chunk=0.11973 done_frac=0.10710 mean_reward=1.13204 mean_len=36.68
[SFPO] loss=0.00133 policy_loss=-0.00798 value_loss=0.00931 ratio=0.9993 [0.018,20.744] clip=0.3713 kl_raw=0.055430 kl/step=0.013857 target_raw=0.0400 target/step=0.0100 kl_units=4 grad=2.3910 grad_c=0.1325 lr=0.000171 critic_lr=0.000171
[ROLLOUT] live=23.03 survive=0.36926 per_step=0.03111 episode_projection=15.55
[POLICY_DETAIL] samples=49152 raw_samples=49152 mb=12288 micro_mb=8192 logp_delta_abs=0.22001 old_logp=-62.94432 new_logp=-62.99710 adv_abs=0.63931 sde_steps=4
[TRAIN] mean_reward=1.13204 mean_len=36.68 recent_eps=100 completed_eps=1871752
[UPDATE_EFFECT] action_delta=0.01075445 param_rms_delta=0.00057792
[TIME] collect=3.749s update=0.265s
[DONE] timeout=0.00000 anchor_pos=0.03442 anchor_ori=0.00293 ee_body=0.62354
[TRACK_ROLLOUT] anchor_pos=0.61276 anchor_ori=0.63954 body_pos=0.75676 body_ori=0.38102 body_lin=0.45313 body_ang=0.28651
[ACT_SUMMARY] abs_mean=0.6098 abs_p95=0.8315 abs_p99=0.9273 abs_max=1.1804 legs=0.6815 waist=0.5637 arms=0.5583
[FRAME_DIAG] frame0_abs=0.5755 frame1_abs=0.5967 in_chunk_delta=0.3807 cross_chunk_delta=0.4455
[UPDATE] 183/1000 reward_step=0.03186 chunk=0.12066 done_frac=0.10567 mean_reward=1.23456 mean_len=38.04
[SFPO] loss=-0.00013 policy_loss=-0.00961 value_loss=0.00947 ratio=0.9992 [0.047,11.116] clip=0.3138 kl_raw=0.040220 kl/step=0.010055 target_raw=0.0400 target/step=0.0100 kl_units=4 grad=2.5086 grad_c=0.1082 lr=0.000256 critic_lr=0.000256
[ROLLOUT] live=23.06 survive=0.37732 per_step=0.03131 episode_projection=15.66
[POLICY_DETAIL] samples=49152 raw_samples=49152 mb=12288 micro_mb=8192 logp_delta_abs=0.18660 old_logp=-62.91866 new_logp=-62.95770 adv_abs=0.63678 sde_steps=4
[TRAIN] mean_reward=1.23456 mean_len=38.04 recent_eps=100 completed_eps=1876946
[UPDATE_EFFECT] action_delta=0.01029102 param_rms_delta=0.00050410
[TIME] collect=3.746s update=0.261s
[DONE] timeout=0.00000 anchor_pos=0.03113 anchor_ori=0.00208 ee_body=0.61670
[TRACK_ROLLOUT] anchor_pos=0.61510 anchor_ori=0.64230 body_pos=0.75884 body_ori=0.38325 body_lin=0.45399 body_ang=0.28810
[ACT_SUMMARY] abs_mean=0.6113 abs_p95=0.8333 abs_p99=0.9320 abs_max=1.2020 legs=0.6850 waist=0.5649 arms=0.5581
[FRAME_DIAG] frame0_abs=0.5763 frame1_abs=0.5979 in_chunk_delta=0.3799 cross_chunk_delta=0.4443
[UPDATE] 184/1000 reward_step=0.03159 chunk=0.11948 done_frac=0.10710 mean_reward=1.15565 mean_len=36.12
[SFPO] loss=-0.00167 policy_loss=-0.01115 value_loss=0.00948 ratio=0.9994 [0.060,18.704] clip=0.3174 kl_raw=0.039186 kl/step=0.009797 target_raw=0.0400 target/step=0.0100 kl_units=4 grad=2.2954 grad_c=0.0993 lr=0.000256 critic_lr=0.000256
[ROLLOUT] live=23.03 survive=0.36780 per_step=0.03105 episode_projection=15.53
[POLICY_DETAIL] samples=49152 raw_samples=49152 mb=12288 micro_mb=8192 logp_delta_abs=0.18660 old_logp=-62.89527 new_logp=-62.93329 adv_abs=0.63212 sde_steps=4
[TRAIN] mean_reward=1.15565 mean_len=36.12 recent_eps=100 completed_eps=1882210
[UPDATE_EFFECT] action_delta=0.01015101 param_rms_delta=0.00053401
[TIME] collect=3.601s update=0.277s
[DONE] timeout=0.00000 anchor_pos=0.03198 anchor_ori=0.00269 ee_body=0.62598
[TRACK_ROLLOUT] anchor_pos=0.61044 anchor_ori=0.63698 body_pos=0.75684 body_ori=0.38093 body_lin=0.45258 body_ang=0.28776
[ACT_SUMMARY] abs_mean=0.6083 abs_p95=0.8305 abs_p99=0.9254 abs_max=1.1247 legs=0.6827 waist=0.5627 arms=0.5542
[FRAME_DIAG] frame0_abs=0.5728 frame1_abs=0.5947 in_chunk_delta=0.3798 cross_chunk_delta=0.4453
[UPDATE] 185/1000 reward_step=0.03179 chunk=0.12027 done_frac=0.10608 mean_reward=1.14836 mean_len=36.88
[SFPO] loss=0.00278 policy_loss=-0.00688 value_loss=0.00966 ratio=0.9997 [0.016,16.675] clip=0.3775 kl_raw=0.057088 kl/step=0.014272 target_raw=0.0400 target/step=0.0100 kl_units=4 grad=2.4107 grad_c=0.2642 lr=0.000256 critic_lr=0.000256
[ROLLOUT] live=23.04 survive=0.37512 per_step=0.03125 episode_projection=15.62
[POLICY_DETAIL] samples=49152 raw_samples=49152 mb=12288 micro_mb=8192 logp_delta_abs=0.22407 old_logp=-62.93624 new_logp=-62.99019 adv_abs=0.64092 sde_steps=4
[TRAIN] mean_reward=1.14836 mean_len=36.88 recent_eps=100 completed_eps=1887424
[UPDATE_EFFECT] action_delta=0.01107606 param_rms_delta=0.00059135
[TIME] collect=3.562s update=0.264s
[DONE] timeout=0.00000 anchor_pos=0.03259 anchor_ori=0.00208 ee_body=0.61865
[TRACK_ROLLOUT] anchor_pos=0.61223 anchor_ori=0.64027 body_pos=0.75879 body_ori=0.38299 body_lin=0.45268 body_ang=0.28871
[ACT_SUMMARY] abs_mean=0.6081 abs_p95=0.8315 abs_p99=0.9288 abs_max=1.1759 legs=0.6817 waist=0.5618 arms=0.5550
[FRAME_DIAG] frame0_abs=0.5729 frame1_abs=0.5944 in_chunk_delta=0.3792 cross_chunk_delta=0.4445
[UPDATE] 186/1000 reward_step=0.03181 chunk=0.12048 done_frac=0.10386 mean_reward=1.14362 mean_len=35.52
[SFPO] loss=-0.00009 policy_loss=-0.00936 value_loss=0.00927 ratio=0.9989 [0.059,14.918] clip=0.3275 kl_raw=0.041395 kl/step=0.010349 target_raw=0.0400 target/step=0.0100 kl_units=4 grad=2.4419 grad_c=0.1264 lr=0.000256 critic_lr=0.000256
[ROLLOUT] live=23.06 survive=0.38879 per_step=0.03126 episode_projection=15.63
[POLICY_DETAIL] samples=49152 raw_samples=49152 mb=12288 micro_mb=8192 logp_delta_abs=0.19203 old_logp=-62.93112 new_logp=-62.97167 adv_abs=0.63561 sde_steps=4
[TRAIN] mean_reward=1.14362 mean_len=35.52 recent_eps=100 completed_eps=1892529
[UPDATE_EFFECT] action_delta=0.01021324 param_rms_delta=0.00051743
[TIME] collect=3.660s update=0.264s
[DONE] timeout=0.00000 anchor_pos=0.03259 anchor_ori=0.00208 ee_body=0.60547
[TRACK_ROLLOUT] anchor_pos=0.60833 anchor_ori=0.63931 body_pos=0.75738 body_ori=0.38122 body_lin=0.45456 body_ang=0.29089
[ACT_SUMMARY] abs_mean=0.6094 abs_p95=0.8335 abs_p99=0.9317 abs_max=1.1698 legs=0.6819 waist=0.5658 arms=0.5566
[FRAME_DIAG] frame0_abs=0.5749 frame1_abs=0.5951 in_chunk_delta=0.3787 cross_chunk_delta=0.4436
[UPDATE] 187/1000 reward_step=0.03186 chunk=0.12061 done_frac=0.10435 mean_reward=1.18935 mean_len=37.28
[SFPO] loss=0.00292 policy_loss=-0.00654 value_loss=0.00946 ratio=1.0001 [0.028,22.522] clip=0.3753 kl_raw=0.057903 kl/step=0.014476 target_raw=0.0400 target/step=0.0100 kl_units=4 grad=2.4677 grad_c=0.2112 lr=0.000171 critic_lr=0.000171
[ROLLOUT] live=23.05 survive=0.38416 per_step=0.03130 episode_projection=15.65
[POLICY_DETAIL] samples=49152 raw_samples=49152 mb=12288 micro_mb=8192 logp_delta_abs=0.22436 old_logp=-62.91551 new_logp=-62.96976 adv_abs=0.63514 sde_steps=4
[TRAIN] mean_reward=1.18935 mean_len=37.28 recent_eps=100 completed_eps=1897658
[UPDATE_EFFECT] action_delta=0.01057243 param_rms_delta=0.00060222
[TIME] collect=3.702s update=0.265s
[DONE] timeout=0.00000 anchor_pos=0.03674 anchor_ori=0.00159 ee_body=0.61084
[TRACK_ROLLOUT] anchor_pos=0.61067 anchor_ori=0.64291 body_pos=0.75606 body_ori=0.38118 body_lin=0.45527 body_ang=0.29188
[ACT_SUMMARY] abs_mean=0.6108 abs_p95=0.8368 abs_p99=0.9351 abs_max=1.1440 legs=0.6840 waist=0.5685 arms=0.5571
[FRAME_DIAG] frame0_abs=0.5761 frame1_abs=0.5953 in_chunk_delta=0.3777 cross_chunk_delta=0.4434
[UPDATE] 188/1000 reward_step=0.03180 chunk=0.12047 done_frac=0.10392 mean_reward=1.07962 mean_len=35.92
[SFPO] loss=0.00232 policy_loss=-0.00681 value_loss=0.00913 ratio=0.9981 [0.022,16.358] clip=0.3652 kl_raw=0.053672 kl/step=0.013418 target_raw=0.0400 target/step=0.0100 kl_units=4 grad=2.4963 grad_c=0.1659 lr=0.000256 critic_lr=0.000256
[ROLLOUT] live=23.07 survive=0.38489 per_step=0.03125 episode_projection=15.63
[POLICY_DETAIL] samples=49152 raw_samples=49152 mb=12288 micro_mb=8192 logp_delta_abs=0.21648 old_logp=-62.91017 new_logp=-62.96225 adv_abs=0.64020 sde_steps=4
[TRAIN] mean_reward=1.07962 mean_len=35.92 recent_eps=100 completed_eps=1902766
[UPDATE_EFFECT] action_delta=0.01045739 param_rms_delta=0.00054807
[TIME] collect=3.690s update=0.262s
[DONE] timeout=0.00000 anchor_pos=0.03528 anchor_ori=0.00220 ee_body=0.60864
[TRACK_ROLLOUT] anchor_pos=0.60561 anchor_ori=0.64154 body_pos=0.75435 body_ori=0.38105 body_lin=0.45425 body_ang=0.29180
[ACT_SUMMARY] abs_mean=0.6124 abs_p95=0.8401 abs_p99=0.9385 abs_max=1.1518 legs=0.6870 waist=0.5659 arms=0.5584
[FRAME_DIAG] frame0_abs=0.5781 frame1_abs=0.5970 in_chunk_delta=0.3777 cross_chunk_delta=0.4431
[UPDATE] 189/1000 reward_step=0.03193 chunk=0.12105 done_frac=0.10270 mean_reward=1.23343 mean_len=37.52
[SFPO] loss=0.00110 policy_loss=-0.00803 value_loss=0.00913 ratio=1.0002 [0.015,88.598] clip=0.3772 kl_raw=0.056757 kl/step=0.014189 target_raw=0.0400 target/step=0.0100 kl_units=4 grad=2.3711 grad_c=0.1715 lr=0.000171 critic_lr=0.000171
[ROLLOUT] live=23.08 survive=0.39343 per_step=0.03136 episode_projection=15.68
[POLICY_DETAIL] samples=49152 raw_samples=49152 mb=12288 micro_mb=8192 logp_delta_abs=0.22349 old_logp=-62.91097 new_logp=-62.96438 adv_abs=0.63533 sde_steps=4
[TRAIN] mean_reward=1.23343 mean_len=37.52 recent_eps=100 completed_eps=1907814
[UPDATE_EFFECT] action_delta=0.01114534 param_rms_delta=0.00057078
[TIME] collect=3.629s update=0.259s
[DONE] timeout=0.00000 anchor_pos=0.03735 anchor_ori=0.00208 ee_body=0.59924
[TRACK_ROLLOUT] anchor_pos=0.60434 anchor_ori=0.64286 body_pos=0.75480 body_ori=0.38293 body_lin=0.45441 body_ang=0.29344
[ACT_SUMMARY] abs_mean=0.6141 abs_p95=0.8431 abs_p99=0.9425 abs_max=1.1939 legs=0.6879 waist=0.5642 arms=0.5614
[FRAME_DIAG] frame0_abs=0.5812 frame1_abs=0.5984 in_chunk_delta=0.3772 cross_chunk_delta=0.4426
[UPDATE] 190/1000 reward_step=0.03168 chunk=0.11998 done_frac=0.10352 mean_reward=1.13339 mean_len=37.16
[SFPO] loss=-0.00062 policy_loss=-0.00995 value_loss=0.00933 ratio=1.0003 [0.057,10.282] clip=0.3219 kl_raw=0.040032 kl/step=0.010008 target_raw=0.0400 target/step=0.0100 kl_units=4 grad=2.4488 grad_c=0.1005 lr=0.000256 critic_lr=0.000256
[ROLLOUT] live=23.06 survive=0.38672 per_step=0.03112 episode_projection=15.56
[POLICY_DETAIL] samples=49152 raw_samples=49152 mb=12288 micro_mb=8192 logp_delta_abs=0.18873 old_logp=-62.93950 new_logp=-62.97741 adv_abs=0.63043 sde_steps=4
[TRAIN] mean_reward=1.13339 mean_len=37.16 recent_eps=100 completed_eps=1912902
[UPDATE_EFFECT] action_delta=0.01068768 param_rms_delta=0.00051681
[TIME] collect=3.585s update=0.277s
[DONE] timeout=0.00000 anchor_pos=0.03601 anchor_ori=0.00110 ee_body=0.60779
[TRACK_ROLLOUT] anchor_pos=0.59872 anchor_ori=0.63867 body_pos=0.75310 body_ori=0.38335 body_lin=0.44774 body_ang=0.29194
[ACT_SUMMARY] abs_mean=0.6160 abs_p95=0.8479 abs_p99=0.9485 abs_max=1.2085 legs=0.6898 waist=0.5657 arms=0.5634
[FRAME_DIAG] frame0_abs=0.5823 frame1_abs=0.6004 in_chunk_delta=0.3774 cross_chunk_delta=0.4433
[UPDATE] 191/1000 reward_step=0.03185 chunk=0.12068 done_frac=0.10101 mean_reward=1.16244 mean_len=37.04
[SFPO] loss=0.00212 policy_loss=-0.00727 value_loss=0.00938 ratio=0.9990 [0.038,13.758] clip=0.3266 kl_raw=0.042493 kl/step=0.010623 target_raw=0.0400 target/step=0.0100 kl_units=4 grad=2.6434 grad_c=0.1062 lr=0.000256 critic_lr=0.000256
[ROLLOUT] live=23.07 survive=0.40308 per_step=0.03129 episode_projection=15.65
[POLICY_DETAIL] samples=49152 raw_samples=49152 mb=12288 micro_mb=8192 logp_delta_abs=0.19339 old_logp=-62.89774 new_logp=-62.93917 adv_abs=0.63339 sde_steps=4
[TRAIN] mean_reward=1.16244 mean_len=37.04 recent_eps=100 completed_eps=1917867
[UPDATE_EFFECT] action_delta=0.00995739 param_rms_delta=0.00050031
[TIME] collect=3.582s update=0.258s
[DONE] timeout=0.00000 anchor_pos=0.03552 anchor_ori=0.00183 ee_body=0.59204
[TRACK_ROLLOUT] anchor_pos=0.60009 anchor_ori=0.63698 body_pos=0.75450 body_ori=0.38304 body_lin=0.45240 body_ang=0.29544
[ACT_SUMMARY] abs_mean=0.6218 abs_p95=0.8575 abs_p99=0.9592 abs_max=1.1990 legs=0.6972 waist=0.5711 arms=0.5680
[FRAME_DIAG] frame0_abs=0.5884 frame1_abs=0.6052 in_chunk_delta=0.3761 cross_chunk_delta=0.4413
[UPDATE] 192/1000 reward_step=0.03186 chunk=0.12066 done_frac=0.10268 mean_reward=1.16762 mean_len=36.88
[SFPO] loss=0.00581 policy_loss=-0.00523 value_loss=0.01104 ratio=0.9987 [0.009,20.035] clip=0.3836 kl_raw=0.059550 kl/step=0.014888 target_raw=0.0400 target/step=0.0100 kl_units=4 grad=2.5357 grad_c=0.4068 lr=0.000171 critic_lr=0.000171
[ROLLOUT] live=23.06 survive=0.39233 per_step=0.03129 episode_projection=15.65
[POLICY_DETAIL] samples=49152 raw_samples=49152 mb=12288 micro_mb=8192 logp_delta_abs=0.22835 old_logp=-62.88333 new_logp=-62.94030 adv_abs=0.62397 sde_steps=4
[TRAIN] mean_reward=1.16762 mean_len=36.88 recent_eps=100 completed_eps=1922914
[UPDATE_EFFECT] action_delta=0.01069244 param_rms_delta=0.00056824
[TIME] collect=3.631s update=0.259s
[DONE] timeout=0.00000 anchor_pos=0.03748 anchor_ori=0.00232 ee_body=0.60095
[TRACK_ROLLOUT] anchor_pos=0.59899 anchor_ori=0.63607 body_pos=0.75360 body_ori=0.38429 body_lin=0.45167 body_ang=0.29536
[ACT_SUMMARY] abs_mean=0.6207 abs_p95=0.8572 abs_p99=0.9562 abs_max=1.1723 legs=0.6967 waist=0.5684 arms=0.5667
[FRAME_DIAG] frame0_abs=0.5865 frame1_abs=0.6039 in_chunk_delta=0.3758 cross_chunk_delta=0.4412
[UPDATE] 193/1000 reward_step=0.03180 chunk=0.12052 done_frac=0.10148 mean_reward=1.27232 mean_len=38.48
[SFPO] loss=0.00406 policy_loss=-0.00524 value_loss=0.00930 ratio=0.9987 [0.002,15.882] clip=0.3777 kl_raw=0.058948 kl/step=0.014737 target_raw=0.0400 target/step=0.0100 kl_units=4 grad=2.6129 grad_c=0.1934 lr=0.000256 critic_lr=0.000256
[ROLLOUT] live=23.07 survive=0.39807 per_step=0.03124 episode_projection=15.62
[POLICY_DETAIL] samples=49152 raw_samples=49152 mb=12288 micro_mb=8192 logp_delta_abs=0.22590 old_logp=-62.91616 new_logp=-62.97234 adv_abs=0.64496 sde_steps=4
[TRAIN] mean_reward=1.27232 mean_len=38.48 recent_eps=100 completed_eps=1927902
[UPDATE_EFFECT] action_delta=0.01099430 param_rms_delta=0.00056567
[TIME] collect=3.646s update=0.259s
[DONE] timeout=0.00000 anchor_pos=0.03809 anchor_ori=0.00269 ee_body=0.59680
[TRACK_ROLLOUT] anchor_pos=0.59475 anchor_ori=0.63994 body_pos=0.75127 body_ori=0.38252 body_lin=0.45101 body_ang=0.29597
[ACT_SUMMARY] abs_mean=0.6217 abs_p95=0.8567 abs_p99=0.9583 abs_max=1.1990 legs=0.6973 waist=0.5713 arms=0.5676
[FRAME_DIAG] frame0_abs=0.5878 frame1_abs=0.6057 in_chunk_delta=0.3761 cross_chunk_delta=0.4409
[UPDATE] 194/1000 reward_step=0.03189 chunk=0.12104 done_frac=0.09930 mean_reward=1.26775 mean_len=38.72
[SFPO] loss=-0.00004 policy_loss=-0.00920 value_loss=0.00916 ratio=0.9991 [0.036,11.301] clip=0.3282 kl_raw=0.041696 kl/step=0.010424 target_raw=0.0400 target/step=0.0100 kl_units=4 grad=2.5202 grad_c=0.0776 lr=0.000256 critic_lr=0.000256
[ROLLOUT] live=23.11 survive=0.40955 per_step=0.03133 episode_projection=15.67
[POLICY_DETAIL] samples=49152 raw_samples=49152 mb=12288 micro_mb=8192 logp_delta_abs=0.19273 old_logp=-62.93157 new_logp=-62.97218 adv_abs=0.63807 sde_steps=4
[TRAIN] mean_reward=1.26775 mean_len=38.72 recent_eps=100 completed_eps=1932783
[UPDATE_EFFECT] action_delta=0.01045290 param_rms_delta=0.00051411
[TIME] collect=3.604s update=0.260s
[DONE] timeout=0.00000 anchor_pos=0.03369 anchor_ori=0.00208 ee_body=0.58496
[TRACK_ROLLOUT] anchor_pos=0.59506 anchor_ori=0.63943 body_pos=0.75330 body_ori=0.38274 body_lin=0.44998 body_ang=0.29624
[ACT_SUMMARY] abs_mean=0.6234 abs_p95=0.8585 abs_p99=0.9589 abs_max=1.2235 legs=0.7005 waist=0.5747 arms=0.5677
[FRAME_DIAG] frame0_abs=0.5891 frame1_abs=0.6079 in_chunk_delta=0.3749 cross_chunk_delta=0.4398
[UPDATE] 195/1000 reward_step=0.03189 chunk=0.12096 done_frac=0.10183 mean_reward=1.29390 mean_len=40.52
[SFPO] loss=0.00068 policy_loss=-0.00879 value_loss=0.00947 ratio=0.9986 [0.049,13.244] clip=0.3255 kl_raw=0.042423 kl/step=0.010606 target_raw=0.0400 target/step=0.0100 kl_units=4 grad=2.6101 grad_c=0.0990 lr=0.000256 critic_lr=0.000256
[ROLLOUT] live=23.09 survive=0.39722 per_step=0.03133 episode_projection=15.67
[POLICY_DETAIL] samples=49152 raw_samples=49152 mb=12288 micro_mb=8192 logp_delta_abs=0.19275 old_logp=-62.96062 new_logp=-63.00223 adv_abs=0.63041 sde_steps=4
[TRAIN] mean_reward=1.29390 mean_len=40.52 recent_eps=100 completed_eps=1937788
[UPDATE_EFFECT] action_delta=0.01007256 param_rms_delta=0.00050940
[TIME] collect=3.597s update=0.258s
[DONE] timeout=0.00000 anchor_pos=0.03589 anchor_ori=0.00208 ee_body=0.59778
[TRACK_ROLLOUT] anchor_pos=0.59185 anchor_ori=0.64074 body_pos=0.75019 body_ori=0.38199 body_lin=0.45088 body_ang=0.29787
[ACT_SUMMARY] abs_mean=0.6240 abs_p95=0.8619 abs_p99=0.9633 abs_max=1.2160 legs=0.7010 waist=0.5751 arms=0.5685
[FRAME_DIAG] frame0_abs=0.5888 frame1_abs=0.6089 in_chunk_delta=0.3744 cross_chunk_delta=0.4403
[UPDATE] 196/1000 reward_step=0.03220 chunk=0.12219 done_frac=0.09839 mean_reward=1.18914 mean_len=37.60
[SFPO] loss=0.00258 policy_loss=-0.00718 value_loss=0.00975 ratio=0.9998 [0.022,24.569] clip=0.3786 kl_raw=0.058114 kl/step=0.014528 target_raw=0.0400 target/step=0.0100 kl_units=4 grad=2.4867 grad_c=0.2459 lr=0.000171 critic_lr=0.000171
[ROLLOUT] live=23.11 survive=0.41443 per_step=0.03162 episode_projection=15.81
[POLICY_DETAIL] samples=49152 raw_samples=49152 mb=12288 micro_mb=8192 logp_delta_abs=0.22527 old_logp=-62.90202 new_logp=-62.95676 adv_abs=0.63138 sde_steps=4
[TRAIN] mean_reward=1.18914 mean_len=37.60 recent_eps=100 completed_eps=1942624
[UPDATE_EFFECT] action_delta=0.01079078 param_rms_delta=0.00055034
[TIME] collect=3.560s update=0.262s
[DONE] timeout=0.00000 anchor_pos=0.03711 anchor_ori=0.00159 ee_body=0.58032
[TRACK_ROLLOUT] anchor_pos=0.59594 anchor_ori=0.64197 body_pos=0.75273 body_ori=0.38340 body_lin=0.45113 body_ang=0.29823
[ACT_SUMMARY] abs_mean=0.6223 abs_p95=0.8576 abs_p99=0.9616 abs_max=1.2256 legs=0.6971 waist=0.5739 arms=0.5686
[FRAME_DIAG] frame0_abs=0.5875 frame1_abs=0.6076 in_chunk_delta=0.3737 cross_chunk_delta=0.4386
[UPDATE] 197/1000 reward_step=0.03220 chunk=0.12226 done_frac=0.09853 mean_reward=1.21058 mean_len=37.36
[SFPO] loss=0.00267 policy_loss=-0.00729 value_loss=0.00996 ratio=0.9993 [0.025,19.333] clip=0.3752 kl_raw=0.057464 kl/step=0.014366 target_raw=0.0400 target/step=0.0100 kl_units=4 grad=2.3859 grad_c=0.1783 lr=0.000171 critic_lr=0.000171
[ROLLOUT] live=23.12 survive=0.41357 per_step=0.03161 episode_projection=15.81
[POLICY_DETAIL] samples=49152 raw_samples=49152 mb=12288 micro_mb=8192 logp_delta_abs=0.22352 old_logp=-62.94990 new_logp=-63.00433 adv_abs=0.62963 sde_steps=4
[TRAIN] mean_reward=1.21058 mean_len=37.36 recent_eps=100 completed_eps=1947467
[UPDATE_EFFECT] action_delta=0.01091177 param_rms_delta=0.00056907
[TIME] collect=3.547s update=0.261s
[DONE] timeout=0.00000 anchor_pos=0.03955 anchor_ori=0.00232 ee_body=0.58130
[TRACK_ROLLOUT] anchor_pos=0.59359 anchor_ori=0.64124 body_pos=0.75328 body_ori=0.38432 body_lin=0.44739 body_ang=0.29852
[ACT_SUMMARY] abs_mean=0.6243 abs_p95=0.8603 abs_p99=0.9617 abs_max=1.2119 legs=0.6992 waist=0.5751 arms=0.5706
[FRAME_DIAG] frame0_abs=0.5890 frame1_abs=0.6104 in_chunk_delta=0.3730 cross_chunk_delta=0.4388
[UPDATE] 198/1000 reward_step=0.03197 chunk=0.12132 done_frac=0.09780 mean_reward=1.33604 mean_len=40.84
[SFPO] loss=0.00265 policy_loss=-0.00736 value_loss=0.01000 ratio=1.0000 [0.026,17.455] clip=0.3752 kl_raw=0.058004 kl/step=0.014501 target_raw=0.0400 target/step=0.0100 kl_units=4 grad=2.4932 grad_c=0.1502 lr=0.000171 critic_lr=0.000171
[ROLLOUT] live=23.10 survive=0.41821 per_step=0.03140 episode_projection=15.70
[POLICY_DETAIL] samples=49152 raw_samples=49152 mb=12288 micro_mb=8192 logp_delta_abs=0.22391 old_logp=-62.95847 new_logp=-63.01270 adv_abs=0.62870 sde_steps=4
[TRAIN] mean_reward=1.33604 mean_len=40.84 recent_eps=100 completed_eps=1952274
[UPDATE_EFFECT] action_delta=0.01100761 param_rms_delta=0.00056241
[TIME] collect=3.719s update=0.279s
[DONE] timeout=0.00000 anchor_pos=0.03711 anchor_ori=0.00256 ee_body=0.57544
[TRACK_ROLLOUT] anchor_pos=0.58849 anchor_ori=0.64072 body_pos=0.75063 body_ori=0.38128 body_lin=0.44972 body_ang=0.29951
[ACT_SUMMARY] abs_mean=0.6271 abs_p95=0.8646 abs_p99=0.9628 abs_max=1.1942 legs=0.7029 waist=0.5760 arms=0.5731
[FRAME_DIAG] frame0_abs=0.5916 frame1_abs=0.6138 in_chunk_delta=0.3732 cross_chunk_delta=0.4386
[UPDATE] 199/1000 reward_step=0.03236 chunk=0.12290 done_frac=0.09792 mean_reward=1.17847 mean_len=38.40
[SFPO] loss=0.00076 policy_loss=-0.00889 value_loss=0.00965 ratio=0.9989 [0.027,28.664] clip=0.3744 kl_raw=0.057249 kl/step=0.014312 target_raw=0.0400 target/step=0.0100 kl_units=4 grad=2.3914 grad_c=0.2026 lr=0.000171 critic_lr=0.000171
[ROLLOUT] live=23.12 survive=0.41760 per_step=0.03178 episode_projection=15.89
[POLICY_DETAIL] samples=49152 raw_samples=49152 mb=12288 micro_mb=8192 logp_delta_abs=0.22307 old_logp=-62.91508 new_logp=-62.96983 adv_abs=0.63288 sde_steps=4
[TRAIN] mean_reward=1.17847 mean_len=38.40 recent_eps=100 completed_eps=1957087
[UPDATE_EFFECT] action_delta=0.01040187 param_rms_delta=0.00057900
[TIME] collect=3.637s update=0.260s
[DONE] timeout=0.00000 anchor_pos=0.03711 anchor_ori=0.00195 ee_body=0.57678
[TRACK_ROLLOUT] anchor_pos=0.59270 anchor_ori=0.64490 body_pos=0.75244 body_ori=0.38484 body_lin=0.45395 body_ang=0.30258
[ACT_SUMMARY] abs_mean=0.6305 abs_p95=0.8716 abs_p99=0.9697 abs_max=1.2230 legs=0.7061 waist=0.5779 arms=0.5769
[FRAME_DIAG] frame0_abs=0.5946 frame1_abs=0.6165 in_chunk_delta=0.3725 cross_chunk_delta=0.4388
[UPDATE] 200/1000 reward_step=0.03203 chunk=0.12161 done_frac=0.09725 mean_reward=1.21931 mean_len=37.88
[SFPO] loss=0.00110 policy_loss=-0.00812 value_loss=0.00922 ratio=1.0003 [0.031,19.234] clip=0.3787 kl_raw=0.057983 kl/step=0.014496 target_raw=0.0400 target/step=0.0100 kl_units=4 grad=2.4124 grad_c=0.1335 lr=0.000171 critic_lr=0.000171
[ROLLOUT] live=23.12 survive=0.42041 per_step=0.03145 episode_projection=15.72
[POLICY_DETAIL] samples=49152 raw_samples=49152 mb=12288 micro_mb=8192 logp_delta_abs=0.22529 old_logp=-62.91832 new_logp=-62.97253 adv_abs=0.63332 sde_steps=4
[TRAIN] mean_reward=1.21931 mean_len=37.88 recent_eps=100 completed_eps=1961867
[UPDATE_EFFECT] action_delta=0.01098440 param_rms_delta=0.00057853
[TIME] collect=3.611s update=0.267s
[DONE] timeout=0.00000 anchor_pos=0.03540 anchor_ori=0.00293 ee_body=0.57422
[TRACK_ROLLOUT] anchor_pos=0.58338 anchor_ori=0.64238 body_pos=0.74986 body_ori=0.38062 body_lin=0.44569 body_ang=0.29944
[ACT_SUMMARY] abs_mean=0.6289 abs_p95=0.8687 abs_p99=0.9698 abs_max=1.1987 legs=0.7033 waist=0.5762 arms=0.5765
[FRAME_DIAG] frame0_abs=0.5938 frame1_abs=0.6144 in_chunk_delta=0.3719 cross_chunk_delta=0.4380
[VALIDATION_START] update=200 max_steps=500 envs=8192 fixed_seed=disabled
[VALIDATION_RESET_START]
[VALIDATION_RESET_DONE] time=0.005s
[VALIDATION_PROGRESS] step=1/500 done=0.00000 alive=1.00000 elapsed=0.171s
[VALIDATION_PROGRESS] step=50/500 done=0.96069 alive=0.03931 elapsed=6.381s
[VALIDATION_EARLY_STOP] step=54 done_frac=0.9828
[VALIDATION_DONE] update=200 time=6.913s
[VAL] steps_mean=36.87 steps_min=16 steps_p50=38 steps_p95=49 steps_max=54 fail_phase_mean=35.6 return=1.54299 done=0.98279
[VAL_EE] left_ankle_bad=0.53919 left_ankle_z=0.17482 right_ankle_bad=0.00087 right_ankle_z=0.06823 left_wrist_bad=0.11154 left_wrist_z=0.12819 right_wrist_bad=0.36728 right_wrist_z=0.18671
[VAL_CAUSE] anchor_pos_bad=0.00000 anchor_ori_bad=0.00037 ee_body_bad=0.98242 time_out=0.00000 anchor_z=0.21724 anchor_grav=0.18678 ee_z_max=0.26285 ee_z_mean=0.13949
[VAL_WALL] alive@850=0.0172 motion_complete=0.0000 wrist_fail_825_840=0.0000 steps_p50=38
[CHECKPOINT] saved /home/y/my_mimic_mixgrpo/my_mimic_mixgrpo_h1/runs/sfpo_h4_autokl_1000_v1/checkpoints/update_0200.pt
[UPDATE] 201/1000 reward_step=0.03210 chunk=0.12192 done_frac=0.09680 mean_reward=1.29056 mean_len=39.12
[SFPO] loss=-0.00027 policy_loss=-0.00963 value_loss=0.00936 ratio=0.9994 [0.059,13.150] clip=0.3203 kl_raw=0.040286 kl/step=0.010071 target_raw=0.0400 target/step=0.0100 kl_units=4 grad=2.5756 grad_c=0.1099 lr=0.000256 critic_lr=0.000256
[ROLLOUT] live=23.12 survive=0.42407 per_step=0.03152 episode_projection=15.76
[POLICY_DETAIL] samples=49152 raw_samples=49152 mb=12288 micro_mb=8192 logp_delta_abs=0.18872 old_logp=-62.92887 new_logp=-62.96788 adv_abs=0.63223 sde_steps=4
[TRAIN] mean_reward=1.29056 mean_len=39.12 recent_eps=100 completed_eps=1966625
[UPDATE_EFFECT] action_delta=0.01019363 param_rms_delta=0.00051479
[TIME] collect=3.654s update=0.263s
[DONE] timeout=0.00000 anchor_pos=0.03918 anchor_ori=0.00281 ee_body=0.57117
[TRACK_ROLLOUT] anchor_pos=0.58378 anchor_ori=0.64090 body_pos=0.74974 body_ori=0.38411 body_lin=0.44701 body_ang=0.30102
[ACT_SUMMARY] abs_mean=0.6311 abs_p95=0.8719 abs_p99=0.9754 abs_max=1.2450 legs=0.7064 waist=0.5744 arms=0.5788
[FRAME_DIAG] frame0_abs=0.5954 frame1_abs=0.6168 in_chunk_delta=0.3719 cross_chunk_delta=0.4380
[UPDATE] 202/1000 reward_step=0.03231 chunk=0.12269 done_frac=0.09605 mean_reward=1.28678 mean_len=39.32
[SFPO] loss=0.00493 policy_loss=-0.00541 value_loss=0.01034 ratio=0.9989 [0.036,16.519] clip=0.3742 kl_raw=0.057640 kl/step=0.014410 target_raw=0.0400 target/step=0.0100 kl_units=4 grad=2.6328 grad_c=0.2774 lr=0.000256 critic_lr=0.000256
[ROLLOUT] live=23.12 survive=0.42859 per_step=0.03172 episode_projection=15.86
[POLICY_DETAIL] samples=49152 raw_samples=49152 mb=12288 micro_mb=8192 logp_delta_abs=0.22366 old_logp=-62.92889 new_logp=-62.98393 adv_abs=0.62242 sde_steps=4
[TRAIN] mean_reward=1.28678 mean_len=39.32 recent_eps=100 completed_eps=1971346
[UPDATE_EFFECT] action_delta=0.01081631 param_rms_delta=0.00054645
[TIME] collect=3.555s update=0.261s
[DONE] timeout=0.00000 anchor_pos=0.04187 anchor_ori=0.00269 ee_body=0.56494
[TRACK_ROLLOUT] anchor_pos=0.58864 anchor_ori=0.64197 body_pos=0.75269 body_ori=0.38612 body_lin=0.44983 body_ang=0.30265
[ACT_SUMMARY] abs_mean=0.6319 abs_p95=0.8753 abs_p99=0.9778 abs_max=1.2488 legs=0.7082 waist=0.5752 arms=0.5787
[FRAME_DIAG] frame0_abs=0.5956 frame1_abs=0.6177 in_chunk_delta=0.3711 cross_chunk_delta=0.4388
[UPDATE] 203/1000 reward_step=0.03223 chunk=0.12259 done_frac=0.09560 mean_reward=1.24976 mean_len=39.84
[SFPO] loss=0.00664 policy_loss=-0.00360 value_loss=0.01024 ratio=1.0000 [0.025,27.491] clip=0.3699 kl_raw=0.056131 kl/step=0.014033 target_raw=0.0400 target/step=0.0100 kl_units=4 grad=2.7358 grad_c=0.1851 lr=0.000256 critic_lr=0.000256
[ROLLOUT] live=23.16 survive=0.43091 per_step=0.03165 episode_projection=15.83
[POLICY_DETAIL] samples=49152 raw_samples=49152 mb=12288 micro_mb=8192 logp_delta_abs=0.22099 old_logp=-62.92120 new_logp=-62.97392 adv_abs=0.62178 sde_steps=4
[TRAIN] mean_reward=1.24976 mean_len=39.84 recent_eps=100 completed_eps=1976045
[UPDATE_EFFECT] action_delta=0.01104469 param_rms_delta=0.00051293
[TIME] collect=3.522s update=0.262s
[DONE] timeout=0.00000 anchor_pos=0.04358 anchor_ori=0.00220 ee_body=0.56189
[TRACK_ROLLOUT] anchor_pos=0.58196 anchor_ori=0.64193 body_pos=0.75082 body_ori=0.38398 body_lin=0.44726 body_ang=0.30302
[ACT_SUMMARY] abs_mean=0.6304 abs_p95=0.8723 abs_p99=0.9704 abs_max=1.2202 legs=0.7050 waist=0.5719 arms=0.5789
[FRAME_DIAG] frame0_abs=0.5937 frame1_abs=0.6163 in_chunk_delta=0.3703 cross_chunk_delta=0.4379
[UPDATE] 204/1000 reward_step=0.03234 chunk=0.12286 done_frac=0.09578 mean_reward=1.31120 mean_len=40.64
[SFPO] loss=0.00213 policy_loss=-0.00756 value_loss=0.00969 ratio=0.9988 [0.035,12.989] clip=0.3330 kl_raw=0.043226 kl/step=0.010807 target_raw=0.0400 target/step=0.0100 kl_units=4 grad=2.6621 grad_c=0.0979 lr=0.000256 critic_lr=0.000256
[ROLLOUT] live=23.13 survive=0.43042 per_step=0.03176 episode_projection=15.88
[POLICY_DETAIL] samples=49152 raw_samples=49152 mb=12288 micro_mb=8192 logp_delta_abs=0.19613 old_logp=-62.92686 new_logp=-62.96909 adv_abs=0.62666 sde_steps=4
[TRAIN] mean_reward=1.31120 mean_len=40.64 recent_eps=100 completed_eps=1980753
[UPDATE_EFFECT] action_delta=0.01023229 param_rms_delta=0.00050242
[TIME] collect=3.648s update=0.260s
[DONE] timeout=0.00000 anchor_pos=0.03979 anchor_ori=0.00244 ee_body=0.56433
[TRACK_ROLLOUT] anchor_pos=0.58415 anchor_ori=0.64325 body_pos=0.75151 body_ori=0.38566 body_lin=0.44877 body_ang=0.30356
[ACT_SUMMARY] abs_mean=0.6342 abs_p95=0.8792 abs_p99=0.9795 abs_max=1.2715 legs=0.7106 waist=0.5740 arms=0.5816
[FRAME_DIAG] frame0_abs=0.5978 frame1_abs=0.6192 in_chunk_delta=0.3695 cross_chunk_delta=0.4374
[UPDATE] 205/1000 reward_step=0.03216 chunk=0.12223 done_frac=0.09489 mean_reward=1.33946 mean_len=42.20
[SFPO] loss=0.00111 policy_loss=-0.00829 value_loss=0.00940 ratio=0.9986 [0.045,9.669] clip=0.3252 kl_raw=0.041406 kl/step=0.010351 target_raw=0.0400 target/step=0.0100 kl_units=4 grad=2.6539 grad_c=0.1279 lr=0.000256 critic_lr=0.000256
[ROLLOUT] live=23.14 survive=0.43359 per_step=0.03158 episode_projection=15.79
[POLICY_DETAIL] samples=49152 raw_samples=49152 mb=12288 micro_mb=8192 logp_delta_abs=0.19176 old_logp=-62.92283 new_logp=-62.96357 adv_abs=0.62833 sde_steps=4
[TRAIN] mean_reward=1.33946 mean_len=42.20 recent_eps=100 completed_eps=1985417
[UPDATE_EFFECT] action_delta=0.00992909 param_rms_delta=0.00049928
[TIME] collect=3.646s update=0.262s
[DONE] timeout=0.00000 anchor_pos=0.04272 anchor_ori=0.00244 ee_body=0.56128
[TRACK_ROLLOUT] anchor_pos=0.57751 anchor_ori=0.64647 body_pos=0.74775 body_ori=0.38139 body_lin=0.44667 body_ang=0.30399
[ACT_SUMMARY] abs_mean=0.6351 abs_p95=0.8800 abs_p99=0.9801 abs_max=1.2230 legs=0.7123 waist=0.5718 arms=0.5826
[FRAME_DIAG] frame0_abs=0.5996 frame1_abs=0.6204 in_chunk_delta=0.3689 cross_chunk_delta=0.4367
[UPDATE] 206/1000 reward_step=0.03250 chunk=0.12346 done_frac=0.09599 mean_reward=1.17842 mean_len=39.48
[SFPO] loss=0.00016 policy_loss=-0.00979 value_loss=0.00995 ratio=0.9997 [0.051,19.712] clip=0.3264 kl_raw=0.041164 kl/step=0.010291 target_raw=0.0400 target/step=0.0100 kl_units=4 grad=2.5005 grad_c=0.1316 lr=0.000256 critic_lr=0.000256
[ROLLOUT] live=23.13 survive=0.42773 per_step=0.03191 episode_projection=15.95
[POLICY_DETAIL] samples=49152 raw_samples=49152 mb=12288 micro_mb=8192 logp_delta_abs=0.19162 old_logp=-62.92048 new_logp=-62.96006 adv_abs=0.62037 sde_steps=4
[TRAIN] mean_reward=1.17842 mean_len=39.48 recent_eps=100 completed_eps=1990135
[UPDATE_EFFECT] action_delta=0.01033488 param_rms_delta=0.00051754
[TIME] collect=3.646s update=0.269s
[DONE] timeout=0.00000 anchor_pos=0.04175 anchor_ori=0.00159 ee_body=0.56702
[TRACK_ROLLOUT] anchor_pos=0.58454 anchor_ori=0.64656 body_pos=0.75073 body_ori=0.38683 body_lin=0.44910 body_ang=0.30640
[ACT_SUMMARY] abs_mean=0.6360 abs_p95=0.8819 abs_p99=0.9818 abs_max=1.2202 legs=0.7118 waist=0.5764 arms=0.5838
[FRAME_DIAG] frame0_abs=0.6014 frame1_abs=0.6213 in_chunk_delta=0.3690 cross_chunk_delta=0.4371
[UPDATE] 207/1000 reward_step=0.03235 chunk=0.12299 done_frac=0.09497 mean_reward=1.27711 mean_len=39.64
[SFPO] loss=0.00737 policy_loss=-0.00486 value_loss=0.01223 ratio=0.9985 [0.031,24.404] clip=0.3818 kl_raw=0.058373 kl/step=0.014593 target_raw=0.0400 target/step=0.0100 kl_units=4 grad=2.6891 grad_c=0.5234 lr=0.000256 critic_lr=0.000256
[ROLLOUT] live=23.14 survive=0.43323 per_step=0.03178 episode_projection=15.89
[POLICY_DETAIL] samples=49152 raw_samples=49152 mb=12288 micro_mb=8192 logp_delta_abs=0.22675 old_logp=-62.93317 new_logp=-62.98927 adv_abs=0.62833 sde_steps=4
[TRAIN] mean_reward=1.27711 mean_len=39.64 recent_eps=100 completed_eps=1994803
[UPDATE_EFFECT] action_delta=0.01066847 param_rms_delta=0.00054843
[TIME] collect=3.620s update=0.262s
[DONE] timeout=0.00000 anchor_pos=0.03882 anchor_ori=0.00183 ee_body=0.56165
[TRACK_ROLLOUT] anchor_pos=0.57823 anchor_ori=0.64658 body_pos=0.74898 body_ori=0.38430 body_lin=0.44683 body_ang=0.30603
[ACT_SUMMARY] abs_mean=0.6354 abs_p95=0.8795 abs_p99=0.9818 abs_max=1.2244 legs=0.7109 waist=0.5733 arms=0.5840
[FRAME_DIAG] frame0_abs=0.6010 frame1_abs=0.6201 in_chunk_delta=0.3686 cross_chunk_delta=0.4356
[UPDATE] 208/1000 reward_step=0.03274 chunk=0.12451 done_frac=0.09377 mean_reward=1.41327 mean_len=42.04
[SFPO] loss=0.00294 policy_loss=-0.00776 value_loss=0.01070 ratio=1.0013 [0.031,11.762] clip=0.3317 kl_raw=0.043066 kl/step=0.010766 target_raw=0.0400 target/step=0.0100 kl_units=4 grad=2.6753 grad_c=0.2469 lr=0.000256 critic_lr=0.000256
[ROLLOUT] live=23.15 survive=0.44055 per_step=0.03214 episode_projection=16.07
[POLICY_DETAIL] samples=49152 raw_samples=49152 mb=12288 micro_mb=8192 logp_delta_abs=0.19524 old_logp=-62.89911 new_logp=-62.93874 adv_abs=0.64779 sde_steps=4
[TRAIN] mean_reward=1.41327 mean_len=42.04 recent_eps=100 completed_eps=1999412
[UPDATE_EFFECT] action_delta=0.00992040 param_rms_delta=0.00050970
[TIME] collect=3.533s update=0.262s
[DONE] timeout=0.00000 anchor_pos=0.04419 anchor_ori=0.00244 ee_body=0.55359
[TRACK_ROLLOUT] anchor_pos=0.58575 anchor_ori=0.65232 body_pos=0.75228 body_ori=0.38870 body_lin=0.45181 body_ang=0.30680
[ACT_SUMMARY] abs_mean=0.6360 abs_p95=0.8800 abs_p99=0.9811 abs_max=1.2087 legs=0.7115 waist=0.5717 arms=0.5849
[FRAME_DIAG] frame0_abs=0.6009 frame1_abs=0.6217 in_chunk_delta=0.3680 cross_chunk_delta=0.4363
[UPDATE] 209/1000 reward_step=0.03242 chunk=0.12320 done_frac=0.09497 mean_reward=1.30669 mean_len=42.00
[SFPO] loss=0.00029 policy_loss=-0.00931 value_loss=0.00960 ratio=0.9986 [0.065,11.051] clip=0.3242 kl_raw=0.041083 kl/step=0.010271 target_raw=0.0400 target/step=0.0100 kl_units=4 grad=2.5657 grad_c=0.1775 lr=0.000256 critic_lr=0.000256
[ROLLOUT] live=23.14 survive=0.43396 per_step=0.03182 episode_projection=15.91
[POLICY_DETAIL] samples=49152 raw_samples=49152 mb=12288 micro_mb=8192 logp_delta_abs=0.19085 old_logp=-62.92763 new_logp=-62.96802 adv_abs=0.62646 sde_steps=4
[TRAIN] mean_reward=1.30669 mean_len=42.00 recent_eps=100 completed_eps=2004080
[UPDATE_EFFECT] action_delta=0.01020548 param_rms_delta=0.00050810
[TIME] collect=3.594s update=0.269s
[DONE] timeout=0.00000 anchor_pos=0.04285 anchor_ori=0.00146 ee_body=0.56104
[TRACK_ROLLOUT] anchor_pos=0.57866 anchor_ori=0.65210 body_pos=0.74906 body_ori=0.38419 body_lin=0.44846 body_ang=0.30606
[ACT_SUMMARY] abs_mean=0.6366 abs_p95=0.8799 abs_p99=0.9777 abs_max=1.2394 legs=0.7134 waist=0.5727 arms=0.5844
[FRAME_DIAG] frame0_abs=0.6022 frame1_abs=0.6225 in_chunk_delta=0.3682 cross_chunk_delta=0.4370
[UPDATE] 210/1000 reward_step=0.03256 chunk=0.12378 done_frac=0.09554 mean_reward=1.40791 mean_len=41.92
[SFPO] loss=0.00050 policy_loss=-0.00878 value_loss=0.00927 ratio=0.9985 [0.033,10.985] clip=0.3277 kl_raw=0.041708 kl/step=0.010427 target_raw=0.0400 target/step=0.0100 kl_units=4 grad=2.6101 grad_c=0.1079 lr=0.000256 critic_lr=0.000256
[ROLLOUT] live=23.15 survive=0.43030 per_step=0.03196 episode_projection=15.98
[POLICY_DETAIL] samples=49152 raw_samples=49152 mb=12288 micro_mb=8192 logp_delta_abs=0.19267 old_logp=-62.91299 new_logp=-62.95407 adv_abs=0.63248 sde_steps=4
[TRAIN] mean_reward=1.40791 mean_len=41.92 recent_eps=100 completed_eps=2008776
[UPDATE_EFFECT] action_delta=0.01021997 param_rms_delta=0.00051189
[TIME] collect=3.620s update=0.260s
[DONE] timeout=0.00000 anchor_pos=0.04211 anchor_ori=0.00146 ee_body=0.56506
[TRACK_ROLLOUT] anchor_pos=0.58093 anchor_ori=0.65117 body_pos=0.75037 body_ori=0.38556 body_lin=0.44821 body_ang=0.30544
[ACT_SUMMARY] abs_mean=0.6351 abs_p95=0.8773 abs_p99=0.9788 abs_max=1.2223 legs=0.7123 waist=0.5738 arms=0.5821
[FRAME_DIAG] frame0_abs=0.6010 frame1_abs=0.6218 in_chunk_delta=0.3670 cross_chunk_delta=0.4356
[UPDATE] 211/1000 reward_step=0.03267 chunk=0.12426 done_frac=0.09349 mean_reward=1.37173 mean_len=39.84
[SFPO] loss=0.00092 policy_loss=-0.00887 value_loss=0.00979 ratio=0.9988 [0.039,9.639] clip=0.3346 kl_raw=0.043676 kl/step=0.010919 target_raw=0.0400 target/step=0.0100 kl_units=4 grad=2.5491 grad_c=0.0909 lr=0.000256 critic_lr=0.000256
[ROLLOUT] live=23.16 survive=0.44104 per_step=0.03207 episode_projection=16.03
[POLICY_DETAIL] samples=49152 raw_samples=49152 mb=12288 micro_mb=8192 logp_delta_abs=0.19687 old_logp=-62.93965 new_logp=-62.98234 adv_abs=0.62227 sde_steps=4
[TRAIN] mean_reward=1.37173 mean_len=39.84 recent_eps=100 completed_eps=2013371
[UPDATE_EFFECT] action_delta=0.00995947 param_rms_delta=0.00052323
[TIME] collect=3.544s update=0.269s
[DONE] timeout=0.00000 anchor_pos=0.04126 anchor_ori=0.00159 ee_body=0.55286
[TRACK_ROLLOUT] anchor_pos=0.58307 anchor_ori=0.65025 body_pos=0.75179 body_ori=0.38633 body_lin=0.45097 body_ang=0.30834
[ACT_SUMMARY] abs_mean=0.6361 abs_p95=0.8834 abs_p99=0.9831 abs_max=1.2368 legs=0.7157 waist=0.5755 arms=0.5808
[FRAME_DIAG] frame0_abs=0.6028 frame1_abs=0.6217 in_chunk_delta=0.3666 cross_chunk_delta=0.4352
[UPDATE] 212/1000 reward_step=0.03262 chunk=0.12403 done_frac=0.09418 mean_reward=1.38727 mean_len=41.12
[SFPO] loss=0.00104 policy_loss=-0.00880 value_loss=0.00984 ratio=0.9989 [0.006,9.513] clip=0.3315 kl_raw=0.043404 kl/step=0.010851 target_raw=0.0400 target/step=0.0100 kl_units=4 grad=2.6300 grad_c=0.1325 lr=0.000256 critic_lr=0.000256
[ROLLOUT] live=23.15 survive=0.43665 per_step=0.03202 episode_projection=16.01
[POLICY_DETAIL] samples=49152 raw_samples=49152 mb=12288 micro_mb=8192 logp_delta_abs=0.19549 old_logp=-62.92834 new_logp=-62.97051 adv_abs=0.62037 sde_steps=4
[TRAIN] mean_reward=1.38727 mean_len=41.12 recent_eps=100 completed_eps=2018000
[UPDATE_EFFECT] action_delta=0.01169087 param_rms_delta=0.00051304
[TIME] collect=3.589s update=0.267s
[DONE] timeout=0.00000 anchor_pos=0.03845 anchor_ori=0.00220 ee_body=0.55835
[TRACK_ROLLOUT] anchor_pos=0.57908 anchor_ori=0.65293 body_pos=0.74914 body_ori=0.38438 body_lin=0.44984 body_ang=0.30879
[ACT_SUMMARY] abs_mean=0.6355 abs_p95=0.8813 abs_p99=0.9817 abs_max=1.2414 legs=0.7145 waist=0.5769 arms=0.5804
[FRAME_DIAG] frame0_abs=0.6028 frame1_abs=0.6211 in_chunk_delta=0.3663 cross_chunk_delta=0.4349
[UPDATE] 213/1000 reward_step=0.03288 chunk=0.12495 done_frac=0.09288 mean_reward=1.28653 mean_len=40.52
[SFPO] loss=0.00499 policy_loss=-0.00559 value_loss=0.01058 ratio=0.9990 [0.020,24.578] clip=0.3407 kl_raw=0.047220 kl/step=0.011805 target_raw=0.0400 target/step=0.0100 kl_units=4 grad=2.8844 grad_c=0.1408 lr=0.000256 critic_lr=0.000256
[ROLLOUT] live=23.14 survive=0.44543 per_step=0.03227 episode_projection=16.14
[POLICY_DETAIL] samples=49152 raw_samples=49152 mb=12288 micro_mb=8192 logp_delta_abs=0.20261 old_logp=-62.90886 new_logp=-62.95446 adv_abs=0.60859 sde_steps=4
[TRAIN] mean_reward=1.28653 mean_len=40.52 recent_eps=100 completed_eps=2022565
[UPDATE_EFFECT] action_delta=0.01080715 param_rms_delta=0.00049792
[TIME] collect=3.656s update=0.261s
[DONE] timeout=0.00000 anchor_pos=0.04419 anchor_ori=0.00293 ee_body=0.54834
[TRACK_ROLLOUT] anchor_pos=0.57804 anchor_ori=0.65160 body_pos=0.75060 body_ori=0.38619 body_lin=0.44966 body_ang=0.31016
[ACT_SUMMARY] abs_mean=0.6392 abs_p95=0.8854 abs_p99=0.9859 abs_max=1.3039 legs=0.7176 waist=0.5766 arms=0.5854
[FRAME_DIAG] frame0_abs=0.6071 frame1_abs=0.6246 in_chunk_delta=0.3653 cross_chunk_delta=0.4339
[UPDATE] 214/1000 reward_step=0.03309 chunk=0.12581 done_frac=0.09306 mean_reward=1.34726 mean_len=40.48
[SFPO] loss=0.00235 policy_loss=-0.00745 value_loss=0.00979 ratio=1.0000 [0.028,22.232] clip=0.3735 kl_raw=0.056862 kl/step=0.014215 target_raw=0.0400 target/step=0.0100 kl_units=4 grad=2.6291 grad_c=0.3153 lr=0.000256 critic_lr=0.000256
[ROLLOUT] live=23.15 survive=0.44434 per_step=0.03248 episode_projection=16.24
[POLICY_DETAIL] samples=49152 raw_samples=49152 mb=12288 micro_mb=8192 logp_delta_abs=0.22234 old_logp=-62.90933 new_logp=-62.96257 adv_abs=0.62697 sde_steps=4
[TRAIN] mean_reward=1.34726 mean_len=40.48 recent_eps=100 completed_eps=2027139
[UPDATE_EFFECT] action_delta=0.01085865 param_rms_delta=0.00056547
[TIME] collect=3.629s update=0.273s
[DONE] timeout=0.00000 anchor_pos=0.04358 anchor_ori=0.00195 ee_body=0.55103
[TRACK_ROLLOUT] anchor_pos=0.58022 anchor_ori=0.65558 body_pos=0.75282 body_ori=0.38975 body_lin=0.45283 body_ang=0.31258
[ACT_SUMMARY] abs_mean=0.6377 abs_p95=0.8827 abs_p99=0.9838 abs_max=1.2136 legs=0.7161 waist=0.5778 arms=0.5833
[FRAME_DIAG] frame0_abs=0.6057 frame1_abs=0.6232 in_chunk_delta=0.3655 cross_chunk_delta=0.4337
[UPDATE] 215/1000 reward_step=0.03290 chunk=0.12497 done_frac=0.09416 mean_reward=1.31772 mean_len=40.28
[SFPO] loss=0.00325 policy_loss=-0.00639 value_loss=0.00963 ratio=0.9996 [0.026,15.188] clip=0.3811 kl_raw=0.058807 kl/step=0.014702 target_raw=0.0400 target/step=0.0100 kl_units=4 grad=2.5238 grad_c=0.2993 lr=0.000114 critic_lr=0.000114
[ROLLOUT] live=23.13 survive=0.43811 per_step=0.03229 episode_projection=16.15
[POLICY_DETAIL] samples=49152 raw_samples=49152 mb=12288 micro_mb=8192 logp_delta_abs=0.22703 old_logp=-62.89787 new_logp=-62.95326 adv_abs=0.62814 sde_steps=4
[TRAIN] mean_reward=1.31772 mean_len=40.28 recent_eps=100 completed_eps=2031767
[UPDATE_EFFECT] action_delta=0.01052627 param_rms_delta=0.00053900
[TIME] collect=3.565s update=0.261s
[DONE] timeout=0.00000 anchor_pos=0.04492 anchor_ori=0.00220 ee_body=0.55505
[TRACK_ROLLOUT] anchor_pos=0.57992 anchor_ori=0.65353 body_pos=0.75150 body_ori=0.38639 body_lin=0.44914 body_ang=0.31126
[ACT_SUMMARY] abs_mean=0.6367 abs_p95=0.8807 abs_p99=0.9816 abs_max=1.2231 legs=0.7163 waist=0.5787 arms=0.5809
[FRAME_DIAG] frame0_abs=0.6053 frame1_abs=0.6219 in_chunk_delta=0.3654 cross_chunk_delta=0.4340
[UPDATE] 216/1000 reward_step=0.03278 chunk=0.12459 done_frac=0.09395 mean_reward=1.18164 mean_len=39.12
[SFPO] loss=0.00044 policy_loss=-0.01008 value_loss=0.01052 ratio=1.0002 [0.021,18.717] clip=0.3731 kl_raw=0.057039 kl/step=0.014260 target_raw=0.0400 target/step=0.0100 kl_units=4 grad=2.2623 grad_c=0.2270 lr=0.000114 critic_lr=0.000114
[ROLLOUT] live=23.15 survive=0.44006 per_step=0.03216 episode_projection=16.08
[POLICY_DETAIL] samples=49152 raw_samples=49152 mb=12288 micro_mb=8192 logp_delta_abs=0.22204 old_logp=-62.90390 new_logp=-62.95723 adv_abs=0.61322 sde_steps=4
[TRAIN] mean_reward=1.18164 mean_len=39.12 recent_eps=100 completed_eps=2036385
[UPDATE_EFFECT] action_delta=0.01036212 param_rms_delta=0.00057049
[TIME] collect=3.579s update=0.262s
[DONE] timeout=0.00000 anchor_pos=0.04053 anchor_ori=0.00208 ee_body=0.55457
[TRACK_ROLLOUT] anchor_pos=0.57784 anchor_ori=0.65140 body_pos=0.74967 body_ori=0.38661 body_lin=0.44956 body_ang=0.31077
[ACT_SUMMARY] abs_mean=0.6384 abs_p95=0.8870 abs_p99=0.9897 abs_max=1.2207 legs=0.7187 waist=0.5764 arms=0.5828
[FRAME_DIAG] frame0_abs=0.6068 frame1_abs=0.6237 in_chunk_delta=0.3653 cross_chunk_delta=0.4341
[UPDATE] 217/1000 reward_step=0.03290 chunk=0.12520 done_frac=0.09151 mean_reward=1.33964 mean_len=41.48
[SFPO] loss=0.00038 policy_loss=-0.00985 value_loss=0.01022 ratio=0.9992 [0.017,15.872] clip=0.3738 kl_raw=0.058059 kl/step=0.014515 target_raw=0.0400 target/step=0.0100 kl_units=4 grad=2.2594 grad_c=0.3138 lr=0.000114 critic_lr=0.000114
[ROLLOUT] live=23.17 survive=0.45386 per_step=0.03229 episode_projection=16.15
[POLICY_DETAIL] samples=49152 raw_samples=49152 mb=12288 micro_mb=8192 logp_delta_abs=0.22344 old_logp=-62.88922 new_logp=-62.94441 adv_abs=0.61929 sde_steps=4
[TRAIN] mean_reward=1.33964 mean_len=41.48 recent_eps=100 completed_eps=2040883
[UPDATE_EFFECT] action_delta=0.01041871 param_rms_delta=0.00055631
[TIME] collect=3.730s update=0.262s
[DONE] timeout=0.00000 anchor_pos=0.03967 anchor_ori=0.00220 ee_body=0.54077
[TRACK_ROLLOUT] anchor_pos=0.57606 anchor_ori=0.65418 body_pos=0.75041 body_ori=0.38668 body_lin=0.45033 body_ang=0.31203
[ACT_SUMMARY] abs_mean=0.6399 abs_p95=0.8850 abs_p99=0.9861 abs_max=1.2600 legs=0.7193 waist=0.5764 arms=0.5854
[FRAME_DIAG] frame0_abs=0.6088 frame1_abs=0.6255 in_chunk_delta=0.3648 cross_chunk_delta=0.4342
[UPDATE] 218/1000 reward_step=0.03311 chunk=0.12590 done_frac=0.09336 mean_reward=1.41948 mean_len=43.16
[SFPO] loss=0.00080 policy_loss=-0.00941 value_loss=0.01022 ratio=0.9995 [0.000,14.477] clip=0.3757 kl_raw=0.058200 kl/step=0.014550 target_raw=0.0400 target/step=0.0100 kl_units=4 grad=2.3414 grad_c=0.1941 lr=0.000171 critic_lr=0.000171
[ROLLOUT] live=23.16 survive=0.44287 per_step=0.03249 episode_projection=16.24
[POLICY_DETAIL] samples=49152 raw_samples=49152 mb=12288 micro_mb=8192 logp_delta_abs=0.22389 old_logp=-62.93239 new_logp=-62.98739 adv_abs=0.61780 sde_steps=4
[TRAIN] mean_reward=1.41948 mean_len=43.16 recent_eps=100 completed_eps=2045472
[UPDATE_EFFECT] action_delta=0.01091184 param_rms_delta=0.00055911
[TIME] collect=3.706s update=0.264s
[DONE] timeout=0.00000 anchor_pos=0.03967 anchor_ori=0.00159 ee_body=0.55249
[TRACK_ROLLOUT] anchor_pos=0.57693 anchor_ori=0.65303 body_pos=0.75180 body_ori=0.38984 body_lin=0.44941 body_ang=0.31175
[ACT_SUMMARY] abs_mean=0.6398 abs_p95=0.8835 abs_p99=0.9845 abs_max=1.2707 legs=0.7173 waist=0.5781 arms=0.5866
[FRAME_DIAG] frame0_abs=0.6074 frame1_abs=0.6262 in_chunk_delta=0.3646 cross_chunk_delta=0.4328
[UPDATE] 219/1000 reward_step=0.03313 chunk=0.12616 done_frac=0.09056 mean_reward=1.37649 mean_len=40.80
[SFPO] loss=0.00324 policy_loss=-0.00646 value_loss=0.00970 ratio=0.9994 [0.002,41.416] clip=0.3801 kl_raw=0.059531 kl/step=0.014883 target_raw=0.0400 target/step=0.0100 kl_units=4 grad=2.4425 grad_c=0.0955 lr=0.000114 critic_lr=0.000114
[ROLLOUT] live=23.19 survive=0.45984 per_step=0.03251 episode_projection=16.25
[POLICY_DETAIL] samples=49152 raw_samples=49152 mb=12288 micro_mb=8192 logp_delta_abs=0.22728 old_logp=-62.90119 new_logp=-62.95737 adv_abs=0.62084 sde_steps=4
[TRAIN] mean_reward=1.37649 mean_len=40.80 recent_eps=100 completed_eps=2049923
[UPDATE_EFFECT] action_delta=0.00998018 param_rms_delta=0.00051859
[TIME] collect=3.760s update=0.261s
[DONE] timeout=0.00000 anchor_pos=0.03809 anchor_ori=0.00134 ee_body=0.53699
[TRACK_ROLLOUT] anchor_pos=0.57559 anchor_ori=0.65800 body_pos=0.75111 body_ori=0.38726 body_lin=0.44970 body_ang=0.31398
[ACT_SUMMARY] abs_mean=0.6433 abs_p95=0.8843 abs_p99=0.9863 abs_max=1.3024 legs=0.7223 waist=0.5790 arms=0.5894
[FRAME_DIAG] frame0_abs=0.6116 frame1_abs=0.6298 in_chunk_delta=0.3635 cross_chunk_delta=0.4318
[UPDATE] 220/1000 reward_step=0.03320 chunk=0.12633 done_frac=0.09194 mean_reward=1.39524 mean_len=42.32
[SFPO] loss=0.00181 policy_loss=-0.00854 value_loss=0.01035 ratio=0.9994 [0.017,18.433] clip=0.3743 kl_raw=0.057671 kl/step=0.014418 target_raw=0.0400 target/step=0.0100 kl_units=4 grad=2.3115 grad_c=0.1585 lr=0.000114 critic_lr=0.000114
[ROLLOUT] live=23.17 survive=0.45117 per_step=0.03258 episode_projection=16.29
[POLICY_DETAIL] samples=49152 raw_samples=49152 mb=12288 micro_mb=8192 logp_delta_abs=0.22313 old_logp=-62.91898 new_logp=-62.97359 adv_abs=0.60906 sde_steps=4
[TRAIN] mean_reward=1.39524 mean_len=42.32 recent_eps=100 completed_eps=2054442
[UPDATE_EFFECT] action_delta=0.01016102 param_rms_delta=0.00052679
[TIME] collect=3.663s update=0.261s
[DONE] timeout=0.00000 anchor_pos=0.03577 anchor_ori=0.00195 ee_body=0.54443
[TRACK_ROLLOUT] anchor_pos=0.57629 anchor_ori=0.65753 body_pos=0.75087 body_ori=0.38895 body_lin=0.45192 body_ang=0.31479
[ACT_SUMMARY] abs_mean=0.6437 abs_p95=0.8864 abs_p99=0.9866 abs_max=1.2495 legs=0.7228 waist=0.5780 arms=0.5899
[FRAME_DIAG] frame0_abs=0.6116 frame1_abs=0.6295 in_chunk_delta=0.3634 cross_chunk_delta=0.4321
[UPDATE] 221/1000 reward_step=0.03319 chunk=0.12633 done_frac=0.09265 mean_reward=1.36899 mean_len=40.04
[SFPO] loss=0.00161 policy_loss=-0.00834 value_loss=0.00995 ratio=0.9984 [0.008,18.784] clip=0.3743 kl_raw=0.057358 kl/step=0.014340 target_raw=0.0400 target/step=0.0100 kl_units=4 grad=2.3923 grad_c=0.1501 lr=0.000114 critic_lr=0.000114
[ROLLOUT] live=23.18 survive=0.44653 per_step=0.03257 episode_projection=16.29
[POLICY_DETAIL] samples=49152 raw_samples=49152 mb=12288 micro_mb=8192 logp_delta_abs=0.22299 old_logp=-62.92112 new_logp=-62.97639 adv_abs=0.62030 sde_steps=4
[TRAIN] mean_reward=1.36899 mean_len=40.04 recent_eps=100 completed_eps=2058996
[UPDATE_EFFECT] action_delta=0.00998733 param_rms_delta=0.00053801
[TIME] collect=3.663s update=0.272s
[DONE] timeout=0.00000 anchor_pos=0.04077 anchor_ori=0.00159 ee_body=0.54822
[TRACK_ROLLOUT] anchor_pos=0.57589 anchor_ori=0.65790 body_pos=0.75020 body_ori=0.38684 body_lin=0.44884 body_ang=0.31412
[ACT_SUMMARY] abs_mean=0.6421 abs_p95=0.8856 abs_p99=0.9845 abs_max=1.3103 legs=0.7178 waist=0.5813 arms=0.5903
[FRAME_DIAG] frame0_abs=0.6096 frame1_abs=0.6286 in_chunk_delta=0.3631 cross_chunk_delta=0.4325
[UPDATE] 222/1000 reward_step=0.03333 chunk=0.12693 done_frac=0.09074 mean_reward=1.50558 mean_len=42.20
[SFPO] loss=0.00239 policy_loss=-0.00772 value_loss=0.01011 ratio=0.9998 [0.006,21.391] clip=0.3753 kl_raw=0.058908 kl/step=0.014727 target_raw=0.0400 target/step=0.0100 kl_units=4 grad=2.3914 grad_c=0.1241 lr=0.000076 critic_lr=0.000076
[ROLLOUT] live=23.19 survive=0.45813 per_step=0.03269 episode_projection=16.35
[POLICY_DETAIL] samples=49152 raw_samples=49152 mb=12288 micro_mb=8192 logp_delta_abs=0.22487 old_logp=-62.94459 new_logp=-62.99995 adv_abs=0.61673 sde_steps=4
[TRAIN] mean_reward=1.50558 mean_len=42.20 recent_eps=100 completed_eps=2063456
[UPDATE_EFFECT] action_delta=0.01011756 param_rms_delta=0.00051206
[TIME] collect=3.706s update=0.266s
[DONE] timeout=0.00000 anchor_pos=0.03943 anchor_ori=0.00171 ee_body=0.53784
[TRACK_ROLLOUT] anchor_pos=0.57570 anchor_ori=0.65725 body_pos=0.75193 body_ori=0.38942 body_lin=0.45033 body_ang=0.31580
[ACT_SUMMARY] abs_mean=0.6438 abs_p95=0.8869 abs_p99=0.9867 abs_max=1.2187 legs=0.7216 waist=0.5801 arms=0.5906
[FRAME_DIAG] frame0_abs=0.6113 frame1_abs=0.6305 in_chunk_delta=0.3624 cross_chunk_delta=0.4316
[UPDATE] 223/1000 reward_step=0.03328 chunk=0.12667 done_frac=0.09121 mean_reward=1.44848 mean_len=44.84
[SFPO] loss=-0.00087 policy_loss=-0.01188 value_loss=0.01101 ratio=0.9994 [0.045,14.246] clip=0.3283 kl_raw=0.044755 kl/step=0.011189 target_raw=0.0400 target/step=0.0100 kl_units=4 grad=2.2771 grad_c=0.1163 lr=0.000256 critic_lr=0.000256
[ROLLOUT] live=23.18 survive=0.45496 per_step=0.03265 episode_projection=16.33
[POLICY_DETAIL] samples=49152 raw_samples=49152 mb=12288 micro_mb=8192 logp_delta_abs=0.19496 old_logp=-62.90159 new_logp=-62.94466 adv_abs=0.60455 sde_steps=4
[TRAIN] mean_reward=1.44848 mean_len=44.84 recent_eps=100 completed_eps=2067939
[UPDATE_EFFECT] action_delta=0.01108721 param_rms_delta=0.00056898
[TIME] collect=3.610s update=0.261s
[DONE] timeout=0.00000 anchor_pos=0.04041 anchor_ori=0.00134 ee_body=0.54041
[TRACK_ROLLOUT] anchor_pos=0.57517 anchor_ori=0.65497 body_pos=0.75124 body_ori=0.38854 body_lin=0.45092 body_ang=0.31698
[ACT_SUMMARY] abs_mean=0.6441 abs_p95=0.8885 abs_p99=0.9888 abs_max=1.2718 legs=0.7236 waist=0.5837 arms=0.5889
[FRAME_DIAG] frame0_abs=0.6120 frame1_abs=0.6299 in_chunk_delta=0.3621 cross_chunk_delta=0.4317
[UPDATE] 224/1000 reward_step=0.03349 chunk=0.12750 done_frac=0.08980 mean_reward=1.49373 mean_len=42.72
[SFPO] loss=0.00487 policy_loss=-0.00604 value_loss=0.01091 ratio=0.9997 [0.007,19.045] clip=0.3255 kl_raw=0.043798 kl/step=0.010950 target_raw=0.0400 target/step=0.0100 kl_units=4 grad=2.7776 grad_c=0.0902 lr=0.000171 critic_lr=0.000171
[ROLLOUT] live=23.18 survive=0.46252 per_step=0.03286 episode_projection=16.43
[POLICY_DETAIL] samples=49152 raw_samples=49152 mb=12288 micro_mb=8192 logp_delta_abs=0.19443 old_logp=-62.90058 new_logp=-62.94228 adv_abs=0.60969 sde_steps=4
[TRAIN] mean_reward=1.49373 mean_len=42.72 recent_eps=100 completed_eps=2072353
[UPDATE_EFFECT] action_delta=0.00844271 param_rms_delta=0.00041143
[TIME] collect=3.589s update=0.279s
[DONE] timeout=0.00000 anchor_pos=0.04065 anchor_ori=0.00159 ee_body=0.53442
[TRACK_ROLLOUT] anchor_pos=0.57687 anchor_ori=0.66006 body_pos=0.75229 body_ori=0.39001 body_lin=0.44945 body_ang=0.31689
[ACT_SUMMARY] abs_mean=0.6434 abs_p95=0.8850 abs_p99=0.9875 abs_max=1.2305 legs=0.7210 waist=0.5846 arms=0.5895
[FRAME_DIAG] frame0_abs=0.6103 frame1_abs=0.6299 in_chunk_delta=0.3614 cross_chunk_delta=0.4298
[UPDATE] 225/1000 reward_step=0.03345 chunk=0.12734 done_frac=0.08986 mean_reward=1.50145 mean_len=43.36
[SFPO] loss=0.00403 policy_loss=-0.00695 value_loss=0.01098 ratio=0.9992 [0.012,20.584] clip=0.3770 kl_raw=0.058404 kl/step=0.014601 target_raw=0.0400 target/step=0.0100 kl_units=4 grad=2.5702 grad_c=0.3117 lr=0.000171 critic_lr=0.000171
[ROLLOUT] live=23.18 survive=0.46350 per_step=0.03283 episode_projection=16.41
[POLICY_DETAIL] samples=49152 raw_samples=49152 mb=12288 micro_mb=8192 logp_delta_abs=0.22521 old_logp=-62.93494 new_logp=-62.99046 adv_abs=0.61572 sde_steps=4
[TRAIN] mean_reward=1.50145 mean_len=43.36 recent_eps=100 completed_eps=2076770
[UPDATE_EFFECT] action_delta=0.01103750 param_rms_delta=0.00055963
[TIME] collect=3.632s update=0.258s
[DONE] timeout=0.00000 anchor_pos=0.04211 anchor_ori=0.00183 ee_body=0.53149
[TRACK_ROLLOUT] anchor_pos=0.57760 anchor_ori=0.65871 body_pos=0.75027 body_ori=0.38978 body_lin=0.45142 body_ang=0.31704
[ACT_SUMMARY] abs_mean=0.6415 abs_p95=0.8816 abs_p99=0.9839 abs_max=1.2815 legs=0.7189 waist=0.5822 arms=0.5879
[FRAME_DIAG] frame0_abs=0.6077 frame1_abs=0.6271 in_chunk_delta=0.3615 cross_chunk_delta=0.4306
[UPDATE] 226/1000 reward_step=0.03370 chunk=0.12832 done_frac=0.09005 mean_reward=1.41673 mean_len=40.84
[SFPO] loss=0.00309 policy_loss=-0.00778 value_loss=0.01087 ratio=0.9994 [0.026,20.366] clip=0.3716 kl_raw=0.056415 kl/step=0.014104 target_raw=0.0400 target/step=0.0100 kl_units=4 grad=2.5945 grad_c=0.2683 lr=0.000171 critic_lr=0.000171
[ROLLOUT] live=23.18 survive=0.46204 per_step=0.03307 episode_projection=16.53
[POLICY_DETAIL] samples=49152 raw_samples=49152 mb=12288 micro_mb=8192 logp_delta_abs=0.22139 old_logp=-62.91466 new_logp=-62.96834 adv_abs=0.61597 sde_steps=4
[TRAIN] mean_reward=1.41673 mean_len=40.84 recent_eps=100 completed_eps=2081196
[UPDATE_EFFECT] action_delta=0.00997135 param_rms_delta=0.00053877
[TIME] collect=3.603s update=0.276s
[DONE] timeout=0.00000 anchor_pos=0.04041 anchor_ori=0.00122 ee_body=0.53442
[TRACK_ROLLOUT] anchor_pos=0.57933 anchor_ori=0.66049 body_pos=0.75207 body_ori=0.39144 body_lin=0.45209 body_ang=0.31866
[ACT_SUMMARY] abs_mean=0.6438 abs_p95=0.8897 abs_p99=0.9902 abs_max=1.2482 legs=0.7215 waist=0.5836 arms=0.5902
[FRAME_DIAG] frame0_abs=0.6098 frame1_abs=0.6296 in_chunk_delta=0.3607 cross_chunk_delta=0.4305
[UPDATE] 227/1000 reward_step=0.03345 chunk=0.12733 done_frac=0.09135 mean_reward=1.40918 mean_len=42.48
[SFPO] loss=0.00333 policy_loss=-0.00753 value_loss=0.01086 ratio=0.9995 [0.027,20.924] clip=0.3807 kl_raw=0.059571 kl/step=0.014893 target_raw=0.0400 target/step=0.0100 kl_units=4 grad=2.4973 grad_c=0.2688 lr=0.000171 critic_lr=0.000171
[ROLLOUT] live=23.18 survive=0.45435 per_step=0.03283 episode_projection=16.41
[POLICY_DETAIL] samples=49152 raw_samples=49152 mb=12288 micro_mb=8192 logp_delta_abs=0.22733 old_logp=-62.95050 new_logp=-63.00668 adv_abs=0.60723 sde_steps=4
[TRAIN] mean_reward=1.40918 mean_len=42.48 recent_eps=100 completed_eps=2085686
[UPDATE_EFFECT] action_delta=0.00980261 param_rms_delta=0.00053099
[TIME] collect=3.551s update=0.276s
[DONE] timeout=0.00000 anchor_pos=0.04041 anchor_ori=0.00269 ee_body=0.54028
[TRACK_ROLLOUT] anchor_pos=0.57307 anchor_ori=0.66158 body_pos=0.75007 body_ori=0.38895 body_lin=0.45070 body_ang=0.31890
[ACT_SUMMARY] abs_mean=0.6439 abs_p95=0.8876 abs_p99=0.9909 abs_max=1.2325 legs=0.7231 waist=0.5825 arms=0.5891
[FRAME_DIAG] frame0_abs=0.6093 frame1_abs=0.6294 in_chunk_delta=0.3606 cross_chunk_delta=0.4308
[UPDATE] 228/1000 reward_step=0.03365 chunk=0.12801 done_frac=0.09117 mean_reward=1.48424 mean_len=44.36
[SFPO] loss=0.00144 policy_loss=-0.00920 value_loss=0.01064 ratio=0.9986 [0.056,16.385] clip=0.3339 kl_raw=0.043910 kl/step=0.010978 target_raw=0.0400 target/step=0.0100 kl_units=4 grad=2.5646 grad_c=0.1655 lr=0.000256 critic_lr=0.000256
[ROLLOUT] live=23.16 survive=0.45508 per_step=0.03301 episode_projection=16.50
[POLICY_DETAIL] samples=49152 raw_samples=49152 mb=12288 micro_mb=8192 logp_delta_abs=0.19664 old_logp=-62.95586 new_logp=-62.99885 adv_abs=0.61287 sde_steps=4
[TRAIN] mean_reward=1.48424 mean_len=44.36 recent_eps=100 completed_eps=2090167
[UPDATE_EFFECT] action_delta=0.01024425 param_rms_delta=0.00052048
[TIME] collect=3.502s update=0.260s
[DONE] timeout=0.00000 anchor_pos=0.04065 anchor_ori=0.00244 ee_body=0.53906
[TRACK_ROLLOUT] anchor_pos=0.57529 anchor_ori=0.66176 body_pos=0.75084 body_ori=0.39012 body_lin=0.45288 body_ang=0.32014
[ACT_SUMMARY] abs_mean=0.6438 abs_p95=0.8908 abs_p99=0.9931 abs_max=1.2365 legs=0.7223 waist=0.5833 arms=0.5896
[FRAME_DIAG] frame0_abs=0.6081 frame1_abs=0.6304 in_chunk_delta=0.3601 cross_chunk_delta=0.4302
[UPDATE] 229/1000 reward_step=0.03374 chunk=0.12845 done_frac=0.08856 mean_reward=1.58223 mean_len=44.60
[SFPO] loss=0.00248 policy_loss=-0.00809 value_loss=0.01058 ratio=0.9993 [0.042,12.068] clip=0.3346 kl_raw=0.044096 kl/step=0.011024 target_raw=0.0400 target/step=0.0100 kl_units=4 grad=2.7141 grad_c=0.1399 lr=0.000256 critic_lr=0.000256
[ROLLOUT] live=23.19 survive=0.47070 per_step=0.03310 episode_projection=16.55
[POLICY_DETAIL] samples=49152 raw_samples=49152 mb=12288 micro_mb=8192 logp_delta_abs=0.19748 old_logp=-62.91942 new_logp=-62.96210 adv_abs=0.60666 sde_steps=4
[TRAIN] mean_reward=1.58223 mean_len=44.60 recent_eps=100 completed_eps=2094520
[UPDATE_EFFECT] action_delta=0.01042413 param_rms_delta=0.00050813
[TIME] collect=3.475s update=0.259s
[DONE] timeout=0.00000 anchor_pos=0.04419 anchor_ori=0.00110 ee_body=0.52551
[TRACK_ROLLOUT] anchor_pos=0.57393 anchor_ori=0.66222 body_pos=0.75133 body_ori=0.39122 body_lin=0.45045 body_ang=0.32049
[ACT_SUMMARY] abs_mean=0.6452 abs_p95=0.8911 abs_p99=0.9924 abs_max=1.2784 legs=0.7218 waist=0.5848 arms=0.5924
[FRAME_DIAG] frame0_abs=0.6108 frame1_abs=0.6316 in_chunk_delta=0.3596 cross_chunk_delta=0.4292
[UPDATE] 230/1000 reward_step=0.03422 chunk=0.13030 done_frac=0.09054 mean_reward=1.42175 mean_len=40.92
[SFPO] loss=0.00486 policy_loss=-0.00654 value_loss=0.01139 ratio=0.9994 [0.020,18.087] clip=0.3915 kl_raw=0.060539 kl/step=0.015135 target_raw=0.0400 target/step=0.0100 kl_units=4 grad=2.6259 grad_c=0.3074 lr=0.000256 critic_lr=0.000256
[ROLLOUT] live=23.19 survive=0.45935 per_step=0.03359 episode_projection=16.79
[POLICY_DETAIL] samples=49152 raw_samples=49152 mb=12288 micro_mb=8192 logp_delta_abs=0.23213 old_logp=-62.91569 new_logp=-62.97312 adv_abs=0.60916 sde_steps=4
[TRAIN] mean_reward=1.42175 mean_len=40.92 recent_eps=100 completed_eps=2098970
[UPDATE_EFFECT] action_delta=0.01122252 param_rms_delta=0.00056909
[TIME] collect=3.575s update=0.260s
[DONE] timeout=0.00000 anchor_pos=0.04041 anchor_ori=0.00085 ee_body=0.53687
[TRACK_ROLLOUT] anchor_pos=0.58031 anchor_ori=0.66645 body_pos=0.75520 body_ori=0.39713 body_lin=0.45353 body_ang=0.32348
[ACT_SUMMARY] abs_mean=0.6449 abs_p95=0.8929 abs_p99=0.9963 abs_max=1.2447 legs=0.7212 waist=0.5846 arms=0.5925
[FRAME_DIAG] frame0_abs=0.6095 frame1_abs=0.6311 in_chunk_delta=0.3590 cross_chunk_delta=0.4291
[UPDATE] 231/1000 reward_step=0.03392 chunk=0.12905 done_frac=0.09009 mean_reward=1.48504 mean_len=43.68
[SFPO] loss=0.00322 policy_loss=-0.00802 value_loss=0.01123 ratio=0.9977 [0.045,15.066] clip=0.3402 kl_raw=0.044412 kl/step=0.011103 target_raw=0.0400 target/step=0.0100 kl_units=4 grad=2.6768 grad_c=0.2372 lr=0.000256 critic_lr=0.000256
[ROLLOUT] live=23.17 survive=0.46204 per_step=0.03327 episode_projection=16.64
[POLICY_DETAIL] samples=49152 raw_samples=49152 mb=12288 micro_mb=8192 logp_delta_abs=0.19938 old_logp=-62.90558 new_logp=-62.94998 adv_abs=0.60965 sde_steps=4
[TRAIN] mean_reward=1.48504 mean_len=43.68 recent_eps=100 completed_eps=2103398
[UPDATE_EFFECT] action_delta=0.01002367 param_rms_delta=0.00050693
[TIME] collect=3.573s update=0.271s
[DONE] timeout=0.00000 anchor_pos=0.04126 anchor_ori=0.00195 ee_body=0.53308
[TRACK_ROLLOUT] anchor_pos=0.57169 anchor_ori=0.66666 body_pos=0.75204 body_ori=0.39283 body_lin=0.45091 body_ang=0.32271
[ACT_SUMMARY] abs_mean=0.6453 abs_p95=0.8910 abs_p99=0.9938 abs_max=1.3106 legs=0.7206 waist=0.5871 arms=0.5932
[FRAME_DIAG] frame0_abs=0.6111 frame1_abs=0.6310 in_chunk_delta=0.3593 cross_chunk_delta=0.4283
[UPDATE] 232/1000 reward_step=0.03430 chunk=0.13075 done_frac=0.08736 mean_reward=1.45844 mean_len=41.48
[SFPO] loss=0.00141 policy_loss=-0.00970 value_loss=0.01111 ratio=0.9989 [0.061,20.279] clip=0.3309 kl_raw=0.042643 kl/step=0.010661 target_raw=0.0400 target/step=0.0100 kl_units=4 grad=2.5548 grad_c=0.0926 lr=0.000256 critic_lr=0.000256
[ROLLOUT] live=23.21 survive=0.47815 per_step=0.03366 episode_projection=16.83
[POLICY_DETAIL] samples=49152 raw_samples=49152 mb=12288 micro_mb=8192 logp_delta_abs=0.19474 old_logp=-62.89868 new_logp=-62.94045 adv_abs=0.60689 sde_steps=4
[TRAIN] mean_reward=1.45844 mean_len=41.48 recent_eps=100 completed_eps=2107692
[UPDATE_EFFECT] action_delta=0.01035713 param_rms_delta=0.00051952
[TIME] collect=3.618s update=0.275s
[DONE] timeout=0.00000 anchor_pos=0.03711 anchor_ori=0.00110 ee_body=0.51855
[TRACK_ROLLOUT] anchor_pos=0.57631 anchor_ori=0.66963 body_pos=0.75474 body_ori=0.39812 body_lin=0.45273 body_ang=0.32259
[ACT_SUMMARY] abs_mean=0.6452 abs_p95=0.8899 abs_p99=0.9924 abs_max=1.2493 legs=0.7202 waist=0.5855 arms=0.5938
[FRAME_DIAG] frame0_abs=0.6111 frame1_abs=0.6309 in_chunk_delta=0.3592 cross_chunk_delta=0.4274
[UPDATE] 233/1000 reward_step=0.03397 chunk=0.12934 done_frac=0.09100 mean_reward=1.43084 mean_len=41.00
[SFPO] loss=0.00529 policy_loss=-0.00564 value_loss=0.01093 ratio=0.9991 [0.011,19.476] clip=0.3822 kl_raw=0.059774 kl/step=0.014944 target_raw=0.0400 target/step=0.0100 kl_units=4 grad=2.6620 grad_c=0.1237 lr=0.000171 critic_lr=0.000171
[ROLLOUT] live=23.19 survive=0.45728 per_step=0.03332 episode_projection=16.66
[POLICY_DETAIL] samples=49152 raw_samples=49152 mb=12288 micro_mb=8192 logp_delta_abs=0.22840 old_logp=-62.91968 new_logp=-62.97645 adv_abs=0.60869 sde_steps=4
[TRAIN] mean_reward=1.43084 mean_len=41.00 recent_eps=100 completed_eps=2112165
[UPDATE_EFFECT] action_delta=0.01021674 param_rms_delta=0.00052322
[TIME] collect=3.646s update=0.263s
[DONE] timeout=0.00000 anchor_pos=0.03735 anchor_ori=0.00195 ee_body=0.53796
[TRACK_ROLLOUT] anchor_pos=0.57179 anchor_ori=0.66778 body_pos=0.75062 body_ori=0.39414 body_lin=0.45048 body_ang=0.32248
[ACT_SUMMARY] abs_mean=0.6440 abs_p95=0.8890 abs_p99=0.9931 abs_max=1.2394 legs=0.7209 waist=0.5828 arms=0.5912
[FRAME_DIAG] frame0_abs=0.6105 frame1_abs=0.6303 in_chunk_delta=0.3590 cross_chunk_delta=0.4279
[UPDATE] 234/1000 reward_step=0.03411 chunk=0.12984 done_frac=0.08950 mean_reward=1.50924 mean_len=43.56
[SFPO] loss=0.00571 policy_loss=-0.00594 value_loss=0.01164 ratio=0.9990 [0.010,23.561] clip=0.3626 kl_raw=0.053188 kl/step=0.013297 target_raw=0.0400 target/step=0.0100 kl_units=4 grad=2.6434 grad_c=0.1719 lr=0.000171 critic_lr=0.000171
[ROLLOUT] live=23.18 survive=0.46545 per_step=0.03347 episode_projection=16.73
[POLICY_DETAIL] samples=49152 raw_samples=49152 mb=12288 micro_mb=8192 logp_delta_abs=0.21527 old_logp=-62.92283 new_logp=-62.97369 adv_abs=0.60138 sde_steps=4
[TRAIN] mean_reward=1.50924 mean_len=43.56 recent_eps=100 completed_eps=2116564
[UPDATE_EFFECT] action_delta=0.00975791 param_rms_delta=0.00046520
[TIME] collect=3.671s update=0.265s
[DONE] timeout=0.00000 anchor_pos=0.03809 anchor_ori=0.00293 ee_body=0.52991
[TRACK_ROLLOUT] anchor_pos=0.57461 anchor_ori=0.66824 body_pos=0.75205 body_ori=0.39328 body_lin=0.45120 body_ang=0.32344
[ACT_SUMMARY] abs_mean=0.6445 abs_p95=0.8916 abs_p99=0.9955 abs_max=1.2388 legs=0.7207 waist=0.5853 arms=0.5919
[FRAME_DIAG] frame0_abs=0.6118 frame1_abs=0.6312 in_chunk_delta=0.3584 cross_chunk_delta=0.4270
[UPDATE] 235/1000 reward_step=0.03437 chunk=0.13096 done_frac=0.08752 mean_reward=1.36214 mean_len=42.96
[SFPO] loss=0.00200 policy_loss=-0.00905 value_loss=0.01105 ratio=1.0000 [0.018,36.523] clip=0.3774 kl_raw=0.058084 kl/step=0.014521 target_raw=0.0400 target/step=0.0100 kl_units=4 grad=2.3994 grad_c=0.3010 lr=0.000171 critic_lr=0.000171
[ROLLOUT] live=23.21 survive=0.47644 per_step=0.03372 episode_projection=16.86
[POLICY_DETAIL] samples=49152 raw_samples=49152 mb=12288 micro_mb=8192 logp_delta_abs=0.22488 old_logp=-62.90844 new_logp=-62.96286 adv_abs=0.60739 sde_steps=4
[TRAIN] mean_reward=1.36214 mean_len=42.96 recent_eps=100 completed_eps=2120866
[UPDATE_EFFECT] action_delta=0.01000000 param_rms_delta=0.00054643
[TIME] collect=3.659s update=0.283s
[DONE] timeout=0.00000 anchor_pos=0.03894 anchor_ori=0.00208 ee_body=0.51855
[TRACK_ROLLOUT] anchor_pos=0.57821 anchor_ori=0.67268 body_pos=0.75440 body_ori=0.39759 body_lin=0.45320 body_ang=0.32398
[ACT_SUMMARY] abs_mean=0.6457 abs_p95=0.8930 abs_p99=0.9961 abs_max=1.2534 legs=0.7215 waist=0.5877 arms=0.5932
[FRAME_DIAG] frame0_abs=0.6124 frame1_abs=0.6313 in_chunk_delta=0.3584 cross_chunk_delta=0.4278
[UPDATE] 236/1000 reward_step=0.03407 chunk=0.12972 done_frac=0.09011 mean_reward=1.51168 mean_len=43.72
[SFPO] loss=0.00399 policy_loss=-0.00755 value_loss=0.01154 ratio=0.9985 [0.024,26.193] clip=0.3788 kl_raw=0.058713 kl/step=0.014678 target_raw=0.0400 target/step=0.0100 kl_units=4 grad=2.4674 grad_c=0.3281 lr=0.000171 critic_lr=0.000171
[ROLLOUT] live=23.19 survive=0.46167 per_step=0.03342 episode_projection=16.71
[POLICY_DETAIL] samples=49152 raw_samples=49152 mb=12288 micro_mb=8192 logp_delta_abs=0.22596 old_logp=-62.91053 new_logp=-62.96682 adv_abs=0.60354 sde_steps=4
[TRAIN] mean_reward=1.51168 mean_len=43.72 recent_eps=100 completed_eps=2125295
[UPDATE_EFFECT] action_delta=0.01027751 param_rms_delta=0.00054544
[TIME] collect=3.570s update=0.259s
[DONE] timeout=0.00000 anchor_pos=0.04199 anchor_ori=0.00122 ee_body=0.53369
[TRACK_ROLLOUT] anchor_pos=0.57188 anchor_ori=0.67054 body_pos=0.74947 body_ori=0.39425 body_lin=0.45051 body_ang=0.32394
[ACT_SUMMARY] abs_mean=0.6458 abs_p95=0.8917 abs_p99=0.9961 abs_max=1.2428 legs=0.7236 waist=0.5872 arms=0.5916
[FRAME_DIAG] frame0_abs=0.6117 frame1_abs=0.6326 in_chunk_delta=0.3577 cross_chunk_delta=0.4276
[UPDATE] 237/1000 reward_step=0.03433 chunk=0.13082 done_frac=0.08584 mean_reward=1.51880 mean_len=45.52
[SFPO] loss=0.00475 policy_loss=-0.00675 value_loss=0.01150 ratio=1.0000 [0.018,36.086] clip=0.3648 kl_raw=0.053269 kl/step=0.013317 target_raw=0.0400 target/step=0.0100 kl_units=4 grad=2.6048 grad_c=0.1420 lr=0.000171 critic_lr=0.000171
[ROLLOUT] live=23.21 survive=0.48682 per_step=0.03368 episode_projection=16.84
[POLICY_DETAIL] samples=49152 raw_samples=49152 mb=12288 micro_mb=8192 logp_delta_abs=0.21614 old_logp=-62.90451 new_logp=-62.95482 adv_abs=0.60351 sde_steps=4
[TRAIN] mean_reward=1.51880 mean_len=45.52 recent_eps=100 completed_eps=2129514
[UPDATE_EFFECT] action_delta=0.00958224 param_rms_delta=0.00047162
[TIME] collect=3.716s update=0.259s
[DONE] timeout=0.00000 anchor_pos=0.03857 anchor_ori=0.00208 ee_body=0.50842
[TRACK_ROLLOUT] anchor_pos=0.57386 anchor_ori=0.67069 body_pos=0.75317 body_ori=0.39478 body_lin=0.45371 body_ang=0.32474
[ACT_SUMMARY] abs_mean=0.6463 abs_p95=0.8938 abs_p99=0.9971 abs_max=1.2573 legs=0.7233 waist=0.5877 arms=0.5928
[FRAME_DIAG] frame0_abs=0.6130 frame1_abs=0.6328 in_chunk_delta=0.3571 cross_chunk_delta=0.4259
[UPDATE] 238/1000 reward_step=0.03417 chunk=0.13006 done_frac=0.09023 mean_reward=1.56480 mean_len=44.16
[SFPO] loss=0.00278 policy_loss=-0.00836 value_loss=0.01114 ratio=0.9995 [0.037,15.255] clip=0.3369 kl_raw=0.045097 kl/step=0.011274 target_raw=0.0400 target/step=0.0100 kl_units=4 grad=2.6538 grad_c=0.1630 lr=0.000256 critic_lr=0.000256
[ROLLOUT] live=23.18 survive=0.46057 per_step=0.03352 episode_projection=16.76
[POLICY_DETAIL] samples=49152 raw_samples=49152 mb=12288 micro_mb=8192 logp_delta_abs=0.19908 old_logp=-62.91265 new_logp=-62.95589 adv_abs=0.60746 sde_steps=4
[TRAIN] mean_reward=1.56480 mean_len=44.16 recent_eps=100 completed_eps=2133949
[UPDATE_EFFECT] action_delta=0.01030338 param_rms_delta=0.00051877
[TIME] collect=3.697s update=0.259s
[DONE] timeout=0.00000 anchor_pos=0.04443 anchor_ori=0.00171 ee_body=0.53528
[TRACK_ROLLOUT] anchor_pos=0.57159 anchor_ori=0.66610 body_pos=0.75119 body_ori=0.39515 body_lin=0.44982 body_ang=0.32475
[ACT_SUMMARY] abs_mean=0.6460 abs_p95=0.8946 abs_p99=0.9969 abs_max=1.2511 legs=0.7223 waist=0.5896 arms=0.5926
[FRAME_DIAG] frame0_abs=0.6124 frame1_abs=0.6321 in_chunk_delta=0.3576 cross_chunk_delta=0.4280
[UPDATE] 239/1000 reward_step=0.03451 chunk=0.13158 done_frac=0.08641 mean_reward=1.52320 mean_len=43.44
[SFPO] loss=0.00276 policy_loss=-0.00855 value_loss=0.01131 ratio=0.9992 [0.057,14.676] clip=0.3425 kl_raw=0.045521 kl/step=0.011380 target_raw=0.0400 target/step=0.0100 kl_units=4 grad=2.6140 grad_c=0.1393 lr=0.000256 critic_lr=0.000256
[ROLLOUT] live=23.22 survive=0.48303 per_step=0.03386 episode_projection=16.93
[POLICY_DETAIL] samples=49152 raw_samples=49152 mb=12288 micro_mb=8192 logp_delta_abs=0.20141 old_logp=-62.94533 new_logp=-62.98940 adv_abs=0.60316 sde_steps=4
[TRAIN] mean_reward=1.52320 mean_len=43.44 recent_eps=100 completed_eps=2138196
[UPDATE_EFFECT] action_delta=0.01067154 param_rms_delta=0.00051264
[TIME] collect=3.562s update=0.262s
[DONE] timeout=0.00000 anchor_pos=0.03979 anchor_ori=0.00159 ee_body=0.51257
[TRACK_ROLLOUT] anchor_pos=0.57518 anchor_ori=0.66800 body_pos=0.75642 body_ori=0.39928 body_lin=0.45448 body_ang=0.32664
[ACT_SUMMARY] abs_mean=0.6467 abs_p95=0.8955 abs_p99=0.9975 abs_max=1.2638 legs=0.7232 waist=0.5866 arms=0.5941
[FRAME_DIAG] frame0_abs=0.6129 frame1_abs=0.6330 in_chunk_delta=0.3574 cross_chunk_delta=0.4269
[UPDATE] 240/1000 reward_step=0.03428 chunk=0.13067 done_frac=0.08830 mean_reward=1.47214 mean_len=42.32
[SFPO] loss=0.00345 policy_loss=-0.00764 value_loss=0.01109 ratio=0.9988 [0.064,10.920] clip=0.3440 kl_raw=0.045640 kl/step=0.011410 target_raw=0.0400 target/step=0.0100 kl_units=4 grad=2.6225 grad_c=0.1646 lr=0.000256 critic_lr=0.000256
[ROLLOUT] live=23.21 survive=0.47217 per_step=0.03362 episode_projection=16.81
[POLICY_DETAIL] samples=49152 raw_samples=49152 mb=12288 micro_mb=8192 logp_delta_abs=0.20210 old_logp=-62.91863 new_logp=-62.96319 adv_abs=0.60590 sde_steps=4
[TRAIN] mean_reward=1.47214 mean_len=42.32 recent_eps=100 completed_eps=2142536
[UPDATE_EFFECT] action_delta=0.00992136 param_rms_delta=0.00051195
[TIME] collect=3.624s update=0.265s
[DONE] timeout=0.00000 anchor_pos=0.04065 anchor_ori=0.00171 ee_body=0.52429
[TRACK_ROLLOUT] anchor_pos=0.56881 anchor_ori=0.66906 body_pos=0.75308 body_ori=0.39540 body_lin=0.44912 body_ang=0.32499
[ACT_SUMMARY] abs_mean=0.6469 abs_p95=0.8962 abs_p99=0.9994 abs_max=1.2389 legs=0.7237 waist=0.5905 arms=0.5932
[FRAME_DIAG] frame0_abs=0.6139 frame1_abs=0.6348 in_chunk_delta=0.3573 cross_chunk_delta=0.4264
[UPDATE] 241/1000 reward_step=0.03427 chunk=0.13059 done_frac=0.08757 mean_reward=1.48918 mean_len=43.48
[SFPO] loss=0.00733 policy_loss=-0.00460 value_loss=0.01193 ratio=0.9995 [0.019,14.911] clip=0.3869 kl_raw=0.061352 kl/step=0.015338 target_raw=0.0400 target/step=0.0100 kl_units=4 grad=2.6511 grad_c=0.4175 lr=0.000171 critic_lr=0.000171
[ROLLOUT] live=23.20 survive=0.47681 per_step=0.03362 episode_projection=16.81
[POLICY_DETAIL] samples=49152 raw_samples=49152 mb=12288 micro_mb=8192 logp_delta_abs=0.23135 old_logp=-62.91482 new_logp=-62.97244 adv_abs=0.60371 sde_steps=4
[TRAIN] mean_reward=1.48918 mean_len=43.48 recent_eps=100 completed_eps=2146840
[UPDATE_EFFECT] action_delta=0.01037165 param_rms_delta=0.00051182
[TIME] collect=3.578s update=0.261s
[DONE] timeout=0.00000 anchor_pos=0.03992 anchor_ori=0.00171 ee_body=0.51978
[TRACK_ROLLOUT] anchor_pos=0.56837 anchor_ori=0.66706 body_pos=0.75369 body_ori=0.39516 body_lin=0.45031 body_ang=0.32527
[ACT_SUMMARY] abs_mean=0.6489 abs_p95=0.9013 abs_p99=1.0025 abs_max=1.2474 legs=0.7275 waist=0.5938 arms=0.5934
[FRAME_DIAG] frame0_abs=0.6156 frame1_abs=0.6370 in_chunk_delta=0.3566 cross_chunk_delta=0.4265
[UPDATE] 242/1000 reward_step=0.03461 chunk=0.13182 done_frac=0.08858 mean_reward=1.45552 mean_len=42.20
[SFPO] loss=0.00200 policy_loss=-0.00984 value_loss=0.01184 ratio=0.9991 [0.051,18.306] clip=0.3373 kl_raw=0.044374 kl/step=0.011094 target_raw=0.0400 target/step=0.0100 kl_units=4 grad=2.5016 grad_c=0.2680 lr=0.000256 critic_lr=0.000256
[ROLLOUT] live=23.20 survive=0.46973 per_step=0.03395 episode_projection=16.98
[POLICY_DETAIL] samples=49152 raw_samples=49152 mb=12288 micro_mb=8192 logp_delta_abs=0.19826 old_logp=-62.93825 new_logp=-62.98128 adv_abs=0.59535 sde_steps=4
[TRAIN] mean_reward=1.45552 mean_len=42.20 recent_eps=100 completed_eps=2151194
[UPDATE_EFFECT] action_delta=0.01078037 param_rms_delta=0.00052607
[TIME] collect=3.648s update=0.260s
[DONE] timeout=0.00000 anchor_pos=0.04175 anchor_ori=0.00159 ee_body=0.52612
[TRACK_ROLLOUT] anchor_pos=0.57247 anchor_ori=0.67233 body_pos=0.75464 body_ori=0.39971 body_lin=0.45670 body_ang=0.32959
[ACT_SUMMARY] abs_mean=0.6506 abs_p95=0.9060 abs_p99=1.0054 abs_max=1.2722 legs=0.7312 waist=0.5943 arms=0.5935
[FRAME_DIAG] frame0_abs=0.6174 frame1_abs=0.6379 in_chunk_delta=0.3562 cross_chunk_delta=0.4268
[UPDATE] 243/1000 reward_step=0.03474 chunk=0.13249 done_frac=0.08708 mean_reward=1.47232 mean_len=43.32
[SFPO] loss=0.00716 policy_loss=-0.00410 value_loss=0.01126 ratio=0.9996 [0.032,12.468] clip=0.3532 kl_raw=0.050312 kl/step=0.012578 target_raw=0.0400 target/step=0.0100 kl_units=4 grad=2.9938 grad_c=0.1253 lr=0.000256 critic_lr=0.000256
[ROLLOUT] live=23.22 survive=0.47949 per_step=0.03408 episode_projection=17.04
[POLICY_DETAIL] samples=49152 raw_samples=49152 mb=12288 micro_mb=8192 logp_delta_abs=0.20998 old_logp=-62.94205 new_logp=-62.98975 adv_abs=0.60210 sde_steps=4
[TRAIN] mean_reward=1.47232 mean_len=43.32 recent_eps=100 completed_eps=2155474
[UPDATE_EFFECT] action_delta=0.01003790 param_rms_delta=0.00048822
[TIME] collect=3.644s update=0.262s
[DONE] timeout=0.00000 anchor_pos=0.04126 anchor_ori=0.00159 ee_body=0.51624
[TRACK_ROLLOUT] anchor_pos=0.57453 anchor_ori=0.67130 body_pos=0.75533 body_ori=0.39918 body_lin=0.45331 body_ang=0.32906
[ACT_SUMMARY] abs_mean=0.6494 abs_p95=0.9029 abs_p99=1.0053 abs_max=1.2518 legs=0.7265 waist=0.5940 arms=0.5952
[FRAME_DIAG] frame0_abs=0.6170 frame1_abs=0.6377 in_chunk_delta=0.3557 cross_chunk_delta=0.4254
[UPDATE] 244/1000 reward_step=0.03492 chunk=0.13303 done_frac=0.08606 mean_reward=1.65789 mean_len=46.20
[SFPO] loss=0.00480 policy_loss=-0.00708 value_loss=0.01188 ratio=0.9989 [0.019,12.490] clip=0.3427 kl_raw=0.046310 kl/step=0.011577 target_raw=0.0400 target/step=0.0100 kl_units=4 grad=2.8078 grad_c=0.1218 lr=0.000256 critic_lr=0.000256
[ROLLOUT] live=23.20 survive=0.48511 per_step=0.03425 episode_projection=17.13
[POLICY_DETAIL] samples=49152 raw_samples=49152 mb=12288 micro_mb=8192 logp_delta_abs=0.20209 old_logp=-62.90177 new_logp=-62.94675 adv_abs=0.59535 sde_steps=4
[TRAIN] mean_reward=1.65789 mean_len=46.20 recent_eps=100 completed_eps=2159704
[UPDATE_EFFECT] action_delta=0.00996915 param_rms_delta=0.00049785
[TIME] collect=3.571s update=0.259s
[DONE] timeout=0.00000 anchor_pos=0.04065 anchor_ori=0.00195 ee_body=0.51160
[TRACK_ROLLOUT] anchor_pos=0.57211 anchor_ori=0.67011 body_pos=0.75712 body_ori=0.40135 body_lin=0.45390 body_ang=0.32971
[ACT_SUMMARY] abs_mean=0.6505 abs_p95=0.9072 abs_p99=1.0089 abs_max=1.2703 legs=0.7273 waist=0.5916 arms=0.5973
[FRAME_DIAG] frame0_abs=0.6188 frame1_abs=0.6387 in_chunk_delta=0.3555 cross_chunk_delta=0.4246
[UPDATE] 245/1000 reward_step=0.03496 chunk=0.13324 done_frac=0.08832 mean_reward=1.53569 mean_len=45.04
[SFPO] loss=0.00398 policy_loss=-0.00840 value_loss=0.01238 ratio=0.9995 [0.037,12.145] clip=0.3393 kl_raw=0.044491 kl/step=0.011123 target_raw=0.0400 target/step=0.0100 kl_units=4 grad=2.5899 grad_c=0.1650 lr=0.000256 critic_lr=0.000256
[ROLLOUT] live=23.21 survive=0.47266 per_step=0.03429 episode_projection=17.15
[POLICY_DETAIL] samples=49152 raw_samples=49152 mb=12288 micro_mb=8192 logp_delta_abs=0.19924 old_logp=-62.87092 new_logp=-62.91376 adv_abs=0.59182 sde_steps=4
[TRAIN] mean_reward=1.53569 mean_len=45.04 recent_eps=100 completed_eps=2164045
[UPDATE_EFFECT] action_delta=0.01022850 param_rms_delta=0.00051175
[TIME] collect=3.600s update=0.262s
[DONE] timeout=0.00000 anchor_pos=0.04028 anchor_ori=0.00146 ee_body=0.52380
[TRACK_ROLLOUT] anchor_pos=0.57232 anchor_ori=0.66859 body_pos=0.75778 body_ori=0.40470 body_lin=0.45442 body_ang=0.33119
[ACT_SUMMARY] abs_mean=0.6532 abs_p95=0.9103 abs_p99=1.0095 abs_max=1.2439 legs=0.7295 waist=0.5947 arms=0.6004
[FRAME_DIAG] frame0_abs=0.6228 frame1_abs=0.6416 in_chunk_delta=0.3555 cross_chunk_delta=0.4252
[UPDATE] 246/1000 reward_step=0.03491 chunk=0.13317 done_frac=0.08577 mean_reward=1.53179 mean_len=42.72
[SFPO] loss=0.00521 policy_loss=-0.00634 value_loss=0.01155 ratio=0.9993 [0.024,16.107] clip=0.3477 kl_raw=0.048013 kl/step=0.012003 target_raw=0.0400 target/step=0.0100 kl_units=4 grad=2.8500 grad_c=0.2119 lr=0.000256 critic_lr=0.000256
[ROLLOUT] live=23.23 survive=0.48657 per_step=0.03424 episode_projection=17.12
[POLICY_DETAIL] samples=49152 raw_samples=49152 mb=12288 micro_mb=8192 logp_delta_abs=0.20568 old_logp=-62.91044 new_logp=-62.95650 adv_abs=0.60601 sde_steps=4
[TRAIN] mean_reward=1.53179 mean_len=42.72 recent_eps=100 completed_eps=2168261
[UPDATE_EFFECT] action_delta=0.01032300 param_rms_delta=0.00050710
[TIME] collect=3.637s update=0.262s
[DONE] timeout=0.00000 anchor_pos=0.03857 anchor_ori=0.00256 ee_body=0.50842
[TRACK_ROLLOUT] anchor_pos=0.57126 anchor_ori=0.67056 body_pos=0.75630 body_ori=0.40266 body_lin=0.45393 body_ang=0.33135
[ACT_SUMMARY] abs_mean=0.6551 abs_p95=0.9142 abs_p99=1.0169 abs_max=1.2334 legs=0.7318 waist=0.5967 arms=0.6019
[FRAME_DIAG] frame0_abs=0.6239 frame1_abs=0.6428 in_chunk_delta=0.3551 cross_chunk_delta=0.4246
[UPDATE] 247/1000 reward_step=0.03480 chunk=0.13261 done_frac=0.08706 mean_reward=1.60378 mean_len=46.36
[SFPO] loss=0.00462 policy_loss=-0.00722 value_loss=0.01184 ratio=0.9997 [0.047,10.947] clip=0.3440 kl_raw=0.046578 kl/step=0.011645 target_raw=0.0400 target/step=0.0100 kl_units=4 grad=2.7990 grad_c=0.2189 lr=0.000256 critic_lr=0.000256
[ROLLOUT] live=23.20 survive=0.47998 per_step=0.03415 episode_projection=17.07
[POLICY_DETAIL] samples=49152 raw_samples=49152 mb=12288 micro_mb=8192 logp_delta_abs=0.20305 old_logp=-62.90612 new_logp=-62.95064 adv_abs=0.60116 sde_steps=4
[TRAIN] mean_reward=1.60378 mean_len=46.36 recent_eps=100 completed_eps=2172540
[UPDATE_EFFECT] action_delta=0.00968398 param_rms_delta=0.00050023
[TIME] collect=3.684s update=0.263s
[DONE] timeout=0.00000 anchor_pos=0.03772 anchor_ori=0.00232 ee_body=0.51636
[TRACK_ROLLOUT] anchor_pos=0.57211 anchor_ori=0.66793 body_pos=0.75732 body_ori=0.40212 body_lin=0.45534 body_ang=0.33190
[ACT_SUMMARY] abs_mean=0.6562 abs_p95=0.9178 abs_p99=1.0156 abs_max=1.2503 legs=0.7344 waist=0.6000 arms=0.6013
[FRAME_DIAG] frame0_abs=0.6252 frame1_abs=0.6437 in_chunk_delta=0.3555 cross_chunk_delta=0.4252
[UPDATE] 248/1000 reward_step=0.03493 chunk=0.13322 done_frac=0.08671 mean_reward=1.49580 mean_len=43.48
[SFPO] loss=0.00507 policy_loss=-0.00752 value_loss=0.01259 ratio=1.0001 [0.030,14.339] clip=0.3432 kl_raw=0.046114 kl/step=0.011528 target_raw=0.0400 target/step=0.0100 kl_units=4 grad=2.7763 grad_c=0.1699 lr=0.000256 critic_lr=0.000256
[ROLLOUT] live=23.22 survive=0.48169 per_step=0.03426 episode_projection=17.13
[POLICY_DETAIL] samples=49152 raw_samples=49152 mb=12288 micro_mb=8192 logp_delta_abs=0.20212 old_logp=-62.92592 new_logp=-62.96963 adv_abs=0.59342 sde_steps=4
[TRAIN] mean_reward=1.49580 mean_len=43.48 recent_eps=100 completed_eps=2176802
[UPDATE_EFFECT] action_delta=0.01073767 param_rms_delta=0.00050551
[TIME] collect=3.645s update=0.260s
[DONE] timeout=0.00000 anchor_pos=0.03931 anchor_ori=0.00159 ee_body=0.51404
[TRACK_ROLLOUT] anchor_pos=0.57434 anchor_ori=0.66942 body_pos=0.75834 body_ori=0.40387 body_lin=0.45235 body_ang=0.33013
[ACT_SUMMARY] abs_mean=0.6552 abs_p95=0.9162 abs_p99=1.0170 abs_max=1.3206 legs=0.7321 waist=0.5992 arms=0.6013
[FRAME_DIAG] frame0_abs=0.6230 frame1_abs=0.6429 in_chunk_delta=0.3549 cross_chunk_delta=0.4255
[UPDATE] 249/1000 reward_step=0.03519 chunk=0.13419 done_frac=0.08679 mean_reward=1.46638 mean_len=42.12
[SFPO] loss=0.00778 policy_loss=-0.00467 value_loss=0.01245 ratio=0.9999 [0.032,27.412] clip=0.3565 kl_raw=0.052872 kl/step=0.013218 target_raw=0.0400 target/step=0.0100 kl_units=4 grad=2.9820 grad_c=0.1336 lr=0.000256 critic_lr=0.000256
[ROLLOUT] live=23.22 survive=0.48071 per_step=0.03450 episode_projection=17.25
[POLICY_DETAIL] samples=49152 raw_samples=49152 mb=12288 micro_mb=8192 logp_delta_abs=0.21366 old_logp=-62.88833 new_logp=-62.93810 adv_abs=0.59506 sde_steps=4
[TRAIN] mean_reward=1.46638 mean_len=42.12 recent_eps=100 completed_eps=2181068
[UPDATE_EFFECT] action_delta=0.01062157 param_rms_delta=0.00050091
[TIME] collect=3.644s update=0.274s
[DONE] timeout=0.00000 anchor_pos=0.03906 anchor_ori=0.00159 ee_body=0.51489
[TRACK_ROLLOUT] anchor_pos=0.57439 anchor_ori=0.66924 body_pos=0.76027 body_ori=0.40767 body_lin=0.45719 body_ang=0.33526
[ACT_SUMMARY] abs_mean=0.6581 abs_p95=0.9204 abs_p99=1.0181 abs_max=1.2946 legs=0.7381 waist=0.5980 arms=0.6024
[FRAME_DIAG] frame0_abs=0.6260 frame1_abs=0.6446 in_chunk_delta=0.3545 cross_chunk_delta=0.4250
[UPDATE] 250/1000 reward_step=0.03507 chunk=0.13369 done_frac=0.08531 mean_reward=1.64370 mean_len=44.92
[SFPO] loss=0.00546 policy_loss=-0.00720 value_loss=0.01266 ratio=0.9997 [0.033,13.372] clip=0.3490 kl_raw=0.048339 kl/step=0.012085 target_raw=0.0400 target/step=0.0100 kl_units=4 grad=2.7604 grad_c=0.1662 lr=0.000256 critic_lr=0.000256
[ROLLOUT] live=23.21 survive=0.48987 per_step=0.03439 episode_projection=17.20
[POLICY_DETAIL] samples=49152 raw_samples=49152 mb=12288 micro_mb=8192 logp_delta_abs=0.20644 old_logp=-62.90059 new_logp=-62.94673 adv_abs=0.59702 sde_steps=4
[TRAIN] mean_reward=1.64370 mean_len=44.92 recent_eps=100 completed_eps=2185261
[UPDATE_EFFECT] action_delta=0.01058746 param_rms_delta=0.00051007
[TIME] collect=3.588s update=0.264s
[DONE] timeout=0.00000 anchor_pos=0.03699 anchor_ori=0.00146 ee_body=0.50720
[TRACK_ROLLOUT] anchor_pos=0.57223 anchor_ori=0.66840 body_pos=0.75865 body_ori=0.40491 body_lin=0.45707 body_ang=0.33435
[ACT_SUMMARY] abs_mean=0.6559 abs_p95=0.9188 abs_p99=1.0188 abs_max=1.2970 legs=0.7359 waist=0.5997 arms=0.5994
[FRAME_DIAG] frame0_abs=0.6241 frame1_abs=0.6429 in_chunk_delta=0.3542 cross_chunk_delta=0.4241
[UPDATE] 251/1000 reward_step=0.03541 chunk=0.13500 done_frac=0.08547 mean_reward=1.59623 mean_len=44.88
[SFPO] loss=0.00537 policy_loss=-0.00724 value_loss=0.01262 ratio=0.9994 [0.050,15.305] clip=0.3469 kl_raw=0.047012 kl/step=0.011753 target_raw=0.0400 target/step=0.0100 kl_units=4 grad=2.7593 grad_c=0.2101 lr=0.000256 critic_lr=0.000256
[ROLLOUT] live=23.22 survive=0.48975 per_step=0.03473 episode_projection=17.36
[POLICY_DETAIL] samples=49152 raw_samples=49152 mb=12288 micro_mb=8192 logp_delta_abs=0.20439 old_logp=-62.88512 new_logp=-62.93044 adv_abs=0.59814 sde_steps=4
[TRAIN] mean_reward=1.59623 mean_len=44.88 recent_eps=100 completed_eps=2189462
[UPDATE_EFFECT] action_delta=0.01049834 param_rms_delta=0.00050546
[TIME] collect=3.467s update=0.263s
[DONE] timeout=0.00000 anchor_pos=0.03613 anchor_ori=0.00244 ee_body=0.50708
[TRACK_ROLLOUT] anchor_pos=0.57503 anchor_ori=0.67422 body_pos=0.76032 body_ori=0.40884 body_lin=0.45777 body_ang=0.33459
[ACT_SUMMARY] abs_mean=0.6531 abs_p95=0.9157 abs_p99=1.0198 abs_max=1.3091 legs=0.7303 waist=0.5959 arms=0.5992
[FRAME_DIAG] frame0_abs=0.6218 frame1_abs=0.6391 in_chunk_delta=0.3544 cross_chunk_delta=0.4256
[UPDATE] 252/1000 reward_step=0.03540 chunk=0.13483 done_frac=0.08681 mean_reward=1.71273 mean_len=47.40
[SFPO] loss=0.00854 policy_loss=-0.00432 value_loss=0.01286 ratio=0.9990 [0.029,34.565] clip=0.3591 kl_raw=0.052060 kl/step=0.013015 target_raw=0.0400 target/step=0.0100 kl_units=4 grad=2.9029 grad_c=0.2135 lr=0.000256 critic_lr=0.000256
[ROLLOUT] live=23.19 survive=0.48096 per_step=0.03473 episode_projection=17.37
[POLICY_DETAIL] samples=49152 raw_samples=49152 mb=12288 micro_mb=8192 logp_delta_abs=0.21352 old_logp=-62.92828 new_logp=-62.97835 adv_abs=0.58981 sde_steps=4
[TRAIN] mean_reward=1.71273 mean_len=47.40 recent_eps=100 completed_eps=2193729
[UPDATE_EFFECT] action_delta=0.01110774 param_rms_delta=0.00050141
[TIME] collect=3.666s update=0.261s
[DONE] timeout=0.00000 anchor_pos=0.03967 anchor_ori=0.00195 ee_body=0.51416
[TRACK_ROLLOUT] anchor_pos=0.57324 anchor_ori=0.67232 body_pos=0.76084 body_ori=0.40887 body_lin=0.45773 body_ang=0.33679
[ACT_SUMMARY] abs_mean=0.6547 abs_p95=0.9215 abs_p99=1.0231 abs_max=1.3030 legs=0.7341 waist=0.5973 arms=0.5990
[FRAME_DIAG] frame0_abs=0.6223 frame1_abs=0.6420 in_chunk_delta=0.3538 cross_chunk_delta=0.4252
[UPDATE] 253/1000 reward_step=0.03550 chunk=0.13552 done_frac=0.08474 mean_reward=1.57890 mean_len=44.56
[SFPO] loss=0.00791 policy_loss=-0.00451 value_loss=0.01242 ratio=0.9999 [0.017,15.128] clip=0.3535 kl_raw=0.052455 kl/step=0.013114 target_raw=0.0400 target/step=0.0100 kl_units=4 grad=3.0209 grad_c=0.1982 lr=0.000256 critic_lr=0.000256
[ROLLOUT] live=23.25 survive=0.49292 per_step=0.03482 episode_projection=17.41
[POLICY_DETAIL] samples=49152 raw_samples=49152 mb=12288 micro_mb=8192 logp_delta_abs=0.21214 old_logp=-62.93021 new_logp=-62.97949 adv_abs=0.59420 sde_steps=4
[TRAIN] mean_reward=1.57890 mean_len=44.56 recent_eps=100 completed_eps=2197894
[UPDATE_EFFECT] action_delta=0.01061741 param_rms_delta=0.00049722
[TIME] collect=3.701s update=0.259s
[DONE] timeout=0.00000 anchor_pos=0.03687 anchor_ori=0.00134 ee_body=0.50330
[TRACK_ROLLOUT] anchor_pos=0.57758 anchor_ori=0.67382 body_pos=0.76087 body_ori=0.41077 body_lin=0.45801 body_ang=0.33471
[ACT_SUMMARY] abs_mean=0.6539 abs_p95=0.9205 abs_p99=1.0216 abs_max=1.2459 legs=0.7341 waist=0.5970 arms=0.5974
[FRAME_DIAG] frame0_abs=0.6224 frame1_abs=0.6415 in_chunk_delta=0.3539 cross_chunk_delta=0.4258
[UPDATE] 254/1000 reward_step=0.03499 chunk=0.13339 done_frac=0.08636 mean_reward=1.64288 mean_len=45.12
[SFPO] loss=0.00798 policy_loss=-0.00460 value_loss=0.01258 ratio=0.9993 [0.019,57.406] clip=0.3777 kl_raw=0.059538 kl/step=0.014885 target_raw=0.0400 target/step=0.0100 kl_units=4 grad=2.7372 grad_c=0.4084 lr=0.000171 critic_lr=0.000171
[ROLLOUT] live=23.22 survive=0.48315 per_step=0.03433 episode_projection=17.16
[POLICY_DETAIL] samples=49152 raw_samples=49152 mb=12288 micro_mb=8192 logp_delta_abs=0.22678 old_logp=-62.92089 new_logp=-62.97724 adv_abs=0.59595 sde_steps=4
[TRAIN] mean_reward=1.64288 mean_len=45.12 recent_eps=100 completed_eps=2202139
[UPDATE_EFFECT] action_delta=0.01001382 param_rms_delta=0.00048907
[TIME] collect=3.620s update=0.262s
[DONE] timeout=0.00000 anchor_pos=0.03821 anchor_ori=0.00208 ee_body=0.51331
[TRACK_ROLLOUT] anchor_pos=0.56985 anchor_ori=0.67085 body_pos=0.75664 body_ori=0.40227 body_lin=0.45252 body_ang=0.33255
[ACT_SUMMARY] abs_mean=0.6488 abs_p95=0.9146 abs_p99=1.0176 abs_max=1.2579 legs=0.7306 waist=0.5922 arms=0.5908
[FRAME_DIAG] frame0_abs=0.6171 frame1_abs=0.6371 in_chunk_delta=0.3537 cross_chunk_delta=0.4256
[UPDATE] 255/1000 reward_step=0.03545 chunk=0.13525 done_frac=0.08557 mean_reward=1.66745 mean_len=44.80
[SFPO] loss=0.00215 policy_loss=-0.00970 value_loss=0.01185 ratio=0.9996 [0.025,15.736] clip=0.3342 kl_raw=0.043556 kl/step=0.010889 target_raw=0.0400 target/step=0.0100 kl_units=4 grad=2.6029 grad_c=0.1352 lr=0.000256 critic_lr=0.000256
[ROLLOUT] live=23.24 survive=0.48804 per_step=0.03477 episode_projection=17.39
[POLICY_DETAIL] samples=49152 raw_samples=49152 mb=12288 micro_mb=8192 logp_delta_abs=0.19632 old_logp=-62.95043 new_logp=-62.99214 adv_abs=0.60646 sde_steps=4
[TRAIN] mean_reward=1.66745 mean_len=44.80 recent_eps=100 completed_eps=2206345
[UPDATE_EFFECT] action_delta=0.00967138 param_rms_delta=0.00052268
[TIME] collect=3.523s update=0.258s
[DONE] timeout=0.00000 anchor_pos=0.04407 anchor_ori=0.00232 ee_body=0.50671
[TRACK_ROLLOUT] anchor_pos=0.57666 anchor_ori=0.67469 body_pos=0.76089 body_ori=0.40821 body_lin=0.45878 body_ang=0.33801
[ACT_SUMMARY] abs_mean=0.6523 abs_p95=0.9206 abs_p99=1.0210 abs_max=1.2325 legs=0.7367 waist=0.5970 arms=0.5917
[FRAME_DIAG] frame0_abs=0.6192 frame1_abs=0.6415 in_chunk_delta=0.3533 cross_chunk_delta=0.4256
[UPDATE] 256/1000 reward_step=0.03524 chunk=0.13440 done_frac=0.08569 mean_reward=1.55417 mean_len=44.88
[SFPO] loss=0.00611 policy_loss=-0.00736 value_loss=0.01347 ratio=0.9993 [0.022,26.147] clip=0.3987 kl_raw=0.063346 kl/step=0.015836 target_raw=0.0400 target/step=0.0100 kl_units=4 grad=2.4446 grad_c=0.4725 lr=0.000114 critic_lr=0.000114
[ROLLOUT] live=23.22 survive=0.48755 per_step=0.03457 episode_projection=17.28
[POLICY_DETAIL] samples=49152 raw_samples=49152 mb=12288 micro_mb=8192 logp_delta_abs=0.23712 old_logp=-62.93405 new_logp=-62.99392 adv_abs=0.59612 sde_steps=4
[TRAIN] mean_reward=1.55417 mean_len=44.88 recent_eps=100 completed_eps=2210557
[UPDATE_EFFECT] action_delta=0.00979893 param_rms_delta=0.00054529
[TIME] collect=3.754s update=0.268s
[DONE] timeout=0.00000 anchor_pos=0.04053 anchor_ori=0.00195 ee_body=0.50867
[TRACK_ROLLOUT] anchor_pos=0.57362 anchor_ori=0.67462 body_pos=0.75788 body_ori=0.40480 body_lin=0.45395 body_ang=0.33439
[ACT_SUMMARY] abs_mean=0.6502 abs_p95=0.9155 abs_p99=1.0163 abs_max=1.2418 legs=0.7321 waist=0.5952 arms=0.5918
[FRAME_DIAG] frame0_abs=0.6176 frame1_abs=0.6398 in_chunk_delta=0.3528 cross_chunk_delta=0.4253
[UPDATE] 257/1000 reward_step=0.03538 chunk=0.13476 done_frac=0.08661 mean_reward=1.52606 mean_len=44.00
[SFPO] loss=0.00263 policy_loss=-0.01023 value_loss=0.01286 ratio=0.9999 [0.010,13.117] clip=0.3340 kl_raw=0.044788 kl/step=0.011197 target_raw=0.0400 target/step=0.0100 kl_units=4 grad=2.4744 grad_c=0.1707 lr=0.000256 critic_lr=0.000256
[ROLLOUT] live=23.20 survive=0.48145 per_step=0.03470 episode_projection=17.35
[POLICY_DETAIL] samples=49152 raw_samples=49152 mb=12288 micro_mb=8192 logp_delta_abs=0.19720 old_logp=-62.92179 new_logp=-62.96430 adv_abs=0.58972 sde_steps=4
[TRAIN] mean_reward=1.52606 mean_len=44.00 recent_eps=100 completed_eps=2214814
[UPDATE_EFFECT] action_delta=0.01027951 param_rms_delta=0.00053758
[TIME] collect=3.748s update=0.260s
[DONE] timeout=0.00000 anchor_pos=0.04150 anchor_ori=0.00098 ee_body=0.51587
[TRACK_ROLLOUT] anchor_pos=0.57390 anchor_ori=0.67467 body_pos=0.76009 body_ori=0.40802 body_lin=0.45370 body_ang=0.33408
[ACT_SUMMARY] abs_mean=0.6495 abs_p95=0.9157 abs_p99=1.0149 abs_max=1.2442 legs=0.7300 waist=0.5918 arms=0.5929
[FRAME_DIAG] frame0_abs=0.6163 frame1_abs=0.6390 in_chunk_delta=0.3525 cross_chunk_delta=0.4253
[UPDATE] 258/1000 reward_step=0.03533 chunk=0.13488 done_frac=0.08382 mean_reward=1.64173 mean_len=45.88
[SFPO] loss=0.00286 policy_loss=-0.00933 value_loss=0.01219 ratio=0.9996 [0.027,18.317] clip=0.3474 kl_raw=0.047265 kl/step=0.011816 target_raw=0.0400 target/step=0.0100 kl_units=4 grad=2.5420 grad_c=0.1577 lr=0.000256 critic_lr=0.000256
[ROLLOUT] live=23.25 survive=0.49829 per_step=0.03465 episode_projection=17.33
[POLICY_DETAIL] samples=49152 raw_samples=49152 mb=12288 micro_mb=8192 logp_delta_abs=0.20456 old_logp=-62.90944 new_logp=-62.95461 adv_abs=0.59084 sde_steps=4
[TRAIN] mean_reward=1.64173 mean_len=45.88 recent_eps=100 completed_eps=2218934
[UPDATE_EFFECT] action_delta=0.01035749 param_rms_delta=0.00053719
[TIME] collect=3.609s update=0.265s
[DONE] timeout=0.00000 anchor_pos=0.03711 anchor_ori=0.00171 ee_body=0.49878
[TRACK_ROLLOUT] anchor_pos=0.57130 anchor_ori=0.67235 body_pos=0.75911 body_ori=0.40588 body_lin=0.45695 body_ang=0.33617
[ACT_SUMMARY] abs_mean=0.6510 abs_p95=0.9172 abs_p99=1.0179 abs_max=1.4674 legs=0.7325 waist=0.5920 arms=0.5937
[FRAME_DIAG] frame0_abs=0.6172 frame1_abs=0.6412 in_chunk_delta=0.3528 cross_chunk_delta=0.4249
[UPDATE] 259/1000 reward_step=0.03547 chunk=0.13524 done_frac=0.08675 mean_reward=1.61361 mean_len=45.44
[SFPO] loss=0.00329 policy_loss=-0.00903 value_loss=0.01233 ratio=0.9991 [0.041,16.380] clip=0.3412 kl_raw=0.044975 kl/step=0.011244 target_raw=0.0400 target/step=0.0100 kl_units=4 grad=2.5601 grad_c=0.2332 lr=0.000256 critic_lr=0.000256
[ROLLOUT] live=23.22 survive=0.48071 per_step=0.03479 episode_projection=17.40
[POLICY_DETAIL] samples=49152 raw_samples=49152 mb=12288 micro_mb=8192 logp_delta_abs=0.20034 old_logp=-62.92220 new_logp=-62.96575 adv_abs=0.59287 sde_steps=4
[TRAIN] mean_reward=1.61361 mean_len=45.44 recent_eps=100 completed_eps=2223198
[UPDATE_EFFECT] action_delta=0.00981738 param_rms_delta=0.00052292
[TIME] collect=3.540s update=0.261s
[DONE] timeout=0.00000 anchor_pos=0.04028 anchor_ori=0.00122 ee_body=0.51587
[TRACK_ROLLOUT] anchor_pos=0.57462 anchor_ori=0.67844 body_pos=0.75999 body_ori=0.40611 body_lin=0.45768 body_ang=0.33701
[ACT_SUMMARY] abs_mean=0.6533 abs_p95=0.9183 abs_p99=1.0203 abs_max=1.2198 legs=0.7354 waist=0.5954 arms=0.5953
[FRAME_DIAG] frame0_abs=0.6206 frame1_abs=0.6415 in_chunk_delta=0.3518 cross_chunk_delta=0.4257
[UPDATE] 260/1000 reward_step=0.03563 chunk=0.13588 done_frac=0.08502 mean_reward=1.70425 mean_len=45.92
[SFPO] loss=0.00425 policy_loss=-0.00767 value_loss=0.01192 ratio=0.9995 [0.044,13.169] clip=0.3466 kl_raw=0.046729 kl/step=0.011682 target_raw=0.0400 target/step=0.0100 kl_units=4 grad=2.6962 grad_c=0.1703 lr=0.000256 critic_lr=0.000256
[ROLLOUT] live=23.23 survive=0.49133 per_step=0.03494 episode_projection=17.47
[POLICY_DETAIL] samples=49152 raw_samples=49152 mb=12288 micro_mb=8192 logp_delta_abs=0.20394 old_logp=-62.90820 new_logp=-62.95302 adv_abs=0.59375 sde_steps=4
[TRAIN] mean_reward=1.70425 mean_len=45.92 recent_eps=100 completed_eps=2227377
[UPDATE_EFFECT] action_delta=0.01036168 param_rms_delta=0.00051371
[TIME] collect=3.518s update=0.262s
[DONE] timeout=0.00000 anchor_pos=0.04053 anchor_ori=0.00183 ee_body=0.50427
[TRACK_ROLLOUT] anchor_pos=0.57467 anchor_ori=0.67871 body_pos=0.76064 body_ori=0.40614 body_lin=0.45688 body_ang=0.33814
[ACT_SUMMARY] abs_mean=0.6524 abs_p95=0.9149 abs_p99=1.0145 abs_max=1.2575 legs=0.7334 waist=0.5947 arms=0.5954
[FRAME_DIAG] frame0_abs=0.6203 frame1_abs=0.6416 in_chunk_delta=0.3511 cross_chunk_delta=0.4235
[UPDATE] 261/1000 reward_step=0.03562 chunk=0.13589 done_frac=0.08480 mean_reward=1.60163 mean_len=44.76
[SFPO] loss=0.00284 policy_loss=-0.00888 value_loss=0.01172 ratio=0.9981 [0.049,12.365] clip=0.3508 kl_raw=0.047236 kl/step=0.011809 target_raw=0.0400 target/step=0.0100 kl_units=4 grad=2.6046 grad_c=0.2151 lr=0.000256 critic_lr=0.000256
[ROLLOUT] live=23.23 survive=0.49243 per_step=0.03493 episode_projection=17.47
[POLICY_DETAIL] samples=49152 raw_samples=49152 mb=12288 micro_mb=8192 logp_delta_abs=0.20563 old_logp=-62.92591 new_logp=-62.97250 adv_abs=0.60184 sde_steps=4
[TRAIN] mean_reward=1.60163 mean_len=44.76 recent_eps=100 completed_eps=2231545
[UPDATE_EFFECT] action_delta=0.01021734 param_rms_delta=0.00053001
[TIME] collect=3.585s update=0.263s
[DONE] timeout=0.00000 anchor_pos=0.04041 anchor_ori=0.00256 ee_body=0.50317
[TRACK_ROLLOUT] anchor_pos=0.57601 anchor_ori=0.67793 body_pos=0.76134 body_ori=0.40792 body_lin=0.45698 body_ang=0.33843
[ACT_SUMMARY] abs_mean=0.6537 abs_p95=0.9175 abs_p99=1.0189 abs_max=1.2948 legs=0.7364 waist=0.5930 arms=0.5958
[FRAME_DIAG] frame0_abs=0.6216 frame1_abs=0.6424 in_chunk_delta=0.3518 cross_chunk_delta=0.4248
[UPDATE] 262/1000 reward_step=0.03549 chunk=0.13521 done_frac=0.08645 mean_reward=1.66766 mean_len=46.52
[SFPO] loss=0.00659 policy_loss=-0.00566 value_loss=0.01225 ratio=0.9997 [0.039,17.255] clip=0.3633 kl_raw=0.051587 kl/step=0.012897 target_raw=0.0400 target/step=0.0100 kl_units=4 grad=2.7428 grad_c=0.1389 lr=0.000256 critic_lr=0.000256
[ROLLOUT] live=23.20 survive=0.48267 per_step=0.03480 episode_projection=17.40
[POLICY_DETAIL] samples=49152 raw_samples=49152 mb=12288 micro_mb=8192 logp_delta_abs=0.21424 old_logp=-62.90378 new_logp=-62.95271 adv_abs=0.59247 sde_steps=4
[TRAIN] mean_reward=1.66766 mean_len=46.52 recent_eps=100 completed_eps=2235794
[UPDATE_EFFECT] action_delta=0.01046962 param_rms_delta=0.00051755
[TIME] collect=3.595s update=0.262s
[DONE] timeout=0.00000 anchor_pos=0.04309 anchor_ori=0.00183 ee_body=0.51343
[TRACK_ROLLOUT] anchor_pos=0.57198 anchor_ori=0.67986 body_pos=0.75933 body_ori=0.40605 body_lin=0.45775 body_ang=0.33853
[ACT_SUMMARY] abs_mean=0.6542 abs_p95=0.9146 abs_p99=1.0131 abs_max=1.2375 legs=0.7376 waist=0.5911 arms=0.5961
[FRAME_DIAG] frame0_abs=0.6220 frame1_abs=0.6438 in_chunk_delta=0.3518 cross_chunk_delta=0.4251
[UPDATE] 263/1000 reward_step=0.03552 chunk=0.13554 done_frac=0.08413 mean_reward=1.75983 mean_len=48.68
[SFPO] loss=0.00456 policy_loss=-0.00700 value_loss=0.01156 ratio=0.9990 [0.038,13.132] clip=0.3567 kl_raw=0.049454 kl/step=0.012364 target_raw=0.0400 target/step=0.0100 kl_units=4 grad=2.7093 grad_c=0.1515 lr=0.000256 critic_lr=0.000256
[ROLLOUT] live=23.24 survive=0.49707 per_step=0.03484 episode_projection=17.42
[POLICY_DETAIL] samples=49152 raw_samples=49152 mb=12288 micro_mb=8192 logp_delta_abs=0.20997 old_logp=-62.91567 new_logp=-62.96352 adv_abs=0.60083 sde_steps=4
[TRAIN] mean_reward=1.75983 mean_len=48.68 recent_eps=100 completed_eps=2239929
[UPDATE_EFFECT] action_delta=0.01010192 param_rms_delta=0.00051539
[TIME] collect=3.562s update=0.262s
[DONE] timeout=0.00000 anchor_pos=0.04102 anchor_ori=0.00195 ee_body=0.49951
[TRACK_ROLLOUT] anchor_pos=0.57191 anchor_ori=0.68027 body_pos=0.76068 body_ori=0.40556 body_lin=0.45551 body_ang=0.33781
[ACT_SUMMARY] abs_mean=0.6517 abs_p95=0.9121 abs_p99=1.0113 abs_max=1.2993 legs=0.7340 waist=0.5908 arms=0.5942
[FRAME_DIAG] frame0_abs=0.6190 frame1_abs=0.6411 in_chunk_delta=0.3515 cross_chunk_delta=0.4236
[UPDATE] 264/1000 reward_step=0.03553 chunk=0.13548 done_frac=0.08539 mean_reward=1.61246 mean_len=46.28
[SFPO] loss=0.00380 policy_loss=-0.00798 value_loss=0.01177 ratio=0.9994 [0.035,22.654] clip=0.3537 kl_raw=0.048531 kl/step=0.012133 target_raw=0.0400 target/step=0.0100 kl_units=4 grad=2.6320 grad_c=0.1461 lr=0.000256 critic_lr=0.000256
[ROLLOUT] live=23.22 survive=0.48877 per_step=0.03484 episode_projection=17.42
[POLICY_DETAIL] samples=49152 raw_samples=49152 mb=12288 micro_mb=8192 logp_delta_abs=0.20799 old_logp=-62.92903 new_logp=-62.97564 adv_abs=0.59210 sde_steps=4
[TRAIN] mean_reward=1.61246 mean_len=46.28 recent_eps=100 completed_eps=2244126
[UPDATE_EFFECT] action_delta=0.01034389 param_rms_delta=0.00052213
[TIME] collect=3.747s update=0.267s
[DONE] timeout=0.00000 anchor_pos=0.04590 anchor_ori=0.00232 ee_body=0.50696
[TRACK_ROLLOUT] anchor_pos=0.57243 anchor_ori=0.68356 body_pos=0.76177 body_ori=0.40754 body_lin=0.45456 body_ang=0.33697
[ACT_SUMMARY] abs_mean=0.6527 abs_p95=0.9155 abs_p99=1.0135 abs_max=1.2669 legs=0.7343 waist=0.5933 arms=0.5955
[FRAME_DIAG] frame0_abs=0.6199 frame1_abs=0.6414 in_chunk_delta=0.3515 cross_chunk_delta=0.4251
[UPDATE] 265/1000 reward_step=0.03546 chunk=0.13524 done_frac=0.08616 mean_reward=1.64688 mean_len=44.84
[SFPO] loss=0.00342 policy_loss=-0.00833 value_loss=0.01175 ratio=0.9990 [0.022,15.445] clip=0.3485 kl_raw=0.045960 kl/step=0.011490 target_raw=0.0400 target/step=0.0100 kl_units=4 grad=2.5924 grad_c=0.1407 lr=0.000256 critic_lr=0.000256
[ROLLOUT] live=23.22 survive=0.48425 per_step=0.03478 episode_projection=17.39
[POLICY_DETAIL] samples=49152 raw_samples=49152 mb=12288 micro_mb=8192 logp_delta_abs=0.20354 old_logp=-62.90340 new_logp=-62.94808 adv_abs=0.59111 sde_steps=4
[TRAIN] mean_reward=1.64688 mean_len=44.84 recent_eps=100 completed_eps=2248361
[UPDATE_EFFECT] action_delta=0.01017954 param_rms_delta=0.00051663
[TIME] collect=3.656s update=0.264s
[DONE] timeout=0.00000 anchor_pos=0.04248 anchor_ori=0.00195 ee_body=0.51208
[TRACK_ROLLOUT] anchor_pos=0.57114 anchor_ori=0.67996 body_pos=0.75944 body_ori=0.40371 body_lin=0.45364 body_ang=0.33809
[ACT_SUMMARY] abs_mean=0.6501 abs_p95=0.9106 abs_p99=1.0095 abs_max=1.2526 legs=0.7317 waist=0.5877 arms=0.5936
[FRAME_DIAG] frame0_abs=0.6181 frame1_abs=0.6381 in_chunk_delta=0.3509 cross_chunk_delta=0.4228
[UPDATE] 266/1000 reward_step=0.03605 chunk=0.13758 done_frac=0.08352 mean_reward=1.61210 mean_len=45.48
[SFPO] loss=0.00430 policy_loss=-0.00800 value_loss=0.01230 ratio=0.9993 [0.046,16.079] clip=0.3440 kl_raw=0.046208 kl/step=0.011552 target_raw=0.0400 target/step=0.0100 kl_units=4 grad=2.6794 grad_c=0.3002 lr=0.000256 critic_lr=0.000256
[ROLLOUT] live=23.24 survive=0.50000 per_step=0.03535 episode_projection=17.68
[POLICY_DETAIL] samples=49152 raw_samples=49152 mb=12288 micro_mb=8192 logp_delta_abs=0.20241 old_logp=-62.90824 new_logp=-62.95276 adv_abs=0.59776 sde_steps=4
[TRAIN] mean_reward=1.61210 mean_len=45.48 recent_eps=100 completed_eps=2252466
[UPDATE_EFFECT] action_delta=0.01048357 param_rms_delta=0.00051785
[TIME] collect=3.576s update=0.266s
[DONE] timeout=0.00000 anchor_pos=0.04138 anchor_ori=0.00183 ee_body=0.49658
[TRACK_ROLLOUT] anchor_pos=0.58014 anchor_ori=0.68517 body_pos=0.76444 body_ori=0.41053 body_lin=0.46137 body_ang=0.34028
[ACT_SUMMARY] abs_mean=0.6530 abs_p95=0.9142 abs_p99=1.0126 abs_max=1.2349 legs=0.7352 waist=0.5911 arms=0.5958
[FRAME_DIAG] frame0_abs=0.6198 frame1_abs=0.6408 in_chunk_delta=0.3504 cross_chunk_delta=0.4221
[UPDATE] 267/1000 reward_step=0.03580 chunk=0.13661 done_frac=0.08403 mean_reward=1.62209 mean_len=45.20
[SFPO] loss=0.00477 policy_loss=-0.00792 value_loss=0.01269 ratio=0.9982 [0.018,14.667] clip=0.3528 kl_raw=0.047787 kl/step=0.011947 target_raw=0.0400 target/step=0.0100 kl_units=4 grad=2.6245 grad_c=0.2217 lr=0.000256 critic_lr=0.000256
[ROLLOUT] live=23.24 survive=0.49683 per_step=0.03512 episode_projection=17.56
[POLICY_DETAIL] samples=49152 raw_samples=49152 mb=12288 micro_mb=8192 logp_delta_abs=0.20673 old_logp=-62.93991 new_logp=-62.98701 adv_abs=0.58891 sde_steps=4
[TRAIN] mean_reward=1.62209 mean_len=45.20 recent_eps=100 completed_eps=2256596
[UPDATE_EFFECT] action_delta=0.01065240 param_rms_delta=0.00052374
[TIME] collect=3.538s update=0.264s
[DONE] timeout=0.00000 anchor_pos=0.04126 anchor_ori=0.00122 ee_body=0.50024
[TRACK_ROLLOUT] anchor_pos=0.57510 anchor_ori=0.68444 body_pos=0.76410 body_ori=0.40758 body_lin=0.45849 body_ang=0.33999
[ACT_SUMMARY] abs_mean=0.6529 abs_p95=0.9158 abs_p99=1.0163 abs_max=1.2824 legs=0.7346 waist=0.5911 arms=0.5960
[FRAME_DIAG] frame0_abs=0.6207 frame1_abs=0.6398 in_chunk_delta=0.3509 cross_chunk_delta=0.4225
[UPDATE] 268/1000 reward_step=0.03570 chunk=0.13612 done_frac=0.08571 mean_reward=1.75469 mean_len=47.40
[SFPO] loss=0.00504 policy_loss=-0.00763 value_loss=0.01268 ratio=0.9981 [0.033,11.773] clip=0.3508 kl_raw=0.047764 kl/step=0.011941 target_raw=0.0400 target/step=0.0100 kl_units=4 grad=2.6940 grad_c=0.2378 lr=0.000256 critic_lr=0.000256
[ROLLOUT] live=23.22 survive=0.48755 per_step=0.03501 episode_projection=17.51
[POLICY_DETAIL] samples=49152 raw_samples=49152 mb=12288 micro_mb=8192 logp_delta_abs=0.20658 old_logp=-62.92054 new_logp=-62.96771 adv_abs=0.59546 sde_steps=4
[TRAIN] mean_reward=1.75469 mean_len=47.40 recent_eps=100 completed_eps=2260809
[UPDATE_EFFECT] action_delta=0.00990395 param_rms_delta=0.00051405
[TIME] collect=3.597s update=0.262s
[DONE] timeout=0.00000 anchor_pos=0.04114 anchor_ori=0.00220 ee_body=0.50842
[TRACK_ROLLOUT] anchor_pos=0.57340 anchor_ori=0.67985 body_pos=0.76309 body_ori=0.40824 body_lin=0.45670 body_ang=0.33982
[ACT_SUMMARY] abs_mean=0.6537 abs_p95=0.9188 abs_p99=1.0156 abs_max=1.2395 legs=0.7370 waist=0.5928 arms=0.5953
[FRAME_DIAG] frame0_abs=0.6203 frame1_abs=0.6405 in_chunk_delta=0.3508 cross_chunk_delta=0.4225
[UPDATE] 269/1000 reward_step=0.03587 chunk=0.13679 done_frac=0.08427 mean_reward=1.75327 mean_len=46.80
[SFPO] loss=0.00452 policy_loss=-0.00853 value_loss=0.01305 ratio=0.9987 [0.054,39.476] clip=0.3521 kl_raw=0.048076 kl/step=0.012019 target_raw=0.0400 target/step=0.0100 kl_units=4 grad=2.5916 grad_c=0.2068 lr=0.000256 critic_lr=0.000256
[ROLLOUT] live=23.23 survive=0.49561 per_step=0.03516 episode_projection=17.58
[POLICY_DETAIL] samples=49152 raw_samples=49152 mb=12288 micro_mb=8192 logp_delta_abs=0.20715 old_logp=-62.90242 new_logp=-62.94929 adv_abs=0.58735 sde_steps=4
[TRAIN] mean_reward=1.75327 mean_len=46.80 recent_eps=100 completed_eps=2264951
[UPDATE_EFFECT] action_delta=0.01030133 param_rms_delta=0.00052711
[TIME] collect=3.667s update=0.269s
[DONE] timeout=0.00000 anchor_pos=0.04126 anchor_ori=0.00159 ee_body=0.50049
[TRACK_ROLLOUT] anchor_pos=0.57483 anchor_ori=0.68220 body_pos=0.76273 body_ori=0.40887 body_lin=0.45751 body_ang=0.34016
[ACT_SUMMARY] abs_mean=0.6526 abs_p95=0.9138 abs_p99=1.0123 abs_max=1.2357 legs=0.7351 waist=0.5900 arms=0.5953
[FRAME_DIAG] frame0_abs=0.6190 frame1_abs=0.6402 in_chunk_delta=0.3503 cross_chunk_delta=0.4221
[UPDATE] 270/1000 reward_step=0.03604 chunk=0.13761 done_frac=0.08293 mean_reward=1.70510 mean_len=46.20
[SFPO] loss=0.00425 policy_loss=-0.00863 value_loss=0.01289 ratio=0.9994 [0.042,10.085] clip=0.3472 kl_raw=0.046016 kl/step=0.011504 target_raw=0.0400 target/step=0.0100 kl_units=4 grad=2.5444 grad_c=0.2622 lr=0.000256 critic_lr=0.000256
[ROLLOUT] live=23.25 survive=0.50366 per_step=0.03535 episode_projection=17.67
[POLICY_DETAIL] samples=49152 raw_samples=49152 mb=12288 micro_mb=8192 logp_delta_abs=0.20326 old_logp=-62.90942 new_logp=-62.95376 adv_abs=0.58650 sde_steps=4
[TRAIN] mean_reward=1.70510 mean_len=46.20 recent_eps=100 completed_eps=2269027
[UPDATE_EFFECT] action_delta=0.01029391 param_rms_delta=0.00052439
[TIME] collect=3.446s update=0.276s
[DONE] timeout=0.00000 anchor_pos=0.04163 anchor_ori=0.00220 ee_body=0.49182
[TRACK_ROLLOUT] anchor_pos=0.57334 anchor_ori=0.68472 body_pos=0.76406 body_ori=0.40949 body_lin=0.46053 body_ang=0.34358
[ACT_SUMMARY] abs_mean=0.6543 abs_p95=0.9196 abs_p99=1.0165 abs_max=1.2644 legs=0.7367 waist=0.5915 arms=0.5970
[FRAME_DIAG] frame0_abs=0.6211 frame1_abs=0.6422 in_chunk_delta=0.3499 cross_chunk_delta=0.4210
[UPDATE] 271/1000 reward_step=0.03602 chunk=0.13732 done_frac=0.08500 mean_reward=1.67816 mean_len=46.96
[SFPO] loss=0.00699 policy_loss=-0.00627 value_loss=0.01326 ratio=0.9995 [0.011,12.956] clip=0.3911 kl_raw=0.061345 kl/step=0.015336 target_raw=0.0400 target/step=0.0100 kl_units=4 grad=2.5412 grad_c=0.4596 lr=0.000171 critic_lr=0.000171
[ROLLOUT] live=23.22 survive=0.49146 per_step=0.03531 episode_projection=17.66
[POLICY_DETAIL] samples=49152 raw_samples=49152 mb=12288 micro_mb=8192 logp_delta_abs=0.23281 old_logp=-62.93407 new_logp=-62.99188 adv_abs=0.58839 sde_steps=4
[TRAIN] mean_reward=1.67816 mean_len=46.96 recent_eps=100 completed_eps=2273205
[UPDATE_EFFECT] action_delta=0.01007379 param_rms_delta=0.00051748
[TIME] collect=3.481s update=0.262s
[DONE] timeout=0.00000 anchor_pos=0.04175 anchor_ori=0.00220 ee_body=0.50513
[TRACK_ROLLOUT] anchor_pos=0.57171 anchor_ori=0.68436 body_pos=0.76328 body_ori=0.40883 body_lin=0.46084 body_ang=0.34392
[ACT_SUMMARY] abs_mean=0.6549 abs_p95=0.9179 abs_p99=1.0156 abs_max=1.2689 legs=0.7386 waist=0.5906 arms=0.5970
[FRAME_DIAG] frame0_abs=0.6207 frame1_abs=0.6431 in_chunk_delta=0.3500 cross_chunk_delta=0.4219
[UPDATE] 272/1000 reward_step=0.03608 chunk=0.13762 done_frac=0.08455 mean_reward=1.76308 mean_len=47.36
[SFPO] loss=0.00231 policy_loss=-0.01060 value_loss=0.01291 ratio=0.9990 [0.017,13.821] clip=0.3438 kl_raw=0.045455 kl/step=0.011364 target_raw=0.0400 target/step=0.0100 kl_units=4 grad=2.4158 grad_c=0.1425 lr=0.000256 critic_lr=0.000256
[ROLLOUT] live=23.23 survive=0.49353 per_step=0.03537 episode_projection=17.69
[POLICY_DETAIL] samples=49152 raw_samples=49152 mb=12288 micro_mb=8192 logp_delta_abs=0.20130 old_logp=-62.92187 new_logp=-62.96595 adv_abs=0.58762 sde_steps=4
[TRAIN] mean_reward=1.76308 mean_len=47.36 recent_eps=100 completed_eps=2277361
[UPDATE_EFFECT] action_delta=0.01031085 param_rms_delta=0.00054657
[TIME] collect=3.472s update=0.267s
[DONE] timeout=0.00000 anchor_pos=0.04468 anchor_ori=0.00183 ee_body=0.50244
[TRACK_ROLLOUT] anchor_pos=0.57196 anchor_ori=0.68677 body_pos=0.76343 body_ori=0.40939 body_lin=0.45821 body_ang=0.34147
[ACT_SUMMARY] abs_mean=0.6540 abs_p95=0.9170 abs_p99=1.0171 abs_max=1.2512 legs=0.7367 waist=0.5897 arms=0.5969
[FRAME_DIAG] frame0_abs=0.6207 frame1_abs=0.6428 in_chunk_delta=0.3497 cross_chunk_delta=0.4207
[UPDATE] 273/1000 reward_step=0.03634 chunk=0.13879 done_frac=0.08356 mean_reward=1.63134 mean_len=47.12
[SFPO] loss=0.00606 policy_loss=-0.00783 value_loss=0.01389 ratio=0.9993 [0.018,14.341] clip=0.3498 kl_raw=0.047484 kl/step=0.011871 target_raw=0.0400 target/step=0.0100 kl_units=4 grad=2.7172 grad_c=0.3515 lr=0.000256 critic_lr=0.000256
[ROLLOUT] live=23.26 survive=0.50012 per_step=0.03564 episode_projection=17.82
[POLICY_DETAIL] samples=49152 raw_samples=49152 mb=12288 micro_mb=8192 logp_delta_abs=0.20563 old_logp=-62.92637 new_logp=-62.97202 adv_abs=0.58354 sde_steps=4
[TRAIN] mean_reward=1.63134 mean_len=47.12 recent_eps=100 completed_eps=2281468
[UPDATE_EFFECT] action_delta=0.01037415 param_rms_delta=0.00051984
[TIME] collect=3.618s update=0.261s
[DONE] timeout=0.00000 anchor_pos=0.04114 anchor_ori=0.00134 ee_body=0.49548
[TRACK_ROLLOUT] anchor_pos=0.57736 anchor_ori=0.68758 body_pos=0.76584 body_ori=0.41270 body_lin=0.46133 body_ang=0.34458
[ACT_SUMMARY] abs_mean=0.6553 abs_p95=0.9197 abs_p99=1.0187 abs_max=1.2624 legs=0.7375 waist=0.5911 arms=0.5987
[FRAME_DIAG] frame0_abs=0.6207 frame1_abs=0.6437 in_chunk_delta=0.3497 cross_chunk_delta=0.4212
[UPDATE] 274/1000 reward_step=0.03641 chunk=0.13898 done_frac=0.08266 mean_reward=1.65133 mean_len=45.72
[SFPO] loss=0.00473 policy_loss=-0.00886 value_loss=0.01360 ratio=1.0005 [0.033,10.305] clip=0.3447 kl_raw=0.046664 kl/step=0.011666 target_raw=0.0400 target/step=0.0100 kl_units=4 grad=2.6580 grad_c=0.3243 lr=0.000256 critic_lr=0.000256
[ROLLOUT] live=23.25 survive=0.50513 per_step=0.03570 episode_projection=17.85
[POLICY_DETAIL] samples=49152 raw_samples=49152 mb=12288 micro_mb=8192 logp_delta_abs=0.20303 old_logp=-62.88648 new_logp=-62.93027 adv_abs=0.59168 sde_steps=4
[TRAIN] mean_reward=1.65133 mean_len=45.72 recent_eps=100 completed_eps=2285531
[UPDATE_EFFECT] action_delta=0.01051488 param_rms_delta=0.00052573
[TIME] collect=3.579s update=0.259s
[DONE] timeout=0.00000 anchor_pos=0.03931 anchor_ori=0.00171 ee_body=0.49133
[TRACK_ROLLOUT] anchor_pos=0.57773 anchor_ori=0.68738 body_pos=0.76701 body_ori=0.41279 body_lin=0.46294 body_ang=0.34517
[ACT_SUMMARY] abs_mean=0.6551 abs_p95=0.9188 abs_p99=1.0179 abs_max=1.2620 legs=0.7382 waist=0.5914 arms=0.5976
[FRAME_DIAG] frame0_abs=0.6209 frame1_abs=0.6441 in_chunk_delta=0.3493 cross_chunk_delta=0.4199
[UPDATE] 275/1000 reward_step=0.03615 chunk=0.13806 done_frac=0.08197 mean_reward=1.60510 mean_len=44.44
[SFPO] loss=0.00420 policy_loss=-0.00886 value_loss=0.01305 ratio=1.0000 [0.047,15.261] clip=0.3429 kl_raw=0.045630 kl/step=0.011408 target_raw=0.0400 target/step=0.0100 kl_units=4 grad=2.6080 grad_c=0.3146 lr=0.000256 critic_lr=0.000256
[ROLLOUT] live=23.26 survive=0.50940 per_step=0.03544 episode_projection=17.72
[POLICY_DETAIL] samples=49152 raw_samples=49152 mb=12288 micro_mb=8192 logp_delta_abs=0.20139 old_logp=-62.91440 new_logp=-62.95774 adv_abs=0.58614 sde_steps=4
[TRAIN] mean_reward=1.60510 mean_len=44.44 recent_eps=100 completed_eps=2289560
[UPDATE_EFFECT] action_delta=0.01018527 param_rms_delta=0.00052112
[TIME] collect=3.560s update=0.264s
[DONE] timeout=0.00000 anchor_pos=0.04578 anchor_ori=0.00110 ee_body=0.48828
[TRACK_ROLLOUT] anchor_pos=0.57350 anchor_ori=0.69039 body_pos=0.76337 body_ori=0.40824 body_lin=0.46107 body_ang=0.34502
[ACT_SUMMARY] abs_mean=0.6535 abs_p95=0.9161 abs_p99=1.0139 abs_max=1.2429 legs=0.7370 waist=0.5923 arms=0.5951
[FRAME_DIAG] frame0_abs=0.6196 frame1_abs=0.6431 in_chunk_delta=0.3498 cross_chunk_delta=0.4205
[UPDATE] 276/1000 reward_step=0.03609 chunk=0.13757 done_frac=0.08531 mean_reward=1.67367 mean_len=45.96
[SFPO] loss=0.00359 policy_loss=-0.00915 value_loss=0.01273 ratio=0.9994 [0.060,14.477] clip=0.3519 kl_raw=0.047277 kl/step=0.011819 target_raw=0.0400 target/step=0.0100 kl_units=4 grad=2.5499 grad_c=0.2805 lr=0.000256 critic_lr=0.000256
[ROLLOUT] live=23.22 survive=0.48975 per_step=0.03538 episode_projection=17.69
[POLICY_DETAIL] samples=49152 raw_samples=49152 mb=12288 micro_mb=8192 logp_delta_abs=0.20592 old_logp=-62.91282 new_logp=-62.95832 adv_abs=0.59076 sde_steps=4
[TRAIN] mean_reward=1.67367 mean_len=45.96 recent_eps=100 completed_eps=2293753
[UPDATE_EFFECT] action_delta=0.01035491 param_rms_delta=0.00053279
[TIME] collect=3.535s update=0.259s
[DONE] timeout=0.00000 anchor_pos=0.04639 anchor_ori=0.00134 ee_body=0.50610
[TRACK_ROLLOUT] anchor_pos=0.57328 anchor_ori=0.68752 body_pos=0.76318 body_ori=0.40941 body_lin=0.45723 body_ang=0.34412
[ACT_SUMMARY] abs_mean=0.6543 abs_p95=0.9180 abs_p99=1.0178 abs_max=1.2495 legs=0.7365 waist=0.5957 arms=0.5965
[FRAME_DIAG] frame0_abs=0.6191 frame1_abs=0.6441 in_chunk_delta=0.3499 cross_chunk_delta=0.4212
[UPDATE] 277/1000 reward_step=0.03646 chunk=0.13922 done_frac=0.08246 mean_reward=1.59208 mean_len=45.00
[SFPO] loss=0.00736 policy_loss=-0.00621 value_loss=0.01356 ratio=0.9993 [0.021,29.122] clip=0.3809 kl_raw=0.059314 kl/step=0.014829 target_raw=0.0400 target/step=0.0100 kl_units=4 grad=2.5326 grad_c=0.2953 lr=0.000171 critic_lr=0.000171
[ROLLOUT] live=23.26 survive=0.50647 per_step=0.03575 episode_projection=17.88
[POLICY_DETAIL] samples=49152 raw_samples=49152 mb=12288 micro_mb=8192 logp_delta_abs=0.22756 old_logp=-62.91202 new_logp=-62.96814 adv_abs=0.58477 sde_steps=4
[TRAIN] mean_reward=1.59208 mean_len=45.00 recent_eps=100 completed_eps=2297806
[UPDATE_EFFECT] action_delta=0.01014147 param_rms_delta=0.00048459
[TIME] collect=3.660s update=0.280s
[DONE] timeout=0.00000 anchor_pos=0.03979 anchor_ori=0.00134 ee_body=0.49060
[TRACK_ROLLOUT] anchor_pos=0.57393 anchor_ori=0.69004 body_pos=0.76564 body_ori=0.41261 body_lin=0.46181 body_ang=0.34590
[ACT_SUMMARY] abs_mean=0.6531 abs_p95=0.9158 abs_p99=1.0155 abs_max=1.3296 legs=0.7348 waist=0.5915 arms=0.5962
[FRAME_DIAG] frame0_abs=0.6186 frame1_abs=0.6420 in_chunk_delta=0.3492 cross_chunk_delta=0.4200
[UPDATE] 278/1000 reward_step=0.03644 chunk=0.13918 done_frac=0.08301 mean_reward=1.76426 mean_len=47.60
[SFPO] loss=0.00602 policy_loss=-0.00735 value_loss=0.01337 ratio=0.9993 [0.004,16.128] clip=0.3437 kl_raw=0.047424 kl/step=0.011856 target_raw=0.0400 target/step=0.0100 kl_units=4 grad=2.7519 grad_c=0.1737 lr=0.000256 critic_lr=0.000256
[ROLLOUT] live=23.26 survive=0.50293 per_step=0.03574 episode_projection=17.87
[POLICY_DETAIL] samples=49152 raw_samples=49152 mb=12288 micro_mb=8192 logp_delta_abs=0.20328 old_logp=-62.93207 new_logp=-62.97760 adv_abs=0.58573 sde_steps=4
[TRAIN] mean_reward=1.76426 mean_len=47.60 recent_eps=100 completed_eps=2301886
[UPDATE_EFFECT] action_delta=0.01049896 param_rms_delta=0.00051163
[TIME] collect=3.650s update=0.271s
[DONE] timeout=0.00000 anchor_pos=0.04126 anchor_ori=0.00183 ee_body=0.49255
[TRACK_ROLLOUT] anchor_pos=0.57301 anchor_ori=0.68938 body_pos=0.76535 body_ori=0.41349 body_lin=0.46070 body_ang=0.34580
[ACT_SUMMARY] abs_mean=0.6554 abs_p95=0.9213 abs_p99=1.0191 abs_max=1.2871 legs=0.7381 waist=0.5929 arms=0.5980
[FRAME_DIAG] frame0_abs=0.6199 frame1_abs=0.6449 in_chunk_delta=0.3489 cross_chunk_delta=0.4202
[UPDATE] 279/1000 reward_step=0.03629 chunk=0.13856 done_frac=0.08280 mean_reward=1.76032 mean_len=47.36
[SFPO] loss=0.00665 policy_loss=-0.00731 value_loss=0.01397 ratio=0.9993 [0.037,15.772] clip=0.3549 kl_raw=0.049273 kl/step=0.012318 target_raw=0.0400 target/step=0.0100 kl_units=4 grad=2.6831 grad_c=0.2342 lr=0.000256 critic_lr=0.000256
[ROLLOUT] live=23.25 survive=0.50464 per_step=0.03558 episode_projection=17.79
[POLICY_DETAIL] samples=49152 raw_samples=49152 mb=12288 micro_mb=8192 logp_delta_abs=0.20920 old_logp=-62.89515 new_logp=-62.94247 adv_abs=0.58403 sde_steps=4
[TRAIN] mean_reward=1.76032 mean_len=47.36 recent_eps=100 completed_eps=2305956
[UPDATE_EFFECT] action_delta=0.01046627 param_rms_delta=0.00051921
[TIME] collect=3.607s update=0.263s
[DONE] timeout=0.00000 anchor_pos=0.03833 anchor_ori=0.00195 ee_body=0.49060
[TRACK_ROLLOUT] anchor_pos=0.57284 anchor_ori=0.68607 body_pos=0.76491 body_ori=0.41257 body_lin=0.45917 body_ang=0.34513
[ACT_SUMMARY] abs_mean=0.6592 abs_p95=0.9268 abs_p99=1.0245 abs_max=1.2941 legs=0.7435 waist=0.5953 arms=0.6007
[FRAME_DIAG] frame0_abs=0.6239 frame1_abs=0.6494 in_chunk_delta=0.3486 cross_chunk_delta=0.4206
[UPDATE] 280/1000 reward_step=0.03650 chunk=0.13945 done_frac=0.08223 mean_reward=1.83590 mean_len=48.40
[SFPO] loss=0.00525 policy_loss=-0.00841 value_loss=0.01367 ratio=0.9996 [0.006,12.979] clip=0.3489 kl_raw=0.047224 kl/step=0.011806 target_raw=0.0400 target/step=0.0100 kl_units=4 grad=2.6679 grad_c=0.2068 lr=0.000256 critic_lr=0.000256
[ROLLOUT] live=23.27 survive=0.50769 per_step=0.03580 episode_projection=17.90
[POLICY_DETAIL] samples=49152 raw_samples=49152 mb=12288 micro_mb=8192 logp_delta_abs=0.20506 old_logp=-62.91546 new_logp=-62.96068 adv_abs=0.59243 sde_steps=4
[TRAIN] mean_reward=1.83590 mean_len=48.40 recent_eps=100 completed_eps=2309998
[UPDATE_EFFECT] action_delta=0.01049253 param_rms_delta=0.00052101
[TIME] collect=3.508s update=0.259s
[DONE] timeout=0.00000 anchor_pos=0.03992 anchor_ori=0.00208 ee_body=0.48828
[TRACK_ROLLOUT] anchor_pos=0.57710 anchor_ori=0.68515 body_pos=0.76630 body_ori=0.41519 body_lin=0.46176 body_ang=0.34646
[ACT_SUMMARY] abs_mean=0.6581 abs_p95=0.9248 abs_p99=1.0211 abs_max=1.3000 legs=0.7389 waist=0.5966 arms=0.6020
[FRAME_DIAG] frame0_abs=0.6228 frame1_abs=0.6488 in_chunk_delta=0.3487 cross_chunk_delta=0.4202
[UPDATE] 281/1000 reward_step=0.03607 chunk=0.13772 done_frac=0.08285 mean_reward=1.66937 mean_len=46.68
[SFPO] loss=0.00884 policy_loss=-0.00454 value_loss=0.01338 ratio=0.9993 [0.021,212.373] clip=0.3628 kl_raw=0.053766 kl/step=0.013442 target_raw=0.0400 target/step=0.0100 kl_units=4 grad=2.9707 grad_c=0.1297 lr=0.000171 critic_lr=0.000171
[ROLLOUT] live=23.25 survive=0.50391 per_step=0.03537 episode_projection=17.68
[POLICY_DETAIL] samples=49152 raw_samples=49152 mb=12288 micro_mb=8192 logp_delta_abs=0.21650 old_logp=-62.92104 new_logp=-62.97251 adv_abs=0.58390 sde_steps=4
[TRAIN] mean_reward=1.66937 mean_len=46.68 recent_eps=100 completed_eps=2314070
[UPDATE_EFFECT] action_delta=0.01052238 param_rms_delta=0.00048432
[TIME] collect=3.524s update=0.259s
[DONE] timeout=0.00000 anchor_pos=0.03857 anchor_ori=0.00183 ee_body=0.49316
[TRACK_ROLLOUT] anchor_pos=0.56662 anchor_ori=0.68155 body_pos=0.76327 body_ori=0.40995 body_lin=0.45596 body_ang=0.34561
[ACT_SUMMARY] abs_mean=0.6597 abs_p95=0.9309 abs_p99=1.0284 abs_max=1.3131 legs=0.7421 waist=0.5987 arms=0.6022
[FRAME_DIAG] frame0_abs=0.6248 frame1_abs=0.6503 in_chunk_delta=0.3488 cross_chunk_delta=0.4199
[UPDATE] 282/1000 reward_step=0.03658 chunk=0.13959 done_frac=0.08313 mean_reward=1.71874 mean_len=45.96
[SFPO] loss=0.00693 policy_loss=-0.01025 value_loss=0.01718 ratio=0.9997 [0.038,28.831] clip=0.3773 kl_raw=0.057365 kl/step=0.014341 target_raw=0.0400 target/step=0.0100 kl_units=4 grad=2.3146 grad_c=0.6973 lr=0.000171 critic_lr=0.000171
[ROLLOUT] live=23.24 survive=0.50330 per_step=0.03587 episode_projection=17.93
[POLICY_DETAIL] samples=49152 raw_samples=49152 mb=12288 micro_mb=8192 logp_delta_abs=0.22406 old_logp=-62.95137 new_logp=-63.00563 adv_abs=0.59057 sde_steps=4
[TRAIN] mean_reward=1.71874 mean_len=45.96 recent_eps=100 completed_eps=2318156
[UPDATE_EFFECT] action_delta=0.01050194 param_rms_delta=0.00054400
[TIME] collect=3.683s update=0.263s
[DONE] timeout=0.00000 anchor_pos=0.03918 anchor_ori=0.00208 ee_body=0.49243
[TRACK_ROLLOUT] anchor_pos=0.57633 anchor_ori=0.68648 body_pos=0.76808 body_ori=0.41724 body_lin=0.46146 body_ang=0.34724
[ACT_SUMMARY] abs_mean=0.6554 abs_p95=0.9249 abs_p99=1.0230 abs_max=1.2519 legs=0.7362 waist=0.5962 arms=0.5988
[FRAME_DIAG] frame0_abs=0.6205 frame1_abs=0.6463 in_chunk_delta=0.3490 cross_chunk_delta=0.4214
[UPDATE] 283/1000 reward_step=0.03656 chunk=0.13966 done_frac=0.08002 mean_reward=1.65944 mean_len=47.08
[SFPO] loss=0.00768 policy_loss=-0.00645 value_loss=0.01413 ratio=0.9995 [0.026,13.436] clip=0.3721 kl_raw=0.055566 kl/step=0.013892 target_raw=0.0400 target/step=0.0100 kl_units=4 grad=2.6404 grad_c=0.4686 lr=0.000171 critic_lr=0.000171
[ROLLOUT] live=23.26 survive=0.52087 per_step=0.03584 episode_projection=17.92
[POLICY_DETAIL] samples=49152 raw_samples=49152 mb=12288 micro_mb=8192 logp_delta_abs=0.22080 old_logp=-62.92701 new_logp=-62.97976 adv_abs=0.60675 sde_steps=4
[TRAIN] mean_reward=1.65944 mean_len=47.08 recent_eps=100 completed_eps=2322089
[UPDATE_EFFECT] action_delta=0.00949951 param_rms_delta=0.00048203
[TIME] collect=3.673s update=0.263s
[DONE] timeout=0.00000 anchor_pos=0.03687 anchor_ori=0.00244 ee_body=0.47449
[TRACK_ROLLOUT] anchor_pos=0.57079 anchor_ori=0.68795 body_pos=0.76692 body_ori=0.41369 body_lin=0.46081 body_ang=0.34863
[ACT_SUMMARY] abs_mean=0.6559 abs_p95=0.9264 abs_p99=1.0238 abs_max=1.2611 legs=0.7355 waist=0.5972 arms=0.6003
[FRAME_DIAG] frame0_abs=0.6210 frame1_abs=0.6473 in_chunk_delta=0.3481 cross_chunk_delta=0.4190
[UPDATE] 284/1000 reward_step=0.03652 chunk=0.13928 done_frac=0.08350 mean_reward=1.81403 mean_len=48.72
[SFPO] loss=0.00689 policy_loss=-0.00655 value_loss=0.01344 ratio=1.0001 [0.017,13.361] clip=0.3460 kl_raw=0.048903 kl/step=0.012226 target_raw=0.0400 target/step=0.0100 kl_units=4 grad=2.8153 grad_c=0.1394 lr=0.000171 critic_lr=0.000171
[ROLLOUT] live=23.23 survive=0.50012 per_step=0.03581 episode_projection=17.90
[POLICY_DETAIL] samples=49152 raw_samples=49152 mb=12288 micro_mb=8192 logp_delta_abs=0.20569 old_logp=-62.87444 new_logp=-62.92052 adv_abs=0.58604 sde_steps=4
[TRAIN] mean_reward=1.81403 mean_len=48.72 recent_eps=100 completed_eps=2326193
[UPDATE_EFFECT] action_delta=0.01022852 param_rms_delta=0.00049221
[TIME] collect=3.582s update=0.259s
[DONE] timeout=0.00000 anchor_pos=0.04248 anchor_ori=0.00134 ee_body=0.49695
[TRACK_ROLLOUT] anchor_pos=0.57038 anchor_ori=0.69042 body_pos=0.76554 body_ori=0.41451 body_lin=0.45643 body_ang=0.34585
[ACT_SUMMARY] abs_mean=0.6587 abs_p95=0.9279 abs_p99=1.0271 abs_max=1.2470 legs=0.7381 waist=0.5974 arms=0.6038
[FRAME_DIAG] frame0_abs=0.6231 frame1_abs=0.6502 in_chunk_delta=0.3473 cross_chunk_delta=0.4199
[UPDATE] 285/1000 reward_step=0.03665 chunk=0.13999 done_frac=0.08164 mean_reward=1.69327 mean_len=45.80
[SFPO] loss=0.00454 policy_loss=-0.00807 value_loss=0.01261 ratio=0.9994 [0.009,123.125] clip=0.3877 kl_raw=0.060722 kl/step=0.015180 target_raw=0.0400 target/step=0.0100 kl_units=4 grad=2.4458 grad_c=0.1861 lr=0.000076 critic_lr=0.000076
[ROLLOUT] live=23.26 survive=0.51123 per_step=0.03595 episode_projection=17.97
[POLICY_DETAIL] samples=49152 raw_samples=49152 mb=12288 micro_mb=8192 logp_delta_abs=0.23066 old_logp=-62.91404 new_logp=-62.97169 adv_abs=0.59747 sde_steps=4
[TRAIN] mean_reward=1.69327 mean_len=45.80 recent_eps=100 completed_eps=2330206
[UPDATE_EFFECT] action_delta=0.01000572 param_rms_delta=0.00050888
[TIME] collect=3.613s update=0.269s
[DONE] timeout=0.00000 anchor_pos=0.04028 anchor_ori=0.00134 ee_body=0.48523
[TRACK_ROLLOUT] anchor_pos=0.57310 anchor_ori=0.68941 body_pos=0.76726 body_ori=0.41583 body_lin=0.45998 body_ang=0.34783
[ACT_SUMMARY] abs_mean=0.6567 abs_p95=0.9231 abs_p99=1.0209 abs_max=1.2561 legs=0.7373 waist=0.5955 arms=0.6007
[FRAME_DIAG] frame0_abs=0.6216 frame1_abs=0.6481 in_chunk_delta=0.3476 cross_chunk_delta=0.4194
[UPDATE] 286/1000 reward_step=0.03634 chunk=0.13876 done_frac=0.08154 mean_reward=1.73774 mean_len=47.28
[SFPO] loss=0.00196 policy_loss=-0.01139 value_loss=0.01335 ratio=0.9987 [0.019,11.096] clip=0.3381 kl_raw=0.046806 kl/step=0.011702 target_raw=0.0400 target/step=0.0100 kl_units=4 grad=2.3623 grad_c=0.1679 lr=0.000171 critic_lr=0.000171
[ROLLOUT] live=23.26 survive=0.51294 per_step=0.03563 episode_projection=17.82
[POLICY_DETAIL] samples=49152 raw_samples=49152 mb=12288 micro_mb=8192 logp_delta_abs=0.20036 old_logp=-62.94208 new_logp=-62.98756 adv_abs=0.57852 sde_steps=4
[TRAIN] mean_reward=1.73774 mean_len=47.28 recent_eps=100 completed_eps=2334214
[UPDATE_EFFECT] action_delta=0.01050345 param_rms_delta=0.00055319
[TIME] collect=3.668s update=0.263s
[DONE] timeout=0.00000 anchor_pos=0.03699 anchor_ori=0.00171 ee_body=0.48389
[TRACK_ROLLOUT] anchor_pos=0.56773 anchor_ori=0.68874 body_pos=0.76313 body_ori=0.41089 body_lin=0.45677 body_ang=0.34820
[ACT_SUMMARY] abs_mean=0.6594 abs_p95=0.9295 abs_p99=1.0250 abs_max=1.2492 legs=0.7393 waist=0.5989 arms=0.6040
[FRAME_DIAG] frame0_abs=0.6236 frame1_abs=0.6506 in_chunk_delta=0.3475 cross_chunk_delta=0.4194
[UPDATE] 287/1000 reward_step=0.03677 chunk=0.14030 done_frac=0.08331 mean_reward=1.63685 mean_len=44.96
[SFPO] loss=0.00780 policy_loss=-0.00542 value_loss=0.01322 ratio=1.0001 [0.000,25.694] clip=0.3842 kl_raw=0.062517 kl/step=0.015629 target_raw=0.0400 target/step=0.0100 kl_units=4 grad=2.7695 grad_c=0.2587 lr=0.000171 critic_lr=0.000171
[ROLLOUT] live=23.24 survive=0.50220 per_step=0.03605 episode_projection=18.02
[POLICY_DETAIL] samples=49152 raw_samples=49152 mb=12288 micro_mb=8192 logp_delta_abs=0.23114 old_logp=-62.91137 new_logp=-62.96935 adv_abs=0.59340 sde_steps=4
[TRAIN] mean_reward=1.63685 mean_len=44.96 recent_eps=100 completed_eps=2338309
[UPDATE_EFFECT] action_delta=0.00953326 param_rms_delta=0.00049775
[TIME] collect=3.607s update=0.262s
[DONE] timeout=0.00000 anchor_pos=0.04443 anchor_ori=0.00171 ee_body=0.49402
[TRACK_ROLLOUT] anchor_pos=0.57565 anchor_ori=0.69112 body_pos=0.76604 body_ori=0.41712 body_lin=0.46158 body_ang=0.35026
[ACT_SUMMARY] abs_mean=0.6567 abs_p95=0.9242 abs_p99=1.0234 abs_max=1.2463 legs=0.7366 waist=0.5966 arms=0.6010
[FRAME_DIAG] frame0_abs=0.6201 frame1_abs=0.6484 in_chunk_delta=0.3474 cross_chunk_delta=0.4190
[UPDATE] 288/1000 reward_step=0.03677 chunk=0.14049 done_frac=0.08103 mean_reward=1.68109 mean_len=46.08
[SFPO] loss=0.00527 policy_loss=-0.00906 value_loss=0.01433 ratio=0.9994 [0.035,32.303] clip=0.3555 kl_raw=0.049191 kl/step=0.012298 target_raw=0.0400 target/step=0.0100 kl_units=4 grad=2.5483 grad_c=0.1678 lr=0.000256 critic_lr=0.000256
[ROLLOUT] live=23.27 survive=0.51440 per_step=0.03605 episode_projection=18.03
[POLICY_DETAIL] samples=49152 raw_samples=49152 mb=12288 micro_mb=8192 logp_delta_abs=0.20898 old_logp=-62.90228 new_logp=-62.94949 adv_abs=0.57507 sde_steps=4
[TRAIN] mean_reward=1.68109 mean_len=46.08 recent_eps=100 completed_eps=2342292
[UPDATE_EFFECT] action_delta=0.01028576 param_rms_delta=0.00053234
[TIME] collect=3.564s update=0.263s
[DONE] timeout=0.00000 anchor_pos=0.04248 anchor_ori=0.00220 ee_body=0.48120
[TRACK_ROLLOUT] anchor_pos=0.57256 anchor_ori=0.69124 body_pos=0.76738 body_ori=0.41597 body_lin=0.45978 body_ang=0.34829
[ACT_SUMMARY] abs_mean=0.6562 abs_p95=0.9236 abs_p99=1.0223 abs_max=1.2572 legs=0.7351 waist=0.5950 arms=0.6016
[FRAME_DIAG] frame0_abs=0.6203 frame1_abs=0.6478 in_chunk_delta=0.3476 cross_chunk_delta=0.4176
[UPDATE] 289/1000 reward_step=0.03653 chunk=0.13952 done_frac=0.08146 mean_reward=1.73344 mean_len=48.80
[SFPO] loss=0.00541 policy_loss=-0.00827 value_loss=0.01368 ratio=0.9990 [0.025,22.138] clip=0.3529 kl_raw=0.048260 kl/step=0.012065 target_raw=0.0400 target/step=0.0100 kl_units=4 grad=2.6132 grad_c=0.1649 lr=0.000256 critic_lr=0.000256
[ROLLOUT] live=23.26 survive=0.51306 per_step=0.03582 episode_projection=17.91
[POLICY_DETAIL] samples=49152 raw_samples=49152 mb=12288 micro_mb=8192 logp_delta_abs=0.20740 old_logp=-62.92735 new_logp=-62.97412 adv_abs=0.58784 sde_steps=4
[TRAIN] mean_reward=1.73344 mean_len=48.80 recent_eps=100 completed_eps=2346296
[UPDATE_EFFECT] action_delta=0.01047657 param_rms_delta=0.00052662
[TIME] collect=3.578s update=0.266s
[DONE] timeout=0.00000 anchor_pos=0.04126 anchor_ori=0.00159 ee_body=0.48279
[TRACK_ROLLOUT] anchor_pos=0.57011 anchor_ori=0.68810 body_pos=0.76557 body_ori=0.41359 body_lin=0.45681 body_ang=0.34760
[ACT_SUMMARY] abs_mean=0.6603 abs_p95=0.9289 abs_p99=1.0286 abs_max=1.2549 legs=0.7404 waist=0.6009 arms=0.6044
[FRAME_DIAG] frame0_abs=0.6247 frame1_abs=0.6524 in_chunk_delta=0.3473 cross_chunk_delta=0.4174
[UPDATE] 290/1000 reward_step=0.03671 chunk=0.14019 done_frac=0.08142 mean_reward=1.77574 mean_len=47.16
[SFPO] loss=0.00679 policy_loss=-0.00773 value_loss=0.01452 ratio=0.9995 [0.020,20.319] clip=0.3637 kl_raw=0.051476 kl/step=0.012869 target_raw=0.0400 target/step=0.0100 kl_units=4 grad=2.5978 grad_c=0.1593 lr=0.000256 critic_lr=0.000256
[ROLLOUT] live=23.26 survive=0.51196 per_step=0.03600 episode_projection=18.00
[POLICY_DETAIL] samples=49152 raw_samples=49152 mb=12288 micro_mb=8192 logp_delta_abs=0.21415 old_logp=-62.90774 new_logp=-62.95688 adv_abs=0.57911 sde_steps=4
[TRAIN] mean_reward=1.77574 mean_len=47.16 recent_eps=100 completed_eps=2350298
[UPDATE_EFFECT] action_delta=0.01083451 param_rms_delta=0.00053005
[TIME] collect=3.500s update=0.261s
[DONE] timeout=0.00000 anchor_pos=0.04065 anchor_ori=0.00134 ee_body=0.48438
[TRACK_ROLLOUT] anchor_pos=0.57116 anchor_ori=0.68718 body_pos=0.76667 body_ori=0.41539 body_lin=0.45988 body_ang=0.34953
[ACT_SUMMARY] abs_mean=0.6610 abs_p95=0.9301 abs_p99=1.0297 abs_max=1.2771 legs=0.7402 waist=0.6050 arms=0.6051
[FRAME_DIAG] frame0_abs=0.6259 frame1_abs=0.6533 in_chunk_delta=0.3473 cross_chunk_delta=0.4176
[UPDATE] 291/1000 reward_step=0.03682 chunk=0.14061 done_frac=0.08287 mean_reward=1.58273 mean_len=43.84
[SFPO] loss=0.00842 policy_loss=-0.00619 value_loss=0.01460 ratio=0.9996 [0.038,36.717] clip=0.3904 kl_raw=0.060725 kl/step=0.015181 target_raw=0.0400 target/step=0.0100 kl_units=4 grad=2.5157 grad_c=0.2562 lr=0.000114 critic_lr=0.000114
[ROLLOUT] live=23.26 survive=0.50427 per_step=0.03610 episode_projection=18.05
[POLICY_DETAIL] samples=49152 raw_samples=49152 mb=12288 micro_mb=8192 logp_delta_abs=0.23168 old_logp=-62.91474 new_logp=-62.97206 adv_abs=0.57976 sde_steps=4
[TRAIN] mean_reward=1.58273 mean_len=43.84 recent_eps=100 completed_eps=2354371
[UPDATE_EFFECT] action_delta=0.00913671 param_rms_delta=0.00047146
[TIME] collect=3.591s update=0.259s
[DONE] timeout=0.00000 anchor_pos=0.03931 anchor_ori=0.00171 ee_body=0.49243
[TRACK_ROLLOUT] anchor_pos=0.57249 anchor_ori=0.69026 body_pos=0.76706 body_ori=0.41697 body_lin=0.46142 body_ang=0.35066
[ACT_SUMMARY] abs_mean=0.6589 abs_p95=0.9288 abs_p99=1.0295 abs_max=1.3404 legs=0.7385 waist=0.5973 arms=0.6038
[FRAME_DIAG] frame0_abs=0.6236 frame1_abs=0.6501 in_chunk_delta=0.3475 cross_chunk_delta=0.4173
[UPDATE] 292/1000 reward_step=0.03692 chunk=0.14121 done_frac=0.07888 mean_reward=1.78068 mean_len=48.88
[SFPO] loss=0.00531 policy_loss=-0.00893 value_loss=0.01424 ratio=0.9990 [0.013,15.960] clip=0.3451 kl_raw=0.048552 kl/step=0.012138 target_raw=0.0400 target/step=0.0100 kl_units=4 grad=2.4751 grad_c=0.2016 lr=0.000256 critic_lr=0.000256
[ROLLOUT] live=23.29 survive=0.52832 per_step=0.03620 episode_projection=18.10
[POLICY_DETAIL] samples=49152 raw_samples=49152 mb=12288 micro_mb=8192 logp_delta_abs=0.20493 old_logp=-62.92920 new_logp=-62.97589 adv_abs=0.57821 sde_steps=4
[TRAIN] mean_reward=1.78068 mean_len=48.88 recent_eps=100 completed_eps=2358248
[UPDATE_EFFECT] action_delta=0.01044160 param_rms_delta=0.00054163
[TIME] collect=3.566s update=0.261s
[DONE] timeout=0.00000 anchor_pos=0.03784 anchor_ori=0.00220 ee_body=0.46777
[TRACK_ROLLOUT] anchor_pos=0.57372 anchor_ori=0.69198 body_pos=0.76866 body_ori=0.41612 body_lin=0.46085 body_ang=0.35011
[ACT_SUMMARY] abs_mean=0.6605 abs_p95=0.9265 abs_p99=1.0274 abs_max=1.2800 legs=0.7417 waist=0.6021 arms=0.6033
[FRAME_DIAG] frame0_abs=0.6265 frame1_abs=0.6523 in_chunk_delta=0.3469 cross_chunk_delta=0.4153
[UPDATE] 293/1000 reward_step=0.03667 chunk=0.13992 done_frac=0.08278 mean_reward=1.90317 mean_len=49.88
[SFPO] loss=0.00643 policy_loss=-0.00824 value_loss=0.01467 ratio=0.9995 [0.014,12.075] clip=0.3613 kl_raw=0.049784 kl/step=0.012446 target_raw=0.0400 target/step=0.0100 kl_units=4 grad=2.5559 grad_c=0.2255 lr=0.000256 critic_lr=0.000256
[ROLLOUT] live=23.24 survive=0.50464 per_step=0.03596 episode_projection=17.98
[POLICY_DETAIL] samples=49152 raw_samples=49152 mb=12288 micro_mb=8192 logp_delta_abs=0.21159 old_logp=-62.92912 new_logp=-62.97678 adv_abs=0.57927 sde_steps=4
[TRAIN] mean_reward=1.90317 mean_len=49.88 recent_eps=100 completed_eps=2362317
[UPDATE_EFFECT] action_delta=0.01002728 param_rms_delta=0.00053298
[TIME] collect=3.573s update=0.263s
[DONE] timeout=0.00000 anchor_pos=0.04346 anchor_ori=0.00281 ee_body=0.49048
[TRACK_ROLLOUT] anchor_pos=0.56884 anchor_ori=0.69101 body_pos=0.76523 body_ori=0.41122 body_lin=0.45927 body_ang=0.34950
[ACT_SUMMARY] abs_mean=0.6584 abs_p95=0.9272 abs_p99=1.0281 abs_max=1.3002 legs=0.7394 waist=0.5976 arms=0.6020
[FRAME_DIAG] frame0_abs=0.6232 frame1_abs=0.6494 in_chunk_delta=0.3467 cross_chunk_delta=0.4165
[UPDATE] 294/1000 reward_step=0.03712 chunk=0.14186 done_frac=0.08093 mean_reward=1.79001 mean_len=48.64
[SFPO] loss=0.00769 policy_loss=-0.00737 value_loss=0.01506 ratio=0.9998 [0.041,16.372] clip=0.3595 kl_raw=0.051225 kl/step=0.012806 target_raw=0.0400 target/step=0.0100 kl_units=4 grad=2.7127 grad_c=0.2558 lr=0.000256 critic_lr=0.000256
[ROLLOUT] live=23.27 survive=0.51624 per_step=0.03640 episode_projection=18.20
[POLICY_DETAIL] samples=49152 raw_samples=49152 mb=12288 micro_mb=8192 logp_delta_abs=0.21262 old_logp=-62.89453 new_logp=-62.94312 adv_abs=0.57917 sde_steps=4
[TRAIN] mean_reward=1.79001 mean_len=48.64 recent_eps=100 completed_eps=2366295
[UPDATE_EFFECT] action_delta=0.01061281 param_rms_delta=0.00051793
[TIME] collect=3.695s update=0.265s
[DONE] timeout=0.00000 anchor_pos=0.04102 anchor_ori=0.00195 ee_body=0.47974
[TRACK_ROLLOUT] anchor_pos=0.57597 anchor_ori=0.69180 body_pos=0.76939 body_ori=0.41808 body_lin=0.46482 body_ang=0.35408
[ACT_SUMMARY] abs_mean=0.6597 abs_p95=0.9282 abs_p99=1.0276 abs_max=1.3130 legs=0.7417 waist=0.6006 arms=0.6022
[FRAME_DIAG] frame0_abs=0.6242 frame1_abs=0.6514 in_chunk_delta=0.3462 cross_chunk_delta=0.4154
[UPDATE] 295/1000 reward_step=0.03705 chunk=0.14142 done_frac=0.08120 mean_reward=1.79628 mean_len=48.08
[SFPO] loss=0.01009 policy_loss=-0.00447 value_loss=0.01456 ratio=0.9989 [0.020,13.458] clip=0.3656 kl_raw=0.054969 kl/step=0.013742 target_raw=0.0400 target/step=0.0100 kl_units=4 grad=3.0016 grad_c=0.2483 lr=0.000256 critic_lr=0.000256
[ROLLOUT] live=23.25 survive=0.51453 per_step=0.03633 episode_projection=18.16
[POLICY_DETAIL] samples=49152 raw_samples=49152 mb=12288 micro_mb=8192 logp_delta_abs=0.21881 old_logp=-62.91398 new_logp=-62.96660 adv_abs=0.58274 sde_steps=4
[TRAIN] mean_reward=1.79628 mean_len=48.08 recent_eps=100 completed_eps=2370286
[UPDATE_EFFECT] action_delta=0.01043937 param_rms_delta=0.00049666
[TIME] collect=3.648s update=0.264s
[DONE] timeout=0.00000 anchor_pos=0.04578 anchor_ori=0.00195 ee_body=0.48218
[TRACK_ROLLOUT] anchor_pos=0.57341 anchor_ori=0.69230 body_pos=0.76852 body_ori=0.41597 body_lin=0.46181 body_ang=0.35326
[ACT_SUMMARY] abs_mean=0.6605 abs_p95=0.9273 abs_p99=1.0247 abs_max=1.2932 legs=0.7436 waist=0.5991 arms=0.6024
[FRAME_DIAG] frame0_abs=0.6241 frame1_abs=0.6532 in_chunk_delta=0.3460 cross_chunk_delta=0.4144
[UPDATE] 296/1000 reward_step=0.03706 chunk=0.14155 done_frac=0.08138 mean_reward=1.78582 mean_len=48.52
[SFPO] loss=0.00341 policy_loss=-0.01140 value_loss=0.01481 ratio=0.9999 [0.038,10.893] clip=0.3469 kl_raw=0.045688 kl/step=0.011422 target_raw=0.0400 target/step=0.0100 kl_units=4 grad=2.4474 grad_c=0.1751 lr=0.000256 critic_lr=0.000256
[ROLLOUT] live=23.26 survive=0.51306 per_step=0.03634 episode_projection=18.17
[POLICY_DETAIL] samples=49152 raw_samples=49152 mb=12288 micro_mb=8192 logp_delta_abs=0.20245 old_logp=-62.90855 new_logp=-62.95194 adv_abs=0.57970 sde_steps=4
[TRAIN] mean_reward=1.78582 mean_len=48.52 recent_eps=100 completed_eps=2374286
[UPDATE_EFFECT] action_delta=0.01078997 param_rms_delta=0.00053437
[TIME] collect=3.505s update=0.282s
[DONE] timeout=0.00000 anchor_pos=0.04602 anchor_ori=0.00183 ee_body=0.48303
[TRACK_ROLLOUT] anchor_pos=0.57417 anchor_ori=0.68925 body_pos=0.76964 body_ori=0.41850 body_lin=0.46309 body_ang=0.35296
[ACT_SUMMARY] abs_mean=0.6592 abs_p95=0.9237 abs_p99=1.0204 abs_max=1.3163 legs=0.7422 waist=0.5967 arms=0.6015
[FRAME_DIAG] frame0_abs=0.6233 frame1_abs=0.6528 in_chunk_delta=0.3464 cross_chunk_delta=0.4138
[UPDATE] 297/1000 reward_step=0.03703 chunk=0.14156 done_frac=0.08095 mean_reward=1.70529 mean_len=46.40
[SFPO] loss=0.00501 policy_loss=-0.00855 value_loss=0.01356 ratio=0.9984 [0.035,12.127] clip=0.3550 kl_raw=0.047670 kl/step=0.011917 target_raw=0.0400 target/step=0.0100 kl_units=4 grad=2.5840 grad_c=0.1561 lr=0.000256 critic_lr=0.000256
[ROLLOUT] live=23.28 survive=0.51550 per_step=0.03632 episode_projection=18.16
[POLICY_DETAIL] samples=49152 raw_samples=49152 mb=12288 micro_mb=8192 logp_delta_abs=0.20744 old_logp=-62.91553 new_logp=-62.96227 adv_abs=0.59080 sde_steps=4
[TRAIN] mean_reward=1.70529 mean_len=46.40 recent_eps=100 completed_eps=2378265
[UPDATE_EFFECT] action_delta=0.01002771 param_rms_delta=0.00052846
[TIME] collect=3.679s update=0.267s
[DONE] timeout=0.00000 anchor_pos=0.04150 anchor_ori=0.00195 ee_body=0.47974
[TRACK_ROLLOUT] anchor_pos=0.57133 anchor_ori=0.68871 body_pos=0.76836 body_ori=0.41695 body_lin=0.46277 body_ang=0.35389
[ACT_SUMMARY] abs_mean=0.6620 abs_p95=0.9264 abs_p99=1.0226 abs_max=1.2413 legs=0.7446 waist=0.5959 arms=0.6055
[FRAME_DIAG] frame0_abs=0.6260 frame1_abs=0.6553 in_chunk_delta=0.3461 cross_chunk_delta=0.4131
[UPDATE] 298/1000 reward_step=0.03694 chunk=0.14117 done_frac=0.08038 mean_reward=1.92526 mean_len=49.84
[SFPO] loss=0.00643 policy_loss=-0.00825 value_loss=0.01468 ratio=0.9997 [0.034,15.486] clip=0.3639 kl_raw=0.050777 kl/step=0.012694 target_raw=0.0400 target/step=0.0100 kl_units=4 grad=2.5842 grad_c=0.1552 lr=0.000256 critic_lr=0.000256
[ROLLOUT] live=23.28 survive=0.51855 per_step=0.03622 episode_projection=18.11
[POLICY_DETAIL] samples=49152 raw_samples=49152 mb=12288 micro_mb=8192 logp_delta_abs=0.21336 old_logp=-62.90823 new_logp=-62.95659 adv_abs=0.57494 sde_steps=4
[TRAIN] mean_reward=1.92526 mean_len=49.84 recent_eps=100 completed_eps=2382216
[UPDATE_EFFECT] action_delta=0.01066638 param_rms_delta=0.00053166
[TIME] collect=3.698s update=0.260s
[DONE] timeout=0.00000 anchor_pos=0.03760 anchor_ori=0.00159 ee_body=0.47766
[TRACK_ROLLOUT] anchor_pos=0.57025 anchor_ori=0.69061 body_pos=0.76774 body_ori=0.41539 body_lin=0.46100 body_ang=0.35376
[ACT_SUMMARY] abs_mean=0.6634 abs_p95=0.9315 abs_p99=1.0292 abs_max=1.2779 legs=0.7450 waist=0.5980 arms=0.6074
[FRAME_DIAG] frame0_abs=0.6296 frame1_abs=0.6549 in_chunk_delta=0.3461 cross_chunk_delta=0.4138
[UPDATE] 299/1000 reward_step=0.03698 chunk=0.14127 done_frac=0.08193 mean_reward=1.90974 mean_len=49.44
[SFPO] loss=0.00964 policy_loss=-0.00574 value_loss=0.01538 ratio=0.9998 [0.023,28.746] clip=0.3863 kl_raw=0.060621 kl/step=0.015155 target_raw=0.0400 target/step=0.0100 kl_units=4 grad=2.6222 grad_c=0.3797 lr=0.000171 critic_lr=0.000171
[ROLLOUT] live=23.27 survive=0.50879 per_step=0.03626 episode_projection=18.13
[POLICY_DETAIL] samples=49152 raw_samples=49152 mb=12288 micro_mb=8192 logp_delta_abs=0.23044 old_logp=-62.95752 new_logp=-63.01456 adv_abs=0.57350 sde_steps=4
[TRAIN] mean_reward=1.90974 mean_len=49.44 recent_eps=100 completed_eps=2386243
[UPDATE_EFFECT] action_delta=0.00958698 param_rms_delta=0.00048046
[TIME] collect=3.666s update=0.263s
[DONE] timeout=0.00000 anchor_pos=0.04346 anchor_ori=0.00098 ee_body=0.48743
[TRACK_ROLLOUT] anchor_pos=0.56953 anchor_ori=0.68930 body_pos=0.76879 body_ori=0.41765 body_lin=0.46041 body_ang=0.35284
[ACT_SUMMARY] abs_mean=0.6625 abs_p95=0.9300 abs_p99=1.0299 abs_max=1.2761 legs=0.7418 waist=0.5994 arms=0.6081
[FRAME_DIAG] frame0_abs=0.6280 frame1_abs=0.6555 in_chunk_delta=0.3465 cross_chunk_delta=0.4135
[UPDATE] 300/1000 reward_step=0.03735 chunk=0.14281 done_frac=0.07985 mean_reward=1.84575 mean_len=50.08
[SFPO] loss=0.00519 policy_loss=-0.00934 value_loss=0.01452 ratio=1.0000 [0.035,11.302] clip=0.2920 kl_raw=0.033353 kl/step=0.008338 target_raw=0.0400 target/step=0.0100 kl_units=4 grad=2.7756 grad_c=0.1885 lr=0.000171 critic_lr=0.000171
[ROLLOUT] live=23.28 survive=0.52222 per_step=0.03662 episode_projection=18.31
[POLICY_DETAIL] samples=49152 raw_samples=49152 mb=12288 micro_mb=8192 logp_delta_abs=0.17259 old_logp=-62.94363 new_logp=-62.97567 adv_abs=0.58209 sde_steps=4
[TRAIN] mean_reward=1.84575 mean_len=50.08 recent_eps=100 completed_eps=2390168
[UPDATE_EFFECT] action_delta=0.00834286 param_rms_delta=0.00039955
[TIME] collect=3.706s update=0.259s
[DONE] timeout=0.00000 anchor_pos=0.04260 anchor_ori=0.00171 ee_body=0.47314
[TRACK_ROLLOUT] anchor_pos=0.57505 anchor_ori=0.69052 body_pos=0.77141 body_ori=0.42182 body_lin=0.46455 body_ang=0.35520
[ACT_SUMMARY] abs_mean=0.6652 abs_p95=0.9340 abs_p99=1.0309 abs_max=1.3129 legs=0.7459 waist=0.6010 arms=0.6097
[FRAME_DIAG] frame0_abs=0.6304 frame1_abs=0.6578 in_chunk_delta=0.3459 cross_chunk_delta=0.4126
[VALIDATION_START] update=300 max_steps=500 envs=8192 fixed_seed=disabled
[VALIDATION_RESET_START]
[VALIDATION_RESET_DONE] time=0.004s
[VALIDATION_PROGRESS] step=1/500 done=0.00000 alive=1.00000 elapsed=0.164s
[VALIDATION_PROGRESS] step=50/500 done=0.65649 alive=0.34351 elapsed=6.279s
[VALIDATION_EARLY_STOP] step=71 done_frac=0.9836
[VALIDATION_DONE] update=300 time=9.021s
[VAL] steps_mean=45.41 steps_min=16 steps_p50=46 steps_p95=67 steps_max=71 fail_phase_mean=44.0 return=1.98002 done=0.98364
[VAL_EE] left_ankle_bad=0.77290 left_ankle_z=0.22445 right_ankle_bad=0.01564 right_ankle_z=0.12876 left_wrist_bad=0.12125 left_wrist_z=0.11982 right_wrist_bad=0.09370 right_wrist_z=0.08352
[VAL_CAUSE] anchor_pos_bad=0.04834 anchor_ori_bad=0.00000 ee_body_bad=0.97266 time_out=0.00000 anchor_z=0.32992 anchor_grav=0.17385 ee_z_max=0.26808 ee_z_mean=0.13914
[VAL_WALL] alive@850=0.0164 motion_complete=0.0000 wrist_fail_825_840=0.0000 steps_p50=46
[CHECKPOINT] saved /home/y/my_mimic_mixgrpo/my_mimic_mixgrpo_h1/runs/sfpo_h4_autokl_1000_v1/checkpoints/update_0300.pt
[UPDATE] 301/1000 reward_step=0.03734 chunk=0.14274 done_frac=0.08036 mean_reward=1.93788 mean_len=51.28
[SFPO] loss=0.00534 policy_loss=-0.00914 value_loss=0.01448 ratio=0.9999 [0.028,12.788] clip=0.3497 kl_raw=0.049334 kl/step=0.012333 target_raw=0.0400 target/step=0.0100 kl_units=4 grad=2.6610 grad_c=0.1476 lr=0.000171 critic_lr=0.000171
[ROLLOUT] live=23.28 survive=0.51843 per_step=0.03661 episode_projection=18.31
[POLICY_DETAIL] samples=49152 raw_samples=49152 mb=12288 micro_mb=8192 logp_delta_abs=0.20746 old_logp=-62.89164 new_logp=-62.93823 adv_abs=0.58137 sde_steps=4
[TRAIN] mean_reward=1.93788 mean_len=51.28 recent_eps=100 completed_eps=2394118
[UPDATE_EFFECT] action_delta=0.00986387 param_rms_delta=0.00051180
[TIME] collect=3.697s update=0.263s
[DONE] timeout=0.00000 anchor_pos=0.03870 anchor_ori=0.00122 ee_body=0.47864
[TRACK_ROLLOUT] anchor_pos=0.57419 anchor_ori=0.69191 body_pos=0.77133 body_ori=0.42124 body_lin=0.46391 body_ang=0.35373
[ACT_SUMMARY] abs_mean=0.6616 abs_p95=0.9306 abs_p99=1.0303 abs_max=1.2689 legs=0.7415 waist=0.5995 arms=0.6065
[FRAME_DIAG] frame0_abs=0.6273 frame1_abs=0.6536 in_chunk_delta=0.3457 cross_chunk_delta=0.4126
[UPDATE] 302/1000 reward_step=0.03710 chunk=0.14169 done_frac=0.08158 mean_reward=1.75856 mean_len=47.00
[SFPO] loss=0.00419 policy_loss=-0.01059 value_loss=0.01478 ratio=1.0005 [0.031,13.162] clip=0.3468 kl_raw=0.047607 kl/step=0.011902 target_raw=0.0400 target/step=0.0100 kl_units=4 grad=2.4645 grad_c=0.1857 lr=0.000256 critic_lr=0.000256
[ROLLOUT] live=23.26 survive=0.51160 per_step=0.03636 episode_projection=18.18
[POLICY_DETAIL] samples=49152 raw_samples=49152 mb=12288 micro_mb=8192 logp_delta_abs=0.20454 old_logp=-62.92330 new_logp=-62.96789 adv_abs=0.57958 sde_steps=4
[TRAIN] mean_reward=1.75856 mean_len=47.00 recent_eps=100 completed_eps=2398128
[UPDATE_EFFECT] action_delta=0.01039844 param_rms_delta=0.00054037
[TIME] collect=3.548s update=0.269s
[DONE] timeout=0.00000 anchor_pos=0.04187 anchor_ori=0.00244 ee_body=0.48425
[TRACK_ROLLOUT] anchor_pos=0.57166 anchor_ori=0.69274 body_pos=0.76881 body_ori=0.41759 body_lin=0.46273 body_ang=0.35345
[ACT_SUMMARY] abs_mean=0.6609 abs_p95=0.9327 abs_p99=1.0308 abs_max=1.2718 legs=0.7420 waist=0.5977 arms=0.6048
[FRAME_DIAG] frame0_abs=0.6259 frame1_abs=0.6529 in_chunk_delta=0.3458 cross_chunk_delta=0.4133
[UPDATE] 303/1000 reward_step=0.03736 chunk=0.14273 done_frac=0.07933 mean_reward=1.66681 mean_len=45.60
[SFPO] loss=0.00498 policy_loss=-0.00901 value_loss=0.01399 ratio=0.9992 [0.041,15.113] clip=0.3520 kl_raw=0.047862 kl/step=0.011965 target_raw=0.0400 target/step=0.0100 kl_units=4 grad=2.6115 grad_c=0.2264 lr=0.000256 critic_lr=0.000256
[ROLLOUT] live=23.27 survive=0.52515 per_step=0.03664 episode_projection=18.32
[POLICY_DETAIL] samples=49152 raw_samples=49152 mb=12288 micro_mb=8192 logp_delta_abs=0.20676 old_logp=-62.91740 new_logp=-62.96352 adv_abs=0.58359 sde_steps=4
[TRAIN] mean_reward=1.66681 mean_len=45.60 recent_eps=100 completed_eps=2402027
[UPDATE_EFFECT] action_delta=0.01006384 param_rms_delta=0.00052489
[TIME] collect=3.519s update=0.261s
[DONE] timeout=0.00000 anchor_pos=0.04517 anchor_ori=0.00122 ee_body=0.47144
[TRACK_ROLLOUT] anchor_pos=0.57362 anchor_ori=0.69700 body_pos=0.77031 body_ori=0.41821 body_lin=0.46525 body_ang=0.35566
[ACT_SUMMARY] abs_mean=0.6615 abs_p95=0.9284 abs_p99=1.0256 abs_max=1.2865 legs=0.7439 waist=0.5977 arms=0.6045
[FRAME_DIAG] frame0_abs=0.6276 frame1_abs=0.6535 in_chunk_delta=0.3452 cross_chunk_delta=0.4113
[UPDATE] 304/1000 reward_step=0.03724 chunk=0.14217 done_frac=0.08097 mean_reward=1.82083 mean_len=48.96
[SFPO] loss=0.00548 policy_loss=-0.00909 value_loss=0.01457 ratio=0.9991 [0.037,11.530] clip=0.3590 kl_raw=0.049384 kl/step=0.012346 target_raw=0.0400 target/step=0.0100 kl_units=4 grad=2.4859 grad_c=0.2064 lr=0.000256 critic_lr=0.000256
[ROLLOUT] live=23.25 survive=0.51477 per_step=0.03652 episode_projection=18.26
[POLICY_DETAIL] samples=49152 raw_samples=49152 mb=12288 micro_mb=8192 logp_delta_abs=0.21037 old_logp=-62.94370 new_logp=-62.99130 adv_abs=0.57662 sde_steps=4
[TRAIN] mean_reward=1.82083 mean_len=48.96 recent_eps=100 completed_eps=2406007
[UPDATE_EFFECT] action_delta=0.01043326 param_rms_delta=0.00053471
[TIME] collect=3.560s update=0.267s
[DONE] timeout=0.00000 anchor_pos=0.04443 anchor_ori=0.00208 ee_body=0.48108
[TRACK_ROLLOUT] anchor_pos=0.57021 anchor_ori=0.69561 body_pos=0.76852 body_ori=0.41697 body_lin=0.46399 body_ang=0.35518
[ACT_SUMMARY] abs_mean=0.6589 abs_p95=0.9233 abs_p99=1.0218 abs_max=1.2920 legs=0.7411 waist=0.5945 arms=0.6022
[FRAME_DIAG] frame0_abs=0.6255 frame1_abs=0.6502 in_chunk_delta=0.3451 cross_chunk_delta=0.4116
[UPDATE] 305/1000 reward_step=0.03749 chunk=0.14334 done_frac=0.07937 mean_reward=1.87480 mean_len=50.56
[SFPO] loss=0.00742 policy_loss=-0.00731 value_loss=0.01474 ratio=0.9995 [0.017,11.864] clip=0.3627 kl_raw=0.051451 kl/step=0.012863 target_raw=0.0400 target/step=0.0100 kl_units=4 grad=2.6494 grad_c=0.1730 lr=0.000256 critic_lr=0.000256
[ROLLOUT] live=23.29 survive=0.52490 per_step=0.03678 episode_projection=18.39
[POLICY_DETAIL] samples=49152 raw_samples=49152 mb=12288 micro_mb=8192 logp_delta_abs=0.21393 old_logp=-62.90452 new_logp=-62.95365 adv_abs=0.57777 sde_steps=4
[TRAIN] mean_reward=1.87480 mean_len=50.56 recent_eps=100 completed_eps=2409908
[UPDATE_EFFECT] action_delta=0.01035980 param_rms_delta=0.00052016
[TIME] collect=3.557s update=0.263s
[DONE] timeout=0.00000 anchor_pos=0.04114 anchor_ori=0.00146 ee_body=0.47095
[TRACK_ROLLOUT] anchor_pos=0.57400 anchor_ori=0.69682 body_pos=0.76999 body_ori=0.42256 body_lin=0.46481 body_ang=0.35585
[ACT_SUMMARY] abs_mean=0.6592 abs_p95=0.9256 abs_p99=1.0219 abs_max=1.3550 legs=0.7418 waist=0.5917 arms=0.6028
[FRAME_DIAG] frame0_abs=0.6256 frame1_abs=0.6502 in_chunk_delta=0.3451 cross_chunk_delta=0.4114
[UPDATE] 306/1000 reward_step=0.03715 chunk=0.14188 done_frac=0.08140 mean_reward=1.81429 mean_len=49.24
[SFPO] loss=0.00458 policy_loss=-0.00995 value_loss=0.01453 ratio=0.9987 [0.024,12.830] clip=0.3578 kl_raw=0.048884 kl/step=0.012221 target_raw=0.0400 target/step=0.0100 kl_units=4 grad=2.4628 grad_c=0.1621 lr=0.000256 critic_lr=0.000256
[ROLLOUT] live=23.26 survive=0.51233 per_step=0.03643 episode_projection=18.22
[POLICY_DETAIL] samples=49152 raw_samples=49152 mb=12288 micro_mb=8192 logp_delta_abs=0.20939 old_logp=-62.94233 new_logp=-62.98979 adv_abs=0.57640 sde_steps=4
[TRAIN] mean_reward=1.81429 mean_len=49.24 recent_eps=100 completed_eps=2413909
[UPDATE_EFFECT] action_delta=0.01001784 param_rms_delta=0.00053819
[TIME] collect=3.648s update=0.262s
[DONE] timeout=0.00000 anchor_pos=0.04480 anchor_ori=0.00134 ee_body=0.48401
[TRACK_ROLLOUT] anchor_pos=0.56905 anchor_ori=0.69414 body_pos=0.76760 body_ori=0.41736 body_lin=0.46248 body_ang=0.35391
[ACT_SUMMARY] abs_mean=0.6584 abs_p95=0.9239 abs_p99=1.0224 abs_max=1.2755 legs=0.7419 waist=0.5916 arms=0.6013
[FRAME_DIAG] frame0_abs=0.6241 frame1_abs=0.6495 in_chunk_delta=0.3452 cross_chunk_delta=0.4121
[UPDATE] 307/1000 reward_step=0.03733 chunk=0.14272 done_frac=0.08020 mean_reward=1.59227 mean_len=45.60
[SFPO] loss=0.00503 policy_loss=-0.00970 value_loss=0.01473 ratio=0.9989 [0.066,12.111] clip=0.3516 kl_raw=0.047497 kl/step=0.011874 target_raw=0.0400 target/step=0.0100 kl_units=4 grad=2.4945 grad_c=0.1841 lr=0.000256 critic_lr=0.000256
[ROLLOUT] live=23.28 survive=0.52039 per_step=0.03660 episode_projection=18.30
[POLICY_DETAIL] samples=49152 raw_samples=49152 mb=12288 micro_mb=8192 logp_delta_abs=0.20625 old_logp=-62.90882 new_logp=-62.95491 adv_abs=0.57430 sde_steps=4
[TRAIN] mean_reward=1.59227 mean_len=45.60 recent_eps=100 completed_eps=2417851
[UPDATE_EFFECT] action_delta=0.01007630 param_rms_delta=0.00053661
[TIME] collect=3.597s update=0.270s
[DONE] timeout=0.00000 anchor_pos=0.04004 anchor_ori=0.00146 ee_body=0.47656
[TRACK_ROLLOUT] anchor_pos=0.57230 anchor_ori=0.69620 body_pos=0.77060 body_ori=0.41866 body_lin=0.46163 body_ang=0.35483
[ACT_SUMMARY] abs_mean=0.6567 abs_p95=0.9222 abs_p99=1.0195 abs_max=1.2600 legs=0.7393 waist=0.5926 arms=0.5995
[FRAME_DIAG] frame0_abs=0.6218 frame1_abs=0.6484 in_chunk_delta=0.3451 cross_chunk_delta=0.4116
[UPDATE] 308/1000 reward_step=0.03732 chunk=0.14262 done_frac=0.08207 mean_reward=1.73706 mean_len=47.44
[SFPO] loss=0.00483 policy_loss=-0.00908 value_loss=0.01390 ratio=0.9983 [0.058,18.388] clip=0.3508 kl_raw=0.047387 kl/step=0.011847 target_raw=0.0400 target/step=0.0100 kl_units=4 grad=2.6334 grad_c=0.1634 lr=0.000256 critic_lr=0.000256
[ROLLOUT] live=23.27 survive=0.50830 per_step=0.03661 episode_projection=18.30
[POLICY_DETAIL] samples=49152 raw_samples=49152 mb=12288 micro_mb=8192 logp_delta_abs=0.20577 old_logp=-62.90265 new_logp=-62.94941 adv_abs=0.59009 sde_steps=4
[TRAIN] mean_reward=1.73706 mean_len=47.44 recent_eps=100 completed_eps=2421885
[UPDATE_EFFECT] action_delta=0.00973208 param_rms_delta=0.00052808
[TIME] collect=3.484s update=0.261s
[DONE] timeout=0.00000 anchor_pos=0.03809 anchor_ori=0.00256 ee_body=0.48718
[TRACK_ROLLOUT] anchor_pos=0.57444 anchor_ori=0.69490 body_pos=0.76979 body_ori=0.42003 body_lin=0.46310 body_ang=0.35684
[ACT_SUMMARY] abs_mean=0.6586 abs_p95=0.9286 abs_p99=1.0272 abs_max=1.2320 legs=0.7428 waist=0.5909 arms=0.6008
[FRAME_DIAG] frame0_abs=0.6237 frame1_abs=0.6499 in_chunk_delta=0.3449 cross_chunk_delta=0.4132
[UPDATE] 309/1000 reward_step=0.03752 chunk=0.14344 done_frac=0.07898 mean_reward=1.79065 mean_len=48.44
[SFPO] loss=0.00551 policy_loss=-0.00989 value_loss=0.01540 ratio=0.9994 [0.008,16.988] clip=0.3589 kl_raw=0.049386 kl/step=0.012347 target_raw=0.0400 target/step=0.0100 kl_units=4 grad=2.5076 grad_c=0.1548 lr=0.000256 critic_lr=0.000256
[ROLLOUT] live=23.28 survive=0.52673 per_step=0.03679 episode_projection=18.39
[POLICY_DETAIL] samples=49152 raw_samples=49152 mb=12288 micro_mb=8192 logp_delta_abs=0.21032 old_logp=-62.95629 new_logp=-63.00373 adv_abs=0.57014 sde_steps=4
[TRAIN] mean_reward=1.79065 mean_len=48.44 recent_eps=100 completed_eps=2425767
[UPDATE_EFFECT] action_delta=0.01042508 param_rms_delta=0.00053678
[TIME] collect=3.496s update=0.263s
[DONE] timeout=0.00000 anchor_pos=0.04309 anchor_ori=0.00195 ee_body=0.46912
[TRACK_ROLLOUT] anchor_pos=0.57548 anchor_ori=0.69742 body_pos=0.77073 body_ori=0.42087 body_lin=0.46477 body_ang=0.35780
[ACT_SUMMARY] abs_mean=0.6579 abs_p95=0.9249 abs_p99=1.0228 abs_max=1.2830 legs=0.7408 waist=0.5917 arms=0.6010
[FRAME_DIAG] frame0_abs=0.6237 frame1_abs=0.6494 in_chunk_delta=0.3448 cross_chunk_delta=0.4121
[UPDATE] 310/1000 reward_step=0.03779 chunk=0.14438 done_frac=0.08044 mean_reward=1.80018 mean_len=49.64
[SFPO] loss=0.00584 policy_loss=-0.00917 value_loss=0.01501 ratio=0.9996 [0.035,19.973] clip=0.3624 kl_raw=0.050459 kl/step=0.012615 target_raw=0.0400 target/step=0.0100 kl_units=4 grad=2.5454 grad_c=0.3090 lr=0.000256 critic_lr=0.000256
[ROLLOUT] live=23.27 survive=0.51794 per_step=0.03706 episode_projection=18.53
[POLICY_DETAIL] samples=49152 raw_samples=49152 mb=12288 micro_mb=8192 logp_delta_abs=0.21272 old_logp=-62.91349 new_logp=-62.96173 adv_abs=0.58251 sde_steps=4
[TRAIN] mean_reward=1.80018 mean_len=49.64 recent_eps=100 completed_eps=2429721
[UPDATE_EFFECT] action_delta=0.01067114 param_rms_delta=0.00053798
[TIME] collect=3.530s update=0.275s
[DONE] timeout=0.00000 anchor_pos=0.04089 anchor_ori=0.00122 ee_body=0.47925
[TRACK_ROLLOUT] anchor_pos=0.57568 anchor_ori=0.69804 body_pos=0.77329 body_ori=0.42490 body_lin=0.46760 body_ang=0.35942
[ACT_SUMMARY] abs_mean=0.6571 abs_p95=0.9263 abs_p99=1.0234 abs_max=1.2702 legs=0.7402 waist=0.5899 arms=0.6002
[FRAME_DIAG] frame0_abs=0.6230 frame1_abs=0.6484 in_chunk_delta=0.3447 cross_chunk_delta=0.4120
[UPDATE] 311/1000 reward_step=0.03751 chunk=0.14344 done_frac=0.07886 mean_reward=1.84757 mean_len=48.16
[SFPO] loss=0.00823 policy_loss=-0.00712 value_loss=0.01535 ratio=0.9987 [0.036,45.361] clip=0.3706 kl_raw=0.053540 kl/step=0.013385 target_raw=0.0400 target/step=0.0100 kl_units=4 grad=2.6284 grad_c=0.3252 lr=0.000171 critic_lr=0.000171
[ROLLOUT] live=23.29 survive=0.52734 per_step=0.03679 episode_projection=18.40
[POLICY_DETAIL] samples=49152 raw_samples=49152 mb=12288 micro_mb=8192 logp_delta_abs=0.21861 old_logp=-62.89464 new_logp=-62.94654 adv_abs=0.57870 sde_steps=4
[TRAIN] mean_reward=1.84757 mean_len=48.16 recent_eps=100 completed_eps=2433597
[UPDATE_EFFECT] action_delta=0.01029468 param_rms_delta=0.00051127
[TIME] collect=3.636s update=0.270s
[DONE] timeout=0.00000 anchor_pos=0.04053 anchor_ori=0.00208 ee_body=0.46826
[TRACK_ROLLOUT] anchor_pos=0.56986 anchor_ori=0.69715 body_pos=0.77124 body_ori=0.42039 body_lin=0.46422 body_ang=0.35870
[ACT_SUMMARY] abs_mean=0.6583 abs_p95=0.9273 abs_p99=1.0278 abs_max=1.2518 legs=0.7411 waist=0.5895 arms=0.6020
[FRAME_DIAG] frame0_abs=0.6263 frame1_abs=0.6486 in_chunk_delta=0.3447 cross_chunk_delta=0.4114
[UPDATE] 312/1000 reward_step=0.03763 chunk=0.14392 done_frac=0.07973 mean_reward=1.69392 mean_len=46.04
[SFPO] loss=0.00655 policy_loss=-0.00885 value_loss=0.01540 ratio=0.9985 [0.027,11.405] clip=0.3485 kl_raw=0.047941 kl/step=0.011985 target_raw=0.0400 target/step=0.0100 kl_units=4 grad=2.7004 grad_c=0.3022 lr=0.000256 critic_lr=0.000256
[ROLLOUT] live=23.29 survive=0.52271 per_step=0.03690 episode_projection=18.45
[POLICY_DETAIL] samples=49152 raw_samples=49152 mb=12288 micro_mb=8192 logp_delta_abs=0.20571 old_logp=-62.95093 new_logp=-62.99780 adv_abs=0.58354 sde_steps=4
[TRAIN] mean_reward=1.69392 mean_len=46.04 recent_eps=100 completed_eps=2437516
[UPDATE_EFFECT] action_delta=0.01066909 param_rms_delta=0.00052700
[TIME] collect=3.589s update=0.273s
[DONE] timeout=0.00000 anchor_pos=0.04285 anchor_ori=0.00269 ee_body=0.47217
[TRACK_ROLLOUT] anchor_pos=0.57323 anchor_ori=0.69569 body_pos=0.77254 body_ori=0.42450 body_lin=0.46588 body_ang=0.36003
[ACT_SUMMARY] abs_mean=0.6615 abs_p95=0.9336 abs_p99=1.0322 abs_max=1.2611 legs=0.7466 waist=0.5879 arms=0.6044
[FRAME_DIAG] frame0_abs=0.6283 frame1_abs=0.6518 in_chunk_delta=0.3451 cross_chunk_delta=0.4127
[UPDATE] 313/1000 reward_step=0.03749 chunk=0.14330 done_frac=0.07998 mean_reward=1.97349 mean_len=51.40
[SFPO] loss=0.00901 policy_loss=-0.00806 value_loss=0.01707 ratio=0.9998 [0.021,15.410] clip=0.3615 kl_raw=0.050397 kl/step=0.012599 target_raw=0.0400 target/step=0.0100 kl_units=4 grad=2.6162 grad_c=0.2808 lr=0.000256 critic_lr=0.000256
[ROLLOUT] live=23.28 survive=0.52039 per_step=0.03677 episode_projection=18.38
[POLICY_DETAIL] samples=49152 raw_samples=49152 mb=12288 micro_mb=8192 logp_delta_abs=0.21237 old_logp=-62.93757 new_logp=-62.98551 adv_abs=0.57297 sde_steps=4
[TRAIN] mean_reward=1.97349 mean_len=51.40 recent_eps=100 completed_eps=2441447
[UPDATE_EFFECT] action_delta=0.01038182 param_rms_delta=0.00052835
[TIME] collect=3.496s update=0.263s
[DONE] timeout=0.00000 anchor_pos=0.04016 anchor_ori=0.00232 ee_body=0.47583
[TRACK_ROLLOUT] anchor_pos=0.57288 anchor_ori=0.69059 body_pos=0.77277 body_ori=0.42246 body_lin=0.46605 body_ang=0.35974
[ACT_SUMMARY] abs_mean=0.6626 abs_p95=0.9353 abs_p99=1.0348 abs_max=1.2948 legs=0.7489 waist=0.5925 arms=0.6036
[FRAME_DIAG] frame0_abs=0.6311 frame1_abs=0.6527 in_chunk_delta=0.3450 cross_chunk_delta=0.4126
[UPDATE] 314/1000 reward_step=0.03765 chunk=0.14391 done_frac=0.07829 mean_reward=1.71451 mean_len=46.68
[SFPO] loss=0.01027 policy_loss=-0.00687 value_loss=0.01714 ratio=0.9983 [0.029,19.623] clip=0.3615 kl_raw=0.051194 kl/step=0.012799 target_raw=0.0400 target/step=0.0100 kl_units=4 grad=2.7788 grad_c=0.2335 lr=0.000256 critic_lr=0.000256
[ROLLOUT] live=23.28 survive=0.53113 per_step=0.03691 episode_projection=18.45
[POLICY_DETAIL] samples=49152 raw_samples=49152 mb=12288 micro_mb=8192 logp_delta_abs=0.21311 old_logp=-62.90742 new_logp=-62.95739 adv_abs=0.57283 sde_steps=4
[TRAIN] mean_reward=1.71451 mean_len=46.68 recent_eps=100 completed_eps=2445295
[UPDATE_EFFECT] action_delta=0.01024965 param_rms_delta=0.00051645
[TIME] collect=3.583s update=0.263s
[DONE] timeout=0.00000 anchor_pos=0.03857 anchor_ori=0.00171 ee_body=0.46582
[TRACK_ROLLOUT] anchor_pos=0.57398 anchor_ori=0.69221 body_pos=0.77382 body_ori=0.42381 body_lin=0.46574 body_ang=0.35842
[ACT_SUMMARY] abs_mean=0.6628 abs_p95=0.9358 abs_p99=1.0350 abs_max=1.2994 legs=0.7488 waist=0.5921 arms=0.6043
[FRAME_DIAG] frame0_abs=0.6313 frame1_abs=0.6527 in_chunk_delta=0.3444 cross_chunk_delta=0.4123
[UPDATE] 315/1000 reward_step=0.03735 chunk=0.14286 done_frac=0.07928 mean_reward=1.72666 mean_len=46.44
[SFPO] loss=0.00982 policy_loss=-0.00805 value_loss=0.01787 ratio=0.9993 [0.029,27.147] clip=0.4033 kl_raw=0.063129 kl/step=0.015782 target_raw=0.0400 target/step=0.0100 kl_units=4 grad=2.3534 grad_c=0.6223 lr=0.000114 critic_lr=0.000114
[ROLLOUT] live=23.29 survive=0.52539 per_step=0.03662 episode_projection=18.31
[POLICY_DETAIL] samples=49152 raw_samples=49152 mb=12288 micro_mb=8192 logp_delta_abs=0.23827 old_logp=-62.92169 new_logp=-62.98155 adv_abs=0.56853 sde_steps=4
[TRAIN] mean_reward=1.72666 mean_len=46.44 recent_eps=100 completed_eps=2449192
[UPDATE_EFFECT] action_delta=0.00964039 param_rms_delta=0.00052752
[TIME] collect=3.685s update=0.267s
[DONE] timeout=0.00000 anchor_pos=0.03857 anchor_ori=0.00256 ee_body=0.47034
[TRACK_ROLLOUT] anchor_pos=0.57030 anchor_ori=0.69270 body_pos=0.77210 body_ori=0.42010 body_lin=0.46387 body_ang=0.35845
[ACT_SUMMARY] abs_mean=0.6623 abs_p95=0.9356 abs_p99=1.0344 abs_max=1.2488 legs=0.7479 waist=0.5937 arms=0.6037
[FRAME_DIAG] frame0_abs=0.6317 frame1_abs=0.6521 in_chunk_delta=0.3456 cross_chunk_delta=0.4133
[UPDATE] 316/1000 reward_step=0.03767 chunk=0.14406 done_frac=0.07857 mean_reward=1.81200 mean_len=48.40
[SFPO] loss=0.00816 policy_loss=-0.00976 value_loss=0.01792 ratio=1.0010 [0.017,27.112] clip=0.3723 kl_raw=0.056261 kl/step=0.014065 target_raw=0.0400 target/step=0.0100 kl_units=4 grad=2.2459 grad_c=0.3228 lr=0.000114 critic_lr=0.000114
[ROLLOUT] live=23.29 survive=0.52991 per_step=0.03694 episode_projection=18.47
[POLICY_DETAIL] samples=49152 raw_samples=49152 mb=12288 micro_mb=8192 logp_delta_abs=0.22110 old_logp=-62.91729 new_logp=-62.96935 adv_abs=0.56686 sde_steps=4
[TRAIN] mean_reward=1.81200 mean_len=48.40 recent_eps=100 completed_eps=2453054
[UPDATE_EFFECT] action_delta=0.00931619 param_rms_delta=0.00048844
[TIME] collect=3.491s update=0.260s
[DONE] timeout=0.00000 anchor_pos=0.04248 anchor_ori=0.00232 ee_body=0.46606
[TRACK_ROLLOUT] anchor_pos=0.57254 anchor_ori=0.69427 body_pos=0.77527 body_ori=0.42364 body_lin=0.46672 body_ang=0.35975
[ACT_SUMMARY] abs_mean=0.6601 abs_p95=0.9348 abs_p99=1.0349 abs_max=1.3163 legs=0.7444 waist=0.5925 arms=0.6023
[FRAME_DIAG] frame0_abs=0.6292 frame1_abs=0.6493 in_chunk_delta=0.3456 cross_chunk_delta=0.4131
[UPDATE] 317/1000 reward_step=0.03754 chunk=0.14353 done_frac=0.07892 mean_reward=1.93529 mean_len=50.76
[SFPO] loss=0.00699 policy_loss=-0.01054 value_loss=0.01753 ratio=0.9997 [0.041,10.176] clip=0.3439 kl_raw=0.047643 kl/step=0.011911 target_raw=0.0400 target/step=0.0100 kl_units=4 grad=2.4223 grad_c=0.2652 lr=0.000171 critic_lr=0.000171
[ROLLOUT] live=23.29 survive=0.52759 per_step=0.03681 episode_projection=18.40
[POLICY_DETAIL] samples=49152 raw_samples=49152 mb=12288 micro_mb=8192 logp_delta_abs=0.20340 old_logp=-62.90584 new_logp=-62.95109 adv_abs=0.57266 sde_steps=4
[TRAIN] mean_reward=1.93529 mean_len=50.76 recent_eps=100 completed_eps=2456933
[UPDATE_EFFECT] action_delta=0.00980612 param_rms_delta=0.00054186
[TIME] collect=3.636s update=0.272s
[DONE] timeout=0.00000 anchor_pos=0.04028 anchor_ori=0.00195 ee_body=0.46765
[TRACK_ROLLOUT] anchor_pos=0.56960 anchor_ori=0.69144 body_pos=0.77334 body_ori=0.42393 body_lin=0.46493 body_ang=0.35911
[ACT_SUMMARY] abs_mean=0.6623 abs_p95=0.9394 abs_p99=1.0388 abs_max=1.3068 legs=0.7471 waist=0.5906 arms=0.6049
[FRAME_DIAG] frame0_abs=0.6314 frame1_abs=0.6519 in_chunk_delta=0.3453 cross_chunk_delta=0.4132
[UPDATE] 318/1000 reward_step=0.03780 chunk=0.14451 done_frac=0.07853 mean_reward=1.93433 mean_len=50.16
[SFPO] loss=0.00852 policy_loss=-0.00997 value_loss=0.01849 ratio=0.9994 [0.031,15.617] clip=0.3537 kl_raw=0.049201 kl/step=0.012300 target_raw=0.0400 target/step=0.0100 kl_units=4 grad=2.5075 grad_c=0.2260 lr=0.000171 critic_lr=0.000171
[ROLLOUT] live=23.28 survive=0.52954 per_step=0.03706 episode_projection=18.53
[POLICY_DETAIL] samples=49152 raw_samples=49152 mb=12288 micro_mb=8192 logp_delta_abs=0.20820 old_logp=-62.92820 new_logp=-62.97525 adv_abs=0.56556 sde_steps=4
[TRAIN] mean_reward=1.93433 mean_len=50.16 recent_eps=100 completed_eps=2460793
[UPDATE_EFFECT] action_delta=0.01045838 param_rms_delta=0.00052253
[TIME] collect=3.576s update=0.269s
[DONE] timeout=0.00000 anchor_pos=0.03943 anchor_ori=0.00122 ee_body=0.46802
[TRACK_ROLLOUT] anchor_pos=0.57407 anchor_ori=0.69588 body_pos=0.77504 body_ori=0.42591 body_lin=0.46958 body_ang=0.36218
[ACT_SUMMARY] abs_mean=0.6634 abs_p95=0.9374 abs_p99=1.0375 abs_max=1.2873 legs=0.7487 waist=0.5920 arms=0.6055
[FRAME_DIAG] frame0_abs=0.6330 frame1_abs=0.6527 in_chunk_delta=0.3451 cross_chunk_delta=0.4131
[UPDATE] 319/1000 reward_step=0.03773 chunk=0.14423 done_frac=0.07823 mean_reward=2.18356 mean_len=57.24
[SFPO] loss=0.01292 policy_loss=-0.00454 value_loss=0.01746 ratio=0.9998 [0.008,30.907] clip=0.3422 kl_raw=0.051322 kl/step=0.012831 target_raw=0.0400 target/step=0.0100 kl_units=4 grad=3.1533 grad_c=0.2377 lr=0.000171 critic_lr=0.000171
[ROLLOUT] live=23.28 survive=0.53113 per_step=0.03699 episode_projection=18.49
[POLICY_DETAIL] samples=49152 raw_samples=49152 mb=12288 micro_mb=8192 logp_delta_abs=0.20729 old_logp=-62.93932 new_logp=-62.98756 adv_abs=0.57481 sde_steps=4
[TRAIN] mean_reward=2.18356 mean_len=57.24 recent_eps=100 completed_eps=2464638
[UPDATE_EFFECT] action_delta=0.00945012 param_rms_delta=0.00046730
[TIME] collect=3.534s update=0.261s
[DONE] timeout=0.00000 anchor_pos=0.04443 anchor_ori=0.00281 ee_body=0.46423
[TRACK_ROLLOUT] anchor_pos=0.56825 anchor_ori=0.69484 body_pos=0.77448 body_ori=0.42680 body_lin=0.46655 body_ang=0.36177
[ACT_SUMMARY] abs_mean=0.6656 abs_p95=0.9416 abs_p99=1.0409 abs_max=1.2945 legs=0.7508 waist=0.5942 arms=0.6078
[FRAME_DIAG] frame0_abs=0.6343 frame1_abs=0.6555 in_chunk_delta=0.3449 cross_chunk_delta=0.4133
[UPDATE] 320/1000 reward_step=0.03773 chunk=0.14431 done_frac=0.07721 mean_reward=2.10777 mean_len=53.64
[SFPO] loss=0.00891 policy_loss=-0.00773 value_loss=0.01664 ratio=1.0004 [0.030,15.985] clip=0.3397 kl_raw=0.047402 kl/step=0.011850 target_raw=0.0400 target/step=0.0100 kl_units=4 grad=2.8838 grad_c=0.1799 lr=0.000171 critic_lr=0.000171
[ROLLOUT] live=23.30 survive=0.53821 per_step=0.03699 episode_projection=18.49
[POLICY_DETAIL] samples=49152 raw_samples=49152 mb=12288 micro_mb=8192 logp_delta_abs=0.20224 old_logp=-62.91004 new_logp=-62.95447 adv_abs=0.57941 sde_steps=4
[TRAIN] mean_reward=2.10777 mean_len=53.64 recent_eps=100 completed_eps=2468433
[UPDATE_EFFECT] action_delta=0.01044287 param_rms_delta=0.00046661
[TIME] collect=3.711s update=0.266s
[DONE] timeout=0.00000 anchor_pos=0.04053 anchor_ori=0.00269 ee_body=0.45776
[TRACK_ROLLOUT] anchor_pos=0.56833 anchor_ori=0.69571 body_pos=0.77546 body_ori=0.42574 body_lin=0.46591 body_ang=0.36115
[ACT_SUMMARY] abs_mean=0.6622 abs_p95=0.9360 abs_p99=1.0354 abs_max=1.2914 legs=0.7464 waist=0.5945 arms=0.6044
[FRAME_DIAG] frame0_abs=0.6306 frame1_abs=0.6522 in_chunk_delta=0.3448 cross_chunk_delta=0.4123
[UPDATE] 321/1000 reward_step=0.03784 chunk=0.14473 done_frac=0.07780 mean_reward=1.93218 mean_len=49.20
[SFPO] loss=0.00633 policy_loss=-0.01041 value_loss=0.01674 ratio=0.9992 [0.037,28.175] clip=0.3485 kl_raw=0.047081 kl/step=0.011770 target_raw=0.0400 target/step=0.0100 kl_units=4 grad=2.5843 grad_c=0.1982 lr=0.000256 critic_lr=0.000256
[ROLLOUT] live=23.29 survive=0.53406 per_step=0.03710 episode_projection=18.55
[POLICY_DETAIL] samples=49152 raw_samples=49152 mb=12288 micro_mb=8192 logp_delta_abs=0.20447 old_logp=-62.91103 new_logp=-62.95645 adv_abs=0.57452 sde_steps=4
[TRAIN] mean_reward=1.93218 mean_len=49.20 recent_eps=100 completed_eps=2472257
[UPDATE_EFFECT] action_delta=0.01107157 param_rms_delta=0.00052917
[TIME] collect=3.707s update=0.275s
[DONE] timeout=0.00000 anchor_pos=0.03918 anchor_ori=0.00208 ee_body=0.46289
[TRACK_ROLLOUT] anchor_pos=0.56886 anchor_ori=0.69339 body_pos=0.77623 body_ori=0.42704 body_lin=0.46678 body_ang=0.36169
[ACT_SUMMARY] abs_mean=0.6659 abs_p95=0.9450 abs_p99=1.0449 abs_max=1.3258 legs=0.7493 waist=0.5965 arms=0.6093
[FRAME_DIAG] frame0_abs=0.6331 frame1_abs=0.6566 in_chunk_delta=0.3447 cross_chunk_delta=0.4129
[UPDATE] 322/1000 reward_step=0.03784 chunk=0.14465 done_frac=0.07920 mean_reward=2.06539 mean_len=53.36
[SFPO] loss=0.01008 policy_loss=-0.00809 value_loss=0.01817 ratio=0.9989 [0.001,14.555] clip=0.3507 kl_raw=0.047433 kl/step=0.011858 target_raw=0.0400 target/step=0.0100 kl_units=4 grad=2.6705 grad_c=0.2985 lr=0.000256 critic_lr=0.000256
[ROLLOUT] live=23.28 survive=0.52527 per_step=0.03710 episode_projection=18.55
[POLICY_DETAIL] samples=49152 raw_samples=49152 mb=12288 micro_mb=8192 logp_delta_abs=0.20588 old_logp=-62.92881 new_logp=-62.97480 adv_abs=0.57603 sde_steps=4
[TRAIN] mean_reward=2.06539 mean_len=53.36 recent_eps=100 completed_eps=2476150
[UPDATE_EFFECT] action_delta=0.00957659 param_rms_delta=0.00051212
[TIME] collect=3.617s update=0.264s
[DONE] timeout=0.00000 anchor_pos=0.04077 anchor_ori=0.00220 ee_body=0.47034
[TRACK_ROLLOUT] anchor_pos=0.56902 anchor_ori=0.68939 body_pos=0.77488 body_ori=0.42894 body_lin=0.46708 body_ang=0.36336
[ACT_SUMMARY] abs_mean=0.6691 abs_p95=0.9483 abs_p99=1.0502 abs_max=1.3371 legs=0.7525 waist=0.5962 arms=0.6132
[FRAME_DIAG] frame0_abs=0.6366 frame1_abs=0.6589 in_chunk_delta=0.3445 cross_chunk_delta=0.4126
[UPDATE] 323/1000 reward_step=0.03800 chunk=0.14551 done_frac=0.07479 mean_reward=1.87973 mean_len=48.56
[SFPO] loss=0.00973 policy_loss=-0.00853 value_loss=0.01826 ratio=0.9998 [0.050,11.835] clip=0.3629 kl_raw=0.050604 kl/step=0.012651 target_raw=0.0400 target/step=0.0100 kl_units=4 grad=2.6057 grad_c=0.1976 lr=0.000256 critic_lr=0.000256
[ROLLOUT] live=23.32 survive=0.55176 per_step=0.03726 episode_projection=18.63
[POLICY_DETAIL] samples=49152 raw_samples=49152 mb=12288 micro_mb=8192 logp_delta_abs=0.21295 old_logp=-62.92721 new_logp=-62.97525 adv_abs=0.57642 sde_steps=4
[TRAIN] mean_reward=1.87973 mean_len=48.56 recent_eps=100 completed_eps=2479826
[UPDATE_EFFECT] action_delta=0.00996547 param_rms_delta=0.00052875
[TIME] collect=3.530s update=0.278s
[DONE] timeout=0.00000 anchor_pos=0.03601 anchor_ori=0.00146 ee_body=0.44458
[TRACK_ROLLOUT] anchor_pos=0.57211 anchor_ori=0.68858 body_pos=0.77738 body_ori=0.43013 body_lin=0.46827 body_ang=0.36482
[ACT_SUMMARY] abs_mean=0.6701 abs_p95=0.9488 abs_p99=1.0507 abs_max=1.3123 legs=0.7529 waist=0.5970 arms=0.6149
[FRAME_DIAG] frame0_abs=0.6384 frame1_abs=0.6598 in_chunk_delta=0.3441 cross_chunk_delta=0.4115
[UPDATE] 324/1000 reward_step=0.03791 chunk=0.14485 done_frac=0.07908 mean_reward=1.83768 mean_len=48.92
[SFPO] loss=0.01278 policy_loss=-0.00688 value_loss=0.01966 ratio=1.0001 [0.004,20.772] clip=0.3648 kl_raw=0.052038 kl/step=0.013010 target_raw=0.0400 target/step=0.0100 kl_units=4 grad=2.6857 grad_c=0.2402 lr=0.000256 critic_lr=0.000256
[ROLLOUT] live=23.27 survive=0.52625 per_step=0.03717 episode_projection=18.59
[POLICY_DETAIL] samples=49152 raw_samples=49152 mb=12288 micro_mb=8192 logp_delta_abs=0.21485 old_logp=-62.91610 new_logp=-62.96521 adv_abs=0.57121 sde_steps=4
[TRAIN] mean_reward=1.83768 mean_len=48.92 recent_eps=100 completed_eps=2483713
[UPDATE_EFFECT] action_delta=0.01063136 param_rms_delta=0.00052172
[TIME] collect=3.532s update=0.261s
[DONE] timeout=0.00000 anchor_pos=0.03894 anchor_ori=0.00293 ee_body=0.46899
[TRACK_ROLLOUT] anchor_pos=0.57171 anchor_ori=0.68698 body_pos=0.77631 body_ori=0.42956 body_lin=0.46794 body_ang=0.36539
[ACT_SUMMARY] abs_mean=0.6705 abs_p95=0.9494 abs_p99=1.0497 abs_max=1.2862 legs=0.7540 waist=0.5965 arms=0.6147
[FRAME_DIAG] frame0_abs=0.6383 frame1_abs=0.6603 in_chunk_delta=0.3445 cross_chunk_delta=0.4137
[UPDATE] 325/1000 reward_step=0.03814 chunk=0.14589 done_frac=0.07699 mean_reward=1.75898 mean_len=47.72
[SFPO] loss=0.01647 policy_loss=-0.00387 value_loss=0.02035 ratio=0.9999 [0.002,21.150] clip=0.3712 kl_raw=0.056709 kl/step=0.014177 target_raw=0.0400 target/step=0.0100 kl_units=4 grad=3.0494 grad_c=0.2331 lr=0.000171 critic_lr=0.000171
[ROLLOUT] live=23.30 survive=0.53918 per_step=0.03739 episode_projection=18.69
[POLICY_DETAIL] samples=49152 raw_samples=49152 mb=12288 micro_mb=8192 logp_delta_abs=0.22212 old_logp=-62.90335 new_logp=-62.95665 adv_abs=0.56543 sde_steps=4
[TRAIN] mean_reward=1.75898 mean_len=47.72 recent_eps=100 completed_eps=2487497
[UPDATE_EFFECT] action_delta=0.00992803 param_rms_delta=0.00047632
[TIME] collect=3.528s update=0.270s
[DONE] timeout=0.00000 anchor_pos=0.03516 anchor_ori=0.00244 ee_body=0.45728
[TRACK_ROLLOUT] anchor_pos=0.57397 anchor_ori=0.68773 body_pos=0.77929 body_ori=0.43258 body_lin=0.46915 body_ang=0.36513
[ACT_SUMMARY] abs_mean=0.6711 abs_p95=0.9477 abs_p99=1.0476 abs_max=1.3114 legs=0.7539 waist=0.5979 arms=0.6158
[FRAME_DIAG] frame0_abs=0.6388 frame1_abs=0.6614 in_chunk_delta=0.3438 cross_chunk_delta=0.4132
[UPDATE] 326/1000 reward_step=0.03816 chunk=0.14606 done_frac=0.07607 mean_reward=1.90353 mean_len=50.28
[SFPO] loss=0.00878 policy_loss=-0.00977 value_loss=0.01855 ratio=0.9992 [0.025,10.972] clip=0.3506 kl_raw=0.048238 kl/step=0.012060 target_raw=0.0400 target/step=0.0100 kl_units=4 grad=2.6126 grad_c=0.1992 lr=0.000256 critic_lr=0.000256
[ROLLOUT] live=23.31 survive=0.54468 per_step=0.03740 episode_projection=18.70
[POLICY_DETAIL] samples=49152 raw_samples=49152 mb=12288 micro_mb=8192 logp_delta_abs=0.20636 old_logp=-62.92887 new_logp=-62.97520 adv_abs=0.57571 sde_steps=4
[TRAIN] mean_reward=1.90353 mean_len=50.28 recent_eps=100 completed_eps=2491236
[UPDATE_EFFECT] action_delta=0.01040370 param_rms_delta=0.00052422
[TIME] collect=3.417s update=0.265s
[DONE] timeout=0.00000 anchor_pos=0.03516 anchor_ori=0.00146 ee_body=0.45154
[TRACK_ROLLOUT] anchor_pos=0.56948 anchor_ori=0.68743 body_pos=0.77875 body_ori=0.43150 body_lin=0.46966 body_ang=0.36588
[ACT_SUMMARY] abs_mean=0.6675 abs_p95=0.9415 abs_p99=1.0409 abs_max=1.2725 legs=0.7501 waist=0.5937 arms=0.6126
[FRAME_DIAG] frame0_abs=0.6358 frame1_abs=0.6573 in_chunk_delta=0.3441 cross_chunk_delta=0.4127
[UPDATE] 327/1000 reward_step=0.03794 chunk=0.14511 done_frac=0.07880 mean_reward=1.87834 mean_len=49.00
[SFPO] loss=0.01275 policy_loss=-0.00848 value_loss=0.02123 ratio=0.9996 [0.001,14.069] clip=0.3548 kl_raw=0.049106 kl/step=0.012276 target_raw=0.0400 target/step=0.0100 kl_units=4 grad=2.5916 grad_c=0.3209 lr=0.000256 critic_lr=0.000256
[ROLLOUT] live=23.30 survive=0.52856 per_step=0.03720 episode_projection=18.60
[POLICY_DETAIL] samples=49152 raw_samples=49152 mb=12288 micro_mb=8192 logp_delta_abs=0.20881 old_logp=-62.90845 new_logp=-62.95519 adv_abs=0.56422 sde_steps=4
[TRAIN] mean_reward=1.87834 mean_len=49.00 recent_eps=100 completed_eps=2495109
[UPDATE_EFFECT] action_delta=0.01050261 param_rms_delta=0.00052540
[TIME] collect=3.463s update=0.267s
[DONE] timeout=0.00000 anchor_pos=0.03638 anchor_ori=0.00220 ee_body=0.46765
[TRACK_ROLLOUT] anchor_pos=0.56668 anchor_ori=0.68978 body_pos=0.77579 body_ori=0.43002 body_lin=0.46623 body_ang=0.36310
[ACT_SUMMARY] abs_mean=0.6675 abs_p95=0.9447 abs_p99=1.0465 abs_max=1.3376 legs=0.7510 waist=0.5929 arms=0.6118
[FRAME_DIAG] frame0_abs=0.6355 frame1_abs=0.6563 in_chunk_delta=0.3444 cross_chunk_delta=0.4143
[UPDATE] 328/1000 reward_step=0.03808 chunk=0.14577 done_frac=0.07607 mean_reward=1.89647 mean_len=51.48
[SFPO] loss=0.01264 policy_loss=-0.00738 value_loss=0.02002 ratio=0.9982 [0.026,19.903] clip=0.3640 kl_raw=0.051615 kl/step=0.012904 target_raw=0.0400 target/step=0.0100 kl_units=4 grad=2.6274 grad_c=0.3316 lr=0.000256 critic_lr=0.000256
[ROLLOUT] live=23.32 survive=0.54480 per_step=0.03733 episode_projection=18.67
[POLICY_DETAIL] samples=49152 raw_samples=49152 mb=12288 micro_mb=8192 logp_delta_abs=0.21456 old_logp=-62.90353 new_logp=-62.95388 adv_abs=0.57484 sde_steps=4
[TRAIN] mean_reward=1.89647 mean_len=51.48 recent_eps=100 completed_eps=2498848
[UPDATE_EFFECT] action_delta=0.00997029 param_rms_delta=0.00052564
[TIME] collect=3.555s update=0.270s
[DONE] timeout=0.00000 anchor_pos=0.03369 anchor_ori=0.00256 ee_body=0.45129
[TRACK_ROLLOUT] anchor_pos=0.57179 anchor_ori=0.68678 body_pos=0.78009 body_ori=0.43345 body_lin=0.46769 body_ang=0.36367
[ACT_SUMMARY] abs_mean=0.6706 abs_p95=0.9510 abs_p99=1.0526 abs_max=1.3442 legs=0.7558 waist=0.5958 arms=0.6136
[FRAME_DIAG] frame0_abs=0.6394 frame1_abs=0.6585 in_chunk_delta=0.3444 cross_chunk_delta=0.4127
[UPDATE] 329/1000 reward_step=0.03794 chunk=0.14514 done_frac=0.07733 mean_reward=1.93472 mean_len=51.12
[SFPO] loss=0.01455 policy_loss=-0.00566 value_loss=0.02021 ratio=0.9987 [0.017,20.849] clip=0.3728 kl_raw=0.054347 kl/step=0.013587 target_raw=0.0400 target/step=0.0100 kl_units=4 grad=2.6731 grad_c=0.2118 lr=0.000171 critic_lr=0.000171
[ROLLOUT] live=23.30 survive=0.53674 per_step=0.03720 episode_projection=18.60
[POLICY_DETAIL] samples=49152 raw_samples=49152 mb=12288 micro_mb=8192 logp_delta_abs=0.22002 old_logp=-62.88751 new_logp=-62.93999 adv_abs=0.57153 sde_steps=4
[TRAIN] mean_reward=1.93472 mean_len=51.12 recent_eps=100 completed_eps=2502649
[UPDATE_EFFECT] action_delta=0.01000220 param_rms_delta=0.00051704
[TIME] collect=3.569s update=0.258s
[DONE] timeout=0.00000 anchor_pos=0.03442 anchor_ori=0.00208 ee_body=0.45984
[TRACK_ROLLOUT] anchor_pos=0.56637 anchor_ori=0.68544 body_pos=0.77802 body_ori=0.43123 body_lin=0.46715 body_ang=0.36353
[ACT_SUMMARY] abs_mean=0.6687 abs_p95=0.9473 abs_p99=1.0458 abs_max=1.3697 legs=0.7532 waist=0.5967 arms=0.6118
[FRAME_DIAG] frame0_abs=0.6358 frame1_abs=0.6563 in_chunk_delta=0.3441 cross_chunk_delta=0.4137
[UPDATE] 330/1000 reward_step=0.03798 chunk=0.14533 done_frac=0.07705 mean_reward=1.91265 mean_len=51.16
[SFPO] loss=0.01156 policy_loss=-0.00766 value_loss=0.01921 ratio=1.0003 [0.042,16.393] clip=0.3565 kl_raw=0.050696 kl/step=0.012674 target_raw=0.0400 target/step=0.0100 kl_units=4 grad=2.7802 grad_c=0.2099 lr=0.000256 critic_lr=0.000256
[ROLLOUT] live=23.31 survive=0.53833 per_step=0.03723 episode_projection=18.62
[POLICY_DETAIL] samples=49152 raw_samples=49152 mb=12288 micro_mb=8192 logp_delta_abs=0.21083 old_logp=-62.88971 new_logp=-62.93726 adv_abs=0.57255 sde_steps=4
[TRAIN] mean_reward=1.91265 mean_len=51.16 recent_eps=100 completed_eps=2506436
[UPDATE_EFFECT] action_delta=0.01029106 param_rms_delta=0.00051338
[TIME] collect=3.622s update=0.260s
[DONE] timeout=0.00000 anchor_pos=0.03650 anchor_ori=0.00232 ee_body=0.45740
[TRACK_ROLLOUT] anchor_pos=0.56622 anchor_ori=0.68620 body_pos=0.77779 body_ori=0.43202 body_lin=0.46659 body_ang=0.36344
[ACT_SUMMARY] abs_mean=0.6691 abs_p95=0.9503 abs_p99=1.0509 abs_max=1.3744 legs=0.7536 waist=0.5948 arms=0.6125
[FRAME_DIAG] frame0_abs=0.6357 frame1_abs=0.6559 in_chunk_delta=0.3444 cross_chunk_delta=0.4145
[UPDATE] 331/1000 reward_step=0.03827 chunk=0.14650 done_frac=0.07650 mean_reward=2.02934 mean_len=52.40
[SFPO] loss=0.01306 policy_loss=-0.00605 value_loss=0.01911 ratio=0.9994 [0.024,17.817] clip=0.3646 kl_raw=0.053196 kl/step=0.013299 target_raw=0.0400 target/step=0.0100 kl_units=4 grad=2.8947 grad_c=0.2374 lr=0.000171 critic_lr=0.000171
[ROLLOUT] live=23.31 survive=0.54199 per_step=0.03753 episode_projection=18.77
[POLICY_DETAIL] samples=49152 raw_samples=49152 mb=12288 micro_mb=8192 logp_delta_abs=0.21625 old_logp=-62.91042 new_logp=-62.96094 adv_abs=0.56941 sde_steps=4
[TRAIN] mean_reward=2.02934 mean_len=52.40 recent_eps=100 completed_eps=2510196
[UPDATE_EFFECT] action_delta=0.00943261 param_rms_delta=0.00047544
[TIME] collect=3.570s update=0.259s
[DONE] timeout=0.00000 anchor_pos=0.03577 anchor_ori=0.00269 ee_body=0.45422
[TRACK_ROLLOUT] anchor_pos=0.56925 anchor_ori=0.69250 body_pos=0.77981 body_ori=0.43549 body_lin=0.46908 body_ang=0.36411
[ACT_SUMMARY] abs_mean=0.6671 abs_p95=0.9428 abs_p99=1.0419 abs_max=1.3329 legs=0.7514 waist=0.5943 arms=0.6105
[FRAME_DIAG] frame0_abs=0.6334 frame1_abs=0.6549 in_chunk_delta=0.3444 cross_chunk_delta=0.4129
[UPDATE] 332/1000 reward_step=0.03802 chunk=0.14550 done_frac=0.07749 mean_reward=1.89215 mean_len=48.44
[SFPO] loss=0.00958 policy_loss=-0.01023 value_loss=0.01981 ratio=0.9999 [0.019,13.786] clip=0.3472 kl_raw=0.047231 kl/step=0.011808 target_raw=0.0400 target/step=0.0100 kl_units=4 grad=2.4972 grad_c=0.3543 lr=0.000171 critic_lr=0.000171
[ROLLOUT] live=23.31 survive=0.53613 per_step=0.03727 episode_projection=18.64
[POLICY_DETAIL] samples=49152 raw_samples=49152 mb=12288 micro_mb=8192 logp_delta_abs=0.20417 old_logp=-62.89206 new_logp=-62.93691 adv_abs=0.56677 sde_steps=4
[TRAIN] mean_reward=1.89215 mean_len=48.44 recent_eps=100 completed_eps=2514005
[UPDATE_EFFECT] action_delta=0.01001797 param_rms_delta=0.00052764
[TIME] collect=3.494s update=0.259s
[DONE] timeout=0.00000 anchor_pos=0.03662 anchor_ori=0.00220 ee_body=0.46033
[TRACK_ROLLOUT] anchor_pos=0.56709 anchor_ori=0.69045 body_pos=0.77712 body_ori=0.43038 body_lin=0.46827 body_ang=0.36478
[ACT_SUMMARY] abs_mean=0.6675 abs_p95=0.9435 abs_p99=1.0453 abs_max=1.3001 legs=0.7525 waist=0.5946 arms=0.6102
[FRAME_DIAG] frame0_abs=0.6336 frame1_abs=0.6558 in_chunk_delta=0.3442 cross_chunk_delta=0.4141
[UPDATE] 333/1000 reward_step=0.03829 chunk=0.14659 done_frac=0.07597 mean_reward=1.72401 mean_len=46.36
[SFPO] loss=0.01009 policy_loss=-0.00974 value_loss=0.01983 ratio=0.9997 [0.020,11.127] clip=0.3529 kl_raw=0.048892 kl/step=0.012223 target_raw=0.0400 target/step=0.0100 kl_units=4 grad=2.5668 grad_c=0.3229 lr=0.000256 critic_lr=0.000256
[ROLLOUT] live=23.32 survive=0.54504 per_step=0.03755 episode_projection=18.77
[POLICY_DETAIL] samples=49152 raw_samples=49152 mb=12288 micro_mb=8192 logp_delta_abs=0.20766 old_logp=-62.91545 new_logp=-62.96191 adv_abs=0.57043 sde_steps=4
[TRAIN] mean_reward=1.72401 mean_len=46.36 recent_eps=100 completed_eps=2517739
[UPDATE_EFFECT] action_delta=0.01074797 param_rms_delta=0.00053247
[TIME] collect=3.591s update=0.262s
[DONE] timeout=0.00000 anchor_pos=0.03650 anchor_ori=0.00146 ee_body=0.45178
[TRACK_ROLLOUT] anchor_pos=0.57383 anchor_ori=0.69338 body_pos=0.78041 body_ori=0.43496 body_lin=0.47174 body_ang=0.36588
[ACT_SUMMARY] abs_mean=0.6700 abs_p95=0.9460 abs_p99=1.0477 abs_max=1.4445 legs=0.7560 waist=0.5967 arms=0.6121
[FRAME_DIAG] frame0_abs=0.6364 frame1_abs=0.6573 in_chunk_delta=0.3446 cross_chunk_delta=0.4139
[UPDATE] 334/1000 reward_step=0.03793 chunk=0.14515 done_frac=0.07668 mean_reward=1.94594 mean_len=50.08
[SFPO] loss=0.01242 policy_loss=-0.00648 value_loss=0.01889 ratio=0.9984 [0.038,17.340] clip=0.3649 kl_raw=0.052079 kl/step=0.013020 target_raw=0.0400 target/step=0.0100 kl_units=4 grad=2.8036 grad_c=0.2474 lr=0.000256 critic_lr=0.000256
[ROLLOUT] live=23.31 survive=0.54077 per_step=0.03718 episode_projection=18.59
[POLICY_DETAIL] samples=49152 raw_samples=49152 mb=12288 micro_mb=8192 logp_delta_abs=0.21521 old_logp=-62.91345 new_logp=-62.96408 adv_abs=0.57214 sde_steps=4
[TRAIN] mean_reward=1.94594 mean_len=50.08 recent_eps=100 completed_eps=2521508
[UPDATE_EFFECT] action_delta=0.01017578 param_rms_delta=0.00051020
[TIME] collect=3.490s update=0.260s
[DONE] timeout=0.00000 anchor_pos=0.03516 anchor_ori=0.00269 ee_body=0.45508
[TRACK_ROLLOUT] anchor_pos=0.56465 anchor_ori=0.69147 body_pos=0.77735 body_ori=0.43037 body_lin=0.46814 body_ang=0.36523
[ACT_SUMMARY] abs_mean=0.6702 abs_p95=0.9484 abs_p99=1.0490 abs_max=1.2658 legs=0.7538 waist=0.5979 arms=0.6140
[FRAME_DIAG] frame0_abs=0.6366 frame1_abs=0.6559 in_chunk_delta=0.3451 cross_chunk_delta=0.4151
[UPDATE] 335/1000 reward_step=0.03815 chunk=0.14597 done_frac=0.07703 mean_reward=1.84124 mean_len=48.36
[SFPO] loss=0.01174 policy_loss=-0.00899 value_loss=0.02073 ratio=0.9997 [0.031,11.389] clip=0.3546 kl_raw=0.049431 kl/step=0.012358 target_raw=0.0400 target/step=0.0100 kl_units=4 grad=2.5999 grad_c=0.2824 lr=0.000256 critic_lr=0.000256
[ROLLOUT] live=23.30 survive=0.53918 per_step=0.03740 episode_projection=18.70
[POLICY_DETAIL] samples=49152 raw_samples=49152 mb=12288 micro_mb=8192 logp_delta_abs=0.20930 old_logp=-62.90327 new_logp=-62.95030 adv_abs=0.56163 sde_steps=4
[TRAIN] mean_reward=1.84124 mean_len=48.36 recent_eps=100 completed_eps=2525294
[UPDATE_EFFECT] action_delta=0.01057011 param_rms_delta=0.00052514
[TIME] collect=3.521s update=0.259s
[DONE] timeout=0.00000 anchor_pos=0.03735 anchor_ori=0.00281 ee_body=0.45667
[TRACK_ROLLOUT] anchor_pos=0.56876 anchor_ori=0.69377 body_pos=0.77929 body_ori=0.43337 body_lin=0.47141 body_ang=0.36660
[ACT_SUMMARY] abs_mean=0.6699 abs_p95=0.9488 abs_p99=1.0493 abs_max=1.3166 legs=0.7541 waist=0.5958 arms=0.6137
[FRAME_DIAG] frame0_abs=0.6346 frame1_abs=0.6563 in_chunk_delta=0.3453 cross_chunk_delta=0.4140
[UPDATE] 336/1000 reward_step=0.03795 chunk=0.14515 done_frac=0.07660 mean_reward=1.79155 mean_len=48.52
[SFPO] loss=0.01057 policy_loss=-0.00873 value_loss=0.01930 ratio=0.9999 [0.044,12.110] clip=0.3631 kl_raw=0.051149 kl/step=0.012787 target_raw=0.0400 target/step=0.0100 kl_units=4 grad=2.6088 grad_c=0.2233 lr=0.000171 critic_lr=0.000171
[ROLLOUT] live=23.30 survive=0.54077 per_step=0.03719 episode_projection=18.59
[POLICY_DETAIL] samples=49152 raw_samples=49152 mb=12288 micro_mb=8192 logp_delta_abs=0.21353 old_logp=-62.93252 new_logp=-62.98109 adv_abs=0.56785 sde_steps=4
[TRAIN] mean_reward=1.79155 mean_len=48.52 recent_eps=100 completed_eps=2529059
[UPDATE_EFFECT] action_delta=0.00969113 param_rms_delta=0.00052490
[TIME] collect=3.425s update=0.258s
[DONE] timeout=0.00000 anchor_pos=0.03589 anchor_ori=0.00146 ee_body=0.45605
[TRACK_ROLLOUT] anchor_pos=0.56759 anchor_ori=0.69423 body_pos=0.77724 body_ori=0.43085 body_lin=0.46512 body_ang=0.36300
[ACT_SUMMARY] abs_mean=0.6706 abs_p95=0.9492 abs_p99=1.0517 abs_max=1.3070 legs=0.7537 waist=0.5949 arms=0.6155
[FRAME_DIAG] frame0_abs=0.6355 frame1_abs=0.6567 in_chunk_delta=0.3452 cross_chunk_delta=0.4149
[UPDATE] 337/1000 reward_step=0.03826 chunk=0.14644 done_frac=0.07672 mean_reward=1.89768 mean_len=49.08
[SFPO] loss=0.00908 policy_loss=-0.00949 value_loss=0.01857 ratio=0.9999 [0.012,12.493] clip=0.3553 kl_raw=0.049382 kl/step=0.012345 target_raw=0.0400 target/step=0.0100 kl_units=4 grad=2.5627 grad_c=0.2079 lr=0.000256 critic_lr=0.000256
[ROLLOUT] live=23.31 survive=0.54089 per_step=0.03752 episode_projection=18.76
[POLICY_DETAIL] samples=49152 raw_samples=49152 mb=12288 micro_mb=8192 logp_delta_abs=0.20890 old_logp=-62.93219 new_logp=-62.97909 adv_abs=0.56804 sde_steps=4
[TRAIN] mean_reward=1.89768 mean_len=49.08 recent_eps=100 completed_eps=2532830
[UPDATE_EFFECT] action_delta=0.01006664 param_rms_delta=0.00052949
[TIME] collect=3.426s update=0.265s
[DONE] timeout=0.00000 anchor_pos=0.03748 anchor_ori=0.00232 ee_body=0.45508
[TRACK_ROLLOUT] anchor_pos=0.57106 anchor_ori=0.69605 body_pos=0.77993 body_ori=0.43333 body_lin=0.46838 body_ang=0.36573
[ACT_SUMMARY] abs_mean=0.6719 abs_p95=0.9512 abs_p99=1.0488 abs_max=1.3077 legs=0.7562 waist=0.5908 arms=0.6170
[FRAME_DIAG] frame0_abs=0.6374 frame1_abs=0.6584 in_chunk_delta=0.3446 cross_chunk_delta=0.4138
[UPDATE] 338/1000 reward_step=0.03801 chunk=0.14545 done_frac=0.07699 mean_reward=2.00102 mean_len=51.80
[SFPO] loss=0.01232 policy_loss=-0.00724 value_loss=0.01955 ratio=0.9995 [0.007,15.020] clip=0.3663 kl_raw=0.051116 kl/step=0.012779 target_raw=0.0400 target/step=0.0100 kl_units=4 grad=2.6702 grad_c=0.2781 lr=0.000256 critic_lr=0.000256
[ROLLOUT] live=23.30 survive=0.53870 per_step=0.03727 episode_projection=18.64
[POLICY_DETAIL] samples=49152 raw_samples=49152 mb=12288 micro_mb=8192 logp_delta_abs=0.21442 old_logp=-62.91447 new_logp=-62.96338 adv_abs=0.56853 sde_steps=4
[TRAIN] mean_reward=2.00102 mean_len=51.80 recent_eps=100 completed_eps=2536614
[UPDATE_EFFECT] action_delta=0.01048472 param_rms_delta=0.00052480
[TIME] collect=3.611s update=0.272s
[DONE] timeout=0.00000 anchor_pos=0.03467 anchor_ori=0.00269 ee_body=0.45642
[TRACK_ROLLOUT] anchor_pos=0.56631 anchor_ori=0.69329 body_pos=0.77786 body_ori=0.43024 body_lin=0.46463 body_ang=0.36291
[ACT_SUMMARY] abs_mean=0.6693 abs_p95=0.9439 abs_p99=1.0442 abs_max=1.2995 legs=0.7510 waist=0.5925 arms=0.6156
[FRAME_DIAG] frame0_abs=0.6357 frame1_abs=0.6564 in_chunk_delta=0.3447 cross_chunk_delta=0.4141
[UPDATE] 339/1000 reward_step=0.03841 chunk=0.14707 done_frac=0.07680 mean_reward=2.09492 mean_len=52.12
[SFPO] loss=0.00994 policy_loss=-0.01009 value_loss=0.02002 ratio=0.9998 [0.029,20.687] clip=0.3621 kl_raw=0.050487 kl/step=0.012622 target_raw=0.0400 target/step=0.0100 kl_units=4 grad=2.4266 grad_c=0.2287 lr=0.000256 critic_lr=0.000256
[ROLLOUT] live=23.32 survive=0.53992 per_step=0.03767 episode_projection=18.84
[POLICY_DETAIL] samples=49152 raw_samples=49152 mb=12288 micro_mb=8192 logp_delta_abs=0.21234 old_logp=-62.92311 new_logp=-62.97101 adv_abs=0.56481 sde_steps=4
[TRAIN] mean_reward=2.09492 mean_len=52.12 recent_eps=100 completed_eps=2540389
[UPDATE_EFFECT] action_delta=0.01071866 param_rms_delta=0.00054711
[TIME] collect=3.610s update=0.276s
[DONE] timeout=0.00000 anchor_pos=0.03735 anchor_ori=0.00208 ee_body=0.45593
[TRACK_ROLLOUT] anchor_pos=0.57350 anchor_ori=0.69280 body_pos=0.78246 body_ori=0.43784 body_lin=0.46887 body_ang=0.36522
[ACT_SUMMARY] abs_mean=0.6702 abs_p95=0.9464 abs_p99=1.0462 abs_max=1.2720 legs=0.7511 waist=0.5898 arms=0.6181
[FRAME_DIAG] frame0_abs=0.6355 frame1_abs=0.6579 in_chunk_delta=0.3446 cross_chunk_delta=0.4142
[UPDATE] 340/1000 reward_step=0.03829 chunk=0.14663 done_frac=0.07536 mean_reward=1.93710 mean_len=51.24
[SFPO] loss=0.01392 policy_loss=-0.00588 value_loss=0.01980 ratio=0.9994 [0.005,15.505] clip=0.3719 kl_raw=0.053727 kl/step=0.013432 target_raw=0.0400 target/step=0.0100 kl_units=4 grad=2.7289 grad_c=0.1880 lr=0.000256 critic_lr=0.000256
[ROLLOUT] live=23.33 survive=0.54834 per_step=0.03753 episode_projection=18.77
[POLICY_DETAIL] samples=49152 raw_samples=49152 mb=12288 micro_mb=8192 logp_delta_abs=0.21913 old_logp=-62.92376 new_logp=-62.97505 adv_abs=0.57427 sde_steps=4
[TRAIN] mean_reward=1.93710 mean_len=51.24 recent_eps=100 completed_eps=2544093
[UPDATE_EFFECT] action_delta=0.01023065 param_rms_delta=0.00051551
[TIME] collect=3.498s update=0.266s
[DONE] timeout=0.00000 anchor_pos=0.03381 anchor_ori=0.00330 ee_body=0.44727
[TRACK_ROLLOUT] anchor_pos=0.56468 anchor_ori=0.69429 body_pos=0.78038 body_ori=0.43431 body_lin=0.46977 body_ang=0.36744
[ACT_SUMMARY] abs_mean=0.6723 abs_p95=0.9443 abs_p99=1.0431 abs_max=1.3014 legs=0.7547 waist=0.5921 arms=0.6189
[FRAME_DIAG] frame0_abs=0.6384 frame1_abs=0.6600 in_chunk_delta=0.3448 cross_chunk_delta=0.4136
[UPDATE] 341/1000 reward_step=0.03848 chunk=0.14730 done_frac=0.07572 mean_reward=1.81833 mean_len=46.92
[SFPO] loss=0.01337 policy_loss=-0.00687 value_loss=0.02025 ratio=0.9987 [0.005,17.845] clip=0.3708 kl_raw=0.054491 kl/step=0.013623 target_raw=0.0400 target/step=0.0100 kl_units=4 grad=2.7435 grad_c=0.2295 lr=0.000171 critic_lr=0.000171
[ROLLOUT] live=23.32 survive=0.54675 per_step=0.03773 episode_projection=18.86
[POLICY_DETAIL] samples=49152 raw_samples=49152 mb=12288 micro_mb=8192 logp_delta_abs=0.21955 old_logp=-62.92041 new_logp=-62.97277 adv_abs=0.56957 sde_steps=4
[TRAIN] mean_reward=1.81833 mean_len=46.92 recent_eps=100 completed_eps=2547815
[UPDATE_EFFECT] action_delta=0.01008268 param_rms_delta=0.00050003
[TIME] collect=3.482s update=0.262s
[DONE] timeout=0.00000 anchor_pos=0.03442 anchor_ori=0.00146 ee_body=0.45020
[TRACK_ROLLOUT] anchor_pos=0.56693 anchor_ori=0.69381 body_pos=0.78323 body_ori=0.43634 body_lin=0.46972 body_ang=0.36774
[ACT_SUMMARY] abs_mean=0.6689 abs_p95=0.9409 abs_p99=1.0372 abs_max=1.2730 legs=0.7488 waist=0.5900 arms=0.6173
[FRAME_DIAG] frame0_abs=0.6341 frame1_abs=0.6566 in_chunk_delta=0.3446 cross_chunk_delta=0.4130
[UPDATE] 342/1000 reward_step=0.03809 chunk=0.14572 done_frac=0.07609 mean_reward=1.98979 mean_len=51.20
[SFPO] loss=0.01131 policy_loss=-0.00926 value_loss=0.02056 ratio=1.0005 [0.034,11.317] clip=0.3596 kl_raw=0.051138 kl/step=0.012784 target_raw=0.0400 target/step=0.0100 kl_units=4 grad=2.6471 grad_c=0.2433 lr=0.000171 critic_lr=0.000171
[ROLLOUT] live=23.30 survive=0.54419 per_step=0.03734 episode_projection=18.67
[POLICY_DETAIL] samples=49152 raw_samples=49152 mb=12288 micro_mb=8192 logp_delta_abs=0.21222 old_logp=-62.93135 new_logp=-62.97927 adv_abs=0.56771 sde_steps=4
[TRAIN] mean_reward=1.98979 mean_len=51.20 recent_eps=100 completed_eps=2551555
[UPDATE_EFFECT] action_delta=0.01029546 param_rms_delta=0.00052214
[TIME] collect=3.562s update=0.260s
[DONE] timeout=0.00000 anchor_pos=0.03748 anchor_ori=0.00244 ee_body=0.45203
[TRACK_ROLLOUT] anchor_pos=0.56507 anchor_ori=0.69606 body_pos=0.78019 body_ori=0.43172 body_lin=0.46498 body_ang=0.36482
[ACT_SUMMARY] abs_mean=0.6693 abs_p95=0.9408 abs_p99=1.0390 abs_max=1.2771 legs=0.7508 waist=0.5910 arms=0.6163
[FRAME_DIAG] frame0_abs=0.6339 frame1_abs=0.6571 in_chunk_delta=0.3450 cross_chunk_delta=0.4136
[UPDATE] 343/1000 reward_step=0.03820 chunk=0.14623 done_frac=0.07646 mean_reward=1.88270 mean_len=48.72
[SFPO] loss=0.00941 policy_loss=-0.00920 value_loss=0.01861 ratio=0.9991 [0.024,10.572] clip=0.3584 kl_raw=0.049684 kl/step=0.012421 target_raw=0.0400 target/step=0.0100 kl_units=4 grad=2.5537 grad_c=0.2222 lr=0.000256 critic_lr=0.000256
[ROLLOUT] live=23.31 survive=0.54199 per_step=0.03746 episode_projection=18.73
[POLICY_DETAIL] samples=49152 raw_samples=49152 mb=12288 micro_mb=8192 logp_delta_abs=0.21017 old_logp=-62.91283 new_logp=-62.96061 adv_abs=0.57404 sde_steps=4
[TRAIN] mean_reward=1.88270 mean_len=48.72 recent_eps=100 completed_eps=2555313
[UPDATE_EFFECT] action_delta=0.01040515 param_rms_delta=0.00052988
[TIME] collect=3.514s update=0.272s
[DONE] timeout=0.00000 anchor_pos=0.03589 anchor_ori=0.00256 ee_body=0.45361
[TRACK_ROLLOUT] anchor_pos=0.56708 anchor_ori=0.69425 body_pos=0.77985 body_ori=0.43274 body_lin=0.46846 body_ang=0.36681
[ACT_SUMMARY] abs_mean=0.6670 abs_p95=0.9374 abs_p99=1.0377 abs_max=1.2900 legs=0.7501 waist=0.5912 arms=0.6120
[FRAME_DIAG] frame0_abs=0.6319 frame1_abs=0.6542 in_chunk_delta=0.3453 cross_chunk_delta=0.4129
[UPDATE] 344/1000 reward_step=0.03849 chunk=0.14746 done_frac=0.07542 mean_reward=1.95015 mean_len=51.44
[SFPO] loss=0.01405 policy_loss=-0.00556 value_loss=0.01960 ratio=0.9995 [0.017,24.627] clip=0.3754 kl_raw=0.055964 kl/step=0.013991 target_raw=0.0400 target/step=0.0100 kl_units=4 grad=2.8421 grad_c=0.1774 lr=0.000171 critic_lr=0.000171
[ROLLOUT] live=23.33 survive=0.54858 per_step=0.03774 episode_projection=18.87
[POLICY_DETAIL] samples=49152 raw_samples=49152 mb=12288 micro_mb=8192 logp_delta_abs=0.22258 old_logp=-62.90270 new_logp=-62.95585 adv_abs=0.57187 sde_steps=4
[TRAIN] mean_reward=1.95015 mean_len=51.44 recent_eps=100 completed_eps=2559020
[UPDATE_EFFECT] action_delta=0.01011162 param_rms_delta=0.00049649
[TIME] collect=3.398s update=0.261s
[DONE] timeout=0.00000 anchor_pos=0.03796 anchor_ori=0.00220 ee_body=0.44702
[TRACK_ROLLOUT] anchor_pos=0.57059 anchor_ori=0.69829 body_pos=0.78189 body_ori=0.43594 body_lin=0.47116 body_ang=0.36780
[ACT_SUMMARY] abs_mean=0.6662 abs_p95=0.9363 abs_p99=1.0364 abs_max=1.3168 legs=0.7506 waist=0.5892 arms=0.6104
[FRAME_DIAG] frame0_abs=0.6314 frame1_abs=0.6525 in_chunk_delta=0.3449 cross_chunk_delta=0.4133
[UPDATE] 345/1000 reward_step=0.03850 chunk=0.14742 done_frac=0.07583 mean_reward=2.04039 mean_len=53.32
[SFPO] loss=0.00893 policy_loss=-0.01072 value_loss=0.01965 ratio=0.9994 [0.023,29.330] clip=0.3536 kl_raw=0.047014 kl/step=0.011754 target_raw=0.0400 target/step=0.0100 kl_units=4 grad=2.3760 grad_c=0.3142 lr=0.000256 critic_lr=0.000256
[ROLLOUT] live=23.32 survive=0.54565 per_step=0.03777 episode_projection=18.88
[POLICY_DETAIL] samples=49152 raw_samples=49152 mb=12288 micro_mb=8192 logp_delta_abs=0.20577 old_logp=-62.91803 new_logp=-62.96334 adv_abs=0.57125 sde_steps=4
[TRAIN] mean_reward=2.04039 mean_len=53.32 recent_eps=100 completed_eps=2562747
[UPDATE_EFFECT] action_delta=0.00956386 param_rms_delta=0.00053960
[TIME] collect=3.448s update=0.263s
[DONE] timeout=0.00000 anchor_pos=0.03540 anchor_ori=0.00146 ee_body=0.45056
[TRACK_ROLLOUT] anchor_pos=0.56905 anchor_ori=0.69893 body_pos=0.78206 body_ori=0.43484 body_lin=0.46884 body_ang=0.36666
[ACT_SUMMARY] abs_mean=0.6631 abs_p95=0.9322 abs_p99=1.0315 abs_max=1.2594 legs=0.7450 waist=0.5885 arms=0.6089
[FRAME_DIAG] frame0_abs=0.6278 frame1_abs=0.6517 in_chunk_delta=0.3446 cross_chunk_delta=0.4125
[UPDATE] 346/1000 reward_step=0.03837 chunk=0.14689 done_frac=0.07570 mean_reward=2.15446 mean_len=54.80
[SFPO] loss=0.00977 policy_loss=-0.00950 value_loss=0.01927 ratio=0.9985 [0.047,21.307] clip=0.3661 kl_raw=0.051058 kl/step=0.012764 target_raw=0.0400 target/step=0.0100 kl_units=4 grad=2.4165 grad_c=0.2519 lr=0.000256 critic_lr=0.000256
[ROLLOUT] live=23.32 survive=0.54651 per_step=0.03762 episode_projection=18.81
[POLICY_DETAIL] samples=49152 raw_samples=49152 mb=12288 micro_mb=8192 logp_delta_abs=0.21422 old_logp=-62.93373 new_logp=-62.98348 adv_abs=0.57050 sde_steps=4
[TRAIN] mean_reward=2.15446 mean_len=54.80 recent_eps=100 completed_eps=2566468
[UPDATE_EFFECT] action_delta=0.01006368 param_rms_delta=0.00054772
[TIME] collect=3.536s update=0.259s
[DONE] timeout=0.00000 anchor_pos=0.03540 anchor_ori=0.00208 ee_body=0.44995
[TRACK_ROLLOUT] anchor_pos=0.56984 anchor_ori=0.69824 body_pos=0.78257 body_ori=0.43419 body_lin=0.46896 body_ang=0.36576
[ACT_SUMMARY] abs_mean=0.6646 abs_p95=0.9339 abs_p99=1.0332 abs_max=1.2971 legs=0.7487 waist=0.5880 arms=0.6090
[FRAME_DIAG] frame0_abs=0.6294 frame1_abs=0.6544 in_chunk_delta=0.3448 cross_chunk_delta=0.4132
[UPDATE] 347/1000 reward_step=0.03833 chunk=0.14667 done_frac=0.07674 mean_reward=2.33917 mean_len=58.36
[SFPO] loss=0.00996 policy_loss=-0.00900 value_loss=0.01896 ratio=0.9984 [0.006,17.552] clip=0.3581 kl_raw=0.049350 kl/step=0.012338 target_raw=0.0400 target/step=0.0100 kl_units=4 grad=2.5768 grad_c=0.5679 lr=0.000256 critic_lr=0.000256
[ROLLOUT] live=23.30 survive=0.54004 per_step=0.03759 episode_projection=18.80
[POLICY_DETAIL] samples=49152 raw_samples=49152 mb=12288 micro_mb=8192 logp_delta_abs=0.20999 old_logp=-62.92149 new_logp=-62.96980 adv_abs=0.58139 sde_steps=4
[TRAIN] mean_reward=2.33917 mean_len=58.36 recent_eps=100 completed_eps=2570240
[UPDATE_EFFECT] action_delta=0.01049756 param_rms_delta=0.00053651
[TIME] collect=3.539s update=0.278s
[DONE] timeout=0.00000 anchor_pos=0.03882 anchor_ori=0.00159 ee_body=0.45691
[TRACK_ROLLOUT] anchor_pos=0.57124 anchor_ori=0.69781 body_pos=0.78057 body_ori=0.43207 body_lin=0.46840 body_ang=0.36683
[ACT_SUMMARY] abs_mean=0.6649 abs_p95=0.9370 abs_p99=1.0344 abs_max=1.3017 legs=0.7506 waist=0.5879 arms=0.6079
[FRAME_DIAG] frame0_abs=0.6296 frame1_abs=0.6550 in_chunk_delta=0.3443 cross_chunk_delta=0.4124
[UPDATE] 348/1000 reward_step=0.03838 chunk=0.14687 done_frac=0.07670 mean_reward=2.03674 mean_len=52.12
[SFPO] loss=0.01697 policy_loss=-0.00520 value_loss=0.02217 ratio=1.0003 [0.017,19.173] clip=0.3707 kl_raw=0.055809 kl/step=0.013952 target_raw=0.0400 target/step=0.0100 kl_units=4 grad=2.9254 grad_c=0.6039 lr=0.000171 critic_lr=0.000171
[ROLLOUT] live=23.30 survive=0.54028 per_step=0.03763 episode_projection=18.81
[POLICY_DETAIL] samples=49152 raw_samples=49152 mb=12288 micro_mb=8192 logp_delta_abs=0.22070 old_logp=-62.94437 new_logp=-62.99626 adv_abs=0.56854 sde_steps=4
[TRAIN] mean_reward=2.03674 mean_len=52.12 recent_eps=100 completed_eps=2574010
[UPDATE_EFFECT] action_delta=0.01054347 param_rms_delta=0.00050606
[TIME] collect=3.642s update=0.261s
[DONE] timeout=0.00000 anchor_pos=0.04041 anchor_ori=0.00305 ee_body=0.45483
[TRACK_ROLLOUT] anchor_pos=0.57297 anchor_ori=0.69458 body_pos=0.78152 body_ori=0.43324 body_lin=0.47062 body_ang=0.36874
[ACT_SUMMARY] abs_mean=0.6646 abs_p95=0.9386 abs_p99=1.0388 abs_max=1.2951 legs=0.7519 waist=0.5901 arms=0.6058
[FRAME_DIAG] frame0_abs=0.6291 frame1_abs=0.6549 in_chunk_delta=0.3444 cross_chunk_delta=0.4132
[UPDATE] 349/1000 reward_step=0.03855 chunk=0.14762 done_frac=0.07479 mean_reward=2.02004 mean_len=50.52
[SFPO] loss=0.01149 policy_loss=-0.00894 value_loss=0.02043 ratio=1.0004 [0.004,27.364] clip=0.3837 kl_raw=0.059118 kl/step=0.014779 target_raw=0.0400 target/step=0.0100 kl_units=4 grad=2.4361 grad_c=0.4461 lr=0.000171 critic_lr=0.000171
[ROLLOUT] live=23.32 survive=0.55188 per_step=0.03780 episode_projection=18.90
[POLICY_DETAIL] samples=49152 raw_samples=49152 mb=12288 micro_mb=8192 logp_delta_abs=0.22760 old_logp=-62.91795 new_logp=-62.97290 adv_abs=0.56880 sde_steps=4
[TRAIN] mean_reward=2.02004 mean_len=50.52 recent_eps=100 completed_eps=2577686
[UPDATE_EFFECT] action_delta=0.00994723 param_rms_delta=0.00051253
[TIME] collect=3.586s update=0.259s
[DONE] timeout=0.00000 anchor_pos=0.03394 anchor_ori=0.00281 ee_body=0.44421
[TRACK_ROLLOUT] anchor_pos=0.57405 anchor_ori=0.69725 body_pos=0.78248 body_ori=0.43392 body_lin=0.47403 body_ang=0.37105
[ACT_SUMMARY] abs_mean=0.6604 abs_p95=0.9344 abs_p99=1.0333 abs_max=1.2741 legs=0.7474 waist=0.5887 arms=0.6011
[FRAME_DIAG] frame0_abs=0.6261 frame1_abs=0.6499 in_chunk_delta=0.3447 cross_chunk_delta=0.4118
[UPDATE] 350/1000 reward_step=0.03866 chunk=0.14795 done_frac=0.07617 mean_reward=1.91403 mean_len=49.80
[SFPO] loss=0.01021 policy_loss=-0.01027 value_loss=0.02048 ratio=0.9990 [0.020,16.994] clip=0.3595 kl_raw=0.050188 kl/step=0.012547 target_raw=0.0400 target/step=0.0100 kl_units=4 grad=2.3772 grad_c=0.1854 lr=0.000171 critic_lr=0.000171
[ROLLOUT] live=23.31 survive=0.54321 per_step=0.03790 episode_projection=18.95
[POLICY_DETAIL] samples=49152 raw_samples=49152 mb=12288 micro_mb=8192 logp_delta_abs=0.21087 old_logp=-62.89249 new_logp=-62.94082 adv_abs=0.56314 sde_steps=4
[TRAIN] mean_reward=1.91403 mean_len=49.80 recent_eps=100 completed_eps=2581430
[UPDATE_EFFECT] action_delta=0.00973250 param_rms_delta=0.00054055
[TIME] collect=3.489s update=0.275s
[DONE] timeout=0.00000 anchor_pos=0.03809 anchor_ori=0.00183 ee_body=0.45251
[TRACK_ROLLOUT] anchor_pos=0.57371 anchor_ori=0.69906 body_pos=0.78303 body_ori=0.43668 body_lin=0.47400 body_ang=0.37114
[ACT_SUMMARY] abs_mean=0.6625 abs_p95=0.9387 abs_p99=1.0369 abs_max=1.2950 legs=0.7503 waist=0.5868 arms=0.6036
[FRAME_DIAG] frame0_abs=0.6279 frame1_abs=0.6518 in_chunk_delta=0.3448 cross_chunk_delta=0.4116
[UPDATE] 351/1000 reward_step=0.03852 chunk=0.14743 done_frac=0.07581 mean_reward=1.77738 mean_len=47.52
[SFPO] loss=0.01046 policy_loss=-0.00898 value_loss=0.01944 ratio=0.9983 [0.019,12.506] clip=0.3573 kl_raw=0.049237 kl/step=0.012309 target_raw=0.0400 target/step=0.0100 kl_units=4 grad=2.4775 grad_c=0.1927 lr=0.000256 critic_lr=0.000256
[ROLLOUT] live=23.31 survive=0.54590 per_step=0.03777 episode_projection=18.88
[POLICY_DETAIL] samples=49152 raw_samples=49152 mb=12288 micro_mb=8192 logp_delta_abs=0.20976 old_logp=-62.92633 new_logp=-62.97456 adv_abs=0.56692 sde_steps=4
[TRAIN] mean_reward=1.77738 mean_len=47.52 recent_eps=100 completed_eps=2585156
[UPDATE_EFFECT] action_delta=0.01033833 param_rms_delta=0.00053373
[TIME] collect=3.505s update=0.264s
[DONE] timeout=0.00000 anchor_pos=0.03711 anchor_ori=0.00232 ee_body=0.44971
[TRACK_ROLLOUT] anchor_pos=0.57154 anchor_ori=0.70098 body_pos=0.78219 body_ori=0.43229 body_lin=0.47250 body_ang=0.37100
[ACT_SUMMARY] abs_mean=0.6627 abs_p95=0.9371 abs_p99=1.0372 abs_max=1.2993 legs=0.7496 waist=0.5886 arms=0.6041
[FRAME_DIAG] frame0_abs=0.6289 frame1_abs=0.6514 in_chunk_delta=0.3446 cross_chunk_delta=0.4121
[UPDATE] 352/1000 reward_step=0.03880 chunk=0.14859 done_frac=0.07570 mean_reward=1.94363 mean_len=50.68
[SFPO] loss=0.01466 policy_loss=-0.00670 value_loss=0.02136 ratio=1.0002 [0.022,24.247] clip=0.3701 kl_raw=0.054274 kl/step=0.013569 target_raw=0.0400 target/step=0.0100 kl_units=4 grad=2.7190 grad_c=0.2641 lr=0.000171 critic_lr=0.000171
[ROLLOUT] live=23.32 survive=0.54724 per_step=0.03806 episode_projection=19.03
[POLICY_DETAIL] samples=49152 raw_samples=49152 mb=12288 micro_mb=8192 logp_delta_abs=0.21919 old_logp=-62.92579 new_logp=-62.97657 adv_abs=0.56105 sde_steps=4
[TRAIN] mean_reward=1.94363 mean_len=50.68 recent_eps=100 completed_eps=2588877
[UPDATE_EFFECT] action_delta=0.01031475 param_rms_delta=0.00049477
[TIME] collect=3.501s update=0.262s
[DONE] timeout=0.00000 anchor_pos=0.03430 anchor_ori=0.00195 ee_body=0.44861
[TRACK_ROLLOUT] anchor_pos=0.57439 anchor_ori=0.69797 body_pos=0.78551 body_ori=0.43863 body_lin=0.47268 body_ang=0.37011
[ACT_SUMMARY] abs_mean=0.6633 abs_p95=0.9377 abs_p99=1.0346 abs_max=1.2660 legs=0.7496 waist=0.5889 arms=0.6053
[FRAME_DIAG] frame0_abs=0.6300 frame1_abs=0.6510 in_chunk_delta=0.3443 cross_chunk_delta=0.4115
[UPDATE] 353/1000 reward_step=0.03861 chunk=0.14783 done_frac=0.07697 mean_reward=2.24928 mean_len=55.84
[SFPO] loss=0.00994 policy_loss=-0.01165 value_loss=0.02160 ratio=0.9995 [0.051,29.208] clip=0.3544 kl_raw=0.048978 kl/step=0.012244 target_raw=0.0400 target/step=0.0100 kl_units=4 grad=2.2845 grad_c=0.1705 lr=0.000171 critic_lr=0.000171
[ROLLOUT] live=23.32 survive=0.53882 per_step=0.03787 episode_projection=18.93
[POLICY_DETAIL] samples=49152 raw_samples=49152 mb=12288 micro_mb=8192 logp_delta_abs=0.20819 old_logp=-62.93469 new_logp=-62.98150 adv_abs=0.55904 sde_steps=4
[TRAIN] mean_reward=2.24928 mean_len=55.84 recent_eps=100 completed_eps=2592660
[UPDATE_EFFECT] action_delta=0.01045468 param_rms_delta=0.00055274
[TIME] collect=3.599s update=0.272s
[DONE] timeout=0.00000 anchor_pos=0.03577 anchor_ori=0.00208 ee_body=0.45740
[TRACK_ROLLOUT] anchor_pos=0.57224 anchor_ori=0.69625 body_pos=0.78194 body_ori=0.43513 body_lin=0.47498 body_ang=0.37271
[ACT_SUMMARY] abs_mean=0.6625 abs_p95=0.9360 abs_p99=1.0339 abs_max=1.2696 legs=0.7522 waist=0.5868 arms=0.6019
[FRAME_DIAG] frame0_abs=0.6291 frame1_abs=0.6504 in_chunk_delta=0.3441 cross_chunk_delta=0.4120
[UPDATE] 354/1000 reward_step=0.03858 chunk=0.14766 done_frac=0.07583 mean_reward=1.86136 mean_len=49.88
[SFPO] loss=0.01099 policy_loss=-0.00841 value_loss=0.01940 ratio=1.0000 [0.010,31.887] clip=0.3876 kl_raw=0.060060 kl/step=0.015015 target_raw=0.0400 target/step=0.0100 kl_units=4 grad=2.3885 grad_c=0.1978 lr=0.000114 critic_lr=0.000114
[ROLLOUT] live=23.31 survive=0.54578 per_step=0.03782 episode_projection=18.91
[POLICY_DETAIL] samples=49152 raw_samples=49152 mb=12288 micro_mb=8192 logp_delta_abs=0.22993 old_logp=-62.89230 new_logp=-62.94850 adv_abs=0.56991 sde_steps=4
[TRAIN] mean_reward=1.86136 mean_len=49.88 recent_eps=100 completed_eps=2596387
[UPDATE_EFFECT] action_delta=0.00969791 param_rms_delta=0.00049967
[TIME] collect=3.568s update=0.260s
[DONE] timeout=0.00000 anchor_pos=0.03882 anchor_ori=0.00281 ee_body=0.44971
[TRACK_ROLLOUT] anchor_pos=0.57442 anchor_ori=0.69799 body_pos=0.78116 body_ori=0.43271 body_lin=0.47242 body_ang=0.37152
[ACT_SUMMARY] abs_mean=0.6598 abs_p95=0.9324 abs_p99=1.0309 abs_max=1.2815 legs=0.7481 waist=0.5864 arms=0.5999
[FRAME_DIAG] frame0_abs=0.6270 frame1_abs=0.6477 in_chunk_delta=0.3444 cross_chunk_delta=0.4121
[UPDATE] 355/1000 reward_step=0.03909 chunk=0.14961 done_frac=0.07550 mean_reward=2.18638 mean_len=55.00
[SFPO] loss=0.01085 policy_loss=-0.01019 value_loss=0.02103 ratio=0.9996 [0.019,12.296] clip=0.3491 kl_raw=0.048624 kl/step=0.012156 target_raw=0.0400 target/step=0.0100 kl_units=4 grad=2.3341 grad_c=0.2407 lr=0.000171 critic_lr=0.000171
[ROLLOUT] live=23.31 survive=0.54797 per_step=0.03832 episode_projection=19.16
[POLICY_DETAIL] samples=49152 raw_samples=49152 mb=12288 micro_mb=8192 logp_delta_abs=0.20578 old_logp=-62.91092 new_logp=-62.95712 adv_abs=0.56039 sde_steps=4
[TRAIN] mean_reward=2.18638 mean_len=55.00 recent_eps=100 completed_eps=2600098
[UPDATE_EFFECT] action_delta=0.00991146 param_rms_delta=0.00053284
[TIME] collect=3.587s update=0.261s
[DONE] timeout=0.00000 anchor_pos=0.03833 anchor_ori=0.00281 ee_body=0.44788
[TRACK_ROLLOUT] anchor_pos=0.57813 anchor_ori=0.70020 body_pos=0.78569 body_ori=0.44070 body_lin=0.47643 body_ang=0.37250
[ACT_SUMMARY] abs_mean=0.6592 abs_p95=0.9316 abs_p99=1.0303 abs_max=1.2655 legs=0.7458 waist=0.5824 arms=0.6014
[FRAME_DIAG] frame0_abs=0.6259 frame1_abs=0.6472 in_chunk_delta=0.3439 cross_chunk_delta=0.4111
[UPDATE] 356/1000 reward_step=0.03898 chunk=0.14927 done_frac=0.07562 mean_reward=1.96138 mean_len=50.24
[SFPO] loss=0.01116 policy_loss=-0.00975 value_loss=0.02091 ratio=1.0003 [0.009,18.224] clip=0.3557 kl_raw=0.049015 kl/step=0.012254 target_raw=0.0400 target/step=0.0100 kl_units=4 grad=2.4890 grad_c=0.3232 lr=0.000171 critic_lr=0.000171
[ROLLOUT] live=23.32 survive=0.54736 per_step=0.03822 episode_projection=19.11
[POLICY_DETAIL] samples=49152 raw_samples=49152 mb=12288 micro_mb=8192 logp_delta_abs=0.20860 old_logp=-62.90364 new_logp=-62.94975 adv_abs=0.56245 sde_steps=4
[TRAIN] mean_reward=1.96138 mean_len=50.24 recent_eps=100 completed_eps=2603815
[UPDATE_EFFECT] action_delta=0.01019346 param_rms_delta=0.00053261
[TIME] collect=3.459s update=0.259s
[DONE] timeout=0.00000 anchor_pos=0.03711 anchor_ori=0.00220 ee_body=0.44861
[TRACK_ROLLOUT] anchor_pos=0.57582 anchor_ori=0.69845 body_pos=0.78417 body_ori=0.43767 body_lin=0.47579 body_ang=0.37296
[ACT_SUMMARY] abs_mean=0.6600 abs_p95=0.9309 abs_p99=1.0313 abs_max=1.2535 legs=0.7469 waist=0.5838 arms=0.6018
[FRAME_DIAG] frame0_abs=0.6265 frame1_abs=0.6489 in_chunk_delta=0.3440 cross_chunk_delta=0.4117
[UPDATE] 357/1000 reward_step=0.03898 chunk=0.14916 done_frac=0.07489 mean_reward=1.85880 mean_len=48.28
[SFPO] loss=0.00876 policy_loss=-0.01255 value_loss=0.02131 ratio=1.0003 [0.027,18.447] clip=0.3550 kl_raw=0.048807 kl/step=0.012202 target_raw=0.0400 target/step=0.0100 kl_units=4 grad=2.2158 grad_c=0.3997 lr=0.000171 critic_lr=0.000171
[ROLLOUT] live=23.30 survive=0.55176 per_step=0.03821 episode_projection=19.11
[POLICY_DETAIL] samples=49152 raw_samples=49152 mb=12288 micro_mb=8192 logp_delta_abs=0.20812 old_logp=-62.90542 new_logp=-62.95142 adv_abs=0.56559 sde_steps=4
[TRAIN] mean_reward=1.85880 mean_len=48.28 recent_eps=100 completed_eps=2607496
[UPDATE_EFFECT] action_delta=0.00991870 param_rms_delta=0.00056255
[TIME] collect=3.477s update=0.269s
[DONE] timeout=0.00000 anchor_pos=0.03455 anchor_ori=0.00171 ee_body=0.44580
[TRACK_ROLLOUT] anchor_pos=0.57593 anchor_ori=0.70115 body_pos=0.78441 body_ori=0.43695 body_lin=0.47387 body_ang=0.37212
[ACT_SUMMARY] abs_mean=0.6615 abs_p95=0.9339 abs_p99=1.0323 abs_max=1.2997 legs=0.7476 waist=0.5836 arms=0.6044
[FRAME_DIAG] frame0_abs=0.6285 frame1_abs=0.6510 in_chunk_delta=0.3436 cross_chunk_delta=0.4111
[UPDATE] 358/1000 reward_step=0.03886 chunk=0.14882 done_frac=0.07550 mean_reward=2.00865 mean_len=52.44
[SFPO] loss=0.01083 policy_loss=-0.01115 value_loss=0.02198 ratio=0.9993 [0.032,14.688] clip=0.3519 kl_raw=0.047472 kl/step=0.011868 target_raw=0.0400 target/step=0.0100 kl_units=4 grad=2.3482 grad_c=0.2673 lr=0.000256 critic_lr=0.000256
[ROLLOUT] live=23.32 survive=0.54858 per_step=0.03811 episode_projection=19.06
[POLICY_DETAIL] samples=49152 raw_samples=49152 mb=12288 micro_mb=8192 logp_delta_abs=0.20583 old_logp=-62.90847 new_logp=-62.95418 adv_abs=0.55653 sde_steps=4
[TRAIN] mean_reward=2.00865 mean_len=52.44 recent_eps=100 completed_eps=2611207
[UPDATE_EFFECT] action_delta=0.01024981 param_rms_delta=0.00055036
[TIME] collect=3.540s update=0.261s
[DONE] timeout=0.00000 anchor_pos=0.03467 anchor_ori=0.00232 ee_body=0.44727
[TRACK_ROLLOUT] anchor_pos=0.57320 anchor_ori=0.69725 body_pos=0.78386 body_ori=0.43741 body_lin=0.47405 body_ang=0.37186
[ACT_SUMMARY] abs_mean=0.6637 abs_p95=0.9357 abs_p99=1.0347 abs_max=1.2823 legs=0.7510 waist=0.5838 arms=0.6061
[FRAME_DIAG] frame0_abs=0.6301 frame1_abs=0.6536 in_chunk_delta=0.3435 cross_chunk_delta=0.4102
[UPDATE] 359/1000 reward_step=0.03864 chunk=0.14795 done_frac=0.07593 mean_reward=1.82070 mean_len=48.32
[SFPO] loss=0.01082 policy_loss=-0.01102 value_loss=0.02184 ratio=0.9998 [0.039,13.657] clip=0.3529 kl_raw=0.047144 kl/step=0.011786 target_raw=0.0400 target/step=0.0100 kl_units=4 grad=2.3494 grad_c=0.3274 lr=0.000256 critic_lr=0.000256
[ROLLOUT] live=23.32 survive=0.54492 per_step=0.03789 episode_projection=18.95
[POLICY_DETAIL] samples=49152 raw_samples=49152 mb=12288 micro_mb=8192 logp_delta_abs=0.20596 old_logp=-62.91065 new_logp=-62.95560 adv_abs=0.56269 sde_steps=4
[TRAIN] mean_reward=1.82070 mean_len=48.32 recent_eps=100 completed_eps=2614939
[UPDATE_EFFECT] action_delta=0.00974457 param_rms_delta=0.00054361
[TIME] collect=3.567s update=0.259s
[DONE] timeout=0.00000 anchor_pos=0.03369 anchor_ori=0.00317 ee_body=0.45056
[TRACK_ROLLOUT] anchor_pos=0.57012 anchor_ori=0.69769 body_pos=0.78166 body_ori=0.43428 body_lin=0.47157 body_ang=0.37042
[ACT_SUMMARY] abs_mean=0.6649 abs_p95=0.9379 abs_p99=1.0359 abs_max=1.3067 legs=0.7525 waist=0.5865 arms=0.6065
[FRAME_DIAG] frame0_abs=0.6305 frame1_abs=0.6554 in_chunk_delta=0.3438 cross_chunk_delta=0.4106
[UPDATE] 360/1000 reward_step=0.03909 chunk=0.14976 done_frac=0.07408 mean_reward=2.07295 mean_len=51.88
[SFPO] loss=0.01506 policy_loss=-0.00829 value_loss=0.02335 ratio=0.9992 [0.023,12.324] clip=0.3685 kl_raw=0.051013 kl/step=0.012753 target_raw=0.0400 target/step=0.0100 kl_units=4 grad=2.5063 grad_c=0.2407 lr=0.000256 critic_lr=0.000256
[ROLLOUT] live=23.33 survive=0.55627 per_step=0.03832 episode_projection=19.16
[POLICY_DETAIL] samples=49152 raw_samples=49152 mb=12288 micro_mb=8192 logp_delta_abs=0.21497 old_logp=-62.90929 new_logp=-62.95828 adv_abs=0.56610 sde_steps=4
[TRAIN] mean_reward=2.07295 mean_len=51.88 recent_eps=100 completed_eps=2618580
[UPDATE_EFFECT] action_delta=0.01042634 param_rms_delta=0.00053833
[TIME] collect=3.501s update=0.261s
[DONE] timeout=0.00000 anchor_pos=0.03491 anchor_ori=0.00134 ee_body=0.44153
[TRACK_ROLLOUT] anchor_pos=0.57581 anchor_ori=0.70209 body_pos=0.78631 body_ori=0.44142 body_lin=0.47754 body_ang=0.37383
[ACT_SUMMARY] abs_mean=0.6666 abs_p95=0.9391 abs_p99=1.0358 abs_max=1.2557 legs=0.7557 waist=0.5885 arms=0.6071
[FRAME_DIAG] frame0_abs=0.6316 frame1_abs=0.6574 in_chunk_delta=0.3437 cross_chunk_delta=0.4109
[UPDATE] 361/1000 reward_step=0.03874 chunk=0.14833 done_frac=0.07501 mean_reward=2.00822 mean_len=51.60
[SFPO] loss=0.01410 policy_loss=-0.00828 value_loss=0.02238 ratio=0.9983 [0.013,11.900] clip=0.3737 kl_raw=0.052774 kl/step=0.013193 target_raw=0.0400 target/step=0.0100 kl_units=4 grad=2.4480 grad_c=0.3025 lr=0.000256 critic_lr=0.000256
[ROLLOUT] live=23.32 survive=0.55090 per_step=0.03798 episode_projection=18.99
[POLICY_DETAIL] samples=49152 raw_samples=49152 mb=12288 micro_mb=8192 logp_delta_abs=0.21837 old_logp=-62.88704 new_logp=-62.93850 adv_abs=0.55782 sde_steps=4
[TRAIN] mean_reward=2.00822 mean_len=51.60 recent_eps=100 completed_eps=2622267
[UPDATE_EFFECT] action_delta=0.01031057 param_rms_delta=0.00054077
[TIME] collect=3.512s update=0.274s
[DONE] timeout=0.00000 anchor_pos=0.03467 anchor_ori=0.00256 ee_body=0.44470
[TRACK_ROLLOUT] anchor_pos=0.56595 anchor_ori=0.69898 body_pos=0.78371 body_ori=0.43639 body_lin=0.47068 body_ang=0.37196
[ACT_SUMMARY] abs_mean=0.6637 abs_p95=0.9364 abs_p99=1.0367 abs_max=1.2653 legs=0.7496 waist=0.5872 arms=0.6064
[FRAME_DIAG] frame0_abs=0.6288 frame1_abs=0.6549 in_chunk_delta=0.3440 cross_chunk_delta=0.4122
[UPDATE] 362/1000 reward_step=0.03879 chunk=0.14852 done_frac=0.07554 mean_reward=1.89274 mean_len=48.92
[SFPO] loss=0.01566 policy_loss=-0.00794 value_loss=0.02360 ratio=0.9989 [0.023,36.596] clip=0.3752 kl_raw=0.053826 kl/step=0.013456 target_raw=0.0400 target/step=0.0100 kl_units=4 grad=2.4525 grad_c=0.3299 lr=0.000171 critic_lr=0.000171
[ROLLOUT] live=23.32 survive=0.54810 per_step=0.03804 episode_projection=19.02
[POLICY_DETAIL] samples=49152 raw_samples=49152 mb=12288 micro_mb=8192 logp_delta_abs=0.22001 old_logp=-62.88499 new_logp=-62.93681 adv_abs=0.55770 sde_steps=4
[TRAIN] mean_reward=1.89274 mean_len=48.92 recent_eps=100 completed_eps=2625980
[UPDATE_EFFECT] action_delta=0.01030082 param_rms_delta=0.00053247
[TIME] collect=3.452s update=0.283s
[DONE] timeout=0.00000 anchor_pos=0.03503 anchor_ori=0.00269 ee_body=0.44824
[TRACK_ROLLOUT] anchor_pos=0.57027 anchor_ori=0.69987 body_pos=0.78523 body_ori=0.43865 body_lin=0.47148 body_ang=0.37076
[ACT_SUMMARY] abs_mean=0.6631 abs_p95=0.9368 abs_p99=1.0358 abs_max=1.3248 legs=0.7483 waist=0.5870 arms=0.6065
[FRAME_DIAG] frame0_abs=0.6273 frame1_abs=0.6547 in_chunk_delta=0.3442 cross_chunk_delta=0.4128
[UPDATE] 363/1000 reward_step=0.03886 chunk=0.14879 done_frac=0.07469 mean_reward=1.90914 mean_len=49.52
[SFPO] loss=0.01103 policy_loss=-0.01103 value_loss=0.02207 ratio=0.9998 [0.005,12.685] clip=0.3494 kl_raw=0.046976 kl/step=0.011744 target_raw=0.0400 target/step=0.0100 kl_units=4 grad=2.4343 grad_c=0.2848 lr=0.000256 critic_lr=0.000256
[ROLLOUT] live=23.32 survive=0.55212 per_step=0.03810 episode_projection=19.05
[POLICY_DETAIL] samples=49152 raw_samples=49152 mb=12288 micro_mb=8192 logp_delta_abs=0.20446 old_logp=-62.94098 new_logp=-62.98571 adv_abs=0.57031 sde_steps=4
[TRAIN] mean_reward=1.90914 mean_len=49.52 recent_eps=100 completed_eps=2629651
[UPDATE_EFFECT] action_delta=0.00969524 param_rms_delta=0.00053975
[TIME] collect=3.434s update=0.266s
[DONE] timeout=0.00000 anchor_pos=0.03210 anchor_ori=0.00293 ee_body=0.44324
[TRACK_ROLLOUT] anchor_pos=0.56825 anchor_ori=0.69998 body_pos=0.78434 body_ori=0.43955 body_lin=0.47155 body_ang=0.37131
[ACT_SUMMARY] abs_mean=0.6633 abs_p95=0.9405 abs_p99=1.0378 abs_max=1.2983 legs=0.7471 waist=0.5834 arms=0.6085
[FRAME_DIAG] frame0_abs=0.6271 frame1_abs=0.6555 in_chunk_delta=0.3445 cross_chunk_delta=0.4133
[UPDATE] 364/1000 reward_step=0.03894 chunk=0.14920 done_frac=0.07385 mean_reward=2.02368 mean_len=52.76
[SFPO] loss=0.01565 policy_loss=-0.00757 value_loss=0.02323 ratio=0.9996 [0.049,11.912] clip=0.3670 kl_raw=0.051473 kl/step=0.012868 target_raw=0.0400 target/step=0.0100 kl_units=4 grad=2.5275 grad_c=0.2715 lr=0.000256 critic_lr=0.000256
[ROLLOUT] live=23.34 survive=0.55798 per_step=0.03817 episode_projection=19.08
[POLICY_DETAIL] samples=49152 raw_samples=49152 mb=12288 micro_mb=8192 logp_delta_abs=0.21503 old_logp=-62.90604 new_logp=-62.95507 adv_abs=0.56373 sde_steps=4
[TRAIN] mean_reward=2.02368 mean_len=52.76 recent_eps=100 completed_eps=2633281
[UPDATE_EFFECT] action_delta=0.01074545 param_rms_delta=0.00052770
[TIME] collect=3.512s update=0.269s
[DONE] timeout=0.00000 anchor_pos=0.03223 anchor_ori=0.00305 ee_body=0.43823
[TRACK_ROLLOUT] anchor_pos=0.56750 anchor_ori=0.69801 body_pos=0.78459 body_ori=0.44180 body_lin=0.47320 body_ang=0.37081
[ACT_SUMMARY] abs_mean=0.6632 abs_p95=0.9390 abs_p99=1.0396 abs_max=1.3006 legs=0.7465 waist=0.5852 arms=0.6086
[FRAME_DIAG] frame0_abs=0.6269 frame1_abs=0.6562 in_chunk_delta=0.3442 cross_chunk_delta=0.4135
[UPDATE] 365/1000 reward_step=0.03881 chunk=0.14849 done_frac=0.07597 mean_reward=1.95037 mean_len=51.44
[SFPO] loss=0.01558 policy_loss=-0.00761 value_loss=0.02319 ratio=0.9998 [0.000,26.252] clip=0.3718 kl_raw=0.053386 kl/step=0.013347 target_raw=0.0400 target/step=0.0100 kl_units=4 grad=2.4325 grad_c=0.2900 lr=0.000171 critic_lr=0.000171
[ROLLOUT] live=23.30 survive=0.54456 per_step=0.03805 episode_projection=19.02
[POLICY_DETAIL] samples=49152 raw_samples=49152 mb=12288 micro_mb=8192 logp_delta_abs=0.21822 old_logp=-62.92606 new_logp=-62.97658 adv_abs=0.55753 sde_steps=4
[TRAIN] mean_reward=1.95037 mean_len=51.44 recent_eps=100 completed_eps=2637015
[UPDATE_EFFECT] action_delta=0.00990893 param_rms_delta=0.00051266
[TIME] collect=3.339s update=0.267s
[DONE] timeout=0.00000 anchor_pos=0.03223 anchor_ori=0.00305 ee_body=0.45178
[TRACK_ROLLOUT] anchor_pos=0.56454 anchor_ori=0.70125 body_pos=0.78356 body_ori=0.43920 body_lin=0.47017 body_ang=0.37129
[ACT_SUMMARY] abs_mean=0.6669 abs_p95=0.9437 abs_p99=1.0439 abs_max=1.3405 legs=0.7514 waist=0.5884 arms=0.6112
[FRAME_DIAG] frame0_abs=0.6305 frame1_abs=0.6590 in_chunk_delta=0.3441 cross_chunk_delta=0.4133
[UPDATE] 366/1000 reward_step=0.03904 chunk=0.14955 done_frac=0.07467 mean_reward=2.18015 mean_len=55.68
[SFPO] loss=0.01366 policy_loss=-0.00988 value_loss=0.02354 ratio=1.0000 [0.010,20.709] clip=0.3616 kl_raw=0.051150 kl/step=0.012788 target_raw=0.0400 target/step=0.0100 kl_units=4 grad=2.3813 grad_c=0.2510 lr=0.000171 critic_lr=0.000171
[ROLLOUT] live=23.33 survive=0.55237 per_step=0.03827 episode_projection=19.14
[POLICY_DETAIL] samples=49152 raw_samples=49152 mb=12288 micro_mb=8192 logp_delta_abs=0.21272 old_logp=-62.92491 new_logp=-62.97319 adv_abs=0.55274 sde_steps=4
[TRAIN] mean_reward=2.18015 mean_len=55.68 recent_eps=100 completed_eps=2640685
[UPDATE_EFFECT] action_delta=0.00982537 param_rms_delta=0.00053133
[TIME] collect=3.501s update=0.259s
[DONE] timeout=0.00000 anchor_pos=0.02979 anchor_ori=0.00232 ee_body=0.44458
[TRACK_ROLLOUT] anchor_pos=0.56950 anchor_ori=0.69991 body_pos=0.78585 body_ori=0.44392 body_lin=0.47257 body_ang=0.37324
[ACT_SUMMARY] abs_mean=0.6697 abs_p95=0.9486 abs_p99=1.0494 abs_max=1.3215 legs=0.7534 waist=0.5888 arms=0.6152
[FRAME_DIAG] frame0_abs=0.6336 frame1_abs=0.6616 in_chunk_delta=0.3439 cross_chunk_delta=0.4123
[UPDATE] 367/1000 reward_step=0.03870 chunk=0.14826 done_frac=0.07434 mean_reward=1.97851 mean_len=51.80
[SFPO] loss=0.01278 policy_loss=-0.01055 value_loss=0.02332 ratio=0.9985 [0.029,11.445] clip=0.3589 kl_raw=0.049999 kl/step=0.012500 target_raw=0.0400 target/step=0.0100 kl_units=4 grad=2.3561 grad_c=0.2560 lr=0.000171 critic_lr=0.000171
[ROLLOUT] live=23.33 survive=0.55481 per_step=0.03794 episode_projection=18.97
[POLICY_DETAIL] samples=49152 raw_samples=49152 mb=12288 micro_mb=8192 logp_delta_abs=0.21066 old_logp=-62.89899 new_logp=-62.94749 adv_abs=0.55411 sde_steps=4
[TRAIN] mean_reward=1.97851 mean_len=51.80 recent_eps=100 completed_eps=2644339
[UPDATE_EFFECT] action_delta=0.00997539 param_rms_delta=0.00054410
[TIME] collect=3.574s update=0.264s
[DONE] timeout=0.00000 anchor_pos=0.03308 anchor_ori=0.00195 ee_body=0.44214
[TRACK_ROLLOUT] anchor_pos=0.56465 anchor_ori=0.69605 body_pos=0.78340 body_ori=0.43851 body_lin=0.46876 body_ang=0.37154
[ACT_SUMMARY] abs_mean=0.6679 abs_p95=0.9450 abs_p99=1.0453 abs_max=1.2814 legs=0.7512 waist=0.5904 arms=0.6130
[FRAME_DIAG] frame0_abs=0.6321 frame1_abs=0.6599 in_chunk_delta=0.3441 cross_chunk_delta=0.4130
[UPDATE] 368/1000 reward_step=0.03896 chunk=0.14919 done_frac=0.07452 mean_reward=1.91148 mean_len=49.88
[SFPO] loss=0.01266 policy_loss=-0.01119 value_loss=0.02385 ratio=0.9993 [0.025,15.833] clip=0.3551 kl_raw=0.049441 kl/step=0.012360 target_raw=0.0400 target/step=0.0100 kl_units=4 grad=2.3558 grad_c=0.2095 lr=0.000171 critic_lr=0.000171
[ROLLOUT] live=23.32 survive=0.55359 per_step=0.03820 episode_projection=19.10
[POLICY_DETAIL] samples=49152 raw_samples=49152 mb=12288 micro_mb=8192 logp_delta_abs=0.20879 old_logp=-62.93553 new_logp=-62.98293 adv_abs=0.55246 sde_steps=4
[TRAIN] mean_reward=1.91148 mean_len=49.88 recent_eps=100 completed_eps=2648002
[UPDATE_EFFECT] action_delta=0.01010405 param_rms_delta=0.00054556
[TIME] collect=3.612s update=0.285s
[DONE] timeout=0.00000 anchor_pos=0.03662 anchor_ori=0.00305 ee_body=0.44153
[TRACK_ROLLOUT] anchor_pos=0.56816 anchor_ori=0.69662 body_pos=0.78538 body_ori=0.44427 body_lin=0.46982 body_ang=0.37114
[ACT_SUMMARY] abs_mean=0.6681 abs_p95=0.9459 abs_p99=1.0454 abs_max=1.3774 legs=0.7512 waist=0.5875 arms=0.6141
[FRAME_DIAG] frame0_abs=0.6319 frame1_abs=0.6606 in_chunk_delta=0.3441 cross_chunk_delta=0.4120
[UPDATE] 369/1000 reward_step=0.03874 chunk=0.14826 done_frac=0.07505 mean_reward=1.88715 mean_len=50.48
[SFPO] loss=0.01246 policy_loss=-0.01142 value_loss=0.02388 ratio=1.0005 [0.013,11.824] clip=0.3603 kl_raw=0.050598 kl/step=0.012650 target_raw=0.0400 target/step=0.0100 kl_units=4 grad=2.3267 grad_c=0.1899 lr=0.000114 critic_lr=0.000114
[ROLLOUT] live=23.31 survive=0.55029 per_step=0.03798 episode_projection=18.99
[POLICY_DETAIL] samples=49152 raw_samples=49152 mb=12288 micro_mb=8192 logp_delta_abs=0.21145 old_logp=-62.90257 new_logp=-62.94987 adv_abs=0.55883 sde_steps=4
[TRAIN] mean_reward=1.88715 mean_len=50.48 recent_eps=100 completed_eps=2651691
[UPDATE_EFFECT] action_delta=0.00996167 param_rms_delta=0.00054592
[TIME] collect=3.623s update=0.280s
[DONE] timeout=0.00000 anchor_pos=0.03088 anchor_ori=0.00256 ee_body=0.44714
[TRACK_ROLLOUT] anchor_pos=0.56112 anchor_ori=0.69875 body_pos=0.78240 body_ori=0.43931 body_lin=0.46997 body_ang=0.37274
[ACT_SUMMARY] abs_mean=0.6717 abs_p95=0.9500 abs_p99=1.0483 abs_max=1.4062 legs=0.7564 waist=0.5917 arms=0.6161
[FRAME_DIAG] frame0_abs=0.6353 frame1_abs=0.6638 in_chunk_delta=0.3439 cross_chunk_delta=0.4132
[UPDATE] 370/1000 reward_step=0.03930 chunk=0.15052 done_frac=0.07334 mean_reward=1.97386 mean_len=50.64
[SFPO] loss=0.01413 policy_loss=-0.01027 value_loss=0.02440 ratio=1.0006 [0.015,17.601] clip=0.3828 kl_raw=0.059521 kl/step=0.014880 target_raw=0.0400 target/step=0.0100 kl_units=4 grad=2.2844 grad_c=0.6031 lr=0.000114 critic_lr=0.000114
[ROLLOUT] live=23.33 survive=0.56104 per_step=0.03853 episode_projection=19.27
[POLICY_DETAIL] samples=49152 raw_samples=49152 mb=12288 micro_mb=8192 logp_delta_abs=0.22789 old_logp=-62.92642 new_logp=-62.98159 adv_abs=0.56443 sde_steps=4
[TRAIN] mean_reward=1.97386 mean_len=50.64 recent_eps=100 completed_eps=2655296
[UPDATE_EFFECT] action_delta=0.00911261 param_rms_delta=0.00049478
[TIME] collect=3.513s update=0.267s
[DONE] timeout=0.00000 anchor_pos=0.03369 anchor_ori=0.00220 ee_body=0.43579
[TRACK_ROLLOUT] anchor_pos=0.56960 anchor_ori=0.70359 body_pos=0.78714 body_ori=0.44468 body_lin=0.47468 body_ang=0.37433
[ACT_SUMMARY] abs_mean=0.6717 abs_p95=0.9489 abs_p99=1.0453 abs_max=1.2618 legs=0.7558 waist=0.5943 arms=0.6163
[FRAME_DIAG] frame0_abs=0.6355 frame1_abs=0.6635 in_chunk_delta=0.3431 cross_chunk_delta=0.4119
[UPDATE] 371/1000 reward_step=0.03907 chunk=0.14963 done_frac=0.07458 mean_reward=1.87066 mean_len=47.40
[SFPO] loss=0.01188 policy_loss=-0.01125 value_loss=0.02313 ratio=0.9994 [0.000,11.797] clip=0.3609 kl_raw=0.050877 kl/step=0.012719 target_raw=0.0400 target/step=0.0100 kl_units=4 grad=2.2729 grad_c=0.2603 lr=0.000171 critic_lr=0.000171
[ROLLOUT] live=23.32 survive=0.55420 per_step=0.03831 episode_projection=19.15
[POLICY_DETAIL] samples=49152 raw_samples=49152 mb=12288 micro_mb=8192 logp_delta_abs=0.21174 old_logp=-62.91142 new_logp=-62.95995 adv_abs=0.56778 sde_steps=4
[TRAIN] mean_reward=1.87066 mean_len=47.40 recent_eps=100 completed_eps=2658962
[UPDATE_EFFECT] action_delta=0.00981980 param_rms_delta=0.00053661
[TIME] collect=3.378s update=0.285s
[DONE] timeout=0.00000 anchor_pos=0.03210 anchor_ori=0.00232 ee_body=0.44226
[TRACK_ROLLOUT] anchor_pos=0.56563 anchor_ori=0.70021 body_pos=0.78643 body_ori=0.44323 body_lin=0.47280 body_ang=0.37350
[ACT_SUMMARY] abs_mean=0.6707 abs_p95=0.9498 abs_p99=1.0493 abs_max=1.5101 legs=0.7531 waist=0.5934 arms=0.6166
[FRAME_DIAG] frame0_abs=0.6342 frame1_abs=0.6636 in_chunk_delta=0.3435 cross_chunk_delta=0.4125
[UPDATE] 372/1000 reward_step=0.03921 chunk=0.15030 done_frac=0.07395 mean_reward=2.09839 mean_len=53.84
[SFPO] loss=0.01366 policy_loss=-0.01048 value_loss=0.02414 ratio=1.0001 [0.018,16.402] clip=0.3566 kl_raw=0.049342 kl/step=0.012335 target_raw=0.0400 target/step=0.0100 kl_units=4 grad=2.3916 grad_c=0.2617 lr=0.000256 critic_lr=0.000256
[ROLLOUT] live=23.35 survive=0.55750 per_step=0.03845 episode_projection=19.23
[POLICY_DETAIL] samples=49152 raw_samples=49152 mb=12288 micro_mb=8192 logp_delta_abs=0.20936 old_logp=-62.88305 new_logp=-62.92974 adv_abs=0.55989 sde_steps=4
[TRAIN] mean_reward=2.09839 mean_len=53.84 recent_eps=100 completed_eps=2662597
[UPDATE_EFFECT] action_delta=0.01004664 param_rms_delta=0.00054487
[TIME] collect=3.443s update=0.261s
[DONE] timeout=0.00000 anchor_pos=0.03137 anchor_ori=0.00317 ee_body=0.43872
[TRACK_ROLLOUT] anchor_pos=0.56656 anchor_ori=0.70165 body_pos=0.78678 body_ori=0.44464 body_lin=0.47539 body_ang=0.37553
[ACT_SUMMARY] abs_mean=0.6709 abs_p95=0.9482 abs_p99=1.0471 abs_max=1.3211 legs=0.7539 waist=0.5938 arms=0.6162
[FRAME_DIAG] frame0_abs=0.6341 frame1_abs=0.6639 in_chunk_delta=0.3433 cross_chunk_delta=0.4119
[UPDATE] 373/1000 reward_step=0.03923 chunk=0.15039 done_frac=0.07161 mean_reward=2.01757 mean_len=51.40
[SFPO] loss=0.01635 policy_loss=-0.00844 value_loss=0.02479 ratio=0.9997 [0.037,13.105] clip=0.3675 kl_raw=0.051787 kl/step=0.012947 target_raw=0.0400 target/step=0.0100 kl_units=4 grad=2.5287 grad_c=0.2532 lr=0.000256 critic_lr=0.000256
[ROLLOUT] live=23.35 survive=0.57092 per_step=0.03846 episode_projection=19.23
[POLICY_DETAIL] samples=49152 raw_samples=49152 mb=12288 micro_mb=8192 logp_delta_abs=0.21537 old_logp=-62.92008 new_logp=-62.96925 adv_abs=0.55849 sde_steps=4
[TRAIN] mean_reward=2.01757 mean_len=51.40 recent_eps=100 completed_eps=2666117
[UPDATE_EFFECT] action_delta=0.01019712 param_rms_delta=0.00053272
[TIME] collect=3.640s update=0.277s
[DONE] timeout=0.00000 anchor_pos=0.03113 anchor_ori=0.00269 ee_body=0.42529
[TRACK_ROLLOUT] anchor_pos=0.56557 anchor_ori=0.70003 body_pos=0.78713 body_ori=0.44508 body_lin=0.47682 body_ang=0.37554
[ACT_SUMMARY] abs_mean=0.6699 abs_p95=0.9463 abs_p99=1.0452 abs_max=1.2772 legs=0.7516 waist=0.5914 arms=0.6167
[FRAME_DIAG] frame0_abs=0.6335 frame1_abs=0.6627 in_chunk_delta=0.3435 cross_chunk_delta=0.4117
[UPDATE] 374/1000 reward_step=0.03905 chunk=0.14960 done_frac=0.07399 mean_reward=2.05839 mean_len=52.92
[SFPO] loss=0.01704 policy_loss=-0.00730 value_loss=0.02434 ratio=0.9997 [0.030,24.942] clip=0.3737 kl_raw=0.054021 kl/step=0.013505 target_raw=0.0400 target/step=0.0100 kl_units=4 grad=2.5579 grad_c=0.2443 lr=0.000171 critic_lr=0.000171
[ROLLOUT] live=23.33 survive=0.55676 per_step=0.03828 episode_projection=19.14
[POLICY_DETAIL] samples=49152 raw_samples=49152 mb=12288 micro_mb=8192 logp_delta_abs=0.21991 old_logp=-62.89402 new_logp=-62.94526 adv_abs=0.55378 sde_steps=4
[TRAIN] mean_reward=2.05839 mean_len=52.92 recent_eps=100 completed_eps=2669754
[UPDATE_EFFECT] action_delta=0.01009228 param_rms_delta=0.00051977
[TIME] collect=3.577s update=0.267s
[DONE] timeout=0.00000 anchor_pos=0.03296 anchor_ori=0.00330 ee_body=0.43921
[TRACK_ROLLOUT] anchor_pos=0.56008 anchor_ori=0.70188 body_pos=0.78518 body_ori=0.44233 body_lin=0.47433 body_ang=0.37507
[ACT_SUMMARY] abs_mean=0.6695 abs_p95=0.9464 abs_p99=1.0467 abs_max=1.3094 legs=0.7517 waist=0.5910 arms=0.6158
[FRAME_DIAG] frame0_abs=0.6333 frame1_abs=0.6623 in_chunk_delta=0.3434 cross_chunk_delta=0.4118
[UPDATE] 375/1000 reward_step=0.03940 chunk=0.15106 done_frac=0.07231 mean_reward=1.99913 mean_len=51.60
[SFPO] loss=0.01368 policy_loss=-0.01003 value_loss=0.02370 ratio=1.0005 [0.014,15.376] clip=0.3581 kl_raw=0.050179 kl/step=0.012545 target_raw=0.0400 target/step=0.0100 kl_units=4 grad=2.4797 grad_c=0.3112 lr=0.000256 critic_lr=0.000256
[ROLLOUT] live=23.35 survive=0.56677 per_step=0.03864 episode_projection=19.32
[POLICY_DETAIL] samples=49152 raw_samples=49152 mb=12288 micro_mb=8192 logp_delta_abs=0.21064 old_logp=-62.90881 new_logp=-62.95576 adv_abs=0.55915 sde_steps=4
[TRAIN] mean_reward=1.99913 mean_len=51.60 recent_eps=100 completed_eps=2673308
[UPDATE_EFFECT] action_delta=0.01114012 param_rms_delta=0.00053280
[TIME] collect=3.348s update=0.269s
[DONE] timeout=0.00000 anchor_pos=0.03113 anchor_ori=0.00232 ee_body=0.42981
[TRACK_ROLLOUT] anchor_pos=0.56731 anchor_ori=0.70219 body_pos=0.78792 body_ori=0.44655 body_lin=0.47687 body_ang=0.37888
[ACT_SUMMARY] abs_mean=0.6715 abs_p95=0.9487 abs_p99=1.0456 abs_max=1.2947 legs=0.7565 waist=0.5925 arms=0.6155
[FRAME_DIAG] frame0_abs=0.6332 frame1_abs=0.6643 in_chunk_delta=0.3427 cross_chunk_delta=0.4117
[UPDATE] 376/1000 reward_step=0.03912 chunk=0.14990 done_frac=0.07371 mean_reward=2.10906 mean_len=53.96
[SFPO] loss=0.02053 policy_loss=-0.00583 value_loss=0.02636 ratio=1.0003 [0.006,16.544] clip=0.3830 kl_raw=0.057031 kl/step=0.014258 target_raw=0.0400 target/step=0.0100 kl_units=4 grad=2.6449 grad_c=0.3727 lr=0.000171 critic_lr=0.000171
[ROLLOUT] live=23.34 survive=0.55872 per_step=0.03836 episode_projection=19.18
[POLICY_DETAIL] samples=49152 raw_samples=49152 mb=12288 micro_mb=8192 logp_delta_abs=0.22582 old_logp=-62.90041 new_logp=-62.95375 adv_abs=0.54874 sde_steps=4
[TRAIN] mean_reward=2.10906 mean_len=53.96 recent_eps=100 completed_eps=2676931
[UPDATE_EFFECT] action_delta=0.00976929 param_rms_delta=0.00050547
[TIME] collect=3.390s update=0.262s
[DONE] timeout=0.00000 anchor_pos=0.03052 anchor_ori=0.00415 ee_body=0.43567
[TRACK_ROLLOUT] anchor_pos=0.56522 anchor_ori=0.69909 body_pos=0.78577 body_ori=0.44264 body_lin=0.47402 body_ang=0.37601
[ACT_SUMMARY] abs_mean=0.6747 abs_p95=0.9537 abs_p99=1.0524 abs_max=1.3655 legs=0.7600 waist=0.5951 arms=0.6186
[FRAME_DIAG] frame0_abs=0.6362 frame1_abs=0.6677 in_chunk_delta=0.3425 cross_chunk_delta=0.4125
[UPDATE] 377/1000 reward_step=0.03912 chunk=0.14982 done_frac=0.07424 mean_reward=1.94506 mean_len=50.20
[SFPO] loss=0.01496 policy_loss=-0.00976 value_loss=0.02473 ratio=0.9990 [0.007,12.324] clip=0.3649 kl_raw=0.051944 kl/step=0.012986 target_raw=0.0400 target/step=0.0100 kl_units=4 grad=2.4525 grad_c=0.3345 lr=0.000171 critic_lr=0.000171
[ROLLOUT] live=23.33 survive=0.55530 per_step=0.03833 episode_projection=19.17
[POLICY_DETAIL] samples=49152 raw_samples=49152 mb=12288 micro_mb=8192 logp_delta_abs=0.21467 old_logp=-62.93424 new_logp=-62.98416 adv_abs=0.56391 sde_steps=4
[TRAIN] mean_reward=1.94506 mean_len=50.20 recent_eps=100 completed_eps=2680580
[UPDATE_EFFECT] action_delta=0.00971906 param_rms_delta=0.00052105
[TIME] collect=3.466s update=0.263s
[DONE] timeout=0.00000 anchor_pos=0.03394 anchor_ori=0.00366 ee_body=0.44006
[TRACK_ROLLOUT] anchor_pos=0.56690 anchor_ori=0.70047 body_pos=0.78608 body_ori=0.44437 body_lin=0.47343 body_ang=0.37534
[ACT_SUMMARY] abs_mean=0.6736 abs_p95=0.9507 abs_p99=1.0506 abs_max=1.5739 legs=0.7561 waist=0.5959 arms=0.6195
[FRAME_DIAG] frame0_abs=0.6354 frame1_abs=0.6669 in_chunk_delta=0.3429 cross_chunk_delta=0.4133
[UPDATE] 378/1000 reward_step=0.03950 chunk=0.15151 done_frac=0.07137 mean_reward=1.96621 mean_len=52.84
[SFPO] loss=0.01498 policy_loss=-0.01018 value_loss=0.02516 ratio=0.9994 [0.036,14.709] clip=0.3627 kl_raw=0.050286 kl/step=0.012572 target_raw=0.0400 target/step=0.0100 kl_units=4 grad=2.4235 grad_c=0.2894 lr=0.000171 critic_lr=0.000171
[ROLLOUT] live=23.36 survive=0.57251 per_step=0.03873 episode_projection=19.36
[POLICY_DETAIL] samples=49152 raw_samples=49152 mb=12288 micro_mb=8192 logp_delta_abs=0.21228 old_logp=-62.92706 new_logp=-62.97531 adv_abs=0.56832 sde_steps=4
[TRAIN] mean_reward=1.96621 mean_len=52.84 recent_eps=100 completed_eps=2684088
[UPDATE_EFFECT] action_delta=0.00992723 param_rms_delta=0.00054047
[TIME] collect=3.511s update=0.261s
[DONE] timeout=0.00000 anchor_pos=0.02991 anchor_ori=0.00330 ee_body=0.42273
[TRACK_ROLLOUT] anchor_pos=0.57068 anchor_ori=0.70071 body_pos=0.78980 body_ori=0.44854 body_lin=0.47839 body_ang=0.37780
[ACT_SUMMARY] abs_mean=0.6729 abs_p95=0.9507 abs_p99=1.0493 abs_max=1.3016 legs=0.7542 waist=0.5948 arms=0.6199
[FRAME_DIAG] frame0_abs=0.6350 frame1_abs=0.6667 in_chunk_delta=0.3430 cross_chunk_delta=0.4121
[UPDATE] 379/1000 reward_step=0.03926 chunk=0.15056 done_frac=0.07182 mean_reward=2.10114 mean_len=52.92
[SFPO] loss=0.01609 policy_loss=-0.01003 value_loss=0.02613 ratio=0.9994 [0.011,13.452] clip=0.3532 kl_raw=0.049340 kl/step=0.012335 target_raw=0.0400 target/step=0.0100 kl_units=4 grad=2.5331 grad_c=0.2216 lr=0.000171 critic_lr=0.000171
[ROLLOUT] live=23.36 survive=0.56958 per_step=0.03850 episode_projection=19.25
[POLICY_DETAIL] samples=49152 raw_samples=49152 mb=12288 micro_mb=8192 logp_delta_abs=0.20825 old_logp=-62.92697 new_logp=-62.97412 adv_abs=0.55614 sde_steps=4
[TRAIN] mean_reward=2.10114 mean_len=52.92 recent_eps=100 completed_eps=2687618
[UPDATE_EFFECT] action_delta=0.00990851 param_rms_delta=0.00052057
[TIME] collect=3.590s update=0.265s
[DONE] timeout=0.00000 anchor_pos=0.02588 anchor_ori=0.00244 ee_body=0.42737
[TRACK_ROLLOUT] anchor_pos=0.56151 anchor_ori=0.70045 body_pos=0.78910 body_ori=0.44599 body_lin=0.47297 body_ang=0.37553
[ACT_SUMMARY] abs_mean=0.6719 abs_p95=0.9479 abs_p99=1.0455 abs_max=1.2881 legs=0.7541 waist=0.5926 arms=0.6184
[FRAME_DIAG] frame0_abs=0.6352 frame1_abs=0.6659 in_chunk_delta=0.3432 cross_chunk_delta=0.4120
[UPDATE] 380/1000 reward_step=0.03920 chunk=0.15028 done_frac=0.07166 mean_reward=2.20329 mean_len=54.96
[SFPO] loss=0.01443 policy_loss=-0.01035 value_loss=0.02477 ratio=1.0002 [0.039,22.676] clip=0.3526 kl_raw=0.047501 kl/step=0.011875 target_raw=0.0400 target/step=0.0100 kl_units=4 grad=2.5008 grad_c=0.2533 lr=0.000256 critic_lr=0.000256
[ROLLOUT] live=23.35 survive=0.57056 per_step=0.03843 episode_projection=19.21
[POLICY_DETAIL] samples=49152 raw_samples=49152 mb=12288 micro_mb=8192 logp_delta_abs=0.20612 old_logp=-62.92020 new_logp=-62.96526 adv_abs=0.56670 sde_steps=4
[TRAIN] mean_reward=2.20329 mean_len=54.96 recent_eps=100 completed_eps=2691140
[UPDATE_EFFECT] action_delta=0.01007124 param_rms_delta=0.00052829
[TIME] collect=3.427s update=0.263s
[DONE] timeout=0.00000 anchor_pos=0.03284 anchor_ori=0.00330 ee_body=0.42480
[TRACK_ROLLOUT] anchor_pos=0.55727 anchor_ori=0.70026 body_pos=0.78716 body_ori=0.44509 body_lin=0.47473 body_ang=0.37720
[ACT_SUMMARY] abs_mean=0.6727 abs_p95=0.9555 abs_p99=1.0530 abs_max=1.3443 legs=0.7558 waist=0.5894 arms=0.6194
[FRAME_DIAG] frame0_abs=0.6356 frame1_abs=0.6660 in_chunk_delta=0.3431 cross_chunk_delta=0.4119
[UPDATE] 381/1000 reward_step=0.03938 chunk=0.15095 done_frac=0.07302 mean_reward=2.18103 mean_len=53.84
[SFPO] loss=0.01656 policy_loss=-0.00858 value_loss=0.02514 ratio=0.9991 [0.003,11.367] clip=0.3622 kl_raw=0.050047 kl/step=0.012512 target_raw=0.0400 target/step=0.0100 kl_units=4 grad=2.6005 grad_c=0.2769 lr=0.000256 critic_lr=0.000256
[ROLLOUT] live=23.34 survive=0.56299 per_step=0.03860 episode_projection=19.30
[POLICY_DETAIL] samples=49152 raw_samples=49152 mb=12288 micro_mb=8192 logp_delta_abs=0.21207 old_logp=-62.90183 new_logp=-62.95002 adv_abs=0.56823 sde_steps=4
[TRAIN] mean_reward=2.18103 mean_len=53.84 recent_eps=100 completed_eps=2694729
[UPDATE_EFFECT] action_delta=0.01008000 param_rms_delta=0.00052527
[TIME] collect=3.442s update=0.261s
[DONE] timeout=0.00000 anchor_pos=0.03113 anchor_ori=0.00427 ee_body=0.43201
[TRACK_ROLLOUT] anchor_pos=0.56247 anchor_ori=0.70202 body_pos=0.78823 body_ori=0.44745 body_lin=0.47584 body_ang=0.37718
[ACT_SUMMARY] abs_mean=0.6761 abs_p95=0.9555 abs_p99=1.0533 abs_max=1.3211 legs=0.7589 waist=0.5968 arms=0.6222
[FRAME_DIAG] frame0_abs=0.6392 frame1_abs=0.6689 in_chunk_delta=0.3429 cross_chunk_delta=0.4126
[UPDATE] 382/1000 reward_step=0.03952 chunk=0.15145 done_frac=0.07141 mean_reward=2.03626 mean_len=50.56
[SFPO] loss=0.01980 policy_loss=-0.00642 value_loss=0.02621 ratio=0.9987 [0.016,12.275] clip=0.3706 kl_raw=0.053709 kl/step=0.013427 target_raw=0.0400 target/step=0.0100 kl_units=4 grad=2.7795 grad_c=0.3389 lr=0.000256 critic_lr=0.000256
[ROLLOUT] live=23.34 survive=0.57214 per_step=0.03873 episode_projection=19.37
[POLICY_DETAIL] samples=49152 raw_samples=49152 mb=12288 micro_mb=8192 logp_delta_abs=0.21874 old_logp=-62.90005 new_logp=-62.95183 adv_abs=0.56320 sde_steps=4
[TRAIN] mean_reward=2.03626 mean_len=50.56 recent_eps=100 completed_eps=2698239
[UPDATE_EFFECT] action_delta=0.01007529 param_rms_delta=0.00051152
[TIME] collect=3.640s update=0.264s
[DONE] timeout=0.00000 anchor_pos=0.02844 anchor_ori=0.00293 ee_body=0.42371
[TRACK_ROLLOUT] anchor_pos=0.56470 anchor_ori=0.70211 body_pos=0.78929 body_ori=0.44952 body_lin=0.47699 body_ang=0.37740
[ACT_SUMMARY] abs_mean=0.6775 abs_p95=0.9565 abs_p99=1.0563 abs_max=1.2960 legs=0.7592 waist=0.5942 arms=0.6253
[FRAME_DIAG] frame0_abs=0.6389 frame1_abs=0.6707 in_chunk_delta=0.3429 cross_chunk_delta=0.4125
[UPDATE] 383/1000 reward_step=0.03931 chunk=0.15067 done_frac=0.07338 mean_reward=2.03741 mean_len=53.12
[SFPO] loss=0.01749 policy_loss=-0.00784 value_loss=0.02533 ratio=1.0011 [0.019,38.393] clip=0.3651 kl_raw=0.050063 kl/step=0.012516 target_raw=0.0400 target/step=0.0100 kl_units=4 grad=2.6374 grad_c=0.3020 lr=0.000256 critic_lr=0.000256
[ROLLOUT] live=23.34 survive=0.56006 per_step=0.03854 episode_projection=19.27
[POLICY_DETAIL] samples=49152 raw_samples=49152 mb=12288 micro_mb=8192 logp_delta_abs=0.21290 old_logp=-62.93906 new_logp=-62.98566 adv_abs=0.56467 sde_steps=4
[TRAIN] mean_reward=2.03741 mean_len=53.12 recent_eps=100 completed_eps=2701846
[UPDATE_EFFECT] action_delta=0.00994306 param_rms_delta=0.00051406
[TIME] collect=3.626s update=0.265s
[DONE] timeout=0.00000 anchor_pos=0.02905 anchor_ori=0.00366 ee_body=0.43530
[TRACK_ROLLOUT] anchor_pos=0.56304 anchor_ori=0.70334 body_pos=0.78809 body_ori=0.44618 body_lin=0.47315 body_ang=0.37699
[ACT_SUMMARY] abs_mean=0.6770 abs_p95=0.9589 abs_p99=1.0566 abs_max=1.3003 legs=0.7582 waist=0.5956 arms=0.6248
[FRAME_DIAG] frame0_abs=0.6405 frame1_abs=0.6701 in_chunk_delta=0.3431 cross_chunk_delta=0.4126
[UPDATE] 384/1000 reward_step=0.03937 chunk=0.15092 done_frac=0.07086 mean_reward=2.21371 mean_len=55.16
[SFPO] loss=0.01620 policy_loss=-0.00910 value_loss=0.02530 ratio=0.9998 [0.009,13.551] clip=0.3657 kl_raw=0.051514 kl/step=0.012879 target_raw=0.0400 target/step=0.0100 kl_units=4 grad=2.5557 grad_c=0.4937 lr=0.000171 critic_lr=0.000171
[ROLLOUT] live=23.35 survive=0.57520 per_step=0.03859 episode_projection=19.30
[POLICY_DETAIL] samples=49152 raw_samples=49152 mb=12288 micro_mb=8192 logp_delta_abs=0.21457 old_logp=-62.88573 new_logp=-62.93464 adv_abs=0.56344 sde_steps=4
[TRAIN] mean_reward=2.21371 mean_len=55.16 recent_eps=100 completed_eps=2705329
[UPDATE_EFFECT] action_delta=0.00997263 param_rms_delta=0.00052631
[TIME] collect=3.541s update=0.267s
[DONE] timeout=0.00000 anchor_pos=0.03113 anchor_ori=0.00391 ee_body=0.42004
[TRACK_ROLLOUT] anchor_pos=0.56211 anchor_ori=0.70105 body_pos=0.79019 body_ori=0.44731 body_lin=0.47521 body_ang=0.37784
[ACT_SUMMARY] abs_mean=0.6802 abs_p95=0.9625 abs_p99=1.0610 abs_max=1.3157 legs=0.7632 waist=0.5991 arms=0.6264
[FRAME_DIAG] frame0_abs=0.6436 frame1_abs=0.6737 in_chunk_delta=0.3431 cross_chunk_delta=0.4116
[UPDATE] 385/1000 reward_step=0.03918 chunk=0.15005 done_frac=0.07365 mean_reward=1.81745 mean_len=47.32
[SFPO] loss=0.01281 policy_loss=-0.01106 value_loss=0.02386 ratio=1.0002 [0.001,11.258] clip=0.3478 kl_raw=0.047849 kl/step=0.011962 target_raw=0.0400 target/step=0.0100 kl_units=4 grad=2.4455 grad_c=0.2570 lr=0.000171 critic_lr=0.000171
[ROLLOUT] live=23.32 survive=0.55908 per_step=0.03842 episode_projection=19.21
[POLICY_DETAIL] samples=49152 raw_samples=49152 mb=12288 micro_mb=8192 logp_delta_abs=0.20487 old_logp=-62.92820 new_logp=-62.97321 adv_abs=0.56162 sde_steps=4
[TRAIN] mean_reward=1.81745 mean_len=47.32 recent_eps=100 completed_eps=2708949
[UPDATE_EFFECT] action_delta=0.01005506 param_rms_delta=0.00051012
[TIME] collect=3.659s update=0.261s
[DONE] timeout=0.00000 anchor_pos=0.03088 anchor_ori=0.00391 ee_body=0.43567
[TRACK_ROLLOUT] anchor_pos=0.56119 anchor_ori=0.70124 body_pos=0.78715 body_ori=0.44481 body_lin=0.47098 body_ang=0.37518
[ACT_SUMMARY] abs_mean=0.6767 abs_p95=0.9582 abs_p99=1.0571 abs_max=1.3119 legs=0.7579 waist=0.5962 arms=0.6244
[FRAME_DIAG] frame0_abs=0.6402 frame1_abs=0.6705 in_chunk_delta=0.3431 cross_chunk_delta=0.4110
[UPDATE] 386/1000 reward_step=0.03951 chunk=0.15147 done_frac=0.07133 mean_reward=1.88104 mean_len=50.32
[SFPO] loss=0.01088 policy_loss=-0.01200 value_loss=0.02288 ratio=0.9987 [0.017,16.327] clip=0.3563 kl_raw=0.049359 kl/step=0.012340 target_raw=0.0400 target/step=0.0100 kl_units=4 grad=2.3656 grad_c=0.1652 lr=0.000171 critic_lr=0.000171
[ROLLOUT] live=23.35 survive=0.57300 per_step=0.03874 episode_projection=19.37
[POLICY_DETAIL] samples=49152 raw_samples=49152 mb=12288 micro_mb=8192 logp_delta_abs=0.20900 old_logp=-62.89678 new_logp=-62.94462 adv_abs=0.57079 sde_steps=4
[TRAIN] mean_reward=1.88104 mean_len=50.32 recent_eps=100 completed_eps=2712455
[UPDATE_EFFECT] action_delta=0.01015992 param_rms_delta=0.00054665
[TIME] collect=3.602s update=0.263s
[DONE] timeout=0.00000 anchor_pos=0.02710 anchor_ori=0.00354 ee_body=0.42297
[TRACK_ROLLOUT] anchor_pos=0.56721 anchor_ori=0.70480 body_pos=0.78935 body_ori=0.44771 body_lin=0.47499 body_ang=0.37769
[ACT_SUMMARY] abs_mean=0.6809 abs_p95=0.9648 abs_p99=1.0651 abs_max=1.3370 legs=0.7639 waist=0.5999 arms=0.6270
[FRAME_DIAG] frame0_abs=0.6434 frame1_abs=0.6742 in_chunk_delta=0.3427 cross_chunk_delta=0.4107
[UPDATE] 387/1000 reward_step=0.03927 chunk=0.15036 done_frac=0.07481 mean_reward=2.31489 mean_len=57.68
[SFPO] loss=0.01491 policy_loss=-0.01010 value_loss=0.02501 ratio=0.9990 [0.012,13.395] clip=0.3446 kl_raw=0.045830 kl/step=0.011458 target_raw=0.0400 target/step=0.0100 kl_units=4 grad=2.5410 grad_c=0.2607 lr=0.000256 critic_lr=0.000256
[ROLLOUT] live=23.32 survive=0.55286 per_step=0.03850 episode_projection=19.25
[POLICY_DETAIL] samples=49152 raw_samples=49152 mb=12288 micro_mb=8192 logp_delta_abs=0.20189 old_logp=-62.90495 new_logp=-62.94933 adv_abs=0.55889 sde_steps=4
[TRAIN] mean_reward=2.31489 mean_len=57.68 recent_eps=100 completed_eps=2716132
[UPDATE_EFFECT] action_delta=0.00975478 param_rms_delta=0.00052132
[TIME] collect=3.555s update=0.295s
[DONE] timeout=0.00000 anchor_pos=0.03210 anchor_ori=0.00269 ee_body=0.44336
[TRACK_ROLLOUT] anchor_pos=0.56523 anchor_ori=0.70421 body_pos=0.78660 body_ori=0.44497 body_lin=0.47118 body_ang=0.37579
[ACT_SUMMARY] abs_mean=0.6810 abs_p95=0.9637 abs_p99=1.0653 abs_max=1.2910 legs=0.7625 waist=0.6007 arms=0.6283
[FRAME_DIAG] frame0_abs=0.6444 frame1_abs=0.6749 in_chunk_delta=0.3426 cross_chunk_delta=0.4108
[UPDATE] 388/1000 reward_step=0.03985 chunk=0.15285 done_frac=0.07068 mean_reward=1.99087 mean_len=51.96
[SFPO] loss=0.02037 policy_loss=-0.00384 value_loss=0.02420 ratio=0.9996 [0.006,62.887] clip=0.3786 kl_raw=0.058411 kl/step=0.014603 target_raw=0.0400 target/step=0.0100 kl_units=4 grad=3.0982 grad_c=0.2152 lr=0.000171 critic_lr=0.000171
[ROLLOUT] live=23.36 survive=0.57629 per_step=0.03907 episode_projection=19.54
[POLICY_DETAIL] samples=49152 raw_samples=49152 mb=12288 micro_mb=8192 logp_delta_abs=0.22619 old_logp=-62.92428 new_logp=-62.97947 adv_abs=0.57138 sde_steps=4
[TRAIN] mean_reward=1.99087 mean_len=51.96 recent_eps=100 completed_eps=2719606
[UPDATE_EFFECT] action_delta=0.00988791 param_rms_delta=0.00047544
[TIME] collect=3.598s update=0.264s
[DONE] timeout=0.00000 anchor_pos=0.03015 anchor_ori=0.00293 ee_body=0.41980
[TRACK_ROLLOUT] anchor_pos=0.57022 anchor_ori=0.70488 body_pos=0.79217 body_ori=0.45185 body_lin=0.47878 body_ang=0.38082
[ACT_SUMMARY] abs_mean=0.6837 abs_p95=0.9670 abs_p99=1.0668 abs_max=1.3490 legs=0.7643 waist=0.6006 arms=0.6325
[FRAME_DIAG] frame0_abs=0.6469 frame1_abs=0.6773 in_chunk_delta=0.3420 cross_chunk_delta=0.4094
[UPDATE] 389/1000 reward_step=0.03965 chunk=0.15198 done_frac=0.07251 mean_reward=2.06313 mean_len=52.44
[SFPO] loss=0.01526 policy_loss=-0.01029 value_loss=0.02555 ratio=0.9994 [0.019,23.425] clip=0.3644 kl_raw=0.053338 kl/step=0.013335 target_raw=0.0400 target/step=0.0100 kl_units=4 grad=2.5252 grad_c=0.2505 lr=0.000171 critic_lr=0.000171
[ROLLOUT] live=23.35 survive=0.56592 per_step=0.03887 episode_projection=19.43
[POLICY_DETAIL] samples=49152 raw_samples=49152 mb=12288 micro_mb=8192 logp_delta_abs=0.21592 old_logp=-62.91556 new_logp=-62.96622 adv_abs=0.56166 sde_steps=4
[TRAIN] mean_reward=2.06313 mean_len=52.44 recent_eps=100 completed_eps=2723170
[UPDATE_EFFECT] action_delta=0.00990323 param_rms_delta=0.00052593
[TIME] collect=3.577s update=0.301s
[DONE] timeout=0.00000 anchor_pos=0.02710 anchor_ori=0.00391 ee_body=0.42896
[TRACK_ROLLOUT] anchor_pos=0.56471 anchor_ori=0.70544 body_pos=0.79000 body_ori=0.44980 body_lin=0.47676 body_ang=0.37983
[ACT_SUMMARY] abs_mean=0.6804 abs_p95=0.9640 abs_p99=1.0613 abs_max=1.2877 legs=0.7602 waist=0.5966 arms=0.6299
[FRAME_DIAG] frame0_abs=0.6445 frame1_abs=0.6740 in_chunk_delta=0.3423 cross_chunk_delta=0.4106
[UPDATE] 390/1000 reward_step=0.03977 chunk=0.15263 done_frac=0.06982 mean_reward=2.26602 mean_len=55.76
[SFPO] loss=0.01607 policy_loss=-0.00792 value_loss=0.02399 ratio=1.0003 [0.012,27.244] clip=0.3748 kl_raw=0.057225 kl/step=0.014306 target_raw=0.0400 target/step=0.0100 kl_units=4 grad=2.6716 grad_c=0.2256 lr=0.000114 critic_lr=0.000114
[ROLLOUT] live=23.38 survive=0.58154 per_step=0.03899 episode_projection=19.49
[POLICY_DETAIL] samples=49152 raw_samples=49152 mb=12288 micro_mb=8192 logp_delta_abs=0.22287 old_logp=-62.88511 new_logp=-62.93846 adv_abs=0.56652 sde_steps=4
[TRAIN] mean_reward=2.26602 mean_len=55.76 recent_eps=100 completed_eps=2726602
[UPDATE_EFFECT] action_delta=0.00820602 param_rms_delta=0.00043163
[TIME] collect=3.528s update=0.275s
[DONE] timeout=0.00000 anchor_pos=0.02905 anchor_ori=0.00403 ee_body=0.41357
[TRACK_ROLLOUT] anchor_pos=0.56233 anchor_ori=0.70785 body_pos=0.79149 body_ori=0.45215 body_lin=0.47599 body_ang=0.37909
[ACT_SUMMARY] abs_mean=0.6790 abs_p95=0.9602 abs_p99=1.0618 abs_max=1.3753 legs=0.7584 waist=0.5959 arms=0.6288
[FRAME_DIAG] frame0_abs=0.6431 frame1_abs=0.6723 in_chunk_delta=0.3423 cross_chunk_delta=0.4098
[UPDATE] 391/1000 reward_step=0.03967 chunk=0.15206 done_frac=0.07336 mean_reward=2.07290 mean_len=52.64
[SFPO] loss=0.01420 policy_loss=-0.01014 value_loss=0.02434 ratio=1.0000 [0.030,12.999] clip=0.3525 kl_raw=0.049412 kl/step=0.012353 target_raw=0.0400 target/step=0.0100 kl_units=4 grad=2.3574 grad_c=0.2556 lr=0.000171 critic_lr=0.000171
[ROLLOUT] live=23.35 survive=0.56042 per_step=0.03889 episode_projection=19.45
[POLICY_DETAIL] samples=49152 raw_samples=49152 mb=12288 micro_mb=8192 logp_delta_abs=0.20766 old_logp=-62.93134 new_logp=-62.97795 adv_abs=0.56116 sde_steps=4
[TRAIN] mean_reward=2.07290 mean_len=52.64 recent_eps=100 completed_eps=2730208
[UPDATE_EFFECT] action_delta=0.00975358 param_rms_delta=0.00052464
[TIME] collect=3.417s update=0.264s
[DONE] timeout=0.00000 anchor_pos=0.02661 anchor_ori=0.00391 ee_body=0.43542
[TRACK_ROLLOUT] anchor_pos=0.56162 anchor_ori=0.71207 body_pos=0.79070 body_ori=0.44947 body_lin=0.47314 body_ang=0.37789
[ACT_SUMMARY] abs_mean=0.6767 abs_p95=0.9578 abs_p99=1.0572 abs_max=1.2895 legs=0.7558 waist=0.5975 arms=0.6258
[FRAME_DIAG] frame0_abs=0.6407 frame1_abs=0.6705 in_chunk_delta=0.3422 cross_chunk_delta=0.4101
[UPDATE] 392/1000 reward_step=0.03987 chunk=0.15302 done_frac=0.07001 mean_reward=2.23312 mean_len=55.28
[SFPO] loss=0.01708 policy_loss=-0.00876 value_loss=0.02584 ratio=1.0003 [0.005,18.521] clip=0.3858 kl_raw=0.057031 kl/step=0.014258 target_raw=0.0400 target/step=0.0100 kl_units=4 grad=2.3033 grad_c=0.5352 lr=0.000171 critic_lr=0.000171
[ROLLOUT] live=23.38 survive=0.58057 per_step=0.03908 episode_projection=19.54
[POLICY_DETAIL] samples=49152 raw_samples=49152 mb=12288 micro_mb=8192 logp_delta_abs=0.22593 old_logp=-62.89187 new_logp=-62.94519 adv_abs=0.56053 sde_steps=4
[TRAIN] mean_reward=2.23312 mean_len=55.28 recent_eps=100 completed_eps=2733649
[UPDATE_EFFECT] action_delta=0.00936856 param_rms_delta=0.00049481
[TIME] collect=3.470s update=0.269s
[DONE] timeout=0.00000 anchor_pos=0.02795 anchor_ori=0.00256 ee_body=0.41541
[TRACK_ROLLOUT] anchor_pos=0.56299 anchor_ori=0.71305 body_pos=0.79253 body_ori=0.45169 body_lin=0.47675 body_ang=0.37982
[ACT_SUMMARY] abs_mean=0.6768 abs_p95=0.9521 abs_p99=1.0531 abs_max=1.3256 legs=0.7573 waist=0.5961 arms=0.6251
[FRAME_DIAG] frame0_abs=0.6420 frame1_abs=0.6713 in_chunk_delta=0.3422 cross_chunk_delta=0.4093
[UPDATE] 393/1000 reward_step=0.03963 chunk=0.15191 done_frac=0.07255 mean_reward=2.23504 mean_len=56.40
[SFPO] loss=0.01211 policy_loss=-0.01108 value_loss=0.02319 ratio=1.0000 [0.026,10.908] clip=0.3667 kl_raw=0.051608 kl/step=0.012902 target_raw=0.0400 target/step=0.0100 kl_units=4 grad=2.3251 grad_c=0.3352 lr=0.000171 critic_lr=0.000171
[ROLLOUT] live=23.35 survive=0.56543 per_step=0.03884 episode_projection=19.42
[POLICY_DETAIL] samples=49152 raw_samples=49152 mb=12288 micro_mb=8192 logp_delta_abs=0.21460 old_logp=-62.89529 new_logp=-62.94404 adv_abs=0.57041 sde_steps=4
[TRAIN] mean_reward=2.23504 mean_len=56.40 recent_eps=100 completed_eps=2737215
[UPDATE_EFFECT] action_delta=0.01015010 param_rms_delta=0.00053550
[TIME] collect=3.471s update=0.262s
[DONE] timeout=0.00000 anchor_pos=0.02979 anchor_ori=0.00439 ee_body=0.42871
[TRACK_ROLLOUT] anchor_pos=0.56098 anchor_ori=0.70918 body_pos=0.78924 body_ori=0.45059 body_lin=0.47307 body_ang=0.37834
[ACT_SUMMARY] abs_mean=0.6784 abs_p95=0.9547 abs_p99=1.0536 abs_max=1.2849 legs=0.7600 waist=0.5947 arms=0.6263
[FRAME_DIAG] frame0_abs=0.6430 frame1_abs=0.6731 in_chunk_delta=0.3416 cross_chunk_delta=0.4104
[UPDATE] 394/1000 reward_step=0.03962 chunk=0.15191 done_frac=0.07255 mean_reward=2.13674 mean_len=54.96
[SFPO] loss=0.01305 policy_loss=-0.01036 value_loss=0.02341 ratio=0.9988 [0.000,15.037] clip=0.3580 kl_raw=0.049366 kl/step=0.012342 target_raw=0.0400 target/step=0.0100 kl_units=4 grad=2.4027 grad_c=0.3684 lr=0.000171 critic_lr=0.000171
[ROLLOUT] live=23.35 survive=0.56604 per_step=0.03885 episode_projection=19.42
[POLICY_DETAIL] samples=49152 raw_samples=49152 mb=12288 micro_mb=8192 logp_delta_abs=0.20937 old_logp=-62.90251 new_logp=-62.94994 adv_abs=0.56667 sde_steps=4
[TRAIN] mean_reward=2.13674 mean_len=54.96 recent_eps=100 completed_eps=2740781
[UPDATE_EFFECT] action_delta=0.00985811 param_rms_delta=0.00051330
[TIME] collect=3.577s update=0.260s
[DONE] timeout=0.00000 anchor_pos=0.02612 anchor_ori=0.00354 ee_body=0.42932
[TRACK_ROLLOUT] anchor_pos=0.56330 anchor_ori=0.70734 body_pos=0.78910 body_ori=0.44984 body_lin=0.47310 body_ang=0.37850
[ACT_SUMMARY] abs_mean=0.6818 abs_p95=0.9595 abs_p99=1.0581 abs_max=1.4869 legs=0.7641 waist=0.5978 arms=0.6294
[FRAME_DIAG] frame0_abs=0.6484 frame1_abs=0.6768 in_chunk_delta=0.3417 cross_chunk_delta=0.4090
[UPDATE] 395/1000 reward_step=0.03964 chunk=0.15200 done_frac=0.07161 mean_reward=2.22056 mean_len=55.28
[SFPO] loss=0.01499 policy_loss=-0.00943 value_loss=0.02441 ratio=0.9993 [0.015,29.133] clip=0.3678 kl_raw=0.053074 kl/step=0.013268 target_raw=0.0400 target/step=0.0100 kl_units=4 grad=2.4100 grad_c=0.2499 lr=0.000171 critic_lr=0.000171
[ROLLOUT] live=23.35 survive=0.57068 per_step=0.03887 episode_projection=19.43
[POLICY_DETAIL] samples=49152 raw_samples=49152 mb=12288 micro_mb=8192 logp_delta_abs=0.21659 old_logp=-62.90248 new_logp=-62.95325 adv_abs=0.55310 sde_steps=4
[TRAIN] mean_reward=2.22056 mean_len=55.28 recent_eps=100 completed_eps=2744301
[UPDATE_EFFECT] action_delta=0.00960893 param_rms_delta=0.00053001
[TIME] collect=3.607s update=0.270s
[DONE] timeout=0.00000 anchor_pos=0.02869 anchor_ori=0.00354 ee_body=0.42542
[TRACK_ROLLOUT] anchor_pos=0.56506 anchor_ori=0.70830 body_pos=0.78983 body_ori=0.44922 body_lin=0.47202 body_ang=0.37849
[ACT_SUMMARY] abs_mean=0.6837 abs_p95=0.9666 abs_p99=1.0644 abs_max=1.3609 legs=0.7668 waist=0.5993 arms=0.6306
[FRAME_DIAG] frame0_abs=0.6502 frame1_abs=0.6791 in_chunk_delta=0.3415 cross_chunk_delta=0.4088
[UPDATE] 396/1000 reward_step=0.03968 chunk=0.15219 done_frac=0.07216 mean_reward=2.00194 mean_len=51.60
[SFPO] loss=0.01536 policy_loss=-0.00900 value_loss=0.02436 ratio=0.9999 [0.042,25.804] clip=0.3651 kl_raw=0.051809 kl/step=0.012952 target_raw=0.0400 target/step=0.0100 kl_units=4 grad=2.6279 grad_c=0.2553 lr=0.000171 critic_lr=0.000171
[ROLLOUT] live=23.36 survive=0.56775 per_step=0.03890 episode_projection=19.45
[POLICY_DETAIL] samples=49152 raw_samples=49152 mb=12288 micro_mb=8192 logp_delta_abs=0.21470 old_logp=-62.89579 new_logp=-62.94488 adv_abs=0.56441 sde_steps=4
[TRAIN] mean_reward=2.00194 mean_len=51.60 recent_eps=100 completed_eps=2747848
[UPDATE_EFFECT] action_delta=0.00984736 param_rms_delta=0.00051882
[TIME] collect=3.504s update=0.270s
[DONE] timeout=0.00000 anchor_pos=0.02954 anchor_ori=0.00293 ee_body=0.42859
[TRACK_ROLLOUT] anchor_pos=0.56312 anchor_ori=0.70736 body_pos=0.78974 body_ori=0.45042 body_lin=0.47330 body_ang=0.37889
[ACT_SUMMARY] abs_mean=0.6820 abs_p95=0.9631 abs_p99=1.0611 abs_max=1.2756 legs=0.7645 waist=0.5974 arms=0.6294
[FRAME_DIAG] frame0_abs=0.6494 frame1_abs=0.6782 in_chunk_delta=0.3418 cross_chunk_delta=0.4088
[UPDATE] 397/1000 reward_step=0.03965 chunk=0.15194 done_frac=0.07180 mean_reward=2.12441 mean_len=53.20
[SFPO] loss=0.01511 policy_loss=-0.00987 value_loss=0.02498 ratio=0.9994 [0.024,20.108] clip=0.3557 kl_raw=0.049823 kl/step=0.012456 target_raw=0.0400 target/step=0.0100 kl_units=4 grad=2.6331 grad_c=0.3614 lr=0.000256 critic_lr=0.000256
[ROLLOUT] live=23.34 survive=0.57007 per_step=0.03887 episode_projection=19.43
[POLICY_DETAIL] samples=49152 raw_samples=49152 mb=12288 micro_mb=8192 logp_delta_abs=0.20960 old_logp=-62.90680 new_logp=-62.95454 adv_abs=0.56354 sde_steps=4
[TRAIN] mean_reward=2.12441 mean_len=53.20 recent_eps=100 completed_eps=2751377
[UPDATE_EFFECT] action_delta=0.00992823 param_rms_delta=0.00051920
[TIME] collect=3.566s update=0.264s
[DONE] timeout=0.00000 anchor_pos=0.03040 anchor_ori=0.00330 ee_body=0.42627
[TRACK_ROLLOUT] anchor_pos=0.56211 anchor_ori=0.71105 body_pos=0.79010 body_ori=0.45163 body_lin=0.47169 body_ang=0.37834
[ACT_SUMMARY] abs_mean=0.6827 abs_p95=0.9655 abs_p99=1.0632 abs_max=1.2763 legs=0.7662 waist=0.6008 arms=0.6286
[FRAME_DIAG] frame0_abs=0.6482 frame1_abs=0.6794 in_chunk_delta=0.3417 cross_chunk_delta=0.4099
[UPDATE] 398/1000 reward_step=0.03964 chunk=0.15196 done_frac=0.07190 mean_reward=2.10894 mean_len=52.52
[SFPO] loss=0.02302 policy_loss=-0.00366 value_loss=0.02668 ratio=0.9996 [0.002,16.312] clip=0.3746 kl_raw=0.056671 kl/step=0.014168 target_raw=0.0400 target/step=0.0100 kl_units=4 grad=2.9735 grad_c=0.2688 lr=0.000171 critic_lr=0.000171
[ROLLOUT] live=23.35 survive=0.56934 per_step=0.03886 episode_projection=19.43
[POLICY_DETAIL] samples=49152 raw_samples=49152 mb=12288 micro_mb=8192 logp_delta_abs=0.22276 old_logp=-62.93248 new_logp=-62.98598 adv_abs=0.55923 sde_steps=4
[TRAIN] mean_reward=2.10894 mean_len=52.52 recent_eps=100 completed_eps=2754911
[UPDATE_EFFECT] action_delta=0.00999685 param_rms_delta=0.00047350
[TIME] collect=3.489s update=0.262s
[DONE] timeout=0.00000 anchor_pos=0.03101 anchor_ori=0.00366 ee_body=0.42627
[TRACK_ROLLOUT] anchor_pos=0.56323 anchor_ori=0.70852 body_pos=0.78954 body_ori=0.45097 body_lin=0.47258 body_ang=0.37785
[ACT_SUMMARY] abs_mean=0.6815 abs_p95=0.9620 abs_p99=1.0578 abs_max=1.3639 legs=0.7637 waist=0.6013 arms=0.6282
[FRAME_DIAG] frame0_abs=0.6482 frame1_abs=0.6777 in_chunk_delta=0.3420 cross_chunk_delta=0.4105
[UPDATE] 399/1000 reward_step=0.04000 chunk=0.15353 done_frac=0.06917 mean_reward=2.08514 mean_len=52.28
[SFPO] loss=0.01391 policy_loss=-0.01180 value_loss=0.02572 ratio=0.9999 [0.016,11.391] clip=0.3574 kl_raw=0.049735 kl/step=0.012434 target_raw=0.0400 target/step=0.0100 kl_units=4 grad=2.3320 grad_c=0.2824 lr=0.000171 critic_lr=0.000171
[ROLLOUT] live=23.38 survive=0.58533 per_step=0.03923 episode_projection=19.61
[POLICY_DETAIL] samples=49152 raw_samples=49152 mb=12288 micro_mb=8192 logp_delta_abs=0.20979 old_logp=-62.91085 new_logp=-62.95800 adv_abs=0.55827 sde_steps=4
[TRAIN] mean_reward=2.08514 mean_len=52.28 recent_eps=100 completed_eps=2758311
[UPDATE_EFFECT] action_delta=0.01001262 param_rms_delta=0.00053758
[TIME] collect=3.546s update=0.261s
[DONE] timeout=0.00000 anchor_pos=0.03027 anchor_ori=0.00415 ee_body=0.40955
[TRACK_ROLLOUT] anchor_pos=0.56718 anchor_ori=0.70931 body_pos=0.79256 body_ori=0.45378 body_lin=0.47722 body_ang=0.38152
[ACT_SUMMARY] abs_mean=0.6797 abs_p95=0.9589 abs_p99=1.0583 abs_max=1.2995 legs=0.7618 waist=0.5985 arms=0.6267
[FRAME_DIAG] frame0_abs=0.6462 frame1_abs=0.6766 in_chunk_delta=0.3419 cross_chunk_delta=0.4084
[UPDATE] 400/1000 reward_step=0.03960 chunk=0.15179 done_frac=0.07139 mean_reward=2.06305 mean_len=52.96
[SFPO] loss=0.01532 policy_loss=-0.01113 value_loss=0.02646 ratio=0.9993 [0.030,41.566] clip=0.3555 kl_raw=0.049416 kl/step=0.012354 target_raw=0.0400 target/step=0.0100 kl_units=4 grad=2.4071 grad_c=0.5134 lr=0.000171 critic_lr=0.000171
[ROLLOUT] live=23.34 survive=0.57202 per_step=0.03882 episode_projection=19.41
[POLICY_DETAIL] samples=49152 raw_samples=49152 mb=12288 micro_mb=8192 logp_delta_abs=0.20887 old_logp=-62.91585 new_logp=-62.96332 adv_abs=0.56318 sde_steps=4
[TRAIN] mean_reward=2.06305 mean_len=52.96 recent_eps=100 completed_eps=2761820
[UPDATE_EFFECT] action_delta=0.00994059 param_rms_delta=0.00053559
[TIME] collect=3.528s update=0.260s
[DONE] timeout=0.00000 anchor_pos=0.02954 anchor_ori=0.00391 ee_body=0.42285
[TRACK_ROLLOUT] anchor_pos=0.55905 anchor_ori=0.71033 body_pos=0.78888 body_ori=0.44953 body_lin=0.47072 body_ang=0.37744
[ACT_SUMMARY] abs_mean=0.6782 abs_p95=0.9569 abs_p99=1.0528 abs_max=1.3079 legs=0.7591 waist=0.5989 arms=0.6259
[FRAME_DIAG] frame0_abs=0.6447 frame1_abs=0.6755 in_chunk_delta=0.3418 cross_chunk_delta=0.4093
[VALIDATION_START] update=400 max_steps=500 envs=8192 fixed_seed=disabled
[VALIDATION_RESET_START]
[VALIDATION_RESET_DONE] time=0.004s
[VALIDATION_PROGRESS] step=1/500 done=0.00000 alive=1.00000 elapsed=0.164s
[VALIDATION_PROGRESS] step=50/500 done=0.49841 alive=0.50159 elapsed=6.224s
[VALIDATION_EARLY_STOP] step=90 done_frac=0.9807
[VALIDATION_DONE] update=400 time=11.452s
[VAL] steps_mean=51.61 steps_min=16 steps_p50=51 steps_p95=79 steps_max=90 fail_phase_mean=49.9 return=2.32841 done=0.98071
[VAL_EE] left_ankle_bad=0.68073 left_ankle_z=0.21255 right_ankle_bad=0.02539 right_ankle_z=0.15127 left_wrist_bad=0.25778 left_wrist_z=0.14187 right_wrist_bad=0.06846 right_wrist_z=0.11390
[VAL_CAUSE] anchor_pos_bad=0.04663 anchor_ori_bad=0.00037 ee_body_bad=0.97546 time_out=0.00000 anchor_z=0.32968 anchor_grav=0.18724 ee_z_max=0.26759 ee_z_mean=0.15490
[VAL_WALL] alive@850=0.0193 motion_complete=0.0000 wrist_fail_825_840=0.0000 steps_p50=51
[CHECKPOINT] saved /home/y/my_mimic_mixgrpo/my_mimic_mixgrpo_h1/runs/sfpo_h4_autokl_1000_v1/checkpoints/update_0400.pt
[UPDATE] 401/1000 reward_step=0.03957 chunk=0.15163 done_frac=0.07241 mean_reward=1.93526 mean_len=50.96
[SFPO] loss=0.01660 policy_loss=-0.00998 value_loss=0.02658 ratio=0.9990 [0.015,15.959] clip=0.3647 kl_raw=0.051430 kl/step=0.012858 target_raw=0.0400 target/step=0.0100 kl_units=4 grad=2.3883 grad_c=0.3965 lr=0.000171 critic_lr=0.000171
[ROLLOUT] live=23.34 survive=0.56628 per_step=0.03879 episode_projection=19.39
[POLICY_DETAIL] samples=49152 raw_samples=49152 mb=12288 micro_mb=8192 logp_delta_abs=0.21385 old_logp=-62.94184 new_logp=-62.99125 adv_abs=0.55553 sde_steps=4
[TRAIN] mean_reward=1.93526 mean_len=50.96 recent_eps=100 completed_eps=2765379
[UPDATE_EFFECT] action_delta=0.01008688 param_rms_delta=0.00053387
[TIME] collect=3.626s update=0.275s
[DONE] timeout=0.00000 anchor_pos=0.02795 anchor_ori=0.00439 ee_body=0.42859
[TRACK_ROLLOUT] anchor_pos=0.56046 anchor_ori=0.71146 body_pos=0.78866 body_ori=0.44840 body_lin=0.47118 body_ang=0.37701
[ACT_SUMMARY] abs_mean=0.6777 abs_p95=0.9556 abs_p99=1.0544 abs_max=1.3263 legs=0.7590 waist=0.5997 arms=0.6248
[FRAME_DIAG] frame0_abs=0.6442 frame1_abs=0.6755 in_chunk_delta=0.3418 cross_chunk_delta=0.4098
[UPDATE] 402/1000 reward_step=0.03971 chunk=0.15226 done_frac=0.07216 mean_reward=2.13021 mean_len=52.96
[SFPO] loss=0.01359 policy_loss=-0.01010 value_loss=0.02369 ratio=0.9984 [0.000,63.769] clip=0.3567 kl_raw=0.050519 kl/step=0.012630 target_raw=0.0400 target/step=0.0100 kl_units=4 grad=2.5175 grad_c=0.2498 lr=0.000171 critic_lr=0.000171
[ROLLOUT] live=23.35 survive=0.56750 per_step=0.03893 episode_projection=19.46
[POLICY_DETAIL] samples=49152 raw_samples=49152 mb=12288 micro_mb=8192 logp_delta_abs=0.21037 old_logp=-62.93784 new_logp=-62.98690 adv_abs=0.57112 sde_steps=4
[TRAIN] mean_reward=2.13021 mean_len=52.96 recent_eps=100 completed_eps=2768926
[UPDATE_EFFECT] action_delta=0.01012932 param_rms_delta=0.00050781
[TIME] collect=3.586s update=0.264s
[DONE] timeout=0.00000 anchor_pos=0.02698 anchor_ori=0.00391 ee_body=0.42847
[TRACK_ROLLOUT] anchor_pos=0.56195 anchor_ori=0.71435 body_pos=0.78866 body_ori=0.44747 body_lin=0.47237 body_ang=0.37930
[ACT_SUMMARY] abs_mean=0.6766 abs_p95=0.9536 abs_p99=1.0525 abs_max=1.3468 legs=0.7564 waist=0.6011 arms=0.6244
[FRAME_DIAG] frame0_abs=0.6431 frame1_abs=0.6733 in_chunk_delta=0.3418 cross_chunk_delta=0.4097
[UPDATE] 403/1000 reward_step=0.03988 chunk=0.15294 done_frac=0.07172 mean_reward=2.19529 mean_len=55.68
[SFPO] loss=0.01387 policy_loss=-0.01074 value_loss=0.02462 ratio=0.9991 [0.026,19.035] clip=0.3476 kl_raw=0.046450 kl/step=0.011612 target_raw=0.0400 target/step=0.0100 kl_units=4 grad=2.4535 grad_c=0.3490 lr=0.000256 critic_lr=0.000256
[ROLLOUT] live=23.36 survive=0.56982 per_step=0.03910 episode_projection=19.55
[POLICY_DETAIL] samples=49152 raw_samples=49152 mb=12288 micro_mb=8192 logp_delta_abs=0.20338 old_logp=-62.90905 new_logp=-62.95388 adv_abs=0.56396 sde_steps=4
[TRAIN] mean_reward=2.19529 mean_len=55.68 recent_eps=100 completed_eps=2772451
[UPDATE_EFFECT] action_delta=0.00986698 param_rms_delta=0.00052917
[TIME] collect=3.520s update=0.262s
[DONE] timeout=0.00000 anchor_pos=0.03235 anchor_ori=0.00330 ee_body=0.42603
[TRACK_ROLLOUT] anchor_pos=0.56456 anchor_ori=0.71295 body_pos=0.79068 body_ori=0.44994 body_lin=0.47460 body_ang=0.38021
[ACT_SUMMARY] abs_mean=0.6741 abs_p95=0.9517 abs_p99=1.0492 abs_max=1.3901 legs=0.7555 waist=0.5980 arms=0.6207
[FRAME_DIAG] frame0_abs=0.6400 frame1_abs=0.6702 in_chunk_delta=0.3416 cross_chunk_delta=0.4092
[UPDATE] 404/1000 reward_step=0.03978 chunk=0.15253 done_frac=0.07286 mean_reward=2.05939 mean_len=52.56
[SFPO] loss=0.01460 policy_loss=-0.00885 value_loss=0.02345 ratio=0.9987 [0.000,17.985] clip=0.3679 kl_raw=0.050495 kl/step=0.012624 target_raw=0.0400 target/step=0.0100 kl_units=4 grad=2.4567 grad_c=0.3236 lr=0.000256 critic_lr=0.000256
[ROLLOUT] live=23.35 survive=0.56396 per_step=0.03900 episode_projection=19.50
[POLICY_DETAIL] samples=49152 raw_samples=49152 mb=12288 micro_mb=8192 logp_delta_abs=0.21372 old_logp=-62.90434 new_logp=-62.95325 adv_abs=0.57349 sde_steps=4
[TRAIN] mean_reward=2.05939 mean_len=52.56 recent_eps=100 completed_eps=2776032
[UPDATE_EFFECT] action_delta=0.00996147 param_rms_delta=0.00053799
[TIME] collect=3.624s update=0.270s
[DONE] timeout=0.00000 anchor_pos=0.02832 anchor_ori=0.00439 ee_body=0.43127
[TRACK_ROLLOUT] anchor_pos=0.56291 anchor_ori=0.71332 body_pos=0.79010 body_ori=0.44883 body_lin=0.47377 body_ang=0.38031
[ACT_SUMMARY] abs_mean=0.6726 abs_p95=0.9497 abs_p99=1.0490 abs_max=1.6585 legs=0.7553 waist=0.5957 arms=0.6181
[FRAME_DIAG] frame0_abs=0.6389 frame1_abs=0.6679 in_chunk_delta=0.3415 cross_chunk_delta=0.4096
[UPDATE] 405/1000 reward_step=0.03982 chunk=0.15286 done_frac=0.06993 mean_reward=2.08338 mean_len=51.88
[SFPO] loss=0.01711 policy_loss=-0.00732 value_loss=0.02443 ratio=0.9999 [0.001,28.229] clip=0.4095 kl_raw=0.064070 kl/step=0.016018 target_raw=0.0400 target/step=0.0100 kl_units=4 grad=2.2938 grad_c=0.4791 lr=0.000171 critic_lr=0.000171
[ROLLOUT] live=23.38 survive=0.58130 per_step=0.03905 episode_projection=19.53
[POLICY_DETAIL] samples=49152 raw_samples=49152 mb=12288 micro_mb=8192 logp_delta_abs=0.24108 old_logp=-62.92182 new_logp=-62.98201 adv_abs=0.56158 sde_steps=4
[TRAIN] mean_reward=2.08338 mean_len=51.88 recent_eps=100 completed_eps=2779469
[UPDATE_EFFECT] action_delta=0.00959461 param_rms_delta=0.00052698
[TIME] collect=3.707s update=0.270s
[DONE] timeout=0.00000 anchor_pos=0.03186 anchor_ori=0.00305 ee_body=0.41431
[TRACK_ROLLOUT] anchor_pos=0.56416 anchor_ori=0.71288 body_pos=0.79193 body_ori=0.44880 body_lin=0.47346 body_ang=0.37921
[ACT_SUMMARY] abs_mean=0.6735 abs_p95=0.9497 abs_p99=1.0472 abs_max=1.2961 legs=0.7588 waist=0.5935 arms=0.6175
[FRAME_DIAG] frame0_abs=0.6392 frame1_abs=0.6689 in_chunk_delta=0.3414 cross_chunk_delta=0.4090
[UPDATE] 406/1000 reward_step=0.03960 chunk=0.15180 done_frac=0.07249 mean_reward=2.13019 mean_len=54.08
[SFPO] loss=0.01291 policy_loss=-0.01030 value_loss=0.02321 ratio=0.9991 [0.012,24.998] clip=0.3726 kl_raw=0.053711 kl/step=0.013428 target_raw=0.0400 target/step=0.0100 kl_units=4 grad=2.3977 grad_c=0.2439 lr=0.000114 critic_lr=0.000114
[ROLLOUT] live=23.35 survive=0.56543 per_step=0.03884 episode_projection=19.42
[POLICY_DETAIL] samples=49152 raw_samples=49152 mb=12288 micro_mb=8192 logp_delta_abs=0.21865 old_logp=-62.92657 new_logp=-62.97802 adv_abs=0.56982 sde_steps=4
[TRAIN] mean_reward=2.13019 mean_len=54.08 recent_eps=100 completed_eps=2783032
[UPDATE_EFFECT] action_delta=0.00962424 param_rms_delta=0.00052820
[TIME] collect=3.597s update=0.270s
[DONE] timeout=0.00000 anchor_pos=0.02979 anchor_ori=0.00317 ee_body=0.43030
[TRACK_ROLLOUT] anchor_pos=0.56226 anchor_ori=0.71142 body_pos=0.78966 body_ori=0.44678 body_lin=0.47051 body_ang=0.37667
[ACT_SUMMARY] abs_mean=0.6723 abs_p95=0.9500 abs_p99=1.0468 abs_max=1.3222 legs=0.7573 waist=0.5933 arms=0.6164
[FRAME_DIAG] frame0_abs=0.6375 frame1_abs=0.6688 in_chunk_delta=0.3415 cross_chunk_delta=0.4101
[UPDATE] 407/1000 reward_step=0.03962 chunk=0.15188 done_frac=0.07208 mean_reward=1.96503 mean_len=50.40
[SFPO] loss=0.01278 policy_loss=-0.01162 value_loss=0.02441 ratio=1.0002 [0.003,17.256] clip=0.3488 kl_raw=0.048304 kl/step=0.012076 target_raw=0.0400 target/step=0.0100 kl_units=4 grad=2.2889 grad_c=0.2240 lr=0.000256 critic_lr=0.000256
[ROLLOUT] live=23.35 survive=0.56750 per_step=0.03884 episode_projection=19.42
[POLICY_DETAIL] samples=49152 raw_samples=49152 mb=12288 micro_mb=8192 logp_delta_abs=0.20538 old_logp=-62.85842 new_logp=-62.90379 adv_abs=0.54996 sde_steps=4
[TRAIN] mean_reward=1.96503 mean_len=50.40 recent_eps=100 completed_eps=2786575
[UPDATE_EFFECT] action_delta=0.00979699 param_rms_delta=0.00054738
[TIME] collect=3.608s update=0.276s
[DONE] timeout=0.00000 anchor_pos=0.03101 anchor_ori=0.00391 ee_body=0.42749
[TRACK_ROLLOUT] anchor_pos=0.55918 anchor_ori=0.71102 body_pos=0.78986 body_ori=0.44664 body_lin=0.47096 body_ang=0.37760
[ACT_SUMMARY] abs_mean=0.6712 abs_p95=0.9513 abs_p99=1.0476 abs_max=1.3528 legs=0.7564 waist=0.5907 arms=0.6155
[FRAME_DIAG] frame0_abs=0.6357 frame1_abs=0.6671 in_chunk_delta=0.3412 cross_chunk_delta=0.4094
[UPDATE] 408/1000 reward_step=0.03947 chunk=0.15118 done_frac=0.07338 mean_reward=2.21351 mean_len=55.64
[SFPO] loss=0.01618 policy_loss=-0.00918 value_loss=0.02536 ratio=0.9989 [0.000,14.634] clip=0.3707 kl_raw=0.052596 kl/step=0.013149 target_raw=0.0400 target/step=0.0100 kl_units=4 grad=2.4303 grad_c=0.3795 lr=0.000171 critic_lr=0.000171
[ROLLOUT] live=23.33 survive=0.55994 per_step=0.03870 episode_projection=19.35
[POLICY_DETAIL] samples=49152 raw_samples=49152 mb=12288 micro_mb=8192 logp_delta_abs=0.21679 old_logp=-62.93214 new_logp=-62.98263 adv_abs=0.55003 sde_steps=4
[TRAIN] mean_reward=2.21351 mean_len=55.64 recent_eps=100 completed_eps=2790182
[UPDATE_EFFECT] action_delta=0.00964467 param_rms_delta=0.00053375
[TIME] collect=3.538s update=0.274s
[DONE] timeout=0.00000 anchor_pos=0.03174 anchor_ori=0.00427 ee_body=0.43518
[TRACK_ROLLOUT] anchor_pos=0.56241 anchor_ori=0.70760 body_pos=0.78812 body_ori=0.44458 body_lin=0.47126 body_ang=0.37829
[ACT_SUMMARY] abs_mean=0.6733 abs_p95=0.9529 abs_p99=1.0493 abs_max=1.2783 legs=0.7604 waist=0.5930 arms=0.6158
[FRAME_DIAG] frame0_abs=0.6387 frame1_abs=0.6694 in_chunk_delta=0.3416 cross_chunk_delta=0.4106
[UPDATE] 409/1000 reward_step=0.03983 chunk=0.15262 done_frac=0.07310 mean_reward=2.25688 mean_len=56.24
[SFPO] loss=0.01376 policy_loss=-0.01180 value_loss=0.02556 ratio=1.0004 [0.019,14.494] clip=0.3576 kl_raw=0.049850 kl/step=0.012463 target_raw=0.0400 target/step=0.0100 kl_units=4 grad=2.3134 grad_c=0.2910 lr=0.000171 critic_lr=0.000171
[ROLLOUT] live=23.34 survive=0.56213 per_step=0.03904 episode_projection=19.52
[POLICY_DETAIL] samples=49152 raw_samples=49152 mb=12288 micro_mb=8192 logp_delta_abs=0.20986 old_logp=-62.91774 new_logp=-62.96453 adv_abs=0.56173 sde_steps=4
[TRAIN] mean_reward=2.25688 mean_len=56.24 recent_eps=100 completed_eps=2793775
[UPDATE_EFFECT] action_delta=0.01006139 param_rms_delta=0.00054763
[TIME] collect=3.619s update=0.282s
[DONE] timeout=0.00000 anchor_pos=0.03210 anchor_ori=0.00415 ee_body=0.43237
[TRACK_ROLLOUT] anchor_pos=0.56826 anchor_ori=0.70920 body_pos=0.79063 body_ori=0.45112 body_lin=0.47299 body_ang=0.37993
[ACT_SUMMARY] abs_mean=0.6720 abs_p95=0.9471 abs_p99=1.0435 abs_max=1.2872 legs=0.7581 waist=0.5890 arms=0.6159
[FRAME_DIAG] frame0_abs=0.6378 frame1_abs=0.6676 in_chunk_delta=0.3418 cross_chunk_delta=0.4092
[UPDATE] 410/1000 reward_step=0.04014 chunk=0.15390 done_frac=0.07060 mean_reward=2.20812 mean_len=54.88
[SFPO] loss=0.01403 policy_loss=-0.01212 value_loss=0.02614 ratio=0.9990 [0.011,11.225] clip=0.3555 kl_raw=0.049327 kl/step=0.012332 target_raw=0.0400 target/step=0.0100 kl_units=4 grad=2.3210 grad_c=0.2534 lr=0.000171 critic_lr=0.000171
[ROLLOUT] live=23.35 survive=0.57739 per_step=0.03934 episode_projection=19.67
[POLICY_DETAIL] samples=49152 raw_samples=49152 mb=12288 micro_mb=8192 logp_delta_abs=0.20863 old_logp=-62.89148 new_logp=-62.93901 adv_abs=0.56197 sde_steps=4
[TRAIN] mean_reward=2.20812 mean_len=54.88 recent_eps=100 completed_eps=2797245
[UPDATE_EFFECT] action_delta=0.00957979 param_rms_delta=0.00052745
[TIME] collect=3.686s update=0.275s
[DONE] timeout=0.00000 anchor_pos=0.03088 anchor_ori=0.00439 ee_body=0.41760
[TRACK_ROLLOUT] anchor_pos=0.56896 anchor_ori=0.71139 body_pos=0.79483 body_ori=0.45471 body_lin=0.47926 body_ang=0.38226
[ACT_SUMMARY] abs_mean=0.6738 abs_p95=0.9523 abs_p99=1.0497 abs_max=1.2900 legs=0.7606 waist=0.5891 arms=0.6175
[FRAME_DIAG] frame0_abs=0.6404 frame1_abs=0.6682 in_chunk_delta=0.3414 cross_chunk_delta=0.4096
[UPDATE] 411/1000 reward_step=0.03986 chunk=0.15298 done_frac=0.07033 mean_reward=2.27273 mean_len=55.44
[SFPO] loss=0.01644 policy_loss=-0.01126 value_loss=0.02770 ratio=0.9994 [0.015,16.385] clip=0.3644 kl_raw=0.051252 kl/step=0.012813 target_raw=0.0400 target/step=0.0100 kl_units=4 grad=2.2696 grad_c=0.2649 lr=0.000171 critic_lr=0.000171
[ROLLOUT] live=23.38 survive=0.57886 per_step=0.03908 episode_projection=19.54
[POLICY_DETAIL] samples=49152 raw_samples=49152 mb=12288 micro_mb=8192 logp_delta_abs=0.21359 old_logp=-62.89916 new_logp=-62.94819 adv_abs=0.54799 sde_steps=4
[TRAIN] mean_reward=2.27273 mean_len=55.44 recent_eps=100 completed_eps=2800702
[UPDATE_EFFECT] action_delta=0.00990721 param_rms_delta=0.00053812
[TIME] collect=3.600s update=0.288s
[DONE] timeout=0.00000 anchor_pos=0.02991 anchor_ori=0.00403 ee_body=0.41626
[TRACK_ROLLOUT] anchor_pos=0.56095 anchor_ori=0.71023 body_pos=0.79246 body_ori=0.45243 body_lin=0.47395 body_ang=0.37961
[ACT_SUMMARY] abs_mean=0.6735 abs_p95=0.9490 abs_p99=1.0461 abs_max=1.3457 legs=0.7595 waist=0.5877 arms=0.6181
[FRAME_DIAG] frame0_abs=0.6403 frame1_abs=0.6678 in_chunk_delta=0.3417 cross_chunk_delta=0.4101
[UPDATE] 412/1000 reward_step=0.03987 chunk=0.15279 done_frac=0.07245 mean_reward=1.94704 mean_len=50.24
[SFPO] loss=0.01733 policy_loss=-0.00948 value_loss=0.02681 ratio=0.9986 [0.004,23.631] clip=0.3679 kl_raw=0.052359 kl/step=0.013090 target_raw=0.0400 target/step=0.0100 kl_units=4 grad=2.4159 grad_c=0.2926 lr=0.000171 critic_lr=0.000171
[ROLLOUT] live=23.34 survive=0.56580 per_step=0.03908 episode_projection=19.54
[POLICY_DETAIL] samples=49152 raw_samples=49152 mb=12288 micro_mb=8192 logp_delta_abs=0.21568 old_logp=-62.90109 new_logp=-62.95174 adv_abs=0.56134 sde_steps=4
[TRAIN] mean_reward=1.94704 mean_len=50.24 recent_eps=100 completed_eps=2804263
[UPDATE_EFFECT] action_delta=0.00970872 param_rms_delta=0.00052340
[TIME] collect=3.519s update=0.271s
[DONE] timeout=0.00000 anchor_pos=0.03076 anchor_ori=0.00317 ee_body=0.43091
[TRACK_ROLLOUT] anchor_pos=0.56219 anchor_ori=0.70729 body_pos=0.79192 body_ori=0.45343 body_lin=0.47484 body_ang=0.38057
[ACT_SUMMARY] abs_mean=0.6740 abs_p95=0.9505 abs_p99=1.0472 abs_max=1.3016 legs=0.7598 waist=0.5869 arms=0.6191
[FRAME_DIAG] frame0_abs=0.6411 frame1_abs=0.6684 in_chunk_delta=0.3416 cross_chunk_delta=0.4102
[UPDATE] 413/1000 reward_step=0.03989 chunk=0.15306 done_frac=0.06950 mean_reward=2.29045 mean_len=56.56
[SFPO] loss=0.01503 policy_loss=-0.01058 value_loss=0.02561 ratio=0.9986 [0.015,12.950] clip=0.3620 kl_raw=0.051178 kl/step=0.012795 target_raw=0.0400 target/step=0.0100 kl_units=4 grad=2.3974 grad_c=0.2310 lr=0.000171 critic_lr=0.000171
[ROLLOUT] live=23.37 survive=0.58423 per_step=0.03911 episode_projection=19.55
[POLICY_DETAIL] samples=49152 raw_samples=49152 mb=12288 micro_mb=8192 logp_delta_abs=0.21285 old_logp=-62.91866 new_logp=-62.96808 adv_abs=0.56369 sde_steps=4
[TRAIN] mean_reward=2.29045 mean_len=56.56 recent_eps=100 completed_eps=2807679
[UPDATE_EFFECT] action_delta=0.00955311 param_rms_delta=0.00052739
[TIME] collect=3.470s update=0.266s
[DONE] timeout=0.00000 anchor_pos=0.02612 anchor_ori=0.00476 ee_body=0.41016
[TRACK_ROLLOUT] anchor_pos=0.56105 anchor_ori=0.70734 body_pos=0.79350 body_ori=0.45317 body_lin=0.47485 body_ang=0.38100
[ACT_SUMMARY] abs_mean=0.6757 abs_p95=0.9508 abs_p99=1.0472 abs_max=1.2841 legs=0.7635 waist=0.5889 arms=0.6190
[FRAME_DIAG] frame0_abs=0.6437 frame1_abs=0.6695 in_chunk_delta=0.3416 cross_chunk_delta=0.4085
[UPDATE] 414/1000 reward_step=0.03965 chunk=0.15203 done_frac=0.07170 mean_reward=2.38019 mean_len=57.40
[SFPO] loss=0.01708 policy_loss=-0.01011 value_loss=0.02719 ratio=0.9988 [0.001,12.137] clip=0.3630 kl_raw=0.051311 kl/step=0.012828 target_raw=0.0400 target/step=0.0100 kl_units=4 grad=2.3798 grad_c=0.2479 lr=0.000171 critic_lr=0.000171
[ROLLOUT] live=23.35 survive=0.57019 per_step=0.03887 episode_projection=19.44
[POLICY_DETAIL] samples=49152 raw_samples=49152 mb=12288 micro_mb=8192 logp_delta_abs=0.21339 old_logp=-62.90640 new_logp=-62.95588 adv_abs=0.55587 sde_steps=4
[TRAIN] mean_reward=2.38019 mean_len=57.40 recent_eps=100 completed_eps=2811203
[UPDATE_EFFECT] action_delta=0.00983888 param_rms_delta=0.00053526
[TIME] collect=3.476s update=0.273s
[DONE] timeout=0.00000 anchor_pos=0.02954 anchor_ori=0.00647 ee_body=0.42346
[TRACK_ROLLOUT] anchor_pos=0.55519 anchor_ori=0.70661 body_pos=0.79143 body_ori=0.45190 body_lin=0.47374 body_ang=0.38225
[ACT_SUMMARY] abs_mean=0.6756 abs_p95=0.9517 abs_p99=1.0471 abs_max=1.2931 legs=0.7646 waist=0.5857 arms=0.6186
[FRAME_DIAG] frame0_abs=0.6429 frame1_abs=0.6703 in_chunk_delta=0.3420 cross_chunk_delta=0.4108
