[INFO] run_dir=/home/y/my_mimic_mixgrpo/my_mimic_mixgrpo_h1/runs/mixgrpo_h2_futureref_u1000
[INFO] log_file=/home/y/my_mimic_mixgrpo/my_mimic_mixgrpo_h1/runs/mixgrpo_h2_futureref_u1000/logs/train.log
[INFO] IsaacLab logging to file: /tmp/isaaclab_2026-05-29_10-59-13.log
[33m10:59:13 [terrain_importer.py] WARNING: Visual material specified for ground plane but no diffuse color found. Using default color: (0.0, 0.0, 0.0)[0m
[INFO] Starting MixGRPO training
[INFO] motion_file=/home/y/my_mimic_mixgrpo/my_mimic_mixgrpo_h1/assets/motions/g1/dance_102/G1_Take_102.input60_output50.asset_order.npz
[INFO] obs_dim=221 actor_type=mix_sde_ode policy_horizon=2 action_dim=29 single_action_mode=True rollout_chunks=12 rollout_env_steps=24 reset_noise=True interval_pushes=True num_envs=8192 chunks_per_rollout=12 tail_bootstrap_steps=100 terminal_penalty=50.0 num_generations=4 grpo_groups=2048 init_noise_std=0.8 init_same_noise=False eval_initial_noise=zero sde_eta=0.7 flow_steps=4 actor_hidden_dims=[512, 256, 128] activation=elu action_squash_scale=5.0
[INFO] policy_epochs=5 clip_range=0.3 adv_clip_max=5.0 desired_kl=0.03 gamma=0.99 gae_lambda=0.95 entropy_coef=0.005 value_loss_coef=0.0 use_clipped_value_loss=True num_mini_batches=4 mini_batch_override=0 micro_batch=8192 policy_lr=0.001 critic_lr=0.0
[INFO] critic_free=True actor_std_trainable=False exploration=four_step_sde_noise first_generation_zero_sde_noise=False
[INFO] checkpoint_dir=/home/y/my_mimic_mixgrpo/my_mimic_mixgrpo_h1/runs/mixgrpo_h2_futureref_u1000/checkpoints
[UPDATE] 1/1000 group_reward=-10.43885 group_std=28.89821 group_raw=-0.16642 rollout_ret=-0.16642 chunk0_ret=0.13237 chunk_last_ret=-0.09658
[REWARD_SCALE] live_steps=23.91 min=15 p50=24 p95=24 max=24 survive=0.94568 per_step=-0.00696 per_second=-0.348 episode30s_projection=-10.44
[OBJECTIVE] obj_mean=-0.16642 obj_std=0.45981 obj_min=-1.75109 obj_max=1.37625 raw_mean=-0.16642 raw_std=0.45981 raw_min=-1.75109 raw_max=1.37625 score_mean=-0.00703 rtg_mean=-38.28991 grpo_score=-0.34698 early_penalty=0.18056
[PHASE] start_mean=735.17 start_min=0 start_max=1433 fail_rel_mean=22.40
[CHUNK_REWARD] obj_first=0.13237 obj_mid=-0.03689 obj_last=-0.09658 raw_first=0.13237 raw_mid=-0.03689 raw_last=-0.09658
[POLICY] loss=-0.00378 policy_loss=-0.00378 value_loss=0.00000 entropy=0.00000 kl=0.02670 step_ratio=0.9985 step_clip=0.1316 post_ratio=1.0017 post_clip=0.0859 grad=0.17634 lr=0.000667 critic_lr=0.000000 sde_steps=4 opt_steps=20
[POLICY_DETAIL] samples=98047 mb=24511 micro_mb=8192 micro_steps=60 batch_ratio=0.9990 batch_min=0.0179 batch_max=40.1344 post_ratio=1.0017 post_min=0.4067 post_max=1.9986 post_clip=0.0859 logp_delta_abs=0.14787 post_logp_delta_abs=0.11976 post_kl=0.01516 old_logp=-31.46469 new_logp=-31.49121 adv_abs=0.74867 grpo_adv_abs=0.74867 valid=0.99739
[TRAIN] mean_reward=-0.64345 mean_len=23.55 recent_eps=100 completed_eps=445
[UPDATE_EFFECT] action_delta=0.01522421 param_rms_delta=0.00251367
[TIME] collect=16.882s update=0.666s
[DONE] timeout=0.00000 anchor_pos=0.00000 anchor_ori=0.00000 ee_body=0.00000
[DONE_ROLLOUT] timeout=0.00000 anchor_pos=0.04456 anchor_ori=0.01025 ee_body=0.00000
[FIRST_FAILURE] chunk_mean=10.42 chunk_min=7 chunk_max=11 phase_mean=736.52 phase_min=34 phase_max=1456 anchor_pos=0.04456 anchor_ori=0.01025 ee_body=0.00000 timeout=0.00000
[TRACK_CHUNK0] anchor_pos=0.97401 anchor_ori=0.82193 body_pos=0.97663 body_ori=0.81288 body_lin=0.63360 body_ang=0.09514
[TRACK_ROLLOUT] anchor_pos=0.65066 anchor_ori=0.42683 body_pos=0.82742 body_ori=0.39687 body_lin=0.44035 body_ang=0.06190
[TRAIN_COST] action_rate=29.18588 joint_torque=2408.09558 joint_limit=0.00665 undesired_contacts=0.77417
[REWARD_WEIGHTED] pos=0.12220 penalty=-0.06514 total=0.05706 act_rate=-0.05837 torque=-0.00048 contacts=-0.00155
[ACT_SUMMARY] abs_mean=0.6590 abs_p95=1.5919 abs_p99=2.0417 abs_max=3.4027 abs_max_all=3.6872 legs=0.6578 waist=0.6605 arms=0.6597 first=0.6590 last=0.6613 latent_abs=0.6733 latent_max=4.7242
[TRAIN_BODY] torso_ori=6.32deg l_wrist_ori=12.15deg r_wrist_ori=12.25deg l_elbow_ori=10.29deg r_elbow_ori=10.43deg l_shoulder_ori=8.54deg r_shoulder_ori=8.45deg
[TRAIN_ANG] torso=2.301 l_wrist=6.584 r_wrist=6.581 l_elbow=5.073 r_elbow=5.069 l_shoulder=3.334 r_shoulder=3.429
[TRAIN_ACT] l_wrist_r=0.6608 l_wrist_p=0.6591 l_wrist_y=0.6607 r_wrist_r=0.6540 r_wrist_p=0.6614 r_wrist_y=0.6524 l_elbow=0.6539 r_elbow=0.6542
[UPDATE] 2/1000 group_reward=-16.01364 group_std=26.50252 group_raw=-0.25519 rollout_ret=-0.25519 chunk0_ret=0.13221 chunk_last_ret=-0.10812
[REWARD_SCALE] live_steps=23.90 min=15 p50=24 p95=24 max=24 survive=0.94250 per_step=-0.01068 per_second=-0.534 episode30s_projection=-16.01
[OBJECTIVE] obj_mean=-0.25519 obj_std=0.42112 obj_min=-1.86838 obj_max=1.34818 raw_mean=-0.25519 raw_std=0.42112 raw_min=-1.86838 raw_max=1.34818 score_mean=-0.01074 rtg_mean=-38.89773 grpo_score=-0.45508 early_penalty=0.19989
[PHASE] start_mean=739.68 start_min=0 start_max=1433 fail_rel_mean=22.33
[CHUNK_REWARD] obj_first=0.13221 obj_mid=-0.04665 obj_last=-0.10812 raw_first=0.13221 raw_mid=-0.04665 raw_last=-0.10812
[POLICY] loss=-0.00994 policy_loss=-0.00994 value_loss=0.00000 entropy=0.00000 kl=0.01366 step_ratio=0.9995 step_clip=0.0793 post_ratio=1.0037 post_clip=0.1016 grad=0.13245 lr=0.001000 critic_lr=0.000000 sde_steps=4 opt_steps=20
[POLICY_DETAIL] samples=97999 mb=24499 micro_mb=8192 micro_steps=60 batch_ratio=0.9997 batch_min=0.2231 batch_max=4.2834 post_ratio=1.0037 post_min=0.2854 post_max=2.5082 post_clip=0.1016 logp_delta_abs=0.10881 post_logp_delta_abs=0.13478 post_kl=0.01901 old_logp=-31.46207 new_logp=-31.47578 adv_abs=0.74819 grpo_adv_abs=0.74819 valid=0.99690
[TRAIN] mean_reward=-0.87664 mean_len=46.91 recent_eps=100 completed_eps=916
[UPDATE_EFFECT] action_delta=0.01786361 param_rms_delta=0.00266451
[TIME] collect=15.643s update=0.579s
[DONE] timeout=0.00000 anchor_pos=0.00000 anchor_ori=0.00000 ee_body=0.00000
[DONE_ROLLOUT] timeout=0.00000 anchor_pos=0.04688 anchor_ori=0.01074 ee_body=0.00049
[FIRST_FAILURE] chunk_mean=10.35 chunk_min=7 chunk_max=11 phase_mean=745.42 phase_min=134 phase_max=1453 anchor_pos=0.04688 anchor_ori=0.01074 ee_body=0.00049 timeout=0.00000
[TRACK_CHUNK0] anchor_pos=0.97397 anchor_ori=0.82452 body_pos=0.97697 body_ori=0.81260 body_lin=0.62211 body_ang=0.09373
[TRACK_ROLLOUT] anchor_pos=0.62875 anchor_ori=0.41246 body_pos=0.81238 body_ori=0.37296 body_lin=0.40891 body_ang=0.05741
[TRAIN_COST] action_rate=29.20391 joint_torque=2432.56494 joint_limit=0.00732 undesired_contacts=0.66919
[REWARD_WEIGHTED] pos=0.12205 penalty=-0.06506 total=0.05699 act_rate=-0.05841 torque=-0.00049 contacts=-0.00134
[ACT_SUMMARY] abs_mean=0.6595 abs_p95=1.5922 abs_p99=2.0406 abs_max=3.2950 abs_max_all=3.6040 legs=0.6590 waist=0.6601 arms=0.6599 first=0.6595 last=0.6607 latent_abs=0.6724 latent_max=4.5464
[TRAIN_BODY] torso_ori=6.25deg l_wrist_ori=12.14deg r_wrist_ori=12.07deg l_elbow_ori=10.41deg r_elbow_ori=10.32deg l_shoulder_ori=8.63deg r_shoulder_ori=8.52deg
[TRAIN_ANG] torso=2.271 l_wrist=6.581 r_wrist=6.601 l_elbow=5.060 r_elbow=5.096 l_shoulder=3.404 r_shoulder=3.481
[TRAIN_ACT] l_wrist_r=0.6605 l_wrist_p=0.6605 l_wrist_y=0.6513 r_wrist_r=0.6567 r_wrist_p=0.6567 r_wrist_y=0.6634 l_elbow=0.6561 r_elbow=0.6578
[UPDATE] 3/1000 group_reward=-16.59110 group_std=25.20244 group_raw=-0.26442 rollout_ret=-0.26442 chunk0_ret=0.13305 chunk_last_ret=-0.10911
[REWARD_SCALE] live_steps=23.91 min=16 p50=24 p95=24 max=24 survive=0.93799 per_step=-0.01106 per_second=-0.553 episode30s_projection=-16.59
[OBJECTIVE] obj_mean=-0.26442 obj_std=0.40063 obj_min=-1.89219 obj_max=1.26009 raw_mean=-0.26442 raw_std=0.40063 raw_min=-1.89219 raw_max=1.26009 score_mean=-0.01112 rtg_mean=-38.84950 grpo_score=-0.45923 early_penalty=0.19480
[PHASE] start_mean=737.74 start_min=3 start_max=1433 fail_rel_mean=22.49
[CHUNK_REWARD] obj_first=0.13305 obj_mid=-0.04839 obj_last=-0.10911 raw_first=0.13305 raw_mid=-0.04839 raw_last=-0.10911
[POLICY] loss=-0.01045 policy_loss=-0.01045 value_loss=0.00000 entropy=0.00000 kl=0.01364 step_ratio=0.9995 step_clip=0.0796 post_ratio=0.9978 post_clip=0.1045 grad=0.13381 lr=0.001000 critic_lr=0.000000 sde_steps=4 opt_steps=20
[POLICY_DETAIL] samples=98022 mb=24505 micro_mb=8192 micro_steps=60 batch_ratio=0.9997 batch_min=0.2168 batch_max=4.6348 post_ratio=0.9978 post_min=0.3713 post_max=1.7775 post_clip=0.1045 logp_delta_abs=0.10929 post_logp_delta_abs=0.13077 post_kl=0.01708 old_logp=-31.46601 new_logp=-31.47970 adv_abs=0.75114 grpo_adv_abs=0.75114 valid=0.99713
[TRAIN] mean_reward=-1.04168 mean_len=69.23 recent_eps=100 completed_eps=1424
[UPDATE_EFFECT] action_delta=0.01863887 param_rms_delta=0.00265668
[TIME] collect=15.637s update=0.577s
[DONE] timeout=0.00000 anchor_pos=0.00000 anchor_ori=0.00000 ee_body=0.00000
[DONE_ROLLOUT] timeout=0.00000 anchor_pos=0.05139 anchor_ori=0.01123 ee_body=0.00000
[FIRST_FAILURE] chunk_mean=10.44 chunk_min=7 chunk_max=11 phase_mean=738.53 phase_min=129 phase_max=1448 anchor_pos=0.05139 anchor_ori=0.01123 ee_body=0.00000 timeout=0.00000
[TRACK_CHUNK0] anchor_pos=0.97403 anchor_ori=0.82128 body_pos=0.97698 body_ori=0.81324 body_lin=0.61910 body_ang=0.09615
[TRACK_ROLLOUT] anchor_pos=0.62472 anchor_ori=0.41407 body_pos=0.81095 body_ori=0.36846 body_lin=0.40365 body_ang=0.05687
[TRAIN_COST] action_rate=29.01304 joint_torque=2398.58325 joint_limit=0.00722 undesired_contacts=0.60840
[REWARD_WEIGHTED] pos=0.12192 penalty=-0.06454 total=0.05738 act_rate=-0.05803 torque=-0.00048 contacts=-0.00122
[ACT_SUMMARY] abs_mean=0.6571 abs_p95=1.5878 abs_p99=2.0370 abs_max=3.2519 abs_max_all=3.4206 legs=0.6578 waist=0.6571 arms=0.6566 first=0.6571 last=0.6599 latent_abs=0.6720 latent_max=4.1842
[TRAIN_BODY] torso_ori=6.21deg l_wrist_ori=12.23deg r_wrist_ori=11.92deg l_elbow_ori=10.43deg r_elbow_ori=10.20deg l_shoulder_ori=8.69deg r_shoulder_ori=8.38deg
[TRAIN_ANG] torso=2.210 l_wrist=6.624 r_wrist=6.485 l_elbow=5.100 r_elbow=4.998 l_shoulder=3.321 r_shoulder=3.446
[TRAIN_ACT] l_wrist_r=0.6581 l_wrist_p=0.6557 l_wrist_y=0.6495 r_wrist_r=0.6487 r_wrist_p=0.6550 r_wrist_y=0.6524 l_elbow=0.6595 r_elbow=0.6510
[UPDATE] 4/1000 group_reward=-17.02575 group_std=25.17580 group_raw=-0.27139 rollout_ret=-0.27139 chunk0_ret=0.13279 chunk_last_ret=-0.11081
[REWARD_SCALE] live_steps=23.91 min=17 p50=24 p95=24 max=24 survive=0.93420 per_step=-0.01135 per_second=-0.568 episode30s_projection=-17.03
[OBJECTIVE] obj_mean=-0.27139 obj_std=0.40004 obj_min=-1.66561 obj_max=1.28107 raw_mean=-0.27139 raw_std=0.40004 raw_min=-1.66561 raw_max=1.28107 score_mean=-0.01141 rtg_mean=-38.95399 grpo_score=-0.45907 early_penalty=0.18768
[PHASE] start_mean=735.85 start_min=3 start_max=1433 fail_rel_mean=22.63
[CHUNK_REWARD] obj_first=0.13279 obj_mid=-0.04785 obj_last=-0.11081 raw_first=0.13279 raw_mid=-0.04785 raw_last=-0.11081
[POLICY] loss=-0.01077 policy_loss=-0.01077 value_loss=0.00000 entropy=0.00000 kl=0.01419 step_ratio=0.9995 step_clip=0.0829 post_ratio=1.0044 post_clip=0.1162 grad=0.13668 lr=0.001000 critic_lr=0.000000 sde_steps=4 opt_steps=20
[POLICY_DETAIL] samples=98045 mb=24511 micro_mb=8192 micro_steps=60 batch_ratio=0.9998 batch_min=0.1474 batch_max=4.5084 post_ratio=1.0044 post_min=0.4388 post_max=2.8003 post_clip=0.1162 logp_delta_abs=0.11164 post_logp_delta_abs=0.13792 post_kl=0.01924 old_logp=-31.46414 new_logp=-31.47827 adv_abs=0.74959 grpo_adv_abs=0.74959 valid=0.99737
[TRAIN] mean_reward=-1.11526 mean_len=86.27 recent_eps=100 completed_eps=1963
[UPDATE_EFFECT] action_delta=0.01710522 param_rms_delta=0.00268331
[TIME] collect=15.653s update=0.590s
[DONE] timeout=0.00000 anchor_pos=0.00000 anchor_ori=0.00000 ee_body=0.00000
[DONE_ROLLOUT] timeout=0.00000 anchor_pos=0.05518 anchor_ori=0.01135 ee_body=0.00024
[FIRST_FAILURE] chunk_mean=10.52 chunk_min=8 chunk_max=11 phase_mean=706.97 phase_min=103 phase_max=1327 anchor_pos=0.05518 anchor_ori=0.01135 ee_body=0.00024 timeout=0.00000
[TRACK_CHUNK0] anchor_pos=0.97426 anchor_ori=0.81871 body_pos=0.97713 body_ori=0.81401 body_lin=0.61417 body_ang=0.09682
[TRACK_ROLLOUT] anchor_pos=0.62141 anchor_ori=0.41202 body_pos=0.80946 body_ori=0.36889 body_lin=0.40047 body_ang=0.05749
[TRAIN_COST] action_rate=29.02580 joint_torque=2404.46729 joint_limit=0.00716 undesired_contacts=0.62677
[REWARD_WEIGHTED] pos=0.12176 penalty=-0.06457 total=0.05719 act_rate=-0.05805 torque=-0.00048 contacts=-0.00125
[ACT_SUMMARY] abs_mean=0.6567 abs_p95=1.5838 abs_p99=2.0295 abs_max=3.2740 abs_max_all=3.4162 legs=0.6558 waist=0.6597 arms=0.6568 first=0.6567 last=0.6596 latent_abs=0.6712 latent_max=4.1758
[TRAIN_BODY] torso_ori=6.36deg l_wrist_ori=12.22deg r_wrist_ori=12.01deg l_elbow_ori=10.41deg r_elbow_ori=10.24deg l_shoulder_ori=8.63deg r_shoulder_ori=8.55deg
[TRAIN_ANG] torso=2.208 l_wrist=6.634 r_wrist=6.524 l_elbow=5.118 r_elbow=4.986 l_shoulder=3.310 r_shoulder=3.460
[TRAIN_ACT] l_wrist_r=0.6567 l_wrist_p=0.6627 l_wrist_y=0.6561 r_wrist_r=0.6566 r_wrist_p=0.6596 r_wrist_y=0.6521 l_elbow=0.6568 r_elbow=0.6531
[UPDATE] 5/1000 group_reward=-16.12886 group_std=24.87347 group_raw=-0.25718 rollout_ret=-0.25718 chunk0_ret=0.13357 chunk_last_ret=-0.10953
[REWARD_SCALE] live_steps=23.92 min=16 p50=24 p95=24 max=24 survive=0.94604 per_step=-0.01075 per_second=-0.538 episode30s_projection=-16.13
[OBJECTIVE] obj_mean=-0.25718 obj_std=0.39586 obj_min=-1.86242 obj_max=1.30513 raw_mean=-0.25718 raw_std=0.39586 raw_min=-1.86242 raw_max=1.30513 score_mean=-0.01080 rtg_mean=-38.82327 grpo_score=-0.42732 early_penalty=0.17014
[PHASE] start_mean=743.94 start_min=1 start_max=1433 fail_rel_mean=22.49
[CHUNK_REWARD] obj_first=0.13357 obj_mid=-0.04682 obj_last=-0.10953 raw_first=0.13357 raw_mid=-0.04682 raw_last=-0.10953
[POLICY] loss=-0.01098 policy_loss=-0.01098 value_loss=0.00000 entropy=0.00000 kl=0.01432 step_ratio=0.9991 step_clip=0.0835 post_ratio=1.0016 post_clip=0.1182 grad=0.13429 lr=0.001000 critic_lr=0.000000 sde_steps=4 opt_steps=20
[POLICY_DETAIL] samples=98068 mb=24517 micro_mb=8192 micro_steps=60 batch_ratio=0.9992 batch_min=0.2076 batch_max=4.1989 post_ratio=1.0016 post_min=0.3104 post_max=2.2769 post_clip=0.1182 logp_delta_abs=0.11213 post_logp_delta_abs=0.13930 post_kl=0.02067 old_logp=-31.47208 new_logp=-31.48691 adv_abs=0.74947 grpo_adv_abs=0.74947 valid=0.99760
[TRAIN] mean_reward=-1.31711 mean_len=108.91 recent_eps=100 completed_eps=2405
[UPDATE_EFFECT] action_delta=0.01650655 param_rms_delta=0.00270733
[TIME] collect=14.257s update=0.587s
[DONE] timeout=0.00000 anchor_pos=0.00000 anchor_ori=0.00000 ee_body=0.00000
[DONE_ROLLOUT] timeout=0.00000 anchor_pos=0.04199 anchor_ori=0.01184 ee_body=0.00024
[FIRST_FAILURE] chunk_mean=10.47 chunk_min=7 chunk_max=11 phase_mean=718.53 phase_min=170 phase_max=1324 anchor_pos=0.04199 anchor_ori=0.01184 ee_body=0.00024 timeout=0.00000
[TRACK_CHUNK0] anchor_pos=0.97435 anchor_ori=0.82270 body_pos=0.97714 body_ori=0.81372 body_lin=0.61697 body_ang=0.09772
[TRACK_ROLLOUT] anchor_pos=0.62690 anchor_ori=0.41131 body_pos=0.81077 body_ori=0.36813 body_lin=0.40204 body_ang=0.05766
[TRAIN_COST] action_rate=28.97395 joint_torque=2390.96069 joint_limit=0.00707 undesired_contacts=0.60571
[REWARD_WEIGHTED] pos=0.12199 penalty=-0.06438 total=0.05761 act_rate=-0.05795 torque=-0.00048 contacts=-0.00121
[ACT_SUMMARY] abs_mean=0.6565 abs_p95=1.5856 abs_p99=2.0347 abs_max=3.1548 abs_max_all=3.5456 legs=0.6561 waist=0.6604 arms=0.6559 first=0.6565 last=0.6586 latent_abs=0.6705 latent_max=4.4270
[TRAIN_BODY] torso_ori=6.27deg l_wrist_ori=12.13deg r_wrist_ori=12.01deg l_elbow_ori=10.37deg r_elbow_ori=10.31deg l_shoulder_ori=8.58deg r_shoulder_ori=8.56deg
[TRAIN_ANG] torso=2.217 l_wrist=6.582 r_wrist=6.486 l_elbow=5.051 r_elbow=4.997 l_shoulder=3.309 r_shoulder=3.462
[TRAIN_ACT] l_wrist_r=0.6552 l_wrist_p=0.6473 l_wrist_y=0.6514 r_wrist_r=0.6514 r_wrist_p=0.6569 r_wrist_y=0.6567 l_elbow=0.6559 r_elbow=0.6510
[UPDATE] 6/1000 group_reward=-15.43219 group_std=25.01103 group_raw=-0.24591 rollout_ret=-0.24591 chunk0_ret=0.13470 chunk_last_ret=-0.10797
[REWARD_SCALE] live_steps=23.90 min=15 p50=24 p95=24 max=24 survive=0.94202 per_step=-0.01029 per_second=-0.514 episode30s_projection=-15.43
[OBJECTIVE] obj_mean=-0.24591 obj_std=0.39748 obj_min=-1.60792 obj_max=1.23338 raw_mean=-0.24591 raw_std=0.39748 raw_min=-1.60792 raw_max=1.23338 score_mean=-0.01035 rtg_mean=-38.75839 grpo_score=-0.45037 early_penalty=0.20447
[PHASE] start_mean=725.43 start_min=3 start_max=1433 fail_rel_mean=22.31
[CHUNK_REWARD] obj_first=0.13470 obj_mid=-0.04645 obj_last=-0.10797 raw_first=0.13470 raw_mid=-0.04645 raw_last=-0.10797
[POLICY] loss=-0.01107 policy_loss=-0.01107 value_loss=0.00000 entropy=0.00000 kl=0.01485 step_ratio=0.9995 step_clip=0.0872 post_ratio=1.0032 post_clip=0.1045 grad=0.13776 lr=0.001000 critic_lr=0.000000 sde_steps=4 opt_steps=20
[POLICY_DETAIL] samples=97990 mb=24497 micro_mb=8192 micro_steps=60 batch_ratio=0.9996 batch_min=0.1624 batch_max=4.8512 post_ratio=1.0032 post_min=0.2971 post_max=2.8652 post_clip=0.1045 logp_delta_abs=0.11428 post_logp_delta_abs=0.14041 post_kl=0.02088 old_logp=-31.45180 new_logp=-31.46672 adv_abs=0.74749 grpo_adv_abs=0.74749 valid=0.99681
[TRAIN] mean_reward=-1.69801 mean_len=127.58 recent_eps=100 completed_eps=2880
[UPDATE_EFFECT] action_delta=0.01853129 param_rms_delta=0.00272237
[TIME] collect=15.651s update=0.595s
[DONE] timeout=0.00000 anchor_pos=0.00000 anchor_ori=0.00000 ee_body=0.00000
[DONE_ROLLOUT] timeout=0.00000 anchor_pos=0.04871 anchor_ori=0.00940 ee_body=0.00037
[FIRST_FAILURE] chunk_mean=10.34 chunk_min=7 chunk_max=11 phase_mean=726.59 phase_min=164 phase_max=1323 anchor_pos=0.04871 anchor_ori=0.00940 ee_body=0.00037 timeout=0.00000
[TRACK_CHUNK0] anchor_pos=0.97408 anchor_ori=0.82432 body_pos=0.97690 body_ori=0.81339 body_lin=0.61647 body_ang=0.10115
[TRACK_ROLLOUT] anchor_pos=0.62914 anchor_ori=0.41281 body_pos=0.80973 body_ori=0.36750 body_lin=0.40138 body_ang=0.05873
[TRAIN_COST] action_rate=28.76361 joint_torque=2384.88721 joint_limit=0.00725 undesired_contacts=0.59357
[REWARD_WEIGHTED] pos=0.12209 penalty=-0.06402 total=0.05808 act_rate=-0.05753 torque=-0.00048 contacts=-0.00119
[ACT_SUMMARY] abs_mean=0.6542 abs_p95=1.5827 abs_p99=2.0248 abs_max=3.3512 abs_max_all=3.5785 legs=0.6533 waist=0.6555 arms=0.6547 first=0.6542 last=0.6572 latent_abs=0.6697 latent_max=4.4939
[TRAIN_BODY] torso_ori=6.29deg l_wrist_ori=12.28deg r_wrist_ori=12.10deg l_elbow_ori=10.56deg r_elbow_ori=10.28deg l_shoulder_ori=8.71deg r_shoulder_ori=8.44deg
[TRAIN_ANG] torso=2.200 l_wrist=6.554 r_wrist=6.418 l_elbow=5.029 r_elbow=4.879 l_shoulder=3.289 r_shoulder=3.429
[TRAIN_ACT] l_wrist_r=0.6554 l_wrist_p=0.6542 l_wrist_y=0.6536 r_wrist_r=0.6545 r_wrist_p=0.6562 r_wrist_y=0.6464 l_elbow=0.6589 r_elbow=0.6471
[UPDATE] 7/1000 group_reward=-14.33693 group_std=24.46549 group_raw=-0.22876 rollout_ret=-0.22876 chunk0_ret=0.13561 chunk_last_ret=-0.10730
[REWARD_SCALE] live_steps=23.93 min=17 p50=24 p95=24 max=24 survive=0.95215 per_step=-0.00956 per_second=-0.478 episode30s_projection=-14.34
[OBJECTIVE] obj_mean=-0.22876 obj_std=0.38954 obj_min=-1.77056 obj_max=1.18542 raw_mean=-0.22876 raw_std=0.38954 raw_min=-1.77056 raw_max=1.18542 score_mean=-0.00960 rtg_mean=-38.74139 grpo_score=-0.36609 early_penalty=0.13733
[PHASE] start_mean=726.43 start_min=0 start_max=1433 fail_rel_mean=22.62
[CHUNK_REWARD] obj_first=0.13561 obj_mid=-0.04537 obj_last=-0.10730 raw_first=0.13561 raw_mid=-0.04537 raw_last=-0.10730
[POLICY] loss=-0.01110 policy_loss=-0.01110 value_loss=0.00000 entropy=0.00000 kl=0.01490 step_ratio=0.9988 step_clip=0.0871 post_ratio=0.9986 post_clip=0.1309 grad=0.14045 lr=0.001000 critic_lr=0.000000 sde_steps=4 opt_steps=20
[POLICY_DETAIL] samples=98112 mb=24528 micro_mb=8192 micro_steps=60 batch_ratio=0.9991 batch_min=0.1890 batch_max=4.9310 post_ratio=0.9986 post_min=0.3508 post_max=2.4974 post_clip=0.1309 logp_delta_abs=0.11475 post_logp_delta_abs=0.14834 post_kl=0.02208 old_logp=-31.45670 new_logp=-31.47216 adv_abs=0.74967 grpo_adv_abs=0.74967 valid=0.99805
[TRAIN] mean_reward=-1.68084 mean_len=146.01 recent_eps=100 completed_eps=3272
[UPDATE_EFFECT] action_delta=0.01818574 param_rms_delta=0.00271590
[TIME] collect=15.543s update=0.581s
[DONE] timeout=0.00000 anchor_pos=0.00000 anchor_ori=0.00000 ee_body=0.00000
[DONE_ROLLOUT] timeout=0.00000 anchor_pos=0.04138 anchor_ori=0.00671 ee_body=0.00037
[FIRST_FAILURE] chunk_mean=10.51 chunk_min=8 chunk_max=11 phase_mean=711.47 phase_min=180 phase_max=1332 anchor_pos=0.04138 anchor_ori=0.00671 ee_body=0.00037 timeout=0.00000
[TRACK_CHUNK0] anchor_pos=0.97463 anchor_ori=0.82222 body_pos=0.97682 body_ori=0.81289 body_lin=0.61860 body_ang=0.09899
[TRACK_ROLLOUT] anchor_pos=0.63240 anchor_ori=0.41605 body_pos=0.80997 body_ori=0.36915 body_lin=0.40206 body_ang=0.05894
[TRAIN_COST] action_rate=28.55431 joint_torque=2344.66199 joint_limit=0.00678 undesired_contacts=0.57690
[REWARD_WEIGHTED] pos=0.12202 penalty=-0.06344 total=0.05858 act_rate=-0.05711 torque=-0.00047 contacts=-0.00115
[ACT_SUMMARY] abs_mean=0.6533 abs_p95=1.5762 abs_p99=2.0243 abs_max=3.4925 abs_max_all=3.4925 legs=0.6501 waist=0.6515 arms=0.6563 first=0.6533 last=0.6564 latent_abs=0.6686 latent_max=4.3218
[TRAIN_BODY] torso_ori=6.29deg l_wrist_ori=12.11deg r_wrist_ori=12.05deg l_elbow_ori=10.32deg r_elbow_ori=10.22deg l_shoulder_ori=8.67deg r_shoulder_ori=8.59deg
[TRAIN_ANG] torso=2.188 l_wrist=6.555 r_wrist=6.431 l_elbow=5.013 r_elbow=4.914 l_shoulder=3.292 r_shoulder=3.436
[TRAIN_ACT] l_wrist_r=0.6529 l_wrist_p=0.6525 l_wrist_y=0.6564 r_wrist_r=0.6501 r_wrist_p=0.6604 r_wrist_y=0.6556 l_elbow=0.6629 r_elbow=0.6603
[UPDATE] 8/1000 group_reward=-13.50717 group_std=24.08867 group_raw=-0.21543 rollout_ret=-0.21543 chunk0_ret=0.13687 chunk_last_ret=-0.10719
[REWARD_SCALE] live_steps=23.92 min=15 p50=24 p95=24 max=24 survive=0.94373 per_step=-0.00900 per_second=-0.450 episode30s_projection=-13.51
[OBJECTIVE] obj_mean=-0.21543 obj_std=0.38336 obj_min=-1.48171 obj_max=1.18493 raw_mean=-0.21543 raw_std=0.38336 raw_min=-1.48171 raw_max=1.18493 score_mean=-0.00905 rtg_mean=-38.68977 grpo_score=-0.37361 early_penalty=0.15818
[PHASE] start_mean=710.06 start_min=3 start_max=1433 fail_rel_mean=22.65
[CHUNK_REWARD] obj_first=0.13687 obj_mid=-0.04292 obj_last=-0.10719 raw_first=0.13687 raw_mid=-0.04292 raw_last=-0.10719
[POLICY] loss=-0.01137 policy_loss=-0.01137 value_loss=0.00000 entropy=0.00000 kl=0.01505 step_ratio=0.9991 step_clip=0.0882 post_ratio=1.0010 post_clip=0.1133 grad=0.13960 lr=0.001000 critic_lr=0.000000 sde_steps=4 opt_steps=20
[POLICY_DETAIL] samples=98089 mb=24522 micro_mb=8192 micro_steps=60 batch_ratio=0.9993 batch_min=0.1859 batch_max=4.1359 post_ratio=1.0010 post_min=0.3632 post_max=2.4951 post_clip=0.1133 logp_delta_abs=0.11514 post_logp_delta_abs=0.14098 post_kl=0.02022 old_logp=-31.45111 new_logp=-31.46652 adv_abs=0.74737 grpo_adv_abs=0.74737 valid=0.99781
[TRAIN] mean_reward=-1.78896 mean_len=165.89 recent_eps=100 completed_eps=3733
[UPDATE_EFFECT] action_delta=0.01889480 param_rms_delta=0.00271348
[TIME] collect=15.457s update=0.595s
[DONE] timeout=0.00000 anchor_pos=0.00000 anchor_ori=0.00000 ee_body=0.00000
[DONE_ROLLOUT] timeout=0.00000 anchor_pos=0.04944 anchor_ori=0.00708 ee_body=0.00024
[FIRST_FAILURE] chunk_mean=10.53 chunk_min=7 chunk_max=11 phase_mean=729.73 phase_min=149 phase_max=1331 anchor_pos=0.04944 anchor_ori=0.00708 ee_body=0.00024 timeout=0.00000
[TRACK_CHUNK0] anchor_pos=0.97393 anchor_ori=0.82530 body_pos=0.97708 body_ori=0.81702 body_lin=0.62249 body_ang=0.10254
[TRACK_ROLLOUT] anchor_pos=0.62948 anchor_ori=0.42091 body_pos=0.81155 body_ori=0.37121 body_lin=0.40368 body_ang=0.05996
[TRAIN_COST] action_rate=28.51549 joint_torque=2368.05933 joint_limit=0.00692 undesired_contacts=0.55798
[REWARD_WEIGHTED] pos=0.12235 penalty=-0.06329 total=0.05907 act_rate=-0.05703 torque=-0.00047 contacts=-0.00112
[ACT_SUMMARY] abs_mean=0.6525 abs_p95=1.5759 abs_p99=2.0237 abs_max=3.3581 abs_max_all=3.5540 legs=0.6503 waist=0.6490 arms=0.6551 first=0.6525 last=0.6568 latent_abs=0.6678 latent_max=4.4440
[TRAIN_BODY] torso_ori=6.16deg l_wrist_ori=12.04deg r_wrist_ori=12.03deg l_elbow_ori=10.21deg r_elbow_ori=10.14deg l_shoulder_ori=8.37deg r_shoulder_ori=8.41deg
[TRAIN_ANG] torso=2.177 l_wrist=6.529 r_wrist=6.425 l_elbow=4.983 r_elbow=4.876 l_shoulder=3.276 r_shoulder=3.398
[TRAIN_ACT] l_wrist_r=0.6589 l_wrist_p=0.6599 l_wrist_y=0.6520 r_wrist_r=0.6572 r_wrist_p=0.6556 r_wrist_y=0.6552 l_elbow=0.6562 r_elbow=0.6522
[UPDATE] 9/1000 group_reward=-12.11811 group_std=24.15726 group_raw=-0.19332 rollout_ret=-0.19332 chunk0_ret=0.13518 chunk_last_ret=-0.10441
[REWARD_SCALE] live_steps=23.93 min=16 p50=24 p95=24 max=24 survive=0.95276 per_step=-0.00808 per_second=-0.404 episode30s_projection=-12.12
[OBJECTIVE] obj_mean=-0.19332 obj_std=0.38473 obj_min=-1.63286 obj_max=1.30103 raw_mean=-0.19332 raw_std=0.38473 raw_min=-1.63286 raw_max=1.30103 score_mean=-0.00812 rtg_mean=-38.48026 grpo_score=-0.34082 early_penalty=0.14750
[PHASE] start_mean=717.79 start_min=0 start_max=1433 fail_rel_mean=22.50
[CHUNK_REWARD] obj_first=0.13518 obj_mid=-0.04052 obj_last=-0.10441 raw_first=0.13518 raw_mid=-0.04052 raw_last=-0.10441
[POLICY] loss=-0.01154 policy_loss=-0.01154 value_loss=0.00000 entropy=0.00000 kl=0.01492 step_ratio=0.9997 step_clip=0.0877 post_ratio=1.0187 post_clip=0.1289 grad=0.14162 lr=0.001000 critic_lr=0.000000 sde_steps=4 opt_steps=20
[POLICY_DETAIL] samples=98096 mb=24524 micro_mb=8192 micro_steps=60 batch_ratio=0.9999 batch_min=0.1755 batch_max=4.9239 post_ratio=1.0187 post_min=0.3815 post_max=2.8237 post_clip=0.1289 logp_delta_abs=0.11484 post_logp_delta_abs=0.14620 post_kl=0.02129 old_logp=-31.46974 new_logp=-31.48444 adv_abs=0.74971 grpo_adv_abs=0.74971 valid=0.99788
[TRAIN] mean_reward=-1.57798 mean_len=161.41 recent_eps=100 completed_eps=4120
[UPDATE_EFFECT] action_delta=0.01912045 param_rms_delta=0.00273201
[TIME] collect=15.630s update=0.592s
[DONE] timeout=0.00000 anchor_pos=0.00000 anchor_ori=0.00000 ee_body=0.00000
[DONE_ROLLOUT] timeout=0.00000 anchor_pos=0.04126 anchor_ori=0.00586 ee_body=0.00024
[FIRST_FAILURE] chunk_mean=10.46 chunk_min=7 chunk_max=11 phase_mean=738.31 phase_min=193 phase_max=1341 anchor_pos=0.04126 anchor_ori=0.00586 ee_body=0.00024 timeout=0.00000
[TRACK_CHUNK0] anchor_pos=0.97401 anchor_ori=0.82148 body_pos=0.97738 body_ori=0.81432 body_lin=0.61761 body_ang=0.10013
[TRACK_ROLLOUT] anchor_pos=0.63413 anchor_ori=0.42648 body_pos=0.81610 body_ori=0.37707 body_lin=0.40939 body_ang=0.06081
[TRAIN_COST] action_rate=28.64212 joint_torque=2380.66919 joint_limit=0.00695 undesired_contacts=0.56671
[REWARD_WEIGHTED] pos=0.12201 penalty=-0.06369 total=0.05832 act_rate=-0.05728 torque=-0.00048 contacts=-0.00113
[ACT_SUMMARY] abs_mean=0.6534 abs_p95=1.5787 abs_p99=2.0219 abs_max=3.3194 abs_max_all=3.4764 legs=0.6525 waist=0.6521 arms=0.6546 first=0.6534 last=0.6568 latent_abs=0.6677 latent_max=4.2905
[TRAIN_BODY] torso_ori=6.29deg l_wrist_ori=12.16deg r_wrist_ori=12.07deg l_elbow_ori=10.38deg r_elbow_ori=10.24deg l_shoulder_ori=8.52deg r_shoulder_ori=8.52deg
[TRAIN_ANG] torso=2.175 l_wrist=6.530 r_wrist=6.498 l_elbow=4.979 r_elbow=4.965 l_shoulder=3.268 r_shoulder=3.439
[TRAIN_ACT] l_wrist_r=0.6591 l_wrist_p=0.6511 l_wrist_y=0.6501 r_wrist_r=0.6451 r_wrist_p=0.6598 r_wrist_y=0.6590 l_elbow=0.6569 r_elbow=0.6583
[UPDATE] 10/1000 group_reward=-11.38589 group_std=24.47317 group_raw=-0.18173 rollout_ret=-0.18173 chunk0_ret=0.13668 chunk_last_ret=-0.10220
[REWARD_SCALE] live_steps=23.94 min=15 p50=24 p95=24 max=24 survive=0.95618 per_step=-0.00759 per_second=-0.380 episode30s_projection=-11.39
[OBJECTIVE] obj_mean=-0.18173 obj_std=0.38999 obj_min=-1.48092 obj_max=1.39710 raw_mean=-0.18173 raw_std=0.38999 raw_min=-1.48092 raw_max=1.39710 score_mean=-0.00763 rtg_mean=-38.32880 grpo_score=-0.30456 early_penalty=0.12283
[PHASE] start_mean=730.90 start_min=52 start_max=1433 fail_rel_mean=22.65
[CHUNK_REWARD] obj_first=0.13668 obj_mid=-0.04028 obj_last=-0.10220 raw_first=0.13668 raw_mid=-0.04028 raw_last=-0.10220
[POLICY] loss=-0.01154 policy_loss=-0.01154 value_loss=0.00000 entropy=0.00000 kl=0.01534 step_ratio=0.9991 step_clip=0.0895 post_ratio=0.9940 post_clip=0.1123 grad=0.14401 lr=0.001000 critic_lr=0.000000 sde_steps=4 opt_steps=20
[POLICY_DETAIL] samples=98130 mb=24532 micro_mb=8192 micro_steps=60 batch_ratio=0.9993 batch_min=0.1840 batch_max=4.9391 post_ratio=0.9940 post_min=0.3708 post_max=2.4638 post_clip=0.1123 logp_delta_abs=0.11632 post_logp_delta_abs=0.14172 post_kl=0.02038 old_logp=-31.45526 new_logp=-31.47093 adv_abs=0.74847 grpo_adv_abs=0.74847 valid=0.99823
[TRAIN] mean_reward=-1.70209 mean_len=170.72 recent_eps=100 completed_eps=4479
[UPDATE_EFFECT] action_delta=0.01818836 param_rms_delta=0.00274045
[TIME] collect=15.696s update=0.592s
[DONE] timeout=0.00000 anchor_pos=0.00000 anchor_ori=0.00000 ee_body=0.00000
[DONE_ROLLOUT] timeout=0.00000 anchor_pos=0.03931 anchor_ori=0.00476 ee_body=0.00024
[FIRST_FAILURE] chunk_mean=10.52 chunk_min=7 chunk_max=11 phase_mean=773.90 phase_min=183 phase_max=1332 anchor_pos=0.03931 anchor_ori=0.00476 ee_body=0.00024 timeout=0.00000
[TRACK_CHUNK0] anchor_pos=0.97371 anchor_ori=0.82447 body_pos=0.97718 body_ori=0.81668 body_lin=0.62269 body_ang=0.10218
[TRACK_ROLLOUT] anchor_pos=0.63600 anchor_ori=0.42305 body_pos=0.81632 body_ori=0.37733 body_lin=0.41104 body_ang=0.06164
[TRAIN_COST] action_rate=28.51085 joint_torque=2391.05469 joint_limit=0.00713 undesired_contacts=0.56091
[REWARD_WEIGHTED] pos=0.12230 penalty=-0.06333 total=0.05897 act_rate=-0.05702 torque=-0.00048 contacts=-0.00112
[ACT_SUMMARY] abs_mean=0.6521 abs_p95=1.5775 abs_p99=2.0211 abs_max=3.2997 abs_max_all=3.5951 legs=0.6506 waist=0.6506 arms=0.6537 first=0.6521 last=0.6555 latent_abs=0.6667 latent_max=4.5280
[TRAIN_BODY] torso_ori=6.23deg l_wrist_ori=12.00deg r_wrist_ori=11.93deg l_elbow_ori=10.29deg r_elbow_ori=10.18deg l_shoulder_ori=8.44deg r_shoulder_ori=8.48deg
[TRAIN_ANG] torso=2.178 l_wrist=6.545 r_wrist=6.401 l_elbow=4.987 r_elbow=4.906 l_shoulder=3.273 r_shoulder=3.422
[TRAIN_ACT] l_wrist_r=0.6517 l_wrist_p=0.6512 l_wrist_y=0.6467 r_wrist_r=0.6487 r_wrist_p=0.6642 r_wrist_y=0.6499 l_elbow=0.6508 r_elbow=0.6543
[UPDATE] 11/1000 group_reward=-10.00175 group_std=23.80137 group_raw=-0.15973 rollout_ret=-0.15973 chunk0_ret=0.13777 chunk_last_ret=-0.10144
[REWARD_SCALE] live_steps=23.96 min=18 p50=24 p95=24 max=24 survive=0.96411 per_step=-0.00667 per_second=-0.333 episode30s_projection=-10.00
[OBJECTIVE] obj_mean=-0.15973 obj_std=0.37950 obj_min=-1.38610 obj_max=1.48073 raw_mean=-0.15973 raw_std=0.37950 raw_min=-1.38610 raw_max=1.48073 score_mean=-0.00670 rtg_mean=-38.25243 grpo_score=-0.25306 early_penalty=0.09333
[PHASE] start_mean=726.21 start_min=8 start_max=1433 fail_rel_mean=22.75
[CHUNK_REWARD] obj_first=0.13777 obj_mid=-0.03747 obj_last=-0.10144 raw_first=0.13777 raw_mid=-0.03747 raw_last=-0.10144
[POLICY] loss=-0.01157 policy_loss=-0.01157 value_loss=0.00000 entropy=0.00000 kl=0.01553 step_ratio=0.9991 step_clip=0.0910 post_ratio=0.9911 post_clip=0.1230 grad=0.14711 lr=0.001000 critic_lr=0.000000 sde_steps=4 opt_steps=20
[POLICY_DETAIL] samples=98169 mb=24542 micro_mb=8192 micro_steps=60 batch_ratio=0.9994 batch_min=0.1691 batch_max=5.7189 post_ratio=0.9911 post_min=0.4078 post_max=2.5956 post_clip=0.1230 logp_delta_abs=0.11752 post_logp_delta_abs=0.14065 post_kl=0.02024 old_logp=-31.45879 new_logp=-31.47459 adv_abs=0.75099 grpo_adv_abs=0.75099 valid=0.99863
[TRAIN] mean_reward=-1.98147 mean_len=201.26 recent_eps=100 completed_eps=4773
[UPDATE_EFFECT] action_delta=0.01859838 param_rms_delta=0.00273705
[TIME] collect=15.694s update=0.588s
[DONE] timeout=0.00000 anchor_pos=0.00000 anchor_ori=0.00000 ee_body=0.00000
[DONE_ROLLOUT] timeout=0.00000 anchor_pos=0.03186 anchor_ori=0.00415 ee_body=0.00012
[FIRST_FAILURE] chunk_mean=10.54 chunk_min=8 chunk_max=11 phase_mean=708.02 phase_min=229 phase_max=1313 anchor_pos=0.03186 anchor_ori=0.00415 ee_body=0.00012 timeout=0.00000
[TRACK_CHUNK0] anchor_pos=0.97436 anchor_ori=0.82278 body_pos=0.97702 body_ori=0.81587 body_lin=0.62318 body_ang=0.10407
[TRACK_ROLLOUT] anchor_pos=0.63971 anchor_ori=0.42694 body_pos=0.81649 body_ori=0.37749 body_lin=0.41225 body_ang=0.06289
[TRAIN_COST] action_rate=28.27510 joint_torque=2365.18774 joint_limit=0.00711 undesired_contacts=0.56396
[REWARD_WEIGHTED] pos=0.12229 penalty=-0.06281 total=0.05947 act_rate=-0.05655 torque=-0.00047 contacts=-0.00113
[ACT_SUMMARY] abs_mean=0.6500 abs_p95=1.5713 abs_p99=2.0130 abs_max=3.2933 abs_max_all=3.4250 legs=0.6459 waist=0.6533 arms=0.6528 first=0.6500 last=0.6547 latent_abs=0.6656 latent_max=4.1924
[TRAIN_BODY] torso_ori=6.33deg l_wrist_ori=11.94deg r_wrist_ori=12.03deg l_elbow_ori=10.20deg r_elbow_ori=10.23deg l_shoulder_ori=8.52deg r_shoulder_ori=8.56deg
[TRAIN_ANG] torso=2.162 l_wrist=6.445 r_wrist=6.371 l_elbow=4.931 r_elbow=4.878 l_shoulder=3.258 r_shoulder=3.402
[TRAIN_ACT] l_wrist_r=0.6452 l_wrist_p=0.6578 l_wrist_y=0.6502 r_wrist_r=0.6411 r_wrist_p=0.6612 r_wrist_y=0.6574 l_elbow=0.6558 r_elbow=0.6608
[UPDATE] 12/1000 group_reward=-9.19524 group_std=23.59875 group_raw=-0.14687 rollout_ret=-0.14687 chunk0_ret=0.13849 chunk_last_ret=-0.10120
[REWARD_SCALE] live_steps=23.96 min=16 p50=24 p95=24 max=24 survive=0.96960 per_step=-0.00613 per_second=-0.307 episode30s_projection=-9.20
[OBJECTIVE] obj_mean=-0.14687 obj_std=0.37658 obj_min=-1.63466 obj_max=1.32293 raw_mean=-0.14687 raw_std=0.37658 raw_min=-1.63466 raw_max=1.32293 score_mean=-0.00616 rtg_mean=-38.24046 grpo_score=-0.23460 early_penalty=0.08774
[PHASE] start_mean=726.49 start_min=25 start_max=1433 fail_rel_mean=22.61
[CHUNK_REWARD] obj_first=0.13849 obj_mid=-0.03593 obj_last=-0.10120 raw_first=0.13849 raw_mid=-0.03593 raw_last=-0.10120
[POLICY] loss=-0.01155 policy_loss=-0.01155 value_loss=0.00000 entropy=0.00000 kl=0.01605 step_ratio=0.9993 step_clip=0.0938 post_ratio=0.9921 post_clip=0.1143 grad=0.15722 lr=0.001000 critic_lr=0.000000 sde_steps=4 opt_steps=20
[POLICY_DETAIL] samples=98176 mb=24544 micro_mb=8192 micro_steps=60 batch_ratio=0.9996 batch_min=0.1430 batch_max=4.7099 post_ratio=0.9921 post_min=0.4558 post_max=2.2632 post_clip=0.1143 logp_delta_abs=0.11954 post_logp_delta_abs=0.14189 post_kl=0.01950 old_logp=-31.48227 new_logp=-31.49839 adv_abs=0.75104 grpo_adv_abs=0.75104 valid=0.99870
[TRAIN] mean_reward=-2.36649 mean_len=221.18 recent_eps=100 completed_eps=5022
[UPDATE_EFFECT] action_delta=0.01885246 param_rms_delta=0.00275953
[TIME] collect=15.633s update=0.592s
[DONE] timeout=0.00000 anchor_pos=0.00000 anchor_ori=0.00000 ee_body=0.00000
[DONE_ROLLOUT] timeout=0.00000 anchor_pos=0.02771 anchor_ori=0.00256 ee_body=0.00024
[FIRST_FAILURE] chunk_mean=10.49 chunk_min=7 chunk_max=11 phase_mean=693.25 phase_min=129 phase_max=1314 anchor_pos=0.02771 anchor_ori=0.00256 ee_body=0.00024 timeout=0.00000
[TRACK_CHUNK0] anchor_pos=0.97455 anchor_ori=0.82251 body_pos=0.97720 body_ori=0.81602 body_lin=0.62594 body_ang=0.10415
[TRACK_ROLLOUT] anchor_pos=0.64096 anchor_ori=0.43350 body_pos=0.81800 body_ori=0.37871 body_lin=0.41285 body_ang=0.06321
[TRAIN_COST] action_rate=28.18477 joint_torque=2353.61499 joint_limit=0.00695 undesired_contacts=0.52802
[REWARD_WEIGHTED] pos=0.12235 penalty=-0.06246 total=0.05989 act_rate=-0.05637 torque=-0.00047 contacts=-0.00106
[ACT_SUMMARY] abs_mean=0.6489 abs_p95=1.5675 abs_p99=2.0166 abs_max=3.4185 abs_max_all=3.4185 legs=0.6461 waist=0.6466 arms=0.6518 first=0.6489 last=0.6555 latent_abs=0.6658 latent_max=4.1802
[TRAIN_BODY] torso_ori=6.30deg l_wrist_ori=12.18deg r_wrist_ori=11.93deg l_elbow_ori=10.27deg r_elbow_ori=10.17deg l_shoulder_ori=8.45deg r_shoulder_ori=8.40deg
[TRAIN_ANG] torso=2.152 l_wrist=6.514 r_wrist=6.340 l_elbow=5.010 r_elbow=4.820 l_shoulder=3.227 r_shoulder=3.402
[TRAIN_ACT] l_wrist_r=0.6526 l_wrist_p=0.6497 l_wrist_y=0.6495 r_wrist_r=0.6481 r_wrist_p=0.6501 r_wrist_y=0.6545 l_elbow=0.6571 r_elbow=0.6470
[UPDATE] 13/1000 group_reward=-7.97402 group_std=24.60461 group_raw=-0.12737 rollout_ret=-0.12737 chunk0_ret=0.13881 chunk_last_ret=-0.09773
[REWARD_SCALE] live_steps=23.96 min=17 p50=24 p95=24 max=24 survive=0.96960 per_step=-0.00532 per_second=-0.266 episode30s_projection=-7.97
[OBJECTIVE] obj_mean=-0.12737 obj_std=0.39218 obj_min=-1.59031 obj_max=1.31660 raw_mean=-0.12737 raw_std=0.39218 raw_min=-1.59031 raw_max=1.31660 score_mean=-0.00535 rtg_mean=-37.96612 grpo_score=-0.21079 early_penalty=0.08341
[PHASE] start_mean=724.33 start_min=8 start_max=1433 fail_rel_mean=22.68
[CHUNK_REWARD] obj_first=0.13881 obj_mid=-0.03441 obj_last=-0.09773 raw_first=0.13881 raw_mid=-0.03441 raw_last=-0.09773
[POLICY] loss=-0.01158 policy_loss=-0.01158 value_loss=0.00000 entropy=0.00000 kl=0.01629 step_ratio=0.9992 step_clip=0.0959 post_ratio=1.0017 post_clip=0.1309 grad=0.16166 lr=0.001000 critic_lr=0.000000 sde_steps=4 opt_steps=20
[POLICY_DETAIL] samples=98194 mb=24548 micro_mb=8192 micro_steps=60 batch_ratio=0.9994 batch_min=0.1526 batch_max=5.6386 post_ratio=1.0017 post_min=0.3119 post_max=2.5872 post_clip=0.1309 logp_delta_abs=0.12049 post_logp_delta_abs=0.15187 post_kl=0.02312 old_logp=-31.46187 new_logp=-31.47844 adv_abs=0.74826 grpo_adv_abs=0.74826 valid=0.99888
[TRAIN] mean_reward=-2.11603 mean_len=232.57 recent_eps=100 completed_eps=5271
[UPDATE_EFFECT] action_delta=0.02049396 param_rms_delta=0.00275110
[TIME] collect=15.687s update=0.597s
[DONE] timeout=0.00000 anchor_pos=0.00000 anchor_ori=0.00000 ee_body=0.00000
[DONE_ROLLOUT] timeout=0.00000 anchor_pos=0.02832 anchor_ori=0.00232 ee_body=0.00012
[FIRST_FAILURE] chunk_mean=10.56 chunk_min=8 chunk_max=11 phase_mean=743.92 phase_min=206 phase_max=1323 anchor_pos=0.02832 anchor_ori=0.00232 ee_body=0.00012 timeout=0.00000
[TRACK_CHUNK0] anchor_pos=0.97472 anchor_ori=0.82820 body_pos=0.97737 body_ori=0.81581 body_lin=0.62369 body_ang=0.10534
[TRACK_ROLLOUT] anchor_pos=0.64362 anchor_ori=0.43694 body_pos=0.82182 body_ori=0.38445 body_lin=0.41621 body_ang=0.06387
[TRAIN_COST] action_rate=28.15509 joint_torque=2378.87585 joint_limit=0.00700 undesired_contacts=0.53204
[REWARD_WEIGHTED] pos=0.12256 penalty=-0.06255 total=0.06001 act_rate=-0.05631 torque=-0.00048 contacts=-0.00106
[ACT_SUMMARY] abs_mean=0.6495 abs_p95=1.5692 abs_p99=2.0155 abs_max=3.5189 abs_max_all=3.5589 legs=0.6463 waist=0.6529 arms=0.6515 first=0.6495 last=0.6533 latent_abs=0.6653 latent_max=4.4539
[TRAIN_BODY] torso_ori=6.26deg l_wrist_ori=12.16deg r_wrist_ori=12.05deg l_elbow_ori=10.39deg r_elbow_ori=10.27deg l_shoulder_ori=8.54deg r_shoulder_ori=8.50deg
[TRAIN_ANG] torso=2.165 l_wrist=6.501 r_wrist=6.416 l_elbow=4.919 r_elbow=4.873 l_shoulder=3.223 r_shoulder=3.374
[TRAIN_ACT] l_wrist_r=0.6576 l_wrist_p=0.6513 l_wrist_y=0.6482 r_wrist_r=0.6484 r_wrist_p=0.6554 r_wrist_y=0.6526 l_elbow=0.6550 r_elbow=0.6502
[UPDATE] 14/1000 group_reward=-6.92124 group_std=23.75310 group_raw=-0.11062 rollout_ret=-0.11062 chunk0_ret=0.13965 chunk_last_ret=-0.09924
[REWARD_SCALE] live_steps=23.97 min=18 p50=24 p95=24 max=24 survive=0.96997 per_step=-0.00461 per_second=-0.231 episode30s_projection=-6.92
[OBJECTIVE] obj_mean=-0.11062 obj_std=0.37934 obj_min=-1.35234 obj_max=1.31576 raw_mean=-0.11062 raw_std=0.37934 raw_min=-1.35234 raw_max=1.31576 score_mean=-0.00463 rtg_mean=-37.77727 grpo_score=-0.16479 early_penalty=0.05417
[PHASE] start_mean=729.90 start_min=68 start_max=1426 fail_rel_mean=23.13
[CHUNK_REWARD] obj_first=0.13965 obj_mid=-0.03261 obj_last=-0.09924 raw_first=0.13965 raw_mid=-0.03261 raw_last=-0.09924
[POLICY] loss=-0.01096 policy_loss=-0.01096 value_loss=0.00000 entropy=0.00000 kl=0.01746 step_ratio=0.9994 step_clip=0.1010 post_ratio=0.9988 post_clip=0.1104 grad=0.18158 lr=0.001000 critic_lr=0.000000 sde_steps=4 opt_steps=20
[POLICY_DETAIL] samples=98245 mb=24561 micro_mb=8192 micro_steps=60 batch_ratio=0.9997 batch_min=0.1735 batch_max=4.9149 post_ratio=0.9988 post_min=0.4163 post_max=2.9956 post_clip=0.1104 logp_delta_abs=0.12461 post_logp_delta_abs=0.13746 post_kl=0.01975 old_logp=-31.45092 new_logp=-31.46833 adv_abs=0.74982 grpo_adv_abs=0.74982 valid=0.99940
[TRAIN] mean_reward=-2.27468 mean_len=248.00 recent_eps=100 completed_eps=5517
[UPDATE_EFFECT] action_delta=0.02004826 param_rms_delta=0.00274353
[TIME] collect=15.652s update=0.588s
[DONE] timeout=0.00000 anchor_pos=0.00000 anchor_ori=0.00000 ee_body=0.00000
[DONE_ROLLOUT] timeout=0.00000 anchor_pos=0.02673 anchor_ori=0.00354 ee_body=0.00012
[FIRST_FAILURE] chunk_mean=10.76 chunk_min=8 chunk_max=11 phase_mean=726.37 phase_min=217 phase_max=1308 anchor_pos=0.02673 anchor_ori=0.00354 ee_body=0.00012 timeout=0.00000
[TRACK_CHUNK0] anchor_pos=0.97429 anchor_ori=0.82650 body_pos=0.97759 body_ori=0.81900 body_lin=0.62564 body_ang=0.10731
[TRACK_ROLLOUT] anchor_pos=0.64565 anchor_ori=0.43517 body_pos=0.82258 body_ori=0.38695 body_lin=0.41925 body_ang=0.06483
[TRAIN_COST] action_rate=28.02032 joint_torque=2369.06006 joint_limit=0.00699 undesired_contacts=0.53546
[REWARD_WEIGHTED] pos=0.12262 penalty=-0.06227 total=0.06036 act_rate=-0.05604 torque=-0.00047 contacts=-0.00107
[ACT_SUMMARY] abs_mean=0.6489 abs_p95=1.5668 abs_p99=2.0136 abs_max=3.3444 abs_max_all=3.6845 legs=0.6457 waist=0.6529 arms=0.6508 first=0.6489 last=0.6536 latent_abs=0.6642 latent_max=4.7183
[TRAIN_BODY] torso_ori=6.19deg l_wrist_ori=11.96deg r_wrist_ori=11.86deg l_elbow_ori=10.23deg r_elbow_ori=10.00deg l_shoulder_ori=8.41deg r_shoulder_ori=8.37deg
[TRAIN_ANG] torso=2.160 l_wrist=6.414 r_wrist=6.360 l_elbow=4.842 r_elbow=4.850 l_shoulder=3.234 r_shoulder=3.350
[TRAIN_ACT] l_wrist_r=0.6504 l_wrist_p=0.6507 l_wrist_y=0.6482 r_wrist_r=0.6486 r_wrist_p=0.6612 r_wrist_y=0.6551 l_elbow=0.6444 r_elbow=0.6531
[UPDATE] 15/1000 group_reward=-5.93393 group_std=23.70517 group_raw=-0.09478 rollout_ret=-0.09478 chunk0_ret=0.13942 chunk_last_ret=-0.09485
[REWARD_SCALE] live_steps=23.96 min=17 p50=24 p95=24 max=24 survive=0.97351 per_step=-0.00396 per_second=-0.198 episode30s_projection=-5.93
[OBJECTIVE] obj_mean=-0.09478 obj_std=0.37802 obj_min=-1.30652 obj_max=1.32151 raw_mean=-0.09478 raw_std=0.37802 raw_min=-1.30652 raw_max=1.32151 score_mean=-0.00399 rtg_mean=-37.70402 grpo_score=-0.17795 early_penalty=0.08316
[PHASE] start_mean=726.31 start_min=5 start_max=1433 fail_rel_mean=22.49
[CHUNK_REWARD] obj_first=0.13942 obj_mid=-0.02969 obj_last=-0.09485 raw_first=0.13942 raw_mid=-0.02969 raw_last=-0.09485
[POLICY] loss=-0.01161 policy_loss=-0.01161 value_loss=0.00000 entropy=0.00000 kl=0.01659 step_ratio=0.9993 step_clip=0.0967 post_ratio=1.0008 post_clip=0.1133 grad=0.16556 lr=0.001000 critic_lr=0.000000 sde_steps=4 opt_steps=20
[POLICY_DETAIL] samples=98184 mb=24546 micro_mb=8192 micro_steps=60 batch_ratio=0.9995 batch_min=0.1616 batch_max=5.4454 post_ratio=1.0008 post_min=0.3704 post_max=2.2807 post_clip=0.1133 logp_delta_abs=0.12190 post_logp_delta_abs=0.14984 post_kl=0.02283 old_logp=-31.46561 new_logp=-31.48238 adv_abs=0.74956 grpo_adv_abs=0.74956 valid=0.99878
[TRAIN] mean_reward=-2.12542 mean_len=248.74 recent_eps=100 completed_eps=5734
[UPDATE_EFFECT] action_delta=0.01954963 param_rms_delta=0.00273272
[TIME] collect=15.665s update=0.598s
[DONE] timeout=0.00000 anchor_pos=0.00000 anchor_ori=0.00000 ee_body=0.00000
[DONE_ROLLOUT] timeout=0.00000 anchor_pos=0.02466 anchor_ori=0.00195 ee_body=0.00000
[FIRST_FAILURE] chunk_mean=10.45 chunk_min=8 chunk_max=11 phase_mean=743.78 phase_min=336 phase_max=1318 anchor_pos=0.02466 anchor_ori=0.00195 ee_body=0.00000 timeout=0.00000
[TRACK_CHUNK0] anchor_pos=0.97463 anchor_ori=0.82390 body_pos=0.97715 body_ori=0.81654 body_lin=0.62360 body_ang=0.10654
[TRACK_ROLLOUT] anchor_pos=0.64932 anchor_ori=0.43801 body_pos=0.82438 body_ori=0.38639 body_lin=0.42092 body_ang=0.06556
[TRAIN_COST] action_rate=27.98357 joint_torque=2387.49622 joint_limit=0.00701 undesired_contacts=0.52478
[REWARD_WEIGHTED] pos=0.12242 penalty=-0.06220 total=0.06021 act_rate=-0.05597 torque=-0.00048 contacts=-0.00105
[ACT_SUMMARY] abs_mean=0.6490 abs_p95=1.5679 abs_p99=2.0099 abs_max=3.2869 abs_max_all=3.5660 legs=0.6460 waist=0.6539 arms=0.6504 first=0.6490 last=0.6541 latent_abs=0.6644 latent_max=4.4683
[TRAIN_BODY] torso_ori=6.28deg l_wrist_ori=12.14deg r_wrist_ori=11.96deg l_elbow_ori=10.25deg r_elbow_ori=10.15deg l_shoulder_ori=8.51deg r_shoulder_ori=8.44deg
[TRAIN_ANG] torso=2.160 l_wrist=6.484 r_wrist=6.392 l_elbow=4.892 r_elbow=4.831 l_shoulder=3.227 r_shoulder=3.399
[TRAIN_ACT] l_wrist_r=0.6530 l_wrist_p=0.6504 l_wrist_y=0.6431 r_wrist_r=0.6485 r_wrist_p=0.6470 r_wrist_y=0.6551 l_elbow=0.6562 r_elbow=0.6487
[UPDATE] 16/1000 group_reward=-4.43238 group_std=23.45840 group_raw=-0.07084 rollout_ret=-0.07084 chunk0_ret=0.14040 chunk_last_ret=-0.09417
[REWARD_SCALE] live_steps=23.97 min=18 p50=24 p95=24 max=24 survive=0.97705 per_step=-0.00295 per_second=-0.148 episode30s_projection=-4.43
[OBJECTIVE] obj_mean=-0.07084 obj_std=0.37453 obj_min=-1.23521 obj_max=1.39500 raw_mean=-0.07084 raw_std=0.37453 raw_min=-1.23521 raw_max=1.39500 score_mean=-0.00297 rtg_mean=-37.54696 grpo_score=-0.12679 early_penalty=0.05595
[PHASE] start_mean=723.42 start_min=38 start_max=1421 fail_rel_mean=22.83
[CHUNK_REWARD] obj_first=0.14040 obj_mid=-0.02775 obj_last=-0.09417 raw_first=0.14040 raw_mid=-0.02775 raw_last=-0.09417
[POLICY] loss=-0.01215 policy_loss=-0.01215 value_loss=0.00000 entropy=0.00000 kl=0.01657 step_ratio=0.9993 step_clip=0.0971 post_ratio=1.0057 post_clip=0.1221 grad=0.16092 lr=0.001000 critic_lr=0.000000 sde_steps=4 opt_steps=20
[POLICY_DETAIL] samples=98230 mb=24557 micro_mb=8192 micro_steps=60 batch_ratio=0.9995 batch_min=0.1635 batch_max=4.9469 post_ratio=1.0057 post_min=0.4218 post_max=2.6613 post_clip=0.1221 logp_delta_abs=0.12186 post_logp_delta_abs=0.14470 post_kl=0.02041 old_logp=-31.46602 new_logp=-31.48272 adv_abs=0.75035 grpo_adv_abs=0.75035 valid=0.99925
[TRAIN] mean_reward=-2.49643 mean_len=298.18 recent_eps=100 completed_eps=5922
[UPDATE_EFFECT] action_delta=0.01892635 param_rms_delta=0.00272339
[TIME] collect=15.629s update=0.571s
[DONE] timeout=0.00000 anchor_pos=0.00000 anchor_ori=0.00000 ee_body=0.00000
[DONE_ROLLOUT] timeout=0.00000 anchor_pos=0.01990 anchor_ori=0.00317 ee_body=0.00012
[FIRST_FAILURE] chunk_mean=10.61 chunk_min=8 chunk_max=11 phase_mean=756.65 phase_min=417 phase_max=1445 anchor_pos=0.01990 anchor_ori=0.00317 ee_body=0.00012 timeout=0.00000
[TRACK_CHUNK0] anchor_pos=0.97451 anchor_ori=0.82776 body_pos=0.97810 body_ori=0.81917 body_lin=0.62384 body_ang=0.10778
[TRACK_ROLLOUT] anchor_pos=0.65391 anchor_ori=0.44934 body_pos=0.82661 body_ori=0.38825 body_lin=0.42288 body_ang=0.06637
[TRAIN_COST] action_rate=27.85965 joint_torque=2343.31714 joint_limit=0.00703 undesired_contacts=0.52069
[REWARD_WEIGHTED] pos=0.12267 penalty=-0.06195 total=0.06071 act_rate=-0.05572 torque=-0.00047 contacts=-0.00104
[ACT_SUMMARY] abs_mean=0.6475 abs_p95=1.5644 abs_p99=2.0083 abs_max=3.1546 abs_max_all=3.6327 legs=0.6429 waist=0.6503 arms=0.6509 first=0.6475 last=0.6517 latent_abs=0.6635 latent_max=4.6068
[TRAIN_BODY] torso_ori=6.08deg l_wrist_ori=12.21deg r_wrist_ori=11.78deg l_elbow_ori=10.31deg r_elbow_ori=10.03deg l_shoulder_ori=8.43deg r_shoulder_ori=8.27deg
[TRAIN_ANG] torso=2.149 l_wrist=6.455 r_wrist=6.360 l_elbow=4.920 r_elbow=4.841 l_shoulder=3.268 r_shoulder=3.390
[TRAIN_ACT] l_wrist_r=0.6531 l_wrist_p=0.6533 l_wrist_y=0.6459 r_wrist_r=0.6468 r_wrist_p=0.6535 r_wrist_y=0.6483 l_elbow=0.6523 r_elbow=0.6469
[UPDATE] 17/1000 group_reward=-3.58359 group_std=23.65572 group_raw=-0.05727 rollout_ret=-0.05727 chunk0_ret=0.14082 chunk_last_ret=-0.08923
[REWARD_SCALE] live_steps=23.97 min=18 p50=24 p95=24 max=24 survive=0.97473 per_step=-0.00239 per_second=-0.119 episode30s_projection=-3.58
[OBJECTIVE] obj_mean=-0.05727 obj_std=0.37784 obj_min=-1.52807 obj_max=1.38400 raw_mean=-0.05727 raw_std=0.37784 raw_min=-1.52807 raw_max=1.38400 score_mean=-0.00241 rtg_mean=-37.34552 grpo_score=-0.11449 early_penalty=0.05722
[PHASE] start_mean=725.67 start_min=1 start_max=1433 fail_rel_mean=22.91
[CHUNK_REWARD] obj_first=0.14082 obj_mid=-0.02799 obj_last=-0.08923 raw_first=0.14082 raw_mid=-0.02799 raw_last=-0.08923
[POLICY] loss=-0.01226 policy_loss=-0.01226 value_loss=0.00000 entropy=0.00000 kl=0.01668 step_ratio=0.9994 step_clip=0.0977 post_ratio=0.9988 post_clip=0.1436 grad=0.16061 lr=0.001000 critic_lr=0.000000 sde_steps=4 opt_steps=20
[POLICY_DETAIL] samples=98226 mb=24556 micro_mb=8192 micro_steps=60 batch_ratio=0.9996 batch_min=0.1539 batch_max=4.9562 post_ratio=0.9988 post_min=0.3338 post_max=2.5529 post_clip=0.1436 logp_delta_abs=0.12240 post_logp_delta_abs=0.15703 post_kl=0.02452 old_logp=-31.46773 new_logp=-31.48448 adv_abs=0.74935 grpo_adv_abs=0.74935 valid=0.99921
[TRAIN] mean_reward=-2.24446 mean_len=307.10 recent_eps=100 completed_eps=6129
[UPDATE_EFFECT] action_delta=0.02015275 param_rms_delta=0.00274044
[TIME] collect=15.511s update=0.592s
[DONE] timeout=0.00000 anchor_pos=0.00000 anchor_ori=0.00000 ee_body=0.00000
[DONE_ROLLOUT] timeout=0.00000 anchor_pos=0.02283 anchor_ori=0.00281 ee_body=0.00000
[FIRST_FAILURE] chunk_mean=10.62 chunk_min=8 chunk_max=11 phase_mean=726.55 phase_min=140 phase_max=1315 anchor_pos=0.02283 anchor_ori=0.00281 ee_body=0.00000 timeout=0.00000
[TRACK_CHUNK0] anchor_pos=0.97433 anchor_ori=0.82793 body_pos=0.97738 body_ori=0.81758 body_lin=0.62909 body_ang=0.10826
[TRACK_ROLLOUT] anchor_pos=0.65439 anchor_ori=0.44695 body_pos=0.82712 body_ori=0.39151 body_lin=0.42861 body_ang=0.06791
[TRAIN_COST] action_rate=27.81449 joint_torque=2375.72437 joint_limit=0.00687 undesired_contacts=0.52136
[REWARD_WEIGHTED] pos=0.12274 penalty=-0.06186 total=0.06088 act_rate=-0.05563 torque=-0.00048 contacts=-0.00104
[ACT_SUMMARY] abs_mean=0.6467 abs_p95=1.5658 abs_p99=2.0063 abs_max=3.2745 abs_max_all=3.5555 legs=0.6433 waist=0.6514 arms=0.6485 first=0.6467 last=0.6519 latent_abs=0.6628 latent_max=4.4470
[TRAIN_BODY] torso_ori=6.27deg l_wrist_ori=12.14deg r_wrist_ori=11.94deg l_elbow_ori=10.25deg r_elbow_ori=10.21deg l_shoulder_ori=8.43deg r_shoulder_ori=8.39deg
[TRAIN_ANG] torso=2.159 l_wrist=6.452 r_wrist=6.368 l_elbow=4.874 r_elbow=4.873 l_shoulder=3.224 r_shoulder=3.401
[TRAIN_ACT] l_wrist_r=0.6542 l_wrist_p=0.6498 l_wrist_y=0.6476 r_wrist_r=0.6348 r_wrist_p=0.6545 r_wrist_y=0.6564 l_elbow=0.6481 r_elbow=0.6433
[UPDATE] 18/1000 group_reward=-2.44048 group_std=23.64797 group_raw=-0.03900 rollout_ret=-0.03900 chunk0_ret=0.14176 chunk_last_ret=-0.08778
[REWARD_SCALE] live_steps=23.97 min=18 p50=24 p95=24 max=24 survive=0.97766 per_step=-0.00163 per_second=-0.081 episode30s_projection=-2.44
[OBJECTIVE] obj_mean=-0.03900 obj_std=0.37737 obj_min=-1.34908 obj_max=1.45122 raw_mean=-0.03900 raw_std=0.37737 raw_min=-1.34908 raw_max=1.45122 score_mean=-0.00165 rtg_mean=-37.26415 grpo_score=-0.09394 early_penalty=0.05493
[PHASE] start_mean=727.35 start_min=0 start_max=1433 fail_rel_mean=22.82
[CHUNK_REWARD] obj_first=0.14176 obj_mid=-0.02526 obj_last=-0.08778 raw_first=0.14176 raw_mid=-0.02526 raw_last=-0.08778
[POLICY] loss=-0.01243 policy_loss=-0.01243 value_loss=0.00000 entropy=0.00000 kl=0.01699 step_ratio=0.9991 step_clip=0.0992 post_ratio=0.9960 post_clip=0.1123 grad=0.16329 lr=0.001000 critic_lr=0.000000 sde_steps=4 opt_steps=20
[POLICY_DETAIL] samples=98235 mb=24558 micro_mb=8192 micro_steps=60 batch_ratio=0.9994 batch_min=0.2029 batch_max=4.7774 post_ratio=0.9960 post_min=0.4240 post_max=2.2420 post_clip=0.1123 logp_delta_abs=0.12387 post_logp_delta_abs=0.14788 post_kl=0.02070 old_logp=-31.46593 new_logp=-31.48312 adv_abs=0.75192 grpo_adv_abs=0.75192 valid=0.99930
[TRAIN] mean_reward=-2.35047 mean_len=310.58 recent_eps=100 completed_eps=6312
[UPDATE_EFFECT] action_delta=0.01989864 param_rms_delta=0.00274020
[TIME] collect=15.431s update=0.606s
[DONE] timeout=0.00000 anchor_pos=0.00000 anchor_ori=0.00000 ee_body=0.00000
[DONE_ROLLOUT] timeout=0.00000 anchor_pos=0.02063 anchor_ori=0.00146 ee_body=0.00024
[FIRST_FAILURE] chunk_mean=10.62 chunk_min=8 chunk_max=11 phase_mean=713.23 phase_min=350 phase_max=1257 anchor_pos=0.02063 anchor_ori=0.00146 ee_body=0.00024 timeout=0.00000
[TRACK_CHUNK0] anchor_pos=0.97479 anchor_ori=0.82550 body_pos=0.97748 body_ori=0.81909 body_lin=0.62773 body_ang=0.10967
[TRACK_ROLLOUT] anchor_pos=0.66251 anchor_ori=0.44605 body_pos=0.82940 body_ori=0.39172 body_lin=0.43086 body_ang=0.06808
[TRAIN_COST] action_rate=27.63980 joint_torque=2392.89429 joint_limit=0.00653 undesired_contacts=0.52026
[REWARD_WEIGHTED] pos=0.12269 penalty=-0.06135 total=0.06134 act_rate=-0.05528 torque=-0.00048 contacts=-0.00104
[ACT_SUMMARY] abs_mean=0.6456 abs_p95=1.5610 abs_p99=2.0080 abs_max=3.3309 abs_max_all=3.5718 legs=0.6413 waist=0.6500 arms=0.6483 first=0.6456 last=0.6513 latent_abs=0.6626 latent_max=4.4801
[TRAIN_BODY] torso_ori=6.15deg l_wrist_ori=11.99deg r_wrist_ori=11.85deg l_elbow_ori=10.15deg r_elbow_ori=10.21deg l_shoulder_ori=8.34deg r_shoulder_ori=8.39deg
[TRAIN_ANG] torso=2.140 l_wrist=6.413 r_wrist=6.445 l_elbow=4.868 r_elbow=4.921 l_shoulder=3.243 r_shoulder=3.378
[TRAIN_ACT] l_wrist_r=0.6471 l_wrist_p=0.6550 l_wrist_y=0.6463 r_wrist_r=0.6409 r_wrist_p=0.6565 r_wrist_y=0.6499 l_elbow=0.6520 r_elbow=0.6430
[UPDATE] 19/1000 group_reward=-0.72244 group_std=23.40529 group_raw=-0.01155 rollout_ret=-0.01155 chunk0_ret=0.14107 chunk_last_ret=-0.08475
[REWARD_SCALE] live_steps=23.98 min=19 p50=24 p95=24 max=24 survive=0.97925 per_step=-0.00048 per_second=-0.024 episode30s_projection=-0.72
[OBJECTIVE] obj_mean=-0.01155 obj_std=0.37383 obj_min=-1.45541 obj_max=1.13675 raw_mean=-0.01155 raw_std=0.37383 raw_min=-1.45541 raw_max=1.13675 score_mean=-0.00050 rtg_mean=-36.99529 grpo_score=-0.06241 early_penalty=0.05086
[PHASE] start_mean=717.92 start_min=7 start_max=1433 fail_rel_mean=22.82
[CHUNK_REWARD] obj_first=0.14107 obj_mid=-0.02277 obj_last=-0.08475 raw_first=0.14107 raw_mid=-0.02277 raw_last=-0.08475
[POLICY] loss=-0.01222 policy_loss=-0.01222 value_loss=0.00000 entropy=0.00000 kl=0.01759 step_ratio=0.9988 step_clip=0.1030 post_ratio=0.9988 post_clip=0.1338 grad=0.17980 lr=0.001000 critic_lr=0.000000 sde_steps=4 opt_steps=20
[POLICY_DETAIL] samples=98236 mb=24559 micro_mb=8192 micro_steps=60 batch_ratio=0.9991 batch_min=0.1753 batch_max=4.8118 post_ratio=0.9988 post_min=0.1919 post_max=3.1760 post_clip=0.1338 logp_delta_abs=0.12568 post_logp_delta_abs=0.15910 post_kl=0.02594 old_logp=-31.45689 new_logp=-31.47500 adv_abs=0.74966 grpo_adv_abs=0.74966 valid=0.99931
[TRAIN] mean_reward=-2.29140 mean_len=336.57 recent_eps=100 completed_eps=6482
[UPDATE_EFFECT] action_delta=0.02094056 param_rms_delta=0.00273301
[TIME] collect=15.443s update=0.609s
[DONE] timeout=0.00000 anchor_pos=0.00000 anchor_ori=0.00000 ee_body=0.00000
[DONE_ROLLOUT] timeout=0.00000 anchor_pos=0.01892 anchor_ori=0.00171 ee_body=0.00012
[FIRST_FAILURE] chunk_mean=10.60 chunk_min=9 chunk_max=11 phase_mean=741.41 phase_min=210 phase_max=1316 anchor_pos=0.01892 anchor_ori=0.00171 ee_body=0.00012 timeout=0.00000
[TRACK_CHUNK0] anchor_pos=0.97485 anchor_ori=0.82482 body_pos=0.97781 body_ori=0.81964 body_lin=0.62584 body_ang=0.10831
[TRACK_ROLLOUT] anchor_pos=0.66563 anchor_ori=0.45486 body_pos=0.83248 body_ori=0.39424 body_lin=0.43287 body_ang=0.06946
[TRAIN_COST] action_rate=27.71809 joint_torque=2403.66785 joint_limit=0.00671 undesired_contacts=0.53204
[REWARD_WEIGHTED] pos=0.12262 penalty=-0.06165 total=0.06097 act_rate=-0.05544 torque=-0.00048 contacts=-0.00106
[ACT_SUMMARY] abs_mean=0.6472 abs_p95=1.5610 abs_p99=2.0059 abs_max=3.3097 abs_max_all=3.4346 legs=0.6463 waist=0.6499 arms=0.6475 first=0.6472 last=0.6515 latent_abs=0.6622 latent_max=4.2105
[TRAIN_BODY] torso_ori=6.26deg l_wrist_ori=12.07deg r_wrist_ori=11.85deg l_elbow_ori=10.22deg r_elbow_ori=10.11deg l_shoulder_ori=8.36deg r_shoulder_ori=8.43deg
[TRAIN_ANG] torso=2.138 l_wrist=6.503 r_wrist=6.345 l_elbow=4.914 r_elbow=4.827 l_shoulder=3.253 r_shoulder=3.418
[TRAIN_ACT] l_wrist_r=0.6552 l_wrist_p=0.6462 l_wrist_y=0.6478 r_wrist_r=0.6419 r_wrist_p=0.6498 r_wrist_y=0.6480 l_elbow=0.6510 r_elbow=0.6408
[UPDATE] 20/1000 group_reward=-0.30538 group_std=23.66967 group_raw=-0.00488 rollout_ret=-0.00488 chunk0_ret=0.14188 chunk_last_ret=-0.08395
[REWARD_SCALE] live_steps=23.97 min=17 p50=24 p95=24 max=24 survive=0.97778 per_step=-0.00020 per_second=-0.010 episode30s_projection=-0.31
[OBJECTIVE] obj_mean=-0.00488 obj_std=0.37781 obj_min=-1.85994 obj_max=1.40066 raw_mean=-0.00488 raw_std=0.37781 raw_min=-1.85994 raw_max=1.40066 score_mean=-0.00023 rtg_mean=-37.02946 grpo_score=-0.06337 early_penalty=0.05849
[PHASE] start_mean=731.24 start_min=0 start_max=1433 fail_rel_mean=22.74
[CHUNK_REWARD] obj_first=0.14188 obj_mid=-0.02214 obj_last=-0.08395 raw_first=0.14188 raw_mid=-0.02214 raw_last=-0.08395
[POLICY] loss=-0.01208 policy_loss=-0.01208 value_loss=0.00000 entropy=0.00000 kl=0.01787 step_ratio=0.9992 step_clip=0.1040 post_ratio=0.9970 post_clip=0.1357 grad=0.18663 lr=0.001000 critic_lr=0.000000 sde_steps=4 opt_steps=20
[POLICY_DETAIL] samples=98227 mb=24556 micro_mb=8192 micro_steps=60 batch_ratio=0.9995 batch_min=0.1343 batch_max=4.7430 post_ratio=0.9970 post_min=0.3127 post_max=2.4351 post_clip=0.1357 logp_delta_abs=0.12634 post_logp_delta_abs=0.15491 post_kl=0.02420 old_logp=-31.46259 new_logp=-31.48060 adv_abs=0.74963 grpo_adv_abs=0.74963 valid=0.99922
[TRAIN] mean_reward=-2.38642 mean_len=372.54 recent_eps=100 completed_eps=6664
[UPDATE_EFFECT] action_delta=0.02085742 param_rms_delta=0.00275039
[TIME] collect=15.508s update=0.587s
[DONE] timeout=0.00000 anchor_pos=0.00000 anchor_ori=0.00000 ee_body=0.00000
[DONE_ROLLOUT] timeout=0.00000 anchor_pos=0.01990 anchor_ori=0.00232 ee_body=0.00012
[FIRST_FAILURE] chunk_mean=10.58 chunk_min=8 chunk_max=11 phase_mean=704.55 phase_min=345 phase_max=1332 anchor_pos=0.01990 anchor_ori=0.00232 ee_body=0.00012 timeout=0.00000
[TRACK_CHUNK0] anchor_pos=0.97396 anchor_ori=0.82319 body_pos=0.97745 body_ori=0.81895 body_lin=0.62673 body_ang=0.11101
[TRACK_ROLLOUT] anchor_pos=0.66954 anchor_ori=0.45102 body_pos=0.83330 body_ori=0.39601 body_lin=0.43549 body_ang=0.07027
[TRAIN_COST] action_rate=27.49665 joint_torque=2421.47522 joint_limit=0.00674 undesired_contacts=0.54840
[REWARD_WEIGHTED] pos=0.12257 penalty=-0.06119 total=0.06138 act_rate=-0.05499 torque=-0.00048 contacts=-0.00110
[ACT_SUMMARY] abs_mean=0.6454 abs_p95=1.5580 abs_p99=2.0012 abs_max=3.2966 abs_max_all=3.4848 legs=0.6432 waist=0.6473 arms=0.6468 first=0.6454 last=0.6532 latent_abs=0.6622 latent_max=4.3068
[TRAIN_BODY] torso_ori=6.25deg l_wrist_ori=11.87deg r_wrist_ori=11.97deg l_elbow_ori=10.16deg r_elbow_ori=10.17deg l_shoulder_ori=8.41deg r_shoulder_ori=8.39deg
[TRAIN_ANG] torso=2.153 l_wrist=6.444 r_wrist=6.383 l_elbow=4.879 r_elbow=4.851 l_shoulder=3.259 r_shoulder=3.425
[TRAIN_ACT] l_wrist_r=0.6523 l_wrist_p=0.6507 l_wrist_y=0.6477 r_wrist_r=0.6409 r_wrist_p=0.6479 r_wrist_y=0.6459 l_elbow=0.6531 r_elbow=0.6405
[UPDATE] 21/1000 group_reward=1.93240 group_std=23.53160 group_raw=0.03089 rollout_ret=0.03089 chunk0_ret=0.14359 chunk_last_ret=-0.08203
[REWARD_SCALE] live_steps=23.98 min=17 p50=24 p95=24 max=24 survive=0.98157 per_step=0.00129 per_second=0.064 episode30s_projection=1.93
[OBJECTIVE] obj_mean=0.03089 obj_std=0.37584 obj_min=-1.33492 obj_max=1.37936 raw_mean=0.03089 raw_std=0.37584 raw_min=-1.33492 raw_max=1.37936 score_mean=0.00127 rtg_mean=-36.98042 grpo_score=-0.01438 early_penalty=0.04527
[PHASE] start_mean=727.60 start_min=8 start_max=1433 fail_rel_mean=22.82
[CHUNK_REWARD] obj_first=0.14359 obj_mid=-0.01773 obj_last=-0.08203 raw_first=0.14359 raw_mid=-0.01773 raw_last=-0.08203
[POLICY] loss=-0.01218 policy_loss=-0.01218 value_loss=0.00000 entropy=0.00000 kl=0.01878 step_ratio=0.9995 step_clip=0.1085 post_ratio=1.0013 post_clip=0.1348 grad=0.19165 lr=0.001000 critic_lr=0.000000 sde_steps=4 opt_steps=20
[POLICY_DETAIL] samples=98244 mb=24561 micro_mb=8192 micro_steps=60 batch_ratio=0.9996 batch_min=0.1307 batch_max=6.3556 post_ratio=1.0013 post_min=0.3333 post_max=2.6098 post_clip=0.1348 logp_delta_abs=0.13016 post_logp_delta_abs=0.15051 post_kl=0.02395 old_logp=-31.47367 new_logp=-31.49241 adv_abs=0.74868 grpo_adv_abs=0.74868 valid=0.99939
[TRAIN] mean_reward=-2.57774 mean_len=398.22 recent_eps=100 completed_eps=6815
[UPDATE_EFFECT] action_delta=0.01999866 param_rms_delta=0.00273190
[TIME] collect=15.473s update=0.591s
[DONE] timeout=0.00000 anchor_pos=0.00000 anchor_ori=0.00000 ee_body=0.00000
[DONE_ROLLOUT] timeout=0.00000 anchor_pos=0.01575 anchor_ori=0.00220 ee_body=0.00061
[FIRST_FAILURE] chunk_mean=10.60 chunk_min=8 chunk_max=11 phase_mean=753.12 phase_min=255 phase_max=1304 anchor_pos=0.01575 anchor_ori=0.00220 ee_body=0.00061 timeout=0.00000
[TRACK_CHUNK0] anchor_pos=0.97475 anchor_ori=0.82988 body_pos=0.97793 body_ori=0.82087 body_lin=0.62921 body_ang=0.11306
[TRACK_ROLLOUT] anchor_pos=0.67209 anchor_ori=0.46606 body_pos=0.83602 body_ori=0.40121 body_lin=0.43957 body_ang=0.07196
[TRAIN_COST] action_rate=27.37474 joint_torque=2417.60938 joint_limit=0.00670 undesired_contacts=0.52991
[REWARD_WEIGHTED] pos=0.12301 penalty=-0.06085 total=0.06216 act_rate=-0.05475 torque=-0.00048 contacts=-0.00106
[ACT_SUMMARY] abs_mean=0.6440 abs_p95=1.5565 abs_p99=2.0019 abs_max=3.2432 abs_max_all=3.5730 legs=0.6424 waist=0.6510 arms=0.6439 first=0.6440 last=0.6518 latent_abs=0.6619 latent_max=4.4825
[TRAIN_BODY] torso_ori=6.10deg l_wrist_ori=12.04deg r_wrist_ori=11.80deg l_elbow_ori=10.27deg r_elbow_ori=9.98deg l_shoulder_ori=8.41deg r_shoulder_ori=8.33deg
[TRAIN_ANG] torso=2.152 l_wrist=6.396 r_wrist=6.332 l_elbow=4.872 r_elbow=4.818 l_shoulder=3.213 r_shoulder=3.394
[TRAIN_ACT] l_wrist_r=0.6458 l_wrist_p=0.6432 l_wrist_y=0.6431 r_wrist_r=0.6420 r_wrist_p=0.6495 r_wrist_y=0.6465 l_elbow=0.6521 r_elbow=0.6402
[UPDATE] 22/1000 group_reward=1.17235 group_std=23.50986 group_raw=0.01874 rollout_ret=0.01874 chunk0_ret=0.14220 chunk_last_ret=-0.08142
[REWARD_SCALE] live_steps=23.98 min=16 p50=24 p95=24 max=24 survive=0.98206 per_step=0.00078 per_second=0.039 episode30s_projection=1.17
[OBJECTIVE] obj_mean=0.01874 obj_std=0.37552 obj_min=-1.33344 obj_max=1.65663 raw_mean=0.01874 raw_std=0.37552 raw_min=-1.33344 raw_max=1.65663 score_mean=0.00076 rtg_mean=-36.85311 grpo_score=-0.02780 early_penalty=0.04654
[PHASE] start_mean=729.73 start_min=3 start_max=1433 fail_rel_mean=22.76
[CHUNK_REWARD] obj_first=0.14220 obj_mid=-0.01950 obj_last=-0.08142 raw_first=0.14220 raw_mid=-0.01950 raw_last=-0.08142
[POLICY] loss=-0.01225 policy_loss=-0.01225 value_loss=0.00000 entropy=0.00000 kl=0.01817 step_ratio=0.9993 step_clip=0.1059 post_ratio=0.9931 post_clip=0.1182 grad=0.18926 lr=0.001000 critic_lr=0.000000 sde_steps=4 opt_steps=20
[POLICY_DETAIL] samples=98236 mb=24559 micro_mb=8192 micro_steps=60 batch_ratio=0.9997 batch_min=0.1411 batch_max=5.5141 post_ratio=0.9931 post_min=0.3724 post_max=2.4458 post_clip=0.1182 logp_delta_abs=0.12768 post_logp_delta_abs=0.15270 post_kl=0.02322 old_logp=-31.46262 new_logp=-31.48066 adv_abs=0.74958 grpo_adv_abs=0.74958 valid=0.99931
[TRAIN] mean_reward=-1.85495 mean_len=389.23 recent_eps=100 completed_eps=6962
[UPDATE_EFFECT] action_delta=0.01943343 param_rms_delta=0.00271388
[TIME] collect=15.501s update=0.593s
[DONE] timeout=0.00000 anchor_pos=0.00000 anchor_ori=0.00000 ee_body=0.00000
[DONE_ROLLOUT] timeout=0.00000 anchor_pos=0.01575 anchor_ori=0.00208 ee_body=0.00012
[FIRST_FAILURE] chunk_mean=10.54 chunk_min=7 chunk_max=11 phase_mean=745.96 phase_min=436 phase_max=1341 anchor_pos=0.01575 anchor_ori=0.00208 ee_body=0.00012 timeout=0.00000
[TRACK_CHUNK0] anchor_pos=0.97429 anchor_ori=0.82619 body_pos=0.97705 body_ori=0.81744 body_lin=0.62371 body_ang=0.11059
[TRACK_ROLLOUT] anchor_pos=0.67246 anchor_ori=0.45979 body_pos=0.83306 body_ori=0.39470 body_lin=0.43478 body_ang=0.07116
[TRAIN_COST] action_rate=27.37868 joint_torque=2442.66919 joint_limit=0.00647 undesired_contacts=0.56659
[REWARD_WEIGHTED] pos=0.12260 penalty=-0.06103 total=0.06156 act_rate=-0.05476 torque=-0.00049 contacts=-0.00113
[ACT_SUMMARY] abs_mean=0.6450 abs_p95=1.5609 abs_p99=2.0015 abs_max=3.2707 abs_max_all=3.5881 legs=0.6426 waist=0.6490 arms=0.6461 first=0.6450 last=0.6532 latent_abs=0.6620 latent_max=4.5135
[TRAIN_BODY] torso_ori=6.29deg l_wrist_ori=12.03deg r_wrist_ori=11.91deg l_elbow_ori=10.22deg r_elbow_ori=10.21deg l_shoulder_ori=8.42deg r_shoulder_ori=8.49deg
[TRAIN_ANG] torso=2.146 l_wrist=6.470 r_wrist=6.374 l_elbow=4.897 r_elbow=4.867 l_shoulder=3.212 r_shoulder=3.398
[TRAIN_ACT] l_wrist_r=0.6477 l_wrist_p=0.6459 l_wrist_y=0.6436 r_wrist_r=0.6389 r_wrist_p=0.6499 r_wrist_y=0.6450 l_elbow=0.6509 r_elbow=0.6443
[UPDATE] 23/1000 group_reward=2.14309 group_std=23.53189 group_raw=0.03425 rollout_ret=0.03425 chunk0_ret=0.14242 chunk_last_ret=-0.07912
[REWARD_SCALE] live_steps=23.97 min=15 p50=24 p95=24 max=24 survive=0.98022 per_step=0.00143 per_second=0.071 episode30s_projection=2.14
[OBJECTIVE] obj_mean=0.03425 obj_std=0.37579 obj_min=-1.55393 obj_max=1.44260 raw_mean=0.03425 raw_std=0.37579 raw_min=-1.55393 raw_max=1.44260 score_mean=0.00141 rtg_mean=-36.67549 grpo_score=-0.02450 early_penalty=0.05875
[PHASE] start_mean=727.52 start_min=17 start_max=1433 fail_rel_mean=22.57
[CHUNK_REWARD] obj_first=0.14242 obj_mid=-0.01843 obj_last=-0.07912 raw_first=0.14242 raw_mid=-0.01843 raw_last=-0.07912
[POLICY] loss=-0.01240 policy_loss=-0.01240 value_loss=0.00000 entropy=0.00000 kl=0.01838 step_ratio=0.9990 step_clip=0.1072 post_ratio=0.9913 post_clip=0.1328 grad=0.19038 lr=0.001000 critic_lr=0.000000 sde_steps=4 opt_steps=20
[POLICY_DETAIL] samples=98221 mb=24555 micro_mb=8192 micro_steps=60 batch_ratio=0.9993 batch_min=0.1482 batch_max=5.4838 post_ratio=0.9913 post_min=0.3426 post_max=2.7616 post_clip=0.1328 logp_delta_abs=0.12902 post_logp_delta_abs=0.15672 post_kl=0.02457 old_logp=-31.45390 new_logp=-31.47252 adv_abs=0.75104 grpo_adv_abs=0.75104 valid=0.99916
[TRAIN] mean_reward=-1.64330 mean_len=380.27 recent_eps=100 completed_eps=7124
[UPDATE_EFFECT] action_delta=0.02050240 param_rms_delta=0.00272965
[TIME] collect=15.495s update=0.598s
[DONE] timeout=0.00000 anchor_pos=0.00000 anchor_ori=0.00000 ee_body=0.00000
[DONE_ROLLOUT] timeout=0.00000 anchor_pos=0.01831 anchor_ori=0.00122 ee_body=0.00024
[FIRST_FAILURE] chunk_mean=10.49 chunk_min=7 chunk_max=11 phase_mean=733.89 phase_min=386 phase_max=1342 anchor_pos=0.01831 anchor_ori=0.00122 ee_body=0.00024 timeout=0.00000
[TRACK_CHUNK0] anchor_pos=0.97486 anchor_ori=0.81994 body_pos=0.97691 body_ori=0.81666 body_lin=0.62959 body_ang=0.11244
[TRACK_ROLLOUT] anchor_pos=0.67711 anchor_ori=0.45744 body_pos=0.83543 body_ori=0.39601 body_lin=0.43886 body_ang=0.07259
[TRAIN_COST] action_rate=27.38264 joint_torque=2439.96704 joint_limit=0.00622 undesired_contacts=0.55499
[REWARD_WEIGHTED] pos=0.12250 penalty=-0.06087 total=0.06163 act_rate=-0.05477 torque=-0.00049 contacts=-0.00111
[ACT_SUMMARY] abs_mean=0.6449 abs_p95=1.5602 abs_p99=1.9956 abs_max=3.2279 abs_max_all=3.4576 legs=0.6425 waist=0.6440 arms=0.6472 first=0.6449 last=0.6509 latent_abs=0.6610 latent_max=4.2543
[TRAIN_BODY] torso_ori=6.39deg l_wrist_ori=12.13deg r_wrist_ori=12.02deg l_elbow_ori=10.35deg r_elbow_ori=10.26deg l_shoulder_ori=8.54deg r_shoulder_ori=8.46deg
[TRAIN_ANG] torso=2.151 l_wrist=6.393 r_wrist=6.388 l_elbow=4.887 r_elbow=4.873 l_shoulder=3.251 r_shoulder=3.372
[TRAIN_ACT] l_wrist_r=0.6433 l_wrist_p=0.6532 l_wrist_y=0.6457 r_wrist_r=0.6409 r_wrist_p=0.6481 r_wrist_y=0.6463 l_elbow=0.6484 r_elbow=0.6425
[UPDATE] 24/1000 group_reward=2.68271 group_std=24.00925 group_raw=0.04289 rollout_ret=0.04289 chunk0_ret=0.14241 chunk_last_ret=-0.07801
[REWARD_SCALE] live_steps=23.98 min=18 p50=24 p95=24 max=24 survive=0.98120 per_step=0.00179 per_second=0.089 episode30s_projection=2.68
[OBJECTIVE] obj_mean=0.04289 obj_std=0.38351 obj_min=-1.19344 obj_max=1.51552 raw_mean=0.04289 raw_std=0.38351 raw_min=-1.19344 raw_max=1.51552 score_mean=0.00177 rtg_mean=-36.76307 grpo_score=0.00042 early_penalty=0.04247
[PHASE] start_mean=731.23 start_min=11 start_max=1433 fail_rel_mean=22.92
[CHUNK_REWARD] obj_first=0.14241 obj_mid=-0.01703 obj_last=-0.07801 raw_first=0.14241 raw_mid=-0.01703 raw_last=-0.07801
[POLICY] loss=-0.01273 policy_loss=-0.01273 value_loss=0.00000 entropy=0.00000 kl=0.01781 step_ratio=0.9990 step_clip=0.1038 post_ratio=0.9874 post_clip=0.1299 grad=0.18599 lr=0.001000 critic_lr=0.000000 sde_steps=4 opt_steps=20
[POLICY_DETAIL] samples=98248 mb=24562 micro_mb=8192 micro_steps=60 batch_ratio=0.9993 batch_min=0.1466 batch_max=5.6373 post_ratio=0.9874 post_min=0.4076 post_max=2.4567 post_clip=0.1299 logp_delta_abs=0.12687 post_logp_delta_abs=0.15464 post_kl=0.02292 old_logp=-31.46368 new_logp=-31.48175 adv_abs=0.74993 grpo_adv_abs=0.74993 valid=0.99943
[TRAIN] mean_reward=-2.07940 mean_len=431.85 recent_eps=100 completed_eps=7278
[UPDATE_EFFECT] action_delta=0.02012964 param_rms_delta=0.00273698
[TIME] collect=15.486s update=0.593s
[DONE] timeout=0.00000 anchor_pos=0.00000 anchor_ori=0.00000 ee_body=0.00000
[DONE_ROLLOUT] timeout=0.00000 anchor_pos=0.01599 anchor_ori=0.00256 ee_body=0.00024
[FIRST_FAILURE] chunk_mean=10.64 chunk_min=8 chunk_max=11 phase_mean=734.48 phase_min=229 phase_max=1318 anchor_pos=0.01599 anchor_ori=0.00256 ee_body=0.00024 timeout=0.00000
[TRACK_CHUNK0] anchor_pos=0.97458 anchor_ori=0.82495 body_pos=0.97718 body_ori=0.81748 body_lin=0.62850 body_ang=0.11331
[TRACK_ROLLOUT] anchor_pos=0.67625 anchor_ori=0.46229 body_pos=0.83494 body_ori=0.39897 body_lin=0.43865 body_ang=0.07304
[TRAIN_COST] action_rate=27.42854 joint_torque=2468.31470 joint_limit=0.00676 undesired_contacts=0.52924
[REWARD_WEIGHTED] pos=0.12271 penalty=-0.06112 total=0.06159 act_rate=-0.05486 torque=-0.00049 contacts=-0.00106
[ACT_SUMMARY] abs_mean=0.6451 abs_p95=1.5622 abs_p99=1.9994 abs_max=3.1481 abs_max_all=3.6932 legs=0.6450 waist=0.6461 arms=0.6449 first=0.6451 last=0.6505 latent_abs=0.6616 latent_max=4.7373
[TRAIN_BODY] torso_ori=6.32deg l_wrist_ori=12.13deg r_wrist_ori=11.98deg l_elbow_ori=10.26deg r_elbow_ori=10.16deg l_shoulder_ori=8.52deg r_shoulder_ori=8.49deg
[TRAIN_ANG] torso=2.138 l_wrist=6.369 r_wrist=6.329 l_elbow=4.838 r_elbow=4.840 l_shoulder=3.229 r_shoulder=3.333
[TRAIN_ACT] l_wrist_r=0.6441 l_wrist_p=0.6423 l_wrist_y=0.6423 r_wrist_r=0.6320 r_wrist_p=0.6447 r_wrist_y=0.6435 l_elbow=0.6555 r_elbow=0.6402
[UPDATE] 25/1000 group_reward=4.02624 group_std=24.06373 group_raw=0.06437 rollout_ret=0.06437 chunk0_ret=0.14312 chunk_last_ret=-0.07536
[REWARD_SCALE] live_steps=23.98 min=17 p50=24 p95=24 max=24 survive=0.98254 per_step=0.00268 per_second=0.134 episode30s_projection=4.03
[OBJECTIVE] obj_mean=0.06437 obj_std=0.38443 obj_min=-1.32745 obj_max=1.46822 raw_mean=0.06437 raw_std=0.38443 raw_min=-1.32745 raw_max=1.46822 score_mean=0.00267 rtg_mean=-36.35727 grpo_score=0.02801 early_penalty=0.03637
[PHASE] start_mean=740.96 start_min=13 start_max=1433 fail_rel_mean=23.00
[CHUNK_REWARD] obj_first=0.14312 obj_mid=-0.01485 obj_last=-0.07536 raw_first=0.14312 raw_mid=-0.01485 raw_last=-0.07536
[POLICY] loss=-0.01233 policy_loss=-0.01233 value_loss=0.00000 entropy=0.00000 kl=0.01925 step_ratio=0.9988 step_clip=0.1114 post_ratio=0.9920 post_clip=0.1396 grad=0.20758 lr=0.001000 critic_lr=0.000000 sde_steps=4 opt_steps=20
[POLICY_DETAIL] samples=98255 mb=24563 micro_mb=8192 micro_steps=60 batch_ratio=0.9992 batch_min=0.1465 batch_max=5.4315 post_ratio=0.9920 post_min=0.3540 post_max=4.6317 post_clip=0.1396 logp_delta_abs=0.13195 post_logp_delta_abs=0.15894 post_kl=0.02644 old_logp=-31.47192 new_logp=-31.49149 adv_abs=0.75145 grpo_adv_abs=0.75145 valid=0.99950
[TRAIN] mean_reward=-2.10331 mean_len=447.79 recent_eps=100 completed_eps=7421
[UPDATE_EFFECT] action_delta=0.02284126 param_rms_delta=0.00270094
[TIME] collect=15.460s update=0.591s
[DONE] timeout=0.00000 anchor_pos=0.00000 anchor_ori=0.00000 ee_body=0.00000
[DONE_ROLLOUT] timeout=0.00000 anchor_pos=0.01611 anchor_ori=0.00122 ee_body=0.00024
[FIRST_FAILURE] chunk_mean=10.66 chunk_min=8 chunk_max=11 phase_mean=804.75 phase_min=406 phase_max=1338 anchor_pos=0.01611 anchor_ori=0.00122 ee_body=0.00024 timeout=0.00000
[TRACK_CHUNK0] anchor_pos=0.97486 anchor_ori=0.82257 body_pos=0.97741 body_ori=0.81780 body_lin=0.62901 body_ang=0.11194
[TRACK_ROLLOUT] anchor_pos=0.68348 anchor_ori=0.46674 body_pos=0.83813 body_ori=0.40020 body_lin=0.44300 body_ang=0.07338
[TRAIN_COST] action_rate=27.22118 joint_torque=2486.89514 joint_limit=0.00629 undesired_contacts=0.55524
[REWARD_WEIGHTED] pos=0.12262 penalty=-0.06059 total=0.06204 act_rate=-0.05444 torque=-0.00050 contacts=-0.00111
[ACT_SUMMARY] abs_mean=0.6436 abs_p95=1.5568 abs_p99=1.9989 abs_max=3.4307 abs_max_all=3.6075 legs=0.6441 waist=0.6441 arms=0.6431 first=0.6436 last=0.6517 latent_abs=0.6614 latent_max=4.5539
[TRAIN_BODY] torso_ori=6.37deg l_wrist_ori=12.16deg r_wrist_ori=11.94deg l_elbow_ori=10.32deg r_elbow_ori=10.14deg l_shoulder_ori=8.54deg r_shoulder_ori=8.49deg
[TRAIN_ANG] torso=2.128 l_wrist=6.475 r_wrist=6.368 l_elbow=4.907 r_elbow=4.850 l_shoulder=3.234 r_shoulder=3.374
[TRAIN_ACT] l_wrist_r=0.6462 l_wrist_p=0.6446 l_wrist_y=0.6509 r_wrist_r=0.6376 r_wrist_p=0.6392 r_wrist_y=0.6403 l_elbow=0.6491 r_elbow=0.6402
[UPDATE] 26/1000 group_reward=4.73883 group_std=23.90139 group_raw=0.07578 rollout_ret=0.07578 chunk0_ret=0.14364 chunk_last_ret=-0.07596
[REWARD_SCALE] live_steps=23.99 min=18 p50=24 p95=24 max=24 survive=0.98743 per_step=0.00316 per_second=0.158 episode30s_projection=4.74
[OBJECTIVE] obj_mean=0.07578 obj_std=0.38213 obj_min=-1.24952 obj_max=1.63176 raw_mean=0.07578 raw_std=0.38213 raw_min=-1.24952 raw_max=1.63176 score_mean=0.00315 rtg_mean=-36.51365 grpo_score=0.04959 early_penalty=0.02619
[PHASE] start_mean=733.62 start_min=1 start_max=1433 fail_rel_mean=23.00
[CHUNK_REWARD] obj_first=0.14364 obj_mid=-0.01387 obj_last=-0.07596 raw_first=0.14364 raw_mid=-0.01387 raw_last=-0.07596
[POLICY] loss=-0.01237 policy_loss=-0.01237 value_loss=0.00000 entropy=0.00000 kl=0.01933 step_ratio=0.9990 step_clip=0.1118 post_ratio=1.0042 post_clip=0.1201 grad=0.20695 lr=0.001000 critic_lr=0.000000 sde_steps=4 opt_steps=20
[POLICY_DETAIL] samples=98271 mb=24567 micro_mb=8192 micro_steps=60 batch_ratio=0.9994 batch_min=0.1514 batch_max=4.6462 post_ratio=1.0042 post_min=0.2617 post_max=2.6106 post_clip=0.1201 logp_delta_abs=0.13230 post_logp_delta_abs=0.15034 post_kl=0.02306 old_logp=-31.46795 new_logp=-31.48739 adv_abs=0.74756 grpo_adv_abs=0.74756 valid=0.99966
[TRAIN] mean_reward=-2.19949 mean_len=442.67 recent_eps=100 completed_eps=7524
[UPDATE_EFFECT] action_delta=0.01926152 param_rms_delta=0.00272392
[TIME] collect=15.375s update=0.577s
[DONE] timeout=0.00000 anchor_pos=0.00000 anchor_ori=0.00000 ee_body=0.00000
[DONE_ROLLOUT] timeout=0.00000 anchor_pos=0.01172 anchor_ori=0.00061 ee_body=0.00024
[FIRST_FAILURE] chunk_mean=10.68 chunk_min=8 chunk_max=11 phase_mean=707.80 phase_min=367 phase_max=1295 anchor_pos=0.01172 anchor_ori=0.00061 ee_body=0.00024 timeout=0.00000
[TRACK_CHUNK0] anchor_pos=0.97380 anchor_ori=0.82504 body_pos=0.97717 body_ori=0.81936 body_lin=0.62976 body_ang=0.11387
[TRACK_ROLLOUT] anchor_pos=0.67993 anchor_ori=0.47280 body_pos=0.83940 body_ori=0.40257 body_lin=0.44533 body_ang=0.07481
[TRAIN_COST] action_rate=27.21561 joint_torque=2482.51050 joint_limit=0.00658 undesired_contacts=0.54993
[REWARD_WEIGHTED] pos=0.12276 penalty=-0.06054 total=0.06222 act_rate=-0.05443 torque=-0.00050 contacts=-0.00110
[ACT_SUMMARY] abs_mean=0.6433 abs_p95=1.5542 abs_p99=1.9994 abs_max=3.3864 abs_max_all=3.5036 legs=0.6440 waist=0.6447 arms=0.6425 first=0.6433 last=0.6522 latent_abs=0.6615 latent_max=4.3436
[TRAIN_BODY] torso_ori=6.21deg l_wrist_ori=11.93deg r_wrist_ori=11.91deg l_elbow_ori=10.12deg r_elbow_ori=10.23deg l_shoulder_ori=8.40deg r_shoulder_ori=8.43deg
[TRAIN_ANG] torso=2.125 l_wrist=6.438 r_wrist=6.319 l_elbow=4.920 r_elbow=4.799 l_shoulder=3.204 r_shoulder=3.335
[TRAIN_ACT] l_wrist_r=0.6424 l_wrist_p=0.6452 l_wrist_y=0.6424 r_wrist_r=0.6400 r_wrist_p=0.6454 r_wrist_y=0.6510 l_elbow=0.6473 r_elbow=0.6335
[UPDATE] 27/1000 group_reward=6.15735 group_std=23.80313 group_raw=0.09847 rollout_ret=0.09847 chunk0_ret=0.14339 chunk_last_ret=-0.07180
[REWARD_SCALE] live_steps=23.99 min=18 p50=24 p95=24 max=24 survive=0.98535 per_step=0.00410 per_second=0.205 episode30s_projection=6.16
[OBJECTIVE] obj_mean=0.09847 obj_std=0.38049 obj_min=-1.20464 obj_max=1.51339 raw_mean=0.09847 raw_std=0.38049 raw_min=-1.20464 raw_max=1.51339 score_mean=0.00409 rtg_mean=-36.33161 grpo_score=0.07278 early_penalty=0.02569
[PHASE] start_mean=725.42 start_min=0 start_max=1433 fail_rel_mean=23.16
[CHUNK_REWARD] obj_first=0.14339 obj_mid=-0.01189 obj_last=-0.07180 raw_first=0.14339 raw_mid=-0.01189 raw_last=-0.07180
[POLICY] loss=-0.01297 policy_loss=-0.01297 value_loss=0.00000 entropy=0.00000 kl=0.01885 step_ratio=0.9994 step_clip=0.1096 post_ratio=0.9998 post_clip=0.1279 grad=0.19536 lr=0.001000 critic_lr=0.000000 sde_steps=4 opt_steps=20
[POLICY_DETAIL] samples=98273 mb=24568 micro_mb=8192 micro_steps=60 batch_ratio=0.9998 batch_min=0.1817 batch_max=5.2829 post_ratio=0.9998 post_min=0.4298 post_max=2.4613 post_clip=0.1279 logp_delta_abs=0.13169 post_logp_delta_abs=0.14868 post_kl=0.02072 old_logp=-31.45807 new_logp=-31.47672 adv_abs=0.74978 grpo_adv_abs=0.74978 valid=0.99968
[TRAIN] mean_reward=-1.79620 mean_len=479.51 recent_eps=100 completed_eps=7644
[UPDATE_EFFECT] action_delta=0.01842245 param_rms_delta=0.00271205
[TIME] collect=15.444s update=0.582s
[DONE] timeout=0.00000 anchor_pos=0.00000 anchor_ori=0.00000 ee_body=0.00000
[DONE_ROLLOUT] timeout=0.00000 anchor_pos=0.01343 anchor_ori=0.00146 ee_body=0.00000
[FIRST_FAILURE] chunk_mean=10.74 chunk_min=8 chunk_max=11 phase_mean=724.64 phase_min=225 phase_max=1220 anchor_pos=0.01343 anchor_ori=0.00146 ee_body=0.00000 timeout=0.00000
[TRACK_CHUNK0] anchor_pos=0.97446 anchor_ori=0.82650 body_pos=0.97766 body_ori=0.81887 body_lin=0.63260 body_ang=0.11384
[TRACK_ROLLOUT] anchor_pos=0.68609 anchor_ori=0.47482 body_pos=0.84122 body_ori=0.40529 body_lin=0.45063 body_ang=0.07588
[TRAIN_COST] action_rate=27.30722 joint_torque=2500.23059 joint_limit=0.00649 undesired_contacts=0.52246
[REWARD_WEIGHTED] pos=0.12290 penalty=-0.06082 total=0.06208 act_rate=-0.05461 torque=-0.00050 contacts=-0.00104
[ACT_SUMMARY] abs_mean=0.6449 abs_p95=1.5564 abs_p99=1.9993 abs_max=3.5477 abs_max_all=3.5477 legs=0.6437 waist=0.6488 arms=0.6451 first=0.6449 last=0.6516 latent_abs=0.6608 latent_max=4.4312
[TRAIN_BODY] torso_ori=6.21deg l_wrist_ori=11.93deg r_wrist_ori=12.04deg l_elbow_ori=10.22deg r_elbow_ori=10.29deg l_shoulder_ori=8.45deg r_shoulder_ori=8.38deg
[TRAIN_ANG] torso=2.135 l_wrist=6.371 r_wrist=6.342 l_elbow=4.837 r_elbow=4.806 l_shoulder=3.215 r_shoulder=3.354
[TRAIN_ACT] l_wrist_r=0.6465 l_wrist_p=0.6491 l_wrist_y=0.6505 r_wrist_r=0.6387 r_wrist_p=0.6486 r_wrist_y=0.6458 l_elbow=0.6509 r_elbow=0.6309
[UPDATE] 28/1000 group_reward=6.54282 group_std=24.12092 group_raw=0.10464 rollout_ret=0.10464 chunk0_ret=0.14510 chunk_last_ret=-0.07130
[REWARD_SCALE] live_steps=23.99 min=19 p50=24 p95=24 max=24 survive=0.98694 per_step=0.00436 per_second=0.218 episode30s_projection=6.54
[OBJECTIVE] obj_mean=0.10464 obj_std=0.38562 obj_min=-1.30355 obj_max=1.57177 raw_mean=0.10464 raw_std=0.38562 raw_min=-1.30355 raw_max=1.57177 score_mean=0.00435 rtg_mean=-36.27160 grpo_score=0.08277 early_penalty=0.02187
[PHASE] start_mean=733.90 start_min=3 start_max=1433 fail_rel_mean=23.20
[CHUNK_REWARD] obj_first=0.14510 obj_mid=-0.01130 obj_last=-0.07130 raw_first=0.14510 raw_mid=-0.01130 raw_last=-0.07130
[POLICY] loss=-0.01305 policy_loss=-0.01305 value_loss=0.00000 entropy=0.00000 kl=0.01927 step_ratio=0.9986 step_clip=0.1114 post_ratio=0.9966 post_clip=0.1318 grad=0.20279 lr=0.001000 critic_lr=0.000000 sde_steps=4 opt_steps=20
[POLICY_DETAIL] samples=98279 mb=24569 micro_mb=8192 micro_steps=60 batch_ratio=0.9991 batch_min=0.0984 batch_max=6.1463 post_ratio=0.9966 post_min=0.3774 post_max=2.2653 post_clip=0.1318 logp_delta_abs=0.13245 post_logp_delta_abs=0.15021 post_kl=0.02159 old_logp=-31.46446 new_logp=-31.48414 adv_abs=0.75013 grpo_adv_abs=0.75013 valid=0.99975
[TRAIN] mean_reward=-1.28364 mean_len=527.11 recent_eps=100 completed_eps=7751
[UPDATE_EFFECT] action_delta=0.01966779 param_rms_delta=0.00274725
[TIME] collect=15.338s update=0.592s
[DONE] timeout=0.00000 anchor_pos=0.00000 anchor_ori=0.00000 ee_body=0.00000
[DONE_ROLLOUT] timeout=0.00000 anchor_pos=0.01172 anchor_ori=0.00098 ee_body=0.00049
[FIRST_FAILURE] chunk_mean=10.77 chunk_min=9 chunk_max=11 phase_mean=721.82 phase_min=299 phase_max=1280 anchor_pos=0.01172 anchor_ori=0.00098 ee_body=0.00049 timeout=0.00000
[TRACK_CHUNK0] anchor_pos=0.97396 anchor_ori=0.82634 body_pos=0.97722 body_ori=0.81884 body_lin=0.63170 body_ang=0.11552
[TRACK_ROLLOUT] anchor_pos=0.68992 anchor_ori=0.47343 body_pos=0.84165 body_ori=0.40195 body_lin=0.44911 body_ang=0.07557
[TRAIN_COST] action_rate=26.91815 joint_torque=2503.91675 joint_limit=0.00645 undesired_contacts=0.56329
[REWARD_WEIGHTED] pos=0.12288 penalty=-0.05995 total=0.06293 act_rate=-0.05384 torque=-0.00050 contacts=-0.00113
[ACT_SUMMARY] abs_mean=0.6422 abs_p95=1.5547 abs_p99=1.9907 abs_max=3.5775 abs_max_all=3.5775 legs=0.6429 waist=0.6435 arms=0.6414 first=0.6422 last=0.6505 latent_abs=0.6605 latent_max=4.4919
[TRAIN_BODY] torso_ori=6.28deg l_wrist_ori=11.99deg r_wrist_ori=11.96deg l_elbow_ori=10.18deg r_elbow_ori=10.14deg l_shoulder_ori=8.50deg r_shoulder_ori=8.45deg
[TRAIN_ANG] torso=2.134 l_wrist=6.437 r_wrist=6.331 l_elbow=4.885 r_elbow=4.857 l_shoulder=3.232 r_shoulder=3.359
[TRAIN_ACT] l_wrist_r=0.6448 l_wrist_p=0.6441 l_wrist_y=0.6412 r_wrist_r=0.6294 r_wrist_p=0.6456 r_wrist_y=0.6459 l_elbow=0.6473 r_elbow=0.6351
[UPDATE] 29/1000 group_reward=7.36819 group_std=23.67643 group_raw=0.11780 rollout_ret=0.11780 chunk0_ret=0.14431 chunk_last_ret=-0.07012
[REWARD_SCALE] live_steps=23.98 min=19 p50=24 p95=24 max=24 survive=0.98462 per_step=0.00491 per_second=0.246 episode30s_projection=7.37
[OBJECTIVE] obj_mean=0.11780 obj_std=0.37832 obj_min=-1.15235 obj_max=1.56590 raw_mean=0.11780 raw_std=0.37832 raw_min=-1.15235 raw_max=1.56590 score_mean=0.00490 rtg_mean=-36.04184 grpo_score=0.07940 early_penalty=0.03840
[PHASE] start_mean=737.62 start_min=1 start_max=1433 fail_rel_mean=22.80
[CHUNK_REWARD] obj_first=0.14431 obj_mid=-0.00919 obj_last=-0.07012 raw_first=0.14431 raw_mid=-0.00919 raw_last=-0.07012
[POLICY] loss=-0.01324 policy_loss=-0.01324 value_loss=0.00000 entropy=0.00000 kl=0.01942 step_ratio=0.9983 step_clip=0.1126 post_ratio=0.9998 post_clip=0.1162 grad=0.19625 lr=0.001000 critic_lr=0.000000 sde_steps=4 opt_steps=20
[POLICY_DETAIL] samples=98255 mb=24563 micro_mb=8192 micro_steps=60 batch_ratio=0.9987 batch_min=0.1732 batch_max=5.1577 post_ratio=0.9998 post_min=0.2587 post_max=2.4005 post_clip=0.1162 logp_delta_abs=0.13353 post_logp_delta_abs=0.14849 post_kl=0.02241 old_logp=-31.44767 new_logp=-31.46788 adv_abs=0.74960 grpo_adv_abs=0.74960 valid=0.99950
[TRAIN] mean_reward=-1.71294 mean_len=504.25 recent_eps=100 completed_eps=7877
[UPDATE_EFFECT] action_delta=0.02020045 param_rms_delta=0.00270091
[TIME] collect=15.405s update=0.616s
[DONE] timeout=0.00000 anchor_pos=0.00000 anchor_ori=0.00000 ee_body=0.00000
[DONE_ROLLOUT] timeout=0.00000 anchor_pos=0.01489 anchor_ori=0.00037 ee_body=0.00012
[FIRST_FAILURE] chunk_mean=10.61 chunk_min=9 chunk_max=11 phase_mean=689.75 phase_min=325 phase_max=1308 anchor_pos=0.01489 anchor_ori=0.00037 ee_body=0.00012 timeout=0.00000
[TRACK_CHUNK0] anchor_pos=0.97459 anchor_ori=0.82227 body_pos=0.97729 body_ori=0.81778 body_lin=0.63133 body_ang=0.11559
[TRACK_ROLLOUT] anchor_pos=0.69121 anchor_ori=0.47735 body_pos=0.84396 body_ori=0.40516 body_lin=0.45174 body_ang=0.07665
[TRAIN_COST] action_rate=26.97321 joint_torque=2503.00696 joint_limit=0.00653 undesired_contacts=0.53430
[REWARD_WEIGHTED] pos=0.12271 penalty=-0.06016 total=0.06256 act_rate=-0.05395 torque=-0.00050 contacts=-0.00107
[ACT_SUMMARY] abs_mean=0.6424 abs_p95=1.5520 abs_p99=1.9985 abs_max=3.4093 abs_max_all=3.5549 legs=0.6428 waist=0.6470 arms=0.6410 first=0.6424 last=0.6520 latent_abs=0.6606 latent_max=4.4457
[TRAIN_BODY] torso_ori=6.28deg l_wrist_ori=12.18deg r_wrist_ori=11.88deg l_elbow_ori=10.29deg r_elbow_ori=10.18deg l_shoulder_ori=8.49deg r_shoulder_ori=8.45deg
[TRAIN_ANG] torso=2.118 l_wrist=6.446 r_wrist=6.285 l_elbow=4.899 r_elbow=4.819 l_shoulder=3.185 r_shoulder=3.357
[TRAIN_ACT] l_wrist_r=0.6415 l_wrist_p=0.6465 l_wrist_y=0.6400 r_wrist_r=0.6283 r_wrist_p=0.6430 r_wrist_y=0.6392 l_elbow=0.6532 r_elbow=0.6339
[UPDATE] 30/1000 group_reward=8.79108 group_std=24.43196 group_raw=0.14057 rollout_ret=0.14057 chunk0_ret=0.14604 chunk_last_ret=-0.06610
[REWARD_SCALE] live_steps=23.98 min=18 p50=24 p95=24 max=24 survive=0.98560 per_step=0.00586 per_second=0.293 episode30s_projection=8.79
[OBJECTIVE] obj_mean=0.14057 obj_std=0.39042 obj_min=-1.26451 obj_max=1.42143 raw_mean=0.14057 raw_std=0.39042 raw_min=-1.26451 raw_max=1.42143 score_mean=0.00585 rtg_mean=-35.79187 grpo_score=0.10776 early_penalty=0.03281
[PHASE] start_mean=723.37 start_min=13 start_max=1433 fail_rel_mean=22.91
[CHUNK_REWARD] obj_first=0.14604 obj_mid=-0.00774 obj_last=-0.06610 raw_first=0.14604 raw_mid=-0.00774 raw_last=-0.06610
[POLICY] loss=-0.01326 policy_loss=-0.01326 value_loss=0.00000 entropy=0.00000 kl=0.01940 step_ratio=0.9986 step_clip=0.1118 post_ratio=0.9976 post_clip=0.1436 grad=0.19894 lr=0.001000 critic_lr=0.000000 sde_steps=4 opt_steps=20
[POLICY_DETAIL] samples=98262 mb=24565 micro_mb=8192 micro_steps=60 batch_ratio=0.9990 batch_min=0.1674 batch_max=5.3451 post_ratio=0.9976 post_min=0.3413 post_max=2.1989 post_clip=0.1436 logp_delta_abs=0.13350 post_logp_delta_abs=0.15796 post_kl=0.02454 old_logp=-31.46114 new_logp=-31.48106 adv_abs=0.75005 grpo_adv_abs=0.75005 valid=0.99957
[TRAIN] mean_reward=-1.68264 mean_len=503.08 recent_eps=100 completed_eps=7995
[UPDATE_EFFECT] action_delta=0.02058311 param_rms_delta=0.00268885
[TIME] collect=15.355s update=0.599s
[DONE] timeout=0.00000 anchor_pos=0.00000 anchor_ori=0.00000 ee_body=0.00000
[DONE_ROLLOUT] timeout=0.00000 anchor_pos=0.01355 anchor_ori=0.00085 ee_body=0.00012
[FIRST_FAILURE] chunk_mean=10.64 chunk_min=8 chunk_max=11 phase_mean=705.33 phase_min=161 phase_max=1260 anchor_pos=0.01355 anchor_ori=0.00085 ee_body=0.00012 timeout=0.00000
[TRACK_CHUNK0] anchor_pos=0.97480 anchor_ori=0.82415 body_pos=0.97719 body_ori=0.81917 body_lin=0.63424 body_ang=0.11752
[TRACK_ROLLOUT] anchor_pos=0.69145 anchor_ori=0.48002 body_pos=0.84365 body_ori=0.41167 body_lin=0.45750 body_ang=0.07858
[TRAIN_COST] action_rate=26.83277 joint_torque=2519.68298 joint_limit=0.00627 undesired_contacts=0.49353
[REWARD_WEIGHTED] pos=0.12292 penalty=-0.05964 total=0.06328 act_rate=-0.05367 torque=-0.00050 contacts=-0.00099
[ACT_SUMMARY] abs_mean=0.6414 abs_p95=1.5522 abs_p99=1.9905 abs_max=3.1480 abs_max_all=3.6152 legs=0.6415 waist=0.6495 arms=0.6396 first=0.6414 last=0.6493 latent_abs=0.6599 latent_max=4.5700
[TRAIN_BODY] torso_ori=6.25deg l_wrist_ori=12.04deg r_wrist_ori=11.80deg l_elbow_ori=10.16deg r_elbow_ori=10.08deg l_shoulder_ori=8.37deg r_shoulder_ori=8.38deg
[TRAIN_ANG] torso=2.127 l_wrist=6.385 r_wrist=6.264 l_elbow=4.821 r_elbow=4.744 l_shoulder=3.200 r_shoulder=3.334
[TRAIN_ACT] l_wrist_r=0.6427 l_wrist_p=0.6465 l_wrist_y=0.6415 r_wrist_r=0.6361 r_wrist_p=0.6432 r_wrist_y=0.6442 l_elbow=0.6494 r_elbow=0.6285
[UPDATE] 31/1000 group_reward=9.43522 group_std=23.93305 group_raw=0.15089 rollout_ret=0.15089 chunk0_ret=0.14574 chunk_last_ret=-0.06597
[REWARD_SCALE] live_steps=23.99 min=20 p50=24 p95=24 max=24 survive=0.98840 per_step=0.00629 per_second=0.315 episode30s_projection=9.44
[OBJECTIVE] obj_mean=0.15089 obj_std=0.38255 obj_min=-1.00017 obj_max=1.52825 raw_mean=0.15089 raw_std=0.38255 raw_min=-1.00017 raw_max=1.52825 score_mean=0.00628 rtg_mean=-35.81035 grpo_score=0.12546 early_penalty=0.02543
[PHASE] start_mean=719.55 start_min=9 start_max=1433 fail_rel_mean=22.95
[CHUNK_REWARD] obj_first=0.14574 obj_mid=-0.00715 obj_last=-0.06597 raw_first=0.14574 raw_mid=-0.00715 raw_last=-0.06597
[POLICY] loss=-0.01315 policy_loss=-0.01315 value_loss=0.00000 entropy=0.00000 kl=0.01988 step_ratio=0.9990 step_clip=0.1151 post_ratio=0.9875 post_clip=0.1396 grad=0.21225 lr=0.001000 critic_lr=0.000000 sde_steps=4 opt_steps=20
[POLICY_DETAIL] samples=98275 mb=24568 micro_mb=8192 micro_steps=60 batch_ratio=0.9994 batch_min=0.1467 batch_max=4.8248 post_ratio=0.9875 post_min=0.2975 post_max=2.3673 post_clip=0.1396 logp_delta_abs=0.13515 post_logp_delta_abs=0.16165 post_kl=0.02449 old_logp=-31.44461 new_logp=-31.46465 adv_abs=0.75067 grpo_adv_abs=0.75067 valid=0.99971
[TRAIN] mean_reward=-1.28779 mean_len=470.34 recent_eps=100 completed_eps=8090
[UPDATE_EFFECT] action_delta=0.02065013 param_rms_delta=0.00271674
[TIME] collect=15.475s update=0.603s
[DONE] timeout=0.00000 anchor_pos=0.00000 anchor_ori=0.00000 ee_body=0.00000
[DONE_ROLLOUT] timeout=0.00000 anchor_pos=0.01086 anchor_ori=0.00037 ee_body=0.00037
[FIRST_FAILURE] chunk_mean=10.69 chunk_min=9 chunk_max=11 phase_mean=715.29 phase_min=177 phase_max=1313 anchor_pos=0.01086 anchor_ori=0.00037 ee_body=0.00037 timeout=0.00000
[TRACK_CHUNK0] anchor_pos=0.97469 anchor_ori=0.82652 body_pos=0.97763 body_ori=0.82121 body_lin=0.63203 body_ang=0.11515
[TRACK_ROLLOUT] anchor_pos=0.69285 anchor_ori=0.48330 body_pos=0.84574 body_ori=0.41237 body_lin=0.45683 body_ang=0.07869
[TRAIN_COST] action_rate=26.91489 joint_torque=2526.91687 joint_limit=0.00644 undesired_contacts=0.50372
[REWARD_WEIGHTED] pos=0.12297 penalty=-0.05979 total=0.06318 act_rate=-0.05383 torque=-0.00051 contacts=-0.00101
[ACT_SUMMARY] abs_mean=0.6427 abs_p95=1.5518 abs_p99=1.9920 abs_max=3.2456 abs_max_all=3.4235 legs=0.6451 waist=0.6434 arms=0.6406 first=0.6427 last=0.6482 latent_abs=0.6598 latent_max=4.1895
[TRAIN_BODY] torso_ori=6.25deg l_wrist_ori=11.91deg r_wrist_ori=11.85deg l_elbow_ori=10.09deg r_elbow_ori=10.11deg l_shoulder_ori=8.35deg r_shoulder_ori=8.38deg
[TRAIN_ANG] torso=2.124 l_wrist=6.368 r_wrist=6.350 l_elbow=4.824 r_elbow=4.844 l_shoulder=3.219 r_shoulder=3.384
[TRAIN_ACT] l_wrist_r=0.6418 l_wrist_p=0.6415 l_wrist_y=0.6412 r_wrist_r=0.6350 r_wrist_p=0.6443 r_wrist_y=0.6371 l_elbow=0.6520 r_elbow=0.6338
[UPDATE] 32/1000 group_reward=8.83211 group_std=23.69530 group_raw=0.14121 rollout_ret=0.14121 chunk0_ret=0.14582 chunk_last_ret=-0.06734
[REWARD_SCALE] live_steps=23.98 min=15 p50=24 p95=24 max=24 survive=0.98889 per_step=0.00589 per_second=0.294 episode30s_projection=8.83
[OBJECTIVE] obj_mean=0.14121 obj_std=0.37870 obj_min=-1.21937 obj_max=1.53794 raw_mean=0.14121 raw_std=0.37870 raw_min=-1.21937 raw_max=1.53794 score_mean=0.00587 rtg_mean=-35.84208 grpo_score=0.10306 early_penalty=0.03815
[PHASE] start_mean=734.92 start_min=18 start_max=1433 fail_rel_mean=22.35
[CHUNK_REWARD] obj_first=0.14582 obj_mid=-0.00823 obj_last=-0.06734 raw_first=0.14582 raw_mid=-0.00823 raw_last=-0.06734
[POLICY] loss=-0.01290 policy_loss=-0.01290 value_loss=0.00000 entropy=0.00000 kl=0.01974 step_ratio=0.9989 step_clip=0.1146 post_ratio=1.0058 post_clip=0.1572 grad=0.21739 lr=0.001000 critic_lr=0.000000 sde_steps=4 opt_steps=20
[POLICY_DETAIL] samples=98247 mb=24561 micro_mb=8192 micro_steps=60 batch_ratio=0.9994 batch_min=0.1254 batch_max=4.9961 post_ratio=1.0058 post_min=0.3534 post_max=2.3244 post_clip=0.1572 logp_delta_abs=0.13491 post_logp_delta_abs=0.16361 post_kl=0.02564 old_logp=-31.47422 new_logp=-31.49412 adv_abs=0.74945 grpo_adv_abs=0.74945 valid=0.99942
[TRAIN] mean_reward=-0.38195 mean_len=556.94 recent_eps=100 completed_eps=8181
[UPDATE_EFFECT] action_delta=0.02182926 param_rms_delta=0.00272746
[TIME] collect=15.551s update=0.597s
[DONE] timeout=0.00000 anchor_pos=0.00000 anchor_ori=0.00000 ee_body=0.00000
[DONE_ROLLOUT] timeout=0.00000 anchor_pos=0.01013 anchor_ori=0.00049 ee_body=0.00061
[FIRST_FAILURE] chunk_mean=10.37 chunk_min=7 chunk_max=11 phase_mean=698.49 phase_min=461 phase_max=1281 anchor_pos=0.01013 anchor_ori=0.00049 ee_body=0.00061 timeout=0.00000
[TRACK_CHUNK0] anchor_pos=0.97473 anchor_ori=0.82596 body_pos=0.97669 body_ori=0.81682 body_lin=0.63602 body_ang=0.11785
[TRACK_ROLLOUT] anchor_pos=0.69547 anchor_ori=0.47840 body_pos=0.84362 body_ori=0.40489 body_lin=0.45495 body_ang=0.07817
[TRAIN_COST] action_rate=26.76666 joint_torque=2575.76782 joint_limit=0.00659 undesired_contacts=0.55280
[REWARD_WEIGHTED] pos=0.12298 penalty=-0.05972 total=0.06326 act_rate=-0.05353 torque=-0.00052 contacts=-0.00111
[ACT_SUMMARY] abs_mean=0.6421 abs_p95=1.5532 abs_p99=1.9937 abs_max=3.3873 abs_max_all=3.6575 legs=0.6442 waist=0.6413 arms=0.6405 first=0.6421 last=0.6514 latent_abs=0.6604 latent_max=4.6598
[TRAIN_BODY] torso_ori=6.40deg l_wrist_ori=12.13deg r_wrist_ori=11.98deg l_elbow_ori=10.22deg r_elbow_ori=10.21deg l_shoulder_ori=8.52deg r_shoulder_ori=8.53deg
[TRAIN_ANG] torso=2.119 l_wrist=6.415 r_wrist=6.285 l_elbow=4.888 r_elbow=4.763 l_shoulder=3.193 r_shoulder=3.344
[TRAIN_ACT] l_wrist_r=0.6369 l_wrist_p=0.6474 l_wrist_y=0.6508 r_wrist_r=0.6374 r_wrist_p=0.6415 r_wrist_y=0.6415 l_elbow=0.6398 r_elbow=0.6329
[UPDATE] 33/1000 group_reward=10.17142 group_std=24.43474 group_raw=0.16265 rollout_ret=0.16265 chunk0_ret=0.14572 chunk_last_ret=-0.06357
[REWARD_SCALE] live_steps=23.99 min=16 p50=24 p95=24 max=24 survive=0.98779 per_step=0.00678 per_second=0.339 episode30s_projection=10.17
[OBJECTIVE] obj_mean=0.16265 obj_std=0.39048 obj_min=-1.23734 obj_max=1.45849 raw_mean=0.16265 raw_std=0.39048 raw_min=-1.23734 raw_max=1.45849 score_mean=0.00677 rtg_mean=-35.76500 grpo_score=0.13417 early_penalty=0.02848
[PHASE] start_mean=725.85 start_min=2 start_max=1433 fail_rel_mean=22.88
[CHUNK_REWARD] obj_first=0.14572 obj_mid=-0.00535 obj_last=-0.06357 raw_first=0.14572 raw_mid=-0.00535 raw_last=-0.06357
[POLICY] loss=-0.01330 policy_loss=-0.01330 value_loss=0.00000 entropy=0.00000 kl=0.01941 step_ratio=0.9992 step_clip=0.1132 post_ratio=0.9920 post_clip=0.1504 grad=0.21270 lr=0.001000 critic_lr=0.000000 sde_steps=4 opt_steps=20
[POLICY_DETAIL] samples=98267 mb=24566 micro_mb=8192 micro_steps=60 batch_ratio=0.9995 batch_min=0.1338 batch_max=6.7529 post_ratio=0.9920 post_min=0.2941 post_max=3.3385 post_clip=0.1504 logp_delta_abs=0.13384 post_logp_delta_abs=0.16801 post_kl=0.02865 old_logp=-31.45687 new_logp=-31.47638 adv_abs=0.75123 grpo_adv_abs=0.75123 valid=0.99962
[TRAIN] mean_reward=-1.33713 mean_len=592.88 recent_eps=100 completed_eps=8281
[UPDATE_EFFECT] action_delta=0.02338944 param_rms_delta=0.00273293
[TIME] collect=15.593s update=0.593s
[DONE] timeout=0.00000 anchor_pos=0.00000 anchor_ori=0.00000 ee_body=0.00000
[DONE_ROLLOUT] timeout=0.00000 anchor_pos=0.01111 anchor_ori=0.00061 ee_body=0.00061
[FIRST_FAILURE] chunk_mean=10.63 chunk_min=7 chunk_max=11 phase_mean=711.06 phase_min=140 phase_max=1258 anchor_pos=0.01111 anchor_ori=0.00061 ee_body=0.00061 timeout=0.00000
[TRACK_CHUNK0] anchor_pos=0.97474 anchor_ori=0.82310 body_pos=0.97674 body_ori=0.81771 body_lin=0.63658 body_ang=0.11671
[TRACK_ROLLOUT] anchor_pos=0.69784 anchor_ori=0.48172 body_pos=0.84435 body_ori=0.40938 body_lin=0.45950 body_ang=0.07924
[TRAIN_COST] action_rate=26.82285 joint_torque=2590.55322 joint_limit=0.00623 undesired_contacts=0.52747
[REWARD_WEIGHTED] pos=0.12287 penalty=-0.05970 total=0.06317 act_rate=-0.05365 torque=-0.00052 contacts=-0.00105
[ACT_SUMMARY] abs_mean=0.6442 abs_p95=1.5571 abs_p99=1.9998 abs_max=3.2007 abs_max_all=3.5628 legs=0.6470 waist=0.6434 arms=0.6421 first=0.6442 last=0.6501 latent_abs=0.6606 latent_max=4.4619
[TRAIN_BODY] torso_ori=6.28deg l_wrist_ori=12.10deg r_wrist_ori=12.02deg l_elbow_ori=10.22deg r_elbow_ori=10.24deg l_shoulder_ori=8.47deg r_shoulder_ori=8.44deg
[TRAIN_ANG] torso=2.122 l_wrist=6.369 r_wrist=6.296 l_elbow=4.825 r_elbow=4.799 l_shoulder=3.222 r_shoulder=3.356
[TRAIN_ACT] l_wrist_r=0.6430 l_wrist_p=0.6555 l_wrist_y=0.6357 r_wrist_r=0.6345 r_wrist_p=0.6394 r_wrist_y=0.6506 l_elbow=0.6477 r_elbow=0.6298
[UPDATE] 34/1000 group_reward=10.66572 group_std=24.10764 group_raw=0.17058 rollout_ret=0.17058 chunk0_ret=0.14619 chunk_last_ret=-0.06377
[REWARD_SCALE] live_steps=23.99 min=19 p50=24 p95=24 max=24 survive=0.99023 per_step=0.00711 per_second=0.356 episode30s_projection=10.67
[OBJECTIVE] obj_mean=0.17058 obj_std=0.38537 obj_min=-1.10631 obj_max=1.51160 raw_mean=0.17058 raw_std=0.38537 raw_min=-1.10631 raw_max=1.51160 score_mean=0.00710 rtg_mean=-35.63285 grpo_score=0.14845 early_penalty=0.02213
[PHASE] start_mean=724.06 start_min=11 start_max=1433 fail_rel_mean=22.91
[CHUNK_REWARD] obj_first=0.14619 obj_mid=-0.00448 obj_last=-0.06377 raw_first=0.14619 raw_mid=-0.00448 raw_last=-0.06377
[POLICY] loss=-0.01235 policy_loss=-0.01235 value_loss=0.00000 entropy=0.00000 kl=0.02166 step_ratio=0.9987 step_clip=0.1240 post_ratio=0.9980 post_clip=0.1553 grad=0.24484 lr=0.001000 critic_lr=0.000000 sde_steps=4 opt_steps=20
[POLICY_DETAIL] samples=98275 mb=24568 micro_mb=8192 micro_steps=60 batch_ratio=0.9992 batch_min=0.0927 batch_max=8.3912 post_ratio=0.9980 post_min=0.3941 post_max=2.9038 post_clip=0.1553 logp_delta_abs=0.14080 post_logp_delta_abs=0.16690 post_kl=0.02758 old_logp=-31.46573 new_logp=-31.48763 adv_abs=0.74840 grpo_adv_abs=0.74840 valid=0.99971
[TRAIN] mean_reward=-0.67335 mean_len=620.38 recent_eps=100 completed_eps=8361
[UPDATE_EFFECT] action_delta=0.02239665 param_rms_delta=0.00269643
[TIME] collect=15.451s update=0.581s
[DONE] timeout=0.00000 anchor_pos=0.00000 anchor_ori=0.00000 ee_body=0.00000
[DONE_ROLLOUT] timeout=0.00000 anchor_pos=0.00940 anchor_ori=0.00000 ee_body=0.00037
[FIRST_FAILURE] chunk_mean=10.64 chunk_min=9 chunk_max=11 phase_mean=758.34 phase_min=198 phase_max=1311 anchor_pos=0.00940 anchor_ori=0.00000 ee_body=0.00037 timeout=0.00000
[TRACK_CHUNK0] anchor_pos=0.97402 anchor_ori=0.82555 body_pos=0.97736 body_ori=0.82149 body_lin=0.63162 body_ang=0.11763
[TRACK_ROLLOUT] anchor_pos=0.69929 anchor_ori=0.48622 body_pos=0.84702 body_ori=0.41051 body_lin=0.45787 body_ang=0.07928
[TRAIN_COST] action_rate=26.73641 joint_torque=2628.92065 joint_limit=0.00634 undesired_contacts=0.51935
[REWARD_WEIGHTED] pos=0.12294 penalty=-0.05953 total=0.06342 act_rate=-0.05347 torque=-0.00053 contacts=-0.00104
[ACT_SUMMARY] abs_mean=0.6440 abs_p95=1.5576 abs_p99=1.9982 abs_max=3.6556 abs_max_all=3.6556 legs=0.6507 waist=0.6424 arms=0.6386 first=0.6440 last=0.6528 latent_abs=0.6622 latent_max=4.6557
[TRAIN_BODY] torso_ori=6.22deg l_wrist_ori=11.85deg r_wrist_ori=11.83deg l_elbow_ori=10.03deg r_elbow_ori=10.08deg l_shoulder_ori=8.36deg r_shoulder_ori=8.28deg
[TRAIN_ANG] torso=2.107 l_wrist=6.358 r_wrist=6.246 l_elbow=4.824 r_elbow=4.764 l_shoulder=3.192 r_shoulder=3.287
[TRAIN_ACT] l_wrist_r=0.6481 l_wrist_p=0.6433 l_wrist_y=0.6433 r_wrist_r=0.6268 r_wrist_p=0.6323 r_wrist_y=0.6461 l_elbow=0.6464 r_elbow=0.6320
[UPDATE] 35/1000 group_reward=12.28162 group_std=23.91881 group_raw=0.19639 rollout_ret=0.19639 chunk0_ret=0.14675 chunk_last_ret=-0.06082
[REWARD_SCALE] live_steps=23.99 min=18 p50=24 p95=24 max=24 survive=0.98938 per_step=0.00819 per_second=0.409 episode30s_projection=12.28
[OBJECTIVE] obj_mean=0.19639 obj_std=0.38230 obj_min=-1.19967 obj_max=1.66340 raw_mean=0.19639 raw_std=0.38230 raw_min=-1.19967 raw_max=1.66340 score_mean=0.00817 rtg_mean=-35.30768 grpo_score=0.16663 early_penalty=0.02975
[PHASE] start_mean=730.78 start_min=8 start_max=1433 fail_rel_mean=22.66
[CHUNK_REWARD] obj_first=0.14675 obj_mid=-0.00220 obj_last=-0.06082 raw_first=0.14675 raw_mid=-0.00220 raw_last=-0.06082
[POLICY] loss=-0.01248 policy_loss=-0.01248 value_loss=0.00000 entropy=0.00000 kl=0.02091 step_ratio=0.9987 step_clip=0.1201 post_ratio=0.9992 post_clip=0.1357 grad=0.24102 lr=0.001000 critic_lr=0.000000 sde_steps=4 opt_steps=20
[POLICY_DETAIL] samples=98259 mb=24564 micro_mb=8192 micro_steps=60 batch_ratio=0.9993 batch_min=0.0771 batch_max=9.1357 post_ratio=0.9992 post_min=0.3437 post_max=3.0250 post_clip=0.1357 logp_delta_abs=0.13899 post_logp_delta_abs=0.16050 post_kl=0.02537 old_logp=-31.44292 new_logp=-31.46402 adv_abs=0.74938 grpo_adv_abs=0.74938 valid=0.99954
[TRAIN] mean_reward=0.02789 mean_len=570.68 recent_eps=100 completed_eps=8448
[UPDATE_EFFECT] action_delta=0.02006718 param_rms_delta=0.00270268
[TIME] collect=15.273s update=0.577s
[DONE] timeout=0.00000 anchor_pos=0.00000 anchor_ori=0.00000 ee_body=0.00000
[DONE_ROLLOUT] timeout=0.00000 anchor_pos=0.01001 anchor_ori=0.00037 ee_body=0.00024
[FIRST_FAILURE] chunk_mean=10.48 chunk_min=8 chunk_max=11 phase_mean=778.26 phase_min=424 phase_max=1333 anchor_pos=0.01001 anchor_ori=0.00037 ee_body=0.00024 timeout=0.00000
[TRACK_CHUNK0] anchor_pos=0.97495 anchor_ori=0.82764 body_pos=0.97744 body_ori=0.82091 body_lin=0.63395 body_ang=0.11806
[TRACK_ROLLOUT] anchor_pos=0.70505 anchor_ori=0.49194 body_pos=0.84987 body_ori=0.41454 body_lin=0.46371 body_ang=0.08033
[TRAIN_COST] action_rate=26.67271 joint_torque=2670.35364 joint_limit=0.00624 undesired_contacts=0.55530
[REWARD_WEIGHTED] pos=0.12311 penalty=-0.05945 total=0.06366 act_rate=-0.05335 torque=-0.00053 contacts=-0.00111
[ACT_SUMMARY] abs_mean=0.6432 abs_p95=1.5533 abs_p99=2.0021 abs_max=3.4062 abs_max_all=3.6007 legs=0.6489 waist=0.6397 arms=0.6390 first=0.6432 last=0.6526 latent_abs=0.6620 latent_max=4.5398
[TRAIN_BODY] torso_ori=6.20deg l_wrist_ori=11.94deg r_wrist_ori=11.87deg l_elbow_ori=10.15deg r_elbow_ori=10.11deg l_shoulder_ori=8.42deg r_shoulder_ori=8.40deg
[TRAIN_ANG] torso=2.113 l_wrist=6.435 r_wrist=6.223 l_elbow=4.903 r_elbow=4.738 l_shoulder=3.204 r_shoulder=3.296
[TRAIN_ACT] l_wrist_r=0.6341 l_wrist_p=0.6461 l_wrist_y=0.6448 r_wrist_r=0.6237 r_wrist_p=0.6445 r_wrist_y=0.6391 l_elbow=0.6497 r_elbow=0.6309
[UPDATE] 36/1000 group_reward=11.99611 group_std=24.37086 group_raw=0.19183 rollout_ret=0.19183 chunk0_ret=0.14691 chunk_last_ret=-0.06198
[REWARD_SCALE] live_steps=23.99 min=16 p50=24 p95=24 max=24 survive=0.98828 per_step=0.00800 per_second=0.400 episode30s_projection=12.00
[OBJECTIVE] obj_mean=0.19183 obj_std=0.38965 obj_min=-1.12079 obj_max=1.54618 raw_mean=0.19183 raw_std=0.38965 raw_min=-1.12079 raw_max=1.54618 score_mean=0.00799 rtg_mean=-35.30691 grpo_score=0.16488 early_penalty=0.02696
[PHASE] start_mean=727.28 start_min=6 start_max=1433 fail_rel_mean=22.90
[CHUNK_REWARD] obj_first=0.14691 obj_mid=-0.00223 obj_last=-0.06198 raw_first=0.14691 raw_mid=-0.00223 raw_last=-0.06198
[POLICY] loss=-0.01358 policy_loss=-0.01358 value_loss=0.00000 entropy=0.00000 kl=0.01984 step_ratio=0.9990 step_clip=0.1150 post_ratio=0.9877 post_clip=0.1221 grad=0.21508 lr=0.001000 critic_lr=0.000000 sde_steps=4 opt_steps=20
[POLICY_DETAIL] samples=98268 mb=24567 micro_mb=8192 micro_steps=60 batch_ratio=0.9993 batch_min=0.1142 batch_max=4.8645 post_ratio=0.9877 post_min=0.2574 post_max=2.8866 post_clip=0.1221 logp_delta_abs=0.13581 post_logp_delta_abs=0.15817 post_kl=0.02581 old_logp=-31.46664 new_logp=-31.48667 adv_abs=0.74842 grpo_adv_abs=0.74842 valid=0.99963
[TRAIN] mean_reward=0.13997 mean_len=624.84 recent_eps=100 completed_eps=8544
[UPDATE_EFFECT] action_delta=0.02067067 param_rms_delta=0.00270764
[TIME] collect=15.373s update=0.578s
[DONE] timeout=0.00000 anchor_pos=0.00000 anchor_ori=0.00000 ee_body=0.00000
[DONE_ROLLOUT] timeout=0.00000 anchor_pos=0.01123 anchor_ori=0.00024 ee_body=0.00024
[FIRST_FAILURE] chunk_mean=10.62 chunk_min=7 chunk_max=11 phase_mean=779.07 phase_min=418 phase_max=1327 anchor_pos=0.01123 anchor_ori=0.00024 ee_body=0.00024 timeout=0.00000
[TRACK_CHUNK0] anchor_pos=0.97484 anchor_ori=0.82641 body_pos=0.97708 body_ori=0.81917 body_lin=0.63492 body_ang=0.11919
[TRACK_ROLLOUT] anchor_pos=0.70528 anchor_ori=0.48557 body_pos=0.84808 body_ori=0.41343 body_lin=0.46182 body_ang=0.08074
[TRAIN_COST] action_rate=26.69527 joint_torque=2670.89307 joint_limit=0.00610 undesired_contacts=0.49890
[REWARD_WEIGHTED] pos=0.12306 penalty=-0.05930 total=0.06376 act_rate=-0.05339 torque=-0.00053 contacts=-0.00100
[ACT_SUMMARY] abs_mean=0.6448 abs_p95=1.5545 abs_p99=1.9974 abs_max=3.2744 abs_max_all=3.5549 legs=0.6484 waist=0.6475 arms=0.6411 first=0.6448 last=0.6523 latent_abs=0.6614 latent_max=4.4458
[TRAIN_BODY] torso_ori=6.22deg l_wrist_ori=12.05deg r_wrist_ori=12.08deg l_elbow_ori=10.17deg r_elbow_ori=10.21deg l_shoulder_ori=8.46deg r_shoulder_ori=8.34deg
[TRAIN_ANG] torso=2.103 l_wrist=6.353 r_wrist=6.306 l_elbow=4.841 r_elbow=4.808 l_shoulder=3.174 r_shoulder=3.315
[TRAIN_ACT] l_wrist_r=0.6374 l_wrist_p=0.6431 l_wrist_y=0.6410 r_wrist_r=0.6333 r_wrist_p=0.6424 r_wrist_y=0.6442 l_elbow=0.6533 r_elbow=0.6334
[UPDATE] 37/1000 group_reward=12.63727 group_std=23.95317 group_raw=0.20211 rollout_ret=0.20211 chunk0_ret=0.14741 chunk_last_ret=-0.06025
[REWARD_SCALE] live_steps=23.99 min=18 p50=24 p95=24 max=24 survive=0.99219 per_step=0.00842 per_second=0.421 episode30s_projection=12.64
[OBJECTIVE] obj_mean=0.20211 obj_std=0.38301 obj_min=-1.11054 obj_max=1.71668 raw_mean=0.20211 raw_std=0.38301 raw_min=-1.11054 raw_max=1.71668 score_mean=0.00842 rtg_mean=-35.35406 grpo_score=0.18126 early_penalty=0.02085
[PHASE] start_mean=725.06 start_min=17 start_max=1433 fail_rel_mean=22.72
[CHUNK_REWARD] obj_first=0.14741 obj_mid=-0.00160 obj_last=-0.06025 raw_first=0.14741 raw_mid=-0.00160 raw_last=-0.06025
[POLICY] loss=-0.01343 policy_loss=-0.01343 value_loss=0.00000 entropy=0.00000 kl=0.02016 step_ratio=0.9991 step_clip=0.1167 post_ratio=1.0036 post_clip=0.1572 grad=0.22208 lr=0.001000 critic_lr=0.000000 sde_steps=4 opt_steps=20
[POLICY_DETAIL] samples=98270 mb=24567 micro_mb=8192 micro_steps=60 batch_ratio=0.9994 batch_min=0.1753 batch_max=6.0088 post_ratio=1.0036 post_min=0.2544 post_max=3.4074 post_clip=0.1572 logp_delta_abs=0.13688 post_logp_delta_abs=0.16419 post_kl=0.02698 old_logp=-31.45028 new_logp=-31.47054 adv_abs=0.74985 grpo_adv_abs=0.74985 valid=0.99965
[TRAIN] mean_reward=-0.05087 mean_len=649.45 recent_eps=100 completed_eps=8608
[UPDATE_EFFECT] action_delta=0.02140577 param_rms_delta=0.00270628
[TIME] collect=15.324s update=0.584s
[DONE] timeout=0.00000 anchor_pos=0.00000 anchor_ori=0.00000 ee_body=0.00000
[DONE_ROLLOUT] timeout=0.00000 anchor_pos=0.00720 anchor_ori=0.00037 ee_body=0.00024
[FIRST_FAILURE] chunk_mean=10.47 chunk_min=8 chunk_max=11 phase_mean=672.34 phase_min=206 phase_max=1309 anchor_pos=0.00720 anchor_ori=0.00037 ee_body=0.00024 timeout=0.00000
[TRACK_CHUNK0] anchor_pos=0.97474 anchor_ori=0.82424 body_pos=0.97715 body_ori=0.82118 body_lin=0.63244 body_ang=0.12024
[TRACK_ROLLOUT] anchor_pos=0.70730 anchor_ori=0.48529 body_pos=0.84943 body_ori=0.41444 body_lin=0.46250 body_ang=0.08152
[TRAIN_COST] action_rate=26.52442 joint_torque=2652.71509 joint_limit=0.00594 undesired_contacts=0.50385
[REWARD_WEIGHTED] pos=0.12298 penalty=-0.05902 total=0.06396 act_rate=-0.05305 torque=-0.00053 contacts=-0.00101
[ACT_SUMMARY] abs_mean=0.6419 abs_p95=1.5541 abs_p99=1.9935 abs_max=3.2725 abs_max_all=3.4842 legs=0.6479 waist=0.6458 arms=0.6358 first=0.6419 last=0.6516 latent_abs=0.6613 latent_max=4.3056
[TRAIN_BODY] torso_ori=6.34deg l_wrist_ori=11.83deg r_wrist_ori=11.81deg l_elbow_ori=10.08deg r_elbow_ori=10.07deg l_shoulder_ori=8.31deg r_shoulder_ori=8.38deg
[TRAIN_ANG] torso=2.109 l_wrist=6.301 r_wrist=6.264 l_elbow=4.782 r_elbow=4.767 l_shoulder=3.179 r_shoulder=3.290
[TRAIN_ACT] l_wrist_r=0.6364 l_wrist_p=0.6465 l_wrist_y=0.6354 r_wrist_r=0.6328 r_wrist_p=0.6352 r_wrist_y=0.6395 l_elbow=0.6395 r_elbow=0.6325
[UPDATE] 38/1000 group_reward=13.68615 group_std=24.30803 group_raw=0.21890 rollout_ret=0.21890 chunk0_ret=0.14763 chunk_last_ret=-0.05793
[REWARD_SCALE] live_steps=23.99 min=17 p50=24 p95=24 max=24 survive=0.98962 per_step=0.00912 per_second=0.456 episode30s_projection=13.69
[OBJECTIVE] obj_mean=0.21890 obj_std=0.38867 obj_min=-1.22587 obj_max=1.56830 raw_mean=0.21890 raw_std=0.38867 raw_min=-1.22587 raw_max=1.56830 score_mean=0.00912 rtg_mean=-35.26977 grpo_score=0.20186 early_penalty=0.01704
[PHASE] start_mean=727.67 start_min=18 start_max=1433 fail_rel_mean=23.21
[CHUNK_REWARD] obj_first=0.14763 obj_mid=0.00073 obj_last=-0.05793 raw_first=0.14763 raw_mid=0.00073 raw_last=-0.05793
[POLICY] loss=-0.01342 policy_loss=-0.01342 value_loss=0.00000 entropy=0.00000 kl=0.02106 step_ratio=0.9987 step_clip=0.1214 post_ratio=1.0087 post_clip=0.1377 grad=0.23592 lr=0.001000 critic_lr=0.000000 sde_steps=4 opt_steps=20
[POLICY_DETAIL] samples=98286 mb=24571 micro_mb=8192 micro_steps=60 batch_ratio=0.9990 batch_min=0.1389 batch_max=5.9487 post_ratio=1.0087 post_min=0.3259 post_max=2.4898 post_clip=0.1377 logp_delta_abs=0.14001 post_logp_delta_abs=0.16274 post_kl=0.02612 old_logp=-31.46857 new_logp=-31.49004 adv_abs=0.74981 grpo_adv_abs=0.74981 valid=0.99982
[TRAIN] mean_reward=-0.38225 mean_len=686.44 recent_eps=100 completed_eps=8693
[UPDATE_EFFECT] action_delta=0.02076855 param_rms_delta=0.00269578
[TIME] collect=15.257s update=0.589s
[DONE] timeout=0.00000 anchor_pos=0.00000 anchor_ori=0.00000 ee_body=0.00000
[DONE_ROLLOUT] timeout=0.00000 anchor_pos=0.00964 anchor_ori=0.00037 ee_body=0.00049
[FIRST_FAILURE] chunk_mean=10.79 chunk_min=8 chunk_max=11 phase_mean=732.94 phase_min=175 phase_max=1280 anchor_pos=0.00964 anchor_ori=0.00037 ee_body=0.00049 timeout=0.00000
[TRACK_CHUNK0] anchor_pos=0.97459 anchor_ori=0.82953 body_pos=0.97739 body_ori=0.82071 body_lin=0.63584 body_ang=0.11963
[TRACK_ROLLOUT] anchor_pos=0.70781 anchor_ori=0.49470 body_pos=0.85099 body_ori=0.41669 body_lin=0.46752 body_ang=0.08251
[TRAIN_COST] action_rate=26.56080 joint_torque=2701.56836 joint_limit=0.00635 undesired_contacts=0.50720
[REWARD_WEIGHTED] pos=0.12324 penalty=-0.05912 total=0.06412 act_rate=-0.05312 torque=-0.00054 contacts=-0.00101
[ACT_SUMMARY] abs_mean=0.6430 abs_p95=1.5522 abs_p99=1.9961 abs_max=3.2557 abs_max_all=3.5557 legs=0.6524 waist=0.6407 arms=0.6354 first=0.6430 last=0.6529 latent_abs=0.6622 latent_max=4.4474
[TRAIN_BODY] torso_ori=6.11deg l_wrist_ori=11.87deg r_wrist_ori=11.96deg l_elbow_ori=10.06deg r_elbow_ori=10.19deg l_shoulder_ori=8.25deg r_shoulder_ori=8.32deg
[TRAIN_ANG] torso=2.099 l_wrist=6.254 r_wrist=6.288 l_elbow=4.766 r_elbow=4.790 l_shoulder=3.190 r_shoulder=3.286
[TRAIN_ACT] l_wrist_r=0.6276 l_wrist_p=0.6382 l_wrist_y=0.6396 r_wrist_r=0.6288 r_wrist_p=0.6391 r_wrist_y=0.6524 l_elbow=0.6405 r_elbow=0.6266
[UPDATE] 39/1000 group_reward=13.92887 group_std=24.57707 group_raw=0.22272 rollout_ret=0.22272 chunk0_ret=0.14845 chunk_last_ret=-0.05764
[REWARD_SCALE] live_steps=23.98 min=19 p50=24 p95=24 max=24 survive=0.98669 per_step=0.00929 per_second=0.464 episode30s_projection=13.93
[OBJECTIVE] obj_mean=0.22272 obj_std=0.39287 obj_min=-1.11046 obj_max=1.53653 raw_mean=0.22272 raw_std=0.39287 raw_min=-1.11046 raw_max=1.53653 score_mean=0.00927 rtg_mean=-35.40551 grpo_score=0.19119 early_penalty=0.03153
[PHASE] start_mean=720.97 start_min=10 start_max=1433 fail_rel_mean=22.86
[CHUNK_REWARD] obj_first=0.14845 obj_mid=-0.00048 obj_last=-0.05764 raw_first=0.14845 raw_mid=-0.00048 raw_last=-0.05764
[POLICY] loss=-0.01332 policy_loss=-0.01332 value_loss=0.00000 entropy=0.00000 kl=0.02138 step_ratio=0.9984 step_clip=0.1227 post_ratio=0.9906 post_clip=0.1504 grad=0.23681 lr=0.001000 critic_lr=0.000000 sde_steps=4 opt_steps=20
[POLICY_DETAIL] samples=98260 mb=24565 micro_mb=8192 micro_steps=60 batch_ratio=0.9990 batch_min=0.1035 batch_max=6.7541 post_ratio=0.9906 post_min=0.3355 post_max=3.1788 post_clip=0.1504 logp_delta_abs=0.14117 post_logp_delta_abs=0.16321 post_kl=0.02629 old_logp=-31.46517 new_logp=-31.48703 adv_abs=0.74900 grpo_adv_abs=0.74900 valid=0.99955
[TRAIN] mean_reward=0.71969 mean_len=624.09 recent_eps=100 completed_eps=8802
[UPDATE_EFFECT] action_delta=0.02169064 param_rms_delta=0.00267076
[TIME] collect=15.267s update=0.598s
[DONE] timeout=0.00000 anchor_pos=0.00000 anchor_ori=0.00000 ee_body=0.00000
[DONE_ROLLOUT] timeout=0.00000 anchor_pos=0.01282 anchor_ori=0.00037 ee_body=0.00012
[FIRST_FAILURE] chunk_mean=10.60 chunk_min=9 chunk_max=11 phase_mean=706.10 phase_min=250 phase_max=1295 anchor_pos=0.01282 anchor_ori=0.00037 ee_body=0.00012 timeout=0.00000
[TRACK_CHUNK0] anchor_pos=0.97536 anchor_ori=0.82394 body_pos=0.97717 body_ori=0.82175 body_lin=0.63547 body_ang=0.12124
[TRACK_ROLLOUT] anchor_pos=0.70963 anchor_ori=0.48576 body_pos=0.84919 body_ori=0.41647 body_lin=0.46582 body_ang=0.08298
[TRAIN_COST] action_rate=26.40501 joint_torque=2701.49146 joint_limit=0.00607 undesired_contacts=0.48792
[REWARD_WEIGHTED] pos=0.12308 penalty=-0.05864 total=0.06444 act_rate=-0.05281 torque=-0.00054 contacts=-0.00098
[ACT_SUMMARY] abs_mean=0.6421 abs_p95=1.5522 abs_p99=1.9968 abs_max=3.3767 abs_max_all=3.5672 legs=0.6493 waist=0.6390 arms=0.6365 first=0.6421 last=0.6527 latent_abs=0.6614 latent_max=4.4707
[TRAIN_BODY] torso_ori=6.27deg l_wrist_ori=11.90deg r_wrist_ori=11.81deg l_elbow_ori=9.95deg r_elbow_ori=10.03deg l_shoulder_ori=8.33deg r_shoulder_ori=8.40deg
[TRAIN_ANG] torso=2.084 l_wrist=6.304 r_wrist=6.183 l_elbow=4.759 r_elbow=4.708 l_shoulder=3.188 r_shoulder=3.286
[TRAIN_ACT] l_wrist_r=0.6368 l_wrist_p=0.6441 l_wrist_y=0.6453 r_wrist_r=0.6245 r_wrist_p=0.6364 r_wrist_y=0.6474 l_elbow=0.6324 r_elbow=0.6334
[UPDATE] 40/1000 group_reward=14.78032 group_std=24.09763 group_raw=0.23636 rollout_ret=0.23636 chunk0_ret=0.14816 chunk_last_ret=-0.05609
[REWARD_SCALE] live_steps=23.99 min=18 p50=24 p95=24 max=24 survive=0.98853 per_step=0.00985 per_second=0.493 episode30s_projection=14.78
[OBJECTIVE] obj_mean=0.23636 obj_std=0.38521 obj_min=-1.06648 obj_max=1.66875 raw_mean=0.23636 raw_std=0.38521 raw_min=-1.06648 raw_max=1.66875 score_mean=0.00984 rtg_mean=-35.00613 grpo_score=0.21042 early_penalty=0.02594
[PHASE] start_mean=734.12 start_min=6 start_max=1433 fail_rel_mean=22.91
[CHUNK_REWARD] obj_first=0.14816 obj_mid=0.00100 obj_last=-0.05609 raw_first=0.14816 raw_mid=0.00100 raw_last=-0.05609
[POLICY] loss=-0.01433 policy_loss=-0.01433 value_loss=0.00000 entropy=0.00000 kl=0.02028 step_ratio=0.9990 step_clip=0.1175 post_ratio=0.9947 post_clip=0.1318 grad=0.21554 lr=0.001000 critic_lr=0.000000 sde_steps=4 opt_steps=20
[POLICY_DETAIL] samples=98270 mb=24567 micro_mb=8192 micro_steps=60 batch_ratio=0.9993 batch_min=0.1418 batch_max=5.5858 post_ratio=0.9947 post_min=0.2656 post_max=2.7247 post_clip=0.1318 logp_delta_abs=0.13749 post_logp_delta_abs=0.15620 post_kl=0.02420 old_logp=-31.46407 new_logp=-31.48460 adv_abs=0.74962 grpo_adv_abs=0.74962 valid=0.99965
[TRAIN] mean_reward=0.54748 mean_len=734.33 recent_eps=100 completed_eps=8896
[UPDATE_EFFECT] action_delta=0.01964951 param_rms_delta=0.00271486
[TIME] collect=15.264s update=0.579s
[DONE] timeout=0.00000 anchor_pos=0.00000 anchor_ori=0.00000 ee_body=0.00000
[DONE_ROLLOUT] timeout=0.00000 anchor_pos=0.01123 anchor_ori=0.00024 ee_body=0.00012
[FIRST_FAILURE] chunk_mean=10.64 chunk_min=8 chunk_max=11 phase_mean=766.45 phase_min=172 phase_max=1290 anchor_pos=0.01123 anchor_ori=0.00024 ee_body=0.00012 timeout=0.00000
[TRACK_CHUNK0] anchor_pos=0.97450 anchor_ori=0.82366 body_pos=0.97713 body_ori=0.81928 body_lin=0.63529 body_ang=0.12121
[TRACK_ROLLOUT] anchor_pos=0.71226 anchor_ori=0.49369 body_pos=0.85390 body_ori=0.41876 body_lin=0.47066 body_ang=0.08331
[TRAIN_COST] action_rate=26.22696 joint_torque=2675.80237 joint_limit=0.00648 undesired_contacts=0.52374
[REWARD_WEIGHTED] pos=0.12298 penalty=-0.05861 total=0.06438 act_rate=-0.05245 torque=-0.00054 contacts=-0.00105
[ACT_SUMMARY] abs_mean=0.6402 abs_p95=1.5492 abs_p99=1.9926 abs_max=3.2337 abs_max_all=3.7021 legs=0.6495 waist=0.6379 arms=0.6328 first=0.6402 last=0.6534 latent_abs=0.6615 latent_max=4.7572
[TRAIN_BODY] torso_ori=6.37deg l_wrist_ori=12.10deg r_wrist_ori=11.83deg l_elbow_ori=10.28deg r_elbow_ori=10.12deg l_shoulder_ori=8.42deg r_shoulder_ori=8.49deg
[TRAIN_ANG] torso=2.092 l_wrist=6.305 r_wrist=6.295 l_elbow=4.812 r_elbow=4.765 l_shoulder=3.170 r_shoulder=3.275
[TRAIN_ACT] l_wrist_r=0.6335 l_wrist_p=0.6392 l_wrist_y=0.6403 r_wrist_r=0.6267 r_wrist_p=0.6345 r_wrist_y=0.6399 l_elbow=0.6351 r_elbow=0.6275
[UPDATE] 41/1000 group_reward=15.70260 group_std=24.18542 group_raw=0.25115 rollout_ret=0.25115 chunk0_ret=0.14826 chunk_last_ret=-0.05309
[REWARD_SCALE] live_steps=23.99 min=20 p50=24 p95=24 max=24 survive=0.99170 per_step=0.01047 per_second=0.523 episode30s_projection=15.70
[OBJECTIVE] obj_mean=0.25115 obj_std=0.38669 obj_min=-1.14371 obj_max=1.59396 raw_mean=0.25115 raw_std=0.38669 raw_min=-1.14371 raw_max=1.59396 score_mean=0.01046 rtg_mean=-34.96898 grpo_score=0.23361 early_penalty=0.01755
[PHASE] start_mean=733.09 start_min=16 start_max=1433 fail_rel_mean=22.99
[CHUNK_REWARD] obj_first=0.14826 obj_mid=0.00248 obj_last=-0.05309 raw_first=0.14826 raw_mid=0.00248 raw_last=-0.05309
[POLICY] loss=-0.01371 policy_loss=-0.01371 value_loss=0.00000 entropy=0.00000 kl=0.02048 step_ratio=0.9994 step_clip=0.1187 post_ratio=0.9914 post_clip=0.1543 grad=0.23715 lr=0.001000 critic_lr=0.000000 sde_steps=4 opt_steps=20
[POLICY_DETAIL] samples=98284 mb=24571 micro_mb=8192 micro_steps=60 batch_ratio=0.9999 batch_min=0.1429 batch_max=5.5196 post_ratio=0.9914 post_min=0.2597 post_max=2.8426 post_clip=0.1543 logp_delta_abs=0.13815 post_logp_delta_abs=0.16704 post_kl=0.02696 old_logp=-31.45871 new_logp=-31.47884 adv_abs=0.75036 grpo_adv_abs=0.75036 valid=0.99980
[TRAIN] mean_reward=1.19886 mean_len=675.99 recent_eps=100 completed_eps=8964
[UPDATE_EFFECT] action_delta=0.02074524 param_rms_delta=0.00269794
[TIME] collect=15.230s update=0.580s
[DONE] timeout=0.00000 anchor_pos=0.00000 anchor_ori=0.00000 ee_body=0.00000
[DONE_ROLLOUT] timeout=0.00000 anchor_pos=0.00757 anchor_ori=0.00073 ee_body=0.00012
[FIRST_FAILURE] chunk_mean=10.71 chunk_min=9 chunk_max=11 phase_mean=835.28 phase_min=285 phase_max=1330 anchor_pos=0.00757 anchor_ori=0.00073 ee_body=0.00012 timeout=0.00000
[TRACK_CHUNK0] anchor_pos=0.97515 anchor_ori=0.82443 body_pos=0.97704 body_ori=0.82036 body_lin=0.63586 body_ang=0.12221
[TRACK_ROLLOUT] anchor_pos=0.71509 anchor_ori=0.49202 body_pos=0.85369 body_ori=0.42215 body_lin=0.47386 body_ang=0.08409
[TRAIN_COST] action_rate=26.35684 joint_torque=2737.28540 joint_limit=0.00615 undesired_contacts=0.51672
[REWARD_WEIGHTED] pos=0.12309 penalty=-0.05869 total=0.06440 act_rate=-0.05271 torque=-0.00055 contacts=-0.00103
[ACT_SUMMARY] abs_mean=0.6431 abs_p95=1.5566 abs_p99=1.9995 abs_max=3.3978 abs_max_all=3.5419 legs=0.6544 waist=0.6379 arms=0.6346 first=0.6431 last=0.6526 latent_abs=0.6618 latent_max=4.4197
[TRAIN_BODY] torso_ori=6.28deg l_wrist_ori=11.93deg r_wrist_ori=12.03deg l_elbow_ori=10.15deg r_elbow_ori=10.18deg l_shoulder_ori=8.49deg r_shoulder_ori=8.47deg
[TRAIN_ANG] torso=2.100 l_wrist=6.247 r_wrist=6.293 l_elbow=4.787 r_elbow=4.785 l_shoulder=3.195 r_shoulder=3.255
[TRAIN_ACT] l_wrist_r=0.6299 l_wrist_p=0.6483 l_wrist_y=0.6323 r_wrist_r=0.6283 r_wrist_p=0.6378 r_wrist_y=0.6451 l_elbow=0.6368 r_elbow=0.6276
[UPDATE] 42/1000 group_reward=16.76258 group_std=24.31076 group_raw=0.26815 rollout_ret=0.26815 chunk0_ret=0.14826 chunk_last_ret=-0.05062
[REWARD_SCALE] live_steps=24.00 min=20 p50=24 p95=24 max=24 survive=0.99426 per_step=0.01118 per_second=0.559 episode30s_projection=16.76
[OBJECTIVE] obj_mean=0.26815 obj_std=0.38889 obj_min=-1.11133 obj_max=1.78875 raw_mean=0.26815 raw_std=0.38889 raw_min=-1.11133 raw_max=1.78875 score_mean=0.01117 rtg_mean=-34.72227 grpo_score=0.25925 early_penalty=0.00890
[PHASE] start_mean=737.58 start_min=17 start_max=1433 fail_rel_mean=23.26
[CHUNK_REWARD] obj_first=0.14826 obj_mid=0.00374 obj_last=-0.05062 raw_first=0.14826 raw_mid=0.00374 raw_last=-0.05062
[POLICY] loss=-0.01446 policy_loss=-0.01446 value_loss=0.00000 entropy=0.00000 kl=0.02032 step_ratio=0.9981 step_clip=0.1182 post_ratio=1.0045 post_clip=0.1377 grad=0.21616 lr=0.001000 critic_lr=0.000000 sde_steps=4 opt_steps=20
[POLICY_DETAIL] samples=98294 mb=24573 micro_mb=8192 micro_steps=60 batch_ratio=0.9987 batch_min=0.1163 batch_max=6.4996 post_ratio=1.0045 post_min=0.4184 post_max=2.3365 post_clip=0.1377 logp_delta_abs=0.13838 post_logp_delta_abs=0.16078 post_kl=0.02548 old_logp=-31.46208 new_logp=-31.48323 adv_abs=0.75070 grpo_adv_abs=0.75070 valid=0.99990
[TRAIN] mean_reward=1.24788 mean_len=671.60 recent_eps=100 completed_eps=9011
[UPDATE_EFFECT] action_delta=0.02101358 param_rms_delta=0.00268655
[TIME] collect=15.161s update=0.573s
[DONE] timeout=0.00000 anchor_pos=0.00000 anchor_ori=0.00000 ee_body=0.00000
[DONE_ROLLOUT] timeout=0.00000 anchor_pos=0.00537 anchor_ori=0.00024 ee_body=0.00012
[FIRST_FAILURE] chunk_mean=10.79 chunk_min=9 chunk_max=11 phase_mean=743.34 phase_min=368 phase_max=1328 anchor_pos=0.00537 anchor_ori=0.00024 ee_body=0.00012 timeout=0.00000
[TRACK_CHUNK0] anchor_pos=0.97475 anchor_ori=0.82774 body_pos=0.97767 body_ori=0.82114 body_lin=0.63254 body_ang=0.12006
[TRACK_ROLLOUT] anchor_pos=0.72106 anchor_ori=0.49672 body_pos=0.85759 body_ori=0.42456 body_lin=0.47564 body_ang=0.08404
[TRAIN_COST] action_rate=26.34435 joint_torque=2729.67065 joint_limit=0.00606 undesired_contacts=0.54443
[REWARD_WEIGHTED] pos=0.12313 penalty=-0.05873 total=0.06440 act_rate=-0.05269 torque=-0.00055 contacts=-0.00109
[ACT_SUMMARY] abs_mean=0.6423 abs_p95=1.5522 abs_p99=1.9972 abs_max=3.5481 abs_max_all=3.5909 legs=0.6533 waist=0.6393 arms=0.6336 first=0.6423 last=0.6515 latent_abs=0.6620 latent_max=4.5194
[TRAIN_BODY] torso_ori=6.22deg l_wrist_ori=11.97deg r_wrist_ori=11.89deg l_elbow_ori=10.19deg r_elbow_ori=10.10deg l_shoulder_ori=8.43deg r_shoulder_ori=8.35deg
[TRAIN_ANG] torso=2.096 l_wrist=6.276 r_wrist=6.328 l_elbow=4.755 r_elbow=4.827 l_shoulder=3.166 r_shoulder=3.268
[TRAIN_ACT] l_wrist_r=0.6322 l_wrist_p=0.6472 l_wrist_y=0.6338 r_wrist_r=0.6259 r_wrist_p=0.6298 r_wrist_y=0.6388 l_elbow=0.6403 r_elbow=0.6244
[UPDATE] 43/1000 group_reward=18.02487 group_std=24.73892 group_raw=0.28827 rollout_ret=0.28827 chunk0_ret=0.14881 chunk_last_ret=-0.05133
[REWARD_SCALE] live_steps=23.99 min=17 p50=24 p95=24 max=24 survive=0.99158 per_step=0.01202 per_second=0.601 episode30s_projection=18.02
[OBJECTIVE] obj_mean=0.28827 obj_std=0.39562 obj_min=-1.04415 obj_max=1.60138 raw_mean=0.28827 raw_std=0.39562 raw_min=-1.04415 raw_max=1.60138 score_mean=0.01201 rtg_mean=-34.73395 grpo_score=0.26691 early_penalty=0.02136
[PHASE] start_mean=741.14 start_min=3 start_max=1433 fail_rel_mean=22.78
[CHUNK_REWARD] obj_first=0.14881 obj_mid=0.00789 obj_last=-0.05133 raw_first=0.14881 raw_mid=0.00789 raw_last=-0.05133
[POLICY] loss=-0.01453 policy_loss=-0.01453 value_loss=0.00000 entropy=0.00000 kl=0.02066 step_ratio=0.9986 step_clip=0.1200 post_ratio=1.0119 post_clip=0.1582 grad=0.22209 lr=0.001000 critic_lr=0.000000 sde_steps=4 opt_steps=20
[POLICY_DETAIL] samples=98276 mb=24569 micro_mb=8192 micro_steps=60 batch_ratio=0.9990 batch_min=0.1461 batch_max=6.1172 post_ratio=1.0119 post_min=0.3665 post_max=2.8401 post_clip=0.1582 logp_delta_abs=0.13970 post_logp_delta_abs=0.16535 post_kl=0.02554 old_logp=-31.46583 new_logp=-31.48699 adv_abs=0.74759 grpo_adv_abs=0.74759 valid=0.99972
[TRAIN] mean_reward=1.12625 mean_len=706.82 recent_eps=100 completed_eps=9080
[UPDATE_EFFECT] action_delta=0.02100853 param_rms_delta=0.00270023
[TIME] collect=15.302s update=0.574s
[DONE] timeout=0.00000 anchor_pos=0.00000 anchor_ori=0.00000 ee_body=0.00000
[DONE_ROLLOUT] timeout=0.00000 anchor_pos=0.00806 anchor_ori=0.00037 ee_body=0.00012
[FIRST_FAILURE] chunk_mean=10.59 chunk_min=8 chunk_max=11 phase_mean=831.00 phase_min=444 phase_max=1277 anchor_pos=0.00806 anchor_ori=0.00037 ee_body=0.00012 timeout=0.00000
[TRACK_CHUNK0] anchor_pos=0.97415 anchor_ori=0.82683 body_pos=0.97740 body_ori=0.82182 body_lin=0.64172 body_ang=0.12341
[TRACK_ROLLOUT] anchor_pos=0.72136 anchor_ori=0.50313 body_pos=0.85836 body_ori=0.42864 body_lin=0.48086 body_ang=0.08601
[TRAIN_COST] action_rate=26.33986 joint_torque=2741.37927 joint_limit=0.00597 undesired_contacts=0.55231
[REWARD_WEIGHTED] pos=0.12333 penalty=-0.05868 total=0.06465 act_rate=-0.05268 torque=-0.00055 contacts=-0.00110
[ACT_SUMMARY] abs_mean=0.6428 abs_p95=1.5552 abs_p99=2.0040 abs_max=3.4116 abs_max_all=3.5617 legs=0.6521 waist=0.6373 arms=0.6361 first=0.6428 last=0.6536 latent_abs=0.6620 latent_max=4.4596
[TRAIN_BODY] torso_ori=6.23deg l_wrist_ori=12.08deg r_wrist_ori=11.86deg l_elbow_ori=10.10deg r_elbow_ori=10.05deg l_shoulder_ori=8.34deg r_shoulder_ori=8.37deg
[TRAIN_ANG] torso=2.115 l_wrist=6.292 r_wrist=6.189 l_elbow=4.795 r_elbow=4.722 l_shoulder=3.172 r_shoulder=3.265
[TRAIN_ACT] l_wrist_r=0.6374 l_wrist_p=0.6473 l_wrist_y=0.6344 r_wrist_r=0.6221 r_wrist_p=0.6301 r_wrist_y=0.6423 l_elbow=0.6361 r_elbow=0.6271
[UPDATE] 44/1000 group_reward=18.16614 group_std=24.23372 group_raw=0.29053 rollout_ret=0.29053 chunk0_ret=0.14907 chunk_last_ret=-0.04904
[REWARD_SCALE] live_steps=23.99 min=19 p50=24 p95=24 max=24 survive=0.99292 per_step=0.01211 per_second=0.606 episode30s_projection=18.17
[OBJECTIVE] obj_mean=0.29053 obj_std=0.38744 obj_min=-1.03286 obj_max=1.64985 raw_mean=0.29053 raw_std=0.38744 raw_min=-1.03286 raw_max=1.64985 score_mean=0.01210 rtg_mean=-34.57426 grpo_score=0.26866 early_penalty=0.02187
[PHASE] start_mean=751.88 start_min=1 start_max=1433 fail_rel_mean=22.52
[CHUNK_REWARD] obj_first=0.14907 obj_mid=0.00623 obj_last=-0.04904 raw_first=0.14907 raw_mid=0.00623 raw_last=-0.04904
[POLICY] loss=-0.01430 policy_loss=-0.01430 value_loss=0.00000 entropy=0.00000 kl=0.02080 step_ratio=0.9989 step_clip=0.1210 post_ratio=1.0033 post_clip=0.1484 grad=0.23255 lr=0.001000 critic_lr=0.000000 sde_steps=4 opt_steps=20
[POLICY_DETAIL] samples=98270 mb=24567 micro_mb=8192 micro_steps=60 batch_ratio=0.9994 batch_min=0.1390 batch_max=4.8830 post_ratio=1.0033 post_min=0.2517 post_max=2.8882 post_clip=0.1484 logp_delta_abs=0.13935 post_logp_delta_abs=0.17074 post_kl=0.02820 old_logp=-31.46410 new_logp=-31.48501 adv_abs=0.74899 grpo_adv_abs=0.74899 valid=0.99965
[TRAIN] mean_reward=1.75936 mean_len=728.09 recent_eps=100 completed_eps=9138
[UPDATE_EFFECT] action_delta=0.02273619 param_rms_delta=0.00270069
[TIME] collect=15.224s update=0.587s
[DONE] timeout=0.00000 anchor_pos=0.00000 anchor_ori=0.00000 ee_body=0.00000
[DONE_ROLLOUT] timeout=0.00000 anchor_pos=0.00684 anchor_ori=0.00000 ee_body=0.00024
[FIRST_FAILURE] chunk_mean=10.41 chunk_min=9 chunk_max=11 phase_mean=711.72 phase_min=439 phase_max=1275 anchor_pos=0.00684 anchor_ori=0.00000 ee_body=0.00024 timeout=0.00000
[TRACK_CHUNK0] anchor_pos=0.97447 anchor_ori=0.82804 body_pos=0.97708 body_ori=0.82064 body_lin=0.64002 body_ang=0.12348
[TRACK_ROLLOUT] anchor_pos=0.72290 anchor_ori=0.50387 body_pos=0.85782 body_ori=0.42543 body_lin=0.47791 body_ang=0.08569
[TRAIN_COST] action_rate=26.23481 joint_torque=2771.56128 joint_limit=0.00612 undesired_contacts=0.55841
[REWARD_WEIGHTED] pos=0.12332 penalty=-0.05854 total=0.06479 act_rate=-0.05247 torque=-0.00055 contacts=-0.00112
[ACT_SUMMARY] abs_mean=0.6429 abs_p95=1.5568 abs_p99=2.0080 abs_max=3.2362 abs_max_all=3.5212 legs=0.6558 waist=0.6384 arms=0.6328 first=0.6429 last=0.6526 latent_abs=0.6627 latent_max=4.3783
[TRAIN_BODY] torso_ori=6.25deg l_wrist_ori=11.90deg r_wrist_ori=11.78deg l_elbow_ori=10.05deg r_elbow_ori=10.08deg l_shoulder_ori=8.50deg r_shoulder_ori=8.27deg
[TRAIN_ANG] torso=2.082 l_wrist=6.277 r_wrist=6.258 l_elbow=4.803 r_elbow=4.761 l_shoulder=3.166 r_shoulder=3.265
[TRAIN_ACT] l_wrist_r=0.6286 l_wrist_p=0.6410 l_wrist_y=0.6342 r_wrist_r=0.6200 r_wrist_p=0.6246 r_wrist_y=0.6441 l_elbow=0.6325 r_elbow=0.6203
[UPDATE] 45/1000 group_reward=18.59953 group_std=24.71529 group_raw=0.29747 rollout_ret=0.29747 chunk0_ret=0.14870 chunk_last_ret=-0.04785
[REWARD_SCALE] live_steps=23.99 min=16 p50=24 p95=24 max=24 survive=0.99231 per_step=0.01240 per_second=0.620 episode30s_projection=18.60
[OBJECTIVE] obj_mean=0.29747 obj_std=0.39499 obj_min=-1.01274 obj_max=1.63282 raw_mean=0.29747 raw_std=0.39499 raw_min=-1.01274 raw_max=1.63282 score_mean=0.01239 rtg_mean=-34.29504 grpo_score=0.27687 early_penalty=0.02060
[PHASE] start_mean=744.75 start_min=1 start_max=1433 fail_rel_mean=22.71
[CHUNK_REWARD] obj_first=0.14870 obj_mid=0.00741 obj_last=-0.04785 raw_first=0.14870 raw_mid=0.00741 raw_last=-0.04785
[POLICY] loss=-0.01446 policy_loss=-0.01446 value_loss=0.00000 entropy=0.00000 kl=0.02161 step_ratio=0.9989 step_clip=0.1252 post_ratio=0.9876 post_clip=0.1484 grad=0.23886 lr=0.001000 critic_lr=0.000000 sde_steps=4 opt_steps=20
[POLICY_DETAIL] samples=98274 mb=24568 micro_mb=8192 micro_steps=60 batch_ratio=0.9993 batch_min=0.1276 batch_max=6.2564 post_ratio=0.9876 post_min=0.2539 post_max=1.8923 post_clip=0.1484 logp_delta_abs=0.14220 post_logp_delta_abs=0.16163 post_kl=0.02660 old_logp=-31.46455 new_logp=-31.48630 adv_abs=0.74965 grpo_adv_abs=0.74965 valid=0.99969
[TRAIN] mean_reward=1.59756 mean_len=823.37 recent_eps=100 completed_eps=9201
[UPDATE_EFFECT] action_delta=0.02226971 param_rms_delta=0.00269411
[TIME] collect=15.204s update=0.581s
[DONE] timeout=0.00000 anchor_pos=0.00000 anchor_ori=0.00000 ee_body=0.00000
[DONE_ROLLOUT] timeout=0.00000 anchor_pos=0.00757 anchor_ori=0.00024 ee_body=0.00000
[FIRST_FAILURE] chunk_mean=10.52 chunk_min=7 chunk_max=11 phase_mean=801.86 phase_min=478 phase_max=1331 anchor_pos=0.00757 anchor_ori=0.00024 ee_body=0.00000 timeout=0.00000
[TRACK_CHUNK0] anchor_pos=0.97478 anchor_ori=0.82588 body_pos=0.97740 body_ori=0.82201 body_lin=0.63922 body_ang=0.12395
[TRACK_ROLLOUT] anchor_pos=0.72421 anchor_ori=0.50355 body_pos=0.85937 body_ori=0.42441 body_lin=0.47718 body_ang=0.08629
[TRAIN_COST] action_rate=26.22646 joint_torque=2765.86902 joint_limit=0.00629 undesired_contacts=0.54504
[REWARD_WEIGHTED] pos=0.12328 penalty=-0.05864 total=0.06464 act_rate=-0.05245 torque=-0.00055 contacts=-0.00109
[ACT_SUMMARY] abs_mean=0.6429 abs_p95=1.5543 abs_p99=1.9926 abs_max=3.4908 abs_max_all=3.4908 legs=0.6545 waist=0.6330 arms=0.6352 first=0.6429 last=0.6543 latent_abs=0.6620 latent_max=4.3185
[TRAIN_BODY] torso_ori=6.28deg l_wrist_ori=11.95deg r_wrist_ori=11.86deg l_elbow_ori=10.14deg r_elbow_ori=10.07deg l_shoulder_ori=8.40deg r_shoulder_ori=8.36deg
[TRAIN_ANG] torso=2.094 l_wrist=6.232 r_wrist=6.242 l_elbow=4.737 r_elbow=4.761 l_shoulder=3.165 r_shoulder=3.252
[TRAIN_ACT] l_wrist_r=0.6354 l_wrist_p=0.6434 l_wrist_y=0.6376 r_wrist_r=0.6250 r_wrist_p=0.6392 r_wrist_y=0.6379 l_elbow=0.6369 r_elbow=0.6301
[UPDATE] 46/1000 group_reward=19.74579 group_std=24.47817 group_raw=0.31575 rollout_ret=0.31575 chunk0_ret=0.14981 chunk_last_ret=-0.04595
[REWARD_SCALE] live_steps=23.99 min=19 p50=24 p95=24 max=24 survive=0.98889 per_step=0.01316 per_second=0.658 episode30s_projection=19.75
[OBJECTIVE] obj_mean=0.31575 obj_std=0.39127 obj_min=-1.13089 obj_max=1.73448 raw_mean=0.31575 raw_std=0.39127 raw_min=-1.13089 raw_max=1.73448 score_mean=0.01315 rtg_mean=-34.33388 grpo_score=0.28701 early_penalty=0.02874
[PHASE] start_mean=751.66 start_min=0 start_max=1433 fail_rel_mean=22.76
[CHUNK_REWARD] obj_first=0.14981 obj_mid=0.00902 obj_last=-0.04595 raw_first=0.14981 raw_mid=0.00902 raw_last=-0.04595
[POLICY] loss=-0.01380 policy_loss=-0.01380 value_loss=0.00000 entropy=0.00000 kl=0.02190 step_ratio=0.9989 step_clip=0.1265 post_ratio=0.9904 post_clip=0.1758 grad=0.25067 lr=0.001000 critic_lr=0.000000 sde_steps=4 opt_steps=20
[POLICY_DETAIL] samples=98270 mb=24567 micro_mb=8192 micro_steps=60 batch_ratio=0.9991 batch_min=0.1402 batch_max=6.0158 post_ratio=0.9904 post_min=0.3635 post_max=2.7092 post_clip=0.1758 logp_delta_abs=0.14358 post_logp_delta_abs=0.18534 post_kl=0.03220 old_logp=-31.47009 new_logp=-31.49231 adv_abs=0.75045 grpo_adv_abs=0.75045 valid=0.99965
[TRAIN] mean_reward=2.48125 mean_len=868.36 recent_eps=100 completed_eps=9292
[UPDATE_EFFECT] action_delta=0.02339792 param_rms_delta=0.00270812
[TIME] collect=15.216s update=0.590s
[DONE] timeout=0.00000 anchor_pos=0.00000 anchor_ori=0.00000 ee_body=0.00000
[DONE_ROLLOUT] timeout=0.00000 anchor_pos=0.01001 anchor_ori=0.00049 ee_body=0.00061
[FIRST_FAILURE] chunk_mean=10.63 chunk_min=9 chunk_max=11 phase_mean=777.11 phase_min=294 phase_max=1288 anchor_pos=0.01001 anchor_ori=0.00049 ee_body=0.00061 timeout=0.00000
[TRACK_CHUNK0] anchor_pos=0.97451 anchor_ori=0.82983 body_pos=0.97699 body_ori=0.81968 body_lin=0.63599 body_ang=0.12423
[TRACK_ROLLOUT] anchor_pos=0.72723 anchor_ori=0.51261 body_pos=0.86017 body_ori=0.42710 body_lin=0.48319 body_ang=0.08716
[TRAIN_COST] action_rate=26.03518 joint_torque=2779.26123 joint_limit=0.00623 undesired_contacts=0.53528
[REWARD_WEIGHTED] pos=0.12331 penalty=-0.05815 total=0.06517 act_rate=-0.05207 torque=-0.00056 contacts=-0.00107
[ACT_SUMMARY] abs_mean=0.6409 abs_p95=1.5517 abs_p99=1.9917 abs_max=3.4765 abs_max_all=3.5820 legs=0.6552 waist=0.6297 arms=0.6311 first=0.6409 last=0.6536 latent_abs=0.6620 latent_max=4.5010
[TRAIN_BODY] torso_ori=6.14deg l_wrist_ori=12.04deg r_wrist_ori=11.82deg l_elbow_ori=10.16deg r_elbow_ori=10.13deg l_shoulder_ori=8.32deg r_shoulder_ori=8.37deg
[TRAIN_ANG] torso=2.084 l_wrist=6.293 r_wrist=6.159 l_elbow=4.810 r_elbow=4.704 l_shoulder=3.160 r_shoulder=3.239
[TRAIN_ACT] l_wrist_r=0.6310 l_wrist_p=0.6430 l_wrist_y=0.6306 r_wrist_r=0.6197 r_wrist_p=0.6334 r_wrist_y=0.6370 l_elbow=0.6425 r_elbow=0.6224
[UPDATE] 47/1000 group_reward=19.93579 group_std=24.26246 group_raw=0.31887 rollout_ret=0.31887 chunk0_ret=0.14927 chunk_last_ret=-0.04615
[REWARD_SCALE] live_steps=23.99 min=18 p50=24 p95=24 max=24 survive=0.99182 per_step=0.01329 per_second=0.665 episode30s_projection=19.94
[OBJECTIVE] obj_mean=0.31887 obj_std=0.38787 obj_min=-0.94057 obj_max=1.67591 raw_mean=0.31887 raw_std=0.38787 raw_min=-0.94057 raw_max=1.67591 score_mean=0.01328 rtg_mean=-34.36381 grpo_score=0.30208 early_penalty=0.01678
[PHASE] start_mean=749.10 start_min=7 start_max=1433 fail_rel_mean=23.01
[CHUNK_REWARD] obj_first=0.14927 obj_mid=0.00909 obj_last=-0.04615 raw_first=0.14927 raw_mid=0.00909 raw_last=-0.04615
[POLICY] loss=-0.01443 policy_loss=-0.01443 value_loss=0.00000 entropy=0.00000 kl=0.02240 step_ratio=0.9989 step_clip=0.1295 post_ratio=0.9977 post_clip=0.1807 grad=0.25001 lr=0.001000 critic_lr=0.000000 sde_steps=4 opt_steps=20
[POLICY_DETAIL] samples=98283 mb=24570 micro_mb=8192 micro_steps=60 batch_ratio=0.9994 batch_min=0.0924 batch_max=5.6242 post_ratio=0.9977 post_min=0.2206 post_max=2.4251 post_clip=0.1807 logp_delta_abs=0.14549 post_logp_delta_abs=0.18151 post_kl=0.03232 old_logp=-31.47693 new_logp=-31.49942 adv_abs=0.74973 grpo_adv_abs=0.74973 valid=0.99979
[TRAIN] mean_reward=2.54968 mean_len=825.72 recent_eps=100 completed_eps=9359
[UPDATE_EFFECT] action_delta=0.02223751 param_rms_delta=0.00270063
[TIME] collect=15.160s update=0.569s
[DONE] timeout=0.00000 anchor_pos=0.00000 anchor_ori=0.00000 ee_body=0.00000
[DONE_ROLLOUT] timeout=0.00000 anchor_pos=0.00793 anchor_ori=0.00037 ee_body=0.00012
[FIRST_FAILURE] chunk_mean=10.69 chunk_min=8 chunk_max=11 phase_mean=863.72 phase_min=185 phase_max=1315 anchor_pos=0.00793 anchor_ori=0.00037 ee_body=0.00012 timeout=0.00000
[TRACK_CHUNK0] anchor_pos=0.97436 anchor_ori=0.82633 body_pos=0.97753 body_ori=0.82282 body_lin=0.63702 body_ang=0.12463
[TRACK_ROLLOUT] anchor_pos=0.72627 anchor_ori=0.51206 body_pos=0.86078 body_ori=0.42904 body_lin=0.48120 body_ang=0.08696
[TRAIN_COST] action_rate=26.17927 joint_torque=2830.34277 joint_limit=0.00605 undesired_contacts=0.54541
[REWARD_WEIGHTED] pos=0.12327 penalty=-0.05838 total=0.06488 act_rate=-0.05236 torque=-0.00057 contacts=-0.00109
[ACT_SUMMARY] abs_mean=0.6433 abs_p95=1.5567 abs_p99=1.9986 abs_max=3.2740 abs_max_all=3.4998 legs=0.6590 waist=0.6330 arms=0.6321 first=0.6433 last=0.6555 latent_abs=0.6632 latent_max=4.3360
[TRAIN_BODY] torso_ori=6.25deg l_wrist_ori=12.10deg r_wrist_ori=11.77deg l_elbow_ori=10.14deg r_elbow_ori=9.99deg l_shoulder_ori=8.50deg r_shoulder_ori=8.26deg
[TRAIN_ANG] torso=2.075 l_wrist=6.313 r_wrist=6.245 l_elbow=4.784 r_elbow=4.740 l_shoulder=3.139 r_shoulder=3.232
[TRAIN_ACT] l_wrist_r=0.6366 l_wrist_p=0.6424 l_wrist_y=0.6334 r_wrist_r=0.6231 r_wrist_p=0.6278 r_wrist_y=0.6360 l_elbow=0.6328 r_elbow=0.6167
[UPDATE] 48/1000 group_reward=21.38404 group_std=24.61242 group_raw=0.34204 rollout_ret=0.34204 chunk0_ret=0.14937 chunk_last_ret=-0.04334
[REWARD_SCALE] live_steps=23.99 min=17 p50=24 p95=24 max=24 survive=0.99316 per_step=0.01426 per_second=0.713 episode30s_projection=21.38
[OBJECTIVE] obj_mean=0.34204 obj_std=0.39367 obj_min=-0.97752 obj_max=1.61691 raw_mean=0.34204 raw_std=0.39367 raw_min=-0.97752 raw_max=1.61691 score_mean=0.01425 rtg_mean=-34.09410 grpo_score=0.32627 early_penalty=0.01577
[PHASE] start_mean=764.70 start_min=2 start_max=1433 fail_rel_mean=22.89
[CHUNK_REWARD] obj_first=0.14937 obj_mid=0.01206 obj_last=-0.04334 raw_first=0.14937 raw_mid=0.01206 raw_last=-0.04334
[POLICY] loss=-0.01389 policy_loss=-0.01389 value_loss=0.00000 entropy=0.00000 kl=0.02275 step_ratio=0.9988 step_clip=0.1300 post_ratio=1.0050 post_clip=0.1572 grad=0.25708 lr=0.001000 critic_lr=0.000000 sde_steps=4 opt_steps=20
[POLICY_DETAIL] samples=98282 mb=24570 micro_mb=8192 micro_steps=60 batch_ratio=0.9995 batch_min=0.1055 batch_max=7.5813 post_ratio=1.0050 post_min=0.2048 post_max=2.6000 post_clip=0.1572 logp_delta_abs=0.14602 post_logp_delta_abs=0.17278 post_kl=0.02882 old_logp=-31.45796 new_logp=-31.48060 adv_abs=0.74912 grpo_adv_abs=0.74912 valid=0.99978
[TRAIN] mean_reward=2.43721 mean_len=848.13 recent_eps=100 completed_eps=9415
[UPDATE_EFFECT] action_delta=0.01939165 param_rms_delta=0.00268935
[TIME] collect=15.158s update=0.598s
[DONE] timeout=0.00000 anchor_pos=0.00000 anchor_ori=0.00000 ee_body=0.00000
[DONE_ROLLOUT] timeout=0.00000 anchor_pos=0.00598 anchor_ori=0.00049 ee_body=0.00049
[FIRST_FAILURE] chunk_mean=10.61 chunk_min=8 chunk_max=11 phase_mean=786.54 phase_min=404 phase_max=1307 anchor_pos=0.00598 anchor_ori=0.00049 ee_body=0.00049 timeout=0.00000
[TRACK_CHUNK0] anchor_pos=0.97484 anchor_ori=0.82354 body_pos=0.97723 body_ori=0.82185 body_lin=0.63818 body_ang=0.12384
[TRACK_ROLLOUT] anchor_pos=0.73131 anchor_ori=0.51396 body_pos=0.86347 body_ori=0.43454 body_lin=0.48816 body_ang=0.08904
[TRAIN_COST] action_rate=26.06152 joint_torque=2844.76843 joint_limit=0.00597 undesired_contacts=0.54803
[REWARD_WEIGHTED] pos=0.12316 penalty=-0.05826 total=0.06490 act_rate=-0.05212 torque=-0.00057 contacts=-0.00110
[ACT_SUMMARY] abs_mean=0.6426 abs_p95=1.5556 abs_p99=2.0034 abs_max=3.3078 abs_max_all=3.6828 legs=0.6577 waist=0.6363 arms=0.6310 first=0.6426 last=0.6557 latent_abs=0.6642 latent_max=4.7145
[TRAIN_BODY] torso_ori=6.26deg l_wrist_ori=11.87deg r_wrist_ori=11.85deg l_elbow_ori=10.04deg r_elbow_ori=10.09deg l_shoulder_ori=8.39deg r_shoulder_ori=8.46deg
[TRAIN_ANG] torso=2.096 l_wrist=6.286 r_wrist=6.291 l_elbow=4.805 r_elbow=4.754 l_shoulder=3.157 r_shoulder=3.267
[TRAIN_ACT] l_wrist_r=0.6312 l_wrist_p=0.6379 l_wrist_y=0.6423 r_wrist_r=0.6267 r_wrist_p=0.6273 r_wrist_y=0.6354 l_elbow=0.6325 r_elbow=0.6288
[UPDATE] 49/1000 group_reward=20.50893 group_std=24.70597 group_raw=0.32804 rollout_ret=0.32804 chunk0_ret=0.14991 chunk_last_ret=-0.04497
[REWARD_SCALE] live_steps=23.99 min=18 p50=24 p95=24 max=24 survive=0.99365 per_step=0.01367 per_second=0.684 episode30s_projection=20.51
[OBJECTIVE] obj_mean=0.32804 obj_std=0.39518 obj_min=-0.97299 obj_max=1.70620 raw_mean=0.32804 raw_std=0.39518 raw_min=-0.97299 raw_max=1.70620 score_mean=0.01367 rtg_mean=-34.21437 grpo_score=0.31253 early_penalty=0.01551
[PHASE] start_mean=756.30 start_min=17 start_max=1433 fail_rel_mean=22.83
[CHUNK_REWARD] obj_first=0.14991 obj_mid=0.01004 obj_last=-0.04497 raw_first=0.14991 raw_mid=0.01004 raw_last=-0.04497
[POLICY] loss=-0.01489 policy_loss=-0.01489 value_loss=0.00000 entropy=0.00000 kl=0.02210 step_ratio=0.9987 step_clip=0.1286 post_ratio=1.0011 post_clip=0.1592 grad=0.24750 lr=0.001000 critic_lr=0.000000 sde_steps=4 opt_steps=20
[POLICY_DETAIL] samples=98285 mb=24571 micro_mb=8192 micro_steps=60 batch_ratio=0.9991 batch_min=0.1137 batch_max=8.4461 post_ratio=1.0011 post_min=0.3293 post_max=2.2823 post_clip=0.1592 logp_delta_abs=0.14533 post_logp_delta_abs=0.17463 post_kl=0.02881 old_logp=-31.46813 new_logp=-31.49057 adv_abs=0.75000 grpo_adv_abs=0.75000 valid=0.99981
[TRAIN] mean_reward=2.06104 mean_len=827.06 recent_eps=100 completed_eps=9467
[UPDATE_EFFECT] action_delta=0.02315416 param_rms_delta=0.00267623
[TIME] collect=15.260s update=0.595s
[DONE] timeout=0.00000 anchor_pos=0.00000 anchor_ori=0.00000 ee_body=0.00000
[DONE_ROLLOUT] timeout=0.00000 anchor_pos=0.00513 anchor_ori=0.00085 ee_body=0.00037
[FIRST_FAILURE] chunk_mean=10.63 chunk_min=8 chunk_max=11 phase_mean=775.13 phase_min=200 phase_max=1288 anchor_pos=0.00513 anchor_ori=0.00085 ee_body=0.00037 timeout=0.00000
[TRACK_CHUNK0] anchor_pos=0.97464 anchor_ori=0.82818 body_pos=0.97742 body_ori=0.82200 body_lin=0.63863 body_ang=0.12433
[TRACK_ROLLOUT] anchor_pos=0.72845 anchor_ori=0.50912 body_pos=0.86138 body_ori=0.42981 body_lin=0.48473 body_ang=0.08853
[TRAIN_COST] action_rate=26.04649 joint_torque=2882.37805 joint_limit=0.00632 undesired_contacts=0.52295
[REWARD_WEIGHTED] pos=0.12336 penalty=-0.05813 total=0.06523 act_rate=-0.05209 torque=-0.00058 contacts=-0.00105
[ACT_SUMMARY] abs_mean=0.6442 abs_p95=1.5601 abs_p99=2.0029 abs_max=3.4646 abs_max_all=3.7651 legs=0.6617 waist=0.6326 arms=0.6318 first=0.6442 last=0.6552 latent_abs=0.6642 latent_max=4.8994
[TRAIN_BODY] torso_ori=6.23deg l_wrist_ori=11.99deg r_wrist_ori=11.79deg l_elbow_ori=10.13deg r_elbow_ori=10.04deg l_shoulder_ori=8.39deg r_shoulder_ori=8.32deg
[TRAIN_ANG] torso=2.097 l_wrist=6.243 r_wrist=6.186 l_elbow=4.783 r_elbow=4.725 l_shoulder=3.149 r_shoulder=3.240
[TRAIN_ACT] l_wrist_r=0.6328 l_wrist_p=0.6447 l_wrist_y=0.6370 r_wrist_r=0.6229 r_wrist_p=0.6246 r_wrist_y=0.6376 l_elbow=0.6296 r_elbow=0.6209
[UPDATE] 50/1000 group_reward=21.42002 group_std=24.87705 group_raw=0.34263 rollout_ret=0.34263 chunk0_ret=0.14910 chunk_last_ret=-0.04140
[REWARD_SCALE] live_steps=23.99 min=20 p50=24 p95=24 max=24 survive=0.99487 per_step=0.01428 per_second=0.714 episode30s_projection=21.42
[OBJECTIVE] obj_mean=0.34263 obj_std=0.39786 obj_min=-1.03427 obj_max=1.72472 raw_mean=0.34263 raw_std=0.39786 raw_min=-1.03427 raw_max=1.72472 score_mean=0.01427 rtg_mean=-33.89572 grpo_score=0.33017 early_penalty=0.01246
[PHASE] start_mean=758.86 start_min=5 start_max=1433 fail_rel_mean=22.83
[CHUNK_REWARD] obj_first=0.14910 obj_mid=0.01160 obj_last=-0.04140 raw_first=0.14910 raw_mid=0.01160 raw_last=-0.04140
[POLICY] loss=-0.01448 policy_loss=-0.01448 value_loss=0.00000 entropy=0.00000 kl=0.02249 step_ratio=0.9984 step_clip=0.1304 post_ratio=1.0104 post_clip=0.1602 grad=0.26108 lr=0.001000 critic_lr=0.000000 sde_steps=4 opt_steps=20
[POLICY_DETAIL] samples=98290 mb=24572 micro_mb=8192 micro_steps=60 batch_ratio=0.9988 batch_min=0.0779 batch_max=5.7925 post_ratio=1.0104 post_min=0.3749 post_max=2.7613 post_clip=0.1602 logp_delta_abs=0.14636 post_logp_delta_abs=0.16347 post_kl=0.02628 old_logp=-31.47181 new_logp=-31.49493 adv_abs=0.75033 grpo_adv_abs=0.75033 valid=0.99986
[TRAIN] mean_reward=2.57450 mean_len=791.10 recent_eps=100 completed_eps=9509
[UPDATE_EFFECT] action_delta=0.02220910 param_rms_delta=0.00267759
[TIME] collect=15.299s update=0.584s
[DONE] timeout=0.00000 anchor_pos=0.00000 anchor_ori=0.00000 ee_body=0.00000
[DONE_ROLLOUT] timeout=0.00000 anchor_pos=0.00476 anchor_ori=0.00012 ee_body=0.00037
[FIRST_FAILURE] chunk_mean=10.67 chunk_min=9 chunk_max=11 phase_mean=781.00 phase_min=465 phase_max=1290 anchor_pos=0.00476 anchor_ori=0.00012 ee_body=0.00037 timeout=0.00000
[TRACK_CHUNK0] anchor_pos=0.97484 anchor_ori=0.82414 body_pos=0.97728 body_ori=0.82099 body_lin=0.63829 body_ang=0.12399
[TRACK_ROLLOUT] anchor_pos=0.73423 anchor_ori=0.51146 body_pos=0.86398 body_ori=0.43147 body_lin=0.48715 body_ang=0.08789
[TRAIN_COST] action_rate=26.04557 joint_torque=2859.76038 joint_limit=0.00628 undesired_contacts=0.58960
[REWARD_WEIGHTED] pos=0.12317 penalty=-0.05829 total=0.06488 act_rate=-0.05209 torque=-0.00057 contacts=-0.00118
[ACT_SUMMARY] abs_mean=0.6447 abs_p95=1.5607 abs_p99=2.0034 abs_max=3.3589 abs_max_all=3.5955 legs=0.6629 waist=0.6302 arms=0.6323 first=0.6447 last=0.6555 latent_abs=0.6646 latent_max=4.5289
[TRAIN_BODY] torso_ori=6.22deg l_wrist_ori=11.97deg r_wrist_ori=11.77deg l_elbow_ori=10.21deg r_elbow_ori=10.06deg l_shoulder_ori=8.58deg r_shoulder_ori=8.31deg
[TRAIN_ANG] torso=2.096 l_wrist=6.306 r_wrist=6.179 l_elbow=4.816 r_elbow=4.701 l_shoulder=3.153 r_shoulder=3.260
[TRAIN_ACT] l_wrist_r=0.6333 l_wrist_p=0.6417 l_wrist_y=0.6411 r_wrist_r=0.6212 r_wrist_p=0.6216 r_wrist_y=0.6410 l_elbow=0.6370 r_elbow=0.6219
[VALIDATION_START] update=50 max_steps=1500 envs=8192 fixed_seed=disabled
[VALIDATION_RESET_START]
[VALIDATION_RESET_DONE] time=0.004s
[VALIDATION_PROGRESS] step=1/1500 done=0.00000 alive=1.00000 elapsed=0.154s
[VALIDATION_PROGRESS] step=50/1500 done=0.40674 alive=0.59326 elapsed=5.594s
[VALIDATION_PROGRESS] step=100/1500 done=0.94556 alive=0.05444 elapsed=11.729s
[VALIDATION_PROGRESS] step=150/1500 done=0.99500 alive=0.00500 elapsed=17.454s
[VALIDATION_PROGRESS] step=200/1500 done=0.99951 alive=0.00049 elapsed=23.125s
[VALIDATION_PROGRESS] step=249/1500 done=1.00000 alive=0.00000 elapsed=28.589s
[VALIDATION_DONE] update=50 time=28.597s
[VAL] steps_mean=59.83 steps_min=24 steps_p50=54 steps_p95=102 steps_max=249 fail_phase_mean=59.8 return=6.90833 done=1.00000
[VAL_EE] left_ankle_bad=0.00208 left_ankle_z=0.06752 right_ankle_bad=0.02295 right_ankle_z=0.07328
[VAL_CAUSE] anchor_pos_bad=0.97327 anchor_ori_bad=0.00317 ee_body_bad=0.02502 time_out=0.00000 anchor_z=0.26134 anchor_grav=0.33003 ee_z_max=0.07850 ee_z_mean=0.07040
[CHECKPOINT] saved /home/y/my_mimic_mixgrpo/my_mimic_mixgrpo_h1/runs/mixgrpo_h2_futureref_u1000/checkpoints/update_0050.pt
[UPDATE] 51/1000 group_reward=21.70480 group_std=24.36295 group_raw=0.34723 rollout_ret=0.34723 chunk0_ret=0.14919 chunk_last_ret=-0.04179
[REWARD_SCALE] live_steps=24.00 min=18 p50=24 p95=24 max=24 survive=0.99597 per_step=0.01447 per_second=0.723 episode30s_projection=21.70
[OBJECTIVE] obj_mean=0.34723 obj_std=0.38977 obj_min=-1.06552 obj_max=1.84240 raw_mean=0.34723 raw_std=0.38977 raw_min=-1.06552 raw_max=1.84240 score_mean=0.01447 rtg_mean=-33.98840 grpo_score=0.34062 early_penalty=0.00661
[PHASE] start_mean=769.64 start_min=3 start_max=1433 fail_rel_mean=23.21
[CHUNK_REWARD] obj_first=0.14919 obj_mid=0.01221 obj_last=-0.04179 raw_first=0.14919 raw_mid=0.01221 raw_last=-0.04179
[POLICY] loss=-0.01442 policy_loss=-0.01442 value_loss=0.00000 entropy=0.00000 kl=0.02321 step_ratio=0.9988 step_clip=0.1339 post_ratio=0.9929 post_clip=0.1484 grad=0.26547 lr=0.001000 critic_lr=0.000000 sde_steps=4 opt_steps=20
[POLICY_DETAIL] samples=98296 mb=24574 micro_mb=8192 micro_steps=60 batch_ratio=0.9993 batch_min=0.1172 batch_max=5.1977 post_ratio=0.9929 post_min=0.2854 post_max=2.3282 post_clip=0.1484 logp_delta_abs=0.14881 post_logp_delta_abs=0.17331 post_kl=0.02844 old_logp=-31.46410 new_logp=-31.48743 adv_abs=0.75025 grpo_adv_abs=0.75025 valid=0.99992
[TRAIN] mean_reward=3.33632 mean_len=849.68 recent_eps=100 completed_eps=9542
[UPDATE_EFFECT] action_delta=0.02238295 param_rms_delta=0.00267915
[TIME] collect=15.402s update=0.623s
[DONE] timeout=0.00000 anchor_pos=0.00000 anchor_ori=0.00000 ee_body=0.00000
[DONE_ROLLOUT] timeout=0.00000 anchor_pos=0.00354 anchor_ori=0.00012 ee_body=0.00037
[FIRST_FAILURE] chunk_mean=10.76 chunk_min=8 chunk_max=11 phase_mean=785.58 phase_min=551 phase_max=1304 anchor_pos=0.00354 anchor_ori=0.00012 ee_body=0.00037 timeout=0.00000
[TRACK_CHUNK0] anchor_pos=0.97420 anchor_ori=0.82734 body_pos=0.97724 body_ori=0.82098 body_lin=0.63737 body_ang=0.12352
[TRACK_ROLLOUT] anchor_pos=0.73345 anchor_ori=0.51325 body_pos=0.86367 body_ori=0.43231 body_lin=0.48727 body_ang=0.08865
[TRAIN_COST] action_rate=26.03299 joint_torque=2950.40491 joint_limit=0.00645 undesired_contacts=0.56714
[REWARD_WEIGHTED] pos=0.12324 penalty=-0.05830 total=0.06494 act_rate=-0.05207 torque=-0.00059 contacts=-0.00113
[ACT_SUMMARY] abs_mean=0.6458 abs_p95=1.5654 abs_p99=2.0095 abs_max=3.4651 abs_max_all=3.7170 legs=0.6667 waist=0.6254 arms=0.6322 first=0.6458 last=0.6588 latent_abs=0.6661 latent_max=4.7902
[TRAIN_BODY] torso_ori=6.24deg l_wrist_ori=11.94deg r_wrist_ori=11.82deg l_elbow_ori=10.12deg r_elbow_ori=10.05deg l_shoulder_ori=8.43deg r_shoulder_ori=8.35deg
[TRAIN_ANG] torso=2.090 l_wrist=6.241 r_wrist=6.277 l_elbow=4.799 r_elbow=4.749 l_shoulder=3.169 r_shoulder=3.236
[TRAIN_ACT] l_wrist_r=0.6337 l_wrist_p=0.6389 l_wrist_y=0.6357 r_wrist_r=0.6253 r_wrist_p=0.6276 r_wrist_y=0.6361 l_elbow=0.6333 r_elbow=0.6244
[UPDATE] 52/1000 group_reward=22.34762 group_std=24.75253 group_raw=0.35744 rollout_ret=0.35744 chunk0_ret=0.14900 chunk_last_ret=-0.03983
[REWARD_SCALE] live_steps=23.99 min=18 p50=24 p95=24 max=24 survive=0.99402 per_step=0.01490 per_second=0.745 episode30s_projection=22.35
[OBJECTIVE] obj_mean=0.35744 obj_std=0.39578 obj_min=-0.93262 obj_max=1.64124 raw_mean=0.35744 raw_std=0.39578 raw_min=-0.93262 raw_max=1.64124 score_mean=0.01489 rtg_mean=-33.80806 grpo_score=0.34014 early_penalty=0.01729
[PHASE] start_mean=761.43 start_min=3 start_max=1433 fail_rel_mean=22.61
[CHUNK_REWARD] obj_first=0.14900 obj_mid=0.01366 obj_last=-0.03983 raw_first=0.14900 raw_mid=0.01366 raw_last=-0.03983
[POLICY] loss=-0.01477 policy_loss=-0.01477 value_loss=0.00000 entropy=0.00000 kl=0.02303 step_ratio=0.9982 step_clip=0.1330 post_ratio=0.9985 post_clip=0.1426 grad=0.26201 lr=0.001000 critic_lr=0.000000 sde_steps=4 opt_steps=20
[POLICY_DETAIL] samples=98280 mb=24570 micro_mb=8192 micro_steps=60 batch_ratio=0.9987 batch_min=0.0959 batch_max=5.9441 post_ratio=0.9985 post_min=0.2951 post_max=2.5709 post_clip=0.1426 logp_delta_abs=0.14847 post_logp_delta_abs=0.16465 post_kl=0.02617 old_logp=-31.46559 new_logp=-31.48928 adv_abs=0.75325 grpo_adv_abs=0.75325 valid=0.99976
[TRAIN] mean_reward=3.66433 mean_len=882.85 recent_eps=100 completed_eps=9591
[UPDATE_EFFECT] action_delta=0.02276346 param_rms_delta=0.00268623
[TIME] collect=15.649s update=0.598s
[DONE] timeout=0.00000 anchor_pos=0.00000 anchor_ori=0.00000 ee_body=0.00000
[DONE_ROLLOUT] timeout=0.00000 anchor_pos=0.00513 anchor_ori=0.00037 ee_body=0.00049
[FIRST_FAILURE] chunk_mean=10.51 chunk_min=8 chunk_max=11 phase_mean=809.10 phase_min=454 phase_max=1315 anchor_pos=0.00513 anchor_ori=0.00037 ee_body=0.00049 timeout=0.00000
[TRACK_CHUNK0] anchor_pos=0.97522 anchor_ori=0.82541 body_pos=0.97658 body_ori=0.81813 body_lin=0.63791 body_ang=0.12371
[TRACK_ROLLOUT] anchor_pos=0.73825 anchor_ori=0.51638 body_pos=0.86427 body_ori=0.43200 body_lin=0.49055 body_ang=0.08958
[TRAIN_COST] action_rate=26.08174 joint_torque=2911.36194 joint_limit=0.00629 undesired_contacts=0.59631
[REWARD_WEIGHTED] pos=0.12315 penalty=-0.05830 total=0.06485 act_rate=-0.05216 torque=-0.00058 contacts=-0.00119
[ACT_SUMMARY] abs_mean=0.6463 abs_p95=1.5638 abs_p99=2.0122 abs_max=3.2729 abs_max_all=3.5903 legs=0.6693 waist=0.6284 arms=0.6304 first=0.6463 last=0.6581 latent_abs=0.6667 latent_max=4.5181
[TRAIN_BODY] torso_ori=6.37deg l_wrist_ori=12.02deg r_wrist_ori=11.87deg l_elbow_ori=10.16deg r_elbow_ori=10.29deg l_shoulder_ori=8.49deg r_shoulder_ori=8.61deg
[TRAIN_ANG] torso=2.082 l_wrist=6.330 r_wrist=6.243 l_elbow=4.792 r_elbow=4.753 l_shoulder=3.136 r_shoulder=3.251
[TRAIN_ACT] l_wrist_r=0.6381 l_wrist_p=0.6463 l_wrist_y=0.6435 r_wrist_r=0.6207 r_wrist_p=0.6199 r_wrist_y=0.6334 l_elbow=0.6302 r_elbow=0.6215
[UPDATE] 53/1000 group_reward=22.90013 group_std=24.41074 group_raw=0.36636 rollout_ret=0.36636 chunk0_ret=0.14989 chunk_last_ret=-0.03870
[REWARD_SCALE] live_steps=24.00 min=20 p50=24 p95=24 max=24 survive=0.99634 per_step=0.01527 per_second=0.763 episode30s_projection=22.90
[OBJECTIVE] obj_mean=0.36636 obj_std=0.39051 obj_min=-1.03397 obj_max=1.79645 raw_mean=0.36636 raw_std=0.39051 raw_min=-1.03397 raw_max=1.79645 score_mean=0.01526 rtg_mean=-33.44542 grpo_score=0.36128 early_penalty=0.00509
[PHASE] start_mean=766.02 start_min=2 start_max=1433 fail_rel_mean=23.33
[CHUNK_REWARD] obj_first=0.14989 obj_mid=0.01311 obj_last=-0.03870 raw_first=0.14989 raw_mid=0.01311 raw_last=-0.03870
[POLICY] loss=-0.01559 policy_loss=-0.01559 value_loss=0.00000 entropy=0.00000 kl=0.02261 step_ratio=0.9986 step_clip=0.1311 post_ratio=1.0045 post_clip=0.1777 grad=0.25468 lr=0.001000 critic_lr=0.000000 sde_steps=4 opt_steps=20
[POLICY_DETAIL] samples=98298 mb=24574 micro_mb=8192 micro_steps=60 batch_ratio=0.9992 batch_min=0.1136 batch_max=6.4345 post_ratio=1.0045 post_min=0.2998 post_max=2.9737 post_clip=0.1777 logp_delta_abs=0.14696 post_logp_delta_abs=0.18856 post_kl=0.03594 old_logp=-31.46373 new_logp=-31.48655 adv_abs=0.74792 grpo_adv_abs=0.74792 valid=0.99994
[TRAIN] mean_reward=3.90432 mean_len=918.48 recent_eps=100 completed_eps=9621
[UPDATE_EFFECT] action_delta=0.02317239 param_rms_delta=0.00271302
[TIME] collect=15.403s update=0.597s
[DONE] timeout=0.00000 anchor_pos=0.00000 anchor_ori=0.00000 ee_body=0.00000
[DONE_ROLLOUT] timeout=0.00000 anchor_pos=0.00354 anchor_ori=0.00012 ee_body=0.00000
[FIRST_FAILURE] chunk_mean=10.80 chunk_min=9 chunk_max=11 phase_mean=798.80 phase_min=291 phase_max=1280 anchor_pos=0.00354 anchor_ori=0.00012 ee_body=0.00000 timeout=0.00000
[TRACK_CHUNK0] anchor_pos=0.97490 anchor_ori=0.82680 body_pos=0.97734 body_ori=0.82062 body_lin=0.64193 body_ang=0.12664
[TRACK_ROLLOUT] anchor_pos=0.73962 anchor_ori=0.51900 body_pos=0.86676 body_ori=0.43222 body_lin=0.49063 body_ang=0.08870
[TRAIN_COST] action_rate=25.97896 joint_torque=2936.60901 joint_limit=0.00634 undesired_contacts=0.56299
[REWARD_WEIGHTED] pos=0.12340 penalty=-0.05814 total=0.06526 act_rate=-0.05196 torque=-0.00059 contacts=-0.00113
[ACT_SUMMARY] abs_mean=0.6470 abs_p95=1.5626 abs_p99=2.0096 abs_max=3.3842 abs_max_all=3.5733 legs=0.6710 waist=0.6291 arms=0.6303 first=0.6470 last=0.6590 latent_abs=0.6670 latent_max=4.4832
[TRAIN_BODY] torso_ori=6.26deg l_wrist_ori=12.03deg r_wrist_ori=11.98deg l_elbow_ori=10.16deg r_elbow_ori=10.22deg l_shoulder_ori=8.40deg r_shoulder_ori=8.42deg
[TRAIN_ANG] torso=2.074 l_wrist=6.242 r_wrist=6.206 l_elbow=4.771 r_elbow=4.714 l_shoulder=3.099 r_shoulder=3.193
[TRAIN_ACT] l_wrist_r=0.6300 l_wrist_p=0.6420 l_wrist_y=0.6345 r_wrist_r=0.6207 r_wrist_p=0.6267 r_wrist_y=0.6349 l_elbow=0.6327 r_elbow=0.6214
[UPDATE] 54/1000 group_reward=22.43113 group_std=25.01750 group_raw=0.35882 rollout_ret=0.35882 chunk0_ret=0.14987 chunk_last_ret=-0.03859
[REWARD_SCALE] live_steps=23.99 min=20 p50=24 p95=24 max=24 survive=0.99573 per_step=0.01495 per_second=0.748 episode30s_projection=22.43
[OBJECTIVE] obj_mean=0.35882 obj_std=0.40014 obj_min=-1.09163 obj_max=1.90232 raw_mean=0.35882 raw_std=0.40014 raw_min=-1.09163 raw_max=1.90232 score_mean=0.01495 rtg_mean=-33.68276 grpo_score=0.34814 early_penalty=0.01068
[PHASE] start_mean=756.42 start_min=1 start_max=1433 fail_rel_mean=22.80
[CHUNK_REWARD] obj_first=0.14987 obj_mid=0.01312 obj_last=-0.03859 raw_first=0.14987 raw_mid=0.01312 raw_last=-0.03859
[POLICY] loss=-0.01603 policy_loss=-0.01603 value_loss=0.00000 entropy=0.00000 kl=0.02227 step_ratio=0.9982 step_clip=0.1292 post_ratio=1.0007 post_clip=0.1670 grad=0.24367 lr=0.001000 critic_lr=0.000000 sde_steps=4 opt_steps=20
[POLICY_DETAIL] samples=98290 mb=24572 micro_mb=8192 micro_steps=60 batch_ratio=0.9987 batch_min=0.1287 batch_max=5.6849 post_ratio=1.0007 post_min=0.3811 post_max=2.4073 post_clip=0.1670 logp_delta_abs=0.14582 post_logp_delta_abs=0.17642 post_kl=0.03017 old_logp=-31.45614 new_logp=-31.47911 adv_abs=0.74842 grpo_adv_abs=0.74842 valid=0.99986
[TRAIN] mean_reward=3.97390 mean_len=847.17 recent_eps=100 completed_eps=9656
[UPDATE_EFFECT] action_delta=0.02289782 param_rms_delta=0.00270797
[TIME] collect=15.497s update=0.585s
[DONE] timeout=0.00000 anchor_pos=0.00000 anchor_ori=0.00000 ee_body=0.00000
[DONE_ROLLOUT] timeout=0.00000 anchor_pos=0.00415 anchor_ori=0.00012 ee_body=0.00000
[FIRST_FAILURE] chunk_mean=10.60 chunk_min=9 chunk_max=11 phase_mean=653.57 phase_min=220 phase_max=1281 anchor_pos=0.00415 anchor_ori=0.00012 ee_body=0.00000 timeout=0.00000
[TRACK_CHUNK0] anchor_pos=0.97459 anchor_ori=0.82518 body_pos=0.97703 body_ori=0.82036 body_lin=0.63699 body_ang=0.12207
[TRACK_ROLLOUT] anchor_pos=0.73533 anchor_ori=0.51823 body_pos=0.86321 body_ori=0.43112 body_lin=0.49062 body_ang=0.08884
[TRAIN_COST] action_rate=25.85285 joint_torque=2905.45984 joint_limit=0.00606 undesired_contacts=0.56085
[REWARD_WEIGHTED] pos=0.12312 penalty=-0.05785 total=0.06527 act_rate=-0.05171 torque=-0.00058 contacts=-0.00112
[ACT_SUMMARY] abs_mean=0.6459 abs_p95=1.5617 abs_p99=2.0096 abs_max=3.3802 abs_max_all=3.7551 legs=0.6692 waist=0.6303 arms=0.6293 first=0.6459 last=0.6582 latent_abs=0.6671 latent_max=4.8765
[TRAIN_BODY] torso_ori=6.30deg l_wrist_ori=12.06deg r_wrist_ori=11.79deg l_elbow_ori=10.19deg r_elbow_ori=10.03deg l_shoulder_ori=8.42deg r_shoulder_ori=8.35deg
[TRAIN_ANG] torso=2.095 l_wrist=6.296 r_wrist=6.229 l_elbow=4.819 r_elbow=4.731 l_shoulder=3.171 r_shoulder=3.198
[TRAIN_ACT] l_wrist_r=0.6305 l_wrist_p=0.6472 l_wrist_y=0.6341 r_wrist_r=0.6175 r_wrist_p=0.6201 r_wrist_y=0.6394 l_elbow=0.6275 r_elbow=0.6219
[UPDATE] 55/1000 group_reward=22.46868 group_std=24.77169 group_raw=0.35935 rollout_ret=0.35935 chunk0_ret=0.15022 chunk_last_ret=-0.04037
[REWARD_SCALE] live_steps=23.99 min=17 p50=24 p95=24 max=24 survive=0.99304 per_step=0.01498 per_second=0.749 episode30s_projection=22.47
[OBJECTIVE] obj_mean=0.35935 obj_std=0.39597 obj_min=-1.22982 obj_max=1.70917 raw_mean=0.35935 raw_std=0.39597 raw_min=-1.22982 raw_max=1.70917 score_mean=0.01497 rtg_mean=-33.69409 grpo_score=0.33850 early_penalty=0.02085
[PHASE] start_mean=754.72 start_min=0 start_max=1433 fail_rel_mean=22.56
[CHUNK_REWARD] obj_first=0.15022 obj_mid=0.01329 obj_last=-0.04037 raw_first=0.15022 raw_mid=0.01329 raw_last=-0.04037
[POLICY] loss=-0.01542 policy_loss=-0.01542 value_loss=0.00000 entropy=0.00000 kl=0.02243 step_ratio=0.9985 step_clip=0.1300 post_ratio=1.0104 post_clip=0.1670 grad=0.26049 lr=0.001000 critic_lr=0.000000 sde_steps=4 opt_steps=20
[POLICY_DETAIL] samples=98273 mb=24568 micro_mb=8192 micro_steps=60 batch_ratio=0.9991 batch_min=0.1137 batch_max=5.4205 post_ratio=1.0104 post_min=0.2786 post_max=3.0844 post_clip=0.1670 logp_delta_abs=0.14637 post_logp_delta_abs=0.17423 post_kl=0.03138 old_logp=-31.47571 new_logp=-31.49853 adv_abs=0.75156 grpo_adv_abs=0.75156 valid=0.99968
[TRAIN] mean_reward=4.84906 mean_len=915.78 recent_eps=100 completed_eps=9713
[UPDATE_EFFECT] action_delta=0.02111762 param_rms_delta=0.00270340
[TIME] collect=15.313s update=0.595s
[DONE] timeout=0.00000 anchor_pos=0.00000 anchor_ori=0.00000 ee_body=0.00000
[DONE_ROLLOUT] timeout=0.00000 anchor_pos=0.00635 anchor_ori=0.00000 ee_body=0.00061
[FIRST_FAILURE] chunk_mean=10.46 chunk_min=8 chunk_max=11 phase_mean=741.26 phase_min=171 phase_max=1288 anchor_pos=0.00635 anchor_ori=0.00000 ee_body=0.00061 timeout=0.00000
[TRACK_CHUNK0] anchor_pos=0.97453 anchor_ori=0.83067 body_pos=0.97719 body_ori=0.82088 body_lin=0.63674 body_ang=0.12502
[TRACK_ROLLOUT] anchor_pos=0.73744 anchor_ori=0.51025 body_pos=0.86487 body_ori=0.43261 body_lin=0.48930 body_ang=0.08950
[TRAIN_COST] action_rate=25.91602 joint_torque=2946.29480 joint_limit=0.00595 undesired_contacts=0.53070
[REWARD_WEIGHTED] pos=0.12340 penalty=-0.05798 total=0.06542 act_rate=-0.05183 torque=-0.00059 contacts=-0.00106
[ACT_SUMMARY] abs_mean=0.6465 abs_p95=1.5628 abs_p99=2.0125 abs_max=3.1877 abs_max_all=3.6343 legs=0.6713 waist=0.6287 arms=0.6291 first=0.6465 last=0.6595 latent_abs=0.6674 latent_max=4.6102
[TRAIN_BODY] torso_ori=6.31deg l_wrist_ori=11.71deg r_wrist_ori=11.99deg l_elbow_ori=9.97deg r_elbow_ori=10.25deg l_shoulder_ori=8.29deg r_shoulder_ori=8.52deg
[TRAIN_ANG] torso=2.096 l_wrist=6.221 r_wrist=6.220 l_elbow=4.726 r_elbow=4.753 l_shoulder=3.167 r_shoulder=3.219
[TRAIN_ACT] l_wrist_r=0.6311 l_wrist_p=0.6356 l_wrist_y=0.6378 r_wrist_r=0.6170 r_wrist_p=0.6181 r_wrist_y=0.6329 l_elbow=0.6230 r_elbow=0.6267
[UPDATE] 56/1000 group_reward=23.96331 group_std=25.05390 group_raw=0.38334 rollout_ret=0.38334 chunk0_ret=0.15058 chunk_last_ret=-0.03697
[REWARD_SCALE] live_steps=24.00 min=16 p50=24 p95=24 max=24 survive=0.99634 per_step=0.01598 per_second=0.799 episode30s_projection=23.96
[OBJECTIVE] obj_mean=0.38334 obj_std=0.40072 obj_min=-1.23606 obj_max=1.94905 raw_mean=0.38334 raw_std=0.40072 raw_min=-1.23606 raw_max=1.94905 score_mean=0.01597 rtg_mean=-33.72433 grpo_score=0.37393 early_penalty=0.00941
[PHASE] start_mean=741.74 start_min=9 start_max=1433 fail_rel_mean=22.77
[CHUNK_REWARD] obj_first=0.15058 obj_mid=0.01495 obj_last=-0.03697 raw_first=0.15058 raw_mid=0.01495 raw_last=-0.03697
[POLICY] loss=-0.01536 policy_loss=-0.01536 value_loss=0.00000 entropy=0.00000 kl=0.02284 step_ratio=0.9988 step_clip=0.1330 post_ratio=0.9908 post_clip=0.1846 grad=0.26935 lr=0.001000 critic_lr=0.000000 sde_steps=4 opt_steps=20
[POLICY_DETAIL] samples=98294 mb=24573 micro_mb=8192 micro_steps=60 batch_ratio=0.9992 batch_min=0.1257 batch_max=10.1332 post_ratio=0.9908 post_min=0.3021 post_max=2.4044 post_clip=0.1846 logp_delta_abs=0.14824 post_logp_delta_abs=0.18416 post_kl=0.03244 old_logp=-31.44582 new_logp=-31.46890 adv_abs=0.75065 grpo_adv_abs=0.75065 valid=0.99990
[TRAIN] mean_reward=5.28973 mean_len=950.12 recent_eps=100 completed_eps=9743
[UPDATE_EFFECT] action_delta=0.02410465 param_rms_delta=0.00269791
[TIME] collect=15.488s update=0.602s
[DONE] timeout=0.00000 anchor_pos=0.00000 anchor_ori=0.00000 ee_body=0.00000
[DONE_ROLLOUT] timeout=0.00000 anchor_pos=0.00342 anchor_ori=0.00000 ee_body=0.00024
[FIRST_FAILURE] chunk_mean=10.67 chunk_min=7 chunk_max=11 phase_mean=782.83 phase_min=414 phase_max=1289 anchor_pos=0.00342 anchor_ori=0.00000 ee_body=0.00024 timeout=0.00000
[TRACK_CHUNK0] anchor_pos=0.97539 anchor_ori=0.82967 body_pos=0.97735 body_ori=0.82131 body_lin=0.63948 body_ang=0.12354
[TRACK_ROLLOUT] anchor_pos=0.74509 anchor_ori=0.51842 body_pos=0.86651 body_ori=0.43453 body_lin=0.49468 body_ang=0.09024
[TRAIN_COST] action_rate=25.82652 joint_torque=2998.86060 joint_limit=0.00618 undesired_contacts=0.55817
[REWARD_WEIGHTED] pos=0.12344 penalty=-0.05780 total=0.06564 act_rate=-0.05165 torque=-0.00060 contacts=-0.00112
[ACT_SUMMARY] abs_mean=0.6461 abs_p95=1.5674 abs_p99=2.0201 abs_max=3.4576 abs_max_all=3.7443 legs=0.6713 waist=0.6254 arms=0.6289 first=0.6461 last=0.6592 latent_abs=0.6672 latent_max=4.8518
[TRAIN_BODY] torso_ori=6.19deg l_wrist_ori=11.89deg r_wrist_ori=11.82deg l_elbow_ori=9.96deg r_elbow_ori=10.10deg l_shoulder_ori=8.25deg r_shoulder_ori=8.37deg
[TRAIN_ANG] torso=2.087 l_wrist=6.246 r_wrist=6.189 l_elbow=4.755 r_elbow=4.737 l_shoulder=3.165 r_shoulder=3.226
[TRAIN_ACT] l_wrist_r=0.6318 l_wrist_p=0.6370 l_wrist_y=0.6369 r_wrist_r=0.6157 r_wrist_p=0.6277 r_wrist_y=0.6389 l_elbow=0.6316 r_elbow=0.6151
[UPDATE] 57/1000 group_reward=24.57658 group_std=24.71942 group_raw=0.39314 rollout_ret=0.39314 chunk0_ret=0.15009 chunk_last_ret=-0.03415
[REWARD_SCALE] live_steps=23.99 min=19 p50=24 p95=24 max=24 survive=0.99487 per_step=0.01638 per_second=0.819 episode30s_projection=24.58
[OBJECTIVE] obj_mean=0.39314 obj_std=0.39535 obj_min=-0.98439 obj_max=1.76005 raw_mean=0.39314 raw_std=0.39535 raw_min=-0.98439 raw_max=1.76005 score_mean=0.01638 rtg_mean=-33.30954 grpo_score=0.38220 early_penalty=0.01094
[PHASE] start_mean=751.35 start_min=6 start_max=1433 fail_rel_mean=22.98
[CHUNK_REWARD] obj_first=0.15009 obj_mid=0.01596 obj_last=-0.03415 raw_first=0.15009 raw_mid=0.01596 raw_last=-0.03415
[POLICY] loss=-0.01535 policy_loss=-0.01535 value_loss=0.00000 entropy=0.00000 kl=0.02357 step_ratio=0.9988 step_clip=0.1363 post_ratio=1.0110 post_clip=0.1689 grad=0.27572 lr=0.001000 critic_lr=0.000000 sde_steps=4 opt_steps=20
[POLICY_DETAIL] samples=98291 mb=24572 micro_mb=8192 micro_steps=60 batch_ratio=0.9993 batch_min=0.1443 batch_max=11.8223 post_ratio=1.0110 post_min=0.4133 post_max=2.8493 post_clip=0.1689 logp_delta_abs=0.15078 post_logp_delta_abs=0.17349 post_kl=0.02823 old_logp=-31.45521 new_logp=-31.47884 adv_abs=0.74968 grpo_adv_abs=0.74968 valid=0.99987
[TRAIN] mean_reward=5.79814 mean_len=989.38 recent_eps=100 completed_eps=9785
[UPDATE_EFFECT] action_delta=0.02337173 param_rms_delta=0.00271119
[TIME] collect=15.483s update=0.573s
[DONE] timeout=0.00000 anchor_pos=0.00000 anchor_ori=0.00000 ee_body=0.00000
[DONE_ROLLOUT] timeout=0.00000 anchor_pos=0.00452 anchor_ori=0.00012 ee_body=0.00049
[FIRST_FAILURE] chunk_mean=10.69 chunk_min=9 chunk_max=11 phase_mean=776.81 phase_min=442 phase_max=1263 anchor_pos=0.00452 anchor_ori=0.00012 ee_body=0.00049 timeout=0.00000
[TRACK_CHUNK0] anchor_pos=0.97470 anchor_ori=0.82475 body_pos=0.97756 body_ori=0.82093 body_lin=0.63861 body_ang=0.12510
[TRACK_ROLLOUT] anchor_pos=0.74487 anchor_ori=0.51869 body_pos=0.86819 body_ori=0.43881 body_lin=0.49791 body_ang=0.09197
[TRAIN_COST] action_rate=25.87914 joint_torque=3012.84778 joint_limit=0.00612 undesired_contacts=0.54968
[REWARD_WEIGHTED] pos=0.12322 penalty=-0.05790 total=0.06532 act_rate=-0.05176 torque=-0.00060 contacts=-0.00110
[ACT_SUMMARY] abs_mean=0.6479 abs_p95=1.5694 abs_p99=2.0237 abs_max=3.2221 abs_max_all=3.7130 legs=0.6760 waist=0.6271 arms=0.6284 first=0.6479 last=0.6593 latent_abs=0.6684 latent_max=4.7812
[TRAIN_BODY] torso_ori=6.20deg l_wrist_ori=11.90deg r_wrist_ori=11.83deg l_elbow_ori=10.09deg r_elbow_ori=10.13deg l_shoulder_ori=8.42deg r_shoulder_ori=8.37deg
[TRAIN_ANG] torso=2.086 l_wrist=6.181 r_wrist=6.141 l_elbow=4.686 r_elbow=4.707 l_shoulder=3.159 r_shoulder=3.224
[TRAIN_ACT] l_wrist_r=0.6223 l_wrist_p=0.6395 l_wrist_y=0.6377 r_wrist_r=0.6148 r_wrist_p=0.6217 r_wrist_y=0.6312 l_elbow=0.6262 r_elbow=0.6243
[UPDATE] 58/1000 group_reward=25.61605 group_std=24.58085 group_raw=0.40977 rollout_ret=0.40977 chunk0_ret=0.15003 chunk_last_ret=-0.03249
[REWARD_SCALE] live_steps=23.99 min=19 p50=24 p95=24 max=24 survive=0.99646 per_step=0.01708 per_second=0.854 episode30s_projection=25.62
[OBJECTIVE] obj_mean=0.40977 obj_std=0.39310 obj_min=-0.97698 obj_max=1.76432 raw_mean=0.40977 raw_std=0.39310 raw_min=-0.97698 raw_max=1.76432 score_mean=0.01707 rtg_mean=-33.06444 grpo_score=0.39909 early_penalty=0.01068
[PHASE] start_mean=759.90 start_min=8 start_max=1433 fail_rel_mean=22.55
[CHUNK_REWARD] obj_first=0.15003 obj_mid=0.01724 obj_last=-0.03249 raw_first=0.15003 raw_mid=0.01724 raw_last=-0.03249
[POLICY] loss=-0.01534 policy_loss=-0.01534 value_loss=0.00000 entropy=0.00000 kl=0.02393 step_ratio=0.9985 step_clip=0.1383 post_ratio=1.0009 post_clip=0.1592 grad=0.28168 lr=0.001000 critic_lr=0.000000 sde_steps=4 opt_steps=20
[POLICY_DETAIL] samples=98288 mb=24572 micro_mb=8192 micro_steps=60 batch_ratio=0.9989 batch_min=0.0766 batch_max=7.6991 post_ratio=1.0009 post_min=0.1722 post_max=2.3374 post_clip=0.1592 logp_delta_abs=0.15186 post_logp_delta_abs=0.17618 post_kl=0.03042 old_logp=-31.47547 new_logp=-31.49980 adv_abs=0.74907 grpo_adv_abs=0.74907 valid=0.99984
[TRAIN] mean_reward=5.99748 mean_len=1002.78 recent_eps=100 completed_eps=9814
[UPDATE_EFFECT] action_delta=0.02198946 param_rms_delta=0.00270628
[TIME] collect=15.294s update=0.595s
[DONE] timeout=0.00000 anchor_pos=0.00000 anchor_ori=0.00000 ee_body=0.00000
[DONE_ROLLOUT] timeout=0.00000 anchor_pos=0.00342 anchor_ori=0.00012 ee_body=0.00000
[FIRST_FAILURE] chunk_mean=10.45 chunk_min=9 chunk_max=11 phase_mean=933.83 phase_min=179 phase_max=1281 anchor_pos=0.00342 anchor_ori=0.00012 ee_body=0.00000 timeout=0.00000
[TRACK_CHUNK0] anchor_pos=0.97487 anchor_ori=0.82418 body_pos=0.97713 body_ori=0.82053 body_lin=0.63891 body_ang=0.12381
[TRACK_ROLLOUT] anchor_pos=0.74571 anchor_ori=0.52567 body_pos=0.87163 body_ori=0.44294 body_lin=0.50006 body_ang=0.09227
[TRAIN_COST] action_rate=25.81019 joint_torque=3013.68152 joint_limit=0.00623 undesired_contacts=0.55713
[REWARD_WEIGHTED] pos=0.12317 penalty=-0.05785 total=0.06532 act_rate=-0.05162 torque=-0.00060 contacts=-0.00111
[ACT_SUMMARY] abs_mean=0.6467 abs_p95=1.5660 abs_p99=2.0222 abs_max=3.4137 abs_max_all=3.7943 legs=0.6761 waist=0.6257 arms=0.6259 first=0.6467 last=0.6600 latent_abs=0.6684 latent_max=4.9676
[TRAIN_BODY] torso_ori=6.26deg l_wrist_ori=11.90deg r_wrist_ori=11.89deg l_elbow_ori=10.14deg r_elbow_ori=10.12deg l_shoulder_ori=8.43deg r_shoulder_ori=8.37deg
[TRAIN_ANG] torso=2.073 l_wrist=6.191 r_wrist=6.207 l_elbow=4.699 r_elbow=4.759 l_shoulder=3.180 r_shoulder=3.212
[TRAIN_ACT] l_wrist_r=0.6248 l_wrist_p=0.6290 l_wrist_y=0.6405 r_wrist_r=0.6108 r_wrist_p=0.6274 r_wrist_y=0.6314 l_elbow=0.6228 r_elbow=0.6148
[UPDATE] 59/1000 group_reward=24.96667 group_std=25.16546 group_raw=0.39940 rollout_ret=0.39940 chunk0_ret=0.15039 chunk_last_ret=-0.03478
[REWARD_SCALE] live_steps=24.00 min=19 p50=24 p95=24 max=24 survive=0.99670 per_step=0.01664 per_second=0.832 episode30s_projection=24.97
[OBJECTIVE] obj_mean=0.39940 obj_std=0.40251 obj_min=-1.11951 obj_max=1.71443 raw_mean=0.39940 raw_std=0.40251 raw_min=-1.11951 raw_max=1.71443 score_mean=0.01664 rtg_mean=-33.04347 grpo_score=0.39101 early_penalty=0.00839
[PHASE] start_mean=768.16 start_min=2 start_max=1433 fail_rel_mean=22.78
[CHUNK_REWARD] obj_first=0.15039 obj_mid=0.01682 obj_last=-0.03478 raw_first=0.15039 raw_mid=0.01682 raw_last=-0.03478
[POLICY] loss=-0.01471 policy_loss=-0.01471 value_loss=0.00000 entropy=0.00000 kl=0.02457 step_ratio=0.9991 step_clip=0.1418 post_ratio=1.0141 post_clip=0.1865 grad=0.29025 lr=0.001000 critic_lr=0.000000 sde_steps=4 opt_steps=20
[POLICY_DETAIL] samples=98291 mb=24572 micro_mb=8192 micro_steps=60 batch_ratio=0.9997 batch_min=0.1260 batch_max=6.4568 post_ratio=1.0141 post_min=0.2980 post_max=2.9773 post_clip=0.1865 logp_delta_abs=0.15364 post_logp_delta_abs=0.18423 post_kl=0.03301 old_logp=-31.44996 new_logp=-31.47415 adv_abs=0.74819 grpo_adv_abs=0.74819 valid=0.99987
[TRAIN] mean_reward=6.21661 mean_len=1040.41 recent_eps=100 completed_eps=9841
[UPDATE_EFFECT] action_delta=0.02291908 param_rms_delta=0.00269354
[TIME] collect=15.266s update=0.575s
[DONE] timeout=0.00000 anchor_pos=0.00000 anchor_ori=0.00000 ee_body=0.00000
[DONE_ROLLOUT] timeout=0.00000 anchor_pos=0.00293 anchor_ori=0.00000 ee_body=0.00037
[FIRST_FAILURE] chunk_mean=10.52 chunk_min=9 chunk_max=11 phase_mean=734.89 phase_min=173 phase_max=1216 anchor_pos=0.00293 anchor_ori=0.00000 ee_body=0.00037 timeout=0.00000
[TRACK_CHUNK0] anchor_pos=0.97449 anchor_ori=0.82372 body_pos=0.97714 body_ori=0.81960 body_lin=0.63993 body_ang=0.12549
[TRACK_ROLLOUT] anchor_pos=0.74512 anchor_ori=0.51901 body_pos=0.86862 body_ori=0.43940 body_lin=0.49876 body_ang=0.09203
[TRAIN_COST] action_rate=25.73574 joint_torque=2983.82080 joint_limit=0.00588 undesired_contacts=0.59247
[REWARD_WEIGHTED] pos=0.12317 penalty=-0.05767 total=0.06550 act_rate=-0.05147 torque=-0.00060 contacts=-0.00118
[ACT_SUMMARY] abs_mean=0.6460 abs_p95=1.5644 abs_p99=2.0105 abs_max=3.4257 abs_max_all=3.8218 legs=0.6712 waist=0.6295 arms=0.6280 first=0.6460 last=0.6601 latent_abs=0.6680 latent_max=5.0331
[TRAIN_BODY] torso_ori=6.26deg l_wrist_ori=12.09deg r_wrist_ori=11.86deg l_elbow_ori=10.25deg r_elbow_ori=10.17deg l_shoulder_ori=8.39deg r_shoulder_ori=8.49deg
[TRAIN_ANG] torso=2.084 l_wrist=6.198 r_wrist=6.180 l_elbow=4.755 r_elbow=4.668 l_shoulder=3.140 r_shoulder=3.235
[TRAIN_ACT] l_wrist_r=0.6224 l_wrist_p=0.6398 l_wrist_y=0.6436 r_wrist_r=0.6227 r_wrist_p=0.6221 r_wrist_y=0.6326 l_elbow=0.6246 r_elbow=0.6134
[UPDATE] 60/1000 group_reward=25.80113 group_std=24.80449 group_raw=0.41273 rollout_ret=0.41273 chunk0_ret=0.15033 chunk_last_ret=-0.03316
[REWARD_SCALE] live_steps=23.99 min=19 p50=24 p95=24 max=24 survive=0.99475 per_step=0.01720 per_second=0.860 episode30s_projection=25.80
[OBJECTIVE] obj_mean=0.41273 obj_std=0.39681 obj_min=-1.02199 obj_max=1.70807 raw_mean=0.41273 raw_std=0.39681 raw_min=-1.02199 raw_max=1.70807 score_mean=0.01720 rtg_mean=-33.05541 grpo_score=0.40154 early_penalty=0.01119
[PHASE] start_mean=768.60 start_min=2 start_max=1433 fail_rel_mean=22.98
[CHUNK_REWARD] obj_first=0.15033 obj_mid=0.01881 obj_last=-0.03316 raw_first=0.15033 raw_mid=0.01881 raw_last=-0.03316
[POLICY] loss=-0.01630 policy_loss=-0.01630 value_loss=0.00000 entropy=0.00000 kl=0.02267 step_ratio=0.9987 step_clip=0.1328 post_ratio=1.0082 post_clip=0.1895 grad=0.25894 lr=0.001000 critic_lr=0.000000 sde_steps=4 opt_steps=20
[POLICY_DETAIL] samples=98291 mb=24572 micro_mb=8192 micro_steps=60 batch_ratio=0.9991 batch_min=0.1091 batch_max=6.0369 post_ratio=1.0082 post_min=0.3213 post_max=2.8558 post_clip=0.1895 logp_delta_abs=0.14808 post_logp_delta_abs=0.19390 post_kl=0.03654 old_logp=-31.46312 new_logp=-31.48609 adv_abs=0.75026 grpo_adv_abs=0.75026 valid=0.99987
[TRAIN] mean_reward=6.46652 mean_len=1069.45 recent_eps=100 completed_eps=9884
[UPDATE_EFFECT] action_delta=0.02362722 param_rms_delta=0.00267756
[TIME] collect=15.254s update=0.570s
[DONE] timeout=0.00000 anchor_pos=0.00000 anchor_ori=0.00000 ee_body=0.00000
[DONE_ROLLOUT] timeout=0.00000 anchor_pos=0.00488 anchor_ori=0.00024 ee_body=0.00012
[FIRST_FAILURE] chunk_mean=10.70 chunk_min=9 chunk_max=11 phase_mean=786.12 phase_min=402 phase_max=1260 anchor_pos=0.00488 anchor_ori=0.00024 ee_body=0.00012 timeout=0.00000
[TRACK_CHUNK0] anchor_pos=0.97464 anchor_ori=0.82741 body_pos=0.97713 body_ori=0.81983 body_lin=0.63724 body_ang=0.12275
[TRACK_ROLLOUT] anchor_pos=0.74624 anchor_ori=0.52603 body_pos=0.87006 body_ori=0.44034 body_lin=0.50141 body_ang=0.09203
[TRAIN_COST] action_rate=25.63777 joint_torque=2964.39746 joint_limit=0.00631 undesired_contacts=0.60175
[REWARD_WEIGHTED] pos=0.12322 penalty=-0.05772 total=0.06550 act_rate=-0.05128 torque=-0.00059 contacts=-0.00120
[ACT_SUMMARY] abs_mean=0.6452 abs_p95=1.5646 abs_p99=2.0110 abs_max=3.3523 abs_max_all=3.5955 legs=0.6709 waist=0.6228 arms=0.6280 first=0.6452 last=0.6594 latent_abs=0.6671 latent_max=4.5289
[TRAIN_BODY] torso_ori=6.25deg l_wrist_ori=11.95deg r_wrist_ori=11.91deg l_elbow_ori=10.08deg r_elbow_ori=10.27deg l_shoulder_ori=8.50deg r_shoulder_ori=8.60deg
[TRAIN_ANG] torso=2.072 l_wrist=6.240 r_wrist=6.261 l_elbow=4.789 r_elbow=4.773 l_shoulder=3.110 r_shoulder=3.240
[TRAIN_ACT] l_wrist_r=0.6309 l_wrist_p=0.6409 l_wrist_y=0.6439 r_wrist_r=0.6124 r_wrist_p=0.6212 r_wrist_y=0.6301 l_elbow=0.6235 r_elbow=0.6144
[UPDATE] 61/1000 group_reward=25.94136 group_std=25.21948 group_raw=0.41490 rollout_ret=0.41490 chunk0_ret=0.15042 chunk_last_ret=-0.03105
[REWARD_SCALE] live_steps=23.99 min=17 p50=24 p95=24 max=24 survive=0.99438 per_step=0.01729 per_second=0.865 episode30s_projection=25.94
[OBJECTIVE] obj_mean=0.41490 obj_std=0.40324 obj_min=-0.97071 obj_max=1.83693 raw_mean=0.41490 raw_std=0.40324 raw_min=-0.97071 raw_max=1.83693 score_mean=0.01728 rtg_mean=-32.81398 grpo_score=0.39532 early_penalty=0.01958
[PHASE] start_mean=764.77 start_min=4 start_max=1433 fail_rel_mean=22.33
[CHUNK_REWARD] obj_first=0.15042 obj_mid=0.01783 obj_last=-0.03105 raw_first=0.15042 raw_mid=0.01783 raw_last=-0.03105
[POLICY] loss=-0.01640 policy_loss=-0.01640 value_loss=0.00000 entropy=0.00000 kl=0.02309 step_ratio=0.9987 step_clip=0.1356 post_ratio=1.0014 post_clip=0.2031 grad=0.26800 lr=0.001000 critic_lr=0.000000 sde_steps=4 opt_steps=20
[POLICY_DETAIL] samples=98275 mb=24568 micro_mb=8192 micro_steps=60 batch_ratio=0.9991 batch_min=0.1274 batch_max=8.0952 post_ratio=1.0014 post_min=0.2392 post_max=3.6295 post_clip=0.2031 logp_delta_abs=0.15002 post_logp_delta_abs=0.19072 post_kl=0.03427 old_logp=-31.46470 new_logp=-31.48813 adv_abs=0.74929 grpo_adv_abs=0.74929 valid=0.99971
[TRAIN] mean_reward=6.03934 mean_len=995.00 recent_eps=100 completed_eps=9930
[UPDATE_EFFECT] action_delta=0.02370665 param_rms_delta=0.00269105
[TIME] collect=15.371s update=0.579s
[DONE] timeout=0.00000 anchor_pos=0.00000 anchor_ori=0.00000 ee_body=0.00000
[DONE_ROLLOUT] timeout=0.00000 anchor_pos=0.00513 anchor_ori=0.00000 ee_body=0.00049
[FIRST_FAILURE] chunk_mean=10.37 chunk_min=8 chunk_max=11 phase_mean=787.35 phase_min=247 phase_max=1278 anchor_pos=0.00513 anchor_ori=0.00000 ee_body=0.00049 timeout=0.00000
[TRACK_CHUNK0] anchor_pos=0.97463 anchor_ori=0.82594 body_pos=0.97741 body_ori=0.81934 body_lin=0.63575 body_ang=0.12162
[TRACK_ROLLOUT] anchor_pos=0.74840 anchor_ori=0.52740 body_pos=0.87166 body_ori=0.43855 body_lin=0.49894 body_ang=0.09132
[TRAIN_COST] action_rate=25.63396 joint_torque=2946.07471 joint_limit=0.00624 undesired_contacts=0.58832
[REWARD_WEIGHTED] pos=0.12311 penalty=-0.05751 total=0.06559 act_rate=-0.05127 torque=-0.00059 contacts=-0.00118
[ACT_SUMMARY] abs_mean=0.6449 abs_p95=1.5619 abs_p99=2.0070 abs_max=3.2775 abs_max_all=3.8246 legs=0.6695 waist=0.6276 arms=0.6275 first=0.6449 last=0.6582 latent_abs=0.6673 latent_max=5.0397
[TRAIN_BODY] torso_ori=6.25deg l_wrist_ori=11.96deg r_wrist_ori=11.94deg l_elbow_ori=10.16deg r_elbow_ori=10.23deg l_shoulder_ori=8.51deg r_shoulder_ori=8.47deg
[TRAIN_ANG] torso=2.102 l_wrist=6.234 r_wrist=6.256 l_elbow=4.811 r_elbow=4.783 l_shoulder=3.153 r_shoulder=3.246
[TRAIN_ACT] l_wrist_r=0.6246 l_wrist_p=0.6419 l_wrist_y=0.6370 r_wrist_r=0.6137 r_wrist_p=0.6190 r_wrist_y=0.6266 l_elbow=0.6249 r_elbow=0.6139
[UPDATE] 62/1000 group_reward=27.43395 group_std=24.31513 group_raw=0.43887 rollout_ret=0.43887 chunk0_ret=0.15137 chunk_last_ret=-0.02990
[REWARD_SCALE] live_steps=24.00 min=18 p50=24 p95=24 max=24 survive=0.99707 per_step=0.01829 per_second=0.914 episode30s_projection=27.43
[OBJECTIVE] obj_mean=0.43887 obj_std=0.38891 obj_min=-1.03815 obj_max=1.68800 raw_mean=0.43887 raw_std=0.38891 raw_min=-1.03815 raw_max=1.68800 score_mean=0.01828 rtg_mean=-32.75880 grpo_score=0.42996 early_penalty=0.00890
[PHASE] start_mean=770.27 start_min=8 start_max=1433 fail_rel_mean=22.54
[CHUNK_REWARD] obj_first=0.15137 obj_mid=0.02098 obj_last=-0.02990 raw_first=0.15137 raw_mid=0.02098 raw_last=-0.02990
[POLICY] loss=-0.01587 policy_loss=-0.01587 value_loss=0.00000 entropy=0.00000 kl=0.02382 step_ratio=0.9991 step_clip=0.1384 post_ratio=0.9903 post_clip=0.1709 grad=0.28118 lr=0.001000 critic_lr=0.000000 sde_steps=4 opt_steps=20
[POLICY_DETAIL] samples=98290 mb=24572 micro_mb=8192 micro_steps=60 batch_ratio=0.9995 batch_min=0.0977 batch_max=8.1391 post_ratio=0.9903 post_min=0.2140 post_max=2.7047 post_clip=0.1709 logp_delta_abs=0.15174 post_logp_delta_abs=0.18295 post_kl=0.03167 old_logp=-31.45203 new_logp=-31.47576 adv_abs=0.74978 grpo_adv_abs=0.74978 valid=0.99986
[TRAIN] mean_reward=6.81709 mean_len=1042.27 recent_eps=100 completed_eps=9954
[UPDATE_EFFECT] action_delta=0.02198960 param_rms_delta=0.00269542
[TIME] collect=15.199s update=0.577s
[DONE] timeout=0.00000 anchor_pos=0.00000 anchor_ori=0.00000 ee_body=0.00000
[DONE_ROLLOUT] timeout=0.00000 anchor_pos=0.00281 anchor_ori=0.00000 ee_body=0.00012
[FIRST_FAILURE] chunk_mean=10.42 chunk_min=8 chunk_max=11 phase_mean=716.62 phase_min=370 phase_max=1287 anchor_pos=0.00281 anchor_ori=0.00000 ee_body=0.00012 timeout=0.00000
[TRACK_CHUNK0] anchor_pos=0.97432 anchor_ori=0.82648 body_pos=0.97723 body_ori=0.81965 body_lin=0.64047 body_ang=0.12436
[TRACK_ROLLOUT] anchor_pos=0.75023 anchor_ori=0.52891 body_pos=0.87547 body_ori=0.44733 body_lin=0.50595 body_ang=0.09427
[TRAIN_COST] action_rate=25.46953 joint_torque=2955.05750 joint_limit=0.00607 undesired_contacts=0.60052
[REWARD_WEIGHTED] pos=0.12327 penalty=-0.05723 total=0.06604 act_rate=-0.05094 torque=-0.00059 contacts=-0.00120
[ACT_SUMMARY] abs_mean=0.6433 abs_p95=1.5565 abs_p99=2.0027 abs_max=3.3745 abs_max_all=3.7634 legs=0.6691 waist=0.6263 arms=0.6249 first=0.6433 last=0.6609 latent_abs=0.6669 latent_max=4.8955
[TRAIN_BODY] torso_ori=6.20deg l_wrist_ori=11.90deg r_wrist_ori=11.89deg l_elbow_ori=10.16deg r_elbow_ori=10.20deg l_shoulder_ori=8.50deg r_shoulder_ori=8.46deg
[TRAIN_ANG] torso=2.085 l_wrist=6.250 r_wrist=6.209 l_elbow=4.824 r_elbow=4.744 l_shoulder=3.167 r_shoulder=3.228
[TRAIN_ACT] l_wrist_r=0.6204 l_wrist_p=0.6348 l_wrist_y=0.6453 r_wrist_r=0.6071 r_wrist_p=0.6167 r_wrist_y=0.6295 l_elbow=0.6229 r_elbow=0.6049
[UPDATE] 63/1000 group_reward=27.39947 group_std=24.96636 group_raw=0.43820 rollout_ret=0.43820 chunk0_ret=0.15149 chunk_last_ret=-0.02960
[REWARD_SCALE] live_steps=23.99 min=18 p50=24 p95=24 max=24 survive=0.99402 per_step=0.01827 per_second=0.913 episode30s_projection=27.40
[OBJECTIVE] obj_mean=0.43820 obj_std=0.39926 obj_min=-0.94921 obj_max=1.86081 raw_mean=0.43820 raw_std=0.39926 raw_min=-0.94921 raw_max=1.86081 score_mean=0.01826 rtg_mean=-32.84211 grpo_score=0.41684 early_penalty=0.02136
[PHASE] start_mean=750.66 start_min=3 start_max=1433 fail_rel_mean=22.29
[CHUNK_REWARD] obj_first=0.15149 obj_mid=0.02057 obj_last=-0.02960 raw_first=0.15149 raw_mid=0.02057 raw_last=-0.02960
[POLICY] loss=-0.01555 policy_loss=-0.01555 value_loss=0.00000 entropy=0.00000 kl=0.02504 step_ratio=0.9986 step_clip=0.1444 post_ratio=0.9945 post_clip=0.2041 grad=0.29586 lr=0.001000 critic_lr=0.000000 sde_steps=4 opt_steps=20
[POLICY_DETAIL] samples=98269 mb=24567 micro_mb=8192 micro_steps=60 batch_ratio=0.9991 batch_min=0.0801 batch_max=9.0882 post_ratio=0.9945 post_min=0.1734 post_max=2.7713 post_clip=0.2041 logp_delta_abs=0.15522 post_logp_delta_abs=0.20018 post_kl=0.03908 old_logp=-31.45511 new_logp=-31.48029 adv_abs=0.75220 grpo_adv_abs=0.75220 valid=0.99964
[TRAIN] mean_reward=7.80536 mean_len=1173.94 recent_eps=100 completed_eps=10003
[UPDATE_EFFECT] action_delta=0.02387502 param_rms_delta=0.00269283
[TIME] collect=15.330s update=0.588s
[DONE] timeout=0.00000 anchor_pos=0.00000 anchor_ori=0.00000 ee_body=0.00000
[DONE_ROLLOUT] timeout=0.00000 anchor_pos=0.00513 anchor_ori=0.00024 ee_body=0.00061
[FIRST_FAILURE] chunk_mean=10.29 chunk_min=8 chunk_max=11 phase_mean=776.31 phase_min=175 phase_max=1260 anchor_pos=0.00513 anchor_ori=0.00024 ee_body=0.00061 timeout=0.00000
[TRACK_CHUNK0] anchor_pos=0.97460 anchor_ori=0.82218 body_pos=0.97680 body_ori=0.81867 body_lin=0.64310 body_ang=0.12503
[TRACK_ROLLOUT] anchor_pos=0.75222 anchor_ori=0.52429 body_pos=0.87407 body_ori=0.44238 body_lin=0.50632 body_ang=0.09407
[TRAIN_COST] action_rate=25.45212 joint_torque=2970.94312 joint_limit=0.00617 undesired_contacts=0.57849
[REWARD_WEIGHTED] pos=0.12314 penalty=-0.05703 total=0.06612 act_rate=-0.05090 torque=-0.00059 contacts=-0.00116
[ACT_SUMMARY] abs_mean=0.6440 abs_p95=1.5605 abs_p99=2.0107 abs_max=3.0922 abs_max_all=3.7821 legs=0.6688 waist=0.6245 arms=0.6269 first=0.6440 last=0.6619 latent_abs=0.6674 latent_max=4.9390
[TRAIN_BODY] torso_ori=6.39deg l_wrist_ori=11.95deg r_wrist_ori=11.93deg l_elbow_ori=10.17deg r_elbow_ori=10.20deg l_shoulder_ori=8.60deg r_shoulder_ori=8.61deg
[TRAIN_ANG] torso=2.099 l_wrist=6.152 r_wrist=6.149 l_elbow=4.748 r_elbow=4.709 l_shoulder=3.177 r_shoulder=3.208
[TRAIN_ACT] l_wrist_r=0.6242 l_wrist_p=0.6420 l_wrist_y=0.6400 r_wrist_r=0.6143 r_wrist_p=0.6277 r_wrist_y=0.6316 l_elbow=0.6276 r_elbow=0.6075
[UPDATE] 64/1000 group_reward=28.00706 group_std=24.53078 group_raw=0.44804 rollout_ret=0.44804 chunk0_ret=0.15066 chunk_last_ret=-0.02770
[REWARD_SCALE] live_steps=24.00 min=20 p50=24 p95=24 max=24 survive=0.99670 per_step=0.01867 per_second=0.934 episode30s_projection=28.01
[OBJECTIVE] obj_mean=0.44804 obj_std=0.39239 obj_min=-0.95759 obj_max=1.85496 raw_mean=0.44804 raw_std=0.39239 raw_min=-0.95759 raw_max=1.85496 score_mean=0.01867 rtg_mean=-32.35746 grpo_score=0.43990 early_penalty=0.00814
[PHASE] start_mean=769.23 start_min=14 start_max=1433 fail_rel_mean=22.81
[CHUNK_REWARD] obj_first=0.15066 obj_mid=0.02159 obj_last=-0.02770 raw_first=0.15066 raw_mid=0.02159 raw_last=-0.02770
[POLICY] loss=-0.01604 policy_loss=-0.01604 value_loss=0.00000 entropy=0.00000 kl=0.02449 step_ratio=0.9989 step_clip=0.1430 post_ratio=0.9975 post_clip=0.1914 grad=0.28879 lr=0.001000 critic_lr=0.000000 sde_steps=4 opt_steps=20
[POLICY_DETAIL] samples=98292 mb=24573 micro_mb=8192 micro_steps=60 batch_ratio=0.9994 batch_min=0.1060 batch_max=6.5278 post_ratio=0.9975 post_min=0.2884 post_max=2.9662 post_clip=0.1914 logp_delta_abs=0.15435 post_logp_delta_abs=0.19173 post_kl=0.03489 old_logp=-31.45898 new_logp=-31.48344 adv_abs=0.74768 grpo_adv_abs=0.74768 valid=0.99988
[TRAIN] mean_reward=8.31692 mean_len=1182.65 recent_eps=100 completed_eps=10030
[UPDATE_EFFECT] action_delta=0.02326230 param_rms_delta=0.00269023
[TIME] collect=15.478s update=0.601s
[DONE] timeout=0.00000 anchor_pos=0.00000 anchor_ori=0.00000 ee_body=0.00000
[DONE_ROLLOUT] timeout=0.00000 anchor_pos=0.00293 anchor_ori=0.00000 ee_body=0.00037
[FIRST_FAILURE] chunk_mean=10.56 chunk_min=9 chunk_max=11 phase_mean=957.56 phase_min=176 phase_max=1292 anchor_pos=0.00293 anchor_ori=0.00000 ee_body=0.00037 timeout=0.00000
[TRACK_CHUNK0] anchor_pos=0.97459 anchor_ori=0.82332 body_pos=0.97711 body_ori=0.81997 body_lin=0.63861 body_ang=0.12411
[TRACK_ROLLOUT] anchor_pos=0.75726 anchor_ori=0.52619 body_pos=0.87507 body_ori=0.44570 body_lin=0.50801 body_ang=0.09482
[TRAIN_COST] action_rate=25.55025 joint_torque=2996.87781 joint_limit=0.00643 undesired_contacts=0.59851
[REWARD_WEIGHTED] pos=0.12311 penalty=-0.05751 total=0.06560 act_rate=-0.05110 torque=-0.00060 contacts=-0.00120
[ACT_SUMMARY] abs_mean=0.6447 abs_p95=1.5632 abs_p99=2.0109 abs_max=3.4674 abs_max_all=3.7390 legs=0.6699 waist=0.6254 arms=0.6273 first=0.6447 last=0.6593 latent_abs=0.6668 latent_max=4.8396
[TRAIN_BODY] torso_ori=6.28deg l_wrist_ori=11.82deg r_wrist_ori=11.88deg l_elbow_ori=10.01deg r_elbow_ori=10.23deg l_shoulder_ori=8.45deg r_shoulder_ori=8.50deg
[TRAIN_ANG] torso=2.095 l_wrist=6.216 r_wrist=6.188 l_elbow=4.737 r_elbow=4.761 l_shoulder=3.191 r_shoulder=3.240
[TRAIN_ACT] l_wrist_r=0.6251 l_wrist_p=0.6416 l_wrist_y=0.6427 r_wrist_r=0.6049 r_wrist_p=0.6231 r_wrist_y=0.6349 l_elbow=0.6206 r_elbow=0.6119
[UPDATE] 65/1000 group_reward=28.08239 group_std=24.82770 group_raw=0.44928 rollout_ret=0.44928 chunk0_ret=0.15189 chunk_last_ret=-0.02827
[REWARD_SCALE] live_steps=24.00 min=20 p50=24 p95=24 max=24 survive=0.99548 per_step=0.01872 per_second=0.936 episode30s_projection=28.08
[OBJECTIVE] obj_mean=0.44928 obj_std=0.39719 obj_min=-0.95960 obj_max=1.75345 raw_mean=0.44928 raw_std=0.39719 raw_min=-0.95960 raw_max=1.75345 score_mean=0.01872 rtg_mean=-32.53115 grpo_score=0.44470 early_penalty=0.00458
[PHASE] start_mean=766.47 start_min=3 start_max=1433 fail_rel_mean=23.51
[CHUNK_REWARD] obj_first=0.15189 obj_mid=0.02139 obj_last=-0.02827 raw_first=0.15189 raw_mid=0.02139 raw_last=-0.02827
[POLICY] loss=-0.01619 policy_loss=-0.01619 value_loss=0.00000 entropy=0.00000 kl=0.02432 step_ratio=0.9988 step_clip=0.1417 post_ratio=0.9993 post_clip=0.1914 grad=0.29089 lr=0.001000 critic_lr=0.000000 sde_steps=4 opt_steps=20
[POLICY_DETAIL] samples=98299 mb=24574 micro_mb=8192 micro_steps=60 batch_ratio=0.9991 batch_min=0.0925 batch_max=6.7235 post_ratio=0.9993 post_min=0.2168 post_max=3.5386 post_clip=0.1914 logp_delta_abs=0.15353 post_logp_delta_abs=0.19208 post_kl=0.03572 old_logp=-31.45935 new_logp=-31.48387 adv_abs=0.74806 grpo_adv_abs=0.74806 valid=0.99995
[TRAIN] mean_reward=8.08749 mean_len=1187.36 recent_eps=100 completed_eps=10067
[UPDATE_EFFECT] action_delta=0.02504193 param_rms_delta=0.00269946
[TIME] collect=15.248s update=0.582s
[DONE] timeout=0.00000 anchor_pos=0.00000 anchor_ori=0.00000 ee_body=0.00000
[DONE_ROLLOUT] timeout=0.00000 anchor_pos=0.00415 anchor_ori=0.00012 ee_body=0.00024
[FIRST_FAILURE] chunk_mean=10.86 chunk_min=9 chunk_max=11 phase_mean=749.49 phase_min=338 phase_max=1289 anchor_pos=0.00415 anchor_ori=0.00012 ee_body=0.00024 timeout=0.00000
[TRACK_CHUNK0] anchor_pos=0.97454 anchor_ori=0.82406 body_pos=0.97721 body_ori=0.81910 body_lin=0.64054 body_ang=0.12556
[TRACK_ROLLOUT] anchor_pos=0.75255 anchor_ori=0.52678 body_pos=0.87426 body_ori=0.44733 body_lin=0.50730 body_ang=0.09476
[TRAIN_COST] action_rate=25.29081 joint_torque=2966.71753 joint_limit=0.00654 undesired_contacts=0.59985
[REWARD_WEIGHTED] pos=0.12319 penalty=-0.05690 total=0.06629 act_rate=-0.05058 torque=-0.00059 contacts=-0.00120
[ACT_SUMMARY] abs_mean=0.6427 abs_p95=1.5592 abs_p99=2.0078 abs_max=3.4227 abs_max_all=3.7869 legs=0.6700 waist=0.6234 arms=0.6234 first=0.6427 last=0.6606 latent_abs=0.6675 latent_max=4.9502
[TRAIN_BODY] torso_ori=6.31deg l_wrist_ori=11.92deg r_wrist_ori=12.02deg l_elbow_ori=10.04deg r_elbow_ori=10.34deg l_shoulder_ori=8.47deg r_shoulder_ori=8.68deg
[TRAIN_ANG] torso=2.078 l_wrist=6.165 r_wrist=6.076 l_elbow=4.761 r_elbow=4.645 l_shoulder=3.118 r_shoulder=3.190
[TRAIN_ACT] l_wrist_r=0.6140 l_wrist_p=0.6391 l_wrist_y=0.6369 r_wrist_r=0.6088 r_wrist_p=0.6174 r_wrist_y=0.6304 l_elbow=0.6195 r_elbow=0.6087
[UPDATE] 66/1000 group_reward=29.84000 group_std=24.77609 group_raw=0.47737 rollout_ret=0.47737 chunk0_ret=0.15192 chunk_last_ret=-0.02484
[REWARD_SCALE] live_steps=24.00 min=18 p50=24 p95=24 max=24 survive=0.99646 per_step=0.01989 per_second=0.995 episode30s_projection=29.84
[OBJECTIVE] obj_mean=0.47737 obj_std=0.39640 obj_min=-0.97763 obj_max=1.91423 raw_mean=0.47737 raw_std=0.39640 raw_min=-0.97763 raw_max=1.91423 score_mean=0.01989 rtg_mean=-32.34525 grpo_score=0.47025 early_penalty=0.00712
[PHASE] start_mean=765.06 start_min=4 start_max=1433 fail_rel_mean=23.03
[CHUNK_REWARD] obj_first=0.15192 obj_mid=0.02441 obj_last=-0.02484 raw_first=0.15192 raw_mid=0.02441 raw_last=-0.02484
[POLICY] loss=-0.01570 policy_loss=-0.01570 value_loss=0.00000 entropy=0.00000 kl=0.02494 step_ratio=0.9986 step_clip=0.1436 post_ratio=1.0059 post_clip=0.1748 grad=0.30009 lr=0.001000 critic_lr=0.000000 sde_steps=4 opt_steps=20
[POLICY_DETAIL] samples=98293 mb=24573 micro_mb=8192 micro_steps=60 batch_ratio=0.9992 batch_min=0.1056 batch_max=9.1754 post_ratio=1.0059 post_min=0.2990 post_max=2.6599 post_clip=0.1748 logp_delta_abs=0.15543 post_logp_delta_abs=0.18075 post_kl=0.02991 old_logp=-31.46827 new_logp=-31.49329 adv_abs=0.75117 grpo_adv_abs=0.75117 valid=0.99989
[TRAIN] mean_reward=8.46108 mean_len=1214.08 recent_eps=100 completed_eps=10096
[UPDATE_EFFECT] action_delta=0.02190607 param_rms_delta=0.00268646
[TIME] collect=15.392s update=0.605s
[DONE] timeout=0.00000 anchor_pos=0.00000 anchor_ori=0.00000 ee_body=0.00000
[DONE_ROLLOUT] timeout=0.00000 anchor_pos=0.00305 anchor_ori=0.00012 ee_body=0.00037
[FIRST_FAILURE] chunk_mean=10.62 chunk_min=8 chunk_max=11 phase_mean=881.17 phase_min=207 phase_max=1288 anchor_pos=0.00305 anchor_ori=0.00012 ee_body=0.00037 timeout=0.00000
[TRACK_CHUNK0] anchor_pos=0.97507 anchor_ori=0.82470 body_pos=0.97699 body_ori=0.81990 body_lin=0.64193 body_ang=0.12660
[TRACK_ROLLOUT] anchor_pos=0.76074 anchor_ori=0.53645 body_pos=0.87690 body_ori=0.45134 body_lin=0.51305 body_ang=0.09576
[TRAIN_COST] action_rate=25.36418 joint_torque=2939.23035 joint_limit=0.00623 undesired_contacts=0.58698
[REWARD_WEIGHTED] pos=0.12330 penalty=-0.05703 total=0.06627 act_rate=-0.05073 torque=-0.00059 contacts=-0.00117
[ACT_SUMMARY] abs_mean=0.6428 abs_p95=1.5589 abs_p99=2.0062 abs_max=3.4971 abs_max_all=3.8266 legs=0.6700 waist=0.6226 arms=0.6238 first=0.6428 last=0.6611 latent_abs=0.6670 latent_max=5.0447
[TRAIN_BODY] torso_ori=6.32deg l_wrist_ori=11.88deg r_wrist_ori=11.93deg l_elbow_ori=10.04deg r_elbow_ori=10.24deg l_shoulder_ori=8.40deg r_shoulder_ori=8.56deg
[TRAIN_ANG] torso=2.096 l_wrist=6.165 r_wrist=6.150 l_elbow=4.766 r_elbow=4.709 l_shoulder=3.130 r_shoulder=3.250
[TRAIN_ACT] l_wrist_r=0.6139 l_wrist_p=0.6341 l_wrist_y=0.6386 r_wrist_r=0.6053 r_wrist_p=0.6212 r_wrist_y=0.6373 l_elbow=0.6211 r_elbow=0.6038
[UPDATE] 67/1000 group_reward=28.79567 group_std=25.54777 group_raw=0.46070 rollout_ret=0.46070 chunk0_ret=0.15175 chunk_last_ret=-0.02553
[REWARD_SCALE] live_steps=24.00 min=20 p50=24 p95=24 max=24 survive=0.99744 per_step=0.01920 per_second=0.960 episode30s_projection=28.80
[OBJECTIVE] obj_mean=0.46070 obj_std=0.40871 obj_min=-0.88898 obj_max=1.87958 raw_mean=0.46070 raw_std=0.40871 raw_min=-0.88898 raw_max=1.87958 score_mean=0.01919 rtg_mean=-32.42263 grpo_score=0.45688 early_penalty=0.00381
[PHASE] start_mean=778.99 start_min=4 start_max=1433 fail_rel_mean=23.29
[CHUNK_REWARD] obj_first=0.15175 obj_mid=0.02248 obj_last=-0.02553 raw_first=0.15175 raw_mid=0.02248 raw_last=-0.02553
[POLICY] loss=-0.01586 policy_loss=-0.01586 value_loss=0.00000 entropy=0.00000 kl=0.02494 step_ratio=0.9986 step_clip=0.1444 post_ratio=0.9989 post_clip=0.1963 grad=0.29830 lr=0.001000 critic_lr=0.000000 sde_steps=4 opt_steps=20
[POLICY_DETAIL] samples=98299 mb=24574 micro_mb=8192 micro_steps=60 batch_ratio=0.9991 batch_min=0.1066 batch_max=6.5398 post_ratio=0.9989 post_min=0.1942 post_max=2.5520 post_clip=0.1963 logp_delta_abs=0.15593 post_logp_delta_abs=0.19463 post_kl=0.03803 old_logp=-31.46558 new_logp=-31.49070 adv_abs=0.75058 grpo_adv_abs=0.75058 valid=0.99995
[TRAIN] mean_reward=8.52852 mean_len=1171.26 recent_eps=100 completed_eps=10117
[UPDATE_EFFECT] action_delta=0.02330665 param_rms_delta=0.00268645
[TIME] collect=15.380s update=0.593s
[DONE] timeout=0.00000 anchor_pos=0.00000 anchor_ori=0.00000 ee_body=0.00000
[DONE_ROLLOUT] timeout=0.00000 anchor_pos=0.00256 anchor_ori=0.00000 ee_body=0.00000
[FIRST_FAILURE] chunk_mean=10.76 chunk_min=9 chunk_max=11 phase_mean=699.05 phase_min=196 phase_max=1232 anchor_pos=0.00256 anchor_ori=0.00000 ee_body=0.00000 timeout=0.00000
[TRACK_CHUNK0] anchor_pos=0.97456 anchor_ori=0.82312 body_pos=0.97708 body_ori=0.81779 body_lin=0.64251 body_ang=0.12661
[TRACK_ROLLOUT] anchor_pos=0.75386 anchor_ori=0.52865 body_pos=0.87515 body_ori=0.44737 body_lin=0.51011 body_ang=0.09519
[TRAIN_COST] action_rate=25.33912 joint_torque=2938.14905 joint_limit=0.00644 undesired_contacts=0.61517
[REWARD_WEIGHTED] pos=0.12319 penalty=-0.05701 total=0.06618 act_rate=-0.05068 torque=-0.00059 contacts=-0.00123
[ACT_SUMMARY] abs_mean=0.6425 abs_p95=1.5571 abs_p99=2.0058 abs_max=3.5112 abs_max_all=3.8815 legs=0.6691 waist=0.6225 arms=0.6240 first=0.6425 last=0.6611 latent_abs=0.6676 latent_max=5.1798
[TRAIN_BODY] torso_ori=6.41deg l_wrist_ori=12.16deg r_wrist_ori=12.05deg l_elbow_ori=10.35deg r_elbow_ori=10.37deg l_shoulder_ori=8.68deg r_shoulder_ori=8.58deg
[TRAIN_ANG] torso=2.080 l_wrist=6.195 r_wrist=6.161 l_elbow=4.765 r_elbow=4.747 l_shoulder=3.156 r_shoulder=3.197
[TRAIN_ACT] l_wrist_r=0.6161 l_wrist_p=0.6340 l_wrist_y=0.6362 r_wrist_r=0.6065 r_wrist_p=0.6254 r_wrist_y=0.6336 l_elbow=0.6204 r_elbow=0.6045
[UPDATE] 68/1000 group_reward=29.17678 group_std=25.29448 group_raw=0.46678 rollout_ret=0.46678 chunk0_ret=0.15168 chunk_last_ret=-0.02615
[REWARD_SCALE] live_steps=24.00 min=21 p50=24 p95=24 max=24 survive=0.99792 per_step=0.01945 per_second=0.973 episode30s_projection=29.18
[OBJECTIVE] obj_mean=0.46678 obj_std=0.40465 obj_min=-1.21772 obj_max=1.83163 raw_mean=0.46678 raw_std=0.40465 raw_min=-1.21772 raw_max=1.83163 score_mean=0.01945 rtg_mean=-32.36716 grpo_score=0.46195 early_penalty=0.00483
[PHASE] start_mean=784.23 start_min=7 start_max=1433 fail_rel_mean=22.88
[CHUNK_REWARD] obj_first=0.15168 obj_mid=0.02328 obj_last=-0.02615 raw_first=0.15168 raw_mid=0.02328 raw_last=-0.02615
[POLICY] loss=-0.01662 policy_loss=-0.01662 value_loss=0.00000 entropy=0.00000 kl=0.02410 step_ratio=0.9987 step_clip=0.1417 post_ratio=1.0011 post_clip=0.1992 grad=0.29066 lr=0.001000 critic_lr=0.000000 sde_steps=4 opt_steps=20
[POLICY_DETAIL] samples=98297 mb=24574 micro_mb=8192 micro_steps=60 batch_ratio=0.9991 batch_min=0.1067 batch_max=6.7652 post_ratio=1.0011 post_min=0.3016 post_max=3.6487 post_clip=0.1992 logp_delta_abs=0.15398 post_logp_delta_abs=0.19442 post_kl=0.03506 old_logp=-31.45439 new_logp=-31.47872 adv_abs=0.75112 grpo_adv_abs=0.75112 valid=0.99993
[TRAIN] mean_reward=9.20785 mean_len=1200.26 recent_eps=100 completed_eps=10134
[UPDATE_EFFECT] action_delta=0.02487010 param_rms_delta=0.00271733
[TIME] collect=15.304s update=0.605s
[DONE] timeout=0.00000 anchor_pos=0.00000 anchor_ori=0.00000 ee_body=0.00000
[DONE_ROLLOUT] timeout=0.00000 anchor_pos=0.00183 anchor_ori=0.00000 ee_body=0.00024
[FIRST_FAILURE] chunk_mean=10.59 chunk_min=10 chunk_max=11 phase_mean=1010.47 phase_min=656 phase_max=1282 anchor_pos=0.00183 anchor_ori=0.00000 ee_body=0.00024 timeout=0.00000
[TRACK_CHUNK0] anchor_pos=0.97506 anchor_ori=0.82582 body_pos=0.97699 body_ori=0.81845 body_lin=0.64011 body_ang=0.12580
[TRACK_ROLLOUT] anchor_pos=0.75642 anchor_ori=0.53158 body_pos=0.87693 body_ori=0.44783 body_lin=0.51078 body_ang=0.09548
[TRAIN_COST] action_rate=25.32291 joint_torque=2937.68323 joint_limit=0.00662 undesired_contacts=0.63690
[REWARD_WEIGHTED] pos=0.12326 penalty=-0.05706 total=0.06620 act_rate=-0.05065 torque=-0.00059 contacts=-0.00127
[ACT_SUMMARY] abs_mean=0.6429 abs_p95=1.5593 abs_p99=2.0094 abs_max=3.4756 abs_max_all=3.8120 legs=0.6704 waist=0.6176 arms=0.6247 first=0.6429 last=0.6613 latent_abs=0.6672 latent_max=5.0097
[TRAIN_BODY] torso_ori=6.38deg l_wrist_ori=12.04deg r_wrist_ori=11.92deg l_elbow_ori=10.17deg r_elbow_ori=10.29deg l_shoulder_ori=8.54deg r_shoulder_ori=8.59deg
[TRAIN_ANG] torso=2.093 l_wrist=6.160 r_wrist=6.177 l_elbow=4.779 r_elbow=4.766 l_shoulder=3.116 r_shoulder=3.222
[TRAIN_ACT] l_wrist_r=0.6191 l_wrist_p=0.6321 l_wrist_y=0.6348 r_wrist_r=0.6059 r_wrist_p=0.6327 r_wrist_y=0.6387 l_elbow=0.6175 r_elbow=0.6025
[UPDATE] 69/1000 group_reward=29.63694 group_std=24.43826 group_raw=0.47417 rollout_ret=0.47417 chunk0_ret=0.15200 chunk_last_ret=-0.02532
[REWARD_SCALE] live_steps=24.00 min=22 p50=24 p95=24 max=24 survive=0.99731 per_step=0.01976 per_second=0.988 episode30s_projection=29.64
[OBJECTIVE] obj_mean=0.47417 obj_std=0.39097 obj_min=-0.86556 obj_max=1.83656 raw_mean=0.47417 raw_std=0.39097 raw_min=-0.86556 raw_max=1.83656 score_mean=0.01976 rtg_mean=-32.34243 grpo_score=0.47162 early_penalty=0.00254
[PHASE] start_mean=769.53 start_min=3 start_max=1433 fail_rel_mean=23.55
[CHUNK_REWARD] obj_first=0.15200 obj_mid=0.02332 obj_last=-0.02532 raw_first=0.15200 raw_mid=0.02332 raw_last=-0.02532
[POLICY] loss=-0.01736 policy_loss=-0.01736 value_loss=0.00000 entropy=0.00000 kl=0.02375 step_ratio=0.9988 step_clip=0.1400 post_ratio=0.9983 post_clip=0.1807 grad=0.28073 lr=0.001000 critic_lr=0.000000 sde_steps=4 opt_steps=20
[POLICY_DETAIL] samples=98303 mb=24575 micro_mb=8192 micro_steps=60 batch_ratio=0.9992 batch_min=0.1375 batch_max=10.0342 post_ratio=0.9983 post_min=0.3636 post_max=2.3578 post_clip=0.1807 logp_delta_abs=0.15255 post_logp_delta_abs=0.18069 post_kl=0.02990 old_logp=-31.45386 new_logp=-31.47783 adv_abs=0.74941 grpo_adv_abs=0.74941 valid=0.99999
[TRAIN] mean_reward=9.93818 mean_len=1247.01 recent_eps=100 completed_eps=10156
[UPDATE_EFFECT] action_delta=0.02154892 param_rms_delta=0.00271764
[TIME] collect=15.327s update=0.596s
[DONE] timeout=0.00000 anchor_pos=0.00000 anchor_ori=0.00000 ee_body=0.00000
[DONE_ROLLOUT] timeout=0.00000 anchor_pos=0.00244 anchor_ori=0.00000 ee_body=0.00024
[FIRST_FAILURE] chunk_mean=10.95 chunk_min=10 chunk_max=11 phase_mean=799.05 phase_min=260 phase_max=1392 anchor_pos=0.00244 anchor_ori=0.00000 ee_body=0.00024 timeout=0.00000
[TRACK_CHUNK0] anchor_pos=0.97460 anchor_ori=0.82721 body_pos=0.97717 body_ori=0.81985 body_lin=0.63910 body_ang=0.12490
[TRACK_ROLLOUT] anchor_pos=0.75540 anchor_ori=0.53344 body_pos=0.87802 body_ori=0.44923 body_lin=0.51166 body_ang=0.09540
[TRAIN_COST] action_rate=25.34481 joint_torque=2907.60132 joint_limit=0.00660 undesired_contacts=0.59589
[REWARD_WEIGHTED] pos=0.12329 penalty=-0.05694 total=0.06636 act_rate=-0.05069 torque=-0.00058 contacts=-0.00119
[ACT_SUMMARY] abs_mean=0.6429 abs_p95=1.5587 abs_p99=2.0150 abs_max=3.1953 abs_max_all=3.7372 legs=0.6703 waist=0.6230 arms=0.6236 first=0.6429 last=0.6634 latent_abs=0.6688 latent_max=4.8356
[TRAIN_BODY] torso_ori=6.26deg l_wrist_ori=11.93deg r_wrist_ori=11.80deg l_elbow_ori=10.11deg r_elbow_ori=10.15deg l_shoulder_ori=8.41deg r_shoulder_ori=8.49deg
[TRAIN_ANG] torso=2.088 l_wrist=6.189 r_wrist=6.149 l_elbow=4.793 r_elbow=4.697 l_shoulder=3.107 r_shoulder=3.214
[TRAIN_ACT] l_wrist_r=0.6167 l_wrist_p=0.6312 l_wrist_y=0.6388 r_wrist_r=0.6044 r_wrist_p=0.6283 r_wrist_y=0.6317 l_elbow=0.6191 r_elbow=0.6043
[UPDATE] 70/1000 group_reward=30.03925 group_std=24.89231 group_raw=0.48055 rollout_ret=0.48055 chunk0_ret=0.15110 chunk_last_ret=-0.02308
[REWARD_SCALE] live_steps=24.00 min=18 p50=24 p95=24 max=24 survive=0.99768 per_step=0.02003 per_second=1.001 episode30s_projection=30.04
[OBJECTIVE] obj_mean=0.48055 obj_std=0.39817 obj_min=-0.90635 obj_max=1.93675 raw_mean=0.48055 raw_std=0.39817 raw_min=-0.90635 raw_max=1.93675 score_mean=0.02002 rtg_mean=-32.02777 grpo_score=0.47267 early_penalty=0.00788
[PHASE] start_mean=776.26 start_min=0 start_max=1433 fail_rel_mean=22.37
[CHUNK_REWARD] obj_first=0.15110 obj_mid=0.02509 obj_last=-0.02308 raw_first=0.15110 raw_mid=0.02509 raw_last=-0.02308
[POLICY] loss=-0.01744 policy_loss=-0.01744 value_loss=0.00000 entropy=0.00000 kl=0.02418 step_ratio=0.9989 step_clip=0.1418 post_ratio=0.9949 post_clip=0.1738 grad=0.28068 lr=0.001000 critic_lr=0.000000 sde_steps=4 opt_steps=20
[POLICY_DETAIL] samples=98289 mb=24572 micro_mb=8192 micro_steps=60 batch_ratio=0.9994 batch_min=0.0755 batch_max=6.3761 post_ratio=0.9949 post_min=0.3067 post_max=2.8577 post_clip=0.1738 logp_delta_abs=0.15388 post_logp_delta_abs=0.18769 post_kl=0.03242 old_logp=-31.46527 new_logp=-31.48944 adv_abs=0.74883 grpo_adv_abs=0.74883 valid=0.99985
[TRAIN] mean_reward=10.42328 mean_len=1244.79 recent_eps=100 completed_eps=10175
[UPDATE_EFFECT] action_delta=0.02337135 param_rms_delta=0.00271735
[TIME] collect=15.315s update=0.582s
[DONE] timeout=0.00000 anchor_pos=0.00000 anchor_ori=0.00000 ee_body=0.00000
[DONE_ROLLOUT] timeout=0.00000 anchor_pos=0.00146 anchor_ori=0.00012 ee_body=0.00073
[FIRST_FAILURE] chunk_mean=10.21 chunk_min=8 chunk_max=11 phase_mean=793.32 phase_min=176 phase_max=1285 anchor_pos=0.00146 anchor_ori=0.00012 ee_body=0.00073 timeout=0.00000
[TRACK_CHUNK0] anchor_pos=0.97488 anchor_ori=0.82716 body_pos=0.97709 body_ori=0.81858 body_lin=0.63849 body_ang=0.12247
[TRACK_ROLLOUT] anchor_pos=0.76197 anchor_ori=0.53490 body_pos=0.87893 body_ori=0.44756 body_lin=0.51365 body_ang=0.09473
[TRAIN_COST] action_rate=25.33737 joint_torque=2929.44421 joint_limit=0.00664 undesired_contacts=0.66174
[REWARD_WEIGHTED] pos=0.12321 penalty=-0.05717 total=0.06604 act_rate=-0.05067 torque=-0.00059 contacts=-0.00132
[ACT_SUMMARY] abs_mean=0.6445 abs_p95=1.5626 abs_p99=2.0197 abs_max=3.4911 abs_max_all=3.7864 legs=0.6736 waist=0.6199 arms=0.6247 first=0.6445 last=0.6620 latent_abs=0.6692 latent_max=4.9490
[TRAIN_BODY] torso_ori=6.23deg l_wrist_ori=11.92deg r_wrist_ori=12.01deg l_elbow_ori=10.11deg r_elbow_ori=10.34deg l_shoulder_ori=8.38deg r_shoulder_ori=8.58deg
[TRAIN_ANG] torso=2.094 l_wrist=6.229 r_wrist=6.261 l_elbow=4.839 r_elbow=4.852 l_shoulder=3.103 r_shoulder=3.213
[TRAIN_ACT] l_wrist_r=0.6163 l_wrist_p=0.6382 l_wrist_y=0.6438 r_wrist_r=0.6065 r_wrist_p=0.6212 r_wrist_y=0.6443 l_elbow=0.6147 r_elbow=0.6079
[UPDATE] 71/1000 group_reward=30.63037 group_std=25.91198 group_raw=0.49000 rollout_ret=0.49000 chunk0_ret=0.15211 chunk_last_ret=-0.02148
[REWARD_SCALE] live_steps=24.00 min=20 p50=24 p95=24 max=24 survive=0.99561 per_step=0.02042 per_second=1.021 episode30s_projection=30.63
[OBJECTIVE] obj_mean=0.49000 obj_std=0.41441 obj_min=-0.84065 obj_max=2.07010 raw_mean=0.49000 raw_std=0.41441 raw_min=-0.84065 raw_max=2.07010 score_mean=0.02041 rtg_mean=-31.79058 grpo_score=0.48110 early_penalty=0.00890
[PHASE] start_mean=776.68 start_min=10 start_max=1433 fail_rel_mean=23.03
[CHUNK_REWARD] obj_first=0.15211 obj_mid=0.02453 obj_last=-0.02148 raw_first=0.15211 raw_mid=0.02453 raw_last=-0.02148
[POLICY] loss=-0.01686 policy_loss=-0.01686 value_loss=0.00000 entropy=0.00000 kl=0.02451 step_ratio=0.9984 step_clip=0.1430 post_ratio=1.0059 post_clip=0.1973 grad=0.29687 lr=0.001000 critic_lr=0.000000 sde_steps=4 opt_steps=20
[POLICY_DETAIL] samples=98294 mb=24573 micro_mb=8192 micro_steps=60 batch_ratio=0.9989 batch_min=0.1143 batch_max=6.3711 post_ratio=1.0059 post_min=0.2651 post_max=2.5258 post_clip=0.1973 logp_delta_abs=0.15498 post_logp_delta_abs=0.19662 post_kl=0.03642 old_logp=-31.45139 new_logp=-31.47631 adv_abs=0.74899 grpo_adv_abs=0.74899 valid=0.99990
[TRAIN] mean_reward=10.70577 mean_len=1269.11 recent_eps=100 completed_eps=10211
[UPDATE_EFFECT] action_delta=0.02489540 param_rms_delta=0.00268688
[TIME] collect=15.304s update=0.586s
[DONE] timeout=0.00000 anchor_pos=0.00000 anchor_ori=0.00000 ee_body=0.00000
[DONE_ROLLOUT] timeout=0.00000 anchor_pos=0.00403 anchor_ori=0.00000 ee_body=0.00037
[FIRST_FAILURE] chunk_mean=10.72 chunk_min=9 chunk_max=11 phase_mean=947.97 phase_min=211 phase_max=1311 anchor_pos=0.00403 anchor_ori=0.00000 ee_body=0.00037 timeout=0.00000
[TRACK_CHUNK0] anchor_pos=0.97553 anchor_ori=0.82800 body_pos=0.97719 body_ori=0.81904 body_lin=0.64199 body_ang=0.12633
[TRACK_ROLLOUT] anchor_pos=0.76496 anchor_ori=0.53373 body_pos=0.88019 body_ori=0.45201 body_lin=0.51762 body_ang=0.09580
[TRAIN_COST] action_rate=25.30188 joint_torque=2922.62659 joint_limit=0.00635 undesired_contacts=0.63928
[REWARD_WEIGHTED] pos=0.12343 penalty=-0.05701 total=0.06642 act_rate=-0.05060 torque=-0.00058 contacts=-0.00128
[ACT_SUMMARY] abs_mean=0.6438 abs_p95=1.5631 abs_p99=2.0221 abs_max=3.6402 abs_max_all=3.9179 legs=0.6733 waist=0.6225 arms=0.6232 first=0.6438 last=0.6628 latent_abs=0.6695 latent_max=5.2730
[TRAIN_BODY] torso_ori=6.25deg l_wrist_ori=12.03deg r_wrist_ori=11.99deg l_elbow_ori=10.28deg r_elbow_ori=10.28deg l_shoulder_ori=8.53deg r_shoulder_ori=8.48deg
[TRAIN_ANG] torso=2.075 l_wrist=6.230 r_wrist=6.220 l_elbow=4.822 r_elbow=4.749 l_shoulder=3.130 r_shoulder=3.226
[TRAIN_ACT] l_wrist_r=0.6138 l_wrist_p=0.6398 l_wrist_y=0.6340 r_wrist_r=0.6136 r_wrist_p=0.6185 r_wrist_y=0.6244 l_elbow=0.6206 r_elbow=0.6083
[UPDATE] 72/1000 group_reward=30.83153 group_std=25.41282 group_raw=0.49324 rollout_ret=0.49324 chunk0_ret=0.15150 chunk_last_ret=-0.02119
[REWARD_SCALE] live_steps=24.00 min=18 p50=24 p95=24 max=24 survive=0.99756 per_step=0.02055 per_second=1.028 episode30s_projection=30.83
[OBJECTIVE] obj_mean=0.49324 obj_std=0.40645 obj_min=-0.88086 obj_max=1.92748 raw_mean=0.49324 raw_std=0.40645 raw_min=-0.88086 raw_max=1.92748 score_mean=0.02055 rtg_mean=-31.73621 grpo_score=0.48637 early_penalty=0.00687
[PHASE] start_mean=783.96 start_min=2 start_max=1433 fail_rel_mean=22.65
[CHUNK_REWARD] obj_first=0.15150 obj_mid=0.02600 obj_last=-0.02119 raw_first=0.15150 raw_mid=0.02600 raw_last=-0.02119
[POLICY] loss=-0.01637 policy_loss=-0.01637 value_loss=0.00000 entropy=0.00000 kl=0.02614 step_ratio=0.9985 step_clip=0.1519 post_ratio=1.0028 post_clip=0.1631 grad=0.31828 lr=0.001000 critic_lr=0.000000 sde_steps=4 opt_steps=20
[POLICY_DETAIL] samples=98293 mb=24573 micro_mb=8192 micro_steps=60 batch_ratio=0.9991 batch_min=0.0989 batch_max=6.5366 post_ratio=1.0028 post_min=0.3171 post_max=2.4790 post_clip=0.1631 logp_delta_abs=0.16022 post_logp_delta_abs=0.18099 post_kl=0.02948 old_logp=-31.46460 new_logp=-31.49095 adv_abs=0.74814 grpo_adv_abs=0.74814 valid=0.99989
[TRAIN] mean_reward=10.74550 mean_len=1279.13 recent_eps=100 completed_eps=10231
[UPDATE_EFFECT] action_delta=0.02145968 param_rms_delta=0.00269535
[TIME] collect=15.379s update=0.595s
[DONE] timeout=0.00000 anchor_pos=0.00000 anchor_ori=0.00000 ee_body=0.00000
[DONE_ROLLOUT] timeout=0.00000 anchor_pos=0.00195 anchor_ori=0.00012 ee_body=0.00037
[FIRST_FAILURE] chunk_mean=10.45 chunk_min=8 chunk_max=11 phase_mean=787.35 phase_min=292 phase_max=1287 anchor_pos=0.00195 anchor_ori=0.00012 ee_body=0.00037 timeout=0.00000
[TRACK_CHUNK0] anchor_pos=0.97506 anchor_ori=0.82120 body_pos=0.97732 body_ori=0.82044 body_lin=0.64072 body_ang=0.12471
[TRACK_ROLLOUT] anchor_pos=0.76177 anchor_ori=0.53614 body_pos=0.88108 body_ori=0.45097 body_lin=0.51844 body_ang=0.09617
[TRAIN_COST] action_rate=25.17700 joint_torque=2943.01318 joint_limit=0.00661 undesired_contacts=0.68060
[REWARD_WEIGHTED] pos=0.12311 penalty=-0.05692 total=0.06619 act_rate=-0.05035 torque=-0.00059 contacts=-0.00136
[ACT_SUMMARY] abs_mean=0.6431 abs_p95=1.5595 abs_p99=2.0166 abs_max=3.4655 abs_max_all=3.9768 legs=0.6734 waist=0.6151 arms=0.6231 first=0.6431 last=0.6635 latent_abs=0.6693 latent_max=5.4292
[TRAIN_BODY] torso_ori=6.17deg l_wrist_ori=11.89deg r_wrist_ori=11.76deg l_elbow_ori=10.20deg r_elbow_ori=10.11deg l_shoulder_ori=8.47deg r_shoulder_ori=8.49deg
[TRAIN_ANG] torso=2.086 l_wrist=6.261 r_wrist=6.149 l_elbow=4.927 r_elbow=4.758 l_shoulder=3.123 r_shoulder=3.197
[TRAIN_ACT] l_wrist_r=0.6131 l_wrist_p=0.6375 l_wrist_y=0.6394 r_wrist_r=0.5971 r_wrist_p=0.6222 r_wrist_y=0.6305 l_elbow=0.6203 r_elbow=0.6101
[UPDATE] 73/1000 group_reward=30.49390 group_std=25.21467 group_raw=0.48787 rollout_ret=0.48787 chunk0_ret=0.15111 chunk_last_ret=-0.02230
[REWARD_SCALE] live_steps=24.00 min=22 p50=24 p95=24 max=24 survive=0.99792 per_step=0.02033 per_second=1.016 episode30s_projection=30.49
[OBJECTIVE] obj_mean=0.48787 obj_std=0.40336 obj_min=-0.88986 obj_max=1.87241 raw_mean=0.48787 raw_std=0.40336 raw_min=-0.88986 raw_max=1.87241 score_mean=0.02033 rtg_mean=-31.87500 grpo_score=0.48482 early_penalty=0.00305
[PHASE] start_mean=787.79 start_min=9 start_max=1433 fail_rel_mean=23.29
[CHUNK_REWARD] obj_first=0.15111 obj_mid=0.02522 obj_last=-0.02230 raw_first=0.15111 raw_mid=0.02522 raw_last=-0.02230
[POLICY] loss=-0.01715 policy_loss=-0.01715 value_loss=0.00000 entropy=0.00000 kl=0.02490 step_ratio=0.9986 step_clip=0.1456 post_ratio=0.9973 post_clip=0.1816 grad=0.30297 lr=0.001000 critic_lr=0.000000 sde_steps=4 opt_steps=20
[POLICY_DETAIL] samples=98300 mb=24575 micro_mb=8192 micro_steps=60 batch_ratio=0.9990 batch_min=0.1196 batch_max=5.8679 post_ratio=0.9973 post_min=0.2981 post_max=3.1577 post_clip=0.1816 logp_delta_abs=0.15654 post_logp_delta_abs=0.18385 post_kl=0.03214 old_logp=-31.45273 new_logp=-31.47800 adv_abs=0.74863 grpo_adv_abs=0.74863 valid=0.99996
[TRAIN] mean_reward=11.20358 mean_len=1263.73 recent_eps=100 completed_eps=10248
[UPDATE_EFFECT] action_delta=0.02354736 param_rms_delta=0.00271099
[TIME] collect=15.360s update=0.622s
[DONE] timeout=0.00000 anchor_pos=0.00000 anchor_ori=0.00000 ee_body=0.00000
[DONE_ROLLOUT] timeout=0.00000 anchor_pos=0.00195 anchor_ori=0.00012 ee_body=0.00000
[FIRST_FAILURE] chunk_mean=10.76 chunk_min=10 chunk_max=11 phase_mean=755.71 phase_min=418 phase_max=1285 anchor_pos=0.00195 anchor_ori=0.00012 ee_body=0.00000 timeout=0.00000
[TRACK_CHUNK0] anchor_pos=0.97470 anchor_ori=0.82616 body_pos=0.97691 body_ori=0.81716 body_lin=0.63741 body_ang=0.12436
[TRACK_ROLLOUT] anchor_pos=0.76199 anchor_ori=0.53730 body_pos=0.88074 body_ori=0.44949 body_lin=0.51373 body_ang=0.09504
[TRAIN_COST] action_rate=25.28503 joint_torque=2966.82324 joint_limit=0.00645 undesired_contacts=0.70856
[REWARD_WEIGHTED] pos=0.12315 penalty=-0.05717 total=0.06598 act_rate=-0.05057 torque=-0.00059 contacts=-0.00142
[ACT_SUMMARY] abs_mean=0.6440 abs_p95=1.5604 abs_p99=2.0234 abs_max=3.2297 abs_max_all=4.0838 legs=0.6757 waist=0.6196 arms=0.6220 first=0.6440 last=0.6646 latent_abs=0.6711 latent_max=5.7351
[TRAIN_BODY] torso_ori=6.34deg l_wrist_ori=12.11deg r_wrist_ori=12.06deg l_elbow_ori=10.31deg r_elbow_ori=10.42deg l_shoulder_ori=8.60deg r_shoulder_ori=8.70deg
[TRAIN_ANG] torso=2.107 l_wrist=6.230 r_wrist=6.207 l_elbow=4.868 r_elbow=4.792 l_shoulder=3.121 r_shoulder=3.214
[TRAIN_ACT] l_wrist_r=0.6143 l_wrist_p=0.6349 l_wrist_y=0.6374 r_wrist_r=0.6063 r_wrist_p=0.6173 r_wrist_y=0.6291 l_elbow=0.6120 r_elbow=0.6026
[UPDATE] 74/1000 group_reward=30.54793 group_std=25.28134 group_raw=0.48871 rollout_ret=0.48871 chunk0_ret=0.15094 chunk_last_ret=-0.02095
[REWARD_SCALE] live_steps=24.00 min=19 p50=24 p95=24 max=24 survive=0.99768 per_step=0.02037 per_second=1.018 episode30s_projection=30.55
[OBJECTIVE] obj_mean=0.48871 obj_std=0.40442 obj_min=-1.07882 obj_max=1.93987 raw_mean=0.48871 raw_std=0.40442 raw_min=-1.07882 raw_max=1.93987 score_mean=0.02036 rtg_mean=-31.85106 grpo_score=0.48260 early_penalty=0.00610
[PHASE] start_mean=779.35 start_min=3 start_max=1433 fail_rel_mean=22.74
[CHUNK_REWARD] obj_first=0.15094 obj_mid=0.02505 obj_last=-0.02095 raw_first=0.15094 raw_mid=0.02505 raw_last=-0.02095
[POLICY] loss=-0.01645 policy_loss=-0.01645 value_loss=0.00000 entropy=0.00000 kl=0.02677 step_ratio=0.9980 step_clip=0.1542 post_ratio=1.0139 post_clip=0.1719 grad=0.33374 lr=0.001000 critic_lr=0.000000 sde_steps=4 opt_steps=20
[POLICY_DETAIL] samples=98294 mb=24573 micro_mb=8192 micro_steps=60 batch_ratio=0.9983 batch_min=0.0723 batch_max=7.7439 post_ratio=1.0139 post_min=0.3219 post_max=2.6387 post_clip=0.1719 logp_delta_abs=0.16225 post_logp_delta_abs=0.18467 post_kl=0.03029 old_logp=-31.46148 new_logp=-31.48916 adv_abs=0.74904 grpo_adv_abs=0.74904 valid=0.99990
[TRAIN] mean_reward=11.28664 mean_len=1257.82 recent_eps=100 completed_eps=10267
[UPDATE_EFFECT] action_delta=0.02250181 param_rms_delta=0.00268649
[TIME] collect=15.578s update=0.593s
[DONE] timeout=0.00000 anchor_pos=0.00000 anchor_ori=0.00000 ee_body=0.00000
[DONE_ROLLOUT] timeout=0.00000 anchor_pos=0.00171 anchor_ori=0.00024 ee_body=0.00037
[FIRST_FAILURE] chunk_mean=10.47 chunk_min=9 chunk_max=11 phase_mean=815.05 phase_min=232 phase_max=1278 anchor_pos=0.00171 anchor_ori=0.00024 ee_body=0.00037 timeout=0.00000
[TRACK_CHUNK0] anchor_pos=0.97423 anchor_ori=0.82777 body_pos=0.97715 body_ori=0.81827 body_lin=0.64044 body_ang=0.12438
[TRACK_ROLLOUT] anchor_pos=0.76261 anchor_ori=0.53934 body_pos=0.88099 body_ori=0.44687 body_lin=0.51662 body_ang=0.09490
[TRAIN_COST] action_rate=25.36204 joint_torque=2990.66333 joint_limit=0.00669 undesired_contacts=0.67590
[REWARD_WEIGHTED] pos=0.12328 penalty=-0.05736 total=0.06592 act_rate=-0.05072 torque=-0.00060 contacts=-0.00135
[ACT_SUMMARY] abs_mean=0.6455 abs_p95=1.5707 abs_p99=2.0352 abs_max=3.7558 abs_max_all=3.9472 legs=0.6789 waist=0.6192 arms=0.6226 first=0.6455 last=0.6638 latent_abs=0.6711 latent_max=5.3498
[TRAIN_BODY] torso_ori=6.28deg l_wrist_ori=11.90deg r_wrist_ori=12.06deg l_elbow_ori=10.11deg r_elbow_ori=10.38deg l_shoulder_ori=8.50deg r_shoulder_ori=8.58deg
[TRAIN_ANG] torso=2.094 l_wrist=6.220 r_wrist=6.194 l_elbow=4.827 r_elbow=4.794 l_shoulder=3.121 r_shoulder=3.212
[TRAIN_ACT] l_wrist_r=0.6169 l_wrist_p=0.6384 l_wrist_y=0.6389 r_wrist_r=0.6050 r_wrist_p=0.6271 r_wrist_y=0.6323 l_elbow=0.6100 r_elbow=0.6037
[UPDATE] 75/1000 group_reward=32.40686 group_std=25.68319 group_raw=0.51845 rollout_ret=0.51845 chunk0_ret=0.15251 chunk_last_ret=-0.01720
[REWARD_SCALE] live_steps=24.00 min=19 p50=24 p95=24 max=24 survive=0.99768 per_step=0.02160 per_second=1.080 episode30s_projection=32.41
[OBJECTIVE] obj_mean=0.51845 obj_std=0.41087 obj_min=-0.85543 obj_max=1.87449 raw_mean=0.51845 raw_std=0.41087 raw_min=-0.85543 raw_max=1.87449 score_mean=0.02160 rtg_mean=-31.14557 grpo_score=0.51234 early_penalty=0.00610
[PHASE] start_mean=775.00 start_min=0 start_max=1433 fail_rel_mean=22.74
[CHUNK_REWARD] obj_first=0.15251 obj_mid=0.02719 obj_last=-0.01720 raw_first=0.15251 raw_mid=0.02719 raw_last=-0.01720
[POLICY] loss=-0.01672 policy_loss=-0.01672 value_loss=0.00000 entropy=0.00000 kl=0.02604 step_ratio=0.9983 step_clip=0.1517 post_ratio=0.9930 post_clip=0.1777 grad=0.31915 lr=0.001000 critic_lr=0.000000 sde_steps=4 opt_steps=20
[POLICY_DETAIL] samples=98296 mb=24574 micro_mb=8192 micro_steps=60 batch_ratio=0.9989 batch_min=0.0506 batch_max=8.4773 post_ratio=0.9930 post_min=0.2845 post_max=2.3667 post_clip=0.1777 logp_delta_abs=0.16030 post_logp_delta_abs=0.19296 post_kl=0.03581 old_logp=-31.47270 new_logp=-31.49913 adv_abs=0.74843 grpo_adv_abs=0.74843 valid=0.99992
[TRAIN] mean_reward=11.83763 mean_len=1289.98 recent_eps=100 completed_eps=10286
[UPDATE_EFFECT] action_delta=0.02421013 param_rms_delta=0.00268573
[TIME] collect=15.224s update=0.607s
[DONE] timeout=0.00000 anchor_pos=0.00000 anchor_ori=0.00000 ee_body=0.00000
[DONE_ROLLOUT] timeout=0.00000 anchor_pos=0.00195 anchor_ori=0.00000 ee_body=0.00037
[FIRST_FAILURE] chunk_mean=10.58 chunk_min=9 chunk_max=11 phase_mean=999.26 phase_min=460 phase_max=1296 anchor_pos=0.00195 anchor_ori=0.00000 ee_body=0.00037 timeout=0.00000
[TRACK_CHUNK0] anchor_pos=0.97482 anchor_ori=0.82498 body_pos=0.97693 body_ori=0.81861 body_lin=0.64672 body_ang=0.12657
[TRACK_ROLLOUT] anchor_pos=0.77139 anchor_ori=0.54012 body_pos=0.88384 body_ori=0.45435 body_lin=0.52443 body_ang=0.09748
[TRAIN_COST] action_rate=25.13030 joint_torque=2970.38757 joint_limit=0.00650 undesired_contacts=0.65509
[REWARD_WEIGHTED] pos=0.12337 penalty=-0.05672 total=0.06665 act_rate=-0.05026 torque=-0.00059 contacts=-0.00131
[ACT_SUMMARY] abs_mean=0.6434 abs_p95=1.5649 abs_p99=2.0287 abs_max=3.4212 abs_max_all=3.8427 legs=0.6763 waist=0.6179 arms=0.6206 first=0.6434 last=0.6639 latent_abs=0.6709 latent_max=5.0837
[TRAIN_BODY] torso_ori=6.29deg l_wrist_ori=11.94deg r_wrist_ori=11.93deg l_elbow_ori=10.23deg r_elbow_ori=10.29deg l_shoulder_ori=8.53deg r_shoulder_ori=8.61deg
[TRAIN_ANG] torso=2.092 l_wrist=6.174 r_wrist=6.165 l_elbow=4.824 r_elbow=4.771 l_shoulder=3.086 r_shoulder=3.202
[TRAIN_ACT] l_wrist_r=0.6129 l_wrist_p=0.6384 l_wrist_y=0.6453 r_wrist_r=0.5922 r_wrist_p=0.6224 r_wrist_y=0.6371 l_elbow=0.6175 r_elbow=0.6004
[UPDATE] 76/1000 group_reward=32.16580 group_std=25.46595 group_raw=0.51463 rollout_ret=0.51463 chunk0_ret=0.15218 chunk_last_ret=-0.01812
[REWARD_SCALE] live_steps=24.00 min=22 p50=24 p95=24 max=24 survive=0.99878 per_step=0.02144 per_second=1.072 episode30s_projection=32.17
[OBJECTIVE] obj_mean=0.51463 obj_std=0.40743 obj_min=-0.83539 obj_max=1.87314 raw_mean=0.51463 raw_std=0.40743 raw_min=-0.83539 raw_max=1.87314 score_mean=0.02144 rtg_mean=-31.13551 grpo_score=0.51234 early_penalty=0.00229
[PHASE] start_mean=783.02 start_min=0 start_max=1433 fail_rel_mean=23.10
[CHUNK_REWARD] obj_first=0.15218 obj_mid=0.02729 obj_last=-0.01812 raw_first=0.15218 raw_mid=0.02729 raw_last=-0.01812
[POLICY] loss=-0.01806 policy_loss=-0.01806 value_loss=0.00000 entropy=0.00000 kl=0.02458 step_ratio=0.9990 step_clip=0.1445 post_ratio=0.9930 post_clip=0.1689 grad=0.29362 lr=0.001000 critic_lr=0.000000 sde_steps=4 opt_steps=20
[POLICY_DETAIL] samples=98301 mb=24575 micro_mb=8192 micro_steps=60 batch_ratio=0.9994 batch_min=0.1330 batch_max=6.7077 post_ratio=0.9930 post_min=0.3527 post_max=2.4897 post_clip=0.1689 logp_delta_abs=0.15570 post_logp_delta_abs=0.18453 post_kl=0.03174 old_logp=-31.45099 new_logp=-31.47550 adv_abs=0.74933 grpo_adv_abs=0.74933 valid=0.99997
[TRAIN] mean_reward=12.39057 mean_len=1350.16 recent_eps=100 completed_eps=10296
[UPDATE_EFFECT] action_delta=0.02466304 param_rms_delta=0.00270415
[TIME] collect=15.275s update=0.588s
[DONE] timeout=0.00000 anchor_pos=0.00000 anchor_ori=0.00000 ee_body=0.00000
[DONE_ROLLOUT] timeout=0.00000 anchor_pos=0.00098 anchor_ori=0.00000 ee_body=0.00024
[FIRST_FAILURE] chunk_mean=10.70 chunk_min=10 chunk_max=11 phase_mean=866.40 phase_min=471 phase_max=1252 anchor_pos=0.00098 anchor_ori=0.00000 ee_body=0.00024 timeout=0.00000
[TRACK_CHUNK0] anchor_pos=0.97524 anchor_ori=0.82816 body_pos=0.97715 body_ori=0.81993 body_lin=0.64011 body_ang=0.12514
[TRACK_ROLLOUT] anchor_pos=0.76797 anchor_ori=0.54156 body_pos=0.88436 body_ori=0.45446 body_lin=0.52210 body_ang=0.09716
[TRAIN_COST] action_rate=25.15238 joint_torque=2970.63196 joint_limit=0.00648 undesired_contacts=0.71210
[REWARD_WEIGHTED] pos=0.12338 penalty=-0.05691 total=0.06647 act_rate=-0.05030 torque=-0.00059 contacts=-0.00142
[ACT_SUMMARY] abs_mean=0.6431 abs_p95=1.5624 abs_p99=2.0231 abs_max=3.4746 abs_max_all=4.0175 legs=0.6732 waist=0.6190 arms=0.6224 first=0.6431 last=0.6620 latent_abs=0.6694 latent_max=5.5421
[TRAIN_BODY] torso_ori=6.16deg l_wrist_ori=11.78deg r_wrist_ori=11.91deg l_elbow_ori=10.17deg r_elbow_ori=10.27deg l_shoulder_ori=8.65deg r_shoulder_ori=8.49deg
[TRAIN_ANG] torso=2.105 l_wrist=6.225 r_wrist=6.169 l_elbow=4.849 r_elbow=4.772 l_shoulder=3.135 r_shoulder=3.225
[TRAIN_ACT] l_wrist_r=0.6132 l_wrist_p=0.6360 l_wrist_y=0.6428 r_wrist_r=0.6028 r_wrist_p=0.6187 r_wrist_y=0.6297 l_elbow=0.6124 r_elbow=0.5989
[UPDATE] 77/1000 group_reward=32.19492 group_std=25.51126 group_raw=0.51505 rollout_ret=0.51505 chunk0_ret=0.15174 chunk_last_ret=-0.01591
[REWARD_SCALE] live_steps=24.00 min=19 p50=24 p95=24 max=24 survive=0.99768 per_step=0.02146 per_second=1.073 episode30s_projection=32.19
[OBJECTIVE] obj_mean=0.51505 obj_std=0.40816 obj_min=-0.81636 obj_max=1.84753 raw_mean=0.51505 raw_std=0.40816 raw_min=-0.81636 raw_max=1.84753 score_mean=0.02146 rtg_mean=-30.93268 grpo_score=0.50792 early_penalty=0.00712
[PHASE] start_mean=791.24 start_min=1 start_max=1433 fail_rel_mean=22.53
[CHUNK_REWARD] obj_first=0.15174 obj_mid=0.02712 obj_last=-0.01591 raw_first=0.15174 raw_mid=0.02712 raw_last=-0.01591
[POLICY] loss=-0.01829 policy_loss=-0.01829 value_loss=0.00000 entropy=0.00000 kl=0.02466 step_ratio=0.9984 step_clip=0.1462 post_ratio=0.9931 post_clip=0.1826 grad=0.29688 lr=0.001000 critic_lr=0.000000 sde_steps=4 opt_steps=20
[POLICY_DETAIL] samples=98294 mb=24573 micro_mb=8192 micro_steps=60 batch_ratio=0.9988 batch_min=0.1477 batch_max=5.7357 post_ratio=0.9931 post_min=0.2709 post_max=2.5882 post_clip=0.1826 logp_delta_abs=0.15639 post_logp_delta_abs=0.18830 post_kl=0.03312 old_logp=-31.45805 new_logp=-31.48327 adv_abs=0.75256 grpo_adv_abs=0.75256 valid=0.99990
[TRAIN] mean_reward=13.17632 mean_len=1378.49 recent_eps=100 completed_eps=10315
[UPDATE_EFFECT] action_delta=0.02095707 param_rms_delta=0.00270124
[TIME] collect=15.248s update=0.587s
[DONE] timeout=0.00000 anchor_pos=0.00000 anchor_ori=0.00000 ee_body=0.00000
[DONE_ROLLOUT] timeout=0.00000 anchor_pos=0.00220 anchor_ori=0.00000 ee_body=0.00012
[FIRST_FAILURE] chunk_mean=10.47 chunk_min=9 chunk_max=11 phase_mean=657.42 phase_min=219 phase_max=1282 anchor_pos=0.00220 anchor_ori=0.00000 ee_body=0.00012 timeout=0.00000
[TRACK_CHUNK0] anchor_pos=0.97439 anchor_ori=0.82486 body_pos=0.97683 body_ori=0.81969 body_lin=0.63604 body_ang=0.12339
[TRACK_ROLLOUT] anchor_pos=0.76648 anchor_ori=0.54340 body_pos=0.88383 body_ori=0.45292 body_lin=0.52367 body_ang=0.09672
[TRAIN_COST] action_rate=25.03262 joint_torque=2901.36694 joint_limit=0.00674 undesired_contacts=0.73370
[REWARD_WEIGHTED] pos=0.12309 penalty=-0.05677 total=0.06632 act_rate=-0.05007 torque=-0.00058 contacts=-0.00147
[ACT_SUMMARY] abs_mean=0.6420 abs_p95=1.5604 abs_p99=2.0251 abs_max=3.5497 abs_max_all=4.0892 legs=0.6729 waist=0.6136 arms=0.6217 first=0.6420 last=0.6629 latent_abs=0.6696 latent_max=5.7512
[TRAIN_BODY] torso_ori=6.16deg l_wrist_ori=11.83deg r_wrist_ori=11.92deg l_elbow_ori=10.08deg r_elbow_ori=10.24deg l_shoulder_ori=8.53deg r_shoulder_ori=8.46deg
[TRAIN_ANG] torso=2.079 l_wrist=6.277 r_wrist=6.239 l_elbow=4.905 r_elbow=4.841 l_shoulder=3.099 r_shoulder=3.232
[TRAIN_ACT] l_wrist_r=0.6119 l_wrist_p=0.6367 l_wrist_y=0.6436 r_wrist_r=0.6008 r_wrist_p=0.6261 r_wrist_y=0.6290 l_elbow=0.6099 r_elbow=0.5997
[UPDATE] 78/1000 group_reward=32.22656 group_std=25.57792 group_raw=0.51561 rollout_ret=0.51561 chunk0_ret=0.15139 chunk_last_ret=-0.01920
[REWARD_SCALE] live_steps=24.00 min=21 p50=24 p95=24 max=24 survive=0.99817 per_step=0.02148 per_second=1.074 episode30s_projection=32.23
[OBJECTIVE] obj_mean=0.51561 obj_std=0.40924 obj_min=-0.77291 obj_max=1.87389 raw_mean=0.51561 raw_std=0.40924 raw_min=-0.77291 raw_max=1.87389 score_mean=0.02148 rtg_mean=-31.38183 grpo_score=0.51434 early_penalty=0.00127
[PHASE] start_mean=792.99 start_min=1 start_max=1433 fail_rel_mean=23.67
[CHUNK_REWARD] obj_first=0.15139 obj_mid=0.02763 obj_last=-0.01920 raw_first=0.15139 raw_mid=0.02763 raw_last=-0.01920
[POLICY] loss=-0.01730 policy_loss=-0.01730 value_loss=0.00000 entropy=0.00000 kl=0.02625 step_ratio=0.9984 step_clip=0.1533 post_ratio=0.9884 post_clip=0.2070 grad=0.32140 lr=0.001000 critic_lr=0.000000 sde_steps=4 opt_steps=20
[POLICY_DETAIL] samples=98303 mb=24575 micro_mb=8192 micro_steps=60 batch_ratio=0.9990 batch_min=0.1120 batch_max=7.5276 post_ratio=0.9884 post_min=0.2407 post_max=2.8749 post_clip=0.2070 logp_delta_abs=0.16127 post_logp_delta_abs=0.20203 post_kl=0.03830 old_logp=-31.44759 new_logp=-31.47408 adv_abs=0.75080 grpo_adv_abs=0.75080 valid=0.99999
[TRAIN] mean_reward=13.55344 mean_len=1419.30 recent_eps=100 completed_eps=10330
[UPDATE_EFFECT] action_delta=0.02381402 param_rms_delta=0.00267934
[TIME] collect=15.161s update=0.583s
[DONE] timeout=0.00000 anchor_pos=0.00000 anchor_ori=0.00000 ee_body=0.00000
[DONE_ROLLOUT] timeout=0.00000 anchor_pos=0.00122 anchor_ori=0.00000 ee_body=0.00061
[FIRST_FAILURE] chunk_mean=10.93 chunk_min=10 chunk_max=11 phase_mean=981.73 phase_min=295 phase_max=1329 anchor_pos=0.00122 anchor_ori=0.00000 ee_body=0.00061 timeout=0.00000
[TRACK_CHUNK0] anchor_pos=0.97444 anchor_ori=0.82831 body_pos=0.97680 body_ori=0.81869 body_lin=0.63507 body_ang=0.12245
[TRACK_ROLLOUT] anchor_pos=0.76728 anchor_ori=0.54160 body_pos=0.88349 body_ori=0.45075 body_lin=0.51923 body_ang=0.09604
[TRAIN_COST] action_rate=25.16513 joint_torque=2934.35107 joint_limit=0.00693 undesired_contacts=0.73297
[REWARD_WEIGHTED] pos=0.12317 penalty=-0.05697 total=0.06620 act_rate=-0.05033 torque=-0.00059 contacts=-0.00147
[ACT_SUMMARY] abs_mean=0.6443 abs_p95=1.5642 abs_p99=2.0300 abs_max=3.6311 abs_max_all=4.1545 legs=0.6756 waist=0.6198 arms=0.6228 first=0.6443 last=0.6652 latent_abs=0.6712 latent_max=5.9551
[TRAIN_BODY] torso_ori=6.25deg l_wrist_ori=11.84deg r_wrist_ori=11.96deg l_elbow_ori=10.12deg r_elbow_ori=10.33deg l_shoulder_ori=8.52deg r_shoulder_ori=8.55deg
[TRAIN_ANG] torso=2.083 l_wrist=6.273 r_wrist=6.259 l_elbow=4.935 r_elbow=4.846 l_shoulder=3.107 r_shoulder=3.214
[TRAIN_ACT] l_wrist_r=0.6166 l_wrist_p=0.6360 l_wrist_y=0.6375 r_wrist_r=0.6012 r_wrist_p=0.6202 r_wrist_y=0.6278 l_elbow=0.6266 r_elbow=0.5991
[UPDATE] 79/1000 group_reward=33.33668 group_std=25.82056 group_raw=0.53335 rollout_ret=0.53335 chunk0_ret=0.15234 chunk_last_ret=-0.01491
[REWARD_SCALE] live_steps=24.00 min=17 p50=24 p95=24 max=24 survive=0.99854 per_step=0.02222 per_second=1.111 episode30s_projection=33.34
[OBJECTIVE] obj_mean=0.53335 obj_std=0.41309 obj_min=-0.80847 obj_max=1.90554 raw_mean=0.53335 raw_std=0.41309 raw_min=-0.80847 raw_max=1.90554 score_mean=0.02222 rtg_mean=-30.88314 grpo_score=0.53030 early_penalty=0.00305
[PHASE] start_mean=803.91 start_min=1 start_max=1433 fail_rel_mean=23.00
[CHUNK_REWARD] obj_first=0.15234 obj_mid=0.02922 obj_last=-0.01491 raw_first=0.15234 raw_mid=0.02922 raw_last=-0.01491
[POLICY] loss=-0.01678 policy_loss=-0.01678 value_loss=0.00000 entropy=0.00000 kl=0.02740 step_ratio=0.9984 step_clip=0.1598 post_ratio=1.0089 post_clip=0.1963 grad=0.33774 lr=0.001000 critic_lr=0.000000 sde_steps=4 opt_steps=20
[POLICY_DETAIL] samples=98300 mb=24575 micro_mb=8192 micro_steps=60 batch_ratio=0.9990 batch_min=0.0858 batch_max=8.9303 post_ratio=1.0089 post_min=0.3196 post_max=3.0279 post_clip=0.1963 logp_delta_abs=0.16522 post_logp_delta_abs=0.19244 post_kl=0.03464 old_logp=-31.47029 new_logp=-31.49790 adv_abs=0.74918 grpo_adv_abs=0.74918 valid=0.99996
[TRAIN] mean_reward=13.80546 mean_len=1438.49 recent_eps=100 completed_eps=10342
[UPDATE_EFFECT] action_delta=0.02504070 param_rms_delta=0.00270039
[TIME] collect=15.413s update=0.585s
[DONE] timeout=0.00000 anchor_pos=0.00000 anchor_ori=0.00000 ee_body=0.00000
[DONE_ROLLOUT] timeout=0.00000 anchor_pos=0.00110 anchor_ori=0.00000 ee_body=0.00037
[FIRST_FAILURE] chunk_mean=10.67 chunk_min=8 chunk_max=11 phase_mean=935.25 phase_min=339 phase_max=1251 anchor_pos=0.00110 anchor_ori=0.00000 ee_body=0.00037 timeout=0.00000
[TRACK_CHUNK0] anchor_pos=0.97489 anchor_ori=0.82689 body_pos=0.97703 body_ori=0.81917 body_lin=0.64250 body_ang=0.12631
[TRACK_ROLLOUT] anchor_pos=0.77272 anchor_ori=0.54703 body_pos=0.88528 body_ori=0.45591 body_lin=0.52563 body_ang=0.09769
[TRAIN_COST] action_rate=25.04089 joint_torque=2935.67920 joint_limit=0.00670 undesired_contacts=0.75140
[REWARD_WEIGHTED] pos=0.12337 penalty=-0.05676 total=0.06661 act_rate=-0.05008 torque=-0.00059 contacts=-0.00150
[ACT_SUMMARY] abs_mean=0.6426 abs_p95=1.5634 abs_p99=2.0280 abs_max=3.6672 abs_max_all=3.9660 legs=0.6742 waist=0.6151 arms=0.6214 first=0.6426 last=0.6632 latent_abs=0.6702 latent_max=5.4001
[TRAIN_BODY] torso_ori=6.27deg l_wrist_ori=11.88deg r_wrist_ori=11.93deg l_elbow_ori=10.21deg r_elbow_ori=10.25deg l_shoulder_ori=8.51deg r_shoulder_ori=8.51deg
[TRAIN_ANG] torso=2.083 l_wrist=6.230 r_wrist=6.186 l_elbow=4.892 r_elbow=4.807 l_shoulder=3.096 r_shoulder=3.210
[TRAIN_ACT] l_wrist_r=0.6130 l_wrist_p=0.6374 l_wrist_y=0.6424 r_wrist_r=0.6023 r_wrist_p=0.6180 r_wrist_y=0.6279 l_elbow=0.6166 r_elbow=0.6006
[UPDATE] 80/1000 group_reward=32.74770 group_std=26.62745 group_raw=0.52389 rollout_ret=0.52389 chunk0_ret=0.15246 chunk_last_ret=-0.01657
[REWARD_SCALE] live_steps=24.00 min=17 p50=24 p95=24 max=24 survive=0.99719 per_step=0.02183 per_second=1.092 episode30s_projection=32.75
[OBJECTIVE] obj_mean=0.52389 obj_std=0.42591 obj_min=-1.02901 obj_max=2.00632 raw_mean=0.52389 raw_std=0.42591 raw_min=-1.02901 raw_max=2.00632 score_mean=0.02183 rtg_mean=-31.06130 grpo_score=0.51677 early_penalty=0.00712
[PHASE] start_mean=788.39 start_min=0 start_max=1433 fail_rel_mean=22.78
[CHUNK_REWARD] obj_first=0.15246 obj_mid=0.02792 obj_last=-0.01657 raw_first=0.15246 raw_mid=0.02792 raw_last=-0.01657
[POLICY] loss=-0.01771 policy_loss=-0.01771 value_loss=0.00000 entropy=0.00000 kl=0.02599 step_ratio=0.9988 step_clip=0.1527 post_ratio=0.9941 post_clip=0.2119 grad=0.31743 lr=0.001000 critic_lr=0.000000 sde_steps=4 opt_steps=20
[POLICY_DETAIL] samples=98292 mb=24573 micro_mb=8192 micro_steps=60 batch_ratio=0.9993 batch_min=0.0595 batch_max=6.7459 post_ratio=0.9941 post_min=0.3553 post_max=2.7403 post_clip=0.2119 logp_delta_abs=0.16092 post_logp_delta_abs=0.20200 post_kl=0.03630 old_logp=-31.47209 new_logp=-31.49808 adv_abs=0.74913 grpo_adv_abs=0.74913 valid=0.99988
[TRAIN] mean_reward=14.70392 mean_len=1462.45 recent_eps=100 completed_eps=10365
[UPDATE_EFFECT] action_delta=0.02517152 param_rms_delta=0.00269727
[TIME] collect=15.388s update=0.602s
[DONE] timeout=0.00000 anchor_pos=0.00000 anchor_ori=0.00000 ee_body=0.00000
[DONE_ROLLOUT] timeout=0.00000 anchor_pos=0.00269 anchor_ori=0.00000 ee_body=0.00012
[FIRST_FAILURE] chunk_mean=10.48 chunk_min=8 chunk_max=11 phase_mean=980.48 phase_min=686 phase_max=1310 anchor_pos=0.00269 anchor_ori=0.00000 ee_body=0.00012 timeout=0.00000
[TRACK_CHUNK0] anchor_pos=0.97434 anchor_ori=0.83019 body_pos=0.97745 body_ori=0.82119 body_lin=0.63899 body_ang=0.12467
[TRACK_ROLLOUT] anchor_pos=0.76948 anchor_ori=0.54541 body_pos=0.88459 body_ori=0.45527 body_lin=0.52163 body_ang=0.09682
[TRAIN_COST] action_rate=25.02901 joint_torque=2920.68823 joint_limit=0.00646 undesired_contacts=0.75574
[REWARD_WEIGHTED] pos=0.12343 penalty=-0.05673 total=0.06670 act_rate=-0.05006 torque=-0.00058 contacts=-0.00151
[ACT_SUMMARY] abs_mean=0.6419 abs_p95=1.5607 abs_p99=2.0236 abs_max=3.4750 abs_max_all=3.9408 legs=0.6726 waist=0.6125 arms=0.6218 first=0.6419 last=0.6660 latent_abs=0.6706 latent_max=5.3329
[TRAIN_BODY] torso_ori=6.15deg l_wrist_ori=11.78deg r_wrist_ori=11.95deg l_elbow_ori=10.08deg r_elbow_ori=10.25deg l_shoulder_ori=8.46deg r_shoulder_ori=8.46deg
[TRAIN_ANG] torso=2.087 l_wrist=6.225 r_wrist=6.266 l_elbow=4.880 r_elbow=4.864 l_shoulder=3.122 r_shoulder=3.221
[TRAIN_ACT] l_wrist_r=0.6077 l_wrist_p=0.6382 l_wrist_y=0.6430 r_wrist_r=0.6041 r_wrist_p=0.6257 r_wrist_y=0.6326 l_elbow=0.6144 r_elbow=0.6005
