[INFO] run_dir=/home/y/my_mimic_mixgrpo/my_mimic_mixgrpo_h1/runs/sfpo_largebox_500_h8_firstlife_v1
[INFO] log_file=/home/y/my_mimic_mixgrpo/my_mimic_mixgrpo_h1/runs/sfpo_largebox_500_h8_firstlife_v1/logs/train.log
[INFO] algorithm=sfpo
[INFO] IsaacLab logging to file: /tmp/isaaclab_2026-07-02_00-16-33.log
[INFO] Starting SFPO training
[INFO] task=largebox_plane terrain=plane motion_file=/home/y/my_mimic_mixgrpo/holosoma/src/holosoma/holosoma/data/motions/g1_29dof/whole_body_tracking/sub3_largebox_003_mj.npz
[INFO] algo=sfpo actor_obs_dim=171 critic_obs_dim=286 action_dim=29 horizon=8 rollout_chunks=6 rollout_env_steps=48 flow_steps=4 sde_eta=0.7 init_noise_std=0.8 eval_initial_noise=zero
[INFO] stochastic_flow=True grouped_rollout=False critic_advantage=True first_life_trajectory=True terminal_penalty=50.0 chunk_gamma=0.922745 chunk_lambda=0.663420
[INFO] actor_hidden_dims=[512, 256, 128] critic_hidden_dims=[512, 256, 128] activation=elu action_squash_scale=5.0 empirical_normalization=True
[INFO] policy_epochs=5 clip_range=0.2 adv_clip_max=5.0 desired_kl=0.06 value_loss_coef=1.0 use_clipped_value_loss=False num_mini_batches=4 micro_batch=8192 policy_lr=0.0001 critic_lr=0.001
[INFO] checkpoint_dir=/home/y/my_mimic_mixgrpo/my_mimic_mixgrpo_h1/runs/sfpo_largebox_500_h8_firstlife_v1/checkpoints
[UPDATE] 1/500 reward_step=-0.04516 chunk=-0.29245 done_frac=0.35897 mean_reward=-2.38739 mean_len=45.77
[SFPO] loss=698.69830 policy_loss=-0.03260 value_loss=698.73089 ratio=1.0002 [0.275,3.170] clip=0.1188 kl=0.009406 grad=0.4001 grad_c=508.0459 lr=0.000100 critic_lr=0.001000
[ROLLOUT] live=18.41 survive=0.01550 per_step=-0.04351 episode_projection=-21.75
[POLICY_DETAIL] samples=22467 raw_samples=49152 mb=5617 micro_mb=5617 logp_delta_abs=0.08762 old_logp=-125.84768 new_logp=-125.85676 adv_abs=0.83160 sde_steps=4
[TRAIN] mean_reward=-2.38739 mean_len=45.77 recent_eps=100 completed_eps=8065
[UPDATE_EFFECT] action_delta=0.00585924 param_rms_delta=0.00068126
[TIME] collect=8.004s update=0.216s
[DONE] timeout=0.00000 anchor_pos=0.76636 anchor_ori=0.61414 ee_body=0.98364
[TRACK_ROLLOUT] anchor_pos=0.72918 anchor_ori=0.41169 body_pos=0.73315 body_ori=0.21407 body_lin=0.30109 body_ang=0.03469
[ACT_SUMMARY] abs_mean=0.6591 abs_p95=0.8119 abs_p99=0.8799 abs_max=1.1869 legs=0.6583 waist=0.6599 arms=0.6596
[FRAME_DIAG] frame0_abs=0.6606 frame1_abs=0.6589 in_chunk_delta=0.9280 cross_chunk_delta=0.9279
[UPDATE] 2/500 reward_step=-0.04577 chunk=-0.29876 done_frac=0.34204 mean_reward=-2.35243 mean_len=46.15
[SFPO] loss=339.06971 policy_loss=-0.02136 value_loss=339.09107 ratio=1.0031 [0.379,2.775] clip=0.0643 kl=0.004995 grad=0.4066 grad_c=340.3038 lr=0.000100 critic_lr=0.001000
[ROLLOUT] live=19.41 survive=0.01880 per_step=-0.04390 episode_projection=-21.95
[POLICY_DETAIL] samples=23500 raw_samples=49152 mb=5875 micro_mb=5875 logp_delta_abs=0.05896 old_logp=-125.81389 new_logp=-125.81576 adv_abs=0.81989 sde_steps=4
[TRAIN] mean_reward=-2.35243 mean_len=46.15 recent_eps=100 completed_eps=16103
[UPDATE_EFFECT] action_delta=0.00567229 param_rms_delta=0.00054528
[TIME] collect=7.679s update=0.149s
[DONE] timeout=0.00000 anchor_pos=0.72595 anchor_ori=0.59509 ee_body=0.97974
[TRACK_ROLLOUT] anchor_pos=0.71316 anchor_ori=0.38946 body_pos=0.72444 body_ori=0.20657 body_lin=0.29379 body_ang=0.03407
[ACT_SUMMARY] abs_mean=0.6591 abs_p95=0.8118 abs_p99=0.8795 abs_max=1.1058 legs=0.6591 waist=0.6587 arms=0.6591
[FRAME_DIAG] frame0_abs=0.6605 frame1_abs=0.6594 in_chunk_delta=0.9278 cross_chunk_delta=0.9268
[UPDATE] 3/500 reward_step=-0.04549 chunk=-0.29503 done_frac=0.35024 mean_reward=-2.30492 mean_len=46.03
[SFPO] loss=36.26559 policy_loss=-0.02090 value_loss=36.28648 ratio=0.9997 [0.322,2.601] clip=0.0660 kl=0.005254 grad=0.4127 grad_c=130.6451 lr=0.000100 critic_lr=0.001000
[ROLLOUT] live=18.90 survive=0.01538 per_step=-0.04380 episode_projection=-21.90
[POLICY_DETAIL] samples=23030 raw_samples=49152 mb=5758 micro_mb=5758 logp_delta_abs=0.06052 old_logp=-125.83476 new_logp=-125.84028 adv_abs=0.77186 sde_steps=4
[TRAIN] mean_reward=-2.30492 mean_len=46.03 recent_eps=100 completed_eps=24169
[UPDATE_EFFECT] action_delta=0.00518850 param_rms_delta=0.00053996
[TIME] collect=7.158s update=0.147s
[DONE] timeout=0.00000 anchor_pos=0.74048 anchor_ori=0.59509 ee_body=0.98340
[TRACK_ROLLOUT] anchor_pos=0.71925 anchor_ori=0.40377 body_pos=0.72860 body_ori=0.20975 body_lin=0.29837 body_ang=0.03448
[ACT_SUMMARY] abs_mean=0.6589 abs_p95=0.8122 abs_p99=0.8800 abs_max=1.0930 legs=0.6586 waist=0.6576 arms=0.6595
[FRAME_DIAG] frame0_abs=0.6601 frame1_abs=0.6596 in_chunk_delta=0.9276 cross_chunk_delta=0.9281
[UPDATE] 4/500 reward_step=-0.04559 chunk=-0.29552 done_frac=0.35159 mean_reward=-2.31563 mean_len=45.80
[SFPO] loss=12.97681 policy_loss=-0.02145 value_loss=12.99826 ratio=1.0004 [0.191,3.678] clip=0.0706 kl=0.005707 grad=0.4104 grad_c=80.5030 lr=0.000100 critic_lr=0.001000
[ROLLOUT] live=18.77 survive=0.01794 per_step=-0.04402 episode_projection=-22.01
[POLICY_DETAIL] samples=22882 raw_samples=49152 mb=5721 micro_mb=5721 logp_delta_abs=0.06306 old_logp=-125.87665 new_logp=-125.88188 adv_abs=0.75409 sde_steps=4
[TRAIN] mean_reward=-2.31563 mean_len=45.80 recent_eps=100 completed_eps=32214
[UPDATE_EFFECT] action_delta=0.00553403 param_rms_delta=0.00054348
[TIME] collect=7.220s update=0.148s
[DONE] timeout=0.00000 anchor_pos=0.74792 anchor_ori=0.59949 ee_body=0.98157
[TRACK_ROLLOUT] anchor_pos=0.72509 anchor_ori=0.40270 body_pos=0.73140 body_ori=0.21091 body_lin=0.30116 body_ang=0.03494
[ACT_SUMMARY] abs_mean=0.6593 abs_p95=0.8121 abs_p99=0.8791 abs_max=1.1028 legs=0.6591 waist=0.6584 arms=0.6597
[FRAME_DIAG] frame0_abs=0.6599 frame1_abs=0.6587 in_chunk_delta=0.9284 cross_chunk_delta=0.9277
[UPDATE] 5/500 reward_step=-0.04550 chunk=-0.29418 done_frac=0.35585 mean_reward=-2.35124 mean_len=45.60
[SFPO] loss=7.31823 policy_loss=-0.02112 value_loss=7.33935 ratio=1.0014 [0.326,2.975] clip=0.0692 kl=0.005550 grad=0.4090 grad_c=58.2220 lr=0.000100 critic_lr=0.001000
[ROLLOUT] live=18.56 survive=0.01465 per_step=-0.04399 episode_projection=-21.99
[POLICY_DETAIL] samples=22684 raw_samples=49152 mb=5671 micro_mb=5671 logp_delta_abs=0.06205 old_logp=-125.87051 new_logp=-125.87468 adv_abs=0.74980 sde_steps=4
[TRAIN] mean_reward=-2.35124 mean_len=45.60 recent_eps=100 completed_eps=40286
[UPDATE_EFFECT] action_delta=0.00538981 param_rms_delta=0.00054299
[TIME] collect=7.014s update=0.146s
[DONE] timeout=0.00000 anchor_pos=0.75049 anchor_ori=0.61243 ee_body=0.98425
[TRACK_ROLLOUT] anchor_pos=0.72631 anchor_ori=0.40558 body_pos=0.73287 body_ori=0.21285 body_lin=0.30114 body_ang=0.03489
[ACT_SUMMARY] abs_mean=0.6595 abs_p95=0.8124 abs_p99=0.8803 abs_max=1.0946 legs=0.6589 waist=0.6580 arms=0.6604
[FRAME_DIAG] frame0_abs=0.6601 frame1_abs=0.6596 in_chunk_delta=0.9282 cross_chunk_delta=0.9290
[UPDATE] 6/500 reward_step=-0.04527 chunk=-0.29122 done_frac=0.36205 mean_reward=-2.27233 mean_len=45.17
[SFPO] loss=5.65270 policy_loss=-0.02132 value_loss=5.67403 ratio=1.0010 [0.210,3.407] clip=0.0727 kl=0.005897 grad=0.4100 grad_c=47.0459 lr=0.000100 critic_lr=0.001000
[ROLLOUT] live=18.18 survive=0.01306 per_step=-0.04389 episode_projection=-21.94
[POLICY_DETAIL] samples=22331 raw_samples=49152 mb=5583 micro_mb=5583 logp_delta_abs=0.06377 old_logp=-125.82027 new_logp=-125.82511 adv_abs=0.73443 sde_steps=4
[TRAIN] mean_reward=-2.27233 mean_len=45.17 recent_eps=100 completed_eps=48371
[UPDATE_EFFECT] action_delta=0.00591097 param_rms_delta=0.00054456
[TIME] collect=7.220s update=0.143s
[DONE] timeout=0.00000 anchor_pos=0.74854 anchor_ori=0.59436 ee_body=0.98608
[TRACK_ROLLOUT] anchor_pos=0.73027 anchor_ori=0.41403 body_pos=0.73606 body_ori=0.21562 body_lin=0.30078 body_ang=0.03500
[ACT_SUMMARY] abs_mean=0.6592 abs_p95=0.8110 abs_p99=0.8805 abs_max=1.0975 legs=0.6593 waist=0.6585 arms=0.6593
[FRAME_DIAG] frame0_abs=0.6603 frame1_abs=0.6601 in_chunk_delta=0.9277 cross_chunk_delta=0.9275
[UPDATE] 7/500 reward_step=-0.04549 chunk=-0.29281 done_frac=0.36027 mean_reward=-2.32812 mean_len=45.40
[SFPO] loss=5.08368 policy_loss=-0.02034 value_loss=5.10402 ratio=1.0010 [0.314,3.068] clip=0.0743 kl=0.005992 grad=0.4135 grad_c=47.5202 lr=0.000100 critic_lr=0.001000
[ROLLOUT] live=18.25 survive=0.01453 per_step=-0.04411 episode_projection=-22.05
[POLICY_DETAIL] samples=22408 raw_samples=49152 mb=5602 micro_mb=5602 logp_delta_abs=0.06468 old_logp=-125.80684 new_logp=-125.81180 adv_abs=0.74524 sde_steps=4
[TRAIN] mean_reward=-2.32812 mean_len=45.40 recent_eps=100 completed_eps=56444
[UPDATE_EFFECT] action_delta=0.00584055 param_rms_delta=0.00054468
[TIME] collect=6.899s update=0.144s
[DONE] timeout=0.00000 anchor_pos=0.75525 anchor_ori=0.59692 ee_body=0.98474
[TRACK_ROLLOUT] anchor_pos=0.72839 anchor_ori=0.41154 body_pos=0.73454 body_ori=0.21522 body_lin=0.30176 body_ang=0.03487
[ACT_SUMMARY] abs_mean=0.6595 abs_p95=0.8126 abs_p99=0.8811 abs_max=1.1214 legs=0.6588 waist=0.6595 arms=0.6601
[FRAME_DIAG] frame0_abs=0.6598 frame1_abs=0.6590 in_chunk_delta=0.9283 cross_chunk_delta=0.9280
[UPDATE] 8/500 reward_step=-0.04541 chunk=-0.29131 done_frac=0.36310 mean_reward=-2.34630 mean_len=45.39
[SFPO] loss=4.43474 policy_loss=-0.02182 value_loss=4.45656 ratio=1.0009 [0.299,5.391] clip=0.0742 kl=0.005994 grad=0.4220 grad_c=37.8578 lr=0.000100 critic_lr=0.001000
[ROLLOUT] live=18.03 survive=0.01562 per_step=-0.04399 episode_projection=-21.99
[POLICY_DETAIL] samples=22209 raw_samples=49152 mb=5553 micro_mb=5553 logp_delta_abs=0.06455 old_logp=-125.87954 new_logp=-125.88453 adv_abs=0.79045 sde_steps=4
[TRAIN] mean_reward=-2.34630 mean_len=45.39 recent_eps=100 completed_eps=64508
[UPDATE_EFFECT] action_delta=0.00593180 param_rms_delta=0.00055278
[TIME] collect=6.955s update=0.145s
[DONE] timeout=0.00000 anchor_pos=0.74878 anchor_ori=0.58691 ee_body=0.98315
[TRACK_ROLLOUT] anchor_pos=0.72807 anchor_ori=0.41222 body_pos=0.73458 body_ori=0.21736 body_lin=0.29816 body_ang=0.03467
[ACT_SUMMARY] abs_mean=0.6591 abs_p95=0.8116 abs_p99=0.8801 abs_max=1.0848 legs=0.6589 waist=0.6586 arms=0.6595
[FRAME_DIAG] frame0_abs=0.6594 frame1_abs=0.6605 in_chunk_delta=0.9276 cross_chunk_delta=0.9280
[UPDATE] 9/500 reward_step=-0.04547 chunk=-0.29147 done_frac=0.36305 mean_reward=-2.25989 mean_len=45.19
[SFPO] loss=4.70710 policy_loss=-0.02206 value_loss=4.72916 ratio=1.0006 [0.262,3.530] clip=0.0747 kl=0.005999 grad=0.4119 grad_c=47.6312 lr=0.000100 critic_lr=0.001000
[ROLLOUT] live=18.05 survive=0.01379 per_step=-0.04405 episode_projection=-22.02
[POLICY_DETAIL] samples=22253 raw_samples=49152 mb=5564 micro_mb=5564 logp_delta_abs=0.06491 old_logp=-125.86711 new_logp=-125.87243 adv_abs=0.72908 sde_steps=4
[TRAIN] mean_reward=-2.25989 mean_len=45.19 recent_eps=100 completed_eps=72587
[UPDATE_EFFECT] action_delta=0.00596596 param_rms_delta=0.00054924
[TIME] collect=7.275s update=0.146s
[DONE] timeout=0.00000 anchor_pos=0.75415 anchor_ori=0.59534 ee_body=0.98511
[TRACK_ROLLOUT] anchor_pos=0.72772 anchor_ori=0.41528 body_pos=0.73586 body_ori=0.21858 body_lin=0.29995 body_ang=0.03496
[ACT_SUMMARY] abs_mean=0.6593 abs_p95=0.8125 abs_p99=0.8796 abs_max=1.0787 legs=0.6587 waist=0.6592 arms=0.6598
[FRAME_DIAG] frame0_abs=0.6604 frame1_abs=0.6595 in_chunk_delta=0.9277 cross_chunk_delta=0.9282
[UPDATE] 10/500 reward_step=-0.04550 chunk=-0.29172 done_frac=0.36207 mean_reward=-2.25698 mean_len=45.54
[SFPO] loss=3.43532 policy_loss=-0.02118 value_loss=3.45650 ratio=1.0010 [0.275,3.727] clip=0.0738 kl=0.005940 grad=0.4145 grad_c=24.2784 lr=0.000100 critic_lr=0.001000
[ROLLOUT] live=18.08 survive=0.01514 per_step=-0.04413 episode_projection=-22.07
[POLICY_DETAIL] samples=22283 raw_samples=49152 mb=5571 micro_mb=5571 logp_delta_abs=0.06439 old_logp=-125.85029 new_logp=-125.85521 adv_abs=0.72486 sde_steps=4
[TRAIN] mean_reward=-2.25698 mean_len=45.54 recent_eps=100 completed_eps=80655
[UPDATE_EFFECT] action_delta=0.00572536 param_rms_delta=0.00054638
[TIME] collect=6.987s update=0.147s
[DONE] timeout=0.00000 anchor_pos=0.74561 anchor_ori=0.57996 ee_body=0.98438
[TRACK_ROLLOUT] anchor_pos=0.72748 anchor_ori=0.41755 body_pos=0.73650 body_ori=0.21856 body_lin=0.29971 body_ang=0.03498
[ACT_SUMMARY] abs_mean=0.6594 abs_p95=0.8119 abs_p99=0.8805 abs_max=1.1513 legs=0.6593 waist=0.6595 arms=0.6595
[FRAME_DIAG] frame0_abs=0.6598 frame1_abs=0.6588 in_chunk_delta=0.9282 cross_chunk_delta=0.9273
[UPDATE] 11/500 reward_step=-0.04520 chunk=-0.28943 done_frac=0.36733 mean_reward=-2.16741 mean_len=45.42
[SFPO] loss=3.16674 policy_loss=-0.02145 value_loss=3.18819 ratio=1.0008 [0.323,3.329] clip=0.0738 kl=0.006011 grad=0.4117 grad_c=32.7249 lr=0.000100 critic_lr=0.001000
[ROLLOUT] live=17.84 survive=0.01306 per_step=-0.04394 episode_projection=-21.97
[POLICY_DETAIL] samples=22010 raw_samples=49152 mb=5503 micro_mb=5503 logp_delta_abs=0.06477 old_logp=-125.84846 new_logp=-125.85365 adv_abs=0.70906 sde_steps=4
[TRAIN] mean_reward=-2.16741 mean_len=45.42 recent_eps=100 completed_eps=88740
[UPDATE_EFFECT] action_delta=0.00596889 param_rms_delta=0.00054891
[TIME] collect=7.145s update=0.151s
[DONE] timeout=0.00000 anchor_pos=0.75171 anchor_ori=0.58777 ee_body=0.98621
[TRACK_ROLLOUT] anchor_pos=0.73246 anchor_ori=0.41970 body_pos=0.73888 body_ori=0.22122 body_lin=0.30033 body_ang=0.03508
[ACT_SUMMARY] abs_mean=0.6591 abs_p95=0.8117 abs_p99=0.8795 abs_max=1.1075 legs=0.6587 waist=0.6587 arms=0.6596
[FRAME_DIAG] frame0_abs=0.6604 frame1_abs=0.6585 in_chunk_delta=0.9274 cross_chunk_delta=0.9273
[UPDATE] 12/500 reward_step=-0.04561 chunk=-0.29283 done_frac=0.36014 mean_reward=-2.35672 mean_len=45.57
[SFPO] loss=2.95423 policy_loss=-0.02231 value_loss=2.97654 ratio=1.0009 [0.261,6.264] clip=0.0772 kl=0.006267 grad=0.4152 grad_c=21.1188 lr=0.000100 critic_lr=0.001000
[ROLLOUT] live=18.19 survive=0.01538 per_step=-0.04422 episode_projection=-22.11
[POLICY_DETAIL] samples=22397 raw_samples=49152 mb=5600 micro_mb=5600 logp_delta_abs=0.06624 old_logp=-125.86956 new_logp=-125.87486 adv_abs=0.72761 sde_steps=4
[TRAIN] mean_reward=-2.35672 mean_len=45.57 recent_eps=100 completed_eps=96806
[UPDATE_EFFECT] action_delta=0.00613090 param_rms_delta=0.00054790
[TIME] collect=7.344s update=0.148s
[DONE] timeout=0.00000 anchor_pos=0.74683 anchor_ori=0.57739 ee_body=0.98389
[TRACK_ROLLOUT] anchor_pos=0.72549 anchor_ori=0.41429 body_pos=0.73504 body_ori=0.21787 body_lin=0.29956 body_ang=0.03511
[ACT_SUMMARY] abs_mean=0.6594 abs_p95=0.8119 abs_p99=0.8810 abs_max=1.1398 legs=0.6589 waist=0.6583 arms=0.6602
[FRAME_DIAG] frame0_abs=0.6606 frame1_abs=0.6582 in_chunk_delta=0.9282 cross_chunk_delta=0.9271
[UPDATE] 13/500 reward_step=-0.04532 chunk=-0.29162 done_frac=0.36265 mean_reward=-2.29497 mean_len=46.02
[SFPO] loss=2.93636 policy_loss=-0.02148 value_loss=2.95784 ratio=1.0009 [0.324,2.859] clip=0.0762 kl=0.006209 grad=0.4095 grad_c=30.8033 lr=0.000100 critic_lr=0.001000
[ROLLOUT] live=18.08 survive=0.01697 per_step=-0.04399 episode_projection=-22.00
[POLICY_DETAIL] samples=22206 raw_samples=49152 mb=5552 micro_mb=5552 logp_delta_abs=0.06571 old_logp=-125.80720 new_logp=-125.81243 adv_abs=0.69804 sde_steps=4
[TRAIN] mean_reward=-2.29497 mean_len=46.02 recent_eps=100 completed_eps=104859
[UPDATE_EFFECT] action_delta=0.00605133 param_rms_delta=0.00054799
[TIME] collect=7.272s update=0.143s
[DONE] timeout=0.00000 anchor_pos=0.74475 anchor_ori=0.57239 ee_body=0.98193
[TRACK_ROLLOUT] anchor_pos=0.72776 anchor_ori=0.41769 body_pos=0.73688 body_ori=0.21974 body_lin=0.30230 body_ang=0.03539
[ACT_SUMMARY] abs_mean=0.6593 abs_p95=0.8120 abs_p99=0.8804 abs_max=1.0708 legs=0.6589 waist=0.6588 arms=0.6597
[FRAME_DIAG] frame0_abs=0.6608 frame1_abs=0.6596 in_chunk_delta=0.9272 cross_chunk_delta=0.9268
[UPDATE] 14/500 reward_step=-0.04530 chunk=-0.28941 done_frac=0.36921 mean_reward=-2.19440 mean_len=45.28
[SFPO] loss=2.58435 policy_loss=-0.02194 value_loss=2.60629 ratio=1.0009 [0.300,3.348] clip=0.0769 kl=0.006210 grad=0.4145 grad_c=28.2573 lr=0.000100 critic_lr=0.001000
[ROLLOUT] live=17.72 survive=0.01221 per_step=-0.04415 episode_projection=-22.08
[POLICY_DETAIL] samples=21917 raw_samples=49152 mb=5480 micro_mb=5480 logp_delta_abs=0.06571 old_logp=-125.87635 new_logp=-125.88162 adv_abs=0.71432 sde_steps=4
[TRAIN] mean_reward=-2.19440 mean_len=45.28 recent_eps=100 completed_eps=112951
[UPDATE_EFFECT] action_delta=0.00573490 param_rms_delta=0.00055123
[TIME] collect=6.723s update=0.145s
[DONE] timeout=0.00000 anchor_pos=0.75500 anchor_ori=0.58362 ee_body=0.98694
[TRACK_ROLLOUT] anchor_pos=0.73137 anchor_ori=0.42400 body_pos=0.73825 body_ori=0.22226 body_lin=0.30086 body_ang=0.03504
[ACT_SUMMARY] abs_mean=0.6589 abs_p95=0.8114 abs_p99=0.8796 abs_max=1.1075 legs=0.6585 waist=0.6588 arms=0.6594
[FRAME_DIAG] frame0_abs=0.6597 frame1_abs=0.6587 in_chunk_delta=0.9277 cross_chunk_delta=0.9264
[UPDATE] 15/500 reward_step=-0.04546 chunk=-0.29015 done_frac=0.36990 mean_reward=-2.29391 mean_len=45.05
[SFPO] loss=2.45705 policy_loss=-0.02179 value_loss=2.47883 ratio=1.0009 [0.307,3.242] clip=0.0766 kl=0.006204 grad=0.4159 grad_c=35.8767 lr=0.000100 critic_lr=0.001000
[ROLLOUT] live=17.63 survive=0.01428 per_step=-0.04424 episode_projection=-22.12
[POLICY_DETAIL] samples=21830 raw_samples=49152 mb=5458 micro_mb=5458 logp_delta_abs=0.06593 old_logp=-125.88940 new_logp=-125.89471 adv_abs=0.70103 sde_steps=4
[TRAIN] mean_reward=-2.29391 mean_len=45.05 recent_eps=100 completed_eps=121026
[UPDATE_EFFECT] action_delta=0.00569802 param_rms_delta=0.00054594
[TIME] collect=7.091s update=0.142s
[DONE] timeout=0.00000 anchor_pos=0.75476 anchor_ori=0.58313 ee_body=0.98511
[TRACK_ROLLOUT] anchor_pos=0.73201 anchor_ori=0.42367 body_pos=0.73837 body_ori=0.22239 body_lin=0.30019 body_ang=0.03501
[ACT_SUMMARY] abs_mean=0.6593 abs_p95=0.8118 abs_p99=0.8802 abs_max=1.1358 legs=0.6592 waist=0.6591 arms=0.6595
[FRAME_DIAG] frame0_abs=0.6612 frame1_abs=0.6593 in_chunk_delta=0.9277 cross_chunk_delta=0.9283
[UPDATE] 16/500 reward_step=-0.04539 chunk=-0.29118 done_frac=0.36424 mean_reward=-2.26816 mean_len=45.90
[SFPO] loss=2.40864 policy_loss=-0.02144 value_loss=2.43008 ratio=1.0010 [0.321,3.011] clip=0.0748 kl=0.006084 grad=0.4128 grad_c=53.2610 lr=0.000100 critic_lr=0.001000
[ROLLOUT] live=17.98 survive=0.01489 per_step=-0.04413 episode_projection=-22.06
[POLICY_DETAIL] samples=22156 raw_samples=49152 mb=5539 micro_mb=5539 logp_delta_abs=0.06504 old_logp=-125.82448 new_logp=-125.82953 adv_abs=0.69701 sde_steps=4
[TRAIN] mean_reward=-2.26816 mean_len=45.90 recent_eps=100 completed_eps=129096
[UPDATE_EFFECT] action_delta=0.00608205 param_rms_delta=0.00054610
[TIME] collect=7.101s update=0.146s
[DONE] timeout=0.00000 anchor_pos=0.74915 anchor_ori=0.58069 ee_body=0.98450
[TRACK_ROLLOUT] anchor_pos=0.72817 anchor_ori=0.41857 body_pos=0.73645 body_ori=0.22145 body_lin=0.30105 body_ang=0.03532
[ACT_SUMMARY] abs_mean=0.6596 abs_p95=0.8121 abs_p99=0.8790 abs_max=1.0743 legs=0.6594 waist=0.6598 arms=0.6597
[FRAME_DIAG] frame0_abs=0.6615 frame1_abs=0.6597 in_chunk_delta=0.9278 cross_chunk_delta=0.9266
[UPDATE] 17/500 reward_step=-0.04565 chunk=-0.29215 done_frac=0.36585 mean_reward=-2.35841 mean_len=45.99
[SFPO] loss=2.07646 policy_loss=-0.02197 value_loss=2.09844 ratio=1.0010 [0.286,3.096] clip=0.0804 kl=0.006542 grad=0.4229 grad_c=47.4909 lr=0.000100 critic_lr=0.001000
[ROLLOUT] live=17.86 survive=0.01489 per_step=-0.04423 episode_projection=-22.12
[POLICY_DETAIL] samples=22058 raw_samples=49152 mb=5515 micro_mb=5515 logp_delta_abs=0.06770 old_logp=-125.87352 new_logp=-125.87899 adv_abs=0.73939 sde_steps=4
[TRAIN] mean_reward=-2.35841 mean_len=45.99 recent_eps=100 completed_eps=137166
[UPDATE_EFFECT] action_delta=0.00619136 param_rms_delta=0.00054939
[TIME] collect=7.188s update=0.152s
[DONE] timeout=0.00000 anchor_pos=0.74231 anchor_ori=0.57166 ee_body=0.98438
[TRACK_ROLLOUT] anchor_pos=0.72700 anchor_ori=0.41876 body_pos=0.73691 body_ori=0.22339 body_lin=0.29851 body_ang=0.03504
[ACT_SUMMARY] abs_mean=0.6598 abs_p95=0.8134 abs_p99=0.8817 abs_max=1.0734 legs=0.6596 waist=0.6600 arms=0.6599
[FRAME_DIAG] frame0_abs=0.6604 frame1_abs=0.6600 in_chunk_delta=0.9289 cross_chunk_delta=0.9279
[UPDATE] 18/500 reward_step=-0.04560 chunk=-0.29126 done_frac=0.36163 mean_reward=-2.32742 mean_len=45.43
[SFPO] loss=2.71373 policy_loss=-0.02160 value_loss=2.73533 ratio=1.0003 [0.279,3.408] clip=0.0754 kl=0.006076 grad=0.4187 grad_c=59.7640 lr=0.000100 critic_lr=0.001000
[ROLLOUT] live=17.96 survive=0.01880 per_step=-0.04433 episode_projection=-22.16
[POLICY_DETAIL] samples=22227 raw_samples=49152 mb=5557 micro_mb=5557 logp_delta_abs=0.06550 old_logp=-125.80587 new_logp=-125.81157 adv_abs=0.69892 sde_steps=4
[TRAIN] mean_reward=-2.32742 mean_len=45.43 recent_eps=100 completed_eps=145204
[UPDATE_EFFECT] action_delta=0.00591791 param_rms_delta=0.00054722
[TIME] collect=6.973s update=0.145s
[DONE] timeout=0.00000 anchor_pos=0.74158 anchor_ori=0.56799 ee_body=0.98059
[TRACK_ROLLOUT] anchor_pos=0.72519 anchor_ori=0.42016 body_pos=0.73620 body_ori=0.22136 body_lin=0.30180 body_ang=0.03552
[ACT_SUMMARY] abs_mean=0.6597 abs_p95=0.8128 abs_p99=0.8807 abs_max=1.0847 legs=0.6594 waist=0.6592 arms=0.6601
[FRAME_DIAG] frame0_abs=0.6611 frame1_abs=0.6598 in_chunk_delta=0.9282 cross_chunk_delta=0.9278
[UPDATE] 19/500 reward_step=-0.04556 chunk=-0.29018 done_frac=0.36901 mean_reward=-2.19873 mean_len=45.42
[SFPO] loss=1.97005 policy_loss=-0.02300 value_loss=1.99306 ratio=1.0012 [0.333,3.577] clip=0.0813 kl=0.006562 grad=0.4293 grad_c=44.2572 lr=0.000100 critic_lr=0.001000
[ROLLOUT] live=17.64 survive=0.01392 per_step=-0.04430 episode_projection=-22.15
[POLICY_DETAIL] samples=21891 raw_samples=49152 mb=5473 micro_mb=5473 logp_delta_abs=0.06814 old_logp=-125.82511 new_logp=-125.83038 adv_abs=0.76234 sde_steps=4
[TRAIN] mean_reward=-2.19873 mean_len=45.42 recent_eps=100 completed_eps=153282
[UPDATE_EFFECT] action_delta=0.00626547 param_rms_delta=0.00055600
[TIME] collect=6.755s update=0.149s
[DONE] timeout=0.00000 anchor_pos=0.74561 anchor_ori=0.56506 ee_body=0.98535
[TRACK_ROLLOUT] anchor_pos=0.72987 anchor_ori=0.42456 body_pos=0.73829 body_ori=0.22491 body_lin=0.30010 body_ang=0.03524
[ACT_SUMMARY] abs_mean=0.6595 abs_p95=0.8132 abs_p99=0.8798 abs_max=1.1301 legs=0.6595 waist=0.6593 arms=0.6596
[FRAME_DIAG] frame0_abs=0.6595 frame1_abs=0.6601 in_chunk_delta=0.9283 cross_chunk_delta=0.9275
[UPDATE] 20/500 reward_step=-0.04539 chunk=-0.28996 done_frac=0.36486 mean_reward=-2.28491 mean_len=44.90
[SFPO] loss=2.12043 policy_loss=-0.02219 value_loss=2.14263 ratio=1.0011 [0.187,3.455] clip=0.0828 kl=0.006767 grad=0.4253 grad_c=26.4964 lr=0.000100 critic_lr=0.001000
[ROLLOUT] live=17.88 survive=0.01477 per_step=-0.04415 episode_projection=-22.08
[POLICY_DETAIL] samples=22121 raw_samples=49152 mb=5531 micro_mb=5531 logp_delta_abs=0.06947 old_logp=-125.76048 new_logp=-125.76607 adv_abs=0.73661 sde_steps=4
[TRAIN] mean_reward=-2.28491 mean_len=44.90 recent_eps=100 completed_eps=161353
[UPDATE_EFFECT] action_delta=0.00654096 param_rms_delta=0.00055107
[TIME] collect=6.851s update=0.149s
[DONE] timeout=0.00000 anchor_pos=0.74768 anchor_ori=0.56653 ee_body=0.98438
[TRACK_ROLLOUT] anchor_pos=0.72644 anchor_ori=0.42310 body_pos=0.73692 body_ori=0.22299 body_lin=0.30042 body_ang=0.03541
[ACT_SUMMARY] abs_mean=0.6591 abs_p95=0.8114 abs_p99=0.8796 abs_max=1.0619 legs=0.6587 waist=0.6583 arms=0.6596
[FRAME_DIAG] frame0_abs=0.6608 frame1_abs=0.6601 in_chunk_delta=0.9271 cross_chunk_delta=0.9266
[UPDATE] 21/500 reward_step=-0.04564 chunk=-0.29090 done_frac=0.36709 mean_reward=-2.25700 mean_len=45.75
[SFPO] loss=2.07334 policy_loss=-0.02205 value_loss=2.09539 ratio=1.0005 [0.289,3.377] clip=0.0805 kl=0.006533 grad=0.4207 grad_c=39.3865 lr=0.000100 critic_lr=0.001000
[ROLLOUT] live=17.71 survive=0.01599 per_step=-0.04450 episode_projection=-22.25
[POLICY_DETAIL] samples=21959 raw_samples=49152 mb=5490 micro_mb=5490 logp_delta_abs=0.06822 old_logp=-125.86933 new_logp=-125.87525 adv_abs=0.68981 sde_steps=4
[TRAIN] mean_reward=-2.25700 mean_len=45.75 recent_eps=100 completed_eps=169414
[UPDATE_EFFECT] action_delta=0.00638270 param_rms_delta=0.00054613
[TIME] collect=6.998s update=0.152s
[DONE] timeout=0.00000 anchor_pos=0.74219 anchor_ori=0.55615 ee_body=0.98267
[TRACK_ROLLOUT] anchor_pos=0.72676 anchor_ori=0.42546 body_pos=0.73773 body_ori=0.22516 body_lin=0.29847 body_ang=0.03539
[ACT_SUMMARY] abs_mean=0.6598 abs_p95=0.8135 abs_p99=0.8815 abs_max=1.1008 legs=0.6599 waist=0.6587 arms=0.6599
[FRAME_DIAG] frame0_abs=0.6598 frame1_abs=0.6606 in_chunk_delta=0.9280 cross_chunk_delta=0.9267
[UPDATE] 22/500 reward_step=-0.04562 chunk=-0.29121 done_frac=0.36696 mean_reward=-2.21982 mean_len=45.56
[SFPO] loss=1.84163 policy_loss=-0.02173 value_loss=1.86336 ratio=1.0014 [0.331,3.497] clip=0.0852 kl=0.006926 grad=0.4158 grad_c=48.2620 lr=0.000100 critic_lr=0.001000
[ROLLOUT] live=17.77 survive=0.01465 per_step=-0.04444 episode_projection=-22.22
[POLICY_DETAIL] samples=21997 raw_samples=49152 mb=5500 micro_mb=5500 logp_delta_abs=0.07010 old_logp=-125.82631 new_logp=-125.83178 adv_abs=0.68649 sde_steps=4
[TRAIN] mean_reward=-2.21982 mean_len=45.56 recent_eps=100 completed_eps=177486
[UPDATE_EFFECT] action_delta=0.00663536 param_rms_delta=0.00054371
[TIME] collect=7.317s update=0.151s
[DONE] timeout=0.00000 anchor_pos=0.74805 anchor_ori=0.55505 ee_body=0.98425
[TRACK_ROLLOUT] anchor_pos=0.72522 anchor_ori=0.42540 body_pos=0.73660 body_ori=0.22427 body_lin=0.29900 body_ang=0.03567
[ACT_SUMMARY] abs_mean=0.6593 abs_p95=0.8116 abs_p99=0.8812 abs_max=1.1824 legs=0.6595 waist=0.6581 arms=0.6593
[FRAME_DIAG] frame0_abs=0.6599 frame1_abs=0.6602 in_chunk_delta=0.9274 cross_chunk_delta=0.9274
[UPDATE] 23/500 reward_step=-0.04574 chunk=-0.28950 done_frac=0.36862 mean_reward=-2.25003 mean_len=45.68
[SFPO] loss=1.92510 policy_loss=-0.02272 value_loss=1.94783 ratio=1.0016 [0.247,3.170] clip=0.0857 kl=0.007037 grad=0.4191 grad_c=49.4301 lr=0.000100 critic_lr=0.001000
[ROLLOUT] live=17.58 survive=0.01245 per_step=-0.04446 episode_projection=-22.23
[POLICY_DETAIL] samples=21947 raw_samples=49152 mb=5487 micro_mb=5487 logp_delta_abs=0.07039 old_logp=-125.88138 new_logp=-125.88681 adv_abs=0.68263 sde_steps=4
[TRAIN] mean_reward=-2.25003 mean_len=45.68 recent_eps=100 completed_eps=185576
[UPDATE_EFFECT] action_delta=0.00686971 param_rms_delta=0.00054642
[TIME] collect=6.926s update=0.145s
[DONE] timeout=0.00000 anchor_pos=0.74377 anchor_ori=0.55042 ee_body=0.98645
[TRACK_ROLLOUT] anchor_pos=0.72466 anchor_ori=0.42559 body_pos=0.73643 body_ori=0.22650 body_lin=0.29775 body_ang=0.03507
[ACT_SUMMARY] abs_mean=0.6597 abs_p95=0.8126 abs_p99=0.8797 abs_max=1.1475 legs=0.6598 waist=0.6579 arms=0.6600
[FRAME_DIAG] frame0_abs=0.6605 frame1_abs=0.6605 in_chunk_delta=0.9276 cross_chunk_delta=0.9274
[UPDATE] 24/500 reward_step=-0.04576 chunk=-0.29070 done_frac=0.36690 mean_reward=-2.30183 mean_len=45.25
[SFPO] loss=1.96033 policy_loss=-0.02200 value_loss=1.98233 ratio=1.0009 [0.246,3.936] clip=0.0834 kl=0.006851 grad=0.4255 grad_c=37.4716 lr=0.000100 critic_lr=0.001000
[ROLLOUT] live=17.66 survive=0.01575 per_step=-0.04452 episode_projection=-22.26
[POLICY_DETAIL] samples=21976 raw_samples=49152 mb=5494 micro_mb=5494 logp_delta_abs=0.06961 old_logp=-125.88580 new_logp=-125.89174 adv_abs=0.70456 sde_steps=4
[TRAIN] mean_reward=-2.30183 mean_len=45.25 recent_eps=100 completed_eps=193639
[UPDATE_EFFECT] action_delta=0.00690590 param_rms_delta=0.00054500
[TIME] collect=7.190s update=0.144s
[DONE] timeout=0.00000 anchor_pos=0.74890 anchor_ori=0.55383 ee_body=0.98315
[TRACK_ROLLOUT] anchor_pos=0.72453 anchor_ori=0.42688 body_pos=0.73777 body_ori=0.22622 body_lin=0.29917 body_ang=0.03567
[ACT_SUMMARY] abs_mean=0.6603 abs_p95=0.8128 abs_p99=0.8812 abs_max=1.0665 legs=0.6602 waist=0.6599 arms=0.6606
[FRAME_DIAG] frame0_abs=0.6607 frame1_abs=0.6603 in_chunk_delta=0.9279 cross_chunk_delta=0.9276
[UPDATE] 25/500 reward_step=-0.04585 chunk=-0.29170 done_frac=0.36511 mean_reward=-2.25801 mean_len=45.96
[SFPO] loss=2.45943 policy_loss=-0.02236 value_loss=2.48179 ratio=1.0012 [0.250,3.227] clip=0.0859 kl=0.006958 grad=0.4253 grad_c=42.5469 lr=0.000100 critic_lr=0.001000
[ROLLOUT] live=17.79 survive=0.01501 per_step=-0.04456 episode_projection=-22.28
[POLICY_DETAIL] samples=22100 raw_samples=49152 mb=5525 micro_mb=5525 logp_delta_abs=0.07068 old_logp=-125.89310 new_logp=-125.89879 adv_abs=0.69330 sde_steps=4
[TRAIN] mean_reward=-2.25801 mean_len=45.96 recent_eps=100 completed_eps=201708
[UPDATE_EFFECT] action_delta=0.00672136 param_rms_delta=0.00054542
[TIME] collect=7.300s update=0.155s
[DONE] timeout=0.00000 anchor_pos=0.74658 anchor_ori=0.56335 ee_body=0.98389
[TRACK_ROLLOUT] anchor_pos=0.72045 anchor_ori=0.42556 body_pos=0.73533 body_ori=0.22585 body_lin=0.29818 body_ang=0.03551
[ACT_SUMMARY] abs_mean=0.6599 abs_p95=0.8125 abs_p99=0.8808 abs_max=1.1358 legs=0.6597 waist=0.6585 arms=0.6603
[FRAME_DIAG] frame0_abs=0.6609 frame1_abs=0.6612 in_chunk_delta=0.9275 cross_chunk_delta=0.9272
[UPDATE] 26/500 reward_step=-0.04560 chunk=-0.29085 done_frac=0.35914 mean_reward=-2.19673 mean_len=45.91
[SFPO] loss=1.98127 policy_loss=-0.02201 value_loss=2.00328 ratio=1.0015 [0.281,4.685] clip=0.0853 kl=0.006920 grad=0.4235 grad_c=38.3085 lr=0.000100 critic_lr=0.001000
[ROLLOUT] live=18.12 survive=0.01575 per_step=-0.04439 episode_projection=-22.20
[POLICY_DETAIL] samples=22451 raw_samples=49152 mb=5613 micro_mb=5613 logp_delta_abs=0.07100 old_logp=-125.81481 new_logp=-125.82023 adv_abs=0.70248 sde_steps=4
[TRAIN] mean_reward=-2.19673 mean_len=45.91 recent_eps=100 completed_eps=209771
[UPDATE_EFFECT] action_delta=0.00669007 param_rms_delta=0.00054446
[TIME] collect=6.894s update=0.145s
[DONE] timeout=0.00000 anchor_pos=0.73718 anchor_ori=0.55505 ee_body=0.98328
[TRACK_ROLLOUT] anchor_pos=0.72122 anchor_ori=0.42486 body_pos=0.73531 body_ori=0.22379 body_lin=0.30422 body_ang=0.03644
[ACT_SUMMARY] abs_mean=0.6600 abs_p95=0.8126 abs_p99=0.8798 abs_max=1.1321 legs=0.6603 waist=0.6589 arms=0.6600
[FRAME_DIAG] frame0_abs=0.6602 frame1_abs=0.6598 in_chunk_delta=0.9275 cross_chunk_delta=0.9264
[UPDATE] 27/500 reward_step=-0.04578 chunk=-0.29162 done_frac=0.36180 mean_reward=-2.23505 mean_len=45.65
[SFPO] loss=1.95881 policy_loss=-0.02235 value_loss=1.98116 ratio=1.0011 [0.259,3.447] clip=0.0872 kl=0.007152 grad=0.4223 grad_c=28.0437 lr=0.000100 critic_lr=0.001000
[ROLLOUT] live=17.89 survive=0.01941 per_step=-0.04452 episode_projection=-22.26
[POLICY_DETAIL] samples=22203 raw_samples=49152 mb=5551 micro_mb=5551 logp_delta_abs=0.07128 old_logp=-125.84521 new_logp=-125.85122 adv_abs=0.67869 sde_steps=4
[TRAIN] mean_reward=-2.23505 mean_len=45.65 recent_eps=100 completed_eps=217804
[UPDATE_EFFECT] action_delta=0.00682084 param_rms_delta=0.00054441
[TIME] collect=7.004s update=0.146s
[DONE] timeout=0.00000 anchor_pos=0.73474 anchor_ori=0.54602 ee_body=0.97961
[TRACK_ROLLOUT] anchor_pos=0.72292 anchor_ori=0.42427 body_pos=0.73603 body_ori=0.22660 body_lin=0.30016 body_ang=0.03601
[ACT_SUMMARY] abs_mean=0.6600 abs_p95=0.8136 abs_p99=0.8811 abs_max=1.1681 legs=0.6598 waist=0.6585 arms=0.6604
[FRAME_DIAG] frame0_abs=0.6599 frame1_abs=0.6604 in_chunk_delta=0.9276 cross_chunk_delta=0.9255
[UPDATE] 28/500 reward_step=-0.04577 chunk=-0.29016 done_frac=0.36562 mean_reward=-2.18561 mean_len=45.49
[SFPO] loss=1.72904 policy_loss=-0.02321 value_loss=1.75224 ratio=1.0013 [0.291,4.100] clip=0.0921 kl=0.007515 grad=0.4289 grad_c=22.8199 lr=0.000100 critic_lr=0.001000
[ROLLOUT] live=17.71 survive=0.01440 per_step=-0.04454 episode_projection=-22.27
[POLICY_DETAIL] samples=22083 raw_samples=49152 mb=5521 micro_mb=5521 logp_delta_abs=0.07387 old_logp=-125.78472 new_logp=-125.79084 adv_abs=0.69499 sde_steps=4
[TRAIN] mean_reward=-2.18561 mean_len=45.49 recent_eps=100 completed_eps=225878
[UPDATE_EFFECT] action_delta=0.00747669 param_rms_delta=0.00054485
[TIME] collect=7.210s update=0.148s
[DONE] timeout=0.00000 anchor_pos=0.74048 anchor_ori=0.54675 ee_body=0.98499
[TRACK_ROLLOUT] anchor_pos=0.72372 anchor_ori=0.43126 body_pos=0.73617 body_ori=0.22866 body_lin=0.30209 body_ang=0.03599
[ACT_SUMMARY] abs_mean=0.6604 abs_p95=0.8138 abs_p99=0.8818 abs_max=1.1096 legs=0.6604 waist=0.6585 arms=0.6608
[FRAME_DIAG] frame0_abs=0.6602 frame1_abs=0.6611 in_chunk_delta=0.9279 cross_chunk_delta=0.9263
[UPDATE] 29/500 reward_step=-0.04567 chunk=-0.28987 done_frac=0.36182 mean_reward=-2.25863 mean_len=45.70
[SFPO] loss=1.65417 policy_loss=-0.02250 value_loss=1.67667 ratio=1.0006 [0.261,5.127] clip=0.0885 kl=0.007250 grad=0.4278 grad_c=34.1550 lr=0.000100 critic_lr=0.001000
[ROLLOUT] live=17.88 survive=0.01636 per_step=-0.04437 episode_projection=-22.18
[POLICY_DETAIL] samples=22271 raw_samples=49152 mb=5568 micro_mb=5568 logp_delta_abs=0.07238 old_logp=-125.79066 new_logp=-125.79727 adv_abs=0.69147 sde_steps=4
[TRAIN] mean_reward=-2.25863 mean_len=45.70 recent_eps=100 completed_eps=233936
[UPDATE_EFFECT] action_delta=0.00710534 param_rms_delta=0.00054465
[TIME] collect=7.155s update=0.168s
[DONE] timeout=0.00000 anchor_pos=0.73535 anchor_ori=0.55090 ee_body=0.98315
[TRACK_ROLLOUT] anchor_pos=0.72181 anchor_ori=0.42674 body_pos=0.73650 body_ori=0.22713 body_lin=0.30129 body_ang=0.03606
[ACT_SUMMARY] abs_mean=0.6602 abs_p95=0.8136 abs_p99=0.8834 abs_max=1.1321 legs=0.6603 waist=0.6586 arms=0.6605
[FRAME_DIAG] frame0_abs=0.6606 frame1_abs=0.6599 in_chunk_delta=0.9273 cross_chunk_delta=0.9270
[UPDATE] 30/500 reward_step=-0.04580 chunk=-0.29155 done_frac=0.35592 mean_reward=-2.27783 mean_len=45.98
[SFPO] loss=2.08595 policy_loss=-0.02274 value_loss=2.10868 ratio=1.0006 [0.271,3.899] clip=0.0914 kl=0.007429 grad=0.4275 grad_c=78.1483 lr=0.000100 critic_lr=0.001000
[ROLLOUT] live=18.21 survive=0.01758 per_step=-0.04465 episode_projection=-22.32
[POLICY_DETAIL] samples=22612 raw_samples=49152 mb=5653 micro_mb=5653 logp_delta_abs=0.07414 old_logp=-125.87927 new_logp=-125.88608 adv_abs=0.69275 sde_steps=4
[TRAIN] mean_reward=-2.27783 mean_len=45.98 recent_eps=100 completed_eps=241984
[UPDATE_EFFECT] action_delta=0.00694622 param_rms_delta=0.00054224
[TIME] collect=7.203s update=0.149s
[DONE] timeout=0.00000 anchor_pos=0.73865 anchor_ori=0.53967 ee_body=0.98145
[TRACK_ROLLOUT] anchor_pos=0.72129 anchor_ori=0.42361 body_pos=0.73542 body_ori=0.22512 body_lin=0.30481 body_ang=0.03669
[ACT_SUMMARY] abs_mean=0.6607 abs_p95=0.8141 abs_p99=0.8801 abs_max=1.1242 legs=0.6610 waist=0.6590 arms=0.6608
[FRAME_DIAG] frame0_abs=0.6605 frame1_abs=0.6611 in_chunk_delta=0.9277 cross_chunk_delta=0.9263
[UPDATE] 31/500 reward_step=-0.04568 chunk=-0.29038 done_frac=0.35919 mean_reward=-2.24911 mean_len=45.93
[SFPO] loss=2.00606 policy_loss=-0.02252 value_loss=2.02858 ratio=1.0018 [0.278,3.319] clip=0.0906 kl=0.007380 grad=0.4288 grad_c=60.8814 lr=0.000100 critic_lr=0.001000
[ROLLOUT] live=18.04 survive=0.01648 per_step=-0.04445 episode_projection=-22.23
[POLICY_DETAIL] samples=22431 raw_samples=49152 mb=5608 micro_mb=5608 logp_delta_abs=0.07338 old_logp=-125.79556 new_logp=-125.80110 adv_abs=0.68484 sde_steps=4
[TRAIN] mean_reward=-2.24911 mean_len=45.93 recent_eps=100 completed_eps=250041
[UPDATE_EFFECT] action_delta=0.00717987 param_rms_delta=0.00054060
[TIME] collect=6.979s update=0.146s
[DONE] timeout=0.00000 anchor_pos=0.73572 anchor_ori=0.53394 ee_body=0.98267
[TRACK_ROLLOUT] anchor_pos=0.72137 anchor_ori=0.42550 body_pos=0.73603 body_ori=0.22761 body_lin=0.30291 body_ang=0.03667
[ACT_SUMMARY] abs_mean=0.6604 abs_p95=0.8134 abs_p99=0.8810 abs_max=1.0640 legs=0.6606 waist=0.6580 arms=0.6608
[FRAME_DIAG] frame0_abs=0.6605 frame1_abs=0.6600 in_chunk_delta=0.9274 cross_chunk_delta=0.9266
[UPDATE] 32/500 reward_step=-0.04581 chunk=-0.29143 done_frac=0.35902 mean_reward=-2.23788 mean_len=45.84
[SFPO] loss=1.62374 policy_loss=-0.02308 value_loss=1.64682 ratio=1.0008 [0.287,3.307] clip=0.0909 kl=0.007386 grad=0.4388 grad_c=68.3047 lr=0.000100 critic_lr=0.001000
[ROLLOUT] live=18.10 survive=0.01392 per_step=-0.04461 episode_projection=-22.30
[POLICY_DETAIL] samples=22500 raw_samples=49152 mb=5625 micro_mb=5625 logp_delta_abs=0.07307 old_logp=-125.88310 new_logp=-125.88964 adv_abs=0.74003 sde_steps=4
[TRAIN] mean_reward=-2.23788 mean_len=45.84 recent_eps=100 completed_eps=258119
[UPDATE_EFFECT] action_delta=0.00750702 param_rms_delta=0.00054865
[TIME] collect=6.944s update=0.145s
[DONE] timeout=0.00000 anchor_pos=0.74561 anchor_ori=0.54822 ee_body=0.98511
[TRACK_ROLLOUT] anchor_pos=0.71966 anchor_ori=0.43182 body_pos=0.73390 body_ori=0.22607 body_lin=0.30288 body_ang=0.03639
[ACT_SUMMARY] abs_mean=0.6612 abs_p95=0.8144 abs_p99=0.8832 abs_max=1.1205 legs=0.6615 waist=0.6587 arms=0.6614
[FRAME_DIAG] frame0_abs=0.6623 frame1_abs=0.6603 in_chunk_delta=0.9276 cross_chunk_delta=0.9277
[UPDATE] 33/500 reward_step=-0.04592 chunk=-0.29246 done_frac=0.35471 mean_reward=-2.24904 mean_len=45.63
[SFPO] loss=1.55121 policy_loss=-0.02280 value_loss=1.57401 ratio=1.0008 [0.284,4.570] clip=0.0945 kl=0.007732 grad=0.4413 grad_c=21.1195 lr=0.000100 critic_lr=0.001000
[ROLLOUT] live=18.28 survive=0.01758 per_step=-0.04468 episode_projection=-22.34
[POLICY_DETAIL] samples=22689 raw_samples=49152 mb=5673 micro_mb=5673 logp_delta_abs=0.07538 old_logp=-125.81526 new_logp=-125.82216 adv_abs=0.72257 sde_steps=4
[TRAIN] mean_reward=-2.24904 mean_len=45.63 recent_eps=100 completed_eps=266167
[UPDATE_EFFECT] action_delta=0.00762006 param_rms_delta=0.00054583
[TIME] collect=6.928s update=0.147s
[DONE] timeout=0.00000 anchor_pos=0.73535 anchor_ori=0.54602 ee_body=0.98181
[TRACK_ROLLOUT] anchor_pos=0.71779 anchor_ori=0.42856 body_pos=0.73407 body_ori=0.22492 body_lin=0.30530 body_ang=0.03691
[ACT_SUMMARY] abs_mean=0.6612 abs_p95=0.8139 abs_p99=0.8809 abs_max=1.0922 legs=0.6612 waist=0.6600 arms=0.6615
[FRAME_DIAG] frame0_abs=0.6607 frame1_abs=0.6623 in_chunk_delta=0.9283 cross_chunk_delta=0.9265
[UPDATE] 34/500 reward_step=-0.04577 chunk=-0.29129 done_frac=0.35623 mean_reward=-2.22077 mean_len=45.42
[SFPO] loss=1.63482 policy_loss=-0.02234 value_loss=1.65716 ratio=1.0009 [0.262,3.519] clip=0.0974 kl=0.008029 grad=0.4321 grad_c=36.7628 lr=0.000100 critic_lr=0.001000
[ROLLOUT] live=18.22 survive=0.01575 per_step=-0.04453 episode_projection=-22.26
[POLICY_DETAIL] samples=22634 raw_samples=49152 mb=5659 micro_mb=5659 logp_delta_abs=0.07706 old_logp=-125.80092 new_logp=-125.80794 adv_abs=0.68855 sde_steps=4
[TRAIN] mean_reward=-2.22077 mean_len=45.42 recent_eps=100 completed_eps=274230
[UPDATE_EFFECT] action_delta=0.00784022 param_rms_delta=0.00054057
[TIME] collect=6.958s update=0.145s
[DONE] timeout=0.00000 anchor_pos=0.73999 anchor_ori=0.54529 ee_body=0.98352
[TRACK_ROLLOUT] anchor_pos=0.71713 anchor_ori=0.42916 body_pos=0.73333 body_ori=0.22535 body_lin=0.30340 body_ang=0.03662
[ACT_SUMMARY] abs_mean=0.6609 abs_p95=0.8138 abs_p99=0.8817 abs_max=1.1127 legs=0.6613 waist=0.6583 arms=0.6611
[FRAME_DIAG] frame0_abs=0.6607 frame1_abs=0.6625 in_chunk_delta=0.9270 cross_chunk_delta=0.9259
[UPDATE] 35/500 reward_step=-0.04608 chunk=-0.29365 done_frac=0.35513 mean_reward=-2.25696 mean_len=45.91
[SFPO] loss=1.48045 policy_loss=-0.02256 value_loss=1.50301 ratio=1.0010 [0.192,2.940] clip=0.0992 kl=0.008141 grad=0.4343 grad_c=38.5476 lr=0.000100 critic_lr=0.001000
[ROLLOUT] live=18.29 survive=0.01636 per_step=-0.04480 episode_projection=-22.40
[POLICY_DETAIL] samples=22690 raw_samples=49152 mb=5673 micro_mb=5673 logp_delta_abs=0.07805 old_logp=-125.83094 new_logp=-125.83799 adv_abs=0.68435 sde_steps=4
[TRAIN] mean_reward=-2.25696 mean_len=45.91 recent_eps=100 completed_eps=282288
[UPDATE_EFFECT] action_delta=0.00819745 param_rms_delta=0.00053845
[TIME] collect=7.097s update=0.145s
[DONE] timeout=0.00000 anchor_pos=0.74365 anchor_ori=0.54248 ee_body=0.98254
[TRACK_ROLLOUT] anchor_pos=0.71196 anchor_ori=0.43177 body_pos=0.73212 body_ori=0.22528 body_lin=0.30274 body_ang=0.03682
[ACT_SUMMARY] abs_mean=0.6615 abs_p95=0.8146 abs_p99=0.8820 abs_max=1.0733 legs=0.6617 waist=0.6592 arms=0.6618
[FRAME_DIAG] frame0_abs=0.6612 frame1_abs=0.6619 in_chunk_delta=0.9274 cross_chunk_delta=0.9263
[UPDATE] 36/500 reward_step=-0.04586 chunk=-0.29241 done_frac=0.35462 mean_reward=-2.23685 mean_len=45.91
[SFPO] loss=1.43769 policy_loss=-0.02298 value_loss=1.46067 ratio=1.0012 [0.267,4.421] clip=0.0975 kl=0.008042 grad=0.4357 grad_c=47.6797 lr=0.000100 critic_lr=0.001000
[ROLLOUT] live=18.31 survive=0.01721 per_step=-0.04470 episode_projection=-22.35
[POLICY_DETAIL] samples=22703 raw_samples=49152 mb=5676 micro_mb=5676 logp_delta_abs=0.07722 old_logp=-125.84454 new_logp=-125.85133 adv_abs=0.68923 sde_steps=4
[TRAIN] mean_reward=-2.23685 mean_len=45.91 recent_eps=100 completed_eps=290339
[UPDATE_EFFECT] action_delta=0.00790834 param_rms_delta=0.00053918
[TIME] collect=7.095s update=0.147s
[DONE] timeout=0.00000 anchor_pos=0.74365 anchor_ori=0.52905 ee_body=0.98145
[TRACK_ROLLOUT] anchor_pos=0.71817 anchor_ori=0.42830 body_pos=0.73454 body_ori=0.22565 body_lin=0.30457 body_ang=0.03712
[ACT_SUMMARY] abs_mean=0.6615 abs_p95=0.8154 abs_p99=0.8834 abs_max=1.1223 legs=0.6616 waist=0.6594 arms=0.6619
[FRAME_DIAG] frame0_abs=0.6603 frame1_abs=0.6622 in_chunk_delta=0.9268 cross_chunk_delta=0.9258
[UPDATE] 37/500 reward_step=-0.04605 chunk=-0.29350 done_frac=0.35136 mean_reward=-2.21040 mean_len=45.79
[SFPO] loss=2.09397 policy_loss=-0.02290 value_loss=2.11687 ratio=1.0003 [0.270,5.439] clip=0.0961 kl=0.007928 grad=0.4404 grad_c=78.7021 lr=0.000100 critic_lr=0.001000
[ROLLOUT] live=18.44 survive=0.01880 per_step=-0.04478 episode_projection=-22.39
[POLICY_DETAIL] samples=22877 raw_samples=49152 mb=5720 micro_mb=5720 logp_delta_abs=0.07635 old_logp=-125.84096 new_logp=-125.84847 adv_abs=0.71004 sde_steps=4
[TRAIN] mean_reward=-2.21040 mean_len=45.79 recent_eps=100 completed_eps=298377
[UPDATE_EFFECT] action_delta=0.00793282 param_rms_delta=0.00053931
[TIME] collect=6.988s update=0.147s
[DONE] timeout=0.00000 anchor_pos=0.74060 anchor_ori=0.52649 ee_body=0.98022
[TRACK_ROLLOUT] anchor_pos=0.71356 anchor_ori=0.42872 body_pos=0.73250 body_ori=0.22619 body_lin=0.30543 body_ang=0.03697
[ACT_SUMMARY] abs_mean=0.6622 abs_p95=0.8167 abs_p99=0.8844 abs_max=1.0940 legs=0.6627 waist=0.6582 arms=0.6626
[FRAME_DIAG] frame0_abs=0.6608 frame1_abs=0.6631 in_chunk_delta=0.9272 cross_chunk_delta=0.9270
[UPDATE] 38/500 reward_step=-0.04602 chunk=-0.29416 done_frac=0.34936 mean_reward=-2.17767 mean_len=45.58
[SFPO] loss=2.30464 policy_loss=-0.02215 value_loss=2.32679 ratio=1.0003 [0.296,4.563] clip=0.0975 kl=0.008077 grad=0.4416 grad_c=77.5567 lr=0.000100 critic_lr=0.001000
[ROLLOUT] live=18.59 survive=0.01904 per_step=-0.04483 episode_projection=-22.42
[POLICY_DETAIL] samples=23002 raw_samples=49152 mb=5751 micro_mb=5751 logp_delta_abs=0.07769 old_logp=-125.86276 new_logp=-125.87047 adv_abs=0.68915 sde_steps=4
[TRAIN] mean_reward=-2.17767 mean_len=45.58 recent_eps=100 completed_eps=306413
[UPDATE_EFFECT] action_delta=0.00759812 param_rms_delta=0.00054062
[TIME] collect=6.876s update=0.147s
[DONE] timeout=0.00000 anchor_pos=0.73291 anchor_ori=0.53772 ee_body=0.98010
[TRACK_ROLLOUT] anchor_pos=0.71281 anchor_ori=0.42799 body_pos=0.73282 body_ori=0.22523 body_lin=0.30619 body_ang=0.03733
[ACT_SUMMARY] abs_mean=0.6623 abs_p95=0.8160 abs_p99=0.8844 abs_max=1.0668 legs=0.6627 waist=0.6595 arms=0.6626
[FRAME_DIAG] frame0_abs=0.6621 frame1_abs=0.6631 in_chunk_delta=0.9277 cross_chunk_delta=0.9280
[UPDATE] 39/500 reward_step=-0.04616 chunk=-0.29499 done_frac=0.34808 mean_reward=-2.28393 mean_len=46.07
[SFPO] loss=1.60714 policy_loss=-0.02308 value_loss=1.63021 ratio=1.0020 [0.305,4.130] clip=0.0951 kl=0.007709 grad=0.4416 grad_c=61.6450 lr=0.000100 critic_lr=0.001000
[ROLLOUT] live=18.67 survive=0.01868 per_step=-0.04486 episode_projection=-22.43
[POLICY_DETAIL] samples=23095 raw_samples=49152 mb=5774 micro_mb=5774 logp_delta_abs=0.07584 old_logp=-125.84784 new_logp=-125.85350 adv_abs=0.70663 sde_steps=4
[TRAIN] mean_reward=-2.28393 mean_len=46.07 recent_eps=100 completed_eps=314452
[UPDATE_EFFECT] action_delta=0.00776533 param_rms_delta=0.00053547
[TIME] collect=6.965s update=0.148s
[DONE] timeout=0.00000 anchor_pos=0.74060 anchor_ori=0.52478 ee_body=0.98083
[TRACK_ROLLOUT] anchor_pos=0.70871 anchor_ori=0.42509 body_pos=0.72946 body_ori=0.22526 body_lin=0.30480 body_ang=0.03717
[ACT_SUMMARY] abs_mean=0.6625 abs_p95=0.8163 abs_p99=0.8836 abs_max=1.1146 legs=0.6623 waist=0.6600 arms=0.6631
[FRAME_DIAG] frame0_abs=0.6623 frame1_abs=0.6644 in_chunk_delta=0.9277 cross_chunk_delta=0.9279
[UPDATE] 40/500 reward_step=-0.04605 chunk=-0.29358 done_frac=0.35045 mean_reward=-2.25355 mean_len=46.04
[SFPO] loss=1.96576 policy_loss=-0.02285 value_loss=1.98861 ratio=1.0005 [0.306,4.421] clip=0.0991 kl=0.008158 grad=0.4443 grad_c=43.5242 lr=0.000100 critic_lr=0.001000
[ROLLOUT] live=18.51 survive=0.01758 per_step=-0.04475 episode_projection=-22.38
[POLICY_DETAIL] samples=22965 raw_samples=49152 mb=5742 micro_mb=5742 logp_delta_abs=0.07804 old_logp=-125.86755 new_logp=-125.87508 adv_abs=0.69840 sde_steps=4
[TRAIN] mean_reward=-2.25355 mean_len=46.04 recent_eps=100 completed_eps=322500
[UPDATE_EFFECT] action_delta=0.00802766 param_rms_delta=0.00054044
[TIME] collect=6.832s update=0.148s
[DONE] timeout=0.00000 anchor_pos=0.73682 anchor_ori=0.53027 ee_body=0.98169
[TRACK_ROLLOUT] anchor_pos=0.71059 anchor_ori=0.42968 body_pos=0.73235 body_ori=0.22733 body_lin=0.30544 body_ang=0.03740
[ACT_SUMMARY] abs_mean=0.6628 abs_p95=0.8173 abs_p99=0.8864 abs_max=1.1472 legs=0.6631 waist=0.6596 arms=0.6633
[FRAME_DIAG] frame0_abs=0.6615 frame1_abs=0.6638 in_chunk_delta=0.9276 cross_chunk_delta=0.9263
[UPDATE] 41/500 reward_step=-0.04595 chunk=-0.29376 done_frac=0.34788 mean_reward=-2.15907 mean_len=45.74
[SFPO] loss=1.57856 policy_loss=-0.02298 value_loss=1.60154 ratio=1.0021 [0.272,3.522] clip=0.0979 kl=0.008063 grad=0.4479 grad_c=21.2313 lr=0.000100 critic_lr=0.001000
[ROLLOUT] live=18.68 survive=0.01917 per_step=-0.04468 episode_projection=-22.34
[POLICY_DETAIL] samples=23097 raw_samples=49152 mb=5775 micro_mb=5775 logp_delta_abs=0.07739 old_logp=-125.76548 new_logp=-125.77136 adv_abs=0.72200 sde_steps=4
[TRAIN] mean_reward=-2.15907 mean_len=45.74 recent_eps=100 completed_eps=330535
[UPDATE_EFFECT] action_delta=0.00804879 param_rms_delta=0.00053921
[TIME] collect=6.817s update=0.147s
[DONE] timeout=0.00000 anchor_pos=0.73279 anchor_ori=0.51843 ee_body=0.97998
[TRACK_ROLLOUT] anchor_pos=0.70985 anchor_ori=0.42603 body_pos=0.73152 body_ori=0.22645 body_lin=0.30609 body_ang=0.03757
[ACT_SUMMARY] abs_mean=0.6626 abs_p95=0.8161 abs_p99=0.8844 abs_max=1.1599 legs=0.6625 waist=0.6599 arms=0.6633
[FRAME_DIAG] frame0_abs=0.6614 frame1_abs=0.6639 in_chunk_delta=0.9262 cross_chunk_delta=0.9273
[UPDATE] 42/500 reward_step=-0.04623 chunk=-0.29636 done_frac=0.34716 mean_reward=-2.26326 mean_len=46.37
[SFPO] loss=1.40692 policy_loss=-0.02272 value_loss=1.42965 ratio=1.0012 [0.281,3.184] clip=0.1024 kl=0.008378 grad=0.4473 grad_c=22.6014 lr=0.000100 critic_lr=0.001000
[ROLLOUT] live=18.79 survive=0.01746 per_step=-0.04482 episode_projection=-22.41
[POLICY_DETAIL] samples=23185 raw_samples=49152 mb=5797 micro_mb=5797 logp_delta_abs=0.07964 old_logp=-125.86847 new_logp=-125.87556 adv_abs=0.70367 sde_steps=4
[TRAIN] mean_reward=-2.26326 mean_len=46.37 recent_eps=100 completed_eps=338584
[UPDATE_EFFECT] action_delta=0.00813257 param_rms_delta=0.00053973
[TIME] collect=6.926s update=0.151s
[DONE] timeout=0.00000 anchor_pos=0.72388 anchor_ori=0.50977 ee_body=0.98120
[TRACK_ROLLOUT] anchor_pos=0.70727 anchor_ori=0.42538 body_pos=0.72901 body_ori=0.22552 body_lin=0.30693 body_ang=0.03752
[ACT_SUMMARY] abs_mean=0.6638 abs_p95=0.8176 abs_p99=0.8860 abs_max=1.0999 legs=0.6644 waist=0.6600 arms=0.6641
[FRAME_DIAG] frame0_abs=0.6633 frame1_abs=0.6647 in_chunk_delta=0.9274 cross_chunk_delta=0.9277
[UPDATE] 43/500 reward_step=-0.04611 chunk=-0.29576 done_frac=0.34796 mean_reward=-2.20297 mean_len=45.54
[SFPO] loss=1.43599 policy_loss=-0.02216 value_loss=1.45814 ratio=1.0017 [0.233,3.381] clip=0.1042 kl=0.008613 grad=0.4414 grad_c=38.5382 lr=0.000100 critic_lr=0.001000
[ROLLOUT] live=18.76 survive=0.01758 per_step=-0.04468 episode_projection=-22.34
[POLICY_DETAIL] samples=23129 raw_samples=49152 mb=5783 micro_mb=5783 logp_delta_abs=0.08071 old_logp=-125.87908 new_logp=-125.88593 adv_abs=0.68189 sde_steps=4
[TRAIN] mean_reward=-2.20297 mean_len=45.54 recent_eps=100 completed_eps=346632
[UPDATE_EFFECT] action_delta=0.00830766 param_rms_delta=0.00053499
[TIME] collect=6.864s update=0.166s
[DONE] timeout=0.00000 anchor_pos=0.72693 anchor_ori=0.52600 ee_body=0.98145
[TRACK_ROLLOUT] anchor_pos=0.70747 anchor_ori=0.43016 body_pos=0.72887 body_ori=0.22684 body_lin=0.30687 body_ang=0.03779
[ACT_SUMMARY] abs_mean=0.6635 abs_p95=0.8173 abs_p99=0.8870 abs_max=1.0800 legs=0.6639 waist=0.6585 arms=0.6642
[FRAME_DIAG] frame0_abs=0.6617 frame1_abs=0.6652 in_chunk_delta=0.9266 cross_chunk_delta=0.9265
[UPDATE] 44/500 reward_step=-0.04617 chunk=-0.29679 done_frac=0.34468 mean_reward=-2.22963 mean_len=45.85
[SFPO] loss=1.70387 policy_loss=-0.02245 value_loss=1.72631 ratio=1.0004 [0.297,6.205] clip=0.1027 kl=0.008524 grad=0.4474 grad_c=36.8237 lr=0.000100 critic_lr=0.001000
[ROLLOUT] live=18.94 survive=0.01965 per_step=-0.04472 episode_projection=-22.36
[POLICY_DETAIL] samples=23300 raw_samples=49152 mb=5825 micro_mb=5825 logp_delta_abs=0.07991 old_logp=-125.83498 new_logp=-125.84305 adv_abs=0.68384 sde_steps=4
[TRAIN] mean_reward=-2.22963 mean_len=45.85 recent_eps=100 completed_eps=354663
[UPDATE_EFFECT] action_delta=0.00823259 param_rms_delta=0.00053494
[TIME] collect=6.883s update=0.150s
[DONE] timeout=0.00000 anchor_pos=0.73254 anchor_ori=0.52454 ee_body=0.97925
[TRACK_ROLLOUT] anchor_pos=0.70639 anchor_ori=0.43303 body_pos=0.72934 body_ori=0.22545 body_lin=0.30858 body_ang=0.03828
[ACT_SUMMARY] abs_mean=0.6643 abs_p95=0.8183 abs_p99=0.8854 abs_max=1.0845 legs=0.6640 waist=0.6594 arms=0.6656
[FRAME_DIAG] frame0_abs=0.6633 frame1_abs=0.6645 in_chunk_delta=0.9273 cross_chunk_delta=0.9270
[UPDATE] 45/500 reward_step=-0.04627 chunk=-0.29744 done_frac=0.34389 mean_reward=-2.17950 mean_len=46.33
[SFPO] loss=1.55072 policy_loss=-0.02350 value_loss=1.57422 ratio=1.0009 [0.232,3.523] clip=0.1082 kl=0.009080 grad=0.4571 grad_c=34.6520 lr=0.000100 critic_lr=0.001000
[ROLLOUT] live=19.00 survive=0.01880 per_step=-0.04492 episode_projection=-22.46
[POLICY_DETAIL] samples=23374 raw_samples=49152 mb=5844 micro_mb=5844 logp_delta_abs=0.08262 old_logp=-125.83876 new_logp=-125.84680 adv_abs=0.72004 sde_steps=4
[TRAIN] mean_reward=-2.17950 mean_len=46.33 recent_eps=100 completed_eps=362701
[UPDATE_EFFECT] action_delta=0.00850693 param_rms_delta=0.00053660
[TIME] collect=6.937s update=0.148s
[DONE] timeout=0.00000 anchor_pos=0.73669 anchor_ori=0.51245 ee_body=0.98059
[TRACK_ROLLOUT] anchor_pos=0.70650 anchor_ori=0.43219 body_pos=0.72701 body_ori=0.22430 body_lin=0.31044 body_ang=0.03805
[ACT_SUMMARY] abs_mean=0.6645 abs_p95=0.8189 abs_p99=0.8862 abs_max=1.0766 legs=0.6648 waist=0.6595 arms=0.6653
[FRAME_DIAG] frame0_abs=0.6625 frame1_abs=0.6659 in_chunk_delta=0.9275 cross_chunk_delta=0.9266
[UPDATE] 46/500 reward_step=-0.04614 chunk=-0.29751 done_frac=0.34273 mean_reward=-2.16986 mean_len=45.79
[SFPO] loss=2.08215 policy_loss=-0.02287 value_loss=2.10502 ratio=1.0016 [0.231,3.277] clip=0.1024 kl=0.008526 grad=0.4617 grad_c=86.0411 lr=0.000100 critic_lr=0.001000
[ROLLOUT] live=19.10 survive=0.02002 per_step=-0.04480 episode_projection=-22.40
[POLICY_DETAIL] samples=23424 raw_samples=49152 mb=5856 micro_mb=5856 logp_delta_abs=0.07951 old_logp=-125.80494 new_logp=-125.81181 adv_abs=0.71853 sde_steps=4
[TRAIN] mean_reward=-2.16986 mean_len=45.79 recent_eps=100 completed_eps=370729
[UPDATE_EFFECT] action_delta=0.00847113 param_rms_delta=0.00053628
[TIME] collect=7.078s update=0.149s
[DONE] timeout=0.00000 anchor_pos=0.73376 anchor_ori=0.51880 ee_body=0.97937
[TRACK_ROLLOUT] anchor_pos=0.70595 anchor_ori=0.43051 body_pos=0.72898 body_ori=0.22478 body_lin=0.30913 body_ang=0.03825
[ACT_SUMMARY] abs_mean=0.6646 abs_p95=0.8190 abs_p99=0.8888 abs_max=1.0879 legs=0.6651 waist=0.6594 arms=0.6653
[FRAME_DIAG] frame0_abs=0.6637 frame1_abs=0.6651 in_chunk_delta=0.9265 cross_chunk_delta=0.9264
[UPDATE] 47/500 reward_step=-0.04634 chunk=-0.29794 done_frac=0.34407 mean_reward=-2.25421 mean_len=46.23
[SFPO] loss=2.04238 policy_loss=-0.02326 value_loss=2.06564 ratio=1.0002 [0.247,3.540] clip=0.1070 kl=0.008876 grad=0.4673 grad_c=91.3828 lr=0.000100 critic_lr=0.001000
[ROLLOUT] live=18.98 survive=0.01941 per_step=-0.04484 episode_projection=-22.42
[POLICY_DETAIL] samples=23347 raw_samples=49152 mb=5837 micro_mb=5837 logp_delta_abs=0.08201 old_logp=-125.81673 new_logp=-125.82529 adv_abs=0.72211 sde_steps=4
[TRAIN] mean_reward=-2.25421 mean_len=46.23 recent_eps=100 completed_eps=378762
[UPDATE_EFFECT] action_delta=0.00860727 param_rms_delta=0.00053870
[TIME] collect=7.253s update=0.149s
[DONE] timeout=0.00000 anchor_pos=0.73291 anchor_ori=0.51086 ee_body=0.97961
[TRACK_ROLLOUT] anchor_pos=0.70090 anchor_ori=0.43304 body_pos=0.72504 body_ori=0.22626 body_lin=0.30662 body_ang=0.03779
[ACT_SUMMARY] abs_mean=0.6649 abs_p95=0.8198 abs_p99=0.8895 abs_max=1.0976 legs=0.6650 waist=0.6597 arms=0.6660
[FRAME_DIAG] frame0_abs=0.6632 frame1_abs=0.6671 in_chunk_delta=0.9265 cross_chunk_delta=0.9269
[UPDATE] 48/500 reward_step=-0.04639 chunk=-0.29868 done_frac=0.34354 mean_reward=-2.20142 mean_len=46.25
[SFPO] loss=2.01679 policy_loss=-0.02294 value_loss=2.03972 ratio=1.0009 [0.260,3.671] clip=0.1078 kl=0.009035 grad=0.4601 grad_c=88.2326 lr=0.000100 critic_lr=0.001000
[ROLLOUT] live=19.01 survive=0.02075 per_step=-0.04499 episode_projection=-22.49
[POLICY_DETAIL] samples=23351 raw_samples=49152 mb=5838 micro_mb=5838 logp_delta_abs=0.08234 old_logp=-125.81327 new_logp=-125.82133 adv_abs=0.68446 sde_steps=4
[TRAIN] mean_reward=-2.20142 mean_len=46.25 recent_eps=100 completed_eps=386784
[UPDATE_EFFECT] action_delta=0.00914141 param_rms_delta=0.00053865
[TIME] collect=7.068s update=0.149s
[DONE] timeout=0.00000 anchor_pos=0.72461 anchor_ori=0.51221 ee_body=0.97876
[TRACK_ROLLOUT] anchor_pos=0.70614 anchor_ori=0.43064 body_pos=0.72631 body_ori=0.22601 body_lin=0.31033 body_ang=0.03844
[ACT_SUMMARY] abs_mean=0.6657 abs_p95=0.8203 abs_p99=0.8883 abs_max=1.0872 legs=0.6661 waist=0.6596 arms=0.6666
[FRAME_DIAG] frame0_abs=0.6634 frame1_abs=0.6671 in_chunk_delta=0.9270 cross_chunk_delta=0.9273
[UPDATE] 49/500 reward_step=-0.04634 chunk=-0.29935 done_frac=0.33777 mean_reward=-2.17510 mean_len=46.08
[SFPO] loss=2.01788 policy_loss=-0.02256 value_loss=2.04044 ratio=1.0004 [0.232,4.591] clip=0.1105 kl=0.009309 grad=0.4593 grad_c=39.1242 lr=0.000100 critic_lr=0.001000
[ROLLOUT] live=19.41 survive=0.02002 per_step=-0.04498 episode_projection=-22.49
[POLICY_DETAIL] samples=23768 raw_samples=49152 mb=5942 micro_mb=5942 logp_delta_abs=0.08388 old_logp=-125.82080 new_logp=-125.82955 adv_abs=0.69602 sde_steps=4
[TRAIN] mean_reward=-2.17510 mean_len=46.08 recent_eps=100 completed_eps=394812
[UPDATE_EFFECT] action_delta=0.00881352 param_rms_delta=0.00053165
[TIME] collect=7.314s update=0.149s
[DONE] timeout=0.00000 anchor_pos=0.72961 anchor_ori=0.51965 ee_body=0.97888
[TRACK_ROLLOUT] anchor_pos=0.70375 anchor_ori=0.43069 body_pos=0.72546 body_ori=0.22394 body_lin=0.31395 body_ang=0.03894
[ACT_SUMMARY] abs_mean=0.6660 abs_p95=0.8217 abs_p99=0.8912 abs_max=1.1345 legs=0.6659 waist=0.6594 arms=0.6674
[FRAME_DIAG] frame0_abs=0.6640 frame1_abs=0.6656 in_chunk_delta=0.9271 cross_chunk_delta=0.9274
[UPDATE] 50/500 reward_step=-0.04628 chunk=-0.29941 done_frac=0.33582 mean_reward=-2.24289 mean_len=46.41
[SFPO] loss=1.82894 policy_loss=-0.02277 value_loss=1.85171 ratio=1.0004 [0.258,3.895] clip=0.1018 kl=0.008406 grad=0.4627 grad_c=37.4110 lr=0.000100 critic_lr=0.001000
[ROLLOUT] live=19.51 survive=0.02234 per_step=-0.04486 episode_projection=-22.43
[POLICY_DETAIL] samples=23849 raw_samples=49152 mb=5963 micro_mb=5963 logp_delta_abs=0.07963 old_logp=-125.81536 new_logp=-125.82329 adv_abs=0.69202 sde_steps=4
[TRAIN] mean_reward=-2.24289 mean_len=46.41 recent_eps=100 completed_eps=402821
[UPDATE_EFFECT] action_delta=0.00804149 param_rms_delta=0.00053220
[TIME] collect=7.057s update=0.150s
[DONE] timeout=0.00000 anchor_pos=0.72107 anchor_ori=0.50391 ee_body=0.97668
[TRACK_ROLLOUT] anchor_pos=0.69818 anchor_ori=0.42854 body_pos=0.72586 body_ori=0.22548 body_lin=0.31064 body_ang=0.03905
[ACT_SUMMARY] abs_mean=0.6660 abs_p95=0.8204 abs_p99=0.8893 abs_max=1.1171 legs=0.6665 waist=0.6601 arms=0.6668
[FRAME_DIAG] frame0_abs=0.6640 frame1_abs=0.6679 in_chunk_delta=0.9263 cross_chunk_delta=0.9258
[UPDATE] 51/500 reward_step=-0.04640 chunk=-0.30049 done_frac=0.33550 mean_reward=-2.24802 mean_len=45.87
[SFPO] loss=1.63900 policy_loss=-0.02259 value_loss=1.66159 ratio=1.0003 [0.251,4.189] clip=0.1067 kl=0.008803 grad=0.4563 grad_c=30.8910 lr=0.000100 critic_lr=0.001000
[ROLLOUT] live=19.56 survive=0.02161 per_step=-0.04490 episode_projection=-22.45
[POLICY_DETAIL] samples=23890 raw_samples=49152 mb=5973 micro_mb=5973 logp_delta_abs=0.08181 old_logp=-125.82043 new_logp=-125.82882 adv_abs=0.68173 sde_steps=4
[TRAIN] mean_reward=-2.24802 mean_len=45.87 recent_eps=100 completed_eps=410836
[UPDATE_EFFECT] action_delta=0.00866432 param_rms_delta=0.00052890
[TIME] collect=7.034s update=0.157s
[DONE] timeout=0.00000 anchor_pos=0.72168 anchor_ori=0.50793 ee_body=0.97729
[TRACK_ROLLOUT] anchor_pos=0.69582 anchor_ori=0.43375 body_pos=0.72377 body_ori=0.22372 body_lin=0.31199 body_ang=0.03915
[ACT_SUMMARY] abs_mean=0.6669 abs_p95=0.8214 abs_p99=0.8906 abs_max=1.1128 legs=0.6676 waist=0.6598 arms=0.6679
[FRAME_DIAG] frame0_abs=0.6651 frame1_abs=0.6675 in_chunk_delta=0.9267 cross_chunk_delta=0.9269
[UPDATE] 52/500 reward_step=-0.04626 chunk=-0.30046 done_frac=0.33404 mean_reward=-2.13185 mean_len=45.95
[SFPO] loss=1.67674 policy_loss=-0.02228 value_loss=1.69902 ratio=1.0013 [0.238,3.673] clip=0.1065 kl=0.008761 grad=0.4603 grad_c=35.4707 lr=0.000100 critic_lr=0.001000
[ROLLOUT] live=19.66 survive=0.02368 per_step=-0.04495 episode_projection=-22.47
[POLICY_DETAIL] samples=23943 raw_samples=49152 mb=5986 micro_mb=5986 logp_delta_abs=0.08182 old_logp=-125.86826 new_logp=-125.87562 adv_abs=0.68323 sde_steps=4
[TRAIN] mean_reward=-2.13185 mean_len=45.95 recent_eps=100 completed_eps=418834
[UPDATE_EFFECT] action_delta=0.00839035 param_rms_delta=0.00052630
[TIME] collect=7.055s update=0.151s
[DONE] timeout=0.00000 anchor_pos=0.72986 anchor_ori=0.50891 ee_body=0.97546
[TRACK_ROLLOUT] anchor_pos=0.70016 anchor_ori=0.43319 body_pos=0.72642 body_ori=0.22356 body_lin=0.31396 body_ang=0.03957
[ACT_SUMMARY] abs_mean=0.6670 abs_p95=0.8230 abs_p99=0.8924 abs_max=1.1365 legs=0.6680 waist=0.6586 arms=0.6681
[FRAME_DIAG] frame0_abs=0.6645 frame1_abs=0.6678 in_chunk_delta=0.9257 cross_chunk_delta=0.9267
[UPDATE] 53/500 reward_step=-0.04651 chunk=-0.30125 done_frac=0.33447 mean_reward=-2.20909 mean_len=45.82
[SFPO] loss=1.89826 policy_loss=-0.02258 value_loss=1.92084 ratio=1.0016 [0.209,3.228] clip=0.1093 kl=0.009071 grad=0.4624 grad_c=75.1385 lr=0.000100 critic_lr=0.001000
[ROLLOUT] live=19.62 survive=0.02185 per_step=-0.04506 episode_projection=-22.53
[POLICY_DETAIL] samples=23957 raw_samples=49152 mb=5990 micro_mb=5990 logp_delta_abs=0.08309 old_logp=-125.82028 new_logp=-125.82764 adv_abs=0.70124 sde_steps=4
[TRAIN] mean_reward=-2.20909 mean_len=45.82 recent_eps=100 completed_eps=426847
[UPDATE_EFFECT] action_delta=0.00885390 param_rms_delta=0.00052833
[TIME] collect=7.315s update=0.157s
[DONE] timeout=0.00000 anchor_pos=0.72241 anchor_ori=0.50171 ee_body=0.97729
[TRACK_ROLLOUT] anchor_pos=0.69603 anchor_ori=0.43538 body_pos=0.72314 body_ori=0.22498 body_lin=0.31313 body_ang=0.03961
[ACT_SUMMARY] abs_mean=0.6681 abs_p95=0.8241 abs_p99=0.8935 abs_max=1.1268 legs=0.6682 waist=0.6606 arms=0.6696
[FRAME_DIAG] frame0_abs=0.6649 frame1_abs=0.6695 in_chunk_delta=0.9273 cross_chunk_delta=0.9261
[UPDATE] 54/500 reward_step=-0.04631 chunk=-0.30055 done_frac=0.33514 mean_reward=-2.20046 mean_len=45.94
[SFPO] loss=1.65865 policy_loss=-0.02238 value_loss=1.68103 ratio=0.9999 [0.216,2.944] clip=0.1119 kl=0.009293 grad=0.4676 grad_c=82.9584 lr=0.000100 critic_lr=0.001000
[ROLLOUT] live=19.64 survive=0.02100 per_step=-0.04481 episode_projection=-22.41
[POLICY_DETAIL] samples=23930 raw_samples=49152 mb=5983 micro_mb=5983 logp_delta_abs=0.08462 old_logp=-125.84571 new_logp=-125.85503 adv_abs=0.68671 sde_steps=4
[TRAIN] mean_reward=-2.20046 mean_len=45.94 recent_eps=100 completed_eps=434867
[UPDATE_EFFECT] action_delta=0.00840229 param_rms_delta=0.00052502
[TIME] collect=7.094s update=0.156s
[DONE] timeout=0.00000 anchor_pos=0.72424 anchor_ori=0.50208 ee_body=0.97803
[TRACK_ROLLOUT] anchor_pos=0.69539 anchor_ori=0.43869 body_pos=0.72323 body_ori=0.22507 body_lin=0.31443 body_ang=0.03963
[ACT_SUMMARY] abs_mean=0.6680 abs_p95=0.8245 abs_p99=0.8945 abs_max=1.0982 legs=0.6687 waist=0.6593 arms=0.6692
[FRAME_DIAG] frame0_abs=0.6658 frame1_abs=0.6688 in_chunk_delta=0.9261 cross_chunk_delta=0.9276
[UPDATE] 55/500 reward_step=-0.04637 chunk=-0.30225 done_frac=0.32989 mean_reward=-2.19004 mean_len=46.01
[SFPO] loss=1.55535 policy_loss=-0.02177 value_loss=1.57712 ratio=1.0008 [0.242,5.235] clip=0.1073 kl=0.008900 grad=0.4685 grad_c=47.9705 lr=0.000100 critic_lr=0.001000
[ROLLOUT] live=19.99 survive=0.02295 per_step=-0.04486 episode_projection=-22.43
[POLICY_DETAIL] samples=24263 raw_samples=49152 mb=6066 micro_mb=6066 logp_delta_abs=0.08230 old_logp=-125.79554 new_logp=-125.80357 adv_abs=0.68479 sde_steps=4
[TRAIN] mean_reward=-2.19004 mean_len=46.01 recent_eps=100 completed_eps=442871
[UPDATE_EFFECT] action_delta=0.00809799 param_rms_delta=0.00052412
[TIME] collect=7.285s update=0.152s
[DONE] timeout=0.00000 anchor_pos=0.73022 anchor_ori=0.50183 ee_body=0.97607
[TRACK_ROLLOUT] anchor_pos=0.69397 anchor_ori=0.43203 body_pos=0.72300 body_ori=0.22183 body_lin=0.31493 body_ang=0.03977
[ACT_SUMMARY] abs_mean=0.6681 abs_p95=0.8244 abs_p99=0.8949 abs_max=1.1535 legs=0.6689 waist=0.6588 arms=0.6694
[FRAME_DIAG] frame0_abs=0.6648 frame1_abs=0.6700 in_chunk_delta=0.9259 cross_chunk_delta=0.9250
[UPDATE] 56/500 reward_step=-0.04674 chunk=-0.30530 done_frac=0.32932 mean_reward=-2.24832 mean_len=46.10
[SFPO] loss=1.62975 policy_loss=-0.02205 value_loss=1.65180 ratio=1.0007 [0.206,4.757] clip=0.1118 kl=0.009310 grad=0.4699 grad_c=35.7856 lr=0.000100 critic_lr=0.001000
[ROLLOUT] live=20.04 survive=0.02454 per_step=-0.04510 episode_projection=-22.55
[POLICY_DETAIL] samples=24265 raw_samples=49152 mb=6067 micro_mb=6067 logp_delta_abs=0.08431 old_logp=-125.88744 new_logp=-125.89593 adv_abs=0.68222 sde_steps=4
[TRAIN] mean_reward=-2.24832 mean_len=46.10 recent_eps=100 completed_eps=450862
[UPDATE_EFFECT] action_delta=0.00843749 param_rms_delta=0.00052571
[TIME] collect=7.071s update=0.152s
[DONE] timeout=0.00000 anchor_pos=0.71655 anchor_ori=0.49060 ee_body=0.97437
[TRACK_ROLLOUT] anchor_pos=0.69013 anchor_ori=0.43079 body_pos=0.71880 body_ori=0.22235 body_lin=0.31356 body_ang=0.03968
[ACT_SUMMARY] abs_mean=0.6692 abs_p95=0.8254 abs_p99=0.8950 abs_max=1.1215 legs=0.6699 waist=0.6584 arms=0.6709
[FRAME_DIAG] frame0_abs=0.6656 frame1_abs=0.6700 in_chunk_delta=0.9265 cross_chunk_delta=0.9274
[UPDATE] 57/500 reward_step=-0.04637 chunk=-0.30219 done_frac=0.33274 mean_reward=-2.22590 mean_len=45.76
[SFPO] loss=1.58937 policy_loss=-0.02411 value_loss=1.61347 ratio=1.0004 [0.168,3.805] clip=0.1177 kl=0.009915 grad=0.4862 grad_c=25.4436 lr=0.000100 critic_lr=0.001000
[ROLLOUT] live=19.91 survive=0.01831 per_step=-0.04486 episode_projection=-22.43
[POLICY_DETAIL] samples=24169 raw_samples=49152 mb=6043 micro_mb=6043 logp_delta_abs=0.08715 old_logp=-125.84158 new_logp=-125.85088 adv_abs=0.73523 sde_steps=4
[TRAIN] mean_reward=-2.22590 mean_len=45.76 recent_eps=100 completed_eps=458904
[UPDATE_EFFECT] action_delta=0.00847971 param_rms_delta=0.00053382
[TIME] collect=7.110s update=0.150s
[DONE] timeout=0.00000 anchor_pos=0.72998 anchor_ori=0.49463 ee_body=0.98010
[TRACK_ROLLOUT] anchor_pos=0.69305 anchor_ori=0.43771 body_pos=0.72150 body_ori=0.22344 body_lin=0.31639 body_ang=0.04037
[ACT_SUMMARY] abs_mean=0.6693 abs_p95=0.8261 abs_p99=0.8953 abs_max=1.1671 legs=0.6705 waist=0.6606 arms=0.6702
[FRAME_DIAG] frame0_abs=0.6663 frame1_abs=0.6706 in_chunk_delta=0.9258 cross_chunk_delta=0.9262
[UPDATE] 58/500 reward_step=-0.04657 chunk=-0.30502 done_frac=0.32758 mean_reward=-2.18403 mean_len=46.29
[SFPO] loss=1.75763 policy_loss=-0.02189 value_loss=1.77952 ratio=1.0007 [0.221,3.263] clip=0.1113 kl=0.009324 grad=0.4864 grad_c=62.1132 lr=0.000100 critic_lr=0.001000
[ROLLOUT] live=20.20 survive=0.02441 per_step=-0.04496 episode_projection=-22.48
[POLICY_DETAIL] samples=24397 raw_samples=49152 mb=6100 micro_mb=6100 logp_delta_abs=0.08420 old_logp=-125.75482 new_logp=-125.76339 adv_abs=0.71064 sde_steps=4
[TRAIN] mean_reward=-2.18403 mean_len=46.29 recent_eps=100 completed_eps=466896
[UPDATE_EFFECT] action_delta=0.00836870 param_rms_delta=0.00052807
[TIME] collect=6.981s update=0.152s
[DONE] timeout=0.00000 anchor_pos=0.72156 anchor_ori=0.49707 ee_body=0.97412
[TRACK_ROLLOUT] anchor_pos=0.68829 anchor_ori=0.43079 body_pos=0.71785 body_ori=0.22028 body_lin=0.31388 body_ang=0.03989
[ACT_SUMMARY] abs_mean=0.6691 abs_p95=0.8256 abs_p99=0.8963 abs_max=1.1508 legs=0.6697 waist=0.6599 arms=0.6705
[FRAME_DIAG] frame0_abs=0.6662 frame1_abs=0.6696 in_chunk_delta=0.9253 cross_chunk_delta=0.9263
[UPDATE] 59/500 reward_step=-0.04648 chunk=-0.30430 done_frac=0.32758 mean_reward=-2.26835 mean_len=46.12
[SFPO] loss=2.15539 policy_loss=-0.02247 value_loss=2.17786 ratio=1.0006 [0.260,4.320] clip=0.1093 kl=0.008950 grad=0.4895 grad_c=50.8746 lr=0.000100 critic_lr=0.001000
[ROLLOUT] live=20.19 survive=0.02454 per_step=-0.04495 episode_projection=-22.48
[POLICY_DETAIL] samples=24394 raw_samples=49152 mb=6099 micro_mb=6099 logp_delta_abs=0.08307 old_logp=-125.82993 new_logp=-125.83818 adv_abs=0.70712 sde_steps=4
[TRAIN] mean_reward=-2.26835 mean_len=46.12 recent_eps=100 completed_eps=474887
[UPDATE_EFFECT] action_delta=0.00804176 param_rms_delta=0.00052981
[TIME] collect=7.030s update=0.152s
[DONE] timeout=0.00000 anchor_pos=0.72046 anchor_ori=0.48816 ee_body=0.97424
[TRACK_ROLLOUT] anchor_pos=0.68902 anchor_ori=0.43238 body_pos=0.71843 body_ori=0.22286 body_lin=0.31637 body_ang=0.04044
[ACT_SUMMARY] abs_mean=0.6696 abs_p95=0.8273 abs_p99=0.8988 abs_max=1.1114 legs=0.6707 waist=0.6594 arms=0.6708
[FRAME_DIAG] frame0_abs=0.6658 frame1_abs=0.6705 in_chunk_delta=0.9258 cross_chunk_delta=0.9264
[UPDATE] 60/500 reward_step=-0.04671 chunk=-0.30598 done_frac=0.32796 mean_reward=-2.21888 mean_len=46.03
[SFPO] loss=2.08628 policy_loss=-0.02189 value_loss=2.10817 ratio=1.0002 [0.250,3.453] clip=0.1071 kl=0.008886 grad=0.4830 grad_c=60.9351 lr=0.000100 critic_lr=0.001000
[ROLLOUT] live=20.20 survive=0.02356 per_step=-0.04496 episode_projection=-22.48
[POLICY_DETAIL] samples=24390 raw_samples=49152 mb=6098 micro_mb=6098 logp_delta_abs=0.08240 old_logp=-125.85250 new_logp=-125.86110 adv_abs=0.68377 sde_steps=4
[TRAIN] mean_reward=-2.21888 mean_len=46.03 recent_eps=100 completed_eps=482886
[UPDATE_EFFECT] action_delta=0.00784573 param_rms_delta=0.00052592
[TIME] collect=6.857s update=0.156s
[DONE] timeout=0.00000 anchor_pos=0.72205 anchor_ori=0.48853 ee_body=0.97583
[TRACK_ROLLOUT] anchor_pos=0.68478 anchor_ori=0.43387 body_pos=0.71590 body_ori=0.22100 body_lin=0.31572 body_ang=0.04022
[ACT_SUMMARY] abs_mean=0.6701 abs_p95=0.8269 abs_p99=0.8988 abs_max=1.1420 legs=0.6712 waist=0.6589 arms=0.6716
[FRAME_DIAG] frame0_abs=0.6671 frame1_abs=0.6707 in_chunk_delta=0.9259 cross_chunk_delta=0.9265
[UPDATE] 61/500 reward_step=-0.04666 chunk=-0.30583 done_frac=0.32686 mean_reward=-2.13593 mean_len=45.93
[SFPO] loss=2.19270 policy_loss=-0.02346 value_loss=2.21616 ratio=1.0002 [0.185,3.282] clip=0.1133 kl=0.009433 grad=0.5026 grad_c=82.5294 lr=0.000100 critic_lr=0.001000
[ROLLOUT] live=20.24 survive=0.02576 per_step=-0.04501 episode_projection=-22.51
[POLICY_DETAIL] samples=24417 raw_samples=49152 mb=6105 micro_mb=6105 logp_delta_abs=0.08510 old_logp=-125.85393 new_logp=-125.86302 adv_abs=0.74060 sde_steps=4
[TRAIN] mean_reward=-2.13593 mean_len=45.93 recent_eps=100 completed_eps=490867
[UPDATE_EFFECT] action_delta=0.00809575 param_rms_delta=0.00053128
[TIME] collect=7.317s update=0.152s
[DONE] timeout=0.00000 anchor_pos=0.71655 anchor_ori=0.48328 ee_body=0.97229
[TRACK_ROLLOUT] anchor_pos=0.68735 anchor_ori=0.43430 body_pos=0.71703 body_ori=0.22268 body_lin=0.31545 body_ang=0.04001
[ACT_SUMMARY] abs_mean=0.6706 abs_p95=0.8282 abs_p99=0.8977 abs_max=1.1179 legs=0.6716 waist=0.6589 arms=0.6722
[FRAME_DIAG] frame0_abs=0.6661 frame1_abs=0.6702 in_chunk_delta=0.9255 cross_chunk_delta=0.9264
[UPDATE] 62/500 reward_step=-0.04688 chunk=-0.30742 done_frac=0.32468 mean_reward=-2.30664 mean_len=46.00
[SFPO] loss=2.08644 policy_loss=-0.02274 value_loss=2.10918 ratio=1.0010 [0.279,3.578] clip=0.1113 kl=0.009235 grad=0.5015 grad_c=79.9314 lr=0.000100 critic_lr=0.001000
[ROLLOUT] live=20.42 survive=0.02405 per_step=-0.04519 episode_projection=-22.60
[POLICY_DETAIL] samples=24624 raw_samples=49152 mb=6156 micro_mb=6156 logp_delta_abs=0.08435 old_logp=-125.83009 new_logp=-125.83819 adv_abs=0.72508 sde_steps=4
[TRAIN] mean_reward=-2.30664 mean_len=46.00 recent_eps=100 completed_eps=498862
[UPDATE_EFFECT] action_delta=0.00792341 param_rms_delta=0.00052648
[TIME] collect=6.925s update=0.152s
[DONE] timeout=0.00000 anchor_pos=0.72876 anchor_ori=0.48010 ee_body=0.97485
[TRACK_ROLLOUT] anchor_pos=0.68269 anchor_ori=0.43399 body_pos=0.71605 body_ori=0.22064 body_lin=0.31618 body_ang=0.04042
[ACT_SUMMARY] abs_mean=0.6709 abs_p95=0.8293 abs_p99=0.8990 abs_max=1.1626 legs=0.6721 waist=0.6596 arms=0.6724
[FRAME_DIAG] frame0_abs=0.6658 frame1_abs=0.6722 in_chunk_delta=0.9263 cross_chunk_delta=0.9276
[UPDATE] 63/500 reward_step=-0.04679 chunk=-0.30764 done_frac=0.32409 mean_reward=-2.17678 mean_len=46.19
[SFPO] loss=1.86342 policy_loss=-0.02255 value_loss=1.88597 ratio=1.0005 [0.182,3.562] clip=0.1140 kl=0.009580 grad=0.4992 grad_c=49.7708 lr=0.000100 critic_lr=0.001000
[ROLLOUT] live=20.53 survive=0.02307 per_step=-0.04511 episode_projection=-22.56
[POLICY_DETAIL] samples=24694 raw_samples=49152 mb=6174 micro_mb=6174 logp_delta_abs=0.08602 old_logp=-125.82003 new_logp=-125.82900 adv_abs=0.70614 sde_steps=4
[TRAIN] mean_reward=-2.17678 mean_len=46.19 recent_eps=100 completed_eps=506865
[UPDATE_EFFECT] action_delta=0.00832528 param_rms_delta=0.00052562
[TIME] collect=6.861s update=0.153s
[DONE] timeout=0.00000 anchor_pos=0.72009 anchor_ori=0.48596 ee_body=0.97607
[TRACK_ROLLOUT] anchor_pos=0.68032 anchor_ori=0.43206 body_pos=0.71466 body_ori=0.22064 body_lin=0.31476 body_ang=0.04022
[ACT_SUMMARY] abs_mean=0.6711 abs_p95=0.8292 abs_p99=0.9005 abs_max=1.0848 legs=0.6720 waist=0.6605 arms=0.6725
[FRAME_DIAG] frame0_abs=0.6655 frame1_abs=0.6721 in_chunk_delta=0.9260 cross_chunk_delta=0.9267
[UPDATE] 64/500 reward_step=-0.04704 chunk=-0.30980 done_frac=0.32076 mean_reward=-2.22151 mean_len=46.28
[SFPO] loss=1.82681 policy_loss=-0.02325 value_loss=1.85006 ratio=1.0004 [0.241,3.493] clip=0.1171 kl=0.009664 grad=0.5184 grad_c=36.2945 lr=0.000100 critic_lr=0.001000
[ROLLOUT] live=20.68 survive=0.02734 per_step=-0.04534 episode_projection=-22.67
[POLICY_DETAIL] samples=24841 raw_samples=49152 mb=6211 micro_mb=6211 logp_delta_abs=0.08759 old_logp=-125.81150 new_logp=-125.82062 adv_abs=0.73648 sde_steps=4
[TRAIN] mean_reward=-2.22151 mean_len=46.28 recent_eps=100 completed_eps=514833
[UPDATE_EFFECT] action_delta=0.00780186 param_rms_delta=0.00052826
[TIME] collect=7.093s update=0.157s
[DONE] timeout=0.00000 anchor_pos=0.71985 anchor_ori=0.48022 ee_body=0.97168
[TRACK_ROLLOUT] anchor_pos=0.67732 anchor_ori=0.42985 body_pos=0.71269 body_ori=0.21902 body_lin=0.31527 body_ang=0.04052
[ACT_SUMMARY] abs_mean=0.6714 abs_p95=0.8294 abs_p99=0.9010 abs_max=1.1565 legs=0.6726 waist=0.6597 arms=0.6728
[FRAME_DIAG] frame0_abs=0.6670 frame1_abs=0.6726 in_chunk_delta=0.9258 cross_chunk_delta=0.9261
[UPDATE] 65/500 reward_step=-0.04698 chunk=-0.30949 done_frac=0.31933 mean_reward=-2.24290 mean_len=46.45
[SFPO] loss=1.96242 policy_loss=-0.02200 value_loss=1.98442 ratio=1.0003 [0.194,6.388] clip=0.1137 kl=0.009490 grad=0.5200 grad_c=28.5912 lr=0.000100 critic_lr=0.001000
[ROLLOUT] live=20.80 survive=0.02673 per_step=-0.04523 episode_projection=-22.62
[POLICY_DETAIL] samples=24968 raw_samples=49152 mb=6242 micro_mb=6242 logp_delta_abs=0.08648 old_logp=-125.87573 new_logp=-125.88477 adv_abs=0.70474 sde_steps=4
[TRAIN] mean_reward=-2.24290 mean_len=46.45 recent_eps=100 completed_eps=522806
[UPDATE_EFFECT] action_delta=0.00811798 param_rms_delta=0.00052310
[TIME] collect=7.359s update=0.153s
[DONE] timeout=0.00000 anchor_pos=0.72205 anchor_ori=0.48230 ee_body=0.97253
[TRACK_ROLLOUT] anchor_pos=0.67867 anchor_ori=0.43198 body_pos=0.71216 body_ori=0.21838 body_lin=0.31612 body_ang=0.04056
[ACT_SUMMARY] abs_mean=0.6720 abs_p95=0.8308 abs_p99=0.9008 abs_max=1.1052 legs=0.6734 waist=0.6600 arms=0.6733
[FRAME_DIAG] frame0_abs=0.6683 frame1_abs=0.6710 in_chunk_delta=0.9257 cross_chunk_delta=0.9264
[UPDATE] 66/500 reward_step=-0.04687 chunk=-0.30828 done_frac=0.32105 mean_reward=-2.21406 mean_len=46.25
[SFPO] loss=1.84909 policy_loss=-0.02190 value_loss=1.87098 ratio=1.0011 [0.302,3.343] clip=0.1093 kl=0.009006 grad=0.5031 grad_c=22.2590 lr=0.000100 critic_lr=0.001000
[ROLLOUT] live=20.72 survive=0.02356 per_step=-0.04515 episode_projection=-22.57
[POLICY_DETAIL] samples=24915 raw_samples=49152 mb=6229 micro_mb=6229 logp_delta_abs=0.08463 old_logp=-125.86760 new_logp=-125.87540 adv_abs=0.69547 sde_steps=4
[TRAIN] mean_reward=-2.21406 mean_len=46.25 recent_eps=100 completed_eps=530805
[UPDATE_EFFECT] action_delta=0.00785295 param_rms_delta=0.00052009
[TIME] collect=7.114s update=0.157s
[DONE] timeout=0.00000 anchor_pos=0.72400 anchor_ori=0.48206 ee_body=0.97510
[TRACK_ROLLOUT] anchor_pos=0.67725 anchor_ori=0.43805 body_pos=0.71200 body_ori=0.22015 body_lin=0.31558 body_ang=0.04064
[ACT_SUMMARY] abs_mean=0.6724 abs_p95=0.8303 abs_p99=0.9002 abs_max=1.2211 legs=0.6747 waist=0.6592 arms=0.6733
[FRAME_DIAG] frame0_abs=0.6676 frame1_abs=0.6732 in_chunk_delta=0.9256 cross_chunk_delta=0.9267
[UPDATE] 67/500 reward_step=-0.04702 chunk=-0.31010 done_frac=0.31566 mean_reward=-2.17436 mean_len=46.55
[SFPO] loss=1.90510 policy_loss=-0.02151 value_loss=1.92661 ratio=1.0009 [0.309,5.401] clip=0.1109 kl=0.009138 grad=0.5012 grad_c=24.4521 lr=0.000100 critic_lr=0.001000
[ROLLOUT] live=21.01 survive=0.02905 per_step=-0.04522 episode_projection=-22.61
[POLICY_DETAIL] samples=25198 raw_samples=49152 mb=6300 micro_mb=6300 logp_delta_abs=0.08501 old_logp=-125.76633 new_logp=-125.77447 adv_abs=0.69615 sde_steps=4
[TRAIN] mean_reward=-2.17436 mean_len=46.55 recent_eps=100 completed_eps=538759
[UPDATE_EFFECT] action_delta=0.00789540 param_rms_delta=0.00051813
[TIME] collect=7.254s update=0.156s
[DONE] timeout=0.00000 anchor_pos=0.71497 anchor_ori=0.47473 ee_body=0.97034
[TRACK_ROLLOUT] anchor_pos=0.67350 anchor_ori=0.42988 body_pos=0.70968 body_ori=0.21718 body_lin=0.31616 body_ang=0.04081
[ACT_SUMMARY] abs_mean=0.6724 abs_p95=0.8306 abs_p99=0.9025 abs_max=1.1318 legs=0.6741 waist=0.6600 arms=0.6737
[FRAME_DIAG] frame0_abs=0.6671 frame1_abs=0.6735 in_chunk_delta=0.9248 cross_chunk_delta=0.9246
[UPDATE] 68/500 reward_step=-0.04705 chunk=-0.31109 done_frac=0.31287 mean_reward=-2.19503 mean_len=46.67
[SFPO] loss=1.96161 policy_loss=-0.02232 value_loss=1.98392 ratio=1.0011 [0.223,3.855] clip=0.1152 kl=0.009501 grad=0.5184 grad_c=29.6248 lr=0.000100 critic_lr=0.001000
[ROLLOUT] live=21.23 survive=0.03003 per_step=-0.04522 episode_projection=-22.61
[POLICY_DETAIL] samples=25397 raw_samples=49152 mb=6350 micro_mb=6350 logp_delta_abs=0.08704 old_logp=-125.87956 new_logp=-125.88789 adv_abs=0.70626 sde_steps=4
[TRAIN] mean_reward=-2.19503 mean_len=46.67 recent_eps=100 completed_eps=546705
[UPDATE_EFFECT] action_delta=0.00831282 param_rms_delta=0.00051802
[TIME] collect=7.130s update=0.156s
[DONE] timeout=0.00000 anchor_pos=0.71155 anchor_ori=0.47314 ee_body=0.96863
[TRACK_ROLLOUT] anchor_pos=0.67251 anchor_ori=0.43420 body_pos=0.70854 body_ori=0.21736 body_lin=0.31726 body_ang=0.04108
[ACT_SUMMARY] abs_mean=0.6731 abs_p95=0.8329 abs_p99=0.9058 abs_max=1.1766 legs=0.6751 waist=0.6604 arms=0.6742
[FRAME_DIAG] frame0_abs=0.6677 frame1_abs=0.6740 in_chunk_delta=0.9253 cross_chunk_delta=0.9270
[UPDATE] 69/500 reward_step=-0.04734 chunk=-0.31265 done_frac=0.31547 mean_reward=-2.21794 mean_len=46.25
[SFPO] loss=1.97431 policy_loss=-0.02214 value_loss=1.99646 ratio=1.0005 [0.275,3.404] clip=0.1184 kl=0.009787 grad=0.5241 grad_c=19.9934 lr=0.000100 critic_lr=0.001000
[ROLLOUT] live=21.03 survive=0.03003 per_step=-0.04554 episode_projection=-22.77
[POLICY_DETAIL] samples=25188 raw_samples=49152 mb=6297 micro_mb=6297 logp_delta_abs=0.08875 old_logp=-125.83981 new_logp=-125.84897 adv_abs=0.70340 sde_steps=4
[TRAIN] mean_reward=-2.21794 mean_len=46.25 recent_eps=100 completed_eps=554651
[UPDATE_EFFECT] action_delta=0.00855599 param_rms_delta=0.00051524
[TIME] collect=7.007s update=0.155s
[DONE] timeout=0.00000 anchor_pos=0.71997 anchor_ori=0.46814 ee_body=0.96912
[TRACK_ROLLOUT] anchor_pos=0.67126 anchor_ori=0.43347 body_pos=0.70712 body_ori=0.21763 body_lin=0.31478 body_ang=0.04072
[ACT_SUMMARY] abs_mean=0.6738 abs_p95=0.8333 abs_p99=0.9050 abs_max=1.2097 legs=0.6755 waist=0.6615 arms=0.6750
[FRAME_DIAG] frame0_abs=0.6694 frame1_abs=0.6741 in_chunk_delta=0.9256 cross_chunk_delta=0.9269
[UPDATE] 70/500 reward_step=-0.04706 chunk=-0.31208 done_frac=0.31097 mean_reward=-2.16923 mean_len=46.31
[SFPO] loss=1.96369 policy_loss=-0.02187 value_loss=1.98556 ratio=1.0003 [0.199,4.087] clip=0.1152 kl=0.009543 grad=0.5319 grad_c=37.4607 lr=0.000100 critic_lr=0.001000
[ROLLOUT] live=21.42 survive=0.03015 per_step=-0.04522 episode_projection=-22.61
[POLICY_DETAIL] samples=25549 raw_samples=49152 mb=6388 micro_mb=6388 logp_delta_abs=0.08764 old_logp=-125.82983 new_logp=-125.83892 adv_abs=0.71332 sde_steps=4
[TRAIN] mean_reward=-2.16923 mean_len=46.31 recent_eps=100 completed_eps=562596
[UPDATE_EFFECT] action_delta=0.00844677 param_rms_delta=0.00051351
[TIME] collect=7.137s update=0.156s
[DONE] timeout=0.00000 anchor_pos=0.71558 anchor_ori=0.46667 ee_body=0.96912
[TRACK_ROLLOUT] anchor_pos=0.66876 anchor_ori=0.43328 body_pos=0.70600 body_ori=0.21569 body_lin=0.31735 body_ang=0.04148
[ACT_SUMMARY] abs_mean=0.6735 abs_p95=0.8330 abs_p99=0.9043 abs_max=1.1723 legs=0.6757 waist=0.6610 arms=0.6743
[FRAME_DIAG] frame0_abs=0.6674 frame1_abs=0.6744 in_chunk_delta=0.9250 cross_chunk_delta=0.9256
[UPDATE] 71/500 reward_step=-0.04737 chunk=-0.31392 done_frac=0.31156 mean_reward=-2.29208 mean_len=46.48
[SFPO] loss=2.36749 policy_loss=-0.02223 value_loss=2.38972 ratio=1.0003 [0.260,4.878] clip=0.1166 kl=0.009623 grad=0.5304 grad_c=76.7713 lr=0.000100 critic_lr=0.001000
[ROLLOUT] live=21.41 survive=0.02832 per_step=-0.04547 episode_projection=-22.74
[POLICY_DETAIL] samples=25549 raw_samples=49152 mb=6388 micro_mb=6388 logp_delta_abs=0.08801 old_logp=-125.79223 new_logp=-125.80143 adv_abs=0.70938 sde_steps=4
[TRAIN] mean_reward=-2.29208 mean_len=46.48 recent_eps=100 completed_eps=570556
[UPDATE_EFFECT] action_delta=0.00847618 param_rms_delta=0.00051393
[TIME] collect=6.982s update=0.158s
[DONE] timeout=0.00000 anchor_pos=0.72339 anchor_ori=0.47815 ee_body=0.97083
[TRACK_ROLLOUT] anchor_pos=0.66548 anchor_ori=0.42875 body_pos=0.70548 body_ori=0.21607 body_lin=0.31676 body_ang=0.04144
[ACT_SUMMARY] abs_mean=0.6742 abs_p95=0.8336 abs_p99=0.9052 abs_max=1.1306 legs=0.6768 waist=0.6593 arms=0.6752
[FRAME_DIAG] frame0_abs=0.6685 frame1_abs=0.6758 in_chunk_delta=0.9251 cross_chunk_delta=0.9270
[UPDATE] 72/500 reward_step=-0.04764 chunk=-0.31564 done_frac=0.31109 mean_reward=-2.25596 mean_len=46.40
[SFPO] loss=2.20489 policy_loss=-0.02190 value_loss=2.22679 ratio=1.0009 [0.261,3.640] clip=0.1197 kl=0.010041 grad=0.5564 grad_c=68.8222 lr=0.000100 critic_lr=0.001000
[ROLLOUT] live=21.49 survive=0.02588 per_step=-0.04559 episode_projection=-22.80
[POLICY_DETAIL] samples=25652 raw_samples=49152 mb=6413 micro_mb=6413 logp_delta_abs=0.08958 old_logp=-125.83651 new_logp=-125.84550 adv_abs=0.69776 sde_steps=4
[TRAIN] mean_reward=-2.25596 mean_len=46.40 recent_eps=100 completed_eps=578536
[UPDATE_EFFECT] action_delta=0.00903381 param_rms_delta=0.00051239
[TIME] collect=7.040s update=0.158s
[DONE] timeout=0.00000 anchor_pos=0.71594 anchor_ori=0.46985 ee_body=0.97290
[TRACK_ROLLOUT] anchor_pos=0.66163 anchor_ori=0.43318 body_pos=0.70108 body_ori=0.21479 body_lin=0.31694 body_ang=0.04162
[ACT_SUMMARY] abs_mean=0.6756 abs_p95=0.8371 abs_p99=0.9094 abs_max=1.1335 legs=0.6778 waist=0.6607 arms=0.6770
[FRAME_DIAG] frame0_abs=0.6707 frame1_abs=0.6754 in_chunk_delta=0.9253 cross_chunk_delta=0.9274
[UPDATE] 73/500 reward_step=-0.04743 chunk=-0.31522 done_frac=0.30818 mean_reward=-2.22834 mean_len=46.85
[SFPO] loss=2.23190 policy_loss=-0.02191 value_loss=2.25381 ratio=1.0001 [0.262,3.679] clip=0.1172 kl=0.009713 grad=0.5470 grad_c=39.0291 lr=0.000100 critic_lr=0.001000
[ROLLOUT] live=21.70 survive=0.02832 per_step=-0.04539 episode_projection=-22.70
[POLICY_DETAIL] samples=25829 raw_samples=49152 mb=6458 micro_mb=6458 logp_delta_abs=0.08866 old_logp=-125.81020 new_logp=-125.81969 adv_abs=0.70242 sde_steps=4
[TRAIN] mean_reward=-2.22834 mean_len=46.85 recent_eps=100 completed_eps=586496
[UPDATE_EFFECT] action_delta=0.00863580 param_rms_delta=0.00051059
[TIME] collect=6.824s update=0.157s
[DONE] timeout=0.00000 anchor_pos=0.71179 anchor_ori=0.45862 ee_body=0.97034
[TRACK_ROLLOUT] anchor_pos=0.65958 anchor_ori=0.43122 body_pos=0.69971 body_ori=0.21499 body_lin=0.31717 body_ang=0.04156
[ACT_SUMMARY] abs_mean=0.6754 abs_p95=0.8365 abs_p99=0.9106 abs_max=1.1752 legs=0.6785 waist=0.6601 arms=0.6761
[FRAME_DIAG] frame0_abs=0.6694 frame1_abs=0.6764 in_chunk_delta=0.9243 cross_chunk_delta=0.9259
[UPDATE] 74/500 reward_step=-0.04749 chunk=-0.31629 done_frac=0.30274 mean_reward=-2.19363 mean_len=46.47
[SFPO] loss=2.63656 policy_loss=-0.02112 value_loss=2.65768 ratio=1.0003 [0.215,4.728] clip=0.1157 kl=0.009551 grad=0.5562 grad_c=66.2142 lr=0.000100 critic_lr=0.001000
[ROLLOUT] live=22.05 survive=0.03247 per_step=-0.04551 episode_projection=-22.75
[POLICY_DETAIL] samples=26181 raw_samples=49152 mb=6546 micro_mb=6546 logp_delta_abs=0.08806 old_logp=-125.84162 new_logp=-125.85077 adv_abs=0.70353 sde_steps=4
[TRAIN] mean_reward=-2.19363 mean_len=46.47 recent_eps=100 completed_eps=594422
[UPDATE_EFFECT] action_delta=0.00773148 param_rms_delta=0.00050706
[TIME] collect=7.333s update=0.159s
[DONE] timeout=0.00000 anchor_pos=0.71558 anchor_ori=0.46130 ee_body=0.96680
[TRACK_ROLLOUT] anchor_pos=0.66020 anchor_ori=0.42900 body_pos=0.70105 body_ori=0.21170 body_lin=0.31879 body_ang=0.04204
[ACT_SUMMARY] abs_mean=0.6760 abs_p95=0.8375 abs_p99=0.9114 abs_max=1.1925 legs=0.6787 waist=0.6597 arms=0.6773
[FRAME_DIAG] frame0_abs=0.6687 frame1_abs=0.6771 in_chunk_delta=0.9244 cross_chunk_delta=0.9264
[UPDATE] 75/500 reward_step=-0.04799 chunk=-0.31969 done_frac=0.30085 mean_reward=-2.21587 mean_len=46.41
[SFPO] loss=2.67329 policy_loss=-0.02156 value_loss=2.69485 ratio=1.0013 [0.263,3.699] clip=0.1118 kl=0.009141 grad=0.5286 grad_c=87.2538 lr=0.000100 critic_lr=0.001000
[ROLLOUT] live=22.18 survive=0.03296 per_step=-0.04578 episode_projection=-22.89
[POLICY_DETAIL] samples=26332 raw_samples=49152 mb=6583 micro_mb=6583 logp_delta_abs=0.08522 old_logp=-125.80191 new_logp=-125.80966 adv_abs=0.70512 sde_steps=4
[TRAIN] mean_reward=-2.21587 mean_len=46.41 recent_eps=100 completed_eps=602344
[UPDATE_EFFECT] action_delta=0.00810910 param_rms_delta=0.00050636
[TIME] collect=7.331s update=0.179s
[DONE] timeout=0.00000 anchor_pos=0.71545 anchor_ori=0.45410 ee_body=0.96594
[TRACK_ROLLOUT] anchor_pos=0.65226 anchor_ori=0.42564 body_pos=0.69318 body_ori=0.20974 body_lin=0.31493 body_ang=0.04152
[ACT_SUMMARY] abs_mean=0.6769 abs_p95=0.8382 abs_p99=0.9137 abs_max=1.1497 legs=0.6798 waist=0.6610 arms=0.6777
[FRAME_DIAG] frame0_abs=0.6706 frame1_abs=0.6775 in_chunk_delta=0.9245 cross_chunk_delta=0.9276
[UPDATE] 76/500 reward_step=-0.04779 chunk=-0.31858 done_frac=0.29932 mean_reward=-2.25563 mean_len=46.24
[SFPO] loss=2.88238 policy_loss=-0.02146 value_loss=2.90384 ratio=1.0005 [0.222,3.748] clip=0.1108 kl=0.009128 grad=0.5468 grad_c=61.3375 lr=0.000100 critic_lr=0.001000
[ROLLOUT] live=22.31 survive=0.03271 per_step=-0.04565 episode_projection=-22.83
[POLICY_DETAIL] samples=26473 raw_samples=49152 mb=6619 micro_mb=6619 logp_delta_abs=0.08527 old_logp=-125.77793 new_logp=-125.78644 adv_abs=0.71632 sde_steps=4
[TRAIN] mean_reward=-2.25563 mean_len=46.24 recent_eps=100 completed_eps=610268
[UPDATE_EFFECT] action_delta=0.00771646 param_rms_delta=0.00050493
[TIME] collect=7.173s update=0.167s
[DONE] timeout=0.00000 anchor_pos=0.71191 anchor_ori=0.45703 ee_body=0.96570
[TRACK_ROLLOUT] anchor_pos=0.65184 anchor_ori=0.42910 body_pos=0.69442 body_ori=0.21046 body_lin=0.31802 body_ang=0.04231
[ACT_SUMMARY] abs_mean=0.6775 abs_p95=0.8401 abs_p99=0.9129 abs_max=1.2220 legs=0.6803 waist=0.6600 arms=0.6789
[FRAME_DIAG] frame0_abs=0.6706 frame1_abs=0.6781 in_chunk_delta=0.9243 cross_chunk_delta=0.9266
[UPDATE] 77/500 reward_step=-0.04797 chunk=-0.32027 done_frac=0.29713 mean_reward=-2.19573 mean_len=46.58
[SFPO] loss=2.18341 policy_loss=-0.02149 value_loss=2.20490 ratio=1.0005 [0.242,4.472] clip=0.1134 kl=0.009244 grad=0.5347 grad_c=20.2069 lr=0.000100 critic_lr=0.001000
[ROLLOUT] live=22.51 survive=0.03296 per_step=-0.04583 episode_projection=-22.92
[POLICY_DETAIL] samples=26662 raw_samples=49152 mb=6666 micro_mb=6666 logp_delta_abs=0.08556 old_logp=-125.86171 new_logp=-125.87040 adv_abs=0.70918 sde_steps=4
[TRAIN] mean_reward=-2.19573 mean_len=46.58 recent_eps=100 completed_eps=618190
[UPDATE_EFFECT] action_delta=0.00793473 param_rms_delta=0.00050581
[TIME] collect=7.060s update=0.161s
[DONE] timeout=0.00000 anchor_pos=0.71729 anchor_ori=0.45813 ee_body=0.96582
[TRACK_ROLLOUT] anchor_pos=0.64792 anchor_ori=0.42675 body_pos=0.69475 body_ori=0.20904 body_lin=0.31654 body_ang=0.04207
[ACT_SUMMARY] abs_mean=0.6781 abs_p95=0.8411 abs_p99=0.9147 abs_max=1.1841 legs=0.6802 waist=0.6617 arms=0.6797
[FRAME_DIAG] frame0_abs=0.6713 frame1_abs=0.6793 in_chunk_delta=0.9245 cross_chunk_delta=0.9268
[UPDATE] 78/500 reward_step=-0.04787 chunk=-0.31977 done_frac=0.29834 mean_reward=-2.26782 mean_len=46.65
[SFPO] loss=2.42690 policy_loss=-0.02159 value_loss=2.44849 ratio=1.0004 [0.199,3.696] clip=0.1130 kl=0.009345 grad=0.5578 grad_c=25.1846 lr=0.000100 critic_lr=0.001000
[ROLLOUT] live=22.46 survive=0.03174 per_step=-0.04571 episode_projection=-22.86
[POLICY_DETAIL] samples=26587 raw_samples=49152 mb=6647 micro_mb=6647 logp_delta_abs=0.08591 old_logp=-125.76492 new_logp=-125.77373 adv_abs=0.70995 sde_steps=4
[TRAIN] mean_reward=-2.26782 mean_len=46.65 recent_eps=100 completed_eps=626122
[UPDATE_EFFECT] action_delta=0.00754432 param_rms_delta=0.00050383
[TIME] collect=7.160s update=0.160s
[DONE] timeout=0.00000 anchor_pos=0.72009 anchor_ori=0.45618 ee_body=0.96741
[TRACK_ROLLOUT] anchor_pos=0.64997 anchor_ori=0.42740 body_pos=0.69344 body_ori=0.20891 body_lin=0.31709 body_ang=0.04212
[ACT_SUMMARY] abs_mean=0.6782 abs_p95=0.8420 abs_p99=0.9158 abs_max=1.1824 legs=0.6813 waist=0.6612 arms=0.6791
[FRAME_DIAG] frame0_abs=0.6723 frame1_abs=0.6789 in_chunk_delta=0.9239 cross_chunk_delta=0.9258
[UPDATE] 79/500 reward_step=-0.04805 chunk=-0.32115 done_frac=0.29544 mean_reward=-2.24427 mean_len=46.32
[SFPO] loss=2.09827 policy_loss=-0.02141 value_loss=2.11969 ratio=1.0011 [0.216,4.627] clip=0.1130 kl=0.009273 grad=0.5479 grad_c=25.6192 lr=0.000100 critic_lr=0.001000
[ROLLOUT] live=22.68 survive=0.03210 per_step=-0.04583 episode_projection=-22.92
[POLICY_DETAIL] samples=26838 raw_samples=49152 mb=6710 micro_mb=6710 logp_delta_abs=0.08543 old_logp=-125.83663 new_logp=-125.84471 adv_abs=0.70659 sde_steps=4
[TRAIN] mean_reward=-2.24427 mean_len=46.32 recent_eps=100 completed_eps=634051
[UPDATE_EFFECT] action_delta=0.00821868 param_rms_delta=0.00050048
[TIME] collect=6.899s update=0.160s
[DONE] timeout=0.00000 anchor_pos=0.72095 anchor_ori=0.45898 ee_body=0.96631
[TRACK_ROLLOUT] anchor_pos=0.64686 anchor_ori=0.42911 body_pos=0.69144 body_ori=0.20760 body_lin=0.31812 body_ang=0.04231
[ACT_SUMMARY] abs_mean=0.6789 abs_p95=0.8431 abs_p99=0.9188 abs_max=1.1928 legs=0.6817 waist=0.6613 arms=0.6802
[FRAME_DIAG] frame0_abs=0.6722 frame1_abs=0.6807 in_chunk_delta=0.9248 cross_chunk_delta=0.9266
[UPDATE] 80/500 reward_step=-0.04820 chunk=-0.32257 done_frac=0.29491 mean_reward=-2.19118 mean_len=46.81
[SFPO] loss=2.25826 policy_loss=-0.02167 value_loss=2.27993 ratio=1.0001 [0.243,3.159] clip=0.1166 kl=0.009576 grad=0.5456 grad_c=18.5880 lr=0.000100 critic_lr=0.001000
[ROLLOUT] live=22.77 survive=0.03113 per_step=-0.04594 episode_projection=-22.97
[POLICY_DETAIL] samples=26913 raw_samples=49152 mb=6729 micro_mb=6729 logp_delta_abs=0.08765 old_logp=-125.80204 new_logp=-125.81136 adv_abs=0.69693 sde_steps=4
[TRAIN] mean_reward=-2.19118 mean_len=46.81 recent_eps=100 completed_eps=641988
[UPDATE_EFFECT] action_delta=0.00812452 param_rms_delta=0.00049823
[TIME] collect=6.964s update=0.162s
[DONE] timeout=0.00000 anchor_pos=0.71558 anchor_ori=0.44873 ee_body=0.96741
[TRACK_ROLLOUT] anchor_pos=0.64196 anchor_ori=0.43147 body_pos=0.68830 body_ori=0.20732 body_lin=0.31629 body_ang=0.04268
[ACT_SUMMARY] abs_mean=0.6794 abs_p95=0.8434 abs_p99=0.9186 abs_max=1.1418 legs=0.6823 waist=0.6610 arms=0.6809
[FRAME_DIAG] frame0_abs=0.6725 frame1_abs=0.6798 in_chunk_delta=0.9247 cross_chunk_delta=0.9264
[UPDATE] 81/500 reward_step=-0.04831 chunk=-0.32402 done_frac=0.29007 mean_reward=-2.31146 mean_len=47.05
[SFPO] loss=2.30888 policy_loss=-0.02093 value_loss=2.32981 ratio=0.9997 [0.278,3.598] clip=0.1138 kl=0.009410 grad=0.5592 grad_c=30.6025 lr=0.000100 critic_lr=0.001000
[ROLLOUT] live=23.14 survive=0.03369 per_step=-0.04604 episode_projection=-23.02
[POLICY_DETAIL] samples=27290 raw_samples=49152 mb=6823 micro_mb=6823 logp_delta_abs=0.08616 old_logp=-125.82442 new_logp=-125.83400 adv_abs=0.69878 sde_steps=4
[TRAIN] mean_reward=-2.31146 mean_len=47.05 recent_eps=100 completed_eps=649904
[UPDATE_EFFECT] action_delta=0.00750759 param_rms_delta=0.00049969
[TIME] collect=7.112s update=0.164s
[DONE] timeout=0.00000 anchor_pos=0.71533 anchor_ori=0.44714 ee_body=0.96460
[TRACK_ROLLOUT] anchor_pos=0.63759 anchor_ori=0.42841 body_pos=0.68516 body_ori=0.20361 body_lin=0.31667 body_ang=0.04271
[ACT_SUMMARY] abs_mean=0.6795 abs_p95=0.8434 abs_p99=0.9191 abs_max=1.1343 legs=0.6826 waist=0.6622 arms=0.6807
[FRAME_DIAG] frame0_abs=0.6730 frame1_abs=0.6803 in_chunk_delta=0.9243 cross_chunk_delta=0.9282
[UPDATE] 82/500 reward_step=-0.04854 chunk=-0.32556 done_frac=0.29257 mean_reward=-2.37689 mean_len=46.69
[SFPO] loss=2.61766 policy_loss=-0.02172 value_loss=2.63938 ratio=1.0006 [0.256,3.861] clip=0.1135 kl=0.009352 grad=0.5412 grad_c=19.7230 lr=0.000100 critic_lr=0.001000
[ROLLOUT] live=22.89 survive=0.03589 per_step=-0.04613 episode_projection=-23.07
[POLICY_DETAIL] samples=26995 raw_samples=49152 mb=6749 micro_mb=6749 logp_delta_abs=0.08605 old_logp=-125.87477 new_logp=-125.88347 adv_abs=0.69636 sde_steps=4
[TRAIN] mean_reward=-2.37689 mean_len=46.69 recent_eps=100 completed_eps=657802
[UPDATE_EFFECT] action_delta=0.00761366 param_rms_delta=0.00049627
[TIME] collect=7.369s update=0.162s
[DONE] timeout=0.00000 anchor_pos=0.71106 anchor_ori=0.45166 ee_body=0.96204
[TRACK_ROLLOUT] anchor_pos=0.63728 anchor_ori=0.42352 body_pos=0.68286 body_ori=0.20593 body_lin=0.31523 body_ang=0.04259
[ACT_SUMMARY] abs_mean=0.6801 abs_p95=0.8449 abs_p99=0.9198 abs_max=1.1391 legs=0.6832 waist=0.6602 arms=0.6816
[FRAME_DIAG] frame0_abs=0.6726 frame1_abs=0.6808 in_chunk_delta=0.9246 cross_chunk_delta=0.9288
[UPDATE] 83/500 reward_step=-0.04832 chunk=-0.32462 done_frac=0.28755 mean_reward=-2.31252 mean_len=46.78
[SFPO] loss=2.28250 policy_loss=-0.02163 value_loss=2.30413 ratio=1.0009 [0.248,4.302] clip=0.1190 kl=0.009851 grad=0.5857 grad_c=22.3466 lr=0.000100 critic_lr=0.001000
[ROLLOUT] live=23.36 survive=0.03467 per_step=-0.04600 episode_projection=-23.00
[POLICY_DETAIL] samples=27501 raw_samples=49152 mb=6876 micro_mb=6876 logp_delta_abs=0.08821 old_logp=-125.84278 new_logp=-125.85158 adv_abs=0.71343 sde_steps=4
[TRAIN] mean_reward=-2.31252 mean_len=46.78 recent_eps=100 completed_eps=665710
[UPDATE_EFFECT] action_delta=0.00792962 param_rms_delta=0.00049611
[TIME] collect=7.293s update=0.163s
[DONE] timeout=0.00000 anchor_pos=0.71277 anchor_ori=0.44263 ee_body=0.96375
[TRACK_ROLLOUT] anchor_pos=0.63542 anchor_ori=0.42848 body_pos=0.68363 body_ori=0.20365 body_lin=0.31716 body_ang=0.04251
[ACT_SUMMARY] abs_mean=0.6802 abs_p95=0.8443 abs_p99=0.9200 abs_max=1.1323 legs=0.6838 waist=0.6610 arms=0.6813
[FRAME_DIAG] frame0_abs=0.6733 frame1_abs=0.6815 in_chunk_delta=0.9240 cross_chunk_delta=0.9268
[UPDATE] 84/500 reward_step=-0.04850 chunk=-0.32554 done_frac=0.28708 mean_reward=-2.31281 mean_len=46.98
[SFPO] loss=2.70593 policy_loss=-0.02123 value_loss=2.72717 ratio=1.0004 [0.237,4.987] clip=0.1182 kl=0.009790 grad=0.5540 grad_c=50.5154 lr=0.000100 critic_lr=0.001000
[ROLLOUT] live=23.30 survive=0.03796 per_step=-0.04599 episode_projection=-22.99
[POLICY_DETAIL] samples=27452 raw_samples=49152 mb=6863 micro_mb=6863 logp_delta_abs=0.08776 old_logp=-125.86097 new_logp=-125.87028 adv_abs=0.70100 sde_steps=4
[TRAIN] mean_reward=-2.31281 mean_len=46.98 recent_eps=100 completed_eps=673591
[UPDATE_EFFECT] action_delta=0.00874973 param_rms_delta=0.00049432
[TIME] collect=7.002s update=0.164s
[DONE] timeout=0.00000 anchor_pos=0.70312 anchor_ori=0.44629 ee_body=0.95972
[TRACK_ROLLOUT] anchor_pos=0.63667 anchor_ori=0.42600 body_pos=0.68201 body_ori=0.20396 body_lin=0.31586 body_ang=0.04243
[ACT_SUMMARY] abs_mean=0.6812 abs_p95=0.8465 abs_p99=0.9210 abs_max=1.1481 legs=0.6853 waist=0.6618 arms=0.6819
[FRAME_DIAG] frame0_abs=0.6737 frame1_abs=0.6830 in_chunk_delta=0.9248 cross_chunk_delta=0.9269
[UPDATE] 85/500 reward_step=-0.04854 chunk=-0.32638 done_frac=0.28660 mean_reward=-2.22534 mean_len=46.87
[SFPO] loss=2.45562 policy_loss=-0.02121 value_loss=2.47684 ratio=1.0004 [0.231,4.817] clip=0.1192 kl=0.009801 grad=0.5696 grad_c=16.9360 lr=0.000100 critic_lr=0.001000
[ROLLOUT] live=23.47 survive=0.03430 per_step=-0.04614 episode_projection=-23.07
[POLICY_DETAIL] samples=27603 raw_samples=49152 mb=6901 micro_mb=6901 logp_delta_abs=0.08869 old_logp=-125.90170 new_logp=-125.91096 adv_abs=0.69542 sde_steps=4
[TRAIN] mean_reward=-2.22534 mean_len=46.87 recent_eps=100 completed_eps=681502
[UPDATE_EFFECT] action_delta=0.00805222 param_rms_delta=0.00049024
[TIME] collect=7.157s update=0.165s
[DONE] timeout=0.00000 anchor_pos=0.70667 anchor_ori=0.43835 ee_body=0.96338
[TRACK_ROLLOUT] anchor_pos=0.63176 anchor_ori=0.42781 body_pos=0.68012 body_ori=0.20268 body_lin=0.31607 body_ang=0.04281
[ACT_SUMMARY] abs_mean=0.6812 abs_p95=0.8462 abs_p99=0.9222 abs_max=1.1916 legs=0.6849 waist=0.6618 arms=0.6822
[FRAME_DIAG] frame0_abs=0.6749 frame1_abs=0.6823 in_chunk_delta=0.9241 cross_chunk_delta=0.9277
[UPDATE] 86/500 reward_step=-0.04871 chunk=-0.32752 done_frac=0.28566 mean_reward=-2.36499 mean_len=47.24
[SFPO] loss=2.80743 policy_loss=-0.02166 value_loss=2.82909 ratio=1.0006 [0.207,3.403] clip=0.1135 kl=0.009384 grad=0.5463 grad_c=29.2572 lr=0.000100 critic_lr=0.001000
[ROLLOUT] live=23.49 survive=0.03662 per_step=-0.04620 episode_projection=-23.10
[POLICY_DETAIL] samples=27627 raw_samples=49152 mb=6907 micro_mb=6907 logp_delta_abs=0.08561 old_logp=-125.84369 new_logp=-125.85231 adv_abs=0.71386 sde_steps=4
[TRAIN] mean_reward=-2.36499 mean_len=47.24 recent_eps=100 completed_eps=689394
[UPDATE_EFFECT] action_delta=0.00822178 param_rms_delta=0.00049410
[TIME] collect=7.023s update=0.164s
[DONE] timeout=0.00000 anchor_pos=0.70679 anchor_ori=0.43457 ee_body=0.96167
[TRACK_ROLLOUT] anchor_pos=0.62655 anchor_ori=0.42496 body_pos=0.67618 body_ori=0.20253 body_lin=0.31545 body_ang=0.04273
[ACT_SUMMARY] abs_mean=0.6815 abs_p95=0.8469 abs_p99=0.9217 abs_max=1.1533 legs=0.6856 waist=0.6604 arms=0.6826
[FRAME_DIAG] frame0_abs=0.6741 frame1_abs=0.6821 in_chunk_delta=0.9236 cross_chunk_delta=0.9287
[UPDATE] 87/500 reward_step=-0.04876 chunk=-0.32908 done_frac=0.28184 mean_reward=-2.38148 mean_len=46.93
[SFPO] loss=2.59629 policy_loss=-0.02142 value_loss=2.61772 ratio=1.0000 [0.221,3.699] clip=0.1156 kl=0.009576 grad=0.5694 grad_c=16.5307 lr=0.000100 critic_lr=0.001000
[ROLLOUT] live=23.88 survive=0.03735 per_step=-0.04628 episode_projection=-23.14
[POLICY_DETAIL] samples=27980 raw_samples=49152 mb=6995 micro_mb=6995 logp_delta_abs=0.08731 old_logp=-125.81079 new_logp=-125.82020 adv_abs=0.70107 sde_steps=4
[TRAIN] mean_reward=-2.38148 mean_len=46.93 recent_eps=100 completed_eps=697280
[UPDATE_EFFECT] action_delta=0.00794458 param_rms_delta=0.00049311
[TIME] collect=7.203s update=0.166s
[DONE] timeout=0.00000 anchor_pos=0.71021 anchor_ori=0.44177 ee_body=0.96106
[TRACK_ROLLOUT] anchor_pos=0.62411 anchor_ori=0.42068 body_pos=0.67578 body_ori=0.19908 body_lin=0.31566 body_ang=0.04291
[ACT_SUMMARY] abs_mean=0.6818 abs_p95=0.8468 abs_p99=0.9228 abs_max=1.1960 legs=0.6862 waist=0.6620 arms=0.6822
[FRAME_DIAG] frame0_abs=0.6741 frame1_abs=0.6833 in_chunk_delta=0.9239 cross_chunk_delta=0.9281
[UPDATE] 88/500 reward_step=-0.04867 chunk=-0.32879 done_frac=0.28060 mean_reward=-2.40266 mean_len=47.08
[SFPO] loss=2.54895 policy_loss=-0.02096 value_loss=2.56991 ratio=0.9999 [0.229,5.561] clip=0.1167 kl=0.009706 grad=0.5480 grad_c=23.3517 lr=0.000100 critic_lr=0.001000
[ROLLOUT] live=23.95 survive=0.03955 per_step=-0.04621 episode_projection=-23.11
[POLICY_DETAIL] samples=28040 raw_samples=49152 mb=7010 micro_mb=7010 logp_delta_abs=0.08762 old_logp=-125.84475 new_logp=-125.85440 adv_abs=0.68515 sde_steps=4
[TRAIN] mean_reward=-2.40266 mean_len=47.08 recent_eps=100 completed_eps=705148
[UPDATE_EFFECT] action_delta=0.00853271 param_rms_delta=0.00048668
[TIME] collect=7.136s update=0.165s
[DONE] timeout=0.00000 anchor_pos=0.69788 anchor_ori=0.43030 ee_body=0.95764
[TRACK_ROLLOUT] anchor_pos=0.62686 anchor_ori=0.42279 body_pos=0.67732 body_ori=0.20056 body_lin=0.31571 body_ang=0.04289
[ACT_SUMMARY] abs_mean=0.6822 abs_p95=0.8478 abs_p99=0.9242 abs_max=1.1972 legs=0.6864 waist=0.6613 arms=0.6831
[FRAME_DIAG] frame0_abs=0.6759 frame1_abs=0.6829 in_chunk_delta=0.9242 cross_chunk_delta=0.9289
[UPDATE] 89/500 reward_step=-0.04887 chunk=-0.32959 done_frac=0.27996 mean_reward=-2.29391 mean_len=47.06
[SFPO] loss=2.59866 policy_loss=-0.02095 value_loss=2.61961 ratio=1.0007 [0.179,3.974] clip=0.1154 kl=0.009490 grad=0.5748 grad_c=16.3060 lr=0.000100 critic_lr=0.001000
[ROLLOUT] live=23.93 survive=0.04102 per_step=-0.04634 episode_projection=-23.17
[POLICY_DETAIL] samples=28061 raw_samples=49152 mb=7016 micro_mb=7016 logp_delta_abs=0.08692 old_logp=-125.83748 new_logp=-125.84616 adv_abs=0.69259 sde_steps=4
[TRAIN] mean_reward=-2.29391 mean_len=47.06 recent_eps=100 completed_eps=713004
[UPDATE_EFFECT] action_delta=0.00794286 param_rms_delta=0.00048696
[TIME] collect=6.977s update=0.196s
[DONE] timeout=0.00000 anchor_pos=0.69763 anchor_ori=0.43518 ee_body=0.95667
[TRACK_ROLLOUT] anchor_pos=0.62372 anchor_ori=0.42787 body_pos=0.67442 body_ori=0.20006 body_lin=0.31534 body_ang=0.04304
[ACT_SUMMARY] abs_mean=0.6831 abs_p95=0.8484 abs_p99=0.9267 abs_max=1.2271 legs=0.6876 waist=0.6625 arms=0.6837
[FRAME_DIAG] frame0_abs=0.6761 frame1_abs=0.6842 in_chunk_delta=0.9245 cross_chunk_delta=0.9289
[UPDATE] 90/500 reward_step=-0.04904 chunk=-0.33069 done_frac=0.27658 mean_reward=-2.30718 mean_len=47.12
[SFPO] loss=2.41622 policy_loss=-0.02031 value_loss=2.43653 ratio=1.0008 [0.271,4.910] clip=0.1178 kl=0.009851 grad=0.5916 grad_c=14.3662 lr=0.000100 critic_lr=0.001000
[ROLLOUT] live=24.18 survive=0.04248 per_step=-0.04650 episode_projection=-23.25
[POLICY_DETAIL] samples=28361 raw_samples=49152 mb=7091 micro_mb=7091 logp_delta_abs=0.08817 old_logp=-125.78469 new_logp=-125.79369 adv_abs=0.69121 sde_steps=4
[TRAIN] mean_reward=-2.30718 mean_len=47.12 recent_eps=100 completed_eps=720848
[UPDATE_EFFECT] action_delta=0.00773466 param_rms_delta=0.00048424
[TIME] collect=6.931s update=0.169s
[DONE] timeout=0.00000 anchor_pos=0.70044 anchor_ori=0.43286 ee_body=0.95471
[TRACK_ROLLOUT] anchor_pos=0.61680 anchor_ori=0.42174 body_pos=0.67204 body_ori=0.19778 body_lin=0.31532 body_ang=0.04310
[ACT_SUMMARY] abs_mean=0.6827 abs_p95=0.8485 abs_p99=0.9257 abs_max=1.1506 legs=0.6876 waist=0.6625 arms=0.6828
[FRAME_DIAG] frame0_abs=0.6765 frame1_abs=0.6848 in_chunk_delta=0.9240 cross_chunk_delta=0.9287
[UPDATE] 91/500 reward_step=-0.04888 chunk=-0.32981 done_frac=0.27749 mean_reward=-2.29027 mean_len=46.90
[SFPO] loss=2.76263 policy_loss=-0.02062 value_loss=2.78325 ratio=1.0003 [0.204,3.790] clip=0.1160 kl=0.009725 grad=0.5622 grad_c=14.5230 lr=0.000100 critic_lr=0.001000
[ROLLOUT] live=24.16 survive=0.04065 per_step=-0.04631 episode_projection=-23.16
[POLICY_DETAIL] samples=28322 raw_samples=49152 mb=7081 micro_mb=7081 logp_delta_abs=0.08721 old_logp=-125.78173 new_logp=-125.79103 adv_abs=0.68531 sde_steps=4
[TRAIN] mean_reward=-2.29027 mean_len=46.90 recent_eps=100 completed_eps=728707
[UPDATE_EFFECT] action_delta=0.00814175 param_rms_delta=0.00048466
[TIME] collect=7.198s update=0.168s
[DONE] timeout=0.00000 anchor_pos=0.69580 anchor_ori=0.42603 ee_body=0.95764
[TRACK_ROLLOUT] anchor_pos=0.62112 anchor_ori=0.42200 body_pos=0.67460 body_ori=0.19979 body_lin=0.31474 body_ang=0.04327
[ACT_SUMMARY] abs_mean=0.6832 abs_p95=0.8495 abs_p99=0.9264 abs_max=1.1976 legs=0.6884 waist=0.6618 arms=0.6833
[FRAME_DIAG] frame0_abs=0.6765 frame1_abs=0.6844 in_chunk_delta=0.9240 cross_chunk_delta=0.9283
[UPDATE] 92/500 reward_step=-0.04907 chunk=-0.33169 done_frac=0.27318 mean_reward=-2.25663 mean_len=46.93
[SFPO] loss=2.92523 policy_loss=-0.02046 value_loss=2.94569 ratio=1.0005 [0.258,3.622] clip=0.1119 kl=0.009165 grad=0.5801 grad_c=27.3430 lr=0.000100 critic_lr=0.001000
[ROLLOUT] live=24.49 survive=0.04443 per_step=-0.04646 episode_projection=-23.23
[POLICY_DETAIL] samples=28655 raw_samples=49152 mb=7164 micro_mb=7164 logp_delta_abs=0.08502 old_logp=-125.79881 new_logp=-125.80736 adv_abs=0.68740 sde_steps=4
[TRAIN] mean_reward=-2.25663 mean_len=46.93 recent_eps=100 completed_eps=736535
[UPDATE_EFFECT] action_delta=0.00774363 param_rms_delta=0.00048213
[TIME] collect=7.014s update=0.167s
[DONE] timeout=0.00000 anchor_pos=0.69824 anchor_ori=0.42896 ee_body=0.95374
[TRACK_ROLLOUT] anchor_pos=0.61529 anchor_ori=0.41995 body_pos=0.66859 body_ori=0.19616 body_lin=0.31721 body_ang=0.04336
[ACT_SUMMARY] abs_mean=0.6835 abs_p95=0.8508 abs_p99=0.9289 abs_max=1.1686 legs=0.6887 waist=0.6612 arms=0.6839
[FRAME_DIAG] frame0_abs=0.6763 frame1_abs=0.6853 in_chunk_delta=0.9239 cross_chunk_delta=0.9277
[UPDATE] 93/500 reward_step=-0.04923 chunk=-0.33372 done_frac=0.27376 mean_reward=-2.29873 mean_len=47.07
[SFPO] loss=2.89816 policy_loss=-0.02078 value_loss=2.91894 ratio=1.0006 [0.234,5.711] clip=0.1188 kl=0.009817 grad=0.5675 grad_c=21.3787 lr=0.000100 critic_lr=0.001000
[ROLLOUT] live=24.55 survive=0.04285 per_step=-0.04665 episode_projection=-23.32
[POLICY_DETAIL] samples=28642 raw_samples=49152 mb=7161 micro_mb=7161 logp_delta_abs=0.08860 old_logp=-125.86148 new_logp=-125.87059 adv_abs=0.70639 sde_steps=4
[TRAIN] mean_reward=-2.29873 mean_len=47.07 recent_eps=100 completed_eps=744376
[UPDATE_EFFECT] action_delta=0.00800474 param_rms_delta=0.00048162
[TIME] collect=7.196s update=0.168s
[DONE] timeout=0.00000 anchor_pos=0.70227 anchor_ori=0.42981 ee_body=0.95471
[TRACK_ROLLOUT] anchor_pos=0.61543 anchor_ori=0.41674 body_pos=0.66860 body_ori=0.19586 body_lin=0.31533 body_ang=0.04325
[ACT_SUMMARY] abs_mean=0.6839 abs_p95=0.8505 abs_p99=0.9269 abs_max=1.1654 legs=0.6895 waist=0.6616 arms=0.6839
[FRAME_DIAG] frame0_abs=0.6768 frame1_abs=0.6855 in_chunk_delta=0.9239 cross_chunk_delta=0.9284
[UPDATE] 94/500 reward_step=-0.04917 chunk=-0.33381 done_frac=0.27087 mean_reward=-2.33578 mean_len=47.08
[SFPO] loss=2.98912 policy_loss=-0.02002 value_loss=3.00914 ratio=1.0003 [0.216,3.593] clip=0.1154 kl=0.009580 grad=0.5797 grad_c=31.7772 lr=0.000100 critic_lr=0.001000
[ROLLOUT] live=24.72 survive=0.04761 per_step=-0.04662 episode_projection=-23.31
[POLICY_DETAIL] samples=28803 raw_samples=49152 mb=7201 micro_mb=7201 logp_delta_abs=0.08722 old_logp=-125.72132 new_logp=-125.73046 adv_abs=0.68100 sde_steps=4
[TRAIN] mean_reward=-2.33578 mean_len=47.08 recent_eps=100 completed_eps=752178
[UPDATE_EFFECT] action_delta=0.00800798 param_rms_delta=0.00048007
[TIME] collect=7.044s update=0.170s
[DONE] timeout=0.00000 anchor_pos=0.70361 anchor_ori=0.42065 ee_body=0.94971
[TRACK_ROLLOUT] anchor_pos=0.61347 anchor_ori=0.41815 body_pos=0.66846 body_ori=0.19550 body_lin=0.31668 body_ang=0.04343
[ACT_SUMMARY] abs_mean=0.6840 abs_p95=0.8504 abs_p99=0.9280 abs_max=1.1549 legs=0.6900 waist=0.6616 arms=0.6837
[FRAME_DIAG] frame0_abs=0.6774 frame1_abs=0.6865 in_chunk_delta=0.9238 cross_chunk_delta=0.9285
[UPDATE] 95/500 reward_step=-0.04911 chunk=-0.33377 done_frac=0.27114 mean_reward=-2.33495 mean_len=47.14
[SFPO] loss=3.22150 policy_loss=-0.02086 value_loss=3.24236 ratio=1.0003 [0.287,3.955] clip=0.1143 kl=0.009498 grad=0.5688 grad_c=37.3722 lr=0.000100 critic_lr=0.001000
[ROLLOUT] live=24.83 survive=0.04358 per_step=-0.04657 episode_projection=-23.29
[POLICY_DETAIL] samples=28896 raw_samples=49152 mb=7224 micro_mb=7224 logp_delta_abs=0.08677 old_logp=-125.82799 new_logp=-125.83708 adv_abs=0.68613 sde_steps=4
[TRAIN] mean_reward=-2.33495 mean_len=47.14 recent_eps=100 completed_eps=760013
[UPDATE_EFFECT] action_delta=0.00740785 param_rms_delta=0.00048031
[TIME] collect=7.018s update=0.170s
[DONE] timeout=0.00000 anchor_pos=0.70496 anchor_ori=0.42981 ee_body=0.95300
[TRACK_ROLLOUT] anchor_pos=0.61372 anchor_ori=0.42213 body_pos=0.66636 body_ori=0.19545 body_lin=0.31636 body_ang=0.04325
[ACT_SUMMARY] abs_mean=0.6842 abs_p95=0.8514 abs_p99=0.9264 abs_max=1.1688 legs=0.6901 waist=0.6631 arms=0.6837
[FRAME_DIAG] frame0_abs=0.6781 frame1_abs=0.6868 in_chunk_delta=0.9241 cross_chunk_delta=0.9294
[UPDATE] 96/500 reward_step=-0.04923 chunk=-0.33393 done_frac=0.27154 mean_reward=-2.40658 mean_len=46.94
[SFPO] loss=3.03709 policy_loss=-0.02055 value_loss=3.05764 ratio=1.0007 [0.222,4.875] clip=0.1207 kl=0.009961 grad=0.5681 grad_c=26.5536 lr=0.000100 critic_lr=0.001000
[ROLLOUT] live=24.66 survive=0.04688 per_step=-0.04663 episode_projection=-23.32
[POLICY_DETAIL] samples=28754 raw_samples=49152 mb=7189 micro_mb=7189 logp_delta_abs=0.08945 old_logp=-125.81650 new_logp=-125.82568 adv_abs=0.68498 sde_steps=4
[TRAIN] mean_reward=-2.40658 mean_len=46.94 recent_eps=100 completed_eps=767821
[UPDATE_EFFECT] action_delta=0.00804030 param_rms_delta=0.00047642
[TIME] collect=7.173s update=0.170s
[DONE] timeout=0.00000 anchor_pos=0.68970 anchor_ori=0.41943 ee_body=0.94971
[TRACK_ROLLOUT] anchor_pos=0.61099 anchor_ori=0.42070 body_pos=0.66639 body_ori=0.19574 body_lin=0.31649 body_ang=0.04333
[ACT_SUMMARY] abs_mean=0.6847 abs_p95=0.8515 abs_p99=0.9278 abs_max=1.1619 legs=0.6908 waist=0.6627 arms=0.6841
[FRAME_DIAG] frame0_abs=0.6784 frame1_abs=0.6867 in_chunk_delta=0.9237 cross_chunk_delta=0.9302
[UPDATE] 97/500 reward_step=-0.04910 chunk=-0.33375 done_frac=0.26807 mean_reward=-2.28545 mean_len=47.16
[SFPO] loss=2.79493 policy_loss=-0.02081 value_loss=2.81573 ratio=1.0011 [0.234,3.930] clip=0.1210 kl=0.010010 grad=0.5807 grad_c=26.1964 lr=0.000100 critic_lr=0.001000
[ROLLOUT] live=24.98 survive=0.04907 per_step=-0.04659 episode_projection=-23.29
[POLICY_DETAIL] samples=29060 raw_samples=49152 mb=7265 micro_mb=7265 logp_delta_abs=0.08939 old_logp=-125.86265 new_logp=-125.87147 adv_abs=0.67774 sde_steps=4
[TRAIN] mean_reward=-2.28545 mean_len=47.16 recent_eps=100 completed_eps=775611
[UPDATE_EFFECT] action_delta=0.00835488 param_rms_delta=0.00047501
[TIME] collect=7.239s update=0.170s
[DONE] timeout=0.00000 anchor_pos=0.70081 anchor_ori=0.42468 ee_body=0.94812
[TRACK_ROLLOUT] anchor_pos=0.61223 anchor_ori=0.42238 body_pos=0.66694 body_ori=0.19451 body_lin=0.31881 body_ang=0.04372
[ACT_SUMMARY] abs_mean=0.6851 abs_p95=0.8520 abs_p99=0.9287 abs_max=1.1838 legs=0.6920 waist=0.6629 arms=0.6839
[FRAME_DIAG] frame0_abs=0.6790 frame1_abs=0.6876 in_chunk_delta=0.9235 cross_chunk_delta=0.9312
[UPDATE] 98/500 reward_step=-0.04945 chunk=-0.33588 done_frac=0.26691 mean_reward=-2.40486 mean_len=47.09
[SFPO] loss=3.16257 policy_loss=-0.02092 value_loss=3.18349 ratio=1.0002 [0.252,3.838] clip=0.1166 kl=0.009651 grad=0.5626 grad_c=16.1935 lr=0.000100 critic_lr=0.001000
[ROLLOUT] live=24.96 survive=0.05286 per_step=-0.04682 episode_projection=-23.41
[POLICY_DETAIL] samples=29070 raw_samples=49152 mb=7268 micro_mb=7268 logp_delta_abs=0.08781 old_logp=-125.79891 new_logp=-125.80826 adv_abs=0.68477 sde_steps=4
[TRAIN] mean_reward=-2.40486 mean_len=47.09 recent_eps=100 completed_eps=783370
[UPDATE_EFFECT] action_delta=0.00798583 param_rms_delta=0.00048020
[TIME] collect=7.037s update=0.168s
[DONE] timeout=0.00000 anchor_pos=0.69910 anchor_ori=0.41223 ee_body=0.94360
[TRACK_ROLLOUT] anchor_pos=0.60514 anchor_ori=0.41882 body_pos=0.66269 body_ori=0.19433 body_lin=0.31640 body_ang=0.04350
[ACT_SUMMARY] abs_mean=0.6852 abs_p95=0.8524 abs_p99=0.9290 abs_max=1.2526 legs=0.6920 waist=0.6630 arms=0.6842
[FRAME_DIAG] frame0_abs=0.6796 frame1_abs=0.6881 in_chunk_delta=0.9239 cross_chunk_delta=0.9303
[UPDATE] 99/500 reward_step=-0.04943 chunk=-0.33587 done_frac=0.26626 mean_reward=-2.33971 mean_len=47.13
[SFPO] loss=3.48060 policy_loss=-0.02038 value_loss=3.50098 ratio=1.0004 [0.153,3.351] clip=0.1154 kl=0.009552 grad=0.5406 grad_c=18.1112 lr=0.000100 critic_lr=0.001000
[ROLLOUT] live=25.06 survive=0.05200 per_step=-0.04680 episode_projection=-23.40
[POLICY_DETAIL] samples=29167 raw_samples=49152 mb=7292 micro_mb=7292 logp_delta_abs=0.08722 old_logp=-125.81300 new_logp=-125.82204 adv_abs=0.66223 sde_steps=4
[TRAIN] mean_reward=-2.33971 mean_len=47.13 recent_eps=100 completed_eps=791136
[UPDATE_EFFECT] action_delta=0.00779550 param_rms_delta=0.00047523
[TIME] collect=7.303s update=0.170s
[DONE] timeout=0.00000 anchor_pos=0.69922 anchor_ori=0.41821 ee_body=0.94543
[TRACK_ROLLOUT] anchor_pos=0.60451 anchor_ori=0.42144 body_pos=0.66228 body_ori=0.19305 body_lin=0.31606 body_ang=0.04309
[ACT_SUMMARY] abs_mean=0.6856 abs_p95=0.8524 abs_p99=0.9297 abs_max=1.1820 legs=0.6930 waist=0.6632 arms=0.6841
[FRAME_DIAG] frame0_abs=0.6804 frame1_abs=0.6884 in_chunk_delta=0.9245 cross_chunk_delta=0.9293
[UPDATE] 100/500 reward_step=-0.04952 chunk=-0.33744 done_frac=0.26416 mean_reward=-2.43974 mean_len=47.28
[SFPO] loss=3.48034 policy_loss=-0.02089 value_loss=3.50123 ratio=1.0007 [0.206,4.919] clip=0.1173 kl=0.009720 grad=0.5701 grad_c=15.6200 lr=0.000100 critic_lr=0.001000
[ROLLOUT] live=25.26 survive=0.05469 per_step=-0.04685 episode_projection=-23.42
[POLICY_DETAIL] samples=29316 raw_samples=49152 mb=7329 micro_mb=7329 logp_delta_abs=0.08817 old_logp=-125.85020 new_logp=-125.85913 adv_abs=0.66416 sde_steps=4
[TRAIN] mean_reward=-2.43974 mean_len=47.28 recent_eps=100 completed_eps=798880
[UPDATE_EFFECT] action_delta=0.00796604 param_rms_delta=0.00047219
[TIME] collect=7.283s update=0.170s
[DONE] timeout=0.00000 anchor_pos=0.69446 anchor_ori=0.41077 ee_body=0.94128
[TRACK_ROLLOUT] anchor_pos=0.60371 anchor_ori=0.41967 body_pos=0.65962 body_ori=0.19165 body_lin=0.31644 body_ang=0.04328
[ACT_SUMMARY] abs_mean=0.6857 abs_p95=0.8538 abs_p99=0.9313 abs_max=1.1469 legs=0.6932 waist=0.6635 arms=0.6840
[FRAME_DIAG] frame0_abs=0.6794 frame1_abs=0.6882 in_chunk_delta=0.9240 cross_chunk_delta=0.9297
[VALIDATION_START] update=100 max_steps=500 envs=8192 fixed_seed=disabled
[VALIDATION_RESET_START]
[VALIDATION_RESET_DONE] time=0.004s
[VALIDATION_PROGRESS] step=1/500 done=0.00000 alive=1.00000 elapsed=0.198s
[VALIDATION_PROGRESS] step=50/500 done=0.72168 alive=0.27832 elapsed=6.601s
[VALIDATION_EARLY_STOP] step=67 done_frac=0.9877
[VALIDATION_DONE] update=100 time=8.834s
[VAL] steps_mean=32.19 steps_min=13 steps_p50=19 steps_p95=66 steps_max=67 fail_phase_mean=30.8 return=0.94163 done=0.98767
[VAL_EE] left_ankle_bad=0.03547 left_ankle_z=0.05006 right_ankle_bad=0.05018 right_ankle_z=0.06120 left_wrist_bad=0.19009 left_wrist_z=0.19531 right_wrist_bad=0.51786 right_wrist_z=0.21948
[VAL_CAUSE] anchor_pos_bad=0.25989 anchor_ori_bad=0.00012 ee_body_bad=0.72998 time_out=0.00000 anchor_z=0.26169 anchor_grav=0.11852 ee_z_max=0.24145 ee_z_mean=0.13151
[VAL_WALL] alive@850=0.0123 motion_complete=0.0000 wrist_fail_825_840=0.0000 steps_p50=19
[CHECKPOINT] saved /home/y/my_mimic_mixgrpo/my_mimic_mixgrpo_h1/runs/sfpo_largebox_500_h8_firstlife_v1/checkpoints/update_0100.pt
[UPDATE] 101/500 reward_step=-0.04969 chunk=-0.33883 done_frac=0.26209 mean_reward=-2.40642 mean_len=47.11
[SFPO] loss=3.59007 policy_loss=-0.02062 value_loss=3.61069 ratio=1.0012 [0.200,4.856] clip=0.1132 kl=0.009307 grad=0.5735 grad_c=25.1547 lr=0.000100 critic_lr=0.001000
[ROLLOUT] live=25.53 survive=0.05273 per_step=-0.04704 episode_projection=-23.52
[POLICY_DETAIL] samples=29608 raw_samples=49152 mb=7402 micro_mb=7402 logp_delta_abs=0.08602 old_logp=-125.84623 new_logp=-125.85428 adv_abs=0.67231 sde_steps=4
[TRAIN] mean_reward=-2.40642 mean_len=47.11 recent_eps=100 completed_eps=806640
[UPDATE_EFFECT] action_delta=0.00785536 param_rms_delta=0.00047194
[TIME] collect=7.215s update=0.173s
[DONE] timeout=0.00000 anchor_pos=0.70190 anchor_ori=0.41919 ee_body=0.94397
[TRACK_ROLLOUT] anchor_pos=0.60130 anchor_ori=0.41610 body_pos=0.65804 body_ori=0.18887 body_lin=0.31698 body_ang=0.04320
[ACT_SUMMARY] abs_mean=0.6865 abs_p95=0.8538 abs_p99=0.9310 abs_max=1.2279 legs=0.6941 waist=0.6623 arms=0.6852
[FRAME_DIAG] frame0_abs=0.6813 frame1_abs=0.6898 in_chunk_delta=0.9244 cross_chunk_delta=0.9296
[UPDATE] 102/500 reward_step=-0.04978 chunk=-0.33961 done_frac=0.26269 mean_reward=-2.35817 mean_len=47.14
[SFPO] loss=3.24645 policy_loss=-0.02068 value_loss=3.26713 ratio=1.0004 [0.159,3.644] clip=0.1199 kl=0.010114 grad=0.5864 grad_c=27.9645 lr=0.000100 critic_lr=0.001000
[ROLLOUT] live=25.48 survive=0.05273 per_step=-0.04707 episode_projection=-23.53
[POLICY_DETAIL] samples=29541 raw_samples=49152 mb=7386 micro_mb=7386 logp_delta_abs=0.08998 old_logp=-125.86413 new_logp=-125.87371 adv_abs=0.65726 sde_steps=4
[TRAIN] mean_reward=-2.35817 mean_len=47.14 recent_eps=100 completed_eps=814400
[UPDATE_EFFECT] action_delta=0.00805505 param_rms_delta=0.00047054
[TIME] collect=7.247s update=0.170s
[DONE] timeout=0.00000 anchor_pos=0.69885 anchor_ori=0.41858 ee_body=0.94324
[TRACK_ROLLOUT] anchor_pos=0.59712 anchor_ori=0.41863 body_pos=0.65604 body_ori=0.18958 body_lin=0.31536 body_ang=0.04354
[ACT_SUMMARY] abs_mean=0.6863 abs_p95=0.8536 abs_p99=0.9311 abs_max=1.2093 legs=0.6940 waist=0.6631 arms=0.6846
[FRAME_DIAG] frame0_abs=0.6811 frame1_abs=0.6881 in_chunk_delta=0.9244 cross_chunk_delta=0.9304
[UPDATE] 103/500 reward_step=-0.04990 chunk=-0.34033 done_frac=0.26208 mean_reward=-2.38414 mean_len=47.14
[SFPO] loss=3.20177 policy_loss=-0.01999 value_loss=3.22176 ratio=1.0004 [0.250,6.294] clip=0.1234 kl=0.010269 grad=0.6131 grad_c=14.3471 lr=0.000100 critic_lr=0.001000
[ROLLOUT] live=25.59 survive=0.05078 per_step=-0.04724 episode_projection=-23.62
[POLICY_DETAIL] samples=29670 raw_samples=49152 mb=7418 micro_mb=7418 logp_delta_abs=0.09086 old_logp=-125.81271 new_logp=-125.82243 adv_abs=0.66922 sde_steps=4
[TRAIN] mean_reward=-2.38414 mean_len=47.14 recent_eps=100 completed_eps=822176
[UPDATE_EFFECT] action_delta=0.00792804 param_rms_delta=0.00046866
[TIME] collect=7.472s update=0.174s
[DONE] timeout=0.00000 anchor_pos=0.70203 anchor_ori=0.40527 ee_body=0.94519
[TRACK_ROLLOUT] anchor_pos=0.59571 anchor_ori=0.41653 body_pos=0.65391 body_ori=0.18849 body_lin=0.31385 body_ang=0.04309
[ACT_SUMMARY] abs_mean=0.6869 abs_p95=0.8548 abs_p99=0.9315 abs_max=1.2192 legs=0.6944 waist=0.6630 arms=0.6856
[FRAME_DIAG] frame0_abs=0.6813 frame1_abs=0.6888 in_chunk_delta=0.9240 cross_chunk_delta=0.9309
[UPDATE] 104/500 reward_step=-0.04971 chunk=-0.33968 done_frac=0.25927 mean_reward=-2.39880 mean_len=47.30
[SFPO] loss=3.48953 policy_loss=-0.02034 value_loss=3.50987 ratio=1.0009 [0.224,4.077] clip=0.1230 kl=0.010169 grad=0.5652 grad_c=15.5008 lr=0.000100 critic_lr=0.001000
[ROLLOUT] live=25.74 survive=0.05713 per_step=-0.04711 episode_projection=-23.55
[POLICY_DETAIL] samples=29791 raw_samples=49152 mb=7448 micro_mb=7448 logp_delta_abs=0.09130 old_logp=-125.81544 new_logp=-125.82462 adv_abs=0.65132 sde_steps=4
[TRAIN] mean_reward=-2.39880 mean_len=47.30 recent_eps=100 completed_eps=829900
[UPDATE_EFFECT] action_delta=0.00785165 param_rms_delta=0.00046620
[TIME] collect=7.069s update=0.175s
[DONE] timeout=0.00000 anchor_pos=0.69104 anchor_ori=0.40942 ee_body=0.93884
[TRACK_ROLLOUT] anchor_pos=0.59636 anchor_ori=0.41349 body_pos=0.65734 body_ori=0.18850 body_lin=0.31548 body_ang=0.04332
[ACT_SUMMARY] abs_mean=0.6867 abs_p95=0.8538 abs_p99=0.9321 abs_max=1.2152 legs=0.6950 waist=0.6625 arms=0.6849
[FRAME_DIAG] frame0_abs=0.6817 frame1_abs=0.6894 in_chunk_delta=0.9237 cross_chunk_delta=0.9310
[UPDATE] 105/500 reward_step=-0.04976 chunk=-0.34051 done_frac=0.25703 mean_reward=-2.40557 mean_len=47.21
[SFPO] loss=3.40013 policy_loss=-0.01972 value_loss=3.41984 ratio=1.0009 [0.238,3.731] clip=0.1225 kl=0.010147 grad=0.6009 grad_c=16.1605 lr=0.000100 critic_lr=0.001000
[ROLLOUT] live=25.96 survive=0.05884 per_step=-0.04707 episode_projection=-23.53
[POLICY_DETAIL] samples=29997 raw_samples=49152 mb=7500 micro_mb=7500 logp_delta_abs=0.09077 old_logp=-125.80005 new_logp=-125.80918 adv_abs=0.64946 sde_steps=4
[TRAIN] mean_reward=-2.40557 mean_len=47.21 recent_eps=100 completed_eps=837610
[UPDATE_EFFECT] action_delta=0.00834230 param_rms_delta=0.00046378
[TIME] collect=7.199s update=0.173s
[DONE] timeout=0.00000 anchor_pos=0.69604 anchor_ori=0.41113 ee_body=0.93811
[TRACK_ROLLOUT] anchor_pos=0.59536 anchor_ori=0.41480 body_pos=0.65584 body_ori=0.18790 body_lin=0.31562 body_ang=0.04357
[ACT_SUMMARY] abs_mean=0.6871 abs_p95=0.8553 abs_p99=0.9330 abs_max=1.2047 legs=0.6955 waist=0.6652 arms=0.6847
[FRAME_DIAG] frame0_abs=0.6823 frame1_abs=0.6901 in_chunk_delta=0.9242 cross_chunk_delta=0.9309
[UPDATE] 106/500 reward_step=-0.05026 chunk=-0.34385 done_frac=0.25653 mean_reward=-2.40316 mean_len=47.26
[SFPO] loss=3.44291 policy_loss=-0.02030 value_loss=3.46320 ratio=1.0010 [0.188,4.287] clip=0.1230 kl=0.010215 grad=0.6003 grad_c=25.2415 lr=0.000100 critic_lr=0.001000
[ROLLOUT] live=26.04 survive=0.05762 per_step=-0.04751 episode_projection=-23.76
[POLICY_DETAIL] samples=30094 raw_samples=49152 mb=7524 micro_mb=7524 logp_delta_abs=0.09133 old_logp=-125.82379 new_logp=-125.83287 adv_abs=0.67251 sde_steps=4
[TRAIN] mean_reward=-2.40316 mean_len=47.26 recent_eps=100 completed_eps=845330
[UPDATE_EFFECT] action_delta=0.00813446 param_rms_delta=0.00046435
[TIME] collect=7.360s update=0.174s
[DONE] timeout=0.00000 anchor_pos=0.70496 anchor_ori=0.39734 ee_body=0.93823
[TRACK_ROLLOUT] anchor_pos=0.58551 anchor_ori=0.41207 body_pos=0.64876 body_ori=0.18510 body_lin=0.31401 body_ang=0.04339
[ACT_SUMMARY] abs_mean=0.6878 abs_p95=0.8563 abs_p99=0.9352 abs_max=1.1946 legs=0.6968 waist=0.6638 arms=0.6853
[FRAME_DIAG] frame0_abs=0.6823 frame1_abs=0.6914 in_chunk_delta=0.9235 cross_chunk_delta=0.9304
[UPDATE] 107/500 reward_step=-0.04991 chunk=-0.34124 done_frac=0.25444 mean_reward=-2.37981 mean_len=47.40
[SFPO] loss=3.23379 policy_loss=-0.02039 value_loss=3.25417 ratio=1.0007 [0.199,3.770] clip=0.1242 kl=0.010383 grad=0.5902 grad_c=10.8149 lr=0.000100 critic_lr=0.001000
[ROLLOUT] live=26.11 survive=0.06213 per_step=-0.04715 episode_projection=-23.57
[POLICY_DETAIL] samples=30196 raw_samples=49152 mb=7549 micro_mb=7549 logp_delta_abs=0.09176 old_logp=-125.80346 new_logp=-125.81300 adv_abs=0.66222 sde_steps=4
[TRAIN] mean_reward=-2.37981 mean_len=47.40 recent_eps=100 completed_eps=853013
[UPDATE_EFFECT] action_delta=0.00794791 param_rms_delta=0.00046284
[TIME] collect=7.213s update=0.172s
[DONE] timeout=0.00000 anchor_pos=0.68518 anchor_ori=0.40356 ee_body=0.93298
[TRACK_ROLLOUT] anchor_pos=0.59086 anchor_ori=0.41494 body_pos=0.65260 body_ori=0.18616 body_lin=0.31768 body_ang=0.04368
[ACT_SUMMARY] abs_mean=0.6878 abs_p95=0.8561 abs_p99=0.9337 abs_max=1.2133 legs=0.6975 waist=0.6639 arms=0.6847
[FRAME_DIAG] frame0_abs=0.6827 frame1_abs=0.6920 in_chunk_delta=0.9242 cross_chunk_delta=0.9310
[UPDATE] 108/500 reward_step=-0.05005 chunk=-0.34321 done_frac=0.25152 mean_reward=-2.37254 mean_len=47.24
[SFPO] loss=3.36977 policy_loss=-0.02035 value_loss=3.39013 ratio=1.0004 [0.174,3.718] clip=0.1226 kl=0.010105 grad=0.5838 grad_c=28.5372 lr=0.000100 critic_lr=0.001000
[ROLLOUT] live=26.35 survive=0.06689 per_step=-0.04740 episode_projection=-23.70
[POLICY_DETAIL] samples=30391 raw_samples=49152 mb=7598 micro_mb=7598 logp_delta_abs=0.09102 old_logp=-125.84561 new_logp=-125.85515 adv_abs=0.66722 sde_steps=4
[TRAIN] mean_reward=-2.37254 mean_len=47.24 recent_eps=100 completed_eps=860657
[UPDATE_EFFECT] action_delta=0.00788984 param_rms_delta=0.00046476
[TIME] collect=7.262s update=0.174s
[DONE] timeout=0.00000 anchor_pos=0.69067 anchor_ori=0.40112 ee_body=0.92883
[TRACK_ROLLOUT] anchor_pos=0.59051 anchor_ori=0.41323 body_pos=0.65294 body_ori=0.18510 body_lin=0.31480 body_ang=0.04329
[ACT_SUMMARY] abs_mean=0.6882 abs_p95=0.8575 abs_p99=0.9361 abs_max=1.1893 legs=0.6982 waist=0.6641 arms=0.6847
[FRAME_DIAG] frame0_abs=0.6827 frame1_abs=0.6915 in_chunk_delta=0.9242 cross_chunk_delta=0.9310
[UPDATE] 109/500 reward_step=-0.05011 chunk=-0.34334 done_frac=0.25237 mean_reward=-2.37559 mean_len=47.42
[SFPO] loss=3.70095 policy_loss=-0.01976 value_loss=3.72071 ratio=1.0005 [0.226,4.551] clip=0.1230 kl=0.010203 grad=0.6007 grad_c=21.6121 lr=0.000100 critic_lr=0.001000
[ROLLOUT] live=26.40 survive=0.06140 per_step=-0.04735 episode_projection=-23.68
[POLICY_DETAIL] samples=30467 raw_samples=49152 mb=7617 micro_mb=7617 logp_delta_abs=0.09145 old_logp=-125.79502 new_logp=-125.80457 adv_abs=0.66175 sde_steps=4
[TRAIN] mean_reward=-2.37559 mean_len=47.42 recent_eps=100 completed_eps=868346
[UPDATE_EFFECT] action_delta=0.00806432 param_rms_delta=0.00046337
[TIME] collect=7.100s update=0.177s
[DONE] timeout=0.00000 anchor_pos=0.68726 anchor_ori=0.40662 ee_body=0.93359
[TRACK_ROLLOUT] anchor_pos=0.58621 anchor_ori=0.41374 body_pos=0.64754 body_ori=0.18406 body_lin=0.31703 body_ang=0.04336
[ACT_SUMMARY] abs_mean=0.6890 abs_p95=0.8576 abs_p99=0.9359 abs_max=1.1970 legs=0.6988 waist=0.6643 arms=0.6858
[FRAME_DIAG] frame0_abs=0.6852 frame1_abs=0.6924 in_chunk_delta=0.9241 cross_chunk_delta=0.9323
[UPDATE] 110/500 reward_step=-0.05004 chunk=-0.34381 done_frac=0.24991 mean_reward=-2.40787 mean_len=47.44
[SFPO] loss=3.94171 policy_loss=-0.01981 value_loss=3.96152 ratio=1.0004 [0.219,4.374] clip=0.1228 kl=0.009996 grad=0.5900 grad_c=34.4163 lr=0.000100 critic_lr=0.001000
[ROLLOUT] live=26.59 survive=0.06653 per_step=-0.04738 episode_projection=-23.69
[POLICY_DETAIL] samples=30599 raw_samples=49152 mb=7650 micro_mb=7650 logp_delta_abs=0.09101 old_logp=-125.76673 new_logp=-125.77625 adv_abs=0.66964 sde_steps=4
[TRAIN] mean_reward=-2.40787 mean_len=47.44 recent_eps=100 completed_eps=875993
[UPDATE_EFFECT] action_delta=0.00819458 param_rms_delta=0.00045862
[TIME] collect=7.298s update=0.180s
[DONE] timeout=0.00000 anchor_pos=0.68335 anchor_ori=0.39429 ee_body=0.92810
[TRACK_ROLLOUT] anchor_pos=0.58329 anchor_ori=0.41337 body_pos=0.64839 body_ori=0.18403 body_lin=0.31866 body_ang=0.04396
[ACT_SUMMARY] abs_mean=0.6890 abs_p95=0.8587 abs_p99=0.9380 abs_max=1.1910 legs=0.6995 waist=0.6642 arms=0.6852
[FRAME_DIAG] frame0_abs=0.6837 frame1_abs=0.6927 in_chunk_delta=0.9239 cross_chunk_delta=0.9306
[UPDATE] 111/500 reward_step=-0.05017 chunk=-0.34461 done_frac=0.24856 mean_reward=-2.40186 mean_len=47.54
[SFPO] loss=3.57429 policy_loss=-0.01989 value_loss=3.59418 ratio=1.0005 [0.191,3.741] clip=0.1217 kl=0.010101 grad=0.5971 grad_c=28.5841 lr=0.000100 critic_lr=0.001000
[ROLLOUT] live=26.70 survive=0.06714 per_step=-0.04743 episode_projection=-23.72
[POLICY_DETAIL] samples=30745 raw_samples=49152 mb=7687 micro_mb=7687 logp_delta_abs=0.09072 old_logp=-125.85425 new_logp=-125.86372 adv_abs=0.65839 sde_steps=4
[TRAIN] mean_reward=-2.40186 mean_len=47.54 recent_eps=100 completed_eps=883635
[UPDATE_EFFECT] action_delta=0.00786609 param_rms_delta=0.00046157
[TIME] collect=7.306s update=0.176s
[DONE] timeout=0.00000 anchor_pos=0.68689 anchor_ori=0.40039 ee_body=0.92566
[TRACK_ROLLOUT] anchor_pos=0.58253 anchor_ori=0.41506 body_pos=0.64779 body_ori=0.18226 body_lin=0.31789 body_ang=0.04388
[ACT_SUMMARY] abs_mean=0.6895 abs_p95=0.8590 abs_p99=0.9388 abs_max=1.2833 legs=0.7005 waist=0.6636 arms=0.6856
[FRAME_DIAG] frame0_abs=0.6857 frame1_abs=0.6920 in_chunk_delta=0.9243 cross_chunk_delta=0.9325
[UPDATE] 112/500 reward_step=-0.05030 chunk=-0.34582 done_frac=0.24668 mean_reward=-2.43783 mean_len=47.49
[SFPO] loss=3.63638 policy_loss=-0.01965 value_loss=3.65603 ratio=1.0002 [0.242,4.365] clip=0.1226 kl=0.010220 grad=0.5947 grad_c=26.8901 lr=0.000100 critic_lr=0.001000
[ROLLOUT] live=26.84 survive=0.07043 per_step=-0.04758 episode_projection=-23.79
[POLICY_DETAIL] samples=30870 raw_samples=49152 mb=7718 micro_mb=7718 logp_delta_abs=0.09130 old_logp=-125.85867 new_logp=-125.86854 adv_abs=0.65007 sde_steps=4
[TRAIN] mean_reward=-2.43783 mean_len=47.49 recent_eps=100 completed_eps=891250
[UPDATE_EFFECT] action_delta=0.00853217 param_rms_delta=0.00045788
[TIME] collect=7.319s update=0.178s
[DONE] timeout=0.00000 anchor_pos=0.68408 anchor_ori=0.40283 ee_body=0.92456
[TRACK_ROLLOUT] anchor_pos=0.58030 anchor_ori=0.41126 body_pos=0.64452 body_ori=0.18070 body_lin=0.31909 body_ang=0.04369
[ACT_SUMMARY] abs_mean=0.6899 abs_p95=0.8593 abs_p99=0.9396 abs_max=1.1788 legs=0.7015 waist=0.6640 arms=0.6855
[FRAME_DIAG] frame0_abs=0.6859 frame1_abs=0.6947 in_chunk_delta=0.9243 cross_chunk_delta=0.9317
[UPDATE] 113/500 reward_step=-0.05025 chunk=-0.34653 done_frac=0.24170 mean_reward=-2.48660 mean_len=47.52
[SFPO] loss=3.53490 policy_loss=-0.01980 value_loss=3.55471 ratio=1.0007 [0.241,5.234] clip=0.1264 kl=0.010530 grad=0.6184 grad_c=15.6605 lr=0.000100 critic_lr=0.001000
[ROLLOUT] live=27.18 survive=0.08069 per_step=-0.04747 episode_projection=-23.73
[POLICY_DETAIL] samples=31159 raw_samples=49152 mb=7790 micro_mb=7790 logp_delta_abs=0.09333 old_logp=-125.81362 new_logp=-125.82329 adv_abs=0.65783 sde_steps=4
[TRAIN] mean_reward=-2.48660 mean_len=47.52 recent_eps=100 completed_eps=898781
[UPDATE_EFFECT] action_delta=0.00823187 param_rms_delta=0.00045924
[TIME] collect=7.045s update=0.182s
[DONE] timeout=0.00000 anchor_pos=0.67578 anchor_ori=0.38635 ee_body=0.91345
[TRACK_ROLLOUT] anchor_pos=0.57780 anchor_ori=0.41059 body_pos=0.64353 body_ori=0.18073 body_lin=0.32002 body_ang=0.04416
[ACT_SUMMARY] abs_mean=0.6902 abs_p95=0.8603 abs_p99=0.9412 abs_max=1.2992 legs=0.7013 waist=0.6654 arms=0.6861
[FRAME_DIAG] frame0_abs=0.6855 frame1_abs=0.6942 in_chunk_delta=0.9242 cross_chunk_delta=0.9316
[UPDATE] 114/500 reward_step=-0.05069 chunk=-0.34915 done_frac=0.24314 mean_reward=-2.49229 mean_len=47.21
[SFPO] loss=3.66914 policy_loss=-0.02013 value_loss=3.68928 ratio=1.0003 [0.200,3.331] clip=0.1213 kl=0.009986 grad=0.5935 grad_c=20.0153 lr=0.000100 critic_lr=0.001000
[ROLLOUT] live=27.20 survive=0.07312 per_step=-0.04788 episode_projection=-23.94
[POLICY_DETAIL] samples=31229 raw_samples=49152 mb=7808 micro_mb=7808 logp_delta_abs=0.09032 old_logp=-125.86520 new_logp=-125.87480 adv_abs=0.66046 sde_steps=4
[TRAIN] mean_reward=-2.49229 mean_len=47.21 recent_eps=100 completed_eps=906374
[UPDATE_EFFECT] action_delta=0.00803410 param_rms_delta=0.00045558
[TIME] collect=7.585s update=0.179s
[DONE] timeout=0.00000 anchor_pos=0.68652 anchor_ori=0.39685 ee_body=0.92249
[TRACK_ROLLOUT] anchor_pos=0.57409 anchor_ori=0.40965 body_pos=0.64011 body_ori=0.17909 body_lin=0.31638 body_ang=0.04357
[ACT_SUMMARY] abs_mean=0.6910 abs_p95=0.8615 abs_p99=0.9430 abs_max=1.2142 legs=0.7022 waist=0.6663 arms=0.6866
[FRAME_DIAG] frame0_abs=0.6869 frame1_abs=0.6955 in_chunk_delta=0.9245 cross_chunk_delta=0.9324
[UPDATE] 115/500 reward_step=-0.05054 chunk=-0.34887 done_frac=0.24175 mean_reward=-2.33198 mean_len=47.32
[SFPO] loss=3.63356 policy_loss=-0.01952 value_loss=3.65308 ratio=1.0003 [0.215,4.226] clip=0.1218 kl=0.010062 grad=0.6315 grad_c=15.0647 lr=0.000100 critic_lr=0.001000
[ROLLOUT] live=27.41 survive=0.07324 per_step=-0.04776 episode_projection=-23.88
[POLICY_DETAIL] samples=31404 raw_samples=49152 mb=7851 micro_mb=7851 logp_delta_abs=0.09169 old_logp=-125.81477 new_logp=-125.82444 adv_abs=0.66302 sde_steps=4
[TRAIN] mean_reward=-2.33198 mean_len=47.32 recent_eps=100 completed_eps=913966
[UPDATE_EFFECT] action_delta=0.00801002 param_rms_delta=0.00045333
[TIME] collect=7.509s update=0.180s
[DONE] timeout=0.00000 anchor_pos=0.68665 anchor_ori=0.38647 ee_body=0.92163
[TRACK_ROLLOUT] anchor_pos=0.57216 anchor_ori=0.41095 body_pos=0.63934 body_ori=0.17884 body_lin=0.31732 body_ang=0.04396
[ACT_SUMMARY] abs_mean=0.6912 abs_p95=0.8614 abs_p99=0.9439 abs_max=1.2576 legs=0.7029 waist=0.6654 arms=0.6866
[FRAME_DIAG] frame0_abs=0.6861 frame1_abs=0.6960 in_chunk_delta=0.9242 cross_chunk_delta=0.9327
[UPDATE] 116/500 reward_step=-0.05065 chunk=-0.35026 done_frac=0.23824 mean_reward=-2.45756 mean_len=47.68
[SFPO] loss=3.71123 policy_loss=-0.01940 value_loss=3.73063 ratio=1.0001 [0.225,4.686] clip=0.1251 kl=0.010429 grad=0.6187 grad_c=38.9838 lr=0.000100 critic_lr=0.001000
[ROLLOUT] live=27.68 survive=0.07947 per_step=-0.04791 episode_projection=-23.96
[POLICY_DETAIL] samples=31653 raw_samples=49152 mb=7914 micro_mb=7914 logp_delta_abs=0.09274 old_logp=-125.78886 new_logp=-125.79902 adv_abs=0.65909 sde_steps=4
[TRAIN] mean_reward=-2.45756 mean_len=47.68 recent_eps=100 completed_eps=921507
[UPDATE_EFFECT] action_delta=0.00853835 param_rms_delta=0.00045482
[TIME] collect=7.287s update=0.181s
[DONE] timeout=0.00000 anchor_pos=0.68457 anchor_ori=0.40454 ee_body=0.91443
[TRACK_ROLLOUT] anchor_pos=0.56967 anchor_ori=0.40775 body_pos=0.63824 body_ori=0.17768 body_lin=0.31878 body_ang=0.04391
[ACT_SUMMARY] abs_mean=0.6918 abs_p95=0.8627 abs_p99=0.9442 abs_max=1.2637 legs=0.7039 waist=0.6659 arms=0.6871
[FRAME_DIAG] frame0_abs=0.6866 frame1_abs=0.6972 in_chunk_delta=0.9249 cross_chunk_delta=0.9335
[UPDATE] 117/500 reward_step=-0.05061 chunk=-0.35008 done_frac=0.23682 mean_reward=-2.38632 mean_len=47.56
[SFPO] loss=3.94096 policy_loss=-0.01978 value_loss=3.96074 ratio=1.0001 [0.208,3.853] clip=0.1255 kl=0.010426 grad=0.6362 grad_c=37.3228 lr=0.000100 critic_lr=0.001000
[ROLLOUT] live=27.77 survive=0.08228 per_step=-0.04788 episode_projection=-23.94
[POLICY_DETAIL] samples=31746 raw_samples=49152 mb=7937 micro_mb=7937 logp_delta_abs=0.09296 old_logp=-125.83352 new_logp=-125.84365 adv_abs=0.65302 sde_steps=4
[TRAIN] mean_reward=-2.38632 mean_len=47.56 recent_eps=100 completed_eps=929025
[UPDATE_EFFECT] action_delta=0.00859212 param_rms_delta=0.00045134
[TIME] collect=7.338s update=0.181s
[DONE] timeout=0.00000 anchor_pos=0.67139 anchor_ori=0.39331 ee_body=0.91260
[TRACK_ROLLOUT] anchor_pos=0.57022 anchor_ori=0.40758 body_pos=0.63771 body_ori=0.17732 body_lin=0.31922 body_ang=0.04402
[ACT_SUMMARY] abs_mean=0.6921 abs_p95=0.8627 abs_p99=0.9451 abs_max=1.1863 legs=0.7049 waist=0.6641 arms=0.6872
[FRAME_DIAG] frame0_abs=0.6878 frame1_abs=0.6967 in_chunk_delta=0.9242 cross_chunk_delta=0.9331
[UPDATE] 118/500 reward_step=-0.05106 chunk=-0.35357 done_frac=0.23448 mean_reward=-2.53364 mean_len=47.60
[SFPO] loss=3.29803 policy_loss=-0.01920 value_loss=3.31723 ratio=1.0005 [0.176,4.309] clip=0.1247 kl=0.010412 grad=0.6650 grad_c=30.7900 lr=0.000100 critic_lr=0.001000
[ROLLOUT] live=28.03 survive=0.08362 per_step=-0.04824 episode_projection=-24.12
[POLICY_DETAIL] samples=32016 raw_samples=49152 mb=8004 micro_mb=8004 logp_delta_abs=0.09243 old_logp=-125.83742 new_logp=-125.84711 adv_abs=0.67010 sde_steps=4
[TRAIN] mean_reward=-2.53364 mean_len=47.60 recent_eps=100 completed_eps=936532
[UPDATE_EFFECT] action_delta=0.00900636 param_rms_delta=0.00045044
[TIME] collect=7.176s update=0.192s
[DONE] timeout=0.00000 anchor_pos=0.68103 anchor_ori=0.37488 ee_body=0.90796
[TRACK_ROLLOUT] anchor_pos=0.56135 anchor_ori=0.40624 body_pos=0.63089 body_ori=0.17521 body_lin=0.31896 body_ang=0.04386
[ACT_SUMMARY] abs_mean=0.6929 abs_p95=0.8646 abs_p99=0.9467 abs_max=1.2139 legs=0.7052 waist=0.6666 arms=0.6881
[FRAME_DIAG] frame0_abs=0.6877 frame1_abs=0.6978 in_chunk_delta=0.9247 cross_chunk_delta=0.9339
[UPDATE] 119/500 reward_step=-0.05113 chunk=-0.35511 done_frac=0.23025 mean_reward=-2.49939 mean_len=47.46
[SFPO] loss=3.87011 policy_loss=-0.01918 value_loss=3.88929 ratio=1.0001 [0.241,3.662] clip=0.1255 kl=0.010359 grad=0.6327 grad_c=51.2701 lr=0.000100 critic_lr=0.001000
[ROLLOUT] live=28.24 survive=0.09619 per_step=-0.04822 episode_projection=-24.11
[POLICY_DETAIL] samples=32156 raw_samples=49152 mb=8039 micro_mb=8039 logp_delta_abs=0.09281 old_logp=-125.84324 new_logp=-125.85335 adv_abs=0.66866 sde_steps=4
[TRAIN] mean_reward=-2.49939 mean_len=47.46 recent_eps=100 completed_eps=943936
[UPDATE_EFFECT] action_delta=0.00818344 param_rms_delta=0.00044784
[TIME] collect=7.052s update=0.183s
[DONE] timeout=0.00000 anchor_pos=0.67505 anchor_ori=0.37354 ee_body=0.89771
[TRACK_ROLLOUT] anchor_pos=0.55642 anchor_ori=0.40205 body_pos=0.62919 body_ori=0.17494 body_lin=0.32049 body_ang=0.04428
[ACT_SUMMARY] abs_mean=0.6935 abs_p95=0.8658 abs_p99=0.9480 abs_max=1.2285 legs=0.7059 waist=0.6665 arms=0.6887
[FRAME_DIAG] frame0_abs=0.6889 frame1_abs=0.6991 in_chunk_delta=0.9242 cross_chunk_delta=0.9345
[UPDATE] 120/500 reward_step=-0.05106 chunk=-0.35397 done_frac=0.23329 mean_reward=-2.42410 mean_len=47.52
[SFPO] loss=3.69289 policy_loss=-0.01960 value_loss=3.71249 ratio=1.0003 [0.203,3.456] clip=0.1255 kl=0.010251 grad=0.6534 grad_c=11.1123 lr=0.000100 critic_lr=0.001000
[ROLLOUT] live=28.22 survive=0.08313 per_step=-0.04824 episode_projection=-24.12
[POLICY_DETAIL] samples=32196 raw_samples=49152 mb=8049 micro_mb=8049 logp_delta_abs=0.09257 old_logp=-125.82372 new_logp=-125.83357 adv_abs=0.66951 sde_steps=4
[TRAIN] mean_reward=-2.42410 mean_len=47.52 recent_eps=100 completed_eps=951447
[UPDATE_EFFECT] action_delta=0.00812605 param_rms_delta=0.00045120
[TIME] collect=7.526s update=0.183s
[DONE] timeout=0.00000 anchor_pos=0.67554 anchor_ori=0.37646 ee_body=0.91199
[TRACK_ROLLOUT] anchor_pos=0.56355 anchor_ori=0.40313 body_pos=0.63182 body_ori=0.17343 body_lin=0.31752 body_ang=0.04409
[ACT_SUMMARY] abs_mean=0.6937 abs_p95=0.8663 abs_p99=0.9497 abs_max=1.2009 legs=0.7070 waist=0.6673 arms=0.6880
[FRAME_DIAG] frame0_abs=0.6891 frame1_abs=0.6981 in_chunk_delta=0.9245 cross_chunk_delta=0.9344
[UPDATE] 121/500 reward_step=-0.05131 chunk=-0.35657 done_frac=0.22964 mean_reward=-2.58229 mean_len=47.65
[SFPO] loss=4.52411 policy_loss=-0.01879 value_loss=4.54290 ratio=1.0006 [0.230,4.626] clip=0.1270 kl=0.010533 grad=0.6506 grad_c=54.8905 lr=0.000100 critic_lr=0.001000
[ROLLOUT] live=28.54 survive=0.08948 per_step=-0.04843 episode_projection=-24.22
[POLICY_DETAIL] samples=32481 raw_samples=49152 mb=8121 micro_mb=8121 logp_delta_abs=0.09347 old_logp=-125.82554 new_logp=-125.83529 adv_abs=0.64930 sde_steps=4
[TRAIN] mean_reward=-2.58229 mean_len=47.65 recent_eps=100 completed_eps=958906
[UPDATE_EFFECT] action_delta=0.00851768 param_rms_delta=0.00044420
[TIME] collect=7.266s update=0.187s
[DONE] timeout=0.00000 anchor_pos=0.67566 anchor_ori=0.37903 ee_body=0.90332
[TRACK_ROLLOUT] anchor_pos=0.55310 anchor_ori=0.40018 body_pos=0.62564 body_ori=0.17195 body_lin=0.31925 body_ang=0.04422
[ACT_SUMMARY] abs_mean=0.6945 abs_p95=0.8677 abs_p99=0.9510 abs_max=1.2437 legs=0.7082 waist=0.6659 arms=0.6888
[FRAME_DIAG] frame0_abs=0.6902 frame1_abs=0.6998 in_chunk_delta=0.9242 cross_chunk_delta=0.9344
[UPDATE] 122/500 reward_step=-0.05136 chunk=-0.35720 done_frac=0.22630 mean_reward=-2.46659 mean_len=47.67
[SFPO] loss=4.32739 policy_loss=-0.01950 value_loss=4.34689 ratio=1.0009 [0.193,3.954] clip=0.1191 kl=0.009644 grad=0.6056 grad_c=28.2792 lr=0.000100 critic_lr=0.001000
[ROLLOUT] live=28.87 survive=0.09314 per_step=-0.04852 episode_projection=-24.26
[POLICY_DETAIL] samples=32828 raw_samples=49152 mb=8207 micro_mb=8192 logp_delta_abs=0.08996 old_logp=-125.85096 new_logp=-125.85955 adv_abs=0.65045 sde_steps=4
[TRAIN] mean_reward=-2.46659 mean_len=47.67 recent_eps=100 completed_eps=966335
[UPDATE_EFFECT] action_delta=0.00822696 param_rms_delta=0.00044488
[TIME] collect=7.244s update=0.261s
[DONE] timeout=0.00000 anchor_pos=0.68005 anchor_ori=0.37561 ee_body=0.90063
[TRACK_ROLLOUT] anchor_pos=0.55605 anchor_ori=0.39872 body_pos=0.62706 body_ori=0.17033 body_lin=0.31927 body_ang=0.04427
[ACT_SUMMARY] abs_mean=0.6951 abs_p95=0.8689 abs_p99=0.9541 abs_max=1.2498 legs=0.7094 waist=0.6668 arms=0.6889
[FRAME_DIAG] frame0_abs=0.6901 frame1_abs=0.7007 in_chunk_delta=0.9247 cross_chunk_delta=0.9347
[UPDATE] 123/500 reward_step=-0.05147 chunk=-0.35863 done_frac=0.22290 mean_reward=-2.56630 mean_len=47.69
[SFPO] loss=4.11965 policy_loss=-0.01934 value_loss=4.13898 ratio=1.0002 [0.277,4.165] clip=0.1220 kl=0.010057 grad=0.5874 grad_c=33.7636 lr=0.000100 critic_lr=0.001000
[ROLLOUT] live=29.03 survive=0.10364 per_step=-0.04860 episode_projection=-24.30
[POLICY_DETAIL] samples=32943 raw_samples=49152 mb=8236 micro_mb=8192 logp_delta_abs=0.09134 old_logp=-125.81557 new_logp=-125.82530 adv_abs=0.65359 sde_steps=4
[TRAIN] mean_reward=-2.56630 mean_len=47.69 recent_eps=100 completed_eps=973678
[UPDATE_EFFECT] action_delta=0.00802697 param_rms_delta=0.00044495
[TIME] collect=7.293s update=0.264s
[DONE] timeout=0.00000 anchor_pos=0.66663 anchor_ori=0.37305 ee_body=0.88892
[TRACK_ROLLOUT] anchor_pos=0.55108 anchor_ori=0.39709 body_pos=0.62364 body_ori=0.17024 body_lin=0.32100 body_ang=0.04475
[ACT_SUMMARY] abs_mean=0.6957 abs_p95=0.8701 abs_p99=0.9540 abs_max=1.2955 legs=0.7101 waist=0.6689 arms=0.6892
[FRAME_DIAG] frame0_abs=0.6921 frame1_abs=0.7008 in_chunk_delta=0.9249 cross_chunk_delta=0.9351
[UPDATE] 124/500 reward_step=-0.05147 chunk=-0.35952 done_frac=0.22167 mean_reward=-2.51760 mean_len=47.68
[SFPO] loss=3.97174 policy_loss=-0.01934 value_loss=3.99109 ratio=1.0005 [0.293,3.693] clip=0.1238 kl=0.010152 grad=0.5945 grad_c=15.8808 lr=0.000100 critic_lr=0.001000
[ROLLOUT] live=29.29 survive=0.10266 per_step=-0.04860 episode_projection=-24.30
[POLICY_DETAIL] samples=33162 raw_samples=49152 mb=8291 micro_mb=8192 logp_delta_abs=0.09165 old_logp=-125.81978 new_logp=-125.82927 adv_abs=0.64299 sde_steps=4
[TRAIN] mean_reward=-2.51760 mean_len=47.68 recent_eps=100 completed_eps=981029
[UPDATE_EFFECT] action_delta=0.00789104 param_rms_delta=0.00043785
[TIME] collect=7.181s update=0.270s
[DONE] timeout=0.00000 anchor_pos=0.66809 anchor_ori=0.37048 ee_body=0.89001
[TRACK_ROLLOUT] anchor_pos=0.54763 anchor_ori=0.39805 body_pos=0.62066 body_ori=0.16855 body_lin=0.32177 body_ang=0.04464
[ACT_SUMMARY] abs_mean=0.6956 abs_p95=0.8699 abs_p99=0.9546 abs_max=1.2249 legs=0.7103 waist=0.6673 arms=0.6891
[FRAME_DIAG] frame0_abs=0.6912 frame1_abs=0.7014 in_chunk_delta=0.9239 cross_chunk_delta=0.9345
[UPDATE] 125/500 reward_step=-0.05167 chunk=-0.36063 done_frac=0.22061 mean_reward=-2.54385 mean_len=47.57
[SFPO] loss=3.69802 policy_loss=-0.01943 value_loss=3.71745 ratio=1.0008 [0.219,5.116] clip=0.1249 kl=0.010200 grad=0.5990 grad_c=17.2501 lr=0.000100 critic_lr=0.001000
[ROLLOUT] live=29.51 survive=0.09937 per_step=-0.04879 episode_projection=-24.39
[POLICY_DETAIL] samples=33443 raw_samples=49152 mb=8361 micro_mb=8192 logp_delta_abs=0.09243 old_logp=-125.81548 new_logp=-125.82474 adv_abs=0.64761 sde_steps=4
[TRAIN] mean_reward=-2.54385 mean_len=47.57 recent_eps=100 completed_eps=988407
[UPDATE_EFFECT] action_delta=0.00794361 param_rms_delta=0.00043555
[TIME] collect=7.455s update=0.290s
[DONE] timeout=0.00000 anchor_pos=0.67651 anchor_ori=0.37781 ee_body=0.89246
[TRACK_ROLLOUT] anchor_pos=0.54553 anchor_ori=0.39353 body_pos=0.62041 body_ori=0.16779 body_lin=0.32184 body_ang=0.04492
[ACT_SUMMARY] abs_mean=0.6968 abs_p95=0.8719 abs_p99=0.9609 abs_max=1.2544 legs=0.7118 waist=0.6689 arms=0.6899
[FRAME_DIAG] frame0_abs=0.6929 frame1_abs=0.7022 in_chunk_delta=0.9249 cross_chunk_delta=0.9350
[UPDATE] 126/500 reward_step=-0.05149 chunk=-0.35896 done_frac=0.21833 mean_reward=-2.55882 mean_len=47.54
[SFPO] loss=3.77518 policy_loss=-0.01894 value_loss=3.79412 ratio=1.0009 [0.221,3.818] clip=0.1274 kl=0.010492 grad=0.6357 grad_c=15.9546 lr=0.000100 critic_lr=0.001000
[ROLLOUT] live=29.47 survive=0.10913 per_step=-0.04856 episode_projection=-24.28
[POLICY_DETAIL] samples=33427 raw_samples=49152 mb=8357 micro_mb=8192 logp_delta_abs=0.09364 old_logp=-125.84298 new_logp=-125.85248 adv_abs=0.64360 sde_steps=4
[TRAIN] mean_reward=-2.55882 mean_len=47.54 recent_eps=100 completed_eps=995705
[UPDATE_EFFECT] action_delta=0.00876964 param_rms_delta=0.00043953
[TIME] collect=7.291s update=0.264s
[DONE] timeout=0.00000 anchor_pos=0.66064 anchor_ori=0.37219 ee_body=0.88330
[TRACK_ROLLOUT] anchor_pos=0.54650 anchor_ori=0.39564 body_pos=0.62078 body_ori=0.16806 body_lin=0.32265 body_ang=0.04500
[ACT_SUMMARY] abs_mean=0.6966 abs_p95=0.8720 abs_p99=0.9572 abs_max=1.2829 legs=0.7123 waist=0.6687 arms=0.6892
[FRAME_DIAG] frame0_abs=0.6934 frame1_abs=0.7020 in_chunk_delta=0.9242 cross_chunk_delta=0.9358
[UPDATE] 127/500 reward_step=-0.05175 chunk=-0.36142 done_frac=0.21846 mean_reward=-2.51961 mean_len=47.78
[SFPO] loss=3.58390 policy_loss=-0.01938 value_loss=3.60328 ratio=1.0002 [0.240,4.487] clip=0.1248 kl=0.010311 grad=0.6292 grad_c=12.9231 lr=0.000100 critic_lr=0.001000
[ROLLOUT] live=29.65 survive=0.10486 per_step=-0.04882 episode_projection=-24.41
[POLICY_DETAIL] samples=33567 raw_samples=49152 mb=8392 micro_mb=8192 logp_delta_abs=0.09299 old_logp=-125.84382 new_logp=-125.85378 adv_abs=0.65311 sde_steps=4
[TRAIN] mean_reward=-2.51961 mean_len=47.78 recent_eps=100 completed_eps=1003038
[UPDATE_EFFECT] action_delta=0.00860691 param_rms_delta=0.00043927
[TIME] collect=7.248s update=0.265s
[DONE] timeout=0.00000 anchor_pos=0.67639 anchor_ori=0.38623 ee_body=0.88696
[TRACK_ROLLOUT] anchor_pos=0.54126 anchor_ori=0.39634 body_pos=0.61783 body_ori=0.16674 body_lin=0.32210 body_ang=0.04517
[ACT_SUMMARY] abs_mean=0.6977 abs_p95=0.8739 abs_p99=0.9604 abs_max=1.3237 legs=0.7136 waist=0.6689 arms=0.6903
[FRAME_DIAG] frame0_abs=0.6938 frame1_abs=0.7034 in_chunk_delta=0.9242 cross_chunk_delta=0.9355
[UPDATE] 128/500 reward_step=-0.05173 chunk=-0.36262 done_frac=0.21251 mean_reward=-2.46707 mean_len=47.76
[SFPO] loss=3.66150 policy_loss=-0.01864 value_loss=3.68013 ratio=1.0002 [0.209,4.131] clip=0.1262 kl=0.010451 grad=0.6207 grad_c=19.0952 lr=0.000100 critic_lr=0.001000
[ROLLOUT] live=30.15 survive=0.11768 per_step=-0.04888 episode_projection=-24.44
[POLICY_DETAIL] samples=34012 raw_samples=49152 mb=8503 micro_mb=8192 logp_delta_abs=0.09315 old_logp=-125.81000 new_logp=-125.82007 adv_abs=0.64896 sde_steps=4
[TRAIN] mean_reward=-2.46707 mean_len=47.76 recent_eps=100 completed_eps=1010266
[UPDATE_EFFECT] action_delta=0.00855798 param_rms_delta=0.00043501
[TIME] collect=7.252s update=0.271s
[DONE] timeout=0.00000 anchor_pos=0.66016 anchor_ori=0.37024 ee_body=0.87305
[TRACK_ROLLOUT] anchor_pos=0.54128 anchor_ori=0.39446 body_pos=0.61662 body_ori=0.16517 body_lin=0.32413 body_ang=0.04525
[ACT_SUMMARY] abs_mean=0.6982 abs_p95=0.8740 abs_p99=0.9613 abs_max=1.2466 legs=0.7146 waist=0.6684 arms=0.6904
[FRAME_DIAG] frame0_abs=0.6943 frame1_abs=0.7039 in_chunk_delta=0.9246 cross_chunk_delta=0.9366
[UPDATE] 129/500 reward_step=-0.05194 chunk=-0.36429 done_frac=0.21124 mean_reward=-2.65981 mean_len=47.66
[SFPO] loss=3.81025 policy_loss=-0.01921 value_loss=3.82946 ratio=1.0000 [0.241,4.320] clip=0.1223 kl=0.010134 grad=0.6065 grad_c=27.7966 lr=0.000100 critic_lr=0.001000
[ROLLOUT] live=30.23 survive=0.12122 per_step=-0.04902 episode_projection=-24.51
[POLICY_DETAIL] samples=34079 raw_samples=49152 mb=8520 micro_mb=8192 logp_delta_abs=0.09157 old_logp=-125.89612 new_logp=-125.90614 adv_abs=0.65271 sde_steps=4
[TRAIN] mean_reward=-2.65981 mean_len=47.66 recent_eps=100 completed_eps=1017465
[UPDATE_EFFECT] action_delta=0.00835308 param_rms_delta=0.00043918
[TIME] collect=7.377s update=0.274s
[DONE] timeout=0.00000 anchor_pos=0.65942 anchor_ori=0.36511 ee_body=0.87061
[TRACK_ROLLOUT] anchor_pos=0.53877 anchor_ori=0.39195 body_pos=0.61439 body_ori=0.16492 body_lin=0.32317 body_ang=0.04492
[ACT_SUMMARY] abs_mean=0.6988 abs_p95=0.8748 abs_p99=0.9654 abs_max=1.2488 legs=0.7155 waist=0.6686 arms=0.6909
[FRAME_DIAG] frame0_abs=0.6951 frame1_abs=0.7052 in_chunk_delta=0.9247 cross_chunk_delta=0.9361
[UPDATE] 130/500 reward_step=-0.05206 chunk=-0.36495 done_frac=0.20946 mean_reward=-2.61324 mean_len=47.73
[SFPO] loss=4.06340 policy_loss=-0.01863 value_loss=4.08203 ratio=1.0002 [0.253,3.899] clip=0.1218 kl=0.009960 grad=0.5866 grad_c=37.4711 lr=0.000100 critic_lr=0.001000
[ROLLOUT] live=30.46 survive=0.12146 per_step=-0.04914 episode_projection=-24.57
[POLICY_DETAIL] samples=34359 raw_samples=49152 mb=8590 micro_mb=8192 logp_delta_abs=0.09081 old_logp=-125.84383 new_logp=-125.85349 adv_abs=0.64413 sde_steps=4
[TRAIN] mean_reward=-2.61324 mean_len=47.73 recent_eps=100 completed_eps=1024662
[UPDATE_EFFECT] action_delta=0.00816217 param_rms_delta=0.00043277
[TIME] collect=7.398s update=0.268s
[DONE] timeout=0.00000 anchor_pos=0.65955 anchor_ori=0.36194 ee_body=0.87073
[TRACK_ROLLOUT] anchor_pos=0.53491 anchor_ori=0.38805 body_pos=0.61203 body_ori=0.16374 body_lin=0.32446 body_ang=0.04513
[ACT_SUMMARY] abs_mean=0.6993 abs_p95=0.8759 abs_p99=0.9643 abs_max=1.2776 legs=0.7172 waist=0.6694 arms=0.6904
[FRAME_DIAG] frame0_abs=0.6957 frame1_abs=0.7055 in_chunk_delta=0.9247 cross_chunk_delta=0.9365
[UPDATE] 131/500 reward_step=-0.05207 chunk=-0.36607 done_frac=0.20773 mean_reward=-2.55705 mean_len=47.84
[SFPO] loss=3.60848 policy_loss=-0.01912 value_loss=3.62761 ratio=1.0002 [0.212,4.544] clip=0.1266 kl=0.010301 grad=0.6234 grad_c=15.4148 lr=0.000100 critic_lr=0.001000
[ROLLOUT] live=30.69 survive=0.12463 per_step=-0.04909 episode_projection=-24.55
[POLICY_DETAIL] samples=34521 raw_samples=49152 mb=8631 micro_mb=8192 logp_delta_abs=0.09264 old_logp=-125.86083 new_logp=-125.87075 adv_abs=0.63703 sde_steps=4
[TRAIN] mean_reward=-2.55705 mean_len=47.84 recent_eps=100 completed_eps=1031833
[UPDATE_EFFECT] action_delta=0.00822221 param_rms_delta=0.00042959
[TIME] collect=7.219s update=0.281s
[DONE] timeout=0.00000 anchor_pos=0.66797 anchor_ori=0.37402 ee_body=0.86755
[TRACK_ROLLOUT] anchor_pos=0.53343 anchor_ori=0.39168 body_pos=0.60928 body_ori=0.16130 body_lin=0.32488 body_ang=0.04519
[ACT_SUMMARY] abs_mean=0.6994 abs_p95=0.8759 abs_p99=0.9664 abs_max=1.3221 legs=0.7169 waist=0.6693 arms=0.6908
[FRAME_DIAG] frame0_abs=0.6952 frame1_abs=0.7056 in_chunk_delta=0.9244 cross_chunk_delta=0.9369
[UPDATE] 132/500 reward_step=-0.05205 chunk=-0.36596 done_frac=0.20580 mean_reward=-2.56584 mean_len=47.69
[SFPO] loss=3.62501 policy_loss=-0.01828 value_loss=3.64328 ratio=1.0007 [0.174,4.535] clip=0.1238 kl=0.010339 grad=0.6306 grad_c=21.3697 lr=0.000100 critic_lr=0.001000
[ROLLOUT] live=30.91 survive=0.12659 per_step=-0.04917 episode_projection=-24.58
[POLICY_DETAIL] samples=34767 raw_samples=49152 mb=8692 micro_mb=8192 logp_delta_abs=0.09196 old_logp=-125.86842 new_logp=-125.87790 adv_abs=0.63487 sde_steps=4
[TRAIN] mean_reward=-2.56584 mean_len=47.69 recent_eps=100 completed_eps=1038988
[UPDATE_EFFECT] action_delta=0.00823106 param_rms_delta=0.00042880
[TIME] collect=7.350s update=0.267s
[DONE] timeout=0.00000 anchor_pos=0.66101 anchor_ori=0.37463 ee_body=0.86646
[TRACK_ROLLOUT] anchor_pos=0.53459 anchor_ori=0.38787 body_pos=0.61173 body_ori=0.16150 body_lin=0.32668 body_ang=0.04539
[ACT_SUMMARY] abs_mean=0.7003 abs_p95=0.8774 abs_p99=0.9678 abs_max=1.3392 legs=0.7191 waist=0.6696 arms=0.6909
[FRAME_DIAG] frame0_abs=0.6981 frame1_abs=0.7063 in_chunk_delta=0.9248 cross_chunk_delta=0.9371
[UPDATE] 133/500 reward_step=-0.05229 chunk=-0.36824 done_frac=0.20425 mean_reward=-2.51186 mean_len=47.96
[SFPO] loss=3.49816 policy_loss=-0.01891 value_loss=3.51707 ratio=1.0010 [0.218,3.930] clip=0.1238 kl=0.010117 grad=0.6143 grad_c=17.0685 lr=0.000100 critic_lr=0.001000
[ROLLOUT] live=31.01 survive=0.13184 per_step=-0.04944 episode_projection=-24.72
[POLICY_DETAIL] samples=34820 raw_samples=49152 mb=8705 micro_mb=8192 logp_delta_abs=0.09255 old_logp=-125.82620 new_logp=-125.83517 adv_abs=0.66067 sde_steps=4
[TRAIN] mean_reward=-2.51186 mean_len=47.96 recent_eps=100 completed_eps=1046100
[UPDATE_EFFECT] action_delta=0.00832633 param_rms_delta=0.00043256
[TIME] collect=7.541s update=0.264s
[DONE] timeout=0.00000 anchor_pos=0.65479 anchor_ori=0.36670 ee_body=0.86035
[TRACK_ROLLOUT] anchor_pos=0.53111 anchor_ori=0.38425 body_pos=0.60935 body_ori=0.16126 body_lin=0.32589 body_ang=0.04549
[ACT_SUMMARY] abs_mean=0.7013 abs_p95=0.8796 abs_p99=0.9702 abs_max=1.3321 legs=0.7198 waist=0.6698 arms=0.6923
[FRAME_DIAG] frame0_abs=0.6980 frame1_abs=0.7080 in_chunk_delta=0.9251 cross_chunk_delta=0.9382
[UPDATE] 134/500 reward_step=-0.05254 chunk=-0.37012 done_frac=0.20193 mean_reward=-2.56662 mean_len=47.75
[SFPO] loss=3.87730 policy_loss=-0.01899 value_loss=3.89629 ratio=1.0005 [0.145,4.618] clip=0.1248 kl=0.010263 grad=0.6049 grad_c=22.4323 lr=0.000100 critic_lr=0.001000
[ROLLOUT] live=31.27 survive=0.13477 per_step=-0.04959 episode_projection=-24.79
[POLICY_DETAIL] samples=35102 raw_samples=49152 mb=8776 micro_mb=8192 logp_delta_abs=0.09242 old_logp=-125.87701 new_logp=-125.88661 adv_abs=0.63494 sde_steps=4
[TRAIN] mean_reward=-2.56662 mean_len=47.75 recent_eps=100 completed_eps=1053188
[UPDATE_EFFECT] action_delta=0.00820587 param_rms_delta=0.00042949
[TIME] collect=7.447s update=0.267s
[DONE] timeout=0.00000 anchor_pos=0.65784 anchor_ori=0.37219 ee_body=0.85681
[TRACK_ROLLOUT] anchor_pos=0.52507 anchor_ori=0.38466 body_pos=0.60325 body_ori=0.15878 body_lin=0.32578 body_ang=0.04530
[ACT_SUMMARY] abs_mean=0.7017 abs_p95=0.8803 abs_p99=0.9701 abs_max=1.2869 legs=0.7204 waist=0.6707 arms=0.6924
[FRAME_DIAG] frame0_abs=0.6981 frame1_abs=0.7088 in_chunk_delta=0.9251 cross_chunk_delta=0.9385
[UPDATE] 135/500 reward_step=-0.05247 chunk=-0.37033 done_frac=0.20303 mean_reward=-2.58583 mean_len=47.85
[SFPO] loss=3.91016 policy_loss=-0.01908 value_loss=3.92924 ratio=1.0002 [0.219,3.353] clip=0.1261 kl=0.010317 grad=0.6273 grad_c=26.1538 lr=0.000100 critic_lr=0.001000
[ROLLOUT] live=31.26 survive=0.13196 per_step=-0.04952 episode_projection=-24.76
[POLICY_DETAIL] samples=35024 raw_samples=49152 mb=8756 micro_mb=8192 logp_delta_abs=0.09280 old_logp=-125.85516 new_logp=-125.86515 adv_abs=0.64913 sde_steps=4
[TRAIN] mean_reward=-2.58583 mean_len=47.85 recent_eps=100 completed_eps=1060299
[UPDATE_EFFECT] action_delta=0.00822443 param_rms_delta=0.00042552
[TIME] collect=7.454s update=0.264s
[DONE] timeout=0.00000 anchor_pos=0.65503 anchor_ori=0.36548 ee_body=0.85876
[TRACK_ROLLOUT] anchor_pos=0.52448 anchor_ori=0.38552 body_pos=0.60388 body_ori=0.15899 body_lin=0.32568 body_ang=0.04549
[ACT_SUMMARY] abs_mean=0.7021 abs_p95=0.8800 abs_p99=0.9721 abs_max=1.3023 legs=0.7217 waist=0.6702 arms=0.6922
[FRAME_DIAG] frame0_abs=0.6989 frame1_abs=0.7089 in_chunk_delta=0.9246 cross_chunk_delta=0.9384
[UPDATE] 136/500 reward_step=-0.05282 chunk=-0.37365 done_frac=0.19721 mean_reward=-2.70287 mean_len=47.83
[SFPO] loss=4.16746 policy_loss=-0.01794 value_loss=4.18539 ratio=1.0008 [0.203,3.546] clip=0.1271 kl=0.010532 grad=0.6231 grad_c=46.8595 lr=0.000100 critic_lr=0.001000
[ROLLOUT] live=31.67 survive=0.14771 per_step=-0.04987 episode_projection=-24.93
[POLICY_DETAIL] samples=35403 raw_samples=49152 mb=8851 micro_mb=8192 logp_delta_abs=0.09397 old_logp=-125.89753 new_logp=-125.90711 adv_abs=0.62186 sde_steps=4
[TRAIN] mean_reward=-2.70287 mean_len=47.83 recent_eps=100 completed_eps=1067281
[UPDATE_EFFECT] action_delta=0.00841130 param_rms_delta=0.00042380
[TIME] collect=7.415s update=0.272s
[DONE] timeout=0.00000 anchor_pos=0.64648 anchor_ori=0.36267 ee_body=0.84485
[TRACK_ROLLOUT] anchor_pos=0.51939 anchor_ori=0.38032 body_pos=0.60033 body_ori=0.15693 body_lin=0.32554 body_ang=0.04562
[ACT_SUMMARY] abs_mean=0.7031 abs_p95=0.8822 abs_p99=0.9764 abs_max=1.4127 legs=0.7226 waist=0.6713 arms=0.6932
[FRAME_DIAG] frame0_abs=0.6997 frame1_abs=0.7101 in_chunk_delta=0.9248 cross_chunk_delta=0.9392
[UPDATE] 137/500 reward_step=-0.05260 chunk=-0.37169 done_frac=0.19723 mean_reward=-2.53337 mean_len=47.89
[SFPO] loss=4.14568 policy_loss=-0.02071 value_loss=4.16639 ratio=1.0008 [0.223,3.376] clip=0.1277 kl=0.010391 grad=0.5783 grad_c=53.5127 lr=0.000100 critic_lr=0.001000
[ROLLOUT] live=31.70 survive=0.14612 per_step=-0.04965 episode_projection=-24.83
[POLICY_DETAIL] samples=35467 raw_samples=49152 mb=8867 micro_mb=8192 logp_delta_abs=0.09323 old_logp=-125.85512 new_logp=-125.86457 adv_abs=0.62608 sde_steps=4
[TRAIN] mean_reward=-2.53337 mean_len=47.89 recent_eps=100 completed_eps=1074276
[UPDATE_EFFECT] action_delta=0.00835747 param_rms_delta=0.00042415
[TIME] collect=7.270s update=0.263s
[DONE] timeout=0.00000 anchor_pos=0.64246 anchor_ori=0.36694 ee_body=0.84509
[TRACK_ROLLOUT] anchor_pos=0.52082 anchor_ori=0.37971 body_pos=0.60252 body_ori=0.15719 body_lin=0.32735 body_ang=0.04545
[ACT_SUMMARY] abs_mean=0.7034 abs_p95=0.8825 abs_p99=0.9753 abs_max=1.3320 legs=0.7237 waist=0.6718 arms=0.6928
[FRAME_DIAG] frame0_abs=0.6998 frame1_abs=0.7101 in_chunk_delta=0.9250 cross_chunk_delta=0.9373
[UPDATE] 138/500 reward_step=-0.05255 chunk=-0.37170 done_frac=0.19446 mean_reward=-2.58291 mean_len=47.87
[SFPO] loss=3.92040 policy_loss=-0.01880 value_loss=3.93920 ratio=1.0001 [0.239,4.453] clip=0.1315 kl=0.010952 grad=0.6677 grad_c=39.1369 lr=0.000100 critic_lr=0.001000
[ROLLOUT] live=31.99 survive=0.15100 per_step=-0.04969 episode_projection=-24.84
[POLICY_DETAIL] samples=35766 raw_samples=49152 mb=8942 micro_mb=8192 logp_delta_abs=0.09509 old_logp=-125.82509 new_logp=-125.83579 adv_abs=0.61388 sde_steps=4
[TRAIN] mean_reward=-2.58291 mean_len=47.87 recent_eps=100 completed_eps=1081231
[UPDATE_EFFECT] action_delta=0.00909463 param_rms_delta=0.00041869
[TIME] collect=7.465s update=0.269s
[DONE] timeout=0.00000 anchor_pos=0.65088 anchor_ori=0.35901 ee_body=0.83911
[TRACK_ROLLOUT] anchor_pos=0.51897 anchor_ori=0.38390 body_pos=0.60204 body_ori=0.15673 body_lin=0.32633 body_ang=0.04599
[ACT_SUMMARY] abs_mean=0.7029 abs_p95=0.8824 abs_p99=0.9753 abs_max=1.3218 legs=0.7234 waist=0.6722 arms=0.6920
[FRAME_DIAG] frame0_abs=0.6990 frame1_abs=0.7107 in_chunk_delta=0.9246 cross_chunk_delta=0.9382
[UPDATE] 139/500 reward_step=-0.05246 chunk=-0.37116 done_frac=0.19458 mean_reward=-2.56311 mean_len=47.97
[SFPO] loss=3.79259 policy_loss=-0.01826 value_loss=3.81085 ratio=0.9999 [0.174,4.229] clip=0.1253 kl=0.010288 grad=0.6259 grad_c=56.6049 lr=0.000100 critic_lr=0.001000
[ROLLOUT] live=32.06 survive=0.14880 per_step=-0.04957 episode_projection=-24.78
[POLICY_DETAIL] samples=35837 raw_samples=49152 mb=8960 micro_mb=8192 logp_delta_abs=0.09321 old_logp=-125.83409 new_logp=-125.84435 adv_abs=0.61962 sde_steps=4
[TRAIN] mean_reward=-2.56311 mean_len=47.97 recent_eps=100 completed_eps=1088204
[UPDATE_EFFECT] action_delta=0.00839725 param_rms_delta=0.00042232
[TIME] collect=7.409s update=0.270s
[DONE] timeout=0.00000 anchor_pos=0.64612 anchor_ori=0.36328 ee_body=0.84094
[TRACK_ROLLOUT] anchor_pos=0.52149 anchor_ori=0.38094 body_pos=0.60562 body_ori=0.15702 body_lin=0.32863 body_ang=0.04632
[ACT_SUMMARY] abs_mean=0.7040 abs_p95=0.8840 abs_p99=0.9771 abs_max=1.3213 legs=0.7254 waist=0.6725 arms=0.6924
[FRAME_DIAG] frame0_abs=0.7018 frame1_abs=0.7120 in_chunk_delta=0.9250 cross_chunk_delta=0.9393
[UPDATE] 140/500 reward_step=-0.05260 chunk=-0.37331 done_frac=0.18986 mean_reward=-2.61666 mean_len=47.83
[SFPO] loss=3.39518 policy_loss=-0.01945 value_loss=3.41463 ratio=1.0006 [0.221,3.751] clip=0.1216 kl=0.010038 grad=0.5795 grad_c=16.6680 lr=0.000100 critic_lr=0.001000
[ROLLOUT] live=32.55 survive=0.15942 per_step=-0.04977 episode_projection=-24.88
[POLICY_DETAIL] samples=36268 raw_samples=49152 mb=9067 micro_mb=8192 logp_delta_abs=0.09104 old_logp=-125.80525 new_logp=-125.81449 adv_abs=0.60870 sde_steps=4
[TRAIN] mean_reward=-2.61666 mean_len=47.83 recent_eps=100 completed_eps=1095090
[UPDATE_EFFECT] action_delta=0.00824144 param_rms_delta=0.00041788
[TIME] collect=7.582s update=0.263s
[DONE] timeout=0.00000 anchor_pos=0.64282 anchor_ori=0.35547 ee_body=0.83130
[TRACK_ROLLOUT] anchor_pos=0.51919 anchor_ori=0.37494 body_pos=0.60138 body_ori=0.15467 body_lin=0.33031 body_ang=0.04623
[ACT_SUMMARY] abs_mean=0.7040 abs_p95=0.8839 abs_p99=0.9786 abs_max=1.4356 legs=0.7261 waist=0.6721 arms=0.6918
[FRAME_DIAG] frame0_abs=0.7011 frame1_abs=0.7122 in_chunk_delta=0.9246 cross_chunk_delta=0.9396
[UPDATE] 141/500 reward_step=-0.05243 chunk=-0.37163 done_frac=0.19190 mean_reward=-2.61367 mean_len=47.93
[SFPO] loss=3.38893 policy_loss=-0.01846 value_loss=3.40739 ratio=1.0004 [0.220,3.833] clip=0.1257 kl=0.010359 grad=0.6348 grad_c=18.2951 lr=0.000100 critic_lr=0.001000
[ROLLOUT] live=32.43 survive=0.15259 per_step=-0.04957 episode_projection=-24.79
[POLICY_DETAIL] samples=36175 raw_samples=49152 mb=9044 micro_mb=8192 logp_delta_abs=0.09275 old_logp=-125.86171 new_logp=-125.87153 adv_abs=0.61426 sde_steps=4
[TRAIN] mean_reward=-2.61367 mean_len=47.93 recent_eps=100 completed_eps=1102032
[UPDATE_EFFECT] action_delta=0.00823483 param_rms_delta=0.00041687
[TIME] collect=7.574s update=0.268s
[DONE] timeout=0.00000 anchor_pos=0.65576 anchor_ori=0.36853 ee_body=0.83740
[TRACK_ROLLOUT] anchor_pos=0.51996 anchor_ori=0.38014 body_pos=0.60368 body_ori=0.15484 body_lin=0.33015 body_ang=0.04644
[ACT_SUMMARY] abs_mean=0.7044 abs_p95=0.8849 abs_p99=0.9786 abs_max=1.3064 legs=0.7268 waist=0.6726 arms=0.6920
[FRAME_DIAG] frame0_abs=0.7012 frame1_abs=0.7122 in_chunk_delta=0.9249 cross_chunk_delta=0.9379
[UPDATE] 142/500 reward_step=-0.05282 chunk=-0.37451 done_frac=0.19129 mean_reward=-2.67992 mean_len=48.00
[SFPO] loss=3.55955 policy_loss=-0.01861 value_loss=3.57816 ratio=1.0004 [0.154,3.817] clip=0.1236 kl=0.010096 grad=0.6570 grad_c=18.9932 lr=0.000100 critic_lr=0.001000
[ROLLOUT] live=32.31 survive=0.15869 per_step=-0.04987 episode_projection=-24.94
[POLICY_DETAIL] samples=36029 raw_samples=49152 mb=9008 micro_mb=8192 logp_delta_abs=0.09185 old_logp=-125.81590 new_logp=-125.82549 adv_abs=0.65154 sde_steps=4
[TRAIN] mean_reward=-2.67992 mean_len=48.00 recent_eps=100 completed_eps=1108924
[UPDATE_EFFECT] action_delta=0.00792066 param_rms_delta=0.00042011
[TIME] collect=7.430s update=0.267s
[DONE] timeout=0.00000 anchor_pos=0.64099 anchor_ori=0.35364 ee_body=0.83276
[TRACK_ROLLOUT] anchor_pos=0.51599 anchor_ori=0.38063 body_pos=0.59892 body_ori=0.15497 body_lin=0.32917 body_ang=0.04614
[ACT_SUMMARY] abs_mean=0.7058 abs_p95=0.8876 abs_p99=0.9839 abs_max=1.2993 legs=0.7290 waist=0.6720 arms=0.6932
[FRAME_DIAG] frame0_abs=0.7038 frame1_abs=0.7139 in_chunk_delta=0.9250 cross_chunk_delta=0.9402
[UPDATE] 143/500 reward_step=-0.05304 chunk=-0.37741 done_frac=0.18357 mean_reward=-2.62286 mean_len=48.00
[SFPO] loss=3.80301 policy_loss=-0.01707 value_loss=3.82007 ratio=1.0003 [0.216,3.786] clip=0.1256 kl=0.010366 grad=0.6396 grad_c=37.0397 lr=0.000100 critic_lr=0.001000
[ROLLOUT] live=33.13 survive=0.17505 per_step=-0.05012 episode_projection=-25.06
[POLICY_DETAIL] samples=36814 raw_samples=49152 mb=9204 micro_mb=8192 logp_delta_abs=0.09308 old_logp=-125.87971 new_logp=-125.88966 adv_abs=0.63010 sde_steps=4
[TRAIN] mean_reward=-2.62286 mean_len=48.00 recent_eps=100 completed_eps=1115682
[UPDATE_EFFECT] action_delta=0.00811682 param_rms_delta=0.00042167
[TIME] collect=7.379s update=0.291s
[DONE] timeout=0.00000 anchor_pos=0.64111 anchor_ori=0.35938 ee_body=0.81445
[TRACK_ROLLOUT] anchor_pos=0.50951 anchor_ori=0.37405 body_pos=0.59361 body_ori=0.15136 body_lin=0.33063 body_ang=0.04612
[ACT_SUMMARY] abs_mean=0.7063 abs_p95=0.8870 abs_p99=0.9823 abs_max=1.3830 legs=0.7292 waist=0.6737 arms=0.6936
[FRAME_DIAG] frame0_abs=0.7034 frame1_abs=0.7147 in_chunk_delta=0.9252 cross_chunk_delta=0.9394
[UPDATE] 144/500 reward_step=-0.05299 chunk=-0.37638 done_frac=0.18633 mean_reward=-2.66486 mean_len=47.89
[SFPO] loss=3.50057 policy_loss=-0.01776 value_loss=3.51833 ratio=1.0003 [0.196,4.042] clip=0.1272 kl=0.010494 grad=0.6528 grad_c=18.9503 lr=0.000100 critic_lr=0.001000
[ROLLOUT] live=32.90 survive=0.16687 per_step=-0.05011 episode_projection=-25.05
[POLICY_DETAIL] samples=36628 raw_samples=49152 mb=9157 micro_mb=8192 logp_delta_abs=0.09328 old_logp=-125.88572 new_logp=-125.89580 adv_abs=0.61814 sde_steps=4
[TRAIN] mean_reward=-2.66486 mean_len=47.89 recent_eps=100 completed_eps=1122507
[UPDATE_EFFECT] action_delta=0.00822266 param_rms_delta=0.00042036
[TIME] collect=7.356s update=0.264s
[DONE] timeout=0.00000 anchor_pos=0.65393 anchor_ori=0.36450 ee_body=0.82214
[TRACK_ROLLOUT] anchor_pos=0.50983 anchor_ori=0.37404 body_pos=0.59614 body_ori=0.15176 body_lin=0.32941 body_ang=0.04578
[ACT_SUMMARY] abs_mean=0.7065 abs_p95=0.8866 abs_p99=0.9840 abs_max=1.3653 legs=0.7301 waist=0.6729 arms=0.6936
[FRAME_DIAG] frame0_abs=0.7041 frame1_abs=0.7145 in_chunk_delta=0.9252 cross_chunk_delta=0.9391
[UPDATE] 145/500 reward_step=-0.05307 chunk=-0.37759 done_frac=0.18536 mean_reward=-2.65938 mean_len=47.91
[SFPO] loss=3.56489 policy_loss=-0.01803 value_loss=3.58292 ratio=1.0004 [0.201,3.350] clip=0.1270 kl=0.010413 grad=0.6319 grad_c=18.0712 lr=0.000100 critic_lr=0.001000
[ROLLOUT] live=33.06 survive=0.16870 per_step=-0.05019 episode_projection=-25.10
[POLICY_DETAIL] samples=36740 raw_samples=49152 mb=9185 micro_mb=8192 logp_delta_abs=0.09354 old_logp=-125.79423 new_logp=-125.80412 adv_abs=0.62851 sde_steps=4
[TRAIN] mean_reward=-2.65938 mean_len=47.91 recent_eps=100 completed_eps=1129317
[UPDATE_EFFECT] action_delta=0.00811529 param_rms_delta=0.00041876
[TIME] collect=7.196s update=0.266s
[DONE] timeout=0.00000 anchor_pos=0.64148 anchor_ori=0.35205 ee_body=0.82166
[TRACK_ROLLOUT] anchor_pos=0.50913 anchor_ori=0.37328 body_pos=0.59299 body_ori=0.15138 body_lin=0.33262 body_ang=0.04629
[ACT_SUMMARY] abs_mean=0.7074 abs_p95=0.8904 abs_p99=0.9857 abs_max=1.4031 legs=0.7316 waist=0.6741 arms=0.6939
[FRAME_DIAG] frame0_abs=0.7060 frame1_abs=0.7162 in_chunk_delta=0.9250 cross_chunk_delta=0.9415
[UPDATE] 146/500 reward_step=-0.05279 chunk=-0.37531 done_frac=0.18430 mean_reward=-2.59728 mean_len=48.00
[SFPO] loss=3.68906 policy_loss=-0.01782 value_loss=3.70688 ratio=0.9999 [0.214,4.012] clip=0.1259 kl=0.010409 grad=0.6181 grad_c=23.6882 lr=0.000100 critic_lr=0.001000
[ROLLOUT] live=33.18 survive=0.16992 per_step=-0.04994 episode_projection=-24.97
[POLICY_DETAIL] samples=36896 raw_samples=49152 mb=9224 micro_mb=8192 logp_delta_abs=0.09310 old_logp=-125.85616 new_logp=-125.86652 adv_abs=0.61399 sde_steps=4
[TRAIN] mean_reward=-2.59728 mean_len=48.00 recent_eps=100 completed_eps=1136117
[UPDATE_EFFECT] action_delta=0.00824470 param_rms_delta=0.00041710
[TIME] collect=7.529s update=0.263s
[DONE] timeout=0.00000 anchor_pos=0.64197 anchor_ori=0.35693 ee_body=0.81995
[TRACK_ROLLOUT] anchor_pos=0.51296 anchor_ori=0.37452 body_pos=0.59815 body_ori=0.15128 body_lin=0.33367 body_ang=0.04668
[ACT_SUMMARY] abs_mean=0.7076 abs_p95=0.8894 abs_p99=0.9860 abs_max=1.3475 legs=0.7323 waist=0.6752 arms=0.6933
[FRAME_DIAG] frame0_abs=0.7057 frame1_abs=0.7169 in_chunk_delta=0.9247 cross_chunk_delta=0.9407
[UPDATE] 147/500 reward_step=-0.05315 chunk=-0.37857 done_frac=0.18093 mean_reward=-2.67875 mean_len=48.00
[SFPO] loss=3.58570 policy_loss=-0.01939 value_loss=3.60509 ratio=1.0006 [0.212,3.817] clip=0.1322 kl=0.010897 grad=0.6147 grad_c=41.0957 lr=0.000100 critic_lr=0.001000
[ROLLOUT] live=33.50 survive=0.17883 per_step=-0.05036 episode_projection=-25.18
[POLICY_DETAIL] samples=37181 raw_samples=49152 mb=9296 micro_mb=8192 logp_delta_abs=0.09511 old_logp=-125.85900 new_logp=-125.86914 adv_abs=0.61225 sde_steps=4
[TRAIN] mean_reward=-2.67875 mean_len=48.00 recent_eps=100 completed_eps=1142844
[UPDATE_EFFECT] action_delta=0.00863365 param_rms_delta=0.00041557
[TIME] collect=7.291s update=0.268s
[DONE] timeout=0.00000 anchor_pos=0.64722 anchor_ori=0.35449 ee_body=0.80981
[TRACK_ROLLOUT] anchor_pos=0.50762 anchor_ori=0.37481 body_pos=0.59335 body_ori=0.14988 body_lin=0.33160 body_ang=0.04666
[ACT_SUMMARY] abs_mean=0.7085 abs_p95=0.8917 abs_p99=0.9893 abs_max=1.3145 legs=0.7335 waist=0.6741 arms=0.6945
[FRAME_DIAG] frame0_abs=0.7063 frame1_abs=0.7168 in_chunk_delta=0.9252 cross_chunk_delta=0.9409
[UPDATE] 148/500 reward_step=-0.05308 chunk=-0.37847 done_frac=0.17928 mean_reward=-2.71910 mean_len=48.00
[SFPO] loss=4.04583 policy_loss=-0.01935 value_loss=4.06517 ratio=1.0002 [0.217,3.200] clip=0.1274 kl=0.010577 grad=0.6196 grad_c=36.2936 lr=0.000100 critic_lr=0.001000
[ROLLOUT] live=33.68 survive=0.18250 per_step=-0.05023 episode_projection=-25.12
[POLICY_DETAIL] samples=37356 raw_samples=49152 mb=9339 micro_mb=8192 logp_delta_abs=0.09394 old_logp=-125.80597 new_logp=-125.81618 adv_abs=0.61225 sde_steps=4
[TRAIN] mean_reward=-2.71910 mean_len=48.00 recent_eps=100 completed_eps=1149541
[UPDATE_EFFECT] action_delta=0.00796260 param_rms_delta=0.00041434
[TIME] collect=7.317s update=0.272s
[DONE] timeout=0.00000 anchor_pos=0.63977 anchor_ori=0.34900 ee_body=0.80786
[TRACK_ROLLOUT] anchor_pos=0.50601 anchor_ori=0.37232 body_pos=0.59388 body_ori=0.14982 body_lin=0.33371 body_ang=0.04723
[ACT_SUMMARY] abs_mean=0.7090 abs_p95=0.8914 abs_p99=0.9894 abs_max=1.3541 legs=0.7343 waist=0.6766 arms=0.6942
[FRAME_DIAG] frame0_abs=0.7064 frame1_abs=0.7171 in_chunk_delta=0.9248 cross_chunk_delta=0.9410
[UPDATE] 149/500 reward_step=-0.05291 chunk=-0.37772 done_frac=0.17771 mean_reward=-2.58953 mean_len=48.00
[SFPO] loss=3.66157 policy_loss=-0.01816 value_loss=3.67973 ratio=1.0001 [0.244,4.048] clip=0.1288 kl=0.010622 grad=0.6047 grad_c=27.5627 lr=0.000100 critic_lr=0.001000
[ROLLOUT] live=33.82 survive=0.18750 per_step=-0.05010 episode_projection=-25.05
[POLICY_DETAIL] samples=37454 raw_samples=49152 mb=9364 micro_mb=8192 logp_delta_abs=0.09405 old_logp=-125.84642 new_logp=-125.85681 adv_abs=0.60374 sde_steps=4
[TRAIN] mean_reward=-2.58953 mean_len=48.00 recent_eps=100 completed_eps=1156197
[UPDATE_EFFECT] action_delta=0.00884232 param_rms_delta=0.00041297
[TIME] collect=7.386s update=0.266s
[DONE] timeout=0.00000 anchor_pos=0.63037 anchor_ori=0.34729 ee_body=0.80237
[TRACK_ROLLOUT] anchor_pos=0.50593 anchor_ori=0.37447 body_pos=0.59504 body_ori=0.14976 body_lin=0.33497 body_ang=0.04695
[ACT_SUMMARY] abs_mean=0.7093 abs_p95=0.8923 abs_p99=0.9905 abs_max=1.3735 legs=0.7351 waist=0.6742 arms=0.6946
[FRAME_DIAG] frame0_abs=0.7066 frame1_abs=0.7184 in_chunk_delta=0.9247 cross_chunk_delta=0.9414
[UPDATE] 150/500 reward_step=-0.05334 chunk=-0.38120 done_frac=0.17556 mean_reward=-2.70739 mean_len=47.80
[SFPO] loss=3.49186 policy_loss=-0.01800 value_loss=3.50985 ratio=1.0001 [0.218,4.060] clip=0.1312 kl=0.010867 grad=0.6359 grad_c=19.3017 lr=0.000100 critic_lr=0.001000
[ROLLOUT] live=34.05 survive=0.19275 per_step=-0.05055 episode_projection=-25.28
[POLICY_DETAIL] samples=37669 raw_samples=49152 mb=9418 micro_mb=8192 logp_delta_abs=0.09551 old_logp=-125.80846 new_logp=-125.81910 adv_abs=0.61424 sde_steps=4
[TRAIN] mean_reward=-2.70739 mean_len=47.80 recent_eps=100 completed_eps=1162810
[UPDATE_EFFECT] action_delta=0.00844357 param_rms_delta=0.00041154
[TIME] collect=7.411s update=0.263s
[DONE] timeout=0.00000 anchor_pos=0.63696 anchor_ori=0.34692 ee_body=0.79773
[TRACK_ROLLOUT] anchor_pos=0.50155 anchor_ori=0.36829 body_pos=0.59027 body_ori=0.14814 body_lin=0.33328 body_ang=0.04690
[ACT_SUMMARY] abs_mean=0.7099 abs_p95=0.8932 abs_p99=0.9930 abs_max=1.2905 legs=0.7359 waist=0.6763 arms=0.6949
[FRAME_DIAG] frame0_abs=0.7075 frame1_abs=0.7188 in_chunk_delta=0.9254 cross_chunk_delta=0.9422
[UPDATE] 151/500 reward_step=-0.05323 chunk=-0.38046 done_frac=0.17663 mean_reward=-2.63960 mean_len=48.00
[SFPO] loss=3.68187 policy_loss=-0.01904 value_loss=3.70091 ratio=1.0002 [0.218,4.113] clip=0.1306 kl=0.010716 grad=0.6392 grad_c=26.7023 lr=0.000100 critic_lr=0.001000
[ROLLOUT] live=33.98 survive=0.18933 per_step=-0.05040 episode_projection=-25.20
[POLICY_DETAIL] samples=37598 raw_samples=49152 mb=9400 micro_mb=8192 logp_delta_abs=0.09529 old_logp=-125.82710 new_logp=-125.83742 adv_abs=0.61044 sde_steps=4
[TRAIN] mean_reward=-2.63960 mean_len=48.00 recent_eps=100 completed_eps=1169451
[UPDATE_EFFECT] action_delta=0.00841074 param_rms_delta=0.00041168
[TIME] collect=7.407s update=0.280s
[DONE] timeout=0.00000 anchor_pos=0.63318 anchor_ori=0.34412 ee_body=0.80127
[TRACK_ROLLOUT] anchor_pos=0.50476 anchor_ori=0.37183 body_pos=0.59209 body_ori=0.14854 body_lin=0.33437 body_ang=0.04734
[ACT_SUMMARY] abs_mean=0.7108 abs_p95=0.8950 abs_p99=0.9956 abs_max=1.3601 legs=0.7375 waist=0.6778 arms=0.6951
[FRAME_DIAG] frame0_abs=0.7077 frame1_abs=0.7201 in_chunk_delta=0.9255 cross_chunk_delta=0.9420
[UPDATE] 152/500 reward_step=-0.05327 chunk=-0.38093 done_frac=0.17502 mean_reward=-2.67564 mean_len=47.97
[SFPO] loss=3.52427 policy_loss=-0.02050 value_loss=3.54476 ratio=1.0008 [0.249,3.398] clip=0.1297 kl=0.010611 grad=0.5958 grad_c=14.6331 lr=0.000100 critic_lr=0.001000
[ROLLOUT] live=34.10 survive=0.19434 per_step=-0.05041 episode_projection=-25.21
[POLICY_DETAIL] samples=37710 raw_samples=49152 mb=9428 micro_mb=8192 logp_delta_abs=0.09453 old_logp=-125.85668 new_logp=-125.86636 adv_abs=0.60922 sde_steps=4
[TRAIN] mean_reward=-2.67564 mean_len=47.97 recent_eps=100 completed_eps=1176051
[UPDATE_EFFECT] action_delta=0.00800904 param_rms_delta=0.00041264
[TIME] collect=7.534s update=0.274s
[DONE] timeout=0.00000 anchor_pos=0.62354 anchor_ori=0.34912 ee_body=0.79529
[TRACK_ROLLOUT] anchor_pos=0.50355 anchor_ori=0.36766 body_pos=0.58986 body_ori=0.14799 body_lin=0.33535 body_ang=0.04694
[ACT_SUMMARY] abs_mean=0.7113 abs_p95=0.8956 abs_p99=0.9949 abs_max=1.4611 legs=0.7381 waist=0.6775 arms=0.6956
[FRAME_DIAG] frame0_abs=0.7086 frame1_abs=0.7212 in_chunk_delta=0.9254 cross_chunk_delta=0.9416
[UPDATE] 153/500 reward_step=-0.05334 chunk=-0.38135 done_frac=0.17259 mean_reward=-2.65233 mean_len=47.89
[SFPO] loss=3.59706 policy_loss=-0.01971 value_loss=3.61677 ratio=1.0007 [0.219,3.994] clip=0.1325 kl=0.010995 grad=0.6653 grad_c=15.2189 lr=0.000100 critic_lr=0.001000
[ROLLOUT] live=34.32 survive=0.20032 per_step=-0.05050 episode_projection=-25.25
[POLICY_DETAIL] samples=37956 raw_samples=49152 mb=9489 micro_mb=8192 logp_delta_abs=0.09567 old_logp=-125.80867 new_logp=-125.81885 adv_abs=0.60879 sde_steps=4
[TRAIN] mean_reward=-2.65233 mean_len=47.89 recent_eps=100 completed_eps=1182602
[UPDATE_EFFECT] action_delta=0.00801343 param_rms_delta=0.00040944
[TIME] collect=7.707s update=0.266s
[DONE] timeout=0.00000 anchor_pos=0.62793 anchor_ori=0.34436 ee_body=0.78918
[TRACK_ROLLOUT] anchor_pos=0.50068 anchor_ori=0.36676 body_pos=0.58910 body_ori=0.14689 body_lin=0.33473 body_ang=0.04699
[ACT_SUMMARY] abs_mean=0.7114 abs_p95=0.8963 abs_p99=0.9967 abs_max=1.3809 legs=0.7386 waist=0.6770 arms=0.6954
[FRAME_DIAG] frame0_abs=0.7086 frame1_abs=0.7215 in_chunk_delta=0.9251 cross_chunk_delta=0.9411
[UPDATE] 154/500 reward_step=-0.05345 chunk=-0.38262 done_frac=0.17207 mean_reward=-2.58196 mean_len=47.87
[SFPO] loss=3.33084 policy_loss=-0.01978 value_loss=3.35062 ratio=1.0006 [0.220,4.591] clip=0.1299 kl=0.010654 grad=0.6271 grad_c=24.0544 lr=0.000100 critic_lr=0.001000
[ROLLOUT] live=34.43 survive=0.20117 per_step=-0.05064 episode_projection=-25.32
[POLICY_DETAIL] samples=38031 raw_samples=49152 mb=9508 micro_mb=8192 logp_delta_abs=0.09524 old_logp=-125.82149 new_logp=-125.83141 adv_abs=0.62612 sde_steps=4
[TRAIN] mean_reward=-2.58196 mean_len=47.87 recent_eps=100 completed_eps=1189146
[UPDATE_EFFECT] action_delta=0.00830597 param_rms_delta=0.00040573
[TIME] collect=7.547s update=0.266s
[DONE] timeout=0.00000 anchor_pos=0.62598 anchor_ori=0.33618 ee_body=0.79041
[TRACK_ROLLOUT] anchor_pos=0.49577 anchor_ori=0.36463 body_pos=0.58723 body_ori=0.14630 body_lin=0.33472 body_ang=0.04710
[ACT_SUMMARY] abs_mean=0.7123 abs_p95=0.8973 abs_p99=0.9971 abs_max=1.3462 legs=0.7406 waist=0.6774 arms=0.6955
[FRAME_DIAG] frame0_abs=0.7095 frame1_abs=0.7230 in_chunk_delta=0.9252 cross_chunk_delta=0.9428
[UPDATE] 155/500 reward_step=-0.05320 chunk=-0.38125 done_frac=0.17035 mean_reward=-2.59872 mean_len=48.00
[SFPO] loss=3.13096 policy_loss=-0.01994 value_loss=3.15090 ratio=1.0005 [0.180,3.655] clip=0.1258 kl=0.010419 grad=0.5975 grad_c=25.3686 lr=0.000100 critic_lr=0.001000
[ROLLOUT] live=34.72 survive=0.20337 per_step=-0.05036 episode_projection=-25.18
[POLICY_DETAIL] samples=38309 raw_samples=49152 mb=9578 micro_mb=8192 logp_delta_abs=0.09315 old_logp=-125.85301 new_logp=-125.86280 adv_abs=0.59516 sde_steps=4
[TRAIN] mean_reward=-2.59872 mean_len=48.00 recent_eps=100 completed_eps=1195672
[UPDATE_EFFECT] action_delta=0.00849093 param_rms_delta=0.00040702
[TIME] collect=7.441s update=0.267s
[DONE] timeout=0.00000 anchor_pos=0.62451 anchor_ori=0.34888 ee_body=0.78625
[TRACK_ROLLOUT] anchor_pos=0.50214 anchor_ori=0.36250 body_pos=0.59033 body_ori=0.14514 body_lin=0.33670 body_ang=0.04718
[ACT_SUMMARY] abs_mean=0.7123 abs_p95=0.8967 abs_p99=0.9967 abs_max=1.3999 legs=0.7406 waist=0.6763 arms=0.6958
[FRAME_DIAG] frame0_abs=0.7097 frame1_abs=0.7219 in_chunk_delta=0.9249 cross_chunk_delta=0.9422
[UPDATE] 156/500 reward_step=-0.05342 chunk=-0.38306 done_frac=0.16776 mean_reward=-2.65518 mean_len=48.00
[SFPO] loss=3.52571 policy_loss=-0.02016 value_loss=3.54587 ratio=1.0009 [0.205,3.407] clip=0.1262 kl=0.010235 grad=0.5915 grad_c=21.8309 lr=0.000100 critic_lr=0.001000
[ROLLOUT] live=34.84 survive=0.21338 per_step=-0.05065 episode_projection=-25.32
[POLICY_DETAIL] samples=38412 raw_samples=49152 mb=9603 micro_mb=8192 logp_delta_abs=0.09383 old_logp=-125.82332 new_logp=-125.83254 adv_abs=0.60425 sde_steps=4
[TRAIN] mean_reward=-2.65518 mean_len=48.00 recent_eps=100 completed_eps=1202116
[UPDATE_EFFECT] action_delta=0.00800938 param_rms_delta=0.00040428
[TIME] collect=7.397s update=0.266s
[DONE] timeout=0.00000 anchor_pos=0.61804 anchor_ori=0.33679 ee_body=0.77649
[TRACK_ROLLOUT] anchor_pos=0.49708 anchor_ori=0.36051 body_pos=0.58805 body_ori=0.14464 body_lin=0.33683 body_ang=0.04731
[ACT_SUMMARY] abs_mean=0.7131 abs_p95=0.8981 abs_p99=1.0005 abs_max=1.3371 legs=0.7415 waist=0.6772 arms=0.6965
[FRAME_DIAG] frame0_abs=0.7100 frame1_abs=0.7238 in_chunk_delta=0.9251 cross_chunk_delta=0.9434
[UPDATE] 157/500 reward_step=-0.05340 chunk=-0.38302 done_frac=0.16840 mean_reward=-2.63090 mean_len=48.00
[SFPO] loss=3.36440 policy_loss=-0.01679 value_loss=3.38119 ratio=1.0001 [0.261,4.554] clip=0.1289 kl=0.010561 grad=0.6284 grad_c=18.8264 lr=0.000100 critic_lr=0.001000
[ROLLOUT] live=34.95 survive=0.20801 per_step=-0.05066 episode_projection=-25.33
[POLICY_DETAIL] samples=38527 raw_samples=49152 mb=9632 micro_mb=8192 logp_delta_abs=0.09463 old_logp=-125.83273 new_logp=-125.84308 adv_abs=0.60671 sde_steps=4
[TRAIN] mean_reward=-2.63090 mean_len=48.00 recent_eps=100 completed_eps=1208604
[UPDATE_EFFECT] action_delta=0.00865230 param_rms_delta=0.00040938
[TIME] collect=7.299s update=0.276s
[DONE] timeout=0.00000 anchor_pos=0.62427 anchor_ori=0.33533 ee_body=0.78076
[TRACK_ROLLOUT] anchor_pos=0.49635 anchor_ori=0.36843 body_pos=0.58716 body_ori=0.14449 body_lin=0.33688 body_ang=0.04776
[ACT_SUMMARY] abs_mean=0.7142 abs_p95=0.9007 abs_p99=1.0045 abs_max=1.3747 legs=0.7430 waist=0.6781 arms=0.6973
[FRAME_DIAG] frame0_abs=0.7105 frame1_abs=0.7244 in_chunk_delta=0.9247 cross_chunk_delta=0.9438
[UPDATE] 158/500 reward_step=-0.05337 chunk=-0.38327 done_frac=0.16473 mean_reward=-2.65906 mean_len=48.00
[SFPO] loss=3.18940 policy_loss=-0.01823 value_loss=3.20762 ratio=1.0011 [0.265,4.049] clip=0.1301 kl=0.010639 grad=0.6277 grad_c=13.7311 lr=0.000100 critic_lr=0.001000
[ROLLOUT] live=35.18 survive=0.22119 per_step=-0.05055 episode_projection=-25.27
[POLICY_DETAIL] samples=38729 raw_samples=49152 mb=9683 micro_mb=8192 logp_delta_abs=0.09503 old_logp=-125.84008 new_logp=-125.84947 adv_abs=0.60872 sde_steps=4
[TRAIN] mean_reward=-2.65906 mean_len=48.00 recent_eps=100 completed_eps=1214984
[UPDATE_EFFECT] action_delta=0.00843737 param_rms_delta=0.00040734
[TIME] collect=7.347s update=0.266s
[DONE] timeout=0.00000 anchor_pos=0.61011 anchor_ori=0.33325 ee_body=0.76819
[TRACK_ROLLOUT] anchor_pos=0.49474 anchor_ori=0.36338 body_pos=0.58617 body_ori=0.14366 body_lin=0.33866 body_ang=0.04762
[ACT_SUMMARY] abs_mean=0.7139 abs_p95=0.8993 abs_p99=1.0030 abs_max=1.3596 legs=0.7438 waist=0.6774 arms=0.6962
[FRAME_DIAG] frame0_abs=0.7112 frame1_abs=0.7244 in_chunk_delta=0.9245 cross_chunk_delta=0.9439
[UPDATE] 159/500 reward_step=-0.05349 chunk=-0.38421 done_frac=0.16704 mean_reward=-2.68858 mean_len=48.00
[SFPO] loss=3.31405 policy_loss=-0.01931 value_loss=3.33337 ratio=1.0006 [0.243,3.736] clip=0.1289 kl=0.010652 grad=0.6247 grad_c=18.7684 lr=0.000100 critic_lr=0.001000
[ROLLOUT] live=35.10 survive=0.21204 per_step=-0.05068 episode_projection=-25.34
[POLICY_DETAIL] samples=38644 raw_samples=49152 mb=9661 micro_mb=8192 logp_delta_abs=0.09483 old_logp=-125.78328 new_logp=-125.79315 adv_abs=0.58640 sde_steps=4
[TRAIN] mean_reward=-2.68858 mean_len=48.00 recent_eps=100 completed_eps=1221439
[UPDATE_EFFECT] action_delta=0.00855725 param_rms_delta=0.00040364
[TIME] collect=7.459s update=0.268s
[DONE] timeout=0.00000 anchor_pos=0.61853 anchor_ori=0.34253 ee_body=0.77759
[TRACK_ROLLOUT] anchor_pos=0.49396 anchor_ori=0.36369 body_pos=0.58705 body_ori=0.14372 body_lin=0.33615 body_ang=0.04753
[ACT_SUMMARY] abs_mean=0.7149 abs_p95=0.9013 abs_p99=1.0057 abs_max=1.3545 legs=0.7446 waist=0.6793 arms=0.6970
[FRAME_DIAG] frame0_abs=0.7124 frame1_abs=0.7240 in_chunk_delta=0.9246 cross_chunk_delta=0.9443
[UPDATE] 160/500 reward_step=-0.05343 chunk=-0.38340 done_frac=0.16569 mean_reward=-2.64982 mean_len=48.00
[SFPO] loss=3.30181 policy_loss=-0.01893 value_loss=3.32073 ratio=1.0007 [0.230,4.689] clip=0.1328 kl=0.011059 grad=0.6785 grad_c=12.7882 lr=0.000100 critic_lr=0.001000
[ROLLOUT] live=35.18 survive=0.21594 per_step=-0.05065 episode_projection=-25.32
[POLICY_DETAIL] samples=38765 raw_samples=49152 mb=9692 micro_mb=8192 logp_delta_abs=0.09566 old_logp=-125.82048 new_logp=-125.83068 adv_abs=0.60047 sde_steps=4
[TRAIN] mean_reward=-2.64982 mean_len=48.00 recent_eps=100 completed_eps=1227862
[UPDATE_EFFECT] action_delta=0.00824234 param_rms_delta=0.00040586
[TIME] collect=7.451s update=0.274s
[DONE] timeout=0.00000 anchor_pos=0.61670 anchor_ori=0.33606 ee_body=0.77344
[TRACK_ROLLOUT] anchor_pos=0.49739 anchor_ori=0.36348 body_pos=0.59005 body_ori=0.14430 body_lin=0.33613 body_ang=0.04775
[ACT_SUMMARY] abs_mean=0.7157 abs_p95=0.9025 abs_p99=1.0080 abs_max=1.4559 legs=0.7461 waist=0.6787 arms=0.6976
[FRAME_DIAG] frame0_abs=0.7125 frame1_abs=0.7245 in_chunk_delta=0.9250 cross_chunk_delta=0.9439
[UPDATE] 161/500 reward_step=-0.05350 chunk=-0.38527 done_frac=0.16027 mean_reward=-2.71552 mean_len=48.00
[SFPO] loss=3.35301 policy_loss=-0.01883 value_loss=3.37183 ratio=1.0001 [0.202,3.718] clip=0.1363 kl=0.011356 grad=0.6282 grad_c=24.2748 lr=0.000100 critic_lr=0.001000
[ROLLOUT] live=35.75 survive=0.23193 per_step=-0.05082 episode_projection=-25.41
[POLICY_DETAIL] samples=39258 raw_samples=49152 mb=9815 micro_mb=8192 logp_delta_abs=0.09797 old_logp=-125.85521 new_logp=-125.86629 adv_abs=0.58813 sde_steps=4
[TRAIN] mean_reward=-2.71552 mean_len=48.00 recent_eps=100 completed_eps=1234154
[UPDATE_EFFECT] action_delta=0.00863638 param_rms_delta=0.00040252
[TIME] collect=7.268s update=0.268s
[DONE] timeout=0.00000 anchor_pos=0.60413 anchor_ori=0.32776 ee_body=0.75732
[TRACK_ROLLOUT] anchor_pos=0.49424 anchor_ori=0.36108 body_pos=0.58681 body_ori=0.14249 body_lin=0.33941 body_ang=0.04807
[ACT_SUMMARY] abs_mean=0.7161 abs_p95=0.9038 abs_p99=1.0110 abs_max=1.3867 legs=0.7469 waist=0.6789 arms=0.6976
[FRAME_DIAG] frame0_abs=0.7128 frame1_abs=0.7261 in_chunk_delta=0.9248 cross_chunk_delta=0.9447
[UPDATE] 162/500 reward_step=-0.05366 chunk=-0.38617 done_frac=0.16196 mean_reward=-2.66823 mean_len=48.00
[SFPO] loss=3.32627 policy_loss=-0.01875 value_loss=3.34502 ratio=1.0001 [0.236,3.383] clip=0.1340 kl=0.011019 grad=0.6527 grad_c=22.8620 lr=0.000100 critic_lr=0.001000
[ROLLOUT] live=35.70 survive=0.22461 per_step=-0.05091 episode_projection=-25.46
[POLICY_DETAIL] samples=39220 raw_samples=49152 mb=9805 micro_mb=8192 logp_delta_abs=0.09663 old_logp=-125.89455 new_logp=-125.90533 adv_abs=0.59100 sde_steps=4
[TRAIN] mean_reward=-2.66823 mean_len=48.00 recent_eps=100 completed_eps=1240506
[UPDATE_EFFECT] action_delta=0.00843115 param_rms_delta=0.00040081
[TIME] collect=7.527s update=0.279s
[DONE] timeout=0.00000 anchor_pos=0.61804 anchor_ori=0.33618 ee_body=0.76648
[TRACK_ROLLOUT] anchor_pos=0.49146 anchor_ori=0.35682 body_pos=0.58519 body_ori=0.14150 body_lin=0.33817 body_ang=0.04769
[ACT_SUMMARY] abs_mean=0.7167 abs_p95=0.9046 abs_p99=1.0114 abs_max=1.3969 legs=0.7482 waist=0.6790 arms=0.6979
[FRAME_DIAG] frame0_abs=0.7134 frame1_abs=0.7267 in_chunk_delta=0.9249 cross_chunk_delta=0.9455
[UPDATE] 163/500 reward_step=-0.05353 chunk=-0.38573 done_frac=0.16025 mean_reward=-2.67907 mean_len=48.00
[SFPO] loss=3.27095 policy_loss=-0.02122 value_loss=3.29218 ratio=1.0007 [0.197,3.956] clip=0.1334 kl=0.010901 grad=0.6052 grad_c=24.1961 lr=0.000100 critic_lr=0.001000
[ROLLOUT] live=35.79 survive=0.23181 per_step=-0.05078 episode_projection=-25.39
[POLICY_DETAIL] samples=39270 raw_samples=49152 mb=9818 micro_mb=8192 logp_delta_abs=0.09660 old_logp=-125.80770 new_logp=-125.81773 adv_abs=0.58484 sde_steps=4
[TRAIN] mean_reward=-2.67907 mean_len=48.00 recent_eps=100 completed_eps=1246799
[UPDATE_EFFECT] action_delta=0.00843619 param_rms_delta=0.00039544
[TIME] collect=7.278s update=0.267s
[DONE] timeout=0.00000 anchor_pos=0.60437 anchor_ori=0.33228 ee_body=0.75684
[TRACK_ROLLOUT] anchor_pos=0.49292 anchor_ori=0.36194 body_pos=0.58685 body_ori=0.14207 body_lin=0.33815 body_ang=0.04844
[ACT_SUMMARY] abs_mean=0.7172 abs_p95=0.9056 abs_p99=1.0127 abs_max=1.3794 legs=0.7486 waist=0.6789 arms=0.6985
[FRAME_DIAG] frame0_abs=0.7142 frame1_abs=0.7280 in_chunk_delta=0.9249 cross_chunk_delta=0.9445
[UPDATE] 164/500 reward_step=-0.05346 chunk=-0.38524 done_frac=0.15941 mean_reward=-2.62978 mean_len=48.00
[SFPO] loss=3.10154 policy_loss=-0.01988 value_loss=3.12142 ratio=1.0003 [0.174,4.357] clip=0.1297 kl=0.010540 grad=0.6110 grad_c=15.2908 lr=0.000100 critic_lr=0.001000
[ROLLOUT] live=35.86 survive=0.23438 per_step=-0.05073 episode_projection=-25.37
[POLICY_DETAIL] samples=39344 raw_samples=49152 mb=9836 micro_mb=8192 logp_delta_abs=0.09496 old_logp=-125.82132 new_logp=-125.83143 adv_abs=0.57591 sde_steps=4
[TRAIN] mean_reward=-2.62978 mean_len=48.00 recent_eps=100 completed_eps=1253071
[UPDATE_EFFECT] action_delta=0.00806157 param_rms_delta=0.00039306
[TIME] collect=7.563s update=0.272s
[DONE] timeout=0.00000 anchor_pos=0.60779 anchor_ori=0.33276 ee_body=0.75586
[TRACK_ROLLOUT] anchor_pos=0.49182 anchor_ori=0.36154 body_pos=0.58568 body_ori=0.14123 body_lin=0.34057 body_ang=0.04820
[ACT_SUMMARY] abs_mean=0.7176 abs_p95=0.9051 abs_p99=1.0142 abs_max=1.4205 legs=0.7495 waist=0.6797 arms=0.6984
[FRAME_DIAG] frame0_abs=0.7146 frame1_abs=0.7270 in_chunk_delta=0.9244 cross_chunk_delta=0.9452
[UPDATE] 165/500 reward_step=-0.05354 chunk=-0.38585 done_frac=0.15867 mean_reward=-2.70529 mean_len=48.00
[SFPO] loss=3.26720 policy_loss=-0.02007 value_loss=3.28727 ratio=1.0004 [0.150,4.293] clip=0.1322 kl=0.011006 grad=0.6636 grad_c=18.5555 lr=0.000100 critic_lr=0.001000
[ROLLOUT] live=35.86 survive=0.23804 per_step=-0.05080 episode_projection=-25.40
[POLICY_DETAIL] samples=39340 raw_samples=49152 mb=9835 micro_mb=8192 logp_delta_abs=0.09650 old_logp=-125.85139 new_logp=-125.86180 adv_abs=0.57581 sde_steps=4
[TRAIN] mean_reward=-2.70529 mean_len=48.00 recent_eps=100 completed_eps=1259313
[UPDATE_EFFECT] action_delta=0.00899960 param_rms_delta=0.00039896
[TIME] collect=7.736s update=0.266s
[DONE] timeout=0.00000 anchor_pos=0.60327 anchor_ori=0.32678 ee_body=0.75146
[TRACK_ROLLOUT] anchor_pos=0.49435 anchor_ori=0.36040 body_pos=0.58615 body_ori=0.14113 body_lin=0.34179 body_ang=0.04817
[ACT_SUMMARY] abs_mean=0.7184 abs_p95=0.9072 abs_p99=1.0170 abs_max=1.4001 legs=0.7505 waist=0.6808 arms=0.6989
[FRAME_DIAG] frame0_abs=0.7155 frame1_abs=0.7287 in_chunk_delta=0.9254 cross_chunk_delta=0.9455
[UPDATE] 166/500 reward_step=-0.05355 chunk=-0.38554 done_frac=0.15833 mean_reward=-2.63591 mean_len=48.00
[SFPO] loss=3.15926 policy_loss=-0.01736 value_loss=3.17662 ratio=1.0002 [0.200,5.497] clip=0.1377 kl=0.011524 grad=0.6682 grad_c=22.4776 lr=0.000100 critic_lr=0.001000
[ROLLOUT] live=36.01 survive=0.23572 per_step=-0.05087 episode_projection=-25.43
[POLICY_DETAIL] samples=39544 raw_samples=49152 mb=9886 micro_mb=8192 logp_delta_abs=0.09870 old_logp=-125.87818 new_logp=-125.88930 adv_abs=0.58993 sde_steps=4
[TRAIN] mean_reward=-2.63591 mean_len=48.00 recent_eps=100 completed_eps=1265574
[UPDATE_EFFECT] action_delta=0.00805283 param_rms_delta=0.00039905
[TIME] collect=7.378s update=0.267s
[DONE] timeout=0.00000 anchor_pos=0.61401 anchor_ori=0.33948 ee_body=0.75500
[TRACK_ROLLOUT] anchor_pos=0.49331 anchor_ori=0.35903 body_pos=0.58665 body_ori=0.14100 body_lin=0.34099 body_ang=0.04839
[ACT_SUMMARY] abs_mean=0.7198 abs_p95=0.9093 abs_p99=1.0182 abs_max=1.3870 legs=0.7526 waist=0.6813 arms=0.6999
[FRAME_DIAG] frame0_abs=0.7154 frame1_abs=0.7294 in_chunk_delta=0.9248 cross_chunk_delta=0.9462
[UPDATE] 167/500 reward_step=-0.05369 chunk=-0.38672 done_frac=0.15808 mean_reward=-2.69862 mean_len=48.00
[SFPO] loss=3.24361 policy_loss=-0.02131 value_loss=3.26492 ratio=1.0000 [0.164,3.459] clip=0.1361 kl=0.011183 grad=0.6459 grad_c=14.8599 lr=0.000100 critic_lr=0.001000
[ROLLOUT] live=36.13 survive=0.23474 per_step=-0.05104 episode_projection=-25.52
[POLICY_DETAIL] samples=39658 raw_samples=49152 mb=9915 micro_mb=8192 logp_delta_abs=0.09774 old_logp=-125.84191 new_logp=-125.85290 adv_abs=0.57243 sde_steps=4
[TRAIN] mean_reward=-2.69862 mean_len=48.00 recent_eps=100 completed_eps=1271843
[UPDATE_EFFECT] action_delta=0.00805089 param_rms_delta=0.00039604
[TIME] collect=7.343s update=0.269s
[DONE] timeout=0.00000 anchor_pos=0.60876 anchor_ori=0.32886 ee_body=0.75500
[TRACK_ROLLOUT] anchor_pos=0.49088 anchor_ori=0.35948 body_pos=0.58452 body_ori=0.14025 body_lin=0.34012 body_ang=0.04830
[ACT_SUMMARY] abs_mean=0.7201 abs_p95=0.9095 abs_p99=1.0212 abs_max=1.4401 legs=0.7528 waist=0.6823 arms=0.7002
[FRAME_DIAG] frame0_abs=0.7166 frame1_abs=0.7304 in_chunk_delta=0.9249 cross_chunk_delta=0.9479
[UPDATE] 168/500 reward_step=-0.05369 chunk=-0.38742 done_frac=0.15605 mean_reward=-2.63287 mean_len=48.00
[SFPO] loss=3.09233 policy_loss=-0.02054 value_loss=3.11287 ratio=1.0004 [0.153,3.474] clip=0.1326 kl=0.010996 grad=0.6120 grad_c=14.3967 lr=0.000100 critic_lr=0.001000
[ROLLOUT] live=36.31 survive=0.24219 per_step=-0.05104 episode_projection=-25.52
[POLICY_DETAIL] samples=39782 raw_samples=49152 mb=9946 micro_mb=8192 logp_delta_abs=0.09592 old_logp=-125.85298 new_logp=-125.86338 adv_abs=0.56407 sde_steps=4
[TRAIN] mean_reward=-2.63287 mean_len=48.00 recent_eps=100 completed_eps=1278051
[UPDATE_EFFECT] action_delta=0.00874358 param_rms_delta=0.00039492
[TIME] collect=7.299s update=0.282s
[DONE] timeout=0.00000 anchor_pos=0.59937 anchor_ori=0.32886 ee_body=0.74890
[TRACK_ROLLOUT] anchor_pos=0.48858 anchor_ori=0.35850 body_pos=0.58442 body_ori=0.14042 body_lin=0.33997 body_ang=0.04836
[ACT_SUMMARY] abs_mean=0.7203 abs_p95=0.9099 abs_p99=1.0223 abs_max=1.3921 legs=0.7536 waist=0.6815 arms=0.7001
[FRAME_DIAG] frame0_abs=0.7162 frame1_abs=0.7307 in_chunk_delta=0.9248 cross_chunk_delta=0.9463
[UPDATE] 169/500 reward_step=-0.05380 chunk=-0.38863 done_frac=0.15356 mean_reward=-2.63246 mean_len=48.00
[SFPO] loss=3.02742 policy_loss=-0.02171 value_loss=3.04913 ratio=1.0009 [0.150,3.925] clip=0.1324 kl=0.010846 grad=0.6068 grad_c=10.6462 lr=0.000100 critic_lr=0.001000
[ROLLOUT] live=36.56 survive=0.25000 per_step=-0.05113 episode_projection=-25.57
[POLICY_DETAIL] samples=40010 raw_samples=49152 mb=10003 micro_mb=8192 logp_delta_abs=0.09554 old_logp=-125.84975 new_logp=-125.85958 adv_abs=0.58046 sde_steps=4
[TRAIN] mean_reward=-2.63246 mean_len=48.00 recent_eps=100 completed_eps=1284195
[UPDATE_EFFECT] action_delta=0.00901395 param_rms_delta=0.00039559
[TIME] collect=7.500s update=0.272s
[DONE] timeout=0.00000 anchor_pos=0.59351 anchor_ori=0.32581 ee_body=0.74072
[TRACK_ROLLOUT] anchor_pos=0.48802 anchor_ori=0.35389 body_pos=0.58222 body_ori=0.13856 body_lin=0.34129 body_ang=0.04811
[ACT_SUMMARY] abs_mean=0.7210 abs_p95=0.9111 abs_p99=1.0249 abs_max=1.4242 legs=0.7543 waist=0.6817 arms=0.7008
[FRAME_DIAG] frame0_abs=0.7173 frame1_abs=0.7325 in_chunk_delta=0.9250 cross_chunk_delta=0.9470
[UPDATE] 170/500 reward_step=-0.05374 chunk=-0.38819 done_frac=0.15345 mean_reward=-2.63044 mean_len=48.00
[SFPO] loss=2.90927 policy_loss=-0.01999 value_loss=2.92926 ratio=1.0008 [0.193,4.208] clip=0.1349 kl=0.011098 grad=0.6457 grad_c=16.6165 lr=0.000100 critic_lr=0.001000
[ROLLOUT] live=36.61 survive=0.24951 per_step=-0.05112 episode_projection=-25.56
[POLICY_DETAIL] samples=40066 raw_samples=49152 mb=10017 micro_mb=8192 logp_delta_abs=0.09719 old_logp=-125.82397 new_logp=-125.83413 adv_abs=0.58155 sde_steps=4
[TRAIN] mean_reward=-2.63044 mean_len=48.00 recent_eps=100 completed_eps=1290343
[UPDATE_EFFECT] action_delta=0.00911075 param_rms_delta=0.00039433
[TIME] collect=7.273s update=0.279s
[DONE] timeout=0.00000 anchor_pos=0.59741 anchor_ori=0.32007 ee_body=0.74133
[TRACK_ROLLOUT] anchor_pos=0.48722 anchor_ori=0.35658 body_pos=0.58254 body_ori=0.13964 body_lin=0.34182 body_ang=0.04849
[ACT_SUMMARY] abs_mean=0.7213 abs_p95=0.9121 abs_p99=1.0260 abs_max=1.4179 legs=0.7553 waist=0.6816 arms=0.7006
[FRAME_DIAG] frame0_abs=0.7168 frame1_abs=0.7330 in_chunk_delta=0.9249 cross_chunk_delta=0.9472
[UPDATE] 171/500 reward_step=-0.05370 chunk=-0.38761 done_frac=0.15437 mean_reward=-2.65875 mean_len=48.00
[SFPO] loss=2.84067 policy_loss=-0.02131 value_loss=2.86198 ratio=1.0002 [0.150,6.290] clip=0.1346 kl=0.011189 grad=0.6244 grad_c=16.3669 lr=0.000100 critic_lr=0.001000
[ROLLOUT] live=36.50 survive=0.24646 per_step=-0.05104 episode_projection=-25.52
[POLICY_DETAIL] samples=39988 raw_samples=49152 mb=9997 micro_mb=8192 logp_delta_abs=0.09659 old_logp=-125.83408 new_logp=-125.84488 adv_abs=0.56684 sde_steps=4
[TRAIN] mean_reward=-2.65875 mean_len=48.00 recent_eps=100 completed_eps=1296516
[UPDATE_EFFECT] action_delta=0.00859986 param_rms_delta=0.00039424
[TIME] collect=7.350s update=0.273s
[DONE] timeout=0.00000 anchor_pos=0.61011 anchor_ori=0.33557 ee_body=0.74438
[TRACK_ROLLOUT] anchor_pos=0.48954 anchor_ori=0.35723 body_pos=0.58337 body_ori=0.13899 body_lin=0.34286 body_ang=0.04850
[ACT_SUMMARY] abs_mean=0.7222 abs_p95=0.9137 abs_p99=1.0270 abs_max=1.4528 legs=0.7565 waist=0.6821 arms=0.7015
[FRAME_DIAG] frame0_abs=0.7193 frame1_abs=0.7336 in_chunk_delta=0.9252 cross_chunk_delta=0.9471
[UPDATE] 172/500 reward_step=-0.05372 chunk=-0.38853 done_frac=0.15274 mean_reward=-2.66382 mean_len=48.00
[SFPO] loss=2.81620 policy_loss=-0.02016 value_loss=2.83636 ratio=1.0006 [0.186,4.253] clip=0.1324 kl=0.010864 grad=0.6119 grad_c=16.8126 lr=0.000100 critic_lr=0.001000
[ROLLOUT] live=36.68 survive=0.25244 per_step=-0.05106 episode_projection=-25.53
[POLICY_DETAIL] samples=40093 raw_samples=49152 mb=10024 micro_mb=8192 logp_delta_abs=0.09595 old_logp=-125.86924 new_logp=-125.87940 adv_abs=0.57955 sde_steps=4
[TRAIN] mean_reward=-2.66382 mean_len=48.00 recent_eps=100 completed_eps=1302640
[UPDATE_EFFECT] action_delta=0.00829640 param_rms_delta=0.00039177
[TIME] collect=7.606s update=0.270s
[DONE] timeout=0.00000 anchor_pos=0.60547 anchor_ori=0.33215 ee_body=0.73901
[TRACK_ROLLOUT] anchor_pos=0.48811 anchor_ori=0.35597 body_pos=0.58206 body_ori=0.13857 body_lin=0.34242 body_ang=0.04845
[ACT_SUMMARY] abs_mean=0.7229 abs_p95=0.9146 abs_p99=1.0303 abs_max=1.5426 legs=0.7578 waist=0.6819 arms=0.7018
[FRAME_DIAG] frame0_abs=0.7191 frame1_abs=0.7347 in_chunk_delta=0.9248 cross_chunk_delta=0.9471
[UPDATE] 173/500 reward_step=-0.05358 chunk=-0.38747 done_frac=0.15241 mean_reward=-2.67088 mean_len=48.00
[SFPO] loss=3.05011 policy_loss=-0.02106 value_loss=3.07117 ratio=1.0004 [0.217,5.034] clip=0.1357 kl=0.011247 grad=0.5923 grad_c=28.1430 lr=0.000100 critic_lr=0.001000
[ROLLOUT] live=36.72 survive=0.25305 per_step=-0.05087 episode_projection=-25.44
[POLICY_DETAIL] samples=40149 raw_samples=49152 mb=10038 micro_mb=8192 logp_delta_abs=0.09711 old_logp=-125.84389 new_logp=-125.85454 adv_abs=0.56320 sde_steps=4
[TRAIN] mean_reward=-2.67088 mean_len=48.00 recent_eps=100 completed_eps=1308759
[UPDATE_EFFECT] action_delta=0.00854425 param_rms_delta=0.00039264
[TIME] collect=7.389s update=0.272s
[DONE] timeout=0.00000 anchor_pos=0.60303 anchor_ori=0.33557 ee_body=0.73901
[TRACK_ROLLOUT] anchor_pos=0.49139 anchor_ori=0.35502 body_pos=0.58552 body_ori=0.13817 body_lin=0.34347 body_ang=0.04864
[ACT_SUMMARY] abs_mean=0.7234 abs_p95=0.9160 abs_p99=1.0332 abs_max=1.5384 legs=0.7586 waist=0.6835 arms=0.7018
[FRAME_DIAG] frame0_abs=0.7206 frame1_abs=0.7346 in_chunk_delta=0.9250 cross_chunk_delta=0.9483
[UPDATE] 174/500 reward_step=-0.05343 chunk=-0.38630 done_frac=0.15110 mean_reward=-2.55082 mean_len=48.00
[SFPO] loss=2.84203 policy_loss=-0.02197 value_loss=2.86401 ratio=1.0010 [0.206,3.236] clip=0.1366 kl=0.011064 grad=0.6272 grad_c=17.4865 lr=0.000100 critic_lr=0.001000
[ROLLOUT] live=36.81 survive=0.25745 per_step=-0.05082 episode_projection=-25.41
[POLICY_DETAIL] samples=40259 raw_samples=49152 mb=10065 micro_mb=8192 logp_delta_abs=0.09807 old_logp=-125.86864 new_logp=-125.87857 adv_abs=0.58856 sde_steps=4
[TRAIN] mean_reward=-2.55082 mean_len=48.00 recent_eps=100 completed_eps=1314842
[UPDATE_EFFECT] action_delta=0.00809923 param_rms_delta=0.00039175
[TIME] collect=7.621s update=0.268s
[DONE] timeout=0.00000 anchor_pos=0.59644 anchor_ori=0.32996 ee_body=0.73376
[TRACK_ROLLOUT] anchor_pos=0.49016 anchor_ori=0.35674 body_pos=0.58710 body_ori=0.13876 body_lin=0.34349 body_ang=0.04889
[ACT_SUMMARY] abs_mean=0.7238 abs_p95=0.9166 abs_p99=1.0355 abs_max=1.4678 legs=0.7592 waist=0.6830 arms=0.7021
[FRAME_DIAG] frame0_abs=0.7198 frame1_abs=0.7349 in_chunk_delta=0.9247 cross_chunk_delta=0.9467
[UPDATE] 175/500 reward_step=-0.05380 chunk=-0.38982 done_frac=0.14884 mean_reward=-2.71360 mean_len=48.00
[SFPO] loss=2.56975 policy_loss=-0.02018 value_loss=2.58992 ratio=1.0009 [0.244,3.692] clip=0.1361 kl=0.011227 grad=0.6193 grad_c=9.4972 lr=0.000100 critic_lr=0.001000
[ROLLOUT] live=37.18 survive=0.26294 per_step=-0.05120 episode_projection=-25.60
[POLICY_DETAIL] samples=40568 raw_samples=49152 mb=10142 micro_mb=8192 logp_delta_abs=0.09739 old_logp=-125.82538 new_logp=-125.83557 adv_abs=0.57608 sde_steps=4
[TRAIN] mean_reward=-2.71360 mean_len=48.00 recent_eps=100 completed_eps=1320880
[UPDATE_EFFECT] action_delta=0.00878185 param_rms_delta=0.00039234
[TIME] collect=7.225s update=0.277s
[DONE] timeout=0.00000 anchor_pos=0.59900 anchor_ori=0.32507 ee_body=0.72815
[TRACK_ROLLOUT] anchor_pos=0.48824 anchor_ori=0.35287 body_pos=0.58196 body_ori=0.13719 body_lin=0.34381 body_ang=0.04885
[ACT_SUMMARY] abs_mean=0.7248 abs_p95=0.9181 abs_p99=1.0368 abs_max=1.4572 legs=0.7610 waist=0.6831 arms=0.7028
[FRAME_DIAG] frame0_abs=0.7211 frame1_abs=0.7361 in_chunk_delta=0.9250 cross_chunk_delta=0.9472
[UPDATE] 176/500 reward_step=-0.05376 chunk=-0.38956 done_frac=0.15034 mean_reward=-2.74593 mean_len=48.00
[SFPO] loss=2.74999 policy_loss=-0.02140 value_loss=2.77139 ratio=1.0005 [0.145,3.659] clip=0.1427 kl=0.011879 grad=0.6445 grad_c=11.5655 lr=0.000100 critic_lr=0.001000
[ROLLOUT] live=37.14 survive=0.25623 per_step=-0.05115 episode_projection=-25.58
[POLICY_DETAIL] samples=40528 raw_samples=49152 mb=10132 micro_mb=8192 logp_delta_abs=0.10060 old_logp=-125.86706 new_logp=-125.87823 adv_abs=0.55647 sde_steps=4
[TRAIN] mean_reward=-2.74593 mean_len=48.00 recent_eps=100 completed_eps=1326973
[UPDATE_EFFECT] action_delta=0.00881487 param_rms_delta=0.00038718
[TIME] collect=7.462s update=0.271s
[DONE] timeout=0.00000 anchor_pos=0.59766 anchor_ori=0.32031 ee_body=0.73535
[TRACK_ROLLOUT] anchor_pos=0.48805 anchor_ori=0.35342 body_pos=0.58390 body_ori=0.13652 body_lin=0.34328 body_ang=0.04902
[ACT_SUMMARY] abs_mean=0.7254 abs_p95=0.9189 abs_p99=1.0361 abs_max=1.4522 legs=0.7621 waist=0.6827 arms=0.7030
[FRAME_DIAG] frame0_abs=0.7223 frame1_abs=0.7368 in_chunk_delta=0.9250 cross_chunk_delta=0.9487
[UPDATE] 177/500 reward_step=-0.05370 chunk=-0.38808 done_frac=0.15052 mean_reward=-2.73242 mean_len=48.00
[SFPO] loss=2.54176 policy_loss=-0.02138 value_loss=2.56314 ratio=1.0007 [0.188,4.041] clip=0.1326 kl=0.010890 grad=0.6019 grad_c=13.7193 lr=0.000100 critic_lr=0.001000
[ROLLOUT] live=36.94 survive=0.25757 per_step=-0.05109 episode_projection=-25.55
[POLICY_DETAIL] samples=40407 raw_samples=49152 mb=10102 micro_mb=8192 logp_delta_abs=0.09649 old_logp=-125.82603 new_logp=-125.83607 adv_abs=0.57855 sde_steps=4
[TRAIN] mean_reward=-2.73242 mean_len=48.00 recent_eps=100 completed_eps=1333055
[UPDATE_EFFECT] action_delta=0.00822441 param_rms_delta=0.00039162
[TIME] collect=7.198s update=0.267s
[DONE] timeout=0.00000 anchor_pos=0.59900 anchor_ori=0.33960 ee_body=0.73462
[TRACK_ROLLOUT] anchor_pos=0.48940 anchor_ori=0.35279 body_pos=0.58457 body_ori=0.13668 body_lin=0.34278 body_ang=0.04881
[ACT_SUMMARY] abs_mean=0.7259 abs_p95=0.9202 abs_p99=1.0370 abs_max=1.4818 legs=0.7624 waist=0.6850 arms=0.7034
[FRAME_DIAG] frame0_abs=0.7221 frame1_abs=0.7378 in_chunk_delta=0.9247 cross_chunk_delta=0.9489
[UPDATE] 178/500 reward_step=-0.05367 chunk=-0.38805 done_frac=0.14905 mean_reward=-2.72513 mean_len=48.00
[SFPO] loss=2.56332 policy_loss=-0.02152 value_loss=2.58484 ratio=1.0005 [0.248,3.607] clip=0.1317 kl=0.010774 grad=0.5936 grad_c=13.0317 lr=0.000100 critic_lr=0.001000
[ROLLOUT] live=37.29 survive=0.25806 per_step=-0.05111 episode_projection=-25.56
[POLICY_DETAIL] samples=40778 raw_samples=49152 mb=10195 micro_mb=8192 logp_delta_abs=0.09541 old_logp=-125.86338 new_logp=-125.87350 adv_abs=0.57115 sde_steps=4
[TRAIN] mean_reward=-2.72513 mean_len=48.00 recent_eps=100 completed_eps=1339133
[UPDATE_EFFECT] action_delta=0.00867099 param_rms_delta=0.00038928
[TIME] collect=7.386s update=0.269s
[DONE] timeout=0.00000 anchor_pos=0.59558 anchor_ori=0.32422 ee_body=0.73132
[TRACK_ROLLOUT] anchor_pos=0.48681 anchor_ori=0.35079 body_pos=0.58620 body_ori=0.13667 body_lin=0.34430 body_ang=0.04894
[ACT_SUMMARY] abs_mean=0.7263 abs_p95=0.9204 abs_p99=1.0384 abs_max=1.4622 legs=0.7632 waist=0.6844 arms=0.7036
[FRAME_DIAG] frame0_abs=0.7227 frame1_abs=0.7387 in_chunk_delta=0.9247 cross_chunk_delta=0.9490
[UPDATE] 179/500 reward_step=-0.05353 chunk=-0.38798 done_frac=0.14656 mean_reward=-2.65311 mean_len=48.00
[SFPO] loss=2.51936 policy_loss=-0.02161 value_loss=2.54097 ratio=1.0008 [0.192,3.825] clip=0.1380 kl=0.011349 grad=0.6116 grad_c=13.8072 lr=0.000100 critic_lr=0.001000
[ROLLOUT] live=37.55 survive=0.26721 per_step=-0.05097 episode_projection=-25.48
[POLICY_DETAIL] samples=40958 raw_samples=49152 mb=10240 micro_mb=8192 logp_delta_abs=0.09809 old_logp=-125.83741 new_logp=-125.84782 adv_abs=0.57341 sde_steps=4
[TRAIN] mean_reward=-2.65311 mean_len=48.00 recent_eps=100 completed_eps=1345136
[UPDATE_EFFECT] action_delta=0.00825485 param_rms_delta=0.00038728
[TIME] collect=7.358s update=0.291s
[DONE] timeout=0.00000 anchor_pos=0.58398 anchor_ori=0.31702 ee_body=0.72314
[TRACK_ROLLOUT] anchor_pos=0.48657 anchor_ori=0.35331 body_pos=0.58608 body_ori=0.13673 body_lin=0.34483 body_ang=0.04914
[ACT_SUMMARY] abs_mean=0.7260 abs_p95=0.9206 abs_p99=1.0390 abs_max=1.4866 legs=0.7634 waist=0.6844 arms=0.7029
[FRAME_DIAG] frame0_abs=0.7222 frame1_abs=0.7376 in_chunk_delta=0.9243 cross_chunk_delta=0.9479
[UPDATE] 180/500 reward_step=-0.05361 chunk=-0.38888 done_frac=0.14498 mean_reward=-2.59540 mean_len=48.00
[SFPO] loss=2.42843 policy_loss=-0.02176 value_loss=2.45019 ratio=1.0005 [0.175,5.688] clip=0.1370 kl=0.011487 grad=0.6625 grad_c=14.1597 lr=0.000100 critic_lr=0.001000
[ROLLOUT] live=37.51 survive=0.27637 per_step=-0.05107 episode_projection=-25.54
[POLICY_DETAIL] samples=40888 raw_samples=49152 mb=10222 micro_mb=8192 logp_delta_abs=0.09805 old_logp=-125.85731 new_logp=-125.86808 adv_abs=0.56810 sde_steps=4
[TRAIN] mean_reward=-2.59540 mean_len=48.00 recent_eps=100 completed_eps=1351064
[UPDATE_EFFECT] action_delta=0.00887514 param_rms_delta=0.00038752
[TIME] collect=7.332s update=0.269s
[DONE] timeout=0.00000 anchor_pos=0.58691 anchor_ori=0.32275 ee_body=0.71497
[TRACK_ROLLOUT] anchor_pos=0.48715 anchor_ori=0.35516 body_pos=0.58465 body_ori=0.13563 body_lin=0.34487 body_ang=0.04878
[ACT_SUMMARY] abs_mean=0.7269 abs_p95=0.9208 abs_p99=1.0399 abs_max=1.5091 legs=0.7647 waist=0.6849 arms=0.7035
[FRAME_DIAG] frame0_abs=0.7235 frame1_abs=0.7380 in_chunk_delta=0.9249 cross_chunk_delta=0.9481
[UPDATE] 181/500 reward_step=-0.05362 chunk=-0.38929 done_frac=0.14532 mean_reward=-2.56474 mean_len=48.00
[SFPO] loss=2.43817 policy_loss=-0.02185 value_loss=2.46002 ratio=1.0003 [0.126,4.143] clip=0.1343 kl=0.011146 grad=0.6036 grad_c=13.9782 lr=0.000100 critic_lr=0.001000
[ROLLOUT] live=37.50 survive=0.27551 per_step=-0.05103 episode_projection=-25.52
[POLICY_DETAIL] samples=40841 raw_samples=49152 mb=10211 micro_mb=8192 logp_delta_abs=0.09702 old_logp=-125.79645 new_logp=-125.80714 adv_abs=0.56548 sde_steps=4
[TRAIN] mean_reward=-2.56474 mean_len=48.00 recent_eps=100 completed_eps=1356999
[UPDATE_EFFECT] action_delta=0.00891275 param_rms_delta=0.00038922
[TIME] collect=7.249s update=0.269s
[DONE] timeout=0.00000 anchor_pos=0.58459 anchor_ori=0.32166 ee_body=0.71814
[TRACK_ROLLOUT] anchor_pos=0.48709 anchor_ori=0.35071 body_pos=0.58462 body_ori=0.13636 body_lin=0.34570 body_ang=0.04925
[ACT_SUMMARY] abs_mean=0.7272 abs_p95=0.9210 abs_p99=1.0386 abs_max=1.4687 legs=0.7653 waist=0.6848 arms=0.7036
[FRAME_DIAG] frame0_abs=0.7241 frame1_abs=0.7390 in_chunk_delta=0.9246 cross_chunk_delta=0.9483
[UPDATE] 182/500 reward_step=-0.05366 chunk=-0.38927 done_frac=0.14472 mean_reward=-2.66447 mean_len=48.00
[SFPO] loss=2.51418 policy_loss=-0.02176 value_loss=2.53595 ratio=1.0005 [0.192,4.059] clip=0.1367 kl=0.011428 grad=0.6287 grad_c=11.9970 lr=0.000100 critic_lr=0.001000
[ROLLOUT] live=37.70 survive=0.27417 per_step=-0.05110 episode_projection=-25.55
[POLICY_DETAIL] samples=41086 raw_samples=49152 mb=10272 micro_mb=8192 logp_delta_abs=0.09847 old_logp=-125.81033 new_logp=-125.82106 adv_abs=0.55748 sde_steps=4
[TRAIN] mean_reward=-2.66447 mean_len=48.00 recent_eps=100 completed_eps=1362945
[UPDATE_EFFECT] action_delta=0.00854638 param_rms_delta=0.00038859
[TIME] collect=7.405s update=0.272s
[DONE] timeout=0.00000 anchor_pos=0.58447 anchor_ori=0.31714 ee_body=0.71619
[TRACK_ROLLOUT] anchor_pos=0.48639 anchor_ori=0.35146 body_pos=0.58515 body_ori=0.13543 body_lin=0.34575 body_ang=0.04914
[ACT_SUMMARY] abs_mean=0.7282 abs_p95=0.9227 abs_p99=1.0416 abs_max=1.4396 legs=0.7667 waist=0.6854 arms=0.7044
[FRAME_DIAG] frame0_abs=0.7240 frame1_abs=0.7404 in_chunk_delta=0.9249 cross_chunk_delta=0.9489
[UPDATE] 183/500 reward_step=-0.05358 chunk=-0.38921 done_frac=0.14198 mean_reward=-2.60876 mean_len=48.00
[SFPO] loss=2.43060 policy_loss=-0.02176 value_loss=2.45236 ratio=1.0005 [0.172,3.942] clip=0.1375 kl=0.011411 grad=0.6255 grad_c=10.6034 lr=0.000100 critic_lr=0.001000
[ROLLOUT] live=37.94 survive=0.28442 per_step=-0.05109 episode_projection=-25.54
[POLICY_DETAIL] samples=41287 raw_samples=49152 mb=10322 micro_mb=8192 logp_delta_abs=0.09877 old_logp=-125.83705 new_logp=-125.84782 adv_abs=0.56332 sde_steps=4
[TRAIN] mean_reward=-2.60876 mean_len=48.00 recent_eps=100 completed_eps=1368807
[UPDATE_EFFECT] action_delta=0.00859998 param_rms_delta=0.00038601
[TIME] collect=7.507s update=0.275s
[DONE] timeout=0.00000 anchor_pos=0.58191 anchor_ori=0.31506 ee_body=0.70728
[TRACK_ROLLOUT] anchor_pos=0.48494 anchor_ori=0.35134 body_pos=0.58551 body_ori=0.13578 body_lin=0.34589 body_ang=0.04968
[ACT_SUMMARY] abs_mean=0.7282 abs_p95=0.9238 abs_p99=1.0446 abs_max=1.5014 legs=0.7670 waist=0.6843 arms=0.7044
[FRAME_DIAG] frame0_abs=0.7249 frame1_abs=0.7395 in_chunk_delta=0.9245 cross_chunk_delta=0.9488
[UPDATE] 184/500 reward_step=-0.05346 chunk=-0.38774 done_frac=0.14390 mean_reward=-2.67142 mean_len=48.00
[SFPO] loss=2.59454 policy_loss=-0.02281 value_loss=2.61736 ratio=1.0006 [0.171,4.059] clip=0.1384 kl=0.011497 grad=0.6155 grad_c=14.2810 lr=0.000100 critic_lr=0.001000
[ROLLOUT] live=37.74 survive=0.27734 per_step=-0.05097 episode_projection=-25.49
[POLICY_DETAIL] samples=41139 raw_samples=49152 mb=10285 micro_mb=8192 logp_delta_abs=0.09920 old_logp=-125.86642 new_logp=-125.87715 adv_abs=0.55694 sde_steps=4
[TRAIN] mean_reward=-2.67142 mean_len=48.00 recent_eps=100 completed_eps=1374727
[UPDATE_EFFECT] action_delta=0.00878930 param_rms_delta=0.00038616
[TIME] collect=7.293s update=0.270s
[DONE] timeout=0.00000 anchor_pos=0.57666 anchor_ori=0.32605 ee_body=0.71423
[TRACK_ROLLOUT] anchor_pos=0.48907 anchor_ori=0.35256 body_pos=0.58757 body_ori=0.13546 body_lin=0.34587 body_ang=0.04915
[ACT_SUMMARY] abs_mean=0.7287 abs_p95=0.9248 abs_p99=1.0464 abs_max=1.4418 legs=0.7679 waist=0.6860 arms=0.7043
[FRAME_DIAG] frame0_abs=0.7249 frame1_abs=0.7408 in_chunk_delta=0.9244 cross_chunk_delta=0.9497
[UPDATE] 185/500 reward_step=-0.05340 chunk=-0.38787 done_frac=0.14268 mean_reward=-2.55859 mean_len=48.00
[SFPO] loss=2.48061 policy_loss=-0.02006 value_loss=2.50067 ratio=1.0004 [0.182,3.983] clip=0.1406 kl=0.011806 grad=0.6945 grad_c=18.6968 lr=0.000100 critic_lr=0.001000
[ROLLOUT] live=37.97 survive=0.28015 per_step=-0.05090 episode_projection=-25.45
[POLICY_DETAIL] samples=41331 raw_samples=49152 mb=10333 micro_mb=8192 logp_delta_abs=0.09989 old_logp=-125.85684 new_logp=-125.86807 adv_abs=0.56564 sde_steps=4
[TRAIN] mean_reward=-2.55859 mean_len=48.00 recent_eps=100 completed_eps=1380624
[UPDATE_EFFECT] action_delta=0.00846980 param_rms_delta=0.00038290
[TIME] collect=7.251s update=0.268s
[DONE] timeout=0.00000 anchor_pos=0.57703 anchor_ori=0.31409 ee_body=0.71094
[TRACK_ROLLOUT] anchor_pos=0.48794 anchor_ori=0.35326 body_pos=0.58918 body_ori=0.13560 body_lin=0.34670 body_ang=0.04941
[ACT_SUMMARY] abs_mean=0.7294 abs_p95=0.9254 abs_p99=1.0493 abs_max=1.4958 legs=0.7693 waist=0.6850 arms=0.7047
[FRAME_DIAG] frame0_abs=0.7252 frame1_abs=0.7409 in_chunk_delta=0.9247 cross_chunk_delta=0.9487
[UPDATE] 186/500 reward_step=-0.05359 chunk=-0.38882 done_frac=0.14149 mean_reward=-2.66350 mean_len=48.00
[SFPO] loss=2.34256 policy_loss=-0.02063 value_loss=2.36319 ratio=1.0004 [0.207,4.411] clip=0.1411 kl=0.011746 grad=0.6681 grad_c=24.4497 lr=0.000100 critic_lr=0.001000
[ROLLOUT] live=38.06 survive=0.28369 per_step=-0.05113 episode_projection=-25.56
[POLICY_DETAIL] samples=41473 raw_samples=49152 mb=10369 micro_mb=8192 logp_delta_abs=0.10058 old_logp=-125.87775 new_logp=-125.88895 adv_abs=0.56774 sde_steps=4
[TRAIN] mean_reward=-2.66350 mean_len=48.00 recent_eps=100 completed_eps=1386492
[UPDATE_EFFECT] action_delta=0.00885107 param_rms_delta=0.00038637
[TIME] collect=7.303s update=0.268s
[DONE] timeout=0.00000 anchor_pos=0.58289 anchor_ori=0.32251 ee_body=0.70862
[TRACK_ROLLOUT] anchor_pos=0.48679 anchor_ori=0.35155 body_pos=0.58729 body_ori=0.13570 body_lin=0.34631 body_ang=0.04977
[ACT_SUMMARY] abs_mean=0.7307 abs_p95=0.9277 abs_p99=1.0466 abs_max=1.5744 legs=0.7704 waist=0.6869 arms=0.7059
[FRAME_DIAG] frame0_abs=0.7274 frame1_abs=0.7424 in_chunk_delta=0.9244 cross_chunk_delta=0.9491
[UPDATE] 187/500 reward_step=-0.05352 chunk=-0.38884 done_frac=0.14262 mean_reward=-2.68352 mean_len=48.00
[SFPO] loss=2.31582 policy_loss=-0.02209 value_loss=2.33790 ratio=1.0011 [0.198,5.699] clip=0.1351 kl=0.011193 grad=0.5952 grad_c=24.6316 lr=0.000100 critic_lr=0.001000
[ROLLOUT] live=37.98 survive=0.28052 per_step=-0.05099 episode_projection=-25.50
[POLICY_DETAIL] samples=41327 raw_samples=49152 mb=10332 micro_mb=8192 logp_delta_abs=0.09779 old_logp=-125.76209 new_logp=-125.77201 adv_abs=0.55645 sde_steps=4
[TRAIN] mean_reward=-2.68352 mean_len=48.00 recent_eps=100 completed_eps=1392386
[UPDATE_EFFECT] action_delta=0.00904435 param_rms_delta=0.00038657
[TIME] collect=7.351s update=0.272s
[DONE] timeout=0.00000 anchor_pos=0.58325 anchor_ori=0.32043 ee_body=0.71204
[TRACK_ROLLOUT] anchor_pos=0.48510 anchor_ori=0.34875 body_pos=0.58451 body_ori=0.13566 body_lin=0.34638 body_ang=0.04959
[ACT_SUMMARY] abs_mean=0.7302 abs_p95=0.9279 abs_p99=1.0499 abs_max=1.5297 legs=0.7699 waist=0.6862 arms=0.7057
[FRAME_DIAG] frame0_abs=0.7272 frame1_abs=0.7418 in_chunk_delta=0.9236 cross_chunk_delta=0.9487
[UPDATE] 188/500 reward_step=-0.05382 chunk=-0.39104 done_frac=0.14118 mean_reward=-2.59198 mean_len=48.00
[SFPO] loss=2.28351 policy_loss=-0.02301 value_loss=2.30652 ratio=1.0006 [0.205,3.727] clip=0.1324 kl=0.010856 grad=0.6128 grad_c=8.6048 lr=0.000100 critic_lr=0.001000
[ROLLOUT] live=38.15 survive=0.28455 per_step=-0.05137 episode_projection=-25.69
[POLICY_DETAIL] samples=41514 raw_samples=49152 mb=10379 micro_mb=8192 logp_delta_abs=0.09660 old_logp=-125.81489 new_logp=-125.82503 adv_abs=0.56749 sde_steps=4
[TRAIN] mean_reward=-2.59198 mean_len=48.00 recent_eps=100 completed_eps=1398247
[UPDATE_EFFECT] action_delta=0.00846438 param_rms_delta=0.00037970
[TIME] collect=7.418s update=0.274s
[DONE] timeout=0.00000 anchor_pos=0.58215 anchor_ori=0.31348 ee_body=0.70667
[TRACK_ROLLOUT] anchor_pos=0.48396 anchor_ori=0.35164 body_pos=0.58425 body_ori=0.13519 body_lin=0.34565 body_ang=0.05004
[ACT_SUMMARY] abs_mean=0.7324 abs_p95=0.9310 abs_p99=1.0573 abs_max=1.5208 legs=0.7732 waist=0.6871 arms=0.7071
[FRAME_DIAG] frame0_abs=0.7293 frame1_abs=0.7428 in_chunk_delta=0.9248 cross_chunk_delta=0.9507
[UPDATE] 189/500 reward_step=-0.05331 chunk=-0.38736 done_frac=0.14115 mean_reward=-2.66566 mean_len=48.00
[SFPO] loss=2.46568 policy_loss=-0.02182 value_loss=2.48750 ratio=1.0011 [0.210,5.186] clip=0.1359 kl=0.011110 grad=0.6157 grad_c=16.1743 lr=0.000100 critic_lr=0.001000
[ROLLOUT] live=38.07 survive=0.28625 per_step=-0.05081 episode_projection=-25.41
[POLICY_DETAIL] samples=41423 raw_samples=49152 mb=10356 micro_mb=8192 logp_delta_abs=0.09795 old_logp=-125.83259 new_logp=-125.84246 adv_abs=0.57720 sde_steps=4
[TRAIN] mean_reward=-2.66566 mean_len=48.00 recent_eps=100 completed_eps=1404094
[UPDATE_EFFECT] action_delta=0.00815734 param_rms_delta=0.00038718
[TIME] collect=7.228s update=0.272s
[DONE] timeout=0.00000 anchor_pos=0.57336 anchor_ori=0.31934 ee_body=0.70728
[TRACK_ROLLOUT] anchor_pos=0.49036 anchor_ori=0.35561 body_pos=0.59233 body_ori=0.13637 body_lin=0.34839 body_ang=0.05001
[ACT_SUMMARY] abs_mean=0.7319 abs_p95=0.9298 abs_p99=1.0502 abs_max=1.4715 legs=0.7733 waist=0.6868 arms=0.7060
[FRAME_DIAG] frame0_abs=0.7285 frame1_abs=0.7440 in_chunk_delta=0.9246 cross_chunk_delta=0.9505
[UPDATE] 190/500 reward_step=-0.05363 chunk=-0.38989 done_frac=0.14118 mean_reward=-2.58179 mean_len=48.00
[SFPO] loss=2.62323 policy_loss=-0.02177 value_loss=2.64500 ratio=1.0004 [0.206,4.181] clip=0.1353 kl=0.011043 grad=0.6124 grad_c=31.0674 lr=0.000100 critic_lr=0.001000
[ROLLOUT] live=38.14 survive=0.28528 per_step=-0.05116 episode_projection=-25.58
[POLICY_DETAIL] samples=41472 raw_samples=49152 mb=10368 micro_mb=8192 logp_delta_abs=0.09806 old_logp=-125.85865 new_logp=-125.86918 adv_abs=0.58007 sde_steps=4
[TRAIN] mean_reward=-2.58179 mean_len=48.00 recent_eps=100 completed_eps=1409949
[UPDATE_EFFECT] action_delta=0.00840896 param_rms_delta=0.00038389
[TIME] collect=7.263s update=0.267s
[DONE] timeout=0.00000 anchor_pos=0.58008 anchor_ori=0.31873 ee_body=0.70667
[TRACK_ROLLOUT] anchor_pos=0.48507 anchor_ori=0.35303 body_pos=0.58651 body_ori=0.13568 body_lin=0.34793 body_ang=0.04997
[ACT_SUMMARY] abs_mean=0.7329 abs_p95=0.9311 abs_p99=1.0546 abs_max=1.4945 legs=0.7744 waist=0.6883 arms=0.7068
[FRAME_DIAG] frame0_abs=0.7290 frame1_abs=0.7448 in_chunk_delta=0.9246 cross_chunk_delta=0.9527
[UPDATE] 191/500 reward_step=-0.05360 chunk=-0.38954 done_frac=0.14071 mean_reward=-2.64771 mean_len=48.00
[SFPO] loss=2.56620 policy_loss=-0.02153 value_loss=2.58773 ratio=1.0006 [0.201,3.937] clip=0.1353 kl=0.011082 grad=0.6329 grad_c=20.1492 lr=0.000100 critic_lr=0.001000
[ROLLOUT] live=38.40 survive=0.28235 per_step=-0.05115 episode_projection=-25.57
[POLICY_DETAIL] samples=41780 raw_samples=49152 mb=10445 micro_mb=8192 logp_delta_abs=0.09775 old_logp=-125.79698 new_logp=-125.80729 adv_abs=0.57992 sde_steps=4
[TRAIN] mean_reward=-2.64771 mean_len=48.00 recent_eps=100 completed_eps=1415828
[UPDATE_EFFECT] action_delta=0.00834109 param_rms_delta=0.00038195
[TIME] collect=7.237s update=0.271s
[DONE] timeout=0.00000 anchor_pos=0.57556 anchor_ori=0.30847 ee_body=0.70886
[TRACK_ROLLOUT] anchor_pos=0.48538 anchor_ori=0.34978 body_pos=0.58656 body_ori=0.13366 body_lin=0.34844 body_ang=0.05001
[ACT_SUMMARY] abs_mean=0.7332 abs_p95=0.9311 abs_p99=1.0575 abs_max=1.4703 legs=0.7752 waist=0.6881 arms=0.7068
[FRAME_DIAG] frame0_abs=0.7292 frame1_abs=0.7458 in_chunk_delta=0.9239 cross_chunk_delta=0.9520
[UPDATE] 192/500 reward_step=-0.05379 chunk=-0.39133 done_frac=0.13956 mean_reward=-2.68884 mean_len=48.00
[SFPO] loss=2.76161 policy_loss=-0.02106 value_loss=2.78267 ratio=1.0004 [0.225,4.652] clip=0.1359 kl=0.011137 grad=0.6143 grad_c=39.7285 lr=0.000100 critic_lr=0.001000
[ROLLOUT] live=38.45 survive=0.28821 per_step=-0.05132 episode_projection=-25.66
[POLICY_DETAIL] samples=41782 raw_samples=49152 mb=10446 micro_mb=8192 logp_delta_abs=0.09827 old_logp=-125.87472 new_logp=-125.88529 adv_abs=0.58322 sde_steps=4
[TRAIN] mean_reward=-2.68884 mean_len=48.00 recent_eps=100 completed_eps=1421659
[UPDATE_EFFECT] action_delta=0.00829589 param_rms_delta=0.00038257
[TIME] collect=7.510s update=0.289s
[DONE] timeout=0.00000 anchor_pos=0.57434 anchor_ori=0.31860 ee_body=0.70483
[TRACK_ROLLOUT] anchor_pos=0.48208 anchor_ori=0.35143 body_pos=0.58512 body_ori=0.13419 body_lin=0.34727 body_ang=0.05000
[ACT_SUMMARY] abs_mean=0.7346 abs_p95=0.9334 abs_p99=1.0590 abs_max=1.4565 legs=0.7769 waist=0.6880 arms=0.7083
[FRAME_DIAG] frame0_abs=0.7300 frame1_abs=0.7454 in_chunk_delta=0.9244 cross_chunk_delta=0.9510
[UPDATE] 193/500 reward_step=-0.05347 chunk=-0.38951 done_frac=0.13745 mean_reward=-2.62969 mean_len=48.00
[SFPO] loss=2.40486 policy_loss=-0.02397 value_loss=2.42883 ratio=1.0003 [0.197,4.343] clip=0.1346 kl=0.010985 grad=0.5823 grad_c=30.5136 lr=0.000100 critic_lr=0.001000
[ROLLOUT] live=38.50 survive=0.29883 per_step=-0.05104 episode_projection=-25.52
[POLICY_DETAIL] samples=41791 raw_samples=49152 mb=10448 micro_mb=8192 logp_delta_abs=0.09753 old_logp=-125.80356 new_logp=-125.81408 adv_abs=0.56255 sde_steps=4
[TRAIN] mean_reward=-2.62969 mean_len=48.00 recent_eps=100 completed_eps=1427403
[UPDATE_EFFECT] action_delta=0.00817265 param_rms_delta=0.00037661
[TIME] collect=7.300s update=0.269s
[DONE] timeout=0.00000 anchor_pos=0.57129 anchor_ori=0.31750 ee_body=0.69446
[TRACK_ROLLOUT] anchor_pos=0.48740 anchor_ori=0.34824 body_pos=0.58678 body_ori=0.13403 body_lin=0.34961 body_ang=0.05006
[ACT_SUMMARY] abs_mean=0.7340 abs_p95=0.9334 abs_p99=1.0598 abs_max=1.5458 legs=0.7769 waist=0.6876 arms=0.7073
[FRAME_DIAG] frame0_abs=0.7293 frame1_abs=0.7464 in_chunk_delta=0.9239 cross_chunk_delta=0.9504
[UPDATE] 194/500 reward_step=-0.05357 chunk=-0.38987 done_frac=0.13800 mean_reward=-2.60361 mean_len=48.00
[SFPO] loss=2.23355 policy_loss=-0.02374 value_loss=2.25729 ratio=1.0003 [0.212,3.575] clip=0.1367 kl=0.011235 grad=0.5893 grad_c=18.9971 lr=0.000100 critic_lr=0.001000
[ROLLOUT] live=38.54 survive=0.29468 per_step=-0.05111 episode_projection=-25.56
[POLICY_DETAIL] samples=41870 raw_samples=49152 mb=10468 micro_mb=8192 logp_delta_abs=0.09804 old_logp=-125.80976 new_logp=-125.82054 adv_abs=0.56827 sde_steps=4
[TRAIN] mean_reward=-2.60361 mean_len=48.00 recent_eps=100 completed_eps=1433181
[UPDATE_EFFECT] action_delta=0.00868914 param_rms_delta=0.00037813
[TIME] collect=7.584s update=0.270s
[DONE] timeout=0.00000 anchor_pos=0.57056 anchor_ori=0.31396 ee_body=0.69861
[TRACK_ROLLOUT] anchor_pos=0.48558 anchor_ori=0.34955 body_pos=0.58737 body_ori=0.13402 body_lin=0.34833 body_ang=0.05024
[ACT_SUMMARY] abs_mean=0.7351 abs_p95=0.9347 abs_p99=1.0610 abs_max=1.5365 legs=0.7782 waist=0.6885 arms=0.7082
[FRAME_DIAG] frame0_abs=0.7301 frame1_abs=0.7476 in_chunk_delta=0.9237 cross_chunk_delta=0.9511
[UPDATE] 195/500 reward_step=-0.05343 chunk=-0.38904 done_frac=0.13700 mean_reward=-2.73072 mean_len=48.00
[SFPO] loss=2.19000 policy_loss=-0.02175 value_loss=2.21174 ratio=0.9998 [0.153,5.092] clip=0.1426 kl=0.011784 grad=0.6374 grad_c=22.2939 lr=0.000100 critic_lr=0.001000
[ROLLOUT] live=38.62 survive=0.29871 per_step=-0.05102 episode_projection=-25.51
[POLICY_DETAIL] samples=41935 raw_samples=49152 mb=10484 micro_mb=8192 logp_delta_abs=0.10108 old_logp=-125.80958 new_logp=-125.82141 adv_abs=0.55611 sde_steps=4
[TRAIN] mean_reward=-2.73072 mean_len=48.00 recent_eps=100 completed_eps=1438926
[UPDATE_EFFECT] action_delta=0.00877657 param_rms_delta=0.00038017
[TIME] collect=7.414s update=0.270s
[DONE] timeout=0.00000 anchor_pos=0.56714 anchor_ori=0.31543 ee_body=0.69373
[TRACK_ROLLOUT] anchor_pos=0.48801 anchor_ori=0.35183 body_pos=0.59143 body_ori=0.13420 body_lin=0.34894 body_ang=0.05031
[ACT_SUMMARY] abs_mean=0.7354 abs_p95=0.9344 abs_p99=1.0604 abs_max=1.4944 legs=0.7789 waist=0.6881 arms=0.7082
[FRAME_DIAG] frame0_abs=0.7328 frame1_abs=0.7485 in_chunk_delta=0.9242 cross_chunk_delta=0.9514
[UPDATE] 196/500 reward_step=-0.05335 chunk=-0.38856 done_frac=0.13762 mean_reward=-2.57721 mean_len=48.00
[SFPO] loss=2.37030 policy_loss=-0.02232 value_loss=2.39262 ratio=1.0004 [0.151,7.142] clip=0.1423 kl=0.011848 grad=0.6402 grad_c=22.8917 lr=0.000100 critic_lr=0.001000
[ROLLOUT] live=38.61 survive=0.29602 per_step=-0.05097 episode_projection=-25.49
[POLICY_DETAIL] samples=41906 raw_samples=49152 mb=10477 micro_mb=8192 logp_delta_abs=0.10078 old_logp=-125.84058 new_logp=-125.85186 adv_abs=0.55661 sde_steps=4
[TRAIN] mean_reward=-2.57721 mean_len=48.00 recent_eps=100 completed_eps=1444693
[UPDATE_EFFECT] action_delta=0.00836460 param_rms_delta=0.00037664
[TIME] collect=7.473s update=0.273s
[DONE] timeout=0.00000 anchor_pos=0.57080 anchor_ori=0.31396 ee_body=0.69727
[TRACK_ROLLOUT] anchor_pos=0.48909 anchor_ori=0.35252 body_pos=0.59053 body_ori=0.13504 body_lin=0.34991 body_ang=0.05041
[ACT_SUMMARY] abs_mean=0.7362 abs_p95=0.9365 abs_p99=1.0628 abs_max=1.4766 legs=0.7807 waist=0.6878 arms=0.7085
[FRAME_DIAG] frame0_abs=0.7325 frame1_abs=0.7484 in_chunk_delta=0.9239 cross_chunk_delta=0.9501
[UPDATE] 197/500 reward_step=-0.05350 chunk=-0.38938 done_frac=0.13858 mean_reward=-2.58403 mean_len=48.00
[SFPO] loss=2.33944 policy_loss=-0.02209 value_loss=2.36153 ratio=1.0005 [0.191,4.352] clip=0.1447 kl=0.011988 grad=0.6462 grad_c=10.9904 lr=0.000100 critic_lr=0.001000
[ROLLOUT] live=38.65 survive=0.28979 per_step=-0.05112 episode_projection=-25.56
[POLICY_DETAIL] samples=41984 raw_samples=49152 mb=10496 micro_mb=8192 logp_delta_abs=0.10174 old_logp=-125.87638 new_logp=-125.88767 adv_abs=0.56153 sde_steps=4
[TRAIN] mean_reward=-2.58403 mean_len=48.00 recent_eps=100 completed_eps=1450511
[UPDATE_EFFECT] action_delta=0.00891128 param_rms_delta=0.00038189
[TIME] collect=7.334s update=0.272s
[DONE] timeout=0.00000 anchor_pos=0.57214 anchor_ori=0.31458 ee_body=0.70142
[TRACK_ROLLOUT] anchor_pos=0.48804 anchor_ori=0.35148 body_pos=0.59187 body_ori=0.13516 body_lin=0.34961 body_ang=0.05054
[ACT_SUMMARY] abs_mean=0.7374 abs_p95=0.9389 abs_p99=1.0636 abs_max=1.5008 legs=0.7823 waist=0.6890 arms=0.7093
[FRAME_DIAG] frame0_abs=0.7334 frame1_abs=0.7498 in_chunk_delta=0.9247 cross_chunk_delta=0.9517
[UPDATE] 198/500 reward_step=-0.05335 chunk=-0.38845 done_frac=0.13673 mean_reward=-2.65434 mean_len=48.00
[SFPO] loss=2.19844 policy_loss=-0.02213 value_loss=2.22057 ratio=1.0001 [0.209,3.861] clip=0.1392 kl=0.011450 grad=0.6154 grad_c=12.5564 lr=0.000100 critic_lr=0.001000
[ROLLOUT] live=38.80 survive=0.29675 per_step=-0.05096 episode_projection=-25.48
[POLICY_DETAIL] samples=42134 raw_samples=49152 mb=10534 micro_mb=8192 logp_delta_abs=0.09948 old_logp=-125.84797 new_logp=-125.85919 adv_abs=0.56198 sde_steps=4
[TRAIN] mean_reward=-2.65434 mean_len=48.00 recent_eps=100 completed_eps=1456272
[UPDATE_EFFECT] action_delta=0.00867078 param_rms_delta=0.00037961
[TIME] collect=7.389s update=0.272s
[DONE] timeout=0.00000 anchor_pos=0.57104 anchor_ori=0.31421 ee_body=0.69629
[TRACK_ROLLOUT] anchor_pos=0.49092 anchor_ori=0.34909 body_pos=0.59094 body_ori=0.13409 body_lin=0.35132 body_ang=0.05093
[ACT_SUMMARY] abs_mean=0.7378 abs_p95=0.9397 abs_p99=1.0671 abs_max=1.5432 legs=0.7828 waist=0.6891 arms=0.7096
[FRAME_DIAG] frame0_abs=0.7338 frame1_abs=0.7509 in_chunk_delta=0.9237 cross_chunk_delta=0.9503
[UPDATE] 199/500 reward_step=-0.05324 chunk=-0.38774 done_frac=0.13459 mean_reward=-2.60921 mean_len=48.00
[SFPO] loss=2.27745 policy_loss=-0.02142 value_loss=2.29887 ratio=1.0002 [0.164,3.634] clip=0.1439 kl=0.011892 grad=0.6171 grad_c=24.5271 lr=0.000100 critic_lr=0.001000
[ROLLOUT] live=38.81 survive=0.30786 per_step=-0.05087 episode_projection=-25.43
[POLICY_DETAIL] samples=42129 raw_samples=49152 mb=10533 micro_mb=8192 logp_delta_abs=0.10134 old_logp=-125.84638 new_logp=-125.85783 adv_abs=0.55780 sde_steps=4
[TRAIN] mean_reward=-2.60921 mean_len=48.00 recent_eps=100 completed_eps=1461942
[UPDATE_EFFECT] action_delta=0.00865871 param_rms_delta=0.00037982
[TIME] collect=7.314s update=0.272s
[DONE] timeout=0.00000 anchor_pos=0.55688 anchor_ori=0.31604 ee_body=0.68640
[TRACK_ROLLOUT] anchor_pos=0.49390 anchor_ori=0.34738 body_pos=0.59463 body_ori=0.13426 body_lin=0.35177 body_ang=0.05047
[ACT_SUMMARY] abs_mean=0.7378 abs_p95=0.9374 abs_p99=1.0624 abs_max=1.5364 legs=0.7830 waist=0.6887 arms=0.7096
[FRAME_DIAG] frame0_abs=0.7359 frame1_abs=0.7502 in_chunk_delta=0.9240 cross_chunk_delta=0.9519
[UPDATE] 200/500 reward_step=-0.05339 chunk=-0.38918 done_frac=0.13448 mean_reward=-2.68311 mean_len=48.00
[SFPO] loss=2.31057 policy_loss=-0.02448 value_loss=2.33505 ratio=1.0008 [0.138,3.995] clip=0.1346 kl=0.011079 grad=0.5870 grad_c=19.1170 lr=0.000100 critic_lr=0.001000
[ROLLOUT] live=38.96 survive=0.30640 per_step=-0.05101 episode_projection=-25.50
[POLICY_DETAIL] samples=42251 raw_samples=49152 mb=10563 micro_mb=8192 logp_delta_abs=0.09714 old_logp=-125.82298 new_logp=-125.83309 adv_abs=0.55457 sde_steps=4
[TRAIN] mean_reward=-2.68311 mean_len=48.00 recent_eps=100 completed_eps=1467624
[UPDATE_EFFECT] action_delta=0.00853590 param_rms_delta=0.00037968
[TIME] collect=7.540s update=0.272s
[DONE] timeout=0.00000 anchor_pos=0.56091 anchor_ori=0.31494 ee_body=0.68506
[TRACK_ROLLOUT] anchor_pos=0.48828 anchor_ori=0.35117 body_pos=0.59069 body_ori=0.13348 body_lin=0.34943 body_ang=0.05074
[ACT_SUMMARY] abs_mean=0.7387 abs_p95=0.9393 abs_p99=1.0653 abs_max=1.5458 legs=0.7840 waist=0.6895 arms=0.7105
[FRAME_DIAG] frame0_abs=0.7364 frame1_abs=0.7519 in_chunk_delta=0.9234 cross_chunk_delta=0.9511
[VALIDATION_START] update=200 max_steps=500 envs=8192 fixed_seed=disabled
[VALIDATION_RESET_START]
[VALIDATION_RESET_DONE] time=0.005s
[VALIDATION_PROGRESS] step=1/500 done=0.00000 alive=1.00000 elapsed=0.231s
[VALIDATION_PROGRESS] step=50/500 done=0.14319 alive=0.85681 elapsed=7.156s
[VALIDATION_EARLY_STOP] step=69 done_frac=0.9967
[VALIDATION_DONE] update=200 time=9.834s
[VAL] steps_mean=62.55 steps_min=16 steps_p50=68 steps_p95=69 steps_max=69 fail_phase_mean=61.5 return=1.22018 done=0.99670
[VAL_EE] left_ankle_bad=0.01984 left_ankle_z=0.09066 right_ankle_bad=0.05046 right_ankle_z=0.10089 left_wrist_bad=0.69871 left_wrist_z=0.22542 right_wrist_bad=0.25401 right_wrist_z=0.19423
[VAL_CAUSE] anchor_pos_bad=0.14783 anchor_ori_bad=0.06335 ee_body_bad=0.88074 time_out=0.00000 anchor_z=0.43629 anchor_grav=0.30561 ee_z_max=0.24740 ee_z_mean=0.15280
[VAL_WALL] alive@850=0.0033 motion_complete=0.0000 wrist_fail_825_840=0.0000 steps_p50=68
[CHECKPOINT] saved /home/y/my_mimic_mixgrpo/my_mimic_mixgrpo_h1/runs/sfpo_largebox_500_h8_firstlife_v1/checkpoints/update_0200.pt
[UPDATE] 201/500 reward_step=-0.05351 chunk=-0.39058 done_frac=0.13266 mean_reward=-2.66476 mean_len=48.00
[SFPO] loss=2.21054 policy_loss=-0.02002 value_loss=2.23056 ratio=1.0006 [0.171,4.323] clip=0.1412 kl=0.011536 grad=0.6266 grad_c=23.9579 lr=0.000100 critic_lr=0.001000
[ROLLOUT] live=39.21 survive=0.31213 per_step=-0.05119 episode_projection=-25.59
[POLICY_DETAIL] samples=42478 raw_samples=49152 mb=10620 micro_mb=8192 logp_delta_abs=0.10010 old_logp=-125.83333 new_logp=-125.84415 adv_abs=0.58065 sde_steps=4
[TRAIN] mean_reward=-2.66476 mean_len=48.00 recent_eps=100 completed_eps=1473259
[UPDATE_EFFECT] action_delta=0.00846141 param_rms_delta=0.00038413
[TIME] collect=7.443s update=0.272s
[DONE] timeout=0.00000 anchor_pos=0.55835 anchor_ori=0.30627 ee_body=0.68030
[TRACK_ROLLOUT] anchor_pos=0.49011 anchor_ori=0.34817 body_pos=0.59117 body_ori=0.13424 body_lin=0.35277 body_ang=0.05108
[ACT_SUMMARY] abs_mean=0.7405 abs_p95=0.9438 abs_p99=1.0735 abs_max=1.4845 legs=0.7860 waist=0.6904 arms=0.7123
[FRAME_DIAG] frame0_abs=0.7373 frame1_abs=0.7535 in_chunk_delta=0.9243 cross_chunk_delta=0.9516
[UPDATE] 202/500 reward_step=-0.05333 chunk=-0.38893 done_frac=0.13402 mean_reward=-2.66325 mean_len=48.00
[SFPO] loss=2.07163 policy_loss=-0.02244 value_loss=2.09407 ratio=1.0007 [0.194,3.277] clip=0.1392 kl=0.011369 grad=0.5956 grad_c=8.3244 lr=0.000100 critic_lr=0.001000
[ROLLOUT] live=39.09 survive=0.30676 per_step=-0.05093 episode_projection=-25.47
[POLICY_DETAIL] samples=42375 raw_samples=49152 mb=10594 micro_mb=8192 logp_delta_abs=0.09958 old_logp=-125.82379 new_logp=-125.83432 adv_abs=0.56824 sde_steps=4
[TRAIN] mean_reward=-2.66325 mean_len=48.00 recent_eps=100 completed_eps=1478938
[UPDATE_EFFECT] action_delta=0.00826133 param_rms_delta=0.00037954
[TIME] collect=7.454s update=0.273s
[DONE] timeout=0.00000 anchor_pos=0.55542 anchor_ori=0.31982 ee_body=0.68542
[TRACK_ROLLOUT] anchor_pos=0.49004 anchor_ori=0.34720 body_pos=0.59097 body_ori=0.13334 body_lin=0.35250 body_ang=0.05082
[ACT_SUMMARY] abs_mean=0.7404 abs_p95=0.9421 abs_p99=1.0718 abs_max=1.4699 legs=0.7861 waist=0.6905 arms=0.7118
[FRAME_DIAG] frame0_abs=0.7381 frame1_abs=0.7534 in_chunk_delta=0.9238 cross_chunk_delta=0.9514
[UPDATE] 203/500 reward_step=-0.05339 chunk=-0.38974 done_frac=0.13306 mean_reward=-2.65522 mean_len=48.00
[SFPO] loss=2.07934 policy_loss=-0.02387 value_loss=2.10322 ratio=1.0013 [0.208,4.134] clip=0.1397 kl=0.011446 grad=0.5856 grad_c=10.9128 lr=0.000100 critic_lr=0.001000
[ROLLOUT] live=39.11 survive=0.31201 per_step=-0.05100 episode_projection=-25.50
[POLICY_DETAIL] samples=42356 raw_samples=49152 mb=10589 micro_mb=8192 logp_delta_abs=0.09934 old_logp=-125.82499 new_logp=-125.83495 adv_abs=0.56222 sde_steps=4
[TRAIN] mean_reward=-2.65522 mean_len=48.00 recent_eps=100 completed_eps=1484574
[UPDATE_EFFECT] action_delta=0.00796295 param_rms_delta=0.00037908
[TIME] collect=7.394s update=0.278s
[DONE] timeout=0.00000 anchor_pos=0.55676 anchor_ori=0.31140 ee_body=0.68030
[TRACK_ROLLOUT] anchor_pos=0.48678 anchor_ori=0.34734 body_pos=0.59055 body_ori=0.13302 body_lin=0.35161 body_ang=0.05080
[ACT_SUMMARY] abs_mean=0.7404 abs_p95=0.9428 abs_p99=1.0680 abs_max=1.4727 legs=0.7870 waist=0.6900 arms=0.7113
[FRAME_DIAG] frame0_abs=0.7380 frame1_abs=0.7536 in_chunk_delta=0.9235 cross_chunk_delta=0.9508
[UPDATE] 204/500 reward_step=-0.05325 chunk=-0.38832 done_frac=0.13402 mean_reward=-2.60056 mean_len=48.00
[SFPO] loss=2.23478 policy_loss=-0.02318 value_loss=2.25796 ratio=1.0007 [0.172,4.376] clip=0.1363 kl=0.011194 grad=0.5824 grad_c=9.9296 lr=0.000100 critic_lr=0.001000
[ROLLOUT] live=39.10 survive=0.30652 per_step=-0.05093 episode_projection=-25.46
[POLICY_DETAIL] samples=42390 raw_samples=49152 mb=10598 micro_mb=8192 logp_delta_abs=0.09828 old_logp=-125.80934 new_logp=-125.81966 adv_abs=0.56042 sde_steps=4
[TRAIN] mean_reward=-2.60056 mean_len=48.00 recent_eps=100 completed_eps=1490255
[UPDATE_EFFECT] action_delta=0.00885708 param_rms_delta=0.00037843
[TIME] collect=7.377s update=0.279s
[DONE] timeout=0.00000 anchor_pos=0.55493 anchor_ori=0.30957 ee_body=0.68567
[TRACK_ROLLOUT] anchor_pos=0.49015 anchor_ori=0.35068 body_pos=0.59432 body_ori=0.13414 body_lin=0.35118 body_ang=0.05125
[ACT_SUMMARY] abs_mean=0.7409 abs_p95=0.9427 abs_p99=1.0704 abs_max=1.4944 legs=0.7878 waist=0.6909 arms=0.7115
[FRAME_DIAG] frame0_abs=0.7393 frame1_abs=0.7534 in_chunk_delta=0.9238 cross_chunk_delta=0.9519
[UPDATE] 205/500 reward_step=-0.05324 chunk=-0.38800 done_frac=0.13424 mean_reward=-2.70637 mean_len=48.00
[SFPO] loss=2.14983 policy_loss=-0.02350 value_loss=2.17333 ratio=1.0010 [0.231,3.996] clip=0.1358 kl=0.011051 grad=0.6037 grad_c=10.5311 lr=0.000100 critic_lr=0.001000
[ROLLOUT] live=39.03 survive=0.30615 per_step=-0.05089 episode_projection=-25.45
[POLICY_DETAIL] samples=42343 raw_samples=49152 mb=10586 micro_mb=8192 logp_delta_abs=0.09776 old_logp=-125.87846 new_logp=-125.88837 adv_abs=0.57525 sde_steps=4
[TRAIN] mean_reward=-2.70637 mean_len=48.00 recent_eps=100 completed_eps=1495939
[UPDATE_EFFECT] action_delta=0.00801240 param_rms_delta=0.00037972
[TIME] collect=7.555s update=0.274s
[DONE] timeout=0.00000 anchor_pos=0.55688 anchor_ori=0.31934 ee_body=0.68713
[TRACK_ROLLOUT] anchor_pos=0.49007 anchor_ori=0.35029 body_pos=0.59466 body_ori=0.13400 body_lin=0.35122 body_ang=0.05133
[ACT_SUMMARY] abs_mean=0.7421 abs_p95=0.9450 abs_p99=1.0738 abs_max=1.5423 legs=0.7897 waist=0.6908 arms=0.7122
[FRAME_DIAG] frame0_abs=0.7401 frame1_abs=0.7555 in_chunk_delta=0.9236 cross_chunk_delta=0.9525
[UPDATE] 206/500 reward_step=-0.05330 chunk=-0.38865 done_frac=0.13161 mean_reward=-2.59585 mean_len=48.00
[SFPO] loss=2.11982 policy_loss=-0.02061 value_loss=2.14043 ratio=1.0008 [0.218,3.531] clip=0.1429 kl=0.011718 grad=0.6409 grad_c=11.5355 lr=0.000100 critic_lr=0.001000
[ROLLOUT] live=39.27 survive=0.31592 per_step=-0.05093 episode_projection=-25.46
[POLICY_DETAIL] samples=42579 raw_samples=49152 mb=10645 micro_mb=8192 logp_delta_abs=0.10126 old_logp=-125.85308 new_logp=-125.86389 adv_abs=0.57049 sde_steps=4
[TRAIN] mean_reward=-2.59585 mean_len=48.00 recent_eps=100 completed_eps=1501543
[UPDATE_EFFECT] action_delta=0.00843906 param_rms_delta=0.00038062
[TIME] collect=7.421s update=0.273s
[DONE] timeout=0.00000 anchor_pos=0.55371 anchor_ori=0.31274 ee_body=0.67773
[TRACK_ROLLOUT] anchor_pos=0.48814 anchor_ori=0.35084 body_pos=0.59315 body_ori=0.13382 body_lin=0.35084 body_ang=0.05083
[ACT_SUMMARY] abs_mean=0.7414 abs_p95=0.9434 abs_p99=1.0696 abs_max=1.5471 legs=0.7884 waist=0.6908 arms=0.7119
[FRAME_DIAG] frame0_abs=0.7391 frame1_abs=0.7555 in_chunk_delta=0.9238 cross_chunk_delta=0.9525
[UPDATE] 207/500 reward_step=-0.05325 chunk=-0.38822 done_frac=0.13292 mean_reward=-2.63761 mean_len=48.00
[SFPO] loss=2.18838 policy_loss=-0.02322 value_loss=2.21160 ratio=1.0006 [0.203,4.034] clip=0.1427 kl=0.011815 grad=0.6050 grad_c=10.0760 lr=0.000100 critic_lr=0.001000
[ROLLOUT] live=39.16 survive=0.31104 per_step=-0.05087 episode_projection=-25.43
[POLICY_DETAIL] samples=42463 raw_samples=49152 mb=10616 micro_mb=8192 logp_delta_abs=0.10076 old_logp=-125.80995 new_logp=-125.82101 adv_abs=0.55690 sde_steps=4
[TRAIN] mean_reward=-2.63761 mean_len=48.00 recent_eps=100 completed_eps=1507187
[UPDATE_EFFECT] action_delta=0.00858777 param_rms_delta=0.00037722
[TIME] collect=7.326s update=0.271s
[DONE] timeout=0.00000 anchor_pos=0.55798 anchor_ori=0.31299 ee_body=0.68164
[TRACK_ROLLOUT] anchor_pos=0.48789 anchor_ori=0.35101 body_pos=0.59331 body_ori=0.13453 body_lin=0.35144 body_ang=0.05139
[ACT_SUMMARY] abs_mean=0.7428 abs_p95=0.9468 abs_p99=1.0739 abs_max=1.4926 legs=0.7909 waist=0.6916 arms=0.7126
[FRAME_DIAG] frame0_abs=0.7395 frame1_abs=0.7574 in_chunk_delta=0.9232 cross_chunk_delta=0.9537
[UPDATE] 208/500 reward_step=-0.05298 chunk=-0.38718 done_frac=0.13003 mean_reward=-2.60332 mean_len=48.00
[SFPO] loss=2.17967 policy_loss=-0.02219 value_loss=2.20186 ratio=1.0009 [0.206,3.917] clip=0.1464 kl=0.012004 grad=0.6008 grad_c=18.0760 lr=0.000100 critic_lr=0.001000
[ROLLOUT] live=39.38 survive=0.32385 per_step=-0.05070 episode_projection=-25.35
[POLICY_DETAIL] samples=42597 raw_samples=49152 mb=10650 micro_mb=8192 logp_delta_abs=0.10223 old_logp=-125.82650 new_logp=-125.83742 adv_abs=0.57202 sde_steps=4
[TRAIN] mean_reward=-2.60332 mean_len=48.00 recent_eps=100 completed_eps=1512726
[UPDATE_EFFECT] action_delta=0.00862590 param_rms_delta=0.00037773
[TIME] collect=7.286s update=0.309s
[DONE] timeout=0.00000 anchor_pos=0.54480 anchor_ori=0.31628 ee_body=0.66821
[TRACK_ROLLOUT] anchor_pos=0.49410 anchor_ori=0.35128 body_pos=0.59895 body_ori=0.13386 body_lin=0.35216 body_ang=0.05110
[ACT_SUMMARY] abs_mean=0.7422 abs_p95=0.9444 abs_p99=1.0703 abs_max=1.5596 legs=0.7911 waist=0.6908 arms=0.7112
[FRAME_DIAG] frame0_abs=0.7407 frame1_abs=0.7561 in_chunk_delta=0.9234 cross_chunk_delta=0.9515
[UPDATE] 209/500 reward_step=-0.05322 chunk=-0.38854 done_frac=0.13102 mean_reward=-2.62058 mean_len=48.00
[SFPO] loss=2.28512 policy_loss=-0.02149 value_loss=2.30661 ratio=1.0014 [0.236,3.546] clip=0.1416 kl=0.011654 grad=0.6132 grad_c=36.5906 lr=0.000100 critic_lr=0.001000
[ROLLOUT] live=39.40 survive=0.31775 per_step=-0.05098 episode_projection=-25.49
[POLICY_DETAIL] samples=42658 raw_samples=49152 mb=10665 micro_mb=8192 logp_delta_abs=0.10039 old_logp=-125.83285 new_logp=-125.84297 adv_abs=0.57560 sde_steps=4
[TRAIN] mean_reward=-2.62058 mean_len=48.00 recent_eps=100 completed_eps=1518315
[UPDATE_EFFECT] action_delta=0.00835799 param_rms_delta=0.00037954
[TIME] collect=7.159s update=0.277s
[DONE] timeout=0.00000 anchor_pos=0.55261 anchor_ori=0.31689 ee_body=0.67578
[TRACK_ROLLOUT] anchor_pos=0.49191 anchor_ori=0.34938 body_pos=0.59618 body_ori=0.13373 body_lin=0.35188 body_ang=0.05116
[ACT_SUMMARY] abs_mean=0.7437 abs_p95=0.9470 abs_p99=1.0734 abs_max=1.5263 legs=0.7923 waist=0.6928 arms=0.7129
[FRAME_DIAG] frame0_abs=0.7413 frame1_abs=0.7578 in_chunk_delta=0.9238 cross_chunk_delta=0.9513
[UPDATE] 210/500 reward_step=-0.05311 chunk=-0.38813 done_frac=0.12961 mean_reward=-2.70461 mean_len=48.00
[SFPO] loss=2.01672 policy_loss=-0.02169 value_loss=2.03842 ratio=1.0013 [0.155,3.898] clip=0.1399 kl=0.011419 grad=0.6286 grad_c=14.3282 lr=0.000100 critic_lr=0.001000
[ROLLOUT] live=39.51 survive=0.32373 per_step=-0.05086 episode_projection=-25.43
[POLICY_DETAIL] samples=42742 raw_samples=49152 mb=10686 micro_mb=8192 logp_delta_abs=0.09990 old_logp=-125.83130 new_logp=-125.84124 adv_abs=0.59259 sde_steps=4
[TRAIN] mean_reward=-2.70461 mean_len=48.00 recent_eps=100 completed_eps=1523855
[UPDATE_EFFECT] action_delta=0.00833544 param_rms_delta=0.00037851
[TIME] collect=7.149s update=0.273s
[DONE] timeout=0.00000 anchor_pos=0.54541 anchor_ori=0.31543 ee_body=0.66736
[TRACK_ROLLOUT] anchor_pos=0.49191 anchor_ori=0.34749 body_pos=0.59718 body_ori=0.13291 body_lin=0.35213 body_ang=0.05122
[ACT_SUMMARY] abs_mean=0.7433 abs_p95=0.9462 abs_p99=1.0741 abs_max=1.4937 legs=0.7923 waist=0.6919 arms=0.7122
[FRAME_DIAG] frame0_abs=0.7413 frame1_abs=0.7581 in_chunk_delta=0.9233 cross_chunk_delta=0.9518
[UPDATE] 211/500 reward_step=-0.05325 chunk=-0.38879 done_frac=0.13194 mean_reward=-2.62183 mean_len=48.00
[SFPO] loss=2.20694 policy_loss=-0.02268 value_loss=2.22962 ratio=1.0010 [0.216,4.306] clip=0.1414 kl=0.011614 grad=0.6372 grad_c=19.7647 lr=0.000100 critic_lr=0.001000
[ROLLOUT] live=39.33 survive=0.31409 per_step=-0.05094 episode_projection=-25.47
[POLICY_DETAIL] samples=42587 raw_samples=49152 mb=10647 micro_mb=8192 logp_delta_abs=0.10041 old_logp=-125.81683 new_logp=-125.82735 adv_abs=0.58267 sde_steps=4
[TRAIN] mean_reward=-2.62183 mean_len=48.00 recent_eps=100 completed_eps=1529474
[UPDATE_EFFECT] action_delta=0.00832195 param_rms_delta=0.00038051
[TIME] collect=7.576s update=0.272s
[DONE] timeout=0.00000 anchor_pos=0.54956 anchor_ori=0.31567 ee_body=0.67883
[TRACK_ROLLOUT] anchor_pos=0.49061 anchor_ori=0.34481 body_pos=0.59534 body_ori=0.13329 body_lin=0.35130 body_ang=0.05122
[ACT_SUMMARY] abs_mean=0.7441 abs_p95=0.9475 abs_p99=1.0727 abs_max=1.4808 legs=0.7936 waist=0.6920 arms=0.7128
[FRAME_DIAG] frame0_abs=0.7417 frame1_abs=0.7583 in_chunk_delta=0.9232 cross_chunk_delta=0.9533
[UPDATE] 212/500 reward_step=-0.05298 chunk=-0.38706 done_frac=0.13010 mean_reward=-2.65591 mean_len=48.00
[SFPO] loss=2.11116 policy_loss=-0.02109 value_loss=2.13226 ratio=1.0010 [0.216,3.534] clip=0.1407 kl=0.011480 grad=0.6301 grad_c=14.5323 lr=0.000100 critic_lr=0.001000
[ROLLOUT] live=39.44 survive=0.32227 per_step=-0.05067 episode_projection=-25.33
[POLICY_DETAIL] samples=42675 raw_samples=49152 mb=10669 micro_mb=8192 logp_delta_abs=0.09979 old_logp=-125.85731 new_logp=-125.86762 adv_abs=0.59192 sde_steps=4
[TRAIN] mean_reward=-2.65591 mean_len=48.00 recent_eps=100 completed_eps=1535026
[UPDATE_EFFECT] action_delta=0.00797615 param_rms_delta=0.00038130
[TIME] collect=7.331s update=0.271s
[DONE] timeout=0.00000 anchor_pos=0.54822 anchor_ori=0.31592 ee_body=0.67151
[TRACK_ROLLOUT] anchor_pos=0.49360 anchor_ori=0.35213 body_pos=0.59644 body_ori=0.13395 body_lin=0.35230 body_ang=0.05144
[ACT_SUMMARY] abs_mean=0.7436 abs_p95=0.9455 abs_p99=1.0739 abs_max=1.5846 legs=0.7931 waist=0.6918 arms=0.7124
[FRAME_DIAG] frame0_abs=0.7416 frame1_abs=0.7591 in_chunk_delta=0.9231 cross_chunk_delta=0.9513
[UPDATE] 213/500 reward_step=-0.05321 chunk=-0.38916 done_frac=0.12957 mean_reward=-2.64643 mean_len=48.00
[SFPO] loss=2.00279 policy_loss=-0.02185 value_loss=2.02464 ratio=1.0009 [0.184,4.192] clip=0.1431 kl=0.011668 grad=0.6303 grad_c=10.5479 lr=0.000100 critic_lr=0.001000
[ROLLOUT] live=39.57 survive=0.32336 per_step=-0.05092 episode_projection=-25.46
[POLICY_DETAIL] samples=42780 raw_samples=49152 mb=10695 micro_mb=8192 logp_delta_abs=0.10076 old_logp=-125.83423 new_logp=-125.84481 adv_abs=0.58575 sde_steps=4
[TRAIN] mean_reward=-2.64643 mean_len=48.00 recent_eps=100 completed_eps=1540569
[UPDATE_EFFECT] action_delta=0.00837556 param_rms_delta=0.00038280
[TIME] collect=7.271s update=0.273s
[DONE] timeout=0.00000 anchor_pos=0.53845 anchor_ori=0.30920 ee_body=0.66809
[TRACK_ROLLOUT] anchor_pos=0.49059 anchor_ori=0.34806 body_pos=0.59443 body_ori=0.13280 body_lin=0.35256 body_ang=0.05127
[ACT_SUMMARY] abs_mean=0.7447 abs_p95=0.9493 abs_p99=1.0761 abs_max=1.5449 legs=0.7948 waist=0.6922 arms=0.7129
[FRAME_DIAG] frame0_abs=0.7438 frame1_abs=0.7595 in_chunk_delta=0.9230 cross_chunk_delta=0.9531
[UPDATE] 214/500 reward_step=-0.05315 chunk=-0.38859 done_frac=0.12767 mean_reward=-2.60350 mean_len=48.00
[SFPO] loss=1.95048 policy_loss=-0.02186 value_loss=1.97234 ratio=1.0006 [0.189,4.079] clip=0.1485 kl=0.012165 grad=0.6491 grad_c=12.0902 lr=0.000100 critic_lr=0.001000
[ROLLOUT] live=39.74 survive=0.33032 per_step=-0.05084 episode_projection=-25.42
[POLICY_DETAIL] samples=42970 raw_samples=49152 mb=10743 micro_mb=8192 logp_delta_abs=0.10296 old_logp=-125.83946 new_logp=-125.85089 adv_abs=0.56413 sde_steps=4
[TRAIN] mean_reward=-2.60350 mean_len=48.00 recent_eps=100 completed_eps=1546055
[UPDATE_EFFECT] action_delta=0.00839368 param_rms_delta=0.00037750
[TIME] collect=7.305s update=0.275s
[DONE] timeout=0.00000 anchor_pos=0.54016 anchor_ori=0.30859 ee_body=0.66223
[TRACK_ROLLOUT] anchor_pos=0.49123 anchor_ori=0.35129 body_pos=0.59472 body_ori=0.13191 body_lin=0.35414 body_ang=0.05149
[ACT_SUMMARY] abs_mean=0.7453 abs_p95=0.9499 abs_p99=1.0790 abs_max=1.5085 legs=0.7957 waist=0.6927 arms=0.7134
[FRAME_DIAG] frame0_abs=0.7447 frame1_abs=0.7604 in_chunk_delta=0.9235 cross_chunk_delta=0.9529
[UPDATE] 215/500 reward_step=-0.05295 chunk=-0.38739 done_frac=0.12835 mean_reward=-2.56629 mean_len=48.00
[SFPO] loss=2.01863 policy_loss=-0.02268 value_loss=2.04131 ratio=1.0009 [0.185,4.603] clip=0.1471 kl=0.012246 grad=0.6308 grad_c=9.0745 lr=0.000100 critic_lr=0.001000
[ROLLOUT] live=39.65 survive=0.32874 per_step=-0.05071 episode_projection=-25.36
[POLICY_DETAIL] samples=42845 raw_samples=49152 mb=10712 micro_mb=8192 logp_delta_abs=0.10264 old_logp=-125.80159 new_logp=-125.81278 adv_abs=0.56221 sde_steps=4
[TRAIN] mean_reward=-2.56629 mean_len=48.00 recent_eps=100 completed_eps=1551554
[UPDATE_EFFECT] action_delta=0.00878516 param_rms_delta=0.00037366
[TIME] collect=7.279s update=0.281s
[DONE] timeout=0.00000 anchor_pos=0.54065 anchor_ori=0.31079 ee_body=0.66553
[TRACK_ROLLOUT] anchor_pos=0.49126 anchor_ori=0.35264 body_pos=0.59855 body_ori=0.13411 body_lin=0.35272 body_ang=0.05223
[ACT_SUMMARY] abs_mean=0.7459 abs_p95=0.9509 abs_p99=1.0777 abs_max=1.5976 legs=0.7974 waist=0.6911 arms=0.7135
[FRAME_DIAG] frame0_abs=0.7438 frame1_abs=0.7608 in_chunk_delta=0.9225 cross_chunk_delta=0.9517
[UPDATE] 216/500 reward_step=-0.05315 chunk=-0.38856 done_frac=0.12924 mean_reward=-2.58315 mean_len=48.00
[SFPO] loss=2.00025 policy_loss=-0.02245 value_loss=2.02270 ratio=1.0008 [0.244,4.145] clip=0.1410 kl=0.011514 grad=0.6201 grad_c=21.3631 lr=0.000100 critic_lr=0.001000
[ROLLOUT] live=39.64 survive=0.32373 per_step=-0.05088 episode_projection=-25.44
[POLICY_DETAIL] samples=42867 raw_samples=49152 mb=10717 micro_mb=8192 logp_delta_abs=0.10010 old_logp=-125.81513 new_logp=-125.82566 adv_abs=0.57187 sde_steps=4
[TRAIN] mean_reward=-2.58315 mean_len=48.00 recent_eps=100 completed_eps=1557094
[UPDATE_EFFECT] action_delta=0.00841124 param_rms_delta=0.00037655
[TIME] collect=7.242s update=0.279s
[DONE] timeout=0.00000 anchor_pos=0.54565 anchor_ori=0.31433 ee_body=0.66919
[TRACK_ROLLOUT] anchor_pos=0.48976 anchor_ori=0.35016 body_pos=0.59595 body_ori=0.13146 body_lin=0.35259 body_ang=0.05115
[ACT_SUMMARY] abs_mean=0.7462 abs_p95=0.9499 abs_p99=1.0763 abs_max=1.5401 legs=0.7969 waist=0.6929 arms=0.7141
[FRAME_DIAG] frame0_abs=0.7444 frame1_abs=0.7613 in_chunk_delta=0.9233 cross_chunk_delta=0.9509
[UPDATE] 217/500 reward_step=-0.05315 chunk=-0.38903 done_frac=0.12671 mean_reward=-2.59078 mean_len=48.00
[SFPO] loss=2.08029 policy_loss=-0.02284 value_loss=2.10313 ratio=1.0009 [0.168,4.020] clip=0.1442 kl=0.011908 grad=0.5964 grad_c=10.5182 lr=0.000100 critic_lr=0.001000
[ROLLOUT] live=39.81 survive=0.33484 per_step=-0.05090 episode_projection=-25.45
[POLICY_DETAIL] samples=43004 raw_samples=49152 mb=10751 micro_mb=8192 logp_delta_abs=0.10142 old_logp=-125.82514 new_logp=-125.83599 adv_abs=0.56310 sde_steps=4
[TRAIN] mean_reward=-2.59078 mean_len=48.00 recent_eps=100 completed_eps=1562543
[UPDATE_EFFECT] action_delta=0.00827750 param_rms_delta=0.00037407
[TIME] collect=7.438s update=0.280s
[DONE] timeout=0.00000 anchor_pos=0.52881 anchor_ori=0.30786 ee_body=0.65784
[TRACK_ROLLOUT] anchor_pos=0.48844 anchor_ori=0.34810 body_pos=0.59740 body_ori=0.13265 body_lin=0.35316 body_ang=0.05163
[ACT_SUMMARY] abs_mean=0.7467 abs_p95=0.9511 abs_p99=1.0777 abs_max=1.5018 legs=0.7984 waist=0.6929 arms=0.7139
[FRAME_DIAG] frame0_abs=0.7445 frame1_abs=0.7625 in_chunk_delta=0.9230 cross_chunk_delta=0.9513
[UPDATE] 218/500 reward_step=-0.05313 chunk=-0.38843 done_frac=0.12736 mean_reward=-2.62173 mean_len=48.00
[SFPO] loss=1.93667 policy_loss=-0.02362 value_loss=1.96029 ratio=1.0007 [0.208,4.498] clip=0.1454 kl=0.012024 grad=0.6659 grad_c=8.6680 lr=0.000100 critic_lr=0.001000
[ROLLOUT] live=39.78 survive=0.33118 per_step=-0.05088 episode_projection=-25.44
[POLICY_DETAIL] samples=43019 raw_samples=49152 mb=10755 micro_mb=8192 logp_delta_abs=0.10169 old_logp=-125.79059 new_logp=-125.80177 adv_abs=0.56237 sde_steps=4
[TRAIN] mean_reward=-2.62173 mean_len=48.00 recent_eps=100 completed_eps=1568022
[UPDATE_EFFECT] action_delta=0.00810997 param_rms_delta=0.00037667
[TIME] collect=7.385s update=0.272s
[DONE] timeout=0.00000 anchor_pos=0.53601 anchor_ori=0.30725 ee_body=0.66113
[TRACK_ROLLOUT] anchor_pos=0.48858 anchor_ori=0.35115 body_pos=0.59580 body_ori=0.13259 body_lin=0.35405 body_ang=0.05183
[ACT_SUMMARY] abs_mean=0.7473 abs_p95=0.9521 abs_p99=1.0792 abs_max=1.4898 legs=0.7986 waist=0.6936 arms=0.7149
[FRAME_DIAG] frame0_abs=0.7460 frame1_abs=0.7625 in_chunk_delta=0.9229 cross_chunk_delta=0.9514
[UPDATE] 219/500 reward_step=-0.05282 chunk=-0.38583 done_frac=0.12896 mean_reward=-2.58962 mean_len=48.00
[SFPO] loss=2.02376 policy_loss=-0.02227 value_loss=2.04604 ratio=1.0009 [0.169,4.054] clip=0.1495 kl=0.012361 grad=0.6059 grad_c=11.7652 lr=0.000100 critic_lr=0.001000
[ROLLOUT] live=39.72 survive=0.32324 per_step=-0.05059 episode_projection=-25.29
[POLICY_DETAIL] samples=42991 raw_samples=49152 mb=10748 micro_mb=8192 logp_delta_abs=0.10368 old_logp=-125.84546 new_logp=-125.85680 adv_abs=0.56471 sde_steps=4
[TRAIN] mean_reward=-2.58962 mean_len=48.00 recent_eps=100 completed_eps=1573566
[UPDATE_EFFECT] action_delta=0.00841401 param_rms_delta=0.00037546
[TIME] collect=7.356s update=0.278s
[DONE] timeout=0.00000 anchor_pos=0.55103 anchor_ori=0.31628 ee_body=0.66980
[TRACK_ROLLOUT] anchor_pos=0.49353 anchor_ori=0.34835 body_pos=0.59870 body_ori=0.13192 body_lin=0.35194 body_ang=0.05146
[ACT_SUMMARY] abs_mean=0.7465 abs_p95=0.9507 abs_p99=1.0757 abs_max=1.4919 legs=0.7983 waist=0.6933 arms=0.7136
[FRAME_DIAG] frame0_abs=0.7451 frame1_abs=0.7627 in_chunk_delta=0.9222 cross_chunk_delta=0.9510
[UPDATE] 220/500 reward_step=-0.05293 chunk=-0.38709 done_frac=0.12531 mean_reward=-2.62929 mean_len=48.00
[SFPO] loss=1.95937 policy_loss=-0.02149 value_loss=1.98087 ratio=1.0003 [0.141,3.955] clip=0.1486 kl=0.012394 grad=0.6723 grad_c=13.0790 lr=0.000100 critic_lr=0.001000
[ROLLOUT] live=39.92 survive=0.33997 per_step=-0.05073 episode_projection=-25.37
[POLICY_DETAIL] samples=43150 raw_samples=49152 mb=10788 micro_mb=8192 logp_delta_abs=0.10354 old_logp=-125.79271 new_logp=-125.80465 adv_abs=0.57351 sde_steps=4
[TRAIN] mean_reward=-2.62929 mean_len=48.00 recent_eps=100 completed_eps=1578973
[UPDATE_EFFECT] action_delta=0.00879564 param_rms_delta=0.00037834
[TIME] collect=7.371s update=0.278s
[DONE] timeout=0.00000 anchor_pos=0.52771 anchor_ori=0.30359 ee_body=0.65332
[TRACK_ROLLOUT] anchor_pos=0.49066 anchor_ori=0.34825 body_pos=0.59817 body_ori=0.13170 body_lin=0.35249 body_ang=0.05130
[ACT_SUMMARY] abs_mean=0.7464 abs_p95=0.9502 abs_p99=1.0770 abs_max=1.5262 legs=0.7978 waist=0.6943 arms=0.7135
[FRAME_DIAG] frame0_abs=0.7465 frame1_abs=0.7620 in_chunk_delta=0.9225 cross_chunk_delta=0.9513
[UPDATE] 221/500 reward_step=-0.05304 chunk=-0.38807 done_frac=0.12725 mean_reward=-2.63941 mean_len=48.00
[SFPO] loss=1.91139 policy_loss=-0.02258 value_loss=1.93397 ratio=1.0006 [0.218,5.116] clip=0.1428 kl=0.011828 grad=0.6465 grad_c=10.4872 lr=0.000100 critic_lr=0.001000
[ROLLOUT] live=39.81 survive=0.33191 per_step=-0.05082 episode_projection=-25.41
[POLICY_DETAIL] samples=43011 raw_samples=49152 mb=10753 micro_mb=8192 logp_delta_abs=0.10101 old_logp=-125.86623 new_logp=-125.87728 adv_abs=0.57238 sde_steps=4
[TRAIN] mean_reward=-2.63941 mean_len=48.00 recent_eps=100 completed_eps=1584446
[UPDATE_EFFECT] action_delta=0.00843648 param_rms_delta=0.00037869
[TIME] collect=7.344s update=0.273s
[DONE] timeout=0.00000 anchor_pos=0.54285 anchor_ori=0.31445 ee_body=0.66077
[TRACK_ROLLOUT] anchor_pos=0.48845 anchor_ori=0.35175 body_pos=0.59574 body_ori=0.13187 body_lin=0.35439 body_ang=0.05210
[ACT_SUMMARY] abs_mean=0.7487 abs_p95=0.9546 abs_p99=1.0815 abs_max=1.5232 legs=0.8013 waist=0.6936 arms=0.7155
[FRAME_DIAG] frame0_abs=0.7481 frame1_abs=0.7657 in_chunk_delta=0.9222 cross_chunk_delta=0.9522
[UPDATE] 222/500 reward_step=-0.05261 chunk=-0.38536 done_frac=0.12417 mean_reward=-2.61739 mean_len=48.00
[SFPO] loss=1.87842 policy_loss=-0.02301 value_loss=1.90143 ratio=1.0008 [0.177,4.248] clip=0.1460 kl=0.012078 grad=0.6262 grad_c=9.6266 lr=0.000100 critic_lr=0.001000
[ROLLOUT] live=40.02 survive=0.34534 per_step=-0.05042 episode_projection=-25.21
[POLICY_DETAIL] samples=43190 raw_samples=49152 mb=10798 micro_mb=8192 logp_delta_abs=0.10260 old_logp=-125.81905 new_logp=-125.83018 adv_abs=0.56516 sde_steps=4
[TRAIN] mean_reward=-2.61739 mean_len=48.00 recent_eps=100 completed_eps=1589809
[UPDATE_EFFECT] action_delta=0.00863345 param_rms_delta=0.00037423
[TIME] collect=7.297s update=0.270s
[DONE] timeout=0.00000 anchor_pos=0.52979 anchor_ori=0.30859 ee_body=0.64954
[TRACK_ROLLOUT] anchor_pos=0.49613 anchor_ori=0.35150 body_pos=0.60171 body_ori=0.13325 body_lin=0.35520 body_ang=0.05237
[ACT_SUMMARY] abs_mean=0.7477 abs_p95=0.9517 abs_p99=1.0795 abs_max=1.5363 legs=0.8003 waist=0.6931 arms=0.7144
[FRAME_DIAG] frame0_abs=0.7466 frame1_abs=0.7640 in_chunk_delta=0.9218 cross_chunk_delta=0.9507
[UPDATE] 223/500 reward_step=-0.05282 chunk=-0.38632 done_frac=0.12552 mean_reward=-2.53264 mean_len=48.00
[SFPO] loss=1.92325 policy_loss=-0.02157 value_loss=1.94481 ratio=1.0007 [0.062,5.021] clip=0.1436 kl=0.011849 grad=0.6079 grad_c=12.5935 lr=0.000100 critic_lr=0.001000
[ROLLOUT] live=39.95 survive=0.33826 per_step=-0.05061 episode_projection=-25.30
[POLICY_DETAIL] samples=43187 raw_samples=49152 mb=10797 micro_mb=8192 logp_delta_abs=0.10135 old_logp=-125.86970 new_logp=-125.88069 adv_abs=0.57003 sde_steps=4
[TRAIN] mean_reward=-2.53264 mean_len=48.00 recent_eps=100 completed_eps=1595230
[UPDATE_EFFECT] action_delta=0.00820333 param_rms_delta=0.00037817
[TIME] collect=7.307s update=0.280s
[DONE] timeout=0.00000 anchor_pos=0.54102 anchor_ori=0.31384 ee_body=0.65332
[TRACK_ROLLOUT] anchor_pos=0.49404 anchor_ori=0.35073 body_pos=0.59931 body_ori=0.13286 body_lin=0.35342 body_ang=0.05163
[ACT_SUMMARY] abs_mean=0.7481 abs_p95=0.9532 abs_p99=1.0795 abs_max=1.4646 legs=0.8003 waist=0.6939 arms=0.7150
[FRAME_DIAG] frame0_abs=0.7487 frame1_abs=0.7637 in_chunk_delta=0.9224 cross_chunk_delta=0.9504
[UPDATE] 224/500 reward_step=-0.05282 chunk=-0.38668 done_frac=0.12714 mean_reward=-2.63648 mean_len=48.00
[SFPO] loss=1.96092 policy_loss=-0.02208 value_loss=1.98300 ratio=1.0010 [0.140,3.819] clip=0.1478 kl=0.012201 grad=0.6377 grad_c=12.2104 lr=0.000100 critic_lr=0.001000
[ROLLOUT] live=39.98 survive=0.32996 per_step=-0.05063 episode_projection=-25.31
[POLICY_DETAIL] samples=43174 raw_samples=49152 mb=10794 micro_mb=8192 logp_delta_abs=0.10278 old_logp=-125.81960 new_logp=-125.83066 adv_abs=0.56804 sde_steps=4
[TRAIN] mean_reward=-2.63648 mean_len=48.00 recent_eps=100 completed_eps=1600719
[UPDATE_EFFECT] action_delta=0.00836414 param_rms_delta=0.00037240
[TIME] collect=7.239s update=0.276s
[DONE] timeout=0.00000 anchor_pos=0.54297 anchor_ori=0.31946 ee_body=0.66248
[TRACK_ROLLOUT] anchor_pos=0.49630 anchor_ori=0.34774 body_pos=0.59856 body_ori=0.13166 body_lin=0.35395 body_ang=0.05160
[ACT_SUMMARY] abs_mean=0.7492 abs_p95=0.9546 abs_p99=1.0804 abs_max=1.5640 legs=0.8019 waist=0.6951 arms=0.7157
[FRAME_DIAG] frame0_abs=0.7504 frame1_abs=0.7640 in_chunk_delta=0.9218 cross_chunk_delta=0.9513
[UPDATE] 225/500 reward_step=-0.05288 chunk=-0.38733 done_frac=0.12567 mean_reward=-2.55638 mean_len=48.00
[SFPO] loss=1.94213 policy_loss=-0.02213 value_loss=1.96426 ratio=1.0006 [0.174,4.499] clip=0.1502 kl=0.012593 grad=0.6610 grad_c=13.3602 lr=0.000100 critic_lr=0.001000
[ROLLOUT] live=40.02 survive=0.33740 per_step=-0.05067 episode_projection=-25.33
[POLICY_DETAIL] samples=43192 raw_samples=49152 mb=10798 micro_mb=8192 logp_delta_abs=0.10453 old_logp=-125.87355 new_logp=-125.88529 adv_abs=0.56326 sde_steps=4
[TRAIN] mean_reward=-2.55638 mean_len=48.00 recent_eps=100 completed_eps=1606147
[UPDATE_EFFECT] action_delta=0.00848512 param_rms_delta=0.00037245
[TIME] collect=7.477s update=0.276s
[DONE] timeout=0.00000 anchor_pos=0.53296 anchor_ori=0.31482 ee_body=0.65479
[TRACK_ROLLOUT] anchor_pos=0.48935 anchor_ori=0.34913 body_pos=0.59751 body_ori=0.13243 body_lin=0.35271 body_ang=0.05168
[ACT_SUMMARY] abs_mean=0.7493 abs_p95=0.9551 abs_p99=1.0804 abs_max=1.5513 legs=0.8022 waist=0.6948 arms=0.7157
[FRAME_DIAG] frame0_abs=0.7492 frame1_abs=0.7641 in_chunk_delta=0.9217 cross_chunk_delta=0.9518
[UPDATE] 226/500 reward_step=-0.05280 chunk=-0.38690 done_frac=0.12301 mean_reward=-2.52020 mean_len=48.00
[SFPO] loss=1.89793 policy_loss=-0.02326 value_loss=1.92118 ratio=1.0008 [0.227,3.936] clip=0.1445 kl=0.011804 grad=0.5994 grad_c=11.4926 lr=0.000100 critic_lr=0.001000
[ROLLOUT] live=40.32 survive=0.34680 per_step=-0.05063 episode_projection=-25.31
[POLICY_DETAIL] samples=43500 raw_samples=49152 mb=10875 micro_mb=8192 logp_delta_abs=0.10195 old_logp=-125.85155 new_logp=-125.86238 adv_abs=0.56276 sde_steps=4
[TRAIN] mean_reward=-2.52020 mean_len=48.00 recent_eps=100 completed_eps=1611498
[UPDATE_EFFECT] action_delta=0.00863817 param_rms_delta=0.00037276
[TIME] collect=7.422s update=0.274s
[DONE] timeout=0.00000 anchor_pos=0.51868 anchor_ori=0.30884 ee_body=0.64648
[TRACK_ROLLOUT] anchor_pos=0.49383 anchor_ori=0.35099 body_pos=0.59993 body_ori=0.13192 body_lin=0.35421 body_ang=0.05195
[ACT_SUMMARY] abs_mean=0.7497 abs_p95=0.9556 abs_p99=1.0796 abs_max=1.5535 legs=0.8024 waist=0.6951 arms=0.7162
[FRAME_DIAG] frame0_abs=0.7493 frame1_abs=0.7649 in_chunk_delta=0.9218 cross_chunk_delta=0.9504
[UPDATE] 227/500 reward_step=-0.05281 chunk=-0.38658 done_frac=0.12452 mean_reward=-2.60803 mean_len=48.00
[SFPO] loss=2.10907 policy_loss=-0.02285 value_loss=2.13192 ratio=1.0005 [0.224,3.714] clip=0.1449 kl=0.011875 grad=0.6153 grad_c=16.6202 lr=0.000100 critic_lr=0.001000
[ROLLOUT] live=40.20 survive=0.34009 per_step=-0.05066 episode_projection=-25.33
[POLICY_DETAIL] samples=43413 raw_samples=49152 mb=10854 micro_mb=8192 logp_delta_abs=0.10166 old_logp=-125.88352 new_logp=-125.89473 adv_abs=0.57764 sde_steps=4
[TRAIN] mean_reward=-2.60803 mean_len=48.00 recent_eps=100 completed_eps=1616904
[UPDATE_EFFECT] action_delta=0.00881480 param_rms_delta=0.00037363
[TIME] collect=7.378s update=0.275s
[DONE] timeout=0.00000 anchor_pos=0.52747 anchor_ori=0.31104 ee_body=0.65271
[TRACK_ROLLOUT] anchor_pos=0.49331 anchor_ori=0.35023 body_pos=0.60132 body_ori=0.13274 body_lin=0.35325 body_ang=0.05204
[ACT_SUMMARY] abs_mean=0.7501 abs_p95=0.9558 abs_p99=1.0825 abs_max=1.5590 legs=0.8026 waist=0.6957 arms=0.7167
[FRAME_DIAG] frame0_abs=0.7502 frame1_abs=0.7660 in_chunk_delta=0.9224 cross_chunk_delta=0.9518
[UPDATE] 228/500 reward_step=-0.05284 chunk=-0.38724 done_frac=0.12495 mean_reward=-2.55574 mean_len=48.00
[SFPO] loss=1.96338 policy_loss=-0.02226 value_loss=1.98564 ratio=1.0004 [0.243,5.772] clip=0.1456 kl=0.012057 grad=0.6638 grad_c=10.3580 lr=0.000100 critic_lr=0.001000
[ROLLOUT] live=40.14 survive=0.33948 per_step=-0.05066 episode_projection=-25.33
[POLICY_DETAIL] samples=43307 raw_samples=49152 mb=10827 micro_mb=8192 logp_delta_abs=0.10221 old_logp=-125.82995 new_logp=-125.84140 adv_abs=0.57914 sde_steps=4
[TRAIN] mean_reward=-2.55574 mean_len=48.00 recent_eps=100 completed_eps=1622315
[UPDATE_EFFECT] action_delta=0.00831468 param_rms_delta=0.00037479
[TIME] collect=7.231s update=0.272s
[DONE] timeout=0.00000 anchor_pos=0.53455 anchor_ori=0.30859 ee_body=0.65259
[TRACK_ROLLOUT] anchor_pos=0.49233 anchor_ori=0.35163 body_pos=0.59889 body_ori=0.13281 body_lin=0.35402 body_ang=0.05226
[ACT_SUMMARY] abs_mean=0.7520 abs_p95=0.9591 abs_p99=1.0853 abs_max=1.5376 legs=0.8056 waist=0.6948 arms=0.7183
[FRAME_DIAG] frame0_abs=0.7521 frame1_abs=0.7684 in_chunk_delta=0.9216 cross_chunk_delta=0.9519
[UPDATE] 229/500 reward_step=-0.05278 chunk=-0.38732 done_frac=0.12135 mean_reward=-2.62244 mean_len=48.00
[SFPO] loss=1.95911 policy_loss=-0.02180 value_loss=1.98092 ratio=0.9998 [0.182,4.374] clip=0.1432 kl=0.011737 grad=0.6420 grad_c=12.2832 lr=0.000100 critic_lr=0.001000
[ROLLOUT] live=40.41 survive=0.35510 per_step=-0.05059 episode_projection=-25.30
[POLICY_DETAIL] samples=43535 raw_samples=49152 mb=10884 micro_mb=8192 logp_delta_abs=0.10105 old_logp=-125.84377 new_logp=-125.85556 adv_abs=0.57303 sde_steps=4
[TRAIN] mean_reward=-2.62244 mean_len=48.00 recent_eps=100 completed_eps=1627598
[UPDATE_EFFECT] action_delta=0.00877151 param_rms_delta=0.00037487
[TIME] collect=7.336s update=0.278s
[DONE] timeout=0.00000 anchor_pos=0.52466 anchor_ori=0.30457 ee_body=0.63794
[TRACK_ROLLOUT] anchor_pos=0.49216 anchor_ori=0.34966 body_pos=0.59992 body_ori=0.13193 body_lin=0.35457 body_ang=0.05203
[ACT_SUMMARY] abs_mean=0.7514 abs_p95=0.9584 abs_p99=1.0864 abs_max=1.5319 legs=0.8053 waist=0.6950 arms=0.7173
[FRAME_DIAG] frame0_abs=0.7519 frame1_abs=0.7682 in_chunk_delta=0.9214 cross_chunk_delta=0.9521
[UPDATE] 230/500 reward_step=-0.05274 chunk=-0.38652 done_frac=0.12160 mean_reward=-2.61312 mean_len=48.00
[SFPO] loss=1.89559 policy_loss=-0.02200 value_loss=1.91759 ratio=1.0005 [0.158,4.316] clip=0.1479 kl=0.012174 grad=0.6256 grad_c=12.9093 lr=0.000100 critic_lr=0.001000
[ROLLOUT] live=40.37 survive=0.35364 per_step=-0.05060 episode_projection=-25.30
[POLICY_DETAIL] samples=43545 raw_samples=49152 mb=10887 micro_mb=8192 logp_delta_abs=0.10301 old_logp=-125.88157 new_logp=-125.89306 adv_abs=0.56049 sde_steps=4
[TRAIN] mean_reward=-2.61312 mean_len=48.00 recent_eps=100 completed_eps=1632893
[UPDATE_EFFECT] action_delta=0.00883256 param_rms_delta=0.00037326
[TIME] collect=7.381s update=0.274s
[DONE] timeout=0.00000 anchor_pos=0.51965 anchor_ori=0.31006 ee_body=0.63928
[TRACK_ROLLOUT] anchor_pos=0.49478 anchor_ori=0.35110 body_pos=0.60127 body_ori=0.13214 body_lin=0.35456 body_ang=0.05199
[ACT_SUMMARY] abs_mean=0.7513 abs_p95=0.9574 abs_p99=1.0829 abs_max=1.5318 legs=0.8053 waist=0.6961 arms=0.7169
[FRAME_DIAG] frame0_abs=0.7510 frame1_abs=0.7681 in_chunk_delta=0.9221 cross_chunk_delta=0.9520
[UPDATE] 231/500 reward_step=-0.05261 chunk=-0.38564 done_frac=0.12387 mean_reward=-2.58777 mean_len=48.00
[SFPO] loss=1.76129 policy_loss=-0.02462 value_loss=1.78591 ratio=1.0006 [0.189,4.137] clip=0.1457 kl=0.011901 grad=0.6082 grad_c=13.3434 lr=0.000100 critic_lr=0.001000
[ROLLOUT] live=40.17 survive=0.34485 per_step=-0.05046 episode_projection=-25.23
[POLICY_DETAIL] samples=43327 raw_samples=49152 mb=10832 micro_mb=8192 logp_delta_abs=0.10215 old_logp=-125.84851 new_logp=-125.85968 adv_abs=0.56363 sde_steps=4
[TRAIN] mean_reward=-2.58777 mean_len=48.00 recent_eps=100 completed_eps=1638260
[UPDATE_EFFECT] action_delta=0.00850525 param_rms_delta=0.00036935
[TIME] collect=7.532s update=0.275s
[DONE] timeout=0.00000 anchor_pos=0.53381 anchor_ori=0.31982 ee_body=0.64819
[TRACK_ROLLOUT] anchor_pos=0.49530 anchor_ori=0.34952 body_pos=0.60291 body_ori=0.13179 body_lin=0.35461 body_ang=0.05219
[ACT_SUMMARY] abs_mean=0.7520 abs_p95=0.9578 abs_p99=1.0854 abs_max=1.5391 legs=0.8060 waist=0.6944 arms=0.7180
[FRAME_DIAG] frame0_abs=0.7522 frame1_abs=0.7680 in_chunk_delta=0.9214 cross_chunk_delta=0.9528
[UPDATE] 232/500 reward_step=-0.05253 chunk=-0.38527 done_frac=0.12392 mean_reward=-2.52736 mean_len=48.00
[SFPO] loss=1.80460 policy_loss=-0.02148 value_loss=1.82608 ratio=1.0009 [0.174,4.159] clip=0.1500 kl=0.012452 grad=0.6689 grad_c=11.3481 lr=0.000100 critic_lr=0.001000
[ROLLOUT] live=40.30 survive=0.34290 per_step=-0.05042 episode_projection=-25.21
[POLICY_DETAIL] samples=43438 raw_samples=49152 mb=10860 micro_mb=8192 logp_delta_abs=0.10398 old_logp=-125.87665 new_logp=-125.88804 adv_abs=0.56001 sde_steps=4
[TRAIN] mean_reward=-2.52736 mean_len=48.00 recent_eps=100 completed_eps=1643643
[UPDATE_EFFECT] action_delta=0.00846014 param_rms_delta=0.00037054
[TIME] collect=7.142s update=0.280s
[DONE] timeout=0.00000 anchor_pos=0.53271 anchor_ori=0.32312 ee_body=0.65100
[TRACK_ROLLOUT] anchor_pos=0.49713 anchor_ori=0.34997 body_pos=0.60280 body_ori=0.13076 body_lin=0.35490 body_ang=0.05162
[ACT_SUMMARY] abs_mean=0.7521 abs_p95=0.9574 abs_p99=1.0833 abs_max=1.5555 legs=0.8066 waist=0.6954 arms=0.7176
[FRAME_DIAG] frame0_abs=0.7538 frame1_abs=0.7682 in_chunk_delta=0.9213 cross_chunk_delta=0.9526
[UPDATE] 233/500 reward_step=-0.05273 chunk=-0.38716 done_frac=0.12006 mean_reward=-2.58353 mean_len=48.00
[SFPO] loss=1.89592 policy_loss=-0.02307 value_loss=1.91899 ratio=1.0003 [0.175,5.422] clip=0.1520 kl=0.012687 grad=0.6751 grad_c=23.7330 lr=0.000100 critic_lr=0.001000
[ROLLOUT] live=40.42 survive=0.36206 per_step=-0.05061 episode_projection=-25.31
[POLICY_DETAIL] samples=43528 raw_samples=49152 mb=10882 micro_mb=8192 logp_delta_abs=0.10497 old_logp=-125.84257 new_logp=-125.85474 adv_abs=0.55138 sde_steps=4
[TRAIN] mean_reward=-2.58353 mean_len=48.00 recent_eps=100 completed_eps=1648869
[UPDATE_EFFECT] action_delta=0.00899189 param_rms_delta=0.00036971
[TIME] collect=7.225s update=0.278s
[DONE] timeout=0.00000 anchor_pos=0.51550 anchor_ori=0.30615 ee_body=0.62988
[TRACK_ROLLOUT] anchor_pos=0.49352 anchor_ori=0.35266 body_pos=0.59957 body_ori=0.13194 body_lin=0.35450 body_ang=0.05211
[ACT_SUMMARY] abs_mean=0.7526 abs_p95=0.9600 abs_p99=1.0873 abs_max=1.5666 legs=0.8068 waist=0.6975 arms=0.7180
[FRAME_DIAG] frame0_abs=0.7533 frame1_abs=0.7687 in_chunk_delta=0.9210 cross_chunk_delta=0.9537
[UPDATE] 234/500 reward_step=-0.05286 chunk=-0.38758 done_frac=0.12058 mean_reward=-2.68907 mean_len=48.00
[SFPO] loss=1.74000 policy_loss=-0.02288 value_loss=1.76288 ratio=1.0008 [0.193,4.624] clip=0.1503 kl=0.012378 grad=0.6130 grad_c=23.1303 lr=0.000100 critic_lr=0.001000
[ROLLOUT] live=40.44 survive=0.35828 per_step=-0.05073 episode_projection=-25.36
[POLICY_DETAIL] samples=43599 raw_samples=49152 mb=10900 micro_mb=8192 logp_delta_abs=0.10425 old_logp=-125.83009 new_logp=-125.84150 adv_abs=0.56221 sde_steps=4
[TRAIN] mean_reward=-2.68907 mean_len=48.00 recent_eps=100 completed_eps=1654126
[UPDATE_EFFECT] action_delta=0.00828139 param_rms_delta=0.00036759
[TIME] collect=7.287s update=0.276s
[DONE] timeout=0.00000 anchor_pos=0.52100 anchor_ori=0.30786 ee_body=0.63452
[TRACK_ROLLOUT] anchor_pos=0.49136 anchor_ori=0.34942 body_pos=0.59832 body_ori=0.13179 body_lin=0.35359 body_ang=0.05195
[ACT_SUMMARY] abs_mean=0.7533 abs_p95=0.9602 abs_p99=1.0884 abs_max=1.6179 legs=0.8082 waist=0.6964 arms=0.7184
[FRAME_DIAG] frame0_abs=0.7528 frame1_abs=0.7695 in_chunk_delta=0.9215 cross_chunk_delta=0.9543
[UPDATE] 235/500 reward_step=-0.05265 chunk=-0.38614 done_frac=0.12161 mean_reward=-2.58101 mean_len=48.00
[SFPO] loss=1.77887 policy_loss=-0.02294 value_loss=1.80182 ratio=1.0009 [0.198,4.830] clip=0.1463 kl=0.012072 grad=0.6462 grad_c=11.5073 lr=0.000100 critic_lr=0.001000
[ROLLOUT] live=40.46 survive=0.35254 per_step=-0.05057 episode_projection=-25.28
[POLICY_DETAIL] samples=43616 raw_samples=49152 mb=10904 micro_mb=8192 logp_delta_abs=0.10233 old_logp=-125.80787 new_logp=-125.81884 adv_abs=0.57438 sde_steps=4
[TRAIN] mean_reward=-2.58101 mean_len=48.00 recent_eps=100 completed_eps=1659430
[UPDATE_EFFECT] action_delta=0.00844256 param_rms_delta=0.00037156
[TIME] collect=7.219s update=0.278s
[DONE] timeout=0.00000 anchor_pos=0.52698 anchor_ori=0.31030 ee_body=0.64014
[TRACK_ROLLOUT] anchor_pos=0.49490 anchor_ori=0.35152 body_pos=0.60314 body_ori=0.13148 body_lin=0.35346 body_ang=0.05184
[ACT_SUMMARY] abs_mean=0.7536 abs_p95=0.9610 abs_p99=1.0904 abs_max=1.5120 legs=0.8091 waist=0.6961 arms=0.7183
[FRAME_DIAG] frame0_abs=0.7543 frame1_abs=0.7698 in_chunk_delta=0.9209 cross_chunk_delta=0.9540
[UPDATE] 236/500 reward_step=-0.05263 chunk=-0.38590 done_frac=0.12076 mean_reward=-2.59595 mean_len=48.00
[SFPO] loss=1.75793 policy_loss=-0.02231 value_loss=1.78024 ratio=1.0006 [0.173,4.409] clip=0.1480 kl=0.012102 grad=0.6204 grad_c=11.3533 lr=0.000100 critic_lr=0.001000
[ROLLOUT] live=40.50 survive=0.35620 per_step=-0.05056 episode_projection=-25.28
[POLICY_DETAIL] samples=43675 raw_samples=49152 mb=10919 micro_mb=8192 logp_delta_abs=0.10311 old_logp=-125.85483 new_logp=-125.86612 adv_abs=0.56332 sde_steps=4
[TRAIN] mean_reward=-2.59595 mean_len=48.00 recent_eps=100 completed_eps=1664704
[UPDATE_EFFECT] action_delta=0.00838056 param_rms_delta=0.00037025
[TIME] collect=7.221s update=0.276s
[DONE] timeout=0.00000 anchor_pos=0.51978 anchor_ori=0.31091 ee_body=0.63501
[TRACK_ROLLOUT] anchor_pos=0.49496 anchor_ori=0.35013 body_pos=0.60250 body_ori=0.13207 body_lin=0.35402 body_ang=0.05197
[ACT_SUMMARY] abs_mean=0.7546 abs_p95=0.9620 abs_p99=1.0921 abs_max=1.5101 legs=0.8101 waist=0.6968 arms=0.7193
[FRAME_DIAG] frame0_abs=0.7554 frame1_abs=0.7707 in_chunk_delta=0.9210 cross_chunk_delta=0.9541
[UPDATE] 237/500 reward_step=-0.05281 chunk=-0.38753 done_frac=0.12065 mean_reward=-2.57933 mean_len=48.00
[SFPO] loss=1.92838 policy_loss=-0.02277 value_loss=1.95115 ratio=1.0005 [0.212,5.208] clip=0.1533 kl=0.012627 grad=0.6696 grad_c=18.3267 lr=0.000100 critic_lr=0.001000
[ROLLOUT] live=40.47 survive=0.35791 per_step=-0.05068 episode_projection=-25.34
[POLICY_DETAIL] samples=43596 raw_samples=49152 mb=10899 micro_mb=8192 logp_delta_abs=0.10515 old_logp=-125.85603 new_logp=-125.86795 adv_abs=0.56290 sde_steps=4
[TRAIN] mean_reward=-2.57933 mean_len=48.00 recent_eps=100 completed_eps=1669964
[UPDATE_EFFECT] action_delta=0.00879457 param_rms_delta=0.00036961
[TIME] collect=7.167s update=0.275s
[DONE] timeout=0.00000 anchor_pos=0.52161 anchor_ori=0.30969 ee_body=0.63416
[TRACK_ROLLOUT] anchor_pos=0.49377 anchor_ori=0.35159 body_pos=0.59924 body_ori=0.13099 body_lin=0.35483 body_ang=0.05196
[ACT_SUMMARY] abs_mean=0.7550 abs_p95=0.9630 abs_p99=1.0908 abs_max=1.5013 legs=0.8105 waist=0.6974 arms=0.7199
[FRAME_DIAG] frame0_abs=0.7566 frame1_abs=0.7710 in_chunk_delta=0.9208 cross_chunk_delta=0.9553
[UPDATE] 238/500 reward_step=-0.05295 chunk=-0.38838 done_frac=0.12221 mean_reward=-2.56372 mean_len=48.00
[SFPO] loss=1.71826 policy_loss=-0.02248 value_loss=1.74074 ratio=1.0008 [0.151,3.692] clip=0.1509 kl=0.012432 grad=0.6451 grad_c=24.3307 lr=0.000100 critic_lr=0.001000
[ROLLOUT] live=40.50 survive=0.34875 per_step=-0.05085 episode_projection=-25.42
[POLICY_DETAIL] samples=43653 raw_samples=49152 mb=10914 micro_mb=8192 logp_delta_abs=0.10460 old_logp=-125.83271 new_logp=-125.84415 adv_abs=0.56537 sde_steps=4
[TRAIN] mean_reward=-2.56372 mean_len=48.00 recent_eps=100 completed_eps=1675299
[UPDATE_EFFECT] action_delta=0.00854047 param_rms_delta=0.00036781
[TIME] collect=7.249s update=0.282s
[DONE] timeout=0.00000 anchor_pos=0.53174 anchor_ori=0.31824 ee_body=0.64258
[TRACK_ROLLOUT] anchor_pos=0.49050 anchor_ori=0.34989 body_pos=0.59749 body_ori=0.13043 body_lin=0.35260 body_ang=0.05152
[ACT_SUMMARY] abs_mean=0.7547 abs_p95=0.9616 abs_p99=1.0912 abs_max=1.5669 legs=0.8101 waist=0.6982 arms=0.7193
[FRAME_DIAG] frame0_abs=0.7560 frame1_abs=0.7700 in_chunk_delta=0.9210 cross_chunk_delta=0.9565
[UPDATE] 239/500 reward_step=-0.05259 chunk=-0.38573 done_frac=0.11894 mean_reward=-2.55878 mean_len=48.00
[SFPO] loss=1.69937 policy_loss=-0.02303 value_loss=1.72240 ratio=1.0003 [0.229,4.805] clip=0.1443 kl=0.011784 grad=0.6237 grad_c=22.8748 lr=0.000100 critic_lr=0.001000
[ROLLOUT] live=40.65 survive=0.36377 per_step=-0.05050 episode_projection=-25.25
[POLICY_DETAIL] samples=43819 raw_samples=49152 mb=10955 micro_mb=8192 logp_delta_abs=0.10183 old_logp=-125.85515 new_logp=-125.86643 adv_abs=0.56740 sde_steps=4
[TRAIN] mean_reward=-2.55878 mean_len=48.00 recent_eps=100 completed_eps=1680511
[UPDATE_EFFECT] action_delta=0.00786749 param_rms_delta=0.00036914
[TIME] collect=7.148s update=0.285s
[DONE] timeout=0.00000 anchor_pos=0.51709 anchor_ori=0.31262 ee_body=0.62781
[TRACK_ROLLOUT] anchor_pos=0.49447 anchor_ori=0.35276 body_pos=0.60101 body_ori=0.13200 body_lin=0.35563 body_ang=0.05237
[ACT_SUMMARY] abs_mean=0.7550 abs_p95=0.9626 abs_p99=1.0914 abs_max=1.5500 legs=0.8103 waist=0.6981 arms=0.7198
[FRAME_DIAG] frame0_abs=0.7564 frame1_abs=0.7715 in_chunk_delta=0.9209 cross_chunk_delta=0.9544
[UPDATE] 240/500 reward_step=-0.05261 chunk=-0.38640 done_frac=0.12021 mean_reward=-2.59740 mean_len=48.00
[SFPO] loss=1.67495 policy_loss=-0.02217 value_loss=1.69712 ratio=1.0001 [0.201,3.699] clip=0.1491 kl=0.012308 grad=0.6546 grad_c=12.1233 lr=0.000100 critic_lr=0.001000
[ROLLOUT] live=40.61 survive=0.35852 per_step=-0.05053 episode_projection=-25.26
[POLICY_DETAIL] samples=43715 raw_samples=49152 mb=10929 micro_mb=8192 logp_delta_abs=0.10363 old_logp=-125.83118 new_logp=-125.84322 adv_abs=0.57112 sde_steps=4
[TRAIN] mean_reward=-2.59740 mean_len=48.00 recent_eps=100 completed_eps=1685766
[UPDATE_EFFECT] action_delta=0.00818939 param_rms_delta=0.00037031
[TIME] collect=7.305s update=0.275s
[DONE] timeout=0.00000 anchor_pos=0.52429 anchor_ori=0.31116 ee_body=0.63477
[TRACK_ROLLOUT] anchor_pos=0.49440 anchor_ori=0.35077 body_pos=0.60090 body_ori=0.13144 body_lin=0.35573 body_ang=0.05211
[ACT_SUMMARY] abs_mean=0.7556 abs_p95=0.9635 abs_p99=1.0930 abs_max=1.5220 legs=0.8112 waist=0.6979 arms=0.7202
[FRAME_DIAG] frame0_abs=0.7581 frame1_abs=0.7718 in_chunk_delta=0.9203 cross_chunk_delta=0.9549
[UPDATE] 241/500 reward_step=-0.05270 chunk=-0.38710 done_frac=0.11886 mean_reward=-2.53324 mean_len=48.00
[SFPO] loss=1.77268 policy_loss=-0.02108 value_loss=1.79376 ratio=1.0005 [0.227,4.745] clip=0.1493 kl=0.012398 grad=0.6472 grad_c=9.8555 lr=0.000100 critic_lr=0.001000
[ROLLOUT] live=40.67 survive=0.36487 per_step=-0.05062 episode_projection=-25.31
[POLICY_DETAIL] samples=43773 raw_samples=49152 mb=10944 micro_mb=8192 logp_delta_abs=0.10410 old_logp=-125.82525 new_logp=-125.83696 adv_abs=0.56491 sde_steps=4
[TRAIN] mean_reward=-2.53324 mean_len=48.00 recent_eps=100 completed_eps=1690969
[UPDATE_EFFECT] action_delta=0.00809714 param_rms_delta=0.00037173
[TIME] collect=7.283s update=0.285s
[DONE] timeout=0.00000 anchor_pos=0.50940 anchor_ori=0.31201 ee_body=0.62732
[TRACK_ROLLOUT] anchor_pos=0.49333 anchor_ori=0.35146 body_pos=0.60044 body_ori=0.13137 body_lin=0.35517 body_ang=0.05199
[ACT_SUMMARY] abs_mean=0.7558 abs_p95=0.9639 abs_p99=1.0896 abs_max=1.5286 legs=0.8114 waist=0.6970 arms=0.7207
[FRAME_DIAG] frame0_abs=0.7572 frame1_abs=0.7726 in_chunk_delta=0.9209 cross_chunk_delta=0.9552
[UPDATE] 242/500 reward_step=-0.05254 chunk=-0.38575 done_frac=0.11871 mean_reward=-2.55602 mean_len=48.00
[SFPO] loss=1.79105 policy_loss=-0.02208 value_loss=1.81313 ratio=1.0009 [0.091,4.509] clip=0.1534 kl=0.013091 grad=0.7449 grad_c=10.9177 lr=0.000100 critic_lr=0.001000
[ROLLOUT] live=40.79 survive=0.36365 per_step=-0.05052 episode_projection=-25.26
[POLICY_DETAIL] samples=43913 raw_samples=49152 mb=10979 micro_mb=8192 logp_delta_abs=0.10601 old_logp=-125.83902 new_logp=-125.85104 adv_abs=0.58371 sde_steps=4
[TRAIN] mean_reward=-2.55602 mean_len=48.00 recent_eps=100 completed_eps=1696182
[UPDATE_EFFECT] action_delta=0.00877215 param_rms_delta=0.00037110
[TIME] collect=7.149s update=0.273s
[DONE] timeout=0.00000 anchor_pos=0.51086 anchor_ori=0.30457 ee_body=0.62939
[TRACK_ROLLOUT] anchor_pos=0.49528 anchor_ori=0.35480 body_pos=0.60187 body_ori=0.13167 body_lin=0.35624 body_ang=0.05246
[ACT_SUMMARY] abs_mean=0.7562 abs_p95=0.9644 abs_p99=1.0930 abs_max=1.5348 legs=0.8122 waist=0.6976 arms=0.7208
[FRAME_DIAG] frame0_abs=0.7584 frame1_abs=0.7725 in_chunk_delta=0.9205 cross_chunk_delta=0.9539
[UPDATE] 243/500 reward_step=-0.05247 chunk=-0.38521 done_frac=0.11939 mean_reward=-2.57320 mean_len=48.00
[SFPO] loss=1.93709 policy_loss=-0.02162 value_loss=1.95871 ratio=1.0005 [0.186,4.251] clip=0.1493 kl=0.012377 grad=0.7196 grad_c=21.5272 lr=0.000100 critic_lr=0.001000
[ROLLOUT] live=40.67 survive=0.36182 per_step=-0.05043 episode_projection=-25.21
[POLICY_DETAIL] samples=43789 raw_samples=49152 mb=10948 micro_mb=8192 logp_delta_abs=0.10460 old_logp=-125.81058 new_logp=-125.82231 adv_abs=0.59331 sde_steps=4
[TRAIN] mean_reward=-2.57320 mean_len=48.00 recent_eps=100 completed_eps=1701410
[UPDATE_EFFECT] action_delta=0.00770500 param_rms_delta=0.00036888
[TIME] collect=7.482s update=0.276s
[DONE] timeout=0.00000 anchor_pos=0.51343 anchor_ori=0.31348 ee_body=0.62964
[TRACK_ROLLOUT] anchor_pos=0.49579 anchor_ori=0.35151 body_pos=0.60293 body_ori=0.13193 body_lin=0.35415 body_ang=0.05195
[ACT_SUMMARY] abs_mean=0.7557 abs_p95=0.9639 abs_p99=1.0911 abs_max=1.5644 legs=0.8120 waist=0.6974 arms=0.7200
[FRAME_DIAG] frame0_abs=0.7574 frame1_abs=0.7722 in_chunk_delta=0.9204 cross_chunk_delta=0.9542
[UPDATE] 244/500 reward_step=-0.05250 chunk=-0.38561 done_frac=0.11881 mean_reward=-2.54930 mean_len=48.00
[SFPO] loss=1.91122 policy_loss=-0.02253 value_loss=1.93374 ratio=1.0004 [0.189,3.974] clip=0.1484 kl=0.012340 grad=0.6638 grad_c=11.1676 lr=0.000100 critic_lr=0.001000
[ROLLOUT] live=40.70 survive=0.36462 per_step=-0.05045 episode_projection=-25.22
[POLICY_DETAIL] samples=43810 raw_samples=49152 mb=10953 micro_mb=8192 logp_delta_abs=0.10357 old_logp=-125.82070 new_logp=-125.83240 adv_abs=0.57387 sde_steps=4
[TRAIN] mean_reward=-2.54930 mean_len=48.00 recent_eps=100 completed_eps=1706615
[UPDATE_EFFECT] action_delta=0.00800678 param_rms_delta=0.00036676
[TIME] collect=7.241s update=0.278s
[DONE] timeout=0.00000 anchor_pos=0.51282 anchor_ori=0.30920 ee_body=0.62573
[TRACK_ROLLOUT] anchor_pos=0.49647 anchor_ori=0.35038 body_pos=0.60409 body_ori=0.13163 body_lin=0.35466 body_ang=0.05222
[ACT_SUMMARY] abs_mean=0.7562 abs_p95=0.9634 abs_p99=1.0890 abs_max=1.5635 legs=0.8125 waist=0.6970 arms=0.7207
[FRAME_DIAG] frame0_abs=0.7583 frame1_abs=0.7726 in_chunk_delta=0.9206 cross_chunk_delta=0.9541
[UPDATE] 245/500 reward_step=-0.05266 chunk=-0.38661 done_frac=0.11864 mean_reward=-2.57289 mean_len=48.00
[SFPO] loss=1.85145 policy_loss=-0.02055 value_loss=1.87200 ratio=1.0006 [0.190,4.047] clip=0.1491 kl=0.012361 grad=0.6506 grad_c=8.9005 lr=0.000100 critic_lr=0.001000
[ROLLOUT] live=40.82 survive=0.36328 per_step=-0.05065 episode_projection=-25.32
[POLICY_DETAIL] samples=43965 raw_samples=49152 mb=10992 micro_mb=8192 logp_delta_abs=0.10423 old_logp=-125.87321 new_logp=-125.88477 adv_abs=0.56428 sde_steps=4
[TRAIN] mean_reward=-2.57289 mean_len=48.00 recent_eps=100 completed_eps=1711831
[UPDATE_EFFECT] action_delta=0.00835633 param_rms_delta=0.00036885
[TIME] collect=7.388s update=0.277s
[DONE] timeout=0.00000 anchor_pos=0.51624 anchor_ori=0.30664 ee_body=0.62939
[TRACK_ROLLOUT] anchor_pos=0.49331 anchor_ori=0.35507 body_pos=0.60267 body_ori=0.13154 body_lin=0.35411 body_ang=0.05247
[ACT_SUMMARY] abs_mean=0.7574 abs_p95=0.9654 abs_p99=1.0931 abs_max=1.5205 legs=0.8139 waist=0.6981 arms=0.7216
[FRAME_DIAG] frame0_abs=0.7588 frame1_abs=0.7731 in_chunk_delta=0.9209 cross_chunk_delta=0.9545
[UPDATE] 246/500 reward_step=-0.05264 chunk=-0.38662 done_frac=0.11775 mean_reward=-2.51936 mean_len=48.00
[SFPO] loss=1.91744 policy_loss=-0.02300 value_loss=1.94044 ratio=1.0009 [0.177,4.179] clip=0.1506 kl=0.012499 grad=0.6633 grad_c=13.3607 lr=0.000100 critic_lr=0.001000
[ROLLOUT] live=40.85 survive=0.36792 per_step=-0.05058 episode_projection=-25.29
[POLICY_DETAIL] samples=43973 raw_samples=49152 mb=10994 micro_mb=8192 logp_delta_abs=0.10434 old_logp=-125.79969 new_logp=-125.81112 adv_abs=0.56427 sde_steps=4
[TRAIN] mean_reward=-2.51936 mean_len=48.00 recent_eps=100 completed_eps=1717009
[UPDATE_EFFECT] action_delta=0.00852424 param_rms_delta=0.00036856
[TIME] collect=7.343s update=0.276s
[DONE] timeout=0.00000 anchor_pos=0.51282 anchor_ori=0.30298 ee_body=0.62561
[TRACK_ROLLOUT] anchor_pos=0.49348 anchor_ori=0.34973 body_pos=0.60121 body_ori=0.13054 body_lin=0.35440 body_ang=0.05210
[ACT_SUMMARY] abs_mean=0.7575 abs_p95=0.9659 abs_p99=1.0917 abs_max=1.4979 legs=0.8140 waist=0.6987 arms=0.7218
[FRAME_DIAG] frame0_abs=0.7591 frame1_abs=0.7734 in_chunk_delta=0.9205 cross_chunk_delta=0.9544
[UPDATE] 247/500 reward_step=-0.05242 chunk=-0.38516 done_frac=0.11724 mean_reward=-2.54402 mean_len=48.00
[SFPO] loss=1.82338 policy_loss=-0.02101 value_loss=1.84439 ratio=1.0009 [0.213,4.879] clip=0.1498 kl=0.012284 grad=0.6494 grad_c=12.7331 lr=0.000100 critic_lr=0.001000
[ROLLOUT] live=40.96 survive=0.36926 per_step=-0.05040 episode_projection=-25.20
[POLICY_DETAIL] samples=44072 raw_samples=49152 mb=11018 micro_mb=8192 logp_delta_abs=0.10350 old_logp=-125.83433 new_logp=-125.84551 adv_abs=0.56285 sde_steps=4
[TRAIN] mean_reward=-2.54402 mean_len=48.00 recent_eps=100 completed_eps=1722176
[UPDATE_EFFECT] action_delta=0.00807439 param_rms_delta=0.00036749
[TIME] collect=7.165s update=0.274s
[DONE] timeout=0.00000 anchor_pos=0.51123 anchor_ori=0.31750 ee_body=0.62256
[TRACK_ROLLOUT] anchor_pos=0.49701 anchor_ori=0.35156 body_pos=0.60347 body_ori=0.13008 body_lin=0.35521 body_ang=0.05225
[ACT_SUMMARY] abs_mean=0.7581 abs_p95=0.9666 abs_p99=1.0923 abs_max=1.5431 legs=0.8148 waist=0.6979 arms=0.7223
[FRAME_DIAG] frame0_abs=0.7608 frame1_abs=0.7746 in_chunk_delta=0.9197 cross_chunk_delta=0.9548
[UPDATE] 248/500 reward_step=-0.05251 chunk=-0.38599 done_frac=0.11834 mean_reward=-2.55964 mean_len=48.00
[SFPO] loss=1.89220 policy_loss=-0.02300 value_loss=1.91520 ratio=1.0006 [0.151,5.407] clip=0.1487 kl=0.012257 grad=0.6304 grad_c=13.2135 lr=0.000100 critic_lr=0.001000
[ROLLOUT] live=40.94 survive=0.36389 per_step=-0.05050 episode_projection=-25.25
[POLICY_DETAIL] samples=44033 raw_samples=49152 mb=11009 micro_mb=8192 logp_delta_abs=0.10347 old_logp=-125.82202 new_logp=-125.83354 adv_abs=0.55524 sde_steps=4
[TRAIN] mean_reward=-2.55964 mean_len=48.00 recent_eps=100 completed_eps=1727387
[UPDATE_EFFECT] action_delta=0.00838914 param_rms_delta=0.00036565
[TIME] collect=7.234s update=0.279s
[DONE] timeout=0.00000 anchor_pos=0.51306 anchor_ori=0.30884 ee_body=0.62817
[TRACK_ROLLOUT] anchor_pos=0.49485 anchor_ori=0.35216 body_pos=0.60124 body_ori=0.13094 body_lin=0.35570 body_ang=0.05248
[ACT_SUMMARY] abs_mean=0.7583 abs_p95=0.9666 abs_p99=1.0953 abs_max=1.5041 legs=0.8150 waist=0.6988 arms=0.7224
[FRAME_DIAG] frame0_abs=0.7603 frame1_abs=0.7751 in_chunk_delta=0.9199 cross_chunk_delta=0.9548
[UPDATE] 249/500 reward_step=-0.05251 chunk=-0.38638 done_frac=0.11555 mean_reward=-2.62496 mean_len=48.00
[SFPO] loss=1.87311 policy_loss=-0.02425 value_loss=1.89735 ratio=0.9999 [0.161,3.893] clip=0.1479 kl=0.012117 grad=0.6297 grad_c=10.7690 lr=0.000100 critic_lr=0.001000
[ROLLOUT] live=40.97 survive=0.37915 per_step=-0.05049 episode_projection=-25.25
[POLICY_DETAIL] samples=44017 raw_samples=49152 mb=11005 micro_mb=8192 logp_delta_abs=0.10302 old_logp=-125.81645 new_logp=-125.82850 adv_abs=0.55458 sde_steps=4
[TRAIN] mean_reward=-2.62496 mean_len=48.00 recent_eps=100 completed_eps=1732473
[UPDATE_EFFECT] action_delta=0.00842469 param_rms_delta=0.00036511
[TIME] collect=7.221s update=0.282s
[DONE] timeout=0.00000 anchor_pos=0.50818 anchor_ori=0.30945 ee_body=0.61316
[TRACK_ROLLOUT] anchor_pos=0.49325 anchor_ori=0.35518 body_pos=0.60243 body_ori=0.13168 body_lin=0.35601 body_ang=0.05258
[ACT_SUMMARY] abs_mean=0.7585 abs_p95=0.9677 abs_p99=1.0917 abs_max=1.5046 legs=0.8153 waist=0.6988 arms=0.7226
[FRAME_DIAG] frame0_abs=0.7605 frame1_abs=0.7744 in_chunk_delta=0.9200 cross_chunk_delta=0.9557
[UPDATE] 250/500 reward_step=-0.05256 chunk=-0.38668 done_frac=0.11659 mean_reward=-2.53065 mean_len=48.00
[SFPO] loss=1.90313 policy_loss=-0.02358 value_loss=1.92670 ratio=1.0005 [0.217,4.206] clip=0.1508 kl=0.012443 grad=0.6282 grad_c=19.6544 lr=0.000100 critic_lr=0.001000
[ROLLOUT] live=41.05 survive=0.37219 per_step=-0.05053 episode_projection=-25.26
[POLICY_DETAIL] samples=44112 raw_samples=49152 mb=11028 micro_mb=8192 logp_delta_abs=0.10424 old_logp=-125.80676 new_logp=-125.81849 adv_abs=0.55323 sde_steps=4
[TRAIN] mean_reward=-2.53065 mean_len=48.00 recent_eps=100 completed_eps=1737616
[UPDATE_EFFECT] action_delta=0.00866696 param_rms_delta=0.00036335
[TIME] collect=7.312s update=0.278s
[DONE] timeout=0.00000 anchor_pos=0.50818 anchor_ori=0.31042 ee_body=0.61841
[TRACK_ROLLOUT] anchor_pos=0.49336 anchor_ori=0.35110 body_pos=0.60017 body_ori=0.13125 body_lin=0.35479 body_ang=0.05235
[ACT_SUMMARY] abs_mean=0.7586 abs_p95=0.9669 abs_p99=1.0912 abs_max=1.5990 legs=0.8150 waist=0.6981 arms=0.7232
[FRAME_DIAG] frame0_abs=0.7609 frame1_abs=0.7752 in_chunk_delta=0.9201 cross_chunk_delta=0.9559
[UPDATE] 251/500 reward_step=-0.05266 chunk=-0.38706 done_frac=0.11523 mean_reward=-2.64690 mean_len=48.00
[SFPO] loss=1.79091 policy_loss=-0.02291 value_loss=1.81382 ratio=1.0003 [0.207,3.409] clip=0.1471 kl=0.012103 grad=0.6406 grad_c=22.7759 lr=0.000100 critic_lr=0.001000
[ROLLOUT] live=41.02 survive=0.37939 per_step=-0.05064 episode_projection=-25.32
[POLICY_DETAIL] samples=44121 raw_samples=49152 mb=11031 micro_mb=8192 logp_delta_abs=0.10276 old_logp=-125.81491 new_logp=-125.82650 adv_abs=0.56561 sde_steps=4
[TRAIN] mean_reward=-2.64690 mean_len=48.00 recent_eps=100 completed_eps=1742700
[UPDATE_EFFECT] action_delta=0.00841455 param_rms_delta=0.00036544
[TIME] collect=7.190s update=0.304s
[DONE] timeout=0.00000 anchor_pos=0.51038 anchor_ori=0.30774 ee_body=0.61450
[TRACK_ROLLOUT] anchor_pos=0.49172 anchor_ori=0.35436 body_pos=0.60019 body_ori=0.13117 body_lin=0.35371 body_ang=0.05217
[ACT_SUMMARY] abs_mean=0.7591 abs_p95=0.9685 abs_p99=1.0975 abs_max=1.5273 legs=0.8156 waist=0.6982 arms=0.7238
[FRAME_DIAG] frame0_abs=0.7609 frame1_abs=0.7755 in_chunk_delta=0.9200 cross_chunk_delta=0.9569
[UPDATE] 252/500 reward_step=-0.05241 chunk=-0.38535 done_frac=0.11584 mean_reward=-2.53693 mean_len=48.00
[SFPO] loss=1.78876 policy_loss=-0.02165 value_loss=1.81041 ratio=1.0000 [0.221,3.522] clip=0.1475 kl=0.012057 grad=0.6572 grad_c=18.0989 lr=0.000100 critic_lr=0.001000
[ROLLOUT] live=41.03 survive=0.37610 per_step=-0.05040 episode_projection=-25.20
[POLICY_DETAIL] samples=44123 raw_samples=49152 mb=11031 micro_mb=8192 logp_delta_abs=0.10301 old_logp=-125.84621 new_logp=-125.85805 adv_abs=0.56463 sde_steps=4
[TRAIN] mean_reward=-2.53693 mean_len=48.00 recent_eps=100 completed_eps=1747811
[UPDATE_EFFECT] action_delta=0.00899832 param_rms_delta=0.00036880
[TIME] collect=7.243s update=0.274s
[DONE] timeout=0.00000 anchor_pos=0.50952 anchor_ori=0.30847 ee_body=0.61609
[TRACK_ROLLOUT] anchor_pos=0.49492 anchor_ori=0.35618 body_pos=0.60228 body_ori=0.13117 body_lin=0.35408 body_ang=0.05236
[ACT_SUMMARY] abs_mean=0.7592 abs_p95=0.9692 abs_p99=1.0953 abs_max=1.5213 legs=0.8156 waist=0.6999 arms=0.7236
[FRAME_DIAG] frame0_abs=0.7608 frame1_abs=0.7760 in_chunk_delta=0.9195 cross_chunk_delta=0.9555
[UPDATE] 253/500 reward_step=-0.05263 chunk=-0.38716 done_frac=0.11556 mean_reward=-2.59116 mean_len=48.00
[SFPO] loss=1.75321 policy_loss=-0.02254 value_loss=1.77575 ratio=1.0005 [0.182,3.863] clip=0.1515 kl=0.012653 grad=0.6455 grad_c=23.2655 lr=0.000100 critic_lr=0.001000
[ROLLOUT] live=41.07 survive=0.37744 per_step=-0.05062 episode_projection=-25.31
[POLICY_DETAIL] samples=44133 raw_samples=49152 mb=11034 micro_mb=8192 logp_delta_abs=0.10471 old_logp=-125.82345 new_logp=-125.83542 adv_abs=0.57180 sde_steps=4
[TRAIN] mean_reward=-2.59116 mean_len=48.00 recent_eps=100 completed_eps=1752911
[UPDATE_EFFECT] action_delta=0.00854754 param_rms_delta=0.00037118
[TIME] collect=7.177s update=0.279s
[DONE] timeout=0.00000 anchor_pos=0.50696 anchor_ori=0.31116 ee_body=0.61365
[TRACK_ROLLOUT] anchor_pos=0.49228 anchor_ori=0.35236 body_pos=0.60193 body_ori=0.13082 body_lin=0.35453 body_ang=0.05218
[ACT_SUMMARY] abs_mean=0.7606 abs_p95=0.9706 abs_p99=1.0962 abs_max=1.5468 legs=0.8173 waist=0.7012 arms=0.7248
[FRAME_DIAG] frame0_abs=0.7634 frame1_abs=0.7767 in_chunk_delta=0.9199 cross_chunk_delta=0.9569
[UPDATE] 254/500 reward_step=-0.05250 chunk=-0.38598 done_frac=0.11643 mean_reward=-2.61409 mean_len=48.00
[SFPO] loss=1.77160 policy_loss=-0.02164 value_loss=1.79325 ratio=1.0007 [0.164,3.902] clip=0.1490 kl=0.012315 grad=0.6701 grad_c=23.3669 lr=0.000100 critic_lr=0.001000
[ROLLOUT] live=41.03 survive=0.37292 per_step=-0.05051 episode_projection=-25.25
[POLICY_DETAIL] samples=44121 raw_samples=49152 mb=11031 micro_mb=8192 logp_delta_abs=0.10370 old_logp=-125.82126 new_logp=-125.83270 adv_abs=0.56179 sde_steps=4
[TRAIN] mean_reward=-2.61409 mean_len=48.00 recent_eps=100 completed_eps=1758048
[UPDATE_EFFECT] action_delta=0.00810910 param_rms_delta=0.00036681
[TIME] collect=7.368s update=0.276s
[DONE] timeout=0.00000 anchor_pos=0.50818 anchor_ori=0.30859 ee_body=0.61938
[TRACK_ROLLOUT] anchor_pos=0.49420 anchor_ori=0.35059 body_pos=0.60240 body_ori=0.13058 body_lin=0.35464 body_ang=0.05224
[ACT_SUMMARY] abs_mean=0.7604 abs_p95=0.9706 abs_p99=1.0950 abs_max=1.6381 legs=0.8175 waist=0.7003 arms=0.7245
[FRAME_DIAG] frame0_abs=0.7632 frame1_abs=0.7772 in_chunk_delta=0.9196 cross_chunk_delta=0.9572
[UPDATE] 255/500 reward_step=-0.05242 chunk=-0.38582 done_frac=0.11457 mean_reward=-2.56602 mean_len=48.00
[SFPO] loss=1.65910 policy_loss=-0.02143 value_loss=1.68054 ratio=1.0005 [0.139,4.949] clip=0.1545 kl=0.012780 grad=0.6729 grad_c=13.5071 lr=0.000100 critic_lr=0.001000
[ROLLOUT] live=41.22 survive=0.38086 per_step=-0.05043 episode_projection=-25.21
[POLICY_DETAIL] samples=44268 raw_samples=49152 mb=11067 micro_mb=8192 logp_delta_abs=0.10588 old_logp=-125.85482 new_logp=-125.86689 adv_abs=0.57352 sde_steps=4
[TRAIN] mean_reward=-2.56602 mean_len=48.00 recent_eps=100 completed_eps=1763120
[UPDATE_EFFECT] action_delta=0.00841589 param_rms_delta=0.00036780
[TIME] collect=7.363s update=0.277s
[DONE] timeout=0.00000 anchor_pos=0.50232 anchor_ori=0.30225 ee_body=0.61133
[TRACK_ROLLOUT] anchor_pos=0.49590 anchor_ori=0.35291 body_pos=0.60247 body_ori=0.13023 body_lin=0.35537 body_ang=0.05228
[ACT_SUMMARY] abs_mean=0.7601 abs_p95=0.9691 abs_p99=1.0930 abs_max=1.5394 legs=0.8164 waist=0.7012 arms=0.7245
[FRAME_DIAG] frame0_abs=0.7633 frame1_abs=0.7772 in_chunk_delta=0.9197 cross_chunk_delta=0.9553
[UPDATE] 256/500 reward_step=-0.05247 chunk=-0.38602 done_frac=0.11308 mean_reward=-2.60411 mean_len=48.00
[SFPO] loss=1.82079 policy_loss=-0.02051 value_loss=1.84130 ratio=1.0009 [0.154,3.580] clip=0.1503 kl=0.012357 grad=0.6803 grad_c=12.2861 lr=0.000100 critic_lr=0.001000
[ROLLOUT] live=41.31 survive=0.38721 per_step=-0.05047 episode_projection=-25.24
[POLICY_DETAIL] samples=44394 raw_samples=49152 mb=11099 micro_mb=8192 logp_delta_abs=0.10451 old_logp=-125.82834 new_logp=-125.83960 adv_abs=0.57482 sde_steps=4
[TRAIN] mean_reward=-2.60411 mean_len=48.00 recent_eps=100 completed_eps=1768140
[UPDATE_EFFECT] action_delta=0.00830475 param_rms_delta=0.00036292
[TIME] collect=7.317s update=0.280s
[DONE] timeout=0.00000 anchor_pos=0.49158 anchor_ori=0.29590 ee_body=0.60461
[TRACK_ROLLOUT] anchor_pos=0.49442 anchor_ori=0.35516 body_pos=0.60307 body_ori=0.13148 body_lin=0.35540 body_ang=0.05259
[ACT_SUMMARY] abs_mean=0.7611 abs_p95=0.9715 abs_p99=1.0978 abs_max=1.5732 legs=0.8179 waist=0.7012 arms=0.7253
[FRAME_DIAG] frame0_abs=0.7630 frame1_abs=0.7786 in_chunk_delta=0.9201 cross_chunk_delta=0.9559
[UPDATE] 257/500 reward_step=-0.05246 chunk=-0.38595 done_frac=0.11495 mean_reward=-2.60646 mean_len=48.00
[SFPO] loss=1.72329 policy_loss=-0.02109 value_loss=1.74438 ratio=1.0009 [0.198,5.008] clip=0.1574 kl=0.013212 grad=0.7089 grad_c=19.4803 lr=0.000100 critic_lr=0.001000
[ROLLOUT] live=41.13 survive=0.37976 per_step=-0.05046 episode_projection=-25.23
[POLICY_DETAIL] samples=44200 raw_samples=49152 mb=11050 micro_mb=8192 logp_delta_abs=0.10717 old_logp=-125.88303 new_logp=-125.89509 adv_abs=0.56635 sde_steps=4
[TRAIN] mean_reward=-2.60646 mean_len=48.00 recent_eps=100 completed_eps=1773221
[UPDATE_EFFECT] action_delta=0.00904744 param_rms_delta=0.00036592
[TIME] collect=7.257s update=0.296s
[DONE] timeout=0.00000 anchor_pos=0.51208 anchor_ori=0.30908 ee_body=0.61230
[TRACK_ROLLOUT] anchor_pos=0.49374 anchor_ori=0.35670 body_pos=0.60152 body_ori=0.13084 body_lin=0.35466 body_ang=0.05244
[ACT_SUMMARY] abs_mean=0.7611 abs_p95=0.9703 abs_p99=1.0967 abs_max=1.5587 legs=0.8176 waist=0.7005 arms=0.7257
[FRAME_DIAG] frame0_abs=0.7621 frame1_abs=0.7778 in_chunk_delta=0.9194 cross_chunk_delta=0.9557
[UPDATE] 258/500 reward_step=-0.05242 chunk=-0.38601 done_frac=0.11318 mean_reward=-2.57793 mean_len=48.00
[SFPO] loss=1.87282 policy_loss=-0.02196 value_loss=1.89478 ratio=1.0010 [0.176,3.692] clip=0.1500 kl=0.012375 grad=0.6443 grad_c=31.7207 lr=0.000100 critic_lr=0.001000
[ROLLOUT] live=41.30 survive=0.38745 per_step=-0.05042 episode_projection=-25.21
[POLICY_DETAIL] samples=44338 raw_samples=49152 mb=11085 micro_mb=8192 logp_delta_abs=0.10415 old_logp=-125.84508 new_logp=-125.85624 adv_abs=0.57550 sde_steps=4
[TRAIN] mean_reward=-2.57793 mean_len=48.00 recent_eps=100 completed_eps=1778239
[UPDATE_EFFECT] action_delta=0.00846931 param_rms_delta=0.00036614
[TIME] collect=7.331s update=0.279s
[DONE] timeout=0.00000 anchor_pos=0.50012 anchor_ori=0.29907 ee_body=0.60535
[TRACK_ROLLOUT] anchor_pos=0.49647 anchor_ori=0.35377 body_pos=0.60316 body_ori=0.13035 body_lin=0.35646 body_ang=0.05260
[ACT_SUMMARY] abs_mean=0.7614 abs_p95=0.9709 abs_p99=1.0984 abs_max=1.5751 legs=0.8181 waist=0.7014 arms=0.7256
[FRAME_DIAG] frame0_abs=0.7635 frame1_abs=0.7787 in_chunk_delta=0.9195 cross_chunk_delta=0.9574
[UPDATE] 259/500 reward_step=-0.05240 chunk=-0.38588 done_frac=0.11498 mean_reward=-2.64188 mean_len=48.00
[SFPO] loss=1.86234 policy_loss=-0.01984 value_loss=1.88218 ratio=1.0004 [0.180,3.875] clip=0.1483 kl=0.012283 grad=0.6763 grad_c=30.6334 lr=0.000100 critic_lr=0.001000
[ROLLOUT] live=41.23 survive=0.37878 per_step=-0.05041 episode_projection=-25.21
[POLICY_DETAIL] samples=44260 raw_samples=49152 mb=11065 micro_mb=8192 logp_delta_abs=0.10339 old_logp=-125.88289 new_logp=-125.89460 adv_abs=0.57971 sde_steps=4
[TRAIN] mean_reward=-2.64188 mean_len=48.00 recent_eps=100 completed_eps=1783328
[UPDATE_EFFECT] action_delta=0.00778943 param_rms_delta=0.00037021
[TIME] collect=7.417s update=0.280s
[DONE] timeout=0.00000 anchor_pos=0.50818 anchor_ori=0.31104 ee_body=0.61353
[TRACK_ROLLOUT] anchor_pos=0.49642 anchor_ori=0.35198 body_pos=0.60396 body_ori=0.12923 body_lin=0.35563 body_ang=0.05212
[ACT_SUMMARY] abs_mean=0.7612 abs_p95=0.9703 abs_p99=1.0951 abs_max=1.6211 legs=0.8181 waist=0.7018 arms=0.7251
[FRAME_DIAG] frame0_abs=0.7635 frame1_abs=0.7780 in_chunk_delta=0.9198 cross_chunk_delta=0.9554
[UPDATE] 260/500 reward_step=-0.05245 chunk=-0.38614 done_frac=0.11202 mean_reward=-2.54117 mean_len=48.00
[SFPO] loss=1.61477 policy_loss=-0.02271 value_loss=1.63748 ratio=1.0006 [0.216,3.798] clip=0.1501 kl=0.012179 grad=0.6327 grad_c=12.0199 lr=0.000100 critic_lr=0.001000
[ROLLOUT] live=41.42 survive=0.39172 per_step=-0.05047 episode_projection=-25.24
[POLICY_DETAIL] samples=44485 raw_samples=49152 mb=11122 micro_mb=8192 logp_delta_abs=0.10409 old_logp=-125.81302 new_logp=-125.82442 adv_abs=0.57213 sde_steps=4
[TRAIN] mean_reward=-2.54117 mean_len=48.00 recent_eps=100 completed_eps=1788311
[UPDATE_EFFECT] action_delta=0.00808298 param_rms_delta=0.00036424
[TIME] collect=7.226s update=0.277s
[DONE] timeout=0.00000 anchor_pos=0.50317 anchor_ori=0.30542 ee_body=0.60034
[TRACK_ROLLOUT] anchor_pos=0.49241 anchor_ori=0.35084 body_pos=0.59884 body_ori=0.12914 body_lin=0.35633 body_ang=0.05201
[ACT_SUMMARY] abs_mean=0.7616 abs_p95=0.9719 abs_p99=1.1002 abs_max=1.5930 legs=0.8185 waist=0.7013 arms=0.7257
[FRAME_DIAG] frame0_abs=0.7625 frame1_abs=0.7793 in_chunk_delta=0.9194 cross_chunk_delta=0.9559
[UPDATE] 261/500 reward_step=-0.05224 chunk=-0.38451 done_frac=0.11489 mean_reward=-2.57245 mean_len=48.00
[SFPO] loss=1.94134 policy_loss=-0.02069 value_loss=1.96202 ratio=1.0005 [0.203,3.813] clip=0.1507 kl=0.012288 grad=0.6547 grad_c=22.7307 lr=0.000100 critic_lr=0.001000
[ROLLOUT] live=41.15 survive=0.38013 per_step=-0.05026 episode_projection=-25.13
[POLICY_DETAIL] samples=44197 raw_samples=49152 mb=11050 micro_mb=8192 logp_delta_abs=0.10448 old_logp=-125.82257 new_logp=-125.83416 adv_abs=0.57011 sde_steps=4
[TRAIN] mean_reward=-2.57245 mean_len=48.00 recent_eps=100 completed_eps=1793389
[UPDATE_EFFECT] action_delta=0.00829251 param_rms_delta=0.00036364
[TIME] collect=7.424s update=0.276s
[DONE] timeout=0.00000 anchor_pos=0.50781 anchor_ori=0.30969 ee_body=0.61316
[TRACK_ROLLOUT] anchor_pos=0.49790 anchor_ori=0.35514 body_pos=0.60643 body_ori=0.13103 body_lin=0.35470 body_ang=0.05225
[ACT_SUMMARY] abs_mean=0.7619 abs_p95=0.9716 abs_p99=1.0956 abs_max=1.5458 legs=0.8191 waist=0.7029 arms=0.7256
[FRAME_DIAG] frame0_abs=0.7644 frame1_abs=0.7798 in_chunk_delta=0.9192 cross_chunk_delta=0.9573
[UPDATE] 262/500 reward_step=-0.05239 chunk=-0.38548 done_frac=0.11296 mean_reward=-2.57786 mean_len=48.00
[SFPO] loss=1.77285 policy_loss=-0.02146 value_loss=1.79430 ratio=1.0008 [0.185,4.461] clip=0.1537 kl=0.012606 grad=0.6423 grad_c=10.8921 lr=0.000100 critic_lr=0.001000
[ROLLOUT] live=41.39 survive=0.38684 per_step=-0.05041 episode_projection=-25.21
[POLICY_DETAIL] samples=44468 raw_samples=49152 mb=11117 micro_mb=8192 logp_delta_abs=0.10558 old_logp=-125.86046 new_logp=-125.87208 adv_abs=0.56741 sde_steps=4
[TRAIN] mean_reward=-2.57786 mean_len=48.00 recent_eps=100 completed_eps=1798412
[UPDATE_EFFECT] action_delta=0.00843229 param_rms_delta=0.00036968
[TIME] collect=7.264s update=0.279s
[DONE] timeout=0.00000 anchor_pos=0.49829 anchor_ori=0.30151 ee_body=0.60425
[TRACK_ROLLOUT] anchor_pos=0.49518 anchor_ori=0.35614 body_pos=0.60411 body_ori=0.13103 body_lin=0.35591 body_ang=0.05271
[ACT_SUMMARY] abs_mean=0.7632 abs_p95=0.9747 abs_p99=1.1019 abs_max=1.4976 legs=0.8208 waist=0.7017 arms=0.7271
[FRAME_DIAG] frame0_abs=0.7657 frame1_abs=0.7808 in_chunk_delta=0.9196 cross_chunk_delta=0.9572
[UPDATE] 263/500 reward_step=-0.05228 chunk=-0.38495 done_frac=0.11305 mean_reward=-2.60315 mean_len=48.00
[SFPO] loss=1.73261 policy_loss=-0.02044 value_loss=1.75306 ratio=1.0009 [0.221,3.685] clip=0.1577 kl=0.013231 grad=0.7057 grad_c=11.4352 lr=0.000100 critic_lr=0.001000
[ROLLOUT] live=41.35 survive=0.38733 per_step=-0.05030 episode_projection=-25.15
[POLICY_DETAIL] samples=44395 raw_samples=49152 mb=11099 micro_mb=8192 logp_delta_abs=0.10792 old_logp=-125.83031 new_logp=-125.84240 adv_abs=0.57182 sde_steps=4
[TRAIN] mean_reward=-2.60315 mean_len=48.00 recent_eps=100 completed_eps=1803431
[UPDATE_EFFECT] action_delta=0.00809718 param_rms_delta=0.00037281
[TIME] collect=7.015s update=0.279s
[DONE] timeout=0.00000 anchor_pos=0.49878 anchor_ori=0.30457 ee_body=0.60461
[TRACK_ROLLOUT] anchor_pos=0.49759 anchor_ori=0.35416 body_pos=0.60431 body_ori=0.13133 body_lin=0.35574 body_ang=0.05252
[ACT_SUMMARY] abs_mean=0.7634 abs_p95=0.9745 abs_p99=1.0996 abs_max=1.5446 legs=0.8206 waist=0.7022 arms=0.7274
[FRAME_DIAG] frame0_abs=0.7655 frame1_abs=0.7810 in_chunk_delta=0.9191 cross_chunk_delta=0.9567
[UPDATE] 264/500 reward_step=-0.05248 chunk=-0.38685 done_frac=0.11178 mean_reward=-2.57147 mean_len=48.00
[SFPO] loss=1.74137 policy_loss=-0.01969 value_loss=1.76106 ratio=1.0006 [0.167,4.113] clip=0.1546 kl=0.012705 grad=0.6625 grad_c=15.1532 lr=0.000100 critic_lr=0.001000
[ROLLOUT] live=41.46 survive=0.39319 per_step=-0.05052 episode_projection=-25.26
[POLICY_DETAIL] samples=44473 raw_samples=49152 mb=11119 micro_mb=8192 logp_delta_abs=0.10650 old_logp=-125.85560 new_logp=-125.86756 adv_abs=0.57571 sde_steps=4
[TRAIN] mean_reward=-2.57147 mean_len=48.00 recent_eps=100 completed_eps=1808402
[UPDATE_EFFECT] action_delta=0.00844134 param_rms_delta=0.00036757
[TIME] collect=7.413s update=0.277s
[DONE] timeout=0.00000 anchor_pos=0.49402 anchor_ori=0.29663 ee_body=0.59753
[TRACK_ROLLOUT] anchor_pos=0.49437 anchor_ori=0.35526 body_pos=0.60097 body_ori=0.13115 body_lin=0.35651 body_ang=0.05254
[ACT_SUMMARY] abs_mean=0.7641 abs_p95=0.9758 abs_p99=1.1016 abs_max=1.5095 legs=0.8213 waist=0.7036 arms=0.7281
[FRAME_DIAG] frame0_abs=0.7649 frame1_abs=0.7827 in_chunk_delta=0.9190 cross_chunk_delta=0.9591
[UPDATE] 265/500 reward_step=-0.05237 chunk=-0.38581 done_frac=0.11299 mean_reward=-2.55673 mean_len=48.00
[SFPO] loss=1.81434 policy_loss=-0.02111 value_loss=1.83545 ratio=1.0004 [0.146,4.979] clip=0.1525 kl=0.012609 grad=0.6567 grad_c=12.7784 lr=0.000100 critic_lr=0.001000
[ROLLOUT] live=41.44 survive=0.38660 per_step=-0.05042 episode_projection=-25.21
[POLICY_DETAIL] samples=44472 raw_samples=49152 mb=11118 micro_mb=8192 logp_delta_abs=0.10541 old_logp=-125.89189 new_logp=-125.90386 adv_abs=0.56277 sde_steps=4
[TRAIN] mean_reward=-2.55673 mean_len=48.00 recent_eps=100 completed_eps=1813427
[UPDATE_EFFECT] action_delta=0.00836863 param_rms_delta=0.00036641
[TIME] collect=7.260s update=0.277s
[DONE] timeout=0.00000 anchor_pos=0.50098 anchor_ori=0.30066 ee_body=0.60559
[TRACK_ROLLOUT] anchor_pos=0.49544 anchor_ori=0.35309 body_pos=0.60068 body_ori=0.12955 body_lin=0.35419 body_ang=0.05207
[ACT_SUMMARY] abs_mean=0.7631 abs_p95=0.9734 abs_p99=1.0993 abs_max=1.5700 legs=0.8197 waist=0.7047 arms=0.7271
[FRAME_DIAG] frame0_abs=0.7646 frame1_abs=0.7811 in_chunk_delta=0.9189 cross_chunk_delta=0.9566
[UPDATE] 266/500 reward_step=-0.05234 chunk=-0.38563 done_frac=0.11192 mean_reward=-2.60818 mean_len=48.00
[SFPO] loss=1.65693 policy_loss=-0.02325 value_loss=1.68018 ratio=1.0002 [0.216,3.973] clip=0.1521 kl=0.012453 grad=0.6725 grad_c=9.9009 lr=0.000100 critic_lr=0.001000
[ROLLOUT] live=41.44 survive=0.39246 per_step=-0.05038 episode_projection=-25.19
[POLICY_DETAIL] samples=44468 raw_samples=49152 mb=11117 micro_mb=8192 logp_delta_abs=0.10497 old_logp=-125.87333 new_logp=-125.88538 adv_abs=0.56445 sde_steps=4
[TRAIN] mean_reward=-2.60818 mean_len=48.00 recent_eps=100 completed_eps=1818404
[UPDATE_EFFECT] action_delta=0.00830247 param_rms_delta=0.00036176
[TIME] collect=7.136s update=0.278s
[DONE] timeout=0.00000 anchor_pos=0.49414 anchor_ori=0.30347 ee_body=0.59973
[TRACK_ROLLOUT] anchor_pos=0.49407 anchor_ori=0.35477 body_pos=0.60124 body_ori=0.12984 body_lin=0.35568 body_ang=0.05227
[ACT_SUMMARY] abs_mean=0.7638 abs_p95=0.9744 abs_p99=1.1000 abs_max=1.5738 legs=0.8206 waist=0.7038 arms=0.7279
[FRAME_DIAG] frame0_abs=0.7644 frame1_abs=0.7824 in_chunk_delta=0.9189 cross_chunk_delta=0.9578
[UPDATE] 267/500 reward_step=-0.05233 chunk=-0.38586 done_frac=0.11185 mean_reward=-2.55252 mean_len=48.00
[SFPO] loss=1.67085 policy_loss=-0.02146 value_loss=1.69232 ratio=1.0005 [0.182,5.293] clip=0.1555 kl=0.012821 grad=0.6997 grad_c=19.1423 lr=0.000100 critic_lr=0.001000
[ROLLOUT] live=41.48 survive=0.39270 per_step=-0.05038 episode_projection=-25.19
[POLICY_DETAIL] samples=44478 raw_samples=49152 mb=11120 micro_mb=8192 logp_delta_abs=0.10642 old_logp=-125.84444 new_logp=-125.85653 adv_abs=0.56045 sde_steps=4
[TRAIN] mean_reward=-2.55252 mean_len=48.00 recent_eps=100 completed_eps=1823379
[UPDATE_EFFECT] action_delta=0.00872740 param_rms_delta=0.00035928
[TIME] collect=7.238s update=0.289s
[DONE] timeout=0.00000 anchor_pos=0.49731 anchor_ori=0.30139 ee_body=0.59949
[TRACK_ROLLOUT] anchor_pos=0.49288 anchor_ori=0.35392 body_pos=0.59919 body_ori=0.12896 body_lin=0.35617 body_ang=0.05220
[ACT_SUMMARY] abs_mean=0.7641 abs_p95=0.9752 abs_p99=1.1028 abs_max=1.5348 legs=0.8214 waist=0.7037 arms=0.7280
[FRAME_DIAG] frame0_abs=0.7655 frame1_abs=0.7831 in_chunk_delta=0.9185 cross_chunk_delta=0.9580
[UPDATE] 268/500 reward_step=-0.05208 chunk=-0.38421 done_frac=0.10999 mean_reward=-2.55829 mean_len=48.00
[SFPO] loss=1.75560 policy_loss=-0.02114 value_loss=1.77674 ratio=1.0004 [0.194,4.163] clip=0.1559 kl=0.012992 grad=0.7117 grad_c=23.4790 lr=0.000100 critic_lr=0.001000
[ROLLOUT] live=41.70 survive=0.40002 per_step=-0.05015 episode_projection=-25.08
[POLICY_DETAIL] samples=44686 raw_samples=49152 mb=11172 micro_mb=8192 logp_delta_abs=0.10688 old_logp=-125.82439 new_logp=-125.83682 adv_abs=0.58804 sde_steps=4
[TRAIN] mean_reward=-2.55829 mean_len=48.00 recent_eps=100 completed_eps=1828294
[UPDATE_EFFECT] action_delta=0.00848745 param_rms_delta=0.00036396
[TIME] collect=7.110s update=0.286s
[DONE] timeout=0.00000 anchor_pos=0.48535 anchor_ori=0.30176 ee_body=0.59045
[TRACK_ROLLOUT] anchor_pos=0.49847 anchor_ori=0.35803 body_pos=0.60584 body_ori=0.13042 body_lin=0.35727 body_ang=0.05281
[ACT_SUMMARY] abs_mean=0.7647 abs_p95=0.9762 abs_p99=1.1008 abs_max=1.5105 legs=0.8223 waist=0.7055 arms=0.7279
[FRAME_DIAG] frame0_abs=0.7658 frame1_abs=0.7841 in_chunk_delta=0.9186 cross_chunk_delta=0.9566
[UPDATE] 269/500 reward_step=-0.05218 chunk=-0.38443 done_frac=0.11197 mean_reward=-2.55263 mean_len=48.00
[SFPO] loss=1.73044 policy_loss=-0.02241 value_loss=1.75285 ratio=1.0004 [0.195,3.903] clip=0.1514 kl=0.012444 grad=0.6690 grad_c=18.1946 lr=0.000100 critic_lr=0.001000
[ROLLOUT] live=41.51 survive=0.39111 per_step=-0.05023 episode_projection=-25.11
[POLICY_DETAIL] samples=44546 raw_samples=49152 mb=11137 micro_mb=8192 logp_delta_abs=0.10489 old_logp=-125.82510 new_logp=-125.83699 adv_abs=0.56849 sde_steps=4
[TRAIN] mean_reward=-2.55263 mean_len=48.00 recent_eps=100 completed_eps=1833282
[UPDATE_EFFECT] action_delta=0.00842172 param_rms_delta=0.00036654
[TIME] collect=7.163s update=0.277s
[DONE] timeout=0.00000 anchor_pos=0.50122 anchor_ori=0.30481 ee_body=0.60107
[TRACK_ROLLOUT] anchor_pos=0.49665 anchor_ori=0.35463 body_pos=0.60263 body_ori=0.12939 body_lin=0.35558 body_ang=0.05228
[ACT_SUMMARY] abs_mean=0.7641 abs_p95=0.9752 abs_p99=1.0989 abs_max=1.5071 legs=0.8214 waist=0.7037 arms=0.7280
[FRAME_DIAG] frame0_abs=0.7662 frame1_abs=0.7842 in_chunk_delta=0.9183 cross_chunk_delta=0.9560
[UPDATE] 270/500 reward_step=-0.05209 chunk=-0.38399 done_frac=0.11017 mean_reward=-2.53837 mean_len=48.00
[SFPO] loss=1.66250 policy_loss=-0.02035 value_loss=1.68284 ratio=1.0002 [0.191,4.182] clip=0.1587 kl=0.013246 grad=0.7039 grad_c=13.7328 lr=0.000100 critic_lr=0.001000
[ROLLOUT] live=41.62 survive=0.39978 per_step=-0.05018 episode_projection=-25.09
[POLICY_DETAIL] samples=44631 raw_samples=49152 mb=11158 micro_mb=8192 logp_delta_abs=0.10778 old_logp=-125.83900 new_logp=-125.85184 adv_abs=0.57312 sde_steps=4
[TRAIN] mean_reward=-2.53837 mean_len=48.00 recent_eps=100 completed_eps=1838199
[UPDATE_EFFECT] action_delta=0.00865268 param_rms_delta=0.00036794
[TIME] collect=7.516s update=0.282s
[DONE] timeout=0.00000 anchor_pos=0.48669 anchor_ori=0.29944 ee_body=0.59033
[TRACK_ROLLOUT] anchor_pos=0.49752 anchor_ori=0.35723 body_pos=0.60499 body_ori=0.13048 body_lin=0.35529 body_ang=0.05236
[ACT_SUMMARY] abs_mean=0.7647 abs_p95=0.9760 abs_p99=1.1013 abs_max=1.5640 legs=0.8224 waist=0.7050 arms=0.7280
[FRAME_DIAG] frame0_abs=0.7674 frame1_abs=0.7845 in_chunk_delta=0.9182 cross_chunk_delta=0.9566
[UPDATE] 271/500 reward_step=-0.05213 chunk=-0.38409 done_frac=0.11056 mean_reward=-2.59793 mean_len=48.00
[SFPO] loss=1.71802 policy_loss=-0.02121 value_loss=1.73923 ratio=1.0000 [0.211,5.669] clip=0.1515 kl=0.012535 grad=0.6598 grad_c=11.3699 lr=0.000100 critic_lr=0.001000
[ROLLOUT] live=41.56 survive=0.39807 per_step=-0.05020 episode_projection=-25.10
[POLICY_DETAIL] samples=44601 raw_samples=49152 mb=11151 micro_mb=8192 logp_delta_abs=0.10478 old_logp=-125.81683 new_logp=-125.82919 adv_abs=0.56123 sde_steps=4
[TRAIN] mean_reward=-2.59793 mean_len=48.00 recent_eps=100 completed_eps=1843130
[UPDATE_EFFECT] action_delta=0.00844852 param_rms_delta=0.00036165
[TIME] collect=7.241s update=0.281s
[DONE] timeout=0.00000 anchor_pos=0.49255 anchor_ori=0.30737 ee_body=0.59387
[TRACK_ROLLOUT] anchor_pos=0.49883 anchor_ori=0.35983 body_pos=0.60528 body_ori=0.13077 body_lin=0.35722 body_ang=0.05273
[ACT_SUMMARY] abs_mean=0.7661 abs_p95=0.9783 abs_p99=1.1051 abs_max=1.6026 legs=0.8245 waist=0.7063 arms=0.7289
[FRAME_DIAG] frame0_abs=0.7687 frame1_abs=0.7855 in_chunk_delta=0.9188 cross_chunk_delta=0.9576
[UPDATE] 272/500 reward_step=-0.05203 chunk=-0.38419 done_frac=0.10780 mean_reward=-2.59022 mean_len=48.00
[SFPO] loss=1.83300 policy_loss=-0.02419 value_loss=1.85719 ratio=1.0002 [0.127,3.905] clip=0.1569 kl=0.012851 grad=0.6361 grad_c=14.6245 lr=0.000100 critic_lr=0.001000
[ROLLOUT] live=41.69 survive=0.41260 per_step=-0.05009 episode_projection=-25.04
[POLICY_DETAIL] samples=44640 raw_samples=49152 mb=11160 micro_mb=8192 logp_delta_abs=0.10681 old_logp=-125.83165 new_logp=-125.84409 adv_abs=0.55249 sde_steps=4
[TRAIN] mean_reward=-2.59022 mean_len=48.00 recent_eps=100 completed_eps=1847942
[UPDATE_EFFECT] action_delta=0.00833260 param_rms_delta=0.00035989
[TIME] collect=7.278s update=0.281s
[DONE] timeout=0.00000 anchor_pos=0.48096 anchor_ori=0.29492 ee_body=0.57922
[TRACK_ROLLOUT] anchor_pos=0.49561 anchor_ori=0.35843 body_pos=0.60247 body_ori=0.13045 body_lin=0.35748 body_ang=0.05228
[ACT_SUMMARY] abs_mean=0.7651 abs_p95=0.9763 abs_p99=1.1024 abs_max=1.5470 legs=0.8227 waist=0.7047 arms=0.7287
[FRAME_DIAG] frame0_abs=0.7676 frame1_abs=0.7846 in_chunk_delta=0.9182 cross_chunk_delta=0.9565
[UPDATE] 273/500 reward_step=-0.05194 chunk=-0.38302 done_frac=0.10924 mean_reward=-2.60788 mean_len=48.00
[SFPO] loss=1.69612 policy_loss=-0.02168 value_loss=1.71781 ratio=1.0002 [0.182,4.274] clip=0.1544 kl=0.012678 grad=0.6844 grad_c=17.0869 lr=0.000100 critic_lr=0.001000
[ROLLOUT] live=41.70 survive=0.40381 per_step=-0.05003 episode_projection=-25.02
[POLICY_DETAIL] samples=44709 raw_samples=49152 mb=11178 micro_mb=8192 logp_delta_abs=0.10602 old_logp=-125.78501 new_logp=-125.79724 adv_abs=0.57483 sde_steps=4
[TRAIN] mean_reward=-2.60788 mean_len=48.00 recent_eps=100 completed_eps=1852826
[UPDATE_EFFECT] action_delta=0.00811578 param_rms_delta=0.00036365
[TIME] collect=7.143s update=0.280s
[DONE] timeout=0.00000 anchor_pos=0.48938 anchor_ori=0.29968 ee_body=0.58679
[TRACK_ROLLOUT] anchor_pos=0.49884 anchor_ori=0.35583 body_pos=0.60456 body_ori=0.13001 body_lin=0.35604 body_ang=0.05268
[ACT_SUMMARY] abs_mean=0.7655 abs_p95=0.9774 abs_p99=1.1011 abs_max=1.5550 legs=0.8236 waist=0.7055 arms=0.7285
[FRAME_DIAG] frame0_abs=0.7685 frame1_abs=0.7848 in_chunk_delta=0.9176 cross_chunk_delta=0.9561
[UPDATE] 274/500 reward_step=-0.05226 chunk=-0.38575 done_frac=0.10867 mean_reward=-2.55245 mean_len=48.00
[SFPO] loss=1.67977 policy_loss=-0.02132 value_loss=1.70109 ratio=1.0003 [0.220,4.221] clip=0.1558 kl=0.012870 grad=0.7306 grad_c=12.9802 lr=0.000100 critic_lr=0.001000
[ROLLOUT] live=41.70 survive=0.40759 per_step=-0.05034 episode_projection=-25.17
[POLICY_DETAIL] samples=44658 raw_samples=49152 mb=11165 micro_mb=8192 logp_delta_abs=0.10642 old_logp=-125.84850 new_logp=-125.86083 adv_abs=0.57656 sde_steps=4
[TRAIN] mean_reward=-2.55245 mean_len=48.00 recent_eps=100 completed_eps=1857679
[UPDATE_EFFECT] action_delta=0.00840287 param_rms_delta=0.00036453
[TIME] collect=7.153s update=0.281s
[DONE] timeout=0.00000 anchor_pos=0.48535 anchor_ori=0.30103 ee_body=0.58411
[TRACK_ROLLOUT] anchor_pos=0.49217 anchor_ori=0.35415 body_pos=0.60083 body_ori=0.12930 body_lin=0.35590 body_ang=0.05238
[ACT_SUMMARY] abs_mean=0.7664 abs_p95=0.9797 abs_p99=1.1051 abs_max=1.5363 legs=0.8246 waist=0.7064 arms=0.7293
[FRAME_DIAG] frame0_abs=0.7699 frame1_abs=0.7850 in_chunk_delta=0.9180 cross_chunk_delta=0.9572
[UPDATE] 275/500 reward_step=-0.05197 chunk=-0.38336 done_frac=0.10809 mean_reward=-2.60032 mean_len=48.00
[SFPO] loss=1.84796 policy_loss=-0.02211 value_loss=1.87006 ratio=1.0008 [0.198,3.929] clip=0.1572 kl=0.013042 grad=0.7291 grad_c=11.5381 lr=0.000100 critic_lr=0.001000
[ROLLOUT] live=41.68 survive=0.41052 per_step=-0.05005 episode_projection=-25.02
[POLICY_DETAIL] samples=44674 raw_samples=49152 mb=11169 micro_mb=8192 logp_delta_abs=0.10780 old_logp=-125.87924 new_logp=-125.89127 adv_abs=0.57076 sde_steps=4
[TRAIN] mean_reward=-2.60032 mean_len=48.00 recent_eps=100 completed_eps=1862508
[UPDATE_EFFECT] action_delta=0.00819496 param_rms_delta=0.00036227
[TIME] collect=7.285s update=0.289s
[DONE] timeout=0.00000 anchor_pos=0.48279 anchor_ori=0.29529 ee_body=0.58069
[TRACK_ROLLOUT] anchor_pos=0.49839 anchor_ori=0.36282 body_pos=0.60573 body_ori=0.13151 body_lin=0.35709 body_ang=0.05256
[ACT_SUMMARY] abs_mean=0.7663 abs_p95=0.9792 abs_p99=1.1054 abs_max=1.5224 legs=0.8245 waist=0.7053 arms=0.7296
[FRAME_DIAG] frame0_abs=0.7697 frame1_abs=0.7854 in_chunk_delta=0.9182 cross_chunk_delta=0.9578
[UPDATE] 276/500 reward_step=-0.05209 chunk=-0.38453 done_frac=0.10835 mean_reward=-2.59857 mean_len=48.00
[SFPO] loss=1.79824 policy_loss=-0.01954 value_loss=1.81778 ratio=0.9999 [0.227,4.585] clip=0.1549 kl=0.012857 grad=0.6922 grad_c=10.6833 lr=0.000100 critic_lr=0.001000
[ROLLOUT] live=41.84 survive=0.40735 per_step=-0.05016 episode_projection=-25.08
[POLICY_DETAIL] samples=44809 raw_samples=49152 mb=11203 micro_mb=8192 logp_delta_abs=0.10667 old_logp=-125.80988 new_logp=-125.82267 adv_abs=0.57203 sde_steps=4
[TRAIN] mean_reward=-2.59857 mean_len=48.00 recent_eps=100 completed_eps=1867363
[UPDATE_EFFECT] action_delta=0.00857609 param_rms_delta=0.00036063
[TIME] collect=7.187s update=0.292s
[DONE] timeout=0.00000 anchor_pos=0.48279 anchor_ori=0.29187 ee_body=0.58203
[TRACK_ROLLOUT] anchor_pos=0.49588 anchor_ori=0.35718 body_pos=0.60335 body_ori=0.13053 body_lin=0.35602 body_ang=0.05269
[ACT_SUMMARY] abs_mean=0.7671 abs_p95=0.9815 abs_p99=1.1044 abs_max=1.6129 legs=0.8250 waist=0.7066 arms=0.7303
[FRAME_DIAG] frame0_abs=0.7700 frame1_abs=0.7873 in_chunk_delta=0.9182 cross_chunk_delta=0.9560
[UPDATE] 277/500 reward_step=-0.05199 chunk=-0.38400 done_frac=0.10723 mean_reward=-2.56333 mean_len=48.00
[SFPO] loss=1.67456 policy_loss=-0.02143 value_loss=1.69600 ratio=1.0005 [0.197,3.911] clip=0.1522 kl=0.012490 grad=0.6612 grad_c=10.4918 lr=0.000100 critic_lr=0.001000
[ROLLOUT] live=41.76 survive=0.41492 per_step=-0.05005 episode_projection=-25.02
[POLICY_DETAIL] samples=44697 raw_samples=49152 mb=11175 micro_mb=8192 logp_delta_abs=0.10520 old_logp=-125.83067 new_logp=-125.84251 adv_abs=0.57067 sde_steps=4
[TRAIN] mean_reward=-2.56333 mean_len=48.00 recent_eps=100 completed_eps=1872156
[UPDATE_EFFECT] action_delta=0.00827796 param_rms_delta=0.00036209
[TIME] collect=7.399s update=0.278s
[DONE] timeout=0.00000 anchor_pos=0.47473 anchor_ori=0.30054 ee_body=0.57617
[TRACK_ROLLOUT] anchor_pos=0.49625 anchor_ori=0.35965 body_pos=0.60596 body_ori=0.13199 body_lin=0.35710 body_ang=0.05317
[ACT_SUMMARY] abs_mean=0.7676 abs_p95=0.9815 abs_p99=1.1081 abs_max=1.5348 legs=0.8264 waist=0.7054 arms=0.7306
[FRAME_DIAG] frame0_abs=0.7695 frame1_abs=0.7875 in_chunk_delta=0.9180 cross_chunk_delta=0.9571
[UPDATE] 278/500 reward_step=-0.05186 chunk=-0.38288 done_frac=0.10826 mean_reward=-2.59050 mean_len=48.00
[SFPO] loss=1.65020 policy_loss=-0.02153 value_loss=1.67173 ratio=1.0004 [0.165,4.114] clip=0.1579 kl=0.013152 grad=0.7078 grad_c=12.5814 lr=0.000100 critic_lr=0.001000
[ROLLOUT] live=41.76 survive=0.40918 per_step=-0.04995 episode_projection=-24.98
[POLICY_DETAIL] samples=44708 raw_samples=49152 mb=11177 micro_mb=8192 logp_delta_abs=0.10716 old_logp=-125.84913 new_logp=-125.86166 adv_abs=0.57640 sde_steps=4
[TRAIN] mean_reward=-2.59050 mean_len=48.00 recent_eps=100 completed_eps=1876996
[UPDATE_EFFECT] action_delta=0.00878810 param_rms_delta=0.00036736
[TIME] collect=7.263s update=0.278s
[DONE] timeout=0.00000 anchor_pos=0.48889 anchor_ori=0.29578 ee_body=0.58069
[TRACK_ROLLOUT] anchor_pos=0.49800 anchor_ori=0.36163 body_pos=0.60491 body_ori=0.13131 body_lin=0.35772 body_ang=0.05298
[ACT_SUMMARY] abs_mean=0.7676 abs_p95=0.9810 abs_p99=1.1062 abs_max=1.5296 legs=0.8263 waist=0.7072 arms=0.7302
[FRAME_DIAG] frame0_abs=0.7698 frame1_abs=0.7877 in_chunk_delta=0.9178 cross_chunk_delta=0.9556
[UPDATE] 279/500 reward_step=-0.05211 chunk=-0.38501 done_frac=0.10772 mean_reward=-2.54558 mean_len=48.00
[SFPO] loss=1.64001 policy_loss=-0.02122 value_loss=1.66124 ratio=1.0007 [0.159,3.998] clip=0.1567 kl=0.013003 grad=0.6980 grad_c=13.3565 lr=0.000100 critic_lr=0.001000
[ROLLOUT] live=41.80 survive=0.41187 per_step=-0.05020 episode_projection=-25.10
[POLICY_DETAIL] samples=44727 raw_samples=49152 mb=11182 micro_mb=8192 logp_delta_abs=0.10698 old_logp=-125.83506 new_logp=-125.84717 adv_abs=0.56176 sde_steps=4
[TRAIN] mean_reward=-2.54558 mean_len=48.00 recent_eps=100 completed_eps=1881814
[UPDATE_EFFECT] action_delta=0.00839794 param_rms_delta=0.00036432
[TIME] collect=7.132s update=0.277s
[DONE] timeout=0.00000 anchor_pos=0.48291 anchor_ori=0.30151 ee_body=0.57898
[TRACK_ROLLOUT] anchor_pos=0.49194 anchor_ori=0.36201 body_pos=0.60187 body_ori=0.13127 body_lin=0.35552 body_ang=0.05261
[ACT_SUMMARY] abs_mean=0.7681 abs_p95=0.9816 abs_p99=1.1070 abs_max=1.5836 legs=0.8267 waist=0.7064 arms=0.7310
[FRAME_DIAG] frame0_abs=0.7708 frame1_abs=0.7889 in_chunk_delta=0.9181 cross_chunk_delta=0.9565
[UPDATE] 280/500 reward_step=-0.05184 chunk=-0.38279 done_frac=0.10677 mean_reward=-2.57739 mean_len=48.00
[SFPO] loss=1.63392 policy_loss=-0.02015 value_loss=1.65406 ratio=1.0002 [0.158,4.296] clip=0.1563 kl=0.013066 grad=0.7154 grad_c=11.5383 lr=0.000100 critic_lr=0.001000
[ROLLOUT] live=41.87 survive=0.41577 per_step=-0.04994 episode_projection=-24.97
[POLICY_DETAIL] samples=44826 raw_samples=49152 mb=11207 micro_mb=8192 logp_delta_abs=0.10700 old_logp=-125.82810 new_logp=-125.84077 adv_abs=0.57046 sde_steps=4
[TRAIN] mean_reward=-2.57739 mean_len=48.00 recent_eps=100 completed_eps=1886600
[UPDATE_EFFECT] action_delta=0.00850477 param_rms_delta=0.00036324
[TIME] collect=7.162s update=0.286s
[DONE] timeout=0.00000 anchor_pos=0.48291 anchor_ori=0.29688 ee_body=0.57397
[TRACK_ROLLOUT] anchor_pos=0.49722 anchor_ori=0.35970 body_pos=0.60587 body_ori=0.13153 body_lin=0.35767 body_ang=0.05295
[ACT_SUMMARY] abs_mean=0.7683 abs_p95=0.9816 abs_p99=1.1086 abs_max=1.7092 legs=0.8278 waist=0.7063 arms=0.7306
[FRAME_DIAG] frame0_abs=0.7702 frame1_abs=0.7887 in_chunk_delta=0.9173 cross_chunk_delta=0.9560
[UPDATE] 281/500 reward_step=-0.05171 chunk=-0.38150 done_frac=0.10724 mean_reward=-2.56095 mean_len=48.00
[SFPO] loss=1.70684 policy_loss=-0.01913 value_loss=1.72597 ratio=1.0007 [0.205,5.250] clip=0.1549 kl=0.012868 grad=0.6974 grad_c=13.2937 lr=0.000100 critic_lr=0.001000
[ROLLOUT] live=41.83 survive=0.41321 per_step=-0.04983 episode_projection=-24.91
[POLICY_DETAIL] samples=44825 raw_samples=49152 mb=11207 micro_mb=8192 logp_delta_abs=0.10630 old_logp=-125.82395 new_logp=-125.83597 adv_abs=0.57469 sde_steps=4
[TRAIN] mean_reward=-2.56095 mean_len=48.00 recent_eps=100 completed_eps=1891407
[UPDATE_EFFECT] action_delta=0.00773755 param_rms_delta=0.00036570
[TIME] collect=7.240s update=0.280s
[DONE] timeout=0.00000 anchor_pos=0.48779 anchor_ori=0.30457 ee_body=0.57898
[TRACK_ROLLOUT] anchor_pos=0.49622 anchor_ori=0.36524 body_pos=0.60584 body_ori=0.13217 body_lin=0.35608 body_ang=0.05305
[ACT_SUMMARY] abs_mean=0.7683 abs_p95=0.9819 abs_p99=1.1077 abs_max=1.5586 legs=0.8275 waist=0.7056 arms=0.7310
[FRAME_DIAG] frame0_abs=0.7711 frame1_abs=0.7888 in_chunk_delta=0.9169 cross_chunk_delta=0.9559
[UPDATE] 282/500 reward_step=-0.05170 chunk=-0.38172 done_frac=0.10759 mean_reward=-2.55226 mean_len=48.00
[SFPO] loss=1.96430 policy_loss=-0.02160 value_loss=1.98590 ratio=1.0010 [0.103,4.683] clip=0.1599 kl=0.013188 grad=0.7175 grad_c=34.1888 lr=0.000100 critic_lr=0.001000
[ROLLOUT] live=41.91 survive=0.41064 per_step=-0.04982 episode_projection=-24.91
[POLICY_DETAIL] samples=44872 raw_samples=49152 mb=11218 micro_mb=8192 logp_delta_abs=0.10827 old_logp=-125.82434 new_logp=-125.83635 adv_abs=0.57602 sde_steps=4
[TRAIN] mean_reward=-2.55226 mean_len=48.00 recent_eps=100 completed_eps=1896235
[UPDATE_EFFECT] action_delta=0.00830142 param_rms_delta=0.00036242
[TIME] collect=7.163s update=0.278s
[DONE] timeout=0.00000 anchor_pos=0.48193 anchor_ori=0.30090 ee_body=0.57983
[TRACK_ROLLOUT] anchor_pos=0.49843 anchor_ori=0.36239 body_pos=0.60927 body_ori=0.13176 body_lin=0.35587 body_ang=0.05302
[ACT_SUMMARY] abs_mean=0.7691 abs_p95=0.9833 abs_p99=1.1098 abs_max=1.5873 legs=0.8295 waist=0.7056 arms=0.7309
[FRAME_DIAG] frame0_abs=0.7713 frame1_abs=0.7900 in_chunk_delta=0.9172 cross_chunk_delta=0.9549
[UPDATE] 283/500 reward_step=-0.05174 chunk=-0.38227 done_frac=0.10585 mean_reward=-2.53073 mean_len=48.00
[SFPO] loss=1.87253 policy_loss=-0.02005 value_loss=1.89258 ratio=1.0005 [0.176,4.093] clip=0.1557 kl=0.012943 grad=0.7257 grad_c=36.3324 lr=0.000100 critic_lr=0.001000
[ROLLOUT] live=41.95 survive=0.42004 per_step=-0.04987 episode_projection=-24.93
[POLICY_DETAIL] samples=44886 raw_samples=49152 mb=11222 micro_mb=8192 logp_delta_abs=0.10693 old_logp=-125.88001 new_logp=-125.89225 adv_abs=0.57359 sde_steps=4
[TRAIN] mean_reward=-2.53073 mean_len=48.00 recent_eps=100 completed_eps=1900986
[UPDATE_EFFECT] action_delta=0.00803121 param_rms_delta=0.00036254
[TIME] collect=7.387s update=0.278s
[DONE] timeout=0.00000 anchor_pos=0.47534 anchor_ori=0.29016 ee_body=0.57153
[TRACK_ROLLOUT] anchor_pos=0.50006 anchor_ori=0.36286 body_pos=0.60874 body_ori=0.13282 body_lin=0.35705 body_ang=0.05322
[ACT_SUMMARY] abs_mean=0.7695 abs_p95=0.9840 abs_p99=1.1105 abs_max=1.5401 legs=0.8291 waist=0.7075 arms=0.7317
[FRAME_DIAG] frame0_abs=0.7734 frame1_abs=0.7899 in_chunk_delta=0.9172 cross_chunk_delta=0.9568
[UPDATE] 284/500 reward_step=-0.05171 chunk=-0.38213 done_frac=0.10710 mean_reward=-2.50379 mean_len=48.00
[SFPO] loss=1.78319 policy_loss=-0.02100 value_loss=1.80418 ratio=1.0006 [0.192,4.032] clip=0.1599 kl=0.013312 grad=0.7211 grad_c=14.0519 lr=0.000100 critic_lr=0.001000
[ROLLOUT] live=41.90 survive=0.41394 per_step=-0.04984 episode_projection=-24.92
[POLICY_DETAIL] samples=44829 raw_samples=49152 mb=11208 micro_mb=8192 logp_delta_abs=0.10841 old_logp=-125.82928 new_logp=-125.84176 adv_abs=0.55934 sde_steps=4
[TRAIN] mean_reward=-2.50379 mean_len=48.00 recent_eps=100 completed_eps=1905787
[UPDATE_EFFECT] action_delta=0.00849718 param_rms_delta=0.00035970
[TIME] collect=7.244s update=0.277s
[DONE] timeout=0.00000 anchor_pos=0.47803 anchor_ori=0.29419 ee_body=0.57581
[TRACK_ROLLOUT] anchor_pos=0.50234 anchor_ori=0.36280 body_pos=0.60798 body_ori=0.13297 body_lin=0.35834 body_ang=0.05335
[ACT_SUMMARY] abs_mean=0.7706 abs_p95=0.9871 abs_p99=1.1126 abs_max=1.5439 legs=0.8310 waist=0.7079 arms=0.7323
[FRAME_DIAG] frame0_abs=0.7743 frame1_abs=0.7908 in_chunk_delta=0.9172 cross_chunk_delta=0.9558
[UPDATE] 285/500 reward_step=-0.05157 chunk=-0.38119 done_frac=0.10657 mean_reward=-2.59294 mean_len=48.00
[SFPO] loss=1.91545 policy_loss=-0.02135 value_loss=1.93680 ratio=1.0004 [0.103,4.134] clip=0.1649 kl=0.014068 grad=0.8077 grad_c=18.2897 lr=0.000100 critic_lr=0.001000
[ROLLOUT] live=41.88 survive=0.41736 per_step=-0.04971 episode_projection=-24.85
[POLICY_DETAIL] samples=44789 raw_samples=49152 mb=11198 micro_mb=8192 logp_delta_abs=0.11104 old_logp=-125.82198 new_logp=-125.83537 adv_abs=0.56704 sde_steps=4
[TRAIN] mean_reward=-2.59294 mean_len=48.00 recent_eps=100 completed_eps=1910560
[UPDATE_EFFECT] action_delta=0.00871987 param_rms_delta=0.00036130
[TIME] collect=7.039s update=0.284s
[DONE] timeout=0.00000 anchor_pos=0.48059 anchor_ori=0.29846 ee_body=0.57214
[TRACK_ROLLOUT] anchor_pos=0.50041 anchor_ori=0.36231 body_pos=0.60982 body_ori=0.13278 body_lin=0.35721 body_ang=0.05330
[ACT_SUMMARY] abs_mean=0.7697 abs_p95=0.9851 abs_p99=1.1099 abs_max=1.5703 legs=0.8300 waist=0.7073 arms=0.7315
[FRAME_DIAG] frame0_abs=0.7737 frame1_abs=0.7895 in_chunk_delta=0.9165 cross_chunk_delta=0.9564
[UPDATE] 286/500 reward_step=-0.05180 chunk=-0.38279 done_frac=0.10634 mean_reward=-2.50066 mean_len=48.00
[SFPO] loss=1.66139 policy_loss=-0.01970 value_loss=1.68109 ratio=1.0001 [0.197,4.128] clip=0.1557 kl=0.012827 grad=0.6964 grad_c=11.9811 lr=0.000100 critic_lr=0.001000
[ROLLOUT] live=41.96 survive=0.41736 per_step=-0.04994 episode_projection=-24.97
[POLICY_DETAIL] samples=44886 raw_samples=49152 mb=11222 micro_mb=8192 logp_delta_abs=0.10655 old_logp=-125.84139 new_logp=-125.85389 adv_abs=0.57735 sde_steps=4
[TRAIN] mean_reward=-2.50066 mean_len=48.00 recent_eps=100 completed_eps=1915333
[UPDATE_EFFECT] action_delta=0.00845335 param_rms_delta=0.00036083
[TIME] collect=7.306s update=0.277s
[DONE] timeout=0.00000 anchor_pos=0.48035 anchor_ori=0.29688 ee_body=0.57324
[TRACK_ROLLOUT] anchor_pos=0.49778 anchor_ori=0.36314 body_pos=0.60713 body_ori=0.13291 body_lin=0.35650 body_ang=0.05316
[ACT_SUMMARY] abs_mean=0.7703 abs_p95=0.9856 abs_p99=1.1094 abs_max=1.5143 legs=0.8305 waist=0.7092 arms=0.7319
[FRAME_DIAG] frame0_abs=0.7737 frame1_abs=0.7901 in_chunk_delta=0.9172 cross_chunk_delta=0.9562
[UPDATE] 287/500 reward_step=-0.05150 chunk=-0.38065 done_frac=0.10651 mean_reward=-2.59284 mean_len=48.00
[SFPO] loss=1.67338 policy_loss=-0.01902 value_loss=1.69239 ratio=1.0003 [0.214,5.067] clip=0.1584 kl=0.013164 grad=0.6931 grad_c=12.6951 lr=0.000100 critic_lr=0.001000
[ROLLOUT] live=41.97 survive=0.41638 per_step=-0.04967 episode_projection=-24.84
[POLICY_DETAIL] samples=44886 raw_samples=49152 mb=11222 micro_mb=8192 logp_delta_abs=0.10796 old_logp=-125.85062 new_logp=-125.86331 adv_abs=0.57240 sde_steps=4
[TRAIN] mean_reward=-2.59284 mean_len=48.00 recent_eps=100 completed_eps=1920114
[UPDATE_EFFECT] action_delta=0.00821602 param_rms_delta=0.00036300
[TIME] collect=7.344s update=0.276s
[DONE] timeout=0.00000 anchor_pos=0.47839 anchor_ori=0.30090 ee_body=0.57434
[TRACK_ROLLOUT] anchor_pos=0.50361 anchor_ori=0.36565 body_pos=0.61139 body_ori=0.13287 body_lin=0.35839 body_ang=0.05378
[ACT_SUMMARY] abs_mean=0.7706 abs_p95=0.9852 abs_p99=1.1112 abs_max=1.5309 legs=0.8320 waist=0.7075 arms=0.7314
[FRAME_DIAG] frame0_abs=0.7748 frame1_abs=0.7914 in_chunk_delta=0.9167 cross_chunk_delta=0.9536
[UPDATE] 288/500 reward_step=-0.05183 chunk=-0.38372 done_frac=0.10277 mean_reward=-2.58011 mean_len=48.00
[SFPO] loss=1.75244 policy_loss=-0.02228 value_loss=1.77471 ratio=1.0005 [0.167,4.279] clip=0.1605 kl=0.013213 grad=0.6709 grad_c=13.7037 lr=0.000100 critic_lr=0.001000
[ROLLOUT] live=42.12 survive=0.43579 per_step=-0.04995 episode_projection=-24.97
[POLICY_DETAIL] samples=44973 raw_samples=49152 mb=11244 micro_mb=8192 logp_delta_abs=0.10819 old_logp=-125.83132 new_logp=-125.84381 adv_abs=0.56377 sde_steps=4
[TRAIN] mean_reward=-2.58011 mean_len=48.00 recent_eps=100 completed_eps=1924736
[UPDATE_EFFECT] action_delta=0.00860618 param_rms_delta=0.00035880
[TIME] collect=7.156s update=0.280s
[DONE] timeout=0.00000 anchor_pos=0.46521 anchor_ori=0.28687 ee_body=0.55408
[TRACK_ROLLOUT] anchor_pos=0.49566 anchor_ori=0.36314 body_pos=0.60619 body_ori=0.13324 body_lin=0.35720 body_ang=0.05335
[ACT_SUMMARY] abs_mean=0.7708 abs_p95=0.9869 abs_p99=1.1115 abs_max=1.5674 legs=0.8315 waist=0.7087 arms=0.7321
[FRAME_DIAG] frame0_abs=0.7738 frame1_abs=0.7915 in_chunk_delta=0.9168 cross_chunk_delta=0.9543
[UPDATE] 289/500 reward_step=-0.05168 chunk=-0.38243 done_frac=0.10419 mean_reward=-2.51179 mean_len=48.00
[SFPO] loss=1.71269 policy_loss=-0.02139 value_loss=1.73409 ratio=1.0004 [0.166,4.112] clip=0.1587 kl=0.013132 grad=0.6993 grad_c=18.1573 lr=0.000100 critic_lr=0.001000
[ROLLOUT] live=42.17 survive=0.42700 per_step=-0.04983 episode_projection=-24.91
[POLICY_DETAIL] samples=45051 raw_samples=49152 mb=11263 micro_mb=8192 logp_delta_abs=0.10779 old_logp=-125.81527 new_logp=-125.82777 adv_abs=0.57001 sde_steps=4
[TRAIN] mean_reward=-2.51179 mean_len=48.00 recent_eps=100 completed_eps=1929430
[UPDATE_EFFECT] action_delta=0.00826318 param_rms_delta=0.00036232
[TIME] collect=7.337s update=0.283s
[DONE] timeout=0.00000 anchor_pos=0.46228 anchor_ori=0.28381 ee_body=0.56311
[TRACK_ROLLOUT] anchor_pos=0.49976 anchor_ori=0.36067 body_pos=0.60845 body_ori=0.13248 body_lin=0.35845 body_ang=0.05343
[ACT_SUMMARY] abs_mean=0.7716 abs_p95=0.9880 abs_p99=1.1113 abs_max=1.5246 legs=0.8325 waist=0.7094 arms=0.7326
[FRAME_DIAG] frame0_abs=0.7754 frame1_abs=0.7921 in_chunk_delta=0.9168 cross_chunk_delta=0.9571
[UPDATE] 290/500 reward_step=-0.05164 chunk=-0.38144 done_frac=0.10578 mean_reward=-2.51991 mean_len=48.00
[SFPO] loss=1.71903 policy_loss=-0.02285 value_loss=1.74187 ratio=1.0009 [0.165,4.875] clip=0.1595 kl=0.013335 grad=0.7352 grad_c=24.0836 lr=0.000100 critic_lr=0.001000
[ROLLOUT] live=42.06 survive=0.41870 per_step=-0.04979 episode_projection=-24.89
[POLICY_DETAIL] samples=45020 raw_samples=49152 mb=11255 micro_mb=8192 logp_delta_abs=0.10806 old_logp=-125.85796 new_logp=-125.87020 adv_abs=0.55736 sde_steps=4
[TRAIN] mean_reward=-2.51991 mean_len=48.00 recent_eps=100 completed_eps=1934192
[UPDATE_EFFECT] action_delta=0.00837305 param_rms_delta=0.00035903
[TIME] collect=7.080s update=0.288s
[DONE] timeout=0.00000 anchor_pos=0.46899 anchor_ori=0.29114 ee_body=0.57141
[TRACK_ROLLOUT] anchor_pos=0.49755 anchor_ori=0.36346 body_pos=0.60799 body_ori=0.13218 body_lin=0.35615 body_ang=0.05317
[ACT_SUMMARY] abs_mean=0.7707 abs_p95=0.9866 abs_p99=1.1101 abs_max=1.5346 legs=0.8318 waist=0.7086 arms=0.7317
[FRAME_DIAG] frame0_abs=0.7746 frame1_abs=0.7908 in_chunk_delta=0.9163 cross_chunk_delta=0.9559
[UPDATE] 291/500 reward_step=-0.05159 chunk=-0.38115 done_frac=0.10558 mean_reward=-2.58274 mean_len=48.00
[SFPO] loss=1.99730 policy_loss=-0.02048 value_loss=2.01778 ratio=1.0001 [0.168,4.277] clip=0.1686 kl=0.014241 grad=0.8038 grad_c=53.4088 lr=0.000100 critic_lr=0.001000
[ROLLOUT] live=42.09 survive=0.41956 per_step=-0.04974 episode_projection=-24.87
[POLICY_DETAIL] samples=45036 raw_samples=49152 mb=11259 micro_mb=8192 logp_delta_abs=0.11192 old_logp=-125.81352 new_logp=-125.82738 adv_abs=0.57517 sde_steps=4
[TRAIN] mean_reward=-2.58274 mean_len=48.00 recent_eps=100 completed_eps=1938947
[UPDATE_EFFECT] action_delta=0.00830031 param_rms_delta=0.00035878
[TIME] collect=7.162s update=0.276s
[DONE] timeout=0.00000 anchor_pos=0.47900 anchor_ori=0.29407 ee_body=0.56860
[TRACK_ROLLOUT] anchor_pos=0.50010 anchor_ori=0.36480 body_pos=0.60932 body_ori=0.13283 body_lin=0.35703 body_ang=0.05342
[ACT_SUMMARY] abs_mean=0.7717 abs_p95=0.9881 abs_p99=1.1117 abs_max=1.5746 legs=0.8330 waist=0.7092 arms=0.7326
[FRAME_DIAG] frame0_abs=0.7743 frame1_abs=0.7931 in_chunk_delta=0.9167 cross_chunk_delta=0.9546
[UPDATE] 292/500 reward_step=-0.05168 chunk=-0.38208 done_frac=0.10490 mean_reward=-2.57940 mean_len=48.00
[SFPO] loss=1.96978 policy_loss=-0.01950 value_loss=1.98928 ratio=1.0001 [0.208,5.287] clip=0.1570 kl=0.013125 grad=0.8010 grad_c=23.3495 lr=0.000100 critic_lr=0.001000
[ROLLOUT] live=42.01 survive=0.42468 per_step=-0.04982 episode_projection=-24.91
[POLICY_DETAIL] samples=44927 raw_samples=49152 mb=11232 micro_mb=8192 logp_delta_abs=0.10790 old_logp=-125.86748 new_logp=-125.88030 adv_abs=0.58643 sde_steps=4
[TRAIN] mean_reward=-2.57940 mean_len=48.00 recent_eps=100 completed_eps=1943660
[UPDATE_EFFECT] action_delta=0.00796078 param_rms_delta=0.00036384
[TIME] collect=7.453s update=0.278s
[DONE] timeout=0.00000 anchor_pos=0.46936 anchor_ori=0.29785 ee_body=0.56396
[TRACK_ROLLOUT] anchor_pos=0.49936 anchor_ori=0.36228 body_pos=0.60895 body_ori=0.13232 body_lin=0.35698 body_ang=0.05315
[ACT_SUMMARY] abs_mean=0.7720 abs_p95=0.9862 abs_p99=1.1092 abs_max=1.6801 legs=0.8337 waist=0.7104 arms=0.7324
[FRAME_DIAG] frame0_abs=0.7752 frame1_abs=0.7929 in_chunk_delta=0.9167 cross_chunk_delta=0.9567
[UPDATE] 293/500 reward_step=-0.05158 chunk=-0.38140 done_frac=0.10589 mean_reward=-2.60160 mean_len=48.00
[SFPO] loss=1.79665 policy_loss=-0.02148 value_loss=1.81813 ratio=0.9998 [0.188,6.512] clip=0.1575 kl=0.013090 grad=0.7195 grad_c=12.5326 lr=0.000100 critic_lr=0.001000
[ROLLOUT] live=41.98 survive=0.41992 per_step=-0.04972 episode_projection=-24.86
[POLICY_DETAIL] samples=44878 raw_samples=49152 mb=11220 micro_mb=8192 logp_delta_abs=0.10818 old_logp=-125.83380 new_logp=-125.84684 adv_abs=0.57067 sde_steps=4
[TRAIN] mean_reward=-2.60160 mean_len=48.00 recent_eps=100 completed_eps=1948412
[UPDATE_EFFECT] action_delta=0.00790162 param_rms_delta=0.00035721
[TIME] collect=7.199s update=0.274s
[DONE] timeout=0.00000 anchor_pos=0.47827 anchor_ori=0.29639 ee_body=0.56921
[TRACK_ROLLOUT] anchor_pos=0.50078 anchor_ori=0.36371 body_pos=0.60893 body_ori=0.13289 body_lin=0.35697 body_ang=0.05322
[ACT_SUMMARY] abs_mean=0.7722 abs_p95=0.9877 abs_p99=1.1117 abs_max=1.5454 legs=0.8340 waist=0.7096 arms=0.7326
[FRAME_DIAG] frame0_abs=0.7758 frame1_abs=0.7935 in_chunk_delta=0.9159 cross_chunk_delta=0.9571
[UPDATE] 294/500 reward_step=-0.05166 chunk=-0.38202 done_frac=0.10398 mean_reward=-2.52016 mean_len=48.00
[SFPO] loss=1.88191 policy_loss=-0.02216 value_loss=1.90407 ratio=1.0003 [0.184,5.630] clip=0.1606 kl=0.013578 grad=0.7331 grad_c=18.1492 lr=0.000100 critic_lr=0.001000
[ROLLOUT] live=42.19 survive=0.42761 per_step=-0.04982 episode_projection=-24.91
[POLICY_DETAIL] samples=45097 raw_samples=49152 mb=11275 micro_mb=8192 logp_delta_abs=0.10911 old_logp=-125.85084 new_logp=-125.86387 adv_abs=0.56288 sde_steps=4
[TRAIN] mean_reward=-2.52016 mean_len=48.00 recent_eps=100 completed_eps=1953101
[UPDATE_EFFECT] action_delta=0.00856414 param_rms_delta=0.00035626
[TIME] collect=7.278s update=0.279s
[DONE] timeout=0.00000 anchor_pos=0.47339 anchor_ori=0.29395 ee_body=0.56091
[TRACK_ROLLOUT] anchor_pos=0.50048 anchor_ori=0.36249 body_pos=0.60960 body_ori=0.13127 body_lin=0.35558 body_ang=0.05272
[ACT_SUMMARY] abs_mean=0.7727 abs_p95=0.9876 abs_p99=1.1098 abs_max=1.5721 legs=0.8345 waist=0.7101 arms=0.7331
[FRAME_DIAG] frame0_abs=0.7766 frame1_abs=0.7940 in_chunk_delta=0.9169 cross_chunk_delta=0.9551
[UPDATE] 295/500 reward_step=-0.05185 chunk=-0.38364 done_frac=0.10274 mean_reward=-2.46299 mean_len=48.00
[SFPO] loss=1.72502 policy_loss=-0.02105 value_loss=1.74607 ratio=0.9997 [0.227,4.634] clip=0.1606 kl=0.013417 grad=0.7717 grad_c=18.8116 lr=0.000100 critic_lr=0.001000
[ROLLOUT] live=42.28 survive=0.43347 per_step=-0.05002 episode_projection=-25.01
[POLICY_DETAIL] samples=45174 raw_samples=49152 mb=11294 micro_mb=8192 logp_delta_abs=0.10924 old_logp=-125.83141 new_logp=-125.84485 adv_abs=0.57223 sde_steps=4
[TRAIN] mean_reward=-2.46299 mean_len=48.00 recent_eps=100 completed_eps=1957742
[UPDATE_EFFECT] action_delta=0.00829293 param_rms_delta=0.00035869
[TIME] collect=7.251s update=0.292s
[DONE] timeout=0.00000 anchor_pos=0.47168 anchor_ori=0.28833 ee_body=0.55640
[TRACK_ROLLOUT] anchor_pos=0.49600 anchor_ori=0.36066 body_pos=0.60521 body_ori=0.13199 body_lin=0.35653 body_ang=0.05326
[ACT_SUMMARY] abs_mean=0.7730 abs_p95=0.9886 abs_p99=1.1127 abs_max=1.5738 legs=0.8348 waist=0.7106 arms=0.7333
[FRAME_DIAG] frame0_abs=0.7758 frame1_abs=0.7938 in_chunk_delta=0.9162 cross_chunk_delta=0.9564
[UPDATE] 296/500 reward_step=-0.05148 chunk=-0.38070 done_frac=0.10238 mean_reward=-2.56551 mean_len=48.00
[SFPO] loss=1.94794 policy_loss=-0.02002 value_loss=1.96796 ratio=1.0006 [0.200,5.377] clip=0.1569 kl=0.013033 grad=0.7412 grad_c=13.8450 lr=0.000100 critic_lr=0.001000
[ROLLOUT] live=42.30 survive=0.43481 per_step=-0.04965 episode_projection=-24.83
[POLICY_DETAIL] samples=45222 raw_samples=49152 mb=11306 micro_mb=8192 logp_delta_abs=0.10738 old_logp=-125.84867 new_logp=-125.86090 adv_abs=0.57014 sde_steps=4
[TRAIN] mean_reward=-2.56551 mean_len=48.00 recent_eps=100 completed_eps=1962372
[UPDATE_EFFECT] action_delta=0.00849235 param_rms_delta=0.00036076
[TIME] collect=7.279s update=0.280s
[DONE] timeout=0.00000 anchor_pos=0.46179 anchor_ori=0.28564 ee_body=0.55371
[TRACK_ROLLOUT] anchor_pos=0.50162 anchor_ori=0.36310 body_pos=0.61189 body_ori=0.13224 body_lin=0.35736 body_ang=0.05314
[ACT_SUMMARY] abs_mean=0.7722 abs_p95=0.9874 abs_p99=1.1101 abs_max=1.5044 legs=0.8347 waist=0.7091 arms=0.7321
[FRAME_DIAG] frame0_abs=0.7764 frame1_abs=0.7953 in_chunk_delta=0.9159 cross_chunk_delta=0.9569
[UPDATE] 297/500 reward_step=-0.05171 chunk=-0.38277 done_frac=0.10205 mean_reward=-2.51717 mean_len=48.00
[SFPO] loss=2.00038 policy_loss=-0.02141 value_loss=2.02179 ratio=1.0006 [0.200,6.377] clip=0.1569 kl=0.012992 grad=0.6958 grad_c=22.4447 lr=0.000100 critic_lr=0.001000
[ROLLOUT] live=42.24 survive=0.43799 per_step=-0.04986 episode_projection=-24.93
[POLICY_DETAIL] samples=45115 raw_samples=49152 mb=11279 micro_mb=8192 logp_delta_abs=0.10773 old_logp=-125.79938 new_logp=-125.81159 adv_abs=0.56429 sde_steps=4
[TRAIN] mean_reward=-2.51717 mean_len=48.00 recent_eps=100 completed_eps=1966976
[UPDATE_EFFECT] action_delta=0.00800455 param_rms_delta=0.00035782
[TIME] collect=7.361s update=0.282s
[DONE] timeout=0.00000 anchor_pos=0.46143 anchor_ori=0.28564 ee_body=0.55261
[TRACK_ROLLOUT] anchor_pos=0.49643 anchor_ori=0.36333 body_pos=0.60650 body_ori=0.13232 body_lin=0.35727 body_ang=0.05308
[ACT_SUMMARY] abs_mean=0.7732 abs_p95=0.9898 abs_p99=1.1139 abs_max=1.5296 legs=0.8351 waist=0.7102 arms=0.7336
[FRAME_DIAG] frame0_abs=0.7767 frame1_abs=0.7949 in_chunk_delta=0.9163 cross_chunk_delta=0.9565
[UPDATE] 298/500 reward_step=-0.05161 chunk=-0.38215 done_frac=0.10245 mean_reward=-2.54114 mean_len=48.00
[SFPO] loss=1.82964 policy_loss=-0.01922 value_loss=1.84886 ratio=0.9998 [0.200,5.408] clip=0.1633 kl=0.013640 grad=0.7631 grad_c=11.5585 lr=0.000100 critic_lr=0.001000
[ROLLOUT] live=42.34 survive=0.43469 per_step=-0.04978 episode_projection=-24.89
[POLICY_DETAIL] samples=45201 raw_samples=49152 mb=11301 micro_mb=8192 logp_delta_abs=0.11002 old_logp=-125.81474 new_logp=-125.82835 adv_abs=0.57195 sde_steps=4
[TRAIN] mean_reward=-2.54114 mean_len=48.00 recent_eps=100 completed_eps=1971607
[UPDATE_EFFECT] action_delta=0.00826002 param_rms_delta=0.00036077
[TIME] collect=7.397s update=0.282s
[DONE] timeout=0.00000 anchor_pos=0.46667 anchor_ori=0.28467 ee_body=0.55518
[TRACK_ROLLOUT] anchor_pos=0.50007 anchor_ori=0.36508 body_pos=0.60873 body_ori=0.13281 body_lin=0.35925 body_ang=0.05368
[ACT_SUMMARY] abs_mean=0.7742 abs_p95=0.9918 abs_p99=1.1159 abs_max=1.5357 legs=0.8376 waist=0.7102 arms=0.7336
[FRAME_DIAG] frame0_abs=0.7785 frame1_abs=0.7969 in_chunk_delta=0.9164 cross_chunk_delta=0.9561
[UPDATE] 299/500 reward_step=-0.05157 chunk=-0.38192 done_frac=0.10199 mean_reward=-2.55365 mean_len=48.00
[SFPO] loss=1.88500 policy_loss=-0.01838 value_loss=1.90338 ratio=1.0003 [0.205,4.448] clip=0.1619 kl=0.013584 grad=0.7931 grad_c=26.7440 lr=0.000100 critic_lr=0.001000
[ROLLOUT] live=42.37 survive=0.43689 per_step=-0.04975 episode_projection=-24.87
[POLICY_DETAIL] samples=45230 raw_samples=49152 mb=11308 micro_mb=8192 logp_delta_abs=0.10941 old_logp=-125.87325 new_logp=-125.88632 adv_abs=0.57875 sde_steps=4
[TRAIN] mean_reward=-2.55365 mean_len=48.00 recent_eps=100 completed_eps=1976220
[UPDATE_EFFECT] action_delta=0.00806468 param_rms_delta=0.00036046
[TIME] collect=6.836s update=0.281s
[DONE] timeout=0.00000 anchor_pos=0.46167 anchor_ori=0.28137 ee_body=0.55237
[TRACK_ROLLOUT] anchor_pos=0.49750 anchor_ori=0.36569 body_pos=0.60912 body_ori=0.13159 body_lin=0.35640 body_ang=0.05308
[ACT_SUMMARY] abs_mean=0.7729 abs_p95=0.9892 abs_p99=1.1128 abs_max=1.5185 legs=0.8359 waist=0.7082 arms=0.7327
[FRAME_DIAG] frame0_abs=0.7770 frame1_abs=0.7967 in_chunk_delta=0.9156 cross_chunk_delta=0.9544
[UPDATE] 300/500 reward_step=-0.05148 chunk=-0.38139 done_frac=0.10031 mean_reward=-2.53186 mean_len=48.00
[SFPO] loss=1.68940 policy_loss=-0.02047 value_loss=1.70986 ratio=1.0006 [0.200,6.055] clip=0.1568 kl=0.013154 grad=0.7225 grad_c=10.7032 lr=0.000100 critic_lr=0.001000
[ROLLOUT] live=42.43 survive=0.44568 per_step=-0.04968 episode_projection=-24.84
[POLICY_DETAIL] samples=45271 raw_samples=49152 mb=11318 micro_mb=8192 logp_delta_abs=0.10733 old_logp=-125.85842 new_logp=-125.87079 adv_abs=0.57576 sde_steps=4
[TRAIN] mean_reward=-2.53186 mean_len=48.00 recent_eps=100 completed_eps=1980761
[UPDATE_EFFECT] action_delta=0.00849354 param_rms_delta=0.00036087
[TIME] collect=7.308s update=0.278s
[DONE] timeout=0.00000 anchor_pos=0.45679 anchor_ori=0.28638 ee_body=0.54504
[TRACK_ROLLOUT] anchor_pos=0.49887 anchor_ori=0.36365 body_pos=0.60891 body_ori=0.13104 body_lin=0.35790 body_ang=0.05298
[ACT_SUMMARY] abs_mean=0.7725 abs_p95=0.9880 abs_p99=1.1108 abs_max=1.5709 legs=0.8349 waist=0.7089 arms=0.7326
[FRAME_DIAG] frame0_abs=0.7767 frame1_abs=0.7958 in_chunk_delta=0.9159 cross_chunk_delta=0.9551
[VALIDATION_START] update=300 max_steps=500 envs=8192 fixed_seed=disabled
[VALIDATION_RESET_START]
[VALIDATION_RESET_DONE] time=0.005s
[VALIDATION_PROGRESS] step=1/500 done=0.00000 alive=1.00000 elapsed=0.197s
[VALIDATION_PROGRESS] step=50/500 done=0.02588 alive=0.97412 elapsed=7.011s
[VALIDATION_EARLY_STOP] step=69 done_frac=0.9823
[VALIDATION_DONE] update=300 time=9.651s
[VAL] steps_mean=67.38 steps_min=21 steps_p50=68 steps_p95=69 steps_max=69 fail_phase_mean=66.4 return=1.39841 done=0.98230
[VAL_EE] left_ankle_bad=0.01777 left_ankle_z=0.08601 right_ankle_bad=0.00634 right_ankle_z=0.09168 left_wrist_bad=0.77370 left_wrist_z=0.23802 right_wrist_bad=0.33093 right_wrist_z=0.22063
[VAL_CAUSE] anchor_pos_bad=0.04785 anchor_ori_bad=0.00391 ee_body_bad=0.94104 time_out=0.00000 anchor_z=0.46835 anchor_grav=0.28585 ee_z_max=0.25402 ee_z_mean=0.15908
[VAL_WALL] alive@850=0.0177 motion_complete=0.0000 wrist_fail_825_840=0.0000 steps_p50=68
[CHECKPOINT] saved /home/y/my_mimic_mixgrpo/my_mimic_mixgrpo_h1/runs/sfpo_largebox_500_h8_firstlife_v1/checkpoints/update_0300.pt
[UPDATE] 301/500 reward_step=-0.05143 chunk=-0.38062 done_frac=0.10156 mean_reward=-2.53004 mean_len=48.00
[SFPO] loss=1.77400 policy_loss=-0.01930 value_loss=1.79330 ratio=1.0001 [0.083,5.257] clip=0.1582 kl=0.013272 grad=0.7551 grad_c=12.3941 lr=0.000100 critic_lr=0.001000
[ROLLOUT] live=42.45 survive=0.43787 per_step=-0.04962 episode_projection=-24.81
[POLICY_DETAIL] samples=45342 raw_samples=49152 mb=11336 micro_mb=8192 logp_delta_abs=0.10818 old_logp=-125.79007 new_logp=-125.80303 adv_abs=0.55803 sde_steps=4
[TRAIN] mean_reward=-2.53004 mean_len=48.00 recent_eps=100 completed_eps=1985366
[UPDATE_EFFECT] action_delta=0.00838058 param_rms_delta=0.00035562
[TIME] collect=7.412s update=0.280s
[DONE] timeout=0.00000 anchor_pos=0.46497 anchor_ori=0.28333 ee_body=0.55273
[TRACK_ROLLOUT] anchor_pos=0.50148 anchor_ori=0.36510 body_pos=0.61129 body_ori=0.13296 body_lin=0.35795 body_ang=0.05333
[ACT_SUMMARY] abs_mean=0.7739 abs_p95=0.9914 abs_p99=1.1169 abs_max=1.5111 legs=0.8370 waist=0.7089 arms=0.7337
[FRAME_DIAG] frame0_abs=0.7781 frame1_abs=0.7969 in_chunk_delta=0.9161 cross_chunk_delta=0.9550
[UPDATE] 302/500 reward_step=-0.05157 chunk=-0.38211 done_frac=0.10048 mean_reward=-2.58789 mean_len=48.00
[SFPO] loss=1.67843 policy_loss=-0.01866 value_loss=1.69709 ratio=1.0001 [0.146,4.447] clip=0.1607 kl=0.013407 grad=0.7164 grad_c=12.1314 lr=0.000100 critic_lr=0.001000
[ROLLOUT] live=42.42 survive=0.44495 per_step=-0.04974 episode_projection=-24.87
[POLICY_DETAIL] samples=45254 raw_samples=49152 mb=11314 micro_mb=8192 logp_delta_abs=0.10860 old_logp=-125.87742 new_logp=-125.89048 adv_abs=0.57356 sde_steps=4
[TRAIN] mean_reward=-2.58789 mean_len=48.00 recent_eps=100 completed_eps=1989913
[UPDATE_EFFECT] action_delta=0.00776327 param_rms_delta=0.00035690
[TIME] collect=7.205s update=0.281s
[DONE] timeout=0.00000 anchor_pos=0.46008 anchor_ori=0.28357 ee_body=0.54443
[TRACK_ROLLOUT] anchor_pos=0.49898 anchor_ori=0.36810 body_pos=0.60761 body_ori=0.13232 body_lin=0.35788 body_ang=0.05305
[ACT_SUMMARY] abs_mean=0.7741 abs_p95=0.9909 abs_p99=1.1134 abs_max=1.5666 legs=0.8372 waist=0.7095 arms=0.7339
[FRAME_DIAG] frame0_abs=0.7773 frame1_abs=0.7971 in_chunk_delta=0.9164 cross_chunk_delta=0.9544
[UPDATE] 303/500 reward_step=-0.05164 chunk=-0.38257 done_frac=0.09937 mean_reward=-2.54893 mean_len=48.00
[SFPO] loss=1.72490 policy_loss=-0.02032 value_loss=1.74522 ratio=1.0004 [0.199,3.951] clip=0.1570 kl=0.012864 grad=0.7245 grad_c=22.6420 lr=0.000100 critic_lr=0.001000
[ROLLOUT] live=42.49 survive=0.45007 per_step=-0.04981 episode_projection=-24.91
[POLICY_DETAIL] samples=45335 raw_samples=49152 mb=11334 micro_mb=8192 logp_delta_abs=0.10700 old_logp=-125.84570 new_logp=-125.85795 adv_abs=0.56852 sde_steps=4
[TRAIN] mean_reward=-2.54893 mean_len=48.00 recent_eps=100 completed_eps=1994418
[UPDATE_EFFECT] action_delta=0.00827478 param_rms_delta=0.00035559
[TIME] collect=7.181s update=0.278s
[DONE] timeout=0.00000 anchor_pos=0.45605 anchor_ori=0.27588 ee_body=0.53918
[TRACK_ROLLOUT] anchor_pos=0.49621 anchor_ori=0.36791 body_pos=0.60654 body_ori=0.13238 body_lin=0.35766 body_ang=0.05310
[ACT_SUMMARY] abs_mean=0.7741 abs_p95=0.9914 abs_p99=1.1139 abs_max=1.5061 legs=0.8366 waist=0.7111 arms=0.7340
[FRAME_DIAG] frame0_abs=0.7778 frame1_abs=0.7977 in_chunk_delta=0.9159 cross_chunk_delta=0.9560
[UPDATE] 304/500 reward_step=-0.05159 chunk=-0.38215 done_frac=0.10198 mean_reward=-2.55383 mean_len=48.00
[SFPO] loss=1.75822 policy_loss=-0.02021 value_loss=1.77843 ratio=0.9998 [0.173,5.073] clip=0.1595 kl=0.013245 grad=0.7705 grad_c=10.9344 lr=0.000100 critic_lr=0.001000
[ROLLOUT] live=42.36 survive=0.43726 per_step=-0.04978 episode_projection=-24.89
[POLICY_DETAIL] samples=45205 raw_samples=49152 mb=11302 micro_mb=8192 logp_delta_abs=0.10816 old_logp=-125.86715 new_logp=-125.88039 adv_abs=0.56394 sde_steps=4
[TRAIN] mean_reward=-2.55383 mean_len=48.00 recent_eps=100 completed_eps=1999028
[UPDATE_EFFECT] action_delta=0.00800521 param_rms_delta=0.00035497
[TIME] collect=7.251s update=0.284s
[DONE] timeout=0.00000 anchor_pos=0.46521 anchor_ori=0.28748 ee_body=0.54993
[TRACK_ROLLOUT] anchor_pos=0.50238 anchor_ori=0.36542 body_pos=0.61032 body_ori=0.13234 body_lin=0.35850 body_ang=0.05339
[ACT_SUMMARY] abs_mean=0.7755 abs_p95=0.9932 abs_p99=1.1171 abs_max=1.5712 legs=0.8395 waist=0.7104 arms=0.7346
[FRAME_DIAG] frame0_abs=0.7788 frame1_abs=0.7997 in_chunk_delta=0.9164 cross_chunk_delta=0.9563
[UPDATE] 305/500 reward_step=-0.05141 chunk=-0.38059 done_frac=0.10187 mean_reward=-2.55537 mean_len=48.00
[SFPO] loss=1.74444 policy_loss=-0.02186 value_loss=1.76630 ratio=1.0005 [0.183,4.361] clip=0.1609 kl=0.013300 grad=0.7458 grad_c=12.2509 lr=0.000100 critic_lr=0.001000
[ROLLOUT] live=42.39 survive=0.43701 per_step=-0.04961 episode_projection=-24.80
[POLICY_DETAIL] samples=45272 raw_samples=49152 mb=11318 micro_mb=8192 logp_delta_abs=0.10879 old_logp=-125.81190 new_logp=-125.82444 adv_abs=0.56408 sde_steps=4
[TRAIN] mean_reward=-2.55537 mean_len=48.00 recent_eps=100 completed_eps=2003640
[UPDATE_EFFECT] action_delta=0.00843348 param_rms_delta=0.00035489
[TIME] collect=7.220s update=0.286s
[DONE] timeout=0.00000 anchor_pos=0.46411 anchor_ori=0.28308 ee_body=0.55164
[TRACK_ROLLOUT] anchor_pos=0.50298 anchor_ori=0.36583 body_pos=0.61090 body_ori=0.13157 body_lin=0.35794 body_ang=0.05325
[ACT_SUMMARY] abs_mean=0.7745 abs_p95=0.9925 abs_p99=1.1172 abs_max=1.5512 legs=0.8386 waist=0.7104 arms=0.7332
[FRAME_DIAG] frame0_abs=0.7778 frame1_abs=0.7980 in_chunk_delta=0.9156 cross_chunk_delta=0.9550
[UPDATE] 306/500 reward_step=-0.05182 chunk=-0.38392 done_frac=0.10063 mean_reward=-2.60141 mean_len=48.00
[SFPO] loss=1.86171 policy_loss=-0.01936 value_loss=1.88107 ratio=1.0000 [0.150,4.528] clip=0.1582 kl=0.013216 grad=0.7061 grad_c=20.5233 lr=0.000100 critic_lr=0.001000
[ROLLOUT] live=42.36 survive=0.44482 per_step=-0.05001 episode_projection=-25.00
[POLICY_DETAIL] samples=45194 raw_samples=49152 mb=11299 micro_mb=8192 logp_delta_abs=0.10785 old_logp=-125.84407 new_logp=-125.85705 adv_abs=0.56175 sde_steps=4
[TRAIN] mean_reward=-2.60141 mean_len=48.00 recent_eps=100 completed_eps=2008188
[UPDATE_EFFECT] action_delta=0.00838319 param_rms_delta=0.00035562
[TIME] collect=7.197s update=0.278s
[DONE] timeout=0.00000 anchor_pos=0.46008 anchor_ori=0.28857 ee_body=0.54431
[TRACK_ROLLOUT] anchor_pos=0.49641 anchor_ori=0.36096 body_pos=0.60519 body_ori=0.13057 body_lin=0.35697 body_ang=0.05255
[ACT_SUMMARY] abs_mean=0.7750 abs_p95=0.9928 abs_p99=1.1158 abs_max=1.5519 legs=0.8388 waist=0.7116 arms=0.7340
[FRAME_DIAG] frame0_abs=0.7773 frame1_abs=0.7979 in_chunk_delta=0.9162 cross_chunk_delta=0.9568
[UPDATE] 307/500 reward_step=-0.05163 chunk=-0.38250 done_frac=0.10114 mean_reward=-2.62660 mean_len=48.00
[SFPO] loss=1.84841 policy_loss=-0.02062 value_loss=1.86903 ratio=1.0005 [0.167,3.936] clip=0.1632 kl=0.013672 grad=0.7242 grad_c=24.2246 lr=0.000100 critic_lr=0.001000
[ROLLOUT] live=42.39 survive=0.44153 per_step=-0.04984 episode_projection=-24.92
[POLICY_DETAIL] samples=45235 raw_samples=49152 mb=11309 micro_mb=8192 logp_delta_abs=0.10977 old_logp=-125.82397 new_logp=-125.83687 adv_abs=0.56597 sde_steps=4
[TRAIN] mean_reward=-2.62660 mean_len=48.00 recent_eps=100 completed_eps=2012763
[UPDATE_EFFECT] action_delta=0.00865144 param_rms_delta=0.00035859
[TIME] collect=7.235s update=0.290s
[DONE] timeout=0.00000 anchor_pos=0.46545 anchor_ori=0.28015 ee_body=0.54846
[TRACK_ROLLOUT] anchor_pos=0.49967 anchor_ori=0.36616 body_pos=0.60816 body_ori=0.13191 body_lin=0.35827 body_ang=0.05322
[ACT_SUMMARY] abs_mean=0.7756 abs_p95=0.9950 abs_p99=1.1190 abs_max=1.5974 legs=0.8392 waist=0.7111 arms=0.7349
[FRAME_DIAG] frame0_abs=0.7776 frame1_abs=0.7998 in_chunk_delta=0.9157 cross_chunk_delta=0.9573
[UPDATE] 308/500 reward_step=-0.05145 chunk=-0.38134 done_frac=0.10018 mean_reward=-2.53444 mean_len=48.00
[SFPO] loss=1.87075 policy_loss=-0.02257 value_loss=1.89332 ratio=1.0003 [0.191,4.254] clip=0.1572 kl=0.012957 grad=0.7162 grad_c=23.2326 lr=0.000100 critic_lr=0.001000
[ROLLOUT] live=42.46 survive=0.44629 per_step=-0.04965 episode_projection=-24.83
[POLICY_DETAIL] samples=45280 raw_samples=49152 mb=11320 micro_mb=8192 logp_delta_abs=0.10730 old_logp=-125.81526 new_logp=-125.82768 adv_abs=0.56164 sde_steps=4
[TRAIN] mean_reward=-2.53444 mean_len=48.00 recent_eps=100 completed_eps=2017299
[UPDATE_EFFECT] action_delta=0.00847001 param_rms_delta=0.00035303
[TIME] collect=7.316s update=0.286s
[DONE] timeout=0.00000 anchor_pos=0.45703 anchor_ori=0.28125 ee_body=0.54309
[TRACK_ROLLOUT] anchor_pos=0.50292 anchor_ori=0.36747 body_pos=0.60890 body_ori=0.13176 body_lin=0.35935 body_ang=0.05289
[ACT_SUMMARY] abs_mean=0.7753 abs_p95=0.9930 abs_p99=1.1180 abs_max=1.5106 legs=0.8390 waist=0.7106 arms=0.7346
[FRAME_DIAG] frame0_abs=0.7784 frame1_abs=0.7995 in_chunk_delta=0.9159 cross_chunk_delta=0.9561
[UPDATE] 309/500 reward_step=-0.05166 chunk=-0.38270 done_frac=0.10050 mean_reward=-2.56692 mean_len=48.00
[SFPO] loss=1.62385 policy_loss=-0.01993 value_loss=1.64378 ratio=1.0002 [0.184,4.759] clip=0.1605 kl=0.013380 grad=0.7184 grad_c=9.8226 lr=0.000100 critic_lr=0.001000
[ROLLOUT] live=42.56 survive=0.44287 per_step=-0.04988 episode_projection=-24.94
[POLICY_DETAIL] samples=45415 raw_samples=49152 mb=11354 micro_mb=8192 logp_delta_abs=0.10884 old_logp=-125.86695 new_logp=-125.87988 adv_abs=0.56708 sde_steps=4
[TRAIN] mean_reward=-2.56692 mean_len=48.00 recent_eps=100 completed_eps=2021863
[UPDATE_EFFECT] action_delta=0.00836164 param_rms_delta=0.00035549
[TIME] collect=7.230s update=0.288s
[DONE] timeout=0.00000 anchor_pos=0.45935 anchor_ori=0.28125 ee_body=0.54639
[TRACK_ROLLOUT] anchor_pos=0.50146 anchor_ori=0.36623 body_pos=0.60836 body_ori=0.13195 body_lin=0.35737 body_ang=0.05287
[ACT_SUMMARY] abs_mean=0.7763 abs_p95=0.9943 abs_p99=1.1186 abs_max=1.5432 legs=0.8404 waist=0.7120 arms=0.7350
[FRAME_DIAG] frame0_abs=0.7798 frame1_abs=0.8008 in_chunk_delta=0.9163 cross_chunk_delta=0.9572
[UPDATE] 310/500 reward_step=-0.05138 chunk=-0.38105 done_frac=0.09993 mean_reward=-2.47647 mean_len=48.00
[SFPO] loss=1.76215 policy_loss=-0.02151 value_loss=1.78367 ratio=0.9998 [0.156,4.377] clip=0.1610 kl=0.013482 grad=0.7601 grad_c=11.0756 lr=0.000100 critic_lr=0.001000
[ROLLOUT] live=42.55 survive=0.44678 per_step=-0.04959 episode_projection=-24.79
[POLICY_DETAIL] samples=45354 raw_samples=49152 mb=11339 micro_mb=8192 logp_delta_abs=0.10870 old_logp=-125.83625 new_logp=-125.84966 adv_abs=0.56842 sde_steps=4
[TRAIN] mean_reward=-2.47647 mean_len=48.00 recent_eps=100 completed_eps=2026395
[UPDATE_EFFECT] action_delta=0.00838856 param_rms_delta=0.00035244
[TIME] collect=7.317s update=0.309s
[DONE] timeout=0.00000 anchor_pos=0.45618 anchor_ori=0.28528 ee_body=0.54224
[TRACK_ROLLOUT] anchor_pos=0.50254 anchor_ori=0.36825 body_pos=0.61173 body_ori=0.13240 body_lin=0.35831 body_ang=0.05302
[ACT_SUMMARY] abs_mean=0.7759 abs_p95=0.9937 abs_p99=1.1147 abs_max=1.5225 legs=0.8398 waist=0.7107 arms=0.7350
[FRAME_DIAG] frame0_abs=0.7799 frame1_abs=0.8015 in_chunk_delta=0.9157 cross_chunk_delta=0.9556
[UPDATE] 311/500 reward_step=-0.05160 chunk=-0.38243 done_frac=0.10022 mean_reward=-2.62260 mean_len=48.00
[SFPO] loss=1.70503 policy_loss=-0.01945 value_loss=1.72448 ratio=1.0002 [0.184,4.086] clip=0.1626 kl=0.013536 grad=0.7866 grad_c=10.8588 lr=0.000100 critic_lr=0.001000
[ROLLOUT] live=42.50 survive=0.44543 per_step=-0.04980 episode_projection=-24.90
[POLICY_DETAIL] samples=45332 raw_samples=49152 mb=11333 micro_mb=8192 logp_delta_abs=0.10958 old_logp=-125.85020 new_logp=-125.86328 adv_abs=0.58133 sde_steps=4
[TRAIN] mean_reward=-2.62260 mean_len=48.00 recent_eps=100 completed_eps=2030938
[UPDATE_EFFECT] action_delta=0.00848386 param_rms_delta=0.00035552
[TIME] collect=7.255s update=0.280s
[DONE] timeout=0.00000 anchor_pos=0.46362 anchor_ori=0.27966 ee_body=0.54456
[TRACK_ROLLOUT] anchor_pos=0.50013 anchor_ori=0.36834 body_pos=0.60833 body_ori=0.13240 body_lin=0.35899 body_ang=0.05308
[ACT_SUMMARY] abs_mean=0.7764 abs_p95=0.9954 abs_p99=1.1196 abs_max=1.5329 legs=0.8412 waist=0.7100 arms=0.7351
[FRAME_DIAG] frame0_abs=0.7794 frame1_abs=0.8011 in_chunk_delta=0.9162 cross_chunk_delta=0.9564
[UPDATE] 312/500 reward_step=-0.05167 chunk=-0.38305 done_frac=0.09874 mean_reward=-2.55320 mean_len=48.00
[SFPO] loss=1.73590 policy_loss=-0.02210 value_loss=1.75799 ratio=1.0007 [0.160,4.345] clip=0.1607 kl=0.013307 grad=0.7253 grad_c=10.6826 lr=0.000100 critic_lr=0.001000
[ROLLOUT] live=42.69 survive=0.45129 per_step=-0.04987 episode_projection=-24.93
[POLICY_DETAIL] samples=45523 raw_samples=49152 mb=11381 micro_mb=8192 logp_delta_abs=0.10898 old_logp=-125.80214 new_logp=-125.81452 adv_abs=0.56336 sde_steps=4
[TRAIN] mean_reward=-2.55320 mean_len=48.00 recent_eps=100 completed_eps=2035433
[UPDATE_EFFECT] action_delta=0.00805205 param_rms_delta=0.00035132
[TIME] collect=7.082s update=0.289s
[DONE] timeout=0.00000 anchor_pos=0.45227 anchor_ori=0.28003 ee_body=0.53760
[TRACK_ROLLOUT] anchor_pos=0.49672 anchor_ori=0.36460 body_pos=0.60592 body_ori=0.13197 body_lin=0.35780 body_ang=0.05314
[ACT_SUMMARY] abs_mean=0.7766 abs_p95=0.9954 abs_p99=1.1183 abs_max=1.5487 legs=0.8411 waist=0.7099 arms=0.7356
[FRAME_DIAG] frame0_abs=0.7791 frame1_abs=0.8015 in_chunk_delta=0.9155 cross_chunk_delta=0.9570
[UPDATE] 313/500 reward_step=-0.05151 chunk=-0.38215 done_frac=0.09783 mean_reward=-2.58533 mean_len=48.00
[SFPO] loss=1.82625 policy_loss=-0.02036 value_loss=1.84662 ratio=1.0006 [0.151,4.105] clip=0.1602 kl=0.013160 grad=0.7271 grad_c=13.2546 lr=0.000100 critic_lr=0.001000
[ROLLOUT] live=42.65 survive=0.45728 per_step=-0.04971 episode_projection=-24.85
[POLICY_DETAIL] samples=45446 raw_samples=49152 mb=11362 micro_mb=8192 logp_delta_abs=0.10825 old_logp=-125.82471 new_logp=-125.83705 adv_abs=0.56639 sde_steps=4
[TRAIN] mean_reward=-2.58533 mean_len=48.00 recent_eps=100 completed_eps=2039879
[UPDATE_EFFECT] action_delta=0.00818558 param_rms_delta=0.00035420
[TIME] collect=7.221s update=0.284s
[DONE] timeout=0.00000 anchor_pos=0.45349 anchor_ori=0.28149 ee_body=0.53149
[TRACK_ROLLOUT] anchor_pos=0.49831 anchor_ori=0.36619 body_pos=0.60807 body_ori=0.13160 body_lin=0.35876 body_ang=0.05298
[ACT_SUMMARY] abs_mean=0.7758 abs_p95=0.9943 abs_p99=1.1152 abs_max=1.6256 legs=0.8397 waist=0.7108 arms=0.7349
[FRAME_DIAG] frame0_abs=0.7781 frame1_abs=0.8013 in_chunk_delta=0.9156 cross_chunk_delta=0.9563
[UPDATE] 314/500 reward_step=-0.05154 chunk=-0.38123 done_frac=0.10109 mean_reward=-2.59922 mean_len=48.00
[SFPO] loss=1.79611 policy_loss=-0.02071 value_loss=1.81682 ratio=0.9997 [0.235,3.671] clip=0.1580 kl=0.012970 grad=0.7770 grad_c=15.5799 lr=0.000100 critic_lr=0.001000
[ROLLOUT] live=42.46 survive=0.44006 per_step=-0.04977 episode_projection=-24.88
[POLICY_DETAIL] samples=45376 raw_samples=49152 mb=11344 micro_mb=8192 logp_delta_abs=0.10802 old_logp=-125.87778 new_logp=-125.89085 adv_abs=0.59805 sde_steps=4
[TRAIN] mean_reward=-2.59922 mean_len=48.00 recent_eps=100 completed_eps=2044466
[UPDATE_EFFECT] action_delta=0.00755508 param_rms_delta=0.00035459
[TIME] collect=7.207s update=0.282s
[DONE] timeout=0.00000 anchor_pos=0.47485 anchor_ori=0.29810 ee_body=0.54810
[TRACK_ROLLOUT] anchor_pos=0.50178 anchor_ori=0.36428 body_pos=0.60930 body_ori=0.13067 body_lin=0.35571 body_ang=0.05251
[ACT_SUMMARY] abs_mean=0.7761 abs_p95=0.9944 abs_p99=1.1178 abs_max=1.5660 legs=0.8401 waist=0.7116 arms=0.7351
[FRAME_DIAG] frame0_abs=0.7800 frame1_abs=0.8023 in_chunk_delta=0.9160 cross_chunk_delta=0.9559
[UPDATE] 315/500 reward_step=-0.05160 chunk=-0.38265 done_frac=0.09896 mean_reward=-2.56709 mean_len=48.00
[SFPO] loss=1.92031 policy_loss=-0.02077 value_loss=1.94107 ratio=1.0002 [0.209,3.600] clip=0.1586 kl=0.013026 grad=0.7331 grad_c=18.5252 lr=0.000100 critic_lr=0.001000
[ROLLOUT] live=42.68 survive=0.45044 per_step=-0.04979 episode_projection=-24.90
[POLICY_DETAIL] samples=45493 raw_samples=49152 mb=11374 micro_mb=8192 logp_delta_abs=0.10799 old_logp=-125.87412 new_logp=-125.88674 adv_abs=0.60221 sde_steps=4
[TRAIN] mean_reward=-2.56709 mean_len=48.00 recent_eps=100 completed_eps=2048968
[UPDATE_EFFECT] action_delta=0.00775535 param_rms_delta=0.00035280
[TIME] collect=6.955s update=0.283s
[DONE] timeout=0.00000 anchor_pos=0.45667 anchor_ori=0.27698 ee_body=0.53845
[TRACK_ROLLOUT] anchor_pos=0.49664 anchor_ori=0.36974 body_pos=0.60798 body_ori=0.13251 body_lin=0.35749 body_ang=0.05305
[ACT_SUMMARY] abs_mean=0.7768 abs_p95=0.9965 abs_p99=1.1182 abs_max=1.5176 legs=0.8410 waist=0.7114 arms=0.7358
[FRAME_DIAG] frame0_abs=0.7794 frame1_abs=0.8020 in_chunk_delta=0.9159 cross_chunk_delta=0.9564
[UPDATE] 316/500 reward_step=-0.05159 chunk=-0.38253 done_frac=0.09856 mean_reward=-2.58856 mean_len=48.00
[SFPO] loss=1.83558 policy_loss=-0.02064 value_loss=1.85621 ratio=1.0003 [0.217,3.859] clip=0.1571 kl=0.012835 grad=0.7463 grad_c=23.1649 lr=0.000100 critic_lr=0.001000
[ROLLOUT] live=42.63 survive=0.45325 per_step=-0.04981 episode_projection=-24.91
[POLICY_DETAIL] samples=45444 raw_samples=49152 mb=11361 micro_mb=8192 logp_delta_abs=0.10769 old_logp=-125.86790 new_logp=-125.88025 adv_abs=0.59082 sde_steps=4
[TRAIN] mean_reward=-2.58856 mean_len=48.00 recent_eps=100 completed_eps=2053447
[UPDATE_EFFECT] action_delta=0.00804816 param_rms_delta=0.00035186
[TIME] collect=7.206s update=0.293s
[DONE] timeout=0.00000 anchor_pos=0.45483 anchor_ori=0.28113 ee_body=0.53455
[TRACK_ROLLOUT] anchor_pos=0.50019 anchor_ori=0.36840 body_pos=0.60919 body_ori=0.13325 body_lin=0.35856 body_ang=0.05344
[ACT_SUMMARY] abs_mean=0.7781 abs_p95=0.9985 abs_p99=1.1226 abs_max=1.5102 legs=0.8431 waist=0.7119 arms=0.7365
[FRAME_DIAG] frame0_abs=0.7817 frame1_abs=0.8036 in_chunk_delta=0.9157 cross_chunk_delta=0.9562
[UPDATE] 317/500 reward_step=-0.05128 chunk=-0.38034 done_frac=0.09702 mean_reward=-2.53166 mean_len=48.00
[SFPO] loss=2.17730 policy_loss=-0.01929 value_loss=2.19659 ratio=1.0003 [0.217,3.921] clip=0.1559 kl=0.012797 grad=0.7374 grad_c=31.8210 lr=0.000100 critic_lr=0.001000
[ROLLOUT] live=42.68 survive=0.46118 per_step=-0.04953 episode_projection=-24.76
[POLICY_DETAIL] samples=45495 raw_samples=49152 mb=11374 micro_mb=8192 logp_delta_abs=0.10678 old_logp=-125.79035 new_logp=-125.80264 adv_abs=0.58412 sde_steps=4
[TRAIN] mean_reward=-2.53166 mean_len=48.00 recent_eps=100 completed_eps=2057861
[UPDATE_EFFECT] action_delta=0.00800453 param_rms_delta=0.00035825
[TIME] collect=7.492s update=0.283s
[DONE] timeout=0.00000 anchor_pos=0.45154 anchor_ori=0.27979 ee_body=0.52869
[TRACK_ROLLOUT] anchor_pos=0.50339 anchor_ori=0.36759 body_pos=0.61295 body_ori=0.13245 body_lin=0.35934 body_ang=0.05349
[ACT_SUMMARY] abs_mean=0.7775 abs_p95=0.9973 abs_p99=1.1201 abs_max=1.6297 legs=0.8425 waist=0.7119 arms=0.7359
[FRAME_DIAG] frame0_abs=0.7812 frame1_abs=0.8027 in_chunk_delta=0.9150 cross_chunk_delta=0.9563
[UPDATE] 318/500 reward_step=-0.05154 chunk=-0.38225 done_frac=0.09735 mean_reward=-2.57730 mean_len=48.00
[SFPO] loss=2.08857 policy_loss=-0.02041 value_loss=2.10898 ratio=0.9999 [0.229,3.908] clip=0.1576 kl=0.012972 grad=0.7380 grad_c=27.1092 lr=0.000100 critic_lr=0.001000
[ROLLOUT] live=42.68 survive=0.45935 per_step=-0.04973 episode_projection=-24.86
[POLICY_DETAIL] samples=45495 raw_samples=49152 mb=11374 micro_mb=8192 logp_delta_abs=0.10748 old_logp=-125.81179 new_logp=-125.82464 adv_abs=0.59606 sde_steps=4
[TRAIN] mean_reward=-2.57730 mean_len=48.00 recent_eps=100 completed_eps=2062290
[UPDATE_EFFECT] action_delta=0.00789119 param_rms_delta=0.00035605
[TIME] collect=7.078s update=0.278s
[DONE] timeout=0.00000 anchor_pos=0.44727 anchor_ori=0.28357 ee_body=0.53003
[TRACK_ROLLOUT] anchor_pos=0.50029 anchor_ori=0.36678 body_pos=0.61147 body_ori=0.13208 body_lin=0.35876 body_ang=0.05294
[ACT_SUMMARY] abs_mean=0.7784 abs_p95=0.9977 abs_p99=1.1200 abs_max=1.5675 legs=0.8436 waist=0.7124 arms=0.7366
[FRAME_DIAG] frame0_abs=0.7819 frame1_abs=0.8042 in_chunk_delta=0.9158 cross_chunk_delta=0.9579
[UPDATE] 319/500 reward_step=-0.05150 chunk=-0.38240 done_frac=0.09625 mean_reward=-2.56025 mean_len=48.00
[SFPO] loss=1.84641 policy_loss=-0.02059 value_loss=1.86700 ratio=0.9998 [0.213,4.365] clip=0.1599 kl=0.013286 grad=0.7169 grad_c=13.5789 lr=0.000100 critic_lr=0.001000
[ROLLOUT] live=42.79 survive=0.46484 per_step=-0.04971 episode_projection=-24.85
[POLICY_DETAIL] samples=45550 raw_samples=49152 mb=11388 micro_mb=8192 logp_delta_abs=0.10865 old_logp=-125.83977 new_logp=-125.85302 adv_abs=0.57213 sde_steps=4
[TRAIN] mean_reward=-2.56025 mean_len=48.00 recent_eps=100 completed_eps=2066674
[UPDATE_EFFECT] action_delta=0.00842424 param_rms_delta=0.00035369
[TIME] collect=7.204s update=0.280s
[DONE] timeout=0.00000 anchor_pos=0.44800 anchor_ori=0.27698 ee_body=0.52405
[TRACK_ROLLOUT] anchor_pos=0.50003 anchor_ori=0.36790 body_pos=0.60999 body_ori=0.13251 body_lin=0.35942 body_ang=0.05324
[ACT_SUMMARY] abs_mean=0.7781 abs_p95=0.9988 abs_p99=1.1226 abs_max=1.5549 legs=0.8428 waist=0.7125 arms=0.7367
[FRAME_DIAG] frame0_abs=0.7817 frame1_abs=0.8038 in_chunk_delta=0.9155 cross_chunk_delta=0.9569
[UPDATE] 320/500 reward_step=-0.05146 chunk=-0.38199 done_frac=0.09577 mean_reward=-2.49296 mean_len=48.00
[SFPO] loss=1.92796 policy_loss=-0.01960 value_loss=1.94755 ratio=1.0003 [0.163,4.058] clip=0.1614 kl=0.013471 grad=0.7441 grad_c=17.3253 lr=0.000100 critic_lr=0.001000
[ROLLOUT] live=42.75 survive=0.46777 per_step=-0.04968 episode_projection=-24.84
[POLICY_DETAIL] samples=45525 raw_samples=49152 mb=11382 micro_mb=8192 logp_delta_abs=0.10910 old_logp=-125.83017 new_logp=-125.84312 adv_abs=0.55894 sde_steps=4
[TRAIN] mean_reward=-2.49296 mean_len=48.00 recent_eps=100 completed_eps=2071034
[UPDATE_EFFECT] action_delta=0.00888813 param_rms_delta=0.00035188
[TIME] collect=7.103s update=0.280s
[DONE] timeout=0.00000 anchor_pos=0.44836 anchor_ori=0.27747 ee_body=0.52148
[TRACK_ROLLOUT] anchor_pos=0.50041 anchor_ori=0.37033 body_pos=0.61066 body_ori=0.13298 body_lin=0.35912 body_ang=0.05361
[ACT_SUMMARY] abs_mean=0.7791 abs_p95=0.9992 abs_p99=1.1244 abs_max=1.5435 legs=0.8453 waist=0.7126 arms=0.7366
[FRAME_DIAG] frame0_abs=0.7820 frame1_abs=0.8050 in_chunk_delta=0.9151 cross_chunk_delta=0.9566
[UPDATE] 321/500 reward_step=-0.05128 chunk=-0.38049 done_frac=0.09619 mean_reward=-2.55542 mean_len=48.00
[SFPO] loss=2.03322 policy_loss=-0.02038 value_loss=2.05359 ratio=1.0004 [0.191,5.545] clip=0.1612 kl=0.013405 grad=0.7468 grad_c=20.4501 lr=0.000100 critic_lr=0.001000
[ROLLOUT] live=42.77 survive=0.46497 per_step=-0.04952 episode_projection=-24.76
[POLICY_DETAIL] samples=45564 raw_samples=49152 mb=11391 micro_mb=8192 logp_delta_abs=0.10889 old_logp=-125.83192 new_logp=-125.84474 adv_abs=0.55894 sde_steps=4
[TRAIN] mean_reward=-2.55542 mean_len=48.00 recent_eps=100 completed_eps=2075417
[UPDATE_EFFECT] action_delta=0.00837523 param_rms_delta=0.00035281
[TIME] collect=7.140s update=0.280s
[DONE] timeout=0.00000 anchor_pos=0.44824 anchor_ori=0.28040 ee_body=0.52222
[TRACK_ROLLOUT] anchor_pos=0.50517 anchor_ori=0.36467 body_pos=0.61383 body_ori=0.13176 body_lin=0.36026 body_ang=0.05289
[ACT_SUMMARY] abs_mean=0.7779 abs_p95=0.9970 abs_p99=1.1206 abs_max=1.5378 legs=0.8432 waist=0.7120 arms=0.7361
[FRAME_DIAG] frame0_abs=0.7826 frame1_abs=0.8035 in_chunk_delta=0.9152 cross_chunk_delta=0.9561
[UPDATE] 322/500 reward_step=-0.05161 chunk=-0.38313 done_frac=0.09510 mean_reward=-2.55028 mean_len=48.00
[SFPO] loss=1.84209 policy_loss=-0.01873 value_loss=1.86083 ratio=1.0002 [0.186,4.882] clip=0.1600 kl=0.013350 grad=0.7424 grad_c=10.9129 lr=0.000100 critic_lr=0.001000
[ROLLOUT] live=42.79 survive=0.47107 per_step=-0.04982 episode_projection=-24.91
[POLICY_DETAIL] samples=45563 raw_samples=49152 mb=11391 micro_mb=8192 logp_delta_abs=0.10868 old_logp=-125.85784 new_logp=-125.87076 adv_abs=0.56487 sde_steps=4
[TRAIN] mean_reward=-2.55028 mean_len=48.00 recent_eps=100 completed_eps=2079750
[UPDATE_EFFECT] action_delta=0.00831567 param_rms_delta=0.00035304
[TIME] collect=7.101s update=0.283s
[DONE] timeout=0.00000 anchor_pos=0.44446 anchor_ori=0.27319 ee_body=0.51746
[TRACK_ROLLOUT] anchor_pos=0.49804 anchor_ori=0.36782 body_pos=0.60794 body_ori=0.13186 body_lin=0.35785 body_ang=0.05312
[ACT_SUMMARY] abs_mean=0.7785 abs_p95=0.9984 abs_p99=1.1234 abs_max=1.6628 legs=0.8440 waist=0.7130 arms=0.7365
[FRAME_DIAG] frame0_abs=0.7814 frame1_abs=0.8038 in_chunk_delta=0.9155 cross_chunk_delta=0.9571
[UPDATE] 323/500 reward_step=-0.05162 chunk=-0.38266 done_frac=0.09873 mean_reward=-2.48623 mean_len=48.00
[SFPO] loss=1.92406 policy_loss=-0.02181 value_loss=1.94587 ratio=1.0001 [0.164,3.982] clip=0.1622 kl=0.013518 grad=0.7367 grad_c=10.7950 lr=0.000100 critic_lr=0.001000
[ROLLOUT] live=42.66 survive=0.45178 per_step=-0.04982 episode_projection=-24.91
[POLICY_DETAIL] samples=45487 raw_samples=49152 mb=11372 micro_mb=8192 logp_delta_abs=0.10922 old_logp=-125.86443 new_logp=-125.87761 adv_abs=0.55573 sde_steps=4
[TRAIN] mean_reward=-2.48623 mean_len=48.00 recent_eps=100 completed_eps=2084241
[UPDATE_EFFECT] action_delta=0.00841051 param_rms_delta=0.00035269
[TIME] collect=7.051s update=0.281s
[DONE] timeout=0.00000 anchor_pos=0.46082 anchor_ori=0.27942 ee_body=0.53625
[TRACK_ROLLOUT] anchor_pos=0.49932 anchor_ori=0.36809 body_pos=0.60793 body_ori=0.13224 body_lin=0.35663 body_ang=0.05305
[ACT_SUMMARY] abs_mean=0.7797 abs_p95=1.0009 abs_p99=1.1239 abs_max=1.5984 legs=0.8460 waist=0.7128 arms=0.7372
[FRAME_DIAG] frame0_abs=0.7828 frame1_abs=0.8053 in_chunk_delta=0.9152 cross_chunk_delta=0.9563
[UPDATE] 324/500 reward_step=-0.05157 chunk=-0.38273 done_frac=0.09570 mean_reward=-2.54430 mean_len=48.00
[SFPO] loss=1.85527 policy_loss=-0.01853 value_loss=1.87380 ratio=1.0006 [0.199,4.061] clip=0.1611 kl=0.013414 grad=0.7531 grad_c=15.2556 lr=0.000100 critic_lr=0.001000
[ROLLOUT] live=42.84 survive=0.46692 per_step=-0.04979 episode_projection=-24.89
[POLICY_DETAIL] samples=45632 raw_samples=49152 mb=11408 micro_mb=8192 logp_delta_abs=0.10900 old_logp=-125.85681 new_logp=-125.86941 adv_abs=0.57261 sde_steps=4
[TRAIN] mean_reward=-2.54430 mean_len=48.00 recent_eps=100 completed_eps=2088608
[UPDATE_EFFECT] action_delta=0.00831545 param_rms_delta=0.00035294
[TIME] collect=7.250s update=0.304s
[DONE] timeout=0.00000 anchor_pos=0.44275 anchor_ori=0.26990 ee_body=0.52087
[TRACK_ROLLOUT] anchor_pos=0.49988 anchor_ori=0.36653 body_pos=0.60767 body_ori=0.13235 body_lin=0.35877 body_ang=0.05326
[ACT_SUMMARY] abs_mean=0.7798 abs_p95=1.0007 abs_p99=1.1242 abs_max=1.5684 legs=0.8453 waist=0.7139 arms=0.7378
[FRAME_DIAG] frame0_abs=0.7828 frame1_abs=0.8061 in_chunk_delta=0.9152 cross_chunk_delta=0.9563
[UPDATE] 325/500 reward_step=-0.05142 chunk=-0.38182 done_frac=0.09558 mean_reward=-2.52367 mean_len=48.00
[SFPO] loss=1.83306 policy_loss=-0.01965 value_loss=1.85271 ratio=1.0009 [0.181,3.657] clip=0.1633 kl=0.013524 grad=0.7276 grad_c=17.6705 lr=0.000100 critic_lr=0.001000
[ROLLOUT] live=42.86 survive=0.46765 per_step=-0.04966 episode_projection=-24.83
[POLICY_DETAIL] samples=45626 raw_samples=49152 mb=11407 micro_mb=8192 logp_delta_abs=0.10985 old_logp=-125.82654 new_logp=-125.83895 adv_abs=0.56217 sde_steps=4
[TRAIN] mean_reward=-2.52367 mean_len=48.00 recent_eps=100 completed_eps=2092969
[UPDATE_EFFECT] action_delta=0.00807631 param_rms_delta=0.00035042
[TIME] collect=7.162s update=0.288s
[DONE] timeout=0.00000 anchor_pos=0.44702 anchor_ori=0.28003 ee_body=0.52100
[TRACK_ROLLOUT] anchor_pos=0.50198 anchor_ori=0.37094 body_pos=0.61174 body_ori=0.13352 body_lin=0.35881 body_ang=0.05380
[ACT_SUMMARY] abs_mean=0.7806 abs_p95=1.0022 abs_p99=1.1245 abs_max=1.5975 legs=0.8478 waist=0.7136 arms=0.7373
[FRAME_DIAG] frame0_abs=0.7837 frame1_abs=0.8069 in_chunk_delta=0.9152 cross_chunk_delta=0.9569
[UPDATE] 326/500 reward_step=-0.05137 chunk=-0.38147 done_frac=0.09679 mean_reward=-2.53829 mean_len=48.00
[SFPO] loss=1.87983 policy_loss=-0.02022 value_loss=1.90005 ratio=1.0006 [0.213,3.702] clip=0.1628 kl=0.013444 grad=0.7424 grad_c=22.5830 lr=0.000100 critic_lr=0.001000
[ROLLOUT] live=42.82 survive=0.46130 per_step=-0.04961 episode_projection=-24.81
[POLICY_DETAIL] samples=45592 raw_samples=49152 mb=11398 micro_mb=8192 logp_delta_abs=0.10979 old_logp=-125.84752 new_logp=-125.86017 adv_abs=0.56353 sde_steps=4
[TRAIN] mean_reward=-2.53829 mean_len=48.00 recent_eps=100 completed_eps=2097382
[UPDATE_EFFECT] action_delta=0.00831307 param_rms_delta=0.00034897
[TIME] collect=7.177s update=0.278s
[DONE] timeout=0.00000 anchor_pos=0.44763 anchor_ori=0.27588 ee_body=0.52576
[TRACK_ROLLOUT] anchor_pos=0.50375 anchor_ori=0.36820 body_pos=0.61297 body_ori=0.13318 body_lin=0.35978 body_ang=0.05344
[ACT_SUMMARY] abs_mean=0.7804 abs_p95=1.0011 abs_p99=1.1230 abs_max=1.6729 legs=0.8472 waist=0.7150 arms=0.7372
[FRAME_DIAG] frame0_abs=0.7840 frame1_abs=0.8064 in_chunk_delta=0.9152 cross_chunk_delta=0.9572
[UPDATE] 327/500 reward_step=-0.05147 chunk=-0.38218 done_frac=0.09582 mean_reward=-2.57120 mean_len=48.00
[SFPO] loss=1.83115 policy_loss=-0.02128 value_loss=1.85243 ratio=1.0004 [0.220,4.293] clip=0.1672 kl=0.013885 grad=0.7792 grad_c=8.8923 lr=0.000100 critic_lr=0.001000
[ROLLOUT] live=42.83 survive=0.46667 per_step=-0.04970 episode_projection=-24.85
[POLICY_DETAIL] samples=45594 raw_samples=49152 mb=11399 micro_mb=8192 logp_delta_abs=0.11170 old_logp=-125.83606 new_logp=-125.84935 adv_abs=0.56591 sde_steps=4
[TRAIN] mean_reward=-2.57120 mean_len=48.00 recent_eps=100 completed_eps=2101751
[UPDATE_EFFECT] action_delta=0.00820991 param_rms_delta=0.00035112
[TIME] collect=7.052s update=0.279s
[DONE] timeout=0.00000 anchor_pos=0.44470 anchor_ori=0.27747 ee_body=0.52087
[TRACK_ROLLOUT] anchor_pos=0.50146 anchor_ori=0.36708 body_pos=0.61031 body_ori=0.13279 body_lin=0.35952 body_ang=0.05328
[ACT_SUMMARY] abs_mean=0.7808 abs_p95=1.0019 abs_p99=1.1237 abs_max=1.6096 legs=0.8474 waist=0.7144 arms=0.7380
[FRAME_DIAG] frame0_abs=0.7845 frame1_abs=0.8075 in_chunk_delta=0.9153 cross_chunk_delta=0.9567
[UPDATE] 328/500 reward_step=-0.05139 chunk=-0.38172 done_frac=0.09616 mean_reward=-2.56578 mean_len=48.00
[SFPO] loss=1.90068 policy_loss=-0.02051 value_loss=1.92119 ratio=1.0007 [0.206,3.824] clip=0.1596 kl=0.013128 grad=0.7475 grad_c=12.7741 lr=0.000100 critic_lr=0.001000
[ROLLOUT] live=42.81 survive=0.46521 per_step=-0.04963 episode_projection=-24.81
[POLICY_DETAIL] samples=45559 raw_samples=49152 mb=11390 micro_mb=8192 logp_delta_abs=0.10823 old_logp=-125.80862 new_logp=-125.82081 adv_abs=0.56613 sde_steps=4
[TRAIN] mean_reward=-2.56578 mean_len=48.00 recent_eps=100 completed_eps=2106132
[UPDATE_EFFECT] action_delta=0.00822832 param_rms_delta=0.00035172
[TIME] collect=7.036s update=0.278s
[DONE] timeout=0.00000 anchor_pos=0.44617 anchor_ori=0.27588 ee_body=0.52173
[TRACK_ROLLOUT] anchor_pos=0.50330 anchor_ori=0.36755 body_pos=0.61238 body_ori=0.13332 body_lin=0.35884 body_ang=0.05353
[ACT_SUMMARY] abs_mean=0.7811 abs_p95=1.0023 abs_p99=1.1244 abs_max=1.5191 legs=0.8477 waist=0.7150 arms=0.7382
[FRAME_DIAG] frame0_abs=0.7852 frame1_abs=0.8077 in_chunk_delta=0.9148 cross_chunk_delta=0.9569
[UPDATE] 329/500 reward_step=-0.05143 chunk=-0.38197 done_frac=0.09446 mean_reward=-2.58241 mean_len=48.00
[SFPO] loss=1.69184 policy_loss=-0.01920 value_loss=1.71105 ratio=1.0002 [0.166,4.030] clip=0.1633 kl=0.013460 grad=0.7711 grad_c=12.6043 lr=0.000100 critic_lr=0.001000
[ROLLOUT] live=42.88 survive=0.47375 per_step=-0.04967 episode_projection=-24.84
[POLICY_DETAIL] samples=45636 raw_samples=49152 mb=11409 micro_mb=8192 logp_delta_abs=0.10993 old_logp=-125.86273 new_logp=-125.87582 adv_abs=0.58141 sde_steps=4
[TRAIN] mean_reward=-2.58241 mean_len=48.00 recent_eps=100 completed_eps=2110443
[UPDATE_EFFECT] action_delta=0.00823923 param_rms_delta=0.00035432
[TIME] collect=7.271s update=0.288s
[DONE] timeout=0.00000 anchor_pos=0.44299 anchor_ori=0.27820 ee_body=0.51355
[TRACK_ROLLOUT] anchor_pos=0.50464 anchor_ori=0.36309 body_pos=0.61180 body_ori=0.13130 body_lin=0.35839 body_ang=0.05297
[ACT_SUMMARY] abs_mean=0.7805 abs_p95=1.0015 abs_p99=1.1230 abs_max=1.6020 legs=0.8471 waist=0.7152 arms=0.7374
[FRAME_DIAG] frame0_abs=0.7841 frame1_abs=0.8070 in_chunk_delta=0.9149 cross_chunk_delta=0.9579
[UPDATE] 330/500 reward_step=-0.05149 chunk=-0.38251 done_frac=0.09436 mean_reward=-2.58277 mean_len=48.00
[SFPO] loss=1.79409 policy_loss=-0.01967 value_loss=1.81377 ratio=1.0007 [0.198,4.460] clip=0.1644 kl=0.013624 grad=0.7524 grad_c=14.1001 lr=0.000100 critic_lr=0.001000
[ROLLOUT] live=42.99 survive=0.47302 per_step=-0.04974 episode_projection=-24.87
[POLICY_DETAIL] samples=45750 raw_samples=49152 mb=11438 micro_mb=8192 logp_delta_abs=0.11047 old_logp=-125.91018 new_logp=-125.92287 adv_abs=0.56470 sde_steps=4
[TRAIN] mean_reward=-2.58277 mean_len=48.00 recent_eps=100 completed_eps=2114760
[UPDATE_EFFECT] action_delta=0.00802645 param_rms_delta=0.00035243
[TIME] collect=7.163s update=0.292s
[DONE] timeout=0.00000 anchor_pos=0.43933 anchor_ori=0.26990 ee_body=0.51379
[TRACK_ROLLOUT] anchor_pos=0.50137 anchor_ori=0.36784 body_pos=0.61026 body_ori=0.13272 body_lin=0.35808 body_ang=0.05330
[ACT_SUMMARY] abs_mean=0.7817 abs_p95=1.0035 abs_p99=1.1263 abs_max=1.6033 legs=0.8486 waist=0.7162 arms=0.7384
[FRAME_DIAG] frame0_abs=0.7852 frame1_abs=0.8087 in_chunk_delta=0.9152 cross_chunk_delta=0.9564
[UPDATE] 331/500 reward_step=-0.05131 chunk=-0.38127 done_frac=0.09427 mean_reward=-2.50987 mean_len=48.00
[SFPO] loss=1.76457 policy_loss=-0.01992 value_loss=1.78450 ratio=1.0003 [0.153,4.105] clip=0.1592 kl=0.013258 grad=0.7682 grad_c=11.9187 lr=0.000100 critic_lr=0.001000
[ROLLOUT] live=43.05 survive=0.47302 per_step=-0.04955 episode_projection=-24.77
[POLICY_DETAIL] samples=45793 raw_samples=49152 mb=11449 micro_mb=8192 logp_delta_abs=0.10813 old_logp=-125.85761 new_logp=-125.87035 adv_abs=0.56820 sde_steps=4
[TRAIN] mean_reward=-2.50987 mean_len=48.00 recent_eps=100 completed_eps=2119077
[UPDATE_EFFECT] action_delta=0.00809249 param_rms_delta=0.00034934
[TIME] collect=7.362s update=0.282s
[DONE] timeout=0.00000 anchor_pos=0.43591 anchor_ori=0.26746 ee_body=0.51465
[TRACK_ROLLOUT] anchor_pos=0.50255 anchor_ori=0.37116 body_pos=0.61212 body_ori=0.13364 body_lin=0.35995 body_ang=0.05393
[ACT_SUMMARY] abs_mean=0.7810 abs_p95=1.0021 abs_p99=1.1243 abs_max=1.5405 legs=0.8479 waist=0.7157 arms=0.7376
[FRAME_DIAG] frame0_abs=0.7844 frame1_abs=0.8078 in_chunk_delta=0.9147 cross_chunk_delta=0.9563
[UPDATE] 332/500 reward_step=-0.05146 chunk=-0.38222 done_frac=0.09489 mean_reward=-2.56122 mean_len=48.00
[SFPO] loss=1.88007 policy_loss=-0.02035 value_loss=1.90042 ratio=1.0006 [0.177,4.526] clip=0.1678 kl=0.014030 grad=0.7867 grad_c=13.4502 lr=0.000100 critic_lr=0.001000
[ROLLOUT] live=42.97 survive=0.47034 per_step=-0.04968 episode_projection=-24.84
[POLICY_DETAIL] samples=45727 raw_samples=49152 mb=11432 micro_mb=8192 logp_delta_abs=0.11148 old_logp=-125.83951 new_logp=-125.85271 adv_abs=0.55587 sde_steps=4
[TRAIN] mean_reward=-2.56122 mean_len=48.00 recent_eps=100 completed_eps=2123416
[UPDATE_EFFECT] action_delta=0.00909691 param_rms_delta=0.00034732
[TIME] collect=7.265s update=0.285s
[DONE] timeout=0.00000 anchor_pos=0.44116 anchor_ori=0.27393 ee_body=0.51660
[TRACK_ROLLOUT] anchor_pos=0.49952 anchor_ori=0.36794 body_pos=0.60993 body_ori=0.13311 body_lin=0.35840 body_ang=0.05330
[ACT_SUMMARY] abs_mean=0.7814 abs_p95=1.0026 abs_p99=1.1251 abs_max=1.5412 legs=0.8481 waist=0.7158 arms=0.7383
[FRAME_DIAG] frame0_abs=0.7848 frame1_abs=0.8084 in_chunk_delta=0.9147 cross_chunk_delta=0.9574
[UPDATE] 333/500 reward_step=-0.05128 chunk=-0.38113 done_frac=0.09413 mean_reward=-2.54809 mean_len=48.00
[SFPO] loss=1.78242 policy_loss=-0.01949 value_loss=1.80191 ratio=1.0000 [0.218,3.795] clip=0.1656 kl=0.013693 grad=0.7617 grad_c=11.7331 lr=0.000100 critic_lr=0.001000
[ROLLOUT] live=42.93 survive=0.47534 per_step=-0.04954 episode_projection=-24.77
[POLICY_DETAIL] samples=45662 raw_samples=49152 mb=11416 micro_mb=8192 logp_delta_abs=0.11071 old_logp=-125.84059 new_logp=-125.85405 adv_abs=0.56274 sde_steps=4
[TRAIN] mean_reward=-2.54809 mean_len=48.00 recent_eps=100 completed_eps=2127714
[UPDATE_EFFECT] action_delta=0.00835366 param_rms_delta=0.00035065
[TIME] collect=7.023s update=0.282s
[DONE] timeout=0.00000 anchor_pos=0.43884 anchor_ori=0.27405 ee_body=0.51416
[TRACK_ROLLOUT] anchor_pos=0.50207 anchor_ori=0.36675 body_pos=0.61237 body_ori=0.13327 body_lin=0.35983 body_ang=0.05352
[ACT_SUMMARY] abs_mean=0.7813 abs_p95=1.0024 abs_p99=1.1251 abs_max=1.5177 legs=0.8490 waist=0.7148 arms=0.7376
[FRAME_DIAG] frame0_abs=0.7835 frame1_abs=0.8082 in_chunk_delta=0.9146 cross_chunk_delta=0.9564
[UPDATE] 334/500 reward_step=-0.05133 chunk=-0.38186 done_frac=0.09341 mean_reward=-2.56464 mean_len=48.00
[SFPO] loss=1.81678 policy_loss=-0.01979 value_loss=1.83657 ratio=1.0004 [0.206,5.769] clip=0.1658 kl=0.013813 grad=0.7717 grad_c=11.0586 lr=0.000100 critic_lr=0.001000
[ROLLOUT] live=43.09 survive=0.47803 per_step=-0.04957 episode_projection=-24.78
[POLICY_DETAIL] samples=45776 raw_samples=49152 mb=11444 micro_mb=8192 logp_delta_abs=0.11101 old_logp=-125.84655 new_logp=-125.85972 adv_abs=0.56045 sde_steps=4
[TRAIN] mean_reward=-2.56464 mean_len=48.00 recent_eps=100 completed_eps=2131990
[UPDATE_EFFECT] action_delta=0.00837680 param_rms_delta=0.00034982
[TIME] collect=7.152s update=0.291s
[DONE] timeout=0.00000 anchor_pos=0.43445 anchor_ori=0.26709 ee_body=0.50781
[TRACK_ROLLOUT] anchor_pos=0.50172 anchor_ori=0.37072 body_pos=0.61419 body_ori=0.13427 body_lin=0.35863 body_ang=0.05368
[ACT_SUMMARY] abs_mean=0.7826 abs_p95=1.0061 abs_p99=1.1283 abs_max=1.5973 legs=0.8510 waist=0.7159 arms=0.7383
[FRAME_DIAG] frame0_abs=0.7854 frame1_abs=0.8089 in_chunk_delta=0.9146 cross_chunk_delta=0.9578
[UPDATE] 335/500 reward_step=-0.05153 chunk=-0.38284 done_frac=0.09361 mean_reward=-2.55989 mean_len=48.00
[SFPO] loss=1.72950 policy_loss=-0.01884 value_loss=1.74834 ratio=1.0001 [0.125,4.819] clip=0.1641 kl=0.013814 grad=0.7680 grad_c=10.2261 lr=0.000100 critic_lr=0.001000
[ROLLOUT] live=43.08 survive=0.47632 per_step=-0.04977 episode_projection=-24.88
[POLICY_DETAIL] samples=45830 raw_samples=49152 mb=11458 micro_mb=8192 logp_delta_abs=0.11053 old_logp=-125.86276 new_logp=-125.87622 adv_abs=0.55765 sde_steps=4
[TRAIN] mean_reward=-2.55989 mean_len=48.00 recent_eps=100 completed_eps=2136280
[UPDATE_EFFECT] action_delta=0.00827688 param_rms_delta=0.00035083
[TIME] collect=7.186s update=0.284s
[DONE] timeout=0.00000 anchor_pos=0.43823 anchor_ori=0.26892 ee_body=0.51208
[TRACK_ROLLOUT] anchor_pos=0.49982 anchor_ori=0.37124 body_pos=0.61002 body_ori=0.13394 body_lin=0.35871 body_ang=0.05338
[ACT_SUMMARY] abs_mean=0.7831 abs_p95=1.0066 abs_p99=1.1282 abs_max=1.5280 legs=0.8511 waist=0.7156 arms=0.7394
[FRAME_DIAG] frame0_abs=0.7857 frame1_abs=0.8105 in_chunk_delta=0.9150 cross_chunk_delta=0.9579
[UPDATE] 336/500 reward_step=-0.05158 chunk=-0.38349 done_frac=0.09281 mean_reward=-2.55139 mean_len=48.00
[SFPO] loss=1.81459 policy_loss=-0.02014 value_loss=1.83473 ratio=1.0000 [0.185,3.763] clip=0.1669 kl=0.014010 grad=0.7972 grad_c=10.1393 lr=0.000100 critic_lr=0.001000
[ROLLOUT] live=43.07 survive=0.48120 per_step=-0.04984 episode_projection=-24.92
[POLICY_DETAIL] samples=45791 raw_samples=49152 mb=11448 micro_mb=8192 logp_delta_abs=0.11151 old_logp=-125.84475 new_logp=-125.85854 adv_abs=0.55799 sde_steps=4
[TRAIN] mean_reward=-2.55139 mean_len=48.00 recent_eps=100 completed_eps=2140530
[UPDATE_EFFECT] action_delta=0.00843424 param_rms_delta=0.00034995
[TIME] collect=7.210s update=0.283s
[DONE] timeout=0.00000 anchor_pos=0.43457 anchor_ori=0.25964 ee_body=0.50732
[TRACK_ROLLOUT] anchor_pos=0.49877 anchor_ori=0.37293 body_pos=0.60854 body_ori=0.13371 body_lin=0.36000 body_ang=0.05376
[ACT_SUMMARY] abs_mean=0.7841 abs_p95=1.0077 abs_p99=1.1313 abs_max=1.5116 legs=0.8525 waist=0.7167 arms=0.7398
[FRAME_DIAG] frame0_abs=0.7865 frame1_abs=0.8100 in_chunk_delta=0.9147 cross_chunk_delta=0.9595
[UPDATE] 337/500 reward_step=-0.05149 chunk=-0.38270 done_frac=0.09364 mean_reward=-2.57842 mean_len=48.00
[SFPO] loss=1.81901 policy_loss=-0.02072 value_loss=1.83973 ratio=1.0007 [0.190,4.435] clip=0.1654 kl=0.013625 grad=0.7353 grad_c=11.7982 lr=0.000100 critic_lr=0.001000
[ROLLOUT] live=43.11 survive=0.47595 per_step=-0.04973 episode_projection=-24.86
[POLICY_DETAIL] samples=45846 raw_samples=49152 mb=11462 micro_mb=8192 logp_delta_abs=0.11047 old_logp=-125.84553 new_logp=-125.85828 adv_abs=0.56508 sde_steps=4
[TRAIN] mean_reward=-2.57842 mean_len=48.00 recent_eps=100 completed_eps=2144823
[UPDATE_EFFECT] action_delta=0.00839188 param_rms_delta=0.00034686
[TIME] collect=7.161s update=0.291s
[DONE] timeout=0.00000 anchor_pos=0.43555 anchor_ori=0.27026 ee_body=0.51038
[TRACK_ROLLOUT] anchor_pos=0.49939 anchor_ori=0.36983 body_pos=0.61114 body_ori=0.13357 body_lin=0.35853 body_ang=0.05369
[ACT_SUMMARY] abs_mean=0.7836 abs_p95=1.0072 abs_p99=1.1303 abs_max=1.5323 legs=0.8516 waist=0.7171 arms=0.7395
[FRAME_DIAG] frame0_abs=0.7869 frame1_abs=0.8111 in_chunk_delta=0.9148 cross_chunk_delta=0.9586
[UPDATE] 338/500 reward_step=-0.05134 chunk=-0.38193 done_frac=0.09205 mean_reward=-2.58994 mean_len=48.00
[SFPO] loss=1.78044 policy_loss=-0.01891 value_loss=1.79935 ratio=0.9999 [0.157,4.391] clip=0.1697 kl=0.014221 grad=0.8356 grad_c=12.2609 lr=0.000100 critic_lr=0.001000
[ROLLOUT] live=43.17 survive=0.48450 per_step=-0.04960 episode_projection=-24.80
[POLICY_DETAIL] samples=45875 raw_samples=49152 mb=11469 micro_mb=8192 logp_delta_abs=0.11227 old_logp=-125.82997 new_logp=-125.84409 adv_abs=0.56870 sde_steps=4
[TRAIN] mean_reward=-2.58994 mean_len=48.00 recent_eps=100 completed_eps=2149046
[UPDATE_EFFECT] action_delta=0.00842875 param_rms_delta=0.00034811
[TIME] collect=7.067s update=0.280s
[DONE] timeout=0.00000 anchor_pos=0.43738 anchor_ori=0.26538 ee_body=0.50281
[TRACK_ROLLOUT] anchor_pos=0.50321 anchor_ori=0.37043 body_pos=0.61182 body_ori=0.13237 body_lin=0.35978 body_ang=0.05325
[ACT_SUMMARY] abs_mean=0.7827 abs_p95=1.0059 abs_p99=1.1298 abs_max=1.5424 legs=0.8507 waist=0.7169 arms=0.7385
[FRAME_DIAG] frame0_abs=0.7862 frame1_abs=0.8099 in_chunk_delta=0.9144 cross_chunk_delta=0.9579
[UPDATE] 339/500 reward_step=-0.05148 chunk=-0.38249 done_frac=0.09240 mean_reward=-2.51408 mean_len=48.00
[SFPO] loss=1.64633 policy_loss=-0.01929 value_loss=1.66562 ratio=1.0000 [0.157,3.956] clip=0.1624 kl=0.013607 grad=0.7941 grad_c=12.0914 lr=0.000100 critic_lr=0.001000
[ROLLOUT] live=43.12 survive=0.48254 per_step=-0.04976 episode_projection=-24.88
[POLICY_DETAIL] samples=45875 raw_samples=49152 mb=11469 micro_mb=8192 logp_delta_abs=0.10971 old_logp=-125.85571 new_logp=-125.86907 adv_abs=0.56878 sde_steps=4
[TRAIN] mean_reward=-2.51408 mean_len=48.00 recent_eps=100 completed_eps=2153285
[UPDATE_EFFECT] action_delta=0.00818088 param_rms_delta=0.00035132
[TIME] collect=6.987s update=0.291s
[DONE] timeout=0.00000 anchor_pos=0.43506 anchor_ori=0.26636 ee_body=0.50464
[TRACK_ROLLOUT] anchor_pos=0.50018 anchor_ori=0.37044 body_pos=0.61056 body_ori=0.13401 body_lin=0.35844 body_ang=0.05348
[ACT_SUMMARY] abs_mean=0.7834 abs_p95=1.0076 abs_p99=1.1305 abs_max=1.5213 legs=0.8523 waist=0.7167 arms=0.7386
[FRAME_DIAG] frame0_abs=0.7862 frame1_abs=0.8107 in_chunk_delta=0.9153 cross_chunk_delta=0.9589
[UPDATE] 340/500 reward_step=-0.05145 chunk=-0.38277 done_frac=0.09250 mean_reward=-2.60557 mean_len=48.00
[SFPO] loss=1.90156 policy_loss=-0.01961 value_loss=1.92117 ratio=1.0005 [0.202,5.063] clip=0.1616 kl=0.013432 grad=0.7774 grad_c=17.0662 lr=0.000100 critic_lr=0.001000
[ROLLOUT] live=43.20 survive=0.48169 per_step=-0.04974 episode_projection=-24.87
[POLICY_DETAIL] samples=45903 raw_samples=49152 mb=11476 micro_mb=8192 logp_delta_abs=0.10911 old_logp=-125.81825 new_logp=-125.83094 adv_abs=0.55811 sde_steps=4
[TRAIN] mean_reward=-2.60557 mean_len=48.00 recent_eps=100 completed_eps=2157531
[UPDATE_EFFECT] action_delta=0.00865031 param_rms_delta=0.00034688
[TIME] collect=7.003s update=0.285s
[DONE] timeout=0.00000 anchor_pos=0.43164 anchor_ori=0.25867 ee_body=0.50488
[TRACK_ROLLOUT] anchor_pos=0.50229 anchor_ori=0.37103 body_pos=0.61270 body_ori=0.13402 body_lin=0.35902 body_ang=0.05374
[ACT_SUMMARY] abs_mean=0.7842 abs_p95=1.0086 abs_p99=1.1309 abs_max=1.5565 legs=0.8532 waist=0.7168 arms=0.7394
[FRAME_DIAG] frame0_abs=0.7874 frame1_abs=0.8118 in_chunk_delta=0.9149 cross_chunk_delta=0.9592
[UPDATE] 341/500 reward_step=-0.05142 chunk=-0.38266 done_frac=0.09061 mean_reward=-2.60941 mean_len=48.00
[SFPO] loss=1.79348 policy_loss=-0.02074 value_loss=1.81422 ratio=1.0001 [0.156,4.969] clip=0.1682 kl=0.014043 grad=0.8143 grad_c=12.9114 lr=0.000100 critic_lr=0.001000
[ROLLOUT] live=43.20 survive=0.49243 per_step=-0.04969 episode_projection=-24.84
[POLICY_DETAIL] samples=45887 raw_samples=49152 mb=11472 micro_mb=8192 logp_delta_abs=0.11187 old_logp=-125.78596 new_logp=-125.79971 adv_abs=0.55511 sde_steps=4
[TRAIN] mean_reward=-2.60941 mean_len=48.00 recent_eps=100 completed_eps=2161689
[UPDATE_EFFECT] action_delta=0.00812305 param_rms_delta=0.00034531
[TIME] collect=7.254s update=0.279s
[DONE] timeout=0.00000 anchor_pos=0.42212 anchor_ori=0.26062 ee_body=0.49573
[TRACK_ROLLOUT] anchor_pos=0.50516 anchor_ori=0.36930 body_pos=0.61179 body_ori=0.13289 body_lin=0.35875 body_ang=0.05288
[ACT_SUMMARY] abs_mean=0.7837 abs_p95=1.0081 abs_p99=1.1332 abs_max=1.5380 legs=0.8522 waist=0.7165 arms=0.7393
[FRAME_DIAG] frame0_abs=0.7871 frame1_abs=0.8108 in_chunk_delta=0.9149 cross_chunk_delta=0.9594
[UPDATE] 342/500 reward_step=-0.05138 chunk=-0.38203 done_frac=0.09313 mean_reward=-2.53658 mean_len=48.00
[SFPO] loss=1.73395 policy_loss=-0.01969 value_loss=1.75364 ratio=1.0005 [0.172,4.715] clip=0.1610 kl=0.013327 grad=0.7969 grad_c=13.1023 lr=0.000100 critic_lr=0.001000
[ROLLOUT] live=43.06 survive=0.47961 per_step=-0.04967 episode_projection=-24.84
[POLICY_DETAIL] samples=45777 raw_samples=49152 mb=11445 micro_mb=8192 logp_delta_abs=0.10904 old_logp=-125.82491 new_logp=-125.83753 adv_abs=0.56448 sde_steps=4
[TRAIN] mean_reward=-2.53658 mean_len=48.00 recent_eps=100 completed_eps=2165952
[UPDATE_EFFECT] action_delta=0.00845857 param_rms_delta=0.00034655
[TIME] collect=7.169s update=0.284s
[DONE] timeout=0.00000 anchor_pos=0.44324 anchor_ori=0.27100 ee_body=0.50781
[TRACK_ROLLOUT] anchor_pos=0.50437 anchor_ori=0.36733 body_pos=0.61321 body_ori=0.13248 body_lin=0.35934 body_ang=0.05322
[ACT_SUMMARY] abs_mean=0.7839 abs_p95=1.0079 abs_p99=1.1311 abs_max=1.5486 legs=0.8528 waist=0.7169 arms=0.7392
[FRAME_DIAG] frame0_abs=0.7882 frame1_abs=0.8118 in_chunk_delta=0.9147 cross_chunk_delta=0.9587
[UPDATE] 343/500 reward_step=-0.05133 chunk=-0.38200 done_frac=0.09160 mean_reward=-2.59601 mean_len=48.00
[SFPO] loss=1.76184 policy_loss=-0.01982 value_loss=1.78166 ratio=1.0005 [0.157,4.902] clip=0.1645 kl=0.013849 grad=0.7945 grad_c=13.1603 lr=0.000100 critic_lr=0.001000
[ROLLOUT] live=43.25 survive=0.48633 per_step=-0.04962 episode_projection=-24.81
[POLICY_DETAIL] samples=45941 raw_samples=49152 mb=11486 micro_mb=8192 logp_delta_abs=0.11086 old_logp=-125.86208 new_logp=-125.87519 adv_abs=0.55741 sde_steps=4
[TRAIN] mean_reward=-2.59601 mean_len=48.00 recent_eps=100 completed_eps=2170160
[UPDATE_EFFECT] action_delta=0.00842748 param_rms_delta=0.00034503
[TIME] collect=7.039s update=0.281s
[DONE] timeout=0.00000 anchor_pos=0.42871 anchor_ori=0.25623 ee_body=0.50122
[TRACK_ROLLOUT] anchor_pos=0.50201 anchor_ori=0.37349 body_pos=0.61114 body_ori=0.13376 body_lin=0.36037 body_ang=0.05339
[ACT_SUMMARY] abs_mean=0.7844 abs_p95=1.0082 abs_p99=1.1304 abs_max=1.5295 legs=0.8532 waist=0.7170 arms=0.7399
[FRAME_DIAG] frame0_abs=0.7880 frame1_abs=0.8118 in_chunk_delta=0.9146 cross_chunk_delta=0.9598
[UPDATE] 344/500 reward_step=-0.05132 chunk=-0.38174 done_frac=0.09244 mean_reward=-2.56519 mean_len=48.00
[SFPO] loss=1.65995 policy_loss=-0.02087 value_loss=1.68082 ratio=1.0001 [0.140,3.863] clip=0.1676 kl=0.013889 grad=0.7596 grad_c=13.0652 lr=0.000100 critic_lr=0.001000
[ROLLOUT] live=43.16 survive=0.48242 per_step=-0.04961 episode_projection=-24.81
[POLICY_DETAIL] samples=45868 raw_samples=49152 mb=11467 micro_mb=8192 logp_delta_abs=0.11166 old_logp=-125.82386 new_logp=-125.83744 adv_abs=0.56690 sde_steps=4
[TRAIN] mean_reward=-2.56519 mean_len=48.00 recent_eps=100 completed_eps=2174400
[UPDATE_EFFECT] action_delta=0.00856527 param_rms_delta=0.00034791
[TIME] collect=7.052s update=0.280s
[DONE] timeout=0.00000 anchor_pos=0.43372 anchor_ori=0.26428 ee_body=0.50317
[TRACK_ROLLOUT] anchor_pos=0.50109 anchor_ori=0.37249 body_pos=0.61216 body_ori=0.13485 body_lin=0.36008 body_ang=0.05394
[ACT_SUMMARY] abs_mean=0.7850 abs_p95=1.0102 abs_p99=1.1308 abs_max=1.5348 legs=0.8544 waist=0.7179 arms=0.7399
[FRAME_DIAG] frame0_abs=0.7887 frame1_abs=0.8125 in_chunk_delta=0.9143 cross_chunk_delta=0.9590
[UPDATE] 345/500 reward_step=-0.05119 chunk=-0.38096 done_frac=0.09252 mean_reward=-2.53010 mean_len=48.00
[SFPO] loss=1.83987 policy_loss=-0.01988 value_loss=1.85975 ratio=1.0007 [0.175,4.908] clip=0.1634 kl=0.013534 grad=0.7747 grad_c=12.4671 lr=0.000100 critic_lr=0.001000
[ROLLOUT] live=43.12 survive=0.48279 per_step=-0.04946 episode_projection=-24.73
[POLICY_DETAIL] samples=45797 raw_samples=49152 mb=11450 micro_mb=8192 logp_delta_abs=0.11003 old_logp=-125.91290 new_logp=-125.92555 adv_abs=0.55615 sde_steps=4
[TRAIN] mean_reward=-2.53010 mean_len=48.00 recent_eps=100 completed_eps=2178637
[UPDATE_EFFECT] action_delta=0.00817405 param_rms_delta=0.00034536
[TIME] collect=7.374s update=0.279s
[DONE] timeout=0.00000 anchor_pos=0.43262 anchor_ori=0.25586 ee_body=0.50269
[TRACK_ROLLOUT] anchor_pos=0.50318 anchor_ori=0.37411 body_pos=0.61368 body_ori=0.13571 body_lin=0.36106 body_ang=0.05405
[ACT_SUMMARY] abs_mean=0.7847 abs_p95=1.0092 abs_p99=1.1314 abs_max=1.5630 legs=0.8538 waist=0.7169 arms=0.7400
[FRAME_DIAG] frame0_abs=0.7892 frame1_abs=0.8124 in_chunk_delta=0.9143 cross_chunk_delta=0.9585
[UPDATE] 346/500 reward_step=-0.05130 chunk=-0.38143 done_frac=0.09194 mean_reward=-2.49471 mean_len=48.00
[SFPO] loss=1.85013 policy_loss=-0.02027 value_loss=1.87040 ratio=1.0005 [0.163,4.843] clip=0.1676 kl=0.013988 grad=0.8001 grad_c=13.5113 lr=0.000100 critic_lr=0.001000
[ROLLOUT] live=43.13 survive=0.48535 per_step=-0.04957 episode_projection=-24.79
[POLICY_DETAIL] samples=45854 raw_samples=49152 mb=11464 micro_mb=8192 logp_delta_abs=0.11203 old_logp=-125.86641 new_logp=-125.87968 adv_abs=0.56951 sde_steps=4
[TRAIN] mean_reward=-2.49471 mean_len=48.00 recent_eps=100 completed_eps=2182853
[UPDATE_EFFECT] action_delta=0.00853374 param_rms_delta=0.00034660
[TIME] collect=7.264s update=0.280s
[DONE] timeout=0.00000 anchor_pos=0.43127 anchor_ori=0.26453 ee_body=0.50269
[TRACK_ROLLOUT] anchor_pos=0.50191 anchor_ori=0.37063 body_pos=0.61392 body_ori=0.13486 body_lin=0.35794 body_ang=0.05364
[ACT_SUMMARY] abs_mean=0.7853 abs_p95=1.0098 abs_p99=1.1313 abs_max=1.5248 legs=0.8547 waist=0.7176 arms=0.7404
[FRAME_DIAG] frame0_abs=0.7901 frame1_abs=0.8127 in_chunk_delta=0.9141 cross_chunk_delta=0.9581
[UPDATE] 347/500 reward_step=-0.05130 chunk=-0.38148 done_frac=0.09191 mean_reward=-2.53632 mean_len=48.00
[SFPO] loss=1.85486 policy_loss=-0.02083 value_loss=1.87569 ratio=1.0008 [0.173,4.095] clip=0.1612 kl=0.013419 grad=0.7474 grad_c=12.4296 lr=0.000100 critic_lr=0.001000
[ROLLOUT] live=43.21 survive=0.48462 per_step=-0.04959 episode_projection=-24.79
[POLICY_DETAIL] samples=45934 raw_samples=49152 mb=11484 micro_mb=8192 logp_delta_abs=0.10902 old_logp=-125.86201 new_logp=-125.87439 adv_abs=0.54883 sde_steps=4
[TRAIN] mean_reward=-2.53632 mean_len=48.00 recent_eps=100 completed_eps=2187075
[UPDATE_EFFECT] action_delta=0.00820913 param_rms_delta=0.00034236
[TIME] collect=7.038s update=0.279s
[DONE] timeout=0.00000 anchor_pos=0.43701 anchor_ori=0.26172 ee_body=0.50208
[TRACK_ROLLOUT] anchor_pos=0.50137 anchor_ori=0.37101 body_pos=0.61126 body_ori=0.13373 body_lin=0.35992 body_ang=0.05351
[ACT_SUMMARY] abs_mean=0.7851 abs_p95=1.0098 abs_p99=1.1310 abs_max=1.5669 legs=0.8545 waist=0.7171 arms=0.7402
[FRAME_DIAG] frame0_abs=0.7906 frame1_abs=0.8129 in_chunk_delta=0.9141 cross_chunk_delta=0.9588
[UPDATE] 348/500 reward_step=-0.05123 chunk=-0.38126 done_frac=0.08968 mean_reward=-2.56056 mean_len=48.00
[SFPO] loss=1.84695 policy_loss=-0.02021 value_loss=1.86716 ratio=0.9996 [0.186,5.084] clip=0.1672 kl=0.013983 grad=0.8604 grad_c=13.6085 lr=0.000100 critic_lr=0.001000
[ROLLOUT] live=43.29 survive=0.49670 per_step=-0.04952 episode_projection=-24.76
[POLICY_DETAIL] samples=45976 raw_samples=49152 mb=11494 micro_mb=8192 logp_delta_abs=0.11158 old_logp=-125.83867 new_logp=-125.85281 adv_abs=0.57035 sde_steps=4
[TRAIN] mean_reward=-2.56056 mean_len=48.00 recent_eps=100 completed_eps=2191198
[UPDATE_EFFECT] action_delta=0.00830616 param_rms_delta=0.00034328
[TIME] collect=7.098s update=0.294s
[DONE] timeout=0.00000 anchor_pos=0.42212 anchor_ori=0.25732 ee_body=0.49011
[TRACK_ROLLOUT] anchor_pos=0.50527 anchor_ori=0.37011 body_pos=0.61309 body_ori=0.13377 body_lin=0.36015 body_ang=0.05348
[ACT_SUMMARY] abs_mean=0.7852 abs_p95=1.0092 abs_p99=1.1301 abs_max=1.5423 legs=0.8548 waist=0.7182 arms=0.7399
[FRAME_DIAG] frame0_abs=0.7898 frame1_abs=0.8117 in_chunk_delta=0.9144 cross_chunk_delta=0.9589
[UPDATE] 349/500 reward_step=-0.05108 chunk=-0.38029 done_frac=0.08947 mean_reward=-2.57048 mean_len=48.00
[SFPO] loss=1.75457 policy_loss=-0.01743 value_loss=1.77200 ratio=0.9998 [0.137,5.621] clip=0.1724 kl=0.014581 grad=0.9848 grad_c=11.5510 lr=0.000100 critic_lr=0.001000
[ROLLOUT] live=43.31 survive=0.49780 per_step=-0.04937 episode_projection=-24.68
[POLICY_DETAIL] samples=45982 raw_samples=49152 mb=11496 micro_mb=8192 logp_delta_abs=0.11427 old_logp=-125.82770 new_logp=-125.84222 adv_abs=0.57357 sde_steps=4
[TRAIN] mean_reward=-2.57048 mean_len=48.00 recent_eps=100 completed_eps=2195312
[UPDATE_EFFECT] action_delta=0.00799900 param_rms_delta=0.00034058
[TIME] collect=7.240s update=0.325s
[DONE] timeout=0.00000 anchor_pos=0.42407 anchor_ori=0.25830 ee_body=0.48755
[TRACK_ROLLOUT] anchor_pos=0.50685 anchor_ori=0.36912 body_pos=0.61496 body_ori=0.13433 body_lin=0.36013 body_ang=0.05355
[ACT_SUMMARY] abs_mean=0.7849 abs_p95=1.0088 abs_p99=1.1333 abs_max=1.5016 legs=0.8546 waist=0.7173 arms=0.7396
[FRAME_DIAG] frame0_abs=0.7891 frame1_abs=0.8122 in_chunk_delta=0.9142 cross_chunk_delta=0.9579
[UPDATE] 350/500 reward_step=-0.05138 chunk=-0.38206 done_frac=0.09068 mean_reward=-2.55812 mean_len=48.00
[SFPO] loss=1.88813 policy_loss=-0.02025 value_loss=1.90838 ratio=1.0000 [0.186,4.189] clip=0.1659 kl=0.013721 grad=0.8110 grad_c=16.6561 lr=0.000100 critic_lr=0.001000
[ROLLOUT] live=43.24 survive=0.49121 per_step=-0.04965 episode_projection=-24.82
[POLICY_DETAIL] samples=45964 raw_samples=49152 mb=11491 micro_mb=8192 logp_delta_abs=0.11082 old_logp=-125.84591 new_logp=-125.85940 adv_abs=0.56498 sde_steps=4
[TRAIN] mean_reward=-2.55812 mean_len=48.00 recent_eps=100 completed_eps=2199480
[UPDATE_EFFECT] action_delta=0.00841662 param_rms_delta=0.00034368
[TIME] collect=7.077s update=0.281s
[DONE] timeout=0.00000 anchor_pos=0.43005 anchor_ori=0.26392 ee_body=0.49658
[TRACK_ROLLOUT] anchor_pos=0.50193 anchor_ori=0.37051 body_pos=0.61135 body_ori=0.13417 body_lin=0.35733 body_ang=0.05334
[ACT_SUMMARY] abs_mean=0.7859 abs_p95=1.0104 abs_p99=1.1339 abs_max=1.7078 legs=0.8561 waist=0.7186 arms=0.7401
[FRAME_DIAG] frame0_abs=0.7918 frame1_abs=0.8122 in_chunk_delta=0.9143 cross_chunk_delta=0.9605
[UPDATE] 351/500 reward_step=-0.05133 chunk=-0.38190 done_frac=0.09178 mean_reward=-2.60485 mean_len=48.00
[SFPO] loss=1.84823 policy_loss=-0.01977 value_loss=1.86799 ratio=1.0005 [0.203,5.129] clip=0.1649 kl=0.013671 grad=0.8120 grad_c=19.5571 lr=0.000100 critic_lr=0.001000
[ROLLOUT] live=43.20 survive=0.48572 per_step=-0.04963 episode_projection=-24.82
[POLICY_DETAIL] samples=45901 raw_samples=49152 mb=11476 micro_mb=8192 logp_delta_abs=0.11064 old_logp=-125.83922 new_logp=-125.85213 adv_abs=0.57658 sde_steps=4
[TRAIN] mean_reward=-2.60485 mean_len=48.00 recent_eps=100 completed_eps=2203693
[UPDATE_EFFECT] action_delta=0.00867847 param_rms_delta=0.00034794
[TIME] collect=7.138s update=0.282s
[DONE] timeout=0.00000 anchor_pos=0.43628 anchor_ori=0.26697 ee_body=0.50049
[TRACK_ROLLOUT] anchor_pos=0.50408 anchor_ori=0.37295 body_pos=0.61366 body_ori=0.13561 body_lin=0.35800 body_ang=0.05381
[ACT_SUMMARY] abs_mean=0.7868 abs_p95=1.0140 abs_p99=1.1360 abs_max=1.6198 legs=0.8581 waist=0.7187 arms=0.7403
[FRAME_DIAG] frame0_abs=0.7916 frame1_abs=0.8152 in_chunk_delta=0.9144 cross_chunk_delta=0.9586
[UPDATE] 352/500 reward_step=-0.05138 chunk=-0.38233 done_frac=0.09060 mean_reward=-2.56470 mean_len=48.00
[SFPO] loss=2.07256 policy_loss=-0.01886 value_loss=2.09142 ratio=1.0006 [0.143,4.307] clip=0.1677 kl=0.013972 grad=0.7956 grad_c=38.4897 lr=0.000100 critic_lr=0.001000
[ROLLOUT] live=43.40 survive=0.49023 per_step=-0.04965 episode_projection=-24.82
[POLICY_DETAIL] samples=46095 raw_samples=49152 mb=11524 micro_mb=8192 logp_delta_abs=0.11200 old_logp=-125.84039 new_logp=-125.85349 adv_abs=0.57370 sde_steps=4
[TRAIN] mean_reward=-2.56470 mean_len=48.00 recent_eps=100 completed_eps=2207869
[UPDATE_EFFECT] action_delta=0.00798123 param_rms_delta=0.00034896
[TIME] collect=7.242s update=0.289s
[DONE] timeout=0.00000 anchor_pos=0.42761 anchor_ori=0.26331 ee_body=0.49548
[TRACK_ROLLOUT] anchor_pos=0.50208 anchor_ori=0.37330 body_pos=0.61252 body_ori=0.13533 body_lin=0.35834 body_ang=0.05342
[ACT_SUMMARY] abs_mean=0.7869 abs_p95=1.0129 abs_p99=1.1350 abs_max=1.5702 legs=0.8579 waist=0.7189 arms=0.7407
[FRAME_DIAG] frame0_abs=0.7919 frame1_abs=0.8144 in_chunk_delta=0.9148 cross_chunk_delta=0.9595
[UPDATE] 353/500 reward_step=-0.05124 chunk=-0.38198 done_frac=0.08867 mean_reward=-2.52140 mean_len=48.00
[SFPO] loss=2.04582 policy_loss=-0.02055 value_loss=2.06638 ratio=1.0006 [0.199,4.080] clip=0.1608 kl=0.013165 grad=0.7471 grad_c=39.0746 lr=0.000100 critic_lr=0.001000
[ROLLOUT] live=43.43 survive=0.50159 per_step=-0.04953 episode_projection=-24.76
[POLICY_DETAIL] samples=46048 raw_samples=49152 mb=11512 micro_mb=8192 logp_delta_abs=0.10865 old_logp=-125.85084 new_logp=-125.86321 adv_abs=0.56154 sde_steps=4
[TRAIN] mean_reward=-2.52140 mean_len=48.00 recent_eps=100 completed_eps=2211952
[UPDATE_EFFECT] action_delta=0.00806636 param_rms_delta=0.00034590
[TIME] collect=6.994s update=0.281s
[DONE] timeout=0.00000 anchor_pos=0.41748 anchor_ori=0.25537 ee_body=0.48840
[TRACK_ROLLOUT] anchor_pos=0.50657 anchor_ori=0.36886 body_pos=0.61636 body_ori=0.13524 body_lin=0.35990 body_ang=0.05361
[ACT_SUMMARY] abs_mean=0.7873 abs_p95=1.0140 abs_p99=1.1362 abs_max=1.5795 legs=0.8581 waist=0.7184 arms=0.7414
[FRAME_DIAG] frame0_abs=0.7934 frame1_abs=0.8146 in_chunk_delta=0.9150 cross_chunk_delta=0.9601
[UPDATE] 354/500 reward_step=-0.05137 chunk=-0.38274 done_frac=0.08931 mean_reward=-2.56509 mean_len=48.00
[SFPO] loss=1.97689 policy_loss=-0.02061 value_loss=1.99751 ratio=1.0007 [0.144,5.888] clip=0.1676 kl=0.013949 grad=0.8000 grad_c=30.3609 lr=0.000100 critic_lr=0.001000
[ROLLOUT] live=43.45 survive=0.49744 per_step=-0.04966 episode_projection=-24.83
[POLICY_DETAIL] samples=46099 raw_samples=49152 mb=11525 micro_mb=8192 logp_delta_abs=0.11148 old_logp=-125.83705 new_logp=-125.85011 adv_abs=0.55409 sde_steps=4
[TRAIN] mean_reward=-2.56509 mean_len=48.00 recent_eps=100 completed_eps=2216069
[UPDATE_EFFECT] action_delta=0.00849513 param_rms_delta=0.00034324
[TIME] collect=7.294s update=0.278s
[DONE] timeout=0.00000 anchor_pos=0.42041 anchor_ori=0.25952 ee_body=0.48950
[TRACK_ROLLOUT] anchor_pos=0.50492 anchor_ori=0.36832 body_pos=0.61510 body_ori=0.13400 body_lin=0.35888 body_ang=0.05328
[ACT_SUMMARY] abs_mean=0.7876 abs_p95=1.0127 abs_p99=1.1366 abs_max=1.5183 legs=0.8581 waist=0.7191 arms=0.7418
[FRAME_DIAG] frame0_abs=0.7934 frame1_abs=0.8152 in_chunk_delta=0.9149 cross_chunk_delta=0.9604
[UPDATE] 355/500 reward_step=-0.05122 chunk=-0.38182 done_frac=0.08884 mean_reward=-2.57558 mean_len=48.00
[SFPO] loss=1.99706 policy_loss=-0.02041 value_loss=2.01747 ratio=1.0000 [0.158,4.543] clip=0.1674 kl=0.013962 grad=0.7983 grad_c=23.5707 lr=0.000100 critic_lr=0.001000
[ROLLOUT] live=43.44 survive=0.50049 per_step=-0.04951 episode_projection=-24.75
[POLICY_DETAIL] samples=46060 raw_samples=49152 mb=11515 micro_mb=8192 logp_delta_abs=0.11164 old_logp=-125.81752 new_logp=-125.83120 adv_abs=0.55295 sde_steps=4
[TRAIN] mean_reward=-2.57558 mean_len=48.00 recent_eps=100 completed_eps=2220161
[UPDATE_EFFECT] action_delta=0.00818292 param_rms_delta=0.00034311
[TIME] collect=7.084s update=0.279s
[DONE] timeout=0.00000 anchor_pos=0.41443 anchor_ori=0.25659 ee_body=0.48511
[TRACK_ROLLOUT] anchor_pos=0.50593 anchor_ori=0.37109 body_pos=0.61470 body_ori=0.13532 body_lin=0.35997 body_ang=0.05380
[ACT_SUMMARY] abs_mean=0.7873 abs_p95=1.0151 abs_p99=1.1359 abs_max=1.6648 legs=0.8584 waist=0.7179 arms=0.7413
[FRAME_DIAG] frame0_abs=0.7936 frame1_abs=0.8151 in_chunk_delta=0.9143 cross_chunk_delta=0.9604
[UPDATE] 356/500 reward_step=-0.05135 chunk=-0.38236 done_frac=0.08774 mean_reward=-2.58534 mean_len=48.00
[SFPO] loss=1.84668 policy_loss=-0.01994 value_loss=1.86662 ratio=1.0007 [0.108,3.967] clip=0.1711 kl=0.014219 grad=0.8274 grad_c=11.1349 lr=0.000100 critic_lr=0.001000
[ROLLOUT] live=43.42 survive=0.50635 per_step=-0.04961 episode_projection=-24.80
[POLICY_DETAIL] samples=46092 raw_samples=49152 mb=11523 micro_mb=8192 logp_delta_abs=0.11328 old_logp=-125.85398 new_logp=-125.86725 adv_abs=0.56718 sde_steps=4
[TRAIN] mean_reward=-2.58534 mean_len=48.00 recent_eps=100 completed_eps=2224205
[UPDATE_EFFECT] action_delta=0.00864657 param_rms_delta=0.00034413
[TIME] collect=6.954s update=0.280s
[DONE] timeout=0.00000 anchor_pos=0.41516 anchor_ori=0.25415 ee_body=0.48120
[TRACK_ROLLOUT] anchor_pos=0.50139 anchor_ori=0.37393 body_pos=0.61270 body_ori=0.13679 body_lin=0.36022 body_ang=0.05394
[ACT_SUMMARY] abs_mean=0.7882 abs_p95=1.0141 abs_p99=1.1382 abs_max=1.5729 legs=0.8596 waist=0.7186 arms=0.7420
[FRAME_DIAG] frame0_abs=0.7944 frame1_abs=0.8153 in_chunk_delta=0.9148 cross_chunk_delta=0.9611
[UPDATE] 357/500 reward_step=-0.05119 chunk=-0.38158 done_frac=0.08749 mean_reward=-2.53132 mean_len=48.00
[SFPO] loss=1.95158 policy_loss=-0.01968 value_loss=1.97126 ratio=1.0002 [0.156,4.216] clip=0.1664 kl=0.013831 grad=0.8286 grad_c=11.8910 lr=0.000100 critic_lr=0.001000
[ROLLOUT] live=43.40 survive=0.50854 per_step=-0.04949 episode_projection=-24.74
[POLICY_DETAIL] samples=46016 raw_samples=49152 mb=11504 micro_mb=8192 logp_delta_abs=0.11108 old_logp=-125.81396 new_logp=-125.82734 adv_abs=0.56100 sde_steps=4
[TRAIN] mean_reward=-2.53132 mean_len=48.00 recent_eps=100 completed_eps=2228231
[UPDATE_EFFECT] action_delta=0.00842709 param_rms_delta=0.00034585
[TIME] collect=7.350s update=0.299s
[DONE] timeout=0.00000 anchor_pos=0.41650 anchor_ori=0.25208 ee_body=0.47864
[TRACK_ROLLOUT] anchor_pos=0.50427 anchor_ori=0.37538 body_pos=0.61462 body_ori=0.13679 body_lin=0.36131 body_ang=0.05407
[ACT_SUMMARY] abs_mean=0.7881 abs_p95=1.0158 abs_p99=1.1377 abs_max=1.5915 legs=0.8598 waist=0.7191 arms=0.7415
[FRAME_DIAG] frame0_abs=0.7937 frame1_abs=0.8161 in_chunk_delta=0.9144 cross_chunk_delta=0.9604
[UPDATE] 358/500 reward_step=-0.05105 chunk=-0.38008 done_frac=0.08795 mean_reward=-2.61185 mean_len=48.00
[SFPO] loss=2.12498 policy_loss=-0.01987 value_loss=2.14485 ratio=1.0004 [0.209,4.820] clip=0.1727 kl=0.014567 grad=0.8801 grad_c=11.7009 lr=0.000100 critic_lr=0.001000
[ROLLOUT] live=43.39 survive=0.50549 per_step=-0.04936 episode_projection=-24.68
[POLICY_DETAIL] samples=46058 raw_samples=49152 mb=11515 micro_mb=8192 logp_delta_abs=0.11391 old_logp=-125.83850 new_logp=-125.85245 adv_abs=0.57259 sde_steps=4
[TRAIN] mean_reward=-2.61185 mean_len=48.00 recent_eps=100 completed_eps=2232282
[UPDATE_EFFECT] action_delta=0.00865479 param_rms_delta=0.00034691
[TIME] collect=7.214s update=0.285s
[DONE] timeout=0.00000 anchor_pos=0.41455 anchor_ori=0.25439 ee_body=0.47974
[TRACK_ROLLOUT] anchor_pos=0.50621 anchor_ori=0.36951 body_pos=0.61847 body_ori=0.13583 body_lin=0.35824 body_ang=0.05342
[ACT_SUMMARY] abs_mean=0.7866 abs_p95=1.0137 abs_p99=1.1350 abs_max=1.5431 legs=0.8579 waist=0.7184 arms=0.7401
[FRAME_DIAG] frame0_abs=0.7930 frame1_abs=0.8141 in_chunk_delta=0.9144 cross_chunk_delta=0.9595
[UPDATE] 359/500 reward_step=-0.05116 chunk=-0.38123 done_frac=0.08784 mean_reward=-2.55763 mean_len=48.00
[SFPO] loss=2.05089 policy_loss=-0.01997 value_loss=2.07086 ratio=1.0001 [0.179,4.661] clip=0.1678 kl=0.014016 grad=0.8014 grad_c=11.1576 lr=0.000100 critic_lr=0.001000
[ROLLOUT] live=43.46 survive=0.50574 per_step=-0.04948 episode_projection=-24.74
[POLICY_DETAIL] samples=46097 raw_samples=49152 mb=11525 micro_mb=8192 logp_delta_abs=0.11172 old_logp=-125.87877 new_logp=-125.89247 adv_abs=0.56778 sde_steps=4
[TRAIN] mean_reward=-2.55763 mean_len=48.00 recent_eps=100 completed_eps=2236331
[UPDATE_EFFECT] action_delta=0.00808619 param_rms_delta=0.00034559
[TIME] collect=7.241s update=0.281s
[DONE] timeout=0.00000 anchor_pos=0.41431 anchor_ori=0.25427 ee_body=0.48096
[TRACK_ROLLOUT] anchor_pos=0.50599 anchor_ori=0.37571 body_pos=0.61590 body_ori=0.13592 body_lin=0.36112 body_ang=0.05378
[ACT_SUMMARY] abs_mean=0.7879 abs_p95=1.0158 abs_p99=1.1384 abs_max=1.5198 legs=0.8597 waist=0.7196 arms=0.7410
[FRAME_DIAG] frame0_abs=0.7945 frame1_abs=0.8161 in_chunk_delta=0.9149 cross_chunk_delta=0.9598
[UPDATE] 360/500 reward_step=-0.05111 chunk=-0.38069 done_frac=0.08672 mean_reward=-2.57522 mean_len=48.00
[SFPO] loss=1.98087 policy_loss=-0.02040 value_loss=2.00127 ratio=1.0009 [0.140,4.018] clip=0.1631 kl=0.013559 grad=0.8150 grad_c=19.2956 lr=0.000100 critic_lr=0.001000
[ROLLOUT] live=43.60 survive=0.51025 per_step=-0.04942 episode_projection=-24.71
[POLICY_DETAIL] samples=46266 raw_samples=49152 mb=11567 micro_mb=8192 logp_delta_abs=0.10995 old_logp=-125.85346 new_logp=-125.86586 adv_abs=0.57858 sde_steps=4
[TRAIN] mean_reward=-2.57522 mean_len=48.00 recent_eps=100 completed_eps=2240343
[UPDATE_EFFECT] action_delta=0.00814214 param_rms_delta=0.00034804
[TIME] collect=7.278s update=0.294s
[DONE] timeout=0.00000 anchor_pos=0.41089 anchor_ori=0.24292 ee_body=0.47668
[TRACK_ROLLOUT] anchor_pos=0.50470 anchor_ori=0.37468 body_pos=0.61489 body_ori=0.13574 body_lin=0.36072 body_ang=0.05374
[ACT_SUMMARY] abs_mean=0.7873 abs_p95=1.0140 abs_p99=1.1365 abs_max=1.5882 legs=0.8590 waist=0.7191 arms=0.7405
[FRAME_DIAG] frame0_abs=0.7933 frame1_abs=0.8162 in_chunk_delta=0.9143 cross_chunk_delta=0.9596
[UPDATE] 361/500 reward_step=-0.05121 chunk=-0.38144 done_frac=0.08917 mean_reward=-2.52263 mean_len=48.00
[SFPO] loss=2.04017 policy_loss=-0.01963 value_loss=2.05979 ratio=1.0004 [0.204,5.275] clip=0.1667 kl=0.013970 grad=0.7826 grad_c=23.5508 lr=0.000100 critic_lr=0.001000
[ROLLOUT] live=43.36 survive=0.49915 per_step=-0.04950 episode_projection=-24.75
[POLICY_DETAIL] samples=46011 raw_samples=49152 mb=11503 micro_mb=8192 logp_delta_abs=0.11141 old_logp=-125.82401 new_logp=-125.83733 adv_abs=0.56763 sde_steps=4
[TRAIN] mean_reward=-2.52263 mean_len=48.00 recent_eps=100 completed_eps=2244446
[UPDATE_EFFECT] action_delta=0.00804032 param_rms_delta=0.00034629
[TIME] collect=7.182s update=0.280s
[DONE] timeout=0.00000 anchor_pos=0.42407 anchor_ori=0.25610 ee_body=0.48816
[TRACK_ROLLOUT] anchor_pos=0.50378 anchor_ori=0.37188 body_pos=0.61426 body_ori=0.13604 body_lin=0.35862 body_ang=0.05369
[ACT_SUMMARY] abs_mean=0.7880 abs_p95=1.0155 abs_p99=1.1369 abs_max=1.5240 legs=0.8597 waist=0.7186 arms=0.7414
[FRAME_DIAG] frame0_abs=0.7952 frame1_abs=0.8151 in_chunk_delta=0.9141 cross_chunk_delta=0.9594
[UPDATE] 362/500 reward_step=-0.05120 chunk=-0.38178 done_frac=0.08659 mean_reward=-2.54512 mean_len=48.00
[SFPO] loss=2.03370 policy_loss=-0.01904 value_loss=2.05273 ratio=1.0002 [0.159,4.797] clip=0.1706 kl=0.014346 grad=0.8277 grad_c=19.7610 lr=0.000100 critic_lr=0.001000
[ROLLOUT] live=43.56 survive=0.51196 per_step=-0.04948 episode_projection=-24.74
[POLICY_DETAIL] samples=46171 raw_samples=49152 mb=11543 micro_mb=8192 logp_delta_abs=0.11316 old_logp=-125.84553 new_logp=-125.85943 adv_abs=0.56146 sde_steps=4
[TRAIN] mean_reward=-2.54512 mean_len=48.00 recent_eps=100 completed_eps=2248444
[UPDATE_EFFECT] action_delta=0.00835785 param_rms_delta=0.00034134
[TIME] collect=7.198s update=0.300s
[DONE] timeout=0.00000 anchor_pos=0.40967 anchor_ori=0.25574 ee_body=0.47351
[TRACK_ROLLOUT] anchor_pos=0.50497 anchor_ori=0.37570 body_pos=0.61368 body_ori=0.13584 body_lin=0.36083 body_ang=0.05370
[ACT_SUMMARY] abs_mean=0.7888 abs_p95=1.0158 abs_p99=1.1372 abs_max=1.6579 legs=0.8606 waist=0.7194 arms=0.7422
[FRAME_DIAG] frame0_abs=0.7954 frame1_abs=0.8168 in_chunk_delta=0.9142 cross_chunk_delta=0.9601
[UPDATE] 363/500 reward_step=-0.05126 chunk=-0.38186 done_frac=0.08685 mean_reward=-2.56411 mean_len=48.00
[SFPO] loss=1.83267 policy_loss=-0.02013 value_loss=1.85280 ratio=1.0006 [0.190,5.152] clip=0.1698 kl=0.014226 grad=0.8121 grad_c=14.5006 lr=0.000100 critic_lr=0.001000
[ROLLOUT] live=43.57 survive=0.50989 per_step=-0.04958 episode_projection=-24.79
[POLICY_DETAIL] samples=46230 raw_samples=49152 mb=11558 micro_mb=8192 logp_delta_abs=0.11281 old_logp=-125.84699 new_logp=-125.86035 adv_abs=0.56414 sde_steps=4
[TRAIN] mean_reward=-2.56411 mean_len=48.00 recent_eps=100 completed_eps=2252459
[UPDATE_EFFECT] action_delta=0.00847325 param_rms_delta=0.00034096
[TIME] collect=7.074s update=0.279s
[DONE] timeout=0.00000 anchor_pos=0.41125 anchor_ori=0.24756 ee_body=0.47705
[TRACK_ROLLOUT] anchor_pos=0.50345 anchor_ori=0.37315 body_pos=0.61506 body_ori=0.13525 body_lin=0.35963 body_ang=0.05351
[ACT_SUMMARY] abs_mean=0.7891 abs_p95=1.0172 abs_p99=1.1384 abs_max=1.5313 legs=0.8614 waist=0.7197 arms=0.7419
[FRAME_DIAG] frame0_abs=0.7963 frame1_abs=0.8172 in_chunk_delta=0.9146 cross_chunk_delta=0.9604
[UPDATE] 364/500 reward_step=-0.05111 chunk=-0.38105 done_frac=0.08689 mean_reward=-2.53227 mean_len=48.00
[SFPO] loss=1.90265 policy_loss=-0.02009 value_loss=1.92273 ratio=1.0005 [0.164,4.080] clip=0.1734 kl=0.014525 grad=0.7859 grad_c=11.9557 lr=0.000100 critic_lr=0.001000
[ROLLOUT] live=43.60 survive=0.50977 per_step=-0.04942 episode_projection=-24.71
[POLICY_DETAIL] samples=46221 raw_samples=49152 mb=11556 micro_mb=8192 logp_delta_abs=0.11395 old_logp=-125.81623 new_logp=-125.82999 adv_abs=0.56296 sde_steps=4
[TRAIN] mean_reward=-2.53227 mean_len=48.00 recent_eps=100 completed_eps=2256475
[UPDATE_EFFECT] action_delta=0.00873681 param_rms_delta=0.00034371
[TIME] collect=7.103s update=0.292s
[DONE] timeout=0.00000 anchor_pos=0.41321 anchor_ori=0.23633 ee_body=0.47693
[TRACK_ROLLOUT] anchor_pos=0.50705 anchor_ori=0.37816 body_pos=0.61633 body_ori=0.13630 body_lin=0.36152 body_ang=0.05429
[ACT_SUMMARY] abs_mean=0.7900 abs_p95=1.0185 abs_p99=1.1404 abs_max=1.5247 legs=0.8630 waist=0.7206 arms=0.7423
[FRAME_DIAG] frame0_abs=0.7974 frame1_abs=0.8184 in_chunk_delta=0.9143 cross_chunk_delta=0.9595
[UPDATE] 365/500 reward_step=-0.05116 chunk=-0.38153 done_frac=0.08612 mean_reward=-2.53859 mean_len=48.00
[SFPO] loss=2.04243 policy_loss=-0.01876 value_loss=2.06119 ratio=1.0007 [0.149,5.945] clip=0.1741 kl=0.014826 grad=0.8889 grad_c=23.3388 lr=0.000100 critic_lr=0.001000
[ROLLOUT] live=43.53 survive=0.51501 per_step=-0.04946 episode_projection=-24.73
[POLICY_DETAIL] samples=46135 raw_samples=49152 mb=11534 micro_mb=8192 logp_delta_abs=0.11463 old_logp=-125.79784 new_logp=-125.81169 adv_abs=0.56358 sde_steps=4
[TRAIN] mean_reward=-2.53859 mean_len=48.00 recent_eps=100 completed_eps=2260448
[UPDATE_EFFECT] action_delta=0.00860520 param_rms_delta=0.00034123
[TIME] collect=7.370s update=0.277s
[DONE] timeout=0.00000 anchor_pos=0.41150 anchor_ori=0.24463 ee_body=0.47168
[TRACK_ROLLOUT] anchor_pos=0.50489 anchor_ori=0.37489 body_pos=0.61486 body_ori=0.13706 body_lin=0.35967 body_ang=0.05375
[ACT_SUMMARY] abs_mean=0.7900 abs_p95=1.0187 abs_p99=1.1414 abs_max=1.5437 legs=0.8636 waist=0.7199 arms=0.7420
[FRAME_DIAG] frame0_abs=0.7969 frame1_abs=0.8186 in_chunk_delta=0.9140 cross_chunk_delta=0.9600
[UPDATE] 366/500 reward_step=-0.05124 chunk=-0.38181 done_frac=0.08796 mean_reward=-2.55085 mean_len=48.00
[SFPO] loss=1.87069 policy_loss=-0.01841 value_loss=1.88909 ratio=1.0003 [0.176,4.376] clip=0.1693 kl=0.014121 grad=0.8487 grad_c=13.2574 lr=0.000100 critic_lr=0.001000
[ROLLOUT] live=43.49 survive=0.50464 per_step=-0.04952 episode_projection=-24.76
[POLICY_DETAIL] samples=46134 raw_samples=49152 mb=11534 micro_mb=8192 logp_delta_abs=0.11278 old_logp=-125.80449 new_logp=-125.81811 adv_abs=0.57051 sde_steps=4
[TRAIN] mean_reward=-2.55085 mean_len=48.00 recent_eps=100 completed_eps=2264506
[UPDATE_EFFECT] action_delta=0.00854902 param_rms_delta=0.00034249
[TIME] collect=7.215s update=0.283s
[DONE] timeout=0.00000 anchor_pos=0.41577 anchor_ori=0.25000 ee_body=0.48083
[TRACK_ROLLOUT] anchor_pos=0.50585 anchor_ori=0.37028 body_pos=0.61535 body_ori=0.13547 body_lin=0.35912 body_ang=0.05353
[ACT_SUMMARY] abs_mean=0.7902 abs_p95=1.0186 abs_p99=1.1418 abs_max=1.6073 legs=0.8635 waist=0.7203 arms=0.7422
[FRAME_DIAG] frame0_abs=0.7969 frame1_abs=0.8193 in_chunk_delta=0.9145 cross_chunk_delta=0.9583
[UPDATE] 367/500 reward_step=-0.05115 chunk=-0.38150 done_frac=0.08525 mean_reward=-2.53811 mean_len=48.00
[SFPO] loss=2.01468 policy_loss=-0.01853 value_loss=2.03321 ratio=1.0001 [0.177,3.949] clip=0.1725 kl=0.014414 grad=0.8903 grad_c=19.0931 lr=0.000100 critic_lr=0.001000
[ROLLOUT] live=43.61 survive=0.51904 per_step=-0.04947 episode_projection=-24.74
[POLICY_DETAIL] samples=46217 raw_samples=49152 mb=11555 micro_mb=8192 logp_delta_abs=0.11362 old_logp=-125.80816 new_logp=-125.82221 adv_abs=0.56016 sde_steps=4
[TRAIN] mean_reward=-2.53811 mean_len=48.00 recent_eps=100 completed_eps=2268446
[UPDATE_EFFECT] action_delta=0.00836145 param_rms_delta=0.00033985
[TIME] collect=7.135s update=0.285s
[DONE] timeout=0.00000 anchor_pos=0.40698 anchor_ori=0.23962 ee_body=0.46692
[TRACK_ROLLOUT] anchor_pos=0.50449 anchor_ori=0.37735 body_pos=0.61581 body_ori=0.13636 body_lin=0.36134 body_ang=0.05394
[ACT_SUMMARY] abs_mean=0.7899 abs_p95=1.0199 abs_p99=1.1409 abs_max=1.6391 legs=0.8639 waist=0.7210 arms=0.7412
[FRAME_DIAG] frame0_abs=0.7967 frame1_abs=0.8194 in_chunk_delta=0.9144 cross_chunk_delta=0.9597
[UPDATE] 368/500 reward_step=-0.05121 chunk=-0.38188 done_frac=0.08550 mean_reward=-2.58656 mean_len=48.00
[SFPO] loss=1.90574 policy_loss=-0.01805 value_loss=1.92379 ratio=0.9998 [0.191,4.160] clip=0.1679 kl=0.013937 grad=0.8077 grad_c=23.4199 lr=0.000100 critic_lr=0.001000
[ROLLOUT] live=43.69 survive=0.51672 per_step=-0.04953 episode_projection=-24.76
[POLICY_DETAIL] samples=46306 raw_samples=49152 mb=11577 micro_mb=8192 logp_delta_abs=0.11194 old_logp=-125.79963 new_logp=-125.81353 adv_abs=0.56139 sde_steps=4
[TRAIN] mean_reward=-2.58656 mean_len=48.00 recent_eps=100 completed_eps=2272405
[UPDATE_EFFECT] action_delta=0.00803063 param_rms_delta=0.00033827
[TIME] collect=7.191s update=0.281s
[DONE] timeout=0.00000 anchor_pos=0.40955 anchor_ori=0.24402 ee_body=0.47278
[TRACK_ROLLOUT] anchor_pos=0.50224 anchor_ori=0.37805 body_pos=0.61592 body_ori=0.13659 body_lin=0.35954 body_ang=0.05379
[ACT_SUMMARY] abs_mean=0.7903 abs_p95=1.0192 abs_p99=1.1406 abs_max=1.5877 legs=0.8646 waist=0.7215 arms=0.7413
[FRAME_DIAG] frame0_abs=0.7978 frame1_abs=0.8195 in_chunk_delta=0.9146 cross_chunk_delta=0.9598
[UPDATE] 369/500 reward_step=-0.05135 chunk=-0.38302 done_frac=0.08771 mean_reward=-2.53611 mean_len=48.00
[SFPO] loss=1.97180 policy_loss=-0.01995 value_loss=1.99175 ratio=1.0012 [0.175,4.770] clip=0.1685 kl=0.013991 grad=0.8275 grad_c=8.7835 lr=0.000100 critic_lr=0.001000
[ROLLOUT] live=43.60 survive=0.50537 per_step=-0.04965 episode_projection=-24.83
[POLICY_DETAIL] samples=46200 raw_samples=49152 mb=11550 micro_mb=8192 logp_delta_abs=0.11173 old_logp=-125.81896 new_logp=-125.83152 adv_abs=0.54945 sde_steps=4
[TRAIN] mean_reward=-2.53611 mean_len=48.00 recent_eps=100 completed_eps=2276457
[UPDATE_EFFECT] action_delta=0.00828562 param_rms_delta=0.00034013
[TIME] collect=7.395s update=0.282s
[DONE] timeout=0.00000 anchor_pos=0.41223 anchor_ori=0.24585 ee_body=0.48047
[TRACK_ROLLOUT] anchor_pos=0.50194 anchor_ori=0.37265 body_pos=0.61378 body_ori=0.13648 body_lin=0.35863 body_ang=0.05342
[ACT_SUMMARY] abs_mean=0.7909 abs_p95=1.0198 abs_p99=1.1403 abs_max=1.6234 legs=0.8653 waist=0.7224 arms=0.7419
[FRAME_DIAG] frame0_abs=0.7974 frame1_abs=0.8190 in_chunk_delta=0.9143 cross_chunk_delta=0.9601
[UPDATE] 370/500 reward_step=-0.05114 chunk=-0.38164 done_frac=0.08566 mean_reward=-2.54754 mean_len=48.00
[SFPO] loss=2.11970 policy_loss=-0.01929 value_loss=2.13899 ratio=1.0000 [0.178,3.990] clip=0.1675 kl=0.013939 grad=0.7918 grad_c=11.6467 lr=0.000100 critic_lr=0.001000
[ROLLOUT] live=43.60 survive=0.51709 per_step=-0.04943 episode_projection=-24.71
[POLICY_DETAIL] samples=46182 raw_samples=49152 mb=11546 micro_mb=8192 logp_delta_abs=0.11144 old_logp=-125.84824 new_logp=-125.86190 adv_abs=0.55631 sde_steps=4
[TRAIN] mean_reward=-2.54754 mean_len=48.00 recent_eps=100 completed_eps=2280413
[UPDATE_EFFECT] action_delta=0.00810221 param_rms_delta=0.00033994
[TIME] collect=7.145s update=0.284s
[DONE] timeout=0.00000 anchor_pos=0.39551 anchor_ori=0.24609 ee_body=0.46899
[TRACK_ROLLOUT] anchor_pos=0.50649 anchor_ori=0.37590 body_pos=0.61649 body_ori=0.13660 body_lin=0.36049 body_ang=0.05372
[ACT_SUMMARY] abs_mean=0.7901 abs_p95=1.0191 abs_p99=1.1403 abs_max=1.5965 legs=0.8647 waist=0.7223 arms=0.7407
[FRAME_DIAG] frame0_abs=0.7969 frame1_abs=0.8189 in_chunk_delta=0.9142 cross_chunk_delta=0.9585
[UPDATE] 371/500 reward_step=-0.05116 chunk=-0.38135 done_frac=0.08602 mean_reward=-2.56002 mean_len=48.00
[SFPO] loss=2.04903 policy_loss=-0.01949 value_loss=2.06852 ratio=1.0004 [0.194,6.331] clip=0.1672 kl=0.013981 grad=0.7997 grad_c=18.1213 lr=0.000100 critic_lr=0.001000
[ROLLOUT] live=43.54 survive=0.51526 per_step=-0.04944 episode_projection=-24.72
[POLICY_DETAIL] samples=46166 raw_samples=49152 mb=11542 micro_mb=8192 logp_delta_abs=0.11139 old_logp=-125.82766 new_logp=-125.84099 adv_abs=0.55745 sde_steps=4
[TRAIN] mean_reward=-2.56002 mean_len=48.00 recent_eps=100 completed_eps=2284384
[UPDATE_EFFECT] action_delta=0.00862026 param_rms_delta=0.00033928
[TIME] collect=7.163s update=0.283s
[DONE] timeout=0.00000 anchor_pos=0.40576 anchor_ori=0.24878 ee_body=0.47253
[TRACK_ROLLOUT] anchor_pos=0.50548 anchor_ori=0.37566 body_pos=0.61513 body_ori=0.13634 body_lin=0.36096 body_ang=0.05365
[ACT_SUMMARY] abs_mean=0.7909 abs_p95=1.0198 abs_p99=1.1400 abs_max=1.5251 legs=0.8653 waist=0.7234 arms=0.7416
[FRAME_DIAG] frame0_abs=0.7984 frame1_abs=0.8203 in_chunk_delta=0.9143 cross_chunk_delta=0.9585
[UPDATE] 372/500 reward_step=-0.05120 chunk=-0.38197 done_frac=0.08374 mean_reward=-2.58801 mean_len=48.00
[SFPO] loss=2.02954 policy_loss=-0.01860 value_loss=2.04814 ratio=0.9999 [0.163,4.330] clip=0.1677 kl=0.014008 grad=0.7985 grad_c=23.8757 lr=0.000100 critic_lr=0.001000
[ROLLOUT] live=43.79 survive=0.52576 per_step=-0.04951 episode_projection=-24.76
[POLICY_DETAIL] samples=46395 raw_samples=49152 mb=11599 micro_mb=8192 logp_delta_abs=0.11183 old_logp=-125.83431 new_logp=-125.84817 adv_abs=0.56240 sde_steps=4
[TRAIN] mean_reward=-2.58801 mean_len=48.00 recent_eps=100 completed_eps=2288269
[UPDATE_EFFECT] action_delta=0.00811608 param_rms_delta=0.00034318
[TIME] collect=7.256s update=0.299s
[DONE] timeout=0.00000 anchor_pos=0.39587 anchor_ori=0.24451 ee_body=0.45972
[TRACK_ROLLOUT] anchor_pos=0.50417 anchor_ori=0.37180 body_pos=0.61592 body_ori=0.13692 body_lin=0.36037 body_ang=0.05381
[ACT_SUMMARY] abs_mean=0.7907 abs_p95=1.0209 abs_p99=1.1418 abs_max=1.5319 legs=0.8647 waist=0.7239 arms=0.7416
[FRAME_DIAG] frame0_abs=0.7981 frame1_abs=0.8193 in_chunk_delta=0.9145 cross_chunk_delta=0.9574
[UPDATE] 373/500 reward_step=-0.05105 chunk=-0.38097 done_frac=0.08489 mean_reward=-2.58988 mean_len=48.00
[SFPO] loss=2.07688 policy_loss=-0.01875 value_loss=2.09563 ratio=1.0007 [0.136,4.436] clip=0.1729 kl=0.014473 grad=0.8740 grad_c=39.0376 lr=0.000100 critic_lr=0.001000
[ROLLOUT] live=43.74 survive=0.51990 per_step=-0.04936 episode_projection=-24.68
[POLICY_DETAIL] samples=46330 raw_samples=49152 mb=11583 micro_mb=8192 logp_delta_abs=0.11397 old_logp=-125.84878 new_logp=-125.86236 adv_abs=0.56251 sde_steps=4
[TRAIN] mean_reward=-2.58988 mean_len=48.00 recent_eps=100 completed_eps=2292202
[UPDATE_EFFECT] action_delta=0.00850950 param_rms_delta=0.00034009
[TIME] collect=7.196s update=0.280s
[DONE] timeout=0.00000 anchor_pos=0.40564 anchor_ori=0.24402 ee_body=0.46411
[TRACK_ROLLOUT] anchor_pos=0.50577 anchor_ori=0.37491 body_pos=0.61521 body_ori=0.13656 body_lin=0.36153 body_ang=0.05384
[ACT_SUMMARY] abs_mean=0.7910 abs_p95=1.0204 abs_p99=1.1410 abs_max=1.5544 legs=0.8658 waist=0.7236 arms=0.7414
[FRAME_DIAG] frame0_abs=0.7980 frame1_abs=0.8193 in_chunk_delta=0.9136 cross_chunk_delta=0.9580
[UPDATE] 374/500 reward_step=-0.05097 chunk=-0.38071 done_frac=0.08364 mean_reward=-2.52323 mean_len=48.00
[SFPO] loss=1.99814 policy_loss=-0.01810 value_loss=2.01624 ratio=1.0005 [0.172,4.897] clip=0.1732 kl=0.014753 grad=0.8695 grad_c=19.8834 lr=0.000100 critic_lr=0.001000
[ROLLOUT] live=43.81 survive=0.52661 per_step=-0.04930 episode_projection=-24.65
[POLICY_DETAIL] samples=46363 raw_samples=49152 mb=11591 micro_mb=8192 logp_delta_abs=0.11400 old_logp=-125.84531 new_logp=-125.85928 adv_abs=0.56458 sde_steps=4
[TRAIN] mean_reward=-2.52323 mean_len=48.00 recent_eps=100 completed_eps=2296080
[UPDATE_EFFECT] action_delta=0.00844589 param_rms_delta=0.00034228
[TIME] collect=7.156s update=0.286s
[DONE] timeout=0.00000 anchor_pos=0.39844 anchor_ori=0.24060 ee_body=0.45532
[TRACK_ROLLOUT] anchor_pos=0.50819 anchor_ori=0.37460 body_pos=0.62009 body_ori=0.13763 body_lin=0.36027 body_ang=0.05435
[ACT_SUMMARY] abs_mean=0.7912 abs_p95=1.0202 abs_p99=1.1422 abs_max=1.5319 legs=0.8665 waist=0.7239 arms=0.7412
[FRAME_DIAG] frame0_abs=0.8001 frame1_abs=0.8207 in_chunk_delta=0.9136 cross_chunk_delta=0.9576
[UPDATE] 375/500 reward_step=-0.05118 chunk=-0.38218 done_frac=0.08318 mean_reward=-2.58099 mean_len=48.00
[SFPO] loss=1.84116 policy_loss=-0.01924 value_loss=1.86039 ratio=1.0001 [0.173,4.575] clip=0.1689 kl=0.014349 grad=0.8926 grad_c=10.7590 lr=0.000100 critic_lr=0.001000
[ROLLOUT] live=43.83 survive=0.52905 per_step=-0.04949 episode_projection=-24.74
[POLICY_DETAIL] samples=46383 raw_samples=49152 mb=11596 micro_mb=8192 logp_delta_abs=0.11240 old_logp=-125.82188 new_logp=-125.83584 adv_abs=0.57379 sde_steps=4
[TRAIN] mean_reward=-2.58099 mean_len=48.00 recent_eps=100 completed_eps=2299938
[UPDATE_EFFECT] action_delta=0.00841381 param_rms_delta=0.00034278
[TIME] collect=7.298s update=0.280s
[DONE] timeout=0.00000 anchor_pos=0.39587 anchor_ori=0.23926 ee_body=0.45642
[TRACK_ROLLOUT] anchor_pos=0.50594 anchor_ori=0.37645 body_pos=0.61611 body_ori=0.13600 body_lin=0.35997 body_ang=0.05374
[ACT_SUMMARY] abs_mean=0.7912 abs_p95=1.0206 abs_p99=1.1411 abs_max=1.5005 legs=0.8661 waist=0.7257 arms=0.7411
[FRAME_DIAG] frame0_abs=0.7990 frame1_abs=0.8206 in_chunk_delta=0.9141 cross_chunk_delta=0.9597
[UPDATE] 376/500 reward_step=-0.05108 chunk=-0.38161 done_frac=0.08292 mean_reward=-2.56424 mean_len=48.00
[SFPO] loss=2.12295 policy_loss=-0.02000 value_loss=2.14295 ratio=1.0006 [0.147,5.141] clip=0.1686 kl=0.014242 grad=0.9091 grad_c=22.7996 lr=0.000100 critic_lr=0.001000
[ROLLOUT] live=43.80 survive=0.53101 per_step=-0.04938 episode_projection=-24.69
[POLICY_DETAIL] samples=46335 raw_samples=49152 mb=11584 micro_mb=8192 logp_delta_abs=0.11237 old_logp=-125.79745 new_logp=-125.81088 adv_abs=0.55627 sde_steps=4
[TRAIN] mean_reward=-2.56424 mean_len=48.00 recent_eps=100 completed_eps=2303780
[UPDATE_EFFECT] action_delta=0.00837791 param_rms_delta=0.00033725
[TIME] collect=7.104s update=0.280s
[DONE] timeout=0.00000 anchor_pos=0.39355 anchor_ori=0.23230 ee_body=0.45691
[TRACK_ROLLOUT] anchor_pos=0.50831 anchor_ori=0.37758 body_pos=0.61678 body_ori=0.13604 body_lin=0.36212 body_ang=0.05378
[ACT_SUMMARY] abs_mean=0.7915 abs_p95=1.0214 abs_p99=1.1425 abs_max=1.6199 legs=0.8667 waist=0.7259 arms=0.7411
[FRAME_DIAG] frame0_abs=0.7988 frame1_abs=0.8206 in_chunk_delta=0.9141 cross_chunk_delta=0.9575
[UPDATE] 377/500 reward_step=-0.05109 chunk=-0.38157 done_frac=0.08344 mean_reward=-2.59724 mean_len=48.00
[SFPO] loss=1.89694 policy_loss=-0.01906 value_loss=1.91600 ratio=1.0001 [0.152,5.057] clip=0.1656 kl=0.013982 grad=0.9436 grad_c=17.0093 lr=0.000100 critic_lr=0.001000
[ROLLOUT] live=43.77 survive=0.52820 per_step=-0.04940 episode_projection=-24.70
[POLICY_DETAIL] samples=46321 raw_samples=49152 mb=11581 micro_mb=8192 logp_delta_abs=0.11101 old_logp=-125.83348 new_logp=-125.84717 adv_abs=0.57243 sde_steps=4
[TRAIN] mean_reward=-2.59724 mean_len=48.00 recent_eps=100 completed_eps=2307645
[UPDATE_EFFECT] action_delta=0.00798406 param_rms_delta=0.00033182
[TIME] collect=7.160s update=0.281s
[DONE] timeout=0.00000 anchor_pos=0.39954 anchor_ori=0.23865 ee_body=0.46106
[TRACK_ROLLOUT] anchor_pos=0.50703 anchor_ori=0.37691 body_pos=0.61968 body_ori=0.13774 body_lin=0.36014 body_ang=0.05378
[ACT_SUMMARY] abs_mean=0.7919 abs_p95=1.0229 abs_p99=1.1432 abs_max=1.5375 legs=0.8675 waist=0.7255 arms=0.7414
[FRAME_DIAG] frame0_abs=0.7997 frame1_abs=0.8215 in_chunk_delta=0.9141 cross_chunk_delta=0.9589
[UPDATE] 378/500 reward_step=-0.05126 chunk=-0.38278 done_frac=0.08352 mean_reward=-2.62173 mean_len=48.00
[SFPO] loss=1.88732 policy_loss=-0.01886 value_loss=1.90618 ratio=1.0003 [0.153,5.112] clip=0.1687 kl=0.013947 grad=0.8527 grad_c=23.4950 lr=0.000100 critic_lr=0.001000
[ROLLOUT] live=43.78 survive=0.52759 per_step=-0.04959 episode_projection=-24.79
[POLICY_DETAIL] samples=46338 raw_samples=49152 mb=11585 micro_mb=8192 logp_delta_abs=0.11215 old_logp=-125.84542 new_logp=-125.85885 adv_abs=0.57135 sde_steps=4
[TRAIN] mean_reward=-2.62173 mean_len=48.00 recent_eps=100 completed_eps=2311515
[UPDATE_EFFECT] action_delta=0.00843528 param_rms_delta=0.00033857
[TIME] collect=7.231s update=0.290s
[DONE] timeout=0.00000 anchor_pos=0.39917 anchor_ori=0.24170 ee_body=0.45959
[TRACK_ROLLOUT] anchor_pos=0.50587 anchor_ori=0.37762 body_pos=0.61777 body_ori=0.13740 body_lin=0.36058 body_ang=0.05406
[ACT_SUMMARY] abs_mean=0.7930 abs_p95=1.0239 abs_p99=1.1435 abs_max=1.5487 legs=0.8693 waist=0.7265 arms=0.7419
[FRAME_DIAG] frame0_abs=0.8005 frame1_abs=0.8222 in_chunk_delta=0.9145 cross_chunk_delta=0.9582
[UPDATE] 379/500 reward_step=-0.05107 chunk=-0.38161 done_frac=0.08141 mean_reward=-2.58283 mean_len=48.00
[SFPO] loss=1.91156 policy_loss=-0.01843 value_loss=1.93000 ratio=0.9998 [0.159,4.835] clip=0.1736 kl=0.014684 grad=0.8640 grad_c=22.2221 lr=0.000100 critic_lr=0.001000
[ROLLOUT] live=43.91 survive=0.53845 per_step=-0.04939 episode_projection=-24.70
[POLICY_DETAIL] samples=46445 raw_samples=49152 mb=11612 micro_mb=8192 logp_delta_abs=0.11425 old_logp=-125.84821 new_logp=-125.86280 adv_abs=0.56226 sde_steps=4
[TRAIN] mean_reward=-2.58283 mean_len=48.00 recent_eps=100 completed_eps=2315296
[UPDATE_EFFECT] action_delta=0.00864436 param_rms_delta=0.00034046
[TIME] collect=7.148s update=0.279s
[DONE] timeout=0.00000 anchor_pos=0.38806 anchor_ori=0.23169 ee_body=0.44958
[TRACK_ROLLOUT] anchor_pos=0.50809 anchor_ori=0.37815 body_pos=0.62082 body_ori=0.13733 body_lin=0.36224 body_ang=0.05410
[ACT_SUMMARY] abs_mean=0.7922 abs_p95=1.0224 abs_p99=1.1416 abs_max=1.5507 legs=0.8689 waist=0.7253 arms=0.7408
[FRAME_DIAG] frame0_abs=0.7998 frame1_abs=0.8219 in_chunk_delta=0.9142 cross_chunk_delta=0.9580
[UPDATE] 380/500 reward_step=-0.05133 chunk=-0.38376 done_frac=0.08095 mean_reward=-2.56346 mean_len=48.00
[SFPO] loss=2.03043 policy_loss=-0.01797 value_loss=2.04840 ratio=1.0001 [0.193,4.018] clip=0.1655 kl=0.013685 grad=0.8380 grad_c=20.4486 lr=0.000100 critic_lr=0.001000
[ROLLOUT] live=44.00 survive=0.54041 per_step=-0.04963 episode_projection=-24.82
[POLICY_DETAIL] samples=46512 raw_samples=49152 mb=11628 micro_mb=8192 logp_delta_abs=0.11057 old_logp=-125.82480 new_logp=-125.83817 adv_abs=0.56421 sde_steps=4
[TRAIN] mean_reward=-2.56346 mean_len=48.00 recent_eps=100 completed_eps=2319061
[UPDATE_EFFECT] action_delta=0.00821906 param_rms_delta=0.00033780
[TIME] collect=7.274s update=0.281s
[DONE] timeout=0.00000 anchor_pos=0.38513 anchor_ori=0.22620 ee_body=0.44592
[TRACK_ROLLOUT] anchor_pos=0.50239 anchor_ori=0.37476 body_pos=0.61494 body_ori=0.13669 body_lin=0.36058 body_ang=0.05365
[ACT_SUMMARY] abs_mean=0.7931 abs_p95=1.0232 abs_p99=1.1430 abs_max=1.6206 legs=0.8688 waist=0.7257 arms=0.7426
[FRAME_DIAG] frame0_abs=0.7994 frame1_abs=0.8220 in_chunk_delta=0.9144 cross_chunk_delta=0.9582
[UPDATE] 381/500 reward_step=-0.05142 chunk=-0.38418 done_frac=0.08170 mean_reward=-2.58324 mean_len=48.00
[SFPO] loss=2.03346 policy_loss=-0.01740 value_loss=2.05086 ratio=1.0003 [0.210,4.702] clip=0.1717 kl=0.014243 grad=0.8373 grad_c=11.5053 lr=0.000100 critic_lr=0.001000
[ROLLOUT] live=43.90 survive=0.53687 per_step=-0.04975 episode_projection=-24.88
[POLICY_DETAIL] samples=46440 raw_samples=49152 mb=11610 micro_mb=8192 logp_delta_abs=0.11345 old_logp=-125.82452 new_logp=-125.83826 adv_abs=0.56368 sde_steps=4
[TRAIN] mean_reward=-2.58324 mean_len=48.00 recent_eps=100 completed_eps=2322855
[UPDATE_EFFECT] action_delta=0.00846349 param_rms_delta=0.00033779
[TIME] collect=7.242s update=0.281s
[DONE] timeout=0.00000 anchor_pos=0.39160 anchor_ori=0.23108 ee_body=0.44617
[TRACK_ROLLOUT] anchor_pos=0.50480 anchor_ori=0.37513 body_pos=0.61611 body_ori=0.13732 body_lin=0.36065 body_ang=0.05371
[ACT_SUMMARY] abs_mean=0.7945 abs_p95=1.0266 abs_p99=1.1473 abs_max=1.5402 legs=0.8715 waist=0.7271 arms=0.7430
[FRAME_DIAG] frame0_abs=0.8018 frame1_abs=0.8242 in_chunk_delta=0.9149 cross_chunk_delta=0.9592
[UPDATE] 382/500 reward_step=-0.05129 chunk=-0.38343 done_frac=0.08223 mean_reward=-2.64070 mean_len=48.00
[SFPO] loss=2.12904 policy_loss=-0.01943 value_loss=2.14847 ratio=1.0005 [0.190,4.940] clip=0.1731 kl=0.014420 grad=0.8871 grad_c=18.2258 lr=0.000100 critic_lr=0.001000
[ROLLOUT] live=43.96 survive=0.53345 per_step=-0.04961 episode_projection=-24.81
[POLICY_DETAIL] samples=46479 raw_samples=49152 mb=11620 micro_mb=8192 logp_delta_abs=0.11372 old_logp=-125.86584 new_logp=-125.87949 adv_abs=0.56184 sde_steps=4
[TRAIN] mean_reward=-2.64070 mean_len=48.00 recent_eps=100 completed_eps=2326677
[UPDATE_EFFECT] action_delta=0.00811510 param_rms_delta=0.00033579
[TIME] collect=7.033s update=0.280s
[DONE] timeout=0.00000 anchor_pos=0.39380 anchor_ori=0.23096 ee_body=0.45032
[TRACK_ROLLOUT] anchor_pos=0.50520 anchor_ori=0.37774 body_pos=0.62043 body_ori=0.13760 body_lin=0.35970 body_ang=0.05397
[ACT_SUMMARY] abs_mean=0.7937 abs_p95=1.0247 abs_p99=1.1443 abs_max=1.5408 legs=0.8714 waist=0.7270 arms=0.7413
[FRAME_DIAG] frame0_abs=0.8007 frame1_abs=0.8239 in_chunk_delta=0.9149 cross_chunk_delta=0.9590
[UPDATE] 383/500 reward_step=-0.05117 chunk=-0.38253 done_frac=0.08031 mean_reward=-2.60056 mean_len=48.00
[SFPO] loss=2.01121 policy_loss=-0.01912 value_loss=2.03034 ratio=1.0009 [0.222,4.358] clip=0.1687 kl=0.013849 grad=0.8362 grad_c=15.1653 lr=0.000100 critic_lr=0.001000
[ROLLOUT] live=44.08 survive=0.54309 per_step=-0.04951 episode_projection=-24.75
[POLICY_DETAIL] samples=46608 raw_samples=49152 mb=11652 micro_mb=8192 logp_delta_abs=0.11198 old_logp=-125.85322 new_logp=-125.86599 adv_abs=0.56787 sde_steps=4
[TRAIN] mean_reward=-2.60056 mean_len=48.00 recent_eps=100 completed_eps=2330420
[UPDATE_EFFECT] action_delta=0.00828324 param_rms_delta=0.00033673
[TIME] collect=7.072s update=0.281s
[DONE] timeout=0.00000 anchor_pos=0.38574 anchor_ori=0.22351 ee_body=0.44153
[TRACK_ROLLOUT] anchor_pos=0.50959 anchor_ori=0.37787 body_pos=0.62045 body_ori=0.13815 body_lin=0.36135 body_ang=0.05403
[ACT_SUMMARY] abs_mean=0.7934 abs_p95=1.0255 abs_p99=1.1453 abs_max=1.5003 legs=0.8716 waist=0.7254 arms=0.7410
[FRAME_DIAG] frame0_abs=0.8008 frame1_abs=0.8233 in_chunk_delta=0.9146 cross_chunk_delta=0.9592
[UPDATE] 384/500 reward_step=-0.05122 chunk=-0.38286 done_frac=0.08098 mean_reward=-2.56234 mean_len=48.00
[SFPO] loss=2.10257 policy_loss=-0.01922 value_loss=2.12179 ratio=1.0002 [0.169,5.322] clip=0.1745 kl=0.014700 grad=0.8540 grad_c=10.9070 lr=0.000100 critic_lr=0.001000
[ROLLOUT] live=43.92 survive=0.54102 per_step=-0.04953 episode_projection=-24.77
[POLICY_DETAIL] samples=46433 raw_samples=49152 mb=11609 micro_mb=8192 logp_delta_abs=0.11469 old_logp=-125.82827 new_logp=-125.84251 adv_abs=0.55523 sde_steps=4
[TRAIN] mean_reward=-2.56234 mean_len=48.00 recent_eps=100 completed_eps=2334180
[UPDATE_EFFECT] action_delta=0.00814570 param_rms_delta=0.00033936
[TIME] collect=7.032s update=0.283s
[DONE] timeout=0.00000 anchor_pos=0.38281 anchor_ori=0.22485 ee_body=0.44421
[TRACK_ROLLOUT] anchor_pos=0.50990 anchor_ori=0.37665 body_pos=0.62108 body_ori=0.13722 body_lin=0.36137 body_ang=0.05381
[ACT_SUMMARY] abs_mean=0.7947 abs_p95=1.0260 abs_p99=1.1464 abs_max=1.5693 legs=0.8728 waist=0.7260 arms=0.7424
[FRAME_DIAG] frame0_abs=0.8021 frame1_abs=0.8236 in_chunk_delta=0.9147 cross_chunk_delta=0.9595
[UPDATE] 385/500 reward_step=-0.05153 chunk=-0.38500 done_frac=0.08057 mean_reward=-2.58977 mean_len=48.00
[SFPO] loss=1.96889 policy_loss=-0.01939 value_loss=1.98829 ratio=1.0005 [0.136,5.173] clip=0.1699 kl=0.014272 grad=0.8886 grad_c=11.5960 lr=0.000100 critic_lr=0.001000
[ROLLOUT] live=44.01 survive=0.54211 per_step=-0.04984 episode_projection=-24.92
[POLICY_DETAIL] samples=46558 raw_samples=49152 mb=11640 micro_mb=8192 logp_delta_abs=0.11261 old_logp=-125.89294 new_logp=-125.90650 adv_abs=0.56663 sde_steps=4
[TRAIN] mean_reward=-2.58977 mean_len=48.00 recent_eps=100 completed_eps=2337931
[UPDATE_EFFECT] action_delta=0.00853598 param_rms_delta=0.00034036
[TIME] collect=7.072s update=0.282s
[DONE] timeout=0.00000 anchor_pos=0.38696 anchor_ori=0.23535 ee_body=0.44287
[TRACK_ROLLOUT] anchor_pos=0.50576 anchor_ori=0.37600 body_pos=0.61700 body_ori=0.13713 body_lin=0.36119 body_ang=0.05356
[ACT_SUMMARY] abs_mean=0.7958 abs_p95=1.0284 abs_p99=1.1461 abs_max=1.5211 legs=0.8744 waist=0.7269 arms=0.7432
[FRAME_DIAG] frame0_abs=0.8029 frame1_abs=0.8243 in_chunk_delta=0.9153 cross_chunk_delta=0.9606
[UPDATE] 386/500 reward_step=-0.05138 chunk=-0.38393 done_frac=0.08134 mean_reward=-2.57567 mean_len=48.00
[SFPO] loss=2.03028 policy_loss=-0.01877 value_loss=2.04905 ratio=0.9996 [0.182,4.099] clip=0.1748 kl=0.014784 grad=0.8861 grad_c=14.4184 lr=0.000100 critic_lr=0.001000
[ROLLOUT] live=43.96 survive=0.53833 per_step=-0.04970 episode_projection=-24.85
[POLICY_DETAIL] samples=46495 raw_samples=49152 mb=11624 micro_mb=8192 logp_delta_abs=0.11489 old_logp=-125.81507 new_logp=-125.82993 adv_abs=0.56244 sde_steps=4
[TRAIN] mean_reward=-2.57567 mean_len=48.00 recent_eps=100 completed_eps=2341713
[UPDATE_EFFECT] action_delta=0.00863624 param_rms_delta=0.00033787
[TIME] collect=7.058s update=0.280s
[DONE] timeout=0.00000 anchor_pos=0.39087 anchor_ori=0.23120 ee_body=0.44873
[TRACK_ROLLOUT] anchor_pos=0.50705 anchor_ori=0.37564 body_pos=0.61807 body_ori=0.13625 body_lin=0.35889 body_ang=0.05315
[ACT_SUMMARY] abs_mean=0.7953 abs_p95=1.0275 abs_p99=1.1462 abs_max=1.5412 legs=0.8736 waist=0.7272 arms=0.7427
[FRAME_DIAG] frame0_abs=0.8036 frame1_abs=0.8248 in_chunk_delta=0.9150 cross_chunk_delta=0.9580
[UPDATE] 387/500 reward_step=-0.05118 chunk=-0.38257 done_frac=0.08168 mean_reward=-2.58701 mean_len=48.00
[SFPO] loss=2.02307 policy_loss=-0.02021 value_loss=2.04328 ratio=1.0002 [0.188,4.399] clip=0.1697 kl=0.014241 grad=0.8686 grad_c=9.2265 lr=0.000100 critic_lr=0.001000
[ROLLOUT] live=43.90 survive=0.53711 per_step=-0.04951 episode_projection=-24.75
[POLICY_DETAIL] samples=46423 raw_samples=49152 mb=11606 micro_mb=8192 logp_delta_abs=0.11275 old_logp=-125.81608 new_logp=-125.82990 adv_abs=0.56045 sde_steps=4
[TRAIN] mean_reward=-2.58701 mean_len=48.00 recent_eps=100 completed_eps=2345505
[UPDATE_EFFECT] action_delta=0.00798073 param_rms_delta=0.00033786
[TIME] collect=7.105s update=0.281s
[DONE] timeout=0.00000 anchor_pos=0.38745 anchor_ori=0.22839 ee_body=0.45007
[TRACK_ROLLOUT] anchor_pos=0.51002 anchor_ori=0.37718 body_pos=0.62031 body_ori=0.13784 body_lin=0.36243 body_ang=0.05417
[ACT_SUMMARY] abs_mean=0.7956 abs_p95=1.0294 abs_p99=1.1500 abs_max=1.5848 legs=0.8750 waist=0.7264 arms=0.7424
[FRAME_DIAG] frame0_abs=0.8025 frame1_abs=0.8244 in_chunk_delta=0.9149 cross_chunk_delta=0.9577
[UPDATE] 388/500 reward_step=-0.05152 chunk=-0.38513 done_frac=0.08026 mean_reward=-2.57414 mean_len=48.00
[SFPO] loss=2.00464 policy_loss=-0.01787 value_loss=2.02250 ratio=1.0000 [0.176,4.984] clip=0.1698 kl=0.014135 grad=0.9089 grad_c=20.7465 lr=0.000100 critic_lr=0.001000
[ROLLOUT] live=43.99 survive=0.54431 per_step=-0.04983 episode_projection=-24.91
[POLICY_DETAIL] samples=46513 raw_samples=49152 mb=11629 micro_mb=8192 logp_delta_abs=0.11280 old_logp=-125.85331 new_logp=-125.86725 adv_abs=0.56786 sde_steps=4
[TRAIN] mean_reward=-2.57414 mean_len=48.00 recent_eps=100 completed_eps=2349238
[UPDATE_EFFECT] action_delta=0.00851736 param_rms_delta=0.00033621
[TIME] collect=7.261s update=0.285s
[DONE] timeout=0.00000 anchor_pos=0.39148 anchor_ori=0.23657 ee_body=0.44226
[TRACK_ROLLOUT] anchor_pos=0.50599 anchor_ori=0.37485 body_pos=0.61745 body_ori=0.13626 body_lin=0.35871 body_ang=0.05318
[ACT_SUMMARY] abs_mean=0.7961 abs_p95=1.0284 abs_p99=1.1474 abs_max=1.5923 legs=0.8745 waist=0.7287 arms=0.7433
[FRAME_DIAG] frame0_abs=0.8035 frame1_abs=0.8260 in_chunk_delta=0.9155 cross_chunk_delta=0.9593
[UPDATE] 389/500 reward_step=-0.05136 chunk=-0.38382 done_frac=0.07997 mean_reward=-2.60900 mean_len=48.00
[SFPO] loss=2.05764 policy_loss=-0.02079 value_loss=2.07843 ratio=1.0001 [0.145,5.302] clip=0.1759 kl=0.014837 grad=0.8616 grad_c=19.4358 lr=0.000100 critic_lr=0.001000
[ROLLOUT] live=44.10 survive=0.54480 per_step=-0.04969 episode_projection=-24.84
[POLICY_DETAIL] samples=46631 raw_samples=49152 mb=11658 micro_mb=8192 logp_delta_abs=0.11473 old_logp=-125.86251 new_logp=-125.87697 adv_abs=0.56149 sde_steps=4
[TRAIN] mean_reward=-2.60900 mean_len=48.00 recent_eps=100 completed_eps=2352967
[UPDATE_EFFECT] action_delta=0.00828261 param_rms_delta=0.00033763
[TIME] collect=7.140s update=0.284s
[DONE] timeout=0.00000 anchor_pos=0.38379 anchor_ori=0.22424 ee_body=0.44202
[TRACK_ROLLOUT] anchor_pos=0.50708 anchor_ori=0.37783 body_pos=0.61891 body_ori=0.13766 body_lin=0.36077 body_ang=0.05371
[ACT_SUMMARY] abs_mean=0.7957 abs_p95=1.0289 abs_p99=1.1480 abs_max=1.5473 legs=0.8746 waist=0.7283 arms=0.7426
[FRAME_DIAG] frame0_abs=0.8031 frame1_abs=0.8253 in_chunk_delta=0.9152 cross_chunk_delta=0.9593
[UPDATE] 390/500 reward_step=-0.05139 chunk=-0.38392 done_frac=0.08115 mean_reward=-2.58647 mean_len=48.00
[SFPO] loss=2.13811 policy_loss=-0.02045 value_loss=2.15856 ratio=0.9999 [0.199,4.767] clip=0.1709 kl=0.014184 grad=0.8437 grad_c=37.8979 lr=0.000100 critic_lr=0.001000
[ROLLOUT] live=44.00 survive=0.53894 per_step=-0.04970 episode_projection=-24.85
[POLICY_DETAIL] samples=46544 raw_samples=49152 mb=11636 micro_mb=8192 logp_delta_abs=0.11331 old_logp=-125.82688 new_logp=-125.84087 adv_abs=0.56026 sde_steps=4
[TRAIN] mean_reward=-2.58647 mean_len=48.00 recent_eps=100 completed_eps=2356744
[UPDATE_EFFECT] action_delta=0.00804418 param_rms_delta=0.00033316
[TIME] collect=7.111s update=0.283s
[DONE] timeout=0.00000 anchor_pos=0.38562 anchor_ori=0.22522 ee_body=0.44763
[TRACK_ROLLOUT] anchor_pos=0.50592 anchor_ori=0.37743 body_pos=0.61892 body_ori=0.13801 body_lin=0.35952 body_ang=0.05368
[ACT_SUMMARY] abs_mean=0.7966 abs_p95=1.0296 abs_p99=1.1489 abs_max=1.5685 legs=0.8758 waist=0.7285 arms=0.7433
[FRAME_DIAG] frame0_abs=0.8029 frame1_abs=0.8255 in_chunk_delta=0.9153 cross_chunk_delta=0.9582
[UPDATE] 391/500 reward_step=-0.05123 chunk=-0.38317 done_frac=0.07823 mean_reward=-2.63113 mean_len=48.00
[SFPO] loss=2.06409 policy_loss=-0.02016 value_loss=2.08426 ratio=0.9995 [0.171,3.904] clip=0.1691 kl=0.014020 grad=0.8237 grad_c=14.2479 lr=0.000100 critic_lr=0.001000
[ROLLOUT] live=44.10 survive=0.55505 per_step=-0.04957 episode_projection=-24.79
[POLICY_DETAIL] samples=46591 raw_samples=49152 mb=11648 micro_mb=8192 logp_delta_abs=0.11258 old_logp=-125.83545 new_logp=-125.84973 adv_abs=0.56036 sde_steps=4
[TRAIN] mean_reward=-2.63113 mean_len=48.00 recent_eps=100 completed_eps=2360389
[UPDATE_EFFECT] action_delta=0.00834733 param_rms_delta=0.00033703
[TIME] collect=7.365s update=0.286s
[DONE] timeout=0.00000 anchor_pos=0.37280 anchor_ori=0.21875 ee_body=0.43054
[TRACK_ROLLOUT] anchor_pos=0.50815 anchor_ori=0.37892 body_pos=0.62031 body_ori=0.13879 body_lin=0.36186 body_ang=0.05387
[ACT_SUMMARY] abs_mean=0.7965 abs_p95=1.0301 abs_p99=1.1459 abs_max=1.5883 legs=0.8760 waist=0.7284 arms=0.7429
[FRAME_DIAG] frame0_abs=0.8033 frame1_abs=0.8253 in_chunk_delta=0.9148 cross_chunk_delta=0.9587
[UPDATE] 392/500 reward_step=-0.05150 chunk=-0.38521 done_frac=0.07924 mean_reward=-2.62025 mean_len=48.00
[SFPO] loss=2.11967 policy_loss=-0.01972 value_loss=2.13939 ratio=0.9998 [0.190,5.990] clip=0.1764 kl=0.014777 grad=0.9039 grad_c=11.6652 lr=0.000100 critic_lr=0.001000
[ROLLOUT] live=44.10 survive=0.54932 per_step=-0.04982 episode_projection=-24.91
[POLICY_DETAIL] samples=46592 raw_samples=49152 mb=11648 micro_mb=8192 logp_delta_abs=0.11547 old_logp=-125.84264 new_logp=-125.85730 adv_abs=0.56043 sde_steps=4
[TRAIN] mean_reward=-2.62025 mean_len=48.00 recent_eps=100 completed_eps=2364081
[UPDATE_EFFECT] action_delta=0.00858921 param_rms_delta=0.00033502
[TIME] collect=7.167s update=0.286s
[DONE] timeout=0.00000 anchor_pos=0.37634 anchor_ori=0.21790 ee_body=0.43713
[TRACK_ROLLOUT] anchor_pos=0.50633 anchor_ori=0.38010 body_pos=0.62094 body_ori=0.13991 body_lin=0.36037 body_ang=0.05433
[ACT_SUMMARY] abs_mean=0.7983 abs_p95=1.0329 abs_p99=1.1512 abs_max=1.5548 legs=0.8792 waist=0.7295 arms=0.7437
[FRAME_DIAG] frame0_abs=0.8046 frame1_abs=0.8270 in_chunk_delta=0.9156 cross_chunk_delta=0.9583
[UPDATE] 393/500 reward_step=-0.05137 chunk=-0.38433 done_frac=0.07809 mean_reward=-2.58979 mean_len=48.00
[SFPO] loss=2.13050 policy_loss=-0.01909 value_loss=2.14959 ratio=1.0002 [0.149,5.995] clip=0.1696 kl=0.014136 grad=0.9859 grad_c=23.3243 lr=0.000100 critic_lr=0.001000
[ROLLOUT] live=44.17 survive=0.55518 per_step=-0.04970 episode_projection=-24.85
[POLICY_DETAIL] samples=46662 raw_samples=49152 mb=11666 micro_mb=8192 logp_delta_abs=0.11253 old_logp=-125.82484 new_logp=-125.83857 adv_abs=0.56619 sde_steps=4
[TRAIN] mean_reward=-2.58979 mean_len=48.00 recent_eps=100 completed_eps=2367725
[UPDATE_EFFECT] action_delta=0.00838996 param_rms_delta=0.00032972
[TIME] collect=7.133s update=0.298s
[DONE] timeout=0.00000 anchor_pos=0.37048 anchor_ori=0.21326 ee_body=0.42896
[TRACK_ROLLOUT] anchor_pos=0.50817 anchor_ori=0.37770 body_pos=0.62022 body_ori=0.13917 body_lin=0.36189 body_ang=0.05391
[ACT_SUMMARY] abs_mean=0.7975 abs_p95=1.0318 abs_p99=1.1490 abs_max=1.6103 legs=0.8781 waist=0.7290 arms=0.7432
[FRAME_DIAG] frame0_abs=0.8039 frame1_abs=0.8261 in_chunk_delta=0.9153 cross_chunk_delta=0.9587
[UPDATE] 394/500 reward_step=-0.05148 chunk=-0.38518 done_frac=0.07848 mean_reward=-2.60383 mean_len=48.00
[SFPO] loss=2.09557 policy_loss=-0.01930 value_loss=2.11488 ratio=0.9999 [0.149,4.485] clip=0.1737 kl=0.014547 grad=0.8814 grad_c=12.7160 lr=0.000100 critic_lr=0.001000
[ROLLOUT] live=44.18 survive=0.55298 per_step=-0.04981 episode_projection=-24.91
[POLICY_DETAIL] samples=46661 raw_samples=49152 mb=11666 micro_mb=8192 logp_delta_abs=0.11429 old_logp=-125.85999 new_logp=-125.87434 adv_abs=0.56209 sde_steps=4
[TRAIN] mean_reward=-2.60383 mean_len=48.00 recent_eps=100 completed_eps=2371387
[UPDATE_EFFECT] action_delta=0.00858536 param_rms_delta=0.00033596
[TIME] collect=7.080s update=0.280s
[DONE] timeout=0.00000 anchor_pos=0.37317 anchor_ori=0.21838 ee_body=0.43030
[TRACK_ROLLOUT] anchor_pos=0.50664 anchor_ori=0.37883 body_pos=0.61957 body_ori=0.13859 body_lin=0.36077 body_ang=0.05364
[ACT_SUMMARY] abs_mean=0.7977 abs_p95=1.0316 abs_p99=1.1481 abs_max=1.6126 legs=0.8783 waist=0.7284 arms=0.7434
[FRAME_DIAG] frame0_abs=0.8044 frame1_abs=0.8265 in_chunk_delta=0.9155 cross_chunk_delta=0.9589
[UPDATE] 395/500 reward_step=-0.05155 chunk=-0.38601 done_frac=0.07703 mean_reward=-2.63473 mean_len=48.00
[SFPO] loss=2.13405 policy_loss=-0.01934 value_loss=2.15339 ratio=1.0005 [0.168,5.103] clip=0.1710 kl=0.014256 grad=0.8567 grad_c=19.1759 lr=0.000100 critic_lr=0.001000
[ROLLOUT] live=44.26 survive=0.56079 per_step=-0.04986 episode_projection=-24.93
[POLICY_DETAIL] samples=46709 raw_samples=49152 mb=11678 micro_mb=8192 logp_delta_abs=0.11305 old_logp=-125.86569 new_logp=-125.87924 adv_abs=0.56027 sde_steps=4
[TRAIN] mean_reward=-2.63473 mean_len=48.00 recent_eps=100 completed_eps=2374985
[UPDATE_EFFECT] action_delta=0.00825386 param_rms_delta=0.00033621
[TIME] collect=7.074s update=0.282s
[DONE] timeout=0.00000 anchor_pos=0.37280 anchor_ori=0.21472 ee_body=0.42407
[TRACK_ROLLOUT] anchor_pos=0.50381 anchor_ori=0.37662 body_pos=0.61856 body_ori=0.13867 body_lin=0.36069 body_ang=0.05369
[ACT_SUMMARY] abs_mean=0.7989 abs_p95=1.0317 abs_p99=1.1506 abs_max=1.6151 legs=0.8794 waist=0.7308 arms=0.7444
[FRAME_DIAG] frame0_abs=0.8053 frame1_abs=0.8265 in_chunk_delta=0.9152 cross_chunk_delta=0.9599
[UPDATE] 396/500 reward_step=-0.05165 chunk=-0.38667 done_frac=0.07804 mean_reward=-2.61576 mean_len=48.00
[SFPO] loss=2.15636 policy_loss=-0.01840 value_loss=2.17476 ratio=1.0000 [0.144,6.061] clip=0.1790 kl=0.015195 grad=0.9398 grad_c=12.9881 lr=0.000100 critic_lr=0.001000
[ROLLOUT] live=44.26 survive=0.55493 per_step=-0.04997 episode_projection=-24.98
[POLICY_DETAIL] samples=46720 raw_samples=49152 mb=11680 micro_mb=8192 logp_delta_abs=0.11675 old_logp=-125.86127 new_logp=-125.87620 adv_abs=0.55706 sde_steps=4
[TRAIN] mean_reward=-2.61576 mean_len=48.00 recent_eps=100 completed_eps=2378631
[UPDATE_EFFECT] action_delta=0.00833558 param_rms_delta=0.00033141
[TIME] collect=7.175s update=0.287s
[DONE] timeout=0.00000 anchor_pos=0.37292 anchor_ori=0.21350 ee_body=0.42883
[TRACK_ROLLOUT] anchor_pos=0.50618 anchor_ori=0.37547 body_pos=0.61765 body_ori=0.13734 body_lin=0.35937 body_ang=0.05310
[ACT_SUMMARY] abs_mean=0.7988 abs_p95=1.0329 abs_p99=1.1503 abs_max=1.5642 legs=0.8799 waist=0.7316 arms=0.7436
[FRAME_DIAG] frame0_abs=0.8036 frame1_abs=0.8272 in_chunk_delta=0.9156 cross_chunk_delta=0.9607
[UPDATE] 397/500 reward_step=-0.05146 chunk=-0.38529 done_frac=0.07748 mean_reward=-2.61157 mean_len=48.00
[SFPO] loss=2.12631 policy_loss=-0.01807 value_loss=2.14439 ratio=1.0003 [0.168,5.020] clip=0.1749 kl=0.014818 grad=0.9389 grad_c=11.9282 lr=0.000100 critic_lr=0.001000
[ROLLOUT] live=44.26 survive=0.55823 per_step=-0.04980 episode_projection=-24.90
[POLICY_DETAIL] samples=46711 raw_samples=49152 mb=11678 micro_mb=8192 logp_delta_abs=0.11509 old_logp=-125.82537 new_logp=-125.83963 adv_abs=0.56054 sde_steps=4
[TRAIN] mean_reward=-2.61157 mean_len=48.00 recent_eps=100 completed_eps=2382250
[UPDATE_EFFECT] action_delta=0.00863715 param_rms_delta=0.00033006
[TIME] collect=7.494s update=0.280s
[DONE] timeout=0.00000 anchor_pos=0.36816 anchor_ori=0.21228 ee_body=0.42725
[TRACK_ROLLOUT] anchor_pos=0.51007 anchor_ori=0.37712 body_pos=0.62283 body_ori=0.13897 body_lin=0.35903 body_ang=0.05334
[ACT_SUMMARY] abs_mean=0.7982 abs_p95=1.0318 abs_p99=1.1478 abs_max=1.5603 legs=0.8799 waist=0.7305 arms=0.7428
[FRAME_DIAG] frame0_abs=0.8051 frame1_abs=0.8268 in_chunk_delta=0.9159 cross_chunk_delta=0.9604
[UPDATE] 398/500 reward_step=-0.05161 chunk=-0.38626 done_frac=0.07776 mean_reward=-2.64686 mean_len=48.00
[SFPO] loss=2.30318 policy_loss=-0.01847 value_loss=2.32164 ratio=1.0005 [0.163,4.862] clip=0.1708 kl=0.014231 grad=0.8324 grad_c=13.0921 lr=0.000100 critic_lr=0.001000
[ROLLOUT] live=44.22 survive=0.55676 per_step=-0.04992 episode_projection=-24.96
[POLICY_DETAIL] samples=46693 raw_samples=49152 mb=11674 micro_mb=8192 logp_delta_abs=0.11320 old_logp=-125.82703 new_logp=-125.84053 adv_abs=0.55584 sde_steps=4
[TRAIN] mean_reward=-2.64686 mean_len=48.00 recent_eps=100 completed_eps=2385881
[UPDATE_EFFECT] action_delta=0.00831988 param_rms_delta=0.00033329
[TIME] collect=7.235s update=0.280s
[DONE] timeout=0.00000 anchor_pos=0.36902 anchor_ori=0.21509 ee_body=0.42456
[TRACK_ROLLOUT] anchor_pos=0.50886 anchor_ori=0.37819 body_pos=0.62149 body_ori=0.13894 body_lin=0.36135 body_ang=0.05381
[ACT_SUMMARY] abs_mean=0.8002 abs_p95=1.0349 abs_p99=1.1518 abs_max=1.6135 legs=0.8826 waist=0.7318 arms=0.7443
[FRAME_DIAG] frame0_abs=0.8069 frame1_abs=0.8293 in_chunk_delta=0.9165 cross_chunk_delta=0.9609
[UPDATE] 399/500 reward_step=-0.05160 chunk=-0.38616 done_frac=0.07704 mean_reward=-2.66546 mean_len=48.00
[SFPO] loss=2.25810 policy_loss=-0.02001 value_loss=2.27811 ratio=1.0005 [0.144,4.649] clip=0.1731 kl=0.014526 grad=0.8781 grad_c=13.0443 lr=0.000100 critic_lr=0.001000
[ROLLOUT] live=44.17 survive=0.56140 per_step=-0.04991 episode_projection=-24.96
[POLICY_DETAIL] samples=46637 raw_samples=49152 mb=11660 micro_mb=8192 logp_delta_abs=0.11361 old_logp=-125.85451 new_logp=-125.86827 adv_abs=0.55800 sde_steps=4
[TRAIN] mean_reward=-2.66546 mean_len=48.00 recent_eps=100 completed_eps=2389474
[UPDATE_EFFECT] action_delta=0.00852527 param_rms_delta=0.00033446
[TIME] collect=7.286s update=0.280s
[DONE] timeout=0.00000 anchor_pos=0.36877 anchor_ori=0.21594 ee_body=0.42334
[TRACK_ROLLOUT] anchor_pos=0.50755 anchor_ori=0.37708 body_pos=0.61942 body_ori=0.13999 body_lin=0.36069 body_ang=0.05324
[ACT_SUMMARY] abs_mean=0.8011 abs_p95=1.0369 abs_p99=1.1549 abs_max=1.5533 legs=0.8838 waist=0.7316 arms=0.7451
[FRAME_DIAG] frame0_abs=0.8077 frame1_abs=0.8302 in_chunk_delta=0.9164 cross_chunk_delta=0.9609
[UPDATE] 400/500 reward_step=-0.05163 chunk=-0.38695 done_frac=0.07489 mean_reward=-2.59145 mean_len=48.00
[SFPO] loss=2.27782 policy_loss=-0.01916 value_loss=2.29698 ratio=0.9998 [0.185,4.056] clip=0.1698 kl=0.014197 grad=0.9111 grad_c=12.2636 lr=0.000100 critic_lr=0.001000
[ROLLOUT] live=44.45 survive=0.57153 per_step=-0.04994 episode_projection=-24.97
[POLICY_DETAIL] samples=46866 raw_samples=49152 mb=11717 micro_mb=8192 logp_delta_abs=0.11295 old_logp=-125.82948 new_logp=-125.84360 adv_abs=0.56771 sde_steps=4
[TRAIN] mean_reward=-2.59145 mean_len=48.00 recent_eps=100 completed_eps=2392984
[UPDATE_EFFECT] action_delta=0.00800588 param_rms_delta=0.00033681
[TIME] collect=7.144s update=0.283s
[DONE] timeout=0.00000 anchor_pos=0.35327 anchor_ori=0.20093 ee_body=0.41064
[TRACK_ROLLOUT] anchor_pos=0.50491 anchor_ori=0.38111 body_pos=0.62090 body_ori=0.14050 body_lin=0.36201 body_ang=0.05384
[ACT_SUMMARY] abs_mean=0.8012 abs_p95=1.0381 abs_p99=1.1551 abs_max=1.5700 legs=0.8843 waist=0.7326 arms=0.7446
[FRAME_DIAG] frame0_abs=0.8075 frame1_abs=0.8301 in_chunk_delta=0.9166 cross_chunk_delta=0.9605
[VALIDATION_START] update=400 max_steps=500 envs=8192 fixed_seed=disabled
[VALIDATION_RESET_START]
[VALIDATION_RESET_DONE] time=0.005s
[VALIDATION_PROGRESS] step=1/500 done=0.00000 alive=1.00000 elapsed=0.197s
[VALIDATION_PROGRESS] step=50/500 done=0.00854 alive=0.99146 elapsed=6.815s
[VALIDATION_EARLY_STOP] step=70 done_frac=0.9984
[VALIDATION_DONE] update=400 time=9.563s
[VAL] steps_mean=68.19 steps_min=25 steps_p50=69 steps_p95=69 steps_max=70 fail_phase_mean=67.2 return=1.47040 done=0.99841
[VAL_EE] left_ankle_bad=0.00526 left_ankle_z=0.08947 right_ankle_bad=0.00465 right_ankle_z=0.09272 left_wrist_bad=0.74324 left_wrist_z=0.23919 right_wrist_bad=0.44076 right_wrist_z=0.23655
[VAL_CAUSE] anchor_pos_bad=0.04077 anchor_ori_bad=0.00098 ee_body_bad=0.96191 time_out=0.00000 anchor_z=0.47247 anchor_grav=0.30059 ee_z_max=0.25441 ee_z_mean=0.16448
[VAL_WALL] alive@850=0.0016 motion_complete=0.0000 wrist_fail_825_840=0.0000 steps_p50=69
[CHECKPOINT] saved /home/y/my_mimic_mixgrpo/my_mimic_mixgrpo_h1/runs/sfpo_largebox_500_h8_firstlife_v1/checkpoints/update_0400.pt
[UPDATE] 401/500 reward_step=-0.05152 chunk=-0.38618 done_frac=0.07415 mean_reward=-2.61582 mean_len=48.00
[SFPO] loss=2.38073 policy_loss=-0.01793 value_loss=2.39866 ratio=1.0001 [0.203,4.816] clip=0.1726 kl=0.014511 grad=0.9362 grad_c=16.3744 lr=0.000100 critic_lr=0.001000
[ROLLOUT] live=44.46 survive=0.57568 per_step=-0.04986 episode_projection=-24.93
[POLICY_DETAIL] samples=46876 raw_samples=49152 mb=11719 micro_mb=8192 logp_delta_abs=0.11396 old_logp=-125.84549 new_logp=-125.85964 adv_abs=0.56046 sde_steps=4
[TRAIN] mean_reward=-2.61582 mean_len=48.00 recent_eps=100 completed_eps=2396460
[UPDATE_EFFECT] action_delta=0.00829536 param_rms_delta=0.00033166
[TIME] collect=7.184s update=0.283s
[DONE] timeout=0.00000 anchor_pos=0.35449 anchor_ori=0.19775 ee_body=0.40857
[TRACK_ROLLOUT] anchor_pos=0.50876 anchor_ori=0.38172 body_pos=0.62239 body_ori=0.14031 body_lin=0.36415 body_ang=0.05372
[ACT_SUMMARY] abs_mean=0.8023 abs_p95=1.0416 abs_p99=1.1610 abs_max=1.5341 legs=0.8866 waist=0.7330 arms=0.7449
[FRAME_DIAG] frame0_abs=0.8082 frame1_abs=0.8316 in_chunk_delta=0.9167 cross_chunk_delta=0.9615
[UPDATE] 402/500 reward_step=-0.05173 chunk=-0.38735 done_frac=0.07626 mean_reward=-2.63760 mean_len=48.00
[SFPO] loss=2.07733 policy_loss=-0.01844 value_loss=2.09577 ratio=1.0002 [0.196,4.598] clip=0.1751 kl=0.014632 grad=0.9397 grad_c=16.8187 lr=0.000100 critic_lr=0.001000
[ROLLOUT] live=44.39 survive=0.56384 per_step=-0.05005 episode_projection=-25.03
[POLICY_DETAIL] samples=46850 raw_samples=49152 mb=11713 micro_mb=8192 logp_delta_abs=0.11450 old_logp=-125.83202 new_logp=-125.84621 adv_abs=0.57095 sde_steps=4
[TRAIN] mean_reward=-2.63760 mean_len=48.00 recent_eps=100 completed_eps=2400033
[UPDATE_EFFECT] action_delta=0.00836822 param_rms_delta=0.00033612
[TIME] collect=6.963s update=0.284s
[DONE] timeout=0.00000 anchor_pos=0.36572 anchor_ori=0.20386 ee_body=0.42224
[TRACK_ROLLOUT] anchor_pos=0.50632 anchor_ori=0.37794 body_pos=0.62114 body_ori=0.13813 body_lin=0.35971 body_ang=0.05297
[ACT_SUMMARY] abs_mean=0.8025 abs_p95=1.0396 abs_p99=1.1568 abs_max=1.5650 legs=0.8868 waist=0.7328 arms=0.7451
[FRAME_DIAG] frame0_abs=0.8095 frame1_abs=0.8325 in_chunk_delta=0.9168 cross_chunk_delta=0.9606
[UPDATE] 403/500 reward_step=-0.05157 chunk=-0.38705 done_frac=0.07292 mean_reward=-2.63091 mean_len=48.00
[SFPO] loss=2.29639 policy_loss=-0.01800 value_loss=2.31439 ratio=1.0005 [0.174,6.633] clip=0.1729 kl=0.014530 grad=0.9109 grad_c=22.8049 lr=0.000100 critic_lr=0.001000
[ROLLOUT] live=44.57 survive=0.58228 per_step=-0.04988 episode_projection=-24.94
[POLICY_DETAIL] samples=46929 raw_samples=49152 mb=11733 micro_mb=8192 logp_delta_abs=0.11427 old_logp=-125.81339 new_logp=-125.82721 adv_abs=0.56359 sde_steps=4
[TRAIN] mean_reward=-2.63091 mean_len=48.00 recent_eps=100 completed_eps=2403455
[UPDATE_EFFECT] action_delta=0.00840902 param_rms_delta=0.00033397
[TIME] collect=7.301s update=0.282s
[DONE] timeout=0.00000 anchor_pos=0.34485 anchor_ori=0.19287 ee_body=0.39990
[TRACK_ROLLOUT] anchor_pos=0.51067 anchor_ori=0.38205 body_pos=0.62374 body_ori=0.14099 body_lin=0.36228 body_ang=0.05392
[ACT_SUMMARY] abs_mean=0.8015 abs_p95=1.0380 abs_p99=1.1543 abs_max=1.5688 legs=0.8861 waist=0.7331 arms=0.7435
[FRAME_DIAG] frame0_abs=0.8084 frame1_abs=0.8315 in_chunk_delta=0.9166 cross_chunk_delta=0.9601
[UPDATE] 404/500 reward_step=-0.05173 chunk=-0.38789 done_frac=0.07333 mean_reward=-2.59592 mean_len=48.00
[SFPO] loss=2.17275 policy_loss=-0.01953 value_loss=2.19229 ratio=0.9998 [0.239,3.980] clip=0.1686 kl=0.013956 grad=0.8765 grad_c=18.5469 lr=0.000100 critic_lr=0.001000
[ROLLOUT] live=44.46 survive=0.58057 per_step=-0.05005 episode_projection=-25.02
[POLICY_DETAIL] samples=46857 raw_samples=49152 mb=11715 micro_mb=8192 logp_delta_abs=0.11221 old_logp=-125.82681 new_logp=-125.84068 adv_abs=0.56843 sde_steps=4
[TRAIN] mean_reward=-2.59592 mean_len=48.00 recent_eps=100 completed_eps=2406891
[UPDATE_EFFECT] action_delta=0.00808969 param_rms_delta=0.00033198
[TIME] collect=7.306s update=0.284s
[DONE] timeout=0.00000 anchor_pos=0.35193 anchor_ori=0.20813 ee_body=0.40332
[TRACK_ROLLOUT] anchor_pos=0.50785 anchor_ori=0.37683 body_pos=0.62428 body_ori=0.13953 body_lin=0.35913 body_ang=0.05293
[ACT_SUMMARY] abs_mean=0.8017 abs_p95=1.0389 abs_p99=1.1552 abs_max=1.5678 legs=0.8859 waist=0.7328 arms=0.7443
[FRAME_DIAG] frame0_abs=0.8085 frame1_abs=0.8327 in_chunk_delta=0.9175 cross_chunk_delta=0.9610
[UPDATE] 405/500 reward_step=-0.05169 chunk=-0.38760 done_frac=0.07420 mean_reward=-2.62367 mean_len=48.00
[SFPO] loss=2.29887 policy_loss=-0.01874 value_loss=2.31760 ratio=0.9997 [0.188,5.300] clip=0.1740 kl=0.014617 grad=0.8694 grad_c=23.1317 lr=0.000100 critic_lr=0.001000
[ROLLOUT] live=44.44 survive=0.57581 per_step=-0.05002 episode_projection=-25.01
[POLICY_DETAIL] samples=46835 raw_samples=49152 mb=11709 micro_mb=8192 logp_delta_abs=0.11442 old_logp=-125.80271 new_logp=-125.81738 adv_abs=0.55435 sde_steps=4
[TRAIN] mean_reward=-2.62367 mean_len=48.00 recent_eps=100 completed_eps=2410366
[UPDATE_EFFECT] action_delta=0.00847547 param_rms_delta=0.00033386
[TIME] collect=7.010s update=0.285s
[DONE] timeout=0.00000 anchor_pos=0.35925 anchor_ori=0.20337 ee_body=0.40869
[TRACK_ROLLOUT] anchor_pos=0.50778 anchor_ori=0.38148 body_pos=0.62189 body_ori=0.13967 body_lin=0.36085 body_ang=0.05344
[ACT_SUMMARY] abs_mean=0.8020 abs_p95=1.0384 abs_p99=1.1551 abs_max=1.5619 legs=0.8863 waist=0.7336 arms=0.7444
[FRAME_DIAG] frame0_abs=0.8088 frame1_abs=0.8323 in_chunk_delta=0.9170 cross_chunk_delta=0.9615
[UPDATE] 406/500 reward_step=-0.05170 chunk=-0.38734 done_frac=0.07452 mean_reward=-2.64771 mean_len=48.00
[SFPO] loss=2.17948 policy_loss=-0.02007 value_loss=2.19956 ratio=0.9997 [0.201,4.246] clip=0.1713 kl=0.014176 grad=0.8283 grad_c=14.2231 lr=0.000100 critic_lr=0.001000
[ROLLOUT] live=44.44 survive=0.57361 per_step=-0.05006 episode_projection=-25.03
[POLICY_DETAIL] samples=46874 raw_samples=49152 mb=11719 micro_mb=8192 logp_delta_abs=0.11311 old_logp=-125.83999 new_logp=-125.85419 adv_abs=0.56991 sde_steps=4
[TRAIN] mean_reward=-2.64771 mean_len=48.00 recent_eps=100 completed_eps=2413859
[UPDATE_EFFECT] action_delta=0.00819609 param_rms_delta=0.00033461
[TIME] collect=7.297s update=0.281s
[DONE] timeout=0.00000 anchor_pos=0.35498 anchor_ori=0.20251 ee_body=0.40857
[TRACK_ROLLOUT] anchor_pos=0.50862 anchor_ori=0.37813 body_pos=0.62542 body_ori=0.13991 body_lin=0.35977 body_ang=0.05324
[ACT_SUMMARY] abs_mean=0.8026 abs_p95=1.0399 abs_p99=1.1545 abs_max=1.5550 legs=0.8877 waist=0.7336 arms=0.7444
[FRAME_DIAG] frame0_abs=0.8092 frame1_abs=0.8341 in_chunk_delta=0.9176 cross_chunk_delta=0.9607
[UPDATE] 407/500 reward_step=-0.05188 chunk=-0.38882 done_frac=0.07381 mean_reward=-2.65552 mean_len=48.00
[SFPO] loss=2.59339 policy_loss=-0.02128 value_loss=2.61467 ratio=1.0008 [0.184,3.990] clip=0.1710 kl=0.014229 grad=0.8517 grad_c=27.0339 lr=0.000100 critic_lr=0.001000
[ROLLOUT] live=44.41 survive=0.57812 per_step=-0.05020 episode_projection=-25.10
[POLICY_DETAIL] samples=46826 raw_samples=49152 mb=11707 micro_mb=8192 logp_delta_abs=0.11298 old_logp=-125.84285 new_logp=-125.85607 adv_abs=0.56436 sde_steps=4
[TRAIN] mean_reward=-2.65552 mean_len=48.00 recent_eps=100 completed_eps=2417315
[UPDATE_EFFECT] action_delta=0.00882587 param_rms_delta=0.00033417
[TIME] collect=7.228s update=0.287s
[DONE] timeout=0.00000 anchor_pos=0.35132 anchor_ori=0.19910 ee_body=0.40930
[TRACK_ROLLOUT] anchor_pos=0.50921 anchor_ori=0.38140 body_pos=0.62366 body_ori=0.13923 body_lin=0.36065 body_ang=0.05315
[ACT_SUMMARY] abs_mean=0.8034 abs_p95=1.0412 abs_p99=1.1573 abs_max=1.5430 legs=0.8880 waist=0.7341 arms=0.7458
[FRAME_DIAG] frame0_abs=0.8089 frame1_abs=0.8351 in_chunk_delta=0.9179 cross_chunk_delta=0.9621
[UPDATE] 408/500 reward_step=-0.05178 chunk=-0.38867 done_frac=0.07193 mean_reward=-2.67136 mean_len=48.00
[SFPO] loss=2.19118 policy_loss=-0.01860 value_loss=2.20978 ratio=1.0003 [0.170,5.590] clip=0.1745 kl=0.014502 grad=0.8501 grad_c=17.0857 lr=0.000100 critic_lr=0.001000
[ROLLOUT] live=44.59 survive=0.58777 per_step=-0.05011 episode_projection=-25.06
[POLICY_DETAIL] samples=46946 raw_samples=49152 mb=11737 micro_mb=8192 logp_delta_abs=0.11422 old_logp=-125.84913 new_logp=-125.86306 adv_abs=0.57152 sde_steps=4
[TRAIN] mean_reward=-2.67136 mean_len=48.00 recent_eps=100 completed_eps=2420692
[UPDATE_EFFECT] action_delta=0.00836394 param_rms_delta=0.00033470
[TIME] collect=7.296s update=0.281s
[DONE] timeout=0.00000 anchor_pos=0.34155 anchor_ori=0.19336 ee_body=0.39746
[TRACK_ROLLOUT] anchor_pos=0.50610 anchor_ori=0.38079 body_pos=0.62363 body_ori=0.14009 body_lin=0.35849 body_ang=0.05339
[ACT_SUMMARY] abs_mean=0.8030 abs_p95=1.0408 abs_p99=1.1587 abs_max=1.5223 legs=0.8886 waist=0.7339 arms=0.7446
[FRAME_DIAG] frame0_abs=0.8090 frame1_abs=0.8339 in_chunk_delta=0.9172 cross_chunk_delta=0.9606
[UPDATE] 409/500 reward_step=-0.05185 chunk=-0.38845 done_frac=0.07325 mean_reward=-2.63019 mean_len=48.00
[SFPO] loss=2.39319 policy_loss=-0.02046 value_loss=2.41366 ratio=1.0008 [0.190,5.212] clip=0.1735 kl=0.014423 grad=0.8691 grad_c=16.2359 lr=0.000100 critic_lr=0.001000
[ROLLOUT] live=44.54 survive=0.57996 per_step=-0.05018 episode_projection=-25.09
[POLICY_DETAIL] samples=46977 raw_samples=49152 mb=11745 micro_mb=8192 logp_delta_abs=0.11411 old_logp=-125.84622 new_logp=-125.85959 adv_abs=0.55503 sde_steps=4
[TRAIN] mean_reward=-2.63019 mean_len=48.00 recent_eps=100 completed_eps=2424133
[UPDATE_EFFECT] action_delta=0.00828223 param_rms_delta=0.00033384
[TIME] collect=7.133s update=0.285s
[DONE] timeout=0.00000 anchor_pos=0.34778 anchor_ori=0.19495 ee_body=0.40430
[TRACK_ROLLOUT] anchor_pos=0.50747 anchor_ori=0.37963 body_pos=0.62620 body_ori=0.14024 body_lin=0.36021 body_ang=0.05309
[ACT_SUMMARY] abs_mean=0.8043 abs_p95=1.0418 abs_p99=1.1598 abs_max=1.5497 legs=0.8905 waist=0.7353 arms=0.7452
[FRAME_DIAG] frame0_abs=0.8117 frame1_abs=0.8360 in_chunk_delta=0.9185 cross_chunk_delta=0.9613
[UPDATE] 410/500 reward_step=-0.05186 chunk=-0.38877 done_frac=0.07338 mean_reward=-2.58159 mean_len=48.00
[SFPO] loss=2.28885 policy_loss=-0.01919 value_loss=2.30803 ratio=1.0002 [0.147,4.913] clip=0.1764 kl=0.015037 grad=1.0263 grad_c=15.0512 lr=0.000100 critic_lr=0.001000
[ROLLOUT] live=44.60 survive=0.57886 per_step=-0.05018 episode_projection=-25.09
[POLICY_DETAIL] samples=47016 raw_samples=49152 mb=11754 micro_mb=8192 logp_delta_abs=0.11572 old_logp=-125.89451 new_logp=-125.90911 adv_abs=0.57037 sde_steps=4
[TRAIN] mean_reward=-2.58159 mean_len=48.00 recent_eps=100 completed_eps=2427583
[UPDATE_EFFECT] action_delta=0.00815344 param_rms_delta=0.00032024
[TIME] collect=6.997s update=0.288s
[DONE] timeout=0.00000 anchor_pos=0.34534 anchor_ori=0.19910 ee_body=0.40601
[TRACK_ROLLOUT] anchor_pos=0.50750 anchor_ori=0.37940 body_pos=0.62558 body_ori=0.14144 body_lin=0.35937 body_ang=0.05323
[ACT_SUMMARY] abs_mean=0.8052 abs_p95=1.0441 abs_p99=1.1590 abs_max=1.5675 legs=0.8922 waist=0.7345 arms=0.7458
[FRAME_DIAG] frame0_abs=0.8122 frame1_abs=0.8366 in_chunk_delta=0.9180 cross_chunk_delta=0.9614
[UPDATE] 411/500 reward_step=-0.05176 chunk=-0.38791 done_frac=0.07411 mean_reward=-2.61603 mean_len=48.00
[SFPO] loss=2.40455 policy_loss=-0.01977 value_loss=2.42432 ratio=1.0003 [0.192,4.409] clip=0.1715 kl=0.014126 grad=0.8565 grad_c=18.2855 lr=0.000100 critic_lr=0.001000
[ROLLOUT] live=44.52 survive=0.57532 per_step=-0.05009 episode_projection=-25.05
[POLICY_DETAIL] samples=46943 raw_samples=49152 mb=11736 micro_mb=8192 logp_delta_abs=0.11329 old_logp=-125.83595 new_logp=-125.84952 adv_abs=0.56983 sde_steps=4
[TRAIN] mean_reward=-2.61603 mean_len=48.00 recent_eps=100 completed_eps=2431062
[UPDATE_EFFECT] action_delta=0.00841640 param_rms_delta=0.00033263
[TIME] collect=7.123s update=0.284s
[DONE] timeout=0.00000 anchor_pos=0.35046 anchor_ori=0.19397 ee_body=0.40771
[TRACK_ROLLOUT] anchor_pos=0.50913 anchor_ori=0.38188 body_pos=0.62633 body_ori=0.14105 body_lin=0.36081 body_ang=0.05361
[ACT_SUMMARY] abs_mean=0.8053 abs_p95=1.0449 abs_p99=1.1596 abs_max=1.5632 legs=0.8928 waist=0.7345 arms=0.7455
[FRAME_DIAG] frame0_abs=0.8122 frame1_abs=0.8366 in_chunk_delta=0.9175 cross_chunk_delta=0.9611
[UPDATE] 412/500 reward_step=-0.05187 chunk=-0.38876 done_frac=0.07312 mean_reward=-2.64192 mean_len=48.00
[SFPO] loss=2.28484 policy_loss=-0.01778 value_loss=2.30262 ratio=1.0004 [0.193,5.064] clip=0.1738 kl=0.014551 grad=0.8875 grad_c=14.5931 lr=0.000100 critic_lr=0.001000
[ROLLOUT] live=44.55 survive=0.58081 per_step=-0.05022 episode_projection=-25.11
[POLICY_DETAIL] samples=46966 raw_samples=49152 mb=11742 micro_mb=8192 logp_delta_abs=0.11452 old_logp=-125.86076 new_logp=-125.87468 adv_abs=0.56692 sde_steps=4
[TRAIN] mean_reward=-2.64192 mean_len=48.00 recent_eps=100 completed_eps=2434496
[UPDATE_EFFECT] action_delta=0.00832735 param_rms_delta=0.00033416
[TIME] collect=7.096s update=0.297s
[DONE] timeout=0.00000 anchor_pos=0.34705 anchor_ori=0.19910 ee_body=0.40308
[TRACK_ROLLOUT] anchor_pos=0.51076 anchor_ori=0.37894 body_pos=0.62576 body_ori=0.14096 body_lin=0.36157 body_ang=0.05336
[ACT_SUMMARY] abs_mean=0.8057 abs_p95=1.0454 abs_p99=1.1625 abs_max=1.5641 legs=0.8932 waist=0.7347 arms=0.7459
[FRAME_DIAG] frame0_abs=0.8123 frame1_abs=0.8358 in_chunk_delta=0.9179 cross_chunk_delta=0.9629
[UPDATE] 413/500 reward_step=-0.05179 chunk=-0.38899 done_frac=0.07017 mean_reward=-2.65698 mean_len=48.00
[SFPO] loss=2.26267 policy_loss=-0.01821 value_loss=2.28088 ratio=0.9997 [0.138,4.546] clip=0.1764 kl=0.014774 grad=0.8851 grad_c=12.1789 lr=0.000100 critic_lr=0.001000
[ROLLOUT] live=44.70 survive=0.59717 per_step=-0.05015 episode_projection=-25.07
[POLICY_DETAIL] samples=47029 raw_samples=49152 mb=11758 micro_mb=8192 logp_delta_abs=0.11561 old_logp=-125.83084 new_logp=-125.84568 adv_abs=0.56368 sde_steps=4
[TRAIN] mean_reward=-2.65698 mean_len=48.00 recent_eps=100 completed_eps=2437796
[UPDATE_EFFECT] action_delta=0.00817138 param_rms_delta=0.00033522
[TIME] collect=7.206s update=0.283s
[DONE] timeout=0.00000 anchor_pos=0.33447 anchor_ori=0.18982 ee_body=0.38647
[TRACK_ROLLOUT] anchor_pos=0.50905 anchor_ori=0.38319 body_pos=0.62680 body_ori=0.14087 body_lin=0.36230 body_ang=0.05339
[ACT_SUMMARY] abs_mean=0.8058 abs_p95=1.0458 abs_p99=1.1627 abs_max=1.5364 legs=0.8932 waist=0.7345 arms=0.7461
[FRAME_DIAG] frame0_abs=0.8123 frame1_abs=0.8377 in_chunk_delta=0.9181 cross_chunk_delta=0.9623
[UPDATE] 414/500 reward_step=-0.05179 chunk=-0.38843 done_frac=0.07144 mean_reward=-2.63366 mean_len=48.00
[SFPO] loss=2.23763 policy_loss=-0.01918 value_loss=2.25682 ratio=1.0005 [0.143,5.995] clip=0.1739 kl=0.014558 grad=0.9440 grad_c=11.0872 lr=0.000100 critic_lr=0.001000
[ROLLOUT] live=44.66 survive=0.58972 per_step=-0.05012 episode_projection=-25.06
[POLICY_DETAIL] samples=47044 raw_samples=49152 mb=11761 micro_mb=8192 logp_delta_abs=0.11481 old_logp=-125.76610 new_logp=-125.77993 adv_abs=0.56709 sde_steps=4
[TRAIN] mean_reward=-2.63366 mean_len=48.00 recent_eps=100 completed_eps=2441157
[UPDATE_EFFECT] action_delta=0.00813235 param_rms_delta=0.00033243
[TIME] collect=7.007s update=0.285s
[DONE] timeout=0.00000 anchor_pos=0.34143 anchor_ori=0.18921 ee_body=0.39380
[TRACK_ROLLOUT] anchor_pos=0.51202 anchor_ori=0.38031 body_pos=0.62910 body_ori=0.13936 body_lin=0.36084 body_ang=0.05278
[ACT_SUMMARY] abs_mean=0.8061 abs_p95=1.0448 abs_p99=1.1610 abs_max=1.5387 legs=0.8941 waist=0.7348 arms=0.7460
[FRAME_DIAG] frame0_abs=0.8133 frame1_abs=0.8378 in_chunk_delta=0.9183 cross_chunk_delta=0.9627
[UPDATE] 415/500 reward_step=-0.05208 chunk=-0.39100 done_frac=0.07174 mean_reward=-2.61085 mean_len=48.00
[SFPO] loss=2.35943 policy_loss=-0.01856 value_loss=2.37799 ratio=1.0000 [0.160,4.647] clip=0.1716 kl=0.014195 grad=0.9236 grad_c=21.3204 lr=0.000100 critic_lr=0.001000
[ROLLOUT] live=44.69 survive=0.58813 per_step=-0.05042 episode_projection=-25.21
[POLICY_DETAIL] samples=47032 raw_samples=49152 mb=11758 micro_mb=8192 logp_delta_abs=0.11366 old_logp=-125.84429 new_logp=-125.85831 adv_abs=0.56724 sde_steps=4
[TRAIN] mean_reward=-2.61085 mean_len=48.00 recent_eps=100 completed_eps=2444531
[UPDATE_EFFECT] action_delta=0.00811466 param_rms_delta=0.00032605
[TIME] collect=7.159s update=0.288s
[DONE] timeout=0.00000 anchor_pos=0.33911 anchor_ori=0.18213 ee_body=0.39453
[TRACK_ROLLOUT] anchor_pos=0.50787 anchor_ori=0.38104 body_pos=0.62603 body_ori=0.14073 body_lin=0.35925 body_ang=0.05287
[ACT_SUMMARY] abs_mean=0.8075 abs_p95=1.0481 abs_p99=1.1636 abs_max=1.5662 legs=0.8961 waist=0.7369 arms=0.7466
[FRAME_DIAG] frame0_abs=0.8136 frame1_abs=0.8394 in_chunk_delta=0.9190 cross_chunk_delta=0.9609
[UPDATE] 416/500 reward_step=-0.05206 chunk=-0.39098 done_frac=0.07125 mean_reward=-2.65324 mean_len=48.00
[SFPO] loss=2.14492 policy_loss=-0.01748 value_loss=2.16241 ratio=0.9996 [0.137,4.694] clip=0.1740 kl=0.014598 grad=0.9492 grad_c=11.7311 lr=0.000100 critic_lr=0.001000
[ROLLOUT] live=44.79 survive=0.59021 per_step=-0.05040 episode_projection=-25.20
[POLICY_DETAIL] samples=47119 raw_samples=49152 mb=11780 micro_mb=8192 logp_delta_abs=0.11455 old_logp=-125.83945 new_logp=-125.85414 adv_abs=0.56777 sde_steps=4
[TRAIN] mean_reward=-2.65324 mean_len=48.00 recent_eps=100 completed_eps=2447888
[UPDATE_EFFECT] action_delta=0.00855149 param_rms_delta=0.00032593
[TIME] collect=7.096s update=0.283s
[DONE] timeout=0.00000 anchor_pos=0.34082 anchor_ori=0.18713 ee_body=0.39026
[TRACK_ROLLOUT] anchor_pos=0.50852 anchor_ori=0.38170 body_pos=0.62683 body_ori=0.14176 body_lin=0.35947 body_ang=0.05331
[ACT_SUMMARY] abs_mean=0.8088 abs_p95=1.0492 abs_p99=1.1647 abs_max=1.5769 legs=0.8992 waist=0.7376 arms=0.7465
[FRAME_DIAG] frame0_abs=0.8154 frame1_abs=0.8405 in_chunk_delta=0.9186 cross_chunk_delta=0.9619
[UPDATE] 417/500 reward_step=-0.05210 chunk=-0.39135 done_frac=0.07008 mean_reward=-2.68720 mean_len=48.00
[SFPO] loss=2.29119 policy_loss=-0.02056 value_loss=2.31175 ratio=0.9999 [0.214,4.113] clip=0.1741 kl=0.014570 grad=0.8847 grad_c=12.8820 lr=0.000100 critic_lr=0.001000
[ROLLOUT] live=44.71 survive=0.59766 per_step=-0.05043 episode_projection=-25.21
[POLICY_DETAIL] samples=47034 raw_samples=49152 mb=11759 micro_mb=8192 logp_delta_abs=0.11464 old_logp=-125.86136 new_logp=-125.87574 adv_abs=0.55821 sde_steps=4
[TRAIN] mean_reward=-2.68720 mean_len=48.00 recent_eps=100 completed_eps=2451184
[UPDATE_EFFECT] action_delta=0.00838120 param_rms_delta=0.00033131
[TIME] collect=7.081s update=0.282s
[DONE] timeout=0.00000 anchor_pos=0.33691 anchor_ori=0.18738 ee_body=0.38586
[TRACK_ROLLOUT] anchor_pos=0.50704 anchor_ori=0.38029 body_pos=0.62495 body_ori=0.14030 body_lin=0.35910 body_ang=0.05281
[ACT_SUMMARY] abs_mean=0.8085 abs_p95=1.0490 abs_p99=1.1641 abs_max=1.5299 legs=0.8985 waist=0.7371 arms=0.7467
[FRAME_DIAG] frame0_abs=0.8154 frame1_abs=0.8405 in_chunk_delta=0.9184 cross_chunk_delta=0.9621
[UPDATE] 418/500 reward_step=-0.05203 chunk=-0.39068 done_frac=0.06946 mean_reward=-2.62269 mean_len=48.00
[SFPO] loss=2.31364 policy_loss=-0.02055 value_loss=2.33420 ratio=1.0005 [0.148,4.852] clip=0.1750 kl=0.014663 grad=0.9435 grad_c=13.0257 lr=0.000100 critic_lr=0.001000
[ROLLOUT] live=44.78 survive=0.60046 per_step=-0.05035 episode_projection=-25.17
[POLICY_DETAIL] samples=47119 raw_samples=49152 mb=11780 micro_mb=8192 logp_delta_abs=0.11446 old_logp=-125.85203 new_logp=-125.86597 adv_abs=0.55695 sde_steps=4
[TRAIN] mean_reward=-2.62269 mean_len=48.00 recent_eps=100 completed_eps=2454457
[UPDATE_EFFECT] action_delta=0.00867579 param_rms_delta=0.00032852
[TIME] collect=7.058s update=0.297s
[DONE] timeout=0.00000 anchor_pos=0.33044 anchor_ori=0.18079 ee_body=0.38074
[TRACK_ROLLOUT] anchor_pos=0.50955 anchor_ori=0.38322 body_pos=0.62657 body_ori=0.14109 body_lin=0.36090 body_ang=0.05325
[ACT_SUMMARY] abs_mean=0.8096 abs_p95=1.0498 abs_p99=1.1656 abs_max=1.5849 legs=0.9009 waist=0.7371 arms=0.7470
[FRAME_DIAG] frame0_abs=0.8163 frame1_abs=0.8417 in_chunk_delta=0.9186 cross_chunk_delta=0.9612
[UPDATE] 419/500 reward_step=-0.05203 chunk=-0.39090 done_frac=0.06766 mean_reward=-2.67913 mean_len=48.00
[SFPO] loss=2.38877 policy_loss=-0.01755 value_loss=2.40632 ratio=1.0000 [0.222,5.646] clip=0.1757 kl=0.014694 grad=0.9330 grad_c=14.2932 lr=0.000100 critic_lr=0.001000
[ROLLOUT] live=44.89 survive=0.61011 per_step=-0.05036 episode_projection=-25.18
[POLICY_DETAIL] samples=47205 raw_samples=49152 mb=11802 micro_mb=8192 logp_delta_abs=0.11493 old_logp=-125.81981 new_logp=-125.83424 adv_abs=0.57026 sde_steps=4
[TRAIN] mean_reward=-2.67913 mean_len=48.00 recent_eps=100 completed_eps=2457651
[UPDATE_EFFECT] action_delta=0.00811552 param_rms_delta=0.00032682
[TIME] collect=7.225s update=0.283s
[DONE] timeout=0.00000 anchor_pos=0.32556 anchor_ori=0.17981 ee_body=0.37354
[TRACK_ROLLOUT] anchor_pos=0.51082 anchor_ori=0.38525 body_pos=0.62842 body_ori=0.14151 body_lin=0.36066 body_ang=0.05329
[ACT_SUMMARY] abs_mean=0.8094 abs_p95=1.0500 abs_p99=1.1649 abs_max=1.6161 legs=0.9008 waist=0.7380 arms=0.7464
[FRAME_DIAG] frame0_abs=0.8164 frame1_abs=0.8413 in_chunk_delta=0.9190 cross_chunk_delta=0.9617
[UPDATE] 420/500 reward_step=-0.05211 chunk=-0.39122 done_frac=0.06927 mean_reward=-2.72597 mean_len=48.00
[SFPO] loss=2.57119 policy_loss=-0.01895 value_loss=2.59014 ratio=1.0000 [0.203,3.821] clip=0.1734 kl=0.014500 grad=0.9175 grad_c=11.5674 lr=0.000100 critic_lr=0.001000
[ROLLOUT] live=44.81 survive=0.60132 per_step=-0.05043 episode_projection=-25.21
[POLICY_DETAIL] samples=47151 raw_samples=49152 mb=11788 micro_mb=8192 logp_delta_abs=0.11439 old_logp=-125.83263 new_logp=-125.84685 adv_abs=0.56673 sde_steps=4
[TRAIN] mean_reward=-2.72597 mean_len=48.00 recent_eps=100 completed_eps=2460917
[UPDATE_EFFECT] action_delta=0.00823556 param_rms_delta=0.00033167
[TIME] collect=7.247s update=0.284s
[DONE] timeout=0.00000 anchor_pos=0.32532 anchor_ori=0.17615 ee_body=0.37854
[TRACK_ROLLOUT] anchor_pos=0.51057 anchor_ori=0.38162 body_pos=0.62987 body_ori=0.14205 body_lin=0.35945 body_ang=0.05271
[ACT_SUMMARY] abs_mean=0.8104 abs_p95=1.0514 abs_p99=1.1645 abs_max=1.4940 legs=0.9025 waist=0.7377 arms=0.7470
[FRAME_DIAG] frame0_abs=0.8173 frame1_abs=0.8413 in_chunk_delta=0.9196 cross_chunk_delta=0.9626
[UPDATE] 421/500 reward_step=-0.05217 chunk=-0.39235 done_frac=0.06759 mean_reward=-2.62652 mean_len=48.00
[SFPO] loss=2.55066 policy_loss=-0.01885 value_loss=2.56951 ratio=1.0004 [0.180,5.516] clip=0.1765 kl=0.014677 grad=0.8962 grad_c=18.3130 lr=0.000100 critic_lr=0.001000
[ROLLOUT] live=44.88 survive=0.61096 per_step=-0.05049 episode_projection=-25.24
[POLICY_DETAIL] samples=47149 raw_samples=49152 mb=11788 micro_mb=8192 logp_delta_abs=0.11551 old_logp=-125.84428 new_logp=-125.85832 adv_abs=0.56128 sde_steps=4
[TRAIN] mean_reward=-2.62652 mean_len=48.00 recent_eps=100 completed_eps=2464104
[UPDATE_EFFECT] action_delta=0.00821966 param_rms_delta=0.00033444
[TIME] collect=7.298s update=0.288s
[DONE] timeout=0.00000 anchor_pos=0.32141 anchor_ori=0.17566 ee_body=0.37122
[TRACK_ROLLOUT] anchor_pos=0.50979 anchor_ori=0.38278 body_pos=0.62665 body_ori=0.14186 body_lin=0.36115 body_ang=0.05315
[ACT_SUMMARY] abs_mean=0.8108 abs_p95=1.0503 abs_p99=1.1643 abs_max=1.5173 legs=0.9028 waist=0.7374 arms=0.7476
[FRAME_DIAG] frame0_abs=0.8185 frame1_abs=0.8412 in_chunk_delta=0.9194 cross_chunk_delta=0.9616
[UPDATE] 422/500 reward_step=-0.05225 chunk=-0.39269 done_frac=0.06819 mean_reward=-2.71277 mean_len=48.00
[SFPO] loss=2.54688 policy_loss=-0.02040 value_loss=2.56728 ratio=1.0004 [0.183,5.441] clip=0.1750 kl=0.014438 grad=0.9136 grad_c=21.8439 lr=0.000100 critic_lr=0.001000
[ROLLOUT] live=44.77 survive=0.60828 per_step=-0.05056 episode_projection=-25.28
[POLICY_DETAIL] samples=47063 raw_samples=49152 mb=11766 micro_mb=8192 logp_delta_abs=0.11458 old_logp=-125.83637 new_logp=-125.85013 adv_abs=0.56624 sde_steps=4
[TRAIN] mean_reward=-2.71277 mean_len=48.00 recent_eps=100 completed_eps=2467313
[UPDATE_EFFECT] action_delta=0.00796475 param_rms_delta=0.00032953
[TIME] collect=7.140s update=0.291s
[DONE] timeout=0.00000 anchor_pos=0.32458 anchor_ori=0.17542 ee_body=0.37488
[TRACK_ROLLOUT] anchor_pos=0.50942 anchor_ori=0.38425 body_pos=0.62756 body_ori=0.14230 body_lin=0.36160 body_ang=0.05328
[ACT_SUMMARY] abs_mean=0.8112 abs_p95=1.0537 abs_p99=1.1680 abs_max=1.5259 legs=0.9038 waist=0.7373 arms=0.7476
[FRAME_DIAG] frame0_abs=0.8183 frame1_abs=0.8415 in_chunk_delta=0.9197 cross_chunk_delta=0.9624
[UPDATE] 423/500 reward_step=-0.05234 chunk=-0.39350 done_frac=0.06710 mean_reward=-2.66487 mean_len=48.00
[SFPO] loss=2.45762 policy_loss=-0.01633 value_loss=2.47396 ratio=0.9997 [0.188,4.918] clip=0.1693 kl=0.014052 grad=0.9700 grad_c=12.6922 lr=0.000100 critic_lr=0.001000
[ROLLOUT] live=44.92 survive=0.61328 per_step=-0.05063 episode_projection=-25.31
[POLICY_DETAIL] samples=47213 raw_samples=49152 mb=11804 micro_mb=8192 logp_delta_abs=0.11271 old_logp=-125.81531 new_logp=-125.82943 adv_abs=0.57268 sde_steps=4
[TRAIN] mean_reward=-2.66487 mean_len=48.00 recent_eps=100 completed_eps=2470481
[UPDATE_EFFECT] action_delta=0.00787405 param_rms_delta=0.00032093
[TIME] collect=7.170s update=0.283s
[DONE] timeout=0.00000 anchor_pos=0.32056 anchor_ori=0.17004 ee_body=0.36816
[TRACK_ROLLOUT] anchor_pos=0.50557 anchor_ori=0.38621 body_pos=0.62632 body_ori=0.14275 body_lin=0.36020 body_ang=0.05301
[ACT_SUMMARY] abs_mean=0.8122 abs_p95=1.0548 abs_p99=1.1691 abs_max=1.5115 legs=0.9052 waist=0.7383 arms=0.7483
[FRAME_DIAG] frame0_abs=0.8185 frame1_abs=0.8432 in_chunk_delta=0.9197 cross_chunk_delta=0.9628
[UPDATE] 424/500 reward_step=-0.05229 chunk=-0.39332 done_frac=0.06601 mean_reward=-2.70002 mean_len=48.00
[SFPO] loss=2.40212 policy_loss=-0.01779 value_loss=2.41990 ratio=1.0001 [0.153,5.133] clip=0.1723 kl=0.014263 grad=0.9854 grad_c=14.0434 lr=0.000100 critic_lr=0.001000
[ROLLOUT] live=44.92 survive=0.61975 per_step=-0.05062 episode_projection=-25.31
[POLICY_DETAIL] samples=47187 raw_samples=49152 mb=11797 micro_mb=8192 logp_delta_abs=0.11373 old_logp=-125.85177 new_logp=-125.86572 adv_abs=0.58472 sde_steps=4
[TRAIN] mean_reward=-2.70002 mean_len=48.00 recent_eps=100 completed_eps=2473596
[UPDATE_EFFECT] action_delta=0.00798322 param_rms_delta=0.00032876
[TIME] collect=7.040s update=0.290s
[DONE] timeout=0.00000 anchor_pos=0.31836 anchor_ori=0.17834 ee_body=0.36145
[TRACK_ROLLOUT] anchor_pos=0.51142 anchor_ori=0.38101 body_pos=0.63131 body_ori=0.14197 body_lin=0.35924 body_ang=0.05278
[ACT_SUMMARY] abs_mean=0.8121 abs_p95=1.0546 abs_p99=1.1700 abs_max=1.5262 legs=0.9060 waist=0.7386 arms=0.7474
[FRAME_DIAG] frame0_abs=0.8193 frame1_abs=0.8430 in_chunk_delta=0.9205 cross_chunk_delta=0.9640
[UPDATE] 425/500 reward_step=-0.05227 chunk=-0.39306 done_frac=0.06601 mean_reward=-2.75841 mean_len=48.00
[SFPO] loss=2.48063 policy_loss=-0.01877 value_loss=2.49940 ratio=1.0008 [0.210,5.042] clip=0.1788 kl=0.014834 grad=0.9627 grad_c=12.8179 lr=0.000100 critic_lr=0.001000
[ROLLOUT] live=45.01 survive=0.61890 per_step=-0.05061 episode_projection=-25.31
[POLICY_DETAIL] samples=47297 raw_samples=49152 mb=11825 micro_mb=8192 logp_delta_abs=0.11612 old_logp=-125.89801 new_logp=-125.91182 adv_abs=0.57784 sde_steps=4
[TRAIN] mean_reward=-2.75841 mean_len=48.00 recent_eps=100 completed_eps=2476718
[UPDATE_EFFECT] action_delta=0.00817904 param_rms_delta=0.00032747
[TIME] collect=7.042s update=0.285s
[DONE] timeout=0.00000 anchor_pos=0.31506 anchor_ori=0.16907 ee_body=0.36157
[TRACK_ROLLOUT] anchor_pos=0.51448 anchor_ori=0.38090 body_pos=0.63291 body_ori=0.14374 body_lin=0.36028 body_ang=0.05289
[ACT_SUMMARY] abs_mean=0.8139 abs_p95=1.0569 abs_p99=1.1720 abs_max=1.5457 legs=0.9084 waist=0.7402 arms=0.7488
[FRAME_DIAG] frame0_abs=0.8210 frame1_abs=0.8452 in_chunk_delta=0.9210 cross_chunk_delta=0.9628
[UPDATE] 426/500 reward_step=-0.05255 chunk=-0.39510 done_frac=0.06564 mean_reward=-2.68303 mean_len=48.00
[SFPO] loss=2.42790 policy_loss=-0.01765 value_loss=2.44555 ratio=1.0000 [0.170,4.179] clip=0.1799 kl=0.014983 grad=1.0188 grad_c=13.7569 lr=0.000100 critic_lr=0.001000
[ROLLOUT] live=44.99 survive=0.62122 per_step=-0.05085 episode_projection=-25.43
[POLICY_DETAIL] samples=47274 raw_samples=49152 mb=11819 micro_mb=8192 logp_delta_abs=0.11696 old_logp=-125.84747 new_logp=-125.86221 adv_abs=0.56705 sde_steps=4
[TRAIN] mean_reward=-2.68303 mean_len=48.00 recent_eps=100 completed_eps=2479821
[UPDATE_EFFECT] action_delta=0.00829255 param_rms_delta=0.00031911
[TIME] collect=7.330s update=0.283s
[DONE] timeout=0.00000 anchor_pos=0.31201 anchor_ori=0.16626 ee_body=0.36243
[TRACK_ROLLOUT] anchor_pos=0.50945 anchor_ori=0.38110 body_pos=0.62893 body_ori=0.14383 body_lin=0.35936 body_ang=0.05249
[ACT_SUMMARY] abs_mean=0.8140 abs_p95=1.0574 abs_p99=1.1708 abs_max=1.5274 legs=0.9080 waist=0.7411 arms=0.7491
[FRAME_DIAG] frame0_abs=0.8199 frame1_abs=0.8446 in_chunk_delta=0.9212 cross_chunk_delta=0.9645
[UPDATE] 427/500 reward_step=-0.05247 chunk=-0.39459 done_frac=0.06638 mean_reward=-2.68410 mean_len=48.00
[SFPO] loss=2.54723 policy_loss=-0.01924 value_loss=2.56647 ratio=1.0002 [0.181,5.656] clip=0.1736 kl=0.014269 grad=0.9970 grad_c=12.2249 lr=0.000100 critic_lr=0.001000
[ROLLOUT] live=44.97 survive=0.61719 per_step=-0.05078 episode_projection=-25.39
[POLICY_DETAIL] samples=47245 raw_samples=49152 mb=11812 micro_mb=8192 logp_delta_abs=0.11406 old_logp=-125.82881 new_logp=-125.84262 adv_abs=0.57365 sde_steps=4
[TRAIN] mean_reward=-2.68410 mean_len=48.00 recent_eps=100 completed_eps=2482957
[UPDATE_EFFECT] action_delta=0.00823804 param_rms_delta=0.00032468
[TIME] collect=7.395s update=0.294s
[DONE] timeout=0.00000 anchor_pos=0.31128 anchor_ori=0.16541 ee_body=0.36487
[TRACK_ROLLOUT] anchor_pos=0.51353 anchor_ori=0.38221 body_pos=0.63288 body_ori=0.14532 body_lin=0.36110 body_ang=0.05296
[ACT_SUMMARY] abs_mean=0.8153 abs_p95=1.0602 abs_p99=1.1752 abs_max=1.6142 legs=0.9113 waist=0.7407 arms=0.7489
[FRAME_DIAG] frame0_abs=0.8208 frame1_abs=0.8461 in_chunk_delta=0.9214 cross_chunk_delta=0.9629
[UPDATE] 428/500 reward_step=-0.05258 chunk=-0.39591 done_frac=0.06376 mean_reward=-2.70692 mean_len=48.00
[SFPO] loss=2.54503 policy_loss=-0.01796 value_loss=2.56300 ratio=1.0000 [0.171,3.935] clip=0.1738 kl=0.014111 grad=0.8943 grad_c=20.0440 lr=0.000100 critic_lr=0.001000
[ROLLOUT] live=45.26 survive=0.63037 per_step=-0.05090 episode_projection=-25.45
[POLICY_DETAIL] samples=47494 raw_samples=49152 mb=11874 micro_mb=8192 logp_delta_abs=0.11415 old_logp=-125.82845 new_logp=-125.84233 adv_abs=0.57615 sde_steps=4
[TRAIN] mean_reward=-2.70692 mean_len=48.00 recent_eps=100 completed_eps=2485985
[UPDATE_EFFECT] action_delta=0.00815419 param_rms_delta=0.00033095
[TIME] collect=7.045s update=0.284s
[DONE] timeout=0.00000 anchor_pos=0.30298 anchor_ori=0.15710 ee_body=0.34998
[TRACK_ROLLOUT] anchor_pos=0.50910 anchor_ori=0.38154 body_pos=0.63066 body_ori=0.14311 body_lin=0.36025 body_ang=0.05286
[ACT_SUMMARY] abs_mean=0.8159 abs_p95=1.0605 abs_p99=1.1763 abs_max=1.5695 legs=0.9115 waist=0.7415 arms=0.7500
[FRAME_DIAG] frame0_abs=0.8223 frame1_abs=0.8472 in_chunk_delta=0.9211 cross_chunk_delta=0.9631
[UPDATE] 429/500 reward_step=-0.05252 chunk=-0.39519 done_frac=0.06504 mean_reward=-2.69872 mean_len=48.00
[SFPO] loss=2.64846 policy_loss=-0.01895 value_loss=2.66741 ratio=1.0003 [0.191,4.789] clip=0.1769 kl=0.014649 grad=0.9223 grad_c=19.6076 lr=0.000100 critic_lr=0.001000
[ROLLOUT] live=45.07 survive=0.62427 per_step=-0.05084 episode_projection=-25.42
[POLICY_DETAIL] samples=47325 raw_samples=49152 mb=11832 micro_mb=8192 logp_delta_abs=0.11578 old_logp=-125.82643 new_logp=-125.84059 adv_abs=0.57503 sde_steps=4
[TRAIN] mean_reward=-2.69872 mean_len=48.00 recent_eps=100 completed_eps=2489063
[UPDATE_EFFECT] action_delta=0.00846072 param_rms_delta=0.00033113
[TIME] collect=7.351s update=0.312s
[DONE] timeout=0.00000 anchor_pos=0.30933 anchor_ori=0.16064 ee_body=0.35950
[TRACK_ROLLOUT] anchor_pos=0.51137 anchor_ori=0.38340 body_pos=0.63357 body_ori=0.14517 body_lin=0.35937 body_ang=0.05292
[ACT_SUMMARY] abs_mean=0.8152 abs_p95=1.0588 abs_p99=1.1741 abs_max=1.6850 legs=0.9116 waist=0.7409 arms=0.7484
[FRAME_DIAG] frame0_abs=0.8213 frame1_abs=0.8462 in_chunk_delta=0.9218 cross_chunk_delta=0.9632
[UPDATE] 430/500 reward_step=-0.05280 chunk=-0.39714 done_frac=0.06558 mean_reward=-2.72876 mean_len=48.00
[SFPO] loss=2.55624 policy_loss=-0.01940 value_loss=2.57564 ratio=0.9999 [0.167,4.030] clip=0.1796 kl=0.014845 grad=0.9830 grad_c=13.4122 lr=0.000100 critic_lr=0.001000
[ROLLOUT] live=44.97 survive=0.62195 per_step=-0.05110 episode_projection=-25.55
[POLICY_DETAIL] samples=47224 raw_samples=49152 mb=11806 micro_mb=8192 logp_delta_abs=0.11692 old_logp=-125.85204 new_logp=-125.86674 adv_abs=0.57565 sde_steps=4
[TRAIN] mean_reward=-2.72876 mean_len=48.00 recent_eps=100 completed_eps=2492160
[UPDATE_EFFECT] action_delta=0.00816276 param_rms_delta=0.00032730
[TIME] collect=7.289s update=0.284s
[DONE] timeout=0.00000 anchor_pos=0.30859 anchor_ori=0.16370 ee_body=0.36157
[TRACK_ROLLOUT] anchor_pos=0.51191 anchor_ori=0.37736 body_pos=0.63282 body_ori=0.14355 body_lin=0.35692 body_ang=0.05212
[ACT_SUMMARY] abs_mean=0.8164 abs_p95=1.0614 abs_p99=1.1767 abs_max=1.5097 legs=0.9126 waist=0.7418 arms=0.7499
[FRAME_DIAG] frame0_abs=0.8233 frame1_abs=0.8481 in_chunk_delta=0.9224 cross_chunk_delta=0.9632
[UPDATE] 431/500 reward_step=-0.05292 chunk=-0.39873 done_frac=0.06348 mean_reward=-2.73142 mean_len=48.00
[SFPO] loss=2.62115 policy_loss=-0.01803 value_loss=2.63918 ratio=1.0000 [0.171,4.276] clip=0.1755 kl=0.014357 grad=0.9497 grad_c=15.5327 lr=0.000100 critic_lr=0.001000
[ROLLOUT] live=45.19 survive=0.63281 per_step=-0.05123 episode_projection=-25.62
[POLICY_DETAIL] samples=47388 raw_samples=49152 mb=11847 micro_mb=8192 logp_delta_abs=0.11486 old_logp=-125.88737 new_logp=-125.90145 adv_abs=0.57700 sde_steps=4
[TRAIN] mean_reward=-2.73142 mean_len=48.00 recent_eps=100 completed_eps=2495168
[UPDATE_EFFECT] action_delta=0.00786314 param_rms_delta=0.00032297
[TIME] collect=7.240s update=0.282s
[DONE] timeout=0.00000 anchor_pos=0.29968 anchor_ori=0.15991 ee_body=0.34802
[TRACK_ROLLOUT] anchor_pos=0.50932 anchor_ori=0.37817 body_pos=0.63151 body_ori=0.14366 body_lin=0.35774 body_ang=0.05234
[ACT_SUMMARY] abs_mean=0.8172 abs_p95=1.0630 abs_p99=1.1779 abs_max=1.5239 legs=0.9142 waist=0.7419 arms=0.7502
[FRAME_DIAG] frame0_abs=0.8231 frame1_abs=0.8476 in_chunk_delta=0.9225 cross_chunk_delta=0.9647
[UPDATE] 432/500 reward_step=-0.05290 chunk=-0.39840 done_frac=0.06241 mean_reward=-2.76752 mean_len=48.00
[SFPO] loss=2.97363 policy_loss=-0.01747 value_loss=2.99110 ratio=0.9997 [0.167,4.610] clip=0.1761 kl=0.014556 grad=1.0261 grad_c=31.1353 lr=0.000100 critic_lr=0.001000
[ROLLOUT] live=45.24 survive=0.63843 per_step=-0.05122 episode_projection=-25.61
[POLICY_DETAIL] samples=47458 raw_samples=49152 mb=11865 micro_mb=8192 logp_delta_abs=0.11559 old_logp=-125.82384 new_logp=-125.83846 adv_abs=0.57359 sde_steps=4
[TRAIN] mean_reward=-2.76752 mean_len=48.00 recent_eps=100 completed_eps=2498130
[UPDATE_EFFECT] action_delta=0.00783026 param_rms_delta=0.00031674
[TIME] collect=6.996s update=0.286s
[DONE] timeout=0.00000 anchor_pos=0.29602 anchor_ori=0.15356 ee_body=0.34412
[TRACK_ROLLOUT] anchor_pos=0.51010 anchor_ori=0.38162 body_pos=0.63440 body_ori=0.14499 body_lin=0.35821 body_ang=0.05265
[ACT_SUMMARY] abs_mean=0.8186 abs_p95=1.0649 abs_p99=1.1796 abs_max=1.5236 legs=0.9168 waist=0.7431 arms=0.7505
[FRAME_DIAG] frame0_abs=0.8240 frame1_abs=0.8489 in_chunk_delta=0.9229 cross_chunk_delta=0.9646
[UPDATE] 433/500 reward_step=-0.05293 chunk=-0.39885 done_frac=0.06185 mean_reward=-2.72657 mean_len=48.00
[SFPO] loss=2.69197 policy_loss=-0.01850 value_loss=2.71047 ratio=1.0001 [0.167,5.073] clip=0.1806 kl=0.015304 grad=1.0433 grad_c=11.1667 lr=0.000100 critic_lr=0.001000
[ROLLOUT] live=45.22 survive=0.64209 per_step=-0.05123 episode_projection=-25.61
[POLICY_DETAIL] samples=47407 raw_samples=49152 mb=11852 micro_mb=8192 logp_delta_abs=0.11732 old_logp=-125.82110 new_logp=-125.83606 adv_abs=0.57069 sde_steps=4
[TRAIN] mean_reward=-2.72657 mean_len=48.00 recent_eps=100 completed_eps=2501062
[UPDATE_EFFECT] action_delta=0.00832263 param_rms_delta=0.00031994
[TIME] collect=7.437s update=0.287s
[DONE] timeout=0.00000 anchor_pos=0.29419 anchor_ori=0.15186 ee_body=0.34033
[TRACK_ROLLOUT] anchor_pos=0.51138 anchor_ori=0.38242 body_pos=0.63311 body_ori=0.14598 body_lin=0.35911 body_ang=0.05312
[ACT_SUMMARY] abs_mean=0.8193 abs_p95=1.0661 abs_p99=1.1791 abs_max=1.5648 legs=0.9186 waist=0.7431 arms=0.7505
[FRAME_DIAG] frame0_abs=0.8241 frame1_abs=0.8496 in_chunk_delta=0.9224 cross_chunk_delta=0.9646
[UPDATE] 434/500 reward_step=-0.05305 chunk=-0.39992 done_frac=0.06147 mean_reward=-2.75968 mean_len=48.00
[SFPO] loss=2.76713 policy_loss=-0.01651 value_loss=2.78364 ratio=0.9999 [0.153,4.997] clip=0.1806 kl=0.015143 grad=1.0984 grad_c=14.2174 lr=0.000100 critic_lr=0.001000
[ROLLOUT] live=45.28 survive=0.64392 per_step=-0.05134 episode_projection=-25.67
[POLICY_DETAIL] samples=47457 raw_samples=49152 mb=11865 micro_mb=8192 logp_delta_abs=0.11750 old_logp=-125.78684 new_logp=-125.80174 adv_abs=0.57601 sde_steps=4
[TRAIN] mean_reward=-2.75968 mean_len=48.00 recent_eps=100 completed_eps=2503979
[UPDATE_EFFECT] action_delta=0.00840206 param_rms_delta=0.00031137
[TIME] collect=7.023s update=0.282s
[DONE] timeout=0.00000 anchor_pos=0.29016 anchor_ori=0.15344 ee_body=0.33569
[TRACK_ROLLOUT] anchor_pos=0.50737 anchor_ori=0.38191 body_pos=0.63111 body_ori=0.14465 body_lin=0.35682 body_ang=0.05201
[ACT_SUMMARY] abs_mean=0.8196 abs_p95=1.0665 abs_p99=1.1817 abs_max=1.5866 legs=0.9189 waist=0.7424 arms=0.7510
[FRAME_DIAG] frame0_abs=0.8245 frame1_abs=0.8497 in_chunk_delta=0.9229 cross_chunk_delta=0.9644
[UPDATE] 435/500 reward_step=-0.05312 chunk=-0.40059 done_frac=0.06137 mean_reward=-2.71734 mean_len=48.00
[SFPO] loss=2.79165 policy_loss=-0.01789 value_loss=2.80954 ratio=1.0001 [0.199,3.917] clip=0.1736 kl=0.014386 grad=1.0404 grad_c=9.8728 lr=0.000100 critic_lr=0.001000
[ROLLOUT] live=45.30 survive=0.64453 per_step=-0.05141 episode_projection=-25.71
[POLICY_DETAIL] samples=47448 raw_samples=49152 mb=11862 micro_mb=8192 logp_delta_abs=0.11450 old_logp=-125.81335 new_logp=-125.82739 adv_abs=0.57766 sde_steps=4
[TRAIN] mean_reward=-2.71734 mean_len=48.00 recent_eps=100 completed_eps=2506891
[UPDATE_EFFECT] action_delta=0.00817453 param_rms_delta=0.00031735
[TIME] collect=7.241s update=0.284s
[DONE] timeout=0.00000 anchor_pos=0.28711 anchor_ori=0.14404 ee_body=0.33826
[TRACK_ROLLOUT] anchor_pos=0.50819 anchor_ori=0.38054 body_pos=0.63192 body_ori=0.14475 body_lin=0.35676 body_ang=0.05179
[ACT_SUMMARY] abs_mean=0.8201 abs_p95=1.0669 abs_p99=1.1807 abs_max=1.5303 legs=0.9201 waist=0.7448 arms=0.7505
[FRAME_DIAG] frame0_abs=0.8246 frame1_abs=0.8502 in_chunk_delta=0.9233 cross_chunk_delta=0.9646
[UPDATE] 436/500 reward_step=-0.05325 chunk=-0.40138 done_frac=0.06163 mean_reward=-2.77107 mean_len=48.00
[SFPO] loss=2.89743 policy_loss=-0.01878 value_loss=2.91620 ratio=1.0000 [0.150,4.683] clip=0.1771 kl=0.014777 grad=1.0155 grad_c=13.8396 lr=0.000100 critic_lr=0.001000
[ROLLOUT] live=45.28 survive=0.64294 per_step=-0.05150 episode_projection=-25.75
[POLICY_DETAIL] samples=47458 raw_samples=49152 mb=11865 micro_mb=8192 logp_delta_abs=0.11585 old_logp=-125.86849 new_logp=-125.88300 adv_abs=0.56897 sde_steps=4
[TRAIN] mean_reward=-2.77107 mean_len=48.00 recent_eps=100 completed_eps=2509816
[UPDATE_EFFECT] action_delta=0.00817556 param_rms_delta=0.00031881
[TIME] collect=7.038s update=0.296s
[DONE] timeout=0.00000 anchor_pos=0.29285 anchor_ori=0.14746 ee_body=0.33960
[TRACK_ROLLOUT] anchor_pos=0.50935 anchor_ori=0.38186 body_pos=0.63354 body_ori=0.14599 body_lin=0.35760 body_ang=0.05226
[ACT_SUMMARY] abs_mean=0.8211 abs_p95=1.0681 abs_p99=1.1816 abs_max=1.5327 legs=0.9219 waist=0.7439 arms=0.7512
[FRAME_DIAG] frame0_abs=0.8259 frame1_abs=0.8511 in_chunk_delta=0.9241 cross_chunk_delta=0.9665
[UPDATE] 437/500 reward_step=-0.05330 chunk=-0.40153 done_frac=0.06034 mean_reward=-2.74670 mean_len=48.00
[SFPO] loss=2.74462 policy_loss=-0.01853 value_loss=2.76315 ratio=1.0002 [0.137,4.475] clip=0.1806 kl=0.015269 grad=1.0820 grad_c=13.0884 lr=0.000100 critic_lr=0.001000
[ROLLOUT] live=45.38 survive=0.64954 per_step=-0.05156 episode_projection=-25.78
[POLICY_DETAIL] samples=47584 raw_samples=49152 mb=11896 micro_mb=8192 logp_delta_abs=0.11776 old_logp=-125.86699 new_logp=-125.88181 adv_abs=0.56910 sde_steps=4
[TRAIN] mean_reward=-2.74670 mean_len=48.00 recent_eps=100 completed_eps=2512687
[UPDATE_EFFECT] action_delta=0.00814740 param_rms_delta=0.00031339
[TIME] collect=7.207s update=0.284s
[DONE] timeout=0.00000 anchor_pos=0.28638 anchor_ori=0.14282 ee_body=0.32910
[TRACK_ROLLOUT] anchor_pos=0.50723 anchor_ori=0.37997 body_pos=0.63305 body_ori=0.14464 body_lin=0.35621 body_ang=0.05164
[ACT_SUMMARY] abs_mean=0.8209 abs_p95=1.0686 abs_p99=1.1836 abs_max=1.5718 legs=0.9212 waist=0.7451 arms=0.7513
[FRAME_DIAG] frame0_abs=0.8251 frame1_abs=0.8512 in_chunk_delta=0.9243 cross_chunk_delta=0.9652
[UPDATE] 438/500 reward_step=-0.05316 chunk=-0.40074 done_frac=0.06021 mean_reward=-2.75437 mean_len=48.00
[SFPO] loss=2.81735 policy_loss=-0.01704 value_loss=2.83439 ratio=1.0002 [0.162,5.493] clip=0.1760 kl=0.014661 grad=1.0531 grad_c=13.1919 lr=0.000100 critic_lr=0.001000
[ROLLOUT] live=45.36 survive=0.65063 per_step=-0.05146 episode_projection=-25.73
[POLICY_DETAIL] samples=47530 raw_samples=49152 mb=11883 micro_mb=8192 logp_delta_abs=0.11527 old_logp=-125.80593 new_logp=-125.82014 adv_abs=0.57875 sde_steps=4
[TRAIN] mean_reward=-2.75437 mean_len=48.00 recent_eps=100 completed_eps=2515549
[UPDATE_EFFECT] action_delta=0.00807899 param_rms_delta=0.00031525
[TIME] collect=7.081s update=0.299s
[DONE] timeout=0.00000 anchor_pos=0.28674 anchor_ori=0.14697 ee_body=0.33020
[TRACK_ROLLOUT] anchor_pos=0.51452 anchor_ori=0.38200 body_pos=0.63858 body_ori=0.14555 body_lin=0.35760 body_ang=0.05214
[ACT_SUMMARY] abs_mean=0.8224 abs_p95=1.0694 abs_p99=1.1826 abs_max=1.6375 legs=0.9249 waist=0.7458 arms=0.7510
[FRAME_DIAG] frame0_abs=0.8279 frame1_abs=0.8534 in_chunk_delta=0.9245 cross_chunk_delta=0.9652
[UPDATE] 439/500 reward_step=-0.05342 chunk=-0.40296 done_frac=0.05948 mean_reward=-2.75677 mean_len=48.00
[SFPO] loss=2.71758 policy_loss=-0.01858 value_loss=2.73617 ratio=1.0002 [0.188,4.376] clip=0.1720 kl=0.014171 grad=0.9867 grad_c=9.4456 lr=0.000100 critic_lr=0.001000
[ROLLOUT] live=45.35 survive=0.65515 per_step=-0.05168 episode_projection=-25.84
[POLICY_DETAIL] samples=47497 raw_samples=49152 mb=11875 micro_mb=8192 logp_delta_abs=0.11397 old_logp=-125.83513 new_logp=-125.84891 adv_abs=0.57256 sde_steps=4
[TRAIN] mean_reward=-2.75677 mean_len=48.00 recent_eps=100 completed_eps=2518374
[UPDATE_EFFECT] action_delta=0.00829680 param_rms_delta=0.00032146
[TIME] collect=7.255s update=0.284s
[DONE] timeout=0.00000 anchor_pos=0.27771 anchor_ori=0.13733 ee_body=0.32605
[TRACK_ROLLOUT] anchor_pos=0.51044 anchor_ori=0.38086 body_pos=0.63377 body_ori=0.14576 body_lin=0.35633 body_ang=0.05182
[ACT_SUMMARY] abs_mean=0.8220 abs_p95=1.0708 abs_p99=1.1858 abs_max=1.5494 legs=0.9233 waist=0.7459 arms=0.7514
[FRAME_DIAG] frame0_abs=0.8268 frame1_abs=0.8512 in_chunk_delta=0.9246 cross_chunk_delta=0.9681
[UPDATE] 440/500 reward_step=-0.05350 chunk=-0.40345 done_frac=0.05989 mean_reward=-2.75294 mean_len=48.00
[SFPO] loss=2.82401 policy_loss=-0.01719 value_loss=2.84120 ratio=0.9999 [0.182,5.724] clip=0.1757 kl=0.014622 grad=1.1647 grad_c=13.1827 lr=0.000100 critic_lr=0.001000
[ROLLOUT] live=45.33 survive=0.65283 per_step=-0.05175 episode_projection=-25.87
[POLICY_DETAIL] samples=47484 raw_samples=49152 mb=11871 micro_mb=8192 logp_delta_abs=0.11515 old_logp=-125.83080 new_logp=-125.84529 adv_abs=0.56667 sde_steps=4
[TRAIN] mean_reward=-2.75294 mean_len=48.00 recent_eps=100 completed_eps=2521218
[UPDATE_EFFECT] action_delta=0.00815614 param_rms_delta=0.00029863
[TIME] collect=7.220s update=0.301s
[DONE] timeout=0.00000 anchor_pos=0.27502 anchor_ori=0.13574 ee_body=0.32751
[TRACK_ROLLOUT] anchor_pos=0.50697 anchor_ori=0.38531 body_pos=0.63251 body_ori=0.14714 body_lin=0.35655 body_ang=0.05239
[ACT_SUMMARY] abs_mean=0.8233 abs_p95=1.0721 abs_p99=1.1860 abs_max=1.5272 legs=0.9265 waist=0.7450 arms=0.7517
[FRAME_DIAG] frame0_abs=0.8274 frame1_abs=0.8524 in_chunk_delta=0.9248 cross_chunk_delta=0.9656
[UPDATE] 441/500 reward_step=-0.05365 chunk=-0.40461 done_frac=0.05946 mean_reward=-2.77937 mean_len=48.00
[SFPO] loss=2.72452 policy_loss=-0.01725 value_loss=2.74177 ratio=0.9999 [0.134,4.120] clip=0.1663 kl=0.013592 grad=1.1477 grad_c=16.7462 lr=0.000100 critic_lr=0.001000
[ROLLOUT] live=45.41 survive=0.65479 per_step=-0.05191 episode_projection=-25.96
[POLICY_DETAIL] samples=47558 raw_samples=49152 mb=11890 micro_mb=8192 logp_delta_abs=0.11112 old_logp=-125.81039 new_logp=-125.82391 adv_abs=0.58083 sde_steps=4
[TRAIN] mean_reward=-2.77937 mean_len=48.00 recent_eps=100 completed_eps=2524046
[UPDATE_EFFECT] action_delta=0.00808126 param_rms_delta=0.00029747
[TIME] collect=7.050s update=0.298s
[DONE] timeout=0.00000 anchor_pos=0.27844 anchor_ori=0.14111 ee_body=0.32483
[TRACK_ROLLOUT] anchor_pos=0.50761 anchor_ori=0.38326 body_pos=0.63336 body_ori=0.14654 body_lin=0.35546 body_ang=0.05213
[ACT_SUMMARY] abs_mean=0.8242 abs_p95=1.0736 abs_p99=1.1878 abs_max=1.5434 legs=0.9285 waist=0.7458 arms=0.7517
[FRAME_DIAG] frame0_abs=0.8291 frame1_abs=0.8545 in_chunk_delta=0.9250 cross_chunk_delta=0.9674
[UPDATE] 442/500 reward_step=-0.05354 chunk=-0.40389 done_frac=0.05841 mean_reward=-2.78737 mean_len=48.00
[SFPO] loss=2.90969 policy_loss=-0.01743 value_loss=2.92713 ratio=1.0002 [0.163,4.330] clip=0.1769 kl=0.014744 grad=1.0897 grad_c=14.7638 lr=0.000100 critic_lr=0.001000
[ROLLOUT] live=45.43 survive=0.66089 per_step=-0.05178 episode_projection=-25.89
[POLICY_DETAIL] samples=47563 raw_samples=49152 mb=11891 micro_mb=8192 logp_delta_abs=0.11600 old_logp=-125.89186 new_logp=-125.90615 adv_abs=0.57527 sde_steps=4
[TRAIN] mean_reward=-2.78737 mean_len=48.00 recent_eps=100 completed_eps=2526824
[UPDATE_EFFECT] action_delta=0.00827516 param_rms_delta=0.00031415
[TIME] collect=7.212s update=0.282s
[DONE] timeout=0.00000 anchor_pos=0.27563 anchor_ori=0.13281 ee_body=0.31885
[TRACK_ROLLOUT] anchor_pos=0.50940 anchor_ori=0.38449 body_pos=0.63364 body_ori=0.14703 body_lin=0.35770 body_ang=0.05199
[ACT_SUMMARY] abs_mean=0.8238 abs_p95=1.0728 abs_p99=1.1876 abs_max=1.6233 legs=0.9268 waist=0.7460 arms=0.7521
[FRAME_DIAG] frame0_abs=0.8280 frame1_abs=0.8539 in_chunk_delta=0.9256 cross_chunk_delta=0.9670
[UPDATE] 443/500 reward_step=-0.05354 chunk=-0.40421 done_frac=0.05737 mean_reward=-2.81352 mean_len=48.00
[SFPO] loss=3.11705 policy_loss=-0.01650 value_loss=3.13355 ratio=1.0002 [0.165,4.676] clip=0.1728 kl=0.014269 grad=1.1837 grad_c=20.6829 lr=0.000100 critic_lr=0.001000
[ROLLOUT] live=45.49 survive=0.66663 per_step=-0.05180 episode_projection=-25.90
[POLICY_DETAIL] samples=47603 raw_samples=49152 mb=11901 micro_mb=8192 logp_delta_abs=0.11407 old_logp=-125.82622 new_logp=-125.84004 adv_abs=0.57985 sde_steps=4
[TRAIN] mean_reward=-2.81352 mean_len=48.00 recent_eps=100 completed_eps=2529555
[UPDATE_EFFECT] action_delta=0.00830755 param_rms_delta=0.00029294
[TIME] collect=7.153s update=0.285s
[DONE] timeout=0.00000 anchor_pos=0.27014 anchor_ori=0.12854 ee_body=0.31677
[TRACK_ROLLOUT] anchor_pos=0.50916 anchor_ori=0.38755 body_pos=0.63623 body_ori=0.14783 body_lin=0.35625 body_ang=0.05209
[ACT_SUMMARY] abs_mean=0.8247 abs_p95=1.0748 abs_p99=1.1906 abs_max=1.5773 legs=0.9300 waist=0.7469 arms=0.7512
[FRAME_DIAG] frame0_abs=0.8294 frame1_abs=0.8545 in_chunk_delta=0.9254 cross_chunk_delta=0.9671
[UPDATE] 444/500 reward_step=-0.05363 chunk=-0.40493 done_frac=0.05685 mean_reward=-2.75450 mean_len=48.00
[SFPO] loss=2.84866 policy_loss=-0.01782 value_loss=2.86647 ratio=1.0005 [0.161,4.034] clip=0.1681 kl=0.013665 grad=1.0790 grad_c=11.2440 lr=0.000100 critic_lr=0.001000
[ROLLOUT] live=45.53 survive=0.66943 per_step=-0.05189 episode_projection=-25.94
[POLICY_DETAIL] samples=47636 raw_samples=49152 mb=11909 micro_mb=8192 logp_delta_abs=0.11161 old_logp=-125.83857 new_logp=-125.85156 adv_abs=0.58276 sde_steps=4
[TRAIN] mean_reward=-2.75450 mean_len=48.00 recent_eps=100 completed_eps=2532263
[UPDATE_EFFECT] action_delta=0.00853980 param_rms_delta=0.00030250
[TIME] collect=7.136s update=0.285s
[DONE] timeout=0.00000 anchor_pos=0.26392 anchor_ori=0.12622 ee_body=0.31067
[TRACK_ROLLOUT] anchor_pos=0.50794 anchor_ori=0.38658 body_pos=0.63525 body_ori=0.14810 body_lin=0.35781 body_ang=0.05208
[ACT_SUMMARY] abs_mean=0.8256 abs_p95=1.0769 abs_p99=1.1913 abs_max=1.6129 legs=0.9316 waist=0.7463 arms=0.7517
[FRAME_DIAG] frame0_abs=0.8300 frame1_abs=0.8558 in_chunk_delta=0.9259 cross_chunk_delta=0.9667
[UPDATE] 445/500 reward_step=-0.05378 chunk=-0.40605 done_frac=0.05705 mean_reward=-2.80308 mean_len=48.00
[SFPO] loss=2.82948 policy_loss=-0.01617 value_loss=2.84565 ratio=0.9995 [0.174,5.948] clip=0.1760 kl=0.014523 grad=1.0724 grad_c=11.1204 lr=0.000100 critic_lr=0.001000
[ROLLOUT] live=45.54 survive=0.66821 per_step=-0.05201 episode_projection=-26.01
[POLICY_DETAIL] samples=47642 raw_samples=49152 mb=11911 micro_mb=8192 logp_delta_abs=0.11544 old_logp=-125.82335 new_logp=-125.83812 adv_abs=0.57616 sde_steps=4
[TRAIN] mean_reward=-2.80308 mean_len=48.00 recent_eps=100 completed_eps=2534981
[UPDATE_EFFECT] action_delta=0.00816617 param_rms_delta=0.00031085
[TIME] collect=7.328s update=0.283s
[DONE] timeout=0.00000 anchor_pos=0.26929 anchor_ori=0.12891 ee_body=0.31348
[TRACK_ROLLOUT] anchor_pos=0.50674 anchor_ori=0.38553 body_pos=0.63504 body_ori=0.15027 body_lin=0.35588 body_ang=0.05221
[ACT_SUMMARY] abs_mean=0.8281 abs_p95=1.0791 abs_p99=1.1931 abs_max=1.5470 legs=0.9353 waist=0.7495 arms=0.7530
[FRAME_DIAG] frame0_abs=0.8328 frame1_abs=0.8573 in_chunk_delta=0.9262 cross_chunk_delta=0.9664
[UPDATE] 446/500 reward_step=-0.05390 chunk=-0.40654 done_frac=0.05827 mean_reward=-2.82302 mean_len=48.00
[SFPO] loss=3.15631 policy_loss=-0.01976 value_loss=3.17607 ratio=1.0005 [0.146,3.913] clip=0.1763 kl=0.014580 grad=1.0493 grad_c=24.2437 lr=0.000100 critic_lr=0.001000
[ROLLOUT] live=45.39 survive=0.66187 per_step=-0.05213 episode_projection=-26.07
[POLICY_DETAIL] samples=47539 raw_samples=49152 mb=11885 micro_mb=8192 logp_delta_abs=0.11506 old_logp=-125.83644 new_logp=-125.85024 adv_abs=0.57468 sde_steps=4
[TRAIN] mean_reward=-2.82302 mean_len=48.00 recent_eps=100 completed_eps=2537751
[UPDATE_EFFECT] action_delta=0.00828390 param_rms_delta=0.00031702
[TIME] collect=7.493s update=0.294s
[DONE] timeout=0.00000 anchor_pos=0.27661 anchor_ori=0.13647 ee_body=0.31824
[TRACK_ROLLOUT] anchor_pos=0.50673 anchor_ori=0.38490 body_pos=0.63536 body_ori=0.14817 body_lin=0.35383 body_ang=0.05128
[ACT_SUMMARY] abs_mean=0.8273 abs_p95=1.0770 abs_p99=1.1906 abs_max=1.6084 legs=0.9341 waist=0.7501 arms=0.7523
[FRAME_DIAG] frame0_abs=0.8316 frame1_abs=0.8578 in_chunk_delta=0.9265 cross_chunk_delta=0.9683
[UPDATE] 447/500 reward_step=-0.05391 chunk=-0.40710 done_frac=0.05703 mean_reward=-2.79417 mean_len=48.00
[SFPO] loss=2.94680 policy_loss=-0.01989 value_loss=2.96670 ratio=1.0002 [0.173,5.793] clip=0.1796 kl=0.014941 grad=1.0669 grad_c=12.0487 lr=0.000100 critic_lr=0.001000
[ROLLOUT] live=45.60 survive=0.66797 per_step=-0.05213 episode_projection=-26.06
[POLICY_DETAIL] samples=47698 raw_samples=49152 mb=11925 micro_mb=8192 logp_delta_abs=0.11651 old_logp=-125.85321 new_logp=-125.86766 adv_abs=0.58185 sde_steps=4
[TRAIN] mean_reward=-2.79417 mean_len=48.00 recent_eps=100 completed_eps=2540471
[UPDATE_EFFECT] action_delta=0.00814799 param_rms_delta=0.00031140
[TIME] collect=7.286s update=0.287s
[DONE] timeout=0.00000 anchor_pos=0.26550 anchor_ori=0.12573 ee_body=0.31226
[TRACK_ROLLOUT] anchor_pos=0.50704 anchor_ori=0.38373 body_pos=0.63569 body_ori=0.14768 body_lin=0.35468 body_ang=0.05150
[ACT_SUMMARY] abs_mean=0.8276 abs_p95=1.0785 abs_p99=1.1924 abs_max=1.5492 legs=0.9354 waist=0.7481 arms=0.7522
[FRAME_DIAG] frame0_abs=0.8316 frame1_abs=0.8579 in_chunk_delta=0.9267 cross_chunk_delta=0.9660
[UPDATE] 448/500 reward_step=-0.05403 chunk=-0.40807 done_frac=0.05513 mean_reward=-2.85958 mean_len=48.00
[SFPO] loss=3.03822 policy_loss=-0.01903 value_loss=3.05725 ratio=0.9998 [0.089,4.218] clip=0.1751 kl=0.014365 grad=1.0545 grad_c=11.2888 lr=0.000100 critic_lr=0.001000
[ROLLOUT] live=45.63 survive=0.67883 per_step=-0.05228 episode_projection=-26.14
[POLICY_DETAIL] samples=47727 raw_samples=49152 mb=11932 micro_mb=8192 logp_delta_abs=0.11466 old_logp=-125.80816 new_logp=-125.82250 adv_abs=0.57288 sde_steps=4
[TRAIN] mean_reward=-2.85958 mean_len=48.00 recent_eps=100 completed_eps=2543102
[UPDATE_EFFECT] action_delta=0.00805083 param_rms_delta=0.00031355
[TIME] collect=7.068s update=0.287s
[DONE] timeout=0.00000 anchor_pos=0.26233 anchor_ori=0.11865 ee_body=0.30005
[TRACK_ROLLOUT] anchor_pos=0.50824 anchor_ori=0.38694 body_pos=0.63460 body_ori=0.14848 body_lin=0.35547 body_ang=0.05157
[ACT_SUMMARY] abs_mean=0.8288 abs_p95=1.0813 abs_p99=1.1956 abs_max=1.6171 legs=0.9373 waist=0.7485 arms=0.7529
[FRAME_DIAG] frame0_abs=0.8323 frame1_abs=0.8597 in_chunk_delta=0.9272 cross_chunk_delta=0.9666
[UPDATE] 449/500 reward_step=-0.05416 chunk=-0.40907 done_frac=0.05557 mean_reward=-2.85391 mean_len=48.00
[SFPO] loss=2.85713 policy_loss=-0.01958 value_loss=2.87672 ratio=0.9996 [0.215,4.466] clip=0.1742 kl=0.014369 grad=0.9989 grad_c=11.7389 lr=0.000100 critic_lr=0.001000
[ROLLOUT] live=45.62 survive=0.67639 per_step=-0.05242 episode_projection=-26.21
[POLICY_DETAIL] samples=47707 raw_samples=49152 mb=11927 micro_mb=8192 logp_delta_abs=0.11481 old_logp=-125.82415 new_logp=-125.83864 adv_abs=0.58075 sde_steps=4
[TRAIN] mean_reward=-2.85391 mean_len=48.00 recent_eps=100 completed_eps=2545753
[UPDATE_EFFECT] action_delta=0.00815681 param_rms_delta=0.00032042
[TIME] collect=6.964s update=0.287s
[DONE] timeout=0.00000 anchor_pos=0.26318 anchor_ori=0.12000 ee_body=0.30554
[TRACK_ROLLOUT] anchor_pos=0.50658 anchor_ori=0.38353 body_pos=0.63630 body_ori=0.14769 body_lin=0.35260 body_ang=0.05110
[ACT_SUMMARY] abs_mean=0.8287 abs_p95=1.0806 abs_p99=1.1937 abs_max=1.5388 legs=0.9376 waist=0.7493 arms=0.7524
[FRAME_DIAG] frame0_abs=0.8325 frame1_abs=0.8593 in_chunk_delta=0.9276 cross_chunk_delta=0.9671
[UPDATE] 450/500 reward_step=-0.05429 chunk=-0.41047 done_frac=0.05361 mean_reward=-2.84408 mean_len=48.00
[SFPO] loss=3.06037 policy_loss=-0.01741 value_loss=3.07778 ratio=1.0003 [0.178,5.225] clip=0.1757 kl=0.014338 grad=1.1203 grad_c=10.4002 lr=0.000100 critic_lr=0.001000
[ROLLOUT] live=45.64 survive=0.68799 per_step=-0.05249 episode_projection=-26.25
[POLICY_DETAIL] samples=47681 raw_samples=49152 mb=11921 micro_mb=8192 logp_delta_abs=0.11497 old_logp=-125.87521 new_logp=-125.88899 adv_abs=0.57299 sde_steps=4
[TRAIN] mean_reward=-2.84408 mean_len=48.00 recent_eps=100 completed_eps=2548309
[UPDATE_EFFECT] action_delta=0.00781003 param_rms_delta=0.00030211
[TIME] collect=7.330s update=0.295s
[DONE] timeout=0.00000 anchor_pos=0.24658 anchor_ori=0.11438 ee_body=0.29553
[TRACK_ROLLOUT] anchor_pos=0.50810 anchor_ori=0.38658 body_pos=0.63714 body_ori=0.14908 body_lin=0.35462 body_ang=0.05122
[ACT_SUMMARY] abs_mean=0.8303 abs_p95=1.0824 abs_p99=1.1964 abs_max=1.6353 legs=0.9402 waist=0.7507 arms=0.7530
[FRAME_DIAG] frame0_abs=0.8343 frame1_abs=0.8605 in_chunk_delta=0.9284 cross_chunk_delta=0.9690
[UPDATE] 451/500 reward_step=-0.05430 chunk=-0.41062 done_frac=0.05358 mean_reward=-2.84620 mean_len=48.00
[SFPO] loss=3.13606 policy_loss=-0.01733 value_loss=3.15338 ratio=1.0001 [0.194,5.707] clip=0.1668 kl=0.013540 grad=1.1064 grad_c=11.1763 lr=0.000100 critic_lr=0.001000
[ROLLOUT] live=45.75 survive=0.68750 per_step=-0.05251 episode_projection=-26.26
[POLICY_DETAIL] samples=47781 raw_samples=49152 mb=11946 micro_mb=8192 logp_delta_abs=0.11183 old_logp=-125.83650 new_logp=-125.84975 adv_abs=0.58210 sde_steps=4
[TRAIN] mean_reward=-2.84620 mean_len=48.00 recent_eps=100 completed_eps=2550869
[UPDATE_EFFECT] action_delta=0.00799893 param_rms_delta=0.00029837
[TIME] collect=7.201s update=0.285s
[DONE] timeout=0.00000 anchor_pos=0.24609 anchor_ori=0.10779 ee_body=0.29565
[TRACK_ROLLOUT] anchor_pos=0.50864 anchor_ori=0.38552 body_pos=0.63970 body_ori=0.14974 body_lin=0.35502 body_ang=0.05132
[ACT_SUMMARY] abs_mean=0.8306 abs_p95=1.0840 abs_p99=1.1975 abs_max=1.5444 legs=0.9412 waist=0.7500 arms=0.7532
[FRAME_DIAG] frame0_abs=0.8341 frame1_abs=0.8606 in_chunk_delta=0.9290 cross_chunk_delta=0.9699
[UPDATE] 452/500 reward_step=-0.05437 chunk=-0.41081 done_frac=0.05428 mean_reward=-2.85112 mean_len=48.00
[SFPO] loss=3.09498 policy_loss=-0.01724 value_loss=3.11221 ratio=1.0006 [0.180,5.051] clip=0.1806 kl=0.015102 grad=1.1860 grad_c=12.8127 lr=0.000100 critic_lr=0.001000
[ROLLOUT] live=45.67 survive=0.68372 per_step=-0.05256 episode_projection=-26.28
[POLICY_DETAIL] samples=47738 raw_samples=49152 mb=11935 micro_mb=8192 logp_delta_abs=0.11714 old_logp=-125.83581 new_logp=-125.85010 adv_abs=0.57221 sde_steps=4
[TRAIN] mean_reward=-2.85112 mean_len=48.00 recent_eps=100 completed_eps=2553460
[UPDATE_EFFECT] action_delta=0.00786950 param_rms_delta=0.00029612
[TIME] collect=7.159s update=0.291s
[DONE] timeout=0.00000 anchor_pos=0.24670 anchor_ori=0.11279 ee_body=0.29797
[TRACK_ROLLOUT] anchor_pos=0.50665 anchor_ori=0.38792 body_pos=0.63633 body_ori=0.15117 body_lin=0.35390 body_ang=0.05132
[ACT_SUMMARY] abs_mean=0.8317 abs_p95=1.0857 abs_p99=1.1983 abs_max=1.6062 legs=0.9436 waist=0.7498 arms=0.7534
[FRAME_DIAG] frame0_abs=0.8341 frame1_abs=0.8621 in_chunk_delta=0.9287 cross_chunk_delta=0.9689
[UPDATE] 453/500 reward_step=-0.05435 chunk=-0.41049 done_frac=0.05587 mean_reward=-2.83534 mean_len=48.00
[SFPO] loss=3.20021 policy_loss=-0.01746 value_loss=3.21767 ratio=0.9999 [0.211,4.820] clip=0.1746 kl=0.014272 grad=1.1762 grad_c=9.7253 lr=0.000100 critic_lr=0.001000
[ROLLOUT] live=45.63 survive=0.67456 per_step=-0.05255 episode_projection=-26.28
[POLICY_DETAIL] samples=47721 raw_samples=49152 mb=11931 micro_mb=8192 logp_delta_abs=0.11473 old_logp=-125.81137 new_logp=-125.82554 adv_abs=0.57856 sde_steps=4
[TRAIN] mean_reward=-2.83534 mean_len=48.00 recent_eps=100 completed_eps=2556126
[UPDATE_EFFECT] action_delta=0.00792590 param_rms_delta=0.00029498
[TIME] collect=7.141s update=0.287s
[DONE] timeout=0.00000 anchor_pos=0.26172 anchor_ori=0.11243 ee_body=0.30493
[TRACK_ROLLOUT] anchor_pos=0.50936 anchor_ori=0.38827 body_pos=0.63926 body_ori=0.14953 body_lin=0.35461 body_ang=0.05119
[ACT_SUMMARY] abs_mean=0.8330 abs_p95=1.0884 abs_p99=1.2009 abs_max=1.5960 legs=0.9463 waist=0.7513 arms=0.7534
[FRAME_DIAG] frame0_abs=0.8362 frame1_abs=0.8636 in_chunk_delta=0.9292 cross_chunk_delta=0.9697
[UPDATE] 454/500 reward_step=-0.05471 chunk=-0.41338 done_frac=0.05426 mean_reward=-2.88394 mean_len=48.00
[SFPO] loss=3.36737 policy_loss=-0.01859 value_loss=3.38595 ratio=0.9999 [0.199,4.334] clip=0.1743 kl=0.014196 grad=1.0732 grad_c=10.8139 lr=0.000100 critic_lr=0.001000
[ROLLOUT] live=45.63 survive=0.68408 per_step=-0.05290 episode_projection=-26.45
[POLICY_DETAIL] samples=47697 raw_samples=49152 mb=11925 micro_mb=8192 logp_delta_abs=0.11471 old_logp=-125.80750 new_logp=-125.82153 adv_abs=0.57749 sde_steps=4
[TRAIN] mean_reward=-2.88394 mean_len=48.00 recent_eps=100 completed_eps=2558714
[UPDATE_EFFECT] action_delta=0.00779307 param_rms_delta=0.00030870
[TIME] collect=7.169s update=0.289s
[DONE] timeout=0.00000 anchor_pos=0.25378 anchor_ori=0.11304 ee_body=0.29785
[TRACK_ROLLOUT] anchor_pos=0.50855 anchor_ori=0.39115 body_pos=0.63873 body_ori=0.15095 body_lin=0.35434 body_ang=0.05121
[ACT_SUMMARY] abs_mean=0.8348 abs_p95=1.0897 abs_p99=1.2027 abs_max=1.5917 legs=0.9498 waist=0.7530 arms=0.7537
[FRAME_DIAG] frame0_abs=0.8369 frame1_abs=0.8652 in_chunk_delta=0.9306 cross_chunk_delta=0.9714
[UPDATE] 455/500 reward_step=-0.05460 chunk=-0.41272 done_frac=0.05301 mean_reward=-2.85500 mean_len=48.00
[SFPO] loss=3.35637 policy_loss=-0.01643 value_loss=3.37280 ratio=1.0003 [0.121,5.284] clip=0.1771 kl=0.014822 grad=1.2550 grad_c=14.9636 lr=0.000100 critic_lr=0.001000
[ROLLOUT] live=45.75 survive=0.69067 per_step=-0.05279 episode_projection=-26.39
[POLICY_DETAIL] samples=47799 raw_samples=49152 mb=11950 micro_mb=8192 logp_delta_abs=0.11579 old_logp=-125.85142 new_logp=-125.86570 adv_abs=0.58149 sde_steps=4
[TRAIN] mean_reward=-2.85500 mean_len=48.00 recent_eps=100 completed_eps=2561248
[UPDATE_EFFECT] action_delta=0.00792132 param_rms_delta=0.00029318
[TIME] collect=7.375s update=0.297s
[DONE] timeout=0.00000 anchor_pos=0.24500 anchor_ori=0.10583 ee_body=0.28894
[TRACK_ROLLOUT] anchor_pos=0.50748 anchor_ori=0.39290 body_pos=0.63810 body_ori=0.15111 body_lin=0.35339 body_ang=0.05082
[ACT_SUMMARY] abs_mean=0.8346 abs_p95=1.0902 abs_p99=1.2044 abs_max=1.5952 legs=0.9487 waist=0.7520 arms=0.7544
[FRAME_DIAG] frame0_abs=0.8370 frame1_abs=0.8633 in_chunk_delta=0.9302 cross_chunk_delta=0.9710
[UPDATE] 456/500 reward_step=-0.05472 chunk=-0.41363 done_frac=0.05360 mean_reward=-2.83329 mean_len=48.00
[SFPO] loss=3.59056 policy_loss=-0.01691 value_loss=3.60747 ratio=0.9999 [0.153,5.483] clip=0.1734 kl=0.014139 grad=1.0883 grad_c=18.4209 lr=0.000100 critic_lr=0.001000
[ROLLOUT] live=45.74 survive=0.68726 per_step=-0.05294 episode_projection=-26.47
[POLICY_DETAIL] samples=47798 raw_samples=49152 mb=11950 micro_mb=8192 logp_delta_abs=0.11390 old_logp=-125.83111 new_logp=-125.84514 adv_abs=0.58242 sde_steps=4
[TRAIN] mean_reward=-2.83329 mean_len=48.00 recent_eps=100 completed_eps=2563810
[UPDATE_EFFECT] action_delta=0.00793860 param_rms_delta=0.00030400
[TIME] collect=7.187s update=0.284s
[DONE] timeout=0.00000 anchor_pos=0.24744 anchor_ori=0.10950 ee_body=0.29468
[TRACK_ROLLOUT] anchor_pos=0.51238 anchor_ori=0.38444 body_pos=0.64184 body_ori=0.15179 body_lin=0.35160 body_ang=0.05050
[ACT_SUMMARY] abs_mean=0.8346 abs_p95=1.0909 abs_p99=1.2051 abs_max=1.5469 legs=0.9500 waist=0.7524 arms=0.7533
[FRAME_DIAG] frame0_abs=0.8373 frame1_abs=0.8641 in_chunk_delta=0.9307 cross_chunk_delta=0.9711
[UPDATE] 457/500 reward_step=-0.05479 chunk=-0.41435 done_frac=0.05174 mean_reward=-2.87131 mean_len=48.00
[SFPO] loss=3.28406 policy_loss=-0.01813 value_loss=3.30219 ratio=1.0000 [0.207,3.820] clip=0.1752 kl=0.014355 grad=1.0946 grad_c=13.2562 lr=0.000100 critic_lr=0.001000
[ROLLOUT] live=45.81 survive=0.69788 per_step=-0.05296 episode_projection=-26.48
[POLICY_DETAIL] samples=47835 raw_samples=49152 mb=11959 micro_mb=8192 logp_delta_abs=0.11525 old_logp=-125.80396 new_logp=-125.81811 adv_abs=0.56907 sde_steps=4
[TRAIN] mean_reward=-2.87131 mean_len=48.00 recent_eps=100 completed_eps=2566285
[UPDATE_EFFECT] action_delta=0.00772613 param_rms_delta=0.00030758
[TIME] collect=7.117s update=0.307s
[DONE] timeout=0.00000 anchor_pos=0.24097 anchor_ori=0.10535 ee_body=0.28333
[TRACK_ROLLOUT] anchor_pos=0.50515 anchor_ori=0.38698 body_pos=0.63655 body_ori=0.15137 body_lin=0.35158 body_ang=0.05075
[ACT_SUMMARY] abs_mean=0.8354 abs_p95=1.0920 abs_p99=1.2074 abs_max=1.5975 legs=0.9512 waist=0.7520 arms=0.7540
[FRAME_DIAG] frame0_abs=0.8362 frame1_abs=0.8645 in_chunk_delta=0.9300 cross_chunk_delta=0.9701
[UPDATE] 458/500 reward_step=-0.05476 chunk=-0.41452 done_frac=0.05014 mean_reward=-2.84523 mean_len=48.00
[SFPO] loss=3.39658 policy_loss=-0.01811 value_loss=3.41469 ratio=0.9999 [0.193,4.933] clip=0.1739 kl=0.014263 grad=1.1317 grad_c=14.1447 lr=0.000100 critic_lr=0.001000
[ROLLOUT] live=45.85 survive=0.70728 per_step=-0.05292 episode_projection=-26.46
[POLICY_DETAIL] samples=47830 raw_samples=49152 mb=11958 micro_mb=8192 logp_delta_abs=0.11444 old_logp=-125.84513 new_logp=-125.85929 adv_abs=0.57390 sde_steps=4
[TRAIN] mean_reward=-2.84523 mean_len=48.00 recent_eps=100 completed_eps=2568683
[UPDATE_EFFECT] action_delta=0.00790139 param_rms_delta=0.00029772
[TIME] collect=7.212s update=0.295s
[DONE] timeout=0.00000 anchor_pos=0.23291 anchor_ori=0.10205 ee_body=0.27393
[TRACK_ROLLOUT] anchor_pos=0.50871 anchor_ori=0.38931 body_pos=0.64080 body_ori=0.15126 body_lin=0.35278 body_ang=0.05044
[ACT_SUMMARY] abs_mean=0.8352 abs_p95=1.0918 abs_p99=1.2052 abs_max=1.6153 legs=0.9511 waist=0.7526 arms=0.7535
[FRAME_DIAG] frame0_abs=0.8358 frame1_abs=0.8646 in_chunk_delta=0.9312 cross_chunk_delta=0.9704
[UPDATE] 459/500 reward_step=-0.05499 chunk=-0.41625 done_frac=0.05050 mean_reward=-2.87396 mean_len=48.00
[SFPO] loss=3.43815 policy_loss=-0.01748 value_loss=3.45564 ratio=1.0003 [0.192,4.628] clip=0.1784 kl=0.014790 grad=1.1804 grad_c=13.7855 lr=0.000100 critic_lr=0.001000
[ROLLOUT] live=45.84 survive=0.70520 per_step=-0.05314 episode_projection=-26.57
[POLICY_DETAIL] samples=47825 raw_samples=49152 mb=11957 micro_mb=8192 logp_delta_abs=0.11671 old_logp=-125.83424 new_logp=-125.84845 adv_abs=0.57843 sde_steps=4
[TRAIN] mean_reward=-2.87396 mean_len=48.00 recent_eps=100 completed_eps=2571098
[UPDATE_EFFECT] action_delta=0.00797483 param_rms_delta=0.00029627
[TIME] collect=7.151s update=0.284s
[DONE] timeout=0.00000 anchor_pos=0.23254 anchor_ori=0.10181 ee_body=0.27856
[TRACK_ROLLOUT] anchor_pos=0.50517 anchor_ori=0.39444 body_pos=0.63952 body_ori=0.15318 body_lin=0.35292 body_ang=0.05095
[ACT_SUMMARY] abs_mean=0.8382 abs_p95=1.0962 abs_p99=1.2086 abs_max=1.5745 legs=0.9559 waist=0.7534 arms=0.7555
[FRAME_DIAG] frame0_abs=0.8391 frame1_abs=0.8663 in_chunk_delta=0.9315 cross_chunk_delta=0.9717
[UPDATE] 460/500 reward_step=-0.05506 chunk=-0.41617 done_frac=0.05332 mean_reward=-2.81049 mean_len=48.00
[SFPO] loss=3.48104 policy_loss=-0.01729 value_loss=3.49833 ratio=0.9999 [0.165,5.010] clip=0.1705 kl=0.014034 grad=1.1990 grad_c=13.5766 lr=0.000100 critic_lr=0.001000
[ROLLOUT] live=45.72 survive=0.68909 per_step=-0.05322 episode_projection=-26.61
[POLICY_DETAIL] samples=47772 raw_samples=49152 mb=11943 micro_mb=8192 logp_delta_abs=0.11321 old_logp=-125.84324 new_logp=-125.85709 adv_abs=0.57486 sde_steps=4
[TRAIN] mean_reward=-2.81049 mean_len=48.00 recent_eps=100 completed_eps=2573645
[UPDATE_EFFECT] action_delta=0.00812183 param_rms_delta=0.00029718
[TIME] collect=7.169s update=0.287s
[DONE] timeout=0.00000 anchor_pos=0.24255 anchor_ori=0.10425 ee_body=0.29358
[TRACK_ROLLOUT] anchor_pos=0.50574 anchor_ori=0.38932 body_pos=0.64009 body_ori=0.15457 body_lin=0.35082 body_ang=0.05103
[ACT_SUMMARY] abs_mean=0.8389 abs_p95=1.0968 abs_p99=1.2107 abs_max=1.5588 legs=0.9578 waist=0.7538 arms=0.7552
[FRAME_DIAG] frame0_abs=0.8401 frame1_abs=0.8681 in_chunk_delta=0.9315 cross_chunk_delta=0.9723
[UPDATE] 461/500 reward_step=-0.05511 chunk=-0.41704 done_frac=0.05010 mean_reward=-2.87522 mean_len=48.00
[SFPO] loss=3.50711 policy_loss=-0.01561 value_loss=3.52272 ratio=1.0011 [0.157,4.377] clip=0.1687 kl=0.013735 grad=1.3305 grad_c=11.7318 lr=0.000100 critic_lr=0.001000
[ROLLOUT] live=45.92 survive=0.70691 per_step=-0.05328 episode_projection=-26.64
[POLICY_DETAIL] samples=47926 raw_samples=49152 mb=11982 micro_mb=8192 logp_delta_abs=0.11196 old_logp=-125.75055 new_logp=-125.76304 adv_abs=0.58875 sde_steps=4
[TRAIN] mean_reward=-2.87522 mean_len=48.00 recent_eps=100 completed_eps=2576046
[UPDATE_EFFECT] action_delta=0.00746056 param_rms_delta=0.00026853
[TIME] collect=7.009s update=0.284s
[DONE] timeout=0.00000 anchor_pos=0.23267 anchor_ori=0.10193 ee_body=0.27649
[TRACK_ROLLOUT] anchor_pos=0.50895 anchor_ori=0.38774 body_pos=0.64360 body_ori=0.15252 body_lin=0.34937 body_ang=0.04998
[ACT_SUMMARY] abs_mean=0.8390 abs_p95=1.0969 abs_p99=1.2104 abs_max=1.6491 legs=0.9585 waist=0.7539 arms=0.7548
[FRAME_DIAG] frame0_abs=0.8400 frame1_abs=0.8675 in_chunk_delta=0.9320 cross_chunk_delta=0.9729
[UPDATE] 462/500 reward_step=-0.05541 chunk=-0.41953 done_frac=0.05032 mean_reward=-2.93848 mean_len=48.00
[SFPO] loss=3.71597 policy_loss=-0.01889 value_loss=3.73485 ratio=1.0001 [0.122,7.498] clip=0.1729 kl=0.014103 grad=1.1050 grad_c=19.7083 lr=0.000100 critic_lr=0.001000
[ROLLOUT] live=45.92 survive=0.70581 per_step=-0.05355 episode_projection=-26.77
[POLICY_DETAIL] samples=47893 raw_samples=49152 mb=11974 micro_mb=8192 logp_delta_abs=0.11380 old_logp=-125.82608 new_logp=-125.83983 adv_abs=0.57812 sde_steps=4
[TRAIN] mean_reward=-2.93848 mean_len=48.00 recent_eps=100 completed_eps=2578456
[UPDATE_EFFECT] action_delta=0.00765459 param_rms_delta=0.00029922
[TIME] collect=7.318s update=0.291s
[DONE] timeout=0.00000 anchor_pos=0.22778 anchor_ori=0.09851 ee_body=0.27417
[TRACK_ROLLOUT] anchor_pos=0.50737 anchor_ori=0.38861 body_pos=0.64336 body_ori=0.15253 body_lin=0.35042 body_ang=0.05012
[ACT_SUMMARY] abs_mean=0.8409 abs_p95=1.0997 abs_p99=1.2133 abs_max=1.5629 legs=0.9616 waist=0.7553 arms=0.7559
[FRAME_DIAG] frame0_abs=0.8425 frame1_abs=0.8695 in_chunk_delta=0.9334 cross_chunk_delta=0.9732
[UPDATE] 463/500 reward_step=-0.05540 chunk=-0.41959 done_frac=0.04844 mean_reward=-2.91084 mean_len=48.00
[SFPO] loss=3.40628 policy_loss=-0.01892 value_loss=3.42520 ratio=0.9997 [0.175,5.067] clip=0.1726 kl=0.014192 grad=1.1850 grad_c=16.6102 lr=0.000100 critic_lr=0.001000
[ROLLOUT] live=45.99 survive=0.71643 per_step=-0.05356 episode_projection=-26.78
[POLICY_DETAIL] samples=47959 raw_samples=49152 mb=11990 micro_mb=8192 logp_delta_abs=0.11381 old_logp=-125.80688 new_logp=-125.82111 adv_abs=0.57860 sde_steps=4
[TRAIN] mean_reward=-2.91084 mean_len=48.00 recent_eps=100 completed_eps=2580779
[UPDATE_EFFECT] action_delta=0.00791816 param_rms_delta=0.00029491
[TIME] collect=7.496s update=0.289s
[DONE] timeout=0.00000 anchor_pos=0.22229 anchor_ori=0.09534 ee_body=0.26440
[TRACK_ROLLOUT] anchor_pos=0.50478 anchor_ori=0.38744 body_pos=0.64129 body_ori=0.15219 body_lin=0.34928 body_ang=0.04969
[ACT_SUMMARY] abs_mean=0.8400 abs_p95=1.0990 abs_p99=1.2134 abs_max=1.5736 legs=0.9602 waist=0.7554 arms=0.7551
[FRAME_DIAG] frame0_abs=0.8407 frame1_abs=0.8694 in_chunk_delta=0.9329 cross_chunk_delta=0.9733
[UPDATE] 464/500 reward_step=-0.05543 chunk=-0.41976 done_frac=0.04872 mean_reward=-2.92556 mean_len=48.00
[SFPO] loss=3.70073 policy_loss=-0.01729 value_loss=3.71802 ratio=1.0004 [0.133,5.208] clip=0.1791 kl=0.015152 grad=1.2873 grad_c=21.3333 lr=0.000100 critic_lr=0.001000
[ROLLOUT] live=45.95 survive=0.71509 per_step=-0.05358 episode_projection=-26.79
[POLICY_DETAIL] samples=47910 raw_samples=49152 mb=11978 micro_mb=8192 logp_delta_abs=0.11688 old_logp=-125.81347 new_logp=-125.82795 adv_abs=0.57857 sde_steps=4
[TRAIN] mean_reward=-2.92556 mean_len=48.00 recent_eps=100 completed_eps=2583113
[UPDATE_EFFECT] action_delta=0.00812302 param_rms_delta=0.00028532
[TIME] collect=7.222s update=0.301s
[DONE] timeout=0.00000 anchor_pos=0.22144 anchor_ori=0.09863 ee_body=0.26587
[TRACK_ROLLOUT] anchor_pos=0.50852 anchor_ori=0.39015 body_pos=0.64289 body_ori=0.15297 body_lin=0.35093 body_ang=0.04993
[ACT_SUMMARY] abs_mean=0.8406 abs_p95=1.1007 abs_p99=1.2153 abs_max=1.6223 legs=0.9616 waist=0.7546 arms=0.7553
[FRAME_DIAG] frame0_abs=0.8412 frame1_abs=0.8687 in_chunk_delta=0.9336 cross_chunk_delta=0.9733
[UPDATE] 465/500 reward_step=-0.05553 chunk=-0.42062 done_frac=0.04712 mean_reward=-2.97437 mean_len=48.00
[SFPO] loss=3.53810 policy_loss=-0.01800 value_loss=3.55611 ratio=0.9997 [0.197,5.264] clip=0.1694 kl=0.013867 grad=1.2880 grad_c=13.6200 lr=0.000100 critic_lr=0.001000
[ROLLOUT] live=46.05 survive=0.72388 per_step=-0.05367 episode_projection=-26.83
[POLICY_DETAIL] samples=48005 raw_samples=49152 mb=12002 micro_mb=8192 logp_delta_abs=0.11272 old_logp=-125.82436 new_logp=-125.83832 adv_abs=0.58575 sde_steps=4
[TRAIN] mean_reward=-2.97437 mean_len=48.00 recent_eps=100 completed_eps=2585375
[UPDATE_EFFECT] action_delta=0.00723418 param_rms_delta=0.00028112
[TIME] collect=6.910s update=0.290s
[DONE] timeout=0.00000 anchor_pos=0.21594 anchor_ori=0.08997 ee_body=0.26013
[TRACK_ROLLOUT] anchor_pos=0.50791 anchor_ori=0.39095 body_pos=0.64632 body_ori=0.15477 body_lin=0.34930 body_ang=0.04996
[ACT_SUMMARY] abs_mean=0.8424 abs_p95=1.1021 abs_p99=1.2169 abs_max=1.5512 legs=0.9655 waist=0.7558 arms=0.7554
[FRAME_DIAG] frame0_abs=0.8421 frame1_abs=0.8716 in_chunk_delta=0.9343 cross_chunk_delta=0.9749
[UPDATE] 466/500 reward_step=-0.05567 chunk=-0.42190 done_frac=0.04795 mean_reward=-2.93734 mean_len=48.00
[SFPO] loss=3.63245 policy_loss=-0.01658 value_loss=3.64903 ratio=0.9999 [0.128,7.314] clip=0.1728 kl=0.014419 grad=1.4156 grad_c=19.4949 lr=0.000100 critic_lr=0.001000
[ROLLOUT] live=46.05 survive=0.71912 per_step=-0.05380 episode_projection=-26.90
[POLICY_DETAIL] samples=47987 raw_samples=49152 mb=11997 micro_mb=8192 logp_delta_abs=0.11426 old_logp=-125.84005 new_logp=-125.85429 adv_abs=0.57947 sde_steps=4
[TRAIN] mean_reward=-2.93734 mean_len=48.00 recent_eps=100 completed_eps=2587676
[UPDATE_EFFECT] action_delta=0.00758274 param_rms_delta=0.00026434
[TIME] collect=7.134s update=0.288s
[DONE] timeout=0.00000 anchor_pos=0.21692 anchor_ori=0.08813 ee_body=0.26306
[TRACK_ROLLOUT] anchor_pos=0.50688 anchor_ori=0.39143 body_pos=0.64436 body_ori=0.15557 body_lin=0.35030 body_ang=0.05021
[ACT_SUMMARY] abs_mean=0.8439 abs_p95=1.1054 abs_p99=1.2186 abs_max=1.5518 legs=0.9683 waist=0.7568 arms=0.7559
[FRAME_DIAG] frame0_abs=0.8418 frame1_abs=0.8722 in_chunk_delta=0.9345 cross_chunk_delta=0.9742
[UPDATE] 467/500 reward_step=-0.05572 chunk=-0.42217 done_frac=0.04727 mean_reward=-2.95348 mean_len=48.00
[SFPO] loss=3.76811 policy_loss=-0.01801 value_loss=3.78611 ratio=1.0001 [0.171,4.421] clip=0.1694 kl=0.014181 grad=1.3484 grad_c=24.5254 lr=0.000100 critic_lr=0.001000
[ROLLOUT] live=46.05 survive=0.72302 per_step=-0.05384 episode_projection=-26.92
[POLICY_DETAIL] samples=47999 raw_samples=49152 mb=12000 micro_mb=8192 logp_delta_abs=0.11276 old_logp=-125.85096 new_logp=-125.86475 adv_abs=0.58748 sde_steps=4
[TRAIN] mean_reward=-2.95348 mean_len=48.00 recent_eps=100 completed_eps=2589945
[UPDATE_EFFECT] action_delta=0.00763535 param_rms_delta=0.00027356
[TIME] collect=7.269s update=0.287s
[DONE] timeout=0.00000 anchor_pos=0.21448 anchor_ori=0.09143 ee_body=0.26013
[TRACK_ROLLOUT] anchor_pos=0.51115 anchor_ori=0.39570 body_pos=0.65035 body_ori=0.15898 body_lin=0.34962 body_ang=0.05052
[ACT_SUMMARY] abs_mean=0.8462 abs_p95=1.1085 abs_p99=1.2222 abs_max=1.5827 legs=0.9734 waist=0.7563 arms=0.7565
[FRAME_DIAG] frame0_abs=0.8452 frame1_abs=0.8751 in_chunk_delta=0.9355 cross_chunk_delta=0.9747
[UPDATE] 468/500 reward_step=-0.05573 chunk=-0.42238 done_frac=0.04715 mean_reward=-2.97511 mean_len=48.00
[SFPO] loss=3.57357 policy_loss=-0.01866 value_loss=3.59223 ratio=1.0010 [0.100,6.232] clip=0.1751 kl=0.014444 grad=1.2626 grad_c=12.3428 lr=0.000100 critic_lr=0.001000
[ROLLOUT] live=46.05 survive=0.72388 per_step=-0.05386 episode_projection=-26.93
[POLICY_DETAIL] samples=47976 raw_samples=49152 mb=11994 micro_mb=8192 logp_delta_abs=0.11469 old_logp=-125.82644 new_logp=-125.83969 adv_abs=0.58559 sde_steps=4
[TRAIN] mean_reward=-2.97511 mean_len=48.00 recent_eps=100 completed_eps=2592207
[UPDATE_EFFECT] action_delta=0.00780927 param_rms_delta=0.00027954
[TIME] collect=7.210s update=0.302s
[DONE] timeout=0.00000 anchor_pos=0.21375 anchor_ori=0.08813 ee_body=0.25806
[TRACK_ROLLOUT] anchor_pos=0.51164 anchor_ori=0.39534 body_pos=0.64853 body_ori=0.15847 body_lin=0.35049 body_ang=0.05019
[ACT_SUMMARY] abs_mean=0.8460 abs_p95=1.1086 abs_p99=1.2205 abs_max=1.5444 legs=0.9730 waist=0.7562 arms=0.7564
[FRAME_DIAG] frame0_abs=0.8440 frame1_abs=0.8739 in_chunk_delta=0.9358 cross_chunk_delta=0.9755
[UPDATE] 469/500 reward_step=-0.05607 chunk=-0.42521 done_frac=0.04482 mean_reward=-2.96496 mean_len=48.00
[SFPO] loss=3.70459 policy_loss=-0.01864 value_loss=3.72322 ratio=1.0000 [0.197,7.623] clip=0.1694 kl=0.013725 grad=1.1581 grad_c=20.7670 lr=0.000100 critic_lr=0.001000
[ROLLOUT] live=46.18 survive=0.73694 per_step=-0.05416 episode_projection=-27.08
[POLICY_DETAIL] samples=48080 raw_samples=49152 mb=12020 micro_mb=8192 logp_delta_abs=0.11223 old_logp=-125.82472 new_logp=-125.83820 adv_abs=0.58265 sde_steps=4
[TRAIN] mean_reward=-2.96496 mean_len=48.00 recent_eps=100 completed_eps=2594362
[UPDATE_EFFECT] action_delta=0.00840526 param_rms_delta=0.00029414
[TIME] collect=7.028s update=0.290s
[DONE] timeout=0.00000 anchor_pos=0.20215 anchor_ori=0.08606 ee_body=0.24573
[TRACK_ROLLOUT] anchor_pos=0.50717 anchor_ori=0.39295 body_pos=0.64850 body_ori=0.15621 body_lin=0.34675 body_ang=0.04930
[ACT_SUMMARY] abs_mean=0.8481 abs_p95=1.1099 abs_p99=1.2215 abs_max=1.6358 legs=0.9757 waist=0.7572 arms=0.7583
[FRAME_DIAG] frame0_abs=0.8455 frame1_abs=0.8766 in_chunk_delta=0.9366 cross_chunk_delta=0.9770
[UPDATE] 470/500 reward_step=-0.05621 chunk=-0.42594 done_frac=0.04753 mean_reward=-3.00313 mean_len=48.00
[SFPO] loss=3.53481 policy_loss=-0.01617 value_loss=3.55098 ratio=1.0000 [0.140,5.306] clip=0.1712 kl=0.014094 grad=1.3958 grad_c=20.9151 lr=0.000100 critic_lr=0.001000
[ROLLOUT] live=46.12 survive=0.72119 per_step=-0.05434 episode_projection=-27.17
[POLICY_DETAIL] samples=48056 raw_samples=49152 mb=12014 micro_mb=8192 logp_delta_abs=0.11372 old_logp=-125.81330 new_logp=-125.82714 adv_abs=0.59080 sde_steps=4
[TRAIN] mean_reward=-3.00313 mean_len=48.00 recent_eps=100 completed_eps=2596646
[UPDATE_EFFECT] action_delta=0.00735661 param_rms_delta=0.00026704
[TIME] collect=7.106s update=0.290s
[DONE] timeout=0.00000 anchor_pos=0.22131 anchor_ori=0.09082 ee_body=0.26147
[TRACK_ROLLOUT] anchor_pos=0.50436 anchor_ori=0.39216 body_pos=0.64379 body_ori=0.15627 body_lin=0.34512 body_ang=0.04925
[ACT_SUMMARY] abs_mean=0.8481 abs_p95=1.1105 abs_p99=1.2241 abs_max=1.6138 legs=0.9752 waist=0.7583 arms=0.7584
[FRAME_DIAG] frame0_abs=0.8459 frame1_abs=0.8768 in_chunk_delta=0.9366 cross_chunk_delta=0.9769
[UPDATE] 471/500 reward_step=-0.05609 chunk=-0.42514 done_frac=0.04620 mean_reward=-2.97229 mean_len=48.00
[SFPO] loss=3.65622 policy_loss=-0.01714 value_loss=3.67337 ratio=0.9999 [0.210,4.479] clip=0.1687 kl=0.013827 grad=1.2044 grad_c=21.1135 lr=0.000100 critic_lr=0.001000
[ROLLOUT] live=46.13 survive=0.72900 per_step=-0.05419 episode_projection=-27.09
[POLICY_DETAIL] samples=48054 raw_samples=49152 mb=12014 micro_mb=8192 logp_delta_abs=0.11243 old_logp=-125.80430 new_logp=-125.81798 adv_abs=0.58706 sde_steps=4
[TRAIN] mean_reward=-2.97229 mean_len=48.00 recent_eps=100 completed_eps=2598866
[UPDATE_EFFECT] action_delta=0.00780725 param_rms_delta=0.00028905
[TIME] collect=7.339s update=0.288s
[DONE] timeout=0.00000 anchor_pos=0.20667 anchor_ori=0.08228 ee_body=0.25610
[TRACK_ROLLOUT] anchor_pos=0.50742 anchor_ori=0.39307 body_pos=0.64598 body_ori=0.15712 body_lin=0.34757 body_ang=0.04946
[ACT_SUMMARY] abs_mean=0.8471 abs_p95=1.1093 abs_p99=1.2227 abs_max=1.6496 legs=0.9740 waist=0.7576 arms=0.7574
[FRAME_DIAG] frame0_abs=0.8445 frame1_abs=0.8748 in_chunk_delta=0.9366 cross_chunk_delta=0.9760
[UPDATE] 472/500 reward_step=-0.05601 chunk=-0.42511 done_frac=0.04331 mean_reward=-2.96519 mean_len=48.00
[SFPO] loss=3.63182 policy_loss=-0.01819 value_loss=3.65002 ratio=1.0000 [0.184,6.004] clip=0.1746 kl=0.014394 grad=1.1494 grad_c=14.2868 lr=0.000100 critic_lr=0.001000
[ROLLOUT] live=46.22 survive=0.74585 per_step=-0.05412 episode_projection=-27.06
[POLICY_DETAIL] samples=48076 raw_samples=49152 mb=12019 micro_mb=8192 logp_delta_abs=0.11488 old_logp=-125.82193 new_logp=-125.83610 adv_abs=0.59397 sde_steps=4
[TRAIN] mean_reward=-2.96519 mean_len=48.00 recent_eps=100 completed_eps=2600948
[UPDATE_EFFECT] action_delta=0.00762135 param_rms_delta=0.00029908
[TIME] collect=7.333s update=0.288s
[DONE] timeout=0.00000 anchor_pos=0.19666 anchor_ori=0.07959 ee_body=0.23816
[TRACK_ROLLOUT] anchor_pos=0.50978 anchor_ori=0.39385 body_pos=0.64948 body_ori=0.15841 body_lin=0.34959 body_ang=0.04973
[ACT_SUMMARY] abs_mean=0.8479 abs_p95=1.1118 abs_p99=1.2264 abs_max=1.5594 legs=0.9757 waist=0.7573 arms=0.7579
[FRAME_DIAG] frame0_abs=0.8450 frame1_abs=0.8746 in_chunk_delta=0.9369 cross_chunk_delta=0.9764
[UPDATE] 473/500 reward_step=-0.05636 chunk=-0.42751 done_frac=0.04533 mean_reward=-2.96358 mean_len=48.00
[SFPO] loss=3.71818 policy_loss=-0.01826 value_loss=3.73644 ratio=1.0005 [0.166,5.588] clip=0.1779 kl=0.014562 grad=1.3122 grad_c=10.2683 lr=0.000100 critic_lr=0.001000
[ROLLOUT] live=46.13 survive=0.73425 per_step=-0.05445 episode_projection=-27.23
[POLICY_DETAIL] samples=48021 raw_samples=49152 mb=12006 micro_mb=8192 logp_delta_abs=0.11601 old_logp=-125.84345 new_logp=-125.85727 adv_abs=0.58407 sde_steps=4
[TRAIN] mean_reward=-2.96358 mean_len=48.00 recent_eps=100 completed_eps=2603125
[UPDATE_EFFECT] action_delta=0.00776965 param_rms_delta=0.00028367
[TIME] collect=7.125s update=0.284s
[DONE] timeout=0.00000 anchor_pos=0.20776 anchor_ori=0.08093 ee_body=0.24915
[TRACK_ROLLOUT] anchor_pos=0.50980 anchor_ori=0.39484 body_pos=0.65128 body_ori=0.15757 body_lin=0.34508 body_ang=0.04900
[ACT_SUMMARY] abs_mean=0.8501 abs_p95=1.1141 abs_p99=1.2252 abs_max=1.5404 legs=0.9805 waist=0.7595 arms=0.7577
[FRAME_DIAG] frame0_abs=0.8468 frame1_abs=0.8780 in_chunk_delta=0.9380 cross_chunk_delta=0.9776
[UPDATE] 474/500 reward_step=-0.05609 chunk=-0.42561 done_frac=0.04366 mean_reward=-2.96700 mean_len=48.00
[SFPO] loss=4.30080 policy_loss=-0.01727 value_loss=4.31807 ratio=0.9997 [0.180,3.817] clip=0.1656 kl=0.013511 grad=1.4224 grad_c=22.9538 lr=0.000100 critic_lr=0.001000
[ROLLOUT] live=46.21 survive=0.74377 per_step=-0.05420 episode_projection=-27.10
[POLICY_DETAIL] samples=48081 raw_samples=49152 mb=12021 micro_mb=8192 logp_delta_abs=0.11110 old_logp=-125.84998 new_logp=-125.86358 adv_abs=0.58792 sde_steps=4
[TRAIN] mean_reward=-2.96700 mean_len=48.00 recent_eps=100 completed_eps=2605224
[UPDATE_EFFECT] action_delta=0.00850421 param_rms_delta=0.00026696
[TIME] collect=7.161s update=0.288s
[DONE] timeout=0.00000 anchor_pos=0.19739 anchor_ori=0.07324 ee_body=0.23962
[TRACK_ROLLOUT] anchor_pos=0.51176 anchor_ori=0.39776 body_pos=0.65082 body_ori=0.15964 body_lin=0.35003 body_ang=0.04954
[ACT_SUMMARY] abs_mean=0.8483 abs_p95=1.1116 abs_p99=1.2249 abs_max=1.5902 legs=0.9773 waist=0.7579 arms=0.7570
[FRAME_DIAG] frame0_abs=0.8456 frame1_abs=0.8750 in_chunk_delta=0.9379 cross_chunk_delta=0.9768
[UPDATE] 475/500 reward_step=-0.05648 chunk=-0.42881 done_frac=0.04259 mean_reward=-3.00336 mean_len=48.00
[SFPO] loss=4.11129 policy_loss=-0.01482 value_loss=4.12611 ratio=1.0002 [0.171,4.862] clip=0.1711 kl=0.014294 grad=1.6148 grad_c=15.2995 lr=0.000100 critic_lr=0.001000
[ROLLOUT] live=46.29 survive=0.74976 per_step=-0.05458 episode_projection=-27.29
[POLICY_DETAIL] samples=48134 raw_samples=49152 mb=12034 micro_mb=8192 logp_delta_abs=0.11374 old_logp=-125.85303 new_logp=-125.86691 adv_abs=0.58567 sde_steps=4
[TRAIN] mean_reward=-3.00336 mean_len=48.00 recent_eps=100 completed_eps=2607274
[UPDATE_EFFECT] action_delta=0.00775545 param_rms_delta=0.00024605
[TIME] collect=7.188s update=0.289s
[DONE] timeout=0.00000 anchor_pos=0.19421 anchor_ori=0.08008 ee_body=0.23120
[TRACK_ROLLOUT] anchor_pos=0.50784 anchor_ori=0.39669 body_pos=0.65095 body_ori=0.16135 body_lin=0.34640 body_ang=0.04942
[ACT_SUMMARY] abs_mean=0.8514 abs_p95=1.1171 abs_p99=1.2293 abs_max=1.5416 legs=0.9829 waist=0.7598 arms=0.7584
[FRAME_DIAG] frame0_abs=0.8472 frame1_abs=0.8777 in_chunk_delta=0.9387 cross_chunk_delta=0.9788
[UPDATE] 476/500 reward_step=-0.05659 chunk=-0.42947 done_frac=0.04210 mean_reward=-3.06582 mean_len=48.00
[SFPO] loss=4.18438 policy_loss=-0.01764 value_loss=4.20201 ratio=1.0000 [0.164,4.184] clip=0.1655 kl=0.013566 grad=1.2837 grad_c=22.3088 lr=0.000100 critic_lr=0.001000
[ROLLOUT] live=46.28 survive=0.75256 per_step=-0.05466 episode_projection=-27.33
[POLICY_DETAIL] samples=48143 raw_samples=49152 mb=12036 micro_mb=8192 logp_delta_abs=0.11103 old_logp=-125.82845 new_logp=-125.84183 adv_abs=0.58403 sde_steps=4
[TRAIN] mean_reward=-3.06582 mean_len=48.00 recent_eps=100 completed_eps=2609301
[UPDATE_EFFECT] action_delta=0.00784040 param_rms_delta=0.00027970
[TIME] collect=7.226s update=0.287s
[DONE] timeout=0.00000 anchor_pos=0.19092 anchor_ori=0.07300 ee_body=0.23108
[TRACK_ROLLOUT] anchor_pos=0.50969 anchor_ori=0.39661 body_pos=0.65319 body_ori=0.16167 body_lin=0.34634 body_ang=0.04933
[ACT_SUMMARY] abs_mean=0.8523 abs_p95=1.1173 abs_p99=1.2296 abs_max=1.5963 legs=0.9850 waist=0.7597 arms=0.7583
[FRAME_DIAG] frame0_abs=0.8479 frame1_abs=0.8786 in_chunk_delta=0.9392 cross_chunk_delta=0.9785
[UPDATE] 477/500 reward_step=-0.05661 chunk=-0.42962 done_frac=0.04285 mean_reward=-2.97535 mean_len=48.00
[SFPO] loss=4.01048 policy_loss=-0.01896 value_loss=4.02944 ratio=1.0005 [0.190,3.670] clip=0.1644 kl=0.013094 grad=1.1934 grad_c=19.9540 lr=0.000100 critic_lr=0.001000
[ROLLOUT] live=46.23 survive=0.74841 per_step=-0.05466 episode_projection=-27.33
[POLICY_DETAIL] samples=48095 raw_samples=49152 mb=12024 micro_mb=8192 logp_delta_abs=0.11032 old_logp=-125.81450 new_logp=-125.82694 adv_abs=0.58573 sde_steps=4
[TRAIN] mean_reward=-2.97535 mean_len=48.00 recent_eps=100 completed_eps=2611362
[UPDATE_EFFECT] action_delta=0.00760018 param_rms_delta=0.00028419
[TIME] collect=7.312s update=0.289s
[DONE] timeout=0.00000 anchor_pos=0.19263 anchor_ori=0.07739 ee_body=0.23450
[TRACK_ROLLOUT] anchor_pos=0.51034 anchor_ori=0.40030 body_pos=0.65410 body_ori=0.16139 body_lin=0.34457 body_ang=0.04870
[ACT_SUMMARY] abs_mean=0.8520 abs_p95=1.1179 abs_p99=1.2296 abs_max=1.5487 legs=0.9857 waist=0.7610 arms=0.7569
[FRAME_DIAG] frame0_abs=0.8471 frame1_abs=0.8781 in_chunk_delta=0.9397 cross_chunk_delta=0.9780
[UPDATE] 478/500 reward_step=-0.05696 chunk=-0.43241 done_frac=0.04158 mean_reward=-3.02271 mean_len=48.00
[SFPO] loss=4.11106 policy_loss=-0.01623 value_loss=4.12729 ratio=0.9999 [0.179,4.423] clip=0.1715 kl=0.014224 grad=1.4779 grad_c=21.3640 lr=0.000100 critic_lr=0.001000
[ROLLOUT] live=46.32 survive=0.75549 per_step=-0.05501 episode_projection=-27.51
[POLICY_DETAIL] samples=48170 raw_samples=49152 mb=12043 micro_mb=8192 logp_delta_abs=0.11406 old_logp=-125.84091 new_logp=-125.85495 adv_abs=0.58600 sde_steps=4
[TRAIN] mean_reward=-3.02271 mean_len=48.00 recent_eps=100 completed_eps=2613365
[UPDATE_EFFECT] action_delta=0.00777059 param_rms_delta=0.00027161
[TIME] collect=7.156s update=0.303s
[DONE] timeout=0.00000 anchor_pos=0.18652 anchor_ori=0.07227 ee_body=0.22778
[TRACK_ROLLOUT] anchor_pos=0.50815 anchor_ori=0.39479 body_pos=0.64968 body_ori=0.15940 body_lin=0.34426 body_ang=0.04807
[ACT_SUMMARY] abs_mean=0.8530 abs_p95=1.1184 abs_p99=1.2318 abs_max=1.5250 legs=0.9864 waist=0.7613 arms=0.7583
[FRAME_DIAG] frame0_abs=0.8479 frame1_abs=0.8782 in_chunk_delta=0.9402 cross_chunk_delta=0.9801
[UPDATE] 479/500 reward_step=-0.05696 chunk=-0.43229 done_frac=0.04229 mean_reward=-3.04829 mean_len=48.00
[SFPO] loss=3.93793 policy_loss=-0.01733 value_loss=3.95526 ratio=0.9994 [0.164,5.039] clip=0.1767 kl=0.014404 grad=1.1945 grad_c=10.8357 lr=0.000100 critic_lr=0.001000
[ROLLOUT] live=46.28 survive=0.75146 per_step=-0.05504 episode_projection=-27.52
[POLICY_DETAIL] samples=48146 raw_samples=49152 mb=12037 micro_mb=8192 logp_delta_abs=0.11509 old_logp=-125.88063 new_logp=-125.89539 adv_abs=0.59614 sde_steps=4
[TRAIN] mean_reward=-3.04829 mean_len=48.00 recent_eps=100 completed_eps=2615401
[UPDATE_EFFECT] action_delta=0.00783969 param_rms_delta=0.00029759
[TIME] collect=7.126s update=0.290s
[DONE] timeout=0.00000 anchor_pos=0.19055 anchor_ori=0.07434 ee_body=0.23157
[TRACK_ROLLOUT] anchor_pos=0.50693 anchor_ori=0.39952 body_pos=0.65160 body_ori=0.16158 body_lin=0.34465 body_ang=0.04864
[ACT_SUMMARY] abs_mean=0.8541 abs_p95=1.1203 abs_p99=1.2330 abs_max=1.5850 legs=0.9889 waist=0.7604 arms=0.7587
[FRAME_DIAG] frame0_abs=0.8489 frame1_abs=0.8790 in_chunk_delta=0.9406 cross_chunk_delta=0.9794
[UPDATE] 480/500 reward_step=-0.05709 chunk=-0.43352 done_frac=0.04217 mean_reward=-3.04021 mean_len=48.00
[SFPO] loss=4.29746 policy_loss=-0.01639 value_loss=4.31385 ratio=1.0002 [0.195,11.797] clip=0.1719 kl=0.014229 grad=1.4939 grad_c=25.5730 lr=0.000100 critic_lr=0.001000
[ROLLOUT] live=46.28 survive=0.75232 per_step=-0.05513 episode_projection=-27.56
[POLICY_DETAIL] samples=48120 raw_samples=49152 mb=12030 micro_mb=8192 logp_delta_abs=0.11388 old_logp=-125.85087 new_logp=-125.86464 adv_abs=0.59018 sde_steps=4
[TRAIN] mean_reward=-3.04021 mean_len=48.00 recent_eps=100 completed_eps=2617430
[UPDATE_EFFECT] action_delta=0.00853378 param_rms_delta=0.00025898
[TIME] collect=7.165s update=0.287s
[DONE] timeout=0.00000 anchor_pos=0.18506 anchor_ori=0.07227 ee_body=0.23083
[TRACK_ROLLOUT] anchor_pos=0.50666 anchor_ori=0.39544 body_pos=0.65107 body_ori=0.15975 body_lin=0.34398 body_ang=0.04825
[ACT_SUMMARY] abs_mean=0.8540 abs_p95=1.1189 abs_p99=1.2310 abs_max=1.6549 legs=0.9886 waist=0.7618 arms=0.7584
[FRAME_DIAG] frame0_abs=0.8498 frame1_abs=0.8792 in_chunk_delta=0.9407 cross_chunk_delta=0.9810
[UPDATE] 481/500 reward_step=-0.05720 chunk=-0.43447 done_frac=0.04087 mean_reward=-3.02108 mean_len=48.00
[SFPO] loss=4.32854 policy_loss=-0.01858 value_loss=4.34712 ratio=1.0002 [0.200,5.108] clip=0.1738 kl=0.014180 grad=1.2082 grad_c=15.1622 lr=0.000100 critic_lr=0.001000
[ROLLOUT] live=46.37 survive=0.75952 per_step=-0.05525 episode_projection=-27.62
[POLICY_DETAIL] samples=48200 raw_samples=49152 mb=12050 micro_mb=8192 logp_delta_abs=0.11424 old_logp=-125.85581 new_logp=-125.86956 adv_abs=0.59341 sde_steps=4
[TRAIN] mean_reward=-3.02108 mean_len=48.00 recent_eps=100 completed_eps=2619400
[UPDATE_EFFECT] action_delta=0.00821584 param_rms_delta=0.00029253
[TIME] collect=7.255s update=0.286s
[DONE] timeout=0.00000 anchor_pos=0.18152 anchor_ori=0.06885 ee_body=0.22522
[TRACK_ROLLOUT] anchor_pos=0.50704 anchor_ori=0.40167 body_pos=0.65429 body_ori=0.16208 body_lin=0.34309 body_ang=0.04815
[ACT_SUMMARY] abs_mean=0.8558 abs_p95=1.1229 abs_p99=1.2349 abs_max=1.5975 legs=0.9930 waist=0.7614 arms=0.7585
[FRAME_DIAG] frame0_abs=0.8491 frame1_abs=0.8806 in_chunk_delta=0.9417 cross_chunk_delta=0.9812
[UPDATE] 482/500 reward_step=-0.05744 chunk=-0.43627 done_frac=0.04164 mean_reward=-3.09364 mean_len=48.00
[SFPO] loss=4.54919 policy_loss=-0.01774 value_loss=4.56693 ratio=1.0002 [0.154,4.212] clip=0.1687 kl=0.013816 grad=1.3983 grad_c=19.0967 lr=0.000100 critic_lr=0.001000
[ROLLOUT] live=46.33 survive=0.75525 per_step=-0.05545 episode_projection=-27.72
[POLICY_DETAIL] samples=48152 raw_samples=49152 mb=12038 micro_mb=8192 logp_delta_abs=0.11247 old_logp=-125.81457 new_logp=-125.82794 adv_abs=0.58658 sde_steps=4
[TRAIN] mean_reward=-3.09364 mean_len=48.00 recent_eps=100 completed_eps=2621405
[UPDATE_EFFECT] action_delta=0.00793783 param_rms_delta=0.00027059
[TIME] collect=7.177s update=0.284s
[DONE] timeout=0.00000 anchor_pos=0.18262 anchor_ori=0.06702 ee_body=0.22681
[TRACK_ROLLOUT] anchor_pos=0.50661 anchor_ori=0.39623 body_pos=0.65201 body_ori=0.16006 body_lin=0.34201 body_ang=0.04748
[ACT_SUMMARY] abs_mean=0.8552 abs_p95=1.1214 abs_p99=1.2341 abs_max=1.6391 legs=0.9920 waist=0.7619 arms=0.7579
[FRAME_DIAG] frame0_abs=0.8482 frame1_abs=0.8798 in_chunk_delta=0.9422 cross_chunk_delta=0.9815
[UPDATE] 483/500 reward_step=-0.05753 chunk=-0.43708 done_frac=0.04037 mean_reward=-3.14792 mean_len=48.00
[SFPO] loss=4.55563 policy_loss=-0.01602 value_loss=4.57165 ratio=1.0008 [0.195,4.817] clip=0.1702 kl=0.014089 grad=1.5278 grad_c=32.1110 lr=0.000100 critic_lr=0.001000
[ROLLOUT] live=46.35 survive=0.76270 per_step=-0.05556 episode_projection=-27.78
[POLICY_DETAIL] samples=48158 raw_samples=49152 mb=12040 micro_mb=8192 logp_delta_abs=0.11350 old_logp=-125.81680 new_logp=-125.82991 adv_abs=0.59185 sde_steps=4
[TRAIN] mean_reward=-3.14792 mean_len=48.00 recent_eps=100 completed_eps=2623349
[UPDATE_EFFECT] action_delta=0.00748884 param_rms_delta=0.00026181
[TIME] collect=7.305s update=0.284s
[DONE] timeout=0.00000 anchor_pos=0.18384 anchor_ori=0.06860 ee_body=0.22131
[TRACK_ROLLOUT] anchor_pos=0.50781 anchor_ori=0.40155 body_pos=0.65607 body_ori=0.16328 body_lin=0.34247 body_ang=0.04789
[ACT_SUMMARY] abs_mean=0.8580 abs_p95=1.1262 abs_p99=1.2388 abs_max=1.6022 legs=0.9968 waist=0.7625 arms=0.7594
[FRAME_DIAG] frame0_abs=0.8514 frame1_abs=0.8822 in_chunk_delta=0.9433 cross_chunk_delta=0.9835
[UPDATE] 484/500 reward_step=-0.05761 chunk=-0.43769 done_frac=0.04046 mean_reward=-3.11137 mean_len=48.00
[SFPO] loss=4.50342 policy_loss=-0.01979 value_loss=4.52321 ratio=1.0005 [0.207,4.247] clip=0.1768 kl=0.014474 grad=1.3476 grad_c=19.4798 lr=0.000100 critic_lr=0.001000
[ROLLOUT] live=46.33 survive=0.76221 per_step=-0.05562 episode_projection=-27.81
[POLICY_DETAIL] samples=48143 raw_samples=49152 mb=12036 micro_mb=8192 logp_delta_abs=0.11558 old_logp=-125.85964 new_logp=-125.87336 adv_abs=0.58272 sde_steps=4
[TRAIN] mean_reward=-3.11137 mean_len=48.00 recent_eps=100 completed_eps=2625297
[UPDATE_EFFECT] action_delta=0.00768045 param_rms_delta=0.00027179
[TIME] collect=7.206s update=0.291s
[DONE] timeout=0.00000 anchor_pos=0.17200 anchor_ori=0.06555 ee_body=0.22009
[TRACK_ROLLOUT] anchor_pos=0.50647 anchor_ori=0.40226 body_pos=0.65429 body_ori=0.16127 body_lin=0.34064 body_ang=0.04737
[ACT_SUMMARY] abs_mean=0.8567 abs_p95=1.1242 abs_p99=1.2356 abs_max=1.5898 legs=0.9950 waist=0.7635 arms=0.7581
[FRAME_DIAG] frame0_abs=0.8504 frame1_abs=0.8809 in_chunk_delta=0.9432 cross_chunk_delta=0.9839
[UPDATE] 485/500 reward_step=-0.05778 chunk=-0.43891 done_frac=0.03898 mean_reward=-3.05577 mean_len=48.00
[SFPO] loss=4.60254 policy_loss=-0.01795 value_loss=4.62049 ratio=1.0001 [0.187,4.347] clip=0.1667 kl=0.013281 grad=1.2341 grad_c=23.4592 lr=0.000100 critic_lr=0.001000
[ROLLOUT] live=46.38 survive=0.77063 per_step=-0.05578 episode_projection=-27.89
[POLICY_DETAIL] samples=48199 raw_samples=49152 mb=12050 micro_mb=8192 logp_delta_abs=0.11172 old_logp=-125.86598 new_logp=-125.87894 adv_abs=0.59418 sde_steps=4
[TRAIN] mean_reward=-3.05577 mean_len=48.00 recent_eps=100 completed_eps=2627176
[UPDATE_EFFECT] action_delta=0.00797335 param_rms_delta=0.00028591
[TIME] collect=7.227s update=0.287s
[DONE] timeout=0.00000 anchor_pos=0.17114 anchor_ori=0.06384 ee_body=0.21216
[TRACK_ROLLOUT] anchor_pos=0.50484 anchor_ori=0.39835 body_pos=0.65201 body_ori=0.16106 body_lin=0.34271 body_ang=0.04752
[ACT_SUMMARY] abs_mean=0.8571 abs_p95=1.1254 abs_p99=1.2394 abs_max=1.6095 legs=0.9952 waist=0.7637 arms=0.7588
[FRAME_DIAG] frame0_abs=0.8501 frame1_abs=0.8805 in_chunk_delta=0.9433 cross_chunk_delta=0.9843
[UPDATE] 486/500 reward_step=-0.05791 chunk=-0.43988 done_frac=0.03959 mean_reward=-3.08164 mean_len=48.00
[SFPO] loss=4.23665 policy_loss=-0.01806 value_loss=4.25471 ratio=1.0002 [0.166,4.871] clip=0.1769 kl=0.014407 grad=1.3964 grad_c=22.8026 lr=0.000100 critic_lr=0.001000
[ROLLOUT] live=46.37 survive=0.76709 per_step=-0.05591 episode_projection=-27.96
[POLICY_DETAIL] samples=48189 raw_samples=49152 mb=12048 micro_mb=8192 logp_delta_abs=0.11583 old_logp=-125.83173 new_logp=-125.84568 adv_abs=0.59293 sde_steps=4
[TRAIN] mean_reward=-3.08164 mean_len=48.00 recent_eps=100 completed_eps=2629084
[UPDATE_EFFECT] action_delta=0.00755632 param_rms_delta=0.00027125
[TIME] collect=7.402s update=0.286s
[DONE] timeout=0.00000 anchor_pos=0.17480 anchor_ori=0.06714 ee_body=0.21606
[TRACK_ROLLOUT] anchor_pos=0.50631 anchor_ori=0.39977 body_pos=0.65338 body_ori=0.16269 body_lin=0.34074 body_ang=0.04755
[ACT_SUMMARY] abs_mean=0.8596 abs_p95=1.1265 abs_p99=1.2375 abs_max=1.5506 legs=0.9999 waist=0.7637 arms=0.7598
[FRAME_DIAG] frame0_abs=0.8509 frame1_abs=0.8834 in_chunk_delta=0.9436 cross_chunk_delta=0.9842
[UPDATE] 487/500 reward_step=-0.05823 chunk=-0.44243 done_frac=0.03909 mean_reward=-3.15546 mean_len=48.00
[SFPO] loss=4.25312 policy_loss=-0.01756 value_loss=4.27068 ratio=0.9998 [0.169,4.707] clip=0.1759 kl=0.014443 grad=1.3524 grad_c=20.4958 lr=0.000100 critic_lr=0.001000
[ROLLOUT] live=46.44 survive=0.76978 per_step=-0.05622 episode_projection=-28.11
[POLICY_DETAIL] samples=48246 raw_samples=49152 mb=12062 micro_mb=8192 logp_delta_abs=0.11538 old_logp=-125.83621 new_logp=-125.85062 adv_abs=0.59231 sde_steps=4
[TRAIN] mean_reward=-3.15546 mean_len=48.00 recent_eps=100 completed_eps=2630970
[UPDATE_EFFECT] action_delta=0.00766652 param_rms_delta=0.00027767
[TIME] collect=7.406s update=0.296s
[DONE] timeout=0.00000 anchor_pos=0.17346 anchor_ori=0.06274 ee_body=0.21252
[TRACK_ROLLOUT] anchor_pos=0.50572 anchor_ori=0.40444 body_pos=0.65618 body_ori=0.16387 body_lin=0.33983 body_ang=0.04753
[ACT_SUMMARY] abs_mean=0.8618 abs_p95=1.1283 abs_p99=1.2408 abs_max=1.6210 legs=1.0047 waist=0.7644 arms=0.7602
[FRAME_DIAG] frame0_abs=0.8530 frame1_abs=0.8855 in_chunk_delta=0.9456 cross_chunk_delta=0.9839
[UPDATE] 488/500 reward_step=-0.05827 chunk=-0.44314 done_frac=0.03707 mean_reward=-3.11961 mean_len=48.00
[SFPO] loss=4.67636 policy_loss=-0.01573 value_loss=4.69209 ratio=1.0002 [0.170,3.975] clip=0.1581 kl=0.012701 grad=1.6664 grad_c=64.8702 lr=0.000100 critic_lr=0.001000
[ROLLOUT] live=46.55 survive=0.78137 per_step=-0.05626 episode_projection=-28.13
[POLICY_DETAIL] samples=48313 raw_samples=49152 mb=12079 micro_mb=8192 logp_delta_abs=0.10815 old_logp=-125.86368 new_logp=-125.87600 adv_abs=0.59396 sde_steps=4
[TRAIN] mean_reward=-3.11961 mean_len=48.00 recent_eps=100 completed_eps=2632761
[UPDATE_EFFECT] action_delta=0.00703421 param_rms_delta=0.00024419
[TIME] collect=7.301s update=0.287s
[DONE] timeout=0.00000 anchor_pos=0.16394 anchor_ori=0.05933 ee_body=0.20239
[TRACK_ROLLOUT] anchor_pos=0.50346 anchor_ori=0.40430 body_pos=0.65317 body_ori=0.16188 body_lin=0.34003 body_ang=0.04695
[ACT_SUMMARY] abs_mean=0.8609 abs_p95=1.1295 abs_p99=1.2424 abs_max=1.5594 legs=1.0030 waist=0.7654 arms=0.7596
[FRAME_DIAG] frame0_abs=0.8516 frame1_abs=0.8835 in_chunk_delta=0.9454 cross_chunk_delta=0.9840
[UPDATE] 489/500 reward_step=-0.05814 chunk=-0.44227 done_frac=0.03820 mean_reward=-3.15949 mean_len=48.00
[SFPO] loss=5.06381 policy_loss=-0.01782 value_loss=5.08163 ratio=1.0001 [0.185,4.322] clip=0.1493 kl=0.011893 grad=1.4765 grad_c=58.6747 lr=0.000100 critic_lr=0.001000
[ROLLOUT] live=46.44 survive=0.77527 per_step=-0.05613 episode_projection=-28.07
[POLICY_DETAIL] samples=48195 raw_samples=49152 mb=12049 micro_mb=8192 logp_delta_abs=0.10461 old_logp=-125.81360 new_logp=-125.82520 adv_abs=0.58865 sde_steps=4
[TRAIN] mean_reward=-3.15949 mean_len=48.00 recent_eps=100 completed_eps=2634602
[UPDATE_EFFECT] action_delta=0.00697964 param_rms_delta=0.00025176
[TIME] collect=7.288s update=0.291s
[DONE] timeout=0.00000 anchor_pos=0.16492 anchor_ori=0.05933 ee_body=0.21008
[TRACK_ROLLOUT] anchor_pos=0.50546 anchor_ori=0.40373 body_pos=0.65585 body_ori=0.16418 body_lin=0.33946 body_ang=0.04724
[ACT_SUMMARY] abs_mean=0.8608 abs_p95=1.1299 abs_p99=1.2415 abs_max=1.6312 legs=1.0029 waist=0.7645 arms=0.7596
[FRAME_DIAG] frame0_abs=0.8517 frame1_abs=0.8839 in_chunk_delta=0.9450 cross_chunk_delta=0.9861
[UPDATE] 490/500 reward_step=-0.05832 chunk=-0.44337 done_frac=0.03817 mean_reward=-3.10662 mean_len=48.00
[SFPO] loss=5.53095 policy_loss=-0.01529 value_loss=5.54625 ratio=0.9999 [0.178,4.059] clip=0.1637 kl=0.013606 grad=1.7354 grad_c=56.9022 lr=0.000100 critic_lr=0.001000
[ROLLOUT] live=46.43 survive=0.77539 per_step=-0.05631 episode_projection=-28.15
[POLICY_DETAIL] samples=48208 raw_samples=49152 mb=12052 micro_mb=8192 logp_delta_abs=0.11068 old_logp=-125.84441 new_logp=-125.85786 adv_abs=0.60107 sde_steps=4
[TRAIN] mean_reward=-3.10662 mean_len=48.00 recent_eps=100 completed_eps=2636442
[UPDATE_EFFECT] action_delta=0.00690305 param_rms_delta=0.00024343
[TIME] collect=7.535s update=0.296s
[DONE] timeout=0.00000 anchor_pos=0.16760 anchor_ori=0.05933 ee_body=0.20813
[TRACK_ROLLOUT] anchor_pos=0.50870 anchor_ori=0.40617 body_pos=0.65910 body_ori=0.16479 body_lin=0.33982 body_ang=0.04714
[ACT_SUMMARY] abs_mean=0.8631 abs_p95=1.1326 abs_p99=1.2453 abs_max=1.5540 legs=1.0073 waist=0.7647 arms=0.7606
[FRAME_DIAG] frame0_abs=0.8522 frame1_abs=0.8857 in_chunk_delta=0.9465 cross_chunk_delta=0.9856
[UPDATE] 491/500 reward_step=-0.05848 chunk=-0.44507 done_frac=0.03596 mean_reward=-3.18387 mean_len=48.00
[SFPO] loss=4.71958 policy_loss=-0.01638 value_loss=4.73596 ratio=0.9996 [0.190,4.726] clip=0.1663 kl=0.013766 grad=1.5358 grad_c=34.8747 lr=0.000100 critic_lr=0.001000
[ROLLOUT] live=46.60 survive=0.78784 per_step=-0.05644 episode_projection=-28.22
[POLICY_DETAIL] samples=48334 raw_samples=49152 mb=12084 micro_mb=8192 logp_delta_abs=0.11166 old_logp=-125.81418 new_logp=-125.82807 adv_abs=0.60586 sde_steps=4
[TRAIN] mean_reward=-3.18387 mean_len=48.00 recent_eps=100 completed_eps=2638180
[UPDATE_EFFECT] action_delta=0.00756298 param_rms_delta=0.00026276
[TIME] collect=7.552s update=0.300s
[DONE] timeout=0.00000 anchor_pos=0.15894 anchor_ori=0.05676 ee_body=0.19641
[TRACK_ROLLOUT] anchor_pos=0.50761 anchor_ori=0.40630 body_pos=0.65800 body_ori=0.16574 body_lin=0.34062 body_ang=0.04709
[ACT_SUMMARY] abs_mean=0.8636 abs_p95=1.1336 abs_p99=1.2489 abs_max=1.5923 legs=1.0089 waist=0.7657 arms=0.7600
[FRAME_DIAG] frame0_abs=0.8535 frame1_abs=0.8853 in_chunk_delta=0.9468 cross_chunk_delta=0.9861
[UPDATE] 492/500 reward_step=-0.05886 chunk=-0.44785 done_frac=0.03641 mean_reward=-3.14543 mean_len=48.00
[SFPO] loss=4.46768 policy_loss=-0.01607 value_loss=4.48375 ratio=1.0005 [0.107,3.895] clip=0.1652 kl=0.013517 grad=1.5532 grad_c=31.9594 lr=0.000100 critic_lr=0.001000
[ROLLOUT] live=46.57 survive=0.78528 per_step=-0.05682 episode_projection=-28.41
[POLICY_DETAIL] samples=48307 raw_samples=49152 mb=12077 micro_mb=8192 logp_delta_abs=0.11085 old_logp=-125.83858 new_logp=-125.85140 adv_abs=0.60334 sde_steps=4
[TRAIN] mean_reward=-3.14543 mean_len=48.00 recent_eps=100 completed_eps=2639939
[UPDATE_EFFECT] action_delta=0.00740068 param_rms_delta=0.00025626
[TIME] collect=7.304s update=0.288s
[DONE] timeout=0.00000 anchor_pos=0.16003 anchor_ori=0.05957 ee_body=0.19763
[TRACK_ROLLOUT] anchor_pos=0.49813 anchor_ori=0.40372 body_pos=0.65558 body_ori=0.16469 body_lin=0.33664 body_ang=0.04656
[ACT_SUMMARY] abs_mean=0.8636 abs_p95=1.1339 abs_p99=1.2462 abs_max=1.7070 legs=1.0083 waist=0.7672 arms=0.7603
[FRAME_DIAG] frame0_abs=0.8534 frame1_abs=0.8851 in_chunk_delta=0.9473 cross_chunk_delta=0.9867
[UPDATE] 493/500 reward_step=-0.05863 chunk=-0.44633 done_frac=0.03501 mean_reward=-3.17815 mean_len=48.00
[SFPO] loss=5.15424 policy_loss=-0.01739 value_loss=5.17163 ratio=1.0000 [0.152,4.960] clip=0.1655 kl=0.013511 grad=1.6408 grad_c=35.7141 lr=0.000100 critic_lr=0.001000
[ROLLOUT] live=46.59 survive=0.79358 per_step=-0.05659 episode_projection=-28.29
[POLICY_DETAIL] samples=48303 raw_samples=49152 mb=12076 micro_mb=8192 logp_delta_abs=0.11117 old_logp=-125.83534 new_logp=-125.84866 adv_abs=0.59172 sde_steps=4
[TRAIN] mean_reward=-3.17815 mean_len=48.00 recent_eps=100 completed_eps=2641630
[UPDATE_EFFECT] action_delta=0.00710717 param_rms_delta=0.00024449
[TIME] collect=7.191s update=0.289s
[DONE] timeout=0.00000 anchor_pos=0.14905 anchor_ori=0.05847 ee_body=0.19092
[TRACK_ROLLOUT] anchor_pos=0.50831 anchor_ori=0.40434 body_pos=0.66082 body_ori=0.16704 body_lin=0.34049 body_ang=0.04707
[ACT_SUMMARY] abs_mean=0.8636 abs_p95=1.1338 abs_p99=1.2481 abs_max=1.6262 legs=1.0084 waist=0.7658 arms=0.7603
[FRAME_DIAG] frame0_abs=0.8526 frame1_abs=0.8855 in_chunk_delta=0.9481 cross_chunk_delta=0.9864
[UPDATE] 494/500 reward_step=-0.05889 chunk=-0.44833 done_frac=0.03518 mean_reward=-3.17978 mean_len=48.00
[SFPO] loss=4.74750 policy_loss=-0.01819 value_loss=4.76569 ratio=0.9999 [0.172,3.878] clip=0.1674 kl=0.013448 grad=1.3715 grad_c=32.1479 lr=0.000100 critic_lr=0.001000
[ROLLOUT] live=46.64 survive=0.79236 per_step=-0.05683 episode_projection=-28.42
[POLICY_DETAIL] samples=48354 raw_samples=49152 mb=12089 micro_mb=8192 logp_delta_abs=0.11159 old_logp=-125.82625 new_logp=-125.83956 adv_abs=0.59401 sde_steps=4
[TRAIN] mean_reward=-3.17978 mean_len=48.00 recent_eps=100 completed_eps=2643331
[UPDATE_EFFECT] action_delta=0.00745145 param_rms_delta=0.00027391
[TIME] collect=7.271s update=0.285s
[DONE] timeout=0.00000 anchor_pos=0.15027 anchor_ori=0.05371 ee_body=0.19324
[TRACK_ROLLOUT] anchor_pos=0.50725 anchor_ori=0.40307 body_pos=0.66075 body_ori=0.16666 body_lin=0.33808 body_ang=0.04662
[ACT_SUMMARY] abs_mean=0.8652 abs_p95=1.1356 abs_p99=1.2491 abs_max=1.6049 legs=1.0116 waist=0.7657 arms=0.7611
[FRAME_DIAG] frame0_abs=0.8537 frame1_abs=0.8858 in_chunk_delta=0.9487 cross_chunk_delta=0.9871
[UPDATE] 495/500 reward_step=-0.05894 chunk=-0.44845 done_frac=0.03584 mean_reward=-3.15344 mean_len=48.00
[SFPO] loss=4.99339 policy_loss=-0.01497 value_loss=5.00837 ratio=0.9995 [0.152,4.951] clip=0.1686 kl=0.014073 grad=1.6662 grad_c=52.4173 lr=0.000100 critic_lr=0.001000
[ROLLOUT] live=46.57 survive=0.78870 per_step=-0.05688 episode_projection=-28.44
[POLICY_DETAIL] samples=48304 raw_samples=49152 mb=12076 micro_mb=8192 logp_delta_abs=0.11283 old_logp=-125.83313 new_logp=-125.84742 adv_abs=0.59437 sde_steps=4
[TRAIN] mean_reward=-3.15344 mean_len=48.00 recent_eps=100 completed_eps=2645062
[UPDATE_EFFECT] action_delta=0.00811829 param_rms_delta=0.00024728
[TIME] collect=7.205s update=0.288s
[DONE] timeout=0.00000 anchor_pos=0.15393 anchor_ori=0.05566 ee_body=0.19739
[TRACK_ROLLOUT] anchor_pos=0.50893 anchor_ori=0.40062 body_pos=0.66157 body_ori=0.16660 body_lin=0.33761 body_ang=0.04627
[ACT_SUMMARY] abs_mean=0.8660 abs_p95=1.1370 abs_p99=1.2503 abs_max=1.6267 legs=1.0129 waist=0.7673 arms=0.7612
[FRAME_DIAG] frame0_abs=0.8546 frame1_abs=0.8874 in_chunk_delta=0.9487 cross_chunk_delta=0.9870
[UPDATE] 496/500 reward_step=-0.05865 chunk=-0.44624 done_frac=0.03561 mean_reward=-3.17080 mean_len=48.00
[SFPO] loss=6.13722 policy_loss=-0.01627 value_loss=6.15349 ratio=1.0000 [0.152,5.352] clip=0.1643 kl=0.013409 grad=1.7685 grad_c=72.2451 lr=0.000100 critic_lr=0.001000
[ROLLOUT] live=46.59 survive=0.78992 per_step=-0.05660 episode_projection=-28.30
[POLICY_DETAIL] samples=48326 raw_samples=49152 mb=12082 micro_mb=8192 logp_delta_abs=0.11082 old_logp=-125.83357 new_logp=-125.84678 adv_abs=0.59110 sde_steps=4
[TRAIN] mean_reward=-3.17080 mean_len=48.00 recent_eps=100 completed_eps=2646783
[UPDATE_EFFECT] action_delta=0.00751781 param_rms_delta=0.00023589
[TIME] collect=7.422s update=0.286s
[DONE] timeout=0.00000 anchor_pos=0.15454 anchor_ori=0.05493 ee_body=0.19507
[TRACK_ROLLOUT] anchor_pos=0.50918 anchor_ori=0.40531 body_pos=0.66306 body_ori=0.16634 body_lin=0.33949 body_ang=0.04664
[ACT_SUMMARY] abs_mean=0.8641 abs_p95=1.1358 abs_p99=1.2485 abs_max=1.5827 legs=1.0106 waist=0.7651 arms=0.7598
[FRAME_DIAG] frame0_abs=0.8529 frame1_abs=0.8859 in_chunk_delta=0.9483 cross_chunk_delta=0.9865
[UPDATE] 497/500 reward_step=-0.05927 chunk=-0.45143 done_frac=0.03376 mean_reward=-3.18690 mean_len=48.00
[SFPO] loss=4.89803 policy_loss=-0.01873 value_loss=4.91676 ratio=0.9999 [0.110,4.250] clip=0.1686 kl=0.013956 grad=1.4944 grad_c=45.3870 lr=0.000100 critic_lr=0.001000
[ROLLOUT] live=46.71 survive=0.80054 per_step=-0.05720 episode_projection=-28.60
[POLICY_DETAIL] samples=48401 raw_samples=49152 mb=12101 micro_mb=8192 logp_delta_abs=0.11259 old_logp=-125.88274 new_logp=-125.89654 adv_abs=0.59499 sde_steps=4
[TRAIN] mean_reward=-3.18690 mean_len=48.00 recent_eps=100 completed_eps=2648417
[UPDATE_EFFECT] action_delta=0.00767796 param_rms_delta=0.00026542
[TIME] collect=7.209s update=0.298s
[DONE] timeout=0.00000 anchor_pos=0.14148 anchor_ori=0.05017 ee_body=0.18506
[TRACK_ROLLOUT] anchor_pos=0.50446 anchor_ori=0.40562 body_pos=0.66305 body_ori=0.16806 body_lin=0.33754 body_ang=0.04650
[ACT_SUMMARY] abs_mean=0.8694 abs_p95=1.1437 abs_p99=1.2576 abs_max=1.6039 legs=1.0193 waist=0.7676 arms=0.7627
[FRAME_DIAG] frame0_abs=0.8570 frame1_abs=0.8913 in_chunk_delta=0.9503 cross_chunk_delta=0.9883
[UPDATE] 498/500 reward_step=-0.05932 chunk=-0.45161 done_frac=0.03428 mean_reward=-3.20712 mean_len=48.00
[SFPO] loss=5.07580 policy_loss=-0.01211 value_loss=5.08791 ratio=0.9997 [0.199,4.970] clip=0.1614 kl=0.013524 grad=1.9598 grad_c=36.9464 lr=0.000100 critic_lr=0.001000
[ROLLOUT] live=46.63 survive=0.79773 per_step=-0.05722 episode_projection=-28.61
[POLICY_DETAIL] samples=48340 raw_samples=49152 mb=12085 micro_mb=8192 logp_delta_abs=0.11026 old_logp=-125.82963 new_logp=-125.84319 adv_abs=0.60048 sde_steps=4
[TRAIN] mean_reward=-3.20712 mean_len=48.00 recent_eps=100 completed_eps=2650074
[UPDATE_EFFECT] action_delta=0.00700501 param_rms_delta=0.00021958
[TIME] collect=7.260s update=0.293s
[DONE] timeout=0.00000 anchor_pos=0.14893 anchor_ori=0.04956 ee_body=0.18799
[TRACK_ROLLOUT] anchor_pos=0.50644 anchor_ori=0.40818 body_pos=0.66412 body_ori=0.17035 body_lin=0.33703 body_ang=0.04658
[ACT_SUMMARY] abs_mean=0.8708 abs_p95=1.1451 abs_p99=1.2584 abs_max=1.6296 legs=1.0226 waist=0.7676 arms=0.7628
[FRAME_DIAG] frame0_abs=0.8581 frame1_abs=0.8914 in_chunk_delta=0.9506 cross_chunk_delta=0.9891
[UPDATE] 499/500 reward_step=-0.05946 chunk=-0.45260 done_frac=0.03396 mean_reward=-3.27025 mean_len=48.00
[SFPO] loss=5.08398 policy_loss=-0.01895 value_loss=5.10292 ratio=1.0002 [0.197,3.918] clip=0.1656 kl=0.013620 grad=1.6255 grad_c=30.8904 lr=0.000100 critic_lr=0.001000
[ROLLOUT] live=46.61 survive=0.79968 per_step=-0.05735 episode_projection=-28.67
[POLICY_DETAIL] samples=48326 raw_samples=49152 mb=12082 micro_mb=8192 logp_delta_abs=0.11120 old_logp=-125.85838 new_logp=-125.87155 adv_abs=0.58169 sde_steps=4
[TRAIN] mean_reward=-3.27025 mean_len=48.00 recent_eps=100 completed_eps=2651715
[UPDATE_EFFECT] action_delta=0.00732558 param_rms_delta=0.00024916
[TIME] collect=7.387s update=0.291s
[DONE] timeout=0.00000 anchor_pos=0.14221 anchor_ori=0.05054 ee_body=0.18652
[TRACK_ROLLOUT] anchor_pos=0.50569 anchor_ori=0.40728 body_pos=0.66401 body_ori=0.16961 body_lin=0.33476 body_ang=0.04606
[ACT_SUMMARY] abs_mean=0.8701 abs_p95=1.1453 abs_p99=1.2578 abs_max=1.6217 legs=1.0223 waist=0.7685 arms=0.7615
[FRAME_DIAG] frame0_abs=0.8580 frame1_abs=0.8919 in_chunk_delta=0.9509 cross_chunk_delta=0.9878
[UPDATE] 500/500 reward_step=-0.05944 chunk=-0.45268 done_frac=0.03296 mean_reward=-3.21730 mean_len=48.00
[SFPO] loss=5.08936 policy_loss=-0.01742 value_loss=5.10678 ratio=1.0005 [0.223,4.246] clip=0.1564 kl=0.012506 grad=1.5195 grad_c=47.7853 lr=0.000100 critic_lr=0.001000
[ROLLOUT] live=46.73 survive=0.80518 per_step=-0.05736 episode_projection=-28.68
[POLICY_DETAIL] samples=48420 raw_samples=49152 mb=12105 micro_mb=8192 logp_delta_abs=0.10735 old_logp=-125.83808 new_logp=-125.84995 adv_abs=0.58927 sde_steps=4
[TRAIN] mean_reward=-3.21730 mean_len=48.00 recent_eps=100 completed_eps=2653311
[UPDATE_EFFECT] action_delta=0.00749387 param_rms_delta=0.00025053
[TIME] collect=7.220s update=0.292s
[DONE] timeout=0.00000 anchor_pos=0.13721 anchor_ori=0.04871 ee_body=0.18127
[TRACK_ROLLOUT] anchor_pos=0.50754 anchor_ori=0.40841 body_pos=0.66521 body_ori=0.17008 body_lin=0.33711 body_ang=0.04606
[ACT_SUMMARY] abs_mean=0.8706 abs_p95=1.1458 abs_p99=1.2596 abs_max=1.6525 legs=1.0229 waist=0.7695 arms=0.7616
[FRAME_DIAG] frame0_abs=0.8579 frame1_abs=0.8916 in_chunk_delta=0.9516 cross_chunk_delta=0.9893
[VALIDATION_START] update=500 max_steps=500 envs=8192 fixed_seed=disabled
[VALIDATION_RESET_START]
[VALIDATION_RESET_DONE] time=0.005s
[VALIDATION_PROGRESS] step=1/500 done=0.00000 alive=1.00000 elapsed=0.196s
[VALIDATION_PROGRESS] step=50/500 done=0.01880 alive=0.98120 elapsed=6.802s
[VALIDATION_EARLY_STOP] step=70 done_frac=0.9991
[VALIDATION_DONE] update=500 time=9.561s
[VAL] steps_mean=68.06 steps_min=22 steps_p50=69 steps_p95=69 steps_max=70 fail_phase_mean=67.1 return=1.21997 done=0.99915
[VAL_EE] left_ankle_bad=0.00318 left_ankle_z=0.09388 right_ankle_bad=0.01381 right_ankle_z=0.10222 left_wrist_bad=0.81271 left_wrist_z=0.24293 right_wrist_bad=0.25107 right_wrist_z=0.23199
[VAL_CAUSE] anchor_pos_bad=0.03394 anchor_ori_bad=0.00305 ee_body_bad=0.96606 time_out=0.00000 anchor_z=0.46812 anchor_grav=0.31344 ee_z_max=0.25542 ee_z_mean=0.16776
[VAL_WALL] alive@850=0.0009 motion_complete=0.0000 wrist_fail_825_840=0.0000 steps_p50=69
[CHECKPOINT] saved /home/y/my_mimic_mixgrpo/my_mimic_mixgrpo_h1/runs/sfpo_largebox_500_h8_firstlife_v1/checkpoints/update_0500.pt
[INFO] Training finished.
