[INFO] run_dir=/home/y/my_mimic_mixgrpo/my_mimic_mixgrpo_h1/runs/fpo_largebox_500_fresh_v2
[INFO] log_file=/home/y/my_mimic_mixgrpo/my_mimic_mixgrpo_h1/runs/fpo_largebox_500_fresh_v2/logs/train.log
[INFO] algorithm=fpo
[INFO] IsaacLab logging to file: /tmp/isaaclab_2026-07-01_19-22-27.log
[INFO] Starting FPO++ training
[INFO] task=largebox_plane terrain=plane motion_file=/home/y/my_mimic_mixgrpo/holosoma/src/holosoma/holosoma/data/motions/g1_29dof/whole_body_tracking/sub3_largebox_003_mj.npz
[INFO] algorithm=fpo actor_obs_dim=171 critic_obs_dim=286 action_dim=29 horizon=1 chunk_dim=29 num_envs=8192 num_steps_per_env=24 flow_steps=16 num_mc=16 actor_scale=1.0 action_perturb_std=0.1 timestep_embed_dim=8 cfm_reduction=mean clip=0.01 cfm_diff_clamp_max=3.0 cfm_loss_clamp=3.0 adv_clamp=5.0 schedule=adaptive desired_kl=0.0001 num_micro_batches=8 num_learning_epochs=5 num_mini_batches=4 gamma=0.99 lam=0.95 value_loss_coef=1.0 lr=0.0001 critic_lr=0.001 weight_decay=0.0001 empirical_normalization=True actor_hidden_dims=[1024, 512, 256] activation=elu
[INFO] checkpoint_dir=/home/y/my_mimic_mixgrpo/my_mimic_mixgrpo_h1/runs/fpo_largebox_500_fresh_v2/checkpoints
[UPDATE] 1/500 reward_step=-0.08086 done_frac=0.04685 mean_reward=-1.35250 mean_len=16.33
[FPO++] actor_loss=0.00073 value_loss=0.28016 ratio=0.9999 [0.955,1.046] clip_frac=0.1170 cfm_old=1.9961 cfm_new=1.9962 kl=0.000051 grad=0.0462 grad_c=0.9913 lr=0.001139 critic_lr=0.010000
[TRAIN] mean_reward=-1.35250 mean_len=16.33 recent_eps=100 completed_eps=9211
[UPDATE_EFFECT] action_delta=0.01051241 param_rms_delta=0.00058868
[TIME] collect=6.713s update=5.861s
[DONE] timeout=0.03186 anchor_pos=0.00073 anchor_ori=0.00696 ee_body=0.74792
[DONE_ROLLOUT] timeout=0.00133 anchor_pos=0.00003 anchor_ori=0.00029 ee_body=0.04539
[FIRST_FAILURE] step_mean=12.50 step_min=0 step_max=23 phase_mean=160.90 phase_min=3 phase_max=324 anchor_pos=0.00073 anchor_ori=0.00696 ee_body=0.73364 timeout=0.03186
[TRACK_CHUNK0] anchor_pos=0.97816 anchor_ori=0.83062 body_pos=0.97885 body_ori=0.79468 body_lin=0.49937 body_ang=0.02593
[TRACK_ROLLOUT] anchor_pos=0.79856 anchor_ori=0.46529 body_pos=0.79397 body_ori=0.28462 body_lin=0.25144 body_ang=0.01488
[TRAIN_COST] action_rate=29.51160 joint_limit=0.03034 undesired_contacts=1.82617
[REWARD_WEIGHTED] pos=0.03954 penalty=-0.12040 total=-0.08087 act_rate=-0.11212 contacts=-0.00233
[ACT_GREEDY] abs_mean=0.0624 abs_p95=0.1518 abs_p99=0.1966 abs_max=0.3941 legs=0.0638 waist=0.0629 arms=0.0611
[ACT_ROLLOUT] abs_mean=0.8042 abs_p95=1.9748 abs_p99=2.5966 abs_max=5.3313 abs_max_all=5.3313
[SAMPLER] top_bin=0 top_prob=0.360 peak_bin=0 failed_sum=8.8873 entropy=0.8829
[TRAIN_BODY] torso_ori=6.03deg l_wrist_ori=12.49deg r_wrist_ori=14.01deg l_elbow_ori=10.39deg r_elbow_ori=12.34deg l_shoulder_ori=7.78deg r_shoulder_ori=7.86deg
[TRAIN_ANG] torso=2.825 l_wrist=8.003 r_wrist=10.062 l_elbow=6.322 r_elbow=8.598 l_shoulder=4.646 r_shoulder=5.491
[TRAIN_ACT] l_wrist_r=0.0802 l_wrist_p=0.0415 l_wrist_y=0.0643 r_wrist_r=0.0569 r_wrist_p=0.0862 r_wrist_y=0.0522 l_elbow=0.0511 r_elbow=0.0601
[UPDATE] 2/500 reward_step=-0.08666 done_frac=0.06060 mean_reward=-1.43875 mean_len=16.73
[FPO++] actor_loss=0.00077 value_loss=0.28677 ratio=0.9998 [0.944,1.061] clip_frac=0.1440 cfm_old=1.9945 cfm_new=1.9947 kl=0.000061 grad=0.0320 grad_c=2.7050 lr=0.001709 critic_lr=0.010000
[TRAIN] mean_reward=-1.43875 mean_len=16.73 recent_eps=100 completed_eps=21125
[UPDATE_EFFECT] action_delta=0.01032229 param_rms_delta=0.00105111
[TIME] collect=5.245s update=5.805s
[DONE] timeout=0.00500 anchor_pos=0.00439 anchor_ori=0.01562 ee_body=0.85486
[DONE_ROLLOUT] timeout=0.00021 anchor_pos=0.00018 anchor_ori=0.00065 ee_body=0.05982
[FIRST_FAILURE] step_mean=7.91 step_min=0 step_max=23 phase_mean=151.55 phase_min=1 phase_max=324 anchor_pos=0.00427 anchor_ori=0.01294 ee_body=0.84851 timeout=0.00500
[TRACK_CHUNK0] anchor_pos=0.73068 anchor_ori=0.39700 body_pos=0.73402 body_ori=0.23617 body_lin=0.22150 body_ang=0.01350
[TRACK_ROLLOUT] anchor_pos=0.72726 anchor_ori=0.39117 body_pos=0.72389 body_ori=0.21968 body_lin=0.22907 body_ang=0.01342
[TRAIN_COST] action_rate=56.27509 joint_limit=0.03064 undesired_contacts=1.19263
[REWARD_WEIGHTED] pos=0.03491 penalty=-0.12141 total=-0.08650 act_rate=-0.11328 contacts=-0.00217
[ACT_GREEDY] abs_mean=0.0691 abs_p95=0.1693 abs_p99=0.2200 abs_max=0.3845 legs=0.0705 waist=0.0693 arms=0.0679
[ACT_ROLLOUT] abs_mean=0.8036 abs_p95=1.9733 abs_p99=2.5940 abs_max=5.6489 abs_max_all=5.6489
[SAMPLER] top_bin=0 top_prob=0.374 peak_bin=0 failed_sum=20.4159 entropy=0.8758
[TRAIN_BODY] torso_ori=21.09deg l_wrist_ori=39.34deg r_wrist_ori=45.42deg l_elbow_ori=36.45deg r_elbow_ori=41.69deg l_shoulder_ori=29.22deg r_shoulder_ori=31.50deg
[TRAIN_ANG] torso=3.887 l_wrist=9.661 r_wrist=10.248 l_elbow=8.048 r_elbow=8.578 l_shoulder=6.176 r_shoulder=6.435
[TRAIN_ACT] l_wrist_r=0.0900 l_wrist_p=0.0577 l_wrist_y=0.0683 r_wrist_r=0.0679 r_wrist_p=0.0898 r_wrist_y=0.0610 l_elbow=0.0602 r_elbow=0.0650
[UPDATE] 3/500 reward_step=-0.08645 done_frac=0.06031 mean_reward=-1.48397 mean_len=16.91
[FPO++] actor_loss=0.00097 value_loss=0.15922 ratio=0.9998 [0.870,1.133] clip_frac=0.1610 cfm_old=1.9954 cfm_new=1.9956 kl=0.000071 grad=0.0260 grad_c=1.5787 lr=0.002563 critic_lr=0.010000
[TRAIN] mean_reward=-1.48397 mean_len=16.91 recent_eps=100 completed_eps=32982
[UPDATE_EFFECT] action_delta=0.01086293 param_rms_delta=0.00182665
[TIME] collect=5.322s update=5.803s
[DONE] timeout=0.00049 anchor_pos=0.00952 anchor_ori=0.01782 ee_body=0.86646
[DONE_ROLLOUT] timeout=0.00002 anchor_pos=0.00040 anchor_ori=0.00074 ee_body=0.05948
[FIRST_FAILURE] step_mean=8.35 step_min=0 step_max=23 phase_mean=151.85 phase_min=7 phase_max=324 anchor_pos=0.00952 anchor_ori=0.01685 ee_body=0.85791 timeout=0.00049
[TRACK_CHUNK0] anchor_pos=0.71302 anchor_ori=0.38473 body_pos=0.70919 body_ori=0.21533 body_lin=0.23518 body_ang=0.01379
[TRACK_ROLLOUT] anchor_pos=0.72160 anchor_ori=0.38962 body_pos=0.71495 body_ori=0.21551 body_lin=0.24092 body_ang=0.01400
[TRAIN_COST] action_rate=56.63140 joint_limit=0.02974 undesired_contacts=1.03223
[REWARD_WEIGHTED] pos=0.03482 penalty=-0.12126 total=-0.08644 act_rate=-0.11334 contacts=-0.00211
[ACT_GREEDY] abs_mean=0.0689 abs_p95=0.1695 abs_p99=0.2209 abs_max=0.3858 legs=0.0702 waist=0.0714 arms=0.0672
[ACT_ROLLOUT] abs_mean=0.8041 abs_p95=1.9748 abs_p99=2.5970 abs_max=5.4088 abs_max_all=5.4088
[SAMPLER] top_bin=0 top_prob=0.374 peak_bin=0 failed_sum=31.6488 entropy=0.8758
[TRAIN_BODY] torso_ori=21.65deg l_wrist_ori=43.75deg r_wrist_ori=50.20deg l_elbow_ori=40.43deg r_elbow_ori=46.14deg l_shoulder_ori=31.91deg r_shoulder_ori=35.11deg
[TRAIN_ANG] torso=4.043 l_wrist=9.626 r_wrist=10.025 l_elbow=7.913 r_elbow=8.329 l_shoulder=6.128 r_shoulder=6.341
[TRAIN_ACT] l_wrist_r=0.0835 l_wrist_p=0.0597 l_wrist_y=0.0678 r_wrist_r=0.0680 r_wrist_p=0.0836 r_wrist_y=0.0635 l_elbow=0.0580 r_elbow=0.0627
[UPDATE] 4/500 reward_step=-0.08553 done_frac=0.05992 mean_reward=-1.51068 mean_len=17.69
[FPO++] actor_loss=0.00069 value_loss=0.11006 ratio=0.9998 [0.948,1.056] clip_frac=0.1447 cfm_old=1.9938 cfm_new=1.9941 kl=0.000060 grad=0.0183 grad_c=0.8808 lr=0.003844 critic_lr=0.010000
[TRAIN] mean_reward=-1.51068 mean_len=17.69 recent_eps=100 completed_eps=44763
[UPDATE_EFFECT] action_delta=0.00996067 param_rms_delta=0.00189109
[TIME] collect=5.279s update=5.803s
[DONE] timeout=0.00000 anchor_pos=0.00977 anchor_ori=0.01917 ee_body=0.87097
[DONE_ROLLOUT] timeout=0.00000 anchor_pos=0.00041 anchor_ori=0.00080 ee_body=0.05898
[FIRST_FAILURE] step_mean=8.45 step_min=0 step_max=23 phase_mean=150.17 phase_min=7 phase_max=324 anchor_pos=0.00964 anchor_ori=0.01562 ee_body=0.86353 timeout=0.00000
[TRACK_CHUNK0] anchor_pos=0.72122 anchor_ori=0.38579 body_pos=0.71546 body_ori=0.21174 body_lin=0.24343 body_ang=0.01364
[TRACK_ROLLOUT] anchor_pos=0.72601 anchor_ori=0.38791 body_pos=0.71880 body_ori=0.21319 body_lin=0.24706 body_ang=0.01415
[TRAIN_COST] action_rate=56.33037 joint_limit=0.02872 undesired_contacts=1.03479
[REWARD_WEIGHTED] pos=0.03500 penalty=-0.12053 total=-0.08553 act_rate=-0.11274 contacts=-0.00205
[ACT_GREEDY] abs_mean=0.0694 abs_p95=0.1710 abs_p99=0.2226 abs_max=0.4044 legs=0.0706 waist=0.0736 arms=0.0674
[ACT_ROLLOUT] abs_mean=0.8032 abs_p95=1.9731 abs_p99=2.5952 abs_max=5.6098 abs_max_all=5.6098
[SAMPLER] top_bin=0 top_prob=0.373 peak_bin=0 failed_sum=42.5435 entropy=0.8769
[TRAIN_BODY] torso_ori=21.40deg l_wrist_ori=43.90deg r_wrist_ori=50.58deg l_elbow_ori=40.57deg r_elbow_ori=46.41deg l_shoulder_ori=31.95deg r_shoulder_ori=35.48deg
[TRAIN_ANG] torso=4.045 l_wrist=9.599 r_wrist=10.112 l_elbow=7.967 r_elbow=8.376 l_shoulder=6.108 r_shoulder=6.325
[TRAIN_ACT] l_wrist_r=0.0807 l_wrist_p=0.0575 l_wrist_y=0.0685 r_wrist_r=0.0692 r_wrist_p=0.0863 r_wrist_y=0.0653 l_elbow=0.0554 r_elbow=0.0623
[UPDATE] 5/500 reward_step=-0.08514 done_frac=0.05995 mean_reward=-1.53940 mean_len=17.68
[FPO++] actor_loss=0.00067 value_loss=0.10041 ratio=0.9998 [0.952,1.055] clip_frac=0.1531 cfm_old=1.9943 cfm_new=1.9945 kl=0.000062 grad=0.0162 grad_c=1.0785 lr=0.005767 critic_lr=0.010000
[TRAIN] mean_reward=-1.53940 mean_len=17.68 recent_eps=100 completed_eps=56549
[UPDATE_EFFECT] action_delta=0.01054821 param_rms_delta=0.00233274
[TIME] collect=5.232s update=5.804s
[DONE] timeout=0.00000 anchor_pos=0.00818 anchor_ori=0.02271 ee_body=0.86584
[DONE_ROLLOUT] timeout=0.00000 anchor_pos=0.00034 anchor_ori=0.00095 ee_body=0.05898
[FIRST_FAILURE] step_mean=8.37 step_min=0 step_max=23 phase_mean=149.50 phase_min=7 phase_max=324 anchor_pos=0.00818 anchor_ori=0.02136 ee_body=0.85754 timeout=0.00000
[TRACK_CHUNK0] anchor_pos=0.73032 anchor_ori=0.38742 body_pos=0.71961 body_ori=0.21061 body_lin=0.24717 body_ang=0.01451
[TRACK_ROLLOUT] anchor_pos=0.73258 anchor_ori=0.39239 body_pos=0.72292 body_ori=0.21353 body_lin=0.24844 body_ang=0.01423
[TRAIN_COST] action_rate=56.42137 joint_limit=0.02876 undesired_contacts=1.01086
[REWARD_WEIGHTED] pos=0.03523 penalty=-0.12037 total=-0.08514 act_rate=-0.11265 contacts=-0.00202
[ACT_GREEDY] abs_mean=0.0703 abs_p95=0.1739 abs_p99=0.2271 abs_max=0.4367 legs=0.0712 waist=0.0773 arms=0.0680
[ACT_ROLLOUT] abs_mean=0.8034 abs_p95=1.9732 abs_p99=2.5940 abs_max=5.4387 abs_max_all=5.4387
[SAMPLER] top_bin=0 top_prob=0.373 peak_bin=0 failed_sum=53.1848 entropy=0.8779
[TRAIN_BODY] torso_ori=21.24deg l_wrist_ori=43.82deg r_wrist_ori=50.52deg l_elbow_ori=40.37deg r_elbow_ori=46.51deg l_shoulder_ori=31.44deg r_shoulder_ori=35.12deg
[TRAIN_ANG] torso=4.022 l_wrist=9.580 r_wrist=10.078 l_elbow=7.916 r_elbow=8.369 l_shoulder=6.060 r_shoulder=6.270
[TRAIN_ACT] l_wrist_r=0.0831 l_wrist_p=0.0579 l_wrist_y=0.0699 r_wrist_r=0.0696 r_wrist_p=0.0849 r_wrist_y=0.0675 l_elbow=0.0606 r_elbow=0.0582
[UPDATE] 6/500 reward_step=-0.08482 done_frac=0.05993 mean_reward=-1.51646 mean_len=17.34
[FPO++] actor_loss=0.00038 value_loss=0.07723 ratio=0.9998 [0.955,1.049] clip_frac=0.1365 cfm_old=1.9933 cfm_new=1.9935 kl=0.000057 grad=0.0137 grad_c=0.4001 lr=0.005767 critic_lr=0.010000
[TRAIN] mean_reward=-1.51646 mean_len=17.34 recent_eps=100 completed_eps=68331
[UPDATE_EFFECT] action_delta=0.00992344 param_rms_delta=0.00203216
[TIME] collect=5.126s update=5.803s
[DONE] timeout=0.00000 anchor_pos=0.00769 anchor_ori=0.02173 ee_body=0.87463
[DONE_ROLLOUT] timeout=0.00000 anchor_pos=0.00032 anchor_ori=0.00091 ee_body=0.05906
[FIRST_FAILURE] step_mean=8.47 step_min=0 step_max=23 phase_mean=148.95 phase_min=7 phase_max=324 anchor_pos=0.00769 anchor_ori=0.01965 ee_body=0.86597 timeout=0.00000
[TRACK_CHUNK0] anchor_pos=0.72986 anchor_ori=0.39120 body_pos=0.72087 body_ori=0.21137 body_lin=0.25020 body_ang=0.01420
[TRACK_ROLLOUT] anchor_pos=0.73376 anchor_ori=0.39425 body_pos=0.72362 body_ori=0.21268 body_lin=0.25118 body_ang=0.01431
[TRAIN_COST] action_rate=56.37006 joint_limit=0.02870 undesired_contacts=0.99524
[REWARD_WEIGHTED] pos=0.03532 penalty=-0.12014 total=-0.08482 act_rate=-0.11241 contacts=-0.00201
[ACT_GREEDY] abs_mean=0.0711 abs_p95=0.1768 abs_p99=0.2325 abs_max=0.4412 legs=0.0721 waist=0.0807 arms=0.0681
[ACT_ROLLOUT] abs_mean=0.8033 abs_p95=1.9725 abs_p99=2.5919 abs_max=5.2765 abs_max_all=5.2765
[SAMPLER] top_bin=0 top_prob=0.373 peak_bin=0 failed_sum=63.5701 entropy=0.8783
[TRAIN_BODY] torso_ori=21.22deg l_wrist_ori=44.28deg r_wrist_ori=50.89deg l_elbow_ori=40.76deg r_elbow_ori=46.78deg l_shoulder_ori=31.85deg r_shoulder_ori=35.30deg
[TRAIN_ANG] torso=4.024 l_wrist=9.609 r_wrist=10.095 l_elbow=7.972 r_elbow=8.341 l_shoulder=6.094 r_shoulder=6.255
[TRAIN_ACT] l_wrist_r=0.0805 l_wrist_p=0.0576 l_wrist_y=0.0696 r_wrist_r=0.0710 r_wrist_p=0.0874 r_wrist_y=0.0684 l_elbow=0.0620 r_elbow=0.0580
[UPDATE] 7/500 reward_step=-0.08433 done_frac=0.06098 mean_reward=-1.30619 mean_len=15.59
[FPO++] actor_loss=0.00038 value_loss=0.06977 ratio=0.9998 [0.933,1.068] clip_frac=0.1703 cfm_old=1.9924 cfm_new=1.9926 kl=0.000068 grad=0.0152 grad_c=0.3940 lr=0.008650 critic_lr=0.010000
[TRAIN] mean_reward=-1.30619 mean_len=15.59 recent_eps=100 completed_eps=80320
[UPDATE_EFFECT] action_delta=0.01391127 param_rms_delta=0.00234204
[TIME] collect=5.309s update=5.799s
[DONE] timeout=0.00000 anchor_pos=0.00769 anchor_ori=0.02637 ee_body=0.87781
[DONE_ROLLOUT] timeout=0.00000 anchor_pos=0.00032 anchor_ori=0.00110 ee_body=0.05993
[FIRST_FAILURE] step_mean=8.46 step_min=0 step_max=23 phase_mean=146.45 phase_min=7 phase_max=324 anchor_pos=0.00769 anchor_ori=0.02380 ee_body=0.86780 timeout=0.00000
[TRACK_CHUNK0] anchor_pos=0.73536 anchor_ori=0.39145 body_pos=0.72450 body_ori=0.21116 body_lin=0.25054 body_ang=0.01437
[TRACK_ROLLOUT] anchor_pos=0.73755 anchor_ori=0.39527 body_pos=0.72722 body_ori=0.21584 body_lin=0.25154 body_ang=0.01440
[TRAIN_COST] action_rate=56.41290 joint_limit=0.02868 undesired_contacts=0.99365
[REWARD_WEIGHTED] pos=0.03551 penalty=-0.11984 total=-0.08433 act_rate=-0.11206 contacts=-0.00205
[ACT_GREEDY] abs_mean=0.0726 abs_p95=0.1815 abs_p99=0.2393 abs_max=0.4109 legs=0.0740 waist=0.0826 arms=0.0692
[ACT_ROLLOUT] abs_mean=0.8029 abs_p95=1.9711 abs_p99=2.5922 abs_max=5.2856 abs_max_all=5.2856
[SAMPLER] top_bin=0 top_prob=0.373 peak_bin=0 failed_sum=73.9142 entropy=0.8783
[TRAIN_BODY] torso_ori=21.15deg l_wrist_ori=44.30deg r_wrist_ori=50.85deg l_elbow_ori=40.76deg r_elbow_ori=46.70deg l_shoulder_ori=31.59deg r_shoulder_ori=35.25deg
[TRAIN_ANG] torso=4.045 l_wrist=9.504 r_wrist=9.972 l_elbow=7.959 r_elbow=8.328 l_shoulder=6.061 r_shoulder=6.259
[TRAIN_ACT] l_wrist_r=0.0816 l_wrist_p=0.0578 l_wrist_y=0.0686 r_wrist_r=0.0711 r_wrist_p=0.0894 r_wrist_y=0.0713 l_elbow=0.0603 r_elbow=0.0570
[UPDATE] 8/500 reward_step=-0.08392 done_frac=0.06088 mean_reward=-1.43900 mean_len=17.29
[FPO++] actor_loss=0.00130 value_loss=0.06324 ratio=0.9998 [0.856,1.169] clip_frac=0.2530 cfm_old=1.9919 cfm_new=1.9922 kl=0.000126 grad=0.0214 grad_c=0.4379 lr=0.003844 critic_lr=0.004444
[TRAIN] mean_reward=-1.43900 mean_len=17.29 recent_eps=100 completed_eps=92290
[UPDATE_EFFECT] action_delta=0.00982631 param_rms_delta=0.00291894
[TIME] collect=5.198s update=5.802s
[DONE] timeout=0.00000 anchor_pos=0.00818 anchor_ori=0.02258 ee_body=0.88135
[DONE_ROLLOUT] timeout=0.00000 anchor_pos=0.00034 anchor_ori=0.00095 ee_body=0.05991
[FIRST_FAILURE] step_mean=8.46 step_min=0 step_max=23 phase_mean=144.65 phase_min=7 phase_max=324 anchor_pos=0.00818 anchor_ori=0.02124 ee_body=0.87170 timeout=0.00000
[TRACK_CHUNK0] anchor_pos=0.74233 anchor_ori=0.40027 body_pos=0.73128 body_ori=0.21395 body_lin=0.25235 body_ang=0.01442
[TRACK_ROLLOUT] anchor_pos=0.74222 anchor_ori=0.39584 body_pos=0.73042 body_ori=0.21495 body_lin=0.25205 body_ang=0.01428
[TRAIN_COST] action_rate=55.87415 joint_limit=0.02898 undesired_contacts=1.00891
[REWARD_WEIGHTED] pos=0.03561 penalty=-0.11954 total=-0.08392 act_rate=-0.11174 contacts=-0.00203
[ACT_GREEDY] abs_mean=0.0733 abs_p95=0.1850 abs_p99=0.2463 abs_max=0.4628 legs=0.0747 waist=0.0853 arms=0.0695
[ACT_ROLLOUT] abs_mean=0.8027 abs_p95=1.9712 abs_p99=2.5896 abs_max=5.2936 abs_max_all=5.2936
[SAMPLER] top_bin=0 top_prob=0.374 peak_bin=0 failed_sum=83.9940 entropy=0.8781
[TRAIN_BODY] torso_ori=20.50deg l_wrist_ori=43.61deg r_wrist_ori=50.47deg l_elbow_ori=40.02deg r_elbow_ori=46.49deg l_shoulder_ori=30.75deg r_shoulder_ori=34.90deg
[TRAIN_ANG] torso=4.053 l_wrist=9.536 r_wrist=10.019 l_elbow=7.929 r_elbow=8.369 l_shoulder=6.065 r_shoulder=6.332
[TRAIN_ACT] l_wrist_r=0.0803 l_wrist_p=0.0552 l_wrist_y=0.0683 r_wrist_r=0.0731 r_wrist_p=0.0900 r_wrist_y=0.0705 l_elbow=0.0614 r_elbow=0.0596
[UPDATE] 9/500 reward_step=-0.08342 done_frac=0.06088 mean_reward=-1.32466 mean_len=16.08
[FPO++] actor_loss=-0.00011 value_loss=0.06441 ratio=0.9998 [0.942,1.058] clip_frac=0.1370 cfm_old=1.9911 cfm_new=1.9913 kl=0.000058 grad=0.0155 grad_c=0.4921 lr=0.008650 critic_lr=0.010000
[TRAIN] mean_reward=-1.32466 mean_len=16.08 recent_eps=100 completed_eps=104260
[UPDATE_EFFECT] action_delta=0.01116109 param_rms_delta=0.00239128
[TIME] collect=5.249s update=5.809s
[DONE] timeout=0.00000 anchor_pos=0.00684 anchor_ori=0.02502 ee_body=0.88013
[DONE_ROLLOUT] timeout=0.00000 anchor_pos=0.00028 anchor_ori=0.00104 ee_body=0.05995
[FIRST_FAILURE] step_mean=8.40 step_min=0 step_max=23 phase_mean=146.06 phase_min=7 phase_max=324 anchor_pos=0.00684 anchor_ori=0.02307 ee_body=0.87097 timeout=0.00000
[TRACK_CHUNK0] anchor_pos=0.74315 anchor_ori=0.39495 body_pos=0.73037 body_ori=0.21321 body_lin=0.25279 body_ang=0.01434
[TRACK_ROLLOUT] anchor_pos=0.74548 anchor_ori=0.39438 body_pos=0.73175 body_ori=0.21473 body_lin=0.25297 body_ang=0.01436
[TRAIN_COST] action_rate=55.63281 joint_limit=0.02850 undesired_contacts=1.03333
[REWARD_WEIGHTED] pos=0.03567 penalty=-0.11910 total=-0.08342 act_rate=-0.11139 contacts=-0.00202
[ACT_GREEDY] abs_mean=0.0746 abs_p95=0.1895 abs_p99=0.2562 abs_max=0.4705 legs=0.0771 waist=0.0873 arms=0.0697
[ACT_ROLLOUT] abs_mean=0.8023 abs_p95=1.9712 abs_p99=2.5910 abs_max=5.4083 abs_max_all=5.4083
[SAMPLER] top_bin=0 top_prob=0.374 peak_bin=0 failed_sum=93.8342 entropy=0.8781
[TRAIN_BODY] torso_ori=20.69deg l_wrist_ori=43.87deg r_wrist_ori=51.11deg l_elbow_ori=40.24deg r_elbow_ori=47.02deg l_shoulder_ori=31.25deg r_shoulder_ori=35.41deg
[TRAIN_ANG] torso=4.001 l_wrist=9.555 r_wrist=9.991 l_elbow=7.917 r_elbow=8.331 l_shoulder=6.055 r_shoulder=6.246
[TRAIN_ACT] l_wrist_r=0.0771 l_wrist_p=0.0562 l_wrist_y=0.0666 r_wrist_r=0.0740 r_wrist_p=0.0903 r_wrist_y=0.0662 l_elbow=0.0636 r_elbow=0.0569
[UPDATE] 10/500 reward_step=-0.08290 done_frac=0.06181 mean_reward=-1.37868 mean_len=16.32
[FPO++] actor_loss=0.00129 value_loss=0.07301 ratio=0.9996 [0.738,1.288] clip_frac=0.2726 cfm_old=1.9888 cfm_new=1.9893 kl=0.000182 grad=0.0302 grad_c=0.8061 lr=0.001709 critic_lr=0.001975
[TRAIN] mean_reward=-1.37868 mean_len=16.32 recent_eps=100 completed_eps=116413
[UPDATE_EFFECT] action_delta=0.01409436 param_rms_delta=0.00306819
[TIME] collect=5.250s update=5.804s
[DONE] timeout=0.00000 anchor_pos=0.00574 anchor_ori=0.02332 ee_body=0.88037
[DONE_ROLLOUT] timeout=0.00000 anchor_pos=0.00024 anchor_ori=0.00097 ee_body=0.06092
[FIRST_FAILURE] step_mean=8.33 step_min=0 step_max=23 phase_mean=146.18 phase_min=7 phase_max=324 anchor_pos=0.00574 anchor_ori=0.02014 ee_body=0.87219 timeout=0.00000
[TRACK_CHUNK0] anchor_pos=0.74272 anchor_ori=0.39268 body_pos=0.72949 body_ori=0.21286 body_lin=0.25035 body_ang=0.01433
[TRACK_ROLLOUT] anchor_pos=0.74388 anchor_ori=0.39603 body_pos=0.73268 body_ori=0.21749 body_lin=0.25037 body_ang=0.01429
[TRAIN_COST] action_rate=55.44208 joint_limit=0.02842 undesired_contacts=1.02002
[REWARD_WEIGHTED] pos=0.03570 penalty=-0.11860 total=-0.08290 act_rate=-0.11083 contacts=-0.00203
[ACT_GREEDY] abs_mean=0.0806 abs_p95=0.2094 abs_p99=0.2887 abs_max=0.4998 legs=0.0817 waist=0.1025 arms=0.0750
[ACT_ROLLOUT] abs_mean=0.8016 abs_p95=1.9690 abs_p99=2.5888 abs_max=5.6001 abs_max_all=5.6001
[SAMPLER] top_bin=0 top_prob=0.375 peak_bin=0 failed_sum=103.6219 entropy=0.8781
[TRAIN_BODY] torso_ori=21.26deg l_wrist_ori=44.08deg r_wrist_ori=50.90deg l_elbow_ori=40.52deg r_elbow_ori=46.82deg l_shoulder_ori=31.45deg r_shoulder_ori=35.48deg
[TRAIN_ANG] torso=4.021 l_wrist=9.539 r_wrist=10.045 l_elbow=7.916 r_elbow=8.384 l_shoulder=6.038 r_shoulder=6.278
[TRAIN_ACT] l_wrist_r=0.0782 l_wrist_p=0.0586 l_wrist_y=0.0655 r_wrist_r=0.0890 r_wrist_p=0.0927 r_wrist_y=0.0716 l_elbow=0.0651 r_elbow=0.0567
[UPDATE] 11/500 reward_step=-0.08264 done_frac=0.06229 mean_reward=-1.30045 mean_len=15.85
[FPO++] actor_loss=0.00010 value_loss=0.05849 ratio=0.9997 [0.775,1.246] clip_frac=0.1913 cfm_old=1.9897 cfm_new=1.9900 kl=0.000122 grad=0.0314 grad_c=0.1957 lr=0.001139 critic_lr=0.001317
[TRAIN] mean_reward=-1.30045 mean_len=15.85 recent_eps=100 completed_eps=128659
[UPDATE_EFFECT] action_delta=0.01127817 param_rms_delta=0.00229679
[TIME] collect=5.189s update=5.813s
[DONE] timeout=0.00000 anchor_pos=0.00671 anchor_ori=0.02356 ee_body=0.88745
[DONE_ROLLOUT] timeout=0.00000 anchor_pos=0.00028 anchor_ori=0.00098 ee_body=0.06142
[FIRST_FAILURE] step_mean=8.40 step_min=0 step_max=23 phase_mean=144.94 phase_min=7 phase_max=324 anchor_pos=0.00671 anchor_ori=0.02112 ee_body=0.87976 timeout=0.00000
[TRACK_CHUNK0] anchor_pos=0.74167 anchor_ori=0.39583 body_pos=0.73294 body_ori=0.21617 body_lin=0.25031 body_ang=0.01430
[TRACK_ROLLOUT] anchor_pos=0.74880 anchor_ori=0.39803 body_pos=0.73531 body_ori=0.21791 body_lin=0.25194 body_ang=0.01424
[TRAIN_COST] action_rate=55.36593 joint_limit=0.02777 undesired_contacts=1.01367
[REWARD_WEIGHTED] pos=0.03586 penalty=-0.11850 total=-0.08264 act_rate=-0.11073 contacts=-0.00204
[ACT_GREEDY] abs_mean=0.0805 abs_p95=0.2088 abs_p99=0.2900 abs_max=0.5018 legs=0.0810 waist=0.1030 arms=0.0754
[ACT_ROLLOUT] abs_mean=0.8027 abs_p95=1.9721 abs_p99=2.5912 abs_max=5.0978 abs_max_all=5.0978
[SAMPLER] top_bin=0 top_prob=0.375 peak_bin=0 failed_sum=113.2698 entropy=0.8778
[TRAIN_BODY] torso_ori=20.82deg l_wrist_ori=43.14deg r_wrist_ori=50.36deg l_elbow_ori=39.82deg r_elbow_ori=46.32deg l_shoulder_ori=31.04deg r_shoulder_ori=34.82deg
[TRAIN_ANG] torso=4.069 l_wrist=9.527 r_wrist=10.136 l_elbow=7.868 r_elbow=8.558 l_shoulder=6.082 r_shoulder=6.365
[TRAIN_ACT] l_wrist_r=0.0803 l_wrist_p=0.0578 l_wrist_y=0.0670 r_wrist_r=0.0869 r_wrist_p=0.0950 r_wrist_y=0.0663 l_elbow=0.0646 r_elbow=0.0544
[UPDATE] 12/500 reward_step=-0.08225 done_frac=0.06330 mean_reward=-1.14604 mean_len=13.98
[FPO++] actor_loss=0.00014 value_loss=0.05635 ratio=0.9997 [0.830,1.175] clip_frac=0.1996 cfm_old=1.9903 cfm_new=1.9907 kl=0.000123 grad=0.0373 grad_c=0.1041 lr=0.001139 critic_lr=0.001317
[TRAIN] mean_reward=-1.14604 mean_len=13.98 recent_eps=100 completed_eps=141105
[UPDATE_EFFECT] action_delta=0.00799180 param_rms_delta=0.00136981
[TIME] collect=5.216s update=5.803s
[DONE] timeout=0.00000 anchor_pos=0.00659 anchor_ori=0.02795 ee_body=0.89709
[DONE_ROLLOUT] timeout=0.00000 anchor_pos=0.00027 anchor_ori=0.00117 ee_body=0.06232
[FIRST_FAILURE] step_mean=8.26 step_min=0 step_max=23 phase_mean=143.04 phase_min=6 phase_max=324 anchor_pos=0.00659 anchor_ori=0.02466 ee_body=0.88855 timeout=0.00000
[TRACK_CHUNK0] anchor_pos=0.74987 anchor_ori=0.39508 body_pos=0.73373 body_ori=0.21444 body_lin=0.24671 body_ang=0.01385
[TRACK_ROLLOUT] anchor_pos=0.75258 anchor_ori=0.39870 body_pos=0.73721 body_ori=0.21932 body_lin=0.25157 body_ang=0.01428
[TRAIN_COST] action_rate=55.39188 joint_limit=0.02931 undesired_contacts=1.04272
[REWARD_WEIGHTED] pos=0.03596 penalty=-0.11821 total=-0.08225 act_rate=-0.11046 contacts=-0.00202
[ACT_GREEDY] abs_mean=0.0811 abs_p95=0.2109 abs_p99=0.2940 abs_max=0.5172 legs=0.0809 waist=0.1049 arms=0.0761
[ACT_ROLLOUT] abs_mean=0.8029 abs_p95=1.9715 abs_p99=2.5891 abs_max=5.4104 abs_max_all=5.4104
[SAMPLER] top_bin=0 top_prob=0.376 peak_bin=0 failed_sum=122.8860 entropy=0.8774
[TRAIN_BODY] torso_ori=20.94deg l_wrist_ori=43.69deg r_wrist_ori=51.37deg l_elbow_ori=40.17deg r_elbow_ori=47.19deg l_shoulder_ori=31.28deg r_shoulder_ori=35.64deg
[TRAIN_ANG] torso=4.048 l_wrist=9.599 r_wrist=10.162 l_elbow=7.982 r_elbow=8.492 l_shoulder=6.127 r_shoulder=6.340
[TRAIN_ACT] l_wrist_r=0.0831 l_wrist_p=0.0589 l_wrist_y=0.0684 r_wrist_r=0.0824 r_wrist_p=0.0945 r_wrist_y=0.0683 l_elbow=0.0669 r_elbow=0.0546
[UPDATE] 13/500 reward_step=-0.08161 done_frac=0.06358 mean_reward=-1.26645 mean_len=15.71
[FPO++] actor_loss=0.00093 value_loss=0.05461 ratio=0.9996 [0.755,1.284] clip_frac=0.2180 cfm_old=1.9877 cfm_new=1.9882 kl=0.000193 grad=0.0343 grad_c=0.1059 lr=0.000506 critic_lr=0.000585
[TRAIN] mean_reward=-1.26645 mean_len=15.71 recent_eps=100 completed_eps=153605
[UPDATE_EFFECT] action_delta=0.01359081 param_rms_delta=0.00161519
[TIME] collect=5.301s update=5.803s
[DONE] timeout=0.00000 anchor_pos=0.00586 anchor_ori=0.02600 ee_body=0.89087
[DONE_ROLLOUT] timeout=0.00000 anchor_pos=0.00024 anchor_ori=0.00109 ee_body=0.06261
[FIRST_FAILURE] step_mean=8.25 step_min=0 step_max=23 phase_mean=141.31 phase_min=7 phase_max=324 anchor_pos=0.00586 anchor_ori=0.02417 ee_body=0.88159 timeout=0.00000
[TRACK_CHUNK0] anchor_pos=0.75506 anchor_ori=0.39574 body_pos=0.73930 body_ori=0.21982 body_lin=0.25280 body_ang=0.01461
[TRACK_ROLLOUT] anchor_pos=0.75622 anchor_ori=0.39780 body_pos=0.74076 body_ori=0.22108 body_lin=0.25094 body_ang=0.01438
[TRAIN_COST] action_rate=55.09509 joint_limit=0.02843 undesired_contacts=1.01025
[REWARD_WEIGHTED] pos=0.03608 penalty=-0.11770 total=-0.08161 act_rate=-0.10987 contacts=-0.00206
[ACT_GREEDY] abs_mean=0.0813 abs_p95=0.2103 abs_p99=0.2922 abs_max=0.5611 legs=0.0818 waist=0.1097 arms=0.0748
[ACT_ROLLOUT] abs_mean=0.8018 abs_p95=1.9687 abs_p99=2.5902 abs_max=5.6824 abs_max_all=5.6824
[SAMPLER] top_bin=0 top_prob=0.377 peak_bin=0 failed_sum=132.3279 entropy=0.8768
[TRAIN_BODY] torso_ori=20.99deg l_wrist_ori=43.25deg r_wrist_ori=51.20deg l_elbow_ori=39.64deg r_elbow_ori=47.09deg l_shoulder_ori=30.71deg r_shoulder_ori=35.22deg
[TRAIN_ANG] torso=4.034 l_wrist=9.564 r_wrist=10.218 l_elbow=7.911 r_elbow=8.467 l_shoulder=6.067 r_shoulder=6.358
[TRAIN_ACT] l_wrist_r=0.0841 l_wrist_p=0.0607 l_wrist_y=0.0695 r_wrist_r=0.0784 r_wrist_p=0.0950 r_wrist_y=0.0658 l_elbow=0.0638 r_elbow=0.0567
[UPDATE] 14/500 reward_step=-0.08125 done_frac=0.06475 mean_reward=-1.31781 mean_len=15.78
[FPO++] actor_loss=-0.00058 value_loss=0.05317 ratio=0.9998 [0.910,1.091] clip_frac=0.1238 cfm_old=1.9877 cfm_new=1.9879 kl=0.000059 grad=0.0228 grad_c=0.0767 lr=0.003844 critic_lr=0.004444
[TRAIN] mean_reward=-1.31781 mean_len=15.78 recent_eps=100 completed_eps=166336
[UPDATE_EFFECT] action_delta=0.01015862 param_rms_delta=0.00143336
[TIME] collect=5.228s update=5.807s
[DONE] timeout=0.00000 anchor_pos=0.00476 anchor_ori=0.02563 ee_body=0.90112
[DONE_ROLLOUT] timeout=0.00000 anchor_pos=0.00020 anchor_ori=0.00107 ee_body=0.06386
[FIRST_FAILURE] step_mean=8.10 step_min=0 step_max=23 phase_mean=141.52 phase_min=7 phase_max=324 anchor_pos=0.00476 anchor_ori=0.02136 ee_body=0.89282 timeout=0.00000
[TRACK_CHUNK0] anchor_pos=0.75484 anchor_ori=0.40003 body_pos=0.73942 body_ori=0.22013 body_lin=0.24883 body_ang=0.01365
[TRACK_ROLLOUT] anchor_pos=0.76065 anchor_ori=0.40464 body_pos=0.74325 body_ori=0.22366 body_lin=0.25126 body_ang=0.01425
[TRAIN_COST] action_rate=54.99591 joint_limit=0.02876 undesired_contacts=1.04846
[REWARD_WEIGHTED] pos=0.03630 penalty=-0.11755 total=-0.08125 act_rate=-0.10974 contacts=-0.00208
[ACT_GREEDY] abs_mean=0.0818 abs_p95=0.2097 abs_p99=0.2903 abs_max=0.5852 legs=0.0820 waist=0.1083 arms=0.0758
[ACT_ROLLOUT] abs_mean=0.8020 abs_p95=1.9692 abs_p99=2.5895 abs_max=5.0510 abs_max_all=5.0510
[SAMPLER] top_bin=0 top_prob=0.378 peak_bin=0 failed_sum=141.7737 entropy=0.8764
[TRAIN_BODY] torso_ori=20.82deg l_wrist_ori=43.16deg r_wrist_ori=50.67deg l_elbow_ori=39.59deg r_elbow_ori=46.53deg l_shoulder_ori=30.78deg r_shoulder_ori=35.03deg
[TRAIN_ANG] torso=4.042 l_wrist=9.569 r_wrist=10.141 l_elbow=7.909 r_elbow=8.391 l_shoulder=6.081 r_shoulder=6.380
[TRAIN_ACT] l_wrist_r=0.0823 l_wrist_p=0.0602 l_wrist_y=0.0718 r_wrist_r=0.0809 r_wrist_p=0.0967 r_wrist_y=0.0684 l_elbow=0.0632 r_elbow=0.0585
[UPDATE] 15/500 reward_step=-0.08090 done_frac=0.06409 mean_reward=-1.26802 mean_len=15.92
[FPO++] actor_loss=-0.00060 value_loss=0.05668 ratio=0.9998 [0.919,1.071] clip_frac=0.1558 cfm_old=1.9864 cfm_new=1.9866 kl=0.000067 grad=0.0211 grad_c=0.4717 lr=0.005767 critic_lr=0.006667
[TRAIN] mean_reward=-1.26802 mean_len=15.92 recent_eps=100 completed_eps=178937
[UPDATE_EFFECT] action_delta=0.00989220 param_rms_delta=0.00228866
[TIME] collect=5.215s update=5.807s
[DONE] timeout=0.00000 anchor_pos=0.00537 anchor_ori=0.02722 ee_body=0.90100
[DONE_ROLLOUT] timeout=0.00000 anchor_pos=0.00022 anchor_ori=0.00113 ee_body=0.06323
[FIRST_FAILURE] step_mean=8.24 step_min=0 step_max=23 phase_mean=141.41 phase_min=7 phase_max=324 anchor_pos=0.00537 anchor_ori=0.02368 ee_body=0.89258 timeout=0.00000
[TRACK_CHUNK0] anchor_pos=0.76033 anchor_ori=0.40301 body_pos=0.74399 body_ori=0.22133 body_lin=0.25051 body_ang=0.01399
[TRACK_ROLLOUT] anchor_pos=0.75921 anchor_ori=0.40563 body_pos=0.74209 body_ori=0.22189 body_lin=0.25232 body_ang=0.01455
[TRAIN_COST] action_rate=54.61752 joint_limit=0.02862 undesired_contacts=1.03625
[REWARD_WEIGHTED] pos=0.03627 penalty=-0.11716 total=-0.08090 act_rate=-0.10929 contacts=-0.00207
[ACT_GREEDY] abs_mean=0.0829 abs_p95=0.2144 abs_p99=0.3004 abs_max=0.5540 legs=0.0829 waist=0.1126 arms=0.0766
[ACT_ROLLOUT] abs_mean=0.8013 abs_p95=1.9671 abs_p99=2.5883 abs_max=5.5063 abs_max_all=5.5063
[SAMPLER] top_bin=0 top_prob=0.379 peak_bin=0 failed_sum=150.8673 entropy=0.8758
[TRAIN_BODY] torso_ori=20.53deg l_wrist_ori=43.03deg r_wrist_ori=50.83deg l_elbow_ori=39.54deg r_elbow_ori=46.76deg l_shoulder_ori=30.62deg r_shoulder_ori=35.04deg
[TRAIN_ANG] torso=4.074 l_wrist=9.651 r_wrist=10.155 l_elbow=7.987 r_elbow=8.494 l_shoulder=6.125 r_shoulder=6.399
[TRAIN_ACT] l_wrist_r=0.0860 l_wrist_p=0.0608 l_wrist_y=0.0646 r_wrist_r=0.0835 r_wrist_p=0.0984 r_wrist_y=0.0688 l_elbow=0.0650 r_elbow=0.0574
[UPDATE] 16/500 reward_step=-0.08058 done_frac=0.06438 mean_reward=-1.34301 mean_len=16.74
[FPO++] actor_loss=-0.00056 value_loss=0.07075 ratio=0.9998 [0.948,1.083] clip_frac=0.1568 cfm_old=1.9860 cfm_new=1.9862 kl=0.000065 grad=0.0170 grad_c=0.8855 lr=0.008650 critic_lr=0.010000
[TRAIN] mean_reward=-1.34301 mean_len=16.74 recent_eps=100 completed_eps=191594
[UPDATE_EFFECT] action_delta=0.01102770 param_rms_delta=0.00279302
[TIME] collect=5.278s update=5.806s
[DONE] timeout=0.00000 anchor_pos=0.00586 anchor_ori=0.02441 ee_body=0.90479
[DONE_ROLLOUT] timeout=0.00000 anchor_pos=0.00024 anchor_ori=0.00102 ee_body=0.06355
[FIRST_FAILURE] step_mean=8.19 step_min=0 step_max=23 phase_mean=139.98 phase_min=7 phase_max=324 anchor_pos=0.00586 anchor_ori=0.02087 ee_body=0.89722 timeout=0.00000
[TRACK_CHUNK0] anchor_pos=0.75934 anchor_ori=0.40285 body_pos=0.74263 body_ori=0.22234 body_lin=0.25202 body_ang=0.01442
[TRACK_ROLLOUT] anchor_pos=0.76046 anchor_ori=0.40024 body_pos=0.74276 body_ori=0.22121 body_lin=0.25251 body_ang=0.01446
[TRAIN_COST] action_rate=54.39001 joint_limit=0.02907 undesired_contacts=1.03894
[REWARD_WEIGHTED] pos=0.03623 penalty=-0.11681 total=-0.08058 act_rate=-0.10900 contacts=-0.00206
[ACT_GREEDY] abs_mean=0.0846 abs_p95=0.2205 abs_p99=0.3089 abs_max=0.5711 legs=0.0849 waist=0.1165 arms=0.0775
[ACT_ROLLOUT] abs_mean=0.8014 abs_p95=1.9680 abs_p99=2.5880 abs_max=5.4672 abs_max_all=5.4672
[SAMPLER] top_bin=0 top_prob=0.379 peak_bin=0 failed_sum=159.8004 entropy=0.8754
[TRAIN_BODY] torso_ori=20.78deg l_wrist_ori=43.19deg r_wrist_ori=50.95deg l_elbow_ori=39.73deg r_elbow_ori=46.99deg l_shoulder_ori=30.83deg r_shoulder_ori=34.98deg
[TRAIN_ANG] torso=3.995 l_wrist=9.592 r_wrist=10.134 l_elbow=7.879 r_elbow=8.476 l_shoulder=6.037 r_shoulder=6.349
[TRAIN_ACT] l_wrist_r=0.0854 l_wrist_p=0.0609 l_wrist_y=0.0647 r_wrist_r=0.0828 r_wrist_p=0.0964 r_wrist_y=0.0758 l_elbow=0.0653 r_elbow=0.0607
[UPDATE] 17/500 reward_step=-0.08006 done_frac=0.06529 mean_reward=-1.26703 mean_len=15.87
[FPO++] actor_loss=0.00038 value_loss=0.05752 ratio=0.9998 [0.891,1.103] clip_frac=0.2197 cfm_old=1.9853 cfm_new=1.9855 kl=0.000097 grad=0.0252 grad_c=0.6525 lr=0.005767 critic_lr=0.006667
[TRAIN] mean_reward=-1.26703 mean_len=15.87 recent_eps=100 completed_eps=204431
[UPDATE_EFFECT] action_delta=0.01063058 param_rms_delta=0.00263082
[TIME] collect=5.192s update=5.807s
[DONE] timeout=0.00000 anchor_pos=0.00415 anchor_ori=0.02747 ee_body=0.90967
[DONE_ROLLOUT] timeout=0.00000 anchor_pos=0.00017 anchor_ori=0.00115 ee_body=0.06435
[FIRST_FAILURE] step_mean=8.07 step_min=0 step_max=23 phase_mean=140.13 phase_min=6 phase_max=324 anchor_pos=0.00415 anchor_ori=0.02368 ee_body=0.90027 timeout=0.00000
[TRACK_CHUNK0] anchor_pos=0.76266 anchor_ori=0.40445 body_pos=0.74516 body_ori=0.22552 body_lin=0.25251 body_ang=0.01480
[TRACK_ROLLOUT] anchor_pos=0.76406 anchor_ori=0.40517 body_pos=0.74640 body_ori=0.22543 body_lin=0.25224 body_ang=0.01448
[TRAIN_COST] action_rate=53.87071 joint_limit=0.02929 undesired_contacts=1.05334
[REWARD_WEIGHTED] pos=0.03646 penalty=-0.11652 total=-0.08006 act_rate=-0.10864 contacts=-0.00209
[ACT_GREEDY] abs_mean=0.0868 abs_p95=0.2263 abs_p99=0.3213 abs_max=0.5822 legs=0.0880 waist=0.1210 arms=0.0784
[ACT_ROLLOUT] abs_mean=0.8012 abs_p95=1.9682 abs_p99=2.5878 abs_max=5.0337 abs_max_all=5.0337
[SAMPLER] top_bin=0 top_prob=0.380 peak_bin=0 failed_sum=168.6988 entropy=0.8751
[TRAIN_BODY] torso_ori=20.85deg l_wrist_ori=42.90deg r_wrist_ori=50.93deg l_elbow_ori=39.40deg r_elbow_ori=46.90deg l_shoulder_ori=30.73deg r_shoulder_ori=35.00deg
[TRAIN_ANG] torso=4.042 l_wrist=9.573 r_wrist=10.127 l_elbow=7.930 r_elbow=8.483 l_shoulder=6.061 r_shoulder=6.396
[TRAIN_ACT] l_wrist_r=0.0843 l_wrist_p=0.0622 l_wrist_y=0.0665 r_wrist_r=0.0846 r_wrist_p=0.0971 r_wrist_y=0.0777 l_elbow=0.0646 r_elbow=0.0573
[UPDATE] 18/500 reward_step=-0.07982 done_frac=0.06664 mean_reward=-1.36471 mean_len=16.66
[FPO++] actor_loss=0.00095 value_loss=0.04753 ratio=0.9998 [0.947,1.054] clip_frac=0.1422 cfm_old=1.9851 cfm_new=1.9853 kl=0.000060 grad=0.0185 grad_c=0.2339 lr=0.008650 critic_lr=0.010000
[TRAIN] mean_reward=-1.36471 mean_len=16.66 recent_eps=100 completed_eps=217532
[UPDATE_EFFECT] action_delta=0.01112286 param_rms_delta=0.00248540
[TIME] collect=5.172s update=5.815s
[DONE] timeout=0.00000 anchor_pos=0.00366 anchor_ori=0.02917 ee_body=0.91382
[DONE_ROLLOUT] timeout=0.00000 anchor_pos=0.00015 anchor_ori=0.00122 ee_body=0.06574
[FIRST_FAILURE] step_mean=7.99 step_min=0 step_max=23 phase_mean=139.20 phase_min=7 phase_max=324 anchor_pos=0.00366 anchor_ori=0.02563 ee_body=0.90515 timeout=0.00000
[TRACK_CHUNK0] anchor_pos=0.75739 anchor_ori=0.40271 body_pos=0.74306 body_ori=0.22043 body_lin=0.24784 body_ang=0.01402
[TRACK_ROLLOUT] anchor_pos=0.76520 anchor_ori=0.40486 body_pos=0.74834 body_ori=0.22702 body_lin=0.25095 body_ang=0.01444
[TRAIN_COST] action_rate=54.48411 joint_limit=0.02908 undesired_contacts=1.03809
[REWARD_WEIGHTED] pos=0.03652 penalty=-0.11634 total=-0.07982 act_rate=-0.10838 contacts=-0.00213
[ACT_GREEDY] abs_mean=0.0890 abs_p95=0.2320 abs_p99=0.3306 abs_max=0.6247 legs=0.0898 waist=0.1252 arms=0.0806
[ACT_ROLLOUT] abs_mean=0.8013 abs_p95=1.9681 abs_p99=2.5897 abs_max=5.1364 abs_max_all=5.1364
[SAMPLER] top_bin=0 top_prob=0.381 peak_bin=0 failed_sum=177.6470 entropy=0.8746
[TRAIN_BODY] torso_ori=20.92deg l_wrist_ori=42.99deg r_wrist_ori=51.77deg l_elbow_ori=39.49deg r_elbow_ori=47.62deg l_shoulder_ori=30.90deg r_shoulder_ori=35.73deg
[TRAIN_ANG] torso=4.035 l_wrist=9.703 r_wrist=10.217 l_elbow=8.042 r_elbow=8.579 l_shoulder=6.127 r_shoulder=6.460
[TRAIN_ACT] l_wrist_r=0.0845 l_wrist_p=0.0649 l_wrist_y=0.0701 r_wrist_r=0.0858 r_wrist_p=0.0952 r_wrist_y=0.0806 l_elbow=0.0664 r_elbow=0.0572
[UPDATE] 19/500 reward_step=-0.07911 done_frac=0.06716 mean_reward=-1.12088 mean_len=13.89
[FPO++] actor_loss=0.00065 value_loss=0.04600 ratio=0.9997 [0.919,1.085] clip_frac=0.2116 cfm_old=1.9823 cfm_new=1.9826 kl=0.000089 grad=0.0223 grad_c=0.1958 lr=0.008650 critic_lr=0.010000
[TRAIN] mean_reward=-1.12088 mean_len=13.89 recent_eps=100 completed_eps=230737
[UPDATE_EFFECT] action_delta=0.01257187 param_rms_delta=0.00303777
[TIME] collect=5.179s update=5.811s
[DONE] timeout=0.00000 anchor_pos=0.00366 anchor_ori=0.02832 ee_body=0.91931
[DONE_ROLLOUT] timeout=0.00000 anchor_pos=0.00015 anchor_ori=0.00119 ee_body=0.06621
[FIRST_FAILURE] step_mean=8.08 step_min=0 step_max=23 phase_mean=140.07 phase_min=6 phase_max=324 anchor_pos=0.00366 anchor_ori=0.02612 ee_body=0.90857 timeout=0.00000
[TRACK_CHUNK0] anchor_pos=0.76821 anchor_ori=0.40286 body_pos=0.74865 body_ori=0.22649 body_lin=0.25253 body_ang=0.01447
[TRACK_ROLLOUT] anchor_pos=0.77131 anchor_ori=0.40516 body_pos=0.74894 body_ori=0.22817 body_lin=0.25103 body_ang=0.01445
[TRAIN_COST] action_rate=54.18038 joint_limit=0.02868 undesired_contacts=1.03955
[REWARD_WEIGHTED] pos=0.03662 penalty=-0.11573 total=-0.07911 act_rate=-0.10786 contacts=-0.00211
[ACT_GREEDY] abs_mean=0.0907 abs_p95=0.2370 abs_p99=0.3405 abs_max=0.6241 legs=0.0909 waist=0.1294 arms=0.0821
[ACT_ROLLOUT] abs_mean=0.8006 abs_p95=1.9668 abs_p99=2.5880 abs_max=5.1076 abs_max_all=5.1076
[SAMPLER] top_bin=0 top_prob=0.381 peak_bin=0 failed_sum=186.4874 entropy=0.8742
[TRAIN_BODY] torso_ori=20.81deg l_wrist_ori=42.71deg r_wrist_ori=50.72deg l_elbow_ori=39.26deg r_elbow_ori=46.64deg l_shoulder_ori=30.58deg r_shoulder_ori=35.04deg
[TRAIN_ANG] torso=4.038 l_wrist=9.562 r_wrist=10.220 l_elbow=7.925 r_elbow=8.580 l_shoulder=6.072 r_shoulder=6.413
[TRAIN_ACT] l_wrist_r=0.0860 l_wrist_p=0.0704 l_wrist_y=0.0688 r_wrist_r=0.0847 r_wrist_p=0.0973 r_wrist_y=0.0800 l_elbow=0.0692 r_elbow=0.0575
[UPDATE] 20/500 reward_step=-0.07857 done_frac=0.06670 mean_reward=-1.10481 mean_len=14.04
[FPO++] actor_loss=0.00034 value_loss=0.04582 ratio=0.9997 [0.889,1.111] clip_frac=0.2118 cfm_old=1.9804 cfm_new=1.9807 kl=0.000095 grad=0.0240 grad_c=0.2714 lr=0.005767 critic_lr=0.006667
[TRAIN] mean_reward=-1.10481 mean_len=14.04 recent_eps=100 completed_eps=243850
[UPDATE_EFFECT] action_delta=0.01037861 param_rms_delta=0.00288363
[TIME] collect=5.191s update=5.808s
[DONE] timeout=0.00000 anchor_pos=0.00391 anchor_ori=0.02966 ee_body=0.91235
[DONE_ROLLOUT] timeout=0.00000 anchor_pos=0.00016 anchor_ori=0.00124 ee_body=0.06579
[FIRST_FAILURE] step_mean=8.08 step_min=0 step_max=23 phase_mean=138.54 phase_min=7 phase_max=324 anchor_pos=0.00391 anchor_ori=0.02515 ee_body=0.90356 timeout=0.00000
[TRACK_CHUNK0] anchor_pos=0.77661 anchor_ori=0.41387 body_pos=0.75416 body_ori=0.23478 body_lin=0.25537 body_ang=0.01454
[TRACK_ROLLOUT] anchor_pos=0.77450 anchor_ori=0.40472 body_pos=0.75237 body_ori=0.22942 body_lin=0.25302 body_ang=0.01449
[TRAIN_COST] action_rate=53.60320 joint_limit=0.02865 undesired_contacts=1.04297
[REWARD_WEIGHTED] pos=0.03678 penalty=-0.11535 total=-0.07857 act_rate=-0.10747 contacts=-0.00211
[ACT_GREEDY] abs_mean=0.0925 abs_p95=0.2421 abs_p99=0.3476 abs_max=0.6525 legs=0.0936 waist=0.1315 arms=0.0831
[ACT_ROLLOUT] abs_mean=0.7999 abs_p95=1.9651 abs_p99=2.5822 abs_max=5.5623 abs_max_all=5.5623
[SAMPLER] top_bin=0 top_prob=0.382 peak_bin=0 failed_sum=195.0270 entropy=0.8738
[TRAIN_BODY] torso_ori=20.53deg l_wrist_ori=41.77deg r_wrist_ori=50.11deg l_elbow_ori=38.41deg r_elbow_ori=46.03deg l_shoulder_ori=29.92deg r_shoulder_ori=34.47deg
[TRAIN_ANG] torso=4.050 l_wrist=9.527 r_wrist=10.162 l_elbow=7.929 r_elbow=8.496 l_shoulder=6.151 r_shoulder=6.421
[TRAIN_ACT] l_wrist_r=0.0824 l_wrist_p=0.0674 l_wrist_y=0.0675 r_wrist_r=0.0867 r_wrist_p=0.0967 r_wrist_y=0.0838 l_elbow=0.0715 r_elbow=0.0575
[UPDATE] 21/500 reward_step=-0.07821 done_frac=0.06767 mean_reward=-1.17334 mean_len=14.71
[FPO++] actor_loss=-0.00018 value_loss=0.05062 ratio=0.9998 [0.948,1.062] clip_frac=0.1808 cfm_old=1.9798 cfm_new=1.9800 kl=0.000073 grad=0.0200 grad_c=0.5800 lr=0.008650 critic_lr=0.010000
[TRAIN] mean_reward=-1.17334 mean_len=14.71 recent_eps=100 completed_eps=257154
[UPDATE_EFFECT] action_delta=0.01133989 param_rms_delta=0.00294822
[TIME] collect=5.187s update=5.806s
[DONE] timeout=0.00000 anchor_pos=0.00305 anchor_ori=0.02454 ee_body=0.91638
[DONE_ROLLOUT] timeout=0.00000 anchor_pos=0.00013 anchor_ori=0.00102 ee_body=0.06687
[FIRST_FAILURE] step_mean=7.89 step_min=0 step_max=23 phase_mean=137.96 phase_min=6 phase_max=324 anchor_pos=0.00305 anchor_ori=0.02161 ee_body=0.90881 timeout=0.00000
[TRACK_CHUNK0] anchor_pos=0.77446 anchor_ori=0.40272 body_pos=0.75172 body_ori=0.22997 body_lin=0.25343 body_ang=0.01448
[TRACK_ROLLOUT] anchor_pos=0.77562 anchor_ori=0.40500 body_pos=0.75423 body_ori=0.23022 body_lin=0.25247 body_ang=0.01451
[TRAIN_COST] action_rate=53.67975 joint_limit=0.02870 undesired_contacts=1.08337
[REWARD_WEIGHTED] pos=0.03683 penalty=-0.11505 total=-0.07821 act_rate=-0.10713 contacts=-0.00214
[ACT_GREEDY] abs_mean=0.0960 abs_p95=0.2522 abs_p99=0.3696 abs_max=0.7278 legs=0.0962 waist=0.1414 arms=0.0861
[ACT_ROLLOUT] abs_mean=0.8001 abs_p95=1.9653 abs_p99=2.5829 abs_max=5.2025 abs_max_all=5.2025
[SAMPLER] top_bin=0 top_prob=0.383 peak_bin=0 failed_sum=203.5516 entropy=0.8733
[TRAIN_BODY] torso_ori=21.01deg l_wrist_ori=42.43deg r_wrist_ori=50.57deg l_elbow_ori=38.99deg r_elbow_ori=46.61deg l_shoulder_ori=30.55deg r_shoulder_ori=34.86deg
[TRAIN_ANG] torso=4.015 l_wrist=9.580 r_wrist=10.274 l_elbow=7.918 r_elbow=8.632 l_shoulder=6.105 r_shoulder=6.484
[TRAIN_ACT] l_wrist_r=0.0825 l_wrist_p=0.0700 l_wrist_y=0.0709 r_wrist_r=0.0847 r_wrist_p=0.0983 r_wrist_y=0.0832 l_elbow=0.0792 r_elbow=0.0601
[UPDATE] 22/500 reward_step=-0.07756 done_frac=0.06822 mean_reward=-1.16096 mean_len=15.31
[FPO++] actor_loss=0.00067 value_loss=0.04356 ratio=0.9998 [0.945,1.061] clip_frac=0.1776 cfm_old=1.9784 cfm_new=1.9787 kl=0.000072 grad=0.0199 grad_c=0.2930 lr=0.008650 critic_lr=0.010000
[TRAIN] mean_reward=-1.16096 mean_len=15.31 recent_eps=100 completed_eps=270566
[UPDATE_EFFECT] action_delta=0.01156580 param_rms_delta=0.00286143
[TIME] collect=5.219s update=5.810s
[DONE] timeout=0.00000 anchor_pos=0.00452 anchor_ori=0.02771 ee_body=0.91724
[DONE_ROLLOUT] timeout=0.00000 anchor_pos=0.00019 anchor_ori=0.00116 ee_body=0.06728
[FIRST_FAILURE] step_mean=7.80 step_min=0 step_max=23 phase_mean=139.01 phase_min=7 phase_max=324 anchor_pos=0.00452 anchor_ori=0.02478 ee_body=0.90906 timeout=0.00000
[TRACK_CHUNK0] anchor_pos=0.77523 anchor_ori=0.40201 body_pos=0.75360 body_ori=0.22751 body_lin=0.25376 body_ang=0.01465
[TRACK_ROLLOUT] anchor_pos=0.77997 anchor_ori=0.40617 body_pos=0.75602 body_ori=0.23234 body_lin=0.25184 body_ang=0.01447
[TRAIN_COST] action_rate=53.37480 joint_limit=0.02931 undesired_contacts=1.05469
[REWARD_WEIGHTED] pos=0.03695 penalty=-0.11451 total=-0.07756 act_rate=-0.10660 contacts=-0.00213
[ACT_GREEDY] abs_mean=0.0975 abs_p95=0.2571 abs_p99=0.3782 abs_max=0.7049 legs=0.0983 waist=0.1441 arms=0.0869
[ACT_ROLLOUT] abs_mean=0.7998 abs_p95=1.9657 abs_p99=2.5813 abs_max=5.3495 abs_max_all=5.3495
[SAMPLER] top_bin=0 top_prob=0.383 peak_bin=0 failed_sum=211.9800 entropy=0.8728
[TRAIN_BODY] torso_ori=20.96deg l_wrist_ori=42.27deg r_wrist_ori=51.14deg l_elbow_ori=38.80deg r_elbow_ori=46.95deg l_shoulder_ori=30.41deg r_shoulder_ori=35.17deg
[TRAIN_ANG] torso=4.052 l_wrist=9.485 r_wrist=10.266 l_elbow=7.851 r_elbow=8.557 l_shoulder=6.100 r_shoulder=6.446
[TRAIN_ACT] l_wrist_r=0.0829 l_wrist_p=0.0743 l_wrist_y=0.0703 r_wrist_r=0.0859 r_wrist_p=0.0997 r_wrist_y=0.0853 l_elbow=0.0805 r_elbow=0.0598
[UPDATE] 23/500 reward_step=-0.07712 done_frac=0.06921 mean_reward=-0.99513 mean_len=13.48
[FPO++] actor_loss=0.00087 value_loss=0.04621 ratio=0.9998 [0.940,1.066] clip_frac=0.1908 cfm_old=1.9770 cfm_new=1.9772 kl=0.000077 grad=0.0209 grad_c=0.5564 lr=0.008650 critic_lr=0.010000
[TRAIN] mean_reward=-0.99513 mean_len=13.48 recent_eps=100 completed_eps=284173
[UPDATE_EFFECT] action_delta=0.01135168 param_rms_delta=0.00286746
[TIME] collect=5.129s update=5.812s
[DONE] timeout=0.00000 anchor_pos=0.00439 anchor_ori=0.02856 ee_body=0.92761
[DONE_ROLLOUT] timeout=0.00000 anchor_pos=0.00018 anchor_ori=0.00120 ee_body=0.06826
[FIRST_FAILURE] step_mean=7.83 step_min=0 step_max=23 phase_mean=137.33 phase_min=7 phase_max=324 anchor_pos=0.00439 anchor_ori=0.02441 ee_body=0.91602 timeout=0.00000
[TRACK_CHUNK0] anchor_pos=0.77758 anchor_ori=0.40170 body_pos=0.75433 body_ori=0.22421 body_lin=0.25083 body_ang=0.01430
[TRACK_ROLLOUT] anchor_pos=0.78193 anchor_ori=0.40941 body_pos=0.75896 body_ori=0.23338 body_lin=0.25219 body_ang=0.01450
[TRAIN_COST] action_rate=53.55131 joint_limit=0.02893 undesired_contacts=1.02722
[REWARD_WEIGHTED] pos=0.03709 penalty=-0.11421 total=-0.07712 act_rate=-0.10629 contacts=-0.00214
[ACT_GREEDY] abs_mean=0.1005 abs_p95=0.2669 abs_p99=0.3964 abs_max=0.7638 legs=0.1009 waist=0.1531 arms=0.0889
[ACT_ROLLOUT] abs_mean=0.7994 abs_p95=1.9635 abs_p99=2.5800 abs_max=5.3712 abs_max_all=5.3712
[SAMPLER] top_bin=0 top_prob=0.384 peak_bin=0 failed_sum=220.4022 entropy=0.8724
[TRAIN_BODY] torso_ori=21.15deg l_wrist_ori=42.74deg r_wrist_ori=50.95deg l_elbow_ori=39.28deg r_elbow_ori=46.93deg l_shoulder_ori=30.48deg r_shoulder_ori=35.04deg
[TRAIN_ANG] torso=4.110 l_wrist=9.626 r_wrist=10.306 l_elbow=7.954 r_elbow=8.553 l_shoulder=6.145 r_shoulder=6.450
[TRAIN_ACT] l_wrist_r=0.0822 l_wrist_p=0.0761 l_wrist_y=0.0726 r_wrist_r=0.0920 r_wrist_p=0.0997 r_wrist_y=0.0871 l_elbow=0.0793 r_elbow=0.0638
[UPDATE] 24/500 reward_step=-0.07685 done_frac=0.06941 mean_reward=-1.23895 mean_len=15.75
[FPO++] actor_loss=0.00093 value_loss=0.04114 ratio=0.9997 [0.925,1.074] clip_frac=0.2406 cfm_old=1.9758 cfm_new=1.9762 kl=0.000100 grad=0.0275 grad_c=0.3700 lr=0.008650 critic_lr=0.010000
[TRAIN] mean_reward=-1.23895 mean_len=15.75 recent_eps=100 completed_eps=297819
[UPDATE_EFFECT] action_delta=0.01337997 param_rms_delta=0.00304990
[TIME] collect=5.102s update=5.812s
[DONE] timeout=0.00000 anchor_pos=0.00342 anchor_ori=0.02661 ee_body=0.93115
[DONE_ROLLOUT] timeout=0.00000 anchor_pos=0.00014 anchor_ori=0.00111 ee_body=0.06867
[FIRST_FAILURE] step_mean=7.86 step_min=0 step_max=23 phase_mean=136.93 phase_min=6 phase_max=324 anchor_pos=0.00342 anchor_ori=0.02283 ee_body=0.92310 timeout=0.00000
[TRACK_CHUNK0] anchor_pos=0.78515 anchor_ori=0.40874 body_pos=0.75993 body_ori=0.23195 body_lin=0.25243 body_ang=0.01469
[TRACK_ROLLOUT] anchor_pos=0.78380 anchor_ori=0.40920 body_pos=0.75988 body_ori=0.23343 body_lin=0.25081 body_ang=0.01430
[TRAIN_COST] action_rate=52.85553 joint_limit=0.02920 undesired_contacts=1.08911
[REWARD_WEIGHTED] pos=0.03710 penalty=-0.11395 total=-0.07685 act_rate=-0.10597 contacts=-0.00216
[ACT_GREEDY] abs_mean=0.1045 abs_p95=0.2795 abs_p99=0.4156 abs_max=0.8567 legs=0.1047 waist=0.1604 arms=0.0924
[ACT_ROLLOUT] abs_mean=0.7991 abs_p95=1.9631 abs_p99=2.5795 abs_max=5.4013 abs_max_all=5.4013
[SAMPLER] top_bin=0 top_prob=0.385 peak_bin=0 failed_sum=228.6641 entropy=0.8719
[TRAIN_BODY] torso_ori=20.62deg l_wrist_ori=42.04deg r_wrist_ori=50.61deg l_elbow_ori=38.53deg r_elbow_ori=46.62deg l_shoulder_ori=30.15deg r_shoulder_ori=34.67deg
[TRAIN_ANG] torso=4.079 l_wrist=9.570 r_wrist=10.344 l_elbow=7.979 r_elbow=8.586 l_shoulder=6.148 r_shoulder=6.448
[TRAIN_ACT] l_wrist_r=0.0896 l_wrist_p=0.0786 l_wrist_y=0.0717 r_wrist_r=0.0939 r_wrist_p=0.1014 r_wrist_y=0.0891 l_elbow=0.0787 r_elbow=0.0662
[UPDATE] 25/500 reward_step=-0.07613 done_frac=0.07109 mean_reward=-1.02537 mean_len=13.76
[FPO++] actor_loss=0.00023 value_loss=0.03985 ratio=0.9996 [0.906,1.090] clip_frac=0.2945 cfm_old=1.9747 cfm_new=1.9752 kl=0.000131 grad=0.0329 grad_c=0.3123 lr=0.008650 critic_lr=0.010000
[TRAIN] mean_reward=-1.02537 mean_len=13.76 recent_eps=100 completed_eps=311796
[UPDATE_EFFECT] action_delta=0.01369665 param_rms_delta=0.00348701
[TIME] collect=5.200s update=5.807s
[DONE] timeout=0.00000 anchor_pos=0.00220 anchor_ori=0.02783 ee_body=0.92957
[DONE_ROLLOUT] timeout=0.00000 anchor_pos=0.00009 anchor_ori=0.00116 ee_body=0.07031
[FIRST_FAILURE] step_mean=7.67 step_min=0 step_max=23 phase_mean=135.98 phase_min=6 phase_max=324 anchor_pos=0.00220 anchor_ori=0.02368 ee_body=0.92139 timeout=0.00000
[TRACK_CHUNK0] anchor_pos=0.78465 anchor_ori=0.41315 body_pos=0.76127 body_ori=0.23848 body_lin=0.25007 body_ang=0.01437
[TRACK_ROLLOUT] anchor_pos=0.78944 anchor_ori=0.41124 body_pos=0.76461 body_ori=0.23973 body_lin=0.25033 body_ang=0.01432
[TRAIN_COST] action_rate=52.65124 joint_limit=0.02865 undesired_contacts=1.10107
[REWARD_WEIGHTED] pos=0.03739 penalty=-0.11352 total=-0.07613 act_rate=-0.10549 contacts=-0.00220
[ACT_GREEDY] abs_mean=0.1075 abs_p95=0.2906 abs_p99=0.4312 abs_max=0.8375 legs=0.1074 waist=0.1688 arms=0.0946
[ACT_ROLLOUT] abs_mean=0.7996 abs_p95=1.9634 abs_p99=2.5816 abs_max=5.4343 abs_max_all=5.4343
[SAMPLER] top_bin=0 top_prob=0.386 peak_bin=0 failed_sum=237.0568 entropy=0.8713
[TRAIN_BODY] torso_ori=20.55deg l_wrist_ori=41.76deg r_wrist_ori=49.97deg l_elbow_ori=38.41deg r_elbow_ori=45.95deg l_shoulder_ori=30.13deg r_shoulder_ori=34.37deg
[TRAIN_ANG] torso=4.105 l_wrist=9.525 r_wrist=10.325 l_elbow=7.966 r_elbow=8.596 l_shoulder=6.176 r_shoulder=6.485
[TRAIN_ACT] l_wrist_r=0.0875 l_wrist_p=0.0819 l_wrist_y=0.0721 r_wrist_r=0.0937 r_wrist_p=0.1063 r_wrist_y=0.0854 l_elbow=0.0804 r_elbow=0.0663
[UPDATE] 26/500 reward_step=-0.07537 done_frac=0.07219 mean_reward=-0.98545 mean_len=13.52
[FPO++] actor_loss=-0.00029 value_loss=0.03484 ratio=0.9997 [0.927,1.069] clip_frac=0.2505 cfm_old=1.9721 cfm_new=1.9725 kl=0.000104 grad=0.0276 grad_c=0.2168 lr=0.008650 critic_lr=0.010000
[TRAIN] mean_reward=-0.98545 mean_len=13.52 recent_eps=100 completed_eps=325990
[UPDATE_EFFECT] action_delta=0.01216346 param_rms_delta=0.00325925
[TIME] collect=5.151s update=5.813s
[DONE] timeout=0.00000 anchor_pos=0.00256 anchor_ori=0.02368 ee_body=0.93799
[DONE_ROLLOUT] timeout=0.00000 anchor_pos=0.00011 anchor_ori=0.00099 ee_body=0.07143
[FIRST_FAILURE] step_mean=7.55 step_min=0 step_max=23 phase_mean=134.81 phase_min=6 phase_max=324 anchor_pos=0.00256 anchor_ori=0.01929 ee_body=0.92957 timeout=0.00000
[TRACK_CHUNK0] anchor_pos=0.79228 anchor_ori=0.41175 body_pos=0.76576 body_ori=0.24033 body_lin=0.24991 body_ang=0.01418
[TRACK_ROLLOUT] anchor_pos=0.79512 anchor_ori=0.41095 body_pos=0.76813 body_ori=0.24230 body_lin=0.25041 body_ang=0.01442
[TRAIN_COST] action_rate=52.68205 joint_limit=0.02974 undesired_contacts=1.10620
[REWARD_WEIGHTED] pos=0.03757 penalty=-0.11293 total=-0.07537 act_rate=-0.10493 contacts=-0.00218
[ACT_GREEDY] abs_mean=0.1104 abs_p95=0.2985 abs_p99=0.4412 abs_max=0.8817 legs=0.1097 waist=0.1762 arms=0.0968
[ACT_ROLLOUT] abs_mean=0.7990 abs_p95=1.9623 abs_p99=2.5767 abs_max=5.1686 abs_max_all=5.1686
[SAMPLER] top_bin=0 top_prob=0.386 peak_bin=0 failed_sum=245.4644 entropy=0.8707
[TRAIN_BODY] torso_ori=20.75deg l_wrist_ori=41.23deg r_wrist_ori=49.86deg l_elbow_ori=37.89deg r_elbow_ori=45.87deg l_shoulder_ori=29.84deg r_shoulder_ori=34.44deg
[TRAIN_ANG] torso=4.064 l_wrist=9.534 r_wrist=10.344 l_elbow=7.949 r_elbow=8.690 l_shoulder=6.153 r_shoulder=6.570
[TRAIN_ACT] l_wrist_r=0.0869 l_wrist_p=0.0835 l_wrist_y=0.0746 r_wrist_r=0.0954 r_wrist_p=0.1052 r_wrist_y=0.0883 l_elbow=0.0836 r_elbow=0.0692
[UPDATE] 27/500 reward_step=-0.07504 done_frac=0.07281 mean_reward=-1.04160 mean_len=13.72
[FPO++] actor_loss=-0.00176 value_loss=0.03634 ratio=0.9998 [0.938,1.068] clip_frac=0.2185 cfm_old=1.9715 cfm_new=1.9717 kl=0.000088 grad=0.0245 grad_c=0.3794 lr=0.008650 critic_lr=0.010000
[TRAIN] mean_reward=-1.04160 mean_len=13.72 recent_eps=100 completed_eps=340306
[UPDATE_EFFECT] action_delta=0.01176414 param_rms_delta=0.00309733
[TIME] collect=5.163s update=5.805s
[DONE] timeout=0.00000 anchor_pos=0.00269 anchor_ori=0.02441 ee_body=0.93958
[DONE_ROLLOUT] timeout=0.00000 anchor_pos=0.00011 anchor_ori=0.00102 ee_body=0.07212
[FIRST_FAILURE] step_mean=7.56 step_min=0 step_max=23 phase_mean=134.47 phase_min=6 phase_max=324 anchor_pos=0.00269 anchor_ori=0.02063 ee_body=0.93091 timeout=0.00000
[TRACK_CHUNK0] anchor_pos=0.79616 anchor_ori=0.40667 body_pos=0.76785 body_ori=0.24153 body_lin=0.25223 body_ang=0.01499
[TRACK_ROLLOUT] anchor_pos=0.79559 anchor_ori=0.41167 body_pos=0.77001 body_ori=0.24379 body_lin=0.24944 body_ang=0.01431
[TRAIN_COST] action_rate=52.11474 joint_limit=0.02869 undesired_contacts=1.08667
[REWARD_WEIGHTED] pos=0.03762 penalty=-0.11266 total=-0.07504 act_rate=-0.10465 contacts=-0.00221
[ACT_GREEDY] abs_mean=0.1131 abs_p95=0.3080 abs_p99=0.4568 abs_max=0.8509 legs=0.1135 waist=0.1846 arms=0.0974
[ACT_ROLLOUT] abs_mean=0.7991 abs_p95=1.9631 abs_p99=2.5803 abs_max=5.5348 abs_max_all=5.5348
[SAMPLER] top_bin=0 top_prob=0.387 peak_bin=0 failed_sum=253.7938 entropy=0.8701
[TRAIN_BODY] torso_ori=20.83deg l_wrist_ori=41.21deg r_wrist_ori=49.77deg l_elbow_ori=37.87deg r_elbow_ori=45.85deg l_shoulder_ori=29.72deg r_shoulder_ori=34.43deg
[TRAIN_ANG] torso=4.030 l_wrist=9.584 r_wrist=10.392 l_elbow=7.947 r_elbow=8.751 l_shoulder=6.155 r_shoulder=6.567
[TRAIN_ACT] l_wrist_r=0.0872 l_wrist_p=0.0836 l_wrist_y=0.0753 r_wrist_r=0.0941 r_wrist_p=0.1042 r_wrist_y=0.0882 l_elbow=0.0833 r_elbow=0.0713
[UPDATE] 28/500 reward_step=-0.07466 done_frac=0.07361 mean_reward=-0.92394 mean_len=12.34
[FPO++] actor_loss=-0.00015 value_loss=0.03415 ratio=0.9997 [0.936,1.071] clip_frac=0.2205 cfm_old=1.9706 cfm_new=1.9708 kl=0.000089 grad=0.0265 grad_c=0.1948 lr=0.008650 critic_lr=0.010000
[TRAIN] mean_reward=-0.92394 mean_len=12.34 recent_eps=100 completed_eps=354779
[UPDATE_EFFECT] action_delta=0.01206737 param_rms_delta=0.00307127
[TIME] collect=5.212s update=5.805s
[DONE] timeout=0.00000 anchor_pos=0.00293 anchor_ori=0.02539 ee_body=0.94055
[DONE_ROLLOUT] timeout=0.00000 anchor_pos=0.00012 anchor_ori=0.00106 ee_body=0.07283
[FIRST_FAILURE] step_mean=7.49 step_min=0 step_max=23 phase_mean=134.79 phase_min=6 phase_max=324 anchor_pos=0.00293 anchor_ori=0.02185 ee_body=0.93140 timeout=0.00000
[TRACK_CHUNK0] anchor_pos=0.79730 anchor_ori=0.41147 body_pos=0.77318 body_ori=0.24650 body_lin=0.25036 body_ang=0.01415
[TRACK_ROLLOUT] anchor_pos=0.79863 anchor_ori=0.41295 body_pos=0.77261 body_ori=0.24574 body_lin=0.24788 body_ang=0.01418
[TRAIN_COST] action_rate=52.01113 joint_limit=0.02993 undesired_contacts=1.13074
[REWARD_WEIGHTED] pos=0.03772 penalty=-0.11239 total=-0.07466 act_rate=-0.10427 contacts=-0.00227
[ACT_GREEDY] abs_mean=0.1173 abs_p95=0.3207 abs_p99=0.4803 abs_max=0.8610 legs=0.1174 waist=0.1932 arms=0.1009
[ACT_ROLLOUT] abs_mean=0.7993 abs_p95=1.9628 abs_p99=2.5792 abs_max=5.5087 abs_max_all=5.5087
[SAMPLER] top_bin=0 top_prob=0.388 peak_bin=0 failed_sum=262.0807 entropy=0.8694
[TRAIN_BODY] torso_ori=20.63deg l_wrist_ori=40.73deg r_wrist_ori=49.33deg l_elbow_ori=37.31deg r_elbow_ori=45.37deg l_shoulder_ori=29.48deg r_shoulder_ori=33.99deg
[TRAIN_ANG] torso=4.084 l_wrist=9.592 r_wrist=10.371 l_elbow=7.964 r_elbow=8.679 l_shoulder=6.233 r_shoulder=6.627
[TRAIN_ACT] l_wrist_r=0.0886 l_wrist_p=0.0879 l_wrist_y=0.0793 r_wrist_r=0.0978 r_wrist_p=0.1057 r_wrist_y=0.0905 l_elbow=0.0870 r_elbow=0.0740
[UPDATE] 29/500 reward_step=-0.07400 done_frac=0.07440 mean_reward=-0.97395 mean_len=13.17
[FPO++] actor_loss=0.00034 value_loss=0.03330 ratio=0.9995 [0.876,1.126] clip_frac=0.3178 cfm_old=1.9685 cfm_new=1.9691 kl=0.000158 grad=0.0427 grad_c=0.2016 lr=0.005767 critic_lr=0.006667
[TRAIN] mean_reward=-0.97395 mean_len=13.17 recent_eps=100 completed_eps=369406
[UPDATE_EFFECT] action_delta=0.01550749 param_rms_delta=0.00356635
[TIME] collect=5.260s update=5.807s
[DONE] timeout=0.00000 anchor_pos=0.00281 anchor_ori=0.02673 ee_body=0.94177
[DONE_ROLLOUT] timeout=0.00000 anchor_pos=0.00012 anchor_ori=0.00112 ee_body=0.07362
[FIRST_FAILURE] step_mean=7.37 step_min=0 step_max=23 phase_mean=134.82 phase_min=6 phase_max=324 anchor_pos=0.00281 anchor_ori=0.02222 ee_body=0.93213 timeout=0.00000
[TRACK_CHUNK0] anchor_pos=0.80134 anchor_ori=0.41353 body_pos=0.77490 body_ori=0.24494 body_lin=0.25046 body_ang=0.01398
[TRACK_ROLLOUT] anchor_pos=0.80100 anchor_ori=0.41374 body_pos=0.77390 body_ori=0.24636 body_lin=0.24784 body_ang=0.01410
[TRAIN_COST] action_rate=51.97260 joint_limit=0.02891 undesired_contacts=1.10632
[REWARD_WEIGHTED] pos=0.03779 penalty=-0.11179 total=-0.07400 act_rate=-0.10372 contacts=-0.00223
[ACT_GREEDY] abs_mean=0.1195 abs_p95=0.3293 abs_p99=0.4936 abs_max=1.0050 legs=0.1195 waist=0.1991 arms=0.1024
[ACT_ROLLOUT] abs_mean=0.7990 abs_p95=1.9625 abs_p99=2.5787 abs_max=5.3805 abs_max_all=5.3805
[SAMPLER] top_bin=0 top_prob=0.389 peak_bin=0 failed_sum=270.3234 entropy=0.8688
[TRAIN_BODY] torso_ori=20.82deg l_wrist_ori=40.86deg r_wrist_ori=49.14deg l_elbow_ori=37.46deg r_elbow_ori=45.21deg l_shoulder_ori=29.45deg r_shoulder_ori=34.03deg
[TRAIN_ANG] torso=4.088 l_wrist=9.576 r_wrist=10.442 l_elbow=7.944 r_elbow=8.711 l_shoulder=6.181 r_shoulder=6.576
[TRAIN_ACT] l_wrist_r=0.0867 l_wrist_p=0.0884 l_wrist_y=0.0792 r_wrist_r=0.0977 r_wrist_p=0.1045 r_wrist_y=0.0921 l_elbow=0.0906 r_elbow=0.0722
[UPDATE] 30/500 reward_step=-0.07374 done_frac=0.07445 mean_reward=-0.95768 mean_len=13.18
[FPO++] actor_loss=0.00051 value_loss=0.03119 ratio=0.9997 [0.917,1.103] clip_frac=0.2161 cfm_old=1.9677 cfm_new=1.9680 kl=0.000090 grad=0.0270 grad_c=0.0924 lr=0.005767 critic_lr=0.006667
[TRAIN] mean_reward=-0.95768 mean_len=13.18 recent_eps=100 completed_eps=384043
[UPDATE_EFFECT] action_delta=0.01073276 param_rms_delta=0.00301878
[TIME] collect=5.267s update=5.812s
[DONE] timeout=0.00000 anchor_pos=0.00183 anchor_ori=0.02625 ee_body=0.94348
[DONE_ROLLOUT] timeout=0.00000 anchor_pos=0.00008 anchor_ori=0.00109 ee_body=0.07371
[FIRST_FAILURE] step_mean=7.43 step_min=0 step_max=23 phase_mean=133.97 phase_min=6 phase_max=324 anchor_pos=0.00183 anchor_ori=0.02173 ee_body=0.93591 timeout=0.00000
[TRACK_CHUNK0] anchor_pos=0.80381 anchor_ori=0.41673 body_pos=0.77601 body_ori=0.24782 body_lin=0.24798 body_ang=0.01406
[TRACK_ROLLOUT] anchor_pos=0.80200 anchor_ori=0.41393 body_pos=0.77548 body_ori=0.24658 body_lin=0.24767 body_ang=0.01417
[TRAIN_COST] action_rate=51.92657 joint_limit=0.02881 undesired_contacts=1.10730
[REWARD_WEIGHTED] pos=0.03784 penalty=-0.11158 total=-0.07374 act_rate=-0.10351 contacts=-0.00223
[ACT_GREEDY] abs_mean=0.1226 abs_p95=0.3382 abs_p99=0.5132 abs_max=0.9262 legs=0.1218 waist=0.2081 arms=0.1048
[ACT_ROLLOUT] abs_mean=0.7991 abs_p95=1.9633 abs_p99=2.5801 abs_max=5.4738 abs_max_all=5.4738
[SAMPLER] top_bin=0 top_prob=0.390 peak_bin=0 failed_sum=278.3802 entropy=0.8684
[TRAIN_BODY] torso_ori=20.56deg l_wrist_ori=40.23deg r_wrist_ori=49.28deg l_elbow_ori=36.82deg r_elbow_ori=45.43deg l_shoulder_ori=29.16deg r_shoulder_ori=33.90deg
[TRAIN_ANG] torso=4.163 l_wrist=9.700 r_wrist=10.484 l_elbow=8.076 r_elbow=8.837 l_shoulder=6.272 r_shoulder=6.654
[TRAIN_ACT] l_wrist_r=0.0853 l_wrist_p=0.0871 l_wrist_y=0.0797 r_wrist_r=0.1005 r_wrist_p=0.1067 r_wrist_y=0.0943 l_elbow=0.0920 r_elbow=0.0746
[UPDATE] 31/500 reward_step=-0.07299 done_frac=0.07598 mean_reward=-0.94550 mean_len=12.81
[FPO++] actor_loss=-0.00026 value_loss=0.03023 ratio=0.9998 [0.936,1.061] clip_frac=0.2248 cfm_old=1.9647 cfm_new=1.9649 kl=0.000091 grad=0.0271 grad_c=0.2073 lr=0.008650 critic_lr=0.010000
[TRAIN] mean_reward=-0.94550 mean_len=12.81 recent_eps=100 completed_eps=398981
[UPDATE_EFFECT] action_delta=0.01305672 param_rms_delta=0.00327262
[TIME] collect=5.202s update=5.810s
[DONE] timeout=0.00000 anchor_pos=0.00171 anchor_ori=0.02295 ee_body=0.94800
[DONE_ROLLOUT] timeout=0.00000 anchor_pos=0.00007 anchor_ori=0.00096 ee_body=0.07543
[FIRST_FAILURE] step_mean=7.25 step_min=0 step_max=23 phase_mean=132.56 phase_min=6 phase_max=324 anchor_pos=0.00171 anchor_ori=0.02002 ee_body=0.94116 timeout=0.00000
[TRACK_CHUNK0] anchor_pos=0.80184 anchor_ori=0.41427 body_pos=0.77561 body_ori=0.25081 body_lin=0.24702 body_ang=0.01420
[TRACK_ROLLOUT] anchor_pos=0.80540 anchor_ori=0.41921 body_pos=0.77871 body_ori=0.25184 body_lin=0.24739 body_ang=0.01429
[TRAIN_COST] action_rate=51.74546 joint_limit=0.02913 undesired_contacts=1.13159
[REWARD_WEIGHTED] pos=0.03809 penalty=-0.11108 total=-0.07299 act_rate=-0.10292 contacts=-0.00227
[ACT_GREEDY] abs_mean=0.1256 abs_p95=0.3459 abs_p99=0.5266 abs_max=0.9709 legs=0.1249 waist=0.2162 arms=0.1068
[ACT_ROLLOUT] abs_mean=0.7987 abs_p95=1.9622 abs_p99=2.5771 abs_max=5.2746 abs_max_all=5.2746
[SAMPLER] top_bin=0 top_prob=0.391 peak_bin=0 failed_sum=286.5430 entropy=0.8678
[TRAIN_BODY] torso_ori=20.69deg l_wrist_ori=40.17deg r_wrist_ori=49.16deg l_elbow_ori=36.84deg r_elbow_ori=45.46deg l_shoulder_ori=29.12deg r_shoulder_ori=33.93deg
[TRAIN_ANG] torso=4.175 l_wrist=9.677 r_wrist=10.490 l_elbow=8.050 r_elbow=8.853 l_shoulder=6.218 r_shoulder=6.699
[TRAIN_ACT] l_wrist_r=0.0843 l_wrist_p=0.0903 l_wrist_y=0.0755 r_wrist_r=0.0994 r_wrist_p=0.1067 r_wrist_y=0.0957 l_elbow=0.0964 r_elbow=0.0770
[UPDATE] 32/500 reward_step=-0.07233 done_frac=0.07703 mean_reward=-1.01813 mean_len=14.06
[FPO++] actor_loss=0.00070 value_loss=0.03083 ratio=0.9996 [0.916,1.092] clip_frac=0.2807 cfm_old=1.9630 cfm_new=1.9634 kl=0.000118 grad=0.0320 grad_c=0.2806 lr=0.008650 critic_lr=0.010000
[TRAIN] mean_reward=-1.01813 mean_len=14.06 recent_eps=100 completed_eps=414125
[UPDATE_EFFECT] action_delta=0.01276856 param_rms_delta=0.00344974
[TIME] collect=5.188s update=5.809s
[DONE] timeout=0.00000 anchor_pos=0.00146 anchor_ori=0.02246 ee_body=0.94922
[DONE_ROLLOUT] timeout=0.00000 anchor_pos=0.00006 anchor_ori=0.00094 ee_body=0.07642
[FIRST_FAILURE] step_mean=7.17 step_min=0 step_max=23 phase_mean=134.73 phase_min=7 phase_max=324 anchor_pos=0.00122 anchor_ori=0.01941 ee_body=0.94202 timeout=0.00000
[TRACK_CHUNK0] anchor_pos=0.80716 anchor_ori=0.42054 body_pos=0.77945 body_ori=0.25189 body_lin=0.24832 body_ang=0.01454
[TRACK_ROLLOUT] anchor_pos=0.80922 anchor_ori=0.41798 body_pos=0.78140 body_ori=0.25485 body_lin=0.24737 body_ang=0.01437
[TRAIN_COST] action_rate=51.01704 joint_limit=0.02938 undesired_contacts=1.13232
[REWARD_WEIGHTED] pos=0.03823 penalty=-0.11056 total=-0.07233 act_rate=-0.10238 contacts=-0.00231
[ACT_GREEDY] abs_mean=0.1285 abs_p95=0.3568 abs_p99=0.5394 abs_max=0.9534 legs=0.1268 waist=0.2229 arms=0.1097
[ACT_ROLLOUT] abs_mean=0.7979 abs_p95=1.9612 abs_p99=2.5771 abs_max=5.0834 abs_max_all=5.0834
[SAMPLER] top_bin=0 top_prob=0.391 peak_bin=0 failed_sum=294.7163 entropy=0.8674
[TRAIN_BODY] torso_ori=20.48deg l_wrist_ori=40.04deg r_wrist_ori=48.63deg l_elbow_ori=36.52deg r_elbow_ori=44.88deg l_shoulder_ori=28.98deg r_shoulder_ori=33.69deg
[TRAIN_ANG] torso=4.126 l_wrist=9.639 r_wrist=10.381 l_elbow=7.998 r_elbow=8.734 l_shoulder=6.250 r_shoulder=6.664
[TRAIN_ACT] l_wrist_r=0.0881 l_wrist_p=0.0862 l_wrist_y=0.0770 r_wrist_r=0.1056 r_wrist_p=0.1103 r_wrist_y=0.0956 l_elbow=0.1003 r_elbow=0.0824
[UPDATE] 33/500 reward_step=-0.07209 done_frac=0.07730 mean_reward=-0.87468 mean_len=12.32
[FPO++] actor_loss=-0.00157 value_loss=0.02985 ratio=0.9998 [0.917,1.066] clip_frac=0.2468 cfm_old=1.9627 cfm_new=1.9630 kl=0.000099 grad=0.0275 grad_c=0.2336 lr=0.008650 critic_lr=0.010000
[TRAIN] mean_reward=-0.87468 mean_len=12.32 recent_eps=100 completed_eps=429322
[UPDATE_EFFECT] action_delta=0.01304586 param_rms_delta=0.00334881
[TIME] collect=5.134s update=5.805s
[DONE] timeout=0.00000 anchor_pos=0.00220 anchor_ori=0.02319 ee_body=0.95300
[DONE_ROLLOUT] timeout=0.00000 anchor_pos=0.00009 anchor_ori=0.00097 ee_body=0.07662
[FIRST_FAILURE] step_mean=7.21 step_min=0 step_max=23 phase_mean=132.40 phase_min=6 phase_max=324 anchor_pos=0.00220 anchor_ori=0.01941 ee_body=0.94653 timeout=0.00000
[TRACK_CHUNK0] anchor_pos=0.81144 anchor_ori=0.42257 body_pos=0.78510 body_ori=0.25704 body_lin=0.24907 body_ang=0.01433
[TRACK_ROLLOUT] anchor_pos=0.81145 anchor_ori=0.42134 body_pos=0.78331 body_ori=0.25503 body_lin=0.24791 body_ang=0.01428
[TRAIN_COST] action_rate=51.04047 joint_limit=0.02888 undesired_contacts=1.15637
[REWARD_WEIGHTED] pos=0.03834 penalty=-0.11042 total=-0.07209 act_rate=-0.10226 contacts=-0.00231
[ACT_GREEDY] abs_mean=0.1319 abs_p95=0.3696 abs_p99=0.5596 abs_max=1.0048 legs=0.1299 waist=0.2338 arms=0.1118
[ACT_ROLLOUT] abs_mean=0.7986 abs_p95=1.9623 abs_p99=2.5804 abs_max=5.3881 abs_max_all=5.3881
[SAMPLER] top_bin=0 top_prob=0.392 peak_bin=0 failed_sum=302.7480 entropy=0.8669
[TRAIN_BODY] torso_ori=20.50deg l_wrist_ori=39.31deg r_wrist_ori=48.53deg l_elbow_ori=35.87deg r_elbow_ori=44.64deg l_shoulder_ori=28.48deg r_shoulder_ori=33.26deg
[TRAIN_ANG] torso=4.143 l_wrist=9.562 r_wrist=10.415 l_elbow=7.940 r_elbow=8.811 l_shoulder=6.227 r_shoulder=6.727
[TRAIN_ACT] l_wrist_r=0.0885 l_wrist_p=0.0911 l_wrist_y=0.0753 r_wrist_r=0.1058 r_wrist_p=0.1114 r_wrist_y=0.0984 l_elbow=0.0992 r_elbow=0.0860
[UPDATE] 34/500 reward_step=-0.07150 done_frac=0.07839 mean_reward=-0.89303 mean_len=12.32
[FPO++] actor_loss=-0.00052 value_loss=0.02972 ratio=0.9996 [0.927,1.079] clip_frac=0.2774 cfm_old=1.9613 cfm_new=1.9617 kl=0.000115 grad=0.0325 grad_c=0.1624 lr=0.008650 critic_lr=0.010000
[TRAIN] mean_reward=-0.89303 mean_len=12.32 recent_eps=100 completed_eps=444734
[UPDATE_EFFECT] action_delta=0.01333317 param_rms_delta=0.00339154
[TIME] collect=5.206s update=5.815s
[DONE] timeout=0.00000 anchor_pos=0.00171 anchor_ori=0.02209 ee_body=0.95239
[DONE_ROLLOUT] timeout=0.00000 anchor_pos=0.00007 anchor_ori=0.00092 ee_body=0.07772
[FIRST_FAILURE] step_mean=6.97 step_min=0 step_max=23 phase_mean=131.44 phase_min=6 phase_max=324 anchor_pos=0.00171 anchor_ori=0.01758 ee_body=0.94495 timeout=0.00000
[TRACK_CHUNK0] anchor_pos=0.81335 anchor_ori=0.42307 body_pos=0.78391 body_ori=0.25722 body_lin=0.24780 body_ang=0.01450
[TRACK_ROLLOUT] anchor_pos=0.81637 anchor_ori=0.42244 body_pos=0.78719 body_ori=0.25862 body_lin=0.24665 body_ang=0.01417
[TRAIN_COST] action_rate=50.65999 joint_limit=0.02960 undesired_contacts=1.16235
[REWARD_WEIGHTED] pos=0.03852 penalty=-0.11002 total=-0.07150 act_rate=-0.10179 contacts=-0.00233
[ACT_GREEDY] abs_mean=0.1348 abs_p95=0.3811 abs_p99=0.5767 abs_max=1.0609 legs=0.1312 waist=0.2430 arms=0.1148
[ACT_ROLLOUT] abs_mean=0.7988 abs_p95=1.9627 abs_p99=2.5801 abs_max=5.2393 abs_max_all=5.2393
[SAMPLER] top_bin=0 top_prob=0.393 peak_bin=0 failed_sum=310.7999 entropy=0.8662
[TRAIN_BODY] torso_ori=20.58deg l_wrist_ori=39.15deg r_wrist_ori=48.61deg l_elbow_ori=35.83deg r_elbow_ori=44.77deg l_shoulder_ori=28.59deg r_shoulder_ori=33.56deg
[TRAIN_ANG] torso=4.123 l_wrist=9.562 r_wrist=10.515 l_elbow=8.003 r_elbow=8.862 l_shoulder=6.270 r_shoulder=6.747
[TRAIN_ACT] l_wrist_r=0.0887 l_wrist_p=0.0914 l_wrist_y=0.0790 r_wrist_r=0.1050 r_wrist_p=0.1151 r_wrist_y=0.0984 l_elbow=0.1015 r_elbow=0.0861
[UPDATE] 35/500 reward_step=-0.07106 done_frac=0.07974 mean_reward=-0.77131 mean_len=10.88
[FPO++] actor_loss=0.00004 value_loss=0.03064 ratio=0.9996 [0.902,1.108] clip_frac=0.2583 cfm_old=1.9577 cfm_new=1.9581 kl=0.000113 grad=0.0338 grad_c=0.4087 lr=0.005767 critic_lr=0.006667
[TRAIN] mean_reward=-0.77131 mean_len=10.88 recent_eps=100 completed_eps=460411
[UPDATE_EFFECT] action_delta=0.01191872 param_rms_delta=0.00276344
[TIME] collect=5.289s update=5.804s
[DONE] timeout=0.00000 anchor_pos=0.00220 anchor_ori=0.02209 ee_body=0.95728
[DONE_ROLLOUT] timeout=0.00000 anchor_pos=0.00009 anchor_ori=0.00092 ee_body=0.07907
[FIRST_FAILURE] step_mean=6.90 step_min=0 step_max=23 phase_mean=132.20 phase_min=6 phase_max=324 anchor_pos=0.00220 anchor_ori=0.01782 ee_body=0.94861 timeout=0.00000
[TRACK_CHUNK0] anchor_pos=0.81305 anchor_ori=0.41323 body_pos=0.78235 body_ori=0.24879 body_lin=0.24203 body_ang=0.01401
[TRACK_ROLLOUT] anchor_pos=0.81670 anchor_ori=0.41970 body_pos=0.78664 body_ori=0.25941 body_lin=0.24416 body_ang=0.01428
[TRAIN_COST] action_rate=50.82801 joint_limit=0.02949 undesired_contacts=1.14880
[REWARD_WEIGHTED] pos=0.03845 penalty=-0.10952 total=-0.07106 act_rate=-0.10131 contacts=-0.00234
[ACT_GREEDY] abs_mean=0.1405 abs_p95=0.3993 abs_p99=0.6005 abs_max=1.1344 legs=0.1366 waist=0.2556 arms=0.1192
[ACT_ROLLOUT] abs_mean=0.7984 abs_p95=1.9611 abs_p99=2.5793 abs_max=5.3270 abs_max_all=5.3270
[SAMPLER] top_bin=0 top_prob=0.394 peak_bin=0 failed_sum=318.9241 entropy=0.8656
[TRAIN_BODY] torso_ori=20.92deg l_wrist_ori=39.80deg r_wrist_ori=49.19deg l_elbow_ori=36.43deg r_elbow_ori=45.25deg l_shoulder_ori=29.03deg r_shoulder_ori=33.79deg
[TRAIN_ANG] torso=4.169 l_wrist=9.666 r_wrist=10.574 l_elbow=8.095 r_elbow=8.921 l_shoulder=6.353 r_shoulder=6.783
[TRAIN_ACT] l_wrist_r=0.0922 l_wrist_p=0.0955 l_wrist_y=0.0827 r_wrist_r=0.1079 r_wrist_p=0.1155 r_wrist_y=0.1022 l_elbow=0.1078 r_elbow=0.0867
[UPDATE] 36/500 reward_step=-0.07045 done_frac=0.08043 mean_reward=-0.86052 mean_len=12.12
[FPO++] actor_loss=-0.00070 value_loss=0.02584 ratio=0.9999 [0.947,1.057] clip_frac=0.1648 cfm_old=1.9569 cfm_new=1.9570 kl=0.000066 grad=0.0246 grad_c=0.1726 lr=0.005767 critic_lr=0.006667
[TRAIN] mean_reward=-0.86052 mean_len=12.12 recent_eps=100 completed_eps=476225
[UPDATE_EFFECT] action_delta=0.01079940 param_rms_delta=0.00247999
[TIME] collect=5.229s update=5.810s
[DONE] timeout=0.00000 anchor_pos=0.00171 anchor_ori=0.02124 ee_body=0.96228
[DONE_ROLLOUT] timeout=0.00000 anchor_pos=0.00007 anchor_ori=0.00089 ee_body=0.07982
[FIRST_FAILURE] step_mean=6.90 step_min=0 step_max=23 phase_mean=131.26 phase_min=6 phase_max=324 anchor_pos=0.00171 anchor_ori=0.01746 ee_body=0.95532 timeout=0.00000
[TRACK_CHUNK0] anchor_pos=0.81906 anchor_ori=0.42130 body_pos=0.78890 body_ori=0.26331 body_lin=0.24496 body_ang=0.01371
[TRACK_ROLLOUT] anchor_pos=0.82142 anchor_ori=0.42291 body_pos=0.79016 body_ori=0.26202 body_lin=0.24614 body_ang=0.01414
[TRAIN_COST] action_rate=50.23554 joint_limit=0.02959 undesired_contacts=1.17981
[REWARD_WEIGHTED] pos=0.03869 penalty=-0.10914 total=-0.07045 act_rate=-0.10094 contacts=-0.00235
[ACT_GREEDY] abs_mean=0.1444 abs_p95=0.4139 abs_p99=0.6201 abs_max=1.1597 legs=0.1403 waist=0.2659 arms=0.1218
[ACT_ROLLOUT] abs_mean=0.7989 abs_p95=1.9626 abs_p99=2.5819 abs_max=5.5801 abs_max_all=5.5801
[SAMPLER] top_bin=0 top_prob=0.395 peak_bin=0 failed_sum=326.9908 entropy=0.8651
[TRAIN_BODY] torso_ori=20.63deg l_wrist_ori=38.85deg r_wrist_ori=48.01deg l_elbow_ori=35.59deg r_elbow_ori=44.26deg l_shoulder_ori=28.37deg r_shoulder_ori=33.20deg
[TRAIN_ANG] torso=4.190 l_wrist=9.634 r_wrist=10.626 l_elbow=8.016 r_elbow=8.935 l_shoulder=6.357 r_shoulder=6.801
[TRAIN_ACT] l_wrist_r=0.0954 l_wrist_p=0.0954 l_wrist_y=0.0825 r_wrist_r=0.1069 r_wrist_p=0.1159 r_wrist_y=0.1034 l_elbow=0.1112 r_elbow=0.0876
[UPDATE] 37/500 reward_step=-0.06979 done_frac=0.08243 mean_reward=-0.88308 mean_len=13.06
[FPO++] actor_loss=0.00045 value_loss=0.02405 ratio=0.9996 [0.893,1.112] clip_frac=0.2642 cfm_old=1.9547 cfm_new=1.9551 kl=0.000124 grad=0.0401 grad_c=0.1206 lr=0.003844 critic_lr=0.004444
[TRAIN] mean_reward=-0.88308 mean_len=13.06 recent_eps=100 completed_eps=492432
[UPDATE_EFFECT] action_delta=0.01102112 param_rms_delta=0.00261547
[TIME] collect=5.255s update=5.815s
[DONE] timeout=0.00000 anchor_pos=0.00110 anchor_ori=0.02319 ee_body=0.96765
[DONE_ROLLOUT] timeout=0.00000 anchor_pos=0.00005 anchor_ori=0.00097 ee_body=0.08180
[FIRST_FAILURE] step_mean=6.76 step_min=0 step_max=23 phase_mean=129.97 phase_min=6 phase_max=324 anchor_pos=0.00110 anchor_ori=0.01855 ee_body=0.95886 timeout=0.00000
[TRACK_CHUNK0] anchor_pos=0.82257 anchor_ori=0.42708 body_pos=0.79325 body_ori=0.26420 body_lin=0.24671 body_ang=0.01445
[TRACK_ROLLOUT] anchor_pos=0.82536 anchor_ori=0.42612 body_pos=0.79369 body_ori=0.26589 body_lin=0.24286 body_ang=0.01404
[TRAIN_COST] action_rate=50.02272 joint_limit=0.02948 undesired_contacts=1.19409
[REWARD_WEIGHTED] pos=0.03884 penalty=-0.10864 total=-0.06979 act_rate=-0.10028 contacts=-0.00241
[ACT_GREEDY] abs_mean=0.1490 abs_p95=0.4272 abs_p99=0.6388 abs_max=1.2272 legs=0.1447 waist=0.2774 arms=0.1251
[ACT_ROLLOUT] abs_mean=0.7991 abs_p95=1.9639 abs_p99=2.5812 abs_max=5.2892 abs_max_all=5.2892
[SAMPLER] top_bin=0 top_prob=0.396 peak_bin=0 failed_sum=335.2554 entropy=0.8645
[TRAIN_BODY] torso_ori=20.46deg l_wrist_ori=38.56deg r_wrist_ori=47.90deg l_elbow_ori=35.13deg r_elbow_ori=44.13deg l_shoulder_ori=28.22deg r_shoulder_ori=32.97deg
[TRAIN_ANG] torso=4.181 l_wrist=9.608 r_wrist=10.560 l_elbow=8.033 r_elbow=8.919 l_shoulder=6.317 r_shoulder=6.796
[TRAIN_ACT] l_wrist_r=0.0964 l_wrist_p=0.0999 l_wrist_y=0.0848 r_wrist_r=0.1105 r_wrist_p=0.1202 r_wrist_y=0.1038 l_elbow=0.1148 r_elbow=0.0923
[UPDATE] 38/500 reward_step=-0.06910 done_frac=0.08308 mean_reward=-0.79512 mean_len=11.57
[FPO++] actor_loss=-0.00231 value_loss=0.02482 ratio=1.0000 [0.940,1.062] clip_frac=0.1533 cfm_old=1.9515 cfm_new=1.9515 kl=0.000062 grad=0.0249 grad_c=0.0857 lr=0.003844 critic_lr=0.004444
[TRAIN] mean_reward=-0.79512 mean_len=11.57 recent_eps=100 completed_eps=508767
[UPDATE_EFFECT] action_delta=0.00968672 param_rms_delta=0.00207652
[TIME] collect=5.130s update=5.816s
[DONE] timeout=0.00000 anchor_pos=0.00098 anchor_ori=0.01978 ee_body=0.96545
[DONE_ROLLOUT] timeout=0.00000 anchor_pos=0.00004 anchor_ori=0.00082 ee_body=0.08251
[FIRST_FAILURE] step_mean=6.63 step_min=0 step_max=23 phase_mean=128.77 phase_min=6 phase_max=324 anchor_pos=0.00098 anchor_ori=0.01562 ee_body=0.95862 timeout=0.00000
[TRACK_CHUNK0] anchor_pos=0.82746 anchor_ori=0.42925 body_pos=0.79595 body_ori=0.26964 body_lin=0.24306 body_ang=0.01395
[TRACK_ROLLOUT] anchor_pos=0.82845 anchor_ori=0.42821 body_pos=0.79692 body_ori=0.26998 body_lin=0.24235 body_ang=0.01411
[TRAIN_COST] action_rate=50.03331 joint_limit=0.02993 undesired_contacts=1.23621
[REWARD_WEIGHTED] pos=0.03903 penalty=-0.10814 total=-0.06910 act_rate=-0.09972 contacts=-0.00246
[ACT_GREEDY] abs_mean=0.1533 abs_p95=0.4419 abs_p99=0.6644 abs_max=1.2382 legs=0.1473 waist=0.2917 arms=0.1288
[ACT_ROLLOUT] abs_mean=0.7988 abs_p95=1.9627 abs_p99=2.5844 abs_max=5.3004 abs_max_all=5.3004
[SAMPLER] top_bin=0 top_prob=0.397 peak_bin=0 failed_sum=343.4493 entropy=0.8638
[TRAIN_BODY] torso_ori=20.42deg l_wrist_ori=37.96deg r_wrist_ori=47.83deg l_elbow_ori=34.74deg r_elbow_ori=44.01deg l_shoulder_ori=28.01deg r_shoulder_ori=32.83deg
[TRAIN_ANG] torso=4.158 l_wrist=9.630 r_wrist=10.598 l_elbow=8.057 r_elbow=9.042 l_shoulder=6.335 r_shoulder=6.850
[TRAIN_ACT] l_wrist_r=0.0991 l_wrist_p=0.1010 l_wrist_y=0.0848 r_wrist_r=0.1143 r_wrist_p=0.1236 r_wrist_y=0.1071 l_elbow=0.1177 r_elbow=0.0945
[UPDATE] 39/500 reward_step=-0.06849 done_frac=0.08449 mean_reward=-0.81522 mean_len=11.82
[FPO++] actor_loss=-0.00144 value_loss=0.02294 ratio=1.0000 [0.946,1.064] clip_frac=0.1736 cfm_old=1.9488 cfm_new=1.9489 kl=0.000068 grad=0.0252 grad_c=0.1165 lr=0.005767 critic_lr=0.006667
[TRAIN] mean_reward=-0.81522 mean_len=11.82 recent_eps=100 completed_eps=525379
[UPDATE_EFFECT] action_delta=0.01058681 param_rms_delta=0.00264383
[TIME] collect=5.260s update=5.810s
[DONE] timeout=0.00000 anchor_pos=0.00134 anchor_ori=0.02112 ee_body=0.96863
[DONE_ROLLOUT] timeout=0.00000 anchor_pos=0.00006 anchor_ori=0.00088 ee_body=0.08399
[FIRST_FAILURE] step_mean=6.50 step_min=0 step_max=23 phase_mean=128.68 phase_min=6 phase_max=324 anchor_pos=0.00134 anchor_ori=0.01672 ee_body=0.96289 timeout=0.00000
[TRACK_CHUNK0] anchor_pos=0.82627 anchor_ori=0.42192 body_pos=0.79375 body_ori=0.26360 body_lin=0.24114 body_ang=0.01392
[TRACK_ROLLOUT] anchor_pos=0.83060 anchor_ori=0.42885 body_pos=0.79818 body_ori=0.27040 body_lin=0.24234 body_ang=0.01398
[TRAIN_COST] action_rate=49.65425 joint_limit=0.02967 undesired_contacts=1.24536
[REWARD_WEIGHTED] pos=0.03909 penalty=-0.10758 total=-0.06849 act_rate=-0.09919 contacts=-0.00247
[ACT_GREEDY] abs_mean=0.1572 abs_p95=0.4566 abs_p99=0.6810 abs_max=1.2858 legs=0.1502 waist=0.3009 arms=0.1324
[ACT_ROLLOUT] abs_mean=0.7989 abs_p95=1.9647 abs_p99=2.5826 abs_max=5.2161 abs_max_all=5.2161
[SAMPLER] top_bin=0 top_prob=0.398 peak_bin=0 failed_sum=351.7233 entropy=0.8630
[TRAIN_BODY] torso_ori=20.67deg l_wrist_ori=38.19deg r_wrist_ori=47.93deg l_elbow_ori=34.93deg r_elbow_ori=44.25deg l_shoulder_ori=28.12deg r_shoulder_ori=33.11deg
[TRAIN_ANG] torso=4.190 l_wrist=9.634 r_wrist=10.660 l_elbow=8.049 r_elbow=9.028 l_shoulder=6.385 r_shoulder=6.899
[TRAIN_ACT] l_wrist_r=0.1002 l_wrist_p=0.1047 l_wrist_y=0.0865 r_wrist_r=0.1133 r_wrist_p=0.1269 r_wrist_y=0.1107 l_elbow=0.1257 r_elbow=0.0977
[UPDATE] 40/500 reward_step=-0.06780 done_frac=0.08473 mean_reward=-0.78394 mean_len=11.45
[FPO++] actor_loss=-0.00059 value_loss=0.02298 ratio=0.9999 [0.946,1.058] clip_frac=0.1819 cfm_old=1.9455 cfm_new=1.9457 kl=0.000071 grad=0.0259 grad_c=0.0893 lr=0.005767 critic_lr=0.006667
[TRAIN] mean_reward=-0.78394 mean_len=11.45 recent_eps=100 completed_eps=542037
[UPDATE_EFFECT] action_delta=0.01138808 param_rms_delta=0.00264850
[TIME] collect=5.196s update=5.813s
[DONE] timeout=0.00000 anchor_pos=0.00146 anchor_ori=0.01941 ee_body=0.96814
[DONE_ROLLOUT] timeout=0.00000 anchor_pos=0.00006 anchor_ori=0.00081 ee_body=0.08419
[FIRST_FAILURE] step_mean=6.55 step_min=0 step_max=23 phase_mean=128.47 phase_min=6 phase_max=324 anchor_pos=0.00146 anchor_ori=0.01636 ee_body=0.96045 timeout=0.00000
[TRACK_CHUNK0] anchor_pos=0.83219 anchor_ori=0.43341 body_pos=0.80123 body_ori=0.27477 body_lin=0.24178 body_ang=0.01408
[TRACK_ROLLOUT] anchor_pos=0.83380 anchor_ori=0.43023 body_pos=0.80172 body_ori=0.27411 body_lin=0.24232 body_ang=0.01417
[TRAIN_COST] action_rate=49.28184 joint_limit=0.02996 undesired_contacts=1.23315
[REWARD_WEIGHTED] pos=0.03929 penalty=-0.10709 total=-0.06780 act_rate=-0.09872 contacts=-0.00243
[ACT_GREEDY] abs_mean=0.1616 abs_p95=0.4726 abs_p99=0.7026 abs_max=1.2817 legs=0.1544 waist=0.3135 arms=0.1352
[ACT_ROLLOUT] abs_mean=0.7984 abs_p95=1.9623 abs_p99=2.5803 abs_max=5.6534 abs_max_all=5.6534
[SAMPLER] top_bin=0 top_prob=0.399 peak_bin=0 failed_sum=359.8461 entropy=0.8622
[TRAIN_BODY] torso_ori=20.32deg l_wrist_ori=37.71deg r_wrist_ori=46.85deg l_elbow_ori=34.43deg r_elbow_ori=43.06deg l_shoulder_ori=27.77deg r_shoulder_ori=32.21deg
[TRAIN_ANG] torso=4.188 l_wrist=9.633 r_wrist=10.582 l_elbow=8.066 r_elbow=8.948 l_shoulder=6.435 r_shoulder=6.920
[TRAIN_ACT] l_wrist_r=0.1004 l_wrist_p=0.1063 l_wrist_y=0.0897 r_wrist_r=0.1152 r_wrist_p=0.1270 r_wrist_y=0.1142 l_elbow=0.1299 r_elbow=0.0978
[UPDATE] 41/500 reward_step=-0.06700 done_frac=0.08650 mean_reward=-0.74394 mean_len=11.03
[FPO++] actor_loss=-0.00162 value_loss=0.02107 ratio=0.9999 [0.928,1.071] clip_frac=0.2117 cfm_old=1.9414 cfm_new=1.9416 kl=0.000082 grad=0.0306 grad_c=0.1481 lr=0.005767 critic_lr=0.006667
[TRAIN] mean_reward=-0.74394 mean_len=11.03 recent_eps=100 completed_eps=559044
[UPDATE_EFFECT] action_delta=0.01225572 param_rms_delta=0.00273855
[TIME] collect=5.147s update=5.807s
[DONE] timeout=0.00000 anchor_pos=0.00085 anchor_ori=0.02075 ee_body=0.97180
[DONE_ROLLOUT] timeout=0.00000 anchor_pos=0.00004 anchor_ori=0.00087 ee_body=0.08596
[FIRST_FAILURE] step_mean=6.47 step_min=0 step_max=23 phase_mean=128.06 phase_min=6 phase_max=324 anchor_pos=0.00085 anchor_ori=0.01575 ee_body=0.96497 timeout=0.00000
[TRACK_CHUNK0] anchor_pos=0.83536 anchor_ori=0.43068 body_pos=0.80140 body_ori=0.27201 body_lin=0.24409 body_ang=0.01414
[TRACK_ROLLOUT] anchor_pos=0.83540 anchor_ori=0.43347 body_pos=0.80257 body_ori=0.27791 body_lin=0.24173 body_ang=0.01427
[TRAIN_COST] action_rate=49.28553 joint_limit=0.02948 undesired_contacts=1.21667
[REWARD_WEIGHTED] pos=0.03942 penalty=-0.10642 total=-0.06700 act_rate=-0.09798 contacts=-0.00251
[ACT_GREEDY] abs_mean=0.1659 abs_p95=0.4863 abs_p99=0.7224 abs_max=1.2981 legs=0.1582 waist=0.3223 arms=0.1391
[ACT_ROLLOUT] abs_mean=0.7977 abs_p95=1.9608 abs_p99=2.5779 abs_max=5.4048 abs_max_all=5.4048
[SAMPLER] top_bin=0 top_prob=0.400 peak_bin=0 failed_sum=368.1230 entropy=0.8614
[TRAIN_BODY] torso_ori=20.45deg l_wrist_ori=37.58deg r_wrist_ori=47.22deg l_elbow_ori=34.25deg r_elbow_ori=43.62deg l_shoulder_ori=27.63deg r_shoulder_ori=32.56deg
[TRAIN_ANG] torso=4.200 l_wrist=9.586 r_wrist=10.627 l_elbow=7.980 r_elbow=9.008 l_shoulder=6.331 r_shoulder=6.880
[TRAIN_ACT] l_wrist_r=0.1040 l_wrist_p=0.1081 l_wrist_y=0.0914 r_wrist_r=0.1165 r_wrist_p=0.1299 r_wrist_y=0.1171 l_elbow=0.1370 r_elbow=0.1031
[UPDATE] 42/500 reward_step=-0.06658 done_frac=0.08687 mean_reward=-0.86291 mean_len=12.69
[FPO++] actor_loss=-0.00105 value_loss=0.02020 ratio=0.9997 [0.903,1.103] clip_frac=0.2502 cfm_old=1.9403 cfm_new=1.9406 kl=0.000102 grad=0.0370 grad_c=0.0962 lr=0.005767 critic_lr=0.006667
[TRAIN] mean_reward=-0.86291 mean_len=12.69 recent_eps=100 completed_eps=576124
[UPDATE_EFFECT] action_delta=0.01252995 param_rms_delta=0.00284340
[TIME] collect=5.252s update=5.809s
[DONE] timeout=0.00000 anchor_pos=0.00110 anchor_ori=0.01953 ee_body=0.97314
[DONE_ROLLOUT] timeout=0.00000 anchor_pos=0.00005 anchor_ori=0.00081 ee_body=0.08635
[FIRST_FAILURE] step_mean=6.44 step_min=0 step_max=23 phase_mean=127.54 phase_min=6 phase_max=324 anchor_pos=0.00110 anchor_ori=0.01599 ee_body=0.96716 timeout=0.00000
[TRACK_CHUNK0] anchor_pos=0.83946 anchor_ori=0.44172 body_pos=0.80690 body_ori=0.28061 body_lin=0.24231 body_ang=0.01472
[TRACK_ROLLOUT] anchor_pos=0.83831 anchor_ori=0.43331 body_pos=0.80504 body_ori=0.27826 body_lin=0.24042 body_ang=0.01423
[TRAIN_COST] action_rate=48.61072 joint_limit=0.02945 undesired_contacts=1.25610
[REWARD_WEIGHTED] pos=0.03948 penalty=-0.10606 total=-0.06658 act_rate=-0.09766 contacts=-0.00249
[ACT_GREEDY] abs_mean=0.1702 abs_p95=0.5000 abs_p99=0.7363 abs_max=1.3624 legs=0.1617 waist=0.3332 arms=0.1425
[ACT_ROLLOUT] abs_mean=0.7986 abs_p95=1.9629 abs_p99=2.5813 abs_max=5.3389 abs_max_all=5.3389
[SAMPLER] top_bin=0 top_prob=0.401 peak_bin=0 failed_sum=376.2747 entropy=0.8607
[TRAIN_BODY] torso_ori=20.10deg l_wrist_ori=36.85deg r_wrist_ori=46.16deg l_elbow_ori=33.59deg r_elbow_ori=42.44deg l_shoulder_ori=27.23deg r_shoulder_ori=31.69deg
[TRAIN_ANG] torso=4.161 l_wrist=9.587 r_wrist=10.665 l_elbow=8.056 r_elbow=9.050 l_shoulder=6.396 r_shoulder=6.902
[TRAIN_ACT] l_wrist_r=0.1070 l_wrist_p=0.1091 l_wrist_y=0.0916 r_wrist_r=0.1200 r_wrist_p=0.1322 r_wrist_y=0.1182 l_elbow=0.1407 r_elbow=0.1100
[UPDATE] 43/500 reward_step=-0.06585 done_frac=0.08865 mean_reward=-0.74178 mean_len=11.46
[FPO++] actor_loss=-0.00138 value_loss=0.02054 ratio=0.9997 [0.920,1.084] clip_frac=0.2578 cfm_old=1.9379 cfm_new=1.9382 kl=0.000105 grad=0.0375 grad_c=0.0824 lr=0.005767 critic_lr=0.006667
[TRAIN] mean_reward=-0.74178 mean_len=11.46 recent_eps=100 completed_eps=593553
[UPDATE_EFFECT] action_delta=0.01178474 param_rms_delta=0.00283283
[TIME] collect=5.283s update=5.807s
[DONE] timeout=0.00000 anchor_pos=0.00073 anchor_ori=0.01843 ee_body=0.97729
[DONE_ROLLOUT] timeout=0.00000 anchor_pos=0.00003 anchor_ori=0.00077 ee_body=0.08818
[FIRST_FAILURE] step_mean=6.20 step_min=0 step_max=23 phase_mean=125.71 phase_min=6 phase_max=324 anchor_pos=0.00073 anchor_ori=0.01404 ee_body=0.97119 timeout=0.00000
[TRACK_CHUNK0] anchor_pos=0.84025 anchor_ori=0.43576 body_pos=0.80587 body_ori=0.28035 body_lin=0.24116 body_ang=0.01458
[TRACK_ROLLOUT] anchor_pos=0.84333 anchor_ori=0.43518 body_pos=0.80932 body_ori=0.28437 body_lin=0.23925 body_ang=0.01408
[TRAIN_COST] action_rate=48.47753 joint_limit=0.03024 undesired_contacts=1.25525
[REWARD_WEIGHTED] pos=0.03973 penalty=-0.10558 total=-0.06585 act_rate=-0.09711 contacts=-0.00253
[ACT_GREEDY] abs_mean=0.1751 abs_p95=0.5171 abs_p99=0.7617 abs_max=1.4083 legs=0.1652 waist=0.3473 arms=0.1466
[ACT_ROLLOUT] abs_mean=0.7990 abs_p95=1.9637 abs_p99=2.5831 abs_max=5.2871 abs_max_all=5.2871
[SAMPLER] top_bin=0 top_prob=0.402 peak_bin=0 failed_sum=384.5767 entropy=0.8597
[TRAIN_BODY] torso_ori=20.38deg l_wrist_ori=36.69deg r_wrist_ori=46.64deg l_elbow_ori=33.47deg r_elbow_ori=42.95deg l_shoulder_ori=27.26deg r_shoulder_ori=31.99deg
[TRAIN_ANG] torso=4.237 l_wrist=9.550 r_wrist=10.729 l_elbow=8.053 r_elbow=9.119 l_shoulder=6.416 r_shoulder=6.968
[TRAIN_ACT] l_wrist_r=0.1098 l_wrist_p=0.1116 l_wrist_y=0.0929 r_wrist_r=0.1197 r_wrist_p=0.1328 r_wrist_y=0.1200 l_elbow=0.1440 r_elbow=0.1091
[UPDATE] 44/500 reward_step=-0.06528 done_frac=0.08959 mean_reward=-0.69158 mean_len=10.64
[FPO++] actor_loss=-0.00061 value_loss=0.01918 ratio=0.9997 [0.924,1.077] clip_frac=0.2645 cfm_old=1.9348 cfm_new=1.9352 kl=0.000109 grad=0.0387 grad_c=0.0880 lr=0.005767 critic_lr=0.006667
[TRAIN] mean_reward=-0.69158 mean_len=10.64 recent_eps=100 completed_eps=611168
[UPDATE_EFFECT] action_delta=0.01343828 param_rms_delta=0.00286658
[TIME] collect=5.260s update=5.817s
[DONE] timeout=0.00000 anchor_pos=0.00061 anchor_ori=0.01819 ee_body=0.97827
[DONE_ROLLOUT] timeout=0.00000 anchor_pos=0.00003 anchor_ori=0.00076 ee_body=0.08912
[FIRST_FAILURE] step_mean=6.07 step_min=0 step_max=23 phase_mean=125.92 phase_min=6 phase_max=324 anchor_pos=0.00061 anchor_ori=0.01343 ee_body=0.97266 timeout=0.00000
[TRACK_CHUNK0] anchor_pos=0.84030 anchor_ori=0.43105 body_pos=0.80618 body_ori=0.28078 body_lin=0.23466 body_ang=0.01425
[TRACK_ROLLOUT] anchor_pos=0.84492 anchor_ori=0.43382 body_pos=0.81004 body_ori=0.28403 body_lin=0.23914 body_ang=0.01405
[TRAIN_COST] action_rate=48.49968 joint_limit=0.02935 undesired_contacts=1.29272
[REWARD_WEIGHTED] pos=0.03973 penalty=-0.10501 total=-0.06528 act_rate=-0.09659 contacts=-0.00253
[ACT_GREEDY] abs_mean=0.1785 abs_p95=0.5313 abs_p99=0.7848 abs_max=1.4501 legs=0.1681 waist=0.3591 arms=0.1488
[ACT_ROLLOUT] abs_mean=0.7987 abs_p95=1.9634 abs_p99=2.5838 abs_max=5.2410 abs_max_all=5.2410
[SAMPLER] top_bin=0 top_prob=0.404 peak_bin=0 failed_sum=392.8657 entropy=0.8590
[TRAIN_BODY] torso_ori=20.45deg l_wrist_ori=36.53deg r_wrist_ori=46.10deg l_elbow_ori=33.30deg r_elbow_ori=42.49deg l_shoulder_ori=27.19deg r_shoulder_ori=31.81deg
[TRAIN_ANG] torso=4.205 l_wrist=9.596 r_wrist=10.798 l_elbow=8.058 r_elbow=9.151 l_shoulder=6.455 r_shoulder=7.023
[TRAIN_ACT] l_wrist_r=0.1109 l_wrist_p=0.1183 l_wrist_y=0.0917 r_wrist_r=0.1236 r_wrist_p=0.1328 r_wrist_y=0.1128 l_elbow=0.1456 r_elbow=0.1134
[UPDATE] 45/500 reward_step=-0.06473 done_frac=0.09170 mean_reward=-0.74167 mean_len=11.09
[FPO++] actor_loss=-0.00097 value_loss=0.01764 ratio=0.9996 [0.908,1.114] clip_frac=0.3085 cfm_old=1.9337 cfm_new=1.9342 kl=0.000134 grad=0.0478 grad_c=0.0896 lr=0.005767 critic_lr=0.006667
[TRAIN] mean_reward=-0.74167 mean_len=11.09 recent_eps=100 completed_eps=629196
[UPDATE_EFFECT] action_delta=0.01340395 param_rms_delta=0.00303331
[TIME] collect=5.249s update=5.814s
[DONE] timeout=0.00000 anchor_pos=0.00073 anchor_ori=0.01575 ee_body=0.98413
[DONE_ROLLOUT] timeout=0.00000 anchor_pos=0.00003 anchor_ori=0.00066 ee_body=0.09129
[FIRST_FAILURE] step_mean=5.99 step_min=0 step_max=23 phase_mean=126.15 phase_min=5 phase_max=324 anchor_pos=0.00073 anchor_ori=0.01221 ee_body=0.97766 timeout=0.00000
[TRACK_CHUNK0] anchor_pos=0.84476 anchor_ori=0.43337 body_pos=0.80915 body_ori=0.28226 body_lin=0.23744 body_ang=0.01422
[TRACK_ROLLOUT] anchor_pos=0.84829 anchor_ori=0.43933 body_pos=0.81273 body_ori=0.28882 body_lin=0.23645 body_ang=0.01398
[TRAIN_COST] action_rate=47.94127 joint_limit=0.02976 undesired_contacts=1.28931
[REWARD_WEIGHTED] pos=0.03992 penalty=-0.10465 total=-0.06473 act_rate=-0.09607 contacts=-0.00261
[ACT_GREEDY] abs_mean=0.1830 abs_p95=0.5452 abs_p99=0.7978 abs_max=1.4519 legs=0.1707 waist=0.3715 arms=0.1531
[ACT_ROLLOUT] abs_mean=0.7995 abs_p95=1.9655 abs_p99=2.5870 abs_max=5.5110 abs_max_all=5.5110
[SAMPLER] top_bin=0 top_prob=0.405 peak_bin=0 failed_sum=401.3668 entropy=0.8581
[TRAIN_BODY] torso_ori=20.45deg l_wrist_ori=36.49deg r_wrist_ori=46.63deg l_elbow_ori=33.15deg r_elbow_ori=42.90deg l_shoulder_ori=27.06deg r_shoulder_ori=32.03deg
[TRAIN_ANG] torso=4.249 l_wrist=9.537 r_wrist=10.815 l_elbow=8.025 r_elbow=9.238 l_shoulder=6.523 r_shoulder=7.014
[TRAIN_ACT] l_wrist_r=0.1201 l_wrist_p=0.1162 l_wrist_y=0.0928 r_wrist_r=0.1306 r_wrist_p=0.1342 r_wrist_y=0.1150 l_elbow=0.1517 r_elbow=0.1170
[UPDATE] 46/500 reward_step=-0.06423 done_frac=0.09147 mean_reward=-0.72317 mean_len=11.43
[FPO++] actor_loss=-0.00144 value_loss=0.01779 ratio=0.9997 [0.925,1.079] clip_frac=0.2631 cfm_old=1.9300 cfm_new=1.9304 kl=0.000107 grad=0.0380 grad_c=0.0865 lr=0.005767 critic_lr=0.006667
[TRAIN] mean_reward=-0.72317 mean_len=11.43 recent_eps=100 completed_eps=647180
[UPDATE_EFFECT] action_delta=0.01344109 param_rms_delta=0.00292274
[TIME] collect=5.213s update=5.811s
[DONE] timeout=0.00000 anchor_pos=0.00049 anchor_ori=0.01697 ee_body=0.97925
[DONE_ROLLOUT] timeout=0.00000 anchor_pos=0.00002 anchor_ori=0.00071 ee_body=0.09102
[FIRST_FAILURE] step_mean=5.97 step_min=0 step_max=23 phase_mean=125.67 phase_min=5 phase_max=324 anchor_pos=0.00049 anchor_ori=0.01318 ee_body=0.97351 timeout=0.00000
[TRACK_CHUNK0] anchor_pos=0.84970 anchor_ori=0.44228 body_pos=0.81469 body_ori=0.29197 body_lin=0.23806 body_ang=0.01419
[TRACK_ROLLOUT] anchor_pos=0.85143 anchor_ori=0.43842 body_pos=0.81515 body_ori=0.28947 body_lin=0.23878 body_ang=0.01415
[TRAIN_COST] action_rate=48.11774 joint_limit=0.03005 undesired_contacts=1.29749
[REWARD_WEIGHTED] pos=0.04005 penalty=-0.10428 total=-0.06423 act_rate=-0.09580 contacts=-0.00259
[ACT_GREEDY] abs_mean=0.1882 abs_p95=0.5586 abs_p99=0.8175 abs_max=1.4756 legs=0.1761 waist=0.3844 arms=0.1565
[ACT_ROLLOUT] abs_mean=0.7993 abs_p95=1.9644 abs_p99=2.5878 abs_max=5.4849 abs_max_all=5.4849
[SAMPLER] top_bin=0 top_prob=0.406 peak_bin=0 failed_sum=409.6234 entropy=0.8573
[TRAIN_BODY] torso_ori=20.21deg l_wrist_ori=35.69deg r_wrist_ori=45.62deg l_elbow_ori=32.36deg r_elbow_ori=42.02deg l_shoulder_ori=26.70deg r_shoulder_ori=31.25deg
[TRAIN_ANG] torso=4.215 l_wrist=9.626 r_wrist=10.738 l_elbow=8.107 r_elbow=9.095 l_shoulder=6.468 r_shoulder=7.071
[TRAIN_ACT] l_wrist_r=0.1209 l_wrist_p=0.1243 l_wrist_y=0.0938 r_wrist_r=0.1280 r_wrist_p=0.1394 r_wrist_y=0.1185 l_elbow=0.1564 r_elbow=0.1185
[UPDATE] 47/500 reward_step=-0.06362 done_frac=0.09320 mean_reward=-0.71855 mean_len=11.45
[FPO++] actor_loss=-0.00225 value_loss=0.01738 ratio=0.9998 [0.905,1.085] clip_frac=0.2089 cfm_old=1.9284 cfm_new=1.9287 kl=0.000083 grad=0.0337 grad_c=0.1057 lr=0.003844 critic_lr=0.004444
[TRAIN] mean_reward=-0.71855 mean_len=11.45 recent_eps=100 completed_eps=665504
[UPDATE_EFFECT] action_delta=0.01055192 param_rms_delta=0.00219372
[TIME] collect=5.225s update=5.809s
[DONE] timeout=0.00000 anchor_pos=0.00049 anchor_ori=0.01501 ee_body=0.98450
[DONE_ROLLOUT] timeout=0.00000 anchor_pos=0.00002 anchor_ori=0.00064 ee_body=0.09280
[FIRST_FAILURE] step_mean=5.92 step_min=0 step_max=23 phase_mean=124.26 phase_min=5 phase_max=324 anchor_pos=0.00049 anchor_ori=0.01074 ee_body=0.97961 timeout=0.00000
[TRACK_CHUNK0] anchor_pos=0.85063 anchor_ori=0.43692 body_pos=0.81521 body_ori=0.29216 body_lin=0.23724 body_ang=0.01437
[TRACK_ROLLOUT] anchor_pos=0.85098 anchor_ori=0.43983 body_pos=0.81638 body_ori=0.29386 body_lin=0.23649 body_ang=0.01408
[TRAIN_COST] action_rate=47.42323 joint_limit=0.02971 undesired_contacts=1.28870
[REWARD_WEIGHTED] pos=0.04012 penalty=-0.10374 total=-0.06362 act_rate=-0.09516 contacts=-0.00262
[ACT_GREEDY] abs_mean=0.1930 abs_p95=0.5740 abs_p99=0.8398 abs_max=1.5870 legs=0.1801 waist=0.3948 arms=0.1609
[ACT_ROLLOUT] abs_mean=0.7998 abs_p95=1.9667 abs_p99=2.5890 abs_max=5.3115 abs_max_all=5.3115
[SAMPLER] top_bin=0 top_prob=0.407 peak_bin=0 failed_sum=418.0200 entropy=0.8564
[TRAIN_BODY] torso_ori=20.51deg l_wrist_ori=35.64deg r_wrist_ori=45.79deg l_elbow_ori=32.25deg r_elbow_ori=42.20deg l_shoulder_ori=26.74deg r_shoulder_ori=31.39deg
[TRAIN_ANG] torso=4.202 l_wrist=9.603 r_wrist=10.697 l_elbow=8.038 r_elbow=9.150 l_shoulder=6.437 r_shoulder=7.009
[TRAIN_ACT] l_wrist_r=0.1225 l_wrist_p=0.1278 l_wrist_y=0.0947 r_wrist_r=0.1335 r_wrist_p=0.1430 r_wrist_y=0.1230 l_elbow=0.1567 r_elbow=0.1181
[UPDATE] 48/500 reward_step=-0.06299 done_frac=0.09398 mean_reward=-0.65444 mean_len=10.61
[FPO++] actor_loss=-0.00069 value_loss=0.01653 ratio=0.9999 [0.948,1.054] clip_frac=0.1597 cfm_old=1.9246 cfm_new=1.9247 kl=0.000061 grad=0.0266 grad_c=0.0899 lr=0.003844 critic_lr=0.004444
[TRAIN] mean_reward=-0.65444 mean_len=10.61 recent_eps=100 completed_eps=683982
[UPDATE_EFFECT] action_delta=0.01054769 param_rms_delta=0.00218572
[TIME] collect=5.193s update=5.804s
[DONE] timeout=0.00000 anchor_pos=0.00049 anchor_ori=0.01477 ee_body=0.98462
[DONE_ROLLOUT] timeout=0.00000 anchor_pos=0.00002 anchor_ori=0.00062 ee_body=0.09363
[FIRST_FAILURE] step_mean=5.81 step_min=0 step_max=23 phase_mean=125.00 phase_min=6 phase_max=324 anchor_pos=0.00049 anchor_ori=0.01074 ee_body=0.97986 timeout=0.00000
[TRACK_CHUNK0] anchor_pos=0.85224 anchor_ori=0.43894 body_pos=0.81653 body_ori=0.28975 body_lin=0.23336 body_ang=0.01377
[TRACK_ROLLOUT] anchor_pos=0.85500 anchor_ori=0.44069 body_pos=0.81836 body_ori=0.29501 body_lin=0.23519 body_ang=0.01408
[TRAIN_COST] action_rate=47.76783 joint_limit=0.03045 undesired_contacts=1.30566
[REWARD_WEIGHTED] pos=0.04021 penalty=-0.10320 total=-0.06299 act_rate=-0.09466 contacts=-0.00262
[ACT_GREEDY] abs_mean=0.1973 abs_p95=0.5908 abs_p99=0.8691 abs_max=1.5932 legs=0.1827 waist=0.4118 arms=0.1639
[ACT_ROLLOUT] abs_mean=0.7998 abs_p95=1.9667 abs_p99=2.5895 abs_max=5.6814 abs_max_all=5.6814
[SAMPLER] top_bin=0 top_prob=0.409 peak_bin=0 failed_sum=426.3691 entropy=0.8555
[TRAIN_BODY] torso_ori=20.31deg l_wrist_ori=35.23deg r_wrist_ori=45.64deg l_elbow_ori=31.98deg r_elbow_ori=41.99deg l_shoulder_ori=26.43deg r_shoulder_ori=31.33deg
[TRAIN_ANG] torso=4.258 l_wrist=9.574 r_wrist=10.952 l_elbow=8.120 r_elbow=9.313 l_shoulder=6.525 r_shoulder=7.177
[TRAIN_ACT] l_wrist_r=0.1239 l_wrist_p=0.1269 l_wrist_y=0.0977 r_wrist_r=0.1298 r_wrist_p=0.1438 r_wrist_y=0.1238 l_elbow=0.1611 r_elbow=0.1228
[UPDATE] 49/500 reward_step=-0.06230 done_frac=0.09566 mean_reward=-0.63615 mean_len=10.07
[FPO++] actor_loss=-0.00223 value_loss=0.01519 ratio=0.9999 [0.949,1.057] clip_frac=0.1628 cfm_old=1.9219 cfm_new=1.9221 kl=0.000061 grad=0.0263 grad_c=0.0814 lr=0.003844 critic_lr=0.004444
[TRAIN] mean_reward=-0.63615 mean_len=10.07 recent_eps=100 completed_eps=702789
[UPDATE_EFFECT] action_delta=0.01063832 param_rms_delta=0.00225457
[TIME] collect=5.194s update=5.811s
[DONE] timeout=0.00000 anchor_pos=0.00037 anchor_ori=0.01392 ee_body=0.98657
[DONE_ROLLOUT] timeout=0.00000 anchor_pos=0.00002 anchor_ori=0.00058 ee_body=0.09536
[FIRST_FAILURE] step_mean=5.73 step_min=0 step_max=23 phase_mean=125.22 phase_min=5 phase_max=324 anchor_pos=0.00037 anchor_ori=0.01050 ee_body=0.98267 timeout=0.00000
[TRACK_CHUNK0] anchor_pos=0.85640 anchor_ori=0.44590 body_pos=0.81875 body_ori=0.29625 body_lin=0.23710 body_ang=0.01434
[TRACK_ROLLOUT] anchor_pos=0.85813 anchor_ori=0.44215 body_pos=0.82169 body_ori=0.29964 body_lin=0.23476 body_ang=0.01409
[TRAIN_COST] action_rate=47.05148 joint_limit=0.02894 undesired_contacts=1.27393
[REWARD_WEIGHTED] pos=0.04041 penalty=-0.10271 total=-0.06230 act_rate=-0.09413 contacts=-0.00266
[ACT_GREEDY] abs_mean=0.2011 abs_p95=0.6055 abs_p99=0.8875 abs_max=1.5641 legs=0.1872 waist=0.4199 arms=0.1662
[ACT_ROLLOUT] abs_mean=0.8003 abs_p95=1.9680 abs_p99=2.5881 abs_max=5.6881 abs_max_all=5.6881
[SAMPLER] top_bin=0 top_prob=0.410 peak_bin=0 failed_sum=434.8462 entropy=0.8548
[TRAIN_BODY] torso_ori=20.19deg l_wrist_ori=34.98deg r_wrist_ori=45.29deg l_elbow_ori=31.70deg r_elbow_ori=41.77deg l_shoulder_ori=26.16deg r_shoulder_ori=30.94deg
[TRAIN_ANG] torso=4.292 l_wrist=9.644 r_wrist=10.811 l_elbow=8.061 r_elbow=9.241 l_shoulder=6.475 r_shoulder=7.111
[TRAIN_ACT] l_wrist_r=0.1250 l_wrist_p=0.1299 l_wrist_y=0.0993 r_wrist_r=0.1358 r_wrist_p=0.1441 r_wrist_y=0.1234 l_elbow=0.1655 r_elbow=0.1236
[UPDATE] 50/500 reward_step=-0.06156 done_frac=0.09602 mean_reward=-0.64918 mean_len=10.91
[FPO++] actor_loss=-0.00320 value_loss=0.01461 ratio=1.0000 [0.950,1.053] clip_frac=0.1741 cfm_old=1.9187 cfm_new=1.9188 kl=0.000065 grad=0.0285 grad_c=0.0697 lr=0.003844 critic_lr=0.004444
[TRAIN] mean_reward=-0.64918 mean_len=10.91 recent_eps=100 completed_eps=721668
[UPDATE_EFFECT] action_delta=0.01048830 param_rms_delta=0.00226687
[TIME] collect=5.158s update=5.807s
[DONE] timeout=0.00000 anchor_pos=0.00012 anchor_ori=0.01331 ee_body=0.98621
[DONE_ROLLOUT] timeout=0.00000 anchor_pos=0.00001 anchor_ori=0.00055 ee_body=0.09575
[FIRST_FAILURE] step_mean=5.72 step_min=0 step_max=23 phase_mean=122.98 phase_min=5 phase_max=324 anchor_pos=0.00012 anchor_ori=0.00952 ee_body=0.98218 timeout=0.00000
[TRACK_CHUNK0] anchor_pos=0.85991 anchor_ori=0.44823 body_pos=0.82555 body_ori=0.30448 body_lin=0.23731 body_ang=0.01436
[TRACK_ROLLOUT] anchor_pos=0.85982 anchor_ori=0.44392 body_pos=0.82322 body_ori=0.30104 body_lin=0.23456 body_ang=0.01411
[TRAIN_COST] action_rate=46.91601 joint_limit=0.02922 undesired_contacts=1.33313
[REWARD_WEIGHTED] pos=0.04050 penalty=-0.10205 total=-0.06156 act_rate=-0.09344 contacts=-0.00269
[ACT_GREEDY] abs_mean=0.2059 abs_p95=0.6200 abs_p99=0.9116 abs_max=1.6191 legs=0.1897 waist=0.4325 arms=0.1712
[ACT_ROLLOUT] abs_mean=0.7998 abs_p95=1.9680 abs_p99=2.5936 abs_max=5.5300 abs_max_all=5.5300
[SAMPLER] top_bin=0 top_prob=0.411 peak_bin=0 failed_sum=443.1941 entropy=0.8540
[TRAIN_BODY] torso_ori=20.02deg l_wrist_ori=34.19deg r_wrist_ori=44.42deg l_elbow_ori=30.88deg r_elbow_ori=40.89deg l_shoulder_ori=25.63deg r_shoulder_ori=30.30deg
[TRAIN_ANG] torso=4.288 l_wrist=9.494 r_wrist=10.766 l_elbow=8.001 r_elbow=9.220 l_shoulder=6.501 r_shoulder=7.142
[TRAIN_ACT] l_wrist_r=0.1268 l_wrist_p=0.1313 l_wrist_y=0.1014 r_wrist_r=0.1358 r_wrist_p=0.1465 r_wrist_y=0.1250 l_elbow=0.1756 r_elbow=0.1285
[UPDATE] 51/500 reward_step=-0.06064 done_frac=0.09687 mean_reward=-0.61798 mean_len=10.30
[FPO++] actor_loss=-0.00300 value_loss=0.01419 ratio=0.9997 [0.940,1.064] clip_frac=0.2058 cfm_old=1.9140 cfm_new=1.9143 kl=0.000077 grad=0.0346 grad_c=0.0741 lr=0.003844 critic_lr=0.004444
[TRAIN] mean_reward=-0.61798 mean_len=10.30 recent_eps=100 completed_eps=740714
[UPDATE_EFFECT] action_delta=0.01078744 param_rms_delta=0.00231457
[TIME] collect=5.242s update=5.814s
[DONE] timeout=0.00000 anchor_pos=0.00037 anchor_ori=0.01160 ee_body=0.99036
[DONE_ROLLOUT] timeout=0.00000 anchor_pos=0.00002 anchor_ori=0.00048 ee_body=0.09665
[FIRST_FAILURE] step_mean=5.62 step_min=0 step_max=23 phase_mean=122.54 phase_min=5 phase_max=324 anchor_pos=0.00037 anchor_ori=0.00940 ee_body=0.98694 timeout=0.00000
[TRACK_CHUNK0] anchor_pos=0.86040 anchor_ori=0.44732 body_pos=0.82411 body_ori=0.30559 body_lin=0.23472 body_ang=0.01472
[TRACK_ROLLOUT] anchor_pos=0.86092 anchor_ori=0.44694 body_pos=0.82459 body_ori=0.30435 body_lin=0.23413 body_ang=0.01421
[TRAIN_COST] action_rate=46.38235 joint_limit=0.02959 undesired_contacts=1.35583
[REWARD_WEIGHTED] pos=0.04062 penalty=-0.10127 total=-0.06064 act_rate=-0.09266 contacts=-0.00269
[ACT_GREEDY] abs_mean=0.2107 abs_p95=0.6389 abs_p99=0.9325 abs_max=1.6248 legs=0.1941 waist=0.4469 arms=0.1743
[ACT_ROLLOUT] abs_mean=0.7994 abs_p95=1.9654 abs_p99=2.5891 abs_max=5.3010 abs_max_all=5.3010
[SAMPLER] top_bin=0 top_prob=0.412 peak_bin=0 failed_sum=451.5079 entropy=0.8531
[TRAIN_BODY] torso_ori=20.15deg l_wrist_ori=34.20deg r_wrist_ori=44.54deg l_elbow_ori=30.90deg r_elbow_ori=41.14deg l_shoulder_ori=25.64deg r_shoulder_ori=30.47deg
[TRAIN_ANG] torso=4.298 l_wrist=9.573 r_wrist=10.885 l_elbow=8.055 r_elbow=9.304 l_shoulder=6.532 r_shoulder=7.219
[TRAIN_ACT] l_wrist_r=0.1271 l_wrist_p=0.1322 l_wrist_y=0.1025 r_wrist_r=0.1380 r_wrist_p=0.1512 r_wrist_y=0.1254 l_elbow=0.1782 r_elbow=0.1292
[UPDATE] 52/500 reward_step=-0.06013 done_frac=0.09798 mean_reward=-0.66142 mean_len=10.62
[FPO++] actor_loss=-0.00273 value_loss=0.01325 ratio=0.9998 [0.942,1.063] clip_frac=0.2035 cfm_old=1.9113 cfm_new=1.9115 kl=0.000077 grad=0.0337 grad_c=0.0888 lr=0.003844 critic_lr=0.004444
[TRAIN] mean_reward=-0.66142 mean_len=10.62 recent_eps=100 completed_eps=759977
[UPDATE_EFFECT] action_delta=0.01083865 param_rms_delta=0.00232779
[TIME] collect=5.136s update=5.813s
[DONE] timeout=0.00000 anchor_pos=0.00037 anchor_ori=0.01111 ee_body=0.98938
[DONE_ROLLOUT] timeout=0.00000 anchor_pos=0.00002 anchor_ori=0.00047 ee_body=0.09769
[FIRST_FAILURE] step_mean=5.56 step_min=0 step_max=23 phase_mean=124.34 phase_min=5 phase_max=324 anchor_pos=0.00037 anchor_ori=0.00842 ee_body=0.98511 timeout=0.00000
[TRACK_CHUNK0] anchor_pos=0.86173 anchor_ori=0.44479 body_pos=0.82541 body_ori=0.30182 body_lin=0.23369 body_ang=0.01400
[TRACK_ROLLOUT] anchor_pos=0.86306 anchor_ori=0.44495 body_pos=0.82689 body_ori=0.30564 body_lin=0.23224 body_ang=0.01407
[TRAIN_COST] action_rate=46.20748 joint_limit=0.02965 undesired_contacts=1.32849
[REWARD_WEIGHTED] pos=0.04066 penalty=-0.10079 total=-0.06013 act_rate=-0.09212 contacts=-0.00273
[ACT_GREEDY] abs_mean=0.2144 abs_p95=0.6522 abs_p99=0.9594 abs_max=1.8021 legs=0.1974 waist=0.4566 arms=0.1771
[ACT_ROLLOUT] abs_mean=0.7999 abs_p95=1.9680 abs_p99=2.5891 abs_max=5.8560 abs_max_all=5.8560
[SAMPLER] top_bin=0 top_prob=0.413 peak_bin=0 failed_sum=459.8394 entropy=0.8524
[TRAIN_BODY] torso_ori=20.15deg l_wrist_ori=34.21deg r_wrist_ori=44.76deg l_elbow_ori=30.94deg r_elbow_ori=41.28deg l_shoulder_ori=25.75deg r_shoulder_ori=30.58deg
[TRAIN_ANG] torso=4.301 l_wrist=9.618 r_wrist=10.921 l_elbow=8.081 r_elbow=9.324 l_shoulder=6.527 r_shoulder=7.231
[TRAIN_ACT] l_wrist_r=0.1301 l_wrist_p=0.1360 l_wrist_y=0.1056 r_wrist_r=0.1372 r_wrist_p=0.1467 r_wrist_y=0.1249 l_elbow=0.1786 r_elbow=0.1322
[UPDATE] 53/500 reward_step=-0.05918 done_frac=0.09947 mean_reward=-0.57511 mean_len=10.14
[FPO++] actor_loss=-0.00175 value_loss=0.01240 ratio=0.9997 [0.926,1.078] clip_frac=0.2382 cfm_old=1.9067 cfm_new=1.9070 kl=0.000087 grad=0.0388 grad_c=0.0542 lr=0.003844 critic_lr=0.004444
[TRAIN] mean_reward=-0.57511 mean_len=10.14 recent_eps=100 completed_eps=779534
[UPDATE_EFFECT] action_delta=0.01138116 param_rms_delta=0.00234348
[TIME] collect=5.278s update=5.809s
[DONE] timeout=0.00000 anchor_pos=0.00024 anchor_ori=0.01355 ee_body=0.98975
[DONE_ROLLOUT] timeout=0.00000 anchor_pos=0.00001 anchor_ori=0.00056 ee_body=0.09917
[FIRST_FAILURE] step_mean=5.35 step_min=0 step_max=23 phase_mean=122.24 phase_min=6 phase_max=324 anchor_pos=0.00024 anchor_ori=0.01025 ee_body=0.98523 timeout=0.00000
[TRACK_CHUNK0] anchor_pos=0.86152 anchor_ori=0.44437 body_pos=0.82582 body_ori=0.30700 body_lin=0.22945 body_ang=0.01401
[TRACK_ROLLOUT] anchor_pos=0.86496 anchor_ori=0.44966 body_pos=0.82920 body_ori=0.31024 body_lin=0.23172 body_ang=0.01417
[TRAIN_COST] action_rate=45.77194 joint_limit=0.02971 undesired_contacts=1.36035
[REWARD_WEIGHTED] pos=0.04085 penalty=-0.10003 total=-0.05918 act_rate=-0.09135 contacts=-0.00277
[ACT_GREEDY] abs_mean=0.2185 abs_p95=0.6631 abs_p99=0.9754 abs_max=1.6787 legs=0.1991 waist=0.4706 arms=0.1812
[ACT_ROLLOUT] abs_mean=0.7993 abs_p95=1.9663 abs_p99=2.5914 abs_max=5.6914 abs_max_all=5.6914
[SAMPLER] top_bin=0 top_prob=0.415 peak_bin=0 failed_sum=468.2625 entropy=0.8514
[TRAIN_BODY] torso_ori=20.28deg l_wrist_ori=34.07deg r_wrist_ori=44.24deg l_elbow_ori=30.93deg r_elbow_ori=40.88deg l_shoulder_ori=25.84deg r_shoulder_ori=30.46deg
[TRAIN_ANG] torso=4.336 l_wrist=9.642 r_wrist=11.030 l_elbow=8.156 r_elbow=9.431 l_shoulder=6.617 r_shoulder=7.345
[TRAIN_ACT] l_wrist_r=0.1315 l_wrist_p=0.1349 l_wrist_y=0.1096 r_wrist_r=0.1399 r_wrist_p=0.1508 r_wrist_y=0.1308 l_elbow=0.1874 r_elbow=0.1392
[UPDATE] 54/500 reward_step=-0.05830 done_frac=0.10047 mean_reward=-0.60850 mean_len=10.63
[FPO++] actor_loss=-0.00073 value_loss=0.01194 ratio=0.9995 [0.907,1.111] clip_frac=0.2863 cfm_old=1.8994 cfm_new=1.9000 kl=0.000115 grad=0.0475 grad_c=0.0781 lr=0.003844 critic_lr=0.004444
[TRAIN] mean_reward=-0.60850 mean_len=10.63 recent_eps=100 completed_eps=799288
[UPDATE_EFFECT] action_delta=0.01197026 param_rms_delta=0.00242513
[TIME] collect=5.115s update=5.818s
[DONE] timeout=0.00000 anchor_pos=0.00049 anchor_ori=0.01208 ee_body=0.99207
[DONE_ROLLOUT] timeout=0.00000 anchor_pos=0.00002 anchor_ori=0.00050 ee_body=0.10018
[FIRST_FAILURE] step_mean=5.34 step_min=0 step_max=23 phase_mean=122.47 phase_min=6 phase_max=324 anchor_pos=0.00049 anchor_ori=0.00916 ee_body=0.98706 timeout=0.00000
[TRACK_CHUNK0] anchor_pos=0.86643 anchor_ori=0.44666 body_pos=0.82959 body_ori=0.30767 body_lin=0.23109 body_ang=0.01440
[TRACK_ROLLOUT] anchor_pos=0.86750 anchor_ori=0.44705 body_pos=0.83023 body_ori=0.31153 body_lin=0.23063 body_ang=0.01415
[TRAIN_COST] action_rate=45.37389 joint_limit=0.02961 undesired_contacts=1.40942
[REWARD_WEIGHTED] pos=0.04088 penalty=-0.09917 total=-0.05830 act_rate=-0.09053 contacts=-0.00278
[ACT_GREEDY] abs_mean=0.2235 abs_p95=0.6772 abs_p99=0.9888 abs_max=1.7525 legs=0.2041 waist=0.4820 arms=0.1847
[ACT_ROLLOUT] abs_mean=0.7981 abs_p95=1.9625 abs_p99=2.5852 abs_max=5.5826 abs_max_all=5.5826
[SAMPLER] top_bin=0 top_prob=0.416 peak_bin=0 failed_sum=476.6815 entropy=0.8506
[TRAIN_BODY] torso_ori=20.15deg l_wrist_ori=33.75deg r_wrist_ori=43.94deg l_elbow_ori=30.60deg r_elbow_ori=40.61deg l_shoulder_ori=25.57deg r_shoulder_ori=30.13deg
[TRAIN_ANG] torso=4.319 l_wrist=9.535 r_wrist=10.933 l_elbow=8.058 r_elbow=9.391 l_shoulder=6.553 r_shoulder=7.310
[TRAIN_ACT] l_wrist_r=0.1363 l_wrist_p=0.1398 l_wrist_y=0.1133 r_wrist_r=0.1417 r_wrist_p=0.1505 r_wrist_y=0.1304 l_elbow=0.1920 r_elbow=0.1426
[UPDATE] 55/500 reward_step=-0.05779 done_frac=0.10118 mean_reward=-0.55371 mean_len=9.77
[FPO++] actor_loss=-0.00284 value_loss=0.01193 ratio=0.9997 [0.929,1.088] clip_frac=0.2458 cfm_old=1.8975 cfm_new=1.8978 kl=0.000096 grad=0.0402 grad_c=0.0582 lr=0.003844 critic_lr=0.004444
[TRAIN] mean_reward=-0.55371 mean_len=9.77 recent_eps=100 completed_eps=819180
[UPDATE_EFFECT] action_delta=0.01194931 param_rms_delta=0.00234508
[TIME] collect=5.259s update=5.815s
[DONE] timeout=0.00000 anchor_pos=0.00012 anchor_ori=0.01221 ee_body=0.99097
[DONE_ROLLOUT] timeout=0.00000 anchor_pos=0.00001 anchor_ori=0.00051 ee_body=0.10095
[FIRST_FAILURE] step_mean=5.26 step_min=0 step_max=23 phase_mean=121.25 phase_min=5 phase_max=324 anchor_pos=0.00012 anchor_ori=0.00818 ee_body=0.98865 timeout=0.00000
[TRACK_CHUNK0] anchor_pos=0.86966 anchor_ori=0.45115 body_pos=0.83265 body_ori=0.31606 body_lin=0.23244 body_ang=0.01497
[TRACK_ROLLOUT] anchor_pos=0.86943 anchor_ori=0.44886 body_pos=0.83247 body_ori=0.31438 body_lin=0.22983 body_ang=0.01425
[TRAIN_COST] action_rate=44.88902 joint_limit=0.02985 undesired_contacts=1.37476
[REWARD_WEIGHTED] pos=0.04100 penalty=-0.09879 total=-0.05779 act_rate=-0.09010 contacts=-0.00279
[ACT_GREEDY] abs_mean=0.2273 abs_p95=0.6897 abs_p99=1.0072 abs_max=1.8061 legs=0.2075 waist=0.4900 arms=0.1881
[ACT_ROLLOUT] abs_mean=0.7987 abs_p95=1.9646 abs_p99=2.5882 abs_max=5.0573 abs_max_all=5.0573
[SAMPLER] top_bin=0 top_prob=0.417 peak_bin=0 failed_sum=485.0368 entropy=0.8498
[TRAIN_BODY] torso_ori=19.97deg l_wrist_ori=33.24deg r_wrist_ori=43.56deg l_elbow_ori=30.05deg r_elbow_ori=40.35deg l_shoulder_ori=25.23deg r_shoulder_ori=29.87deg
[TRAIN_ANG] torso=4.332 l_wrist=9.503 r_wrist=10.834 l_elbow=7.999 r_elbow=9.287 l_shoulder=6.562 r_shoulder=7.221
[TRAIN_ACT] l_wrist_r=0.1425 l_wrist_p=0.1375 l_wrist_y=0.1151 r_wrist_r=0.1414 r_wrist_p=0.1517 r_wrist_y=0.1348 l_elbow=0.1941 r_elbow=0.1453
[UPDATE] 56/500 reward_step=-0.05719 done_frac=0.10217 mean_reward=-0.58021 mean_len=10.31
[FPO++] actor_loss=-0.00315 value_loss=0.01109 ratio=0.9997 [0.921,1.080] clip_frac=0.2567 cfm_old=1.8937 cfm_new=1.8940 kl=0.000102 grad=0.0440 grad_c=0.0697 lr=0.003844 critic_lr=0.004444
[TRAIN] mean_reward=-0.58021 mean_len=10.31 recent_eps=100 completed_eps=839267
[UPDATE_EFFECT] action_delta=0.01205857 param_rms_delta=0.00235625
[TIME] collect=5.220s update=5.814s
[DONE] timeout=0.00000 anchor_pos=0.00037 anchor_ori=0.01196 ee_body=0.99304
[DONE_ROLLOUT] timeout=0.00000 anchor_pos=0.00002 anchor_ori=0.00050 ee_body=0.10192
[FIRST_FAILURE] step_mean=5.21 step_min=0 step_max=23 phase_mean=120.82 phase_min=5 phase_max=324 anchor_pos=0.00037 anchor_ori=0.00867 ee_body=0.99023 timeout=0.00000
[TRACK_CHUNK0] anchor_pos=0.86950 anchor_ori=0.44809 body_pos=0.83216 body_ori=0.31816 body_lin=0.22888 body_ang=0.01466
[TRACK_ROLLOUT] anchor_pos=0.87002 anchor_ori=0.44981 body_pos=0.83319 body_ori=0.31804 body_lin=0.22817 body_ang=0.01430
[TRAIN_COST] action_rate=44.82920 joint_limit=0.02960 undesired_contacts=1.40417
[REWARD_WEIGHTED] pos=0.04107 penalty=-0.09826 total=-0.05719 act_rate=-0.08946 contacts=-0.00286
[ACT_GREEDY] abs_mean=0.2308 abs_p95=0.6993 abs_p99=1.0192 abs_max=1.7946 legs=0.2098 waist=0.4975 arms=0.1917
[ACT_ROLLOUT] abs_mean=0.7984 abs_p95=1.9642 abs_p99=2.5881 abs_max=5.4989 abs_max_all=5.4989
[SAMPLER] top_bin=0 top_prob=0.418 peak_bin=0 failed_sum=493.3867 entropy=0.8489
[TRAIN_BODY] torso_ori=20.17deg l_wrist_ori=33.13deg r_wrist_ori=43.46deg l_elbow_ori=29.86deg r_elbow_ori=40.19deg l_shoulder_ori=25.28deg r_shoulder_ori=29.93deg
[TRAIN_ANG] torso=4.386 l_wrist=9.577 r_wrist=10.949 l_elbow=8.079 r_elbow=9.410 l_shoulder=6.608 r_shoulder=7.272
[TRAIN_ACT] l_wrist_r=0.1406 l_wrist_p=0.1430 l_wrist_y=0.1157 r_wrist_r=0.1446 r_wrist_p=0.1569 r_wrist_y=0.1342 l_elbow=0.2022 r_elbow=0.1533
[UPDATE] 57/500 reward_step=-0.05658 done_frac=0.10316 mean_reward=-0.52291 mean_len=9.58
[FPO++] actor_loss=-0.00350 value_loss=0.01079 ratio=0.9997 [0.906,1.095] clip_frac=0.2654 cfm_old=1.8911 cfm_new=1.8915 kl=0.000100 grad=0.0435 grad_c=0.0535 lr=0.003844 critic_lr=0.004444
[TRAIN] mean_reward=-0.52291 mean_len=9.58 recent_eps=100 completed_eps=859550
[UPDATE_EFFECT] action_delta=0.01271462 param_rms_delta=0.00237401
[TIME] collect=5.182s update=5.814s
[DONE] timeout=0.00000 anchor_pos=0.00000 anchor_ori=0.01111 ee_body=0.99353
[DONE_ROLLOUT] timeout=0.00000 anchor_pos=0.00000 anchor_ori=0.00046 ee_body=0.10287
[FIRST_FAILURE] step_mean=5.15 step_min=0 step_max=23 phase_mean=119.52 phase_min=5 phase_max=324 anchor_pos=0.00000 anchor_ori=0.00830 ee_body=0.98889 timeout=0.00000
[TRACK_CHUNK0] anchor_pos=0.86969 anchor_ori=0.44999 body_pos=0.83421 body_ori=0.31639 body_lin=0.22875 body_ang=0.01472
[TRACK_ROLLOUT] anchor_pos=0.87133 anchor_ori=0.45226 body_pos=0.83520 body_ori=0.32021 body_lin=0.22823 body_ang=0.01431
[TRAIN_COST] action_rate=44.70890 joint_limit=0.02953 undesired_contacts=1.41919
[REWARD_WEIGHTED] pos=0.04119 penalty=-0.09778 total=-0.05658 act_rate=-0.08899 contacts=-0.00289
[ACT_GREEDY] abs_mean=0.2357 abs_p95=0.7179 abs_p99=1.0431 abs_max=1.8231 legs=0.2135 waist=0.5127 arms=0.1954
[ACT_ROLLOUT] abs_mean=0.7986 abs_p95=1.9649 abs_p99=2.5881 abs_max=5.1272 abs_max_all=5.1272
[SAMPLER] top_bin=0 top_prob=0.419 peak_bin=0 failed_sum=501.7327 entropy=0.8481
[TRAIN_BODY] torso_ori=20.16deg l_wrist_ori=32.94deg r_wrist_ori=43.30deg l_elbow_ori=29.87deg r_elbow_ori=40.00deg l_shoulder_ori=25.34deg r_shoulder_ori=29.60deg
[TRAIN_ANG] torso=4.379 l_wrist=9.491 r_wrist=10.975 l_elbow=7.989 r_elbow=9.438 l_shoulder=6.585 r_shoulder=7.335
[TRAIN_ACT] l_wrist_r=0.1428 l_wrist_p=0.1470 l_wrist_y=0.1243 r_wrist_r=0.1461 r_wrist_p=0.1553 r_wrist_y=0.1379 l_elbow=0.2034 r_elbow=0.1555
[UPDATE] 58/500 reward_step=-0.05599 done_frac=0.10419 mean_reward=-0.53225 mean_len=9.63
[FPO++] actor_loss=-0.00187 value_loss=0.01013 ratio=0.9997 [0.906,1.117] clip_frac=0.2301 cfm_old=1.8875 cfm_new=1.8878 kl=0.000088 grad=0.0441 grad_c=0.0724 lr=0.002563 critic_lr=0.002963
[TRAIN] mean_reward=-0.53225 mean_len=9.63 recent_eps=100 completed_eps=880034
[UPDATE_EFFECT] action_delta=0.01030330 param_rms_delta=0.00180157
[TIME] collect=5.173s update=5.820s
[DONE] timeout=0.00000 anchor_pos=0.00000 anchor_ori=0.01184 ee_body=0.99292
[DONE_ROLLOUT] timeout=0.00000 anchor_pos=0.00000 anchor_ori=0.00049 ee_body=0.10392
[FIRST_FAILURE] step_mean=5.08 step_min=0 step_max=23 phase_mean=117.81 phase_min=6 phase_max=324 anchor_pos=0.00000 anchor_ori=0.00732 ee_body=0.98975 timeout=0.00000
[TRACK_CHUNK0] anchor_pos=0.87236 anchor_ori=0.45268 body_pos=0.83702 body_ori=0.32072 body_lin=0.22684 body_ang=0.01436
[TRACK_ROLLOUT] anchor_pos=0.87322 anchor_ori=0.45173 body_pos=0.83627 body_ori=0.32232 body_lin=0.22604 body_ang=0.01425
[TRAIN_COST] action_rate=44.35297 joint_limit=0.02954 undesired_contacts=1.44702
[REWARD_WEIGHTED] pos=0.04123 penalty=-0.09721 total=-0.05599 act_rate=-0.08841 contacts=-0.00290
[ACT_GREEDY] abs_mean=0.2401 abs_p95=0.7295 abs_p99=1.0641 abs_max=1.8930 legs=0.2159 waist=0.5250 arms=0.1997
[ACT_ROLLOUT] abs_mean=0.7992 abs_p95=1.9663 abs_p99=2.5919 abs_max=5.3066 abs_max_all=5.3066
[SAMPLER] top_bin=0 top_prob=0.421 peak_bin=0 failed_sum=510.0794 entropy=0.8470
[TRAIN_BODY] torso_ori=20.00deg l_wrist_ori=32.50deg r_wrist_ori=42.93deg l_elbow_ori=29.27deg r_elbow_ori=39.65deg l_shoulder_ori=25.00deg r_shoulder_ori=29.46deg
[TRAIN_ANG] torso=4.418 l_wrist=9.556 r_wrist=11.045 l_elbow=8.062 r_elbow=9.460 l_shoulder=6.659 r_shoulder=7.366
[TRAIN_ACT] l_wrist_r=0.1453 l_wrist_p=0.1532 l_wrist_y=0.1262 r_wrist_r=0.1480 r_wrist_p=0.1577 r_wrist_y=0.1406 l_elbow=0.2135 r_elbow=0.1637
[UPDATE] 59/500 reward_step=-0.05504 done_frac=0.10590 mean_reward=-0.52872 mean_len=9.36
[FPO++] actor_loss=-0.00346 value_loss=0.00934 ratio=1.0000 [0.953,1.051] clip_frac=0.1619 cfm_old=1.8824 cfm_new=1.8824 kl=0.000058 grad=0.0296 grad_c=0.0657 lr=0.002563 critic_lr=0.002963
[TRAIN] mean_reward=-0.52872 mean_len=9.36 recent_eps=100 completed_eps=900855
[UPDATE_EFFECT] action_delta=0.01053033 param_rms_delta=0.00180116
[TIME] collect=5.204s update=5.815s
[DONE] timeout=0.00000 anchor_pos=0.00037 anchor_ori=0.00854 ee_body=0.99402
[DONE_ROLLOUT] timeout=0.00000 anchor_pos=0.00002 anchor_ori=0.00036 ee_body=0.10571
[FIRST_FAILURE] step_mean=4.93 step_min=0 step_max=23 phase_mean=118.39 phase_min=6 phase_max=324 anchor_pos=0.00037 anchor_ori=0.00598 ee_body=0.99170 timeout=0.00000
[TRACK_CHUNK0] anchor_pos=0.87275 anchor_ori=0.45352 body_pos=0.83588 body_ori=0.32443 body_lin=0.22458 body_ang=0.01412
[TRACK_ROLLOUT] anchor_pos=0.87504 anchor_ori=0.45594 body_pos=0.83789 body_ori=0.32650 body_lin=0.22603 body_ang=0.01449
[TRAIN_COST] action_rate=44.02220 joint_limit=0.02956 undesired_contacts=1.47754
[REWARD_WEIGHTED] pos=0.04141 penalty=-0.09645 total=-0.05504 act_rate=-0.08760 contacts=-0.00296
[ACT_GREEDY] abs_mean=0.2460 abs_p95=0.7507 abs_p99=1.0937 abs_max=1.9068 legs=0.2204 waist=0.5439 arms=0.2041
[ACT_ROLLOUT] abs_mean=0.7982 abs_p95=1.9636 abs_p99=2.5899 abs_max=5.2883 abs_max_all=5.2883
[SAMPLER] top_bin=0 top_prob=0.422 peak_bin=0 failed_sum=518.5606 entropy=0.8462
[TRAIN_BODY] torso_ori=20.12deg l_wrist_ori=32.12deg r_wrist_ori=42.70deg l_elbow_ori=29.00deg r_elbow_ori=39.56deg l_shoulder_ori=24.94deg r_shoulder_ori=29.47deg
[TRAIN_ANG] torso=4.390 l_wrist=9.532 r_wrist=11.090 l_elbow=8.081 r_elbow=9.597 l_shoulder=6.604 r_shoulder=7.398
[TRAIN_ACT] l_wrist_r=0.1462 l_wrist_p=0.1591 l_wrist_y=0.1264 r_wrist_r=0.1512 r_wrist_p=0.1585 r_wrist_y=0.1421 l_elbow=0.2178 r_elbow=0.1651
[UPDATE] 60/500 reward_step=-0.05428 done_frac=0.10692 mean_reward=-0.53215 mean_len=9.47
[FPO++] actor_loss=-0.00315 value_loss=0.00909 ratio=1.0000 [0.951,1.081] clip_frac=0.1635 cfm_old=1.8777 cfm_new=1.8778 kl=0.000060 grad=0.0304 grad_c=0.0585 lr=0.002563 critic_lr=0.002963
[TRAIN] mean_reward=-0.53215 mean_len=9.47 recent_eps=100 completed_eps=921876
[UPDATE_EFFECT] action_delta=0.01083293 param_rms_delta=0.00183541
[TIME] collect=5.134s update=5.803s
[DONE] timeout=0.00000 anchor_pos=0.00012 anchor_ori=0.01050 ee_body=0.99475
[DONE_ROLLOUT] timeout=0.00000 anchor_pos=0.00001 anchor_ori=0.00044 ee_body=0.10674
[FIRST_FAILURE] step_mean=4.94 step_min=0 step_max=23 phase_mean=116.55 phase_min=5 phase_max=324 anchor_pos=0.00012 anchor_ori=0.00659 ee_body=0.99268 timeout=0.00000
[TRACK_CHUNK0] anchor_pos=0.87460 anchor_ori=0.46108 body_pos=0.83880 body_ori=0.32888 body_lin=0.22597 body_ang=0.01448
[TRACK_ROLLOUT] anchor_pos=0.87650 anchor_ori=0.45653 body_pos=0.83933 body_ori=0.32855 body_lin=0.22501 body_ang=0.01453
[TRAIN_COST] action_rate=43.57547 joint_limit=0.02937 undesired_contacts=1.47986
[REWARD_WEIGHTED] pos=0.04148 penalty=-0.09576 total=-0.05428 act_rate=-0.08688 contacts=-0.00297
[ACT_GREEDY] abs_mean=0.2509 abs_p95=0.7685 abs_p99=1.1222 abs_max=1.9649 legs=0.2255 waist=0.5513 arms=0.2083
[ACT_ROLLOUT] abs_mean=0.7986 abs_p95=1.9645 abs_p99=2.5886 abs_max=5.7087 abs_max_all=5.7087
[SAMPLER] top_bin=0 top_prob=0.424 peak_bin=0 failed_sum=527.0391 entropy=0.8451
[TRAIN_BODY] torso_ori=19.83deg l_wrist_ori=31.89deg r_wrist_ori=42.37deg l_elbow_ori=28.83deg r_elbow_ori=39.25deg l_shoulder_ori=24.79deg r_shoulder_ori=29.19deg
[TRAIN_ANG] torso=4.395 l_wrist=9.526 r_wrist=11.069 l_elbow=8.075 r_elbow=9.546 l_shoulder=6.679 r_shoulder=7.394
[TRAIN_ACT] l_wrist_r=0.1463 l_wrist_p=0.1631 l_wrist_y=0.1283 r_wrist_r=0.1542 r_wrist_p=0.1595 r_wrist_y=0.1453 l_elbow=0.2249 r_elbow=0.1711
[UPDATE] 61/500 reward_step=-0.05319 done_frac=0.10713 mean_reward=-0.48142 mean_len=9.36
[FPO++] actor_loss=-0.00327 value_loss=0.00896 ratio=0.9999 [0.945,1.057] clip_frac=0.1767 cfm_old=1.8712 cfm_new=1.8713 kl=0.000063 grad=0.0325 grad_c=0.0618 lr=0.002563 critic_lr=0.002963
[TRAIN] mean_reward=-0.48142 mean_len=9.36 recent_eps=100 completed_eps=942938
[UPDATE_EFFECT] action_delta=0.01109357 param_rms_delta=0.00183226
[TIME] collect=5.158s update=5.812s
[DONE] timeout=0.00000 anchor_pos=0.00024 anchor_ori=0.01001 ee_body=0.99414
[DONE_ROLLOUT] timeout=0.00000 anchor_pos=0.00001 anchor_ori=0.00042 ee_body=0.10694
[FIRST_FAILURE] step_mean=4.85 step_min=0 step_max=23 phase_mean=116.66 phase_min=5 phase_max=324 anchor_pos=0.00024 anchor_ori=0.00647 ee_body=0.99182 timeout=0.00000
[TRACK_CHUNK0] anchor_pos=0.87652 anchor_ori=0.45892 body_pos=0.84084 body_ori=0.33385 body_lin=0.22416 body_ang=0.01468
[TRACK_ROLLOUT] anchor_pos=0.87774 anchor_ori=0.45601 body_pos=0.84117 body_ori=0.33139 body_lin=0.22453 body_ang=0.01460
[TRAIN_COST] action_rate=43.02327 joint_limit=0.02903 undesired_contacts=1.48657
[REWARD_WEIGHTED] pos=0.04157 penalty=-0.09476 total=-0.05319 act_rate=-0.08603 contacts=-0.00294
[ACT_GREEDY] abs_mean=0.2574 abs_p95=0.7881 abs_p99=1.1446 abs_max=1.9186 legs=0.2301 waist=0.5694 arms=0.2140
[ACT_ROLLOUT] abs_mean=0.7976 abs_p95=1.9623 abs_p99=2.5892 abs_max=5.1736 abs_max_all=5.1736
[SAMPLER] top_bin=0 top_prob=0.425 peak_bin=0 failed_sum=535.3567 entropy=0.8443
[TRAIN_BODY] torso_ori=19.77deg l_wrist_ori=31.55deg r_wrist_ori=42.06deg l_elbow_ori=28.64deg r_elbow_ori=38.88deg l_shoulder_ori=24.54deg r_shoulder_ori=28.83deg
[TRAIN_ANG] torso=4.410 l_wrist=9.532 r_wrist=11.040 l_elbow=8.107 r_elbow=9.567 l_shoulder=6.676 r_shoulder=7.430
[TRAIN_ACT] l_wrist_r=0.1490 l_wrist_p=0.1700 l_wrist_y=0.1323 r_wrist_r=0.1543 r_wrist_p=0.1603 r_wrist_y=0.1470 l_elbow=0.2378 r_elbow=0.1795
[UPDATE] 62/500 reward_step=-0.05274 done_frac=0.10764 mean_reward=-0.44664 mean_len=8.88
[FPO++] actor_loss=-0.00468 value_loss=0.00875 ratio=0.9999 [0.933,1.062] clip_frac=0.2149 cfm_old=1.8694 cfm_new=1.8695 kl=0.000076 grad=0.0381 grad_c=0.0743 lr=0.002563 critic_lr=0.002963
[TRAIN] mean_reward=-0.44664 mean_len=8.88 recent_eps=100 completed_eps=964100
[UPDATE_EFFECT] action_delta=0.01136881 param_rms_delta=0.00184561
[TIME] collect=5.127s update=5.809s
[DONE] timeout=0.00000 anchor_pos=0.00012 anchor_ori=0.00903 ee_body=0.99561
[DONE_ROLLOUT] timeout=0.00000 anchor_pos=0.00001 anchor_ori=0.00038 ee_body=0.10746
[FIRST_FAILURE] step_mean=4.88 step_min=0 step_max=23 phase_mean=117.83 phase_min=6 phase_max=324 anchor_pos=0.00012 anchor_ori=0.00623 ee_body=0.99304 timeout=0.00000
[TRACK_CHUNK0] anchor_pos=0.87675 anchor_ori=0.45842 body_pos=0.84087 body_ori=0.33057 body_lin=0.22409 body_ang=0.01452
[TRACK_ROLLOUT] anchor_pos=0.87770 anchor_ori=0.45585 body_pos=0.84154 body_ori=0.33128 body_lin=0.22469 body_ang=0.01454
[TRAIN_COST] action_rate=42.83605 joint_limit=0.02901 undesired_contacts=1.45581
[REWARD_WEIGHTED] pos=0.04158 penalty=-0.09431 total=-0.05274 act_rate=-0.08561 contacts=-0.00294
[ACT_GREEDY] abs_mean=0.2618 abs_p95=0.8017 abs_p99=1.1701 abs_max=2.1024 legs=0.2346 waist=0.5791 arms=0.2172
[ACT_ROLLOUT] abs_mean=0.7989 abs_p95=1.9669 abs_p99=2.5936 abs_max=5.7542 abs_max_all=5.7542
[SAMPLER] top_bin=0 top_prob=0.426 peak_bin=0 failed_sum=543.5760 entropy=0.8434
[TRAIN_BODY] torso_ori=19.76deg l_wrist_ori=31.55deg r_wrist_ori=41.84deg l_elbow_ori=28.51deg r_elbow_ori=38.76deg l_shoulder_ori=24.46deg r_shoulder_ori=28.78deg
[TRAIN_ANG] torso=4.440 l_wrist=9.599 r_wrist=11.099 l_elbow=8.130 r_elbow=9.551 l_shoulder=6.639 r_shoulder=7.462
[TRAIN_ACT] l_wrist_r=0.1522 l_wrist_p=0.1707 l_wrist_y=0.1376 r_wrist_r=0.1594 r_wrist_p=0.1629 r_wrist_y=0.1490 l_elbow=0.2425 r_elbow=0.1852
[UPDATE] 63/500 reward_step=-0.05192 done_frac=0.10952 mean_reward=-0.45746 mean_len=8.99
[FPO++] actor_loss=-0.00340 value_loss=0.00789 ratio=0.9999 [0.938,1.067] clip_frac=0.2196 cfm_old=1.8641 cfm_new=1.8642 kl=0.000080 grad=0.0411 grad_c=0.0596 lr=0.002563 critic_lr=0.002963
[TRAIN] mean_reward=-0.45746 mean_len=8.99 recent_eps=100 completed_eps=985632
[UPDATE_EFFECT] action_delta=0.01196042 param_rms_delta=0.00187205
[TIME] collect=5.182s update=5.805s
[DONE] timeout=0.00000 anchor_pos=0.00024 anchor_ori=0.00793 ee_body=0.99622
[DONE_ROLLOUT] timeout=0.00000 anchor_pos=0.00001 anchor_ori=0.00033 ee_body=0.10935
[FIRST_FAILURE] step_mean=4.75 step_min=0 step_max=23 phase_mean=117.62 phase_min=5 phase_max=324 anchor_pos=0.00024 anchor_ori=0.00574 ee_body=0.99341 timeout=0.00000
[TRACK_CHUNK0] anchor_pos=0.87759 anchor_ori=0.45437 body_pos=0.84152 body_ori=0.32983 body_lin=0.22373 body_ang=0.01468
[TRACK_ROLLOUT] anchor_pos=0.87987 anchor_ori=0.45819 body_pos=0.84352 body_ori=0.33511 body_lin=0.22329 body_ang=0.01473
[TRAIN_COST] action_rate=42.66850 joint_limit=0.02816 undesired_contacts=1.44531
[REWARD_WEIGHTED] pos=0.04171 penalty=-0.09363 total=-0.05192 act_rate=-0.08483 contacts=-0.00299
[ACT_GREEDY] abs_mean=0.2683 abs_p95=0.8231 abs_p99=1.1909 abs_max=2.0672 legs=0.2398 waist=0.5925 arms=0.2233
[ACT_ROLLOUT] abs_mean=0.7994 abs_p95=1.9676 abs_p99=2.5959 abs_max=5.5034 abs_max_all=5.5034
[SAMPLER] top_bin=0 top_prob=0.427 peak_bin=0 failed_sum=551.9659 entropy=0.8426
[TRAIN_BODY] torso_ori=20.14deg l_wrist_ori=31.74deg r_wrist_ori=42.00deg l_elbow_ori=28.63deg r_elbow_ori=39.05deg l_shoulder_ori=24.72deg r_shoulder_ori=28.99deg
[TRAIN_ANG] torso=4.470 l_wrist=9.568 r_wrist=11.039 l_elbow=8.039 r_elbow=9.569 l_shoulder=6.644 r_shoulder=7.471
[TRAIN_ACT] l_wrist_r=0.1563 l_wrist_p=0.1723 l_wrist_y=0.1387 r_wrist_r=0.1619 r_wrist_p=0.1653 r_wrist_y=0.1569 l_elbow=0.2524 r_elbow=0.1916
[UPDATE] 64/500 reward_step=-0.05118 done_frac=0.11064 mean_reward=-0.46270 mean_len=8.80
[FPO++] actor_loss=-0.00246 value_loss=0.00772 ratio=0.9997 [0.918,1.086] clip_frac=0.2734 cfm_old=1.8597 cfm_new=1.8601 kl=0.000094 grad=0.0498 grad_c=0.0799 lr=0.002563 critic_lr=0.002963
[TRAIN] mean_reward=-0.46270 mean_len=8.80 recent_eps=100 completed_eps=1007384
[UPDATE_EFFECT] action_delta=0.01160438 param_rms_delta=0.00188522
[TIME] collect=5.211s update=5.805s
[DONE] timeout=0.00000 anchor_pos=0.00012 anchor_ori=0.00781 ee_body=0.99683
[DONE_ROLLOUT] timeout=0.00000 anchor_pos=0.00001 anchor_ori=0.00033 ee_body=0.11047
[FIRST_FAILURE] step_mean=4.65 step_min=0 step_max=23 phase_mean=115.69 phase_min=5 phase_max=324 anchor_pos=0.00012 anchor_ori=0.00549 ee_body=0.99438 timeout=0.00000
[TRACK_CHUNK0] anchor_pos=0.87923 anchor_ori=0.45704 body_pos=0.84207 body_ori=0.33277 body_lin=0.22096 body_ang=0.01450
[TRACK_ROLLOUT] anchor_pos=0.88167 anchor_ori=0.46080 body_pos=0.84501 body_ori=0.33858 body_lin=0.22309 body_ang=0.01488
[TRAIN_COST] action_rate=42.30745 joint_limit=0.02871 undesired_contacts=1.53931
[REWARD_WEIGHTED] pos=0.04186 penalty=-0.09303 total=-0.05118 act_rate=-0.08420 contacts=-0.00305
[ACT_GREEDY] abs_mean=0.2736 abs_p95=0.8361 abs_p99=1.2052 abs_max=2.0598 legs=0.2436 waist=0.6056 arms=0.2281
[ACT_ROLLOUT] abs_mean=0.7996 abs_p95=1.9697 abs_p99=2.6007 abs_max=5.5541 abs_max_all=5.5541
[SAMPLER] top_bin=0 top_prob=0.429 peak_bin=0 failed_sum=560.3733 entropy=0.8417
[TRAIN_BODY] torso_ori=19.96deg l_wrist_ori=31.47deg r_wrist_ori=41.76deg l_elbow_ori=28.32deg r_elbow_ori=38.89deg l_shoulder_ori=24.42deg r_shoulder_ori=28.82deg
[TRAIN_ANG] torso=4.479 l_wrist=9.548 r_wrist=11.094 l_elbow=8.043 r_elbow=9.623 l_shoulder=6.752 r_shoulder=7.536
[TRAIN_ACT] l_wrist_r=0.1585 l_wrist_p=0.1754 l_wrist_y=0.1456 r_wrist_r=0.1676 r_wrist_p=0.1670 r_wrist_y=0.1581 l_elbow=0.2574 r_elbow=0.1996
[UPDATE] 65/500 reward_step=-0.05017 done_frac=0.11129 mean_reward=-0.46140 mean_len=8.90
[FPO++] actor_loss=-0.00254 value_loss=0.00713 ratio=0.9995 [0.902,1.102] clip_frac=0.3047 cfm_old=1.8521 cfm_new=1.8526 kl=0.000112 grad=0.0597 grad_c=0.0701 lr=0.002563 critic_lr=0.002963
[TRAIN] mean_reward=-0.46140 mean_len=8.90 recent_eps=100 completed_eps=1029265
[UPDATE_EFFECT] action_delta=0.01213283 param_rms_delta=0.00192905
[TIME] collect=5.195s update=5.805s
[DONE] timeout=0.00000 anchor_pos=0.00000 anchor_ori=0.00793 ee_body=0.99622
[DONE_ROLLOUT] timeout=0.00000 anchor_pos=0.00000 anchor_ori=0.00033 ee_body=0.11116
[FIRST_FAILURE] step_mean=4.61 step_min=0 step_max=23 phase_mean=116.88 phase_min=5 phase_max=324 anchor_pos=0.00000 anchor_ori=0.00647 ee_body=0.99402 timeout=0.00000
[TRACK_CHUNK0] anchor_pos=0.88288 anchor_ori=0.45972 body_pos=0.84550 body_ori=0.33712 body_lin=0.22233 body_ang=0.01512
[TRACK_ROLLOUT] anchor_pos=0.88206 anchor_ori=0.46046 body_pos=0.84545 body_ori=0.33959 body_lin=0.22174 body_ang=0.01486
[TRAIN_COST] action_rate=41.47807 joint_limit=0.02884 undesired_contacts=1.50537
[REWARD_WEIGHTED] pos=0.04186 penalty=-0.09202 total=-0.05017 act_rate=-0.08324 contacts=-0.00306
[ACT_GREEDY] abs_mean=0.2787 abs_p95=0.8564 abs_p99=1.2371 abs_max=2.1015 legs=0.2475 waist=0.6227 arms=0.2317
[ACT_ROLLOUT] abs_mean=0.7981 abs_p95=1.9661 abs_p99=2.5946 abs_max=5.7357 abs_max_all=5.7357
[SAMPLER] top_bin=0 top_prob=0.430 peak_bin=0 failed_sum=568.7095 entropy=0.8407
[TRAIN_BODY] torso_ori=19.81deg l_wrist_ori=31.06deg r_wrist_ori=41.09deg l_elbow_ori=28.05deg r_elbow_ori=38.25deg l_shoulder_ori=24.22deg r_shoulder_ori=28.31deg
[TRAIN_ANG] torso=4.497 l_wrist=9.499 r_wrist=11.090 l_elbow=8.033 r_elbow=9.602 l_shoulder=6.618 r_shoulder=7.528
[TRAIN_ACT] l_wrist_r=0.1591 l_wrist_p=0.1833 l_wrist_y=0.1451 r_wrist_r=0.1679 r_wrist_p=0.1741 r_wrist_y=0.1604 l_elbow=0.2595 r_elbow=0.2059
[UPDATE] 66/500 reward_step=-0.04921 done_frac=0.11154 mean_reward=-0.42144 mean_len=8.68
[FPO++] actor_loss=-0.00326 value_loss=0.00722 ratio=0.9998 [0.918,1.102] clip_frac=0.2503 cfm_old=1.8445 cfm_new=1.8448 kl=0.000094 grad=0.0508 grad_c=0.0924 lr=0.002563 critic_lr=0.002963
[TRAIN] mean_reward=-0.42144 mean_len=8.68 recent_eps=100 completed_eps=1051194
[UPDATE_EFFECT] action_delta=0.01148671 param_rms_delta=0.00186286
[TIME] collect=5.149s update=5.804s
[DONE] timeout=0.00000 anchor_pos=0.00000 anchor_ori=0.00671 ee_body=0.99597
[DONE_ROLLOUT] timeout=0.00000 anchor_pos=0.00000 anchor_ori=0.00028 ee_body=0.11142
[FIRST_FAILURE] step_mean=4.66 step_min=0 step_max=23 phase_mean=117.67 phase_min=5 phase_max=324 anchor_pos=0.00000 anchor_ori=0.00500 ee_body=0.99426 timeout=0.00000
[TRACK_CHUNK0] anchor_pos=0.88346 anchor_ori=0.46011 body_pos=0.84765 body_ori=0.34007 body_lin=0.22553 body_ang=0.01510
[TRACK_ROLLOUT] anchor_pos=0.88311 anchor_ori=0.46051 body_pos=0.84663 body_ori=0.34007 body_lin=0.22202 body_ang=0.01514
[TRAIN_COST] action_rate=41.18616 joint_limit=0.02814 undesired_contacts=1.46887
[REWARD_WEIGHTED] pos=0.04191 penalty=-0.09112 total=-0.04921 act_rate=-0.08240 contacts=-0.00303
[ACT_GREEDY] abs_mean=0.2820 abs_p95=0.8614 abs_p99=1.2446 abs_max=2.1126 legs=0.2516 waist=0.6286 arms=0.2337
[ACT_ROLLOUT] abs_mean=0.7977 abs_p95=1.9652 abs_p99=2.5935 abs_max=5.2681 abs_max_all=5.2681
[SAMPLER] top_bin=0 top_prob=0.431 peak_bin=0 failed_sum=576.8958 entropy=0.8400
[TRAIN_BODY] torso_ori=19.87deg l_wrist_ori=30.77deg r_wrist_ori=41.07deg l_elbow_ori=27.72deg r_elbow_ori=38.05deg l_shoulder_ori=23.90deg r_shoulder_ori=28.14deg
[TRAIN_ANG] torso=4.495 l_wrist=9.409 r_wrist=11.029 l_elbow=7.961 r_elbow=9.578 l_shoulder=6.635 r_shoulder=7.465
[TRAIN_ACT] l_wrist_r=0.1631 l_wrist_p=0.1801 l_wrist_y=0.1487 r_wrist_r=0.1700 r_wrist_p=0.1739 r_wrist_y=0.1586 l_elbow=0.2682 r_elbow=0.2093
[UPDATE] 67/500 reward_step=-0.04859 done_frac=0.11281 mean_reward=-0.43117 mean_len=8.78
[FPO++] actor_loss=-0.00324 value_loss=0.00680 ratio=0.9999 [0.922,1.078] clip_frac=0.2319 cfm_old=1.8399 cfm_new=1.8400 kl=0.000085 grad=0.0452 grad_c=0.0805 lr=0.002563 critic_lr=0.002963
[TRAIN] mean_reward=-0.43117 mean_len=8.78 recent_eps=100 completed_eps=1073374
[UPDATE_EFFECT] action_delta=0.01150187 param_rms_delta=0.00184686
[TIME] collect=5.175s update=5.798s
[DONE] timeout=0.00000 anchor_pos=0.00012 anchor_ori=0.00830 ee_body=0.99756
[DONE_ROLLOUT] timeout=0.00000 anchor_pos=0.00001 anchor_ori=0.00035 ee_body=0.11263
[FIRST_FAILURE] step_mean=4.56 step_min=0 step_max=23 phase_mean=115.52 phase_min=6 phase_max=324 anchor_pos=0.00012 anchor_ori=0.00537 ee_body=0.99475 timeout=0.00000
[TRACK_CHUNK0] anchor_pos=0.88091 anchor_ori=0.46060 body_pos=0.84570 body_ori=0.34118 body_lin=0.22157 body_ang=0.01485
[TRACK_ROLLOUT] anchor_pos=0.88442 anchor_ori=0.46149 body_pos=0.84776 body_ori=0.34368 body_lin=0.22068 body_ang=0.01524
[TRAIN_COST] action_rate=40.98619 joint_limit=0.02877 undesired_contacts=1.52649
[REWARD_WEIGHTED] pos=0.04201 penalty=-0.09060 total=-0.04859 act_rate=-0.08173 contacts=-0.00308
[ACT_GREEDY] abs_mean=0.2882 abs_p95=0.8789 abs_p99=1.2685 abs_max=2.2021 legs=0.2552 waist=0.6432 arms=0.2405
[ACT_ROLLOUT] abs_mean=0.7969 abs_p95=1.9644 abs_p99=2.5915 abs_max=5.5827 abs_max_all=5.5827
[SAMPLER] top_bin=0 top_prob=0.432 peak_bin=0 failed_sum=585.1354 entropy=0.8392
[TRAIN_BODY] torso_ori=19.91deg l_wrist_ori=30.70deg r_wrist_ori=41.30deg l_elbow_ori=27.60deg r_elbow_ori=38.35deg l_shoulder_ori=23.98deg r_shoulder_ori=28.41deg
[TRAIN_ANG] torso=4.523 l_wrist=9.494 r_wrist=11.076 l_elbow=8.045 r_elbow=9.597 l_shoulder=6.722 r_shoulder=7.517
[TRAIN_ACT] l_wrist_r=0.1677 l_wrist_p=0.1886 l_wrist_y=0.1547 r_wrist_r=0.1719 r_wrist_p=0.1795 r_wrist_y=0.1645 l_elbow=0.2741 r_elbow=0.2131
[UPDATE] 68/500 reward_step=-0.04783 done_frac=0.11358 mean_reward=-0.39361 mean_len=8.55
[FPO++] actor_loss=-0.00329 value_loss=0.00663 ratio=0.9998 [0.914,1.087] clip_frac=0.2809 cfm_old=1.8346 cfm_new=1.8348 kl=0.000102 grad=0.0539 grad_c=0.0844 lr=0.002563 critic_lr=0.002963
[TRAIN] mean_reward=-0.39361 mean_len=8.55 recent_eps=100 completed_eps=1095705
[UPDATE_EFFECT] action_delta=0.01159997 param_rms_delta=0.00185576
[TIME] collect=5.150s update=5.809s
[DONE] timeout=0.00000 anchor_pos=0.00024 anchor_ori=0.00500 ee_body=0.99817
[DONE_ROLLOUT] timeout=0.00000 anchor_pos=0.00001 anchor_ori=0.00021 ee_body=0.11347
[FIRST_FAILURE] step_mean=4.47 step_min=0 step_max=23 phase_mean=113.03 phase_min=5 phase_max=324 anchor_pos=0.00024 anchor_ori=0.00403 ee_body=0.99609 timeout=0.00000
[TRACK_CHUNK0] anchor_pos=0.88493 anchor_ori=0.46139 body_pos=0.84854 body_ori=0.34448 body_lin=0.21735 body_ang=0.01557
[TRACK_ROLLOUT] anchor_pos=0.88455 anchor_ori=0.46283 body_pos=0.84888 body_ori=0.34695 body_lin=0.21984 body_ang=0.01527
[TRAIN_COST] action_rate=40.64797 joint_limit=0.02890 undesired_contacts=1.56738
[REWARD_WEIGHTED] pos=0.04209 penalty=-0.08992 total=-0.04783 act_rate=-0.08108 contacts=-0.00312
[ACT_GREEDY] abs_mean=0.2935 abs_p95=0.8962 abs_p99=1.2953 abs_max=2.2303 legs=0.2587 waist=0.6532 arms=0.2462
[ACT_ROLLOUT] abs_mean=0.7965 abs_p95=1.9629 abs_p99=2.5905 abs_max=5.5073 abs_max_all=5.5073
[SAMPLER] top_bin=0 top_prob=0.433 peak_bin=0 failed_sum=593.3278 entropy=0.8382
[TRAIN_BODY] torso_ori=19.76deg l_wrist_ori=30.29deg r_wrist_ori=41.04deg l_elbow_ori=27.13deg r_elbow_ori=38.19deg l_shoulder_ori=23.85deg r_shoulder_ori=28.11deg
[TRAIN_ANG] torso=4.534 l_wrist=9.443 r_wrist=11.149 l_elbow=8.018 r_elbow=9.674 l_shoulder=6.753 r_shoulder=7.593
[TRAIN_ACT] l_wrist_r=0.1699 l_wrist_p=0.1882 l_wrist_y=0.1581 r_wrist_r=0.1800 r_wrist_p=0.1830 r_wrist_y=0.1699 l_elbow=0.2888 r_elbow=0.2193
[UPDATE] 69/500 reward_step=-0.04719 done_frac=0.11426 mean_reward=-0.37704 mean_len=8.26
[FPO++] actor_loss=-0.00286 value_loss=0.00610 ratio=0.9996 [0.918,1.090] clip_frac=0.2684 cfm_old=1.8297 cfm_new=1.8301 kl=0.000100 grad=0.0540 grad_c=0.0678 lr=0.002563 critic_lr=0.002963
[TRAIN] mean_reward=-0.37704 mean_len=8.26 recent_eps=100 completed_eps=1118169
[UPDATE_EFFECT] action_delta=0.01197487 param_rms_delta=0.00187203
[TIME] collect=5.130s update=5.813s
[DONE] timeout=0.00000 anchor_pos=0.00000 anchor_ori=0.00586 ee_body=0.99792
[DONE_ROLLOUT] timeout=0.00000 anchor_pos=0.00000 anchor_ori=0.00024 ee_body=0.11417
[FIRST_FAILURE] step_mean=4.43 step_min=0 step_max=23 phase_mean=113.83 phase_min=5 phase_max=324 anchor_pos=0.00000 anchor_ori=0.00452 ee_body=0.99695 timeout=0.00000
[TRACK_CHUNK0] anchor_pos=0.88380 anchor_ori=0.45807 body_pos=0.84766 body_ori=0.34168 body_lin=0.21982 body_ang=0.01468
[TRACK_ROLLOUT] anchor_pos=0.88496 anchor_ori=0.46355 body_pos=0.84916 body_ori=0.34705 body_lin=0.21901 body_ang=0.01527
[TRAIN_COST] action_rate=40.39040 joint_limit=0.02885 undesired_contacts=1.52759
[REWARD_WEIGHTED] pos=0.04209 penalty=-0.08929 total=-0.04719 act_rate=-0.08052 contacts=-0.00310
[ACT_GREEDY] abs_mean=0.2992 abs_p95=0.9122 abs_p99=1.3109 abs_max=2.1984 legs=0.2640 waist=0.6644 arms=0.2511
[ACT_ROLLOUT] abs_mean=0.7969 abs_p95=1.9640 abs_p99=2.5926 abs_max=5.5959 abs_max_all=5.5959
[SAMPLER] top_bin=0 top_prob=0.435 peak_bin=0 failed_sum=601.4580 entropy=0.8374
[TRAIN_BODY] torso_ori=19.87deg l_wrist_ori=30.31deg r_wrist_ori=41.16deg l_elbow_ori=27.25deg r_elbow_ori=38.36deg l_shoulder_ori=23.69deg r_shoulder_ori=28.06deg
[TRAIN_ANG] torso=4.559 l_wrist=9.496 r_wrist=11.148 l_elbow=8.046 r_elbow=9.673 l_shoulder=6.716 r_shoulder=7.618
[TRAIN_ACT] l_wrist_r=0.1735 l_wrist_p=0.1923 l_wrist_y=0.1591 r_wrist_r=0.1821 r_wrist_p=0.1869 r_wrist_y=0.1727 l_elbow=0.2937 r_elbow=0.2277
[UPDATE] 70/500 reward_step=-0.04662 done_frac=0.11513 mean_reward=-0.41306 mean_len=8.54
[FPO++] actor_loss=-0.00148 value_loss=0.00566 ratio=0.9994 [0.907,1.089] clip_frac=0.3155 cfm_old=1.8270 cfm_new=1.8276 kl=0.000114 grad=0.0640 grad_c=0.0495 lr=0.002563 critic_lr=0.002963
[TRAIN] mean_reward=-0.41306 mean_len=8.54 recent_eps=100 completed_eps=1140804
[UPDATE_EFFECT] action_delta=0.01304556 param_rms_delta=0.00188247
[TIME] collect=5.174s update=5.813s
[DONE] timeout=0.00000 anchor_pos=0.00000 anchor_ori=0.00476 ee_body=0.99829
[DONE_ROLLOUT] timeout=0.00000 anchor_pos=0.00000 anchor_ori=0.00020 ee_body=0.11504
[FIRST_FAILURE] step_mean=4.34 step_min=0 step_max=23 phase_mean=113.40 phase_min=6 phase_max=324 anchor_pos=0.00000 anchor_ori=0.00269 ee_body=0.99756 timeout=0.00000
[TRACK_CHUNK0] anchor_pos=0.88562 anchor_ori=0.46401 body_pos=0.84783 body_ori=0.34697 body_lin=0.21667 body_ang=0.01566
[TRACK_ROLLOUT] anchor_pos=0.88704 anchor_ori=0.46563 body_pos=0.85104 body_ori=0.34964 body_lin=0.21802 body_ang=0.01529
[TRAIN_COST] action_rate=39.99230 joint_limit=0.02846 undesired_contacts=1.56958
[REWARD_WEIGHTED] pos=0.04221 penalty=-0.08883 total=-0.04662 act_rate=-0.08000 contacts=-0.00314
[ACT_GREEDY] abs_mean=0.3024 abs_p95=0.9201 abs_p99=1.3239 abs_max=2.1825 legs=0.2669 waist=0.6660 arms=0.2549
[ACT_ROLLOUT] abs_mean=0.7974 abs_p95=1.9651 abs_p99=2.5961 abs_max=5.9849 abs_max_all=5.9849
[SAMPLER] top_bin=0 top_prob=0.436 peak_bin=0 failed_sum=609.5635 entropy=0.8366
[TRAIN_BODY] torso_ori=19.74deg l_wrist_ori=29.95deg r_wrist_ori=40.37deg l_elbow_ori=26.98deg r_elbow_ori=37.73deg l_shoulder_ori=23.65deg r_shoulder_ori=28.00deg
[TRAIN_ANG] torso=4.525 l_wrist=9.501 r_wrist=11.097 l_elbow=8.066 r_elbow=9.691 l_shoulder=6.759 r_shoulder=7.643
[TRAIN_ACT] l_wrist_r=0.1771 l_wrist_p=0.1994 l_wrist_y=0.1583 r_wrist_r=0.1850 r_wrist_p=0.1908 r_wrist_y=0.1742 l_elbow=0.3052 r_elbow=0.2307
[UPDATE] 71/500 reward_step=-0.04598 done_frac=0.11615 mean_reward=-0.36851 mean_len=8.22
[FPO++] actor_loss=-0.00001 value_loss=0.00523 ratio=0.9993 [0.889,1.114] clip_frac=0.3583 cfm_old=1.8239 cfm_new=1.8247 kl=0.000140 grad=0.0733 grad_c=0.0483 lr=0.002563 critic_lr=0.002963
[TRAIN] mean_reward=-0.36851 mean_len=8.22 recent_eps=100 completed_eps=1163641
[UPDATE_EFFECT] action_delta=0.01392382 param_rms_delta=0.00198986
[TIME] collect=5.076s update=5.807s
[DONE] timeout=0.00000 anchor_pos=0.00000 anchor_ori=0.00500 ee_body=0.99915
[DONE_ROLLOUT] timeout=0.00000 anchor_pos=0.00000 anchor_ori=0.00021 ee_body=0.11608
[FIRST_FAILURE] step_mean=4.31 step_min=0 step_max=23 phase_mean=113.32 phase_min=5 phase_max=324 anchor_pos=0.00000 anchor_ori=0.00330 ee_body=0.99768 timeout=0.00000
[TRACK_CHUNK0] anchor_pos=0.88494 anchor_ori=0.46341 body_pos=0.84939 body_ori=0.34683 body_lin=0.21375 body_ang=0.01452
[TRACK_ROLLOUT] anchor_pos=0.88741 anchor_ori=0.46513 body_pos=0.85140 body_ori=0.35197 body_lin=0.21741 body_ang=0.01556
[TRAIN_COST] action_rate=39.94122 joint_limit=0.02883 undesired_contacts=1.60742
[REWARD_WEIGHTED] pos=0.04225 penalty=-0.08823 total=-0.04598 act_rate=-0.07940 contacts=-0.00313
[ACT_GREEDY] abs_mean=0.3069 abs_p95=0.9382 abs_p99=1.3381 abs_max=2.3116 legs=0.2713 waist=0.6774 arms=0.2581
[ACT_ROLLOUT] abs_mean=0.7972 abs_p95=1.9649 abs_p99=2.5938 abs_max=5.3034 abs_max_all=5.3034
[SAMPLER] top_bin=0 top_prob=0.437 peak_bin=0 failed_sum=617.6772 entropy=0.8358
[TRAIN_BODY] torso_ori=19.80deg l_wrist_ori=30.02deg r_wrist_ori=40.43deg l_elbow_ori=26.94deg r_elbow_ori=37.73deg l_shoulder_ori=23.77deg r_shoulder_ori=28.11deg
[TRAIN_ANG] torso=4.570 l_wrist=9.497 r_wrist=11.311 l_elbow=8.037 r_elbow=9.804 l_shoulder=6.762 r_shoulder=7.702
[TRAIN_ACT] l_wrist_r=0.1828 l_wrist_p=0.1996 l_wrist_y=0.1651 r_wrist_r=0.1887 r_wrist_p=0.1948 r_wrist_y=0.1766 l_elbow=0.2962 r_elbow=0.2309
[UPDATE] 72/500 reward_step=-0.04521 done_frac=0.11685 mean_reward=-0.35814 mean_len=8.41
[FPO++] actor_loss=-0.00290 value_loss=0.00502 ratio=0.9998 [0.892,1.103] clip_frac=0.2210 cfm_old=1.8197 cfm_new=1.8199 kl=0.000086 grad=0.0536 grad_c=0.0510 lr=0.001709 critic_lr=0.001975
[TRAIN] mean_reward=-0.35814 mean_len=8.41 recent_eps=100 completed_eps=1186615
[UPDATE_EFFECT] action_delta=0.01056692 param_rms_delta=0.00141449
[TIME] collect=5.186s update=5.813s
[DONE] timeout=0.00000 anchor_pos=0.00000 anchor_ori=0.00537 ee_body=0.99951
[DONE_ROLLOUT] timeout=0.00000 anchor_pos=0.00000 anchor_ori=0.00022 ee_body=0.11679
[FIRST_FAILURE] step_mean=4.35 step_min=0 step_max=22 phase_mean=113.94 phase_min=5 phase_max=324 anchor_pos=0.00000 anchor_ori=0.00354 ee_body=0.99829 timeout=0.00000
[TRACK_CHUNK0] anchor_pos=0.88772 anchor_ori=0.46612 body_pos=0.85236 body_ori=0.35347 body_lin=0.22254 body_ang=0.01543
[TRACK_ROLLOUT] anchor_pos=0.88801 anchor_ori=0.46740 body_pos=0.85258 body_ori=0.35455 body_lin=0.21712 body_ang=0.01552
[TRAIN_COST] action_rate=39.39079 joint_limit=0.02849 undesired_contacts=1.54224
[REWARD_WEIGHTED] pos=0.04235 penalty=-0.08756 total=-0.04521 act_rate=-0.07871 contacts=-0.00317
[ACT_GREEDY] abs_mean=0.3112 abs_p95=0.9518 abs_p99=1.3524 abs_max=2.2761 legs=0.2760 waist=0.6827 arms=0.2618
[ACT_ROLLOUT] abs_mean=0.7977 abs_p95=1.9666 abs_p99=2.5962 abs_max=5.1329 abs_max_all=5.1329
[SAMPLER] top_bin=0 top_prob=0.438 peak_bin=0 failed_sum=625.7349 entropy=0.8350
[TRAIN_BODY] torso_ori=19.76deg l_wrist_ori=29.61deg r_wrist_ori=39.80deg l_elbow_ori=26.70deg r_elbow_ori=37.30deg l_shoulder_ori=23.45deg r_shoulder_ori=27.44deg
[TRAIN_ANG] torso=4.570 l_wrist=9.427 r_wrist=11.096 l_elbow=7.997 r_elbow=9.667 l_shoulder=6.739 r_shoulder=7.570
[TRAIN_ACT] l_wrist_r=0.1862 l_wrist_p=0.2044 l_wrist_y=0.1674 r_wrist_r=0.1925 r_wrist_p=0.1927 r_wrist_y=0.1800 l_elbow=0.3078 r_elbow=0.2407
[UPDATE] 73/500 reward_step=-0.04462 done_frac=0.11697 mean_reward=-0.40916 mean_len=8.89
[FPO++] actor_loss=-0.00491 value_loss=0.00527 ratio=0.9999 [0.929,1.065] clip_frac=0.2256 cfm_old=1.8145 cfm_new=1.8146 kl=0.000082 grad=0.0479 grad_c=0.0421 lr=0.002563 critic_lr=0.002963
[TRAIN] mean_reward=-0.40916 mean_len=8.89 recent_eps=100 completed_eps=1209612
[UPDATE_EFFECT] action_delta=0.01159047 param_rms_delta=0.00178194
[TIME] collect=5.258s update=5.811s
[DONE] timeout=0.00000 anchor_pos=0.00000 anchor_ori=0.00464 ee_body=0.99792
[DONE_ROLLOUT] timeout=0.00000 anchor_pos=0.00000 anchor_ori=0.00019 ee_body=0.11689
[FIRST_FAILURE] step_mean=4.30 step_min=0 step_max=23 phase_mean=112.42 phase_min=5 phase_max=323 anchor_pos=0.00000 anchor_ori=0.00305 ee_body=0.99707 timeout=0.00000
[TRACK_CHUNK0] anchor_pos=0.88847 anchor_ori=0.47161 body_pos=0.85405 body_ori=0.35872 body_lin=0.21873 body_ang=0.01573
[TRACK_ROLLOUT] anchor_pos=0.88788 anchor_ori=0.46832 body_pos=0.85285 body_ori=0.35565 body_lin=0.21575 body_ang=0.01549
[TRAIN_COST] action_rate=39.12601 joint_limit=0.02828 undesired_contacts=1.57007
[REWARD_WEIGHTED] pos=0.04236 penalty=-0.08697 total=-0.04462 act_rate=-0.07807 contacts=-0.00321
[ACT_GREEDY] abs_mean=0.3171 abs_p95=0.9680 abs_p99=1.3770 abs_max=2.2476 legs=0.2811 waist=0.6951 arms=0.2670
[ACT_ROLLOUT] abs_mean=0.7973 abs_p95=1.9660 abs_p99=2.5985 abs_max=5.5394 abs_max_all=5.5394
[SAMPLER] top_bin=0 top_prob=0.439 peak_bin=0 failed_sum=633.6235 entropy=0.8342
[TRAIN_BODY] torso_ori=19.56deg l_wrist_ori=29.62deg r_wrist_ori=39.54deg l_elbow_ori=26.62deg r_elbow_ori=36.94deg l_shoulder_ori=23.38deg r_shoulder_ori=27.27deg
[TRAIN_ANG] torso=4.578 l_wrist=9.472 r_wrist=11.085 l_elbow=8.017 r_elbow=9.717 l_shoulder=6.754 r_shoulder=7.649
[TRAIN_ACT] l_wrist_r=0.1843 l_wrist_p=0.2023 l_wrist_y=0.1755 r_wrist_r=0.1962 r_wrist_p=0.2022 r_wrist_y=0.1843 l_elbow=0.3119 r_elbow=0.2393
[UPDATE] 74/500 reward_step=-0.04408 done_frac=0.11822 mean_reward=-0.36711 mean_len=8.36
[FPO++] actor_loss=-0.00297 value_loss=0.00492 ratio=0.9997 [0.923,1.072] clip_frac=0.2701 cfm_old=1.8097 cfm_new=1.8100 kl=0.000096 grad=0.0568 grad_c=0.0484 lr=0.002563 critic_lr=0.002963
[TRAIN] mean_reward=-0.36711 mean_len=8.36 recent_eps=100 completed_eps=1232855
[UPDATE_EFFECT] action_delta=0.01263667 param_rms_delta=0.00182864
[TIME] collect=5.233s update=5.812s
[DONE] timeout=0.00000 anchor_pos=0.00012 anchor_ori=0.00562 ee_body=0.99866
[DONE_ROLLOUT] timeout=0.00000 anchor_pos=0.00001 anchor_ori=0.00023 ee_body=0.11811
[FIRST_FAILURE] step_mean=4.20 step_min=0 step_max=23 phase_mean=112.69 phase_min=5 phase_max=324 anchor_pos=0.00012 anchor_ori=0.00281 ee_body=0.99731 timeout=0.00000
[TRACK_CHUNK0] anchor_pos=0.88760 anchor_ori=0.46346 body_pos=0.85117 body_ori=0.35388 body_lin=0.21582 body_ang=0.01571
[TRACK_ROLLOUT] anchor_pos=0.88963 anchor_ori=0.46594 body_pos=0.85368 body_ori=0.35746 body_lin=0.21569 body_ang=0.01575
[TRAIN_COST] action_rate=38.76130 joint_limit=0.02833 undesired_contacts=1.56958
[REWARD_WEIGHTED] pos=0.04241 penalty=-0.08648 total=-0.04408 act_rate=-0.07761 contacts=-0.00319
[ACT_GREEDY] abs_mean=0.3247 abs_p95=0.9843 abs_p99=1.4008 abs_max=2.4085 legs=0.2881 waist=0.7047 arms=0.2747
[ACT_ROLLOUT] abs_mean=0.7977 abs_p95=1.9659 abs_p99=2.5972 abs_max=5.5019 abs_max_all=5.5019
[SAMPLER] top_bin=0 top_prob=0.440 peak_bin=0 failed_sum=641.5677 entropy=0.8334
[TRAIN_BODY] torso_ori=19.84deg l_wrist_ori=29.82deg r_wrist_ori=39.83deg l_elbow_ori=26.65deg r_elbow_ori=37.26deg l_shoulder_ori=23.37deg r_shoulder_ori=27.58deg
[TRAIN_ANG] torso=4.640 l_wrist=9.371 r_wrist=11.180 l_elbow=7.925 r_elbow=9.801 l_shoulder=6.755 r_shoulder=7.735
[TRAIN_ACT] l_wrist_r=0.1936 l_wrist_p=0.2136 l_wrist_y=0.1834 r_wrist_r=0.2022 r_wrist_p=0.2085 r_wrist_y=0.1855 l_elbow=0.3202 r_elbow=0.2502
[UPDATE] 75/500 reward_step=-0.04297 done_frac=0.11914 mean_reward=-0.34018 mean_len=8.07
[FPO++] actor_loss=-0.00367 value_loss=0.00488 ratio=0.9993 [0.863,1.158] clip_frac=0.3356 cfm_old=1.7992 cfm_new=1.8001 kl=0.000117 grad=0.0671 grad_c=0.0420 lr=0.001709 critic_lr=0.001975
[TRAIN] mean_reward=-0.34018 mean_len=8.07 recent_eps=100 completed_eps=1256278
[UPDATE_EFFECT] action_delta=0.01152482 param_rms_delta=0.00150122
[TIME] collect=5.219s update=5.804s
[DONE] timeout=0.00000 anchor_pos=0.00000 anchor_ori=0.00452 ee_body=0.99890
[DONE_ROLLOUT] timeout=0.00000 anchor_pos=0.00000 anchor_ori=0.00019 ee_body=0.11905
[FIRST_FAILURE] step_mean=4.18 step_min=0 step_max=23 phase_mean=110.19 phase_min=5 phase_max=324 anchor_pos=0.00000 anchor_ori=0.00305 ee_body=0.99780 timeout=0.00000
[TRACK_CHUNK0] anchor_pos=0.88763 anchor_ori=0.46341 body_pos=0.85280 body_ori=0.35727 body_lin=0.21588 body_ang=0.01564
[TRACK_ROLLOUT] anchor_pos=0.88896 anchor_ori=0.46831 body_pos=0.85426 body_ori=0.36024 body_lin=0.21389 body_ang=0.01585
[TRAIN_COST] action_rate=38.55844 joint_limit=0.02877 undesired_contacts=1.62646
[REWARD_WEIGHTED] pos=0.04246 penalty=-0.08543 total=-0.04297 act_rate=-0.07647 contacts=-0.00326
[ACT_GREEDY] abs_mean=0.3295 abs_p95=0.9999 abs_p99=1.4225 abs_max=2.2997 legs=0.2922 waist=0.7171 arms=0.2785
[ACT_ROLLOUT] abs_mean=0.7957 abs_p95=1.9614 abs_p99=2.5945 abs_max=5.3218 abs_max_all=5.3218
[SAMPLER] top_bin=0 top_prob=0.442 peak_bin=0 failed_sum=649.5013 entropy=0.8324
[TRAIN_BODY] torso_ori=19.83deg l_wrist_ori=29.25deg r_wrist_ori=39.75deg l_elbow_ori=26.14deg r_elbow_ori=37.23deg l_shoulder_ori=22.96deg r_shoulder_ori=27.64deg
[TRAIN_ANG] torso=4.619 l_wrist=9.390 r_wrist=11.287 l_elbow=7.949 r_elbow=9.847 l_shoulder=6.680 r_shoulder=7.733
[TRAIN_ACT] l_wrist_r=0.1972 l_wrist_p=0.2176 l_wrist_y=0.1841 r_wrist_r=0.2047 r_wrist_p=0.2171 r_wrist_y=0.1921 l_elbow=0.3189 r_elbow=0.2520
[UPDATE] 76/500 reward_step=-0.04255 done_frac=0.12020 mean_reward=-0.37066 mean_len=8.68
[FPO++] actor_loss=-0.00512 value_loss=0.00473 ratio=1.0000 [0.946,1.063] clip_frac=0.1827 cfm_old=1.7976 cfm_new=1.7976 kl=0.000064 grad=0.0410 grad_c=0.0248 lr=0.001709 critic_lr=0.001975
[TRAIN] mean_reward=-0.37066 mean_len=8.68 recent_eps=100 completed_eps=1279910
[UPDATE_EFFECT] action_delta=0.01125835 param_rms_delta=0.00138123
[TIME] collect=5.165s update=5.815s
[DONE] timeout=0.00000 anchor_pos=0.00000 anchor_ori=0.00488 ee_body=0.99927
[DONE_ROLLOUT] timeout=0.00000 anchor_pos=0.00000 anchor_ori=0.00020 ee_body=0.12008
[FIRST_FAILURE] step_mean=4.13 step_min=0 step_max=23 phase_mean=112.11 phase_min=6 phase_max=324 anchor_pos=0.00000 anchor_ori=0.00330 ee_body=0.99744 timeout=0.00000
[TRACK_CHUNK0] anchor_pos=0.88875 anchor_ori=0.46515 body_pos=0.85404 body_ori=0.35928 body_lin=0.21221 body_ang=0.01561
[TRACK_ROLLOUT] anchor_pos=0.88969 anchor_ori=0.46895 body_pos=0.85470 body_ori=0.36162 body_lin=0.21277 body_ang=0.01583
[TRAIN_COST] action_rate=38.15066 joint_limit=0.02835 undesired_contacts=1.63721
[REWARD_WEIGHTED] pos=0.04248 penalty=-0.08504 total=-0.04255 act_rate=-0.07607 contacts=-0.00326
[ACT_GREEDY] abs_mean=0.3348 abs_p95=1.0168 abs_p99=1.4402 abs_max=2.3259 legs=0.2961 waist=0.7239 arms=0.2846
[ACT_ROLLOUT] abs_mean=0.7968 abs_p95=1.9667 abs_p99=2.5991 abs_max=5.3306 abs_max_all=5.3306
[SAMPLER] top_bin=0 top_prob=0.443 peak_bin=0 failed_sum=657.4540 entropy=0.8316
[TRAIN_BODY] torso_ori=19.76deg l_wrist_ori=29.13deg r_wrist_ori=39.16deg l_elbow_ori=26.14deg r_elbow_ori=36.61deg l_shoulder_ori=23.23deg r_shoulder_ori=27.23deg
[TRAIN_ANG] torso=4.636 l_wrist=9.412 r_wrist=11.157 l_elbow=7.932 r_elbow=9.752 l_shoulder=6.744 r_shoulder=7.713
[TRAIN_ACT] l_wrist_r=0.1979 l_wrist_p=0.2215 l_wrist_y=0.1897 r_wrist_r=0.2137 r_wrist_p=0.2171 r_wrist_y=0.1971 l_elbow=0.3332 r_elbow=0.2591
[UPDATE] 77/500 reward_step=-0.04157 done_frac=0.12063 mean_reward=-0.35278 mean_len=8.29
[FPO++] actor_loss=-0.00349 value_loss=0.00440 ratio=1.0000 [0.947,1.054] clip_frac=0.1695 cfm_old=1.7895 cfm_new=1.7895 kl=0.000059 grad=0.0391 grad_c=0.0518 lr=0.001709 critic_lr=0.001975
[TRAIN] mean_reward=-0.35278 mean_len=8.29 recent_eps=100 completed_eps=1303626
[UPDATE_EFFECT] action_delta=0.01106523 param_rms_delta=0.00140251
[TIME] collect=5.104s update=5.815s
[DONE] timeout=0.00000 anchor_pos=0.00000 anchor_ori=0.00342 ee_body=0.99951
[DONE_ROLLOUT] timeout=0.00000 anchor_pos=0.00000 anchor_ori=0.00014 ee_body=0.12058
[FIRST_FAILURE] step_mean=4.16 step_min=0 step_max=23 phase_mean=111.53 phase_min=6 phase_max=324 anchor_pos=0.00000 anchor_ori=0.00220 ee_body=0.99915 timeout=0.00000
[TRACK_CHUNK0] anchor_pos=0.89104 anchor_ori=0.47235 body_pos=0.85689 body_ori=0.36437 body_lin=0.21481 body_ang=0.01586
[TRACK_ROLLOUT] anchor_pos=0.89054 anchor_ori=0.47170 body_pos=0.85589 body_ori=0.36338 body_lin=0.21211 body_ang=0.01588
[TRAIN_COST] action_rate=37.46104 joint_limit=0.02835 undesired_contacts=1.65979
[REWARD_WEIGHTED] pos=0.04257 penalty=-0.08414 total=-0.04157 act_rate=-0.07518 contacts=-0.00331
[ACT_GREEDY] abs_mean=0.3403 abs_p95=1.0346 abs_p99=1.4684 abs_max=2.5756 legs=0.3006 waist=0.7351 arms=0.2897
[ACT_ROLLOUT] abs_mean=0.7963 abs_p95=1.9649 abs_p99=2.6003 abs_max=5.2141 abs_max_all=5.2141
[SAMPLER] top_bin=0 top_prob=0.444 peak_bin=0 failed_sum=665.3012 entropy=0.8307
[TRAIN_BODY] torso_ori=19.48deg l_wrist_ori=28.54deg r_wrist_ori=38.83deg l_elbow_ori=25.78deg r_elbow_ori=36.32deg l_shoulder_ori=22.73deg r_shoulder_ori=26.93deg
[TRAIN_ANG] torso=4.630 l_wrist=9.388 r_wrist=11.158 l_elbow=7.953 r_elbow=9.745 l_shoulder=6.804 r_shoulder=7.666
[TRAIN_ACT] l_wrist_r=0.2013 l_wrist_p=0.2253 l_wrist_y=0.1913 r_wrist_r=0.2153 r_wrist_p=0.2226 r_wrist_y=0.1969 l_elbow=0.3391 r_elbow=0.2648
[UPDATE] 78/500 reward_step=-0.04078 done_frac=0.12150 mean_reward=-0.33839 mean_len=8.25
[FPO++] actor_loss=-0.00406 value_loss=0.00427 ratio=1.0000 [0.944,1.057] clip_frac=0.1773 cfm_old=1.7820 cfm_new=1.7820 kl=0.000061 grad=0.0417 grad_c=0.0429 lr=0.001709 critic_lr=0.001975
[TRAIN] mean_reward=-0.33839 mean_len=8.25 recent_eps=100 completed_eps=1327513
[UPDATE_EFFECT] action_delta=0.01107583 param_rms_delta=0.00142017
[TIME] collect=5.153s update=5.810s
[DONE] timeout=0.00000 anchor_pos=0.00012 anchor_ori=0.00354 ee_body=0.99915
[DONE_ROLLOUT] timeout=0.00000 anchor_pos=0.00001 anchor_ori=0.00015 ee_body=0.12144
[FIRST_FAILURE] step_mean=4.05 step_min=0 step_max=23 phase_mean=110.57 phase_min=5 phase_max=324 anchor_pos=0.00012 anchor_ori=0.00220 ee_body=0.99829 timeout=0.00000
[TRACK_CHUNK0] anchor_pos=0.89180 anchor_ori=0.47495 body_pos=0.85686 body_ori=0.36414 body_lin=0.21054 body_ang=0.01548
[TRACK_ROLLOUT] anchor_pos=0.89118 anchor_ori=0.47214 body_pos=0.85640 body_ori=0.36599 body_lin=0.21131 body_ang=0.01602
[TRAIN_COST] action_rate=37.44260 joint_limit=0.02796 undesired_contacts=1.62769
[REWARD_WEIGHTED] pos=0.04263 penalty=-0.08341 total=-0.04078 act_rate=-0.07445 contacts=-0.00330
[ACT_GREEDY] abs_mean=0.3485 abs_p95=1.0571 abs_p99=1.4946 abs_max=2.4691 legs=0.3081 waist=0.7536 arms=0.2964
[ACT_ROLLOUT] abs_mean=0.7961 abs_p95=1.9648 abs_p99=2.6001 abs_max=5.3114 abs_max_all=5.3114
[SAMPLER] top_bin=0 top_prob=0.445 peak_bin=0 failed_sum=673.1307 entropy=0.8299
[TRAIN_BODY] torso_ori=19.49deg l_wrist_ori=28.57deg r_wrist_ori=39.27deg l_elbow_ori=25.50deg r_elbow_ori=36.74deg l_shoulder_ori=22.58deg r_shoulder_ori=26.91deg
[TRAIN_ANG] torso=4.647 l_wrist=9.319 r_wrist=11.307 l_elbow=7.932 r_elbow=9.849 l_shoulder=6.791 r_shoulder=7.733
[TRAIN_ACT] l_wrist_r=0.2003 l_wrist_p=0.2349 l_wrist_y=0.1970 r_wrist_r=0.2193 r_wrist_p=0.2248 r_wrist_y=0.1996 l_elbow=0.3494 r_elbow=0.2679
[UPDATE] 79/500 reward_step=-0.04033 done_frac=0.12260 mean_reward=-0.31057 mean_len=8.14
[FPO++] actor_loss=-0.00330 value_loss=0.00412 ratio=0.9999 [0.947,1.053] clip_frac=0.1840 cfm_old=1.7785 cfm_new=1.7786 kl=0.000065 grad=0.0437 grad_c=0.0271 lr=0.001709 critic_lr=0.001975
[TRAIN] mean_reward=-0.31057 mean_len=8.14 recent_eps=100 completed_eps=1351618
[UPDATE_EFFECT] action_delta=0.01181774 param_rms_delta=0.00143724
[TIME] collect=5.210s update=5.809s
[DONE] timeout=0.00000 anchor_pos=0.00024 anchor_ori=0.00452 ee_body=0.99866
[DONE_ROLLOUT] timeout=0.00000 anchor_pos=0.00001 anchor_ori=0.00019 ee_body=0.12251
[FIRST_FAILURE] step_mean=4.01 step_min=0 step_max=23 phase_mean=110.60 phase_min=5 phase_max=324 anchor_pos=0.00024 anchor_ori=0.00269 ee_body=0.99768 timeout=0.00000
[TRACK_CHUNK0] anchor_pos=0.89039 anchor_ori=0.47045 body_pos=0.85585 body_ori=0.36639 body_lin=0.21204 body_ang=0.01650
[TRACK_ROLLOUT] anchor_pos=0.89091 anchor_ori=0.47300 body_pos=0.85669 body_ori=0.36706 body_lin=0.20998 body_ang=0.01615
[TRAIN_COST] action_rate=36.98147 joint_limit=0.02731 undesired_contacts=1.66162
[REWARD_WEIGHTED] pos=0.04264 penalty=-0.08297 total=-0.04033 act_rate=-0.07394 contacts=-0.00338
[ACT_GREEDY] abs_mean=0.3548 abs_p95=1.0755 abs_p99=1.5191 abs_max=2.4907 legs=0.3124 waist=0.7646 arms=0.3032
[ACT_ROLLOUT] abs_mean=0.7972 abs_p95=1.9692 abs_p99=2.6068 abs_max=5.5536 abs_max_all=5.5536
[SAMPLER] top_bin=0 top_prob=0.447 peak_bin=0 failed_sum=680.9904 entropy=0.8290
[TRAIN_BODY] torso_ori=19.63deg l_wrist_ori=28.59deg r_wrist_ori=38.99deg l_elbow_ori=25.66deg r_elbow_ori=36.52deg l_shoulder_ori=22.91deg r_shoulder_ori=27.01deg
[TRAIN_ANG] torso=4.668 l_wrist=9.388 r_wrist=11.217 l_elbow=7.999 r_elbow=9.857 l_shoulder=6.815 r_shoulder=7.759
[TRAIN_ACT] l_wrist_r=0.2071 l_wrist_p=0.2365 l_wrist_y=0.2030 r_wrist_r=0.2268 r_wrist_p=0.2273 r_wrist_y=0.2075 l_elbow=0.3540 r_elbow=0.2739
[UPDATE] 80/500 reward_step=-0.03957 done_frac=0.12294 mean_reward=-0.30222 mean_len=8.30
[FPO++] actor_loss=-0.00376 value_loss=0.00399 ratio=0.9998 [0.931,1.067] clip_frac=0.2312 cfm_old=1.7728 cfm_new=1.7730 kl=0.000083 grad=0.0584 grad_c=0.0411 lr=0.001709 critic_lr=0.001975
[TRAIN] mean_reward=-0.30222 mean_len=8.30 recent_eps=100 completed_eps=1375789
[UPDATE_EFFECT] action_delta=0.01375218 param_rms_delta=0.00143887
[TIME] collect=5.151s update=5.812s
[DONE] timeout=0.00000 anchor_pos=0.00000 anchor_ori=0.00305 ee_body=0.99927
[DONE_ROLLOUT] timeout=0.00000 anchor_pos=0.00000 anchor_ori=0.00013 ee_body=0.12289
[FIRST_FAILURE] step_mean=4.00 step_min=0 step_max=23 phase_mean=109.24 phase_min=5 phase_max=323 anchor_pos=0.00000 anchor_ori=0.00159 ee_body=0.99878 timeout=0.00000
[TRACK_CHUNK0] anchor_pos=0.89218 anchor_ori=0.47206 body_pos=0.85716 body_ori=0.37010 body_lin=0.21284 body_ang=0.01613
[TRACK_ROLLOUT] anchor_pos=0.89203 anchor_ori=0.47404 body_pos=0.85786 body_ori=0.36996 body_lin=0.21001 body_ang=0.01639
[TRAIN_COST] action_rate=36.88483 joint_limit=0.02842 undesired_contacts=1.68347
[REWARD_WEIGHTED] pos=0.04274 penalty=-0.08232 total=-0.03957 act_rate=-0.07331 contacts=-0.00337
[ACT_GREEDY] abs_mean=0.3607 abs_p95=1.0954 abs_p99=1.5327 abs_max=2.5294 legs=0.3183 waist=0.7723 arms=0.3088
[ACT_ROLLOUT] abs_mean=0.7972 abs_p95=1.9690 abs_p99=2.6042 abs_max=5.3171 abs_max_all=5.3171
[SAMPLER] top_bin=0 top_prob=0.448 peak_bin=0 failed_sum=688.7280 entropy=0.8281
[TRAIN_BODY] torso_ori=19.62deg l_wrist_ori=28.33deg r_wrist_ori=38.61deg l_elbow_ori=25.49deg r_elbow_ori=36.19deg l_shoulder_ori=22.74deg r_shoulder_ori=26.74deg
[TRAIN_ANG] torso=4.626 l_wrist=9.351 r_wrist=11.205 l_elbow=7.935 r_elbow=9.822 l_shoulder=6.778 r_shoulder=7.721
[TRAIN_ACT] l_wrist_r=0.2071 l_wrist_p=0.2382 l_wrist_y=0.2097 r_wrist_r=0.2314 r_wrist_p=0.2334 r_wrist_y=0.2087 l_elbow=0.3596 r_elbow=0.2864
[UPDATE] 81/500 reward_step=-0.03872 done_frac=0.12462 mean_reward=-0.28910 mean_len=7.64
[FPO++] actor_loss=-0.00413 value_loss=0.00387 ratio=0.9997 [0.903,1.092] clip_frac=0.2433 cfm_old=1.7657 cfm_new=1.7661 kl=0.000087 grad=0.0666 grad_c=0.0286 lr=0.001139 critic_lr=0.001317
[TRAIN] mean_reward=-0.28910 mean_len=7.64 recent_eps=100 completed_eps=1400291
[UPDATE_EFFECT] action_delta=0.01030143 param_rms_delta=0.00110519
[TIME] collect=5.153s update=5.809s
[DONE] timeout=0.00000 anchor_pos=0.00000 anchor_ori=0.00281 ee_body=0.99902
[DONE_ROLLOUT] timeout=0.00000 anchor_pos=0.00000 anchor_ori=0.00012 ee_body=0.12458
[FIRST_FAILURE] step_mean=3.88 step_min=0 step_max=23 phase_mean=108.81 phase_min=5 phase_max=324 anchor_pos=0.00000 anchor_ori=0.00208 ee_body=0.99829 timeout=0.00000
[TRACK_CHUNK0] anchor_pos=0.89002 anchor_ori=0.46467 body_pos=0.85429 body_ori=0.36391 body_lin=0.20998 body_ang=0.01592
[TRACK_ROLLOUT] anchor_pos=0.89280 anchor_ori=0.47454 body_pos=0.85877 body_ori=0.37273 body_lin=0.20917 body_ang=0.01622
[TRAIN_COST] action_rate=36.29474 joint_limit=0.02729 undesired_contacts=1.65698
[REWARD_WEIGHTED] pos=0.04281 penalty=-0.08153 total=-0.03872 act_rate=-0.07258 contacts=-0.00337
[ACT_GREEDY] abs_mean=0.3673 abs_p95=1.1115 abs_p99=1.5664 abs_max=2.6438 legs=0.3255 waist=0.7827 arms=0.3142
[ACT_ROLLOUT] abs_mean=0.7972 abs_p95=1.9683 abs_p99=2.6086 abs_max=5.3935 abs_max_all=5.3935
[SAMPLER] top_bin=0 top_prob=0.449 peak_bin=0 failed_sum=696.6095 entropy=0.8272
[TRAIN_BODY] torso_ori=19.87deg l_wrist_ori=28.48deg r_wrist_ori=39.14deg l_elbow_ori=25.60deg r_elbow_ori=36.64deg l_shoulder_ori=22.92deg r_shoulder_ori=27.10deg
[TRAIN_ANG] torso=4.705 l_wrist=9.315 r_wrist=11.253 l_elbow=7.873 r_elbow=9.877 l_shoulder=6.782 r_shoulder=7.825
[TRAIN_ACT] l_wrist_r=0.2108 l_wrist_p=0.2478 l_wrist_y=0.2184 r_wrist_r=0.2319 r_wrist_p=0.2368 r_wrist_y=0.2136 l_elbow=0.3699 r_elbow=0.2889
[UPDATE] 82/500 reward_step=-0.03819 done_frac=0.12416 mean_reward=-0.29873 mean_len=8.01
[FPO++] actor_loss=-0.00327 value_loss=0.00364 ratio=0.9999 [0.930,1.076] clip_frac=0.2265 cfm_old=1.7613 cfm_new=1.7615 kl=0.000076 grad=0.0599 grad_c=0.0324 lr=0.001709 critic_lr=0.001975
[TRAIN] mean_reward=-0.29873 mean_len=8.01 recent_eps=100 completed_eps=1424701
[UPDATE_EFFECT] action_delta=0.01103134 param_rms_delta=0.00136153
[TIME] collect=5.199s update=5.813s
[DONE] timeout=0.00000 anchor_pos=0.00000 anchor_ori=0.00342 ee_body=0.99939
[DONE_ROLLOUT] timeout=0.00000 anchor_pos=0.00000 anchor_ori=0.00014 ee_body=0.12410
[FIRST_FAILURE] step_mean=3.93 step_min=0 step_max=23 phase_mean=108.06 phase_min=5 phase_max=324 anchor_pos=0.00000 anchor_ori=0.00195 ee_body=0.99866 timeout=0.00000
[TRACK_CHUNK0] anchor_pos=0.89204 anchor_ori=0.47710 body_pos=0.85890 body_ori=0.37267 body_lin=0.20744 body_ang=0.01606
[TRACK_ROLLOUT] anchor_pos=0.89401 anchor_ori=0.47409 body_pos=0.85942 body_ori=0.37254 body_lin=0.20929 body_ang=0.01621
[TRAIN_COST] action_rate=36.29328 joint_limit=0.02799 undesired_contacts=1.71960
[REWARD_WEIGHTED] pos=0.04283 penalty=-0.08102 total=-0.03819 act_rate=-0.07216 contacts=-0.00335
[ACT_GREEDY] abs_mean=0.3709 abs_p95=1.1248 abs_p99=1.5796 abs_max=2.5927 legs=0.3267 waist=0.7964 arms=0.3177
[ACT_ROLLOUT] abs_mean=0.7984 abs_p95=1.9729 abs_p99=2.6148 abs_max=5.6514 abs_max_all=5.6514
[SAMPLER] top_bin=0 top_prob=0.450 peak_bin=0 failed_sum=704.2137 entropy=0.8264
[TRAIN_BODY] torso_ori=19.34deg l_wrist_ori=27.62deg r_wrist_ori=38.51deg l_elbow_ori=24.79deg r_elbow_ori=36.17deg l_shoulder_ori=22.52deg r_shoulder_ori=26.47deg
[TRAIN_ANG] torso=4.700 l_wrist=9.291 r_wrist=11.379 l_elbow=7.925 r_elbow=9.951 l_shoulder=6.819 r_shoulder=7.806
[TRAIN_ACT] l_wrist_r=0.2163 l_wrist_p=0.2501 l_wrist_y=0.2206 r_wrist_r=0.2318 r_wrist_p=0.2422 r_wrist_y=0.2176 l_elbow=0.3674 r_elbow=0.2957
[UPDATE] 83/500 reward_step=-0.03752 done_frac=0.12475 mean_reward=-0.27508 mean_len=7.74
[FPO++] actor_loss=-0.00361 value_loss=0.00363 ratio=0.9997 [0.930,1.076] clip_frac=0.2400 cfm_old=1.7558 cfm_new=1.7561 kl=0.000084 grad=0.0620 grad_c=0.0361 lr=0.001709 critic_lr=0.001975
[TRAIN] mean_reward=-0.27508 mean_len=7.74 recent_eps=100 completed_eps=1449228
[UPDATE_EFFECT] action_delta=0.01247308 param_rms_delta=0.00143453
[TIME] collect=5.185s update=5.804s
[DONE] timeout=0.00000 anchor_pos=0.00000 anchor_ori=0.00378 ee_body=0.99963
[DONE_ROLLOUT] timeout=0.00000 anchor_pos=0.00000 anchor_ori=0.00016 ee_body=0.12470
[FIRST_FAILURE] step_mean=3.89 step_min=0 step_max=21 phase_mean=108.75 phase_min=5 phase_max=324 anchor_pos=0.00000 anchor_ori=0.00220 ee_body=0.99915 timeout=0.00000
[TRACK_CHUNK0] anchor_pos=0.89423 anchor_ori=0.47190 body_pos=0.85925 body_ori=0.37088 body_lin=0.20979 body_ang=0.01657
[TRACK_ROLLOUT] anchor_pos=0.89467 anchor_ori=0.47401 body_pos=0.85998 body_ori=0.37472 body_lin=0.20934 body_ang=0.01671
[TRAIN_COST] action_rate=35.69087 joint_limit=0.02743 undesired_contacts=1.66016
[REWARD_WEIGHTED] pos=0.04290 penalty=-0.08043 total=-0.03752 act_rate=-0.07155 contacts=-0.00334
[ACT_GREEDY] abs_mean=0.3778 abs_p95=1.1440 abs_p99=1.6086 abs_max=2.5819 legs=0.3332 waist=0.8054 arms=0.3244
[ACT_ROLLOUT] abs_mean=0.7978 abs_p95=1.9704 abs_p99=2.6108 abs_max=5.5568 abs_max_all=5.5568
[SAMPLER] top_bin=0 top_prob=0.451 peak_bin=0 failed_sum=711.7527 entropy=0.8255
[TRAIN_BODY] torso_ori=19.51deg l_wrist_ori=27.92deg r_wrist_ori=38.44deg l_elbow_ori=24.99deg r_elbow_ori=36.15deg l_shoulder_ori=22.42deg r_shoulder_ori=26.57deg
[TRAIN_ANG] torso=4.705 l_wrist=9.315 r_wrist=11.304 l_elbow=7.946 r_elbow=9.946 l_shoulder=6.848 r_shoulder=7.806
[TRAIN_ACT] l_wrist_r=0.2223 l_wrist_p=0.2551 l_wrist_y=0.2253 r_wrist_r=0.2346 r_wrist_p=0.2457 r_wrist_y=0.2244 l_elbow=0.3812 r_elbow=0.3027
[UPDATE] 84/500 reward_step=-0.03717 done_frac=0.12573 mean_reward=-0.28480 mean_len=7.98
[FPO++] actor_loss=-0.00119 value_loss=0.00354 ratio=0.9996 [0.893,1.083] clip_frac=0.2928 cfm_old=1.7534 cfm_new=1.7539 kl=0.000105 grad=0.0752 grad_c=0.0348 lr=0.001709 critic_lr=0.001975
[TRAIN] mean_reward=-0.28480 mean_len=7.98 recent_eps=100 completed_eps=1473947
[UPDATE_EFFECT] action_delta=0.01400706 param_rms_delta=0.00143324
[TIME] collect=5.097s update=5.813s
[DONE] timeout=0.00000 anchor_pos=0.00000 anchor_ori=0.00232 ee_body=0.99963
[DONE_ROLLOUT] timeout=0.00000 anchor_pos=0.00000 anchor_ori=0.00010 ee_body=0.12569
[FIRST_FAILURE] step_mean=3.85 step_min=0 step_max=21 phase_mean=109.12 phase_min=5 phase_max=324 anchor_pos=0.00000 anchor_ori=0.00146 ee_body=0.99915 timeout=0.00000
[TRACK_CHUNK0] anchor_pos=0.89402 anchor_ori=0.47279 body_pos=0.86002 body_ori=0.37313 body_lin=0.20774 body_ang=0.01635
[TRACK_ROLLOUT] anchor_pos=0.89486 anchor_ori=0.47561 body_pos=0.86028 body_ori=0.37757 body_lin=0.20837 body_ang=0.01670
[TRAIN_COST] action_rate=35.79939 joint_limit=0.02738 undesired_contacts=1.70544
[REWARD_WEIGHTED] pos=0.04296 penalty=-0.08013 total=-0.03717 act_rate=-0.07119 contacts=-0.00340
[ACT_GREEDY] abs_mean=0.3828 abs_p95=1.1590 abs_p99=1.6216 abs_max=2.5554 legs=0.3369 waist=0.8133 arms=0.3298
[ACT_ROLLOUT] abs_mean=0.7989 abs_p95=1.9729 abs_p99=2.6134 abs_max=5.5954 abs_max_all=5.5954
[SAMPLER] top_bin=0 top_prob=0.453 peak_bin=0 failed_sum=719.3024 entropy=0.8247
[TRAIN_BODY] torso_ori=19.48deg l_wrist_ori=27.87deg r_wrist_ori=38.46deg l_elbow_ori=24.98deg r_elbow_ori=36.16deg l_shoulder_ori=22.35deg r_shoulder_ori=26.46deg
[TRAIN_ANG] torso=4.716 l_wrist=9.357 r_wrist=11.329 l_elbow=7.963 r_elbow=9.944 l_shoulder=6.824 r_shoulder=7.829
[TRAIN_ACT] l_wrist_r=0.2227 l_wrist_p=0.2580 l_wrist_y=0.2328 r_wrist_r=0.2446 r_wrist_p=0.2458 r_wrist_y=0.2313 l_elbow=0.3848 r_elbow=0.3094
[UPDATE] 85/500 reward_step=-0.03625 done_frac=0.12642 mean_reward=-0.26819 mean_len=7.89
[FPO++] actor_loss=-0.00032 value_loss=0.00332 ratio=0.9992 [0.856,1.131] clip_frac=0.3210 cfm_old=1.7438 cfm_new=1.7447 kl=0.000113 grad=0.0896 grad_c=0.0421 lr=0.001139 critic_lr=0.001317
[TRAIN] mean_reward=-0.26819 mean_len=7.89 recent_eps=100 completed_eps=1498802
[UPDATE_EFFECT] action_delta=0.01059292 param_rms_delta=0.00114612
[TIME] collect=5.180s update=5.809s
[DONE] timeout=0.00000 anchor_pos=0.00000 anchor_ori=0.00244 ee_body=0.99976
[DONE_ROLLOUT] timeout=0.00000 anchor_pos=0.00000 anchor_ori=0.00010 ee_body=0.12635
[FIRST_FAILURE] step_mean=3.82 step_min=0 step_max=22 phase_mean=108.40 phase_min=5 phase_max=323 anchor_pos=0.00000 anchor_ori=0.00122 ee_body=0.99915 timeout=0.00000
[TRACK_CHUNK0] anchor_pos=0.89385 anchor_ori=0.47189 body_pos=0.85987 body_ori=0.37430 body_lin=0.20461 body_ang=0.01626
[TRACK_ROLLOUT] anchor_pos=0.89429 anchor_ori=0.47756 body_pos=0.86043 body_ori=0.37838 body_lin=0.20788 body_ang=0.01681
[TRAIN_COST] action_rate=35.38715 joint_limit=0.02848 undesired_contacts=1.70691
[REWARD_WEIGHTED] pos=0.04299 penalty=-0.07924 total=-0.03625 act_rate=-0.07033 contacts=-0.00340
[ACT_GREEDY] abs_mean=0.3880 abs_p95=1.1735 abs_p99=1.6333 abs_max=2.5984 legs=0.3387 waist=0.8238 arms=0.3368
[ACT_ROLLOUT] abs_mean=0.7965 abs_p95=1.9697 abs_p99=2.6118 abs_max=5.2327 abs_max_all=5.2327
[SAMPLER] top_bin=0 top_prob=0.454 peak_bin=0 failed_sum=726.8075 entropy=0.8239
[TRAIN_BODY] torso_ori=19.47deg l_wrist_ori=27.80deg r_wrist_ori=38.01deg l_elbow_ori=24.99deg r_elbow_ori=35.66deg l_shoulder_ori=22.54deg r_shoulder_ori=26.49deg
[TRAIN_ANG] torso=4.696 l_wrist=9.280 r_wrist=11.318 l_elbow=7.925 r_elbow=9.956 l_shoulder=6.904 r_shoulder=7.935
[TRAIN_ACT] l_wrist_r=0.2338 l_wrist_p=0.2670 l_wrist_y=0.2324 r_wrist_r=0.2508 r_wrist_p=0.2544 r_wrist_y=0.2324 l_elbow=0.3973 r_elbow=0.3102
[UPDATE] 86/500 reward_step=-0.03606 done_frac=0.12708 mean_reward=-0.29343 mean_len=8.19
[FPO++] actor_loss=-0.00304 value_loss=0.00325 ratio=0.9999 [0.914,1.071] clip_frac=0.2334 cfm_old=1.7442 cfm_new=1.7443 kl=0.000085 grad=0.0636 grad_c=0.0320 lr=0.001709 critic_lr=0.001975
[TRAIN] mean_reward=-0.29343 mean_len=8.19 recent_eps=100 completed_eps=1523786
[UPDATE_EFFECT] action_delta=0.01308194 param_rms_delta=0.00135728
[TIME] collect=5.164s update=5.813s
[DONE] timeout=0.00000 anchor_pos=0.00000 anchor_ori=0.00232 ee_body=1.00000
[DONE_ROLLOUT] timeout=0.00000 anchor_pos=0.00000 anchor_ori=0.00010 ee_body=0.12703
[FIRST_FAILURE] step_mean=3.81 step_min=0 step_max=23 phase_mean=107.62 phase_min=5 phase_max=324 anchor_pos=0.00000 anchor_ori=0.00146 ee_body=0.99951 timeout=0.00000
[TRACK_CHUNK0] anchor_pos=0.89551 anchor_ori=0.48008 body_pos=0.86177 body_ori=0.38125 body_lin=0.20959 body_ang=0.01758
[TRACK_ROLLOUT] anchor_pos=0.89434 anchor_ori=0.47842 body_pos=0.86088 body_ori=0.38082 body_lin=0.20679 body_ang=0.01691
[TRAIN_COST] action_rate=34.92447 joint_limit=0.02761 undesired_contacts=1.70154
[REWARD_WEIGHTED] pos=0.04304 penalty=-0.07910 total=-0.03606 act_rate=-0.07013 contacts=-0.00345
[ACT_GREEDY] abs_mean=0.3904 abs_p95=1.1793 abs_p99=1.6511 abs_max=2.6355 legs=0.3426 waist=0.8279 arms=0.3376
[ACT_ROLLOUT] abs_mean=0.7986 abs_p95=1.9732 abs_p99=2.6179 abs_max=5.6771 abs_max_all=5.6771
[SAMPLER] top_bin=0 top_prob=0.455 peak_bin=0 failed_sum=734.2623 entropy=0.8231
[TRAIN_BODY] torso_ori=19.35deg l_wrist_ori=27.36deg r_wrist_ori=37.73deg l_elbow_ori=24.52deg r_elbow_ori=35.48deg l_shoulder_ori=22.04deg r_shoulder_ori=26.26deg
[TRAIN_ANG] torso=4.689 l_wrist=9.214 r_wrist=11.258 l_elbow=7.836 r_elbow=9.871 l_shoulder=6.766 r_shoulder=7.818
[TRAIN_ACT] l_wrist_r=0.2394 l_wrist_p=0.2603 l_wrist_y=0.2372 r_wrist_r=0.2479 r_wrist_p=0.2570 r_wrist_y=0.2336 l_elbow=0.3985 r_elbow=0.3148
[UPDATE] 87/500 reward_step=-0.03543 done_frac=0.12686 mean_reward=-0.27785 mean_len=7.77
[FPO++] actor_loss=-0.00344 value_loss=0.00329 ratio=0.9996 [0.914,1.097] clip_frac=0.2844 cfm_old=1.7386 cfm_new=1.7390 kl=0.000109 grad=0.0760 grad_c=0.0341 lr=0.001709 critic_lr=0.001975
[TRAIN] mean_reward=-0.27785 mean_len=7.77 recent_eps=100 completed_eps=1548727
[UPDATE_EFFECT] action_delta=0.01302523 param_rms_delta=0.00140467
[TIME] collect=5.145s update=5.806s
[DONE] timeout=0.00000 anchor_pos=0.00000 anchor_ori=0.00317 ee_body=0.99976
[DONE_ROLLOUT] timeout=0.00000 anchor_pos=0.00000 anchor_ori=0.00013 ee_body=0.12680
[FIRST_FAILURE] step_mean=3.80 step_min=0 step_max=20 phase_mean=106.67 phase_min=5 phase_max=324 anchor_pos=0.00000 anchor_ori=0.00134 ee_body=0.99939 timeout=0.00000
[TRACK_CHUNK0] anchor_pos=0.89542 anchor_ori=0.47842 body_pos=0.86110 body_ori=0.37920 body_lin=0.20650 body_ang=0.01741
[TRACK_ROLLOUT] anchor_pos=0.89523 anchor_ori=0.47862 body_pos=0.86144 body_ori=0.38038 body_lin=0.20768 body_ang=0.01696
[TRAIN_COST] action_rate=34.86904 joint_limit=0.02756 undesired_contacts=1.73181
[REWARD_WEIGHTED] pos=0.04307 penalty=-0.07850 total=-0.03543 act_rate=-0.06961 contacts=-0.00343
[ACT_GREEDY] abs_mean=0.3970 abs_p95=1.1980 abs_p99=1.6819 abs_max=2.8638 legs=0.3483 waist=0.8420 arms=0.3434
[ACT_ROLLOUT] abs_mean=0.7989 abs_p95=1.9752 abs_p99=2.6176 abs_max=5.1885 abs_max_all=5.1885
[SAMPLER] top_bin=0 top_prob=0.456 peak_bin=0 failed_sum=741.4977 entropy=0.8223
[TRAIN_BODY] torso_ori=19.39deg l_wrist_ori=27.32deg r_wrist_ori=37.77deg l_elbow_ori=24.57deg r_elbow_ori=35.58deg l_shoulder_ori=22.21deg r_shoulder_ori=26.22deg
[TRAIN_ANG] torso=4.689 l_wrist=9.240 r_wrist=11.263 l_elbow=7.883 r_elbow=9.898 l_shoulder=6.811 r_shoulder=7.860
[TRAIN_ACT] l_wrist_r=0.2408 l_wrist_p=0.2695 l_wrist_y=0.2393 r_wrist_r=0.2457 r_wrist_p=0.2653 r_wrist_y=0.2380 l_elbow=0.4110 r_elbow=0.3242
[UPDATE] 88/500 reward_step=-0.03500 done_frac=0.12738 mean_reward=-0.26146 mean_len=7.85
[FPO++] actor_loss=-0.00117 value_loss=0.00305 ratio=0.9995 [0.900,1.100] clip_frac=0.3066 cfm_old=1.7357 cfm_new=1.7363 kl=0.000107 grad=0.0855 grad_c=0.0376 lr=0.001709 critic_lr=0.001975
[TRAIN] mean_reward=-0.26146 mean_len=7.85 recent_eps=100 completed_eps=1573771
[UPDATE_EFFECT] action_delta=0.01507124 param_rms_delta=0.00139481
[TIME] collect=5.187s update=5.813s
[DONE] timeout=0.00000 anchor_pos=0.00012 anchor_ori=0.00208 ee_body=0.99988
[DONE_ROLLOUT] timeout=0.00000 anchor_pos=0.00001 anchor_ori=0.00009 ee_body=0.12733
[FIRST_FAILURE] step_mean=3.80 step_min=0 step_max=23 phase_mean=108.87 phase_min=5 phase_max=324 anchor_pos=0.00012 anchor_ori=0.00122 ee_body=0.99939 timeout=0.00000
[TRACK_CHUNK0] anchor_pos=0.89502 anchor_ori=0.48118 body_pos=0.86108 body_ori=0.38269 body_lin=0.20735 body_ang=0.01730
[TRACK_ROLLOUT] anchor_pos=0.89625 anchor_ori=0.47827 body_pos=0.86218 body_ori=0.38113 body_lin=0.20745 body_ang=0.01701
[TRAIN_COST] action_rate=34.71951 joint_limit=0.02718 undesired_contacts=1.68115
[REWARD_WEIGHTED] pos=0.04310 penalty=-0.07810 total=-0.03500 act_rate=-0.06931 contacts=-0.00340
[ACT_GREEDY] abs_mean=0.4040 abs_p95=1.2142 abs_p99=1.6917 abs_max=2.7928 legs=0.3554 waist=0.8480 arms=0.3506
[ACT_ROLLOUT] abs_mean=0.8007 abs_p95=1.9792 abs_p99=2.6258 abs_max=5.3344 abs_max_all=5.3344
[SAMPLER] top_bin=0 top_prob=0.457 peak_bin=0 failed_sum=748.6636 entropy=0.8216
[TRAIN_BODY] torso_ori=19.29deg l_wrist_ori=27.24deg r_wrist_ori=37.59deg l_elbow_ori=24.38deg r_elbow_ori=35.17deg l_shoulder_ori=22.16deg r_shoulder_ori=26.26deg
[TRAIN_ANG] torso=4.733 l_wrist=9.149 r_wrist=11.256 l_elbow=7.827 r_elbow=9.852 l_shoulder=6.812 r_shoulder=7.857
[TRAIN_ACT] l_wrist_r=0.2489 l_wrist_p=0.2764 l_wrist_y=0.2401 r_wrist_r=0.2619 r_wrist_p=0.2745 r_wrist_y=0.2402 l_elbow=0.4208 r_elbow=0.3241
[UPDATE] 89/500 reward_step=-0.03451 done_frac=0.12867 mean_reward=-0.28443 mean_len=8.15
[FPO++] actor_loss=-0.00340 value_loss=0.00306 ratio=0.9997 [0.909,1.120] clip_frac=0.2783 cfm_old=1.7311 cfm_new=1.7315 kl=0.000107 grad=0.0792 grad_c=0.0479 lr=0.001709 critic_lr=0.001975
[TRAIN] mean_reward=-0.28443 mean_len=8.15 recent_eps=100 completed_eps=1599069
[UPDATE_EFFECT] action_delta=0.01260958 param_rms_delta=0.00138151
[TIME] collect=5.092s update=5.810s
[DONE] timeout=0.00000 anchor_pos=0.00000 anchor_ori=0.00244 ee_body=0.99951
[DONE_ROLLOUT] timeout=0.00000 anchor_pos=0.00000 anchor_ori=0.00010 ee_body=0.12862
[FIRST_FAILURE] step_mean=3.70 step_min=0 step_max=22 phase_mean=107.57 phase_min=5 phase_max=322 anchor_pos=0.00000 anchor_ori=0.00183 ee_body=0.99866 timeout=0.00000
[TRACK_CHUNK0] anchor_pos=0.89601 anchor_ori=0.47136 body_pos=0.86124 body_ori=0.38002 body_lin=0.20369 body_ang=0.01714
[TRACK_ROLLOUT] anchor_pos=0.89609 anchor_ori=0.47789 body_pos=0.86265 body_ori=0.38287 body_lin=0.20637 body_ang=0.01693
[TRAIN_COST] action_rate=34.34300 joint_limit=0.02755 undesired_contacts=1.72498
[REWARD_WEIGHTED] pos=0.04312 penalty=-0.07763 total=-0.03451 act_rate=-0.06880 contacts=-0.00345
[ACT_GREEDY] abs_mean=0.4092 abs_p95=1.2311 abs_p99=1.7297 abs_max=2.9511 legs=0.3585 waist=0.8610 arms=0.3558
[ACT_ROLLOUT] abs_mean=0.8027 abs_p95=1.9863 abs_p99=2.6358 abs_max=6.4355 abs_max_all=6.4355
[SAMPLER] top_bin=0 top_prob=0.458 peak_bin=0 failed_sum=755.9106 entropy=0.8209
[TRAIN_BODY] torso_ori=19.75deg l_wrist_ori=27.44deg r_wrist_ori=37.36deg l_elbow_ori=24.66deg r_elbow_ori=35.25deg l_shoulder_ori=22.49deg r_shoulder_ori=26.32deg
[TRAIN_ANG] torso=4.808 l_wrist=9.261 r_wrist=11.272 l_elbow=7.958 r_elbow=9.904 l_shoulder=6.950 r_shoulder=7.893
[TRAIN_ACT] l_wrist_r=0.2510 l_wrist_p=0.2821 l_wrist_y=0.2378 r_wrist_r=0.2663 r_wrist_p=0.2744 r_wrist_y=0.2383 l_elbow=0.4315 r_elbow=0.3327
[UPDATE] 90/500 reward_step=-0.03400 done_frac=0.12920 mean_reward=-0.26836 mean_len=7.85
[FPO++] actor_loss=0.00052 value_loss=0.00286 ratio=0.9993 [0.888,1.108] clip_frac=0.3445 cfm_old=1.7258 cfm_new=1.7266 kl=0.000131 grad=0.1004 grad_c=0.0413 lr=0.001709 critic_lr=0.001975
[TRAIN] mean_reward=-0.26836 mean_len=7.85 recent_eps=100 completed_eps=1624471
[UPDATE_EFFECT] action_delta=0.01506037 param_rms_delta=0.00138843
[TIME] collect=5.215s update=5.800s
[DONE] timeout=0.00000 anchor_pos=0.00000 anchor_ori=0.00208 ee_body=1.00000
[DONE_ROLLOUT] timeout=0.00000 anchor_pos=0.00000 anchor_ori=0.00009 ee_body=0.12916
[FIRST_FAILURE] step_mean=3.69 step_min=0 step_max=20 phase_mean=106.01 phase_min=5 phase_max=324 anchor_pos=0.00000 anchor_ori=0.00085 ee_body=0.99963 timeout=0.00000
[TRACK_CHUNK0] anchor_pos=0.89559 anchor_ori=0.48127 body_pos=0.86229 body_ori=0.38660 body_lin=0.20772 body_ang=0.01724
[TRACK_ROLLOUT] anchor_pos=0.89681 anchor_ori=0.48074 body_pos=0.86290 body_ori=0.38492 body_lin=0.20520 body_ang=0.01699
[TRAIN_COST] action_rate=34.19421 joint_limit=0.02750 undesired_contacts=1.73657
[REWARD_WEIGHTED] pos=0.04318 penalty=-0.07717 total=-0.03400 act_rate=-0.06826 contacts=-0.00349
[ACT_GREEDY] abs_mean=0.4147 abs_p95=1.2395 abs_p99=1.7343 abs_max=2.9247 legs=0.3631 waist=0.8665 arms=0.3621
[ACT_ROLLOUT] abs_mean=0.8020 abs_p95=1.9835 abs_p99=2.6325 abs_max=5.4997 abs_max_all=5.4997
[SAMPLER] top_bin=0 top_prob=0.459 peak_bin=0 failed_sum=763.0876 entropy=0.8201
[TRAIN_BODY] torso_ori=19.24deg l_wrist_ori=27.05deg r_wrist_ori=37.14deg l_elbow_ori=24.28deg r_elbow_ori=35.03deg l_shoulder_ori=22.03deg r_shoulder_ori=25.99deg
[TRAIN_ANG] torso=4.752 l_wrist=9.213 r_wrist=11.275 l_elbow=7.865 r_elbow=9.957 l_shoulder=6.848 r_shoulder=7.918
[TRAIN_ACT] l_wrist_r=0.2632 l_wrist_p=0.2936 l_wrist_y=0.2435 r_wrist_r=0.2713 r_wrist_p=0.2873 r_wrist_y=0.2421 l_elbow=0.4378 r_elbow=0.3404
[UPDATE] 91/500 reward_step=-0.03323 done_frac=0.12979 mean_reward=-0.26867 mean_len=7.74
[FPO++] actor_loss=-0.00121 value_loss=0.00278 ratio=0.9996 [0.917,1.100] clip_frac=0.2846 cfm_old=1.7187 cfm_new=1.7191 kl=0.000107 grad=0.0807 grad_c=0.0441 lr=0.001709 critic_lr=0.001975
[TRAIN] mean_reward=-0.26867 mean_len=7.74 recent_eps=100 completed_eps=1649989
[UPDATE_EFFECT] action_delta=0.01363393 param_rms_delta=0.00136873
[TIME] collect=5.187s update=5.810s
[DONE] timeout=0.00000 anchor_pos=0.00000 anchor_ori=0.00232 ee_body=0.99963
[DONE_ROLLOUT] timeout=0.00000 anchor_pos=0.00000 anchor_ori=0.00010 ee_body=0.12975
[FIRST_FAILURE] step_mean=3.67 step_min=0 step_max=20 phase_mean=105.62 phase_min=5 phase_max=324 anchor_pos=0.00000 anchor_ori=0.00134 ee_body=0.99902 timeout=0.00000
[TRACK_CHUNK0] anchor_pos=0.89632 anchor_ori=0.47742 body_pos=0.86166 body_ori=0.38168 body_lin=0.20299 body_ang=0.01666
[TRACK_ROLLOUT] anchor_pos=0.89678 anchor_ori=0.47921 body_pos=0.86286 body_ori=0.38465 body_lin=0.20429 body_ang=0.01709
[TRAIN_COST] action_rate=33.89890 joint_limit=0.02693 undesired_contacts=1.73804
[REWARD_WEIGHTED] pos=0.04314 penalty=-0.07637 total=-0.03323 act_rate=-0.06751 contacts=-0.00349
[ACT_GREEDY] abs_mean=0.4212 abs_p95=1.2598 abs_p99=1.7469 abs_max=2.7558 legs=0.3678 waist=0.8776 arms=0.3691
[ACT_ROLLOUT] abs_mean=0.8020 abs_p95=1.9839 abs_p99=2.6340 abs_max=5.4055 abs_max_all=5.4055
[SAMPLER] top_bin=0 top_prob=0.460 peak_bin=0 failed_sum=770.2100 entropy=0.8194
[TRAIN_BODY] torso_ori=19.46deg l_wrist_ori=26.88deg r_wrist_ori=37.36deg l_elbow_ori=24.12deg r_elbow_ori=35.14deg l_shoulder_ori=22.25deg r_shoulder_ori=26.11deg
[TRAIN_ANG] torso=4.755 l_wrist=9.227 r_wrist=11.352 l_elbow=7.896 r_elbow=9.977 l_shoulder=6.836 r_shoulder=7.968
[TRAIN_ACT] l_wrist_r=0.2676 l_wrist_p=0.2932 l_wrist_y=0.2489 r_wrist_r=0.2796 r_wrist_p=0.2919 r_wrist_y=0.2497 l_elbow=0.4407 r_elbow=0.3454
[UPDATE] 92/500 reward_step=-0.03223 done_frac=0.13040 mean_reward=-0.22891 mean_len=7.48
[FPO++] actor_loss=0.00082 value_loss=0.00263 ratio=0.9991 [0.885,1.138] clip_frac=0.3388 cfm_old=1.7089 cfm_new=1.7099 kl=0.000111 grad=0.1076 grad_c=0.0303 lr=0.001139 critic_lr=0.001317
[TRAIN] mean_reward=-0.22891 mean_len=7.48 recent_eps=100 completed_eps=1675626
[UPDATE_EFFECT] action_delta=0.01169696 param_rms_delta=0.00108306
[TIME] collect=5.236s update=5.812s
[DONE] timeout=0.00000 anchor_pos=0.00000 anchor_ori=0.00220 ee_body=1.00000
[DONE_ROLLOUT] timeout=0.00000 anchor_pos=0.00000 anchor_ori=0.00009 ee_body=0.13037
[FIRST_FAILURE] step_mean=3.65 step_min=0 step_max=23 phase_mean=106.80 phase_min=5 phase_max=324 anchor_pos=0.00000 anchor_ori=0.00110 ee_body=0.99976 timeout=0.00000
[TRACK_CHUNK0] anchor_pos=0.89678 anchor_ori=0.48007 body_pos=0.86354 body_ori=0.38681 body_lin=0.20483 body_ang=0.01728
[TRACK_ROLLOUT] anchor_pos=0.89727 anchor_ori=0.48295 body_pos=0.86419 body_ori=0.38950 body_lin=0.20481 body_ang=0.01749
[TRAIN_COST] action_rate=33.51121 joint_limit=0.02625 undesired_contacts=1.74841
[REWARD_WEIGHTED] pos=0.04332 penalty=-0.07555 total=-0.03223 act_rate=-0.06668 contacts=-0.00350
[ACT_GREEDY] abs_mean=0.4245 abs_p95=1.2692 abs_p99=1.7786 abs_max=2.7872 legs=0.3709 waist=0.8819 arms=0.3725
[ACT_ROLLOUT] abs_mean=0.8005 abs_p95=1.9814 abs_p99=2.6333 abs_max=5.3616 abs_max_all=5.3616
[SAMPLER] top_bin=0 top_prob=0.461 peak_bin=0 failed_sum=777.2805 entropy=0.8187
[TRAIN_BODY] torso_ori=19.35deg l_wrist_ori=26.75deg r_wrist_ori=37.10deg l_elbow_ori=23.90deg r_elbow_ori=35.03deg l_shoulder_ori=21.89deg r_shoulder_ori=25.82deg
[TRAIN_ANG] torso=4.783 l_wrist=9.071 r_wrist=11.345 l_elbow=7.835 r_elbow=9.979 l_shoulder=6.868 r_shoulder=7.957
[TRAIN_ACT] l_wrist_r=0.2703 l_wrist_p=0.2923 l_wrist_y=0.2507 r_wrist_r=0.2768 r_wrist_p=0.2973 r_wrist_y=0.2510 l_elbow=0.4517 r_elbow=0.3483
[UPDATE] 93/500 reward_step=-0.03211 done_frac=0.13083 mean_reward=-0.23819 mean_len=7.77
[FPO++] actor_loss=-0.00130 value_loss=0.00268 ratio=0.9998 [0.931,1.077] clip_frac=0.2000 cfm_old=1.7105 cfm_new=1.7107 kl=0.000064 grad=0.0623 grad_c=0.0230 lr=0.001139 critic_lr=0.001317
[TRAIN] mean_reward=-0.23819 mean_len=7.77 recent_eps=100 completed_eps=1701349
[UPDATE_EFFECT] action_delta=0.01091161 param_rms_delta=0.00102189
[TIME] collect=5.197s update=5.815s
[DONE] timeout=0.00000 anchor_pos=0.00000 anchor_ori=0.00232 ee_body=1.00000
[DONE_ROLLOUT] timeout=0.00000 anchor_pos=0.00000 anchor_ori=0.00010 ee_body=0.13080
[FIRST_FAILURE] step_mean=3.61 step_min=0 step_max=19 phase_mean=106.16 phase_min=5 phase_max=324 anchor_pos=0.00000 anchor_ori=0.00146 ee_body=0.99951 timeout=0.00000
[TRACK_CHUNK0] anchor_pos=0.89777 anchor_ori=0.48063 body_pos=0.86425 body_ori=0.38855 body_lin=0.20253 body_ang=0.01659
[TRACK_ROLLOUT] anchor_pos=0.89748 anchor_ori=0.48215 body_pos=0.86449 body_ori=0.38917 body_lin=0.20512 body_ang=0.01743
[TRAIN_COST] action_rate=33.34406 joint_limit=0.02680 undesired_contacts=1.74158
[REWARD_WEIGHTED] pos=0.04332 penalty=-0.07543 total=-0.03211 act_rate=-0.06659 contacts=-0.00350
[ACT_GREEDY] abs_mean=0.4326 abs_p95=1.2860 abs_p99=1.7930 abs_max=3.0183 legs=0.3767 waist=0.8899 arms=0.3826
[ACT_ROLLOUT] abs_mean=0.8035 abs_p95=1.9889 abs_p99=2.6401 abs_max=5.5415 abs_max_all=5.5415
[SAMPLER] top_bin=0 top_prob=0.462 peak_bin=0 failed_sum=784.2680 entropy=0.8180
[TRAIN_BODY] torso_ori=19.31deg l_wrist_ori=26.69deg r_wrist_ori=36.86deg l_elbow_ori=23.72deg r_elbow_ori=34.76deg l_shoulder_ori=21.77deg r_shoulder_ori=25.66deg
[TRAIN_ANG] torso=4.781 l_wrist=9.198 r_wrist=11.408 l_elbow=7.882 r_elbow=10.002 l_shoulder=6.924 r_shoulder=7.908
[TRAIN_ACT] l_wrist_r=0.2709 l_wrist_p=0.3066 l_wrist_y=0.2563 r_wrist_r=0.2888 r_wrist_p=0.3042 r_wrist_y=0.2617 l_elbow=0.4803 r_elbow=0.3547
[UPDATE] 94/500 reward_step=-0.03131 done_frac=0.13132 mean_reward=-0.25784 mean_len=7.83
[FPO++] actor_loss=-0.00099 value_loss=0.00257 ratio=0.9994 [0.843,1.136] clip_frac=0.2966 cfm_old=1.7025 cfm_new=1.7031 kl=0.000122 grad=0.0987 grad_c=0.0279 lr=0.000759 critic_lr=0.000878
[TRAIN] mean_reward=-0.25784 mean_len=7.83 recent_eps=100 completed_eps=1727168
[UPDATE_EFFECT] action_delta=0.01325950 param_rms_delta=0.00100157
[TIME] collect=5.163s update=5.815s
[DONE] timeout=0.00000 anchor_pos=0.00000 anchor_ori=0.00220 ee_body=1.00000
[DONE_ROLLOUT] timeout=0.00000 anchor_pos=0.00000 anchor_ori=0.00009 ee_body=0.13126
[FIRST_FAILURE] step_mean=3.63 step_min=0 step_max=21 phase_mean=105.70 phase_min=5 phase_max=324 anchor_pos=0.00000 anchor_ori=0.00085 ee_body=0.99951 timeout=0.00000
[TRACK_CHUNK0] anchor_pos=0.89795 anchor_ori=0.48349 body_pos=0.86592 body_ori=0.38947 body_lin=0.20495 body_ang=0.01692
[TRACK_ROLLOUT] anchor_pos=0.89718 anchor_ori=0.48368 body_pos=0.86450 body_ori=0.39028 body_lin=0.20395 body_ang=0.01763
[TRAIN_COST] action_rate=32.85979 joint_limit=0.02665 undesired_contacts=1.71814
[REWARD_WEIGHTED] pos=0.04334 penalty=-0.07464 total=-0.03131 act_rate=-0.06579 contacts=-0.00354
[ACT_GREEDY] abs_mean=0.4345 abs_p95=1.2940 abs_p99=1.8042 abs_max=3.0561 legs=0.3794 waist=0.8943 arms=0.3831
[ACT_ROLLOUT] abs_mean=0.8032 abs_p95=1.9899 abs_p99=2.6438 abs_max=5.3540 abs_max_all=5.3540
[SAMPLER] top_bin=0 top_prob=0.463 peak_bin=0 failed_sum=791.1857 entropy=0.8172
[TRAIN_BODY] torso_ori=19.22deg l_wrist_ori=26.28deg r_wrist_ori=36.75deg l_elbow_ori=23.51deg r_elbow_ori=34.58deg l_shoulder_ori=21.71deg r_shoulder_ori=25.51deg
[TRAIN_ANG] torso=4.805 l_wrist=9.086 r_wrist=11.288 l_elbow=7.815 r_elbow=9.996 l_shoulder=6.842 r_shoulder=7.950
[TRAIN_ACT] l_wrist_r=0.2798 l_wrist_p=0.3119 l_wrist_y=0.2627 r_wrist_r=0.2939 r_wrist_p=0.3002 r_wrist_y=0.2639 l_elbow=0.4802 r_elbow=0.3580
[UPDATE] 95/500 reward_step=-0.03088 done_frac=0.13147 mean_reward=-0.23145 mean_len=7.55
[FPO++] actor_loss=-0.00073 value_loss=0.00247 ratio=0.9997 [0.930,1.081] clip_frac=0.2049 cfm_old=1.6992 cfm_new=1.6994 kl=0.000070 grad=0.0711 grad_c=0.0213 lr=0.001139 critic_lr=0.001317
[TRAIN] mean_reward=-0.23145 mean_len=7.55 recent_eps=100 completed_eps=1753017
[UPDATE_EFFECT] action_delta=0.01174080 param_rms_delta=0.00100012
[TIME] collect=5.167s update=5.803s
[DONE] timeout=0.00000 anchor_pos=0.00000 anchor_ori=0.00220 ee_body=1.00000
[DONE_ROLLOUT] timeout=0.00000 anchor_pos=0.00000 anchor_ori=0.00009 ee_body=0.13144
[FIRST_FAILURE] step_mean=3.63 step_min=0 step_max=21 phase_mean=105.49 phase_min=5 phase_max=324 anchor_pos=0.00000 anchor_ori=0.00098 ee_body=0.99976 timeout=0.00000
[TRACK_CHUNK0] anchor_pos=0.89809 anchor_ori=0.48517 body_pos=0.86544 body_ori=0.39124 body_lin=0.20530 body_ang=0.01772
[TRACK_ROLLOUT] anchor_pos=0.89778 anchor_ori=0.48382 body_pos=0.86480 body_ori=0.39107 body_lin=0.20358 body_ang=0.01771
[TRAIN_COST] action_rate=32.75370 joint_limit=0.02639 undesired_contacts=1.77173
[REWARD_WEIGHTED] pos=0.04336 penalty=-0.07423 total=-0.03088 act_rate=-0.06536 contacts=-0.00356
[ACT_GREEDY] abs_mean=0.4390 abs_p95=1.3047 abs_p99=1.8165 abs_max=3.1916 legs=0.3830 waist=0.9026 arms=0.3875
[ACT_ROLLOUT] abs_mean=0.8045 abs_p95=1.9920 abs_p99=2.6461 abs_max=6.0195 abs_max_all=6.0195
[SAMPLER] top_bin=0 top_prob=0.464 peak_bin=0 failed_sum=797.9684 entropy=0.8165
[TRAIN_BODY] torso_ori=19.05deg l_wrist_ori=26.33deg r_wrist_ori=36.39deg l_elbow_ori=23.67deg r_elbow_ori=34.40deg l_shoulder_ori=21.74deg r_shoulder_ori=25.54deg
[TRAIN_ANG] torso=4.790 l_wrist=9.107 r_wrist=11.268 l_elbow=7.775 r_elbow=9.939 l_shoulder=6.850 r_shoulder=7.963
[TRAIN_ACT] l_wrist_r=0.2823 l_wrist_p=0.3144 l_wrist_y=0.2704 r_wrist_r=0.2994 r_wrist_p=0.3034 r_wrist_y=0.2608 l_elbow=0.4853 r_elbow=0.3639
[UPDATE] 96/500 reward_step=-0.03025 done_frac=0.13231 mean_reward=-0.22325 mean_len=7.51
[FPO++] actor_loss=0.00040 value_loss=0.00243 ratio=0.9994 [0.867,1.108] clip_frac=0.3310 cfm_old=1.6947 cfm_new=1.6954 kl=0.000105 grad=0.1077 grad_c=0.0346 lr=0.001139 critic_lr=0.001317
[TRAIN] mean_reward=-0.22325 mean_len=7.51 recent_eps=100 completed_eps=1779031
[UPDATE_EFFECT] action_delta=0.01479950 param_rms_delta=0.00112444
[TIME] collect=5.205s update=5.813s
[DONE] timeout=0.00000 anchor_pos=0.00000 anchor_ori=0.00159 ee_body=0.99976
[DONE_ROLLOUT] timeout=0.00000 anchor_pos=0.00000 anchor_ori=0.00007 ee_body=0.13228
[FIRST_FAILURE] step_mean=3.53 step_min=0 step_max=21 phase_mean=104.77 phase_min=5 phase_max=324 anchor_pos=0.00000 anchor_ori=0.00073 ee_body=0.99951 timeout=0.00000
[TRACK_CHUNK0] anchor_pos=0.89766 anchor_ori=0.48199 body_pos=0.86418 body_ori=0.38942 body_lin=0.20106 body_ang=0.01784
[TRACK_ROLLOUT] anchor_pos=0.89824 anchor_ori=0.48493 body_pos=0.86547 body_ori=0.39329 body_lin=0.20269 body_ang=0.01789
[TRAIN_COST] action_rate=32.29786 joint_limit=0.02704 undesired_contacts=1.78796
[REWARD_WEIGHTED] pos=0.04342 penalty=-0.07367 total=-0.03025 act_rate=-0.06475 contacts=-0.00357
[ACT_GREEDY] abs_mean=0.4494 abs_p95=1.3342 abs_p99=1.8557 abs_max=2.9966 legs=0.3927 waist=0.9083 arms=0.3997
[ACT_ROLLOUT] abs_mean=0.8051 abs_p95=1.9947 abs_p99=2.6513 abs_max=5.3422 abs_max_all=5.3422
[SAMPLER] top_bin=0 top_prob=0.465 peak_bin=0 failed_sum=804.7520 entropy=0.8158
[TRAIN_BODY] torso_ori=19.31deg l_wrist_ori=26.57deg r_wrist_ori=36.62deg l_elbow_ori=23.77deg r_elbow_ori=34.69deg l_shoulder_ori=21.89deg r_shoulder_ori=25.80deg
[TRAIN_ANG] torso=4.814 l_wrist=9.022 r_wrist=11.344 l_elbow=7.745 r_elbow=9.999 l_shoulder=6.851 r_shoulder=8.007
[TRAIN_ACT] l_wrist_r=0.2915 l_wrist_p=0.3276 l_wrist_y=0.2758 r_wrist_r=0.3045 r_wrist_p=0.3142 r_wrist_y=0.2724 l_elbow=0.5078 r_elbow=0.3733
[UPDATE] 97/500 reward_step=-0.03057 done_frac=0.13339 mean_reward=-0.23779 mean_len=7.61
[FPO++] actor_loss=-0.00248 value_loss=0.00250 ratio=0.9995 [0.917,1.085] clip_frac=0.2747 cfm_old=1.7004 cfm_new=1.7010 kl=0.000079 grad=0.0869 grad_c=0.0157 lr=0.001139 critic_lr=0.001317
[TRAIN] mean_reward=-0.23779 mean_len=7.61 recent_eps=100 completed_eps=1805257
[UPDATE_EFFECT] action_delta=0.01039210 param_rms_delta=0.00101801
[TIME] collect=5.167s update=5.809s
[DONE] timeout=0.00000 anchor_pos=0.00000 anchor_ori=0.00171 ee_body=0.99988
[DONE_ROLLOUT] timeout=0.00000 anchor_pos=0.00000 anchor_ori=0.00007 ee_body=0.13335
[FIRST_FAILURE] step_mean=3.51 step_min=0 step_max=19 phase_mean=105.35 phase_min=5 phase_max=324 anchor_pos=0.00000 anchor_ori=0.00073 ee_body=0.99939 timeout=0.00000
[TRACK_CHUNK0] anchor_pos=0.89680 anchor_ori=0.48330 body_pos=0.86319 body_ori=0.39023 body_lin=0.20070 body_ang=0.01835
[TRACK_ROLLOUT] anchor_pos=0.89907 anchor_ori=0.48576 body_pos=0.86555 body_ori=0.39535 body_lin=0.20074 body_ang=0.01769
[TRAIN_COST] action_rate=32.26384 joint_limit=0.02707 undesired_contacts=1.79639
[REWARD_WEIGHTED] pos=0.04343 penalty=-0.07400 total=-0.03057 act_rate=-0.06505 contacts=-0.00359
[ACT_GREEDY] abs_mean=0.4518 abs_p95=1.3404 abs_p99=1.8682 abs_max=2.9849 legs=0.3943 waist=0.9140 arms=0.4020
[ACT_ROLLOUT] abs_mean=0.8100 abs_p95=2.0067 abs_p99=2.6694 abs_max=5.9213 abs_max_all=5.9213
[SAMPLER] top_bin=0 top_prob=0.466 peak_bin=0 failed_sum=811.5847 entropy=0.8151
[TRAIN_BODY] torso_ori=19.30deg l_wrist_ori=26.48deg r_wrist_ori=36.63deg l_elbow_ori=23.70deg r_elbow_ori=34.53deg l_shoulder_ori=21.97deg r_shoulder_ori=25.87deg
[TRAIN_ANG] torso=4.801 l_wrist=9.130 r_wrist=11.337 l_elbow=7.872 r_elbow=10.004 l_shoulder=6.873 r_shoulder=8.030
[TRAIN_ACT] l_wrist_r=0.3006 l_wrist_p=0.3393 l_wrist_y=0.2801 r_wrist_r=0.3009 r_wrist_p=0.3160 r_wrist_y=0.2715 l_elbow=0.5093 r_elbow=0.3791
[UPDATE] 98/500 reward_step=-0.02966 done_frac=0.13305 mean_reward=-0.22348 mean_len=7.80
[FPO++] actor_loss=-0.00239 value_loss=0.00244 ratio=0.9999 [0.935,1.094] clip_frac=0.2079 cfm_old=1.6907 cfm_new=1.6909 kl=0.000064 grad=0.0674 grad_c=0.0299 lr=0.001139 critic_lr=0.001317
[TRAIN] mean_reward=-0.22348 mean_len=7.80 recent_eps=100 completed_eps=1831416
[UPDATE_EFFECT] action_delta=0.01334715 param_rms_delta=0.00100293
[TIME] collect=5.206s update=5.808s
[DONE] timeout=0.00000 anchor_pos=0.00000 anchor_ori=0.00244 ee_body=0.99988
[DONE_ROLLOUT] timeout=0.00000 anchor_pos=0.00000 anchor_ori=0.00010 ee_body=0.13302
[FIRST_FAILURE] step_mean=3.55 step_min=0 step_max=21 phase_mean=105.74 phase_min=5 phase_max=324 anchor_pos=0.00000 anchor_ori=0.00146 ee_body=0.99951 timeout=0.00000
[TRACK_CHUNK0] anchor_pos=0.90090 anchor_ori=0.48838 body_pos=0.86676 body_ori=0.39576 body_lin=0.20277 body_ang=0.01794
[TRACK_ROLLOUT] anchor_pos=0.89897 anchor_ori=0.48452 body_pos=0.86581 body_ori=0.39428 body_lin=0.20207 body_ang=0.01794
[TRAIN_COST] action_rate=32.22143 joint_limit=0.02685 undesired_contacts=1.81165
[REWARD_WEIGHTED] pos=0.04344 penalty=-0.07309 total=-0.02966 act_rate=-0.06425 contacts=-0.00356
[ACT_GREEDY] abs_mean=0.4621 abs_p95=1.3669 abs_p99=1.9018 abs_max=3.2369 legs=0.4025 waist=0.9319 arms=0.4126
[ACT_ROLLOUT] abs_mean=0.8086 abs_p95=2.0020 abs_p99=2.6628 abs_max=5.5647 abs_max_all=5.5647
[SAMPLER] top_bin=0 top_prob=0.467 peak_bin=0 failed_sum=818.1901 entropy=0.8145
[TRAIN_BODY] torso_ori=19.16deg l_wrist_ori=26.22deg r_wrist_ori=36.35deg l_elbow_ori=23.35deg r_elbow_ori=34.29deg l_shoulder_ori=21.50deg r_shoulder_ori=25.51deg
[TRAIN_ANG] torso=4.830 l_wrist=9.041 r_wrist=11.380 l_elbow=7.785 r_elbow=10.047 l_shoulder=6.870 r_shoulder=8.040
[TRAIN_ACT] l_wrist_r=0.2993 l_wrist_p=0.3421 l_wrist_y=0.2924 r_wrist_r=0.3125 r_wrist_p=0.3253 r_wrist_y=0.2799 l_elbow=0.5124 r_elbow=0.3960
[UPDATE] 99/500 reward_step=-0.02913 done_frac=0.13356 mean_reward=-0.22462 mean_len=7.75
[FPO++] actor_loss=-0.00217 value_loss=0.00245 ratio=0.9995 [0.902,1.089] clip_frac=0.2696 cfm_old=1.6862 cfm_new=1.6867 kl=0.000103 grad=0.0947 grad_c=0.0251 lr=0.001139 critic_lr=0.001317
[TRAIN] mean_reward=-0.22462 mean_len=7.75 recent_eps=100 completed_eps=1857674
[UPDATE_EFFECT] action_delta=0.01326352 param_rms_delta=0.00102463
[TIME] collect=5.283s update=5.808s
[DONE] timeout=0.00000 anchor_pos=0.00000 anchor_ori=0.00208 ee_body=0.99988
[DONE_ROLLOUT] timeout=0.00000 anchor_pos=0.00000 anchor_ori=0.00009 ee_body=0.13352
[FIRST_FAILURE] step_mean=3.57 step_min=0 step_max=23 phase_mean=104.67 phase_min=5 phase_max=324 anchor_pos=0.00000 anchor_ori=0.00110 ee_body=0.99963 timeout=0.00000
[TRACK_CHUNK0] anchor_pos=0.90074 anchor_ori=0.48880 body_pos=0.86737 body_ori=0.40004 body_lin=0.20513 body_ang=0.01839
[TRACK_ROLLOUT] anchor_pos=0.89913 anchor_ori=0.48603 body_pos=0.86598 body_ori=0.39629 body_lin=0.20171 body_ang=0.01835
[TRAIN_COST] action_rate=31.76015 joint_limit=0.02632 undesired_contacts=1.75439
[REWARD_WEIGHTED] pos=0.04350 penalty=-0.07262 total=-0.02913 act_rate=-0.06376 contacts=-0.00361
[ACT_GREEDY] abs_mean=0.4681 abs_p95=1.3822 abs_p99=1.9091 abs_max=3.0967 legs=0.4098 waist=0.9316 arms=0.4187
[ACT_ROLLOUT] abs_mean=0.8099 abs_p95=2.0063 abs_p99=2.6711 abs_max=5.9514 abs_max_all=5.9514
[SAMPLER] top_bin=0 top_prob=0.468 peak_bin=0 failed_sum=824.7368 entropy=0.8138
[TRAIN_BODY] torso_ori=19.11deg l_wrist_ori=26.12deg r_wrist_ori=36.25deg l_elbow_ori=23.50deg r_elbow_ori=34.18deg l_shoulder_ori=21.63deg r_shoulder_ori=25.41deg
[TRAIN_ANG] torso=4.812 l_wrist=9.021 r_wrist=11.259 l_elbow=7.764 r_elbow=9.929 l_shoulder=6.886 r_shoulder=7.930
[TRAIN_ACT] l_wrist_r=0.3029 l_wrist_p=0.3467 l_wrist_y=0.3017 r_wrist_r=0.3191 r_wrist_p=0.3248 r_wrist_y=0.2859 l_elbow=0.5261 r_elbow=0.3956
[UPDATE] 100/500 reward_step=-0.02819 done_frac=0.13432 mean_reward=-0.20453 mean_len=7.34
[FPO++] actor_loss=-0.00302 value_loss=0.00238 ratio=0.9995 [0.903,1.086] clip_frac=0.2460 cfm_old=1.6773 cfm_new=1.6778 kl=0.000082 grad=0.0866 grad_c=0.0428 lr=0.001139 critic_lr=0.001317
[TRAIN] mean_reward=-0.20453 mean_len=7.34 recent_eps=100 completed_eps=1884082
[UPDATE_EFFECT] action_delta=0.01177760 param_rms_delta=0.00098814
[TIME] collect=5.120s update=5.809s
[DONE] timeout=0.00000 anchor_pos=0.00000 anchor_ori=0.00220 ee_body=0.99976
[DONE_ROLLOUT] timeout=0.00000 anchor_pos=0.00000 anchor_ori=0.00009 ee_body=0.13429
[FIRST_FAILURE] step_mean=3.53 step_min=0 step_max=20 phase_mean=104.44 phase_min=5 phase_max=324 anchor_pos=0.00000 anchor_ori=0.00098 ee_body=0.99951 timeout=0.00000
[TRACK_CHUNK0] anchor_pos=0.89907 anchor_ori=0.48904 body_pos=0.86689 body_ori=0.39859 body_lin=0.20246 body_ang=0.01813
[TRACK_ROLLOUT] anchor_pos=0.89906 anchor_ori=0.48685 body_pos=0.86621 body_ori=0.39851 body_lin=0.20060 body_ang=0.01836
[TRAIN_COST] action_rate=31.32713 joint_limit=0.02669 undesired_contacts=1.78577
[REWARD_WEIGHTED] pos=0.04353 penalty=-0.07172 total=-0.02819 act_rate=-0.06294 contacts=-0.00362
[ACT_GREEDY] abs_mean=0.4739 abs_p95=1.3996 abs_p99=1.9420 abs_max=3.2066 legs=0.4128 waist=0.9476 arms=0.4247
[ACT_ROLLOUT] abs_mean=0.8101 abs_p95=2.0094 abs_p99=2.6711 abs_max=5.6636 abs_max_all=5.6636
[SAMPLER] top_bin=0 top_prob=0.469 peak_bin=0 failed_sum=831.2764 entropy=0.8131
[TRAIN_BODY] torso_ori=19.12deg l_wrist_ori=25.95deg r_wrist_ori=36.04deg l_elbow_ori=23.19deg r_elbow_ori=34.01deg l_shoulder_ori=21.50deg r_shoulder_ori=25.31deg
[TRAIN_ANG] torso=4.859 l_wrist=8.992 r_wrist=11.360 l_elbow=7.740 r_elbow=10.021 l_shoulder=6.892 r_shoulder=8.009
[TRAIN_ACT] l_wrist_r=0.3052 l_wrist_p=0.3637 l_wrist_y=0.3063 r_wrist_r=0.3174 r_wrist_p=0.3299 r_wrist_y=0.2892 l_elbow=0.5414 r_elbow=0.4032
[CHECKPOINT] saved /home/y/my_mimic_mixgrpo/my_mimic_mixgrpo_h1/runs/fpo_largebox_500_fresh_v2/checkpoints/update_0100.pt
[UPDATE] 101/500 reward_step=-0.02710 done_frac=0.13487 mean_reward=-0.19636 mean_len=7.38
[FPO++] actor_loss=-0.00253 value_loss=0.00230 ratio=0.9996 [0.930,1.088] clip_frac=0.2259 cfm_old=1.6659 cfm_new=1.6664 kl=0.000072 grad=0.0799 grad_c=0.0382 lr=0.001139 critic_lr=0.001317
[TRAIN] mean_reward=-0.19636 mean_len=7.38 recent_eps=100 completed_eps=1910598
[UPDATE_EFFECT] action_delta=0.01463341 param_rms_delta=0.00099837
[TIME] collect=5.144s update=5.799s
[DONE] timeout=0.00000 anchor_pos=0.00000 anchor_ori=0.00171 ee_body=1.00000
[DONE_ROLLOUT] timeout=0.00000 anchor_pos=0.00000 anchor_ori=0.00007 ee_body=0.13483
[FIRST_FAILURE] step_mean=3.49 step_min=0 step_max=20 phase_mean=103.32 phase_min=5 phase_max=324 anchor_pos=0.00000 anchor_ori=0.00049 ee_body=0.99976 timeout=0.00000
[TRACK_CHUNK0] anchor_pos=0.89997 anchor_ori=0.48935 body_pos=0.86735 body_ori=0.39972 body_lin=0.20146 body_ang=0.01797
[TRACK_ROLLOUT] anchor_pos=0.89913 anchor_ori=0.48968 body_pos=0.86707 body_ori=0.40055 body_lin=0.20090 body_ang=0.01883
[TRAIN_COST] action_rate=31.06290 joint_limit=0.02554 undesired_contacts=1.82715
[REWARD_WEIGHTED] pos=0.04364 penalty=-0.07074 total=-0.02710 act_rate=-0.06195 contacts=-0.00364
[ACT_GREEDY] abs_mean=0.4844 abs_p95=1.4282 abs_p99=1.9766 abs_max=3.8044 legs=0.4233 waist=0.9609 arms=0.4346
[ACT_ROLLOUT] abs_mean=0.8093 abs_p95=2.0095 abs_p99=2.6756 abs_max=5.2718 abs_max_all=5.2718
[SAMPLER] top_bin=0 top_prob=0.470 peak_bin=0 failed_sum=837.7671 entropy=0.8122
[TRAIN_BODY] torso_ori=19.10deg l_wrist_ori=25.98deg r_wrist_ori=36.02deg l_elbow_ori=23.29deg r_elbow_ori=33.92deg l_shoulder_ori=21.53deg r_shoulder_ori=25.09deg
[TRAIN_ANG] torso=4.849 l_wrist=8.982 r_wrist=11.335 l_elbow=7.774 r_elbow=10.001 l_shoulder=6.920 r_shoulder=7.977
[TRAIN_ACT] l_wrist_r=0.3191 l_wrist_p=0.3653 l_wrist_y=0.3201 r_wrist_r=0.3219 r_wrist_p=0.3380 r_wrist_y=0.2990 l_elbow=0.5491 r_elbow=0.4100
[UPDATE] 102/500 reward_step=-0.02671 done_frac=0.13494 mean_reward=-0.19663 mean_len=7.20
[FPO++] actor_loss=-0.00096 value_loss=0.00210 ratio=0.9996 [0.932,1.072] clip_frac=0.2293 cfm_old=1.6636 cfm_new=1.6641 kl=0.000076 grad=0.0822 grad_c=0.0152 lr=0.001139 critic_lr=0.001317
[TRAIN] mean_reward=-0.19663 mean_len=7.20 recent_eps=100 completed_eps=1937128
[UPDATE_EFFECT] action_delta=0.01294737 param_rms_delta=0.00100255
[TIME] collect=5.123s update=5.812s
[DONE] timeout=0.00000 anchor_pos=0.00000 anchor_ori=0.00098 ee_body=0.99988
[DONE_ROLLOUT] timeout=0.00000 anchor_pos=0.00000 anchor_ori=0.00004 ee_body=0.13492
[FIRST_FAILURE] step_mean=3.50 step_min=0 step_max=22 phase_mean=103.70 phase_min=5 phase_max=324 anchor_pos=0.00000 anchor_ori=0.00073 ee_body=0.99963 timeout=0.00000
[TRACK_CHUNK0] anchor_pos=0.89935 anchor_ori=0.49115 body_pos=0.86762 body_ori=0.40119 body_lin=0.20320 body_ang=0.01867
[TRACK_ROLLOUT] anchor_pos=0.90007 anchor_ori=0.49094 body_pos=0.86750 body_ori=0.40059 body_lin=0.20092 body_ang=0.01870
[TRAIN_COST] action_rate=30.87349 joint_limit=0.02539 undesired_contacts=1.80310
[REWARD_WEIGHTED] pos=0.04366 penalty=-0.07037 total=-0.02671 act_rate=-0.06165 contacts=-0.00363
[ACT_GREEDY] abs_mean=0.4904 abs_p95=1.4464 abs_p99=1.9899 abs_max=3.1304 legs=0.4295 waist=0.9684 arms=0.4402
[ACT_ROLLOUT] abs_mean=0.8123 abs_p95=2.0150 abs_p99=2.6832 abs_max=5.2344 abs_max_all=5.2344
[SAMPLER] top_bin=0 top_prob=0.471 peak_bin=0 failed_sum=844.1177 entropy=0.8116
[TRAIN_BODY] torso_ori=19.02deg l_wrist_ori=25.76deg r_wrist_ori=35.91deg l_elbow_ori=23.09deg r_elbow_ori=33.80deg l_shoulder_ori=21.42deg r_shoulder_ori=25.03deg
[TRAIN_ANG] torso=4.873 l_wrist=8.941 r_wrist=11.239 l_elbow=7.749 r_elbow=9.927 l_shoulder=6.881 r_shoulder=7.941
[TRAIN_ACT] l_wrist_r=0.3215 l_wrist_p=0.3740 l_wrist_y=0.3314 r_wrist_r=0.3340 r_wrist_p=0.3363 r_wrist_y=0.3016 l_elbow=0.5531 r_elbow=0.4171
[UPDATE] 103/500 reward_step=-0.02619 done_frac=0.13580 mean_reward=-0.19371 mean_len=7.08
[FPO++] actor_loss=-0.00175 value_loss=0.00216 ratio=0.9998 [0.936,1.073] clip_frac=0.2027 cfm_old=1.6595 cfm_new=1.6597 kl=0.000072 grad=0.0714 grad_c=0.0341 lr=0.001139 critic_lr=0.001317
[TRAIN] mean_reward=-0.19371 mean_len=7.08 recent_eps=100 completed_eps=1963827
[UPDATE_EFFECT] action_delta=0.01270290 param_rms_delta=0.00100975
[TIME] collect=5.178s update=5.814s
[DONE] timeout=0.00000 anchor_pos=0.00000 anchor_ori=0.00208 ee_body=1.00000
[DONE_ROLLOUT] timeout=0.00000 anchor_pos=0.00000 anchor_ori=0.00009 ee_body=0.13576
[FIRST_FAILURE] step_mean=3.39 step_min=0 step_max=19 phase_mean=103.45 phase_min=5 phase_max=324 anchor_pos=0.00000 anchor_ori=0.00098 ee_body=0.99963 timeout=0.00000
[TRACK_CHUNK0] anchor_pos=0.89960 anchor_ori=0.48444 body_pos=0.86591 body_ori=0.39829 body_lin=0.19812 body_ang=0.01863
[TRACK_ROLLOUT] anchor_pos=0.90063 anchor_ori=0.49113 body_pos=0.86825 body_ori=0.40331 body_lin=0.20077 body_ang=0.01902
[TRAIN_COST] action_rate=30.46964 joint_limit=0.02571 undesired_contacts=1.82251
[REWARD_WEIGHTED] pos=0.04374 penalty=-0.06993 total=-0.02619 act_rate=-0.06118 contacts=-0.00365
[ACT_GREEDY] abs_mean=0.4979 abs_p95=1.4617 abs_p99=2.0109 abs_max=3.6082 legs=0.4348 waist=0.9770 arms=0.4494
[ACT_ROLLOUT] abs_mean=0.8137 abs_p95=2.0202 abs_p99=2.6897 abs_max=5.3497 abs_max_all=5.3497
[SAMPLER] top_bin=0 top_prob=0.472 peak_bin=0 failed_sum=850.4834 entropy=0.8110
[TRAIN_BODY] torso_ori=19.25deg l_wrist_ori=26.09deg r_wrist_ori=35.96deg l_elbow_ori=23.15deg r_elbow_ori=33.92deg l_shoulder_ori=21.55deg r_shoulder_ori=25.52deg
[TRAIN_ANG] torso=4.868 l_wrist=8.994 r_wrist=11.347 l_elbow=7.722 r_elbow=10.038 l_shoulder=6.857 r_shoulder=8.055
[TRAIN_ACT] l_wrist_r=0.3272 l_wrist_p=0.3699 l_wrist_y=0.3372 r_wrist_r=0.3383 r_wrist_p=0.3452 r_wrist_y=0.3116 l_elbow=0.5757 r_elbow=0.4261
[UPDATE] 104/500 reward_step=-0.02555 done_frac=0.13711 mean_reward=-0.20594 mean_len=7.77
[FPO++] actor_loss=0.00051 value_loss=0.00200 ratio=0.9992 [0.870,1.123] clip_frac=0.3064 cfm_old=1.6525 cfm_new=1.6534 kl=0.000111 grad=0.1212 grad_c=0.0264 lr=0.000759 critic_lr=0.000878
[TRAIN] mean_reward=-0.20594 mean_len=7.77 recent_eps=100 completed_eps=1990784
[UPDATE_EFFECT] action_delta=0.01436738 param_rms_delta=0.00093524
[TIME] collect=5.115s update=5.814s
[DONE] timeout=0.00000 anchor_pos=0.00000 anchor_ori=0.00085 ee_body=1.00000
[DONE_ROLLOUT] timeout=0.00000 anchor_pos=0.00000 anchor_ori=0.00004 ee_body=0.13710
[FIRST_FAILURE] step_mean=3.38 step_min=0 step_max=19 phase_mean=103.31 phase_min=5 phase_max=324 anchor_pos=0.00000 anchor_ori=0.00012 ee_body=0.99988 timeout=0.00000
[TRACK_CHUNK0] anchor_pos=0.90011 anchor_ori=0.48697 body_pos=0.86699 body_ori=0.40059 body_lin=0.19734 body_ang=0.01995
[TRACK_ROLLOUT] anchor_pos=0.90086 anchor_ori=0.49099 body_pos=0.86833 body_ori=0.40533 body_lin=0.19945 body_ang=0.01926
[TRAIN_COST] action_rate=30.40076 joint_limit=0.02570 undesired_contacts=1.81641
[REWARD_WEIGHTED] pos=0.04377 penalty=-0.06932 total=-0.02555 act_rate=-0.06054 contacts=-0.00369
[ACT_GREEDY] abs_mean=0.5033 abs_p95=1.4699 abs_p99=2.0353 abs_max=3.3844 legs=0.4392 waist=0.9932 arms=0.4532
[ACT_ROLLOUT] abs_mean=0.8138 abs_p95=2.0222 abs_p99=2.6940 abs_max=5.5385 abs_max_all=5.5385
[SAMPLER] top_bin=0 top_prob=0.473 peak_bin=0 failed_sum=856.9545 entropy=0.8103
[TRAIN_BODY] torso_ori=19.13deg l_wrist_ori=25.61deg r_wrist_ori=35.89deg l_elbow_ori=23.00deg r_elbow_ori=33.89deg l_shoulder_ori=21.55deg r_shoulder_ori=25.39deg
[TRAIN_ANG] torso=4.891 l_wrist=8.965 r_wrist=11.182 l_elbow=7.762 r_elbow=9.944 l_shoulder=6.912 r_shoulder=8.028
[TRAIN_ACT] l_wrist_r=0.3387 l_wrist_p=0.3733 l_wrist_y=0.3418 r_wrist_r=0.3452 r_wrist_p=0.3446 r_wrist_y=0.3194 l_elbow=0.5861 r_elbow=0.4357
[UPDATE] 105/500 reward_step=-0.02516 done_frac=0.13664 mean_reward=-0.19437 mean_len=7.53
[FPO++] actor_loss=-0.00241 value_loss=0.00208 ratio=0.9993 [0.908,1.128] clip_frac=0.2511 cfm_old=1.6520 cfm_new=1.6528 kl=0.000081 grad=0.1011 grad_c=0.0199 lr=0.000759 critic_lr=0.000878
[TRAIN] mean_reward=-0.19437 mean_len=7.53 recent_eps=100 completed_eps=2017649
[UPDATE_EFFECT] action_delta=0.01208808 param_rms_delta=0.00077465
[TIME] collect=5.239s update=5.804s
[DONE] timeout=0.00000 anchor_pos=0.00000 anchor_ori=0.00122 ee_body=1.00000
[DONE_ROLLOUT] timeout=0.00000 anchor_pos=0.00000 anchor_ori=0.00005 ee_body=0.13663
[FIRST_FAILURE] step_mean=3.41 step_min=0 step_max=18 phase_mean=101.32 phase_min=5 phase_max=324 anchor_pos=0.00000 anchor_ori=0.00049 ee_body=1.00000 timeout=0.00000
[TRACK_CHUNK0] anchor_pos=0.90035 anchor_ori=0.49575 body_pos=0.86877 body_ori=0.40787 body_lin=0.19924 body_ang=0.01948
[TRACK_ROLLOUT] anchor_pos=0.90091 anchor_ori=0.49180 body_pos=0.86863 body_ori=0.40589 body_lin=0.20043 body_ang=0.01948
[TRAIN_COST] action_rate=29.90691 joint_limit=0.02537 undesired_contacts=1.89368
[REWARD_WEIGHTED] pos=0.04382 penalty=-0.06897 total=-0.02516 act_rate=-0.06029 contacts=-0.00365
[ACT_GREEDY] abs_mean=0.5081 abs_p95=1.4911 abs_p99=2.0712 abs_max=3.5910 legs=0.4457 waist=1.0000 arms=0.4562
[ACT_ROLLOUT] abs_mean=0.8164 abs_p95=2.0285 abs_p99=2.7035 abs_max=5.4503 abs_max_all=5.4503
[SAMPLER] top_bin=0 top_prob=0.474 peak_bin=0 failed_sum=863.1803 entropy=0.8096
[TRAIN_BODY] torso_ori=18.80deg l_wrist_ori=25.31deg r_wrist_ori=35.37deg l_elbow_ori=22.48deg r_elbow_ori=33.42deg l_shoulder_ori=21.26deg r_shoulder_ori=24.99deg
[TRAIN_ANG] torso=4.847 l_wrist=8.879 r_wrist=11.252 l_elbow=7.669 r_elbow=10.062 l_shoulder=6.965 r_shoulder=8.101
[TRAIN_ACT] l_wrist_r=0.3330 l_wrist_p=0.3719 l_wrist_y=0.3495 r_wrist_r=0.3482 r_wrist_p=0.3513 r_wrist_y=0.3168 l_elbow=0.5927 r_elbow=0.4398
[UPDATE] 106/500 reward_step=-0.02417 done_frac=0.13704 mean_reward=-0.16559 mean_len=7.04
[FPO++] actor_loss=-0.00114 value_loss=0.00195 ratio=0.9997 [0.932,1.071] clip_frac=0.1837 cfm_old=1.6385 cfm_new=1.6388 kl=0.000054 grad=0.0733 grad_c=0.0357 lr=0.000759 critic_lr=0.000878
[TRAIN] mean_reward=-0.16559 mean_len=7.04 recent_eps=100 completed_eps=2044592
[UPDATE_EFFECT] action_delta=0.01159305 param_rms_delta=0.00076756
[TIME] collect=5.147s update=5.818s
[DONE] timeout=0.00000 anchor_pos=0.00000 anchor_ori=0.00110 ee_body=1.00000
[DONE_ROLLOUT] timeout=0.00000 anchor_pos=0.00000 anchor_ori=0.00005 ee_body=0.13702
[FIRST_FAILURE] step_mean=3.41 step_min=0 step_max=21 phase_mean=103.53 phase_min=5 phase_max=324 anchor_pos=0.00000 anchor_ori=0.00073 ee_body=0.99976 timeout=0.00000
[TRACK_CHUNK0] anchor_pos=0.90120 anchor_ori=0.48967 body_pos=0.86789 body_ori=0.40446 body_lin=0.20064 body_ang=0.01953
[TRACK_ROLLOUT] anchor_pos=0.90175 anchor_ori=0.49258 body_pos=0.86882 body_ori=0.40694 body_lin=0.20019 body_ang=0.01957
[TRAIN_COST] action_rate=29.69250 joint_limit=0.02503 undesired_contacts=1.80579
[REWARD_WEIGHTED] pos=0.04385 penalty=-0.06802 total=-0.02417 act_rate=-0.05944 contacts=-0.00365
[ACT_GREEDY] abs_mean=0.5162 abs_p95=1.5095 abs_p99=2.0809 abs_max=3.6143 legs=0.4533 waist=1.0024 arms=0.4659
[ACT_ROLLOUT] abs_mean=0.8159 abs_p95=2.0275 abs_p99=2.7026 abs_max=5.7384 abs_max_all=5.7384
[SAMPLER] top_bin=0 top_prob=0.474 peak_bin=0 failed_sum=869.3359 entropy=0.8090
[TRAIN_BODY] torso_ori=19.08deg l_wrist_ori=25.72deg r_wrist_ori=35.39deg l_elbow_ori=22.84deg r_elbow_ori=33.38deg l_shoulder_ori=21.38deg r_shoulder_ori=24.95deg
[TRAIN_ANG] torso=4.916 l_wrist=8.875 r_wrist=11.235 l_elbow=7.635 r_elbow=9.932 l_shoulder=6.923 r_shoulder=8.004
[TRAIN_ACT] l_wrist_r=0.3464 l_wrist_p=0.3895 l_wrist_y=0.3540 r_wrist_r=0.3575 r_wrist_p=0.3588 r_wrist_y=0.3264 l_elbow=0.6256 r_elbow=0.4473
[UPDATE] 107/500 reward_step=-0.02374 done_frac=0.13726 mean_reward=-0.17109 mean_len=7.50
[FPO++] actor_loss=-0.00211 value_loss=0.00199 ratio=0.9995 [0.908,1.083] clip_frac=0.2529 cfm_old=1.6346 cfm_new=1.6351 kl=0.000090 grad=0.1004 grad_c=0.0299 lr=0.001139 critic_lr=0.001317
[TRAIN] mean_reward=-0.17109 mean_len=7.50 recent_eps=100 completed_eps=2071579
[UPDATE_EFFECT] action_delta=0.01549834 param_rms_delta=0.00099739
[TIME] collect=5.112s update=5.813s
[DONE] timeout=0.00000 anchor_pos=0.00000 anchor_ori=0.00110 ee_body=0.99988
[DONE_ROLLOUT] timeout=0.00000 anchor_pos=0.00000 anchor_ori=0.00005 ee_body=0.13725
[FIRST_FAILURE] step_mean=3.38 step_min=0 step_max=20 phase_mean=104.71 phase_min=5 phase_max=324 anchor_pos=0.00000 anchor_ori=0.00037 ee_body=0.99976 timeout=0.00000
[TRACK_CHUNK0] anchor_pos=0.90243 anchor_ori=0.48868 body_pos=0.86905 body_ori=0.40431 body_lin=0.19890 body_ang=0.01973
[TRACK_ROLLOUT] anchor_pos=0.90144 anchor_ori=0.49381 body_pos=0.86913 body_ori=0.40864 body_lin=0.19978 body_ang=0.01983
[TRAIN_COST] action_rate=29.44267 joint_limit=0.02435 undesired_contacts=1.83179
[REWARD_WEIGHTED] pos=0.04390 penalty=-0.06764 total=-0.02374 act_rate=-0.05898 contacts=-0.00370
[ACT_GREEDY] abs_mean=0.5250 abs_p95=1.5343 abs_p99=2.1218 abs_max=3.6674 legs=0.4617 waist=1.0242 arms=0.4722
[ACT_ROLLOUT] abs_mean=0.8171 abs_p95=2.0304 abs_p99=2.7073 abs_max=5.6744 abs_max_all=5.6744
[SAMPLER] top_bin=0 top_prob=0.475 peak_bin=0 failed_sum=875.3884 entropy=0.8084
[TRAIN_BODY] torso_ori=19.11deg l_wrist_ori=25.73deg r_wrist_ori=35.32deg l_elbow_ori=22.92deg r_elbow_ori=33.49deg l_shoulder_ori=21.22deg r_shoulder_ori=24.97deg
[TRAIN_ANG] torso=4.901 l_wrist=8.936 r_wrist=11.298 l_elbow=7.636 r_elbow=10.032 l_shoulder=6.867 r_shoulder=8.015
[TRAIN_ACT] l_wrist_r=0.3515 l_wrist_p=0.3796 l_wrist_y=0.3668 r_wrist_r=0.3586 r_wrist_p=0.3665 r_wrist_y=0.3300 l_elbow=0.6207 r_elbow=0.4501
[UPDATE] 108/500 reward_step=-0.02275 done_frac=0.13810 mean_reward=-0.17710 mean_len=7.10
[FPO++] actor_loss=-0.00025 value_loss=0.00193 ratio=0.9989 [0.851,1.141] clip_frac=0.3086 cfm_old=1.6220 cfm_new=1.6231 kl=0.000108 grad=0.1429 grad_c=0.0307 lr=0.000506 critic_lr=0.000585
[TRAIN] mean_reward=-0.17710 mean_len=7.10 recent_eps=100 completed_eps=2098731
[UPDATE_EFFECT] action_delta=0.01121134 param_rms_delta=0.00062095
[TIME] collect=5.169s update=5.809s
[DONE] timeout=0.00000 anchor_pos=0.00000 anchor_ori=0.00171 ee_body=0.99988
[DONE_ROLLOUT] timeout=0.00000 anchor_pos=0.00000 anchor_ori=0.00007 ee_body=0.13807
[FIRST_FAILURE] step_mean=3.33 step_min=0 step_max=22 phase_mean=103.70 phase_min=5 phase_max=324 anchor_pos=0.00000 anchor_ori=0.00049 ee_body=0.99951 timeout=0.00000
[TRACK_CHUNK0] anchor_pos=0.89999 anchor_ori=0.49156 body_pos=0.86685 body_ori=0.40239 body_lin=0.19621 body_ang=0.01971
[TRACK_ROLLOUT] anchor_pos=0.90129 anchor_ori=0.49420 body_pos=0.86921 body_ori=0.40966 body_lin=0.19955 body_ang=0.02018
[TRAIN_COST] action_rate=29.17391 joint_limit=0.02434 undesired_contacts=1.85999
[REWARD_WEIGHTED] pos=0.04393 penalty=-0.06668 total=-0.02275 act_rate=-0.05806 contacts=-0.00372
[ACT_GREEDY] abs_mean=0.5298 abs_p95=1.5489 abs_p99=2.1250 abs_max=3.6316 legs=0.4665 waist=1.0263 arms=0.4776
[ACT_ROLLOUT] abs_mean=0.8161 abs_p95=2.0317 abs_p99=2.7127 abs_max=5.5778 abs_max_all=5.5778
[SAMPLER] top_bin=0 top_prob=0.476 peak_bin=0 failed_sum=881.4603 entropy=0.8078
[TRAIN_BODY] torso_ori=19.04deg l_wrist_ori=25.44deg r_wrist_ori=35.73deg l_elbow_ori=22.77deg r_elbow_ori=33.83deg l_shoulder_ori=21.32deg r_shoulder_ori=25.20deg
[TRAIN_ANG] torso=4.914 l_wrist=8.872 r_wrist=11.348 l_elbow=7.633 r_elbow=10.065 l_shoulder=6.889 r_shoulder=8.061
[TRAIN_ACT] l_wrist_r=0.3505 l_wrist_p=0.3959 l_wrist_y=0.3646 r_wrist_r=0.3622 r_wrist_p=0.3676 r_wrist_y=0.3300 l_elbow=0.6325 r_elbow=0.4595
[UPDATE] 109/500 reward_step=-0.02233 done_frac=0.13886 mean_reward=-0.15539 mean_len=7.50
[FPO++] actor_loss=-0.00278 value_loss=0.00194 ratio=0.9996 [0.930,1.077] clip_frac=0.1938 cfm_old=1.6187 cfm_new=1.6191 kl=0.000063 grad=0.0838 grad_c=0.0265 lr=0.000759 critic_lr=0.000878
[TRAIN] mean_reward=-0.15539 mean_len=7.50 recent_eps=100 completed_eps=2126032
[UPDATE_EFFECT] action_delta=0.01228266 param_rms_delta=0.00073661
[TIME] collect=5.194s update=5.814s
[DONE] timeout=0.00000 anchor_pos=0.00000 anchor_ori=0.00146 ee_body=0.99988
[DONE_ROLLOUT] timeout=0.00000 anchor_pos=0.00000 anchor_ori=0.00006 ee_body=0.13882
[FIRST_FAILURE] step_mean=3.33 step_min=0 step_max=22 phase_mean=103.14 phase_min=5 phase_max=324 anchor_pos=0.00000 anchor_ori=0.00085 ee_body=0.99939 timeout=0.00000
[TRACK_CHUNK0] anchor_pos=0.90222 anchor_ori=0.49257 body_pos=0.86900 body_ori=0.40768 body_lin=0.19701 body_ang=0.02024
[TRACK_ROLLOUT] anchor_pos=0.90151 anchor_ori=0.49568 body_pos=0.86928 body_ori=0.41093 body_lin=0.19766 body_ang=0.02006
[TRAIN_COST] action_rate=28.84962 joint_limit=0.02446 undesired_contacts=1.86230
[REWARD_WEIGHTED] pos=0.04393 penalty=-0.06626 total=-0.02233 act_rate=-0.05763 contacts=-0.00372
[ACT_GREEDY] abs_mean=0.5375 abs_p95=1.5716 abs_p99=2.1668 abs_max=3.7708 legs=0.4745 waist=1.0388 arms=0.4840
[ACT_ROLLOUT] abs_mean=0.8171 abs_p95=2.0338 abs_p99=2.7158 abs_max=5.7305 abs_max_all=5.7305
[SAMPLER] top_bin=0 top_prob=0.477 peak_bin=0 failed_sum=887.5368 entropy=0.8071
[TRAIN_BODY] torso_ori=18.95deg l_wrist_ori=25.24deg r_wrist_ori=35.12deg l_elbow_ori=22.44deg r_elbow_ori=33.20deg l_shoulder_ori=21.07deg r_shoulder_ori=24.93deg
[TRAIN_ANG] torso=4.925 l_wrist=8.881 r_wrist=11.214 l_elbow=7.614 r_elbow=9.953 l_shoulder=6.873 r_shoulder=8.047
[TRAIN_ACT] l_wrist_r=0.3583 l_wrist_p=0.3981 l_wrist_y=0.3742 r_wrist_r=0.3703 r_wrist_p=0.3708 r_wrist_y=0.3352 l_elbow=0.6394 r_elbow=0.4571
[UPDATE] 110/500 reward_step=-0.02181 done_frac=0.13822 mean_reward=-0.17730 mean_len=7.26
[FPO++] actor_loss=0.00011 value_loss=0.00178 ratio=0.9993 [0.866,1.138] clip_frac=0.2749 cfm_old=1.6129 cfm_new=1.6137 kl=0.000103 grad=0.1202 grad_c=0.0291 lr=0.000759 critic_lr=0.000878
[TRAIN] mean_reward=-0.17730 mean_len=7.26 recent_eps=100 completed_eps=2153208
[UPDATE_EFFECT] action_delta=0.01270140 param_rms_delta=0.00080580
[TIME] collect=5.125s update=5.806s
[DONE] timeout=0.00000 anchor_pos=0.00000 anchor_ori=0.00037 ee_body=1.00000
[DONE_ROLLOUT] timeout=0.00000 anchor_pos=0.00000 anchor_ori=0.00002 ee_body=0.13821
[FIRST_FAILURE] step_mean=3.39 step_min=0 step_max=21 phase_mean=101.22 phase_min=4 phase_max=322 anchor_pos=0.00000 anchor_ori=0.00000 ee_body=1.00000 timeout=0.00000
[TRACK_CHUNK0] anchor_pos=0.89978 anchor_ori=0.50154 body_pos=0.86868 body_ori=0.41415 body_lin=0.20141 body_ang=0.02037
[TRACK_ROLLOUT] anchor_pos=0.90184 anchor_ori=0.49675 body_pos=0.86950 body_ori=0.41181 body_lin=0.19872 body_ang=0.02018
[TRAIN_COST] action_rate=28.55027 joint_limit=0.02425 undesired_contacts=1.87634
[REWARD_WEIGHTED] pos=0.04399 penalty=-0.06580 total=-0.02181 act_rate=-0.05727 contacts=-0.00369
[ACT_GREEDY] abs_mean=0.5404 abs_p95=1.5797 abs_p99=2.1742 abs_max=3.7230 legs=0.4768 waist=1.0484 arms=0.4860
[ACT_ROLLOUT] abs_mean=0.8181 abs_p95=2.0383 abs_p99=2.7202 abs_max=5.5209 abs_max_all=5.5209
[SAMPLER] top_bin=0 top_prob=0.478 peak_bin=0 failed_sum=893.3454 entropy=0.8065
[TRAIN_BODY] torso_ori=18.65deg l_wrist_ori=24.92deg r_wrist_ori=35.27deg l_elbow_ori=22.12deg r_elbow_ori=33.28deg l_shoulder_ori=20.94deg r_shoulder_ori=24.98deg
[TRAIN_ANG] torso=4.889 l_wrist=8.860 r_wrist=11.324 l_elbow=7.578 r_elbow=10.021 l_shoulder=6.889 r_shoulder=8.101
[TRAIN_ACT] l_wrist_r=0.3609 l_wrist_p=0.3970 l_wrist_y=0.3714 r_wrist_r=0.3740 r_wrist_p=0.3725 r_wrist_y=0.3483 l_elbow=0.6197 r_elbow=0.4547
[UPDATE] 111/500 reward_step=-0.02128 done_frac=0.13906 mean_reward=-0.15043 mean_len=7.42
[FPO++] actor_loss=-0.00184 value_loss=0.00177 ratio=0.9996 [0.936,1.080] clip_frac=0.1817 cfm_old=1.6070 cfm_new=1.6074 kl=0.000064 grad=0.0800 grad_c=0.0219 lr=0.000759 critic_lr=0.000878
[TRAIN] mean_reward=-0.15043 mean_len=7.42 recent_eps=100 completed_eps=2180549
[UPDATE_EFFECT] action_delta=0.01158068 param_rms_delta=0.00074510
[TIME] collect=5.145s update=5.808s
[DONE] timeout=0.00000 anchor_pos=0.00000 anchor_ori=0.00159 ee_body=0.99988
[DONE_ROLLOUT] timeout=0.00000 anchor_pos=0.00000 anchor_ori=0.00007 ee_body=0.13902
[FIRST_FAILURE] step_mean=3.32 step_min=0 step_max=19 phase_mean=101.95 phase_min=5 phase_max=324 anchor_pos=0.00000 anchor_ori=0.00061 ee_body=0.99963 timeout=0.00000
[TRACK_CHUNK0] anchor_pos=0.90028 anchor_ori=0.49292 body_pos=0.86851 body_ori=0.41204 body_lin=0.19802 body_ang=0.02048
[TRACK_ROLLOUT] anchor_pos=0.90168 anchor_ori=0.49753 body_pos=0.86962 body_ori=0.41325 body_lin=0.19826 body_ang=0.02044
[TRAIN_COST] action_rate=28.49045 joint_limit=0.02427 undesired_contacts=1.82886
[REWARD_WEIGHTED] pos=0.04402 penalty=-0.06530 total=-0.02128 act_rate=-0.05681 contacts=-0.00373
[ACT_GREEDY] abs_mean=0.5488 abs_p95=1.5994 abs_p99=2.1926 abs_max=4.1728 legs=0.4850 waist=1.0554 arms=0.4949
[ACT_ROLLOUT] abs_mean=0.8193 abs_p95=2.0409 abs_p99=2.7260 abs_max=5.5193 abs_max_all=5.5193
[SAMPLER] top_bin=0 top_prob=0.479 peak_bin=0 failed_sum=899.1787 entropy=0.8059
[TRAIN_BODY] torso_ori=19.02deg l_wrist_ori=25.35deg r_wrist_ori=34.83deg l_elbow_ori=22.55deg r_elbow_ori=32.91deg l_shoulder_ori=21.06deg r_shoulder_ori=24.81deg
[TRAIN_ANG] torso=4.929 l_wrist=8.856 r_wrist=11.290 l_elbow=7.637 r_elbow=9.991 l_shoulder=6.882 r_shoulder=8.035
[TRAIN_ACT] l_wrist_r=0.3653 l_wrist_p=0.4037 l_wrist_y=0.3827 r_wrist_r=0.3821 r_wrist_p=0.3769 r_wrist_y=0.3518 l_elbow=0.6442 r_elbow=0.4610
[UPDATE] 112/500 reward_step=-0.02056 done_frac=0.13881 mean_reward=-0.14485 mean_len=7.30
[FPO++] actor_loss=-0.00030 value_loss=0.00171 ratio=0.9993 [0.900,1.146] clip_frac=0.2668 cfm_old=1.5996 cfm_new=1.6003 kl=0.000096 grad=0.1184 grad_c=0.0231 lr=0.000759 critic_lr=0.000878
[TRAIN] mean_reward=-0.14485 mean_len=7.30 recent_eps=100 completed_eps=2207840
[UPDATE_EFFECT] action_delta=0.01328489 param_rms_delta=0.00078397
[TIME] collect=5.215s update=5.811s
[DONE] timeout=0.00000 anchor_pos=0.00000 anchor_ori=0.00122 ee_body=1.00000
[DONE_ROLLOUT] timeout=0.00000 anchor_pos=0.00000 anchor_ori=0.00005 ee_body=0.13878
[FIRST_FAILURE] step_mean=3.32 step_min=0 step_max=19 phase_mean=101.96 phase_min=5 phase_max=324 anchor_pos=0.00000 anchor_ori=0.00073 ee_body=0.99963 timeout=0.00000
[TRACK_CHUNK0] anchor_pos=0.90159 anchor_ori=0.49896 body_pos=0.87027 body_ori=0.41551 body_lin=0.19806 body_ang=0.02085
[TRACK_ROLLOUT] anchor_pos=0.90317 anchor_ori=0.49802 body_pos=0.87082 body_ori=0.41480 body_lin=0.19932 body_ang=0.02098
[TRAIN_COST] action_rate=28.18188 joint_limit=0.02382 undesired_contacts=1.88574
[REWARD_WEIGHTED] pos=0.04413 penalty=-0.06469 total=-0.02056 act_rate=-0.05627 contacts=-0.00368
[ACT_GREEDY] abs_mean=0.5534 abs_p95=1.6165 abs_p99=2.2316 abs_max=3.6227 legs=0.4876 waist=1.0682 arms=0.4995
[ACT_ROLLOUT] abs_mean=0.8199 abs_p95=2.0435 abs_p99=2.7315 abs_max=5.3527 abs_max_all=5.3527
[SAMPLER] top_bin=0 top_prob=0.479 peak_bin=0 failed_sum=904.8242 entropy=0.8054
[TRAIN_BODY] torso_ori=18.72deg l_wrist_ori=25.00deg r_wrist_ori=34.41deg l_elbow_ori=22.18deg r_elbow_ori=32.65deg l_shoulder_ori=20.82deg r_shoulder_ori=24.80deg
[TRAIN_ANG] torso=4.940 l_wrist=8.773 r_wrist=11.217 l_elbow=7.554 r_elbow=9.992 l_shoulder=6.865 r_shoulder=8.091
[TRAIN_ACT] l_wrist_r=0.3685 l_wrist_p=0.4009 l_wrist_y=0.3862 r_wrist_r=0.3894 r_wrist_p=0.3835 r_wrist_y=0.3556 l_elbow=0.6357 r_elbow=0.4699
[UPDATE] 113/500 reward_step=-0.02002 done_frac=0.14008 mean_reward=-0.15498 mean_len=7.42
[FPO++] actor_loss=-0.00110 value_loss=0.00167 ratio=0.9996 [0.936,1.071] clip_frac=0.1946 cfm_old=1.5926 cfm_new=1.5931 kl=0.000066 grad=0.0864 grad_c=0.0343 lr=0.000759 critic_lr=0.000878
[TRAIN] mean_reward=-0.15498 mean_len=7.42 recent_eps=100 completed_eps=2235381
[UPDATE_EFFECT] action_delta=0.01195225 param_rms_delta=0.00074260
[TIME] collect=5.133s update=5.814s
[DONE] timeout=0.00000 anchor_pos=0.00000 anchor_ori=0.00159 ee_body=1.00000
[DONE_ROLLOUT] timeout=0.00000 anchor_pos=0.00000 anchor_ori=0.00007 ee_body=0.14005
[FIRST_FAILURE] step_mean=3.28 step_min=0 step_max=17 phase_mean=102.27 phase_min=4 phase_max=324 anchor_pos=0.00000 anchor_ori=0.00085 ee_body=0.99939 timeout=0.00000
[TRACK_CHUNK0] anchor_pos=0.90129 anchor_ori=0.49028 body_pos=0.86808 body_ori=0.40870 body_lin=0.19721 body_ang=0.02080
[TRACK_ROLLOUT] anchor_pos=0.90281 anchor_ori=0.49930 body_pos=0.87042 body_ori=0.41569 body_lin=0.19822 body_ang=0.02107
[TRAIN_COST] action_rate=27.76173 joint_limit=0.02390 undesired_contacts=1.85889
[REWARD_WEIGHTED] pos=0.04413 penalty=-0.06415 total=-0.02002 act_rate=-0.05563 contacts=-0.00376
[ACT_GREEDY] abs_mean=0.5624 abs_p95=1.6282 abs_p99=2.2421 abs_max=4.1904 legs=0.4949 waist=1.0712 arms=0.5112
[ACT_ROLLOUT] abs_mean=0.8213 abs_p95=2.0481 abs_p99=2.7377 abs_max=5.9556 abs_max_all=5.9556
[SAMPLER] top_bin=0 top_prob=0.480 peak_bin=0 failed_sum=910.5827 entropy=0.8048
[TRAIN_BODY] torso_ori=19.07deg l_wrist_ori=25.29deg r_wrist_ori=35.04deg l_elbow_ori=22.48deg r_elbow_ori=33.21deg l_shoulder_ori=21.33deg r_shoulder_ori=25.12deg
[TRAIN_ANG] torso=4.946 l_wrist=8.812 r_wrist=11.248 l_elbow=7.594 r_elbow=9.944 l_shoulder=6.955 r_shoulder=8.040
[TRAIN_ACT] l_wrist_r=0.3766 l_wrist_p=0.4245 l_wrist_y=0.3887 r_wrist_r=0.4006 r_wrist_p=0.3981 r_wrist_y=0.3689 l_elbow=0.6689 r_elbow=0.4807
[UPDATE] 114/500 reward_step=-0.01953 done_frac=0.14036 mean_reward=-0.13301 mean_len=7.01
[FPO++] actor_loss=-0.00138 value_loss=0.00165 ratio=0.9995 [0.928,1.085] clip_frac=0.2021 cfm_old=1.5889 cfm_new=1.5894 kl=0.000072 grad=0.0959 grad_c=0.0282 lr=0.000759 critic_lr=0.000878
[TRAIN] mean_reward=-0.13301 mean_len=7.01 recent_eps=100 completed_eps=2262977
[UPDATE_EFFECT] action_delta=0.01391105 param_rms_delta=0.00074488
[TIME] collect=5.107s update=5.806s
[DONE] timeout=0.00000 anchor_pos=0.00000 anchor_ori=0.00061 ee_body=1.00000
[DONE_ROLLOUT] timeout=0.00000 anchor_pos=0.00000 anchor_ori=0.00003 ee_body=0.14035
[FIRST_FAILURE] step_mean=3.27 step_min=0 step_max=17 phase_mean=101.24 phase_min=5 phase_max=322 anchor_pos=0.00000 anchor_ori=0.00012 ee_body=1.00000 timeout=0.00000
[TRACK_CHUNK0] anchor_pos=0.90265 anchor_ori=0.49970 body_pos=0.86974 body_ori=0.41488 body_lin=0.19668 body_ang=0.02170
[TRACK_ROLLOUT] anchor_pos=0.90297 anchor_ori=0.50007 body_pos=0.87047 body_ori=0.41626 body_lin=0.19760 body_ang=0.02109
[TRAIN_COST] action_rate=27.57528 joint_limit=0.02386 undesired_contacts=1.88464
[REWARD_WEIGHTED] pos=0.04414 penalty=-0.06367 total=-0.01953 act_rate=-0.05518 contacts=-0.00378
[ACT_GREEDY] abs_mean=0.5682 abs_p95=1.6503 abs_p99=2.2683 abs_max=3.7855 legs=0.5010 waist=1.0828 arms=0.5155
[ACT_ROLLOUT] abs_mean=0.8221 abs_p95=2.0522 abs_p99=2.7467 abs_max=5.5538 abs_max_all=5.5538
[SAMPLER] top_bin=0 top_prob=0.481 peak_bin=0 failed_sum=916.2593 entropy=0.8042
[TRAIN_BODY] torso_ori=18.78deg l_wrist_ori=25.01deg r_wrist_ori=34.64deg l_elbow_ori=22.39deg r_elbow_ori=32.87deg l_shoulder_ori=21.08deg r_shoulder_ori=24.74deg
[TRAIN_ANG] torso=4.957 l_wrist=8.795 r_wrist=11.206 l_elbow=7.569 r_elbow=9.931 l_shoulder=6.930 r_shoulder=8.073
[TRAIN_ACT] l_wrist_r=0.3793 l_wrist_p=0.4218 l_wrist_y=0.3849 r_wrist_r=0.3981 r_wrist_p=0.4034 r_wrist_y=0.3666 l_elbow=0.6595 r_elbow=0.4871
[UPDATE] 115/500 reward_step=-0.01874 done_frac=0.14048 mean_reward=-0.13350 mean_len=7.33
[FPO++] actor_loss=-0.00087 value_loss=0.00157 ratio=0.9995 [0.924,1.075] clip_frac=0.1904 cfm_old=1.5823 cfm_new=1.5828 kl=0.000066 grad=0.0883 grad_c=0.0299 lr=0.000759 critic_lr=0.000878
[TRAIN] mean_reward=-0.13350 mean_len=7.33 recent_eps=100 completed_eps=2290597
[UPDATE_EFFECT] action_delta=0.01306591 param_rms_delta=0.00075031
[TIME] collect=5.218s update=5.814s
[DONE] timeout=0.00000 anchor_pos=0.00000 anchor_ori=0.00085 ee_body=1.00000
[DONE_ROLLOUT] timeout=0.00000 anchor_pos=0.00000 anchor_ori=0.00004 ee_body=0.14047
[FIRST_FAILURE] step_mean=3.31 step_min=0 step_max=22 phase_mean=101.19 phase_min=5 phase_max=324 anchor_pos=0.00000 anchor_ori=0.00024 ee_body=1.00000 timeout=0.00000
[TRACK_CHUNK0] anchor_pos=0.90350 anchor_ori=0.50449 body_pos=0.87155 body_ori=0.42064 body_lin=0.19850 body_ang=0.02207
[TRACK_ROLLOUT] anchor_pos=0.90336 anchor_ori=0.50197 body_pos=0.87163 body_ori=0.41945 body_lin=0.19842 body_ang=0.02167
[TRAIN_COST] action_rate=27.22420 joint_limit=0.02384 undesired_contacts=1.92871
[REWARD_WEIGHTED] pos=0.04428 penalty=-0.06301 total=-0.01874 act_rate=-0.05460 contacts=-0.00376
[ACT_GREEDY] abs_mean=0.5739 abs_p95=1.6706 abs_p99=2.2950 abs_max=3.8915 legs=0.5054 waist=1.0850 arms=0.5230
[ACT_ROLLOUT] abs_mean=0.8237 abs_p95=2.0575 abs_p99=2.7516 abs_max=5.6304 abs_max_all=5.6304
[SAMPLER] top_bin=0 top_prob=0.482 peak_bin=0 failed_sum=921.8254 entropy=0.8035
[TRAIN_BODY] torso_ori=18.58deg l_wrist_ori=24.95deg r_wrist_ori=34.18deg l_elbow_ori=22.13deg r_elbow_ori=32.39deg l_shoulder_ori=20.73deg r_shoulder_ori=24.53deg
[TRAIN_ANG] torso=4.948 l_wrist=8.769 r_wrist=11.209 l_elbow=7.549 r_elbow=9.970 l_shoulder=6.861 r_shoulder=8.076
[TRAIN_ACT] l_wrist_r=0.3812 l_wrist_p=0.4238 l_wrist_y=0.3994 r_wrist_r=0.4138 r_wrist_p=0.4064 r_wrist_y=0.3765 l_elbow=0.6740 r_elbow=0.4904
[UPDATE] 116/500 reward_step=-0.01802 done_frac=0.14044 mean_reward=-0.13499 mean_len=7.01
[FPO++] actor_loss=-0.00079 value_loss=0.00157 ratio=0.9993 [0.922,1.081] clip_frac=0.2275 cfm_old=1.5730 cfm_new=1.5738 kl=0.000070 grad=0.1107 grad_c=0.0374 lr=0.000759 critic_lr=0.000878
[TRAIN] mean_reward=-0.13499 mean_len=7.01 recent_eps=100 completed_eps=2318209
[UPDATE_EFFECT] action_delta=0.01229013 param_rms_delta=0.00074677
[TIME] collect=5.130s update=5.809s
[DONE] timeout=0.00000 anchor_pos=0.00000 anchor_ori=0.00098 ee_body=1.00000
[DONE_ROLLOUT] timeout=0.00000 anchor_pos=0.00000 anchor_ori=0.00004 ee_body=0.14044
[FIRST_FAILURE] step_mean=3.28 step_min=0 step_max=17 phase_mean=101.70 phase_min=5 phase_max=324 anchor_pos=0.00000 anchor_ori=0.00073 ee_body=0.99988 timeout=0.00000
[TRACK_CHUNK0] anchor_pos=0.90465 anchor_ori=0.50112 body_pos=0.87207 body_ori=0.41939 body_lin=0.19869 body_ang=0.02128
[TRACK_ROLLOUT] anchor_pos=0.90389 anchor_ori=0.50050 body_pos=0.87170 body_ori=0.41975 body_lin=0.19862 body_ang=0.02189
[TRAIN_COST] action_rate=27.09671 joint_limit=0.02268 undesired_contacts=1.89197
[REWARD_WEIGHTED] pos=0.04428 penalty=-0.06230 total=-0.01802 act_rate=-0.05401 contacts=-0.00374
[ACT_GREEDY] abs_mean=0.5817 abs_p95=1.6873 abs_p99=2.3245 abs_max=4.1791 legs=0.5130 waist=1.0997 arms=0.5296
[ACT_ROLLOUT] abs_mean=0.8248 abs_p95=2.0603 abs_p99=2.7568 abs_max=5.7235 abs_max_all=5.7235
[SAMPLER] top_bin=0 top_prob=0.482 peak_bin=0 failed_sum=927.2509 entropy=0.8030
[TRAIN_BODY] torso_ori=18.72deg l_wrist_ori=24.72deg r_wrist_ori=34.04deg l_elbow_ori=22.05deg r_elbow_ori=32.33deg l_shoulder_ori=20.68deg r_shoulder_ori=24.40deg
[TRAIN_ANG] torso=4.979 l_wrist=8.829 r_wrist=11.101 l_elbow=7.554 r_elbow=9.911 l_shoulder=6.876 r_shoulder=8.048
[TRAIN_ACT] l_wrist_r=0.3794 l_wrist_p=0.4265 l_wrist_y=0.3977 r_wrist_r=0.4130 r_wrist_p=0.4222 r_wrist_y=0.3838 l_elbow=0.6817 r_elbow=0.4924
[UPDATE] 117/500 reward_step=-0.01699 done_frac=0.14136 mean_reward=-0.11356 mean_len=6.96
[FPO++] actor_loss=0.00083 value_loss=0.00149 ratio=0.9988 [0.865,1.163] clip_frac=0.3418 cfm_old=1.5593 cfm_new=1.5606 kl=0.000115 grad=0.1818 grad_c=0.0449 lr=0.000759 critic_lr=0.000878
[TRAIN] mean_reward=-0.11356 mean_len=6.96 recent_eps=100 completed_eps=2346002
[UPDATE_EFFECT] action_delta=0.01446606 param_rms_delta=0.00077182
[TIME] collect=5.118s update=5.809s
[DONE] timeout=0.00000 anchor_pos=0.00000 anchor_ori=0.00146 ee_body=1.00000
[DONE_ROLLOUT] timeout=0.00000 anchor_pos=0.00000 anchor_ori=0.00006 ee_body=0.14134
[FIRST_FAILURE] step_mean=3.25 step_min=0 step_max=17 phase_mean=101.69 phase_min=4 phase_max=324 anchor_pos=0.00000 anchor_ori=0.00110 ee_body=0.99963 timeout=0.00000
[TRACK_CHUNK0] anchor_pos=0.90350 anchor_ori=0.49704 body_pos=0.86954 body_ori=0.41831 body_lin=0.19862 body_ang=0.02201
[TRACK_ROLLOUT] anchor_pos=0.90411 anchor_ori=0.50325 body_pos=0.87187 body_ori=0.42197 body_lin=0.19842 body_ang=0.02218
[TRAIN_COST] action_rate=26.50165 joint_limit=0.02232 undesired_contacts=1.86389
[REWARD_WEIGHTED] pos=0.04436 penalty=-0.06135 total=-0.01699 act_rate=-0.05304 contacts=-0.00380
[ACT_GREEDY] abs_mean=0.5909 abs_p95=1.7017 abs_p99=2.3381 abs_max=4.0686 legs=0.5204 waist=1.1010 arms=0.5419
[ACT_ROLLOUT] abs_mean=0.8249 abs_p95=2.0608 abs_p99=2.7590 abs_max=5.9561 abs_max_all=5.9561
[SAMPLER] top_bin=0 top_prob=0.483 peak_bin=0 failed_sum=932.7264 entropy=0.8024
[TRAIN_BODY] torso_ori=18.90deg l_wrist_ori=24.91deg r_wrist_ori=34.27deg l_elbow_ori=22.11deg r_elbow_ori=32.54deg l_shoulder_ori=21.05deg r_shoulder_ori=24.67deg
[TRAIN_ANG] torso=4.972 l_wrist=8.773 r_wrist=11.136 l_elbow=7.504 r_elbow=9.878 l_shoulder=6.894 r_shoulder=8.008
[TRAIN_ACT] l_wrist_r=0.3840 l_wrist_p=0.4411 l_wrist_y=0.4085 r_wrist_r=0.4127 r_wrist_p=0.4250 r_wrist_y=0.3941 l_elbow=0.7009 r_elbow=0.5095
[UPDATE] 118/500 reward_step=-0.01642 done_frac=0.14095 mean_reward=-0.10894 mean_len=6.79
[FPO++] actor_loss=-0.00075 value_loss=0.00149 ratio=0.9994 [0.931,1.073] clip_frac=0.2045 cfm_old=1.5536 cfm_new=1.5543 kl=0.000077 grad=0.1031 grad_c=0.0347 lr=0.000759 critic_lr=0.000878
[TRAIN] mean_reward=-0.10894 mean_len=6.79 recent_eps=100 completed_eps=2373714
[UPDATE_EFFECT] action_delta=0.01398191 param_rms_delta=0.00072569
[TIME] collect=5.140s update=5.814s
[DONE] timeout=0.00000 anchor_pos=0.00000 anchor_ori=0.00134 ee_body=1.00000
[DONE_ROLLOUT] timeout=0.00000 anchor_pos=0.00000 anchor_ori=0.00006 ee_body=0.14093
[FIRST_FAILURE] step_mean=3.28 step_min=0 step_max=21 phase_mean=101.35 phase_min=4 phase_max=324 anchor_pos=0.00000 anchor_ori=0.00073 ee_body=0.99988 timeout=0.00000
[TRACK_CHUNK0] anchor_pos=0.90565 anchor_ori=0.50261 body_pos=0.87332 body_ori=0.42382 body_lin=0.20102 body_ang=0.02269
[TRACK_ROLLOUT] anchor_pos=0.90444 anchor_ori=0.50485 body_pos=0.87216 body_ori=0.42227 body_lin=0.19976 body_ang=0.02260
[TRAIN_COST] action_rate=26.31664 joint_limit=0.02197 undesired_contacts=1.84521
[REWARD_WEIGHTED] pos=0.04443 penalty=-0.06085 total=-0.01642 act_rate=-0.05265 contacts=-0.00376
[ACT_GREEDY] abs_mean=0.5975 abs_p95=1.7184 abs_p99=2.3575 abs_max=3.9887 legs=0.5287 waist=1.1115 arms=0.5463
[ACT_ROLLOUT] abs_mean=0.8257 abs_p95=2.0638 abs_p99=2.7615 abs_max=5.5207 abs_max_all=5.5207
[SAMPLER] top_bin=0 top_prob=0.484 peak_bin=0 failed_sum=937.9926 entropy=0.8020
[TRAIN_BODY] torso_ori=18.68deg l_wrist_ori=24.58deg r_wrist_ori=33.75deg l_elbow_ori=21.77deg r_elbow_ori=31.98deg l_shoulder_ori=20.49deg r_shoulder_ori=24.17deg
[TRAIN_ANG] torso=4.937 l_wrist=8.685 r_wrist=11.093 l_elbow=7.483 r_elbow=9.823 l_shoulder=6.815 r_shoulder=7.970
[TRAIN_ACT] l_wrist_r=0.3906 l_wrist_p=0.4492 l_wrist_y=0.4090 r_wrist_r=0.4312 r_wrist_p=0.4363 r_wrist_y=0.3951 l_elbow=0.6983 r_elbow=0.5051
[UPDATE] 119/500 reward_step=-0.01577 done_frac=0.14132 mean_reward=-0.11765 mean_len=7.23
[FPO++] actor_loss=-0.00235 value_loss=0.00148 ratio=0.9994 [0.925,1.088] clip_frac=0.2307 cfm_old=1.5464 cfm_new=1.5470 kl=0.000071 grad=0.1175 grad_c=0.0296 lr=0.000759 critic_lr=0.000878
[TRAIN] mean_reward=-0.11765 mean_len=7.23 recent_eps=100 completed_eps=2401498
[UPDATE_EFFECT] action_delta=0.01441272 param_rms_delta=0.00071053
[TIME] collect=5.238s update=5.805s
[DONE] timeout=0.00000 anchor_pos=0.00000 anchor_ori=0.00098 ee_body=0.99988
[DONE_ROLLOUT] timeout=0.00000 anchor_pos=0.00000 anchor_ori=0.00004 ee_body=0.14130
[FIRST_FAILURE] step_mean=3.26 step_min=0 step_max=19 phase_mean=100.98 phase_min=5 phase_max=323 anchor_pos=0.00000 anchor_ori=0.00073 ee_body=0.99939 timeout=0.00000
[TRACK_CHUNK0] anchor_pos=0.90319 anchor_ori=0.50774 body_pos=0.87225 body_ori=0.42500 body_lin=0.20090 body_ang=0.02286
[TRACK_ROLLOUT] anchor_pos=0.90432 anchor_ori=0.50622 body_pos=0.87222 body_ori=0.42349 body_lin=0.19919 body_ang=0.02290
[TRAIN_COST] action_rate=26.08225 joint_limit=0.02233 undesired_contacts=1.89368
[REWARD_WEIGHTED] pos=0.04446 penalty=-0.06023 total=-0.01577 act_rate=-0.05207 contacts=-0.00378
[ACT_GREEDY] abs_mean=0.6038 abs_p95=1.7409 abs_p99=2.3824 abs_max=4.7475 legs=0.5313 waist=1.1224 arms=0.5549
[ACT_ROLLOUT] abs_mean=0.8269 abs_p95=2.0684 abs_p99=2.7686 abs_max=5.5865 abs_max_all=5.5865
[SAMPLER] top_bin=0 top_prob=0.485 peak_bin=0 failed_sum=943.2047 entropy=0.8015
[TRAIN_BODY] torso_ori=18.58deg l_wrist_ori=24.52deg r_wrist_ori=33.85deg l_elbow_ori=21.82deg r_elbow_ori=32.09deg l_shoulder_ori=20.82deg r_shoulder_ori=24.17deg
[TRAIN_ANG] torso=4.978 l_wrist=8.629 r_wrist=11.096 l_elbow=7.441 r_elbow=9.872 l_shoulder=6.838 r_shoulder=8.024
[TRAIN_ACT] l_wrist_r=0.3941 l_wrist_p=0.4555 l_wrist_y=0.4148 r_wrist_r=0.4265 r_wrist_p=0.4406 r_wrist_y=0.4025 l_elbow=0.7158 r_elbow=0.5262
[UPDATE] 120/500 reward_step=-0.01562 done_frac=0.14194 mean_reward=-0.12011 mean_len=7.18
[FPO++] actor_loss=-0.00037 value_loss=0.00140 ratio=0.9992 [0.902,1.070] clip_frac=0.2277 cfm_old=1.5482 cfm_new=1.5491 kl=0.000082 grad=0.1200 grad_c=0.0184 lr=0.000759 critic_lr=0.000878
[TRAIN] mean_reward=-0.12011 mean_len=7.18 recent_eps=100 completed_eps=2429404
[UPDATE_EFFECT] action_delta=0.01428968 param_rms_delta=0.00071157
[TIME] collect=5.200s update=5.813s
[DONE] timeout=0.00000 anchor_pos=0.00000 anchor_ori=0.00171 ee_body=1.00000
[DONE_ROLLOUT] timeout=0.00000 anchor_pos=0.00000 anchor_ori=0.00007 ee_body=0.14192
[FIRST_FAILURE] step_mean=3.24 step_min=0 step_max=17 phase_mean=101.51 phase_min=5 phase_max=324 anchor_pos=0.00000 anchor_ori=0.00073 ee_body=0.99963 timeout=0.00000
[TRACK_CHUNK0] anchor_pos=0.90424 anchor_ori=0.50315 body_pos=0.87103 body_ori=0.42141 body_lin=0.19860 body_ang=0.02305
[TRACK_ROLLOUT] anchor_pos=0.90486 anchor_ori=0.50628 body_pos=0.87261 body_ori=0.42474 body_lin=0.19796 body_ang=0.02284
[TRAIN_COST] action_rate=26.08494 joint_limit=0.02155 undesired_contacts=1.86743
[REWARD_WEIGHTED] pos=0.04447 penalty=-0.06009 total=-0.01562 act_rate=-0.05191 contacts=-0.00381
[ACT_GREEDY] abs_mean=0.6141 abs_p95=1.7679 abs_p99=2.4119 abs_max=4.4541 legs=0.5431 waist=1.1317 arms=0.5639
[ACT_ROLLOUT] abs_mean=0.8309 abs_p95=2.0783 abs_p99=2.7857 abs_max=6.2323 abs_max_all=6.2323
[SAMPLER] top_bin=0 top_prob=0.485 peak_bin=0 failed_sum=948.4137 entropy=0.8009
[TRAIN_BODY] torso_ori=18.66deg l_wrist_ori=24.60deg r_wrist_ori=34.14deg l_elbow_ori=21.96deg r_elbow_ori=32.36deg l_shoulder_ori=20.86deg r_shoulder_ori=24.45deg
[TRAIN_ANG] torso=4.976 l_wrist=8.677 r_wrist=11.197 l_elbow=7.485 r_elbow=9.972 l_shoulder=6.862 r_shoulder=8.059
[TRAIN_ACT] l_wrist_r=0.3996 l_wrist_p=0.4606 l_wrist_y=0.4185 r_wrist_r=0.4209 r_wrist_p=0.4375 r_wrist_y=0.4011 l_elbow=0.7325 r_elbow=0.5322
[UPDATE] 121/500 reward_step=-0.01500 done_frac=0.14228 mean_reward=-0.07995 mean_len=7.01
[FPO++] actor_loss=-0.00047 value_loss=0.00138 ratio=0.9993 [0.921,1.074] clip_frac=0.2343 cfm_old=1.5410 cfm_new=1.5418 kl=0.000082 grad=0.1260 grad_c=0.0178 lr=0.000759 critic_lr=0.000878
[TRAIN] mean_reward=-0.07995 mean_len=7.01 recent_eps=100 completed_eps=2457377
[UPDATE_EFFECT] action_delta=0.01495679 param_rms_delta=0.00071330
[TIME] collect=5.139s update=5.811s
[DONE] timeout=0.00000 anchor_pos=0.00000 anchor_ori=0.00134 ee_body=1.00000
[DONE_ROLLOUT] timeout=0.00000 anchor_pos=0.00000 anchor_ori=0.00006 ee_body=0.14225
[FIRST_FAILURE] step_mean=3.20 step_min=0 step_max=21 phase_mean=99.95 phase_min=5 phase_max=324 anchor_pos=0.00000 anchor_ori=0.00073 ee_body=0.99988 timeout=0.00000
[TRACK_CHUNK0] anchor_pos=0.90336 anchor_ori=0.50121 body_pos=0.87030 body_ori=0.42225 body_lin=0.19644 body_ang=0.02274
[TRACK_ROLLOUT] anchor_pos=0.90519 anchor_ori=0.50841 body_pos=0.87296 body_ori=0.42756 body_lin=0.19871 body_ang=0.02339
[TRAIN_COST] action_rate=25.68931 joint_limit=0.02156 undesired_contacts=1.92200
[REWARD_WEIGHTED] pos=0.04459 penalty=-0.05959 total=-0.01500 act_rate=-0.05149 contacts=-0.00379
[ACT_GREEDY] abs_mean=0.6210 abs_p95=1.7899 abs_p99=2.4417 abs_max=4.1181 legs=0.5480 waist=1.1526 arms=0.5695
[ACT_ROLLOUT] abs_mean=0.8316 abs_p95=2.0814 abs_p99=2.7926 abs_max=5.9166 abs_max_all=5.9166
[SAMPLER] top_bin=0 top_prob=0.486 peak_bin=0 failed_sum=953.5646 entropy=0.8003
[TRAIN_BODY] torso_ori=18.71deg l_wrist_ori=24.50deg r_wrist_ori=34.09deg l_elbow_ori=21.81deg r_elbow_ori=32.30deg l_shoulder_ori=20.91deg r_shoulder_ori=24.80deg
[TRAIN_ANG] torso=4.951 l_wrist=8.668 r_wrist=11.250 l_elbow=7.536 r_elbow=10.009 l_shoulder=6.914 r_shoulder=8.091
[TRAIN_ACT] l_wrist_r=0.4040 l_wrist_p=0.4641 l_wrist_y=0.4298 r_wrist_r=0.4283 r_wrist_p=0.4494 r_wrist_y=0.4099 l_elbow=0.7270 r_elbow=0.5278
[UPDATE] 122/500 reward_step=-0.01442 done_frac=0.14265 mean_reward=-0.10795 mean_len=7.14
[FPO++] actor_loss=-0.00162 value_loss=0.00140 ratio=0.9992 [0.887,1.125] clip_frac=0.2284 cfm_old=1.5319 cfm_new=1.5327 kl=0.000080 grad=0.1354 grad_c=0.0232 lr=0.000506 critic_lr=0.000585
[TRAIN] mean_reward=-0.10795 mean_len=7.14 recent_eps=100 completed_eps=2485423
[UPDATE_EFFECT] action_delta=0.01224305 param_rms_delta=0.00053302
[TIME] collect=5.220s update=5.813s
[DONE] timeout=0.00000 anchor_pos=0.00000 anchor_ori=0.00146 ee_body=1.00000
[DONE_ROLLOUT] timeout=0.00000 anchor_pos=0.00000 anchor_ori=0.00006 ee_body=0.14262
[FIRST_FAILURE] step_mean=3.23 step_min=0 step_max=17 phase_mean=101.63 phase_min=5 phase_max=324 anchor_pos=0.00000 anchor_ori=0.00061 ee_body=0.99963 timeout=0.00000
[TRACK_CHUNK0] anchor_pos=0.90441 anchor_ori=0.50368 body_pos=0.87186 body_ori=0.42466 body_lin=0.19918 body_ang=0.02343
[TRACK_ROLLOUT] anchor_pos=0.90488 anchor_ori=0.50846 body_pos=0.87300 body_ori=0.42778 body_lin=0.19816 body_ang=0.02364
[TRAIN_COST] action_rate=25.43734 joint_limit=0.02108 undesired_contacts=1.89233
[REWARD_WEIGHTED] pos=0.04459 penalty=-0.05901 total=-0.01442 act_rate=-0.05088 contacts=-0.00384
[ACT_GREEDY] abs_mean=0.6274 abs_p95=1.8023 abs_p99=2.4588 abs_max=4.2919 legs=0.5586 waist=1.1436 arms=0.5758
[ACT_ROLLOUT] abs_mean=0.8341 abs_p95=2.0899 abs_p99=2.8031 abs_max=5.6876 abs_max_all=5.6876
[SAMPLER] top_bin=0 top_prob=0.487 peak_bin=0 failed_sum=958.6661 entropy=0.7998
[TRAIN_BODY] torso_ori=18.66deg l_wrist_ori=24.27deg r_wrist_ori=33.64deg l_elbow_ori=21.51deg r_elbow_ori=31.92deg l_shoulder_ori=20.63deg r_shoulder_ori=24.22deg
[TRAIN_ANG] torso=4.980 l_wrist=8.589 r_wrist=11.148 l_elbow=7.427 r_elbow=9.935 l_shoulder=6.858 r_shoulder=8.013
[TRAIN_ACT] l_wrist_r=0.4120 l_wrist_p=0.4642 l_wrist_y=0.4372 r_wrist_r=0.4321 r_wrist_p=0.4534 r_wrist_y=0.4149 l_elbow=0.7429 r_elbow=0.5433
[UPDATE] 123/500 reward_step=-0.01358 done_frac=0.14259 mean_reward=-0.08980 mean_len=6.94
[FPO++] actor_loss=-0.00041 value_loss=0.00130 ratio=0.9993 [0.913,1.079] clip_frac=0.2289 cfm_old=1.5217 cfm_new=1.5225 kl=0.000082 grad=0.1340 grad_c=0.0208 lr=0.000759 critic_lr=0.000878
[TRAIN] mean_reward=-0.08980 mean_len=6.94 recent_eps=100 completed_eps=2513457
[UPDATE_EFFECT] action_delta=0.01497058 param_rms_delta=0.00069485
[TIME] collect=5.198s update=5.815s
[DONE] timeout=0.00000 anchor_pos=0.00000 anchor_ori=0.00098 ee_body=1.00000
[DONE_ROLLOUT] timeout=0.00000 anchor_pos=0.00000 anchor_ori=0.00004 ee_body=0.14257
[FIRST_FAILURE] step_mean=3.18 step_min=0 step_max=20 phase_mean=100.14 phase_min=5 phase_max=324 anchor_pos=0.00000 anchor_ori=0.00024 ee_body=1.00000 timeout=0.00000
[TRACK_CHUNK0] anchor_pos=0.90555 anchor_ori=0.50491 body_pos=0.87312 body_ori=0.42634 body_lin=0.19609 body_ang=0.02402
[TRACK_ROLLOUT] anchor_pos=0.90619 anchor_ori=0.50878 body_pos=0.87369 body_ori=0.42890 body_lin=0.19928 body_ang=0.02403
[TRAIN_COST] action_rate=25.13644 joint_limit=0.02183 undesired_contacts=1.88806
[REWARD_WEIGHTED] pos=0.04467 penalty=-0.05824 total=-0.01358 act_rate=-0.05024 contacts=-0.00379
[ACT_GREEDY] abs_mean=0.6342 abs_p95=1.8167 abs_p99=2.4770 abs_max=4.4225 legs=0.5605 waist=1.1653 arms=0.5835
[ACT_ROLLOUT] abs_mean=0.8343 abs_p95=2.0908 abs_p99=2.8074 abs_max=5.6670 abs_max_all=5.6670
[SAMPLER] top_bin=0 top_prob=0.488 peak_bin=0 failed_sum=963.6344 entropy=0.7993
[TRAIN_BODY] torso_ori=18.67deg l_wrist_ori=24.02deg r_wrist_ori=33.60deg l_elbow_ori=21.27deg r_elbow_ori=31.95deg l_shoulder_ori=20.56deg r_shoulder_ori=24.04deg
[TRAIN_ANG] torso=5.032 l_wrist=8.448 r_wrist=11.107 l_elbow=7.338 r_elbow=9.917 l_shoulder=6.849 r_shoulder=8.060
[TRAIN_ACT] l_wrist_r=0.4163 l_wrist_p=0.4811 l_wrist_y=0.4451 r_wrist_r=0.4547 r_wrist_p=0.4624 r_wrist_y=0.4273 l_elbow=0.7359 r_elbow=0.5420
[UPDATE] 124/500 reward_step=-0.01270 done_frac=0.14275 mean_reward=-0.08772 mean_len=7.34
[FPO++] actor_loss=-0.00085 value_loss=0.00132 ratio=0.9990 [0.862,1.112] clip_frac=0.2569 cfm_old=1.5105 cfm_new=1.5115 kl=0.000092 grad=0.1569 grad_c=0.0303 lr=0.000506 critic_lr=0.000585
[TRAIN] mean_reward=-0.08772 mean_len=7.34 recent_eps=100 completed_eps=2541522
[UPDATE_EFFECT] action_delta=0.01125784 param_rms_delta=0.00053399
[TIME] collect=5.094s update=5.815s
[DONE] timeout=0.00000 anchor_pos=0.00000 anchor_ori=0.00049 ee_body=1.00000
[DONE_ROLLOUT] timeout=0.00000 anchor_pos=0.00000 anchor_ori=0.00002 ee_body=0.14275
[FIRST_FAILURE] step_mean=3.20 step_min=0 step_max=17 phase_mean=102.06 phase_min=5 phase_max=324 anchor_pos=0.00000 anchor_ori=0.00024 ee_body=1.00000 timeout=0.00000
[TRACK_CHUNK0] anchor_pos=0.90483 anchor_ori=0.50485 body_pos=0.87293 body_ori=0.42813 body_lin=0.19819 body_ang=0.02415
[TRACK_ROLLOUT] anchor_pos=0.90540 anchor_ori=0.50999 body_pos=0.87368 body_ori=0.43096 body_lin=0.19924 body_ang=0.02447
[TRAIN_COST] action_rate=24.77969 joint_limit=0.02098 undesired_contacts=1.86719
[REWARD_WEIGHTED] pos=0.04472 penalty=-0.05742 total=-0.01270 act_rate=-0.04947 contacts=-0.00379
[ACT_GREEDY] abs_mean=0.6407 abs_p95=1.8338 abs_p99=2.4951 abs_max=4.4198 legs=0.5715 waist=1.1601 arms=0.5886
[ACT_ROLLOUT] abs_mean=0.8331 abs_p95=2.0892 abs_p99=2.8008 abs_max=5.8210 abs_max_all=5.8210
[SAMPLER] top_bin=0 top_prob=0.488 peak_bin=0 failed_sum=968.5157 entropy=0.7989
[TRAIN_BODY] torso_ori=18.51deg l_wrist_ori=24.03deg r_wrist_ori=33.45deg l_elbow_ori=21.34deg r_elbow_ori=31.71deg l_shoulder_ori=20.32deg r_shoulder_ori=24.04deg
[TRAIN_ANG] torso=5.008 l_wrist=8.580 r_wrist=10.985 l_elbow=7.429 r_elbow=9.814 l_shoulder=6.796 r_shoulder=8.010
[TRAIN_ACT] l_wrist_r=0.4181 l_wrist_p=0.4946 l_wrist_y=0.4485 r_wrist_r=0.4495 r_wrist_p=0.4691 r_wrist_y=0.4272 l_elbow=0.7465 r_elbow=0.5522
[UPDATE] 125/500 reward_step=-0.01231 done_frac=0.14284 mean_reward=-0.09252 mean_len=7.05
[FPO++] actor_loss=-0.00168 value_loss=0.00134 ratio=0.9992 [0.926,1.085] clip_frac=0.2408 cfm_old=1.5063 cfm_new=1.5071 kl=0.000079 grad=0.1393 grad_c=0.0110 lr=0.000759 critic_lr=0.000878
[TRAIN] mean_reward=-0.09252 mean_len=7.05 recent_eps=100 completed_eps=2569605
[UPDATE_EFFECT] action_delta=0.01556917 param_rms_delta=0.00067042
[TIME] collect=5.106s update=5.812s
[DONE] timeout=0.00000 anchor_pos=0.00000 anchor_ori=0.00134 ee_body=0.99988
[DONE_ROLLOUT] timeout=0.00000 anchor_pos=0.00000 anchor_ori=0.00006 ee_body=0.14283
[FIRST_FAILURE] step_mean=3.22 step_min=0 step_max=22 phase_mean=101.53 phase_min=5 phase_max=324 anchor_pos=0.00000 anchor_ori=0.00085 ee_body=0.99976 timeout=0.00000
[TRACK_CHUNK0] anchor_pos=0.90627 anchor_ori=0.50996 body_pos=0.87385 body_ori=0.43172 body_lin=0.20066 body_ang=0.02449
[TRACK_ROLLOUT] anchor_pos=0.90576 anchor_ori=0.51165 body_pos=0.87352 body_ori=0.43170 body_lin=0.19918 body_ang=0.02463
[TRAIN_COST] action_rate=24.52818 joint_limit=0.02060 undesired_contacts=1.90137
[REWARD_WEIGHTED] pos=0.04475 penalty=-0.05706 total=-0.01231 act_rate=-0.04914 contacts=-0.00383
[ACT_GREEDY] abs_mean=0.6453 abs_p95=1.8577 abs_p99=2.5218 abs_max=4.5443 legs=0.5774 waist=1.1737 arms=0.5904
[ACT_ROLLOUT] abs_mean=0.8355 abs_p95=2.0965 abs_p99=2.8098 abs_max=6.0325 abs_max_all=6.0325
[SAMPLER] top_bin=0 top_prob=0.489 peak_bin=0 failed_sum=973.2997 entropy=0.7984
[TRAIN_BODY] torso_ori=18.40deg l_wrist_ori=23.90deg r_wrist_ori=32.91deg l_elbow_ori=21.33deg r_elbow_ori=31.32deg l_shoulder_ori=20.33deg r_shoulder_ori=23.94deg
[TRAIN_ANG] torso=4.975 l_wrist=8.519 r_wrist=11.017 l_elbow=7.469 r_elbow=9.873 l_shoulder=6.821 r_shoulder=7.957
[TRAIN_ACT] l_wrist_r=0.4131 l_wrist_p=0.4866 l_wrist_y=0.4537 r_wrist_r=0.4573 r_wrist_p=0.4758 r_wrist_y=0.4273 l_elbow=0.7534 r_elbow=0.5506
[UPDATE] 126/500 reward_step=-0.01220 done_frac=0.14343 mean_reward=-0.08170 mean_len=6.79
[FPO++] actor_loss=-0.00040 value_loss=0.00128 ratio=0.9991 [0.904,1.075] clip_frac=0.2442 cfm_old=1.5053 cfm_new=1.5063 kl=0.000083 grad=0.1409 grad_c=0.0098 lr=0.000759 critic_lr=0.000878
[TRAIN] mean_reward=-0.08170 mean_len=6.79 recent_eps=100 completed_eps=2597805
[UPDATE_EFFECT] action_delta=0.01337993 param_rms_delta=0.00069279
[TIME] collect=5.101s update=5.813s
[DONE] timeout=0.00000 anchor_pos=0.00000 anchor_ori=0.00134 ee_body=1.00000
[DONE_ROLLOUT] timeout=0.00000 anchor_pos=0.00000 anchor_ori=0.00006 ee_body=0.14341
[FIRST_FAILURE] step_mean=3.22 step_min=0 step_max=20 phase_mean=100.57 phase_min=5 phase_max=324 anchor_pos=0.00000 anchor_ori=0.00073 ee_body=0.99963 timeout=0.00000
[TRACK_CHUNK0] anchor_pos=0.90641 anchor_ori=0.51379 body_pos=0.87394 body_ori=0.43427 body_lin=0.19845 body_ang=0.02474
[TRACK_ROLLOUT] anchor_pos=0.90614 anchor_ori=0.51219 body_pos=0.87380 body_ori=0.43214 body_lin=0.19814 body_ang=0.02456
[TRAIN_COST] action_rate=24.57516 joint_limit=0.02066 undesired_contacts=1.89014
[REWARD_WEIGHTED] pos=0.04476 penalty=-0.05696 total=-0.01220 act_rate=-0.04902 contacts=-0.00385
[ACT_GREEDY] abs_mean=0.6492 abs_p95=1.8624 abs_p99=2.5258 abs_max=4.5333 legs=0.5809 waist=1.1766 arms=0.5948
[ACT_ROLLOUT] abs_mean=0.8398 abs_p95=2.1085 abs_p99=2.8322 abs_max=5.6789 abs_max_all=5.6789
[SAMPLER] top_bin=0 top_prob=0.489 peak_bin=0 failed_sum=978.0857 entropy=0.7979
[TRAIN_BODY] torso_ori=18.20deg l_wrist_ori=23.68deg r_wrist_ori=33.01deg l_elbow_ori=21.08deg r_elbow_ori=31.40deg l_shoulder_ori=20.42deg r_shoulder_ori=23.88deg
[TRAIN_ANG] torso=4.957 l_wrist=8.495 r_wrist=10.980 l_elbow=7.378 r_elbow=9.792 l_shoulder=6.848 r_shoulder=7.999
[TRAIN_ACT] l_wrist_r=0.4180 l_wrist_p=0.5020 l_wrist_y=0.4563 r_wrist_r=0.4636 r_wrist_p=0.4795 r_wrist_y=0.4240 l_elbow=0.7468 r_elbow=0.5578
[UPDATE] 127/500 reward_step=-0.01139 done_frac=0.14336 mean_reward=-0.08926 mean_len=7.28
[FPO++] actor_loss=-0.00044 value_loss=0.00125 ratio=0.9990 [0.899,1.086] clip_frac=0.2836 cfm_old=1.4941 cfm_new=1.4951 kl=0.000096 grad=0.1761 grad_c=0.0254 lr=0.000759 critic_lr=0.000878
[TRAIN] mean_reward=-0.08926 mean_len=7.28 recent_eps=100 completed_eps=2625990
[UPDATE_EFFECT] action_delta=0.01438997 param_rms_delta=0.00068230
[TIME] collect=5.168s update=5.809s
[DONE] timeout=0.00000 anchor_pos=0.00000 anchor_ori=0.00061 ee_body=1.00000
[DONE_ROLLOUT] timeout=0.00000 anchor_pos=0.00000 anchor_ori=0.00003 ee_body=0.14335
[FIRST_FAILURE] step_mean=3.19 step_min=0 step_max=16 phase_mean=99.25 phase_min=4 phase_max=323 anchor_pos=0.00000 anchor_ori=0.00024 ee_body=1.00000 timeout=0.00000
[TRACK_CHUNK0] anchor_pos=0.90637 anchor_ori=0.51317 body_pos=0.87350 body_ori=0.43314 body_lin=0.19729 body_ang=0.02434
[TRACK_ROLLOUT] anchor_pos=0.90607 anchor_ori=0.51337 body_pos=0.87371 body_ori=0.43363 body_lin=0.19850 body_ang=0.02511
[TRAIN_COST] action_rate=24.35248 joint_limit=0.02031 undesired_contacts=1.93567
[REWARD_WEIGHTED] pos=0.04481 penalty=-0.05620 total=-0.01139 act_rate=-0.04834 contacts=-0.00384
[ACT_GREEDY] abs_mean=0.6537 abs_p95=1.8778 abs_p99=2.5414 abs_max=4.7065 legs=0.5869 waist=1.1870 arms=0.5966
[ACT_ROLLOUT] abs_mean=0.8399 abs_p95=2.1098 abs_p99=2.8308 abs_max=5.6306 abs_max_all=5.6306
[SAMPLER] top_bin=0 top_prob=0.490 peak_bin=0 failed_sum=982.7429 entropy=0.7973
[TRAIN_BODY] torso_ori=18.32deg l_wrist_ori=23.86deg r_wrist_ori=33.21deg l_elbow_ori=21.21deg r_elbow_ori=31.43deg l_shoulder_ori=20.42deg r_shoulder_ori=24.05deg
[TRAIN_ANG] torso=4.976 l_wrist=8.429 r_wrist=11.101 l_elbow=7.346 r_elbow=9.886 l_shoulder=6.789 r_shoulder=8.094
[TRAIN_ACT] l_wrist_r=0.4267 l_wrist_p=0.4950 l_wrist_y=0.4545 r_wrist_r=0.4701 r_wrist_p=0.4711 r_wrist_y=0.4298 l_elbow=0.7606 r_elbow=0.5581
[UPDATE] 128/500 reward_step=-0.01059 done_frac=0.14427 mean_reward=-0.07550 mean_len=7.03
[FPO++] actor_loss=0.00022 value_loss=0.00121 ratio=0.9989 [0.894,1.108] clip_frac=0.2870 cfm_old=1.4804 cfm_new=1.4815 kl=0.000111 grad=0.1752 grad_c=0.0255 lr=0.000759 critic_lr=0.000878
[TRAIN] mean_reward=-0.07550 mean_len=7.03 recent_eps=100 completed_eps=2654355
[UPDATE_EFFECT] action_delta=0.01458728 param_rms_delta=0.00067546
[TIME] collect=5.148s update=5.803s
[DONE] timeout=0.00000 anchor_pos=0.00000 anchor_ori=0.00073 ee_body=1.00000
[DONE_ROLLOUT] timeout=0.00000 anchor_pos=0.00000 anchor_ori=0.00003 ee_body=0.14425
[FIRST_FAILURE] step_mean=3.17 step_min=0 step_max=20 phase_mean=98.95 phase_min=5 phase_max=324 anchor_pos=0.00000 anchor_ori=0.00024 ee_body=0.99988 timeout=0.00000
[TRACK_CHUNK0] anchor_pos=0.90535 anchor_ori=0.51231 body_pos=0.87355 body_ori=0.43306 body_lin=0.19634 body_ang=0.02501
[TRACK_ROLLOUT] anchor_pos=0.90594 anchor_ori=0.51567 body_pos=0.87424 body_ori=0.43634 body_lin=0.19842 body_ang=0.02551
[TRAIN_COST] action_rate=23.98730 joint_limit=0.02055 undesired_contacts=1.94763
[REWARD_WEIGHTED] pos=0.04491 penalty=-0.05550 total=-0.01059 act_rate=-0.04756 contacts=-0.00390
[ACT_GREEDY] abs_mean=0.6608 abs_p95=1.8907 abs_p99=2.5553 abs_max=4.6100 legs=0.5939 waist=1.1915 arms=0.6044
[ACT_ROLLOUT] abs_mean=0.8389 abs_p95=2.1088 abs_p99=2.8330 abs_max=5.7801 abs_max_all=5.7801
[SAMPLER] top_bin=0 top_prob=0.491 peak_bin=0 failed_sum=987.4678 entropy=0.7967
[TRAIN_BODY] torso_ori=18.28deg l_wrist_ori=24.03deg r_wrist_ori=32.96deg l_elbow_ori=21.33deg r_elbow_ori=31.28deg l_shoulder_ori=20.41deg r_shoulder_ori=23.95deg
[TRAIN_ANG] torso=4.985 l_wrist=8.447 r_wrist=11.069 l_elbow=7.335 r_elbow=9.908 l_shoulder=6.774 r_shoulder=8.055
[TRAIN_ACT] l_wrist_r=0.4427 l_wrist_p=0.5036 l_wrist_y=0.4739 r_wrist_r=0.4725 r_wrist_p=0.4790 r_wrist_y=0.4430 l_elbow=0.7664 r_elbow=0.5624
[UPDATE] 129/500 reward_step=-0.00983 done_frac=0.14351 mean_reward=-0.07048 mean_len=6.82
[FPO++] actor_loss=0.00025 value_loss=0.00118 ratio=0.9988 [0.862,1.142] clip_frac=0.2964 cfm_old=1.4682 cfm_new=1.4695 kl=0.000118 grad=0.2021 grad_c=0.0143 lr=0.000506 critic_lr=0.000585
[TRAIN] mean_reward=-0.07048 mean_len=6.82 recent_eps=100 completed_eps=2682571
[UPDATE_EFFECT] action_delta=0.01165820 param_rms_delta=0.00051483
[TIME] collect=5.141s update=5.807s
[DONE] timeout=0.00000 anchor_pos=0.00000 anchor_ori=0.00110 ee_body=1.00000
[DONE_ROLLOUT] timeout=0.00000 anchor_pos=0.00000 anchor_ori=0.00005 ee_body=0.14350
[FIRST_FAILURE] step_mean=3.21 step_min=0 step_max=15 phase_mean=100.07 phase_min=5 phase_max=324 anchor_pos=0.00000 anchor_ori=0.00061 ee_body=0.99976 timeout=0.00000
[TRACK_CHUNK0] anchor_pos=0.90707 anchor_ori=0.52331 body_pos=0.87541 body_ori=0.43915 body_lin=0.20170 body_ang=0.02634
[TRACK_ROLLOUT] anchor_pos=0.90653 anchor_ori=0.51632 body_pos=0.87457 body_ori=0.43584 body_lin=0.19997 body_ang=0.02611
[TRAIN_COST] action_rate=23.52979 joint_limit=0.01973 undesired_contacts=1.95032
[REWARD_WEIGHTED] pos=0.04496 penalty=-0.05478 total=-0.00983 act_rate=-0.04699 contacts=-0.00386
[ACT_GREEDY] abs_mean=0.6580 abs_p95=1.8924 abs_p99=2.5707 abs_max=4.3711 legs=0.5912 waist=1.1881 arms=0.6017
[ACT_ROLLOUT] abs_mean=0.8396 abs_p95=2.1120 abs_p99=2.8353 abs_max=5.8480 abs_max_all=5.8480
[SAMPLER] top_bin=0 top_prob=0.492 peak_bin=0 failed_sum=991.9337 entropy=0.7962
[TRAIN_BODY] torso_ori=17.89deg l_wrist_ori=23.55deg r_wrist_ori=32.69deg l_elbow_ori=20.98deg r_elbow_ori=31.00deg l_shoulder_ori=20.00deg r_shoulder_ori=23.52deg
[TRAIN_ANG] torso=4.960 l_wrist=8.381 r_wrist=10.989 l_elbow=7.245 r_elbow=9.814 l_shoulder=6.699 r_shoulder=7.968
[TRAIN_ACT] l_wrist_r=0.4351 l_wrist_p=0.5094 l_wrist_y=0.4637 r_wrist_r=0.4728 r_wrist_p=0.4782 r_wrist_y=0.4476 l_elbow=0.7574 r_elbow=0.5591
[UPDATE] 130/500 reward_step=-0.00899 done_frac=0.14391 mean_reward=-0.07501 mean_len=7.16
[FPO++] actor_loss=-0.00188 value_loss=0.00117 ratio=0.9992 [0.906,1.087] clip_frac=0.2046 cfm_old=1.4566 cfm_new=1.4574 kl=0.000080 grad=0.1306 grad_c=0.0195 lr=0.000759 critic_lr=0.000878
[TRAIN] mean_reward=-0.07501 mean_len=7.16 recent_eps=100 completed_eps=2710864
[UPDATE_EFFECT] action_delta=0.01623096 param_rms_delta=0.00061947
[TIME] collect=5.120s update=5.811s
[DONE] timeout=0.00000 anchor_pos=0.00000 anchor_ori=0.00098 ee_body=1.00000
[DONE_ROLLOUT] timeout=0.00000 anchor_pos=0.00000 anchor_ori=0.00004 ee_body=0.14388
[FIRST_FAILURE] step_mean=3.16 step_min=0 step_max=18 phase_mean=99.83 phase_min=4 phase_max=324 anchor_pos=0.00000 anchor_ori=0.00024 ee_body=0.99976 timeout=0.00000
[TRACK_CHUNK0] anchor_pos=0.90763 anchor_ori=0.51342 body_pos=0.87599 body_ori=0.43807 body_lin=0.19979 body_ang=0.02690
[TRACK_ROLLOUT] anchor_pos=0.90690 anchor_ori=0.51802 body_pos=0.87500 body_ori=0.43778 body_lin=0.20016 body_ang=0.02671
[TRAIN_COST] action_rate=23.21035 joint_limit=0.01968 undesired_contacts=1.91321
[REWARD_WEIGHTED] pos=0.04504 penalty=-0.05404 total=-0.00899 act_rate=-0.04628 contacts=-0.00386
[ACT_GREEDY] abs_mean=0.6691 abs_p95=1.9146 abs_p99=2.5835 abs_max=4.7864 legs=0.6017 waist=1.1961 arms=0.6139
[ACT_ROLLOUT] abs_mean=0.8388 abs_p95=2.1129 abs_p99=2.8394 abs_max=6.3406 abs_max_all=6.3406
[SAMPLER] top_bin=0 top_prob=0.492 peak_bin=0 failed_sum=996.3696 entropy=0.7958
[TRAIN_BODY] torso_ori=18.29deg l_wrist_ori=23.63deg r_wrist_ori=32.35deg l_elbow_ori=21.15deg r_elbow_ori=30.75deg l_shoulder_ori=20.05deg r_shoulder_ori=23.45deg
[TRAIN_ANG] torso=4.996 l_wrist=8.366 r_wrist=10.867 l_elbow=7.266 r_elbow=9.699 l_shoulder=6.716 r_shoulder=7.955
[TRAIN_ACT] l_wrist_r=0.4282 l_wrist_p=0.5116 l_wrist_y=0.4701 r_wrist_r=0.4770 r_wrist_p=0.5010 r_wrist_y=0.4596 l_elbow=0.7701 r_elbow=0.5709
[UPDATE] 131/500 reward_step=-0.00850 done_frac=0.14366 mean_reward=-0.05582 mean_len=6.95
[FPO++] actor_loss=-0.00285 value_loss=0.00120 ratio=0.9990 [0.911,1.091] clip_frac=0.2626 cfm_old=1.4518 cfm_new=1.4529 kl=0.000102 grad=0.1626 grad_c=0.0304 lr=0.000759 critic_lr=0.000878
[TRAIN] mean_reward=-0.05582 mean_len=6.95 recent_eps=100 completed_eps=2739108
[UPDATE_EFFECT] action_delta=0.01318062 param_rms_delta=0.00064642
[TIME] collect=5.225s update=5.808s
[DONE] timeout=0.00000 anchor_pos=0.00000 anchor_ori=0.00085 ee_body=0.99988
[DONE_ROLLOUT] timeout=0.00000 anchor_pos=0.00000 anchor_ori=0.00004 ee_body=0.14363
[FIRST_FAILURE] step_mean=3.20 step_min=0 step_max=22 phase_mean=99.60 phase_min=5 phase_max=324 anchor_pos=0.00000 anchor_ori=0.00061 ee_body=0.99939 timeout=0.00000
[TRACK_CHUNK0] anchor_pos=0.90628 anchor_ori=0.52223 body_pos=0.87612 body_ori=0.44258 body_lin=0.20119 body_ang=0.02700
[TRACK_ROLLOUT] anchor_pos=0.90682 anchor_ori=0.51900 body_pos=0.87505 body_ori=0.43960 body_lin=0.20052 body_ang=0.02699
[TRAIN_COST] action_rate=22.88977 joint_limit=0.01948 undesired_contacts=1.91968
[REWARD_WEIGHTED] pos=0.04510 penalty=-0.05360 total=-0.00850 act_rate=-0.04589 contacts=-0.00387
[ACT_GREEDY] abs_mean=0.6697 abs_p95=1.9218 abs_p99=2.5994 abs_max=4.7209 legs=0.6013 waist=1.1956 arms=0.6157
[ACT_ROLLOUT] abs_mean=0.8414 abs_p95=2.1191 abs_p99=2.8450 abs_max=5.8770 abs_max_all=5.8770
[SAMPLER] top_bin=0 top_prob=0.493 peak_bin=0 failed_sum=1000.6519 entropy=0.7953
[TRAIN_BODY] torso_ori=17.95deg l_wrist_ori=23.33deg r_wrist_ori=32.48deg l_elbow_ori=20.72deg r_elbow_ori=30.83deg l_shoulder_ori=20.02deg r_shoulder_ori=23.58deg
[TRAIN_ANG] torso=4.941 l_wrist=8.363 r_wrist=10.948 l_elbow=7.231 r_elbow=9.761 l_shoulder=6.693 r_shoulder=7.923
[TRAIN_ACT] l_wrist_r=0.4253 l_wrist_p=0.5113 l_wrist_y=0.4760 r_wrist_r=0.4920 r_wrist_p=0.5108 r_wrist_y=0.4591 l_elbow=0.7854 r_elbow=0.5731
[UPDATE] 132/500 reward_step=-0.00834 done_frac=0.14448 mean_reward=-0.06235 mean_len=6.86
[FPO++] actor_loss=0.00075 value_loss=0.00111 ratio=0.9989 [0.899,1.106] clip_frac=0.2831 cfm_old=1.4503 cfm_new=1.4515 kl=0.000111 grad=0.1840 grad_c=0.0159 lr=0.000759 critic_lr=0.000878
[TRAIN] mean_reward=-0.06235 mean_len=6.86 recent_eps=100 completed_eps=2767514
[UPDATE_EFFECT] action_delta=0.01435968 param_rms_delta=0.00065545
[TIME] collect=5.182s update=5.811s
[DONE] timeout=0.00000 anchor_pos=0.00000 anchor_ori=0.00146 ee_body=1.00000
[DONE_ROLLOUT] timeout=0.00000 anchor_pos=0.00000 anchor_ori=0.00006 ee_body=0.14444
[FIRST_FAILURE] step_mean=3.16 step_min=0 step_max=16 phase_mean=99.39 phase_min=5 phase_max=324 anchor_pos=0.00000 anchor_ori=0.00049 ee_body=0.99963 timeout=0.00000
[TRACK_CHUNK0] anchor_pos=0.90622 anchor_ori=0.51627 body_pos=0.87329 body_ori=0.43668 body_lin=0.19993 body_ang=0.02636
[TRACK_ROLLOUT] anchor_pos=0.90682 anchor_ori=0.51967 body_pos=0.87489 body_ori=0.43981 body_lin=0.19894 body_ang=0.02681
[TRAIN_COST] action_rate=22.80550 joint_limit=0.01867 undesired_contacts=1.94495
[REWARD_WEIGHTED] pos=0.04507 penalty=-0.05341 total=-0.00834 act_rate=-0.04570 contacts=-0.00391
[ACT_GREEDY] abs_mean=0.6791 abs_p95=1.9385 abs_p99=2.6188 abs_max=4.4537 legs=0.6090 waist=1.2096 arms=0.6256
[ACT_ROLLOUT] abs_mean=0.8431 abs_p95=2.1242 abs_p99=2.8542 abs_max=5.7965 abs_max_all=5.7965
[SAMPLER] top_bin=0 top_prob=0.493 peak_bin=0 failed_sum=1004.9927 entropy=0.7948
[TRAIN_BODY] torso_ori=18.19deg l_wrist_ori=23.50deg r_wrist_ori=32.69deg l_elbow_ori=20.95deg r_elbow_ori=31.04deg l_shoulder_ori=20.14deg r_shoulder_ori=23.86deg
[TRAIN_ANG] torso=4.974 l_wrist=8.396 r_wrist=10.992 l_elbow=7.310 r_elbow=9.862 l_shoulder=6.696 r_shoulder=7.995
[TRAIN_ACT] l_wrist_r=0.4391 l_wrist_p=0.5247 l_wrist_y=0.4816 r_wrist_r=0.5122 r_wrist_p=0.5175 r_wrist_y=0.4597 l_elbow=0.7960 r_elbow=0.5818
[UPDATE] 133/500 reward_step=-0.00780 done_frac=0.14447 mean_reward=-0.04760 mean_len=7.00
[FPO++] actor_loss=0.00015 value_loss=0.00109 ratio=0.9989 [0.887,1.127] clip_frac=0.2601 cfm_old=1.4458 cfm_new=1.4470 kl=0.000098 grad=0.1746 grad_c=0.0176 lr=0.000506 critic_lr=0.000585
[TRAIN] mean_reward=-0.04760 mean_len=7.00 recent_eps=100 completed_eps=2795918
[UPDATE_EFFECT] action_delta=0.01250136 param_rms_delta=0.00049895
[TIME] collect=5.189s update=5.815s
[DONE] timeout=0.00000 anchor_pos=0.00000 anchor_ori=0.00146 ee_body=1.00000
[DONE_ROLLOUT] timeout=0.00000 anchor_pos=0.00000 anchor_ori=0.00006 ee_body=0.14444
[FIRST_FAILURE] step_mean=3.17 step_min=0 step_max=20 phase_mean=99.56 phase_min=5 phase_max=324 anchor_pos=0.00000 anchor_ori=0.00061 ee_body=0.99976 timeout=0.00000
[TRACK_CHUNK0] anchor_pos=0.90755 anchor_ori=0.52149 body_pos=0.87597 body_ori=0.44433 body_lin=0.19931 body_ang=0.02705
[TRACK_ROLLOUT] anchor_pos=0.90754 anchor_ori=0.52054 body_pos=0.87539 body_ori=0.44228 body_lin=0.19889 body_ang=0.02737
[TRAIN_COST] action_rate=22.61724 joint_limit=0.01951 undesired_contacts=1.93420
[REWARD_WEIGHTED] pos=0.04516 penalty=-0.05296 total=-0.00780 act_rate=-0.04526 contacts=-0.00387
[ACT_GREEDY] abs_mean=0.6835 abs_p95=1.9504 abs_p99=2.6475 abs_max=4.5508 legs=0.6153 waist=1.2091 arms=0.6293
[ACT_ROLLOUT] abs_mean=0.8447 abs_p95=2.1299 abs_p99=2.8650 abs_max=6.0841 abs_max_all=6.0841
[SAMPLER] top_bin=0 top_prob=0.494 peak_bin=0 failed_sum=1009.2286 entropy=0.7944
[TRAIN_BODY] torso_ori=18.06deg l_wrist_ori=23.44deg r_wrist_ori=31.83deg l_elbow_ori=20.71deg r_elbow_ori=30.19deg l_shoulder_ori=20.08deg r_shoulder_ori=23.27deg
[TRAIN_ANG] torso=4.964 l_wrist=8.356 r_wrist=10.794 l_elbow=7.266 r_elbow=9.660 l_shoulder=6.748 r_shoulder=7.932
[TRAIN_ACT] l_wrist_r=0.4345 l_wrist_p=0.5357 l_wrist_y=0.4950 r_wrist_r=0.4998 r_wrist_p=0.5139 r_wrist_y=0.4718 l_elbow=0.8059 r_elbow=0.5748
[UPDATE] 134/500 reward_step=-0.00759 done_frac=0.14457 mean_reward=-0.05374 mean_len=6.99
[FPO++] actor_loss=-0.00020 value_loss=0.00107 ratio=0.9989 [0.907,1.080] clip_frac=0.2711 cfm_old=1.4437 cfm_new=1.4449 kl=0.000095 grad=0.1769 grad_c=0.0190 lr=0.000759 critic_lr=0.000878
[TRAIN] mean_reward=-0.05374 mean_len=6.99 recent_eps=100 completed_eps=2824341
[UPDATE_EFFECT] action_delta=0.01404776 param_rms_delta=0.00063079
[TIME] collect=5.134s update=5.812s
[DONE] timeout=0.00000 anchor_pos=0.00000 anchor_ori=0.00134 ee_body=1.00000
[DONE_ROLLOUT] timeout=0.00000 anchor_pos=0.00000 anchor_ori=0.00006 ee_body=0.14453
[FIRST_FAILURE] step_mean=3.18 step_min=0 step_max=20 phase_mean=98.89 phase_min=5 phase_max=324 anchor_pos=0.00000 anchor_ori=0.00073 ee_body=0.99939 timeout=0.00000
[TRACK_CHUNK0] anchor_pos=0.90700 anchor_ori=0.52379 body_pos=0.87571 body_ori=0.44222 body_lin=0.19909 body_ang=0.02816
[TRACK_ROLLOUT] anchor_pos=0.90749 anchor_ori=0.51935 body_pos=0.87515 body_ori=0.44095 body_lin=0.19858 body_ang=0.02757
[TRAIN_COST] action_rate=22.60198 joint_limit=0.01920 undesired_contacts=1.94189
[REWARD_WEIGHTED] pos=0.04511 penalty=-0.05270 total=-0.00759 act_rate=-0.04505 contacts=-0.00387
[ACT_GREEDY] abs_mean=0.6909 abs_p95=1.9629 abs_p99=2.6486 abs_max=4.6253 legs=0.6239 waist=1.2187 arms=0.6352
[ACT_ROLLOUT] abs_mean=0.8488 abs_p95=2.1422 abs_p99=2.8814 abs_max=6.0496 abs_max_all=6.0496
[SAMPLER] top_bin=0 top_prob=0.495 peak_bin=0 failed_sum=1013.3832 entropy=0.7940
[TRAIN_BODY] torso_ori=17.83deg l_wrist_ori=23.12deg r_wrist_ori=32.21deg l_elbow_ori=20.54deg r_elbow_ori=30.46deg l_shoulder_ori=20.02deg r_shoulder_ori=23.65deg
[TRAIN_ANG] torso=4.947 l_wrist=8.342 r_wrist=10.896 l_elbow=7.254 r_elbow=9.750 l_shoulder=6.723 r_shoulder=7.999
[TRAIN_ACT] l_wrist_r=0.4415 l_wrist_p=0.5519 l_wrist_y=0.4902 r_wrist_r=0.5094 r_wrist_p=0.5278 r_wrist_y=0.4773 l_elbow=0.7911 r_elbow=0.5869
[UPDATE] 135/500 reward_step=-0.00718 done_frac=0.14508 mean_reward=-0.04910 mean_len=7.19
[FPO++] actor_loss=-0.00049 value_loss=0.00107 ratio=0.9991 [0.906,1.092] clip_frac=0.2353 cfm_old=1.4371 cfm_new=1.4381 kl=0.000086 grad=0.1633 grad_c=0.0146 lr=0.000759 critic_lr=0.000878
[TRAIN] mean_reward=-0.04910 mean_len=7.19 recent_eps=100 completed_eps=2852864
[UPDATE_EFFECT] action_delta=0.01474252 param_rms_delta=0.00057086
[TIME] collect=5.143s update=5.810s
[DONE] timeout=0.00000 anchor_pos=0.00000 anchor_ori=0.00098 ee_body=1.00000
[DONE_ROLLOUT] timeout=0.00000 anchor_pos=0.00000 anchor_ori=0.00004 ee_body=0.14507
[FIRST_FAILURE] step_mean=3.14 step_min=0 step_max=16 phase_mean=97.59 phase_min=5 phase_max=324 anchor_pos=0.00000 anchor_ori=0.00024 ee_body=0.99988 timeout=0.00000
[TRACK_CHUNK0] anchor_pos=0.90663 anchor_ori=0.52061 body_pos=0.87402 body_ori=0.44052 body_lin=0.19769 body_ang=0.02765
[TRACK_ROLLOUT] anchor_pos=0.90757 anchor_ori=0.52192 body_pos=0.87534 body_ori=0.44272 body_lin=0.19888 body_ang=0.02789
[TRAIN_COST] action_rate=22.28700 joint_limit=0.01896 undesired_contacts=1.95032
[REWARD_WEIGHTED] pos=0.04519 penalty=-0.05238 total=-0.00718 act_rate=-0.04473 contacts=-0.00391
[ACT_GREEDY] abs_mean=0.7006 abs_p95=1.9856 abs_p99=2.6888 abs_max=4.7572 legs=0.6300 waist=1.2254 arms=0.6487
[ACT_ROLLOUT] abs_mean=0.8506 abs_p95=2.1477 abs_p99=2.8889 abs_max=5.7984 abs_max_all=5.7984
[SAMPLER] top_bin=0 top_prob=0.495 peak_bin=0 failed_sum=1017.5375 entropy=0.7935
[TRAIN_BODY] torso_ori=18.04deg l_wrist_ori=23.38deg r_wrist_ori=32.36deg l_elbow_ori=20.79deg r_elbow_ori=30.76deg l_shoulder_ori=20.15deg r_shoulder_ori=23.68deg
[TRAIN_ANG] torso=4.945 l_wrist=8.351 r_wrist=10.931 l_elbow=7.248 r_elbow=9.748 l_shoulder=6.716 r_shoulder=7.978
[TRAIN_ACT] l_wrist_r=0.4472 l_wrist_p=0.5643 l_wrist_y=0.5058 r_wrist_r=0.5168 r_wrist_p=0.5452 r_wrist_y=0.4756 l_elbow=0.8267 r_elbow=0.5821
[UPDATE] 136/500 reward_step=-0.00686 done_frac=0.14504 mean_reward=-0.04227 mean_len=7.29
[FPO++] actor_loss=-0.00058 value_loss=0.00106 ratio=0.9989 [0.903,1.085] clip_frac=0.2654 cfm_old=1.4337 cfm_new=1.4349 kl=0.000101 grad=0.1830 grad_c=0.0303 lr=0.000759 critic_lr=0.000878
[TRAIN] mean_reward=-0.04227 mean_len=7.29 recent_eps=100 completed_eps=2881381
[UPDATE_EFFECT] action_delta=0.01388770 param_rms_delta=0.00064040
[TIME] collect=5.134s update=5.810s
[DONE] timeout=0.00000 anchor_pos=0.00000 anchor_ori=0.00085 ee_body=1.00000
[DONE_ROLLOUT] timeout=0.00000 anchor_pos=0.00000 anchor_ori=0.00004 ee_body=0.14501
[FIRST_FAILURE] step_mean=3.16 step_min=0 step_max=16 phase_mean=99.54 phase_min=5 phase_max=324 anchor_pos=0.00000 anchor_ori=0.00024 ee_body=0.99976 timeout=0.00000
[TRACK_CHUNK0] anchor_pos=0.90765 anchor_ori=0.52171 body_pos=0.87582 body_ori=0.44293 body_lin=0.20055 body_ang=0.02836
[TRACK_ROLLOUT] anchor_pos=0.90753 anchor_ori=0.52307 body_pos=0.87558 body_ori=0.44399 body_lin=0.19884 body_ang=0.02801
[TRAIN_COST] action_rate=22.22653 joint_limit=0.01863 undesired_contacts=1.96204
[REWARD_WEIGHTED] pos=0.04523 penalty=-0.05209 total=-0.00686 act_rate=-0.04442 contacts=-0.00395
[ACT_GREEDY] abs_mean=0.7042 abs_p95=1.9955 abs_p99=2.7005 abs_max=4.7256 legs=0.6377 waist=1.2215 arms=0.6503
[ACT_ROLLOUT] abs_mean=0.8535 abs_p95=2.1568 abs_p99=2.9015 abs_max=6.1781 abs_max_all=6.1781
[SAMPLER] top_bin=0 top_prob=0.496 peak_bin=0 failed_sum=1021.5870 entropy=0.7930
[TRAIN_BODY] torso_ori=17.90deg l_wrist_ori=23.43deg r_wrist_ori=32.49deg l_elbow_ori=20.70deg r_elbow_ori=30.69deg l_shoulder_ori=20.12deg r_shoulder_ori=23.86deg
[TRAIN_ANG] torso=4.960 l_wrist=8.314 r_wrist=10.946 l_elbow=7.198 r_elbow=9.752 l_shoulder=6.714 r_shoulder=8.008
[TRAIN_ACT] l_wrist_r=0.4402 l_wrist_p=0.5581 l_wrist_y=0.5135 r_wrist_r=0.5265 r_wrist_p=0.5487 r_wrist_y=0.4827 l_elbow=0.8188 r_elbow=0.5773
[UPDATE] 137/500 reward_step=-0.00610 done_frac=0.14525 mean_reward=-0.03704 mean_len=6.82
[FPO++] actor_loss=0.00071 value_loss=0.00102 ratio=0.9988 [0.889,1.130] clip_frac=0.3060 cfm_old=1.4221 cfm_new=1.4233 kl=0.000118 grad=0.2245 grad_c=0.0423 lr=0.000759 critic_lr=0.000878
[TRAIN] mean_reward=-0.03704 mean_len=6.82 recent_eps=100 completed_eps=2909939
[UPDATE_EFFECT] action_delta=0.01401374 param_rms_delta=0.00064444
[TIME] collect=5.094s update=5.816s
[DONE] timeout=0.00000 anchor_pos=0.00000 anchor_ori=0.00061 ee_body=1.00000
[DONE_ROLLOUT] timeout=0.00000 anchor_pos=0.00000 anchor_ori=0.00003 ee_body=0.14524
[FIRST_FAILURE] step_mean=3.13 step_min=0 step_max=16 phase_mean=100.23 phase_min=5 phase_max=324 anchor_pos=0.00000 anchor_ori=0.00024 ee_body=0.99988 timeout=0.00000
[TRACK_CHUNK0] anchor_pos=0.90671 anchor_ori=0.52485 body_pos=0.87456 body_ori=0.44160 body_lin=0.19858 body_ang=0.02820
[TRACK_ROLLOUT] anchor_pos=0.90809 anchor_ori=0.52440 body_pos=0.87572 body_ori=0.44493 body_lin=0.19883 body_ang=0.02833
[TRAIN_COST] action_rate=21.90471 joint_limit=0.01809 undesired_contacts=1.96484
[REWARD_WEIGHTED] pos=0.04528 penalty=-0.05138 total=-0.00610 act_rate=-0.04381 contacts=-0.00395
[ACT_GREEDY] abs_mean=0.7142 abs_p95=2.0199 abs_p99=2.7239 abs_max=4.9785 legs=0.6475 waist=1.2408 arms=0.6586
[ACT_ROLLOUT] abs_mean=0.8552 abs_p95=2.1624 abs_p99=2.9137 abs_max=6.1136 abs_max_all=6.1136
[SAMPLER] top_bin=0 top_prob=0.496 peak_bin=0 failed_sum=1025.5809 entropy=0.7926
[TRAIN_BODY] torso_ori=17.86deg l_wrist_ori=23.18deg r_wrist_ori=32.26deg l_elbow_ori=20.64deg r_elbow_ori=30.58deg l_shoulder_ori=20.18deg r_shoulder_ori=23.70deg
[TRAIN_ANG] torso=4.988 l_wrist=8.270 r_wrist=10.960 l_elbow=7.210 r_elbow=9.816 l_shoulder=6.771 r_shoulder=8.025
[TRAIN_ACT] l_wrist_r=0.4573 l_wrist_p=0.5563 l_wrist_y=0.5180 r_wrist_r=0.5191 r_wrist_p=0.5581 r_wrist_y=0.4914 l_elbow=0.8267 r_elbow=0.6003
[UPDATE] 138/500 reward_step=-0.00566 done_frac=0.14539 mean_reward=-0.03846 mean_len=6.60
[FPO++] actor_loss=0.00001 value_loss=0.00101 ratio=0.9988 [0.875,1.091] clip_frac=0.2941 cfm_old=1.4200 cfm_new=1.4212 kl=0.000113 grad=0.2061 grad_c=0.0286 lr=0.000759 critic_lr=0.000878
[TRAIN] mean_reward=-0.03846 mean_len=6.60 recent_eps=100 completed_eps=2938523
[UPDATE_EFFECT] action_delta=0.01301608 param_rms_delta=0.00062439
[TIME] collect=5.126s update=5.813s
[DONE] timeout=0.00000 anchor_pos=0.00000 anchor_ori=0.00073 ee_body=1.00000
[DONE_ROLLOUT] timeout=0.00000 anchor_pos=0.00000 anchor_ori=0.00003 ee_body=0.14537
[FIRST_FAILURE] step_mean=3.12 step_min=0 step_max=17 phase_mean=98.74 phase_min=5 phase_max=324 anchor_pos=0.00000 anchor_ori=0.00024 ee_body=0.99988 timeout=0.00000
[TRACK_CHUNK0] anchor_pos=0.90694 anchor_ori=0.52393 body_pos=0.87424 body_ori=0.44361 body_lin=0.19763 body_ang=0.02839
[TRACK_ROLLOUT] anchor_pos=0.90892 anchor_ori=0.52543 body_pos=0.87629 body_ori=0.44644 body_lin=0.20032 body_ang=0.02885
[TRAIN_COST] action_rate=21.64396 joint_limit=0.01810 undesired_contacts=1.97302
[REWARD_WEIGHTED] pos=0.04538 penalty=-0.05104 total=-0.00566 act_rate=-0.04352 contacts=-0.00392
[ACT_GREEDY] abs_mean=0.7130 abs_p95=2.0187 abs_p99=2.7382 abs_max=4.9553 legs=0.6454 waist=1.2303 arms=0.6600
[ACT_ROLLOUT] abs_mean=0.8584 abs_p95=2.1719 abs_p99=2.9245 abs_max=6.0820 abs_max_all=6.0820
[SAMPLER] top_bin=0 top_prob=0.497 peak_bin=0 failed_sum=1029.5055 entropy=0.7921
[TRAIN_BODY] torso_ori=17.90deg l_wrist_ori=23.09deg r_wrist_ori=32.03deg l_elbow_ori=20.56deg r_elbow_ori=30.43deg l_shoulder_ori=20.28deg r_shoulder_ori=23.91deg
[TRAIN_ANG] torso=4.954 l_wrist=8.305 r_wrist=10.901 l_elbow=7.232 r_elbow=9.795 l_shoulder=6.763 r_shoulder=8.004
[TRAIN_ACT] l_wrist_r=0.4472 l_wrist_p=0.5642 l_wrist_y=0.5307 r_wrist_r=0.5334 r_wrist_p=0.5570 r_wrist_y=0.4947 l_elbow=0.8340 r_elbow=0.5947
[UPDATE] 139/500 reward_step=-0.00502 done_frac=0.14495 mean_reward=-0.03132 mean_len=7.09
[FPO++] actor_loss=-0.00078 value_loss=0.00102 ratio=0.9989 [0.894,1.100] clip_frac=0.2871 cfm_old=1.4099 cfm_new=1.4111 kl=0.000112 grad=0.2010 grad_c=0.0273 lr=0.000759 critic_lr=0.000878
[TRAIN] mean_reward=-0.03132 mean_len=7.09 recent_eps=100 completed_eps=2967021
[UPDATE_EFFECT] action_delta=0.01352070 param_rms_delta=0.00061619
[TIME] collect=5.185s update=5.812s
[DONE] timeout=0.00000 anchor_pos=0.00000 anchor_ori=0.00183 ee_body=1.00000
[DONE_ROLLOUT] timeout=0.00000 anchor_pos=0.00000 anchor_ori=0.00008 ee_body=0.14491
[FIRST_FAILURE] step_mean=3.14 step_min=0 step_max=17 phase_mean=99.52 phase_min=5 phase_max=324 anchor_pos=0.00000 anchor_ori=0.00061 ee_body=0.99988 timeout=0.00000
[TRACK_CHUNK0] anchor_pos=0.90866 anchor_ori=0.52329 body_pos=0.87574 body_ori=0.44532 body_lin=0.20037 body_ang=0.02753
[TRACK_ROLLOUT] anchor_pos=0.90909 anchor_ori=0.52593 body_pos=0.87653 body_ori=0.44715 body_lin=0.20083 body_ang=0.02936
[TRAIN_COST] action_rate=21.46260 joint_limit=0.01778 undesired_contacts=1.95837
[REWARD_WEIGHTED] pos=0.04543 penalty=-0.05045 total=-0.00502 act_rate=-0.04298 contacts=-0.00392
[ACT_GREEDY] abs_mean=0.7163 abs_p95=2.0299 abs_p99=2.7290 abs_max=5.0476 legs=0.6498 waist=1.2322 arms=0.6628
[ACT_ROLLOUT] abs_mean=0.8582 abs_p95=2.1731 abs_p99=2.9266 abs_max=5.9902 abs_max_all=5.9902
[SAMPLER] top_bin=0 top_prob=0.497 peak_bin=0 failed_sum=1033.2517 entropy=0.7917
[TRAIN_BODY] torso_ori=17.96deg l_wrist_ori=23.14deg r_wrist_ori=31.85deg l_elbow_ori=20.62deg r_elbow_ori=30.04deg l_shoulder_ori=19.96deg r_shoulder_ori=23.43deg
[TRAIN_ANG] torso=5.014 l_wrist=8.178 r_wrist=10.883 l_elbow=7.141 r_elbow=9.734 l_shoulder=6.716 r_shoulder=7.951
[TRAIN_ACT] l_wrist_r=0.4517 l_wrist_p=0.5608 l_wrist_y=0.5187 r_wrist_r=0.5393 r_wrist_p=0.5671 r_wrist_y=0.4882 l_elbow=0.8321 r_elbow=0.6059
[UPDATE] 140/500 reward_step=-0.00431 done_frac=0.14567 mean_reward=-0.04543 mean_len=6.80
[FPO++] actor_loss=-0.00036 value_loss=0.00097 ratio=0.9989 [0.909,1.099] clip_frac=0.2790 cfm_old=1.3985 cfm_new=1.3996 kl=0.000121 grad=0.1962 grad_c=0.0377 lr=0.000759 critic_lr=0.000878
[TRAIN] mean_reward=-0.04543 mean_len=6.80 recent_eps=100 completed_eps=2995661
[UPDATE_EFFECT] action_delta=0.01438171 param_rms_delta=0.00060255
[TIME] collect=5.177s update=5.809s
[DONE] timeout=0.00000 anchor_pos=0.00000 anchor_ori=0.00061 ee_body=1.00000
[DONE_ROLLOUT] timeout=0.00000 anchor_pos=0.00000 anchor_ori=0.00003 ee_body=0.14566
[FIRST_FAILURE] step_mean=3.08 step_min=0 step_max=16 phase_mean=98.69 phase_min=5 phase_max=324 anchor_pos=0.00000 anchor_ori=0.00049 ee_body=0.99976 timeout=0.00000
[TRACK_CHUNK0] anchor_pos=0.90773 anchor_ori=0.51946 body_pos=0.87401 body_ori=0.44349 body_lin=0.19780 body_ang=0.02992
[TRACK_ROLLOUT] anchor_pos=0.90859 anchor_ori=0.52842 body_pos=0.87627 body_ori=0.44893 body_lin=0.20061 body_ang=0.03001
[TRAIN_COST] action_rate=21.13385 joint_limit=0.01752 undesired_contacts=1.94458
[REWARD_WEIGHTED] pos=0.04549 penalty=-0.04980 total=-0.00431 act_rate=-0.04231 contacts=-0.00396
[ACT_GREEDY] abs_mean=0.7256 abs_p95=2.0484 abs_p99=2.7500 abs_max=5.3047 legs=0.6556 waist=1.2313 arms=0.6773
[ACT_ROLLOUT] abs_mean=0.8586 abs_p95=2.1772 abs_p99=2.9312 abs_max=5.9467 abs_max_all=5.9467
[SAMPLER] top_bin=0 top_prob=0.498 peak_bin=0 failed_sum=1037.0496 entropy=0.7913
[TRAIN_BODY] torso_ori=18.09deg l_wrist_ori=23.11deg r_wrist_ori=32.25deg l_elbow_ori=20.48deg r_elbow_ori=30.46deg l_shoulder_ori=20.08deg r_shoulder_ori=23.67deg
[TRAIN_ANG] torso=5.000 l_wrist=8.131 r_wrist=10.822 l_elbow=7.156 r_elbow=9.714 l_shoulder=6.691 r_shoulder=7.926
[TRAIN_ACT] l_wrist_r=0.4675 l_wrist_p=0.5894 l_wrist_y=0.5211 r_wrist_r=0.5456 r_wrist_p=0.5770 r_wrist_y=0.5104 l_elbow=0.8536 r_elbow=0.6105
[UPDATE] 141/500 reward_step=-0.00390 done_frac=0.14524 mean_reward=-0.02147 mean_len=6.69
[FPO++] actor_loss=-0.00181 value_loss=0.00101 ratio=0.9989 [0.891,1.100] clip_frac=0.2251 cfm_old=1.3945 cfm_new=1.3956 kl=0.000087 grad=0.1701 grad_c=0.0407 lr=0.000506 critic_lr=0.000585
[TRAIN] mean_reward=-0.02147 mean_len=6.69 recent_eps=100 completed_eps=3024216
[UPDATE_EFFECT] action_delta=0.01173406 param_rms_delta=0.00045533
[TIME] collect=5.182s update=5.810s
[DONE] timeout=0.00000 anchor_pos=0.00000 anchor_ori=0.00110 ee_body=1.00000
[DONE_ROLLOUT] timeout=0.00000 anchor_pos=0.00000 anchor_ori=0.00005 ee_body=0.14522
[FIRST_FAILURE] step_mean=3.14 step_min=0 step_max=20 phase_mean=97.88 phase_min=5 phase_max=324 anchor_pos=0.00000 anchor_ori=0.00024 ee_body=1.00000 timeout=0.00000
[TRACK_CHUNK0] anchor_pos=0.90815 anchor_ori=0.52518 body_pos=0.87629 body_ori=0.44753 body_lin=0.19973 body_ang=0.03069
[TRACK_ROLLOUT] anchor_pos=0.90900 anchor_ori=0.52665 body_pos=0.87657 body_ori=0.44980 body_lin=0.20094 body_ang=0.03031
[TRAIN_COST] action_rate=20.90541 joint_limit=0.01791 undesired_contacts=1.98462
[REWARD_WEIGHTED] pos=0.04551 penalty=-0.04941 total=-0.00390 act_rate=-0.04196 contacts=-0.00394
[ACT_GREEDY] abs_mean=0.7255 abs_p95=2.0438 abs_p99=2.7712 abs_max=4.8378 legs=0.6540 waist=1.2338 arms=0.6778
[ACT_ROLLOUT] abs_mean=0.8598 abs_p95=2.1814 abs_p99=2.9350 abs_max=6.9423 abs_max_all=6.9423
[SAMPLER] top_bin=0 top_prob=0.499 peak_bin=0 failed_sum=1040.6742 entropy=0.7909
[TRAIN_BODY] torso_ori=17.82deg l_wrist_ori=22.97deg r_wrist_ori=31.82deg l_elbow_ori=20.36deg r_elbow_ori=30.14deg l_shoulder_ori=19.90deg r_shoulder_ori=23.45deg
[TRAIN_ANG] torso=4.963 l_wrist=8.114 r_wrist=10.808 l_elbow=7.091 r_elbow=9.680 l_shoulder=6.675 r_shoulder=7.957
[TRAIN_ACT] l_wrist_r=0.4606 l_wrist_p=0.5842 l_wrist_y=0.5338 r_wrist_r=0.5499 r_wrist_p=0.5735 r_wrist_y=0.5087 l_elbow=0.8436 r_elbow=0.6144
[UPDATE] 142/500 reward_step=-0.00353 done_frac=0.14557 mean_reward=-0.03385 mean_len=6.75
[FPO++] actor_loss=-0.00028 value_loss=0.00094 ratio=0.9989 [0.917,1.075] clip_frac=0.2498 cfm_old=1.3910 cfm_new=1.3922 kl=0.000089 grad=0.1887 grad_c=0.0436 lr=0.000759 critic_lr=0.000878
[TRAIN] mean_reward=-0.03385 mean_len=6.75 recent_eps=100 completed_eps=3052836
[UPDATE_EFFECT] action_delta=0.01320851 param_rms_delta=0.00060544
[TIME] collect=5.109s update=5.812s
[DONE] timeout=0.00000 anchor_pos=0.00000 anchor_ori=0.00110 ee_body=1.00000
[DONE_ROLLOUT] timeout=0.00000 anchor_pos=0.00000 anchor_ori=0.00005 ee_body=0.14555
[FIRST_FAILURE] step_mean=3.12 step_min=0 step_max=18 phase_mean=98.38 phase_min=5 phase_max=324 anchor_pos=0.00000 anchor_ori=0.00061 ee_body=0.99988 timeout=0.00000
[TRACK_CHUNK0] anchor_pos=0.90801 anchor_ori=0.52612 body_pos=0.87598 body_ori=0.44910 body_lin=0.19943 body_ang=0.03014
[TRACK_ROLLOUT] anchor_pos=0.90857 anchor_ori=0.53071 body_pos=0.87611 body_ori=0.45097 body_lin=0.20002 body_ang=0.03069
[TRAIN_COST] action_rate=20.90572 joint_limit=0.01718 undesired_contacts=1.99146
[REWARD_WEIGHTED] pos=0.04555 penalty=-0.04908 total=-0.00353 act_rate=-0.04162 contacts=-0.00398
[ACT_GREEDY] abs_mean=0.7295 abs_p95=2.0573 abs_p99=2.7722 abs_max=5.2623 legs=0.6585 waist=1.2338 arms=0.6823
[ACT_ROLLOUT] abs_mean=0.8605 abs_p95=2.1825 abs_p99=2.9372 abs_max=6.3728 abs_max_all=6.3728
[SAMPLER] top_bin=0 top_prob=0.499 peak_bin=0 failed_sum=1044.2771 entropy=0.7904
[TRAIN_BODY] torso_ori=17.78deg l_wrist_ori=23.02deg r_wrist_ori=31.82deg l_elbow_ori=20.43deg r_elbow_ori=30.14deg l_shoulder_ori=20.17deg r_shoulder_ori=23.32deg
[TRAIN_ANG] torso=4.956 l_wrist=8.137 r_wrist=10.825 l_elbow=7.108 r_elbow=9.704 l_shoulder=6.729 r_shoulder=7.932
[TRAIN_ACT] l_wrist_r=0.4672 l_wrist_p=0.6020 l_wrist_y=0.5426 r_wrist_r=0.5447 r_wrist_p=0.5772 r_wrist_y=0.5056 l_elbow=0.8547 r_elbow=0.6157
[UPDATE] 143/500 reward_step=-0.00295 done_frac=0.14527 mean_reward=-0.02117 mean_len=6.74
[FPO++] actor_loss=-0.00106 value_loss=0.00098 ratio=0.9987 [0.863,1.161] clip_frac=0.2821 cfm_old=1.3803 cfm_new=1.3816 kl=0.000103 grad=0.2270 grad_c=0.0323 lr=0.000506 critic_lr=0.000585
[TRAIN] mean_reward=-0.02117 mean_len=6.74 recent_eps=100 completed_eps=3081397
[UPDATE_EFFECT] action_delta=0.01246742 param_rms_delta=0.00045920
[TIME] collect=5.139s update=5.807s
[DONE] timeout=0.00000 anchor_pos=0.00000 anchor_ori=0.00134 ee_body=1.00000
[DONE_ROLLOUT] timeout=0.00000 anchor_pos=0.00000 anchor_ori=0.00006 ee_body=0.14525
[FIRST_FAILURE] step_mean=3.17 step_min=0 step_max=23 phase_mean=98.58 phase_min=5 phase_max=324 anchor_pos=0.00000 anchor_ori=0.00024 ee_body=0.99988 timeout=0.00000
[TRACK_CHUNK0] anchor_pos=0.90963 anchor_ori=0.53242 body_pos=0.87681 body_ori=0.45255 body_lin=0.20504 body_ang=0.03078
[TRACK_ROLLOUT] anchor_pos=0.90919 anchor_ori=0.53063 body_pos=0.87679 body_ori=0.45146 body_lin=0.20152 body_ang=0.03122
[TRAIN_COST] action_rate=20.66248 joint_limit=0.01666 undesired_contacts=1.99707
[REWARD_WEIGHTED] pos=0.04562 penalty=-0.04857 total=-0.00295 act_rate=-0.04115 contacts=-0.00399
[ACT_GREEDY] abs_mean=0.7337 abs_p95=2.0650 abs_p99=2.7759 abs_max=4.7401 legs=0.6629 waist=1.2346 arms=0.6870
[ACT_ROLLOUT] abs_mean=0.8626 abs_p95=2.1878 abs_p99=2.9418 abs_max=6.0518 abs_max_all=6.0518
[SAMPLER] top_bin=0 top_prob=0.500 peak_bin=0 failed_sum=1047.7367 entropy=0.7900
[TRAIN_BODY] torso_ori=17.64deg l_wrist_ori=22.80deg r_wrist_ori=31.47deg l_elbow_ori=20.20deg r_elbow_ori=29.92deg l_shoulder_ori=19.92deg r_shoulder_ori=23.17deg
[TRAIN_ANG] torso=4.942 l_wrist=8.056 r_wrist=10.814 l_elbow=7.033 r_elbow=9.696 l_shoulder=6.666 r_shoulder=7.868
[TRAIN_ACT] l_wrist_r=0.4616 l_wrist_p=0.6043 l_wrist_y=0.5497 r_wrist_r=0.5560 r_wrist_p=0.5909 r_wrist_y=0.5114 l_elbow=0.8454 r_elbow=0.6146
[UPDATE] 144/500 reward_step=-0.00265 done_frac=0.14518 mean_reward=-0.01573 mean_len=7.19
[FPO++] actor_loss=-0.00169 value_loss=0.00094 ratio=0.9991 [0.933,1.072] clip_frac=0.2047 cfm_old=1.3794 cfm_new=1.3804 kl=0.000076 grad=0.1458 grad_c=0.0277 lr=0.000759 critic_lr=0.000878
[TRAIN] mean_reward=-0.01573 mean_len=7.19 recent_eps=100 completed_eps=3109940
[UPDATE_EFFECT] action_delta=0.01213589 param_rms_delta=0.00058111
[TIME] collect=5.211s update=5.811s
[DONE] timeout=0.00000 anchor_pos=0.00000 anchor_ori=0.00061 ee_body=0.99988
[DONE_ROLLOUT] timeout=0.00000 anchor_pos=0.00000 anchor_ori=0.00003 ee_body=0.14517
[FIRST_FAILURE] step_mean=3.19 step_min=0 step_max=19 phase_mean=98.08 phase_min=5 phase_max=324 anchor_pos=0.00000 anchor_ori=0.00024 ee_body=0.99988 timeout=0.00000
[TRACK_CHUNK0] anchor_pos=0.90886 anchor_ori=0.53716 body_pos=0.87788 body_ori=0.45541 body_lin=0.20478 body_ang=0.03147
[TRACK_ROLLOUT] anchor_pos=0.90915 anchor_ori=0.53013 body_pos=0.87693 body_ori=0.45212 body_lin=0.20170 body_ang=0.03133
[TRAIN_COST] action_rate=20.45016 joint_limit=0.01742 undesired_contacts=1.99365
[REWARD_WEIGHTED] pos=0.04563 penalty=-0.04829 total=-0.00265 act_rate=-0.04094 contacts=-0.00396
[ACT_GREEDY] abs_mean=0.7382 abs_p95=2.0691 abs_p99=2.7778 abs_max=5.2379 legs=0.6667 waist=1.2249 arms=0.6952
[ACT_ROLLOUT] abs_mean=0.8652 abs_p95=2.1951 abs_p99=2.9545 abs_max=6.3703 abs_max_all=6.3703
[SAMPLER] top_bin=0 top_prob=0.500 peak_bin=0 failed_sum=1051.0967 entropy=0.7896
[TRAIN_BODY] torso_ori=17.46deg l_wrist_ori=22.75deg r_wrist_ori=30.94deg l_elbow_ori=20.04deg r_elbow_ori=29.33deg l_shoulder_ori=19.71deg r_shoulder_ori=23.15deg
[TRAIN_ANG] torso=4.943 l_wrist=8.019 r_wrist=10.748 l_elbow=6.961 r_elbow=9.577 l_shoulder=6.638 r_shoulder=7.884
[TRAIN_ACT] l_wrist_r=0.4663 l_wrist_p=0.6286 l_wrist_y=0.5556 r_wrist_r=0.5551 r_wrist_p=0.5814 r_wrist_y=0.5163 l_elbow=0.8534 r_elbow=0.6172
[UPDATE] 145/500 reward_step=-0.00196 done_frac=0.14509 mean_reward=-0.02326 mean_len=6.58
[FPO++] actor_loss=0.00012 value_loss=0.00091 ratio=0.9987 [0.910,1.099] clip_frac=0.2912 cfm_old=1.3661 cfm_new=1.3674 kl=0.000113 grad=0.2344 grad_c=0.0405 lr=0.000759 critic_lr=0.000878
[TRAIN] mean_reward=-0.02326 mean_len=6.58 recent_eps=100 completed_eps=3138465
[UPDATE_EFFECT] action_delta=0.01428363 param_rms_delta=0.00059059
[TIME] collect=5.073s update=5.808s
[DONE] timeout=0.00000 anchor_pos=0.00000 anchor_ori=0.00110 ee_body=1.00000
[DONE_ROLLOUT] timeout=0.00000 anchor_pos=0.00000 anchor_ori=0.00005 ee_body=0.14508
[FIRST_FAILURE] step_mean=3.19 step_min=0 step_max=18 phase_mean=98.17 phase_min=5 phase_max=324 anchor_pos=0.00000 anchor_ori=0.00085 ee_body=0.99988 timeout=0.00000
[TRACK_CHUNK0] anchor_pos=0.91179 anchor_ori=0.53401 body_pos=0.88022 body_ori=0.45824 body_lin=0.20504 body_ang=0.03213
[TRACK_ROLLOUT] anchor_pos=0.90920 anchor_ori=0.53265 body_pos=0.87692 body_ori=0.45349 body_lin=0.20211 body_ang=0.03201
[TRAIN_COST] action_rate=20.43526 joint_limit=0.01751 undesired_contacts=2.00562
[REWARD_WEIGHTED] pos=0.04571 penalty=-0.04767 total=-0.00196 act_rate=-0.04033 contacts=-0.00398
[ACT_GREEDY] abs_mean=0.7434 abs_p95=2.0884 abs_p99=2.8176 abs_max=5.0859 legs=0.6715 waist=1.2305 arms=0.7007
[ACT_ROLLOUT] abs_mean=0.8656 abs_p95=2.1968 abs_p99=2.9604 abs_max=5.9230 abs_max_all=5.9230
[SAMPLER] top_bin=0 top_prob=0.501 peak_bin=0 failed_sum=1054.3591 entropy=0.7892
[TRAIN_BODY] torso_ori=17.46deg l_wrist_ori=22.63deg r_wrist_ori=30.72deg l_elbow_ori=20.10deg r_elbow_ori=29.06deg l_shoulder_ori=19.61deg r_shoulder_ori=22.78deg
[TRAIN_ANG] torso=4.927 l_wrist=8.028 r_wrist=10.735 l_elbow=6.977 r_elbow=9.588 l_shoulder=6.608 r_shoulder=7.899
[TRAIN_ACT] l_wrist_r=0.4737 l_wrist_p=0.6280 l_wrist_y=0.5645 r_wrist_r=0.5666 r_wrist_p=0.5991 r_wrist_y=0.5151 l_elbow=0.8694 r_elbow=0.6212
[UPDATE] 146/500 reward_step=-0.00142 done_frac=0.14479 mean_reward=0.00872 mean_len=6.98
[FPO++] actor_loss=-0.00023 value_loss=0.00089 ratio=0.9989 [0.900,1.100] clip_frac=0.2941 cfm_old=1.3580 cfm_new=1.3592 kl=0.000129 grad=0.2356 grad_c=0.0355 lr=0.000759 critic_lr=0.000878
[TRAIN] mean_reward=0.00872 mean_len=6.98 recent_eps=100 completed_eps=3166932
[UPDATE_EFFECT] action_delta=0.01715825 param_rms_delta=0.00058819
[TIME] collect=5.188s update=5.808s
[DONE] timeout=0.00000 anchor_pos=0.00000 anchor_ori=0.00049 ee_body=1.00000
[DONE_ROLLOUT] timeout=0.00000 anchor_pos=0.00000 anchor_ori=0.00002 ee_body=0.14478
[FIRST_FAILURE] step_mean=3.20 step_min=0 step_max=18 phase_mean=98.58 phase_min=5 phase_max=323 anchor_pos=0.00000 anchor_ori=0.00049 ee_body=0.99976 timeout=0.00000
[TRACK_CHUNK0] anchor_pos=0.91012 anchor_ori=0.53739 body_pos=0.87894 body_ori=0.45779 body_lin=0.20721 body_ang=0.03312
[TRACK_ROLLOUT] anchor_pos=0.90919 anchor_ori=0.53539 body_pos=0.87735 body_ori=0.45540 body_lin=0.20309 body_ang=0.03282
[TRAIN_COST] action_rate=20.04470 joint_limit=0.01678 undesired_contacts=1.98645
[REWARD_WEIGHTED] pos=0.04582 penalty=-0.04724 total=-0.00142 act_rate=-0.03989 contacts=-0.00399
[ACT_GREEDY] abs_mean=0.7491 abs_p95=2.1046 abs_p99=2.8312 abs_max=5.6652 legs=0.6802 waist=1.2278 arms=0.7056
[ACT_ROLLOUT] abs_mean=0.8675 abs_p95=2.2058 abs_p99=2.9725 abs_max=6.0504 abs_max_all=6.0504
[SAMPLER] top_bin=0 top_prob=0.501 peak_bin=0 failed_sum=1057.4863 entropy=0.7888
[TRAIN_BODY] torso_ori=17.44deg l_wrist_ori=22.68deg r_wrist_ori=30.82deg l_elbow_ori=20.16deg r_elbow_ori=29.09deg l_shoulder_ori=19.52deg r_shoulder_ori=22.96deg
[TRAIN_ANG] torso=4.912 l_wrist=8.119 r_wrist=10.645 l_elbow=7.033 r_elbow=9.504 l_shoulder=6.585 r_shoulder=7.831
[TRAIN_ACT] l_wrist_r=0.4721 l_wrist_p=0.6201 l_wrist_y=0.5838 r_wrist_r=0.5619 r_wrist_p=0.6079 r_wrist_y=0.5209 l_elbow=0.8848 r_elbow=0.6351
[UPDATE] 147/500 reward_step=-0.00082 done_frac=0.14529 mean_reward=0.00708 mean_len=6.80
[FPO++] actor_loss=-0.00004 value_loss=0.00088 ratio=0.9984 [0.846,1.108] clip_frac=0.2806 cfm_old=1.3532 cfm_new=1.3549 kl=0.000126 grad=0.2492 grad_c=0.0161 lr=0.000338 critic_lr=0.000390
[TRAIN] mean_reward=0.00708 mean_len=6.80 recent_eps=100 completed_eps=3195498
[UPDATE_EFFECT] action_delta=0.01224326 param_rms_delta=0.00035287
[TIME] collect=5.104s update=5.810s
[DONE] timeout=0.00000 anchor_pos=0.00000 anchor_ori=0.00098 ee_body=1.00000
[DONE_ROLLOUT] timeout=0.00000 anchor_pos=0.00000 anchor_ori=0.00004 ee_body=0.14527
[FIRST_FAILURE] step_mean=3.12 step_min=0 step_max=16 phase_mean=97.97 phase_min=4 phase_max=324 anchor_pos=0.00000 anchor_ori=0.00037 ee_body=0.99976 timeout=0.00000
[TRACK_CHUNK0] anchor_pos=0.90923 anchor_ori=0.53569 body_pos=0.87662 body_ori=0.45503 body_lin=0.20218 body_ang=0.03296
[TRACK_ROLLOUT] anchor_pos=0.91008 anchor_ori=0.53654 body_pos=0.87764 body_ori=0.45742 body_lin=0.20366 body_ang=0.03345
[TRAIN_COST] action_rate=19.78107 joint_limit=0.01684 undesired_contacts=2.02148
[REWARD_WEIGHTED] pos=0.04591 penalty=-0.04673 total=-0.00082 act_rate=-0.03942 contacts=-0.00403
[ACT_GREEDY] abs_mean=0.7590 abs_p95=2.1273 abs_p99=2.8622 abs_max=5.3081 legs=0.6858 waist=1.2391 arms=0.7189
[ACT_ROLLOUT] abs_mean=0.8698 abs_p95=2.2131 abs_p99=2.9790 abs_max=6.0427 abs_max_all=6.0427
[SAMPLER] top_bin=0 top_prob=0.502 peak_bin=0 failed_sum=1060.6367 entropy=0.7883
[TRAIN_BODY] torso_ori=17.42deg l_wrist_ori=22.70deg r_wrist_ori=31.16deg l_elbow_ori=20.10deg r_elbow_ori=29.39deg l_shoulder_ori=19.90deg r_shoulder_ori=23.18deg
[TRAIN_ANG] torso=4.914 l_wrist=8.021 r_wrist=10.767 l_elbow=6.933 r_elbow=9.627 l_shoulder=6.678 r_shoulder=7.924
[TRAIN_ACT] l_wrist_r=0.4832 l_wrist_p=0.6482 l_wrist_y=0.5882 r_wrist_r=0.5608 r_wrist_p=0.6160 r_wrist_y=0.5219 l_elbow=0.9133 r_elbow=0.6371
[UPDATE] 148/500 reward_step=-0.00022 done_frac=0.14469 mean_reward=0.00688 mean_len=7.04
[FPO++] actor_loss=-0.00015 value_loss=0.00089 ratio=0.9988 [0.863,1.120] clip_frac=0.2420 cfm_old=1.3425 cfm_new=1.3438 kl=0.000098 grad=0.2165 grad_c=0.0122 lr=0.000338 critic_lr=0.000390
[TRAIN] mean_reward=0.00688 mean_len=7.04 recent_eps=100 completed_eps=3223946
[UPDATE_EFFECT] action_delta=0.01130088 param_rms_delta=0.00039275
[TIME] collect=5.142s update=5.811s
[DONE] timeout=0.00000 anchor_pos=0.00000 anchor_ori=0.00085 ee_body=1.00000
[DONE_ROLLOUT] timeout=0.00000 anchor_pos=0.00000 anchor_ori=0.00004 ee_body=0.14468
[FIRST_FAILURE] step_mean=3.18 step_min=0 step_max=21 phase_mean=98.24 phase_min=5 phase_max=324 anchor_pos=0.00000 anchor_ori=0.00024 ee_body=1.00000 timeout=0.00000
[TRACK_CHUNK0] anchor_pos=0.91046 anchor_ori=0.53979 body_pos=0.87792 body_ori=0.45760 body_lin=0.20367 body_ang=0.03335
[TRACK_ROLLOUT] anchor_pos=0.90945 anchor_ori=0.53704 body_pos=0.87750 body_ori=0.45735 body_lin=0.20485 body_ang=0.03431
[TRAIN_COST] action_rate=19.44091 joint_limit=0.01622 undesired_contacts=2.01135
[REWARD_WEIGHTED] pos=0.04595 penalty=-0.04617 total=-0.00022 act_rate=-0.03894 contacts=-0.00400
[ACT_GREEDY] abs_mean=0.7637 abs_p95=2.1327 abs_p99=2.8651 abs_max=6.0694 legs=0.6935 waist=1.2432 arms=0.7211
[ACT_ROLLOUT] abs_mean=0.8719 abs_p95=2.2202 abs_p99=2.9876 abs_max=6.1057 abs_max_all=6.1057
[SAMPLER] top_bin=0 top_prob=0.502 peak_bin=0 failed_sum=1063.5962 entropy=0.7880
[TRAIN_BODY] torso_ori=17.33deg l_wrist_ori=22.62deg r_wrist_ori=30.89deg l_elbow_ori=19.95deg r_elbow_ori=29.08deg l_shoulder_ori=19.81deg r_shoulder_ori=22.98deg
[TRAIN_ANG] torso=4.906 l_wrist=7.986 r_wrist=10.623 l_elbow=6.917 r_elbow=9.520 l_shoulder=6.588 r_shoulder=7.880
[TRAIN_ACT] l_wrist_r=0.4883 l_wrist_p=0.6693 l_wrist_y=0.5920 r_wrist_r=0.5703 r_wrist_p=0.6165 r_wrist_y=0.5311 l_elbow=0.9105 r_elbow=0.6310
[UPDATE] 149/500 reward_step=0.00046 done_frac=0.14469 mean_reward=0.00054 mean_len=6.83
[FPO++] actor_loss=0.00026 value_loss=0.00084 ratio=0.9989 [0.895,1.109] clip_frac=0.2438 cfm_old=1.3332 cfm_new=1.3343 kl=0.000086 grad=0.2228 grad_c=0.0189 lr=0.000759 critic_lr=0.000878
[TRAIN] mean_reward=0.00054 mean_len=6.83 recent_eps=100 completed_eps=3252394
[UPDATE_EFFECT] action_delta=0.01592682 param_rms_delta=0.00047800
[TIME] collect=5.165s update=5.810s
[DONE] timeout=0.00000 anchor_pos=0.00000 anchor_ori=0.00134 ee_body=1.00000
[DONE_ROLLOUT] timeout=0.00000 anchor_pos=0.00000 anchor_ori=0.00006 ee_body=0.14467
[FIRST_FAILURE] step_mean=3.16 step_min=0 step_max=18 phase_mean=98.30 phase_min=5 phase_max=324 anchor_pos=0.00000 anchor_ori=0.00061 ee_body=0.99976 timeout=0.00000
[TRACK_CHUNK0] anchor_pos=0.91146 anchor_ori=0.53908 body_pos=0.87920 body_ori=0.46064 body_lin=0.20652 body_ang=0.03419
[TRACK_ROLLOUT] anchor_pos=0.91076 anchor_ori=0.53936 body_pos=0.87843 body_ori=0.45917 body_lin=0.20566 body_ang=0.03459
[TRAIN_COST] action_rate=19.16448 joint_limit=0.01615 undesired_contacts=1.98914
[REWARD_WEIGHTED] pos=0.04606 penalty=-0.04560 total=0.00046 act_rate=-0.03844 contacts=-0.00401
[ACT_GREEDY] abs_mean=0.7626 abs_p95=2.1345 abs_p99=2.8663 abs_max=5.4017 legs=0.6903 waist=1.2322 arms=0.7239
[ACT_ROLLOUT] abs_mean=0.8730 abs_p95=2.2242 abs_p99=2.9939 abs_max=6.2211 abs_max_all=6.2211
[SAMPLER] top_bin=0 top_prob=0.503 peak_bin=0 failed_sum=1066.4847 entropy=0.7876
[TRAIN_BODY] torso_ori=17.37deg l_wrist_ori=22.59deg r_wrist_ori=30.76deg l_elbow_ori=19.91deg r_elbow_ori=28.84deg l_shoulder_ori=19.68deg r_shoulder_ori=22.79deg
[TRAIN_ANG] torso=4.926 l_wrist=7.900 r_wrist=10.638 l_elbow=6.888 r_elbow=9.512 l_shoulder=6.627 r_shoulder=7.807
[TRAIN_ACT] l_wrist_r=0.4827 l_wrist_p=0.6574 l_wrist_y=0.6054 r_wrist_r=0.5771 r_wrist_p=0.6181 r_wrist_y=0.5313 l_elbow=0.8909 r_elbow=0.6368
[UPDATE] 150/500 reward_step=0.00071 done_frac=0.14484 mean_reward=0.01260 mean_len=6.86
[FPO++] actor_loss=-0.00028 value_loss=0.00085 ratio=0.9986 [0.847,1.118] clip_frac=0.2393 cfm_old=1.3337 cfm_new=1.3352 kl=0.000110 grad=0.2252 grad_c=0.0183 lr=0.000506 critic_lr=0.000585
[TRAIN] mean_reward=0.01260 mean_len=6.86 recent_eps=100 completed_eps=3280870
[UPDATE_EFFECT] action_delta=0.01407381 param_rms_delta=0.00036222
[TIME] collect=5.056s update=5.809s
[DONE] timeout=0.00000 anchor_pos=0.00000 anchor_ori=0.00146 ee_body=1.00000
[DONE_ROLLOUT] timeout=0.00000 anchor_pos=0.00000 anchor_ori=0.00006 ee_body=0.14480
[FIRST_FAILURE] step_mean=3.15 step_min=0 step_max=16 phase_mean=98.73 phase_min=5 phase_max=324 anchor_pos=0.00000 anchor_ori=0.00037 ee_body=0.99963 timeout=0.00000
[TRACK_CHUNK0] anchor_pos=0.91029 anchor_ori=0.53707 body_pos=0.87813 body_ori=0.45737 body_lin=0.20413 body_ang=0.03553
[TRACK_ROLLOUT] anchor_pos=0.91052 anchor_ori=0.53989 body_pos=0.87799 body_ori=0.45934 body_lin=0.20541 body_ang=0.03495
[TRAIN_COST] action_rate=19.01638 joint_limit=0.01580 undesired_contacts=1.99207
[REWARD_WEIGHTED] pos=0.04606 penalty=-0.04535 total=0.00071 act_rate=-0.03818 contacts=-0.00402
[ACT_GREEDY] abs_mean=0.7720 abs_p95=2.1609 abs_p99=2.9056 abs_max=5.5856 legs=0.6975 waist=1.2441 arms=0.7346
[ACT_ROLLOUT] abs_mean=0.8747 abs_p95=2.2275 abs_p99=2.9966 abs_max=6.0321 abs_max_all=6.0321
[SAMPLER] top_bin=0 top_prob=0.503 peak_bin=0 failed_sum=1069.3331 entropy=0.7872
[TRAIN_BODY] torso_ori=17.44deg l_wrist_ori=22.64deg r_wrist_ori=30.75deg l_elbow_ori=20.06deg r_elbow_ori=28.92deg l_shoulder_ori=19.77deg r_shoulder_ori=22.84deg
[TRAIN_ANG] torso=4.971 l_wrist=7.886 r_wrist=10.543 l_elbow=6.862 r_elbow=9.453 l_shoulder=6.602 r_shoulder=7.802
[TRAIN_ACT] l_wrist_r=0.4803 l_wrist_p=0.6710 l_wrist_y=0.6003 r_wrist_r=0.5814 r_wrist_p=0.6254 r_wrist_y=0.5409 l_elbow=0.9278 r_elbow=0.6495
[UPDATE] 151/500 reward_step=0.00123 done_frac=0.14379 mean_reward=0.01166 mean_len=7.05
[FPO++] actor_loss=-0.00052 value_loss=0.00082 ratio=0.9991 [0.918,1.083] clip_frac=0.1975 cfm_old=1.3235 cfm_new=1.3245 kl=0.000080 grad=0.1705 grad_c=0.0170 lr=0.000506 critic_lr=0.000585
[TRAIN] mean_reward=0.01166 mean_len=7.05 recent_eps=100 completed_eps=3309140
[UPDATE_EFFECT] action_delta=0.01069333 param_rms_delta=0.00044133
[TIME] collect=5.048s update=5.807s
[DONE] timeout=0.00000 anchor_pos=0.00000 anchor_ori=0.00098 ee_body=1.00000
[DONE_ROLLOUT] timeout=0.00000 anchor_pos=0.00000 anchor_ori=0.00004 ee_body=0.14378
[FIRST_FAILURE] step_mean=3.22 step_min=0 step_max=16 phase_mean=97.40 phase_min=5 phase_max=324 anchor_pos=0.00000 anchor_ori=0.00061 ee_body=0.99988 timeout=0.00000
[TRACK_CHUNK0] anchor_pos=0.91190 anchor_ori=0.54805 body_pos=0.88049 body_ori=0.46687 body_lin=0.20936 body_ang=0.03609
[TRACK_ROLLOUT] anchor_pos=0.91068 anchor_ori=0.54108 body_pos=0.87838 body_ori=0.46103 body_lin=0.20671 body_ang=0.03572
[TRAIN_COST] action_rate=18.93316 joint_limit=0.01597 undesired_contacts=2.02588
[REWARD_WEIGHTED] pos=0.04615 penalty=-0.04492 total=0.00123 act_rate=-0.03778 contacts=-0.00405
[ACT_GREEDY] abs_mean=0.7707 abs_p95=2.1546 abs_p99=2.8962 abs_max=5.8987 legs=0.6991 waist=1.2289 arms=0.7339
[ACT_ROLLOUT] abs_mean=0.8776 abs_p95=2.2380 abs_p99=3.0110 abs_max=6.4961 abs_max_all=6.4961
[SAMPLER] top_bin=0 top_prob=0.504 peak_bin=0 failed_sum=1071.9102 entropy=0.7868
[TRAIN_BODY] torso_ori=17.00deg l_wrist_ori=22.37deg r_wrist_ori=30.14deg l_elbow_ori=19.70deg r_elbow_ori=28.36deg l_shoulder_ori=19.47deg r_shoulder_ori=22.52deg
[TRAIN_ANG] torso=4.872 l_wrist=7.823 r_wrist=10.456 l_elbow=6.839 r_elbow=9.342 l_shoulder=6.568 r_shoulder=7.720
[TRAIN_ACT] l_wrist_r=0.4862 l_wrist_p=0.6662 l_wrist_y=0.6092 r_wrist_r=0.5904 r_wrist_p=0.6166 r_wrist_y=0.5434 l_elbow=0.9115 r_elbow=0.6447
[UPDATE] 152/500 reward_step=0.00183 done_frac=0.14442 mean_reward=0.02124 mean_len=7.06
[FPO++] actor_loss=-0.00105 value_loss=0.00085 ratio=0.9988 [0.908,1.091] clip_frac=0.2794 cfm_old=1.3151 cfm_new=1.3163 kl=0.000123 grad=0.2505 grad_c=0.0319 lr=0.000759 critic_lr=0.000878
[TRAIN] mean_reward=0.02124 mean_len=7.06 recent_eps=100 completed_eps=3337534
[UPDATE_EFFECT] action_delta=0.01946182 param_rms_delta=0.00056314
[TIME] collect=5.159s update=5.801s
[DONE] timeout=0.00000 anchor_pos=0.00000 anchor_ori=0.00122 ee_body=1.00000
[DONE_ROLLOUT] timeout=0.00000 anchor_pos=0.00000 anchor_ori=0.00005 ee_body=0.14440
[FIRST_FAILURE] step_mean=3.16 step_min=0 step_max=23 phase_mean=98.88 phase_min=5 phase_max=324 anchor_pos=0.00000 anchor_ori=0.00073 ee_body=0.99976 timeout=0.00000
[TRACK_CHUNK0] anchor_pos=0.91152 anchor_ori=0.54191 body_pos=0.87769 body_ori=0.45948 body_lin=0.20624 body_ang=0.03589
[TRACK_ROLLOUT] anchor_pos=0.91090 anchor_ori=0.54382 body_pos=0.87863 body_ori=0.46296 body_lin=0.20716 body_ang=0.03679
[TRAIN_COST] action_rate=18.57338 joint_limit=0.01503 undesired_contacts=2.03699
[REWARD_WEIGHTED] pos=0.04626 penalty=-0.04443 total=0.00183 act_rate=-0.03729 contacts=-0.00404
[ACT_GREEDY] abs_mean=0.7822 abs_p95=2.1881 abs_p99=2.9154 abs_max=5.0641 legs=0.7090 waist=1.2470 arms=0.7453
[ACT_ROLLOUT] abs_mean=0.8766 abs_p95=2.2384 abs_p99=3.0113 abs_max=6.3059 abs_max_all=6.3059
[SAMPLER] top_bin=0 top_prob=0.504 peak_bin=0 failed_sum=1074.5488 entropy=0.7864
[TRAIN_BODY] torso_ori=17.32deg l_wrist_ori=22.53deg r_wrist_ori=30.76deg l_elbow_ori=19.83deg r_elbow_ori=28.95deg l_shoulder_ori=19.69deg r_shoulder_ori=22.70deg
[TRAIN_ANG] torso=4.932 l_wrist=7.870 r_wrist=10.565 l_elbow=6.828 r_elbow=9.445 l_shoulder=6.528 r_shoulder=7.721
[TRAIN_ACT] l_wrist_r=0.4969 l_wrist_p=0.6768 l_wrist_y=0.6206 r_wrist_r=0.6052 r_wrist_p=0.6240 r_wrist_y=0.5496 l_elbow=0.9245 r_elbow=0.6509
[UPDATE] 153/500 reward_step=0.00240 done_frac=0.14396 mean_reward=0.00853 mean_len=6.97
[FPO++] actor_loss=0.00062 value_loss=0.00080 ratio=0.9987 [0.858,1.112] clip_frac=0.2342 cfm_old=1.3084 cfm_new=1.3097 kl=0.000111 grad=0.2317 grad_c=0.0240 lr=0.000506 critic_lr=0.000585
[TRAIN] mean_reward=0.00853 mean_len=6.97 recent_eps=100 completed_eps=3365838
[UPDATE_EFFECT] action_delta=0.01555596 param_rms_delta=0.00035101
[TIME] collect=5.073s update=5.819s
[DONE] timeout=0.00000 anchor_pos=0.00000 anchor_ori=0.00061 ee_body=1.00000
[DONE_ROLLOUT] timeout=0.00000 anchor_pos=0.00000 anchor_ori=0.00003 ee_body=0.14396
[FIRST_FAILURE] step_mean=3.19 step_min=0 step_max=16 phase_mean=96.80 phase_min=5 phase_max=323 anchor_pos=0.00000 anchor_ori=0.00012 ee_body=1.00000 timeout=0.00000
[TRACK_CHUNK0] anchor_pos=0.91214 anchor_ori=0.54561 body_pos=0.88037 body_ori=0.46759 body_lin=0.20843 body_ang=0.03745
[TRACK_ROLLOUT] anchor_pos=0.91019 anchor_ori=0.54563 body_pos=0.87828 body_ori=0.46448 body_lin=0.20742 body_ang=0.03734
[TRAIN_COST] action_rate=18.50321 joint_limit=0.01525 undesired_contacts=2.02576
[REWARD_WEIGHTED] pos=0.04631 penalty=-0.04391 total=0.00240 act_rate=-0.03682 contacts=-0.00407
[ACT_GREEDY] abs_mean=0.7884 abs_p95=2.2007 abs_p99=2.9531 abs_max=5.1157 legs=0.7142 waist=1.2474 arms=0.7537
[ACT_ROLLOUT] abs_mean=0.8805 abs_p95=2.2495 abs_p99=3.0246 abs_max=6.3406 abs_max_all=6.3406
[SAMPLER] top_bin=0 top_prob=0.505 peak_bin=0 failed_sum=1077.0358 entropy=0.7859
[TRAIN_BODY] torso_ori=17.12deg l_wrist_ori=22.31deg r_wrist_ori=30.19deg l_elbow_ori=19.62deg r_elbow_ori=28.31deg l_shoulder_ori=19.61deg r_shoulder_ori=22.25deg
[TRAIN_ANG] torso=4.846 l_wrist=7.768 r_wrist=10.462 l_elbow=6.767 r_elbow=9.359 l_shoulder=6.585 r_shoulder=7.664
[TRAIN_ACT] l_wrist_r=0.4954 l_wrist_p=0.6875 l_wrist_y=0.6158 r_wrist_r=0.6311 r_wrist_p=0.6337 r_wrist_y=0.5554 l_elbow=0.9495 r_elbow=0.6489
[UPDATE] 154/500 reward_step=0.00297 done_frac=0.14385 mean_reward=0.03662 mean_len=7.10
[FPO++] actor_loss=-0.00060 value_loss=0.00078 ratio=0.9989 [0.876,1.076] clip_frac=0.2111 cfm_old=1.3019 cfm_new=1.3030 kl=0.000077 grad=0.2025 grad_c=0.0208 lr=0.000506 critic_lr=0.000585
[TRAIN] mean_reward=0.03662 mean_len=7.10 recent_eps=100 completed_eps=3394120
[UPDATE_EFFECT] action_delta=0.01006118 param_rms_delta=0.00043316
[TIME] collect=5.043s update=5.811s
[DONE] timeout=0.00000 anchor_pos=0.00000 anchor_ori=0.00037 ee_body=1.00000
[DONE_ROLLOUT] timeout=0.00000 anchor_pos=0.00000 anchor_ori=0.00002 ee_body=0.14384
[FIRST_FAILURE] step_mean=3.20 step_min=0 step_max=14 phase_mean=97.31 phase_min=5 phase_max=324 anchor_pos=0.00000 anchor_ori=0.00012 ee_body=0.99988 timeout=0.00000
[TRACK_CHUNK0] anchor_pos=0.91044 anchor_ori=0.54396 body_pos=0.87776 body_ori=0.46259 body_lin=0.20944 body_ang=0.03836
[TRACK_ROLLOUT] anchor_pos=0.91152 anchor_ori=0.54702 body_pos=0.87888 body_ori=0.46618 body_lin=0.20879 body_ang=0.03825
[TRAIN_COST] action_rate=18.23086 joint_limit=0.01500 undesired_contacts=2.01721
[REWARD_WEIGHTED] pos=0.04643 penalty=-0.04345 total=0.00297 act_rate=-0.03645 contacts=-0.00405
[ACT_GREEDY] abs_mean=0.7918 abs_p95=2.2111 abs_p99=2.9645 abs_max=5.6467 legs=0.7189 waist=1.2399 arms=0.7583
[ACT_ROLLOUT] abs_mean=0.8851 abs_p95=2.2632 abs_p99=3.0450 abs_max=6.4393 abs_max_all=6.4393
[SAMPLER] top_bin=0 top_prob=0.506 peak_bin=0 failed_sum=1079.4414 entropy=0.7856
[TRAIN_BODY] torso_ori=17.19deg l_wrist_ori=22.43deg r_wrist_ori=30.34deg l_elbow_ori=19.70deg r_elbow_ori=28.48deg l_shoulder_ori=19.71deg r_shoulder_ori=22.65deg
[TRAIN_ANG] torso=4.900 l_wrist=7.766 r_wrist=10.462 l_elbow=6.758 r_elbow=9.360 l_shoulder=6.552 r_shoulder=7.729
[TRAIN_ACT] l_wrist_r=0.4935 l_wrist_p=0.6927 l_wrist_y=0.6357 r_wrist_r=0.6212 r_wrist_p=0.6378 r_wrist_y=0.5524 l_elbow=0.9502 r_elbow=0.6501
[UPDATE] 155/500 reward_step=0.00327 done_frac=0.14342 mean_reward=0.01201 mean_len=6.81
[FPO++] actor_loss=0.00163 value_loss=0.00080 ratio=0.9984 [0.821,1.145] clip_frac=0.3188 cfm_old=1.2991 cfm_new=1.3008 kl=0.000122 grad=0.3410 grad_c=0.0144 lr=0.000506 critic_lr=0.000585
[TRAIN] mean_reward=0.01201 mean_len=6.81 recent_eps=100 completed_eps=3422317
[UPDATE_EFFECT] action_delta=0.01220891 param_rms_delta=0.00055136
[TIME] collect=5.190s update=5.815s
[DONE] timeout=0.00000 anchor_pos=0.00000 anchor_ori=0.00146 ee_body=1.00000
[DONE_ROLLOUT] timeout=0.00000 anchor_pos=0.00000 anchor_ori=0.00006 ee_body=0.14340
[FIRST_FAILURE] step_mean=3.20 step_min=0 step_max=21 phase_mean=98.53 phase_min=5 phase_max=324 anchor_pos=0.00000 anchor_ori=0.00049 ee_body=0.99988 timeout=0.00000
[TRACK_CHUNK0] anchor_pos=0.91155 anchor_ori=0.54770 body_pos=0.87904 body_ori=0.46537 body_lin=0.20864 body_ang=0.03827
[TRACK_ROLLOUT] anchor_pos=0.91166 anchor_ori=0.54839 body_pos=0.87890 body_ori=0.46654 body_lin=0.20986 body_ang=0.03899
[TRAIN_COST] action_rate=18.11666 joint_limit=0.01446 undesired_contacts=2.01941
[REWARD_WEIGHTED] pos=0.04649 penalty=-0.04321 total=0.00327 act_rate=-0.03622 contacts=-0.00403
[ACT_GREEDY] abs_mean=0.7969 abs_p95=2.2158 abs_p99=2.9656 abs_max=5.3702 legs=0.7221 waist=1.2498 arms=0.7640
[ACT_ROLLOUT] abs_mean=0.8859 abs_p95=2.2657 abs_p99=3.0462 abs_max=6.2113 abs_max_all=6.2113
[SAMPLER] top_bin=0 top_prob=0.506 peak_bin=0 failed_sum=1081.7062 entropy=0.7853
[TRAIN_BODY] torso_ori=17.12deg l_wrist_ori=22.50deg r_wrist_ori=29.95deg l_elbow_ori=19.60deg r_elbow_ori=27.80deg l_shoulder_ori=19.63deg r_shoulder_ori=22.52deg
[TRAIN_ANG] torso=4.861 l_wrist=7.802 r_wrist=10.417 l_elbow=6.760 r_elbow=9.306 l_shoulder=6.515 r_shoulder=7.682
[TRAIN_ACT] l_wrist_r=0.5008 l_wrist_p=0.7128 l_wrist_y=0.6324 r_wrist_r=0.6137 r_wrist_p=0.6447 r_wrist_y=0.5595 l_elbow=0.9545 r_elbow=0.6433
[UPDATE] 156/500 reward_step=0.00400 done_frac=0.14300 mean_reward=0.02160 mean_len=7.01
[FPO++] actor_loss=0.00054 value_loss=0.00079 ratio=0.9988 [0.897,1.113] clip_frac=0.2910 cfm_old=1.2855 cfm_new=1.2868 kl=0.000096 grad=0.3121 grad_c=0.0219 lr=0.000506 critic_lr=0.000585
[TRAIN] mean_reward=0.02160 mean_len=7.01 recent_eps=100 completed_eps=3450432
[UPDATE_EFFECT] action_delta=0.01042152 param_rms_delta=0.00043720
[TIME] collect=5.185s update=5.810s
[DONE] timeout=0.00000 anchor_pos=0.00000 anchor_ori=0.00049 ee_body=1.00000
[DONE_ROLLOUT] timeout=0.00000 anchor_pos=0.00000 anchor_ori=0.00002 ee_body=0.14299
[FIRST_FAILURE] step_mean=3.23 step_min=0 step_max=19 phase_mean=97.75 phase_min=5 phase_max=324 anchor_pos=0.00000 anchor_ori=0.00000 ee_body=1.00000 timeout=0.00000
[TRACK_CHUNK0] anchor_pos=0.91139 anchor_ori=0.55068 body_pos=0.87887 body_ori=0.46653 body_lin=0.21164 body_ang=0.03953
[TRACK_ROLLOUT] anchor_pos=0.91127 anchor_ori=0.55189 body_pos=0.87907 body_ori=0.46797 body_lin=0.21140 body_ang=0.03983
[TRAIN_COST] action_rate=17.89202 joint_limit=0.01464 undesired_contacts=2.03259
[REWARD_WEIGHTED] pos=0.04660 penalty=-0.04260 total=0.00400 act_rate=-0.03561 contacts=-0.00405
[ACT_GREEDY] abs_mean=0.7974 abs_p95=2.2202 abs_p99=2.9725 abs_max=5.4389 legs=0.7220 waist=1.2465 arms=0.7658
[ACT_ROLLOUT] abs_mean=0.8839 abs_p95=2.2612 abs_p99=3.0385 abs_max=6.8583 abs_max_all=6.8583
[SAMPLER] top_bin=0 top_prob=0.506 peak_bin=0 failed_sum=1083.8362 entropy=0.7849
[TRAIN_BODY] torso_ori=17.01deg l_wrist_ori=22.25deg r_wrist_ori=30.14deg l_elbow_ori=19.51deg r_elbow_ori=28.07deg l_shoulder_ori=19.77deg r_shoulder_ori=22.57deg
[TRAIN_ANG] torso=4.816 l_wrist=7.676 r_wrist=10.375 l_elbow=6.748 r_elbow=9.283 l_shoulder=6.535 r_shoulder=7.704
[TRAIN_ACT] l_wrist_r=0.5134 l_wrist_p=0.7084 l_wrist_y=0.6299 r_wrist_r=0.6133 r_wrist_p=0.6383 r_wrist_y=0.5633 l_elbow=0.9308 r_elbow=0.6534
[UPDATE] 157/500 reward_step=0.00444 done_frac=0.14304 mean_reward=0.03643 mean_len=6.96
[FPO++] actor_loss=0.00013 value_loss=0.00076 ratio=0.9989 [0.906,1.087] clip_frac=0.2246 cfm_old=1.2788 cfm_new=1.2800 kl=0.000086 grad=0.1978 grad_c=0.0101 lr=0.000759 critic_lr=0.000878
[TRAIN] mean_reward=0.03643 mean_len=6.96 recent_eps=100 completed_eps=3478554
[UPDATE_EFFECT] action_delta=0.01460498 param_rms_delta=0.00048161
[TIME] collect=5.152s update=5.813s
[DONE] timeout=0.00000 anchor_pos=0.00000 anchor_ori=0.00122 ee_body=1.00000
[DONE_ROLLOUT] timeout=0.00000 anchor_pos=0.00000 anchor_ori=0.00005 ee_body=0.14302
[FIRST_FAILURE] step_mean=3.24 step_min=0 step_max=18 phase_mean=97.79 phase_min=5 phase_max=324 anchor_pos=0.00000 anchor_ori=0.00049 ee_body=0.99976 timeout=0.00000
[TRACK_CHUNK0] anchor_pos=0.91252 anchor_ori=0.55324 body_pos=0.88030 body_ori=0.47136 body_lin=0.21285 body_ang=0.04119
[TRACK_ROLLOUT] anchor_pos=0.91219 anchor_ori=0.55123 body_pos=0.87973 body_ori=0.46952 body_lin=0.21218 body_ang=0.04050
[TRAIN_COST] action_rate=17.83087 joint_limit=0.01476 undesired_contacts=2.02173
[REWARD_WEIGHTED] pos=0.04667 penalty=-0.04223 total=0.00444 act_rate=-0.03529 contacts=-0.00403
[ACT_GREEDY] abs_mean=0.8023 abs_p95=2.2333 abs_p99=2.9896 abs_max=5.9073 legs=0.7267 waist=1.2385 arms=0.7736
[ACT_ROLLOUT] abs_mean=0.8853 abs_p95=2.2667 abs_p99=3.0504 abs_max=6.2443 abs_max_all=6.2443
[SAMPLER] top_bin=0 top_prob=0.507 peak_bin=0 failed_sum=1085.9224 entropy=0.7846
[TRAIN_BODY] torso_ori=16.82deg l_wrist_ori=22.14deg r_wrist_ori=29.56deg l_elbow_ori=19.61deg r_elbow_ori=27.47deg l_shoulder_ori=19.53deg r_shoulder_ori=22.21deg
[TRAIN_ANG] torso=4.786 l_wrist=7.609 r_wrist=10.263 l_elbow=6.709 r_elbow=9.145 l_shoulder=6.439 r_shoulder=7.615
[TRAIN_ACT] l_wrist_r=0.5066 l_wrist_p=0.7247 l_wrist_y=0.6389 r_wrist_r=0.6169 r_wrist_p=0.6557 r_wrist_y=0.5638 l_elbow=0.9595 r_elbow=0.6561
[UPDATE] 158/500 reward_step=0.00465 done_frac=0.14259 mean_reward=0.03683 mean_len=7.25
[FPO++] actor_loss=0.00064 value_loss=0.00076 ratio=0.9986 [0.846,1.132] clip_frac=0.2612 cfm_old=1.2804 cfm_new=1.2819 kl=0.000111 grad=0.2526 grad_c=0.0096 lr=0.000338 critic_lr=0.000390
[TRAIN] mean_reward=0.03683 mean_len=7.25 recent_eps=100 completed_eps=3506589
[UPDATE_EFFECT] action_delta=0.01055758 param_rms_delta=0.00026006
[TIME] collect=5.132s update=5.811s
[DONE] timeout=0.00000 anchor_pos=0.00000 anchor_ori=0.00098 ee_body=1.00000
[DONE_ROLLOUT] timeout=0.00000 anchor_pos=0.00000 anchor_ori=0.00004 ee_body=0.14259
[FIRST_FAILURE] step_mean=3.22 step_min=0 step_max=18 phase_mean=97.46 phase_min=5 phase_max=324 anchor_pos=0.00000 anchor_ori=0.00061 ee_body=1.00000 timeout=0.00000
[TRACK_CHUNK0] anchor_pos=0.91141 anchor_ori=0.54988 body_pos=0.87899 body_ori=0.46765 body_lin=0.21018 body_ang=0.04082
[TRACK_ROLLOUT] anchor_pos=0.91171 anchor_ori=0.55258 body_pos=0.87940 body_ori=0.46976 body_lin=0.21308 body_ang=0.04099
[TRAIN_COST] action_rate=17.55573 joint_limit=0.01446 undesired_contacts=2.05469
[REWARD_WEIGHTED] pos=0.04671 penalty=-0.04206 total=0.00465 act_rate=-0.03515 contacts=-0.00403
[ACT_GREEDY] abs_mean=0.8103 abs_p95=2.2560 abs_p99=2.9995 abs_max=5.3093 legs=0.7326 waist=1.2507 arms=0.7825
[ACT_ROLLOUT] abs_mean=0.8882 abs_p95=2.2751 abs_p99=3.0622 abs_max=6.8539 abs_max_all=6.8539
[SAMPLER] top_bin=0 top_prob=0.507 peak_bin=0 failed_sum=1087.8726 entropy=0.7843
[TRAIN_BODY] torso_ori=16.90deg l_wrist_ori=22.35deg r_wrist_ori=29.66deg l_elbow_ori=19.69deg r_elbow_ori=27.67deg l_shoulder_ori=19.54deg r_shoulder_ori=22.55deg
[TRAIN_ANG] torso=4.812 l_wrist=7.599 r_wrist=10.323 l_elbow=6.676 r_elbow=9.257 l_shoulder=6.499 r_shoulder=7.723
[TRAIN_ACT] l_wrist_r=0.5091 l_wrist_p=0.7293 l_wrist_y=0.6511 r_wrist_r=0.6282 r_wrist_p=0.6618 r_wrist_y=0.5731 l_elbow=0.9641 r_elbow=0.6572
[UPDATE] 159/500 reward_step=0.00530 done_frac=0.14253 mean_reward=0.03664 mean_len=7.20
[FPO++] actor_loss=-0.00397 value_loss=0.00087 ratio=0.9989 [0.898,1.086] clip_frac=0.1818 cfm_old=1.2696 cfm_new=1.2708 kl=0.000067 grad=0.1561 grad_c=0.0330 lr=0.000506 critic_lr=0.000585
[TRAIN] mean_reward=0.03664 mean_len=7.20 recent_eps=100 completed_eps=3534612
[UPDATE_EFFECT] action_delta=0.01094501 param_rms_delta=0.00039720
[TIME] collect=5.062s update=5.810s
[DONE] timeout=0.00000 anchor_pos=0.00000 anchor_ori=0.00183 ee_body=0.99988
[DONE_ROLLOUT] timeout=0.00000 anchor_pos=0.00000 anchor_ori=0.00008 ee_body=0.14252
[FIRST_FAILURE] step_mean=3.24 step_min=0 step_max=15 phase_mean=99.67 phase_min=5 phase_max=324 anchor_pos=0.00000 anchor_ori=0.00037 ee_body=0.99976 timeout=0.00000
[TRACK_CHUNK0] anchor_pos=0.91111 anchor_ori=0.55143 body_pos=0.87908 body_ori=0.46879 body_lin=0.21202 body_ang=0.04035
[TRACK_ROLLOUT] anchor_pos=0.91193 anchor_ori=0.55409 body_pos=0.87939 body_ori=0.47103 body_lin=0.21312 body_ang=0.04166
[TRAIN_COST] action_rate=17.31606 joint_limit=0.01449 undesired_contacts=2.00989
[REWARD_WEIGHTED] pos=0.04676 penalty=-0.04146 total=0.00530 act_rate=-0.03460 contacts=-0.00405
[ACT_GREEDY] abs_mean=0.8131 abs_p95=2.2679 abs_p99=3.0285 abs_max=5.3708 legs=0.7374 waist=1.2415 arms=0.7863
[ACT_ROLLOUT] abs_mean=0.8901 abs_p95=2.2832 abs_p99=3.0721 abs_max=6.3503 abs_max_all=6.3503
[SAMPLER] top_bin=0 top_prob=0.508 peak_bin=0 failed_sum=1089.7649 entropy=0.7841
[TRAIN_BODY] torso_ori=16.89deg l_wrist_ori=22.10deg r_wrist_ori=29.78deg l_elbow_ori=19.47deg r_elbow_ori=27.57deg l_shoulder_ori=19.48deg r_shoulder_ori=22.32deg
[TRAIN_ANG] torso=4.814 l_wrist=7.586 r_wrist=10.246 l_elbow=6.633 r_elbow=9.163 l_shoulder=6.409 r_shoulder=7.637
[TRAIN_ACT] l_wrist_r=0.5106 l_wrist_p=0.7431 l_wrist_y=0.6446 r_wrist_r=0.6370 r_wrist_p=0.6681 r_wrist_y=0.5826 l_elbow=0.9654 r_elbow=0.6644
[UPDATE] 160/500 reward_step=0.00586 done_frac=0.14223 mean_reward=0.04637 mean_len=7.14
[FPO++] actor_loss=-0.00018 value_loss=0.00076 ratio=0.9989 [0.902,1.179] clip_frac=0.2139 cfm_old=1.2591 cfm_new=1.2602 kl=0.000090 grad=0.2079 grad_c=0.0230 lr=0.000759 critic_lr=0.000878
[TRAIN] mean_reward=0.04637 mean_len=7.14 recent_eps=100 completed_eps=3562576
[UPDATE_EFFECT] action_delta=0.01220902 param_rms_delta=0.00048905
[TIME] collect=5.086s update=5.811s
[DONE] timeout=0.00000 anchor_pos=0.00012 anchor_ori=0.00232 ee_body=1.00000
[DONE_ROLLOUT] timeout=0.00000 anchor_pos=0.00001 anchor_ori=0.00010 ee_body=0.14221
[FIRST_FAILURE] step_mean=3.27 step_min=0 step_max=15 phase_mean=98.68 phase_min=5 phase_max=324 anchor_pos=0.00012 anchor_ori=0.00085 ee_body=0.99988 timeout=0.00000
[TRACK_CHUNK0] anchor_pos=0.91247 anchor_ori=0.55777 body_pos=0.87965 body_ori=0.47032 body_lin=0.21537 body_ang=0.04228
[TRACK_ROLLOUT] anchor_pos=0.91275 anchor_ori=0.55633 body_pos=0.87974 body_ori=0.47137 body_lin=0.21481 body_ang=0.04259
[TRAIN_COST] action_rate=17.19102 joint_limit=0.01397 undesired_contacts=2.00073
[REWARD_WEIGHTED] pos=0.04686 penalty=-0.04100 total=0.00586 act_rate=-0.03421 contacts=-0.00403
[ACT_GREEDY] abs_mean=0.8134 abs_p95=2.2659 abs_p99=3.0247 abs_max=5.3844 legs=0.7379 waist=1.2388 arms=0.7870
[ACT_ROLLOUT] abs_mean=0.8922 abs_p95=2.2930 abs_p99=3.0878 abs_max=6.0838 abs_max_all=6.0838
[SAMPLER] top_bin=0 top_prob=0.508 peak_bin=0 failed_sum=1091.5548 entropy=0.7838
[TRAIN_BODY] torso_ori=16.68deg l_wrist_ori=22.31deg r_wrist_ori=29.83deg l_elbow_ori=19.53deg r_elbow_ori=27.72deg l_shoulder_ori=19.43deg r_shoulder_ori=22.62deg
[TRAIN_ANG] torso=4.760 l_wrist=7.600 r_wrist=10.387 l_elbow=6.611 r_elbow=9.251 l_shoulder=6.430 r_shoulder=7.655
[TRAIN_ACT] l_wrist_r=0.5117 l_wrist_p=0.7272 l_wrist_y=0.6418 r_wrist_r=0.6279 r_wrist_p=0.6681 r_wrist_y=0.5844 l_elbow=0.9577 r_elbow=0.6507
[UPDATE] 161/500 reward_step=0.00648 done_frac=0.14136 mean_reward=0.03680 mean_len=6.89
[FPO++] actor_loss=0.00006 value_loss=0.00074 ratio=0.9988 [0.870,1.086] clip_frac=0.2249 cfm_old=1.2494 cfm_new=1.2506 kl=0.000106 grad=0.2161 grad_c=0.0363 lr=0.000506 critic_lr=0.000585
[TRAIN] mean_reward=0.03680 mean_len=6.89 recent_eps=100 completed_eps=3590368
[UPDATE_EFFECT] action_delta=0.01283074 param_rms_delta=0.00040836
[TIME] collect=5.097s update=5.809s
[DONE] timeout=0.00000 anchor_pos=0.00000 anchor_ori=0.00159 ee_body=1.00000
[DONE_ROLLOUT] timeout=0.00000 anchor_pos=0.00000 anchor_ori=0.00007 ee_body=0.14135
[FIRST_FAILURE] step_mean=3.34 step_min=0 step_max=17 phase_mean=98.65 phase_min=5 phase_max=324 anchor_pos=0.00000 anchor_ori=0.00024 ee_body=1.00000 timeout=0.00000
[TRACK_CHUNK0] anchor_pos=0.91418 anchor_ori=0.56386 body_pos=0.88270 body_ori=0.47648 body_lin=0.22084 body_ang=0.04402
[TRACK_ROLLOUT] anchor_pos=0.91296 anchor_ori=0.55742 body_pos=0.88000 body_ori=0.47204 body_lin=0.21610 body_ang=0.04347
[TRAIN_COST] action_rate=17.00898 joint_limit=0.01391 undesired_contacts=2.00635
[REWARD_WEIGHTED] pos=0.04694 penalty=-0.04045 total=0.00648 act_rate=-0.03372 contacts=-0.00403
[ACT_GREEDY] abs_mean=0.8186 abs_p95=2.2847 abs_p99=3.0566 abs_max=5.8230 legs=0.7430 waist=1.2318 arms=0.7947
[ACT_ROLLOUT] abs_mean=0.8917 abs_p95=2.2934 abs_p99=3.0918 abs_max=6.6090 abs_max_all=6.6090
[SAMPLER] top_bin=0 top_prob=0.508 peak_bin=0 failed_sum=1093.1321 entropy=0.7835
[TRAIN_BODY] torso_ori=16.46deg l_wrist_ori=21.95deg r_wrist_ori=29.10deg l_elbow_ori=19.18deg r_elbow_ori=27.01deg l_shoulder_ori=19.23deg r_shoulder_ori=22.06deg
[TRAIN_ANG] torso=4.730 l_wrist=7.463 r_wrist=10.135 l_elbow=6.528 r_elbow=9.038 l_shoulder=6.374 r_shoulder=7.529
[TRAIN_ACT] l_wrist_r=0.5210 l_wrist_p=0.7503 l_wrist_y=0.6427 r_wrist_r=0.6292 r_wrist_p=0.6678 r_wrist_y=0.5785 l_elbow=0.9704 r_elbow=0.6450
[UPDATE] 162/500 reward_step=0.00676 done_frac=0.14154 mean_reward=0.04595 mean_len=7.14
[FPO++] actor_loss=-0.00081 value_loss=0.00075 ratio=0.9987 [0.888,1.069] clip_frac=0.1927 cfm_old=1.2450 cfm_new=1.2463 kl=0.000071 grad=0.1935 grad_c=0.0200 lr=0.000759 critic_lr=0.000878
[TRAIN] mean_reward=0.04595 mean_len=7.14 recent_eps=100 completed_eps=3618196
[UPDATE_EFFECT] action_delta=0.01642462 param_rms_delta=0.00043988
[TIME] collect=5.154s update=5.803s
[DONE] timeout=0.00000 anchor_pos=0.00000 anchor_ori=0.00085 ee_body=1.00000
[DONE_ROLLOUT] timeout=0.00000 anchor_pos=0.00000 anchor_ori=0.00004 ee_body=0.14153
[FIRST_FAILURE] step_mean=3.28 step_min=0 step_max=21 phase_mean=97.82 phase_min=5 phase_max=321 anchor_pos=0.00000 anchor_ori=0.00037 ee_body=1.00000 timeout=0.00000
[TRACK_CHUNK0] anchor_pos=0.91178 anchor_ori=0.55590 body_pos=0.87796 body_ori=0.46980 body_lin=0.21584 body_ang=0.04344
[TRACK_ROLLOUT] anchor_pos=0.91251 anchor_ori=0.55908 body_pos=0.87980 body_ori=0.47358 body_lin=0.21665 body_ang=0.04440
[TRAIN_COST] action_rate=16.79892 joint_limit=0.01331 undesired_contacts=2.02490
[REWARD_WEIGHTED] pos=0.04700 penalty=-0.04024 total=0.00676 act_rate=-0.03348 contacts=-0.00407
[ACT_GREEDY] abs_mean=0.8282 abs_p95=2.3114 abs_p99=3.0788 abs_max=5.6359 legs=0.7542 waist=1.2444 arms=0.8024
[ACT_ROLLOUT] abs_mean=0.8948 abs_p95=2.3041 abs_p99=3.1004 abs_max=6.7395 abs_max_all=6.7395
[SAMPLER] top_bin=0 top_prob=0.509 peak_bin=0 failed_sum=1094.7073 entropy=0.7831
[TRAIN_BODY] torso_ori=16.73deg l_wrist_ori=22.39deg r_wrist_ori=29.78deg l_elbow_ori=19.65deg r_elbow_ori=27.35deg l_shoulder_ori=19.59deg r_shoulder_ori=22.62deg
[TRAIN_ANG] torso=4.757 l_wrist=7.612 r_wrist=10.275 l_elbow=6.655 r_elbow=9.205 l_shoulder=6.426 r_shoulder=7.634
[TRAIN_ACT] l_wrist_r=0.5169 l_wrist_p=0.7603 l_wrist_y=0.6460 r_wrist_r=0.6324 r_wrist_p=0.6735 r_wrist_y=0.5846 l_elbow=0.9942 r_elbow=0.6440
[UPDATE] 163/500 reward_step=0.00773 done_frac=0.14041 mean_reward=0.04680 mean_len=7.36
[FPO++] actor_loss=0.00189 value_loss=0.00074 ratio=0.9986 [0.853,1.179] clip_frac=0.2883 cfm_old=1.2241 cfm_new=1.2256 kl=0.000139 grad=0.3442 grad_c=0.0388 lr=0.000150 critic_lr=0.000173
[TRAIN] mean_reward=0.04680 mean_len=7.36 recent_eps=100 completed_eps=3645802
[UPDATE_EFFECT] action_delta=0.01332575 param_rms_delta=0.00023173
[TIME] collect=5.063s update=5.815s
[DONE] timeout=0.00000 anchor_pos=0.00000 anchor_ori=0.00134 ee_body=1.00000
[DONE_ROLLOUT] timeout=0.00000 anchor_pos=0.00000 anchor_ori=0.00006 ee_body=0.14041
[FIRST_FAILURE] step_mean=3.30 step_min=0 step_max=17 phase_mean=98.27 phase_min=5 phase_max=324 anchor_pos=0.00000 anchor_ori=0.00085 ee_body=0.99988 timeout=0.00000
[TRACK_CHUNK0] anchor_pos=0.91299 anchor_ori=0.56088 body_pos=0.88058 body_ori=0.47580 body_lin=0.21598 body_ang=0.04507
[TRACK_ROLLOUT] anchor_pos=0.91361 anchor_ori=0.56036 body_pos=0.88069 body_ori=0.47600 body_lin=0.21891 body_ang=0.04616
[TRAIN_COST] action_rate=16.38381 joint_limit=0.01303 undesired_contacts=2.05652
[REWARD_WEIGHTED] pos=0.04717 penalty=-0.03945 total=0.00773 act_rate=-0.03287 contacts=-0.00400
[ACT_GREEDY] abs_mean=0.8325 abs_p95=2.3261 abs_p99=3.0927 abs_max=5.8280 legs=0.7569 waist=1.2407 arms=0.8098
[ACT_ROLLOUT] abs_mean=0.8961 abs_p95=2.3127 abs_p99=3.1130 abs_max=6.5317 abs_max_all=6.5317
[SAMPLER] top_bin=0 top_prob=0.509 peak_bin=0 failed_sum=1096.0248 entropy=0.7829
[TRAIN_BODY] torso_ori=16.57deg l_wrist_ori=21.75deg r_wrist_ori=29.11deg l_elbow_ori=19.13deg r_elbow_ori=26.81deg l_shoulder_ori=19.48deg r_shoulder_ori=22.41deg
[TRAIN_ANG] torso=4.721 l_wrist=7.366 r_wrist=10.121 l_elbow=6.496 r_elbow=9.038 l_shoulder=6.409 r_shoulder=7.614
[TRAIN_ACT] l_wrist_r=0.5214 l_wrist_p=0.7678 l_wrist_y=0.6532 r_wrist_r=0.6282 r_wrist_p=0.6780 r_wrist_y=0.5795 l_elbow=1.0078 r_elbow=0.6464
[UPDATE] 164/500 reward_step=0.00831 done_frac=0.14044 mean_reward=0.05336 mean_len=6.93
[FPO++] actor_loss=-0.00110 value_loss=0.00073 ratio=0.9988 [0.914,1.065] clip_frac=0.1763 cfm_old=1.2116 cfm_new=1.2128 kl=0.000074 grad=0.1900 grad_c=0.0411 lr=0.000506 critic_lr=0.000585
[TRAIN] mean_reward=0.05336 mean_len=6.93 recent_eps=100 completed_eps=3673413
[UPDATE_EFFECT] action_delta=0.01198735 param_rms_delta=0.00034209
[TIME] collect=5.145s update=5.813s
[DONE] timeout=0.00000 anchor_pos=0.00000 anchor_ori=0.00146 ee_body=1.00000
[DONE_ROLLOUT] timeout=0.00000 anchor_pos=0.00000 anchor_ori=0.00006 ee_body=0.14042
[FIRST_FAILURE] step_mean=3.30 step_min=0 step_max=17 phase_mean=98.35 phase_min=5 phase_max=324 anchor_pos=0.00000 anchor_ori=0.00061 ee_body=0.99963 timeout=0.00000
[TRACK_CHUNK0] anchor_pos=0.91235 anchor_ori=0.55715 body_pos=0.87923 body_ori=0.47305 body_lin=0.21662 body_ang=0.04643
[TRACK_ROLLOUT] anchor_pos=0.91322 anchor_ori=0.56311 body_pos=0.88043 body_ori=0.47724 body_lin=0.22080 body_ang=0.04745
[TRAIN_COST] action_rate=16.18931 joint_limit=0.01276 undesired_contacts=2.01672
[REWARD_WEIGHTED] pos=0.04728 penalty=-0.03897 total=0.00831 act_rate=-0.03238 contacts=-0.00403
[ACT_GREEDY] abs_mean=0.8354 abs_p95=2.3278 abs_p99=3.0960 abs_max=5.8056 legs=0.7608 waist=1.2307 arms=0.8145
[ACT_ROLLOUT] abs_mean=0.9003 abs_p95=2.3256 abs_p99=3.1317 abs_max=6.4946 abs_max_all=6.4946
[SAMPLER] top_bin=0 top_prob=0.510 peak_bin=0 failed_sum=1097.3163 entropy=0.7825
[TRAIN_BODY] torso_ori=16.76deg l_wrist_ori=21.88deg r_wrist_ori=28.93deg l_elbow_ori=19.21deg r_elbow_ori=26.60deg l_shoulder_ori=19.56deg r_shoulder_ori=22.50deg
[TRAIN_ANG] torso=4.739 l_wrist=7.366 r_wrist=10.006 l_elbow=6.443 r_elbow=8.940 l_shoulder=6.338 r_shoulder=7.572
[TRAIN_ACT] l_wrist_r=0.5276 l_wrist_p=0.7934 l_wrist_y=0.6533 r_wrist_r=0.6238 r_wrist_p=0.6844 r_wrist_y=0.5808 l_elbow=1.0212 r_elbow=0.6474
[UPDATE] 165/500 reward_step=0.00893 done_frac=0.13897 mean_reward=0.07751 mean_len=7.40
[FPO++] actor_loss=-0.00062 value_loss=0.00073 ratio=0.9990 [0.924,1.073] clip_frac=0.1769 cfm_old=1.2014 cfm_new=1.2024 kl=0.000088 grad=0.1802 grad_c=0.0444 lr=0.000506 critic_lr=0.000585
[TRAIN] mean_reward=0.07751 mean_len=7.40 recent_eps=100 completed_eps=3700735
[UPDATE_EFFECT] action_delta=0.01097187 param_rms_delta=0.00040306
[TIME] collect=5.155s update=5.811s
[DONE] timeout=0.00000 anchor_pos=0.00000 anchor_ori=0.00171 ee_body=1.00000
[DONE_ROLLOUT] timeout=0.00000 anchor_pos=0.00000 anchor_ori=0.00007 ee_body=0.13896
[FIRST_FAILURE] step_mean=3.41 step_min=0 step_max=17 phase_mean=99.26 phase_min=5 phase_max=323 anchor_pos=0.00000 anchor_ori=0.00085 ee_body=0.99988 timeout=0.00000
[TRACK_CHUNK0] anchor_pos=0.91432 anchor_ori=0.56342 body_pos=0.88104 body_ori=0.47638 body_lin=0.22433 body_ang=0.04711
[TRACK_ROLLOUT] anchor_pos=0.91362 anchor_ori=0.56488 body_pos=0.88109 body_ori=0.47832 body_lin=0.22354 body_ang=0.04912
[TRAIN_COST] action_rate=15.95103 joint_limit=0.01238 undesired_contacts=1.99622
[REWARD_WEIGHTED] pos=0.04743 penalty=-0.03850 total=0.00893 act_rate=-0.03196 contacts=-0.00403
[ACT_GREEDY] abs_mean=0.8404 abs_p95=2.3374 abs_p99=3.1167 abs_max=6.0720 legs=0.7684 waist=1.2262 arms=0.8194
[ACT_ROLLOUT] abs_mean=0.9008 abs_p95=2.3285 abs_p99=3.1293 abs_max=6.7590 abs_max_all=6.7590
[SAMPLER] top_bin=0 top_prob=0.510 peak_bin=0 failed_sum=1098.2915 entropy=0.7822
[TRAIN_BODY] torso_ori=16.56deg l_wrist_ori=21.73deg r_wrist_ori=28.73deg l_elbow_ori=18.87deg r_elbow_ori=26.23deg l_shoulder_ori=19.22deg r_shoulder_ori=22.29deg
[TRAIN_ANG] torso=4.686 l_wrist=7.233 r_wrist=9.865 l_elbow=6.295 r_elbow=8.759 l_shoulder=6.252 r_shoulder=7.506
[TRAIN_ACT] l_wrist_r=0.5249 l_wrist_p=0.7987 l_wrist_y=0.6647 r_wrist_r=0.6157 r_wrist_p=0.6919 r_wrist_y=0.5876 l_elbow=1.0098 r_elbow=0.6491
[UPDATE] 166/500 reward_step=0.00961 done_frac=0.13904 mean_reward=0.08654 mean_len=7.46
[FPO++] actor_loss=-0.00039 value_loss=0.00074 ratio=0.9988 [0.907,1.080] clip_frac=0.2198 cfm_old=1.1904 cfm_new=1.1917 kl=0.000116 grad=0.2180 grad_c=0.0568 lr=0.000506 critic_lr=0.000585
[TRAIN] mean_reward=0.08654 mean_len=7.46 recent_eps=100 completed_eps=3728072
[UPDATE_EFFECT] action_delta=0.01414732 param_rms_delta=0.00042019
[TIME] collect=5.133s update=5.813s
[DONE] timeout=0.00000 anchor_pos=0.00000 anchor_ori=0.00098 ee_body=1.00000
[DONE_ROLLOUT] timeout=0.00000 anchor_pos=0.00000 anchor_ori=0.00004 ee_body=0.13903
[FIRST_FAILURE] step_mean=3.32 step_min=0 step_max=19 phase_mean=99.29 phase_min=5 phase_max=323 anchor_pos=0.00000 anchor_ori=0.00073 ee_body=0.99976 timeout=0.00000
[TRACK_CHUNK0] anchor_pos=0.91181 anchor_ori=0.55828 body_pos=0.87842 body_ori=0.47397 body_lin=0.21915 body_ang=0.04869
[TRACK_ROLLOUT] anchor_pos=0.91356 anchor_ori=0.56721 body_pos=0.88107 body_ori=0.47881 body_lin=0.22517 body_ang=0.05031
[TRAIN_COST] action_rate=15.75084 joint_limit=0.01218 undesired_contacts=2.02502
[REWARD_WEIGHTED] pos=0.04752 penalty=-0.03791 total=0.00961 act_rate=-0.03143 contacts=-0.00401
[ACT_GREEDY] abs_mean=0.8530 abs_p95=2.3596 abs_p99=3.1364 abs_max=6.3118 legs=0.7791 waist=1.2294 arms=0.8357
[ACT_ROLLOUT] abs_mean=0.9016 abs_p95=2.3313 abs_p99=3.1329 abs_max=7.1239 abs_max_all=7.1239
[SAMPLER] top_bin=0 top_prob=0.510 peak_bin=0 failed_sum=1099.2581 entropy=0.7820
[TRAIN_BODY] torso_ori=16.78deg l_wrist_ori=21.74deg r_wrist_ori=28.68deg l_elbow_ori=19.07deg r_elbow_ori=26.14deg l_shoulder_ori=19.65deg r_shoulder_ori=22.41deg
[TRAIN_ANG] torso=4.698 l_wrist=7.219 r_wrist=9.876 l_elbow=6.369 r_elbow=8.773 l_shoulder=6.355 r_shoulder=7.552
[TRAIN_ACT] l_wrist_r=0.5389 l_wrist_p=0.8382 l_wrist_y=0.6855 r_wrist_r=0.6318 r_wrist_p=0.7005 r_wrist_y=0.6008 l_elbow=1.0572 r_elbow=0.6508
[UPDATE] 167/500 reward_step=0.01040 done_frac=0.13747 mean_reward=0.07108 mean_len=7.33
[FPO++] actor_loss=-0.00039 value_loss=0.00072 ratio=0.9990 [0.940,1.049] clip_frac=0.1389 cfm_old=1.1769 cfm_new=1.1779 kl=0.000067 grad=0.1306 grad_c=0.0424 lr=0.000506 critic_lr=0.000585
[TRAIN] mean_reward=0.07108 mean_len=7.33 recent_eps=100 completed_eps=3755100
[UPDATE_EFFECT] action_delta=0.00873232 param_rms_delta=0.00039382
[TIME] collect=5.104s update=5.809s
[DONE] timeout=0.00000 anchor_pos=0.00000 anchor_ori=0.00220 ee_body=1.00000
[DONE_ROLLOUT] timeout=0.00000 anchor_pos=0.00000 anchor_ori=0.00009 ee_body=0.13746
[FIRST_FAILURE] step_mean=3.42 step_min=0 step_max=16 phase_mean=98.72 phase_min=5 phase_max=324 anchor_pos=0.00000 anchor_ori=0.00110 ee_body=0.99988 timeout=0.00000
[TRACK_CHUNK0] anchor_pos=0.91375 anchor_ori=0.57059 body_pos=0.88138 body_ori=0.48025 body_lin=0.22650 body_ang=0.05100
[TRACK_ROLLOUT] anchor_pos=0.91302 anchor_ori=0.57049 body_pos=0.88110 body_ori=0.48051 body_lin=0.22824 body_ang=0.05249
[TRAIN_COST] action_rate=15.42310 joint_limit=0.01213 undesired_contacts=2.03198
[REWARD_WEIGHTED] pos=0.04768 penalty=-0.03728 total=0.01040 act_rate=-0.03087 contacts=-0.00400
[ACT_GREEDY] abs_mean=0.8461 abs_p95=2.3531 abs_p99=3.1323 abs_max=5.7892 legs=0.7725 waist=1.2268 arms=0.8275
[ACT_ROLLOUT] abs_mean=0.9030 abs_p95=2.3370 abs_p99=3.1436 abs_max=6.6841 abs_max_all=6.6841
[SAMPLER] top_bin=0 top_prob=0.511 peak_bin=0 failed_sum=1099.8961 entropy=0.7816
[TRAIN_BODY] torso_ori=16.19deg l_wrist_ori=21.50deg r_wrist_ori=28.91deg l_elbow_ori=18.71deg r_elbow_ori=26.25deg l_shoulder_ori=19.08deg r_shoulder_ori=22.13deg
[TRAIN_ANG] torso=4.608 l_wrist=7.144 r_wrist=9.866 l_elbow=6.255 r_elbow=8.747 l_shoulder=6.173 r_shoulder=7.467
[TRAIN_ACT] l_wrist_r=0.5275 l_wrist_p=0.8246 l_wrist_y=0.6820 r_wrist_r=0.6329 r_wrist_p=0.6821 r_wrist_y=0.5805 l_elbow=1.0310 r_elbow=0.6468
[UPDATE] 168/500 reward_step=0.01078 done_frac=0.13741 mean_reward=0.09037 mean_len=7.55
[FPO++] actor_loss=-0.00111 value_loss=0.00074 ratio=0.9991 [0.929,1.058] clip_frac=0.1424 cfm_old=1.1693 cfm_new=1.1702 kl=0.000065 grad=0.1333 grad_c=0.0340 lr=0.000506 critic_lr=0.000585
[TRAIN] mean_reward=0.09037 mean_len=7.55 recent_eps=100 completed_eps=3782116
[UPDATE_EFFECT] action_delta=0.00978635 param_rms_delta=0.00039838
[TIME] collect=5.047s update=5.811s
[DONE] timeout=0.00000 anchor_pos=0.00000 anchor_ori=0.00208 ee_body=1.00000
[DONE_ROLLOUT] timeout=0.00000 anchor_pos=0.00000 anchor_ori=0.00009 ee_body=0.13741
[FIRST_FAILURE] step_mean=3.41 step_min=0 step_max=21 phase_mean=99.25 phase_min=6 phase_max=324 anchor_pos=0.00000 anchor_ori=0.00098 ee_body=1.00000 timeout=0.00000
[TRACK_CHUNK0] anchor_pos=0.91415 anchor_ori=0.56743 body_pos=0.88160 body_ori=0.48075 body_lin=0.22426 body_ang=0.05215
[TRACK_ROLLOUT] anchor_pos=0.91355 anchor_ori=0.57027 body_pos=0.88060 body_ori=0.48078 body_lin=0.22805 body_ang=0.05311
[TRAIN_COST] action_rate=15.21399 joint_limit=0.01214 undesired_contacts=2.00842
[REWARD_WEIGHTED] pos=0.04769 penalty=-0.03690 total=0.01078 act_rate=-0.03048 contacts=-0.00402
[ACT_GREEDY] abs_mean=0.8569 abs_p95=2.3708 abs_p99=3.1534 abs_max=6.4995 legs=0.7864 waist=1.2233 arms=0.8389
[ACT_ROLLOUT] abs_mean=0.9046 abs_p95=2.3430 abs_p99=3.1486 abs_max=6.7345 abs_max_all=6.7345
[SAMPLER] top_bin=0 top_prob=0.511 peak_bin=0 failed_sum=1100.5076 entropy=0.7813
[TRAIN_BODY] torso_ori=16.36deg l_wrist_ori=21.56deg r_wrist_ori=28.31deg l_elbow_ori=18.76deg r_elbow_ori=25.62deg l_shoulder_ori=18.98deg r_shoulder_ori=21.98deg
[TRAIN_ANG] torso=4.646 l_wrist=7.085 r_wrist=9.691 l_elbow=6.203 r_elbow=8.601 l_shoulder=6.180 r_shoulder=7.409
[TRAIN_ACT] l_wrist_r=0.5369 l_wrist_p=0.8456 l_wrist_y=0.7072 r_wrist_r=0.6421 r_wrist_p=0.7011 r_wrist_y=0.5984 l_elbow=1.0399 r_elbow=0.6382
[UPDATE] 169/500 reward_step=0.01149 done_frac=0.13642 mean_reward=0.08486 mean_len=7.20
[FPO++] actor_loss=-0.00095 value_loss=0.00073 ratio=0.9991 [0.927,1.054] clip_frac=0.1437 cfm_old=1.1577 cfm_new=1.1587 kl=0.000068 grad=0.1421 grad_c=0.0397 lr=0.000506 critic_lr=0.000585
[TRAIN] mean_reward=0.08486 mean_len=7.20 recent_eps=100 completed_eps=3808937
[UPDATE_EFFECT] action_delta=0.01001810 param_rms_delta=0.00039933
[TIME] collect=5.040s update=5.811s
[DONE] timeout=0.00000 anchor_pos=0.00000 anchor_ori=0.00244 ee_body=0.99988
[DONE_ROLLOUT] timeout=0.00000 anchor_pos=0.00000 anchor_ori=0.00010 ee_body=0.13641
[FIRST_FAILURE] step_mean=3.49 step_min=0 step_max=18 phase_mean=99.02 phase_min=4 phase_max=324 anchor_pos=0.00000 anchor_ori=0.00122 ee_body=0.99988 timeout=0.00000
[TRACK_CHUNK0] anchor_pos=0.91435 anchor_ori=0.57144 body_pos=0.88107 body_ori=0.48247 body_lin=0.23130 body_ang=0.05395
[TRACK_ROLLOUT] anchor_pos=0.91418 anchor_ori=0.57395 body_pos=0.88130 body_ori=0.48301 body_lin=0.23033 body_ang=0.05493
[TRAIN_COST] action_rate=14.93587 joint_limit=0.01208 undesired_contacts=1.98218
[REWARD_WEIGHTED] pos=0.04787 penalty=-0.03638 total=0.01149 act_rate=-0.03000 contacts=-0.00402
[ACT_GREEDY] abs_mean=0.8533 abs_p95=2.3675 abs_p99=3.1584 abs_max=6.1040 legs=0.7803 waist=1.1994 arms=0.8416
[ACT_ROLLOUT] abs_mean=0.9057 abs_p95=2.3475 abs_p99=3.1618 abs_max=7.6140 abs_max_all=7.6140
[SAMPLER] top_bin=0 top_prob=0.511 peak_bin=0 failed_sum=1100.9120 entropy=0.7810
[TRAIN_BODY] torso_ori=16.22deg l_wrist_ori=21.50deg r_wrist_ori=28.48deg l_elbow_ori=18.78deg r_elbow_ori=25.80deg l_shoulder_ori=19.03deg r_shoulder_ori=22.00deg
[TRAIN_ANG] torso=4.550 l_wrist=7.111 r_wrist=9.645 l_elbow=6.221 r_elbow=8.546 l_shoulder=6.082 r_shoulder=7.322
[TRAIN_ACT] l_wrist_r=0.5418 l_wrist_p=0.8576 l_wrist_y=0.7062 r_wrist_r=0.6357 r_wrist_p=0.6946 r_wrist_y=0.6075 l_elbow=1.0478 r_elbow=0.6488
[UPDATE] 170/500 reward_step=0.01218 done_frac=0.13559 mean_reward=0.09983 mean_len=7.32
[FPO++] actor_loss=0.00021 value_loss=0.00074 ratio=0.9990 [0.910,1.056] clip_frac=0.1556 cfm_old=1.1457 cfm_new=1.1467 kl=0.000072 grad=0.1620 grad_c=0.0396 lr=0.000506 critic_lr=0.000585
[TRAIN] mean_reward=0.09983 mean_len=7.32 recent_eps=100 completed_eps=3835596
[UPDATE_EFFECT] action_delta=0.01015099 param_rms_delta=0.00039699
[TIME] collect=5.085s update=5.814s
[DONE] timeout=0.00000 anchor_pos=0.00000 anchor_ori=0.00208 ee_body=1.00000
[DONE_ROLLOUT] timeout=0.00000 anchor_pos=0.00000 anchor_ori=0.00009 ee_body=0.13559
[FIRST_FAILURE] step_mean=3.47 step_min=0 step_max=18 phase_mean=99.22 phase_min=5 phase_max=324 anchor_pos=0.00000 anchor_ori=0.00085 ee_body=0.99988 timeout=0.00000
[TRACK_CHUNK0] anchor_pos=0.91173 anchor_ori=0.56760 body_pos=0.87879 body_ori=0.47963 body_lin=0.22800 body_ang=0.05510
[TRACK_ROLLOUT] anchor_pos=0.91377 anchor_ori=0.57509 body_pos=0.88113 body_ori=0.48388 body_lin=0.23343 body_ang=0.05683
[TRAIN_COST] action_rate=14.67445 joint_limit=0.01146 undesired_contacts=2.01160
[REWARD_WEIGHTED] pos=0.04799 penalty=-0.03581 total=0.01218 act_rate=-0.02952 contacts=-0.00399
[ACT_GREEDY] abs_mean=0.8605 abs_p95=2.3916 abs_p99=3.1876 abs_max=6.0564 legs=0.7925 waist=1.2055 arms=0.8449
[ACT_ROLLOUT] abs_mean=0.9069 abs_p95=2.3539 abs_p99=3.1678 abs_max=6.3187 abs_max_all=6.3187
[SAMPLER] top_bin=0 top_prob=0.512 peak_bin=0 failed_sum=1101.1458 entropy=0.7808
[TRAIN_BODY] torso_ori=16.38deg l_wrist_ori=21.31deg r_wrist_ori=28.51deg l_elbow_ori=18.55deg r_elbow_ori=25.79deg l_shoulder_ori=19.28deg r_shoulder_ori=22.39deg
[TRAIN_ANG] torso=4.563 l_wrist=6.990 r_wrist=9.755 l_elbow=6.116 r_elbow=8.701 l_shoulder=6.131 r_shoulder=7.439
[TRAIN_ACT] l_wrist_r=0.5437 l_wrist_p=0.8673 l_wrist_y=0.7138 r_wrist_r=0.6315 r_wrist_p=0.7013 r_wrist_y=0.6065 l_elbow=1.0392 r_elbow=0.6431
[UPDATE] 171/500 reward_step=0.01291 done_frac=0.13422 mean_reward=0.11572 mean_len=7.51
[FPO++] actor_loss=-0.00125 value_loss=0.00075 ratio=0.9990 [0.924,1.065] clip_frac=0.1661 cfm_old=1.1342 cfm_new=1.1352 kl=0.000072 grad=0.1850 grad_c=0.0423 lr=0.000506 critic_lr=0.000585
[TRAIN] mean_reward=0.11572 mean_len=7.51 recent_eps=100 completed_eps=3861984
[UPDATE_EFFECT] action_delta=0.01063322 param_rms_delta=0.00039254
[TIME] collect=5.125s update=5.815s
[DONE] timeout=0.00000 anchor_pos=0.00000 anchor_ori=0.00317 ee_body=1.00000
[DONE_ROLLOUT] timeout=0.00000 anchor_pos=0.00000 anchor_ori=0.00013 ee_body=0.13422
[FIRST_FAILURE] step_mean=3.59 step_min=0 step_max=19 phase_mean=100.16 phase_min=5 phase_max=324 anchor_pos=0.00000 anchor_ori=0.00159 ee_body=1.00000 timeout=0.00000
[TRACK_CHUNK0] anchor_pos=0.91378 anchor_ori=0.57700 body_pos=0.88102 body_ori=0.48399 body_lin=0.23616 body_ang=0.05797
[TRACK_ROLLOUT] anchor_pos=0.91360 anchor_ori=0.57857 body_pos=0.88127 body_ori=0.48543 body_lin=0.23634 body_ang=0.05894
[TRAIN_COST] action_rate=14.63416 joint_limit=0.01106 undesired_contacts=1.96704
[REWARD_WEIGHTED] pos=0.04816 penalty=-0.03525 total=0.01291 act_rate=-0.02902 contacts=-0.00397
[ACT_GREEDY] abs_mean=0.8645 abs_p95=2.3978 abs_p99=3.1908 abs_max=6.0372 legs=0.7993 waist=1.1816 arms=0.8523
[ACT_ROLLOUT] abs_mean=0.9081 abs_p95=2.3587 abs_p99=3.1725 abs_max=6.8048 abs_max_all=6.8048
[SAMPLER] top_bin=0 top_prob=0.512 peak_bin=0 failed_sum=1101.1069 entropy=0.7806
[TRAIN_BODY] torso_ori=16.08deg l_wrist_ori=21.23deg r_wrist_ori=27.97deg l_elbow_ori=18.51deg r_elbow_ori=25.21deg l_shoulder_ori=18.91deg r_shoulder_ori=22.06deg
[TRAIN_ANG] torso=4.494 l_wrist=6.947 r_wrist=9.555 l_elbow=6.106 r_elbow=8.460 l_shoulder=6.029 r_shoulder=7.265
[TRAIN_ACT] l_wrist_r=0.5366 l_wrist_p=0.8811 l_wrist_y=0.7031 r_wrist_r=0.6408 r_wrist_p=0.7008 r_wrist_y=0.6233 l_elbow=1.0526 r_elbow=0.6479
[UPDATE] 172/500 reward_step=0.01349 done_frac=0.13333 mean_reward=0.11761 mean_len=7.91
[FPO++] actor_loss=-0.00039 value_loss=0.00075 ratio=0.9989 [0.923,1.060] clip_frac=0.1674 cfm_old=1.1262 cfm_new=1.1273 kl=0.000079 grad=0.1784 grad_c=0.0301 lr=0.000506 critic_lr=0.000585
[TRAIN] mean_reward=0.11761 mean_len=7.91 recent_eps=100 completed_eps=3888197
[UPDATE_EFFECT] action_delta=0.01011359 param_rms_delta=0.00039412
[TIME] collect=5.054s update=5.814s
[DONE] timeout=0.00000 anchor_pos=0.00000 anchor_ori=0.00293 ee_body=1.00000
[DONE_ROLLOUT] timeout=0.00000 anchor_pos=0.00000 anchor_ori=0.00012 ee_body=0.13332
[FIRST_FAILURE] step_mean=3.63 step_min=0 step_max=21 phase_mean=101.74 phase_min=5 phase_max=324 anchor_pos=0.00000 anchor_ori=0.00098 ee_body=0.99988 timeout=0.00000
[TRACK_CHUNK0] anchor_pos=0.91504 anchor_ori=0.57911 body_pos=0.88261 body_ori=0.48362 body_lin=0.23647 body_ang=0.05842
[TRACK_ROLLOUT] anchor_pos=0.91386 anchor_ori=0.57914 body_pos=0.88090 body_ori=0.48480 body_lin=0.23863 body_ang=0.06021
[TRAIN_COST] action_rate=14.38038 joint_limit=0.01097 undesired_contacts=1.94165
[REWARD_WEIGHTED] pos=0.04822 penalty=-0.03473 total=0.01349 act_rate=-0.02858 contacts=-0.00393
[ACT_GREEDY] abs_mean=0.8657 abs_p95=2.3889 abs_p99=3.1977 abs_max=5.9658 legs=0.8002 waist=1.1775 arms=0.8549
[ACT_ROLLOUT] abs_mean=0.9098 abs_p95=2.3655 abs_p99=3.1803 abs_max=6.5709 abs_max_all=6.5709
[SAMPLER] top_bin=0 top_prob=0.512 peak_bin=0 failed_sum=1100.8965 entropy=0.7804
[TRAIN_BODY] torso_ori=15.82deg l_wrist_ori=21.18deg r_wrist_ori=28.15deg l_elbow_ori=18.44deg r_elbow_ori=25.37deg l_shoulder_ori=18.71deg r_shoulder_ori=21.97deg
[TRAIN_ANG] torso=4.432 l_wrist=6.984 r_wrist=9.580 l_elbow=6.092 r_elbow=8.471 l_shoulder=5.993 r_shoulder=7.253
[TRAIN_ACT] l_wrist_r=0.5434 l_wrist_p=0.8915 l_wrist_y=0.7099 r_wrist_r=0.6513 r_wrist_p=0.6804 r_wrist_y=0.6210 l_elbow=1.0408 r_elbow=0.6368
[UPDATE] 173/500 reward_step=0.01411 done_frac=0.13238 mean_reward=0.09330 mean_len=7.12
[FPO++] actor_loss=-0.00067 value_loss=0.00074 ratio=0.9991 [0.934,1.062] clip_frac=0.1510 cfm_old=1.1155 cfm_new=1.1165 kl=0.000078 grad=0.1485 grad_c=0.0238 lr=0.000506 critic_lr=0.000585
[TRAIN] mean_reward=0.09330 mean_len=7.12 recent_eps=100 completed_eps=3914223
[UPDATE_EFFECT] action_delta=0.00924365 param_rms_delta=0.00039464
[TIME] collect=5.069s update=5.814s
[DONE] timeout=0.00000 anchor_pos=0.00000 anchor_ori=0.00220 ee_body=1.00000
[DONE_ROLLOUT] timeout=0.00000 anchor_pos=0.00000 anchor_ori=0.00009 ee_body=0.13238
[FIRST_FAILURE] step_mean=3.68 step_min=0 step_max=22 phase_mean=100.50 phase_min=5 phase_max=322 anchor_pos=0.00000 anchor_ori=0.00110 ee_body=1.00000 timeout=0.00000
[TRACK_CHUNK0] anchor_pos=0.91415 anchor_ori=0.58119 body_pos=0.88101 body_ori=0.48655 body_lin=0.23958 body_ang=0.06148
[TRACK_ROLLOUT] anchor_pos=0.91359 anchor_ori=0.58230 body_pos=0.88120 body_ori=0.48645 body_lin=0.24120 body_ang=0.06214
[TRAIN_COST] action_rate=14.02354 joint_limit=0.01115 undesired_contacts=1.95813
[REWARD_WEIGHTED] pos=0.04838 penalty=-0.03427 total=0.01411 act_rate=-0.02816 contacts=-0.00391
[ACT_GREEDY] abs_mean=0.8672 abs_p95=2.3918 abs_p99=3.1946 abs_max=6.1786 legs=0.8060 waist=1.1609 arms=0.8566
[ACT_ROLLOUT] abs_mean=0.9092 abs_p95=2.3644 abs_p99=3.1806 abs_max=6.5888 abs_max_all=6.5888
[SAMPLER] top_bin=0 top_prob=0.513 peak_bin=0 failed_sum=1100.5063 entropy=0.7802
[TRAIN_BODY] torso_ori=15.94deg l_wrist_ori=21.01deg r_wrist_ori=27.90deg l_elbow_ori=18.44deg r_elbow_ori=25.03deg l_shoulder_ori=18.70deg r_shoulder_ori=22.07deg
[TRAIN_ANG] torso=4.395 l_wrist=6.897 r_wrist=9.481 l_elbow=6.028 r_elbow=8.394 l_shoulder=5.949 r_shoulder=7.262
[TRAIN_ACT] l_wrist_r=0.5376 l_wrist_p=0.8938 l_wrist_y=0.7245 r_wrist_r=0.6579 r_wrist_p=0.7016 r_wrist_y=0.6235 l_elbow=1.0368 r_elbow=0.6389
[UPDATE] 174/500 reward_step=0.01478 done_frac=0.13098 mean_reward=0.09604 mean_len=7.26
[FPO++] actor_loss=-0.00011 value_loss=0.00076 ratio=0.9991 [0.931,1.073] clip_frac=0.1494 cfm_old=1.1034 cfm_new=1.1043 kl=0.000075 grad=0.1596 grad_c=0.0285 lr=0.000506 critic_lr=0.000585
[TRAIN] mean_reward=0.09604 mean_len=7.26 recent_eps=100 completed_eps=3939975
[UPDATE_EFFECT] action_delta=0.01082270 param_rms_delta=0.00039012
[TIME] collect=4.998s update=5.815s
[DONE] timeout=0.00000 anchor_pos=0.00000 anchor_ori=0.00195 ee_body=0.99988
[DONE_ROLLOUT] timeout=0.00000 anchor_pos=0.00000 anchor_ori=0.00008 ee_body=0.13098
[FIRST_FAILURE] step_mean=3.69 step_min=0 step_max=23 phase_mean=99.93 phase_min=5 phase_max=324 anchor_pos=0.00000 anchor_ori=0.00085 ee_body=0.99976 timeout=0.00000
[TRACK_CHUNK0] anchor_pos=0.91293 anchor_ori=0.58230 body_pos=0.88034 body_ori=0.48408 body_lin=0.24161 body_ang=0.06296
[TRACK_ROLLOUT] anchor_pos=0.91403 anchor_ori=0.58468 body_pos=0.88136 body_ori=0.48691 body_lin=0.24421 body_ang=0.06432
[TRAIN_COST] action_rate=13.92136 joint_limit=0.01097 undesired_contacts=1.96936
[REWARD_WEIGHTED] pos=0.04852 penalty=-0.03375 total=0.01478 act_rate=-0.02771 contacts=-0.00390
[ACT_GREEDY] abs_mean=0.8705 abs_p95=2.4054 abs_p99=3.2078 abs_max=5.6784 legs=0.8072 waist=1.1472 arms=0.8655
[ACT_ROLLOUT] abs_mean=0.9104 abs_p95=2.3659 abs_p99=3.1806 abs_max=6.7982 abs_max_all=6.7982
[SAMPLER] top_bin=0 top_prob=0.513 peak_bin=0 failed_sum=1099.8535 entropy=0.7801
[TRAIN_BODY] torso_ori=15.87deg l_wrist_ori=21.14deg r_wrist_ori=28.09deg l_elbow_ori=18.60deg r_elbow_ori=25.12deg l_shoulder_ori=18.91deg r_shoulder_ori=22.19deg
[TRAIN_ANG] torso=4.336 l_wrist=6.843 r_wrist=9.439 l_elbow=6.001 r_elbow=8.378 l_shoulder=5.929 r_shoulder=7.213
[TRAIN_ACT] l_wrist_r=0.5374 l_wrist_p=0.9147 l_wrist_y=0.7070 r_wrist_r=0.6542 r_wrist_p=0.7122 r_wrist_y=0.6312 l_elbow=1.0605 r_elbow=0.6403
[UPDATE] 175/500 reward_step=0.01530 done_frac=0.12985 mean_reward=0.11911 mean_len=7.33
[FPO++] actor_loss=0.00114 value_loss=0.00079 ratio=0.9987 [0.846,1.103] clip_frac=0.2491 cfm_old=1.0950 cfm_new=1.0964 kl=0.000114 grad=0.3404 grad_c=0.0173 lr=0.000506 critic_lr=0.000585
[TRAIN] mean_reward=0.11911 mean_len=7.33 recent_eps=100 completed_eps=3965505
[UPDATE_EFFECT] action_delta=0.01029945 param_rms_delta=0.00039558
[TIME] collect=5.008s update=5.813s
[DONE] timeout=0.00000 anchor_pos=0.00000 anchor_ori=0.00281 ee_body=1.00000
[DONE_ROLLOUT] timeout=0.00000 anchor_pos=0.00000 anchor_ori=0.00012 ee_body=0.12983
[FIRST_FAILURE] step_mean=3.76 step_min=0 step_max=23 phase_mean=100.37 phase_min=5 phase_max=324 anchor_pos=0.00000 anchor_ori=0.00146 ee_body=0.99976 timeout=0.00000
[TRACK_CHUNK0] anchor_pos=0.91331 anchor_ori=0.58497 body_pos=0.87970 body_ori=0.48683 body_lin=0.24507 body_ang=0.06580
[TRACK_ROLLOUT] anchor_pos=0.91342 anchor_ori=0.58827 body_pos=0.88123 body_ori=0.48818 body_lin=0.24750 body_ang=0.06639
[TRAIN_COST] action_rate=13.62927 joint_limit=0.01064 undesired_contacts=1.94385
[REWARD_WEIGHTED] pos=0.04868 penalty=-0.03338 total=0.01530 act_rate=-0.02738 contacts=-0.00390
[ACT_GREEDY] abs_mean=0.8717 abs_p95=2.4022 abs_p99=3.2092 abs_max=5.6272 legs=0.8114 waist=1.1317 arms=0.8677
[ACT_ROLLOUT] abs_mean=0.9124 abs_p95=2.3755 abs_p99=3.1971 abs_max=6.7217 abs_max_all=6.7217
[SAMPLER] top_bin=0 top_prob=0.513 peak_bin=0 failed_sum=1098.9966 entropy=0.7800
[TRAIN_BODY] torso_ori=15.78deg l_wrist_ori=21.03deg r_wrist_ori=27.68deg l_elbow_ori=18.61deg r_elbow_ori=24.83deg l_shoulder_ori=18.70deg r_shoulder_ori=22.17deg
[TRAIN_ANG] torso=4.325 l_wrist=6.827 r_wrist=9.320 l_elbow=5.981 r_elbow=8.201 l_shoulder=5.889 r_shoulder=7.084
[TRAIN_ACT] l_wrist_r=0.5370 l_wrist_p=0.9216 l_wrist_y=0.7289 r_wrist_r=0.6570 r_wrist_p=0.7120 r_wrist_y=0.6333 l_elbow=1.0628 r_elbow=0.6350
[UPDATE] 176/500 reward_step=0.01579 done_frac=0.12899 mean_reward=0.12608 mean_len=7.68
[FPO++] actor_loss=-0.00018 value_loss=0.00079 ratio=0.9991 [0.921,1.060] clip_frac=0.1681 cfm_old=1.0859 cfm_new=1.0869 kl=0.000086 grad=0.1921 grad_c=0.0261 lr=0.000506 critic_lr=0.000585
[TRAIN] mean_reward=0.12608 mean_len=7.68 recent_eps=100 completed_eps=3990866
[UPDATE_EFFECT] action_delta=0.01047325 param_rms_delta=0.00038573
[TIME] collect=5.000s update=5.813s
[DONE] timeout=0.00000 anchor_pos=0.00000 anchor_ori=0.00330 ee_body=1.00000
[DONE_ROLLOUT] timeout=0.00000 anchor_pos=0.00000 anchor_ori=0.00014 ee_body=0.12897
[FIRST_FAILURE] step_mean=3.82 step_min=0 step_max=21 phase_mean=101.69 phase_min=5 phase_max=324 anchor_pos=0.00000 anchor_ori=0.00195 ee_body=0.99976 timeout=0.00000
[TRACK_CHUNK0] anchor_pos=0.91333 anchor_ori=0.58305 body_pos=0.88070 body_ori=0.48501 body_lin=0.24611 body_ang=0.06735
[TRACK_ROLLOUT] anchor_pos=0.91287 anchor_ori=0.59044 body_pos=0.88088 body_ori=0.48758 body_lin=0.24961 body_ang=0.06820
[TRAIN_COST] action_rate=13.53791 joint_limit=0.01033 undesired_contacts=1.94861
[REWARD_WEIGHTED] pos=0.04876 penalty=-0.03297 total=0.01579 act_rate=-0.02699 contacts=-0.00389
[ACT_GREEDY] abs_mean=0.8783 abs_p95=2.4173 abs_p99=3.2297 abs_max=5.8967 legs=0.8194 waist=1.1322 arms=0.8744
[ACT_ROLLOUT] abs_mean=0.9118 abs_p95=2.3714 abs_p99=3.1892 abs_max=6.7185 abs_max_all=6.7185
[SAMPLER] top_bin=0 top_prob=0.513 peak_bin=0 failed_sum=1097.9934 entropy=0.7798
[TRAIN_BODY] torso_ori=15.86deg l_wrist_ori=20.81deg r_wrist_ori=27.69deg l_elbow_ori=18.51deg r_elbow_ori=24.75deg l_shoulder_ori=18.70deg r_shoulder_ori=22.07deg
[TRAIN_ANG] torso=4.305 l_wrist=6.706 r_wrist=9.227 l_elbow=5.925 r_elbow=8.173 l_shoulder=5.842 r_shoulder=7.056
[TRAIN_ACT] l_wrist_r=0.5347 l_wrist_p=0.9301 l_wrist_y=0.7283 r_wrist_r=0.6645 r_wrist_p=0.7168 r_wrist_y=0.6416 l_elbow=1.0423 r_elbow=0.6318
[UPDATE] 177/500 reward_step=0.01632 done_frac=0.12744 mean_reward=0.13191 mean_len=7.77
[FPO++] actor_loss=0.00167 value_loss=0.00081 ratio=0.9987 [0.901,1.077] clip_frac=0.2657 cfm_old=1.0766 cfm_new=1.0780 kl=0.000118 grad=0.3824 grad_c=0.0385 lr=0.000506 critic_lr=0.000585
[TRAIN] mean_reward=0.13191 mean_len=7.77 recent_eps=100 completed_eps=4015922
[UPDATE_EFFECT] action_delta=0.01783726 param_rms_delta=0.00038726
[TIME] collect=4.980s update=5.810s
[DONE] timeout=0.00000 anchor_pos=0.00000 anchor_ori=0.00183 ee_body=1.00000
[DONE_ROLLOUT] timeout=0.00000 anchor_pos=0.00000 anchor_ori=0.00008 ee_body=0.12744
[FIRST_FAILURE] step_mean=3.89 step_min=0 step_max=22 phase_mean=100.75 phase_min=5 phase_max=324 anchor_pos=0.00000 anchor_ori=0.00073 ee_body=0.99988 timeout=0.00000
[TRACK_CHUNK0] anchor_pos=0.91412 anchor_ori=0.59482 body_pos=0.88273 body_ori=0.49334 body_lin=0.25355 body_ang=0.06907
[TRACK_ROLLOUT] anchor_pos=0.91247 anchor_ori=0.59308 body_pos=0.88099 body_ori=0.48848 body_lin=0.25295 body_ang=0.07016
[TRAIN_COST] action_rate=13.37801 joint_limit=0.01083 undesired_contacts=1.94214
[REWARD_WEIGHTED] pos=0.04891 penalty=-0.03259 total=0.01632 act_rate=-0.02665 contacts=-0.00389
[ACT_GREEDY] abs_mean=0.8818 abs_p95=2.4083 abs_p99=3.2286 abs_max=5.7757 legs=0.8256 waist=1.1214 arms=0.8787
[ACT_ROLLOUT] abs_mean=0.9148 abs_p95=2.3808 abs_p99=3.2027 abs_max=6.6969 abs_max_all=6.6969
[SAMPLER] top_bin=0 top_prob=0.513 peak_bin=0 failed_sum=1096.7125 entropy=0.7797
[TRAIN_BODY] torso_ori=15.43deg l_wrist_ori=20.69deg r_wrist_ori=27.05deg l_elbow_ori=18.24deg r_elbow_ori=24.09deg l_shoulder_ori=18.31deg r_shoulder_ori=21.59deg
[TRAIN_ANG] torso=4.229 l_wrist=6.687 r_wrist=9.017 l_elbow=5.862 r_elbow=7.967 l_shoulder=5.789 r_shoulder=6.940
[TRAIN_ACT] l_wrist_r=0.5360 l_wrist_p=0.9419 l_wrist_y=0.7445 r_wrist_r=0.6711 r_wrist_p=0.7153 r_wrist_y=0.6421 l_elbow=1.0426 r_elbow=0.6437
[UPDATE] 178/500 reward_step=0.01669 done_frac=0.12639 mean_reward=0.14760 mean_len=8.44
[FPO++] actor_loss=0.00138 value_loss=0.00079 ratio=0.9984 [0.835,1.124] clip_frac=0.2617 cfm_old=1.0758 cfm_new=1.0775 kl=0.000108 grad=0.4360 grad_c=0.0336 lr=0.000338 critic_lr=0.000390
[TRAIN] mean_reward=0.14760 mean_len=8.44 recent_eps=100 completed_eps=4040772
[UPDATE_EFFECT] action_delta=0.01246838 param_rms_delta=0.00030380
[TIME] collect=5.003s update=5.812s
[DONE] timeout=0.00000 anchor_pos=0.00000 anchor_ori=0.00293 ee_body=0.99988
[DONE_ROLLOUT] timeout=0.00000 anchor_pos=0.00000 anchor_ori=0.00012 ee_body=0.12638
[FIRST_FAILURE] step_mean=3.94 step_min=0 step_max=23 phase_mean=100.86 phase_min=5 phase_max=323 anchor_pos=0.00000 anchor_ori=0.00134 ee_body=0.99988 timeout=0.00000
[TRACK_CHUNK0] anchor_pos=0.91265 anchor_ori=0.59465 body_pos=0.88142 body_ori=0.48806 body_lin=0.25330 body_ang=0.07142
[TRACK_ROLLOUT] anchor_pos=0.91259 anchor_ori=0.59416 body_pos=0.88108 body_ori=0.48959 body_lin=0.25507 body_ang=0.07146
[TRAIN_COST] action_rate=13.30698 joint_limit=0.00998 undesired_contacts=1.94507
[REWARD_WEIGHTED] pos=0.04901 penalty=-0.03232 total=0.01669 act_rate=-0.02646 contacts=-0.00385
[ACT_GREEDY] abs_mean=0.8935 abs_p95=2.4423 abs_p99=3.2562 abs_max=6.2501 legs=0.8365 waist=1.1192 arms=0.8940
[ACT_ROLLOUT] abs_mean=0.9208 abs_p95=2.3949 abs_p99=3.2151 abs_max=6.6681 abs_max_all=6.6681
[SAMPLER] top_bin=0 top_prob=0.514 peak_bin=0 failed_sum=1095.2588 entropy=0.7795
[TRAIN_BODY] torso_ori=15.39deg l_wrist_ori=20.81deg r_wrist_ori=27.46deg l_elbow_ori=18.51deg r_elbow_ori=24.55deg l_shoulder_ori=18.60deg r_shoulder_ori=22.09deg
[TRAIN_ANG] torso=4.199 l_wrist=6.674 r_wrist=9.161 l_elbow=5.874 r_elbow=8.080 l_shoulder=5.780 r_shoulder=6.996
[TRAIN_ACT] l_wrist_r=0.5381 l_wrist_p=0.9655 l_wrist_y=0.7581 r_wrist_r=0.6739 r_wrist_p=0.7278 r_wrist_y=0.6623 l_elbow=1.0566 r_elbow=0.6433
[UPDATE] 179/500 reward_step=0.01703 done_frac=0.12484 mean_reward=0.13714 mean_len=8.29
[FPO++] actor_loss=-0.00063 value_loss=0.00086 ratio=0.9990 [0.931,1.050] clip_frac=0.1339 cfm_old=1.0720 cfm_new=1.0731 kl=0.000070 grad=0.1662 grad_c=0.0287 lr=0.000506 critic_lr=0.000585
[TRAIN] mean_reward=0.13714 mean_len=8.29 recent_eps=100 completed_eps=4065317
[UPDATE_EFFECT] action_delta=0.00869848 param_rms_delta=0.00030635
[TIME] collect=5.036s update=5.816s
[DONE] timeout=0.00000 anchor_pos=0.00000 anchor_ori=0.00403 ee_body=0.99976
[DONE_ROLLOUT] timeout=0.00000 anchor_pos=0.00000 anchor_ori=0.00017 ee_body=0.12484
[FIRST_FAILURE] step_mean=4.05 step_min=0 step_max=22 phase_mean=101.94 phase_min=5 phase_max=324 anchor_pos=0.00000 anchor_ori=0.00220 ee_body=0.99963 timeout=0.00000
[TRACK_CHUNK0] anchor_pos=0.91215 anchor_ori=0.59738 body_pos=0.88167 body_ori=0.48913 body_lin=0.25843 body_ang=0.07138
[TRACK_ROLLOUT] anchor_pos=0.91244 anchor_ori=0.59643 body_pos=0.88098 body_ori=0.48846 body_lin=0.25791 body_ang=0.07324
[TRAIN_COST] action_rate=13.23618 joint_limit=0.01017 undesired_contacts=1.92725
[REWARD_WEIGHTED] pos=0.04910 penalty=-0.03207 total=0.01703 act_rate=-0.02625 contacts=-0.00380
[ACT_GREEDY] abs_mean=0.8912 abs_p95=2.4324 abs_p99=3.2571 abs_max=6.1920 legs=0.8344 waist=1.0966 arms=0.8960
[ACT_ROLLOUT] abs_mean=0.9244 abs_p95=2.4056 abs_p99=3.2275 abs_max=6.4799 abs_max_all=6.4799
[SAMPLER] top_bin=0 top_prob=0.514 peak_bin=0 failed_sum=1093.5377 entropy=0.7794
[TRAIN_BODY] torso_ori=15.31deg l_wrist_ori=20.67deg r_wrist_ori=27.22deg l_elbow_ori=18.45deg r_elbow_ori=24.02deg l_shoulder_ori=18.45deg r_shoulder_ori=21.80deg
[TRAIN_ANG] torso=4.140 l_wrist=6.603 r_wrist=9.001 l_elbow=5.802 r_elbow=7.920 l_shoulder=5.711 r_shoulder=6.870
[TRAIN_ACT] l_wrist_r=0.5392 l_wrist_p=0.9978 l_wrist_y=0.7785 r_wrist_r=0.6809 r_wrist_p=0.7307 r_wrist_y=0.6519 l_elbow=1.0402 r_elbow=0.6308
[UPDATE] 180/500 reward_step=0.01769 done_frac=0.12356 mean_reward=0.14059 mean_len=8.12
[FPO++] actor_loss=0.00052 value_loss=0.00087 ratio=0.9988 [0.923,1.094] clip_frac=0.1881 cfm_old=1.0633 cfm_new=1.0645 kl=0.000102 grad=0.2297 grad_c=0.0514 lr=0.000506 critic_lr=0.000585
[TRAIN] mean_reward=0.14059 mean_len=8.12 recent_eps=100 completed_eps=4089609
[UPDATE_EFFECT] action_delta=0.00852397 param_rms_delta=0.00037583
[TIME] collect=5.046s update=5.811s
[DONE] timeout=0.00000 anchor_pos=0.00000 anchor_ori=0.00366 ee_body=0.99951
[DONE_ROLLOUT] timeout=0.00000 anchor_pos=0.00000 anchor_ori=0.00015 ee_body=0.12355
[FIRST_FAILURE] step_mean=4.08 step_min=0 step_max=22 phase_mean=102.96 phase_min=5 phase_max=324 anchor_pos=0.00000 anchor_ori=0.00232 ee_body=0.99951 timeout=0.00000
[TRACK_CHUNK0] anchor_pos=0.91317 anchor_ori=0.59372 body_pos=0.88103 body_ori=0.48934 body_lin=0.25906 body_ang=0.07483
[TRACK_ROLLOUT] anchor_pos=0.91330 anchor_ori=0.59640 body_pos=0.88071 body_ori=0.48914 body_lin=0.26159 body_ang=0.07588
[TRAIN_COST] action_rate=12.78849 joint_limit=0.00991 undesired_contacts=1.86609
[REWARD_WEIGHTED] pos=0.04924 penalty=-0.03155 total=0.01769 act_rate=-0.02581 contacts=-0.00378
[ACT_GREEDY] abs_mean=0.8965 abs_p95=2.4456 abs_p99=3.2640 abs_max=6.0179 legs=0.8398 waist=1.0856 arms=0.9045
[ACT_ROLLOUT] abs_mean=0.9225 abs_p95=2.3991 abs_p99=3.2231 abs_max=6.3800 abs_max_all=6.3800
[SAMPLER] top_bin=0 top_prob=0.514 peak_bin=0 failed_sum=1091.6074 entropy=0.7794
[TRAIN_BODY] torso_ori=15.43deg l_wrist_ori=20.91deg r_wrist_ori=27.07deg l_elbow_ori=18.48deg r_elbow_ori=23.92deg l_shoulder_ori=18.36deg r_shoulder_ori=21.93deg
[TRAIN_ANG] torso=4.113 l_wrist=6.479 r_wrist=8.893 l_elbow=5.738 r_elbow=7.821 l_shoulder=5.694 r_shoulder=6.819
[TRAIN_ACT] l_wrist_r=0.5478 l_wrist_p=1.0182 l_wrist_y=0.7922 r_wrist_r=0.6676 r_wrist_p=0.7270 r_wrist_y=0.6561 l_elbow=1.0669 r_elbow=0.6360
[UPDATE] 181/500 reward_step=0.01812 done_frac=0.12266 mean_reward=0.15479 mean_len=8.36
[FPO++] actor_loss=-0.00027 value_loss=0.00089 ratio=0.9989 [0.923,1.065] clip_frac=0.2006 cfm_old=1.0551 cfm_new=1.0562 kl=0.000106 grad=0.2424 grad_c=0.0429 lr=0.000506 critic_lr=0.000585
[TRAIN] mean_reward=0.15479 mean_len=8.36 recent_eps=100 completed_eps=4113725
[UPDATE_EFFECT] action_delta=0.01114995 param_rms_delta=0.00036742
[TIME] collect=5.067s update=5.814s
[DONE] timeout=0.00000 anchor_pos=0.00000 anchor_ori=0.00293 ee_body=0.99963
[DONE_ROLLOUT] timeout=0.00000 anchor_pos=0.00000 anchor_ori=0.00012 ee_body=0.12266
[FIRST_FAILURE] step_mean=4.14 step_min=0 step_max=23 phase_mean=102.87 phase_min=5 phase_max=324 anchor_pos=0.00000 anchor_ori=0.00208 ee_body=0.99951 timeout=0.00000
[TRACK_CHUNK0] anchor_pos=0.91295 anchor_ori=0.59651 body_pos=0.88090 body_ori=0.48926 body_lin=0.26111 body_ang=0.07592
[TRACK_ROLLOUT] anchor_pos=0.91197 anchor_ori=0.59849 body_pos=0.88072 body_ori=0.48861 body_lin=0.26358 body_ang=0.07718
[TRAIN_COST] action_rate=12.76732 joint_limit=0.00967 undesired_contacts=1.87256
[REWARD_WEIGHTED] pos=0.04931 penalty=-0.03119 total=0.01812 act_rate=-0.02548 contacts=-0.00378
[ACT_GREEDY] abs_mean=0.8981 abs_p95=2.4446 abs_p99=3.2634 abs_max=5.7834 legs=0.8405 waist=1.0708 arms=0.9104
[ACT_ROLLOUT] abs_mean=0.9211 abs_p95=2.3978 abs_p99=3.2240 abs_max=7.0397 abs_max_all=7.0397
[SAMPLER] top_bin=0 top_prob=0.514 peak_bin=0 failed_sum=1089.5490 entropy=0.7793
[TRAIN_BODY] torso_ori=15.39deg l_wrist_ori=20.89deg r_wrist_ori=27.30deg l_elbow_ori=18.49deg r_elbow_ori=24.08deg l_shoulder_ori=18.24deg r_shoulder_ori=21.97deg
[TRAIN_ANG] torso=4.089 l_wrist=6.475 r_wrist=8.947 l_elbow=5.669 r_elbow=7.864 l_shoulder=5.595 r_shoulder=6.841
[TRAIN_ACT] l_wrist_r=0.5447 l_wrist_p=1.0303 l_wrist_y=0.7921 r_wrist_r=0.6946 r_wrist_p=0.7501 r_wrist_y=0.6644 l_elbow=1.0621 r_elbow=0.6340
[UPDATE] 182/500 reward_step=0.01847 done_frac=0.12163 mean_reward=0.13664 mean_len=8.12
[FPO++] actor_loss=0.00131 value_loss=0.00090 ratio=0.9988 [0.879,1.095] clip_frac=0.2109 cfm_old=1.0535 cfm_new=1.0548 kl=0.000091 grad=0.2900 grad_c=0.0294 lr=0.000338 critic_lr=0.000390
[TRAIN] mean_reward=0.13664 mean_len=8.12 recent_eps=100 completed_eps=4137639
[UPDATE_EFFECT] action_delta=0.00792157 param_rms_delta=0.00027872
[TIME] collect=4.993s update=5.813s
[DONE] timeout=0.00000 anchor_pos=0.00000 anchor_ori=0.00427 ee_body=0.99988
[DONE_ROLLOUT] timeout=0.00000 anchor_pos=0.00000 anchor_ori=0.00018 ee_body=0.12162
[FIRST_FAILURE] step_mean=4.20 step_min=0 step_max=23 phase_mean=103.02 phase_min=5 phase_max=324 anchor_pos=0.00000 anchor_ori=0.00244 ee_body=0.99963 timeout=0.00000
[TRACK_CHUNK0] anchor_pos=0.91242 anchor_ori=0.59872 body_pos=0.88114 body_ori=0.49263 body_lin=0.26651 body_ang=0.07932
[TRACK_ROLLOUT] anchor_pos=0.91186 anchor_ori=0.59999 body_pos=0.88037 body_ori=0.48908 body_lin=0.26682 body_ang=0.07870
[TRAIN_COST] action_rate=12.62074 joint_limit=0.01018 undesired_contacts=1.90210
[REWARD_WEIGHTED] pos=0.04942 penalty=-0.03095 total=0.01847 act_rate=-0.02526 contacts=-0.00376
[ACT_GREEDY] abs_mean=0.8977 abs_p95=2.4431 abs_p99=3.2701 abs_max=5.7301 legs=0.8445 waist=1.0483 arms=0.9111
[ACT_ROLLOUT] abs_mean=0.9243 abs_p95=2.4036 abs_p99=3.2257 abs_max=6.6844 abs_max_all=6.6844
[SAMPLER] top_bin=0 top_prob=0.514 peak_bin=0 failed_sum=1087.3401 entropy=0.7792
[TRAIN_BODY] torso_ori=15.25deg l_wrist_ori=20.70deg r_wrist_ori=27.00deg l_elbow_ori=18.26deg r_elbow_ori=23.69deg l_shoulder_ori=18.26deg r_shoulder_ori=21.80deg
[TRAIN_ANG] torso=4.038 l_wrist=6.439 r_wrist=8.813 l_elbow=5.655 r_elbow=7.716 l_shoulder=5.617 r_shoulder=6.743
[TRAIN_ACT] l_wrist_r=0.5421 l_wrist_p=1.0304 l_wrist_y=0.7992 r_wrist_r=0.6951 r_wrist_p=0.7387 r_wrist_y=0.6697 l_elbow=1.0674 r_elbow=0.6366
[UPDATE] 183/500 reward_step=0.01876 done_frac=0.12067 mean_reward=0.16466 mean_len=8.64
[FPO++] actor_loss=-0.00080 value_loss=0.00090 ratio=0.9989 [0.924,1.068] clip_frac=0.1459 cfm_old=1.0473 cfm_new=1.0484 kl=0.000075 grad=0.1786 grad_c=0.0247 lr=0.000506 critic_lr=0.000585
[TRAIN] mean_reward=0.16466 mean_len=8.64 recent_eps=100 completed_eps=4161363
[UPDATE_EFFECT] action_delta=0.01127249 param_rms_delta=0.00032832
[TIME] collect=5.095s update=5.814s
[DONE] timeout=0.00000 anchor_pos=0.00000 anchor_ori=0.00293 ee_body=0.99976
[DONE_ROLLOUT] timeout=0.00000 anchor_pos=0.00000 anchor_ori=0.00012 ee_body=0.12065
[FIRST_FAILURE] step_mean=4.29 step_min=0 step_max=23 phase_mean=101.06 phase_min=5 phase_max=324 anchor_pos=0.00000 anchor_ori=0.00098 ee_body=0.99976 timeout=0.00000
[TRACK_CHUNK0] anchor_pos=0.91276 anchor_ori=0.60906 body_pos=0.88187 body_ori=0.49261 body_lin=0.26762 body_ang=0.07828
[TRACK_ROLLOUT] anchor_pos=0.91139 anchor_ori=0.60166 body_pos=0.88006 body_ori=0.48771 body_lin=0.26765 body_ang=0.07964
[TRAIN_COST] action_rate=12.59511 joint_limit=0.00979 undesired_contacts=1.87122
[REWARD_WEIGHTED] pos=0.04943 penalty=-0.03068 total=0.01876 act_rate=-0.02499 contacts=-0.00377
[ACT_GREEDY] abs_mean=0.9003 abs_p95=2.4589 abs_p99=3.2729 abs_max=6.1738 legs=0.8459 waist=1.0520 arms=0.9144
[ACT_ROLLOUT] abs_mean=0.9242 abs_p95=2.4037 abs_p99=3.2304 abs_max=6.3206 abs_max_all=6.3206
[SAMPLER] top_bin=0 top_prob=0.514 peak_bin=0 failed_sum=1084.9955 entropy=0.7790
[TRAIN_BODY] torso_ori=14.89deg l_wrist_ori=20.69deg r_wrist_ori=27.18deg l_elbow_ori=18.25deg r_elbow_ori=23.76deg l_shoulder_ori=18.17deg r_shoulder_ori=21.89deg
[TRAIN_ANG] torso=3.950 l_wrist=6.395 r_wrist=8.775 l_elbow=5.608 r_elbow=7.727 l_shoulder=5.581 r_shoulder=6.724
[TRAIN_ACT] l_wrist_r=0.5444 l_wrist_p=1.0620 l_wrist_y=0.7919 r_wrist_r=0.6847 r_wrist_p=0.7464 r_wrist_y=0.6726 l_elbow=1.0459 r_elbow=0.6273
[UPDATE] 184/500 reward_step=0.01931 done_frac=0.11878 mean_reward=0.15609 mean_len=8.18
[FPO++] actor_loss=0.00169 value_loss=0.00094 ratio=0.9989 [0.920,1.112] clip_frac=0.1735 cfm_old=1.0342 cfm_new=1.0354 kl=0.000110 grad=0.2372 grad_c=0.0449 lr=0.000225 critic_lr=0.000260
[TRAIN] mean_reward=0.15609 mean_len=8.18 recent_eps=100 completed_eps=4184716
[UPDATE_EFFECT] action_delta=0.00782717 param_rms_delta=0.00018725
[TIME] collect=5.019s update=5.818s
[DONE] timeout=0.00000 anchor_pos=0.00000 anchor_ori=0.00439 ee_body=0.99878
[DONE_ROLLOUT] timeout=0.00000 anchor_pos=0.00000 anchor_ori=0.00018 ee_body=0.11878
[FIRST_FAILURE] step_mean=4.31 step_min=0 step_max=23 phase_mean=102.69 phase_min=5 phase_max=324 anchor_pos=0.00000 anchor_ori=0.00269 ee_body=0.99878 timeout=0.00000
[TRACK_CHUNK0] anchor_pos=0.91186 anchor_ori=0.60418 body_pos=0.88068 body_ori=0.48831 body_lin=0.26729 body_ang=0.07978
[TRACK_ROLLOUT] anchor_pos=0.91071 anchor_ori=0.60418 body_pos=0.88011 body_ori=0.48718 body_lin=0.27221 body_ang=0.08218
[TRAIN_COST] action_rate=12.42757 joint_limit=0.00944 undesired_contacts=1.89807
[REWARD_WEIGHTED] pos=0.04958 penalty=-0.03027 total=0.01931 act_rate=-0.02470 contacts=-0.00372
[ACT_GREEDY] abs_mean=0.9016 abs_p95=2.4540 abs_p99=3.2860 abs_max=5.7916 legs=0.8499 waist=1.0525 arms=0.9136
[ACT_ROLLOUT] abs_mean=0.9267 abs_p95=2.4138 abs_p99=3.2413 abs_max=7.0832 abs_max_all=7.0832
[SAMPLER] top_bin=0 top_prob=0.514 peak_bin=0 failed_sum=1082.3386 entropy=0.7789
[TRAIN_BODY] torso_ori=15.10deg l_wrist_ori=20.71deg r_wrist_ori=27.26deg l_elbow_ori=18.54deg r_elbow_ori=23.77deg l_shoulder_ori=18.41deg r_shoulder_ori=22.18deg
[TRAIN_ANG] torso=3.949 l_wrist=6.377 r_wrist=8.836 l_elbow=5.689 r_elbow=7.724 l_shoulder=5.627 r_shoulder=6.795
[TRAIN_ACT] l_wrist_r=0.5402 l_wrist_p=1.0595 l_wrist_y=0.7887 r_wrist_r=0.6947 r_wrist_p=0.7518 r_wrist_y=0.6602 l_elbow=1.0642 r_elbow=0.6278
[UPDATE] 185/500 reward_step=0.01980 done_frac=0.11805 mean_reward=0.17161 mean_len=8.44
[FPO++] actor_loss=0.00117 value_loss=0.00097 ratio=0.9990 [0.944,1.060] clip_frac=0.1429 cfm_old=1.0288 cfm_new=1.0299 kl=0.000078 grad=0.1816 grad_c=0.0471 lr=0.000506 critic_lr=0.000585
[TRAIN] mean_reward=0.17161 mean_len=8.44 recent_eps=100 completed_eps=4207926
[UPDATE_EFFECT] action_delta=0.01161658 param_rms_delta=0.00034853
[TIME] collect=4.997s update=5.817s
[DONE] timeout=0.00000 anchor_pos=0.00000 anchor_ori=0.00342 ee_body=0.99878
[DONE_ROLLOUT] timeout=0.00000 anchor_pos=0.00000 anchor_ori=0.00014 ee_body=0.11803
[FIRST_FAILURE] step_mean=4.36 step_min=0 step_max=23 phase_mean=103.44 phase_min=6 phase_max=324 anchor_pos=0.00000 anchor_ori=0.00220 ee_body=0.99841 timeout=0.00000
[TRACK_CHUNK0] anchor_pos=0.90985 anchor_ori=0.59914 body_pos=0.87834 body_ori=0.48321 body_lin=0.27109 body_ang=0.08261
[TRACK_ROLLOUT] anchor_pos=0.91042 anchor_ori=0.60493 body_pos=0.87991 body_ori=0.48864 body_lin=0.27591 body_ang=0.08467
[TRAIN_COST] action_rate=12.29785 joint_limit=0.00916 undesired_contacts=1.88550
[REWARD_WEIGHTED] pos=0.04974 penalty=-0.02994 total=0.01980 act_rate=-0.02441 contacts=-0.00369
[ACT_GREEDY] abs_mean=0.9040 abs_p95=2.4717 abs_p99=3.3033 abs_max=5.9935 legs=0.8504 waist=1.0408 arms=0.9207
[ACT_ROLLOUT] abs_mean=0.9224 abs_p95=2.4064 abs_p99=3.2343 abs_max=6.5934 abs_max_all=6.5934
[SAMPLER] top_bin=0 top_prob=0.515 peak_bin=0 failed_sum=1079.6030 entropy=0.7788
[TRAIN_BODY] torso_ori=15.33deg l_wrist_ori=20.78deg r_wrist_ori=27.47deg l_elbow_ori=18.55deg r_elbow_ori=23.99deg l_shoulder_ori=18.46deg r_shoulder_ori=22.46deg
[TRAIN_ANG] torso=4.008 l_wrist=6.357 r_wrist=8.752 l_elbow=5.617 r_elbow=7.702 l_shoulder=5.538 r_shoulder=6.751
[TRAIN_ACT] l_wrist_r=0.5449 l_wrist_p=1.0934 l_wrist_y=0.7988 r_wrist_r=0.6841 r_wrist_p=0.7487 r_wrist_y=0.6578 l_elbow=1.0574 r_elbow=0.6358
[UPDATE] 186/500 reward_step=0.02015 done_frac=0.11611 mean_reward=0.16548 mean_len=8.88
[FPO++] actor_loss=0.00007 value_loss=0.00102 ratio=0.9987 [0.898,1.075] clip_frac=0.1697 cfm_old=1.0228 cfm_new=1.0241 kl=0.000090 grad=0.2447 grad_c=0.0610 lr=0.000338 critic_lr=0.000390
[TRAIN] mean_reward=0.16548 mean_len=8.88 recent_eps=100 completed_eps=4230754
[UPDATE_EFFECT] action_delta=0.00919612 param_rms_delta=0.00028261
[TIME] collect=5.049s update=5.811s
[DONE] timeout=0.00000 anchor_pos=0.00000 anchor_ori=0.00439 ee_body=0.99866
[DONE_ROLLOUT] timeout=0.00000 anchor_pos=0.00000 anchor_ori=0.00018 ee_body=0.11611
[FIRST_FAILURE] step_mean=4.50 step_min=0 step_max=23 phase_mean=103.87 phase_min=5 phase_max=323 anchor_pos=0.00000 anchor_ori=0.00256 ee_body=0.99866 timeout=0.00000
[TRACK_CHUNK0] anchor_pos=0.91043 anchor_ori=0.60356 body_pos=0.87905 body_ori=0.48707 body_lin=0.27467 body_ang=0.08608
[TRACK_ROLLOUT] anchor_pos=0.90910 anchor_ori=0.60746 body_pos=0.87925 body_ori=0.48721 body_lin=0.27924 body_ang=0.08644
[TRAIN_COST] action_rate=11.96916 joint_limit=0.00937 undesired_contacts=1.84961
[REWARD_WEIGHTED] pos=0.04981 penalty=-0.02966 total=0.02015 act_rate=-0.02415 contacts=-0.00366
[ACT_GREEDY] abs_mean=0.9034 abs_p95=2.4617 abs_p99=3.3039 abs_max=5.9126 legs=0.8461 waist=1.0361 arms=0.9240
[ACT_ROLLOUT] abs_mean=0.9237 abs_p95=2.4122 abs_p99=3.2440 abs_max=6.6729 abs_max_all=6.6729
[SAMPLER] top_bin=0 top_prob=0.515 peak_bin=0 failed_sum=1076.5549 entropy=0.7788
[TRAIN_BODY] torso_ori=15.23deg l_wrist_ori=20.67deg r_wrist_ori=27.19deg l_elbow_ori=18.23deg r_elbow_ori=23.83deg l_shoulder_ori=18.25deg r_shoulder_ori=22.09deg
[TRAIN_ANG] torso=3.899 l_wrist=6.333 r_wrist=8.603 l_elbow=5.532 r_elbow=7.594 l_shoulder=5.496 r_shoulder=6.608
[TRAIN_ACT] l_wrist_r=0.5496 l_wrist_p=1.0844 l_wrist_y=0.8016 r_wrist_r=0.6906 r_wrist_p=0.7595 r_wrist_y=0.6711 l_elbow=1.0542 r_elbow=0.6313
[UPDATE] 187/500 reward_step=0.02045 done_frac=0.11383 mean_reward=0.16505 mean_len=8.39
[FPO++] actor_loss=0.00055 value_loss=0.00113 ratio=0.9989 [0.907,1.076] clip_frac=0.1367 cfm_old=1.0189 cfm_new=1.0201 kl=0.000064 grad=0.1976 grad_c=0.0509 lr=0.000506 critic_lr=0.000585
[TRAIN] mean_reward=0.16505 mean_len=8.39 recent_eps=100 completed_eps=4253133
[UPDATE_EFFECT] action_delta=0.01169960 param_rms_delta=0.00032662
[TIME] collect=4.974s update=5.816s
[DONE] timeout=0.00000 anchor_pos=0.00000 anchor_ori=0.00562 ee_body=0.99744
[DONE_ROLLOUT] timeout=0.00000 anchor_pos=0.00000 anchor_ori=0.00023 ee_body=0.11381
[FIRST_FAILURE] step_mean=4.74 step_min=0 step_max=23 phase_mean=104.66 phase_min=6 phase_max=323 anchor_pos=0.00000 anchor_ori=0.00391 ee_body=0.99707 timeout=0.00000
[TRACK_CHUNK0] anchor_pos=0.90854 anchor_ori=0.60864 body_pos=0.87938 body_ori=0.48771 body_lin=0.28316 body_ang=0.08660
[TRACK_ROLLOUT] anchor_pos=0.90733 anchor_ori=0.60898 body_pos=0.87838 body_ori=0.48444 body_lin=0.28371 body_ang=0.08895
[TRAIN_COST] action_rate=12.03031 joint_limit=0.00880 undesired_contacts=1.79529
[REWARD_WEIGHTED] pos=0.04987 penalty=-0.02943 total=0.02045 act_rate=-0.02400 contacts=-0.00362
[ACT_GREEDY] abs_mean=0.9040 abs_p95=2.4725 abs_p99=3.3004 abs_max=5.5171 legs=0.8451 waist=1.0257 arms=0.9285
[ACT_ROLLOUT] abs_mean=0.9247 abs_p95=2.4132 abs_p99=3.2446 abs_max=6.6349 abs_max_all=6.6349
[SAMPLER] top_bin=0 top_prob=0.515 peak_bin=0 failed_sum=1073.1364 entropy=0.7787
[TRAIN_BODY] torso_ori=14.95deg l_wrist_ori=20.72deg r_wrist_ori=26.94deg l_elbow_ori=18.43deg r_elbow_ori=23.46deg l_shoulder_ori=18.49deg r_shoulder_ori=22.03deg
[TRAIN_ANG] torso=3.834 l_wrist=6.366 r_wrist=8.509 l_elbow=5.594 r_elbow=7.474 l_shoulder=5.488 r_shoulder=6.535
[TRAIN_ACT] l_wrist_r=0.5399 l_wrist_p=1.1054 l_wrist_y=0.7938 r_wrist_r=0.6700 r_wrist_p=0.7625 r_wrist_y=0.6702 l_elbow=1.0535 r_elbow=0.6258
[UPDATE] 188/500 reward_step=0.02064 done_frac=0.11244 mean_reward=0.18704 mean_len=9.04
[FPO++] actor_loss=0.00012 value_loss=0.00114 ratio=0.9985 [0.884,1.114] clip_frac=0.2132 cfm_old=1.0155 cfm_new=1.0170 kl=0.000104 grad=0.3445 grad_c=0.0320 lr=0.000338 critic_lr=0.000390
[TRAIN] mean_reward=0.18704 mean_len=9.04 recent_eps=100 completed_eps=4275239
[UPDATE_EFFECT] action_delta=0.00891196 param_rms_delta=0.00028731
[TIME] collect=5.014s update=5.808s
[DONE] timeout=0.00000 anchor_pos=0.00000 anchor_ori=0.00525 ee_body=0.99719
[DONE_ROLLOUT] timeout=0.00000 anchor_pos=0.00000 anchor_ori=0.00022 ee_body=0.11243
[FIRST_FAILURE] step_mean=4.78 step_min=0 step_max=23 phase_mean=104.07 phase_min=6 phase_max=322 anchor_pos=0.00000 anchor_ori=0.00317 ee_body=0.99719 timeout=0.00000
[TRACK_CHUNK0] anchor_pos=0.90616 anchor_ori=0.60785 body_pos=0.87759 body_ori=0.48063 body_lin=0.28341 body_ang=0.08922
[TRACK_ROLLOUT] anchor_pos=0.90666 anchor_ori=0.61039 body_pos=0.87751 body_ori=0.48137 body_lin=0.28720 body_ang=0.09016
[TRAIN_COST] action_rate=11.86911 joint_limit=0.00927 undesired_contacts=1.84607
[REWARD_WEIGHTED] pos=0.04990 penalty=-0.02925 total=0.02064 act_rate=-0.02383 contacts=-0.00362
[ACT_GREEDY] abs_mean=0.9068 abs_p95=2.4806 abs_p99=3.3131 abs_max=5.5855 legs=0.8427 waist=1.0262 arms=0.9361
[ACT_ROLLOUT] abs_mean=0.9292 abs_p95=2.4246 abs_p99=3.2633 abs_max=7.0798 abs_max_all=7.0798
[SAMPLER] top_bin=0 top_prob=0.515 peak_bin=0 failed_sum=1069.5283 entropy=0.7785
[TRAIN_BODY] torso_ori=14.94deg l_wrist_ori=21.21deg r_wrist_ori=27.40deg l_elbow_ori=18.82deg r_elbow_ori=23.87deg l_shoulder_ori=18.57deg r_shoulder_ori=22.57deg
[TRAIN_ANG] torso=3.833 l_wrist=6.284 r_wrist=8.578 l_elbow=5.517 r_elbow=7.525 l_shoulder=5.432 r_shoulder=6.594
[TRAIN_ACT] l_wrist_r=0.5393 l_wrist_p=1.1114 l_wrist_y=0.8159 r_wrist_r=0.6793 r_wrist_p=0.7613 r_wrist_y=0.6799 l_elbow=1.0628 r_elbow=0.6309
[UPDATE] 189/500 reward_step=0.02107 done_frac=0.11000 mean_reward=0.18282 mean_len=9.00
[FPO++] actor_loss=0.00036 value_loss=0.00113 ratio=0.9990 [0.938,1.057] clip_frac=0.1198 cfm_old=1.0069 cfm_new=1.0079 kl=0.000065 grad=0.1617 grad_c=0.0516 lr=0.000506 critic_lr=0.000585
[TRAIN] mean_reward=0.18282 mean_len=9.00 recent_eps=100 completed_eps=4296865
[UPDATE_EFFECT] action_delta=0.00910814 param_rms_delta=0.00029749
[TIME] collect=5.030s update=5.816s
[DONE] timeout=0.00000 anchor_pos=0.00000 anchor_ori=0.00623 ee_body=0.99658
[DONE_ROLLOUT] timeout=0.00000 anchor_pos=0.00000 anchor_ori=0.00026 ee_body=0.10999
[FIRST_FAILURE] step_mean=5.00 step_min=0 step_max=23 phase_mean=105.24 phase_min=5 phase_max=324 anchor_pos=0.00000 anchor_ori=0.00366 ee_body=0.99658 timeout=0.00000
[TRACK_CHUNK0] anchor_pos=0.90593 anchor_ori=0.61340 body_pos=0.87706 body_ori=0.48078 body_lin=0.29031 body_ang=0.09292
[TRACK_ROLLOUT] anchor_pos=0.90451 anchor_ori=0.61102 body_pos=0.87596 body_ori=0.47834 body_lin=0.29042 body_ang=0.09272
[TRAIN_COST] action_rate=11.74875 joint_limit=0.00888 undesired_contacts=1.75122
[REWARD_WEIGHTED] pos=0.04990 penalty=-0.02884 total=0.02107 act_rate=-0.02356 contacts=-0.00352
[ACT_GREEDY] abs_mean=0.9063 abs_p95=2.4751 abs_p99=3.3034 abs_max=5.7075 legs=0.8391 waist=1.0106 arms=0.9416
[ACT_ROLLOUT] abs_mean=0.9295 abs_p95=2.4274 abs_p99=3.2660 abs_max=6.9013 abs_max_all=6.9013
[SAMPLER] top_bin=0 top_prob=0.515 peak_bin=0 failed_sum=1065.5320 entropy=0.7785
[TRAIN_BODY] torso_ori=14.79deg l_wrist_ori=21.28deg r_wrist_ori=27.46deg l_elbow_ori=19.01deg r_elbow_ori=23.93deg l_shoulder_ori=18.49deg r_shoulder_ori=22.43deg
[TRAIN_ANG] torso=3.737 l_wrist=6.255 r_wrist=8.457 l_elbow=5.512 r_elbow=7.402 l_shoulder=5.346 r_shoulder=6.513
[TRAIN_ACT] l_wrist_r=0.5458 l_wrist_p=1.1512 l_wrist_y=0.8389 r_wrist_r=0.6844 r_wrist_p=0.7605 r_wrist_y=0.6974 l_elbow=1.0564 r_elbow=0.6302
[UPDATE] 190/500 reward_step=0.02132 done_frac=0.10946 mean_reward=0.18415 mean_len=9.05
[FPO++] actor_loss=0.00265 value_loss=0.00113 ratio=0.9984 [0.860,1.113] clip_frac=0.2697 cfm_old=1.0050 cfm_new=1.0066 kl=0.000134 grad=0.4152 grad_c=0.0449 lr=0.000506 critic_lr=0.000585
[TRAIN] mean_reward=0.18415 mean_len=9.05 recent_eps=100 completed_eps=4318386
[UPDATE_EFFECT] action_delta=0.01240510 param_rms_delta=0.00037782
[TIME] collect=5.009s update=5.810s
[DONE] timeout=0.00000 anchor_pos=0.00000 anchor_ori=0.00745 ee_body=0.99561
[DONE_ROLLOUT] timeout=0.00000 anchor_pos=0.00000 anchor_ori=0.00031 ee_body=0.10943
[FIRST_FAILURE] step_mean=5.05 step_min=0 step_max=23 phase_mean=106.06 phase_min=5 phase_max=324 anchor_pos=0.00000 anchor_ori=0.00549 ee_body=0.99512 timeout=0.00000
[TRACK_CHUNK0] anchor_pos=0.90373 anchor_ori=0.60914 body_pos=0.87539 body_ori=0.47779 body_lin=0.29468 body_ang=0.09368
[TRACK_ROLLOUT] anchor_pos=0.90448 anchor_ori=0.61172 body_pos=0.87608 body_ori=0.47861 body_lin=0.29287 body_ang=0.09381
[TRAIN_COST] action_rate=11.70802 joint_limit=0.00864 undesired_contacts=1.75964
[REWARD_WEIGHTED] pos=0.04999 penalty=-0.02867 total=0.02132 act_rate=-0.02342 contacts=-0.00352
[ACT_GREEDY] abs_mean=0.9103 abs_p95=2.4862 abs_p99=3.3286 abs_max=6.4619 legs=0.8443 waist=1.0050 arms=0.9466
[ACT_ROLLOUT] abs_mean=0.9277 abs_p95=2.4240 abs_p99=3.2653 abs_max=6.5478 abs_max_all=6.5478
[SAMPLER] top_bin=0 top_prob=0.515 peak_bin=0 failed_sum=1061.5272 entropy=0.7785
[TRAIN_BODY] torso_ori=14.90deg l_wrist_ori=21.48deg r_wrist_ori=27.27deg l_elbow_ori=19.04deg r_elbow_ori=23.75deg l_shoulder_ori=18.56deg r_shoulder_ori=22.53deg
[TRAIN_ANG] torso=3.728 l_wrist=6.251 r_wrist=8.384 l_elbow=5.478 r_elbow=7.328 l_shoulder=5.310 r_shoulder=6.390
[TRAIN_ACT] l_wrist_r=0.5390 l_wrist_p=1.1940 l_wrist_y=0.8543 r_wrist_r=0.6796 r_wrist_p=0.7604 r_wrist_y=0.6821 l_elbow=1.0555 r_elbow=0.6305
[UPDATE] 191/500 reward_step=0.02168 done_frac=0.10877 mean_reward=0.19129 mean_len=9.05
[FPO++] actor_loss=0.00139 value_loss=0.00114 ratio=0.9985 [0.842,1.088] clip_frac=0.2102 cfm_old=0.9997 cfm_new=1.0013 kl=0.000099 grad=0.3570 grad_c=0.0492 lr=0.000338 critic_lr=0.000390
[TRAIN] mean_reward=0.19129 mean_len=9.05 recent_eps=100 completed_eps=4339772
[UPDATE_EFFECT] action_delta=0.00723834 param_rms_delta=0.00027527
[TIME] collect=5.028s update=5.814s
[DONE] timeout=0.00000 anchor_pos=0.00000 anchor_ori=0.00500 ee_body=0.99646
[DONE_ROLLOUT] timeout=0.00000 anchor_pos=0.00000 anchor_ori=0.00021 ee_body=0.10876
[FIRST_FAILURE] step_mean=5.10 step_min=0 step_max=23 phase_mean=106.91 phase_min=6 phase_max=324 anchor_pos=0.00000 anchor_ori=0.00317 ee_body=0.99622 timeout=0.00000
[TRACK_CHUNK0] anchor_pos=0.90516 anchor_ori=0.61769 body_pos=0.87804 body_ori=0.48130 body_lin=0.29688 body_ang=0.09663
[TRACK_ROLLOUT] anchor_pos=0.90400 anchor_ori=0.61407 body_pos=0.87630 body_ori=0.48021 body_lin=0.29453 body_ang=0.09591
[TRAIN_COST] action_rate=11.56267 joint_limit=0.00836 undesired_contacts=1.78503
[REWARD_WEIGHTED] pos=0.05012 penalty=-0.02844 total=0.02168 act_rate=-0.02322 contacts=-0.00353
[ACT_GREEDY] abs_mean=0.9113 abs_p95=2.4864 abs_p99=3.3467 abs_max=6.0477 legs=0.8478 waist=1.0013 arms=0.9465
[ACT_ROLLOUT] abs_mean=0.9315 abs_p95=2.4367 abs_p99=3.2843 abs_max=6.6722 abs_max_all=6.6722
[SAMPLER] top_bin=0 top_prob=0.515 peak_bin=0 failed_sum=1057.4843 entropy=0.7785
[TRAIN_BODY] torso_ori=14.64deg l_wrist_ori=21.10deg r_wrist_ori=27.25deg l_elbow_ori=18.67deg r_elbow_ori=23.64deg l_shoulder_ori=18.28deg r_shoulder_ori=22.49deg
[TRAIN_ANG] torso=3.711 l_wrist=6.168 r_wrist=8.343 l_elbow=5.379 r_elbow=7.294 l_shoulder=5.252 r_shoulder=6.390
[TRAIN_ACT] l_wrist_r=0.5488 l_wrist_p=1.1881 l_wrist_y=0.8521 r_wrist_r=0.7050 r_wrist_p=0.7676 r_wrist_y=0.6893 l_elbow=1.0455 r_elbow=0.6169
[UPDATE] 192/500 reward_step=0.02214 done_frac=0.10806 mean_reward=0.20786 mean_len=9.64
[FPO++] actor_loss=0.00131 value_loss=0.00116 ratio=0.9989 [0.936,1.061] clip_frac=0.1482 cfm_old=0.9896 cfm_new=0.9907 kl=0.000075 grad=0.2197 grad_c=0.0388 lr=0.000506 critic_lr=0.000585
[TRAIN] mean_reward=0.20786 mean_len=9.64 recent_eps=100 completed_eps=4361017
[UPDATE_EFFECT] action_delta=0.00884080 param_rms_delta=0.00033790
[TIME] collect=4.921s update=5.815s
[DONE] timeout=0.00000 anchor_pos=0.00000 anchor_ori=0.00610 ee_body=0.99573
[DONE_ROLLOUT] timeout=0.00000 anchor_pos=0.00000 anchor_ori=0.00025 ee_body=0.10804
[FIRST_FAILURE] step_mean=5.10 step_min=0 step_max=23 phase_mean=106.76 phase_min=6 phase_max=324 anchor_pos=0.00000 anchor_ori=0.00378 ee_body=0.99573 timeout=0.00000
[TRACK_CHUNK0] anchor_pos=0.90405 anchor_ori=0.61532 body_pos=0.87711 body_ori=0.48101 body_lin=0.29657 body_ang=0.09769
[TRACK_ROLLOUT] anchor_pos=0.90363 anchor_ori=0.61609 body_pos=0.87633 body_ori=0.48052 body_lin=0.29731 body_ang=0.09756
[TRAIN_COST] action_rate=11.51286 joint_limit=0.00836 undesired_contacts=1.77490
[REWARD_WEIGHTED] pos=0.05023 penalty=-0.02810 total=0.02214 act_rate=-0.02288 contacts=-0.00353
[ACT_GREEDY] abs_mean=0.9135 abs_p95=2.4994 abs_p99=3.3645 abs_max=5.6008 legs=0.8515 waist=1.0018 arms=0.9476
[ACT_ROLLOUT] abs_mean=0.9320 abs_p95=2.4408 abs_p99=3.2860 abs_max=6.5986 abs_max_all=6.5986
[SAMPLER] top_bin=0 top_prob=0.515 peak_bin=0 failed_sum=1053.3970 entropy=0.7785
[TRAIN_BODY] torso_ori=14.63deg l_wrist_ori=20.91deg r_wrist_ori=27.13deg l_elbow_ori=18.67deg r_elbow_ori=23.51deg l_shoulder_ori=18.36deg r_shoulder_ori=22.49deg
[TRAIN_ANG] torso=3.656 l_wrist=6.084 r_wrist=8.255 l_elbow=5.350 r_elbow=7.213 l_shoulder=5.222 r_shoulder=6.377
[TRAIN_ACT] l_wrist_r=0.5425 l_wrist_p=1.1872 l_wrist_y=0.8465 r_wrist_r=0.7079 r_wrist_p=0.7834 r_wrist_y=0.6760 l_elbow=1.0412 r_elbow=0.6213
[UPDATE] 193/500 reward_step=0.02245 done_frac=0.10693 mean_reward=0.17862 mean_len=8.68
[FPO++] actor_loss=0.00050 value_loss=0.00120 ratio=0.9990 [0.898,1.059] clip_frac=0.1519 cfm_old=0.9827 cfm_new=0.9838 kl=0.000092 grad=0.1941 grad_c=0.0393 lr=0.000506 critic_lr=0.000585
[TRAIN] mean_reward=0.17862 mean_len=8.68 recent_eps=100 completed_eps=4382040
[UPDATE_EFFECT] action_delta=0.00950032 param_rms_delta=0.00035560
[TIME] collect=5.023s update=5.815s
[DONE] timeout=0.00000 anchor_pos=0.00000 anchor_ori=0.00586 ee_body=0.99548
[DONE_ROLLOUT] timeout=0.00000 anchor_pos=0.00000 anchor_ori=0.00024 ee_body=0.10692
[FIRST_FAILURE] step_mean=5.21 step_min=0 step_max=23 phase_mean=107.73 phase_min=5 phase_max=323 anchor_pos=0.00000 anchor_ori=0.00354 ee_body=0.99536 timeout=0.00000
[TRACK_CHUNK0] anchor_pos=0.90253 anchor_ori=0.61192 body_pos=0.87580 body_ori=0.47944 body_lin=0.29984 body_ang=0.10018
[TRACK_ROLLOUT] anchor_pos=0.90261 anchor_ori=0.61842 body_pos=0.87601 body_ori=0.47908 body_lin=0.29925 body_ang=0.09988
[TRAIN_COST] action_rate=11.37643 joint_limit=0.00819 undesired_contacts=1.73730
[REWARD_WEIGHTED] pos=0.05029 penalty=-0.02785 total=0.02245 act_rate=-0.02267 contacts=-0.00354
[ACT_GREEDY] abs_mean=0.9118 abs_p95=2.4936 abs_p99=3.3615 abs_max=6.1712 legs=0.8519 waist=0.9873 arms=0.9471
[ACT_ROLLOUT] abs_mean=0.9332 abs_p95=2.4445 abs_p99=3.2940 abs_max=7.1030 abs_max_all=7.1030
[SAMPLER] top_bin=0 top_prob=0.515 peak_bin=0 failed_sum=1049.1879 entropy=0.7786
[TRAIN_BODY] torso_ori=14.84deg l_wrist_ori=20.99deg r_wrist_ori=27.39deg l_elbow_ori=18.67deg r_elbow_ori=23.50deg l_shoulder_ori=18.28deg r_shoulder_ori=22.61deg
[TRAIN_ANG] torso=3.688 l_wrist=6.025 r_wrist=8.190 l_elbow=5.289 r_elbow=7.103 l_shoulder=5.184 r_shoulder=6.316
[TRAIN_ACT] l_wrist_r=0.5482 l_wrist_p=1.2139 l_wrist_y=0.8502 r_wrist_r=0.7036 r_wrist_p=0.7709 r_wrist_y=0.6840 l_elbow=1.0315 r_elbow=0.6164
[UPDATE] 194/500 reward_step=0.02287 done_frac=0.10575 mean_reward=0.22336 mean_len=9.50
[FPO++] actor_loss=0.00098 value_loss=0.00124 ratio=0.9989 [0.935,1.072] clip_frac=0.1526 cfm_old=0.9778 cfm_new=0.9790 kl=0.000096 grad=0.2098 grad_c=0.0578 lr=0.000506 critic_lr=0.000585
[TRAIN] mean_reward=0.22336 mean_len=9.50 recent_eps=100 completed_eps=4402831
[UPDATE_EFFECT] action_delta=0.00974412 param_rms_delta=0.00035319
[TIME] collect=5.034s update=5.813s
[DONE] timeout=0.00000 anchor_pos=0.00000 anchor_ori=0.00586 ee_body=0.99512
[DONE_ROLLOUT] timeout=0.00000 anchor_pos=0.00000 anchor_ori=0.00024 ee_body=0.10574
[FIRST_FAILURE] step_mean=5.21 step_min=0 step_max=23 phase_mean=107.32 phase_min=6 phase_max=324 anchor_pos=0.00000 anchor_ori=0.00378 ee_body=0.99500 timeout=0.00000
[TRACK_CHUNK0] anchor_pos=0.90207 anchor_ori=0.61730 body_pos=0.87488 body_ori=0.48008 body_lin=0.30237 body_ang=0.10200
[TRACK_ROLLOUT] anchor_pos=0.90252 anchor_ori=0.62124 body_pos=0.87652 body_ori=0.48017 body_lin=0.30431 body_ang=0.10215
[TRAIN_COST] action_rate=11.27099 joint_limit=0.00803 undesired_contacts=1.77283
[REWARD_WEIGHTED] pos=0.05050 penalty=-0.02763 total=0.02287 act_rate=-0.02249 contacts=-0.00352
[ACT_GREEDY] abs_mean=0.9132 abs_p95=2.5043 abs_p99=3.3606 abs_max=5.8736 legs=0.8525 waist=0.9826 arms=0.9504
[ACT_ROLLOUT] abs_mean=0.9329 abs_p95=2.4449 abs_p99=3.2904 abs_max=6.6822 abs_max_all=6.6822
[SAMPLER] top_bin=0 top_prob=0.515 peak_bin=0 failed_sum=1044.8480 entropy=0.7786
[TRAIN_BODY] torso_ori=14.60deg l_wrist_ori=20.96deg r_wrist_ori=27.40deg l_elbow_ori=18.76deg r_elbow_ori=23.55deg l_shoulder_ori=18.48deg r_shoulder_ori=22.76deg
[TRAIN_ANG] torso=3.596 l_wrist=6.050 r_wrist=8.217 l_elbow=5.283 r_elbow=7.128 l_shoulder=5.166 r_shoulder=6.295
[TRAIN_ACT] l_wrist_r=0.5364 l_wrist_p=1.2027 l_wrist_y=0.8479 r_wrist_r=0.6944 r_wrist_p=0.7798 r_wrist_y=0.6861 l_elbow=1.0648 r_elbow=0.6131
[UPDATE] 195/500 reward_step=0.02333 done_frac=0.10422 mean_reward=0.21742 mean_len=9.36
[FPO++] actor_loss=-0.00003 value_loss=0.00131 ratio=0.9988 [0.932,1.062] clip_frac=0.1688 cfm_old=0.9676 cfm_new=0.9688 kl=0.000107 grad=0.2181 grad_c=0.1041 lr=0.000506 critic_lr=0.000585
[TRAIN] mean_reward=0.21742 mean_len=9.36 recent_eps=100 completed_eps=4423321
[UPDATE_EFFECT] action_delta=0.00999844 param_rms_delta=0.00035300
[TIME] collect=5.030s update=5.816s
[DONE] timeout=0.00000 anchor_pos=0.00000 anchor_ori=0.00635 ee_body=0.99268
[DONE_ROLLOUT] timeout=0.00000 anchor_pos=0.00000 anchor_ori=0.00026 ee_body=0.10421
[FIRST_FAILURE] step_mean=5.26 step_min=0 step_max=23 phase_mean=107.27 phase_min=5 phase_max=324 anchor_pos=0.00000 anchor_ori=0.00342 ee_body=0.99268 timeout=0.00000
[TRACK_CHUNK0] anchor_pos=0.90290 anchor_ori=0.61687 body_pos=0.87613 body_ori=0.47856 body_lin=0.30178 body_ang=0.10412
[TRACK_ROLLOUT] anchor_pos=0.90121 anchor_ori=0.62528 body_pos=0.87628 body_ori=0.48041 body_lin=0.30636 body_ang=0.10547
[TRAIN_COST] action_rate=11.18823 joint_limit=0.00799 undesired_contacts=1.76038
[REWARD_WEIGHTED] pos=0.05064 penalty=-0.02730 total=0.02333 act_rate=-0.02218 contacts=-0.00352
[ACT_GREEDY] abs_mean=0.9129 abs_p95=2.4922 abs_p99=3.3513 abs_max=6.4173 legs=0.8594 waist=0.9845 arms=0.9434
[ACT_ROLLOUT] abs_mean=0.9310 abs_p95=2.4401 abs_p99=3.2885 abs_max=6.8365 abs_max_all=6.8365
[SAMPLER] top_bin=0 top_prob=0.515 peak_bin=0 failed_sum=1040.3127 entropy=0.7785
[TRAIN_BODY] torso_ori=14.62deg l_wrist_ori=20.79deg r_wrist_ori=27.43deg l_elbow_ori=18.63deg r_elbow_ori=23.45deg l_shoulder_ori=18.43deg r_shoulder_ori=22.74deg
[TRAIN_ANG] torso=3.593 l_wrist=5.953 r_wrist=8.061 l_elbow=5.217 r_elbow=6.986 l_shoulder=5.151 r_shoulder=6.277
[TRAIN_ACT] l_wrist_r=0.5330 l_wrist_p=1.1523 l_wrist_y=0.8294 r_wrist_r=0.7172 r_wrist_p=0.7812 r_wrist_y=0.6783 l_elbow=1.0669 r_elbow=0.6153
[UPDATE] 196/500 reward_step=0.02375 done_frac=0.10262 mean_reward=0.21628 mean_len=9.27
[FPO++] actor_loss=0.00241 value_loss=0.00130 ratio=0.9988 [0.920,1.057] clip_frac=0.1562 cfm_old=0.9598 cfm_new=0.9610 kl=0.000108 grad=0.1960 grad_c=0.0705 lr=0.000506 critic_lr=0.000585
[TRAIN] mean_reward=0.21628 mean_len=9.27 recent_eps=100 completed_eps=4443497
[UPDATE_EFFECT] action_delta=0.00968840 param_rms_delta=0.00035579
[TIME] collect=5.008s update=5.815s
[DONE] timeout=0.00000 anchor_pos=0.00000 anchor_ori=0.00842 ee_body=0.99097
[DONE_ROLLOUT] timeout=0.00000 anchor_pos=0.00000 anchor_ori=0.00035 ee_body=0.10260
[FIRST_FAILURE] step_mean=5.42 step_min=0 step_max=23 phase_mean=105.64 phase_min=6 phase_max=324 anchor_pos=0.00000 anchor_ori=0.00562 ee_body=0.99072 timeout=0.00000
[TRACK_CHUNK0] anchor_pos=0.89941 anchor_ori=0.61907 body_pos=0.87420 body_ori=0.47580 body_lin=0.30780 body_ang=0.10687
[TRACK_ROLLOUT] anchor_pos=0.89893 anchor_ori=0.62374 body_pos=0.87432 body_ori=0.47800 body_lin=0.31031 body_ang=0.10784
[TRAIN_COST] action_rate=10.83608 joint_limit=0.00750 undesired_contacts=1.72083
[REWARD_WEIGHTED] pos=0.05064 penalty=-0.02689 total=0.02375 act_rate=-0.02184 contacts=-0.00348
[ACT_GREEDY] abs_mean=0.9135 abs_p95=2.5013 abs_p99=3.3665 abs_max=6.8365 legs=0.8582 waist=0.9718 arms=0.9484
[ACT_ROLLOUT] abs_mean=0.9305 abs_p95=2.4375 abs_p99=3.2856 abs_max=6.9332 abs_max_all=6.9332
[SAMPLER] top_bin=0 top_prob=0.515 peak_bin=0 failed_sum=1035.5759 entropy=0.7785
[TRAIN_BODY] torso_ori=14.59deg l_wrist_ori=21.05deg r_wrist_ori=27.37deg l_elbow_ori=18.74deg r_elbow_ori=23.35deg l_shoulder_ori=18.32deg r_shoulder_ori=22.98deg
[TRAIN_ANG] torso=3.568 l_wrist=5.919 r_wrist=7.956 l_elbow=5.197 r_elbow=6.858 l_shoulder=5.130 r_shoulder=6.260
[TRAIN_ACT] l_wrist_r=0.5379 l_wrist_p=1.1597 l_wrist_y=0.8313 r_wrist_r=0.7059 r_wrist_p=0.8088 r_wrist_y=0.7039 l_elbow=1.0858 r_elbow=0.6249
[UPDATE] 197/500 reward_step=0.02432 done_frac=0.10088 mean_reward=0.25130 mean_len=10.16
[FPO++] actor_loss=0.00016 value_loss=0.00141 ratio=0.9990 [0.919,1.058] clip_frac=0.1281 cfm_old=0.9516 cfm_new=0.9526 kl=0.000076 grad=0.1753 grad_c=0.0698 lr=0.000338 critic_lr=0.000390
[TRAIN] mean_reward=0.25130 mean_len=10.16 recent_eps=100 completed_eps=4463331
[UPDATE_EFFECT] action_delta=0.00702176 param_rms_delta=0.00026393
[TIME] collect=4.963s update=5.810s
[DONE] timeout=0.00000 anchor_pos=0.00000 anchor_ori=0.00708 ee_body=0.98901
[DONE_ROLLOUT] timeout=0.00000 anchor_pos=0.00000 anchor_ori=0.00030 ee_body=0.10087
[FIRST_FAILURE] step_mean=5.43 step_min=0 step_max=23 phase_mean=107.58 phase_min=6 phase_max=324 anchor_pos=0.00000 anchor_ori=0.00464 ee_body=0.98877 timeout=0.00000
[TRACK_CHUNK0] anchor_pos=0.89939 anchor_ori=0.62130 body_pos=0.87277 body_ori=0.47562 body_lin=0.30906 body_ang=0.10698
[TRACK_ROLLOUT] anchor_pos=0.89896 anchor_ori=0.62656 body_pos=0.87504 body_ori=0.47937 body_lin=0.31563 body_ang=0.11085
[TRAIN_COST] action_rate=10.84373 joint_limit=0.00768 undesired_contacts=1.74438
[REWARD_WEIGHTED] pos=0.05087 penalty=-0.02655 total=0.02432 act_rate=-0.02158 contacts=-0.00343
[ACT_GREEDY] abs_mean=0.9119 abs_p95=2.5007 abs_p99=3.3673 abs_max=5.9601 legs=0.8590 waist=0.9672 arms=0.9454
[ACT_ROLLOUT] abs_mean=0.9276 abs_p95=2.4347 abs_p99=3.2871 abs_max=6.6900 abs_max_all=6.6900
[SAMPLER] top_bin=0 top_prob=0.515 peak_bin=0 failed_sum=1030.6121 entropy=0.7785
[TRAIN_BODY] torso_ori=14.57deg l_wrist_ori=20.89deg r_wrist_ori=27.33deg l_elbow_ori=18.66deg r_elbow_ori=23.35deg l_shoulder_ori=18.23deg r_shoulder_ori=23.23deg
[TRAIN_ANG] torso=3.516 l_wrist=5.924 r_wrist=8.008 l_elbow=5.162 r_elbow=6.928 l_shoulder=5.021 r_shoulder=6.290
[TRAIN_ACT] l_wrist_r=0.5411 l_wrist_p=1.1259 l_wrist_y=0.8314 r_wrist_r=0.7091 r_wrist_p=0.8072 r_wrist_y=0.6911 l_elbow=1.0853 r_elbow=0.6325
[UPDATE] 198/500 reward_step=0.02463 done_frac=0.09954 mean_reward=0.25984 mean_len=10.25
[FPO++] actor_loss=0.00179 value_loss=0.00139 ratio=0.9990 [0.946,1.049] clip_frac=0.1065 cfm_old=0.9468 cfm_new=0.9479 kl=0.000065 grad=0.1551 grad_c=0.0342 lr=0.000506 critic_lr=0.000585
[TRAIN] mean_reward=0.25984 mean_len=10.25 recent_eps=100 completed_eps=4482902
[UPDATE_EFFECT] action_delta=0.00998024 param_rms_delta=0.00031140
[TIME] collect=4.997s update=5.815s
[DONE] timeout=0.00000 anchor_pos=0.00000 anchor_ori=0.00964 ee_body=0.98926
[DONE_ROLLOUT] timeout=0.00000 anchor_pos=0.00000 anchor_ori=0.00040 ee_body=0.09951
[FIRST_FAILURE] step_mean=5.66 step_min=0 step_max=23 phase_mean=108.20 phase_min=6 phase_max=322 anchor_pos=0.00000 anchor_ori=0.00610 ee_body=0.98914 timeout=0.00000
[TRACK_CHUNK0] anchor_pos=0.89897 anchor_ori=0.62337 body_pos=0.87491 body_ori=0.47741 body_lin=0.31581 body_ang=0.11237
[TRACK_ROLLOUT] anchor_pos=0.89714 anchor_ori=0.62741 body_pos=0.87411 body_ori=0.47835 body_lin=0.31846 body_ang=0.11417
[TRAIN_COST] action_rate=10.68921 joint_limit=0.00742 undesired_contacts=1.68958
[REWARD_WEIGHTED] pos=0.05095 penalty=-0.02632 total=0.02463 act_rate=-0.02138 contacts=-0.00342
[ACT_GREEDY] abs_mean=0.9108 abs_p95=2.4934 abs_p99=3.3567 abs_max=5.4665 legs=0.8580 waist=0.9506 arms=0.9476
[ACT_ROLLOUT] abs_mean=0.9283 abs_p95=2.4368 abs_p99=3.2898 abs_max=6.3947 abs_max_all=6.3947
[SAMPLER] top_bin=0 top_prob=0.515 peak_bin=0 failed_sum=1025.5082 entropy=0.7786
[TRAIN_BODY] torso_ori=14.34deg l_wrist_ori=21.01deg r_wrist_ori=27.45deg l_elbow_ori=18.85deg r_elbow_ori=23.37deg l_shoulder_ori=18.16deg r_shoulder_ori=22.99deg
[TRAIN_ANG] torso=3.473 l_wrist=5.854 r_wrist=7.837 l_elbow=5.120 r_elbow=6.773 l_shoulder=4.970 r_shoulder=6.138
[TRAIN_ACT] l_wrist_r=0.5425 l_wrist_p=1.1559 l_wrist_y=0.8132 r_wrist_r=0.6986 r_wrist_p=0.8105 r_wrist_y=0.6915 l_elbow=1.0825 r_elbow=0.6257
[UPDATE] 199/500 reward_step=0.02488 done_frac=0.09797 mean_reward=0.24362 mean_len=9.98
[FPO++] actor_loss=0.00118 value_loss=0.00140 ratio=0.9989 [0.892,1.088] clip_frac=0.1717 cfm_old=0.9431 cfm_new=0.9443 kl=0.000093 grad=0.2898 grad_c=0.0403 lr=0.000338 critic_lr=0.000390
[TRAIN] mean_reward=0.24362 mean_len=9.98 recent_eps=100 completed_eps=4502164
[UPDATE_EFFECT] action_delta=0.00791138 param_rms_delta=0.00027164
[TIME] collect=5.003s update=5.817s
[DONE] timeout=0.00000 anchor_pos=0.00000 anchor_ori=0.01050 ee_body=0.98792
[DONE_ROLLOUT] timeout=0.00000 anchor_pos=0.00000 anchor_ori=0.00044 ee_body=0.09794
[FIRST_FAILURE] step_mean=5.76 step_min=0 step_max=23 phase_mean=107.72 phase_min=7 phase_max=324 anchor_pos=0.00000 anchor_ori=0.00781 ee_body=0.98730 timeout=0.00000
[TRACK_CHUNK0] anchor_pos=0.89812 anchor_ori=0.63338 body_pos=0.87592 body_ori=0.48050 body_lin=0.31981 body_ang=0.11309
[TRACK_ROLLOUT] anchor_pos=0.89740 anchor_ori=0.62912 body_pos=0.87361 body_ori=0.47695 body_lin=0.32151 body_ang=0.11661
[TRAIN_COST] action_rate=10.71042 joint_limit=0.00753 undesired_contacts=1.73230
[REWARD_WEIGHTED] pos=0.05104 penalty=-0.02616 total=0.02488 act_rate=-0.02122 contacts=-0.00342
[ACT_GREEDY] abs_mean=0.9088 abs_p95=2.4873 abs_p99=3.3668 abs_max=6.1728 legs=0.8568 waist=0.9455 arms=0.9455
[ACT_ROLLOUT] abs_mean=0.9325 abs_p95=2.4472 abs_p99=3.3065 abs_max=6.6775 abs_max_all=6.6775
[SAMPLER] top_bin=0 top_prob=0.515 peak_bin=0 failed_sum=1020.2197 entropy=0.7786
[TRAIN_BODY] torso_ori=14.00deg l_wrist_ori=20.72deg r_wrist_ori=27.12deg l_elbow_ori=18.73deg r_elbow_ori=23.14deg l_shoulder_ori=17.92deg r_shoulder_ori=23.24deg
[TRAIN_ANG] torso=3.422 l_wrist=5.805 r_wrist=7.850 l_elbow=5.085 r_elbow=6.781 l_shoulder=4.949 r_shoulder=6.190
[TRAIN_ACT] l_wrist_r=0.5404 l_wrist_p=1.1472 l_wrist_y=0.8226 r_wrist_r=0.7029 r_wrist_p=0.7943 r_wrist_y=0.6822 l_elbow=1.0837 r_elbow=0.6311
[UPDATE] 200/500 reward_step=0.02513 done_frac=0.09720 mean_reward=0.23748 mean_len=9.65
[FPO++] actor_loss=0.00180 value_loss=0.00151 ratio=0.9989 [0.933,1.067] clip_frac=0.1091 cfm_old=0.9390 cfm_new=0.9402 kl=0.000059 grad=0.1643 grad_c=0.0362 lr=0.000338 critic_lr=0.000390
[TRAIN] mean_reward=0.23748 mean_len=9.65 recent_eps=100 completed_eps=4521275
[UPDATE_EFFECT] action_delta=0.00792172 param_rms_delta=0.00027047
[TIME] collect=4.889s update=5.814s
[DONE] timeout=0.00000 anchor_pos=0.00000 anchor_ori=0.01099 ee_body=0.98621
[DONE_ROLLOUT] timeout=0.00000 anchor_pos=0.00000 anchor_ori=0.00046 ee_body=0.09717
[FIRST_FAILURE] step_mean=5.69 step_min=0 step_max=23 phase_mean=109.21 phase_min=6 phase_max=324 anchor_pos=0.00000 anchor_ori=0.00708 ee_body=0.98584 timeout=0.00000
[TRACK_CHUNK0] anchor_pos=0.89598 anchor_ori=0.62609 body_pos=0.87304 body_ori=0.47604 body_lin=0.31800 body_ang=0.11614
[TRACK_ROLLOUT] anchor_pos=0.89571 anchor_ori=0.63176 body_pos=0.87340 body_ori=0.47736 body_lin=0.32366 body_ang=0.11808
[TRAIN_COST] action_rate=10.46446 joint_limit=0.00768 undesired_contacts=1.70581
[REWARD_WEIGHTED] pos=0.05112 penalty=-0.02600 total=0.02513 act_rate=-0.02108 contacts=-0.00342
[ACT_GREEDY] abs_mean=0.9112 abs_p95=2.4983 abs_p99=3.3667 abs_max=5.6058 legs=0.8612 waist=0.9369 arms=0.9486
[ACT_ROLLOUT] abs_mean=0.9290 abs_p95=2.4428 abs_p99=3.2980 abs_max=6.4217 abs_max_all=6.4217
[SAMPLER] top_bin=0 top_prob=0.515 peak_bin=0 failed_sum=1014.9066 entropy=0.7787
[TRAIN_BODY] torso_ori=14.35deg l_wrist_ori=20.98deg r_wrist_ori=26.97deg l_elbow_ori=18.85deg r_elbow_ori=22.86deg l_shoulder_ori=18.11deg r_shoulder_ori=23.23deg
[TRAIN_ANG] torso=3.440 l_wrist=5.797 r_wrist=7.691 l_elbow=5.061 r_elbow=6.650 l_shoulder=4.880 r_shoulder=6.084
[TRAIN_ACT] l_wrist_r=0.5450 l_wrist_p=1.1515 l_wrist_y=0.8194 r_wrist_r=0.6995 r_wrist_p=0.7968 r_wrist_y=0.6978 l_elbow=1.0795 r_elbow=0.6361
[CHECKPOINT] saved /home/y/my_mimic_mixgrpo/my_mimic_mixgrpo_h1/runs/fpo_largebox_500_fresh_v2/checkpoints/update_0200.pt
[UPDATE] 201/500 reward_step=0.02552 done_frac=0.09518 mean_reward=0.27960 mean_len=10.56
[FPO++] actor_loss=-0.00092 value_loss=0.00153 ratio=0.9989 [0.937,1.049] clip_frac=0.0989 cfm_old=0.9314 cfm_new=0.9325 kl=0.000061 grad=0.1439 grad_c=0.0402 lr=0.000338 critic_lr=0.000390
[TRAIN] mean_reward=0.27960 mean_len=10.56 recent_eps=100 completed_eps=4539989
[UPDATE_EFFECT] action_delta=0.00803413 param_rms_delta=0.00027411
[TIME] collect=5.009s update=5.817s
[DONE] timeout=0.00000 anchor_pos=0.00012 anchor_ori=0.00867 ee_body=0.98535
[DONE_ROLLOUT] timeout=0.00000 anchor_pos=0.00001 anchor_ori=0.00037 ee_body=0.09517
[FIRST_FAILURE] step_mean=5.92 step_min=0 step_max=23 phase_mean=109.08 phase_min=6 phase_max=323 anchor_pos=0.00012 anchor_ori=0.00623 ee_body=0.98511 timeout=0.00000
[TRACK_CHUNK0] anchor_pos=0.89536 anchor_ori=0.63254 body_pos=0.87453 body_ori=0.47937 body_lin=0.32673 body_ang=0.12000
[TRACK_ROLLOUT] anchor_pos=0.89328 anchor_ori=0.63265 body_pos=0.87207 body_ori=0.47514 body_lin=0.32690 body_ang=0.12125
[TRAIN_COST] action_rate=10.43795 joint_limit=0.00758 undesired_contacts=1.69080
[REWARD_WEIGHTED] pos=0.05117 penalty=-0.02565 total=0.02552 act_rate=-0.02076 contacts=-0.00340
[ACT_GREEDY] abs_mean=0.9064 abs_p95=2.4915 abs_p99=3.3596 abs_max=5.8983 legs=0.8538 waist=0.9350 arms=0.9454
[ACT_ROLLOUT] abs_mean=0.9298 abs_p95=2.4447 abs_p99=3.3018 abs_max=6.3676 abs_max_all=6.3676
[SAMPLER] top_bin=0 top_prob=0.515 peak_bin=0 failed_sum=1009.3276 entropy=0.7788
[TRAIN_BODY] torso_ori=14.15deg l_wrist_ori=21.01deg r_wrist_ori=26.79deg l_elbow_ori=18.77deg r_elbow_ori=22.71deg l_shoulder_ori=18.07deg r_shoulder_ori=22.88deg
[TRAIN_ANG] torso=3.371 l_wrist=5.719 r_wrist=7.563 l_elbow=4.974 r_elbow=6.519 l_shoulder=4.811 r_shoulder=6.015
[TRAIN_ACT] l_wrist_r=0.5396 l_wrist_p=1.1618 l_wrist_y=0.8401 r_wrist_r=0.6962 r_wrist_p=0.7964 r_wrist_y=0.7020 l_elbow=1.0897 r_elbow=0.6162
[UPDATE] 202/500 reward_step=0.02589 done_frac=0.09346 mean_reward=0.30668 mean_len=11.18
[FPO++] actor_loss=0.00044 value_loss=0.00161 ratio=0.9987 [0.903,1.092] clip_frac=0.1358 cfm_old=0.9278 cfm_new=0.9291 kl=0.000091 grad=0.2170 grad_c=0.1026 lr=0.000338 critic_lr=0.000390
[TRAIN] mean_reward=0.30668 mean_len=11.18 recent_eps=100 completed_eps=4558363
[UPDATE_EFFECT] action_delta=0.00858330 param_rms_delta=0.00028629
[TIME] collect=4.944s update=5.816s
[DONE] timeout=0.00000 anchor_pos=0.00000 anchor_ori=0.00989 ee_body=0.98181
[DONE_ROLLOUT] timeout=0.00000 anchor_pos=0.00000 anchor_ori=0.00041 ee_body=0.09343
[FIRST_FAILURE] step_mean=5.97 step_min=0 step_max=23 phase_mean=108.79 phase_min=6 phase_max=324 anchor_pos=0.00000 anchor_ori=0.00745 ee_body=0.98132 timeout=0.00000
[TRACK_CHUNK0] anchor_pos=0.89323 anchor_ori=0.62967 body_pos=0.87047 body_ori=0.47341 body_lin=0.32773 body_ang=0.12191
[TRACK_ROLLOUT] anchor_pos=0.89218 anchor_ori=0.63340 body_pos=0.87132 body_ori=0.47397 body_lin=0.33212 body_ang=0.12505
[TRAIN_COST] action_rate=10.21474 joint_limit=0.00721 undesired_contacts=1.70532
[REWARD_WEIGHTED] pos=0.05130 penalty=-0.02542 total=0.02589 act_rate=-0.02063 contacts=-0.00336
[ACT_GREEDY] abs_mean=0.9129 abs_p95=2.5044 abs_p99=3.3805 abs_max=5.7272 legs=0.8585 waist=0.9353 arms=0.9547
[ACT_ROLLOUT] abs_mean=0.9286 abs_p95=2.4452 abs_p99=3.3032 abs_max=6.7403 abs_max_all=6.7403
[SAMPLER] top_bin=0 top_prob=0.515 peak_bin=0 failed_sum=1003.5439 entropy=0.7788
[TRAIN_BODY] torso_ori=14.29deg l_wrist_ori=21.26deg r_wrist_ori=27.07deg l_elbow_ori=18.88deg r_elbow_ori=22.95deg l_shoulder_ori=18.02deg r_shoulder_ori=23.58deg
[TRAIN_ANG] torso=3.343 l_wrist=5.703 r_wrist=7.572 l_elbow=4.984 r_elbow=6.511 l_shoulder=4.764 r_shoulder=6.009
[TRAIN_ACT] l_wrist_r=0.5413 l_wrist_p=1.1729 l_wrist_y=0.8530 r_wrist_r=0.7031 r_wrist_p=0.8078 r_wrist_y=0.7028 l_elbow=1.0728 r_elbow=0.6438
[UPDATE] 203/500 reward_step=0.02625 done_frac=0.09150 mean_reward=0.33900 mean_len=12.07
[FPO++] actor_loss=0.00155 value_loss=0.00168 ratio=0.9990 [0.931,1.061] clip_frac=0.1266 cfm_old=0.9234 cfm_new=0.9244 kl=0.000080 grad=0.2022 grad_c=0.0520 lr=0.000338 critic_lr=0.000390
[TRAIN] mean_reward=0.33900 mean_len=12.07 recent_eps=100 completed_eps=4576353
[UPDATE_EFFECT] action_delta=0.00748741 param_rms_delta=0.00027066
[TIME] collect=4.991s update=5.814s
[DONE] timeout=0.00000 anchor_pos=0.00000 anchor_ori=0.01111 ee_body=0.98267
[DONE_ROLLOUT] timeout=0.00000 anchor_pos=0.00000 anchor_ori=0.00046 ee_body=0.09149
[FIRST_FAILURE] step_mean=6.10 step_min=0 step_max=23 phase_mean=111.52 phase_min=7 phase_max=323 anchor_pos=0.00000 anchor_ori=0.00708 ee_body=0.98242 timeout=0.00000
[TRACK_CHUNK0] anchor_pos=0.89089 anchor_ori=0.63046 body_pos=0.86892 body_ori=0.47235 body_lin=0.33122 body_ang=0.12810
[TRACK_ROLLOUT] anchor_pos=0.89005 anchor_ori=0.63634 body_pos=0.87021 body_ori=0.47272 body_lin=0.33616 body_ang=0.12860
[TRAIN_COST] action_rate=10.18958 joint_limit=0.00721 undesired_contacts=1.66870
[REWARD_WEIGHTED] pos=0.05142 penalty=-0.02517 total=0.02625 act_rate=-0.02044 contacts=-0.00331
[ACT_GREEDY] abs_mean=0.9103 abs_p95=2.4924 abs_p99=3.3568 abs_max=5.4797 legs=0.8504 waist=0.9260 arms=0.9583
[ACT_ROLLOUT] abs_mean=0.9292 abs_p95=2.4467 abs_p99=3.3034 abs_max=6.9719 abs_max_all=6.9719
[SAMPLER] top_bin=0 top_prob=0.515 peak_bin=0 failed_sum=997.5178 entropy=0.7791
[TRAIN_BODY] torso_ori=14.27deg l_wrist_ori=21.28deg r_wrist_ori=26.87deg l_elbow_ori=19.05deg r_elbow_ori=22.73deg l_shoulder_ori=18.08deg r_shoulder_ori=23.21deg
[TRAIN_ANG] torso=3.321 l_wrist=5.635 r_wrist=7.430 l_elbow=4.890 r_elbow=6.382 l_shoulder=4.677 r_shoulder=5.913
[TRAIN_ACT] l_wrist_r=0.5450 l_wrist_p=1.2074 l_wrist_y=0.8514 r_wrist_r=0.7058 r_wrist_p=0.8209 r_wrist_y=0.7100 l_elbow=1.0817 r_elbow=0.6335
[UPDATE] 204/500 reward_step=0.02638 done_frac=0.09033 mean_reward=0.26524 mean_len=10.36
[FPO++] actor_loss=0.00198 value_loss=0.00175 ratio=0.9988 [0.882,1.081] clip_frac=0.1781 cfm_old=0.9198 cfm_new=0.9210 kl=0.000094 grad=0.3159 grad_c=0.0419 lr=0.000338 critic_lr=0.000390
[TRAIN] mean_reward=0.26524 mean_len=10.36 recent_eps=100 completed_eps=4594112
[UPDATE_EFFECT] action_delta=0.01354883 param_rms_delta=0.00028649
[TIME] collect=4.993s update=5.816s
[DONE] timeout=0.00000 anchor_pos=0.00000 anchor_ori=0.01062 ee_body=0.97668
[DONE_ROLLOUT] timeout=0.00000 anchor_pos=0.00000 anchor_ori=0.00044 ee_body=0.09030
[FIRST_FAILURE] step_mean=6.22 step_min=0 step_max=23 phase_mean=110.49 phase_min=6 phase_max=323 anchor_pos=0.00000 anchor_ori=0.00732 ee_body=0.97656 timeout=0.00000
[TRACK_CHUNK0] anchor_pos=0.88818 anchor_ori=0.63724 body_pos=0.86901 body_ori=0.46842 body_lin=0.33581 body_ang=0.13070
[TRACK_ROLLOUT] anchor_pos=0.88695 anchor_ori=0.63742 body_pos=0.86902 body_ori=0.47024 body_lin=0.33776 body_ang=0.12978
[TRAIN_COST] action_rate=10.17985 joint_limit=0.00681 undesired_contacts=1.64697
[REWARD_WEIGHTED] pos=0.05138 penalty=-0.02500 total=0.02638 act_rate=-0.02031 contacts=-0.00331
[ACT_GREEDY] abs_mean=0.9154 abs_p95=2.5059 abs_p99=3.3779 abs_max=5.7814 legs=0.8508 waist=0.9341 arms=0.9667
[ACT_ROLLOUT] abs_mean=0.9281 abs_p95=2.4449 abs_p99=3.2984 abs_max=6.5181 abs_max_all=6.5181
[SAMPLER] top_bin=0 top_prob=0.514 peak_bin=0 failed_sum=991.4064 entropy=0.7793
[TRAIN_BODY] torso_ori=13.99deg l_wrist_ori=21.32deg r_wrist_ori=27.00deg l_elbow_ori=19.24deg r_elbow_ori=22.92deg l_shoulder_ori=18.15deg r_shoulder_ori=23.75deg
[TRAIN_ANG] torso=3.271 l_wrist=5.582 r_wrist=7.358 l_elbow=4.896 r_elbow=6.315 l_shoulder=4.646 r_shoulder=5.873
[TRAIN_ACT] l_wrist_r=0.5405 l_wrist_p=1.2150 l_wrist_y=0.8712 r_wrist_r=0.7044 r_wrist_p=0.8185 r_wrist_y=0.7232 l_elbow=1.0781 r_elbow=0.6475
[UPDATE] 205/500 reward_step=0.02638 done_frac=0.08851 mean_reward=0.29027 mean_len=11.04
[FPO++] actor_loss=0.00034 value_loss=0.00184 ratio=0.9988 [0.881,1.100] clip_frac=0.1742 cfm_old=0.9209 cfm_new=0.9221 kl=0.000149 grad=0.2949 grad_c=0.0596 lr=0.000100 critic_lr=0.000116
[TRAIN] mean_reward=0.29027 mean_len=11.04 recent_eps=100 completed_eps=4611514
[UPDATE_EFFECT] action_delta=0.01109216 param_rms_delta=0.00013869
[TIME] collect=4.988s update=5.814s
[DONE] timeout=0.00000 anchor_pos=0.00000 anchor_ori=0.00989 ee_body=0.97656
[DONE_ROLLOUT] timeout=0.00000 anchor_pos=0.00000 anchor_ori=0.00041 ee_body=0.08848
[FIRST_FAILURE] step_mean=6.40 step_min=0 step_max=23 phase_mean=109.60 phase_min=7 phase_max=323 anchor_pos=0.00000 anchor_ori=0.00720 ee_body=0.97620 timeout=0.00000
[TRACK_CHUNK0] anchor_pos=0.88719 anchor_ori=0.63631 body_pos=0.86835 body_ori=0.46987 body_lin=0.34138 body_ang=0.13174
[TRACK_ROLLOUT] anchor_pos=0.88500 anchor_ori=0.63891 body_pos=0.86756 body_ori=0.46551 body_lin=0.34268 body_ang=0.13193
[TRAIN_COST] action_rate=10.14414 joint_limit=0.00686 undesired_contacts=1.65112
[REWARD_WEIGHTED] pos=0.05139 penalty=-0.02501 total=0.02638 act_rate=-0.02033 contacts=-0.00328
[ACT_GREEDY] abs_mean=0.9175 abs_p95=2.5190 abs_p99=3.3880 abs_max=5.7062 legs=0.8543 waist=0.9396 arms=0.9670
[ACT_ROLLOUT] abs_mean=0.9302 abs_p95=2.4551 abs_p99=3.3154 abs_max=6.2906 abs_max_all=6.2906
[SAMPLER] top_bin=0 top_prob=0.514 peak_bin=0 failed_sum=985.0879 entropy=0.7794
[TRAIN_BODY] torso_ori=14.05deg l_wrist_ori=21.48deg r_wrist_ori=27.10deg l_elbow_ori=19.22deg r_elbow_ori=22.90deg l_shoulder_ori=18.12deg r_shoulder_ori=23.79deg
[TRAIN_ANG] torso=3.251 l_wrist=5.613 r_wrist=7.335 l_elbow=4.843 r_elbow=6.291 l_shoulder=4.587 r_shoulder=5.842
[TRAIN_ACT] l_wrist_r=0.5372 l_wrist_p=1.2147 l_wrist_y=0.8912 r_wrist_r=0.7083 r_wrist_p=0.8188 r_wrist_y=0.7205 l_elbow=1.0601 r_elbow=0.6304
[UPDATE] 206/500 reward_step=0.02636 done_frac=0.08546 mean_reward=0.33638 mean_len=12.41
[FPO++] actor_loss=0.00022 value_loss=0.00192 ratio=0.9988 [0.924,1.064] clip_frac=0.1099 cfm_old=0.9201 cfm_new=0.9213 kl=0.000060 grad=0.1725 grad_c=0.0441 lr=0.000338 critic_lr=0.000390
[TRAIN] mean_reward=0.33638 mean_len=12.41 recent_eps=100 completed_eps=4628316
[UPDATE_EFFECT] action_delta=0.00711504 param_rms_delta=0.00026290
[TIME] collect=4.942s update=5.816s
[DONE] timeout=0.00000 anchor_pos=0.00000 anchor_ori=0.00903 ee_body=0.96753
[DONE_ROLLOUT] timeout=0.00000 anchor_pos=0.00000 anchor_ori=0.00038 ee_body=0.08546
[FIRST_FAILURE] step_mean=6.60 step_min=0 step_max=23 phase_mean=111.25 phase_min=7 phase_max=324 anchor_pos=0.00000 anchor_ori=0.00732 ee_body=0.96753 timeout=0.00000
[TRACK_CHUNK0] anchor_pos=0.88450 anchor_ori=0.64278 body_pos=0.86914 body_ori=0.46777 body_lin=0.34605 body_ang=0.13428
[TRACK_ROLLOUT] anchor_pos=0.87936 anchor_ori=0.64183 body_pos=0.86505 body_ori=0.45924 body_lin=0.34550 body_ang=0.13535
[TRAIN_COST] action_rate=10.11703 joint_limit=0.00713 undesired_contacts=1.62366
[REWARD_WEIGHTED] pos=0.05131 penalty=-0.02495 total=0.02636 act_rate=-0.02028 contacts=-0.00323
[ACT_GREEDY] abs_mean=0.9106 abs_p95=2.5001 abs_p99=3.3785 abs_max=5.5779 legs=0.8459 waist=0.9226 arms=0.9635
[ACT_ROLLOUT] abs_mean=0.9338 abs_p95=2.4637 abs_p99=3.3242 abs_max=6.7629 abs_max_all=6.7629
[SAMPLER] top_bin=0 top_prob=0.514 peak_bin=0 failed_sum=978.3260 entropy=0.7795
[TRAIN_BODY] torso_ori=13.66deg l_wrist_ori=21.71deg r_wrist_ori=26.86deg l_elbow_ori=19.27deg r_elbow_ori=22.83deg l_shoulder_ori=18.15deg r_shoulder_ori=23.88deg
[TRAIN_ANG] torso=3.193 l_wrist=5.532 r_wrist=7.209 l_elbow=4.793 r_elbow=6.181 l_shoulder=4.514 r_shoulder=5.769
[TRAIN_ACT] l_wrist_r=0.5264 l_wrist_p=1.2333 l_wrist_y=0.8958 r_wrist_r=0.7004 r_wrist_p=0.7921 r_wrist_y=0.7176 l_elbow=1.0428 r_elbow=0.6456
[UPDATE] 207/500 reward_step=0.02672 done_frac=0.08434 mean_reward=0.34141 mean_len=13.07
[FPO++] actor_loss=0.00117 value_loss=0.00189 ratio=0.9989 [0.929,1.079] clip_frac=0.1326 cfm_old=0.9114 cfm_new=0.9125 kl=0.000073 grad=0.2291 grad_c=0.0604 lr=0.000338 critic_lr=0.000390
[TRAIN] mean_reward=0.34141 mean_len=13.07 recent_eps=100 completed_eps=4644898
[UPDATE_EFFECT] action_delta=0.00718014 param_rms_delta=0.00027481
[TIME] collect=4.978s update=5.816s
[DONE] timeout=0.00000 anchor_pos=0.00000 anchor_ori=0.01001 ee_body=0.96350
[DONE_ROLLOUT] timeout=0.00000 anchor_pos=0.00000 anchor_ori=0.00042 ee_body=0.08431
[FIRST_FAILURE] step_mean=6.50 step_min=0 step_max=23 phase_mean=112.16 phase_min=7 phase_max=324 anchor_pos=0.00000 anchor_ori=0.00818 ee_body=0.96326 timeout=0.00000
[TRACK_CHUNK0] anchor_pos=0.87768 anchor_ori=0.63820 body_pos=0.86358 body_ori=0.45888 body_lin=0.34366 body_ang=0.13456
[TRACK_ROLLOUT] anchor_pos=0.87716 anchor_ori=0.64306 body_pos=0.86442 body_ori=0.45870 body_lin=0.34857 body_ang=0.13789
[TRAIN_COST] action_rate=10.08845 joint_limit=0.00758 undesired_contacts=1.60474
[REWARD_WEIGHTED] pos=0.05139 penalty=-0.02467 total=0.02672 act_rate=-0.02007 contacts=-0.00320
[ACT_GREEDY] abs_mean=0.9157 abs_p95=2.5093 abs_p99=3.3735 abs_max=5.6643 legs=0.8483 waist=0.9250 arms=0.9716
[ACT_ROLLOUT] abs_mean=0.9328 abs_p95=2.4611 abs_p99=3.3159 abs_max=6.4726 abs_max_all=6.4726
[SAMPLER] top_bin=0 top_prob=0.514 peak_bin=0 failed_sum=971.5062 entropy=0.7797
[TRAIN_BODY] torso_ori=13.94deg l_wrist_ori=22.02deg r_wrist_ori=26.88deg l_elbow_ori=19.48deg r_elbow_ori=22.91deg l_shoulder_ori=18.25deg r_shoulder_ori=24.13deg
[TRAIN_ANG] torso=3.191 l_wrist=5.581 r_wrist=7.162 l_elbow=4.846 r_elbow=6.080 l_shoulder=4.507 r_shoulder=5.700
[TRAIN_ACT] l_wrist_r=0.5256 l_wrist_p=1.2795 l_wrist_y=0.9337 r_wrist_r=0.6923 r_wrist_p=0.8032 r_wrist_y=0.7193 l_elbow=1.0440 r_elbow=0.6488
[UPDATE] 208/500 reward_step=0.02698 done_frac=0.08231 mean_reward=0.32195 mean_len=12.18
[FPO++] actor_loss=0.00326 value_loss=0.00232 ratio=0.9981 [0.820,1.184] clip_frac=0.2603 cfm_old=0.9094 cfm_new=0.9115 kl=0.000108 grad=0.5388 grad_c=0.2249 lr=0.000225 critic_lr=0.000260
[TRAIN] mean_reward=0.32195 mean_len=12.18 recent_eps=100 completed_eps=4661080
[UPDATE_EFFECT] action_delta=0.00667484 param_rms_delta=0.00026004
[TIME] collect=4.990s update=5.817s
[DONE] timeout=0.00000 anchor_pos=0.00000 anchor_ori=0.00952 ee_body=0.96155
[DONE_ROLLOUT] timeout=0.00000 anchor_pos=0.00000 anchor_ori=0.00040 ee_body=0.08231
[FIRST_FAILURE] step_mean=6.80 step_min=0 step_max=23 phase_mean=113.53 phase_min=7 phase_max=322 anchor_pos=0.00000 anchor_ori=0.00793 ee_body=0.96155 timeout=0.00000
[TRACK_CHUNK0] anchor_pos=0.87445 anchor_ori=0.64472 body_pos=0.86441 body_ori=0.45793 body_lin=0.35033 body_ang=0.14049
[TRACK_ROLLOUT] anchor_pos=0.87442 anchor_ori=0.64478 body_pos=0.86329 body_ori=0.45605 body_lin=0.35238 body_ang=0.14024
[TRAIN_COST] action_rate=9.96154 joint_limit=0.00689 undesired_contacts=1.57324
[REWARD_WEIGHTED] pos=0.05143 penalty=-0.02445 total=0.02698 act_rate=-0.01992 contacts=-0.00318
[ACT_GREEDY] abs_mean=0.9133 abs_p95=2.5014 abs_p99=3.3645 abs_max=6.0964 legs=0.8418 waist=0.9108 arms=0.9752
[ACT_ROLLOUT] abs_mean=0.9318 abs_p95=2.4570 abs_p99=3.3108 abs_max=6.5627 abs_max_all=6.5627
[SAMPLER] top_bin=0 top_prob=0.514 peak_bin=0 failed_sum=964.4535 entropy=0.7799
[TRAIN_BODY] torso_ori=13.68deg l_wrist_ori=22.06deg r_wrist_ori=27.01deg l_elbow_ori=19.64deg r_elbow_ori=23.05deg l_shoulder_ori=18.35deg r_shoulder_ori=24.30deg
[TRAIN_ANG] torso=3.171 l_wrist=5.481 r_wrist=7.003 l_elbow=4.762 r_elbow=6.011 l_shoulder=4.448 r_shoulder=5.613
[TRAIN_ACT] l_wrist_r=0.5302 l_wrist_p=1.2861 l_wrist_y=0.9276 r_wrist_r=0.6834 r_wrist_p=0.8076 r_wrist_y=0.7282 l_elbow=1.0369 r_elbow=0.6567
[UPDATE] 209/500 reward_step=0.02715 done_frac=0.08229 mean_reward=0.31416 mean_len=11.63
[FPO++] actor_loss=0.00041 value_loss=0.00197 ratio=0.9989 [0.910,1.096] clip_frac=0.1327 cfm_old=0.9077 cfm_new=0.9088 kl=0.000058 grad=0.2383 grad_c=0.0805 lr=0.000337 critic_lr=0.000390
[TRAIN] mean_reward=0.31416 mean_len=11.63 recent_eps=100 completed_eps=4677258
[UPDATE_EFFECT] action_delta=0.00674115 param_rms_delta=0.00021611
[TIME] collect=4.979s update=5.815s
[DONE] timeout=0.00000 anchor_pos=0.00012 anchor_ori=0.00952 ee_body=0.96460
[DONE_ROLLOUT] timeout=0.00000 anchor_pos=0.00001 anchor_ori=0.00040 ee_body=0.08226
[FIRST_FAILURE] step_mean=6.88 step_min=0 step_max=23 phase_mean=113.73 phase_min=6 phase_max=324 anchor_pos=0.00012 anchor_ori=0.00720 ee_body=0.96436 timeout=0.00000
[TRACK_CHUNK0] anchor_pos=0.87362 anchor_ori=0.64048 body_pos=0.86254 body_ori=0.45689 body_lin=0.35159 body_ang=0.14033
[TRACK_ROLLOUT] anchor_pos=0.87315 anchor_ori=0.64414 body_pos=0.86211 body_ori=0.45670 body_lin=0.35365 body_ang=0.14205
[TRAIN_COST] action_rate=9.97212 joint_limit=0.00699 undesired_contacts=1.57788
[REWARD_WEIGHTED] pos=0.05146 penalty=-0.02431 total=0.02715 act_rate=-0.01980 contacts=-0.00318
[ACT_GREEDY] abs_mean=0.9130 abs_p95=2.5044 abs_p99=3.3781 abs_max=5.7803 legs=0.8421 waist=0.9032 arms=0.9758
[ACT_ROLLOUT] abs_mean=0.9304 abs_p95=2.4555 abs_p99=3.3095 abs_max=6.6886 abs_max_all=6.6886
[SAMPLER] top_bin=0 top_prob=0.513 peak_bin=0 failed_sum=957.5650 entropy=0.7801
[TRAIN_BODY] torso_ori=13.79deg l_wrist_ori=22.02deg r_wrist_ori=27.00deg l_elbow_ori=19.65deg r_elbow_ori=22.92deg l_shoulder_ori=18.43deg r_shoulder_ori=24.31deg
[TRAIN_ANG] torso=3.141 l_wrist=5.506 r_wrist=7.011 l_elbow=4.768 r_elbow=6.001 l_shoulder=4.420 r_shoulder=5.533
[TRAIN_ACT] l_wrist_r=0.5219 l_wrist_p=1.2940 l_wrist_y=0.9456 r_wrist_r=0.6907 r_wrist_p=0.8151 r_wrist_y=0.7253 l_elbow=1.0438 r_elbow=0.6517
[UPDATE] 210/500 reward_step=0.02751 done_frac=0.08124 mean_reward=0.36618 mean_len=12.94
[FPO++] actor_loss=0.00094 value_loss=0.00208 ratio=0.9985 [0.927,1.063] clip_frac=0.1315 cfm_old=0.9031 cfm_new=0.9047 kl=0.000064 grad=0.2084 grad_c=0.1141 lr=0.000337 critic_lr=0.000390
[TRAIN] mean_reward=0.36618 mean_len=12.94 recent_eps=100 completed_eps=4693230
[UPDATE_EFFECT] action_delta=0.00827406 param_rms_delta=0.00027260
[TIME] collect=5.040s update=5.820s
[DONE] timeout=0.00000 anchor_pos=0.00012 anchor_ori=0.00940 ee_body=0.95947
[DONE_ROLLOUT] timeout=0.00000 anchor_pos=0.00001 anchor_ori=0.00040 ee_body=0.08123
[FIRST_FAILURE] step_mean=6.97 step_min=0 step_max=23 phase_mean=113.22 phase_min=7 phase_max=324 anchor_pos=0.00012 anchor_ori=0.00696 ee_body=0.95947 timeout=0.00000
[TRACK_CHUNK0] anchor_pos=0.87265 anchor_ori=0.64848 body_pos=0.86339 body_ori=0.45969 body_lin=0.35710 body_ang=0.14420
[TRACK_ROLLOUT] anchor_pos=0.87230 anchor_ori=0.64662 body_pos=0.86243 body_ori=0.45784 body_lin=0.35555 body_ang=0.14478
[TRAIN_COST] action_rate=9.89211 joint_limit=0.00676 undesired_contacts=1.56348
[REWARD_WEIGHTED] pos=0.05160 penalty=-0.02409 total=0.02751 act_rate=-0.01958 contacts=-0.00320
[ACT_GREEDY] abs_mean=0.9117 abs_p95=2.5012 abs_p99=3.3461 abs_max=5.7448 legs=0.8363 waist=0.9077 arms=0.9772
[ACT_ROLLOUT] abs_mean=0.9314 abs_p95=2.4603 abs_p99=3.3123 abs_max=6.7355 abs_max_all=6.7355
[SAMPLER] top_bin=0 top_prob=0.513 peak_bin=0 failed_sum=950.6367 entropy=0.7803
[TRAIN_BODY] torso_ori=13.50deg l_wrist_ori=21.94deg r_wrist_ori=26.82deg l_elbow_ori=19.32deg r_elbow_ori=22.83deg l_shoulder_ori=18.32deg r_shoulder_ori=24.29deg
[TRAIN_ANG] torso=3.103 l_wrist=5.491 r_wrist=6.916 l_elbow=4.715 r_elbow=5.908 l_shoulder=4.396 r_shoulder=5.517
[TRAIN_ACT] l_wrist_r=0.5207 l_wrist_p=1.2846 l_wrist_y=0.9465 r_wrist_r=0.6779 r_wrist_p=0.8161 r_wrist_y=0.7370 l_elbow=1.0394 r_elbow=0.6544
[UPDATE] 211/500 reward_step=0.02786 done_frac=0.07836 mean_reward=0.36449 mean_len=13.26
[FPO++] actor_loss=0.00216 value_loss=0.00216 ratio=0.9986 [0.923,1.091] clip_frac=0.1925 cfm_old=0.9000 cfm_new=0.9015 kl=0.000108 grad=0.3383 grad_c=0.0799 lr=0.000225 critic_lr=0.000260
[TRAIN] mean_reward=0.36449 mean_len=13.26 recent_eps=100 completed_eps=4708637
[UPDATE_EFFECT] action_delta=0.00775865 param_rms_delta=0.00024690
[TIME] collect=4.842s update=5.817s
[DONE] timeout=0.00000 anchor_pos=0.00000 anchor_ori=0.00879 ee_body=0.95264
[DONE_ROLLOUT] timeout=0.00000 anchor_pos=0.00000 anchor_ori=0.00037 ee_body=0.07834
[FIRST_FAILURE] step_mean=7.05 step_min=0 step_max=23 phase_mean=112.11 phase_min=7 phase_max=323 anchor_pos=0.00000 anchor_ori=0.00696 ee_body=0.95251 timeout=0.00000
[TRACK_CHUNK0] anchor_pos=0.87496 anchor_ori=0.64798 body_pos=0.86415 body_ori=0.45988 body_lin=0.36184 body_ang=0.14743
[TRACK_ROLLOUT] anchor_pos=0.87108 anchor_ori=0.64807 body_pos=0.86210 body_ori=0.45456 body_lin=0.36284 body_ang=0.14973
[TRAIN_COST] action_rate=9.78204 joint_limit=0.00656 undesired_contacts=1.59753
[REWARD_WEIGHTED] pos=0.05178 penalty=-0.02391 total=0.02786 act_rate=-0.01946 contacts=-0.00316
[ACT_GREEDY] abs_mean=0.9111 abs_p95=2.4919 abs_p99=3.3465 abs_max=5.7076 legs=0.8412 waist=0.9009 arms=0.9732
[ACT_ROLLOUT] abs_mean=0.9323 abs_p95=2.4615 abs_p99=3.3075 abs_max=6.4970 abs_max_all=6.4970
[SAMPLER] top_bin=0 top_prob=0.513 peak_bin=0 failed_sum=943.3127 entropy=0.7805
[TRAIN_BODY] torso_ori=13.48deg l_wrist_ori=21.87deg r_wrist_ori=26.88deg l_elbow_ori=19.33deg r_elbow_ori=22.94deg l_shoulder_ori=18.28deg r_shoulder_ori=24.30deg
[TRAIN_ANG] torso=3.080 l_wrist=5.419 r_wrist=6.932 l_elbow=4.675 r_elbow=5.890 l_shoulder=4.309 r_shoulder=5.533
[TRAIN_ACT] l_wrist_r=0.5185 l_wrist_p=1.2700 l_wrist_y=0.9702 r_wrist_r=0.6763 r_wrist_p=0.8134 r_wrist_y=0.7320 l_elbow=1.0187 r_elbow=0.6480
[UPDATE] 212/500 reward_step=0.02814 done_frac=0.07902 mean_reward=0.34745 mean_len=12.61
[FPO++] actor_loss=0.00159 value_loss=0.00212 ratio=0.9990 [0.934,1.055] clip_frac=0.1182 cfm_old=0.8944 cfm_new=0.8954 kl=0.000073 grad=0.2357 grad_c=0.0307 lr=0.000337 critic_lr=0.000390
[TRAIN] mean_reward=0.34745 mean_len=12.61 recent_eps=100 completed_eps=4724173
[UPDATE_EFFECT] action_delta=0.00815361 param_rms_delta=0.00024256
[TIME] collect=4.871s update=5.819s
[DONE] timeout=0.00000 anchor_pos=0.00000 anchor_ori=0.00903 ee_body=0.95410
[DONE_ROLLOUT] timeout=0.00000 anchor_pos=0.00000 anchor_ori=0.00038 ee_body=0.07900
[FIRST_FAILURE] step_mean=6.92 step_min=0 step_max=23 phase_mean=112.57 phase_min=7 phase_max=320 anchor_pos=0.00000 anchor_ori=0.00781 ee_body=0.95410 timeout=0.00000
[TRACK_CHUNK0] anchor_pos=0.86602 anchor_ori=0.64432 body_pos=0.85835 body_ori=0.44819 body_lin=0.35848 body_ang=0.14987
[TRACK_ROLLOUT] anchor_pos=0.86902 anchor_ori=0.65079 body_pos=0.86166 body_ori=0.45761 body_lin=0.36416 body_ang=0.15248
[TRAIN_COST] action_rate=9.67898 joint_limit=0.00642 undesired_contacts=1.58130
[REWARD_WEIGHTED] pos=0.05192 penalty=-0.02377 total=0.02814 act_rate=-0.01926 contacts=-0.00321
[ACT_GREEDY] abs_mean=0.9153 abs_p95=2.5070 abs_p99=3.3551 abs_max=5.5035 legs=0.8443 waist=0.9073 arms=0.9780
[ACT_ROLLOUT] abs_mean=0.9293 abs_p95=2.4542 abs_p99=3.2936 abs_max=7.0354 abs_max_all=7.0354
[SAMPLER] top_bin=0 top_prob=0.513 peak_bin=0 failed_sum=936.2898 entropy=0.7807
[TRAIN_BODY] torso_ori=13.67deg l_wrist_ori=22.48deg r_wrist_ori=27.39deg l_elbow_ori=19.65deg r_elbow_ori=23.22deg l_shoulder_ori=18.71deg r_shoulder_ori=25.29deg
[TRAIN_ANG] torso=3.090 l_wrist=5.407 r_wrist=6.865 l_elbow=4.666 r_elbow=5.872 l_shoulder=4.298 r_shoulder=5.522
[TRAIN_ACT] l_wrist_r=0.5264 l_wrist_p=1.2964 l_wrist_y=0.9664 r_wrist_r=0.6813 r_wrist_p=0.8094 r_wrist_y=0.7562 l_elbow=1.0161 r_elbow=0.6669
[UPDATE] 213/500 reward_step=0.02878 done_frac=0.07857 mean_reward=0.35547 mean_len=12.48
[FPO++] actor_loss=0.00344 value_loss=0.00223 ratio=0.9989 [0.940,1.047] clip_frac=0.0886 cfm_old=0.8822 cfm_new=0.8833 kl=0.000068 grad=0.1356 grad_c=0.0590 lr=0.000337 critic_lr=0.000390
[TRAIN] mean_reward=0.35547 mean_len=12.48 recent_eps=100 completed_eps=4739620
[UPDATE_EFFECT] action_delta=0.00879911 param_rms_delta=0.00026436
[TIME] collect=4.889s update=5.814s
[DONE] timeout=0.00000 anchor_pos=0.00000 anchor_ori=0.00781 ee_body=0.95129
[DONE_ROLLOUT] timeout=0.00000 anchor_pos=0.00000 anchor_ori=0.00033 ee_body=0.07856
[FIRST_FAILURE] step_mean=6.82 step_min=0 step_max=23 phase_mean=111.41 phase_min=7 phase_max=323 anchor_pos=0.00000 anchor_ori=0.00623 ee_body=0.95117 timeout=0.00000
[TRACK_CHUNK0] anchor_pos=0.86882 anchor_ori=0.64906 body_pos=0.86120 body_ori=0.45768 body_lin=0.36039 body_ang=0.15092
[TRACK_ROLLOUT] anchor_pos=0.86881 anchor_ori=0.65549 body_pos=0.86262 body_ori=0.46164 body_lin=0.36705 body_ang=0.15589
[TRAIN_COST] action_rate=9.44649 joint_limit=0.00668 undesired_contacts=1.65881
[REWARD_WEIGHTED] pos=0.05219 penalty=-0.02340 total=0.02878 act_rate=-0.01884 contacts=-0.00327
[ACT_GREEDY] abs_mean=0.9177 abs_p95=2.5068 abs_p99=3.3499 abs_max=5.9918 legs=0.8548 waist=0.9136 arms=0.9724
[ACT_ROLLOUT] abs_mean=0.9285 abs_p95=2.4549 abs_p99=3.2916 abs_max=6.7787 abs_max_all=6.7787
[SAMPLER] top_bin=0 top_prob=0.513 peak_bin=0 failed_sum=929.3452 entropy=0.7808
[TRAIN_BODY] torso_ori=13.42deg l_wrist_ori=21.67deg r_wrist_ori=27.02deg l_elbow_ori=19.11deg r_elbow_ori=22.84deg l_shoulder_ori=18.39deg r_shoulder_ori=24.86deg
[TRAIN_ANG] torso=3.048 l_wrist=5.317 r_wrist=6.884 l_elbow=4.573 r_elbow=5.830 l_shoulder=4.267 r_shoulder=5.557
[TRAIN_ACT] l_wrist_r=0.5255 l_wrist_p=1.2696 l_wrist_y=0.9548 r_wrist_r=0.6832 r_wrist_p=0.8003 r_wrist_y=0.7436 l_elbow=0.9903 r_elbow=0.6634
[UPDATE] 214/500 reward_step=0.02907 done_frac=0.07642 mean_reward=0.42813 mean_len=14.07
[FPO++] actor_loss=0.00044 value_loss=0.00223 ratio=0.9989 [0.947,1.053] clip_frac=0.0838 cfm_old=0.8798 cfm_new=0.8809 kl=0.000063 grad=0.1301 grad_c=0.0751 lr=0.000337 critic_lr=0.000390
[TRAIN] mean_reward=0.42813 mean_len=14.07 recent_eps=100 completed_eps=4754645
[UPDATE_EFFECT] action_delta=0.00807175 param_rms_delta=0.00026628
[TIME] collect=4.912s update=5.815s
[DONE] timeout=0.00000 anchor_pos=0.00012 anchor_ori=0.00732 ee_body=0.95203
[DONE_ROLLOUT] timeout=0.00000 anchor_pos=0.00001 anchor_ori=0.00031 ee_body=0.07640
[FIRST_FAILURE] step_mean=7.13 step_min=0 step_max=23 phase_mean=112.53 phase_min=6 phase_max=324 anchor_pos=0.00012 anchor_ori=0.00623 ee_body=0.95190 timeout=0.00000
[TRACK_CHUNK0] anchor_pos=0.86616 anchor_ori=0.65220 body_pos=0.86121 body_ori=0.46313 body_lin=0.36968 body_ang=0.15798
[TRACK_ROLLOUT] anchor_pos=0.86607 anchor_ori=0.65829 body_pos=0.86159 body_ori=0.46034 body_lin=0.37112 body_ang=0.16072
[TRAIN_COST] action_rate=9.42429 joint_limit=0.00621 undesired_contacts=1.60681
[REWARD_WEIGHTED] pos=0.05232 penalty=-0.02325 total=0.02907 act_rate=-0.01874 contacts=-0.00325
[ACT_GREEDY] abs_mean=0.9109 abs_p95=2.4968 abs_p99=3.3335 abs_max=6.1425 legs=0.8476 waist=0.8958 arms=0.9684
[ACT_ROLLOUT] abs_mean=0.9280 abs_p95=2.4533 abs_p99=3.2871 abs_max=6.7237 abs_max_all=6.7237
[SAMPLER] top_bin=0 top_prob=0.512 peak_bin=0 failed_sum=922.1489 entropy=0.7810
[TRAIN_BODY] torso_ori=13.34deg l_wrist_ori=21.34deg r_wrist_ori=26.33deg l_elbow_ori=18.71deg r_elbow_ori=22.51deg l_shoulder_ori=17.96deg r_shoulder_ori=24.51deg
[TRAIN_ANG] torso=3.016 l_wrist=5.280 r_wrist=6.679 l_elbow=4.544 r_elbow=5.644 l_shoulder=4.217 r_shoulder=5.378
[TRAIN_ACT] l_wrist_r=0.5287 l_wrist_p=1.2403 l_wrist_y=0.9743 r_wrist_r=0.6695 r_wrist_p=0.8206 r_wrist_y=0.7424 l_elbow=0.9846 r_elbow=0.6718
[UPDATE] 215/500 reward_step=0.02960 done_frac=0.07454 mean_reward=0.41276 mean_len=13.29
[FPO++] actor_loss=0.00090 value_loss=0.00244 ratio=0.9988 [0.944,1.055] clip_frac=0.0793 cfm_old=0.8739 cfm_new=0.8751 kl=0.000061 grad=0.1119 grad_c=0.1108 lr=0.000337 critic_lr=0.000390
[TRAIN] mean_reward=0.41276 mean_len=13.29 recent_eps=100 completed_eps=4769301
[UPDATE_EFFECT] action_delta=0.00801636 param_rms_delta=0.00026801
[TIME] collect=4.950s update=5.816s
[DONE] timeout=0.00000 anchor_pos=0.00012 anchor_ori=0.00708 ee_body=0.94043
[DONE_ROLLOUT] timeout=0.00000 anchor_pos=0.00001 anchor_ori=0.00030 ee_body=0.07453
[FIRST_FAILURE] step_mean=7.06 step_min=0 step_max=23 phase_mean=113.16 phase_min=7 phase_max=324 anchor_pos=0.00012 anchor_ori=0.00647 ee_body=0.94043 timeout=0.00000
[TRACK_CHUNK0] anchor_pos=0.86462 anchor_ori=0.65637 body_pos=0.86043 body_ori=0.45893 body_lin=0.37070 body_ang=0.15983
[TRACK_ROLLOUT] anchor_pos=0.86466 anchor_ori=0.66142 body_pos=0.86230 body_ori=0.46041 body_lin=0.37850 body_ang=0.16581
[TRAIN_COST] action_rate=9.26871 joint_limit=0.00643 undesired_contacts=1.64929
[REWARD_WEIGHTED] pos=0.05260 penalty=-0.02301 total=0.02960 act_rate=-0.01853 contacts=-0.00323
[ACT_GREEDY] abs_mean=0.9122 abs_p95=2.5045 abs_p99=3.3209 abs_max=5.9505 legs=0.8533 waist=0.8868 arms=0.9682
[ACT_ROLLOUT] abs_mean=0.9269 abs_p95=2.4495 abs_p99=3.2721 abs_max=7.1794 abs_max_all=7.1794
[SAMPLER] top_bin=0 top_prob=0.512 peak_bin=0 failed_sum=914.7576 entropy=0.7812
[TRAIN_BODY] torso_ori=13.21deg l_wrist_ori=21.60deg r_wrist_ori=26.46deg l_elbow_ori=18.92deg r_elbow_ori=22.69deg l_shoulder_ori=18.21deg r_shoulder_ori=25.02deg
[TRAIN_ANG] torso=2.987 l_wrist=5.235 r_wrist=6.674 l_elbow=4.503 r_elbow=5.648 l_shoulder=4.161 r_shoulder=5.397
[TRAIN_ACT] l_wrist_r=0.5171 l_wrist_p=1.2503 l_wrist_y=0.9476 r_wrist_r=0.6649 r_wrist_p=0.7960 r_wrist_y=0.7405 l_elbow=0.9691 r_elbow=0.6728
[UPDATE] 216/500 reward_step=0.02968 done_frac=0.07298 mean_reward=0.39838 mean_len=13.81
[FPO++] actor_loss=0.00047 value_loss=0.00256 ratio=0.9989 [0.913,1.084] clip_frac=0.1547 cfm_old=0.8721 cfm_new=0.8732 kl=0.000097 grad=0.2512 grad_c=0.1185 lr=0.000337 critic_lr=0.000390
[TRAIN] mean_reward=0.39838 mean_len=13.81 recent_eps=100 completed_eps=4783650
[UPDATE_EFFECT] action_delta=0.00844507 param_rms_delta=0.00028545
[TIME] collect=4.962s update=5.816s
[DONE] timeout=0.00000 anchor_pos=0.00000 anchor_ori=0.00818 ee_body=0.94080
[DONE_ROLLOUT] timeout=0.00000 anchor_pos=0.00000 anchor_ori=0.00034 ee_body=0.07297
[FIRST_FAILURE] step_mean=7.37 step_min=0 step_max=23 phase_mean=115.40 phase_min=8 phase_max=324 anchor_pos=0.00000 anchor_ori=0.00720 ee_body=0.94055 timeout=0.00000
[TRACK_CHUNK0] anchor_pos=0.86253 anchor_ori=0.65758 body_pos=0.85995 body_ori=0.45510 body_lin=0.37726 body_ang=0.16794
[TRACK_ROLLOUT] anchor_pos=0.85837 anchor_ori=0.65787 body_pos=0.85983 body_ori=0.45619 body_lin=0.38126 body_ang=0.16964
[TRAIN_COST] action_rate=9.23164 joint_limit=0.00585 undesired_contacts=1.56567
[REWARD_WEIGHTED] pos=0.05250 penalty=-0.02283 total=0.02968 act_rate=-0.01844 contacts=-0.00319
[ACT_GREEDY] abs_mean=0.9127 abs_p95=2.5028 abs_p99=3.3194 abs_max=5.5987 legs=0.8476 waist=0.8835 arms=0.9748
[ACT_ROLLOUT] abs_mean=0.9258 abs_p95=2.4514 abs_p99=3.2721 abs_max=6.3071 abs_max_all=6.3071
[SAMPLER] top_bin=0 top_prob=0.512 peak_bin=0 failed_sum=907.2393 entropy=0.7815
[TRAIN_BODY] torso_ori=13.08deg l_wrist_ori=21.71deg r_wrist_ori=26.53deg l_elbow_ori=19.04deg r_elbow_ori=22.51deg l_shoulder_ori=18.19deg r_shoulder_ori=25.00deg
[TRAIN_ANG] torso=2.935 l_wrist=5.162 r_wrist=6.533 l_elbow=4.429 r_elbow=5.565 l_shoulder=4.060 r_shoulder=5.295
[TRAIN_ACT] l_wrist_r=0.5278 l_wrist_p=1.2697 l_wrist_y=0.9755 r_wrist_r=0.6589 r_wrist_p=0.8236 r_wrist_y=0.7404 l_elbow=0.9845 r_elbow=0.6743
[UPDATE] 217/500 reward_step=0.02998 done_frac=0.07150 mean_reward=0.38000 mean_len=13.05
[FPO++] actor_loss=0.00206 value_loss=0.00261 ratio=0.9982 [0.903,1.083] clip_frac=0.1864 cfm_old=0.8706 cfm_new=0.8724 kl=0.000095 grad=0.2946 grad_c=0.0842 lr=0.000337 critic_lr=0.000390
[TRAIN] mean_reward=0.38000 mean_len=13.05 recent_eps=100 completed_eps=4797708
[UPDATE_EFFECT] action_delta=0.00796721 param_rms_delta=0.00026393
[TIME] collect=4.853s update=5.815s
[DONE] timeout=0.00000 anchor_pos=0.00000 anchor_ori=0.00647 ee_body=0.93176
[DONE_ROLLOUT] timeout=0.00000 anchor_pos=0.00000 anchor_ori=0.00027 ee_body=0.07146
[FIRST_FAILURE] step_mean=7.51 step_min=0 step_max=23 phase_mean=116.10 phase_min=7 phase_max=324 anchor_pos=0.00000 anchor_ori=0.00537 ee_body=0.93127 timeout=0.00000
[TRACK_CHUNK0] anchor_pos=0.85824 anchor_ori=0.66467 body_pos=0.86205 body_ori=0.45948 body_lin=0.38572 body_ang=0.17309
[TRACK_ROLLOUT] anchor_pos=0.85594 anchor_ori=0.66013 body_pos=0.86043 body_ori=0.45737 body_lin=0.38642 body_ang=0.17431
[TRAIN_COST] action_rate=9.17262 joint_limit=0.00605 undesired_contacts=1.58948
[REWARD_WEIGHTED] pos=0.05273 penalty=-0.02275 total=0.02998 act_rate=-0.01831 contacts=-0.00325
[ACT_GREEDY] abs_mean=0.9026 abs_p95=2.4736 abs_p99=3.2739 abs_max=6.0079 legs=0.8384 waist=0.8758 arms=0.9634
[ACT_ROLLOUT] abs_mean=0.9277 abs_p95=2.4565 abs_p99=3.2751 abs_max=6.3384 abs_max_all=6.3384
[SAMPLER] top_bin=0 top_prob=0.511 peak_bin=0 failed_sum=899.6133 entropy=0.7818
[TRAIN_BODY] torso_ori=12.85deg l_wrist_ori=21.76deg r_wrist_ori=26.46deg l_elbow_ori=19.14deg r_elbow_ori=22.27deg l_shoulder_ori=18.01deg r_shoulder_ori=24.79deg
[TRAIN_ANG] torso=2.894 l_wrist=5.156 r_wrist=6.342 l_elbow=4.397 r_elbow=5.339 l_shoulder=3.979 r_shoulder=5.165
[TRAIN_ACT] l_wrist_r=0.5076 l_wrist_p=1.2504 l_wrist_y=0.9399 r_wrist_r=0.6504 r_wrist_p=0.8107 r_wrist_y=0.7205 l_elbow=0.9779 r_elbow=0.6897
[UPDATE] 218/500 reward_step=0.03032 done_frac=0.07067 mean_reward=0.38476 mean_len=13.07
[FPO++] actor_loss=0.00221 value_loss=0.00259 ratio=0.9988 [0.936,1.070] clip_frac=0.0968 cfm_old=0.8671 cfm_new=0.8683 kl=0.000065 grad=0.1368 grad_c=0.0522 lr=0.000337 critic_lr=0.000390
[TRAIN] mean_reward=0.38476 mean_len=13.07 recent_eps=100 completed_eps=4811603
[UPDATE_EFFECT] action_delta=0.00731462 param_rms_delta=0.00026402
[TIME] collect=4.919s update=5.816s
[DONE] timeout=0.00000 anchor_pos=0.00000 anchor_ori=0.00574 ee_body=0.93225
[DONE_ROLLOUT] timeout=0.00000 anchor_pos=0.00000 anchor_ori=0.00024 ee_body=0.07066
[FIRST_FAILURE] step_mean=7.47 step_min=0 step_max=23 phase_mean=114.22 phase_min=6 phase_max=324 anchor_pos=0.00000 anchor_ori=0.00562 ee_body=0.93201 timeout=0.00000
[TRACK_CHUNK0] anchor_pos=0.85738 anchor_ori=0.66432 body_pos=0.86129 body_ori=0.46059 body_lin=0.39026 body_ang=0.17650
[TRACK_ROLLOUT] anchor_pos=0.85581 anchor_ori=0.66715 body_pos=0.86044 body_ori=0.45796 body_lin=0.39032 body_ang=0.17725
[TRAIN_COST] action_rate=9.13318 joint_limit=0.00640 undesired_contacts=1.64917
[REWARD_WEIGHTED] pos=0.05295 penalty=-0.02263 total=0.03032 act_rate=-0.01816 contacts=-0.00327
[ACT_GREEDY] abs_mean=0.9047 abs_p95=2.4889 abs_p99=3.2740 abs_max=5.7094 legs=0.8461 waist=0.8738 arms=0.9615
[ACT_ROLLOUT] abs_mean=0.9253 abs_p95=2.4460 abs_p99=3.2527 abs_max=6.3793 abs_max_all=6.3793
[SAMPLER] top_bin=0 top_prob=0.511 peak_bin=0 failed_sum=892.0059 entropy=0.7820
[TRAIN_BODY] torso_ori=12.89deg l_wrist_ori=21.71deg r_wrist_ori=26.07deg l_elbow_ori=19.07deg r_elbow_ori=22.29deg l_shoulder_ori=18.05deg r_shoulder_ori=25.21deg
[TRAIN_ANG] torso=2.854 l_wrist=5.100 r_wrist=6.356 l_elbow=4.378 r_elbow=5.342 l_shoulder=3.949 r_shoulder=5.151
[TRAIN_ACT] l_wrist_r=0.5088 l_wrist_p=1.2489 l_wrist_y=0.9700 r_wrist_r=0.6535 r_wrist_p=0.7928 r_wrist_y=0.7423 l_elbow=0.9808 r_elbow=0.6963
[UPDATE] 219/500 reward_step=0.03051 done_frac=0.06887 mean_reward=0.45833 mean_len=15.09
[FPO++] actor_loss=-0.00033 value_loss=0.00275 ratio=0.9988 [0.949,1.047] clip_frac=0.0788 cfm_old=0.8642 cfm_new=0.8653 kl=0.000058 grad=0.1304 grad_c=0.1063 lr=0.000337 critic_lr=0.000390
[TRAIN] mean_reward=0.45833 mean_len=15.09 recent_eps=100 completed_eps=4825143
[UPDATE_EFFECT] action_delta=0.00681663 param_rms_delta=0.00026554
[TIME] collect=4.972s update=5.813s
[DONE] timeout=0.00000 anchor_pos=0.00000 anchor_ori=0.00537 ee_body=0.92651
[DONE_ROLLOUT] timeout=0.00000 anchor_pos=0.00000 anchor_ori=0.00022 ee_body=0.06885
[FIRST_FAILURE] step_mean=7.70 step_min=0 step_max=23 phase_mean=115.26 phase_min=8 phase_max=324 anchor_pos=0.00000 anchor_ori=0.00452 ee_body=0.92639 timeout=0.00000
[TRACK_CHUNK0] anchor_pos=0.85557 anchor_ori=0.66785 body_pos=0.86108 body_ori=0.45764 body_lin=0.39342 body_ang=0.17960
[TRACK_ROLLOUT] anchor_pos=0.85075 anchor_ori=0.66466 body_pos=0.85863 body_ori=0.45483 body_lin=0.39464 body_ang=0.18202
[TRAIN_COST] action_rate=9.04480 joint_limit=0.00586 undesired_contacts=1.60974
[REWARD_WEIGHTED] pos=0.05296 penalty=-0.02244 total=0.03051 act_rate=-0.01799 contacts=-0.00326
[ACT_GREEDY] abs_mean=0.9003 abs_p95=2.4645 abs_p99=3.2390 abs_max=6.2124 legs=0.8349 waist=0.8689 arms=0.9631
[ACT_ROLLOUT] abs_mean=0.9231 abs_p95=2.4409 abs_p99=3.2389 abs_max=7.0502 abs_max_all=7.0502
[SAMPLER] top_bin=0 top_prob=0.511 peak_bin=0 failed_sum=884.2291 entropy=0.7823
[TRAIN_BODY] torso_ori=12.72deg l_wrist_ori=21.87deg r_wrist_ori=26.07deg l_elbow_ori=19.14deg r_elbow_ori=22.05deg l_shoulder_ori=18.14deg r_shoulder_ori=25.06deg
[TRAIN_ANG] torso=2.823 l_wrist=5.123 r_wrist=6.240 l_elbow=4.386 r_elbow=5.253 l_shoulder=3.958 r_shoulder=5.048
[TRAIN_ACT] l_wrist_r=0.5184 l_wrist_p=1.2656 l_wrist_y=0.9865 r_wrist_r=0.6452 r_wrist_p=0.7964 r_wrist_y=0.7245 l_elbow=0.9843 r_elbow=0.7000
[UPDATE] 220/500 reward_step=0.03083 done_frac=0.06773 mean_reward=0.43919 mean_len=13.99
[FPO++] actor_loss=0.00266 value_loss=0.00302 ratio=0.9988 [0.936,1.061] clip_frac=0.1045 cfm_old=0.8605 cfm_new=0.8617 kl=0.000088 grad=0.1594 grad_c=0.1833 lr=0.000337 critic_lr=0.000390
[TRAIN] mean_reward=0.43919 mean_len=13.99 recent_eps=100 completed_eps=4838460
[UPDATE_EFFECT] action_delta=0.00769239 param_rms_delta=0.00027096
[TIME] collect=4.948s update=5.802s
[DONE] timeout=0.00000 anchor_pos=0.00000 anchor_ori=0.00378 ee_body=0.92419
[DONE_ROLLOUT] timeout=0.00000 anchor_pos=0.00000 anchor_ori=0.00016 ee_body=0.06773
[FIRST_FAILURE] step_mean=7.70 step_min=0 step_max=23 phase_mean=113.65 phase_min=8 phase_max=320 anchor_pos=0.00000 anchor_ori=0.00342 ee_body=0.92419 timeout=0.00000
[TRACK_CHUNK0] anchor_pos=0.85232 anchor_ori=0.66870 body_pos=0.85992 body_ori=0.46145 body_lin=0.39803 body_ang=0.18400
[TRACK_ROLLOUT] anchor_pos=0.84810 anchor_ori=0.66791 body_pos=0.85879 body_ori=0.45673 body_lin=0.39685 body_ang=0.18535
[TRAIN_COST] action_rate=9.03953 joint_limit=0.00592 undesired_contacts=1.64929
[REWARD_WEIGHTED] pos=0.05311 penalty=-0.02228 total=0.03083 act_rate=-0.01783 contacts=-0.00330
[ACT_GREEDY] abs_mean=0.9003 abs_p95=2.4714 abs_p99=3.2366 abs_max=6.1908 legs=0.8400 waist=0.8658 arms=0.9594
[ACT_ROLLOUT] abs_mean=0.9215 abs_p95=2.4396 abs_p99=3.2340 abs_max=6.6914 abs_max_all=6.6914
[SAMPLER] top_bin=0 top_prob=0.510 peak_bin=0 failed_sum=876.4156 entropy=0.7825
[TRAIN_BODY] torso_ori=12.64deg l_wrist_ori=21.55deg r_wrist_ori=25.86deg l_elbow_ori=18.85deg r_elbow_ori=21.85deg l_shoulder_ori=18.00deg r_shoulder_ori=25.07deg
[TRAIN_ANG] torso=2.814 l_wrist=5.007 r_wrist=6.230 l_elbow=4.258 r_elbow=5.201 l_shoulder=3.852 r_shoulder=5.001
[TRAIN_ACT] l_wrist_r=0.5067 l_wrist_p=1.2748 l_wrist_y=0.9586 r_wrist_r=0.6430 r_wrist_p=0.7869 r_wrist_y=0.7332 l_elbow=0.9853 r_elbow=0.7155
[UPDATE] 221/500 reward_step=0.03118 done_frac=0.06706 mean_reward=0.46422 mean_len=14.45
[FPO++] actor_loss=0.00118 value_loss=0.00319 ratio=0.9988 [0.920,1.076] clip_frac=0.1720 cfm_old=0.8566 cfm_new=0.8578 kl=0.000107 grad=0.2872 grad_c=0.1223 lr=0.000225 critic_lr=0.000260
[TRAIN] mean_reward=0.46422 mean_len=14.45 recent_eps=100 completed_eps=4851644
[UPDATE_EFFECT] action_delta=0.01073038 param_rms_delta=0.00025506
[TIME] collect=4.861s update=5.803s
[DONE] timeout=0.00000 anchor_pos=0.00000 anchor_ori=0.00427 ee_body=0.92126
[DONE_ROLLOUT] timeout=0.00000 anchor_pos=0.00000 anchor_ori=0.00018 ee_body=0.06705
[FIRST_FAILURE] step_mean=7.60 step_min=0 step_max=23 phase_mean=114.25 phase_min=8 phase_max=323 anchor_pos=0.00000 anchor_ori=0.00415 ee_body=0.92126 timeout=0.00000
[TRACK_CHUNK0] anchor_pos=0.84738 anchor_ori=0.66864 body_pos=0.85836 body_ori=0.45736 body_lin=0.39738 body_ang=0.18711
[TRACK_ROLLOUT] anchor_pos=0.84685 anchor_ori=0.66897 body_pos=0.85868 body_ori=0.45722 body_lin=0.40219 body_ang=0.18941
[TRAIN_COST] action_rate=8.89862 joint_limit=0.00596 undesired_contacts=1.66064
[REWARD_WEIGHTED] pos=0.05331 penalty=-0.02213 total=0.03118 act_rate=-0.01767 contacts=-0.00332
[ACT_GREEDY] abs_mean=0.9089 abs_p95=2.4920 abs_p99=3.2720 abs_max=5.7878 legs=0.8506 waist=0.8670 arms=0.9679
[ACT_ROLLOUT] abs_mean=0.9212 abs_p95=2.4350 abs_p99=3.2217 abs_max=6.8012 abs_max_all=6.8012
[SAMPLER] top_bin=0 top_prob=0.510 peak_bin=0 failed_sum=868.6550 entropy=0.7828
[TRAIN_BODY] torso_ori=12.60deg l_wrist_ori=21.62deg r_wrist_ori=25.76deg l_elbow_ori=18.95deg r_elbow_ori=22.07deg l_shoulder_ori=18.13deg r_shoulder_ori=25.66deg
[TRAIN_ANG] torso=2.797 l_wrist=5.004 r_wrist=6.139 l_elbow=4.269 r_elbow=5.140 l_shoulder=3.876 r_shoulder=5.000
[TRAIN_ACT] l_wrist_r=0.5176 l_wrist_p=1.2605 l_wrist_y=0.9664 r_wrist_r=0.6456 r_wrist_p=0.8188 r_wrist_y=0.7350 l_elbow=0.9839 r_elbow=0.7380
[UPDATE] 222/500 reward_step=0.03142 done_frac=0.06535 mean_reward=0.41959 mean_len=13.67
[FPO++] actor_loss=0.00053 value_loss=0.00321 ratio=0.9989 [0.914,1.070] clip_frac=0.1234 cfm_old=0.8563 cfm_new=0.8574 kl=0.000083 grad=0.2302 grad_c=0.0536 lr=0.000337 critic_lr=0.000390
[TRAIN] mean_reward=0.41959 mean_len=13.67 recent_eps=100 completed_eps=4864493
[UPDATE_EFFECT] action_delta=0.00686175 param_rms_delta=0.00021640
[TIME] collect=4.946s update=5.806s
[DONE] timeout=0.00000 anchor_pos=0.00000 anchor_ori=0.00317 ee_body=0.92236
[DONE_ROLLOUT] timeout=0.00000 anchor_pos=0.00000 anchor_ori=0.00013 ee_body=0.06534
[FIRST_FAILURE] step_mean=7.80 step_min=0 step_max=23 phase_mean=114.75 phase_min=8 phase_max=323 anchor_pos=0.00000 anchor_ori=0.00317 ee_body=0.92224 timeout=0.00000
[TRACK_CHUNK0] anchor_pos=0.84665 anchor_ori=0.66562 body_pos=0.85840 body_ori=0.45613 body_lin=0.40276 body_ang=0.19035
[TRACK_ROLLOUT] anchor_pos=0.84507 anchor_ori=0.66835 body_pos=0.85869 body_ori=0.45445 body_lin=0.41028 body_ang=0.19540
[TRAIN_COST] action_rate=8.76838 joint_limit=0.00563 undesired_contacts=1.67456
[REWARD_WEIGHTED] pos=0.05351 penalty=-0.02209 total=0.03142 act_rate=-0.01758 contacts=-0.00336
[ACT_GREEDY] abs_mean=0.9086 abs_p95=2.4870 abs_p99=3.2495 abs_max=5.9862 legs=0.8555 waist=0.8599 arms=0.9646
[ACT_ROLLOUT] abs_mean=0.9269 abs_p95=2.4525 abs_p99=3.2354 abs_max=6.6241 abs_max_all=6.6241
[SAMPLER] top_bin=0 top_prob=0.510 peak_bin=0 failed_sum=860.7476 entropy=0.7831
[TRAIN_BODY] torso_ori=12.74deg l_wrist_ori=21.60deg r_wrist_ori=25.67deg l_elbow_ori=18.86deg r_elbow_ori=21.95deg l_shoulder_ori=17.97deg r_shoulder_ori=25.47deg
[TRAIN_ANG] torso=2.789 l_wrist=4.997 r_wrist=6.097 l_elbow=4.265 r_elbow=5.111 l_shoulder=3.840 r_shoulder=4.995
[TRAIN_ACT] l_wrist_r=0.5154 l_wrist_p=1.2711 l_wrist_y=0.9788 r_wrist_r=0.6439 r_wrist_p=0.7960 r_wrist_y=0.7305 l_elbow=0.9620 r_elbow=0.7445
[UPDATE] 223/500 reward_step=0.03176 done_frac=0.06401 mean_reward=0.44445 mean_len=14.50
[FPO++] actor_loss=-0.00037 value_loss=0.00325 ratio=0.9991 [0.322,1.802] clip_frac=0.1150 cfm_old=0.8488 cfm_new=0.8498 kl=0.000097 grad=0.1654 grad_c=0.0771 lr=0.000225 critic_lr=0.000260
[TRAIN] mean_reward=0.44445 mean_len=14.50 recent_eps=100 completed_eps=4877078
[UPDATE_EFFECT] action_delta=0.01248519 param_rms_delta=0.00028091
[TIME] collect=4.955s update=5.810s
[DONE] timeout=0.00000 anchor_pos=0.00012 anchor_ori=0.00476 ee_body=0.92078
[DONE_ROLLOUT] timeout=0.00000 anchor_pos=0.00001 anchor_ori=0.00020 ee_body=0.06400
[FIRST_FAILURE] step_mean=7.92 step_min=0 step_max=23 phase_mean=114.36 phase_min=7 phase_max=324 anchor_pos=0.00012 anchor_ori=0.00427 ee_body=0.92078 timeout=0.00000
[TRACK_CHUNK0] anchor_pos=0.84625 anchor_ori=0.67112 body_pos=0.86003 body_ori=0.45490 body_lin=0.41418 body_ang=0.19954
[TRACK_ROLLOUT] anchor_pos=0.84353 anchor_ori=0.66913 body_pos=0.85773 body_ori=0.45300 body_lin=0.41344 body_ang=0.19947
[TRAIN_COST] action_rate=8.73628 joint_limit=0.00552 undesired_contacts=1.67957
[REWARD_WEIGHTED] pos=0.05360 penalty=-0.02184 total=0.03176 act_rate=-0.01733 contacts=-0.00337
[ACT_GREEDY] abs_mean=0.9080 abs_p95=2.4954 abs_p99=3.2472 abs_max=5.6939 legs=0.8603 waist=0.8490 arms=0.9616
[ACT_ROLLOUT] abs_mean=0.9260 abs_p95=2.4549 abs_p99=3.2375 abs_max=7.9676 abs_max_all=7.9676
[SAMPLER] top_bin=0 top_prob=0.509 peak_bin=0 failed_sum=852.7671 entropy=0.7833
[TRAIN_BODY] torso_ori=12.50deg l_wrist_ori=21.73deg r_wrist_ori=26.01deg l_elbow_ori=18.83deg r_elbow_ori=22.11deg l_shoulder_ori=17.87deg r_shoulder_ori=25.93deg
[TRAIN_ANG] torso=2.755 l_wrist=4.928 r_wrist=5.933 l_elbow=4.210 r_elbow=4.943 l_shoulder=3.749 r_shoulder=4.857
[TRAIN_ACT] l_wrist_r=0.5196 l_wrist_p=1.2668 l_wrist_y=0.9484 r_wrist_r=0.6410 r_wrist_p=0.8110 r_wrist_y=0.7285 l_elbow=0.9420 r_elbow=0.7718
[UPDATE] 224/500 reward_step=0.03202 done_frac=0.06321 mean_reward=0.49379 mean_len=16.10
[FPO++] actor_loss=0.00189 value_loss=0.00324 ratio=0.9989 [0.668,1.293] clip_frac=0.1009 cfm_old=0.8466 cfm_new=0.8477 kl=0.000082 grad=0.1128 grad_c=0.0889 lr=0.000225 critic_lr=0.000260
[TRAIN] mean_reward=0.49379 mean_len=16.10 recent_eps=100 completed_eps=4889505
[UPDATE_EFFECT] action_delta=0.00727418 param_rms_delta=0.00029821
[TIME] collect=4.943s update=5.814s
[DONE] timeout=0.00000 anchor_pos=0.00000 anchor_ori=0.00439 ee_body=0.91907
[DONE_ROLLOUT] timeout=0.00000 anchor_pos=0.00000 anchor_ori=0.00018 ee_body=0.06320
[FIRST_FAILURE] step_mean=7.92 step_min=0 step_max=23 phase_mean=114.66 phase_min=8 phase_max=324 anchor_pos=0.00000 anchor_ori=0.00366 ee_body=0.91895 timeout=0.00000
[TRACK_CHUNK0] anchor_pos=0.84206 anchor_ori=0.66959 body_pos=0.85698 body_ori=0.45168 body_lin=0.40993 body_ang=0.19902
[TRACK_ROLLOUT] anchor_pos=0.84054 anchor_ori=0.67267 body_pos=0.85797 body_ori=0.45401 body_lin=0.41976 body_ang=0.20503
[TRAIN_COST] action_rate=8.57688 joint_limit=0.00554 undesired_contacts=1.71301
[REWARD_WEIGHTED] pos=0.05387 penalty=-0.02185 total=0.03202 act_rate=-0.01725 contacts=-0.00348
[ACT_GREEDY] abs_mean=0.9121 abs_p95=2.5071 abs_p99=3.2573 abs_max=5.5865 legs=0.8680 waist=0.8577 arms=0.9615
[ACT_ROLLOUT] abs_mean=0.9252 abs_p95=2.4553 abs_p99=3.2358 abs_max=6.2674 abs_max_all=6.2674
[SAMPLER] top_bin=0 top_prob=0.509 peak_bin=0 failed_sum=844.8192 entropy=0.7836
[TRAIN_BODY] torso_ori=12.68deg l_wrist_ori=21.48deg r_wrist_ori=26.29deg l_elbow_ori=18.74deg r_elbow_ori=22.22deg l_shoulder_ori=18.02deg r_shoulder_ori=26.44deg
[TRAIN_ANG] torso=2.769 l_wrist=4.905 r_wrist=5.991 l_elbow=4.177 r_elbow=5.010 l_shoulder=3.745 r_shoulder=4.881
[TRAIN_ACT] l_wrist_r=0.5159 l_wrist_p=1.2607 l_wrist_y=0.9270 r_wrist_r=0.6576 r_wrist_p=0.8149 r_wrist_y=0.7329 l_elbow=0.9372 r_elbow=0.7825
[UPDATE] 225/500 reward_step=0.03238 done_frac=0.06195 mean_reward=0.50941 mean_len=15.76
[FPO++] actor_loss=0.00122 value_loss=0.00347 ratio=0.9989 [0.934,1.055] clip_frac=0.0892 cfm_old=0.8454 cfm_new=0.8465 kl=0.000067 grad=0.1309 grad_c=0.0809 lr=0.000337 critic_lr=0.000390
[TRAIN] mean_reward=0.50941 mean_len=15.76 recent_eps=100 completed_eps=4901685
[UPDATE_EFFECT] action_delta=0.00815120 param_rms_delta=0.00026519
[TIME] collect=5.034s update=5.814s
[DONE] timeout=0.00000 anchor_pos=0.00000 anchor_ori=0.00342 ee_body=0.91528
[DONE_ROLLOUT] timeout=0.00000 anchor_pos=0.00000 anchor_ori=0.00014 ee_body=0.06193
[FIRST_FAILURE] step_mean=7.90 step_min=0 step_max=23 phase_mean=113.35 phase_min=8 phase_max=324 anchor_pos=0.00000 anchor_ori=0.00330 ee_body=0.91516 timeout=0.00000
[TRACK_CHUNK0] anchor_pos=0.83800 anchor_ori=0.67303 body_pos=0.85581 body_ori=0.45307 body_lin=0.42023 body_ang=0.20700
[TRACK_ROLLOUT] anchor_pos=0.83888 anchor_ori=0.67330 body_pos=0.85790 body_ori=0.45645 body_lin=0.42442 body_ang=0.20863
[TRAIN_COST] action_rate=8.45867 joint_limit=0.00561 undesired_contacts=1.71680
[REWARD_WEIGHTED] pos=0.05407 penalty=-0.02169 total=0.03238 act_rate=-0.01717 contacts=-0.00341
[ACT_GREEDY] abs_mean=0.9088 abs_p95=2.5016 abs_p99=3.2561 abs_max=5.1956 legs=0.8665 waist=0.8560 arms=0.9564
[ACT_ROLLOUT] abs_mean=0.9237 abs_p95=2.4511 abs_p99=3.2238 abs_max=6.2758 abs_max_all=6.2758
[SAMPLER] top_bin=0 top_prob=0.509 peak_bin=0 failed_sum=836.8146 entropy=0.7839
[TRAIN_BODY] torso_ori=12.53deg l_wrist_ori=21.63deg r_wrist_ori=26.53deg l_elbow_ori=18.52deg r_elbow_ori=22.03deg l_shoulder_ori=17.68deg r_shoulder_ori=26.66deg
[TRAIN_ANG] torso=2.718 l_wrist=4.865 r_wrist=5.867 l_elbow=4.119 r_elbow=4.920 l_shoulder=3.671 r_shoulder=4.834
[TRAIN_ACT] l_wrist_r=0.5169 l_wrist_p=1.2450 l_wrist_y=0.9293 r_wrist_r=0.6512 r_wrist_p=0.8204 r_wrist_y=0.7201 l_elbow=0.9195 r_elbow=0.7888
[UPDATE] 226/500 reward_step=0.03251 done_frac=0.06008 mean_reward=0.54797 mean_len=16.92
[FPO++] actor_loss=0.00257 value_loss=0.00358 ratio=0.9984 [0.825,1.189] clip_frac=0.2298 cfm_old=0.8436 cfm_new=0.8452 kl=0.000168 grad=0.4246 grad_c=0.1218 lr=0.000100 critic_lr=0.000116
[TRAIN] mean_reward=0.54797 mean_len=16.92 recent_eps=100 completed_eps=4913497
[UPDATE_EFFECT] action_delta=0.01263947 param_rms_delta=0.00020900
[TIME] collect=4.986s update=5.806s
[DONE] timeout=0.00000 anchor_pos=0.00000 anchor_ori=0.00256 ee_body=0.90271
[DONE_ROLLOUT] timeout=0.00000 anchor_pos=0.00000 anchor_ori=0.00011 ee_body=0.06007
[FIRST_FAILURE] step_mean=8.14 step_min=0 step_max=23 phase_mean=113.70 phase_min=8 phase_max=323 anchor_pos=0.00000 anchor_ori=0.00244 ee_body=0.90259 timeout=0.00000
[TRACK_CHUNK0] anchor_pos=0.83615 anchor_ori=0.66821 body_pos=0.85645 body_ori=0.45243 body_lin=0.42637 body_ang=0.21068
[TRACK_ROLLOUT] anchor_pos=0.83376 anchor_ori=0.67314 body_pos=0.85632 body_ori=0.45316 body_lin=0.42899 body_ang=0.21496
[TRAIN_COST] action_rate=8.57209 joint_limit=0.00529 undesired_contacts=1.71204
[REWARD_WEIGHTED] pos=0.05414 penalty=-0.02163 total=0.03251 act_rate=-0.01709 contacts=-0.00342
[ACT_GREEDY] abs_mean=0.9024 abs_p95=2.4844 abs_p99=3.2223 abs_max=5.5824 legs=0.8574 waist=0.8571 arms=0.9506
[ACT_ROLLOUT] abs_mean=0.9221 abs_p95=2.4525 abs_p99=3.2213 abs_max=6.3865 abs_max_all=6.3865
[SAMPLER] top_bin=0 top_prob=0.508 peak_bin=0 failed_sum=828.6373 entropy=0.7842
[TRAIN_BODY] torso_ori=12.67deg l_wrist_ori=21.46deg r_wrist_ori=26.27deg l_elbow_ori=18.44deg r_elbow_ori=22.06deg l_shoulder_ori=17.62deg r_shoulder_ori=26.55deg
[TRAIN_ANG] torso=2.711 l_wrist=4.901 r_wrist=5.807 l_elbow=4.138 r_elbow=4.827 l_shoulder=3.660 r_shoulder=4.688
[TRAIN_ACT] l_wrist_r=0.5118 l_wrist_p=1.2711 l_wrist_y=0.9234 r_wrist_r=0.6514 r_wrist_p=0.8233 r_wrist_y=0.7185 l_elbow=0.9127 r_elbow=0.7801
[UPDATE] 227/500 reward_step=0.03283 done_frac=0.06096 mean_reward=0.51660 mean_len=15.45
[FPO++] actor_loss=0.00073 value_loss=0.00368 ratio=0.9986 [0.931,1.057] clip_frac=0.1229 cfm_old=0.8373 cfm_new=0.8387 kl=0.000069 grad=0.2488 grad_c=0.0977 lr=0.000225 critic_lr=0.000260
[TRAIN] mean_reward=0.51660 mean_len=15.45 recent_eps=100 completed_eps=4925482
[UPDATE_EFFECT] action_delta=0.00853491 param_rms_delta=0.00015295
[TIME] collect=4.951s update=5.810s
[DONE] timeout=0.00000 anchor_pos=0.00000 anchor_ori=0.00256 ee_body=0.90662
[DONE_ROLLOUT] timeout=0.00000 anchor_pos=0.00000 anchor_ori=0.00011 ee_body=0.06095
[FIRST_FAILURE] step_mean=8.06 step_min=0 step_max=23 phase_mean=114.98 phase_min=8 phase_max=324 anchor_pos=0.00000 anchor_ori=0.00232 ee_body=0.90649 timeout=0.00000
[TRACK_CHUNK0] anchor_pos=0.83212 anchor_ori=0.67352 body_pos=0.85439 body_ori=0.45076 body_lin=0.42860 body_ang=0.21215
[TRACK_ROLLOUT] anchor_pos=0.83399 anchor_ori=0.67796 body_pos=0.85601 body_ori=0.45553 body_lin=0.42862 body_ang=0.21496
[TRAIN_COST] action_rate=8.48962 joint_limit=0.00560 undesired_contacts=1.70154
[REWARD_WEIGHTED] pos=0.05422 penalty=-0.02140 total=0.03283 act_rate=-0.01683 contacts=-0.00347
[ACT_GREEDY] abs_mean=0.9032 abs_p95=2.4887 abs_p99=3.2041 abs_max=6.3154 legs=0.8627 waist=0.8550 arms=0.9482
[ACT_ROLLOUT] abs_mean=0.9166 abs_p95=2.4373 abs_p99=3.1999 abs_max=8.6829 abs_max_all=8.6829
[SAMPLER] top_bin=0 top_prob=0.508 peak_bin=0 failed_sum=820.8257 entropy=0.7845
[TRAIN_BODY] torso_ori=12.55deg l_wrist_ori=21.36deg r_wrist_ori=26.23deg l_elbow_ori=18.40deg r_elbow_ori=22.08deg l_shoulder_ori=17.63deg r_shoulder_ori=26.89deg
[TRAIN_ANG] torso=2.703 l_wrist=4.832 r_wrist=5.781 l_elbow=4.104 r_elbow=4.871 l_shoulder=3.602 r_shoulder=4.705
[TRAIN_ACT] l_wrist_r=0.5183 l_wrist_p=1.2488 l_wrist_y=0.9041 r_wrist_r=0.6487 r_wrist_p=0.8207 r_wrist_y=0.7251 l_elbow=0.9066 r_elbow=0.7936
[UPDATE] 228/500 reward_step=0.03313 done_frac=0.05876 mean_reward=0.56677 mean_len=16.61
[FPO++] actor_loss=0.00037 value_loss=0.00375 ratio=0.9989 [0.932,1.071] clip_frac=0.0948 cfm_old=0.8343 cfm_new=0.8355 kl=0.000069 grad=0.1663 grad_c=0.0822 lr=0.000338 critic_lr=0.000390
[TRAIN] mean_reward=0.56677 mean_len=16.61 recent_eps=100 completed_eps=4937035
[UPDATE_EFFECT] action_delta=0.00853754 param_rms_delta=0.00025786
[TIME] collect=5.000s update=5.813s
[DONE] timeout=0.00000 anchor_pos=0.00000 anchor_ori=0.00220 ee_body=0.89746
[DONE_ROLLOUT] timeout=0.00000 anchor_pos=0.00000 anchor_ori=0.00009 ee_body=0.05874
[FIRST_FAILURE] step_mean=8.27 step_min=0 step_max=23 phase_mean=114.30 phase_min=8 phase_max=324 anchor_pos=0.00000 anchor_ori=0.00220 ee_body=0.89734 timeout=0.00000
[TRACK_CHUNK0] anchor_pos=0.83517 anchor_ori=0.68294 body_pos=0.85749 body_ori=0.45905 body_lin=0.43087 body_ang=0.21596
[TRACK_ROLLOUT] anchor_pos=0.83046 anchor_ori=0.68057 body_pos=0.85584 body_ori=0.45540 body_lin=0.43238 body_ang=0.22079
[TRAIN_COST] action_rate=8.40354 joint_limit=0.00559 undesired_contacts=1.74512
[REWARD_WEIGHTED] pos=0.05440 penalty=-0.02127 total=0.03313 act_rate=-0.01673 contacts=-0.00345
[ACT_GREEDY] abs_mean=0.8973 abs_p95=2.4783 abs_p99=3.1909 abs_max=5.9049 legs=0.8563 waist=0.8509 arms=0.9423
[ACT_ROLLOUT] abs_mean=0.9172 abs_p95=2.4423 abs_p99=3.2018 abs_max=7.8804 abs_max_all=7.8804
[SAMPLER] top_bin=0 top_prob=0.508 peak_bin=0 failed_sum=812.7723 entropy=0.7848
[TRAIN_BODY] torso_ori=12.25deg l_wrist_ori=20.89deg r_wrist_ori=25.80deg l_elbow_ori=18.08deg r_elbow_ori=21.78deg l_shoulder_ori=17.41deg r_shoulder_ori=26.45deg
[TRAIN_ANG] torso=2.666 l_wrist=4.792 r_wrist=5.746 l_elbow=4.063 r_elbow=4.803 l_shoulder=3.584 r_shoulder=4.700
[TRAIN_ACT] l_wrist_r=0.5131 l_wrist_p=1.2375 l_wrist_y=0.8969 r_wrist_r=0.6519 r_wrist_p=0.8128 r_wrist_y=0.7197 l_elbow=0.8900 r_elbow=0.7663
[UPDATE] 229/500 reward_step=0.03331 done_frac=0.05722 mean_reward=0.53619 mean_len=16.23
[FPO++] actor_loss=0.00078 value_loss=0.00401 ratio=0.9988 [0.896,1.138] clip_frac=0.1555 cfm_old=0.8325 cfm_new=0.8338 kl=0.000116 grad=0.2830 grad_c=0.1765 lr=0.000150 critic_lr=0.000173
[TRAIN] mean_reward=0.53619 mean_len=16.23 recent_eps=100 completed_eps=4948284
[UPDATE_EFFECT] action_delta=0.00670602 param_rms_delta=0.00019776
[TIME] collect=4.986s update=5.812s
[DONE] timeout=0.00000 anchor_pos=0.00000 anchor_ori=0.00330 ee_body=0.90222
[DONE_ROLLOUT] timeout=0.00000 anchor_pos=0.00000 anchor_ori=0.00014 ee_body=0.05717
[FIRST_FAILURE] step_mean=8.39 step_min=0 step_max=23 phase_mean=114.19 phase_min=7 phase_max=324 anchor_pos=0.00000 anchor_ori=0.00317 ee_body=0.90210 timeout=0.00000
[TRACK_CHUNK0] anchor_pos=0.83010 anchor_ori=0.67965 body_pos=0.85529 body_ori=0.45511 body_lin=0.43393 body_ang=0.22427
[TRACK_ROLLOUT] anchor_pos=0.82695 anchor_ori=0.67808 body_pos=0.85447 body_ori=0.45384 body_lin=0.43750 body_ang=0.22590
[TRAIN_COST] action_rate=8.24747 joint_limit=0.00567 undesired_contacts=1.71069
[REWARD_WEIGHTED] pos=0.05448 penalty=-0.02118 total=0.03331 act_rate=-0.01659 contacts=-0.00348
[ACT_GREEDY] abs_mean=0.9006 abs_p95=2.4825 abs_p99=3.2056 abs_max=5.3171 legs=0.8608 waist=0.8439 arms=0.9468
[ACT_ROLLOUT] abs_mean=0.9172 abs_p95=2.4425 abs_p99=3.1919 abs_max=7.1139 abs_max_all=7.1139
[SAMPLER] top_bin=0 top_prob=0.507 peak_bin=0 failed_sum=804.6092 entropy=0.7851
[TRAIN_BODY] torso_ori=12.30deg l_wrist_ori=21.06deg r_wrist_ori=25.77deg l_elbow_ori=18.19deg r_elbow_ori=21.85deg l_shoulder_ori=17.16deg r_shoulder_ori=26.29deg
[TRAIN_ANG] torso=2.642 l_wrist=4.761 r_wrist=5.621 l_elbow=4.018 r_elbow=4.709 l_shoulder=3.489 r_shoulder=4.578
[TRAIN_ACT] l_wrist_r=0.5013 l_wrist_p=1.2744 l_wrist_y=0.9090 r_wrist_r=0.6429 r_wrist_p=0.8232 r_wrist_y=0.7239 l_elbow=0.8743 r_elbow=0.7709
[UPDATE] 230/500 reward_step=0.03347 done_frac=0.05648 mean_reward=0.57234 mean_len=16.94
[FPO++] actor_loss=0.00079 value_loss=0.00395 ratio=0.9986 [0.886,1.123] clip_frac=0.1561 cfm_old=0.8349 cfm_new=0.8363 kl=0.000086 grad=0.3126 grad_c=0.0694 lr=0.000225 critic_lr=0.000260
[TRAIN] mean_reward=0.57234 mean_len=16.94 recent_eps=100 completed_eps=4959388
[UPDATE_EFFECT] action_delta=0.00619292 param_rms_delta=0.00018966
[TIME] collect=4.871s update=5.811s
[DONE] timeout=0.00000 anchor_pos=0.00000 anchor_ori=0.00354 ee_body=0.89771
[DONE_ROLLOUT] timeout=0.00000 anchor_pos=0.00000 anchor_ori=0.00015 ee_body=0.05643
[FIRST_FAILURE] step_mean=8.42 step_min=0 step_max=23 phase_mean=114.29 phase_min=9 phase_max=324 anchor_pos=0.00000 anchor_ori=0.00354 ee_body=0.89697 timeout=0.00000
[TRACK_CHUNK0] anchor_pos=0.82477 anchor_ori=0.67583 body_pos=0.85392 body_ori=0.45225 body_lin=0.43948 body_ang=0.22820
[TRACK_ROLLOUT] anchor_pos=0.82474 anchor_ori=0.67898 body_pos=0.85455 body_ori=0.45256 body_lin=0.44377 body_ang=0.23013
[TRAIN_COST] action_rate=8.29736 joint_limit=0.00570 undesired_contacts=1.77722
[REWARD_WEIGHTED] pos=0.05466 penalty=-0.02119 total=0.03347 act_rate=-0.01649 contacts=-0.00359
[ACT_GREEDY] abs_mean=0.9025 abs_p95=2.4952 abs_p99=3.1921 abs_max=5.2852 legs=0.8723 waist=0.8429 arms=0.9411
[ACT_ROLLOUT] abs_mean=0.9193 abs_p95=2.4516 abs_p99=3.1981 abs_max=8.4990 abs_max_all=8.4990
[SAMPLER] top_bin=0 top_prob=0.507 peak_bin=0 failed_sum=796.4963 entropy=0.7854
[TRAIN_BODY] torso_ori=12.40deg l_wrist_ori=21.00deg r_wrist_ori=26.15deg l_elbow_ori=18.17deg r_elbow_ori=21.99deg l_shoulder_ori=17.50deg r_shoulder_ori=27.02deg
[TRAIN_ANG] torso=2.632 l_wrist=4.762 r_wrist=5.624 l_elbow=4.039 r_elbow=4.681 l_shoulder=3.506 r_shoulder=4.531
[TRAIN_ACT] l_wrist_r=0.5061 l_wrist_p=1.2357 l_wrist_y=0.8778 r_wrist_r=0.6649 r_wrist_p=0.8183 r_wrist_y=0.7297 l_elbow=0.8692 r_elbow=0.7910
[UPDATE] 231/500 reward_step=0.03358 done_frac=0.05509 mean_reward=0.55263 mean_len=16.83
[FPO++] actor_loss=-0.00027 value_loss=0.00423 ratio=0.9991 [0.933,1.067] clip_frac=0.0826 cfm_old=0.8352 cfm_new=0.8362 kl=0.000062 grad=0.1517 grad_c=0.0474 lr=0.000338 critic_lr=0.000390
[TRAIN] mean_reward=0.55263 mean_len=16.83 recent_eps=100 completed_eps=4970220
[UPDATE_EFFECT] action_delta=0.00699504 param_rms_delta=0.00025182
[TIME] collect=4.838s update=5.807s
[DONE] timeout=0.00000 anchor_pos=0.00000 anchor_ori=0.00269 ee_body=0.89282
[DONE_ROLLOUT] timeout=0.00000 anchor_pos=0.00000 anchor_ori=0.00011 ee_body=0.05505
[FIRST_FAILURE] step_mean=8.63 step_min=0 step_max=23 phase_mean=113.34 phase_min=8 phase_max=324 anchor_pos=0.00000 anchor_ori=0.00220 ee_body=0.89270 timeout=0.00000
[TRACK_CHUNK0] anchor_pos=0.82547 anchor_ori=0.68099 body_pos=0.85441 body_ori=0.45244 body_lin=0.44665 body_ang=0.23250
[TRACK_ROLLOUT] anchor_pos=0.82185 anchor_ori=0.68126 body_pos=0.85385 body_ori=0.45122 body_lin=0.44571 body_ang=0.23332
[TRAIN_COST] action_rate=8.24901 joint_limit=0.00536 undesired_contacts=1.79468
[REWARD_WEIGHTED] pos=0.05471 penalty=-0.02114 total=0.03358 act_rate=-0.01642 contacts=-0.00361
[ACT_GREEDY] abs_mean=0.8986 abs_p95=2.4873 abs_p99=3.1719 abs_max=5.5286 legs=0.8695 waist=0.8383 arms=0.9364
[ACT_ROLLOUT] abs_mean=0.9190 abs_p95=2.4510 abs_p99=3.2010 abs_max=8.4360 abs_max_all=8.4360
[SAMPLER] top_bin=0 top_prob=0.507 peak_bin=0 failed_sum=788.3073 entropy=0.7857
[TRAIN_BODY] torso_ori=12.21deg l_wrist_ori=21.09deg r_wrist_ori=26.10deg l_elbow_ori=18.12deg r_elbow_ori=21.91deg l_shoulder_ori=17.29deg r_shoulder_ori=27.19deg
[TRAIN_ANG] torso=2.579 l_wrist=4.748 r_wrist=5.548 l_elbow=4.007 r_elbow=4.623 l_shoulder=3.462 r_shoulder=4.480
[TRAIN_ACT] l_wrist_r=0.5172 l_wrist_p=1.2363 l_wrist_y=0.8670 r_wrist_r=0.6478 r_wrist_p=0.8305 r_wrist_y=0.7273 l_elbow=0.8517 r_elbow=0.7845
[UPDATE] 232/500 reward_step=0.03395 done_frac=0.05459 mean_reward=0.62007 mean_len=18.08
[FPO++] actor_loss=0.00049 value_loss=0.00420 ratio=0.9988 [0.927,1.066] clip_frac=0.1022 cfm_old=0.8307 cfm_new=0.8319 kl=0.000063 grad=0.2105 grad_c=0.1085 lr=0.000338 critic_lr=0.000390
[TRAIN] mean_reward=0.62007 mean_len=18.08 recent_eps=100 completed_eps=4980953
[UPDATE_EFFECT] action_delta=0.00699929 param_rms_delta=0.00025101
[TIME] collect=4.952s update=5.813s
[DONE] timeout=0.00000 anchor_pos=0.00000 anchor_ori=0.00342 ee_body=0.88977
[DONE_ROLLOUT] timeout=0.00000 anchor_pos=0.00000 anchor_ori=0.00014 ee_body=0.05455
[FIRST_FAILURE] step_mean=8.57 step_min=0 step_max=23 phase_mean=113.74 phase_min=8 phase_max=323 anchor_pos=0.00000 anchor_ori=0.00317 ee_body=0.88953 timeout=0.00000
[TRACK_CHUNK0] anchor_pos=0.82083 anchor_ori=0.68214 body_pos=0.85432 body_ori=0.45009 body_lin=0.44815 body_ang=0.23473
[TRACK_ROLLOUT] anchor_pos=0.82008 anchor_ori=0.68097 body_pos=0.85385 body_ori=0.45304 body_lin=0.45115 body_ang=0.23883
[TRAIN_COST] action_rate=8.16665 joint_limit=0.00558 undesired_contacts=1.83044
[REWARD_WEIGHTED] pos=0.05495 penalty=-0.02100 total=0.03395 act_rate=-0.01628 contacts=-0.00361
[ACT_GREEDY] abs_mean=0.9026 abs_p95=2.4836 abs_p99=3.1647 abs_max=5.5398 legs=0.8791 waist=0.8390 arms=0.9363
[ACT_ROLLOUT] abs_mean=0.9157 abs_p95=2.4438 abs_p99=3.1804 abs_max=7.2574 abs_max_all=7.2574
[SAMPLER] top_bin=0 top_prob=0.506 peak_bin=0 failed_sum=780.2141 entropy=0.7859
[TRAIN_BODY] torso_ori=12.16deg l_wrist_ori=21.30deg r_wrist_ori=26.29deg l_elbow_ori=18.22deg r_elbow_ori=22.03deg l_shoulder_ori=17.25deg r_shoulder_ori=27.43deg
[TRAIN_ANG] torso=2.581 l_wrist=4.709 r_wrist=5.522 l_elbow=3.967 r_elbow=4.624 l_shoulder=3.446 r_shoulder=4.493
[TRAIN_ACT] l_wrist_r=0.5239 l_wrist_p=1.2338 l_wrist_y=0.8620 r_wrist_r=0.6549 r_wrist_p=0.8169 r_wrist_y=0.7401 l_elbow=0.8365 r_elbow=0.7902
[UPDATE] 233/500 reward_step=0.03431 done_frac=0.05357 mean_reward=0.68030 mean_len=19.83
[FPO++] actor_loss=0.00087 value_loss=0.00427 ratio=0.9987 [0.869,1.103] clip_frac=0.1521 cfm_old=0.8243 cfm_new=0.8256 kl=0.000075 grad=0.4216 grad_c=0.0940 lr=0.000338 critic_lr=0.000390
[TRAIN] mean_reward=0.68030 mean_len=19.83 recent_eps=100 completed_eps=4991485
[UPDATE_EFFECT] action_delta=0.01007642 param_rms_delta=0.00025738
[TIME] collect=4.906s update=5.809s
[DONE] timeout=0.00000 anchor_pos=0.00012 anchor_ori=0.00159 ee_body=0.88379
[DONE_ROLLOUT] timeout=0.00000 anchor_pos=0.00001 anchor_ori=0.00007 ee_body=0.05354
[FIRST_FAILURE] step_mean=8.65 step_min=0 step_max=23 phase_mean=114.07 phase_min=10 phase_max=324 anchor_pos=0.00012 anchor_ori=0.00146 ee_body=0.88342 timeout=0.00000
[TRACK_CHUNK0] anchor_pos=0.82246 anchor_ori=0.68329 body_pos=0.85484 body_ori=0.45195 body_lin=0.45178 body_ang=0.23967
[TRACK_ROLLOUT] anchor_pos=0.81898 anchor_ori=0.68626 body_pos=0.85400 body_ori=0.45288 body_lin=0.45523 body_ang=0.24234
[TRAIN_COST] action_rate=8.03788 joint_limit=0.00547 undesired_contacts=1.82373
[REWARD_WEIGHTED] pos=0.05514 penalty=-0.02083 total=0.03431 act_rate=-0.01610 contacts=-0.00368
[ACT_GREEDY] abs_mean=0.9015 abs_p95=2.4887 abs_p99=3.1706 abs_max=5.8941 legs=0.8785 waist=0.8383 arms=0.9347
[ACT_ROLLOUT] abs_mean=0.9137 abs_p95=2.4358 abs_p99=3.1655 abs_max=6.7155 abs_max_all=6.7155
[SAMPLER] top_bin=0 top_prob=0.506 peak_bin=0 failed_sum=772.1147 entropy=0.7862
[TRAIN_BODY] torso_ori=12.09deg l_wrist_ori=20.94deg r_wrist_ori=25.73deg l_elbow_ori=18.00deg r_elbow_ori=22.05deg l_shoulder_ori=17.16deg r_shoulder_ori=27.56deg
[TRAIN_ANG] torso=2.569 l_wrist=4.641 r_wrist=5.490 l_elbow=3.956 r_elbow=4.611 l_shoulder=3.441 r_shoulder=4.432
[TRAIN_ACT] l_wrist_r=0.5176 l_wrist_p=1.2238 l_wrist_y=0.8722 r_wrist_r=0.6634 r_wrist_p=0.8185 r_wrist_y=0.7403 l_elbow=0.8294 r_elbow=0.7892
[UPDATE] 234/500 reward_step=0.03431 done_frac=0.05133 mean_reward=0.59755 mean_len=18.12
[FPO++] actor_loss=0.00096 value_loss=0.00463 ratio=0.9984 [0.870,1.132] clip_frac=0.2422 cfm_old=0.8273 cfm_new=0.8289 kl=0.000121 grad=0.5602 grad_c=0.0903 lr=0.000338 critic_lr=0.000390
[TRAIN] mean_reward=0.59755 mean_len=18.12 recent_eps=100 completed_eps=5001576
[UPDATE_EFFECT] action_delta=0.01015308 param_rms_delta=0.00025490
[TIME] collect=4.906s update=5.810s
[DONE] timeout=0.00000 anchor_pos=0.00000 anchor_ori=0.00330 ee_body=0.87903
[DONE_ROLLOUT] timeout=0.00000 anchor_pos=0.00000 anchor_ori=0.00014 ee_body=0.05126
[FIRST_FAILURE] step_mean=8.98 step_min=0 step_max=23 phase_mean=114.35 phase_min=10 phase_max=324 anchor_pos=0.00000 anchor_ori=0.00281 ee_body=0.87866 timeout=0.00000
[TRACK_CHUNK0] anchor_pos=0.81698 anchor_ori=0.68485 body_pos=0.85387 body_ori=0.45413 body_lin=0.45634 body_ang=0.24382
[TRACK_ROLLOUT] anchor_pos=0.81102 anchor_ori=0.68194 body_pos=0.85172 body_ori=0.44924 body_lin=0.45802 body_ang=0.24786
[TRAIN_COST] action_rate=8.02455 joint_limit=0.00526 undesired_contacts=1.82581
[REWARD_WEIGHTED] pos=0.05507 penalty=-0.02075 total=0.03431 act_rate=-0.01603 contacts=-0.00367
[ACT_GREEDY] abs_mean=0.8918 abs_p95=2.4637 abs_p99=3.1369 abs_max=5.5733 legs=0.8702 waist=0.8278 arms=0.9240
[ACT_ROLLOUT] abs_mean=0.9159 abs_p95=2.4456 abs_p99=3.1788 abs_max=7.4983 abs_max_all=7.4983
[SAMPLER] top_bin=0 top_prob=0.506 peak_bin=0 failed_sum=763.7719 entropy=0.7865
[TRAIN_BODY] torso_ori=12.07deg l_wrist_ori=20.77deg r_wrist_ori=25.88deg l_elbow_ori=17.84deg r_elbow_ori=21.92deg l_shoulder_ori=17.19deg r_shoulder_ori=27.31deg
[TRAIN_ANG] torso=2.546 l_wrist=4.639 r_wrist=5.428 l_elbow=3.934 r_elbow=4.535 l_shoulder=3.367 r_shoulder=4.389
[TRAIN_ACT] l_wrist_r=0.5160 l_wrist_p=1.2072 l_wrist_y=0.8777 r_wrist_r=0.6642 r_wrist_p=0.8103 r_wrist_y=0.7267 l_elbow=0.8020 r_elbow=0.7690
[UPDATE] 235/500 reward_step=0.03464 done_frac=0.05170 mean_reward=0.69435 mean_len=20.10
[FPO++] actor_loss=0.00052 value_loss=0.00454 ratio=0.9987 [0.906,1.101] clip_frac=0.1593 cfm_old=0.8228 cfm_new=0.8242 kl=0.000097 grad=0.2983 grad_c=0.1072 lr=0.000338 critic_lr=0.000390
[TRAIN] mean_reward=0.69435 mean_len=20.10 recent_eps=100 completed_eps=5011740
[UPDATE_EFFECT] action_delta=0.00725909 param_rms_delta=0.00023222
[TIME] collect=4.876s update=5.807s
[DONE] timeout=0.00000 anchor_pos=0.00000 anchor_ori=0.00513 ee_body=0.88599
[DONE_ROLLOUT] timeout=0.00000 anchor_pos=0.00000 anchor_ori=0.00021 ee_body=0.05160
[FIRST_FAILURE] step_mean=8.92 step_min=0 step_max=23 phase_mean=113.43 phase_min=10 phase_max=324 anchor_pos=0.00000 anchor_ori=0.00500 ee_body=0.88550 timeout=0.00000
[TRACK_CHUNK0] anchor_pos=0.81077 anchor_ori=0.68104 body_pos=0.85108 body_ori=0.45052 body_lin=0.45724 body_ang=0.24802
[TRACK_ROLLOUT] anchor_pos=0.81222 anchor_ori=0.68603 body_pos=0.85157 body_ori=0.45210 body_lin=0.45942 body_ang=0.24901
[TRAIN_COST] action_rate=7.88639 joint_limit=0.00526 undesired_contacts=1.85437
[REWARD_WEIGHTED] pos=0.05522 penalty=-0.02058 total=0.03464 act_rate=-0.01582 contacts=-0.00368
[ACT_GREEDY] abs_mean=0.8964 abs_p95=2.4759 abs_p99=3.1401 abs_max=5.3921 legs=0.8818 waist=0.8241 arms=0.9243
[ACT_ROLLOUT] abs_mean=0.9102 abs_p95=2.4294 abs_p99=3.1609 abs_max=7.8115 abs_max_all=7.8115
[SAMPLER] top_bin=0 top_prob=0.505 peak_bin=0 failed_sum=755.6987 entropy=0.7868
[TRAIN_BODY] torso_ori=12.25deg l_wrist_ori=21.05deg r_wrist_ori=26.16deg l_elbow_ori=17.97deg r_elbow_ori=21.99deg l_shoulder_ori=17.28deg r_shoulder_ori=27.61deg
[TRAIN_ANG] torso=2.544 l_wrist=4.624 r_wrist=5.437 l_elbow=3.915 r_elbow=4.529 l_shoulder=3.371 r_shoulder=4.318
[TRAIN_ACT] l_wrist_r=0.5214 l_wrist_p=1.1968 l_wrist_y=0.8888 r_wrist_r=0.6712 r_wrist_p=0.8203 r_wrist_y=0.7224 l_elbow=0.8097 r_elbow=0.7795
[UPDATE] 236/500 reward_step=0.03499 done_frac=0.05038 mean_reward=0.68067 mean_len=19.73
[FPO++] actor_loss=0.00018 value_loss=0.00488 ratio=0.9984 [0.547,1.375] clip_frac=0.1872 cfm_old=0.8226 cfm_new=0.8243 kl=0.000099 grad=0.4121 grad_c=0.1614 lr=0.000338 critic_lr=0.000390
[TRAIN] mean_reward=0.68067 mean_len=19.73 recent_eps=100 completed_eps=5021645
[UPDATE_EFFECT] action_delta=0.00885436 param_rms_delta=0.00025804
[TIME] collect=4.885s update=5.817s
[DONE] timeout=0.00000 anchor_pos=0.00000 anchor_ori=0.00391 ee_body=0.87305
[DONE_ROLLOUT] timeout=0.00000 anchor_pos=0.00000 anchor_ori=0.00016 ee_body=0.05031
[FIRST_FAILURE] step_mean=8.95 step_min=0 step_max=23 phase_mean=113.40 phase_min=9 phase_max=324 anchor_pos=0.00000 anchor_ori=0.00366 ee_body=0.87280 timeout=0.00000
[TRACK_CHUNK0] anchor_pos=0.81271 anchor_ori=0.68726 body_pos=0.85172 body_ori=0.45423 body_lin=0.46021 body_ang=0.25078
[TRACK_ROLLOUT] anchor_pos=0.80930 anchor_ori=0.68990 body_pos=0.85160 body_ori=0.45180 body_lin=0.46587 body_ang=0.25354
[TRAIN_COST] action_rate=7.88863 joint_limit=0.00525 undesired_contacts=1.85815
[REWARD_WEIGHTED] pos=0.05545 penalty=-0.02046 total=0.03499 act_rate=-0.01566 contacts=-0.00377
[ACT_GREEDY] abs_mean=0.8959 abs_p95=2.4783 abs_p99=3.1441 abs_max=5.7503 legs=0.8799 waist=0.8219 arms=0.9254
[ACT_ROLLOUT] abs_mean=0.9111 abs_p95=2.4320 abs_p99=3.1607 abs_max=9.9845 abs_max_all=9.9845
[SAMPLER] top_bin=0 top_prob=0.505 peak_bin=0 failed_sum=747.5609 entropy=0.7871
[TRAIN_BODY] torso_ori=12.07deg l_wrist_ori=20.78deg r_wrist_ori=25.89deg l_elbow_ori=17.64deg r_elbow_ori=21.86deg l_shoulder_ori=17.31deg r_shoulder_ori=27.35deg
[TRAIN_ANG] torso=2.531 l_wrist=4.639 r_wrist=5.378 l_elbow=3.917 r_elbow=4.475 l_shoulder=3.386 r_shoulder=4.325
[TRAIN_ACT] l_wrist_r=0.5252 l_wrist_p=1.2009 l_wrist_y=0.8840 r_wrist_r=0.6732 r_wrist_p=0.8406 r_wrist_y=0.7436 l_elbow=0.7920 r_elbow=0.7806
[UPDATE] 237/500 reward_step=0.03487 done_frac=0.04988 mean_reward=0.75040 mean_len=21.07
[FPO++] actor_loss=0.00124 value_loss=0.00499 ratio=0.9985 [0.861,1.143] clip_frac=0.1667 cfm_old=0.8254 cfm_new=0.8269 kl=0.000084 grad=0.4717 grad_c=0.1097 lr=0.000338 critic_lr=0.000390
[TRAIN] mean_reward=0.75040 mean_len=21.07 recent_eps=100 completed_eps=5031451
[UPDATE_EFFECT] action_delta=0.00692963 param_rms_delta=0.00026656
[TIME] collect=4.896s update=5.816s
[DONE] timeout=0.00000 anchor_pos=0.00012 anchor_ori=0.00415 ee_body=0.87659
[DONE_ROLLOUT] timeout=0.00000 anchor_pos=0.00001 anchor_ori=0.00017 ee_body=0.04980
[FIRST_FAILURE] step_mean=9.11 step_min=0 step_max=23 phase_mean=115.78 phase_min=10 phase_max=324 anchor_pos=0.00012 anchor_ori=0.00354 ee_body=0.87634 timeout=0.00000
[TRACK_CHUNK0] anchor_pos=0.80797 anchor_ori=0.68478 body_pos=0.85059 body_ori=0.44772 body_lin=0.46198 body_ang=0.25072
[TRACK_ROLLOUT] anchor_pos=0.80539 anchor_ori=0.68343 body_pos=0.84957 body_ori=0.44964 body_lin=0.46505 body_ang=0.25551
[TRAIN_COST] action_rate=7.82895 joint_limit=0.00516 undesired_contacts=1.85596
[REWARD_WEIGHTED] pos=0.05528 penalty=-0.02041 total=0.03487 act_rate=-0.01563 contacts=-0.00375
[ACT_GREEDY] abs_mean=0.8933 abs_p95=2.4652 abs_p99=3.1374 abs_max=5.8329 legs=0.8797 waist=0.8194 arms=0.9208
[ACT_ROLLOUT] abs_mean=0.9088 abs_p95=2.4277 abs_p99=3.1546 abs_max=7.7660 abs_max_all=7.7660
[SAMPLER] top_bin=0 top_prob=0.504 peak_bin=0 failed_sum=739.5187 entropy=0.7875
[TRAIN_BODY] torso_ori=12.19deg l_wrist_ori=20.79deg r_wrist_ori=26.37deg l_elbow_ori=17.69deg r_elbow_ori=22.24deg l_shoulder_ori=17.30deg r_shoulder_ori=28.34deg
[TRAIN_ANG] torso=2.560 l_wrist=4.614 r_wrist=5.393 l_elbow=3.882 r_elbow=4.509 l_shoulder=3.374 r_shoulder=4.281
[TRAIN_ACT] l_wrist_r=0.5233 l_wrist_p=1.1955 l_wrist_y=0.8839 r_wrist_r=0.6716 r_wrist_p=0.8460 r_wrist_y=0.7407 l_elbow=0.7886 r_elbow=0.7712
[UPDATE] 238/500 reward_step=0.03506 done_frac=0.04877 mean_reward=0.68634 mean_len=19.71
[FPO++] actor_loss=-0.00010 value_loss=0.00541 ratio=0.9988 [0.880,1.114] clip_frac=0.1495 cfm_old=0.8255 cfm_new=0.8267 kl=0.000098 grad=0.3138 grad_c=0.1222 lr=0.000225 critic_lr=0.000260
[TRAIN] mean_reward=0.68634 mean_len=19.71 recent_eps=100 completed_eps=5041040
[UPDATE_EFFECT] action_delta=0.00583736 param_rms_delta=0.00021188
[TIME] collect=4.808s update=5.802s
[DONE] timeout=0.00000 anchor_pos=0.00000 anchor_ori=0.00500 ee_body=0.86853
[DONE_ROLLOUT] timeout=0.00000 anchor_pos=0.00000 anchor_ori=0.00021 ee_body=0.04866
[FIRST_FAILURE] step_mean=9.15 step_min=0 step_max=23 phase_mean=114.56 phase_min=9 phase_max=324 anchor_pos=0.00000 anchor_ori=0.00452 ee_body=0.86780 timeout=0.00000
[TRACK_CHUNK0] anchor_pos=0.80589 anchor_ori=0.68405 body_pos=0.84995 body_ori=0.45078 body_lin=0.46638 body_ang=0.25743
[TRACK_ROLLOUT] anchor_pos=0.80357 anchor_ori=0.68481 body_pos=0.84973 body_ori=0.44990 body_lin=0.46866 body_ang=0.25906
[TRAIN_COST] action_rate=7.80429 joint_limit=0.00495 undesired_contacts=1.89282
[REWARD_WEIGHTED] pos=0.05543 penalty=-0.02037 total=0.03506 act_rate=-0.01559 contacts=-0.00377
[ACT_GREEDY] abs_mean=0.8904 abs_p95=2.4637 abs_p99=3.1386 abs_max=5.3498 legs=0.8796 waist=0.8129 arms=0.9163
[ACT_ROLLOUT] abs_mean=0.9092 abs_p95=2.4279 abs_p99=3.1541 abs_max=7.8047 abs_max_all=7.8047
[SAMPLER] top_bin=0 top_prob=0.504 peak_bin=0 failed_sum=731.4525 entropy=0.7879
[TRAIN_BODY] torso_ori=12.17deg l_wrist_ori=20.90deg r_wrist_ori=26.43deg l_elbow_ori=17.56deg r_elbow_ori=22.30deg l_shoulder_ori=17.12deg r_shoulder_ori=28.15deg
[TRAIN_ANG] torso=2.506 l_wrist=4.574 r_wrist=5.311 l_elbow=3.852 r_elbow=4.436 l_shoulder=3.328 r_shoulder=4.200
[TRAIN_ACT] l_wrist_r=0.5411 l_wrist_p=1.1960 l_wrist_y=0.8694 r_wrist_r=0.6829 r_wrist_p=0.8184 r_wrist_y=0.7252 l_elbow=0.7608 r_elbow=0.7653
[UPDATE] 239/500 reward_step=0.03521 done_frac=0.04910 mean_reward=0.71657 mean_len=20.02
[FPO++] actor_loss=0.00096 value_loss=0.00524 ratio=0.9989 [0.860,1.120] clip_frac=0.1729 cfm_old=0.8183 cfm_new=0.8194 kl=0.000141 grad=0.3645 grad_c=0.1466 lr=0.000067 critic_lr=0.000077
[TRAIN] mean_reward=0.71657 mean_len=20.02 recent_eps=100 completed_eps=5050694
[UPDATE_EFFECT] action_delta=0.00702709 param_rms_delta=0.00019005
[TIME] collect=4.925s update=5.804s
[DONE] timeout=0.00000 anchor_pos=0.00000 anchor_ori=0.00439 ee_body=0.87402
[DONE_ROLLOUT] timeout=0.00000 anchor_pos=0.00000 anchor_ori=0.00018 ee_body=0.04902
[FIRST_FAILURE] step_mean=9.16 step_min=0 step_max=23 phase_mean=114.70 phase_min=10 phase_max=323 anchor_pos=0.00000 anchor_ori=0.00415 ee_body=0.87329 timeout=0.00000
[TRACK_CHUNK0] anchor_pos=0.80026 anchor_ori=0.68306 body_pos=0.84814 body_ori=0.44908 body_lin=0.46711 body_ang=0.25783
[TRACK_ROLLOUT] anchor_pos=0.80268 anchor_ori=0.68754 body_pos=0.84990 body_ori=0.45022 body_lin=0.47087 body_ang=0.26195
[TRAIN_COST] action_rate=7.68543 joint_limit=0.00529 undesired_contacts=1.90820
[REWARD_WEIGHTED] pos=0.05556 penalty=-0.02035 total=0.03521 act_rate=-0.01539 contacts=-0.00390
[ACT_GREEDY] abs_mean=0.8954 abs_p95=2.4795 abs_p99=3.1468 abs_max=5.1348 legs=0.8866 waist=0.8091 arms=0.9214
[ACT_ROLLOUT] abs_mean=0.9114 abs_p95=2.4357 abs_p99=3.1616 abs_max=7.3865 abs_max_all=7.3865
[SAMPLER] top_bin=0 top_prob=0.504 peak_bin=0 failed_sum=723.6420 entropy=0.7882
[TRAIN_BODY] torso_ori=12.21deg l_wrist_ori=20.81deg r_wrist_ori=26.16deg l_elbow_ori=17.55deg r_elbow_ori=22.20deg l_shoulder_ori=17.01deg r_shoulder_ori=27.96deg
[TRAIN_ANG] torso=2.514 l_wrist=4.606 r_wrist=5.293 l_elbow=3.873 r_elbow=4.421 l_shoulder=3.315 r_shoulder=4.177
[TRAIN_ACT] l_wrist_r=0.5353 l_wrist_p=1.2243 l_wrist_y=0.8896 r_wrist_r=0.6644 r_wrist_p=0.8509 r_wrist_y=0.7458 l_elbow=0.7689 r_elbow=0.7658
[UPDATE] 240/500 reward_step=0.03551 done_frac=0.04673 mean_reward=0.77697 mean_len=21.18
[FPO++] actor_loss=0.00058 value_loss=0.00557 ratio=0.9986 [0.893,1.120] clip_frac=0.1384 cfm_old=0.8163 cfm_new=0.8177 kl=0.000102 grad=0.2890 grad_c=0.1324 lr=0.000150 critic_lr=0.000173
[TRAIN] mean_reward=0.77697 mean_len=21.18 recent_eps=100 completed_eps=5059882
[UPDATE_EFFECT] action_delta=0.01009091 param_rms_delta=0.00014755
[TIME] collect=5.042s update=5.813s
[DONE] timeout=0.00000 anchor_pos=0.00000 anchor_ori=0.00391 ee_body=0.86145
[DONE_ROLLOUT] timeout=0.00000 anchor_pos=0.00000 anchor_ori=0.00016 ee_body=0.04666
[FIRST_FAILURE] step_mean=9.38 step_min=0 step_max=23 phase_mean=112.98 phase_min=11 phase_max=324 anchor_pos=0.00000 anchor_ori=0.00391 ee_body=0.86145 timeout=0.00000
[TRACK_CHUNK0] anchor_pos=0.80398 anchor_ori=0.69072 body_pos=0.85056 body_ori=0.45168 body_lin=0.47372 body_ang=0.26308
[TRACK_ROLLOUT] anchor_pos=0.80078 anchor_ori=0.68729 body_pos=0.84918 body_ori=0.44924 body_lin=0.47745 body_ang=0.26781
[TRAIN_COST] action_rate=7.72170 joint_limit=0.00552 undesired_contacts=1.96399
[REWARD_WEIGHTED] pos=0.05575 penalty=-0.02024 total=0.03551 act_rate=-0.01531 contacts=-0.00392
[ACT_GREEDY] abs_mean=0.8985 abs_p95=2.5007 abs_p99=3.1612 abs_max=5.9158 legs=0.8990 waist=0.8146 arms=0.9161
[ACT_ROLLOUT] abs_mean=0.9152 abs_p95=2.4479 abs_p99=3.1719 abs_max=7.1752 abs_max_all=7.1752
[SAMPLER] top_bin=0 top_prob=0.503 peak_bin=0 failed_sum=715.5560 entropy=0.7885
[TRAIN_BODY] torso_ori=11.96deg l_wrist_ori=20.59deg r_wrist_ori=26.38deg l_elbow_ori=17.31deg r_elbow_ori=22.50deg l_shoulder_ori=16.85deg r_shoulder_ori=28.37deg
[TRAIN_ANG] torso=2.472 l_wrist=4.526 r_wrist=5.311 l_elbow=3.855 r_elbow=4.452 l_shoulder=3.257 r_shoulder=4.191
[TRAIN_ACT] l_wrist_r=0.5340 l_wrist_p=1.1738 l_wrist_y=0.8773 r_wrist_r=0.6593 r_wrist_p=0.8214 r_wrist_y=0.7363 l_elbow=0.7486 r_elbow=0.7845
[UPDATE] 241/500 reward_step=0.03530 done_frac=0.04506 mean_reward=0.78807 mean_len=22.27
[FPO++] actor_loss=-0.00011 value_loss=0.00561 ratio=0.9988 [0.925,1.071] clip_frac=0.0872 cfm_old=0.8175 cfm_new=0.8188 kl=0.000059 grad=0.1863 grad_c=0.1072 lr=0.000338 critic_lr=0.000390
[TRAIN] mean_reward=0.78807 mean_len=22.27 recent_eps=100 completed_eps=5068741
[UPDATE_EFFECT] action_delta=0.00730053 param_rms_delta=0.00023637
[TIME] collect=4.971s update=5.815s
[DONE] timeout=0.00000 anchor_pos=0.00000 anchor_ori=0.00427 ee_body=0.85388
[DONE_ROLLOUT] timeout=0.00000 anchor_pos=0.00000 anchor_ori=0.00018 ee_body=0.04496
[FIRST_FAILURE] step_mean=9.62 step_min=0 step_max=23 phase_mean=113.30 phase_min=12 phase_max=324 anchor_pos=0.00000 anchor_ori=0.00415 ee_body=0.85352 timeout=0.00000
[TRACK_CHUNK0] anchor_pos=0.79810 anchor_ori=0.68372 body_pos=0.84795 body_ori=0.44569 body_lin=0.47856 body_ang=0.26807
[TRACK_ROLLOUT] anchor_pos=0.79165 anchor_ori=0.68177 body_pos=0.84652 body_ori=0.44275 body_lin=0.47853 body_ang=0.27268
[TRAIN_COST] action_rate=7.58500 joint_limit=0.00520 undesired_contacts=1.96167
[REWARD_WEIGHTED] pos=0.05554 penalty=-0.02025 total=0.03530 act_rate=-0.01526 contacts=-0.00394
[ACT_GREEDY] abs_mean=0.9061 abs_p95=2.5220 abs_p99=3.1891 abs_max=6.3595 legs=0.9063 waist=0.8130 arms=0.9259
[ACT_ROLLOUT] abs_mean=0.9212 abs_p95=2.4704 abs_p99=3.1981 abs_max=7.5185 abs_max_all=7.5185
[SAMPLER] top_bin=0 top_prob=0.503 peak_bin=0 failed_sum=707.3365 entropy=0.7889
[TRAIN_BODY] torso_ori=12.19deg l_wrist_ori=20.88deg r_wrist_ori=26.52deg l_elbow_ori=17.65deg r_elbow_ori=22.45deg l_shoulder_ori=16.92deg r_shoulder_ori=28.73deg
[TRAIN_ANG] torso=2.475 l_wrist=4.567 r_wrist=5.271 l_elbow=3.838 r_elbow=4.410 l_shoulder=3.262 r_shoulder=4.165
[TRAIN_ACT] l_wrist_r=0.5395 l_wrist_p=1.2068 l_wrist_y=0.8835 r_wrist_r=0.6558 r_wrist_p=0.8417 r_wrist_y=0.7338 l_elbow=0.7398 r_elbow=0.7984
[UPDATE] 242/500 reward_step=0.03527 done_frac=0.04457 mean_reward=0.78395 mean_len=22.27
[FPO++] actor_loss=0.00901 value_loss=0.00558 ratio=0.9981 [0.747,1.438] clip_frac=0.2811 cfm_old=0.8182 cfm_new=0.8204 kl=0.000196 grad=1.0715 grad_c=0.1036 lr=0.000020 critic_lr=0.000023
[TRAIN] mean_reward=0.78395 mean_len=22.27 recent_eps=100 completed_eps=5077504
[UPDATE_EFFECT] action_delta=0.01230591 param_rms_delta=0.00020623
[TIME] collect=4.810s update=5.811s
[DONE] timeout=0.00000 anchor_pos=0.00000 anchor_ori=0.00525 ee_body=0.85474
[DONE_ROLLOUT] timeout=0.00000 anchor_pos=0.00000 anchor_ori=0.00022 ee_body=0.04445
[FIRST_FAILURE] step_mean=9.65 step_min=0 step_max=23 phase_mean=113.96 phase_min=12 phase_max=324 anchor_pos=0.00000 anchor_ori=0.00488 ee_body=0.85449 timeout=0.00000
[TRACK_CHUNK0] anchor_pos=0.78522 anchor_ori=0.67707 body_pos=0.84410 body_ori=0.43982 body_lin=0.47565 body_ang=0.27296
[TRACK_ROLLOUT] anchor_pos=0.78579 anchor_ori=0.67971 body_pos=0.84472 body_ori=0.44176 body_lin=0.48069 body_ang=0.27608
[TRAIN_COST] action_rate=7.64865 joint_limit=0.00528 undesired_contacts=1.98486
[REWARD_WEIGHTED] pos=0.05552 penalty=-0.02025 total=0.03527 act_rate=-0.01519 contacts=-0.00399
[ACT_GREEDY] abs_mean=0.9162 abs_p95=2.5505 abs_p99=3.2084 abs_max=5.0009 legs=0.9205 waist=0.8114 arms=0.9350
[ACT_ROLLOUT] abs_mean=0.9236 abs_p95=2.4807 abs_p99=3.2128 abs_max=7.5691 abs_max_all=7.5691
[SAMPLER] top_bin=0 top_prob=0.502 peak_bin=0 failed_sum=699.2168 entropy=0.7893
[TRAIN_BODY] torso_ori=12.33deg l_wrist_ori=21.06deg r_wrist_ori=26.67deg l_elbow_ori=17.81deg r_elbow_ori=22.68deg l_shoulder_ori=17.04deg r_shoulder_ori=29.07deg
[TRAIN_ANG] torso=2.474 l_wrist=4.506 r_wrist=5.224 l_elbow=3.821 r_elbow=4.400 l_shoulder=3.211 r_shoulder=4.102
[TRAIN_ACT] l_wrist_r=0.5452 l_wrist_p=1.1973 l_wrist_y=0.8840 r_wrist_r=0.6643 r_wrist_p=0.8697 r_wrist_y=0.7455 l_elbow=0.7301 r_elbow=0.8123
[UPDATE] 243/500 reward_step=0.03498 done_frac=0.04332 mean_reward=0.82863 mean_len=23.58
[FPO++] actor_loss=0.00299 value_loss=0.00586 ratio=0.9990 [0.853,1.161] clip_frac=0.1911 cfm_old=0.8303 cfm_new=0.8314 kl=0.000070 grad=0.7050 grad_c=0.0752 lr=0.000150 critic_lr=0.000173
[TRAIN] mean_reward=0.82863 mean_len=23.58 recent_eps=100 completed_eps=5086022
[UPDATE_EFFECT] action_delta=0.00662006 param_rms_delta=0.00012653
[TIME] collect=4.861s update=5.816s
[DONE] timeout=0.00000 anchor_pos=0.00012 anchor_ori=0.00415 ee_body=0.84045
[DONE_ROLLOUT] timeout=0.00000 anchor_pos=0.00001 anchor_ori=0.00017 ee_body=0.04324
[FIRST_FAILURE] step_mean=9.78 step_min=0 step_max=23 phase_mean=112.34 phase_min=11 phase_max=324 anchor_pos=0.00012 anchor_ori=0.00403 ee_body=0.84021 timeout=0.00000
[TRACK_CHUNK0] anchor_pos=0.78376 anchor_ori=0.68204 body_pos=0.84431 body_ori=0.44028 body_lin=0.48027 body_ang=0.27417
[TRACK_ROLLOUT] anchor_pos=0.78092 anchor_ori=0.68149 body_pos=0.84368 body_ori=0.43799 body_lin=0.48383 body_ang=0.27836
[TRAIN_COST] action_rate=7.71385 joint_limit=0.00534 undesired_contacts=1.97522
[REWARD_WEIGHTED] pos=0.05550 penalty=-0.02052 total=0.03498 act_rate=-0.01538 contacts=-0.00403
[ACT_GREEDY] abs_mean=0.9118 abs_p95=2.5406 abs_p99=3.2184 abs_max=5.6583 legs=0.9173 waist=0.8048 arms=0.9300
[ACT_ROLLOUT] abs_mean=0.9289 abs_p95=2.5062 abs_p99=3.2475 abs_max=9.3058 abs_max_all=9.3058
[SAMPLER] top_bin=0 top_prob=0.502 peak_bin=0 failed_sum=691.0482 entropy=0.7896
[TRAIN_BODY] torso_ori=12.12deg l_wrist_ori=20.92deg r_wrist_ori=26.97deg l_elbow_ori=17.59deg r_elbow_ori=22.76deg l_shoulder_ori=16.88deg r_shoulder_ori=29.48deg
[TRAIN_ANG] torso=2.451 l_wrist=4.541 r_wrist=5.236 l_elbow=3.850 r_elbow=4.426 l_shoulder=3.214 r_shoulder=4.083
[TRAIN_ACT] l_wrist_r=0.5524 l_wrist_p=1.1937 l_wrist_y=0.8707 r_wrist_r=0.6494 r_wrist_p=0.8854 r_wrist_y=0.7523 l_elbow=0.7206 r_elbow=0.8079
[UPDATE] 244/500 reward_step=0.03522 done_frac=0.04264 mean_reward=0.85879 mean_len=23.96
[FPO++] actor_loss=0.00146 value_loss=0.00744 ratio=0.9988 [0.881,1.121] clip_frac=0.1552 cfm_old=0.8234 cfm_new=0.8246 kl=0.000125 grad=0.3785 grad_c=0.3904 lr=0.000100 critic_lr=0.000116
[TRAIN] mean_reward=0.85879 mean_len=23.96 recent_eps=100 completed_eps=5094406
[UPDATE_EFFECT] action_delta=0.00739188 param_rms_delta=0.00019107
[TIME] collect=4.897s update=5.807s
[DONE] timeout=0.00000 anchor_pos=0.00000 anchor_ori=0.00562 ee_body=0.84277
[DONE_ROLLOUT] timeout=0.00000 anchor_pos=0.00000 anchor_ori=0.00023 ee_body=0.04253
[FIRST_FAILURE] step_mean=9.90 step_min=0 step_max=23 phase_mean=113.33 phase_min=11 phase_max=324 anchor_pos=0.00000 anchor_ori=0.00537 ee_body=0.84253 timeout=0.00000
[TRACK_CHUNK0] anchor_pos=0.78209 anchor_ori=0.68305 body_pos=0.84492 body_ori=0.44004 body_lin=0.48625 body_ang=0.27983
[TRACK_ROLLOUT] anchor_pos=0.77899 anchor_ori=0.68279 body_pos=0.84283 body_ori=0.43930 body_lin=0.48436 body_ang=0.27953
[TRAIN_COST] action_rate=7.67568 joint_limit=0.00524 undesired_contacts=2.03027
[REWARD_WEIGHTED] pos=0.05554 penalty=-0.02032 total=0.03522 act_rate=-0.01517 contacts=-0.00408
[ACT_GREEDY] abs_mean=0.9133 abs_p95=2.5552 abs_p99=3.2330 abs_max=5.7165 legs=0.9254 waist=0.7924 arms=0.9288
[ACT_ROLLOUT] abs_mean=0.9271 abs_p95=2.4962 abs_p99=3.2384 abs_max=7.3259 abs_max_all=7.3259
[SAMPLER] top_bin=0 top_prob=0.502 peak_bin=0 failed_sum=682.9403 entropy=0.7899
[TRAIN_BODY] torso_ori=12.05deg l_wrist_ori=20.97deg r_wrist_ori=26.81deg l_elbow_ori=17.49deg r_elbow_ori=22.82deg l_shoulder_ori=16.52deg r_shoulder_ori=29.71deg
[TRAIN_ANG] torso=2.420 l_wrist=4.523 r_wrist=5.228 l_elbow=3.808 r_elbow=4.393 l_shoulder=3.169 r_shoulder=4.011
[TRAIN_ACT] l_wrist_r=0.5524 l_wrist_p=1.1710 l_wrist_y=0.8768 r_wrist_r=0.6390 r_wrist_p=0.9038 r_wrist_y=0.7588 l_elbow=0.7052 r_elbow=0.8215
[UPDATE] 245/500 reward_step=0.03561 done_frac=0.04231 mean_reward=0.84531 mean_len=23.83
[FPO++] actor_loss=0.00278 value_loss=0.00664 ratio=0.9990 [0.876,1.128] clip_frac=0.1887 cfm_old=0.8172 cfm_new=0.8183 kl=0.000128 grad=0.5091 grad_c=0.2268 lr=0.000150 critic_lr=0.000173
[TRAIN] mean_reward=0.84531 mean_len=23.83 recent_eps=100 completed_eps=5102725
[UPDATE_EFFECT] action_delta=0.01230016 param_rms_delta=0.00016760
[TIME] collect=4.846s update=5.811s
[DONE] timeout=0.00000 anchor_pos=0.00000 anchor_ori=0.00562 ee_body=0.83728
[DONE_ROLLOUT] timeout=0.00000 anchor_pos=0.00000 anchor_ori=0.00023 ee_body=0.04219
[FIRST_FAILURE] step_mean=9.80 step_min=0 step_max=23 phase_mean=112.90 phase_min=9 phase_max=324 anchor_pos=0.00000 anchor_ori=0.00549 ee_body=0.83691 timeout=0.00000
[TRACK_CHUNK0] anchor_pos=0.77541 anchor_ori=0.68171 body_pos=0.84112 body_ori=0.43482 body_lin=0.48237 body_ang=0.27784
[TRACK_ROLLOUT] anchor_pos=0.77716 anchor_ori=0.68617 body_pos=0.84270 body_ori=0.43996 body_lin=0.48755 body_ang=0.28350
[TRAIN_COST] action_rate=7.50732 joint_limit=0.00521 undesired_contacts=2.04993
[REWARD_WEIGHTED] pos=0.05571 penalty=-0.02010 total=0.03561 act_rate=-0.01496 contacts=-0.00409
[ACT_GREEDY] abs_mean=0.9056 abs_p95=2.5222 abs_p99=3.2112 abs_max=5.6135 legs=0.9154 waist=0.7909 arms=0.9217
[ACT_ROLLOUT] abs_mean=0.9222 abs_p95=2.4919 abs_p99=3.2381 abs_max=6.5061 abs_max_all=6.5061
[SAMPLER] top_bin=0 top_prob=0.501 peak_bin=0 failed_sum=674.9601 entropy=0.7903
[TRAIN_BODY] torso_ori=12.18deg l_wrist_ori=21.25deg r_wrist_ori=27.24deg l_elbow_ori=17.86deg r_elbow_ori=23.11deg l_shoulder_ori=16.91deg r_shoulder_ori=30.10deg
[TRAIN_ANG] torso=2.439 l_wrist=4.541 r_wrist=5.191 l_elbow=3.868 r_elbow=4.418 l_shoulder=3.210 r_shoulder=4.075
[TRAIN_ACT] l_wrist_r=0.5512 l_wrist_p=1.1754 l_wrist_y=0.8835 r_wrist_r=0.6291 r_wrist_p=0.8869 r_wrist_y=0.7549 l_elbow=0.7061 r_elbow=0.7989
[UPDATE] 246/500 reward_step=0.03604 done_frac=0.04205 mean_reward=0.88999 mean_len=24.40
[FPO++] actor_loss=0.00175 value_loss=0.00624 ratio=0.9989 [0.885,1.096] clip_frac=0.1893 cfm_old=0.8065 cfm_new=0.8076 kl=0.000133 grad=0.5284 grad_c=0.0635 lr=0.000067 critic_lr=0.000077
[TRAIN] mean_reward=0.88999 mean_len=24.40 recent_eps=100 completed_eps=5110993
[UPDATE_EFFECT] action_delta=0.01157727 param_rms_delta=0.00010281
[TIME] collect=4.908s update=5.814s
[DONE] timeout=0.00000 anchor_pos=0.00000 anchor_ori=0.00476 ee_body=0.83069
[DONE_ROLLOUT] timeout=0.00000 anchor_pos=0.00000 anchor_ori=0.00020 ee_body=0.04194
[FIRST_FAILURE] step_mean=9.75 step_min=0 step_max=23 phase_mean=111.80 phase_min=11 phase_max=324 anchor_pos=0.00000 anchor_ori=0.00476 ee_body=0.83044 timeout=0.00000
[TRACK_CHUNK0] anchor_pos=0.77326 anchor_ori=0.68451 body_pos=0.84103 body_ori=0.43718 body_lin=0.48745 body_ang=0.28425
[TRACK_ROLLOUT] anchor_pos=0.77507 anchor_ori=0.69241 body_pos=0.84257 body_ori=0.44168 body_lin=0.49048 body_ang=0.28617
[TRAIN_COST] action_rate=7.40925 joint_limit=0.00543 undesired_contacts=2.03979
[REWARD_WEIGHTED] pos=0.05589 penalty=-0.01985 total=0.03604 act_rate=-0.01471 contacts=-0.00408
[ACT_GREEDY] abs_mean=0.9084 abs_p95=2.5509 abs_p99=3.2348 abs_max=5.6270 legs=0.9215 waist=0.7890 arms=0.9228
[ACT_ROLLOUT] abs_mean=0.9132 abs_p95=2.4698 abs_p99=3.2074 abs_max=7.0843 abs_max_all=7.0843
[SAMPLER] top_bin=0 top_prob=0.501 peak_bin=0 failed_sum=667.1183 entropy=0.7906
[TRAIN_BODY] torso_ori=12.09deg l_wrist_ori=20.90deg r_wrist_ori=27.12deg l_elbow_ori=17.37deg r_elbow_ori=23.17deg l_shoulder_ori=16.76deg r_shoulder_ori=30.06deg
[TRAIN_ANG] torso=2.393 l_wrist=4.417 r_wrist=5.171 l_elbow=3.758 r_elbow=4.377 l_shoulder=3.188 r_shoulder=4.017
[TRAIN_ACT] l_wrist_r=0.5553 l_wrist_p=1.1690 l_wrist_y=0.8938 r_wrist_r=0.6264 r_wrist_p=0.8924 r_wrist_y=0.7529 l_elbow=0.6879 r_elbow=0.7970
[UPDATE] 247/500 reward_step=0.03576 done_frac=0.04118 mean_reward=0.87265 mean_len=24.79
[FPO++] actor_loss=0.00089 value_loss=0.00624 ratio=0.9989 [0.924,1.094] clip_frac=0.0717 cfm_old=0.8118 cfm_new=0.8129 kl=0.000054 grad=0.1624 grad_c=0.0823 lr=0.000338 critic_lr=0.000390
[TRAIN] mean_reward=0.87265 mean_len=24.79 recent_eps=100 completed_eps=5119089
[UPDATE_EFFECT] action_delta=0.00644497 param_rms_delta=0.00021703
[TIME] collect=4.897s update=5.808s
[DONE] timeout=0.00000 anchor_pos=0.00012 anchor_ori=0.00537 ee_body=0.82776
[DONE_ROLLOUT] timeout=0.00000 anchor_pos=0.00001 anchor_ori=0.00022 ee_body=0.04105
[FIRST_FAILURE] step_mean=9.99 step_min=0 step_max=23 phase_mean=113.05 phase_min=12 phase_max=324 anchor_pos=0.00000 anchor_ori=0.00525 ee_body=0.82764 timeout=0.00000
[TRACK_CHUNK0] anchor_pos=0.77167 anchor_ori=0.69121 body_pos=0.84041 body_ori=0.43602 body_lin=0.48680 body_ang=0.28412
[TRACK_ROLLOUT] anchor_pos=0.76891 anchor_ori=0.68656 body_pos=0.84034 body_ori=0.43779 body_lin=0.48897 body_ang=0.28847
[TRAIN_COST] action_rate=7.30909 joint_limit=0.00532 undesired_contacts=2.02686
[REWARD_WEIGHTED] pos=0.05567 penalty=-0.01991 total=0.03576 act_rate=-0.01472 contacts=-0.00413
[ACT_GREEDY] abs_mean=0.9075 abs_p95=2.5456 abs_p99=3.2280 abs_max=5.2225 legs=0.9214 waist=0.7845 arms=0.9220
[ACT_ROLLOUT] abs_mean=0.9209 abs_p95=2.4918 abs_p99=3.2363 abs_max=8.2231 abs_max_all=8.2231
[SAMPLER] top_bin=0 top_prob=0.500 peak_bin=0 failed_sum=659.2935 entropy=0.7909
[TRAIN_BODY] torso_ori=11.82deg l_wrist_ori=20.54deg r_wrist_ori=26.89deg l_elbow_ori=17.24deg r_elbow_ori=22.98deg l_shoulder_ori=16.66deg r_shoulder_ori=30.31deg
[TRAIN_ANG] torso=2.387 l_wrist=4.448 r_wrist=5.172 l_elbow=3.756 r_elbow=4.331 l_shoulder=3.133 r_shoulder=4.020
[TRAIN_ACT] l_wrist_r=0.5548 l_wrist_p=1.1632 l_wrist_y=0.8927 r_wrist_r=0.6259 r_wrist_p=0.8761 r_wrist_y=0.7580 l_elbow=0.6872 r_elbow=0.7993
[UPDATE] 248/500 reward_step=0.03584 done_frac=0.04005 mean_reward=0.87943 mean_len=24.55
[FPO++] actor_loss=0.00043 value_loss=0.00592 ratio=0.9988 [0.902,1.080] clip_frac=0.1361 cfm_old=0.8097 cfm_new=0.8110 kl=0.000115 grad=0.2745 grad_c=0.0837 lr=0.000337 critic_lr=0.000390
[TRAIN] mean_reward=0.87943 mean_len=24.55 recent_eps=100 completed_eps=5126964
[UPDATE_EFFECT] action_delta=0.01808856 param_rms_delta=0.00021059
[TIME] collect=4.882s update=5.816s
[DONE] timeout=0.00000 anchor_pos=0.00000 anchor_ori=0.00635 ee_body=0.81531
[DONE_ROLLOUT] timeout=0.00000 anchor_pos=0.00000 anchor_ori=0.00026 ee_body=0.03990
[FIRST_FAILURE] step_mean=10.11 step_min=0 step_max=23 phase_mean=112.11 phase_min=9 phase_max=324 anchor_pos=0.00000 anchor_ori=0.00635 ee_body=0.81494 timeout=0.00000
[TRACK_CHUNK0] anchor_pos=0.76573 anchor_ori=0.68694 body_pos=0.83954 body_ori=0.43822 body_lin=0.49106 body_ang=0.28885
[TRACK_ROLLOUT] anchor_pos=0.76514 anchor_ori=0.68666 body_pos=0.83989 body_ori=0.43701 body_lin=0.49298 body_ang=0.29187
[TRAIN_COST] action_rate=7.38208 joint_limit=0.00522 undesired_contacts=2.07275
[REWARD_WEIGHTED] pos=0.05575 penalty=-0.01991 total=0.03584 act_rate=-0.01463 contacts=-0.00417
[ACT_GREEDY] abs_mean=0.9054 abs_p95=2.5423 abs_p99=3.2148 abs_max=5.3331 legs=0.9173 waist=0.7934 arms=0.9191
[ACT_ROLLOUT] abs_mean=0.9207 abs_p95=2.4938 abs_p99=3.2329 abs_max=6.7087 abs_max_all=6.7087
[SAMPLER] top_bin=0 top_prob=0.500 peak_bin=0 failed_sum=651.4360 entropy=0.7913
[TRAIN_BODY] torso_ori=12.11deg l_wrist_ori=20.80deg r_wrist_ori=26.84deg l_elbow_ori=17.47deg r_elbow_ori=22.94deg l_shoulder_ori=16.70deg r_shoulder_ori=29.62deg
[TRAIN_ANG] torso=2.361 l_wrist=4.392 r_wrist=5.153 l_elbow=3.728 r_elbow=4.344 l_shoulder=3.140 r_shoulder=3.922
[TRAIN_ACT] l_wrist_r=0.5569 l_wrist_p=1.1739 l_wrist_y=0.9058 r_wrist_r=0.6213 r_wrist_p=0.8781 r_wrist_y=0.7515 l_elbow=0.6855 r_elbow=0.7899
[UPDATE] 249/500 reward_step=0.03583 done_frac=0.03966 mean_reward=0.91807 mean_len=25.18
[FPO++] actor_loss=0.00160 value_loss=0.00638 ratio=0.9987 [0.869,1.097] clip_frac=0.1541 cfm_old=0.8141 cfm_new=0.8154 kl=0.000149 grad=0.2866 grad_c=0.1253 lr=0.000150 critic_lr=0.000173
[TRAIN] mean_reward=0.91807 mean_len=25.18 recent_eps=100 completed_eps=5134762
[UPDATE_EFFECT] action_delta=0.01490420 param_rms_delta=0.00013520
[TIME] collect=4.805s update=5.805s
[DONE] timeout=0.00000 anchor_pos=0.00000 anchor_ori=0.00598 ee_body=0.80542
[DONE_ROLLOUT] timeout=0.00000 anchor_pos=0.00000 anchor_ori=0.00025 ee_body=0.03951
[FIRST_FAILURE] step_mean=10.15 step_min=0 step_max=23 phase_mean=111.63 phase_min=12 phase_max=324 anchor_pos=0.00000 anchor_ori=0.00586 ee_body=0.80493 timeout=0.00000
[TRACK_CHUNK0] anchor_pos=0.76281 anchor_ori=0.68477 body_pos=0.83918 body_ori=0.43572 body_lin=0.49283 body_ang=0.29304
[TRACK_ROLLOUT] anchor_pos=0.76018 anchor_ori=0.68706 body_pos=0.83825 body_ori=0.43773 body_lin=0.49129 body_ang=0.29487
[TRAIN_COST] action_rate=7.23491 joint_limit=0.00526 undesired_contacts=2.09363
[REWARD_WEIGHTED] pos=0.05572 penalty=-0.01988 total=0.03583 act_rate=-0.01469 contacts=-0.00412
[ACT_GREEDY] abs_mean=0.9041 abs_p95=2.5401 abs_p99=3.2137 abs_max=5.3854 legs=0.9226 waist=0.7826 arms=0.9142
[ACT_ROLLOUT] abs_mean=0.9167 abs_p95=2.4755 abs_p99=3.2121 abs_max=7.6211 abs_max_all=7.6211
[SAMPLER] top_bin=0 top_prob=0.500 peak_bin=0 failed_sum=643.6890 entropy=0.7915
[TRAIN_BODY] torso_ori=12.06deg l_wrist_ori=20.72deg r_wrist_ori=27.10deg l_elbow_ori=17.24deg r_elbow_ori=23.37deg l_shoulder_ori=16.73deg r_shoulder_ori=30.31deg
[TRAIN_ANG] torso=2.347 l_wrist=4.395 r_wrist=5.129 l_elbow=3.742 r_elbow=4.330 l_shoulder=3.140 r_shoulder=3.927
[TRAIN_ACT] l_wrist_r=0.5515 l_wrist_p=1.1505 l_wrist_y=0.8957 r_wrist_r=0.6320 r_wrist_p=0.8913 r_wrist_y=0.7549 l_elbow=0.6497 r_elbow=0.7873
[UPDATE] 250/500 reward_step=0.03624 done_frac=0.03897 mean_reward=0.91086 mean_len=25.88
[FPO++] actor_loss=0.00130 value_loss=0.00621 ratio=0.9986 [0.918,1.084] clip_frac=0.1239 cfm_old=0.8048 cfm_new=0.8062 kl=0.000130 grad=0.2353 grad_c=0.0949 lr=0.000100 critic_lr=0.000116
[TRAIN] mean_reward=0.91086 mean_len=25.88 recent_eps=100 completed_eps=5142423
[UPDATE_EFFECT] action_delta=0.00548968 param_rms_delta=0.00011611
[TIME] collect=4.868s update=5.807s
[DONE] timeout=0.00000 anchor_pos=0.00012 anchor_ori=0.00354 ee_body=0.80920
[DONE_ROLLOUT] timeout=0.00000 anchor_pos=0.00001 anchor_ori=0.00015 ee_body=0.03887
[FIRST_FAILURE] step_mean=10.33 step_min=0 step_max=23 phase_mean=112.90 phase_min=11 phase_max=324 anchor_pos=0.00012 anchor_ori=0.00354 ee_body=0.80872 timeout=0.00000
[TRACK_CHUNK0] anchor_pos=0.75858 anchor_ori=0.68823 body_pos=0.83808 body_ori=0.43582 body_lin=0.48994 body_ang=0.29433
[TRACK_ROLLOUT] anchor_pos=0.75669 anchor_ori=0.69172 body_pos=0.83797 body_ori=0.43602 body_lin=0.49244 body_ang=0.29635
[TRAIN_COST] action_rate=7.15449 joint_limit=0.00492 undesired_contacts=2.05469
[REWARD_WEIGHTED] pos=0.05574 penalty=-0.01950 total=0.03624 act_rate=-0.01436 contacts=-0.00413
[ACT_GREEDY] abs_mean=0.9021 abs_p95=2.5248 abs_p99=3.1869 abs_max=5.1294 legs=0.9071 waist=0.7839 arms=0.9232
[ACT_ROLLOUT] abs_mean=0.9140 abs_p95=2.4800 abs_p99=3.2150 abs_max=8.6159 abs_max_all=8.6159
[SAMPLER] top_bin=0 top_prob=0.499 peak_bin=0 failed_sum=635.9907 entropy=0.7919
[TRAIN_BODY] torso_ori=11.96deg l_wrist_ori=21.00deg r_wrist_ori=27.02deg l_elbow_ori=17.29deg r_elbow_ori=23.11deg l_shoulder_ori=16.72deg r_shoulder_ori=29.74deg
[TRAIN_ANG] torso=2.349 l_wrist=4.382 r_wrist=5.081 l_elbow=3.709 r_elbow=4.295 l_shoulder=3.113 r_shoulder=3.888
[TRAIN_ACT] l_wrist_r=0.5624 l_wrist_p=1.2038 l_wrist_y=0.8913 r_wrist_r=0.6219 r_wrist_p=0.8758 r_wrist_y=0.7726 l_elbow=0.6857 r_elbow=0.7804
[UPDATE] 251/500 reward_step=0.03662 done_frac=0.03850 mean_reward=1.01073 mean_len=26.84
[FPO++] actor_loss=0.00045 value_loss=0.00638 ratio=0.9986 [0.915,1.076] clip_frac=0.1229 cfm_old=0.7980 cfm_new=0.7995 kl=0.000133 grad=0.2242 grad_c=0.1163 lr=0.000150 critic_lr=0.000173
[TRAIN] mean_reward=1.01073 mean_len=26.84 recent_eps=100 completed_eps=5149993
[UPDATE_EFFECT] action_delta=0.01227446 param_rms_delta=0.00013039
[TIME] collect=4.879s update=5.815s
[DONE] timeout=0.00000 anchor_pos=0.00000 anchor_ori=0.00476 ee_body=0.80115
[DONE_ROLLOUT] timeout=0.00000 anchor_pos=0.00000 anchor_ori=0.00020 ee_body=0.03841
[FIRST_FAILURE] step_mean=10.31 step_min=0 step_max=23 phase_mean=111.87 phase_min=11 phase_max=324 anchor_pos=0.00000 anchor_ori=0.00476 ee_body=0.80090 timeout=0.00000
[TRACK_CHUNK0] anchor_pos=0.76005 anchor_ori=0.69260 body_pos=0.83833 body_ori=0.43767 body_lin=0.49660 body_ang=0.29834
[TRACK_ROLLOUT] anchor_pos=0.75974 anchor_ori=0.69324 body_pos=0.83920 body_ori=0.43689 body_lin=0.49861 body_ang=0.30167
[TRAIN_COST] action_rate=7.10531 joint_limit=0.00545 undesired_contacts=2.09204
[REWARD_WEIGHTED] pos=0.05606 penalty=-0.01943 total=0.03662 act_rate=-0.01415 contacts=-0.00421
[ACT_GREEDY] abs_mean=0.9002 abs_p95=2.5407 abs_p99=3.2062 abs_max=5.2856 legs=0.9203 waist=0.7688 arms=0.9111
[ACT_ROLLOUT] abs_mean=0.9162 abs_p95=2.4943 abs_p99=3.2296 abs_max=9.8616 abs_max_all=9.8616
[SAMPLER] top_bin=0 top_prob=0.499 peak_bin=0 failed_sum=628.3849 entropy=0.7921
[TRAIN_BODY] torso_ori=11.83deg l_wrist_ori=20.41deg r_wrist_ori=27.45deg l_elbow_ori=17.11deg r_elbow_ori=23.23deg l_shoulder_ori=16.52deg r_shoulder_ori=30.08deg
[TRAIN_ANG] torso=2.335 l_wrist=4.352 r_wrist=5.086 l_elbow=3.684 r_elbow=4.303 l_shoulder=3.106 r_shoulder=3.840
[TRAIN_ACT] l_wrist_r=0.5649 l_wrist_p=1.1223 l_wrist_y=0.8656 r_wrist_r=0.6450 r_wrist_p=0.9061 r_wrist_y=0.7724 l_elbow=0.6523 r_elbow=0.7885
[UPDATE] 252/500 reward_step=0.03696 done_frac=0.03856 mean_reward=0.99399 mean_len=26.85
[FPO++] actor_loss=-0.00005 value_loss=0.00618 ratio=0.9987 [0.923,1.077] clip_frac=0.1256 cfm_old=0.7878 cfm_new=0.7891 kl=0.000149 grad=0.2484 grad_c=0.0937 lr=0.000100 critic_lr=0.000116
[TRAIN] mean_reward=0.99399 mean_len=26.85 recent_eps=100 completed_eps=5157574
[UPDATE_EFFECT] action_delta=0.01550096 param_rms_delta=0.00010597
[TIME] collect=4.820s update=5.812s
[DONE] timeout=0.00000 anchor_pos=0.00000 anchor_ori=0.00513 ee_body=0.80591
[DONE_ROLLOUT] timeout=0.00000 anchor_pos=0.00000 anchor_ori=0.00021 ee_body=0.03843
[FIRST_FAILURE] step_mean=10.36 step_min=0 step_max=23 phase_mean=115.79 phase_min=14 phase_max=324 anchor_pos=0.00000 anchor_ori=0.00500 ee_body=0.80566 timeout=0.00000
[TRACK_CHUNK0] anchor_pos=0.75780 anchor_ori=0.69001 body_pos=0.83803 body_ori=0.43848 body_lin=0.50108 body_ang=0.30602
[TRACK_ROLLOUT] anchor_pos=0.76021 anchor_ori=0.69479 body_pos=0.83859 body_ori=0.43791 body_lin=0.50344 body_ang=0.30732
[TRAIN_COST] action_rate=7.09165 joint_limit=0.00540 undesired_contacts=2.09070
[REWARD_WEIGHTED] pos=0.05630 penalty=-0.01934 total=0.03696 act_rate=-0.01386 contacts=-0.00430
[ACT_GREEDY] abs_mean=0.9020 abs_p95=2.5581 abs_p99=3.2218 abs_max=9.0105 legs=0.9191 waist=0.7700 arms=0.9156
[ACT_ROLLOUT] abs_mean=0.9181 abs_p95=2.5181 abs_p99=3.2573 abs_max=8.9140 abs_max_all=8.9140
[SAMPLER] top_bin=0 top_prob=0.498 peak_bin=0 failed_sum=620.9704 entropy=0.7926
[TRAIN_BODY] torso_ori=11.94deg l_wrist_ori=20.33deg r_wrist_ori=27.11deg l_elbow_ori=17.10deg r_elbow_ori=22.89deg l_shoulder_ori=16.62deg r_shoulder_ori=30.04deg
[TRAIN_ANG] torso=2.340 l_wrist=4.326 r_wrist=5.046 l_elbow=3.648 r_elbow=4.243 l_shoulder=3.075 r_shoulder=3.857
[TRAIN_ACT] l_wrist_r=0.5621 l_wrist_p=1.1494 l_wrist_y=0.8851 r_wrist_r=0.6441 r_wrist_p=0.9145 r_wrist_y=0.7565 l_elbow=0.6482 r_elbow=0.7859
[UPDATE] 253/500 reward_step=0.03700 done_frac=0.03788 mean_reward=0.99719 mean_len=26.13
[FPO++] actor_loss=-0.00061 value_loss=0.00621 ratio=0.9989 [0.925,1.095] clip_frac=0.0940 cfm_old=0.7880 cfm_new=0.7891 kl=0.000090 grad=0.1967 grad_c=0.0931 lr=0.000337 critic_lr=0.000390
[TRAIN] mean_reward=0.99719 mean_len=26.13 recent_eps=100 completed_eps=5165022
[UPDATE_EFFECT] action_delta=0.01199249 param_rms_delta=0.00021322
[TIME] collect=4.766s update=5.811s
[DONE] timeout=0.00000 anchor_pos=0.00000 anchor_ori=0.00452 ee_body=0.80286
[DONE_ROLLOUT] timeout=0.00000 anchor_pos=0.00000 anchor_ori=0.00019 ee_body=0.03780
[FIRST_FAILURE] step_mean=10.51 step_min=0 step_max=23 phase_mean=113.55 phase_min=14 phase_max=324 anchor_pos=0.00000 anchor_ori=0.00452 ee_body=0.80273 timeout=0.00000
[TRACK_CHUNK0] anchor_pos=0.76146 anchor_ori=0.69608 body_pos=0.83922 body_ori=0.43766 body_lin=0.50674 body_ang=0.30963
[TRACK_ROLLOUT] anchor_pos=0.75530 anchor_ori=0.69171 body_pos=0.83694 body_ori=0.43752 body_lin=0.50229 body_ang=0.31019
[TRAIN_COST] action_rate=6.75946 joint_limit=0.00630 undesired_contacts=2.15967
[REWARD_WEIGHTED] pos=0.05621 penalty=-0.01921 total=0.03700 act_rate=-0.01378 contacts=-0.00432
[ACT_GREEDY] abs_mean=0.9150 abs_p95=2.6035 abs_p99=3.2618 abs_max=5.5950 legs=0.9459 waist=0.7734 arms=0.9189
[ACT_ROLLOUT] abs_mean=0.9219 abs_p95=2.5134 abs_p99=3.2439 abs_max=7.0883 abs_max_all=7.0883
[SAMPLER] top_bin=0 top_prob=0.498 peak_bin=0 failed_sum=613.6005 entropy=0.7929
[TRAIN_BODY] torso_ori=11.78deg l_wrist_ori=20.05deg r_wrist_ori=27.48deg l_elbow_ori=16.75deg r_elbow_ori=23.03deg l_shoulder_ori=16.35deg r_shoulder_ori=30.84deg
[TRAIN_ANG] torso=2.316 l_wrist=4.277 r_wrist=5.025 l_elbow=3.626 r_elbow=4.246 l_shoulder=3.069 r_shoulder=3.876
[TRAIN_ACT] l_wrist_r=0.5713 l_wrist_p=1.1217 l_wrist_y=0.8656 r_wrist_r=0.6563 r_wrist_p=0.9622 r_wrist_y=0.7574 l_elbow=0.6293 r_elbow=0.8307
[UPDATE] 254/500 reward_step=0.03688 done_frac=0.03736 mean_reward=1.00882 mean_len=27.97
[FPO++] actor_loss=0.00373 value_loss=0.00683 ratio=0.9987 [0.660,1.285] clip_frac=0.2226 cfm_old=0.7943 cfm_new=0.7957 kl=0.000130 grad=0.6788 grad_c=0.2272 lr=0.000150 critic_lr=0.000173
[TRAIN] mean_reward=1.00882 mean_len=27.97 recent_eps=100 completed_eps=5172367
[UPDATE_EFFECT] action_delta=0.00775596 param_rms_delta=0.00017898
[TIME] collect=4.739s update=5.812s
[DONE] timeout=0.00000 anchor_pos=0.00000 anchor_ori=0.00464 ee_body=0.79480
[DONE_ROLLOUT] timeout=0.00000 anchor_pos=0.00000 anchor_ori=0.00019 ee_body=0.03726
[FIRST_FAILURE] step_mean=10.50 step_min=0 step_max=23 phase_mean=111.86 phase_min=13 phase_max=324 anchor_pos=0.00000 anchor_ori=0.00464 ee_body=0.79456 timeout=0.00000
[TRACK_CHUNK0] anchor_pos=0.75467 anchor_ori=0.69331 body_pos=0.83703 body_ori=0.43866 body_lin=0.50283 body_ang=0.31349
[TRACK_ROLLOUT] anchor_pos=0.75086 anchor_ori=0.68960 body_pos=0.83612 body_ori=0.43682 body_lin=0.50287 body_ang=0.31143
[TRAIN_COST] action_rate=6.87663 joint_limit=0.00556 undesired_contacts=2.16455
[REWARD_WEIGHTED] pos=0.05615 penalty=-0.01927 total=0.03688 act_rate=-0.01392 contacts=-0.00430
[ACT_GREEDY] abs_mean=0.9109 abs_p95=2.5758 abs_p99=3.2206 abs_max=5.4085 legs=0.9322 waist=0.7814 arms=0.9203
[ACT_ROLLOUT] abs_mean=0.9217 abs_p95=2.5085 abs_p99=3.2445 abs_max=9.7811 abs_max_all=9.7811
[SAMPLER] top_bin=0 top_prob=0.498 peak_bin=0 failed_sum=606.3036 entropy=0.7932
[TRAIN_BODY] torso_ori=11.86deg l_wrist_ori=20.32deg r_wrist_ori=27.08deg l_elbow_ori=16.77deg r_elbow_ori=22.69deg l_shoulder_ori=16.37deg r_shoulder_ori=30.21deg
[TRAIN_ANG] torso=2.277 l_wrist=4.282 r_wrist=4.948 l_elbow=3.611 r_elbow=4.191 l_shoulder=3.032 r_shoulder=3.778
[TRAIN_ACT] l_wrist_r=0.5647 l_wrist_p=1.1617 l_wrist_y=0.8901 r_wrist_r=0.6376 r_wrist_p=0.9343 r_wrist_y=0.7612 l_elbow=0.6674 r_elbow=0.8042
[UPDATE] 255/500 reward_step=0.03718 done_frac=0.03700 mean_reward=0.97716 mean_len=25.83
[FPO++] actor_loss=0.00092 value_loss=0.00677 ratio=0.9986 [0.801,1.137] clip_frac=0.1468 cfm_old=0.7924 cfm_new=0.7938 kl=0.000065 grad=0.4279 grad_c=0.1512 lr=0.000225 critic_lr=0.000260
[TRAIN] mean_reward=0.97716 mean_len=25.83 recent_eps=100 completed_eps=5179641
[UPDATE_EFFECT] action_delta=0.00617975 param_rms_delta=0.00016838
[TIME] collect=4.727s update=5.818s
[DONE] timeout=0.00000 anchor_pos=0.00000 anchor_ori=0.00513 ee_body=0.78540
[DONE_ROLLOUT] timeout=0.00000 anchor_pos=0.00000 anchor_ori=0.00021 ee_body=0.03688
[FIRST_FAILURE] step_mean=10.62 step_min=0 step_max=23 phase_mean=113.07 phase_min=12 phase_max=324 anchor_pos=0.00000 anchor_ori=0.00513 ee_body=0.78516 timeout=0.00000
[TRACK_CHUNK0] anchor_pos=0.75501 anchor_ori=0.69222 body_pos=0.83834 body_ori=0.43818 body_lin=0.50169 body_ang=0.30940
[TRACK_ROLLOUT] anchor_pos=0.75117 anchor_ori=0.69446 body_pos=0.83675 body_ori=0.43827 body_lin=0.50111 body_ang=0.31129
[TRAIN_COST] action_rate=6.93193 joint_limit=0.00514 undesired_contacts=2.11108
[REWARD_WEIGHTED] pos=0.05620 penalty=-0.01902 total=0.03718 act_rate=-0.01376 contacts=-0.00421
[ACT_GREEDY] abs_mean=0.9058 abs_p95=2.5583 abs_p99=3.2268 abs_max=6.3405 legs=0.9183 waist=0.7797 arms=0.9222
[ACT_ROLLOUT] abs_mean=0.9167 abs_p95=2.4891 abs_p99=3.2192 abs_max=7.2148 abs_max_all=7.2148
[SAMPLER] top_bin=0 top_prob=0.497 peak_bin=0 failed_sum=599.1104 entropy=0.7935
[TRAIN_BODY] torso_ori=11.94deg l_wrist_ori=20.55deg r_wrist_ori=27.16deg l_elbow_ori=16.76deg r_elbow_ori=23.02deg l_shoulder_ori=16.09deg r_shoulder_ori=30.14deg
[TRAIN_ANG] torso=2.295 l_wrist=4.305 r_wrist=4.987 l_elbow=3.623 r_elbow=4.253 l_shoulder=3.060 r_shoulder=3.788
[TRAIN_ACT] l_wrist_r=0.5550 l_wrist_p=1.2116 l_wrist_y=0.8942 r_wrist_r=0.6239 r_wrist_p=0.9285 r_wrist_y=0.7550 l_elbow=0.6763 r_elbow=0.7850
[UPDATE] 256/500 reward_step=0.03738 done_frac=0.03580 mean_reward=0.98552 mean_len=26.57
[FPO++] actor_loss=0.00085 value_loss=0.00686 ratio=0.9988 [0.813,1.211] clip_frac=0.1333 cfm_old=0.7895 cfm_new=0.7907 kl=0.000090 grad=0.2664 grad_c=0.2057 lr=0.000337 critic_lr=0.000390
[TRAIN] mean_reward=0.98552 mean_len=26.57 recent_eps=100 completed_eps=5186679
[UPDATE_EFFECT] action_delta=0.00630474 param_rms_delta=0.00023072
[TIME] collect=4.847s update=5.816s
[DONE] timeout=0.00000 anchor_pos=0.00012 anchor_ori=0.00415 ee_body=0.77002
[DONE_ROLLOUT] timeout=0.00000 anchor_pos=0.00001 anchor_ori=0.00017 ee_body=0.03569
[FIRST_FAILURE] step_mean=10.60 step_min=0 step_max=23 phase_mean=114.56 phase_min=12 phase_max=324 anchor_pos=0.00012 anchor_ori=0.00415 ee_body=0.76978 timeout=0.00000
[TRACK_CHUNK0] anchor_pos=0.75382 anchor_ori=0.69905 body_pos=0.83795 body_ori=0.44116 body_lin=0.50318 body_ang=0.31368
[TRACK_ROLLOUT] anchor_pos=0.74894 anchor_ori=0.69803 body_pos=0.83554 body_ori=0.43706 body_lin=0.50333 body_ang=0.31465
[TRAIN_COST] action_rate=6.82069 joint_limit=0.00518 undesired_contacts=2.12073
[REWARD_WEIGHTED] pos=0.05628 penalty=-0.01890 total=0.03738 act_rate=-0.01364 contacts=-0.00423
[ACT_GREEDY] abs_mean=0.9046 abs_p95=2.5490 abs_p99=3.2021 abs_max=6.9640 legs=0.9174 waist=0.7778 arms=0.9207
[ACT_ROLLOUT] abs_mean=0.9174 abs_p95=2.4950 abs_p99=3.2218 abs_max=10.0115 abs_max_all=10.0115
[SAMPLER] top_bin=0 top_prob=0.497 peak_bin=0 failed_sum=591.8538 entropy=0.7939
[TRAIN_BODY] torso_ori=11.59deg l_wrist_ori=20.29deg r_wrist_ori=26.66deg l_elbow_ori=16.83deg r_elbow_ori=22.68deg l_shoulder_ori=16.30deg r_shoulder_ori=29.67deg
[TRAIN_ANG] torso=2.269 l_wrist=4.244 r_wrist=4.976 l_elbow=3.550 r_elbow=4.223 l_shoulder=3.048 r_shoulder=3.752
[TRAIN_ACT] l_wrist_r=0.5587 l_wrist_p=1.2028 l_wrist_y=0.8919 r_wrist_r=0.6277 r_wrist_p=0.9100 r_wrist_y=0.7659 l_elbow=0.6780 r_elbow=0.7806
[UPDATE] 257/500 reward_step=0.03757 done_frac=0.03595 mean_reward=1.05109 mean_len=28.42
[FPO++] actor_loss=0.00108 value_loss=0.00668 ratio=0.9989 [0.838,1.120] clip_frac=0.1860 cfm_old=0.7862 cfm_new=0.7874 kl=0.000125 grad=0.3993 grad_c=0.1333 lr=0.000150 critic_lr=0.000173
[TRAIN] mean_reward=1.05109 mean_len=28.42 recent_eps=100 completed_eps=5193748
[UPDATE_EFFECT] action_delta=0.00785408 param_rms_delta=0.00022552
[TIME] collect=4.861s update=5.810s
[DONE] timeout=0.00000 anchor_pos=0.00000 anchor_ori=0.00464 ee_body=0.77258
[DONE_ROLLOUT] timeout=0.00000 anchor_pos=0.00000 anchor_ori=0.00019 ee_body=0.03584
[FIRST_FAILURE] step_mean=10.52 step_min=0 step_max=23 phase_mean=113.85 phase_min=13 phase_max=324 anchor_pos=0.00000 anchor_ori=0.00439 ee_body=0.77234 timeout=0.00000
[TRACK_CHUNK0] anchor_pos=0.74157 anchor_ori=0.69049 body_pos=0.83097 body_ori=0.43323 body_lin=0.49878 body_ang=0.31218
[TRACK_ROLLOUT] anchor_pos=0.74663 anchor_ori=0.69607 body_pos=0.83507 body_ori=0.43800 body_lin=0.50609 body_ang=0.31844
[TRAIN_COST] action_rate=6.76857 joint_limit=0.00510 undesired_contacts=2.10889
[REWARD_WEIGHTED] pos=0.05638 penalty=-0.01881 total=0.03757 act_rate=-0.01356 contacts=-0.00422
[ACT_GREEDY] abs_mean=0.9062 abs_p95=2.5525 abs_p99=3.2005 abs_max=5.7305 legs=0.9187 waist=0.7807 arms=0.9224
[ACT_ROLLOUT] abs_mean=0.9145 abs_p95=2.4944 abs_p99=3.2173 abs_max=6.9360 abs_max_all=6.9360
[SAMPLER] top_bin=0 top_prob=0.496 peak_bin=0 failed_sum=584.7995 entropy=0.7943
[TRAIN_BODY] torso_ori=11.99deg l_wrist_ori=20.43deg r_wrist_ori=27.21deg l_elbow_ori=16.86deg r_elbow_ori=23.09deg l_shoulder_ori=16.38deg r_shoulder_ori=29.85deg
[TRAIN_ANG] torso=2.317 l_wrist=4.247 r_wrist=5.011 l_elbow=3.605 r_elbow=4.285 l_shoulder=3.058 r_shoulder=3.765
[TRAIN_ACT] l_wrist_r=0.5639 l_wrist_p=1.2053 l_wrist_y=0.9206 r_wrist_r=0.6307 r_wrist_p=0.9203 r_wrist_y=0.7581 l_elbow=0.6703 r_elbow=0.7756
[UPDATE] 258/500 reward_step=0.03756 done_frac=0.03571 mean_reward=1.07983 mean_len=28.91
[FPO++] actor_loss=0.00086 value_loss=0.00660 ratio=0.9987 [0.914,1.066] clip_frac=0.0894 cfm_old=0.7837 cfm_new=0.7851 kl=0.000055 grad=0.1819 grad_c=0.0974 lr=0.000338 critic_lr=0.000390
[TRAIN] mean_reward=1.07983 mean_len=28.91 recent_eps=100 completed_eps=5200768
[UPDATE_EFFECT] action_delta=0.00620808 param_rms_delta=0.00021236
[TIME] collect=4.963s update=5.817s
[DONE] timeout=0.00000 anchor_pos=0.00000 anchor_ori=0.00391 ee_body=0.77222
[DONE_ROLLOUT] timeout=0.00000 anchor_pos=0.00000 anchor_ori=0.00016 ee_body=0.03560
[FIRST_FAILURE] step_mean=10.75 step_min=0 step_max=23 phase_mean=114.19 phase_min=12 phase_max=324 anchor_pos=0.00000 anchor_ori=0.00391 ee_body=0.77161 timeout=0.00000
[TRACK_CHUNK0] anchor_pos=0.74661 anchor_ori=0.69833 body_pos=0.83510 body_ori=0.43905 body_lin=0.50673 body_ang=0.32063
[TRACK_ROLLOUT] anchor_pos=0.74375 anchor_ori=0.69484 body_pos=0.83441 body_ori=0.43850 body_lin=0.50483 body_ang=0.32024
[TRAIN_COST] action_rate=6.79824 joint_limit=0.00505 undesired_contacts=2.10815
[REWARD_WEIGHTED] pos=0.05635 penalty=-0.01878 total=0.03756 act_rate=-0.01353 contacts=-0.00423
[ACT_GREEDY] abs_mean=0.9046 abs_p95=2.5679 abs_p99=3.2076 abs_max=5.8539 legs=0.9199 waist=0.7816 arms=0.9179
[ACT_ROLLOUT] abs_mean=0.9192 abs_p95=2.5091 abs_p99=3.2344 abs_max=7.1163 abs_max_all=7.1163
[SAMPLER] top_bin=0 top_prob=0.496 peak_bin=0 failed_sum=577.8652 entropy=0.7947
[TRAIN_BODY] torso_ori=11.69deg l_wrist_ori=20.44deg r_wrist_ori=26.99deg l_elbow_ori=16.74deg r_elbow_ori=22.97deg l_shoulder_ori=16.29deg r_shoulder_ori=29.85deg
[TRAIN_ANG] torso=2.263 l_wrist=4.215 r_wrist=4.890 l_elbow=3.549 r_elbow=4.175 l_shoulder=2.994 r_shoulder=3.742
[TRAIN_ACT] l_wrist_r=0.5526 l_wrist_p=1.2143 l_wrist_y=0.8999 r_wrist_r=0.6349 r_wrist_p=0.8928 r_wrist_y=0.7702 l_elbow=0.6588 r_elbow=0.7768
[UPDATE] 259/500 reward_step=0.03770 done_frac=0.03480 mean_reward=1.10715 mean_len=29.46
[FPO++] actor_loss=-0.00038 value_loss=0.00695 ratio=0.9987 [0.877,1.089] clip_frac=0.1360 cfm_old=0.7819 cfm_new=0.7833 kl=0.000101 grad=0.2625 grad_c=0.2720 lr=0.000225 critic_lr=0.000260
[TRAIN] mean_reward=1.10715 mean_len=29.46 recent_eps=100 completed_eps=5207610
[UPDATE_EFFECT] action_delta=0.00780826 param_rms_delta=0.00019865
[TIME] collect=4.912s update=5.815s
[DONE] timeout=0.00000 anchor_pos=0.00000 anchor_ori=0.00354 ee_body=0.76050
[DONE_ROLLOUT] timeout=0.00000 anchor_pos=0.00000 anchor_ori=0.00015 ee_body=0.03470
[FIRST_FAILURE] step_mean=10.84 step_min=0 step_max=23 phase_mean=113.57 phase_min=12 phase_max=323 anchor_pos=0.00000 anchor_ori=0.00354 ee_body=0.76038 timeout=0.00000
[TRACK_CHUNK0] anchor_pos=0.74784 anchor_ori=0.69728 body_pos=0.83715 body_ori=0.44401 body_lin=0.50978 body_ang=0.32311
[TRACK_ROLLOUT] anchor_pos=0.74064 anchor_ori=0.69793 body_pos=0.83454 body_ori=0.43801 body_lin=0.50820 body_ang=0.32358
[TRAIN_COST] action_rate=6.73325 joint_limit=0.00515 undesired_contacts=2.13904
[REWARD_WEIGHTED] pos=0.05647 penalty=-0.01877 total=0.03770 act_rate=-0.01342 contacts=-0.00428
[ACT_GREEDY] abs_mean=0.9040 abs_p95=2.5566 abs_p99=3.2024 abs_max=5.1774 legs=0.9248 waist=0.7743 arms=0.9139
[ACT_ROLLOUT] abs_mean=0.9205 abs_p95=2.5143 abs_p99=3.2399 abs_max=7.3512 abs_max_all=7.3512
[SAMPLER] top_bin=0 top_prob=0.496 peak_bin=0 failed_sum=570.9196 entropy=0.7951
[TRAIN_BODY] torso_ori=11.67deg l_wrist_ori=19.95deg r_wrist_ori=26.67deg l_elbow_ori=16.46deg r_elbow_ori=22.58deg l_shoulder_ori=15.92deg r_shoulder_ori=29.23deg
[TRAIN_ANG] torso=2.249 l_wrist=4.164 r_wrist=4.905 l_elbow=3.534 r_elbow=4.148 l_shoulder=2.996 r_shoulder=3.709
[TRAIN_ACT] l_wrist_r=0.5406 l_wrist_p=1.2061 l_wrist_y=0.8944 r_wrist_r=0.6339 r_wrist_p=0.9102 r_wrist_y=0.7574 l_elbow=0.6484 r_elbow=0.7664
[UPDATE] 260/500 reward_step=0.03802 done_frac=0.03439 mean_reward=1.06695 mean_len=28.62
[FPO++] actor_loss=0.00171 value_loss=0.00672 ratio=0.9985 [0.872,1.113] clip_frac=0.1680 cfm_old=0.7776 cfm_new=0.7792 kl=0.000098 grad=0.3301 grad_c=0.1398 lr=0.000337 critic_lr=0.000390
[TRAIN] mean_reward=1.06695 mean_len=28.62 recent_eps=100 completed_eps=5214372
[UPDATE_EFFECT] action_delta=0.00951110 param_rms_delta=0.00023072
[TIME] collect=4.859s update=5.812s
[DONE] timeout=0.00000 anchor_pos=0.00000 anchor_ori=0.00342 ee_body=0.75391
[DONE_ROLLOUT] timeout=0.00000 anchor_pos=0.00000 anchor_ori=0.00014 ee_body=0.03433
[FIRST_FAILURE] step_mean=10.66 step_min=0 step_max=23 phase_mean=114.57 phase_min=12 phase_max=324 anchor_pos=0.00000 anchor_ori=0.00342 ee_body=0.75366 timeout=0.00000
[TRACK_CHUNK0] anchor_pos=0.74183 anchor_ori=0.69802 body_pos=0.83654 body_ori=0.44152 body_lin=0.51100 body_ang=0.32603
[TRACK_ROLLOUT] anchor_pos=0.73992 anchor_ori=0.69970 body_pos=0.83505 body_ori=0.44111 body_lin=0.50910 body_ang=0.32525
[TRAIN_COST] action_rate=6.68468 joint_limit=0.00526 undesired_contacts=2.15051
[REWARD_WEIGHTED] pos=0.05661 penalty=-0.01859 total=0.03802 act_rate=-0.01327 contacts=-0.00428
[ACT_GREEDY] abs_mean=0.9069 abs_p95=2.5686 abs_p99=3.2128 abs_max=5.2442 legs=0.9277 waist=0.7756 arms=0.9173
[ACT_ROLLOUT] abs_mean=0.9149 abs_p95=2.4995 abs_p99=3.2168 abs_max=7.2728 abs_max_all=7.2728
[SAMPLER] top_bin=0 top_prob=0.495 peak_bin=0 failed_sum=564.0585 entropy=0.7955
[TRAIN_BODY] torso_ori=11.65deg l_wrist_ori=20.00deg r_wrist_ori=26.51deg l_elbow_ori=16.44deg r_elbow_ori=22.51deg l_shoulder_ori=16.11deg r_shoulder_ori=29.44deg
[TRAIN_ANG] torso=2.222 l_wrist=4.179 r_wrist=4.826 l_elbow=3.533 r_elbow=4.149 l_shoulder=2.973 r_shoulder=3.676
[TRAIN_ACT] l_wrist_r=0.5428 l_wrist_p=1.1971 l_wrist_y=0.9009 r_wrist_r=0.6351 r_wrist_p=0.8993 r_wrist_y=0.7649 l_elbow=0.6527 r_elbow=0.7775
[UPDATE] 261/500 reward_step=0.03801 done_frac=0.03417 mean_reward=1.15107 mean_len=30.31
[FPO++] actor_loss=0.00086 value_loss=0.00660 ratio=0.9986 [0.904,1.097] clip_frac=0.1395 cfm_old=0.7772 cfm_new=0.7786 kl=0.000099 grad=0.2832 grad_c=0.0850 lr=0.000225 critic_lr=0.000260
[TRAIN] mean_reward=1.15107 mean_len=30.31 recent_eps=100 completed_eps=5221090
[UPDATE_EFFECT] action_delta=0.00727142 param_rms_delta=0.00020435
[TIME] collect=4.748s update=5.812s
[DONE] timeout=0.00000 anchor_pos=0.00000 anchor_ori=0.00500 ee_body=0.75708
[DONE_ROLLOUT] timeout=0.00000 anchor_pos=0.00000 anchor_ori=0.00021 ee_body=0.03402
[FIRST_FAILURE] step_mean=10.75 step_min=0 step_max=23 phase_mean=114.99 phase_min=14 phase_max=324 anchor_pos=0.00000 anchor_ori=0.00476 ee_body=0.75647 timeout=0.00000
[TRACK_CHUNK0] anchor_pos=0.73510 anchor_ori=0.69536 body_pos=0.83124 body_ori=0.43528 body_lin=0.50518 body_ang=0.32644
[TRACK_ROLLOUT] anchor_pos=0.73455 anchor_ori=0.69998 body_pos=0.83259 body_ori=0.43965 body_lin=0.50813 body_ang=0.32872
[TRAIN_COST] action_rate=6.54886 joint_limit=0.00514 undesired_contacts=2.14636
[REWARD_WEIGHTED] pos=0.05653 penalty=-0.01852 total=0.03801 act_rate=-0.01317 contacts=-0.00428
[ACT_GREEDY] abs_mean=0.9056 abs_p95=2.5551 abs_p99=3.2048 abs_max=5.1604 legs=0.9271 waist=0.7722 arms=0.9159
[ACT_ROLLOUT] abs_mean=0.9227 abs_p95=2.5219 abs_p99=3.2452 abs_max=6.5775 abs_max_all=6.5775
[SAMPLER] top_bin=0 top_prob=0.495 peak_bin=0 failed_sum=557.3165 entropy=0.7959
[TRAIN_BODY] torso_ori=11.78deg l_wrist_ori=20.01deg r_wrist_ori=26.86deg l_elbow_ori=16.49deg r_elbow_ori=22.83deg l_shoulder_ori=16.14deg r_shoulder_ori=29.90deg
[TRAIN_ANG] torso=2.229 l_wrist=4.172 r_wrist=4.863 l_elbow=3.538 r_elbow=4.166 l_shoulder=3.014 r_shoulder=3.710
[TRAIN_ACT] l_wrist_r=0.5419 l_wrist_p=1.1879 l_wrist_y=0.9080 r_wrist_r=0.6327 r_wrist_p=0.9106 r_wrist_y=0.7746 l_elbow=0.6588 r_elbow=0.7778
[UPDATE] 262/500 reward_step=0.03842 done_frac=0.03380 mean_reward=1.14116 mean_len=29.20
[FPO++] actor_loss=0.00186 value_loss=0.00642 ratio=0.9984 [0.447,1.755] clip_frac=0.2046 cfm_old=0.7751 cfm_new=0.7768 kl=0.000119 grad=0.4528 grad_c=0.1308 lr=0.000150 critic_lr=0.000173
[TRAIN] mean_reward=1.14116 mean_len=29.20 recent_eps=100 completed_eps=5227736
[UPDATE_EFFECT] action_delta=0.01005993 param_rms_delta=0.00025085
[TIME] collect=4.842s update=5.813s
[DONE] timeout=0.00000 anchor_pos=0.00000 anchor_ori=0.00330 ee_body=0.74780
[DONE_ROLLOUT] timeout=0.00000 anchor_pos=0.00000 anchor_ori=0.00014 ee_body=0.03373
[FIRST_FAILURE] step_mean=10.61 step_min=0 step_max=23 phase_mean=113.17 phase_min=15 phase_max=324 anchor_pos=0.00000 anchor_ori=0.00330 ee_body=0.74768 timeout=0.00000
[TRACK_CHUNK0] anchor_pos=0.73164 anchor_ori=0.69767 body_pos=0.83149 body_ori=0.43855 body_lin=0.50953 body_ang=0.32945
[TRACK_ROLLOUT] anchor_pos=0.73631 anchor_ori=0.70348 body_pos=0.83457 body_ori=0.44305 body_lin=0.51288 body_ang=0.33199
[TRAIN_COST] action_rate=6.62797 joint_limit=0.00559 undesired_contacts=2.13855
[REWARD_WEIGHTED] pos=0.05685 penalty=-0.01842 total=0.03842 act_rate=-0.01312 contacts=-0.00426
[ACT_GREEDY] abs_mean=0.9074 abs_p95=2.5653 abs_p99=3.2059 abs_max=5.9804 legs=0.9290 waist=0.7656 arms=0.9193
[ACT_ROLLOUT] abs_mean=0.9157 abs_p95=2.5028 abs_p99=3.2226 abs_max=9.4482 abs_max_all=9.4482
[SAMPLER] top_bin=0 top_prob=0.494 peak_bin=0 failed_sum=550.6628 entropy=0.7963
[TRAIN_BODY] torso_ori=11.68deg l_wrist_ori=19.96deg r_wrist_ori=26.78deg l_elbow_ori=16.46deg r_elbow_ori=22.80deg l_shoulder_ori=15.82deg r_shoulder_ori=29.71deg
[TRAIN_ANG] torso=2.245 l_wrist=4.178 r_wrist=4.852 l_elbow=3.533 r_elbow=4.162 l_shoulder=2.984 r_shoulder=3.651
[TRAIN_ACT] l_wrist_r=0.5418 l_wrist_p=1.1998 l_wrist_y=0.9125 r_wrist_r=0.6254 r_wrist_p=0.9289 r_wrist_y=0.7997 l_elbow=0.6453 r_elbow=0.7691
[UPDATE] 263/500 reward_step=0.03849 done_frac=0.03337 mean_reward=1.06993 mean_len=28.49
[FPO++] actor_loss=-0.00003 value_loss=0.00720 ratio=0.9987 [0.649,1.381] clip_frac=0.0833 cfm_old=0.7713 cfm_new=0.7726 kl=0.000068 grad=0.1296 grad_c=0.1508 lr=0.000225 critic_lr=0.000260
[TRAIN] mean_reward=1.06993 mean_len=28.49 recent_eps=100 completed_eps=5234297
[UPDATE_EFFECT] action_delta=0.00622229 param_rms_delta=0.00020986
[TIME] collect=4.833s update=5.803s
[DONE] timeout=0.00000 anchor_pos=0.00000 anchor_ori=0.00439 ee_body=0.74121
[DONE_ROLLOUT] timeout=0.00000 anchor_pos=0.00000 anchor_ori=0.00018 ee_body=0.03324
[FIRST_FAILURE] step_mean=10.82 step_min=0 step_max=23 phase_mean=116.87 phase_min=13 phase_max=324 anchor_pos=0.00000 anchor_ori=0.00439 ee_body=0.74072 timeout=0.00000
[TRACK_CHUNK0] anchor_pos=0.73138 anchor_ori=0.70215 body_pos=0.83157 body_ori=0.43831 body_lin=0.51120 body_ang=0.33381
[TRACK_ROLLOUT] anchor_pos=0.73270 anchor_ori=0.70245 body_pos=0.83262 body_ori=0.44094 body_lin=0.51351 body_ang=0.33489
[TRAIN_COST] action_rate=6.47771 joint_limit=0.00507 undesired_contacts=2.11743
[REWARD_WEIGHTED] pos=0.05679 penalty=-0.01830 total=0.03849 act_rate=-0.01302 contacts=-0.00427
[ACT_GREEDY] abs_mean=0.9047 abs_p95=2.5598 abs_p99=3.1944 abs_max=5.0419 legs=0.9235 waist=0.7611 arms=0.9193
[ACT_ROLLOUT] abs_mean=0.9175 abs_p95=2.5093 abs_p99=3.2253 abs_max=7.1450 abs_max_all=7.1450
[SAMPLER] top_bin=0 top_prob=0.493 peak_bin=0 failed_sum=544.0837 entropy=0.7968
[TRAIN_BODY] torso_ori=11.56deg l_wrist_ori=19.86deg r_wrist_ori=26.31deg l_elbow_ori=16.27deg r_elbow_ori=22.74deg l_shoulder_ori=15.72deg r_shoulder_ori=29.81deg
[TRAIN_ANG] torso=2.202 l_wrist=4.140 r_wrist=4.779 l_elbow=3.499 r_elbow=4.103 l_shoulder=2.904 r_shoulder=3.626
[TRAIN_ACT] l_wrist_r=0.5494 l_wrist_p=1.2066 l_wrist_y=0.9168 r_wrist_r=0.6218 r_wrist_p=0.9104 r_wrist_y=0.7888 l_elbow=0.6362 r_elbow=0.7753
[UPDATE] 264/500 reward_step=0.03885 done_frac=0.03233 mean_reward=1.21063 mean_len=31.01
[FPO++] actor_loss=0.00064 value_loss=0.00804 ratio=0.9985 [0.911,1.081] clip_frac=0.1512 cfm_old=0.7651 cfm_new=0.7666 kl=0.000097 grad=0.2686 grad_c=0.2963 lr=0.000506 critic_lr=0.000585
[TRAIN] mean_reward=1.21063 mean_len=31.01 recent_eps=100 completed_eps=5240653
[UPDATE_EFFECT] action_delta=0.00833515 param_rms_delta=0.00028050
[TIME] collect=4.741s update=5.800s
[DONE] timeout=0.00000 anchor_pos=0.00000 anchor_ori=0.00293 ee_body=0.72876
[DONE_ROLLOUT] timeout=0.00000 anchor_pos=0.00000 anchor_ori=0.00012 ee_body=0.03225
[FIRST_FAILURE] step_mean=10.88 step_min=0 step_max=23 phase_mean=114.52 phase_min=15 phase_max=324 anchor_pos=0.00000 anchor_ori=0.00293 ee_body=0.72852 timeout=0.00000
[TRACK_CHUNK0] anchor_pos=0.73392 anchor_ori=0.70196 body_pos=0.83337 body_ori=0.44192 body_lin=0.51510 body_ang=0.33562
[TRACK_ROLLOUT] anchor_pos=0.73098 anchor_ori=0.70613 body_pos=0.83379 body_ori=0.44220 body_lin=0.51845 body_ang=0.34003
[TRAIN_COST] action_rate=6.50734 joint_limit=0.00512 undesired_contacts=2.17822
[REWARD_WEIGHTED] pos=0.05706 penalty=-0.01821 total=0.03885 act_rate=-0.01288 contacts=-0.00433
[ACT_GREEDY] abs_mean=0.9052 abs_p95=2.5644 abs_p99=3.1917 abs_max=7.3552 legs=0.9331 waist=0.7674 arms=0.9108
[ACT_ROLLOUT] abs_mean=0.9183 abs_p95=2.5084 abs_p99=3.2230 abs_max=8.4339 abs_max_all=8.4339
[SAMPLER] top_bin=0 top_prob=0.493 peak_bin=0 failed_sum=537.4579 entropy=0.7972
[TRAIN_BODY] torso_ori=11.50deg l_wrist_ori=19.85deg r_wrist_ori=26.41deg l_elbow_ori=16.39deg r_elbow_ori=22.45deg l_shoulder_ori=15.69deg r_shoulder_ori=29.65deg
[TRAIN_ANG] torso=2.178 l_wrist=4.142 r_wrist=4.821 l_elbow=3.515 r_elbow=4.117 l_shoulder=2.967 r_shoulder=3.629
[TRAIN_ACT] l_wrist_r=0.5369 l_wrist_p=1.1719 l_wrist_y=0.9090 r_wrist_r=0.6183 r_wrist_p=0.9034 r_wrist_y=0.7694 l_elbow=0.6373 r_elbow=0.7734
[UPDATE] 265/500 reward_step=0.03878 done_frac=0.03200 mean_reward=1.20688 mean_len=31.07
[FPO++] actor_loss=0.00052 value_loss=0.00733 ratio=0.9988 [0.889,1.075] clip_frac=0.1605 cfm_old=0.7622 cfm_new=0.7634 kl=0.000102 grad=0.2855 grad_c=0.1517 lr=0.000225 critic_lr=0.000260
[TRAIN] mean_reward=1.20688 mean_len=31.07 recent_eps=100 completed_eps=5246944
[UPDATE_EFFECT] action_delta=0.00652622 param_rms_delta=0.00016629
[TIME] collect=4.895s update=5.809s
[DONE] timeout=0.00000 anchor_pos=0.00000 anchor_ori=0.00281 ee_body=0.71973
[DONE_ROLLOUT] timeout=0.00000 anchor_pos=0.00000 anchor_ori=0.00012 ee_body=0.03193
[FIRST_FAILURE] step_mean=10.89 step_min=0 step_max=23 phase_mean=115.36 phase_min=15 phase_max=324 anchor_pos=0.00000 anchor_ori=0.00281 ee_body=0.71960 timeout=0.00000
[TRACK_CHUNK0] anchor_pos=0.72565 anchor_ori=0.70782 body_pos=0.83238 body_ori=0.44005 body_lin=0.51722 body_ang=0.34011
[TRACK_ROLLOUT] anchor_pos=0.72526 anchor_ori=0.70572 body_pos=0.83213 body_ori=0.44109 body_lin=0.51689 body_ang=0.34133
[TRAIN_COST] action_rate=6.42855 joint_limit=0.00503 undesired_contacts=2.17151
[REWARD_WEIGHTED] pos=0.05694 penalty=-0.01816 total=0.03878 act_rate=-0.01283 contacts=-0.00433
[ACT_GREEDY] abs_mean=0.9037 abs_p95=2.5584 abs_p99=3.1842 abs_max=5.0951 legs=0.9273 waist=0.7617 arms=0.9139
[ACT_ROLLOUT] abs_mean=0.9155 abs_p95=2.5073 abs_p99=3.2251 abs_max=7.0241 abs_max_all=7.0241
[SAMPLER] top_bin=0 top_prob=0.492 peak_bin=0 failed_sum=530.9253 entropy=0.7977
[TRAIN_BODY] torso_ori=11.32deg l_wrist_ori=19.66deg r_wrist_ori=26.57deg l_elbow_ori=16.22deg r_elbow_ori=22.39deg l_shoulder_ori=15.67deg r_shoulder_ori=29.51deg
[TRAIN_ANG] torso=2.163 l_wrist=4.089 r_wrist=4.761 l_elbow=3.480 r_elbow=4.074 l_shoulder=2.891 r_shoulder=3.554
[TRAIN_ACT] l_wrist_r=0.5314 l_wrist_p=1.1968 l_wrist_y=0.9118 r_wrist_r=0.6256 r_wrist_p=0.9158 r_wrist_y=0.7878 l_elbow=0.6266 r_elbow=0.7814
[UPDATE] 266/500 reward_step=0.03899 done_frac=0.03180 mean_reward=1.24249 mean_len=31.22
[FPO++] actor_loss=0.00009 value_loss=0.00771 ratio=0.9988 [0.921,1.077] clip_frac=0.0984 cfm_old=0.7619 cfm_new=0.7631 kl=0.000075 grad=0.1683 grad_c=0.2141 lr=0.000506 critic_lr=0.000585
[TRAIN] mean_reward=1.24249 mean_len=31.22 recent_eps=100 completed_eps=5253196
[UPDATE_EFFECT] action_delta=0.00838058 param_rms_delta=0.00028177
[TIME] collect=4.867s update=5.808s
[DONE] timeout=0.00000 anchor_pos=0.00012 anchor_ori=0.00244 ee_body=0.71655
[DONE_ROLLOUT] timeout=0.00000 anchor_pos=0.00001 anchor_ori=0.00010 ee_body=0.03174
[FIRST_FAILURE] step_mean=10.88 step_min=0 step_max=23 phase_mean=116.90 phase_min=14 phase_max=324 anchor_pos=0.00012 anchor_ori=0.00244 ee_body=0.71655 timeout=0.00000
[TRACK_CHUNK0] anchor_pos=0.72291 anchor_ori=0.70344 body_pos=0.83087 body_ori=0.44045 body_lin=0.51693 body_ang=0.34269
[TRACK_ROLLOUT] anchor_pos=0.72293 anchor_ori=0.70306 body_pos=0.83173 body_ori=0.44454 body_lin=0.51826 body_ang=0.34485
[TRAIN_COST] action_rate=6.47519 joint_limit=0.00480 undesired_contacts=2.13977
[REWARD_WEIGHTED] pos=0.05705 penalty=-0.01806 total=0.03899 act_rate=-0.01275 contacts=-0.00431
[ACT_GREEDY] abs_mean=0.8983 abs_p95=2.5469 abs_p99=3.1904 abs_max=5.8555 legs=0.9228 waist=0.7584 arms=0.9074
[ACT_ROLLOUT] abs_mean=0.9139 abs_p95=2.5066 abs_p99=3.2204 abs_max=7.3422 abs_max_all=7.3422
[SAMPLER] top_bin=0 top_prob=0.492 peak_bin=0 failed_sum=524.5089 entropy=0.7982
[TRAIN_BODY] torso_ori=11.44deg l_wrist_ori=19.66deg r_wrist_ori=26.32deg l_elbow_ori=16.32deg r_elbow_ori=22.47deg l_shoulder_ori=15.75deg r_shoulder_ori=29.40deg
[TRAIN_ANG] torso=2.169 l_wrist=4.048 r_wrist=4.725 l_elbow=3.446 r_elbow=4.050 l_shoulder=2.892 r_shoulder=3.527
[TRAIN_ACT] l_wrist_r=0.5238 l_wrist_p=1.2031 l_wrist_y=0.9146 r_wrist_r=0.6303 r_wrist_p=0.8986 r_wrist_y=0.7618 l_elbow=0.6328 r_elbow=0.7716
[UPDATE] 267/500 reward_step=0.03936 done_frac=0.03162 mean_reward=1.25561 mean_len=31.80
[FPO++] actor_loss=-0.00008 value_loss=0.00728 ratio=0.9988 [0.918,1.072] clip_frac=0.1416 cfm_old=0.7587 cfm_new=0.7600 kl=0.000099 grad=0.2408 grad_c=0.1311 lr=0.000506 critic_lr=0.000585
[TRAIN] mean_reward=1.25561 mean_len=31.80 recent_eps=100 completed_eps=5259412
[UPDATE_EFFECT] action_delta=0.00732548 param_rms_delta=0.00028330
[TIME] collect=4.731s update=5.821s
[DONE] timeout=0.00000 anchor_pos=0.00000 anchor_ori=0.00330 ee_body=0.71436
[DONE_ROLLOUT] timeout=0.00000 anchor_pos=0.00000 anchor_ori=0.00014 ee_body=0.03153
[FIRST_FAILURE] step_mean=10.77 step_min=0 step_max=23 phase_mean=117.25 phase_min=14 phase_max=324 anchor_pos=0.00000 anchor_ori=0.00317 ee_body=0.71411 timeout=0.00000
[TRACK_CHUNK0] anchor_pos=0.71850 anchor_ori=0.70194 body_pos=0.82936 body_ori=0.44103 body_lin=0.51743 body_ang=0.34460
[TRACK_ROLLOUT] anchor_pos=0.72571 anchor_ori=0.70824 body_pos=0.83315 body_ori=0.44624 body_lin=0.52372 body_ang=0.34844
[TRAIN_COST] action_rate=6.34972 joint_limit=0.00519 undesired_contacts=2.16321
[REWARD_WEIGHTED] pos=0.05737 penalty=-0.01802 total=0.03936 act_rate=-0.01262 contacts=-0.00438
[ACT_GREEDY] abs_mean=0.8981 abs_p95=2.5425 abs_p99=3.1599 abs_max=4.9250 legs=0.9216 waist=0.7618 arms=0.9071
[ACT_ROLLOUT] abs_mean=0.9134 abs_p95=2.5053 abs_p99=3.2127 abs_max=6.4081 abs_max_all=6.4081
[SAMPLER] top_bin=0 top_prob=0.491 peak_bin=0 failed_sum=518.2082 entropy=0.7987
[TRAIN_BODY] torso_ori=11.56deg l_wrist_ori=19.44deg r_wrist_ori=26.35deg l_elbow_ori=16.22deg r_elbow_ori=22.40deg l_shoulder_ori=15.64deg r_shoulder_ori=29.30deg
[TRAIN_ANG] torso=2.161 l_wrist=4.053 r_wrist=4.763 l_elbow=3.473 r_elbow=4.066 l_shoulder=2.904 r_shoulder=3.535
[TRAIN_ACT] l_wrist_r=0.5279 l_wrist_p=1.2081 l_wrist_y=0.9197 r_wrist_r=0.6244 r_wrist_p=0.9016 r_wrist_y=0.7683 l_elbow=0.6334 r_elbow=0.7655
[UPDATE] 268/500 reward_step=0.03944 done_frac=0.03129 mean_reward=1.28825 mean_len=32.97
[FPO++] actor_loss=0.00195 value_loss=0.00768 ratio=0.9987 [0.936,1.059] clip_frac=0.0976 cfm_old=0.7567 cfm_new=0.7580 kl=0.000079 grad=0.1668 grad_c=0.2780 lr=0.000506 critic_lr=0.000585
[TRAIN] mean_reward=1.28825 mean_len=32.97 recent_eps=100 completed_eps=5265563
[UPDATE_EFFECT] action_delta=0.00728391 param_rms_delta=0.00028433
[TIME] collect=4.757s update=5.819s
[DONE] timeout=0.00000 anchor_pos=0.00000 anchor_ori=0.00354 ee_body=0.70825
[DONE_ROLLOUT] timeout=0.00000 anchor_pos=0.00000 anchor_ori=0.00015 ee_body=0.03118
[FIRST_FAILURE] step_mean=11.10 step_min=0 step_max=23 phase_mean=116.67 phase_min=13 phase_max=324 anchor_pos=0.00000 anchor_ori=0.00354 ee_body=0.70801 timeout=0.00000
[TRACK_CHUNK0] anchor_pos=0.72305 anchor_ori=0.70841 body_pos=0.83204 body_ori=0.44331 body_lin=0.52361 body_ang=0.34925
[TRACK_ROLLOUT] anchor_pos=0.72154 anchor_ori=0.70992 body_pos=0.83238 body_ori=0.44481 body_lin=0.52062 body_ang=0.34736
[TRAIN_COST] action_rate=6.26053 joint_limit=0.00499 undesired_contacts=2.16394
[REWARD_WEIGHTED] pos=0.05722 penalty=-0.01778 total=0.03944 act_rate=-0.01254 contacts=-0.00428
[ACT_GREEDY] abs_mean=0.8997 abs_p95=2.5408 abs_p99=3.1812 abs_max=5.3768 legs=0.9288 waist=0.7640 arms=0.9038
[ACT_ROLLOUT] abs_mean=0.9090 abs_p95=2.4905 abs_p99=3.2041 abs_max=7.1498 abs_max_all=7.1498
[SAMPLER] top_bin=0 top_prob=0.491 peak_bin=0 failed_sum=511.9945 entropy=0.7991
[TRAIN_BODY] torso_ori=11.30deg l_wrist_ori=19.58deg r_wrist_ori=26.56deg l_elbow_ori=16.17deg r_elbow_ori=22.39deg l_shoulder_ori=15.47deg r_shoulder_ori=29.55deg
[TRAIN_ANG] torso=2.143 l_wrist=4.047 r_wrist=4.733 l_elbow=3.433 r_elbow=4.023 l_shoulder=2.885 r_shoulder=3.492
[TRAIN_ACT] l_wrist_r=0.5347 l_wrist_p=1.1718 l_wrist_y=0.9149 r_wrist_r=0.6415 r_wrist_p=0.8985 r_wrist_y=0.7686 l_elbow=0.6271 r_elbow=0.7595
[UPDATE] 269/500 reward_step=0.03963 done_frac=0.03064 mean_reward=1.28949 mean_len=32.48
[FPO++] actor_loss=0.00136 value_loss=0.00790 ratio=0.9985 [0.392,1.606] clip_frac=0.1370 cfm_old=0.7533 cfm_new=0.7548 kl=0.000129 grad=0.2204 grad_c=0.2416 lr=0.000150 critic_lr=0.000173
[TRAIN] mean_reward=1.28949 mean_len=32.48 recent_eps=100 completed_eps=5271587
[UPDATE_EFFECT] action_delta=0.00822708 param_rms_delta=0.00026202
[TIME] collect=4.784s update=5.816s
[DONE] timeout=0.00000 anchor_pos=0.00012 anchor_ori=0.00354 ee_body=0.69604
[DONE_ROLLOUT] timeout=0.00000 anchor_pos=0.00001 anchor_ori=0.00015 ee_body=0.03051
[FIRST_FAILURE] step_mean=11.13 step_min=0 step_max=23 phase_mean=118.59 phase_min=14 phase_max=324 anchor_pos=0.00012 anchor_ori=0.00354 ee_body=0.69580 timeout=0.00000
[TRACK_CHUNK0] anchor_pos=0.72327 anchor_ori=0.71176 body_pos=0.83335 body_ori=0.44813 body_lin=0.51753 body_ang=0.34796
[TRACK_ROLLOUT] anchor_pos=0.72007 anchor_ori=0.70964 body_pos=0.83125 body_ori=0.44669 body_lin=0.52167 body_ang=0.35130
[TRAIN_COST] action_rate=6.28232 joint_limit=0.00486 undesired_contacts=2.12122
[REWARD_WEIGHTED] pos=0.05732 penalty=-0.01769 total=0.03963 act_rate=-0.01245 contacts=-0.00427
[ACT_GREEDY] abs_mean=0.8928 abs_p95=2.5350 abs_p99=3.1830 abs_max=6.0930 legs=0.9197 waist=0.7530 arms=0.8997
[ACT_ROLLOUT] abs_mean=0.9087 abs_p95=2.4972 abs_p99=3.2109 abs_max=9.8249 abs_max_all=9.8249
[SAMPLER] top_bin=0 top_prob=0.490 peak_bin=0 failed_sum=505.8026 entropy=0.7997
[TRAIN_BODY] torso_ori=11.30deg l_wrist_ori=19.29deg r_wrist_ori=26.04deg l_elbow_ori=16.01deg r_elbow_ori=22.07deg l_shoulder_ori=15.55deg r_shoulder_ori=28.87deg
[TRAIN_ANG] torso=2.169 l_wrist=4.077 r_wrist=4.652 l_elbow=3.442 r_elbow=3.988 l_shoulder=2.889 r_shoulder=3.499
[TRAIN_ACT] l_wrist_r=0.5326 l_wrist_p=1.1877 l_wrist_y=0.9284 r_wrist_r=0.6124 r_wrist_p=0.8663 r_wrist_y=0.7542 l_elbow=0.6290 r_elbow=0.7547
[UPDATE] 270/500 reward_step=0.03977 done_frac=0.03026 mean_reward=1.31604 mean_len=33.87
[FPO++] actor_loss=0.00025 value_loss=0.00803 ratio=0.9987 [0.762,1.212] clip_frac=0.0653 cfm_old=0.7517 cfm_new=0.7530 kl=0.000065 grad=0.0994 grad_c=0.1712 lr=0.000225 critic_lr=0.000260
[TRAIN] mean_reward=1.31604 mean_len=33.87 recent_eps=100 completed_eps=5277537
[UPDATE_EFFECT] action_delta=0.00577823 param_rms_delta=0.00017155
[TIME] collect=4.777s update=5.816s
[DONE] timeout=0.00000 anchor_pos=0.00000 anchor_ori=0.00342 ee_body=0.68799
[DONE_ROLLOUT] timeout=0.00000 anchor_pos=0.00000 anchor_ori=0.00014 ee_body=0.03017
[FIRST_FAILURE] step_mean=10.91 step_min=0 step_max=23 phase_mean=116.70 phase_min=11 phase_max=324 anchor_pos=0.00000 anchor_ori=0.00342 ee_body=0.68787 timeout=0.00000
[TRACK_CHUNK0] anchor_pos=0.71747 anchor_ori=0.70969 body_pos=0.83065 body_ori=0.44453 body_lin=0.52238 body_ang=0.35411
[TRACK_ROLLOUT] anchor_pos=0.71853 anchor_ori=0.71467 body_pos=0.83236 body_ori=0.44547 body_lin=0.52236 body_ang=0.35213
[TRAIN_COST] action_rate=6.13085 joint_limit=0.00490 undesired_contacts=2.15576
[REWARD_WEIGHTED] pos=0.05738 penalty=-0.01760 total=0.03977 act_rate=-0.01238 contacts=-0.00430
[ACT_GREEDY] abs_mean=0.8944 abs_p95=2.5376 abs_p99=3.1872 abs_max=5.1412 legs=0.9260 waist=0.7520 arms=0.8978
[ACT_ROLLOUT] abs_mean=0.9074 abs_p95=2.4909 abs_p99=3.2065 abs_max=9.2743 abs_max_all=9.2743
[SAMPLER] top_bin=0 top_prob=0.489 peak_bin=0 failed_sum=499.6833 entropy=0.8002
[TRAIN_BODY] torso_ori=11.36deg l_wrist_ori=19.25deg r_wrist_ori=25.75deg l_elbow_ori=15.99deg r_elbow_ori=21.77deg l_shoulder_ori=15.24deg r_shoulder_ori=28.97deg
[TRAIN_ANG] torso=2.150 l_wrist=3.974 r_wrist=4.609 l_elbow=3.366 r_elbow=3.936 l_shoulder=2.819 r_shoulder=3.448
[TRAIN_ACT] l_wrist_r=0.5274 l_wrist_p=1.1755 l_wrist_y=0.9230 r_wrist_r=0.6176 r_wrist_p=0.8759 r_wrist_y=0.7555 l_elbow=0.6211 r_elbow=0.7552
[UPDATE] 271/500 reward_step=0.03997 done_frac=0.02973 mean_reward=1.32466 mean_len=32.57
[FPO++] actor_loss=-0.00145 value_loss=0.00813 ratio=0.9986 [0.931,1.076] clip_frac=0.1168 cfm_old=0.7502 cfm_new=0.7517 kl=0.000076 grad=0.1979 grad_c=0.1608 lr=0.000506 critic_lr=0.000585
[TRAIN] mean_reward=1.32466 mean_len=32.57 recent_eps=100 completed_eps=5283383
[UPDATE_EFFECT] action_delta=0.00814873 param_rms_delta=0.00028196
[TIME] collect=4.795s update=5.812s
[DONE] timeout=0.00000 anchor_pos=0.00000 anchor_ori=0.00330 ee_body=0.67920
[DONE_ROLLOUT] timeout=0.00000 anchor_pos=0.00000 anchor_ori=0.00014 ee_body=0.02964
[FIRST_FAILURE] step_mean=11.09 step_min=0 step_max=23 phase_mean=119.47 phase_min=15 phase_max=324 anchor_pos=0.00000 anchor_ori=0.00330 ee_body=0.67920 timeout=0.00000
[TRACK_CHUNK0] anchor_pos=0.71681 anchor_ori=0.71482 body_pos=0.83112 body_ori=0.44354 body_lin=0.52415 body_ang=0.35256
[TRACK_ROLLOUT] anchor_pos=0.71460 anchor_ori=0.71330 body_pos=0.83057 body_ori=0.44599 body_lin=0.52575 body_ang=0.35611
[TRAIN_COST] action_rate=6.11725 joint_limit=0.00462 undesired_contacts=2.14404
[REWARD_WEIGHTED] pos=0.05745 penalty=-0.01748 total=0.03997 act_rate=-0.01229 contacts=-0.00428
[ACT_GREEDY] abs_mean=0.8963 abs_p95=2.5489 abs_p99=3.1782 abs_max=4.7819 legs=0.9250 waist=0.7509 arms=0.9029
[ACT_ROLLOUT] abs_mean=0.9081 abs_p95=2.4965 abs_p99=3.2140 abs_max=7.5767 abs_max_all=7.5767
[SAMPLER] top_bin=0 top_prob=0.489 peak_bin=0 failed_sum=493.6072 entropy=0.8008
[TRAIN_BODY] torso_ori=11.11deg l_wrist_ori=19.36deg r_wrist_ori=26.08deg l_elbow_ori=16.07deg r_elbow_ori=21.97deg l_shoulder_ori=15.42deg r_shoulder_ori=28.62deg
[TRAIN_ANG] torso=2.124 l_wrist=4.014 r_wrist=4.632 l_elbow=3.407 r_elbow=3.945 l_shoulder=2.870 r_shoulder=3.440
[TRAIN_ACT] l_wrist_r=0.5171 l_wrist_p=1.1986 l_wrist_y=0.9341 r_wrist_r=0.6215 r_wrist_p=0.8864 r_wrist_y=0.7571 l_elbow=0.6208 r_elbow=0.7538
[UPDATE] 272/500 reward_step=0.04004 done_frac=0.02924 mean_reward=1.26281 mean_len=33.08
[FPO++] actor_loss=-0.00066 value_loss=0.00807 ratio=0.9985 [0.924,1.120] clip_frac=0.1396 cfm_old=0.7496 cfm_new=0.7511 kl=0.000099 grad=0.2234 grad_c=0.1001 lr=0.000337 critic_lr=0.000390
[TRAIN] mean_reward=1.26281 mean_len=33.08 recent_eps=100 completed_eps=5289132
[UPDATE_EFFECT] action_delta=0.00732056 param_rms_delta=0.00021270
[TIME] collect=4.857s update=5.815s
[DONE] timeout=0.00000 anchor_pos=0.00000 anchor_ori=0.00256 ee_body=0.67114
[DONE_ROLLOUT] timeout=0.00000 anchor_pos=0.00000 anchor_ori=0.00011 ee_body=0.02917
[FIRST_FAILURE] step_mean=11.13 step_min=0 step_max=23 phase_mean=118.74 phase_min=15 phase_max=324 anchor_pos=0.00000 anchor_ori=0.00256 ee_body=0.67102 timeout=0.00000
[TRACK_CHUNK0] anchor_pos=0.71515 anchor_ori=0.71346 body_pos=0.83128 body_ori=0.44622 body_lin=0.52958 body_ang=0.35898
[TRACK_ROLLOUT] anchor_pos=0.71363 anchor_ori=0.71363 body_pos=0.83046 body_ori=0.44485 body_lin=0.52626 body_ang=0.35992
[TRAIN_COST] action_rate=6.11027 joint_limit=0.00473 undesired_contacts=2.17273
[REWARD_WEIGHTED] pos=0.05750 penalty=-0.01746 total=0.04004 act_rate=-0.01223 contacts=-0.00430
[ACT_GREEDY] abs_mean=0.8972 abs_p95=2.5521 abs_p99=3.1836 abs_max=5.0781 legs=0.9320 waist=0.7503 arms=0.8989
[ACT_ROLLOUT] abs_mean=0.9124 abs_p95=2.5077 abs_p99=3.2218 abs_max=8.1644 abs_max_all=8.1644
[SAMPLER] top_bin=0 top_prob=0.488 peak_bin=0 failed_sum=487.5793 entropy=0.8014
[TRAIN_BODY] torso_ori=11.14deg l_wrist_ori=19.11deg r_wrist_ori=25.83deg l_elbow_ori=16.02deg r_elbow_ori=21.77deg l_shoulder_ori=15.41deg r_shoulder_ori=28.59deg
[TRAIN_ANG] torso=2.095 l_wrist=3.956 r_wrist=4.635 l_elbow=3.366 r_elbow=3.967 l_shoulder=2.813 r_shoulder=3.453
[TRAIN_ACT] l_wrist_r=0.5191 l_wrist_p=1.2016 l_wrist_y=0.9210 r_wrist_r=0.6139 r_wrist_p=0.8923 r_wrist_y=0.7481 l_elbow=0.6200 r_elbow=0.7624
[UPDATE] 273/500 reward_step=0.04007 done_frac=0.02949 mean_reward=1.40957 mean_len=35.23
[FPO++] actor_loss=0.00137 value_loss=0.00903 ratio=0.9986 [0.928,1.069] clip_frac=0.0867 cfm_old=0.7511 cfm_new=0.7524 kl=0.000066 grad=0.1544 grad_c=0.1405 lr=0.000506 critic_lr=0.000585
[TRAIN] mean_reward=1.40957 mean_len=35.23 recent_eps=100 completed_eps=5294930
[UPDATE_EFFECT] action_delta=0.00751184 param_rms_delta=0.00028716
[TIME] collect=4.769s update=5.804s
[DONE] timeout=0.00000 anchor_pos=0.00000 anchor_ori=0.00293 ee_body=0.67542
[DONE_ROLLOUT] timeout=0.00000 anchor_pos=0.00000 anchor_ori=0.00012 ee_body=0.02939
[FIRST_FAILURE] step_mean=11.07 step_min=0 step_max=23 phase_mean=119.32 phase_min=15 phase_max=324 anchor_pos=0.00000 anchor_ori=0.00293 ee_body=0.67542 timeout=0.00000
[TRACK_CHUNK0] anchor_pos=0.71109 anchor_ori=0.71190 body_pos=0.82935 body_ori=0.44274 body_lin=0.52433 body_ang=0.35845
[TRACK_ROLLOUT] anchor_pos=0.71325 anchor_ori=0.71510 body_pos=0.83118 body_ori=0.44712 body_lin=0.52689 body_ang=0.35854
[TRAIN_COST] action_rate=6.04817 joint_limit=0.00481 undesired_contacts=2.16125
[REWARD_WEIGHTED] pos=0.05756 penalty=-0.01749 total=0.04007 act_rate=-0.01223 contacts=-0.00432
[ACT_GREEDY] abs_mean=0.8966 abs_p95=2.5399 abs_p99=3.1785 abs_max=5.4179 legs=0.9291 waist=0.7549 arms=0.8991
[ACT_ROLLOUT] abs_mean=0.9089 abs_p95=2.4981 abs_p99=3.2121 abs_max=8.0945 abs_max_all=8.0945
[SAMPLER] top_bin=0 top_prob=0.487 peak_bin=0 failed_sum=481.7426 entropy=0.8019
[TRAIN_BODY] torso_ori=11.24deg l_wrist_ori=19.44deg r_wrist_ori=25.86deg l_elbow_ori=16.09deg r_elbow_ori=21.89deg l_shoulder_ori=15.26deg r_shoulder_ori=28.57deg
[TRAIN_ANG] torso=2.118 l_wrist=3.971 r_wrist=4.594 l_elbow=3.382 r_elbow=3.933 l_shoulder=2.826 r_shoulder=3.422
[TRAIN_ACT] l_wrist_r=0.5219 l_wrist_p=1.1945 l_wrist_y=0.8996 r_wrist_r=0.6101 r_wrist_p=0.8884 r_wrist_y=0.7580 l_elbow=0.6251 r_elbow=0.7664
[UPDATE] 274/500 reward_step=0.04030 done_frac=0.02852 mean_reward=1.40783 mean_len=34.81
[FPO++] actor_loss=0.00275 value_loss=0.00909 ratio=0.9982 [0.903,1.073] clip_frac=0.1736 cfm_old=0.7482 cfm_new=0.7501 kl=0.000089 grad=0.3363 grad_c=0.2246 lr=0.000506 critic_lr=0.000585
[TRAIN] mean_reward=1.40783 mean_len=34.81 recent_eps=100 completed_eps=5300538
[UPDATE_EFFECT] action_delta=0.00915904 param_rms_delta=0.00022993
[TIME] collect=4.706s update=5.805s
[DONE] timeout=0.00000 anchor_pos=0.00000 anchor_ori=0.00305 ee_body=0.65332
[DONE_ROLLOUT] timeout=0.00000 anchor_pos=0.00000 anchor_ori=0.00013 ee_body=0.02844
[FIRST_FAILURE] step_mean=11.16 step_min=0 step_max=23 phase_mean=119.43 phase_min=14 phase_max=324 anchor_pos=0.00000 anchor_ori=0.00305 ee_body=0.65308 timeout=0.00000
[TRACK_CHUNK0] anchor_pos=0.71529 anchor_ori=0.71729 body_pos=0.83281 body_ori=0.44862 body_lin=0.52916 body_ang=0.36010
[TRACK_ROLLOUT] anchor_pos=0.71145 anchor_ori=0.71576 body_pos=0.83066 body_ori=0.44518 body_lin=0.53068 body_ang=0.36361
[TRAIN_COST] action_rate=6.08584 joint_limit=0.00467 undesired_contacts=2.17395
[REWARD_WEIGHTED] pos=0.05767 penalty=-0.01737 total=0.04030 act_rate=-0.01214 contacts=-0.00431
[ACT_GREEDY] abs_mean=0.8985 abs_p95=2.5527 abs_p99=3.1968 abs_max=6.1081 legs=0.9348 waist=0.7548 arms=0.8982
[ACT_ROLLOUT] abs_mean=0.9099 abs_p95=2.5000 abs_p99=3.2142 abs_max=8.5668 abs_max_all=8.5668
[SAMPLER] top_bin=0 top_prob=0.487 peak_bin=0 failed_sum=475.8571 entropy=0.8025
[TRAIN_BODY] torso_ori=11.04deg l_wrist_ori=19.19deg r_wrist_ori=25.71deg l_elbow_ori=15.96deg r_elbow_ori=21.60deg l_shoulder_ori=15.22deg r_shoulder_ori=28.08deg
[TRAIN_ANG] torso=2.103 l_wrist=3.947 r_wrist=4.602 l_elbow=3.364 r_elbow=3.962 l_shoulder=2.816 r_shoulder=3.439
[TRAIN_ACT] l_wrist_r=0.5229 l_wrist_p=1.1825 l_wrist_y=0.9077 r_wrist_r=0.6250 r_wrist_p=0.8821 r_wrist_y=0.7312 l_elbow=0.6283 r_elbow=0.7589
[UPDATE] 275/500 reward_step=0.04039 done_frac=0.02829 mean_reward=1.45168 mean_len=36.30
[FPO++] actor_loss=0.00211 value_loss=0.01022 ratio=0.9985 [0.852,1.179] clip_frac=0.2166 cfm_old=0.7424 cfm_new=0.7439 kl=0.000124 grad=0.3102 grad_c=0.3656 lr=0.000337 critic_lr=0.000390
[TRAIN] mean_reward=1.45168 mean_len=36.30 recent_eps=100 completed_eps=5306101
[UPDATE_EFFECT] action_delta=0.00732735 param_rms_delta=0.00022001
[TIME] collect=4.781s update=5.813s
[DONE] timeout=0.00000 anchor_pos=0.00000 anchor_ori=0.00183 ee_body=0.65442
[DONE_ROLLOUT] timeout=0.00000 anchor_pos=0.00000 anchor_ori=0.00008 ee_body=0.02825
[FIRST_FAILURE] step_mean=11.14 step_min=0 step_max=23 phase_mean=117.75 phase_min=17 phase_max=324 anchor_pos=0.00000 anchor_ori=0.00183 ee_body=0.65417 timeout=0.00000
[TRACK_CHUNK0] anchor_pos=0.70839 anchor_ori=0.71262 body_pos=0.82799 body_ori=0.44492 body_lin=0.53179 body_ang=0.36540
[TRACK_ROLLOUT] anchor_pos=0.70819 anchor_ori=0.71543 body_pos=0.82917 body_ori=0.44582 body_lin=0.53087 body_ang=0.36731
[TRAIN_COST] action_rate=6.06848 joint_limit=0.00471 undesired_contacts=2.12744
[REWARD_WEIGHTED] pos=0.05770 penalty=-0.01730 total=0.04039 act_rate=-0.01204 contacts=-0.00429
[ACT_GREEDY] abs_mean=0.8973 abs_p95=2.5508 abs_p99=3.1844 abs_max=5.1128 legs=0.9317 waist=0.7507 arms=0.8992
[ACT_ROLLOUT] abs_mean=0.9099 abs_p95=2.5057 abs_p99=3.2152 abs_max=7.5300 abs_max_all=7.5300
[SAMPLER] top_bin=0 top_prob=0.486 peak_bin=0 failed_sum=470.0663 entropy=0.8030
[TRAIN_BODY] torso_ori=11.14deg l_wrist_ori=19.09deg r_wrist_ori=25.56deg l_elbow_ori=15.79deg r_elbow_ori=21.55deg l_shoulder_ori=15.17deg r_shoulder_ori=28.08deg
[TRAIN_ANG] torso=2.087 l_wrist=3.911 r_wrist=4.535 l_elbow=3.365 r_elbow=3.889 l_shoulder=2.812 r_shoulder=3.353
[TRAIN_ACT] l_wrist_r=0.5227 l_wrist_p=1.1932 l_wrist_y=0.9214 r_wrist_r=0.6297 r_wrist_p=0.8885 r_wrist_y=0.7307 l_elbow=0.6156 r_elbow=0.7509
[UPDATE] 276/500 reward_step=0.04023 done_frac=0.02833 mean_reward=1.39244 mean_len=35.36
[FPO++] actor_loss=0.00171 value_loss=0.00925 ratio=0.9986 [0.844,1.104] clip_frac=0.2086 cfm_old=0.7460 cfm_new=0.7474 kl=0.000100 grad=0.4334 grad_c=0.0814 lr=0.000337 critic_lr=0.000390
[TRAIN] mean_reward=1.39244 mean_len=35.36 recent_eps=100 completed_eps=5311671
[UPDATE_EFFECT] action_delta=0.00609144 param_rms_delta=0.00022075
[TIME] collect=4.867s update=5.810s
[DONE] timeout=0.00000 anchor_pos=0.00012 anchor_ori=0.00256 ee_body=0.65564
[DONE_ROLLOUT] timeout=0.00000 anchor_pos=0.00001 anchor_ori=0.00011 ee_body=0.02825
[FIRST_FAILURE] step_mean=11.15 step_min=0 step_max=23 phase_mean=120.55 phase_min=15 phase_max=324 anchor_pos=0.00012 anchor_ori=0.00256 ee_body=0.65564 timeout=0.00000
[TRACK_CHUNK0] anchor_pos=0.70374 anchor_ori=0.71740 body_pos=0.82784 body_ori=0.44322 body_lin=0.52912 body_ang=0.36603
[TRACK_ROLLOUT] anchor_pos=0.70271 anchor_ori=0.71454 body_pos=0.82760 body_ori=0.44516 body_lin=0.52789 body_ang=0.36786
[TRAIN_COST] action_rate=6.06618 joint_limit=0.00459 undesired_contacts=2.14026
[REWARD_WEIGHTED] pos=0.05754 penalty=-0.01731 total=0.04023 act_rate=-0.01206 contacts=-0.00432
[ACT_GREEDY] abs_mean=0.8961 abs_p95=2.5528 abs_p99=3.1926 abs_max=5.1935 legs=0.9301 waist=0.7493 arms=0.8985
[ACT_ROLLOUT] abs_mean=0.9114 abs_p95=2.5079 abs_p99=3.2236 abs_max=7.0214 abs_max_all=7.0214
[SAMPLER] top_bin=0 top_prob=0.485 peak_bin=0 failed_sum=464.4198 entropy=0.8037
[TRAIN_BODY] torso_ori=11.00deg l_wrist_ori=19.32deg r_wrist_ori=25.97deg l_elbow_ori=15.94deg r_elbow_ori=21.66deg l_shoulder_ori=15.39deg r_shoulder_ori=28.03deg
[TRAIN_ANG] torso=2.101 l_wrist=3.887 r_wrist=4.570 l_elbow=3.334 r_elbow=3.920 l_shoulder=2.810 r_shoulder=3.350
[TRAIN_ACT] l_wrist_r=0.5258 l_wrist_p=1.1775 l_wrist_y=0.8969 r_wrist_r=0.6204 r_wrist_p=0.9230 r_wrist_y=0.7402 l_elbow=0.6032 r_elbow=0.7548
[UPDATE] 277/500 reward_step=0.04065 done_frac=0.02774 mean_reward=1.40001 mean_len=34.75
[FPO++] actor_loss=0.00282 value_loss=0.00953 ratio=0.9984 [0.778,1.252] clip_frac=0.2406 cfm_old=0.7438 cfm_new=0.7456 kl=0.000102 grad=0.6908 grad_c=0.0788 lr=0.000225 critic_lr=0.000260
[TRAIN] mean_reward=1.40001 mean_len=34.75 recent_eps=100 completed_eps=5317125
[UPDATE_EFFECT] action_delta=0.00932750 param_rms_delta=0.00016388
[TIME] collect=4.845s update=5.809s
[DONE] timeout=0.00000 anchor_pos=0.00012 anchor_ori=0.00146 ee_body=0.64270
[DONE_ROLLOUT] timeout=0.00000 anchor_pos=0.00001 anchor_ori=0.00006 ee_body=0.02770
[FIRST_FAILURE] step_mean=11.04 step_min=0 step_max=23 phase_mean=120.79 phase_min=14 phase_max=324 anchor_pos=0.00012 anchor_ori=0.00134 ee_body=0.64270 timeout=0.00000
[TRACK_CHUNK0] anchor_pos=0.70216 anchor_ori=0.71206 body_pos=0.82750 body_ori=0.44425 body_lin=0.53225 body_ang=0.37139
[TRACK_ROLLOUT] anchor_pos=0.70380 anchor_ori=0.71648 body_pos=0.82878 body_ori=0.44613 body_lin=0.53548 body_ang=0.37320
[TRAIN_COST] action_rate=6.00168 joint_limit=0.00456 undesired_contacts=2.17114
[REWARD_WEIGHTED] pos=0.05787 penalty=-0.01723 total=0.04065 act_rate=-0.01196 contacts=-0.00436
[ACT_GREEDY] abs_mean=0.9042 abs_p95=2.5738 abs_p99=3.2037 abs_max=5.2075 legs=0.9366 waist=0.7541 arms=0.9085
[ACT_ROLLOUT] abs_mean=0.9123 abs_p95=2.5071 abs_p99=3.2163 abs_max=6.5989 abs_max_all=6.5989
[SAMPLER] top_bin=0 top_prob=0.484 peak_bin=0 failed_sum=458.7922 entropy=0.8043
[TRAIN_BODY] torso_ori=11.23deg l_wrist_ori=19.39deg r_wrist_ori=25.98deg l_elbow_ori=16.04deg r_elbow_ori=21.49deg l_shoulder_ori=15.46deg r_shoulder_ori=27.88deg
[TRAIN_ANG] torso=2.096 l_wrist=3.939 r_wrist=4.495 l_elbow=3.357 r_elbow=3.893 l_shoulder=2.801 r_shoulder=3.312
[TRAIN_ACT] l_wrist_r=0.5241 l_wrist_p=1.1793 l_wrist_y=0.8978 r_wrist_r=0.6386 r_wrist_p=0.9275 r_wrist_y=0.7441 l_elbow=0.6135 r_elbow=0.7805
[UPDATE] 278/500 reward_step=0.04042 done_frac=0.02733 mean_reward=1.33256 mean_len=33.70
[FPO++] actor_loss=0.00047 value_loss=0.00948 ratio=0.9981 [0.868,1.136] clip_frac=0.1941 cfm_old=0.7567 cfm_new=0.7586 kl=0.000066 grad=0.4943 grad_c=0.0946 lr=0.000338 critic_lr=0.000390
[TRAIN] mean_reward=1.33256 mean_len=33.70 recent_eps=100 completed_eps=5322499
[UPDATE_EFFECT] action_delta=0.00675522 param_rms_delta=0.00021490
[TIME] collect=4.929s update=5.817s
[DONE] timeout=0.00000 anchor_pos=0.00000 anchor_ori=0.00244 ee_body=0.63513
[DONE_ROLLOUT] timeout=0.00000 anchor_pos=0.00000 anchor_ori=0.00010 ee_body=0.02727
[FIRST_FAILURE] step_mean=11.38 step_min=0 step_max=23 phase_mean=119.76 phase_min=16 phase_max=324 anchor_pos=0.00000 anchor_ori=0.00244 ee_body=0.63513 timeout=0.00000
[TRACK_CHUNK0] anchor_pos=0.70303 anchor_ori=0.71866 body_pos=0.82966 body_ori=0.44626 body_lin=0.53675 body_ang=0.37607
[TRACK_ROLLOUT] anchor_pos=0.69784 anchor_ori=0.71657 body_pos=0.82705 body_ori=0.44231 body_lin=0.53323 body_ang=0.37224
[TRAIN_COST] action_rate=5.92934 joint_limit=0.00461 undesired_contacts=2.19690
[REWARD_WEIGHTED] pos=0.05764 penalty=-0.01723 total=0.04042 act_rate=-0.01195 contacts=-0.00434
[ACT_GREEDY] abs_mean=0.9056 abs_p95=2.5815 abs_p99=3.2103 abs_max=5.1558 legs=0.9402 waist=0.7488 arms=0.9096
[ACT_ROLLOUT] abs_mean=0.9156 abs_p95=2.5221 abs_p99=3.2366 abs_max=9.5830 abs_max_all=9.5830
[SAMPLER] top_bin=0 top_prob=0.484 peak_bin=0 failed_sum=453.2205 entropy=0.8048
[TRAIN_BODY] torso_ori=11.06deg l_wrist_ori=19.28deg r_wrist_ori=25.93deg l_elbow_ori=15.83deg r_elbow_ori=21.33deg l_shoulder_ori=15.20deg r_shoulder_ori=27.62deg
[TRAIN_ANG] torso=2.061 l_wrist=3.854 r_wrist=4.453 l_elbow=3.281 r_elbow=3.799 l_shoulder=2.762 r_shoulder=3.276
[TRAIN_ACT] l_wrist_r=0.5254 l_wrist_p=1.1786 l_wrist_y=0.8996 r_wrist_r=0.6386 r_wrist_p=0.9371 r_wrist_y=0.7298 l_elbow=0.6067 r_elbow=0.7788
[UPDATE] 279/500 reward_step=0.04051 done_frac=0.02677 mean_reward=1.44696 mean_len=35.71
[FPO++] actor_loss=-0.00038 value_loss=0.00991 ratio=0.9989 [0.914,1.102] clip_frac=0.1344 cfm_old=0.7594 cfm_new=0.7605 kl=0.000095 grad=0.2435 grad_c=0.1033 lr=0.000337 critic_lr=0.000390
[TRAIN] mean_reward=1.44696 mean_len=35.71 recent_eps=100 completed_eps=5327762
[UPDATE_EFFECT] action_delta=0.00584085 param_rms_delta=0.00022070
[TIME] collect=4.918s update=5.813s
[DONE] timeout=0.00000 anchor_pos=0.00000 anchor_ori=0.00305 ee_body=0.62085
[DONE_ROLLOUT] timeout=0.00000 anchor_pos=0.00000 anchor_ori=0.00013 ee_body=0.02668
[FIRST_FAILURE] step_mean=11.24 step_min=0 step_max=23 phase_mean=120.22 phase_min=11 phase_max=324 anchor_pos=0.00000 anchor_ori=0.00305 ee_body=0.62085 timeout=0.00000
[TRACK_CHUNK0] anchor_pos=0.70107 anchor_ori=0.71834 body_pos=0.82934 body_ori=0.44643 body_lin=0.53310 body_ang=0.37057
[TRACK_ROLLOUT] anchor_pos=0.69630 anchor_ori=0.71823 body_pos=0.82788 body_ori=0.44260 body_lin=0.53280 body_ang=0.37271
[TRAIN_COST] action_rate=6.04421 joint_limit=0.00470 undesired_contacts=2.13586
[REWARD_WEIGHTED] pos=0.05767 penalty=-0.01716 total=0.04051 act_rate=-0.01196 contacts=-0.00427
[ACT_GREEDY] abs_mean=0.9022 abs_p95=2.5681 abs_p99=3.1976 abs_max=5.5048 legs=0.9354 waist=0.7478 arms=0.9068
[ACT_ROLLOUT] abs_mean=0.9178 abs_p95=2.5311 abs_p99=3.2458 abs_max=7.5907 abs_max_all=7.5907
[SAMPLER] top_bin=0 top_prob=0.483 peak_bin=0 failed_sum=447.6704 entropy=0.8054
[TRAIN_BODY] torso_ori=11.05deg l_wrist_ori=19.28deg r_wrist_ori=25.85deg l_elbow_ori=16.05deg r_elbow_ori=21.60deg l_shoulder_ori=15.54deg r_shoulder_ori=27.61deg
[TRAIN_ANG] torso=2.058 l_wrist=3.871 r_wrist=4.550 l_elbow=3.327 r_elbow=3.889 l_shoulder=2.781 r_shoulder=3.310
[TRAIN_ACT] l_wrist_r=0.5180 l_wrist_p=1.1780 l_wrist_y=0.8880 r_wrist_r=0.6389 r_wrist_p=0.9495 r_wrist_y=0.7531 l_elbow=0.6009 r_elbow=0.7750
[UPDATE] 280/500 reward_step=0.04066 done_frac=0.02703 mean_reward=1.60147 mean_len=38.86
[FPO++] actor_loss=-0.00018 value_loss=0.00970 ratio=0.9983 [0.876,1.100] clip_frac=0.2294 cfm_old=0.7592 cfm_new=0.7609 kl=0.000117 grad=0.4770 grad_c=0.0725 lr=0.000225 critic_lr=0.000260
[TRAIN] mean_reward=1.60147 mean_len=38.86 recent_eps=100 completed_eps=5333076
[UPDATE_EFFECT] action_delta=0.01001959 param_rms_delta=0.00019270
[TIME] collect=4.973s update=5.810s
[DONE] timeout=0.00000 anchor_pos=0.00037 anchor_ori=0.00317 ee_body=0.62537
[DONE_ROLLOUT] timeout=0.00000 anchor_pos=0.00002 anchor_ori=0.00013 ee_body=0.02692
[FIRST_FAILURE] step_mean=11.06 step_min=0 step_max=23 phase_mean=121.57 phase_min=14 phase_max=324 anchor_pos=0.00037 anchor_ori=0.00317 ee_body=0.62524 timeout=0.00000
[TRACK_CHUNK0] anchor_pos=0.69279 anchor_ori=0.71515 body_pos=0.82593 body_ori=0.43945 body_lin=0.53100 body_ang=0.37151
[TRACK_ROLLOUT] anchor_pos=0.69603 anchor_ori=0.71942 body_pos=0.82821 body_ori=0.44340 body_lin=0.53424 body_ang=0.37424
[TRAIN_COST] action_rate=6.00158 joint_limit=0.00481 undesired_contacts=2.13342
[REWARD_WEIGHTED] pos=0.05776 penalty=-0.01710 total=0.04066 act_rate=-0.01193 contacts=-0.00426
[ACT_GREEDY] abs_mean=0.8998 abs_p95=2.5564 abs_p99=3.1794 abs_max=4.8435 legs=0.9268 waist=0.7467 arms=0.9095
[ACT_ROLLOUT] abs_mean=0.9171 abs_p95=2.5291 abs_p99=3.2476 abs_max=9.4431 abs_max_all=9.4431
[SAMPLER] top_bin=0 top_prob=0.482 peak_bin=0 failed_sum=442.3018 entropy=0.8061
[TRAIN_BODY] torso_ori=11.13deg l_wrist_ori=19.28deg r_wrist_ori=26.21deg l_elbow_ori=16.02deg r_elbow_ori=21.53deg l_shoulder_ori=15.46deg r_shoulder_ori=27.71deg
[TRAIN_ANG] torso=2.086 l_wrist=3.852 r_wrist=4.479 l_elbow=3.307 r_elbow=3.885 l_shoulder=2.772 r_shoulder=3.328
[TRAIN_ACT] l_wrist_r=0.5227 l_wrist_p=1.1813 l_wrist_y=0.8931 r_wrist_r=0.6444 r_wrist_p=0.9755 r_wrist_y=0.7677 l_elbow=0.6097 r_elbow=0.7651
[UPDATE] 281/500 reward_step=0.04094 done_frac=0.02670 mean_reward=1.52760 mean_len=37.80
[FPO++] actor_loss=0.00168 value_loss=0.00997 ratio=0.9980 [0.874,1.123] clip_frac=0.2744 cfm_old=0.7511 cfm_new=0.7532 kl=0.000144 grad=0.5585 grad_c=0.1206 lr=0.000150 critic_lr=0.000173
[TRAIN] mean_reward=1.52760 mean_len=37.80 recent_eps=100 completed_eps=5338326
[UPDATE_EFFECT] action_delta=0.01405024 param_rms_delta=0.00014648
[TIME] collect=5.013s update=5.804s
[DONE] timeout=0.00000 anchor_pos=0.00012 anchor_ori=0.00195 ee_body=0.62256
[DONE_ROLLOUT] timeout=0.00000 anchor_pos=0.00001 anchor_ori=0.00008 ee_body=0.02664
[FIRST_FAILURE] step_mean=11.26 step_min=0 step_max=23 phase_mean=123.20 phase_min=14 phase_max=324 anchor_pos=0.00012 anchor_ori=0.00195 ee_body=0.62256 timeout=0.00000
[TRACK_CHUNK0] anchor_pos=0.69577 anchor_ori=0.72018 body_pos=0.82807 body_ori=0.44304 body_lin=0.53621 body_ang=0.37763
[TRACK_ROLLOUT] anchor_pos=0.69738 anchor_ori=0.72006 body_pos=0.82724 body_ori=0.44524 body_lin=0.53683 body_ang=0.37759
[TRAIN_COST] action_rate=5.87759 joint_limit=0.00437 undesired_contacts=2.14575
[REWARD_WEIGHTED] pos=0.05791 penalty=-0.01698 total=0.04094 act_rate=-0.01175 contacts=-0.00429
[ACT_GREEDY] abs_mean=0.8904 abs_p95=2.5290 abs_p99=3.1512 abs_max=5.0464 legs=0.9168 waist=0.7405 arms=0.8999
[ACT_ROLLOUT] abs_mean=0.9106 abs_p95=2.5117 abs_p99=3.2165 abs_max=6.7480 abs_max_all=6.7480
[SAMPLER] top_bin=0 top_prob=0.481 peak_bin=0 failed_sum=436.9979 entropy=0.8068
[TRAIN_BODY] torso_ori=11.02deg l_wrist_ori=19.33deg r_wrist_ori=25.80deg l_elbow_ori=16.09deg r_elbow_ori=21.35deg l_shoulder_ori=15.55deg r_shoulder_ori=27.83deg
[TRAIN_ANG] torso=2.048 l_wrist=3.834 r_wrist=4.467 l_elbow=3.294 r_elbow=3.832 l_shoulder=2.741 r_shoulder=3.274
[TRAIN_ACT] l_wrist_r=0.5164 l_wrist_p=1.1890 l_wrist_y=0.8879 r_wrist_r=0.6277 r_wrist_p=0.9752 r_wrist_y=0.7660 l_elbow=0.5948 r_elbow=0.7657
[UPDATE] 282/500 reward_step=0.04154 done_frac=0.02689 mean_reward=1.43311 mean_len=34.51
[FPO++] actor_loss=0.00187 value_loss=0.01065 ratio=0.9990 [0.914,1.059] clip_frac=0.1337 cfm_old=0.7387 cfm_new=0.7398 kl=0.000069 grad=0.2990 grad_c=0.2862 lr=0.000506 critic_lr=0.000585
[TRAIN] mean_reward=1.43311 mean_len=34.51 recent_eps=100 completed_eps=5343612
[UPDATE_EFFECT] action_delta=0.00787556 param_rms_delta=0.00026666
[TIME] collect=4.890s update=5.813s
[DONE] timeout=0.00000 anchor_pos=0.00012 anchor_ori=0.00281 ee_body=0.62390
[DONE_ROLLOUT] timeout=0.00000 anchor_pos=0.00001 anchor_ori=0.00012 ee_body=0.02678
[FIRST_FAILURE] step_mean=11.15 step_min=0 step_max=23 phase_mean=122.02 phase_min=16 phase_max=324 anchor_pos=0.00012 anchor_ori=0.00269 ee_body=0.62378 timeout=0.00000
[TRACK_CHUNK0] anchor_pos=0.70069 anchor_ori=0.72216 body_pos=0.82802 body_ori=0.44755 body_lin=0.53981 body_ang=0.37922
[TRACK_ROLLOUT] anchor_pos=0.70125 anchor_ori=0.72680 body_pos=0.82838 body_ori=0.44979 body_lin=0.53971 body_ang=0.37982
[TRAIN_COST] action_rate=5.77063 joint_limit=0.00489 undesired_contacts=2.14453
[REWARD_WEIGHTED] pos=0.05823 penalty=-0.01669 total=0.04154 act_rate=-0.01155 contacts=-0.00427
[ACT_GREEDY] abs_mean=0.8854 abs_p95=2.5112 abs_p99=3.1253 abs_max=5.1548 legs=0.9155 waist=0.7342 arms=0.8921
[ACT_ROLLOUT] abs_mean=0.8980 abs_p95=2.4727 abs_p99=3.1719 abs_max=6.4675 abs_max_all=6.4675
[SAMPLER] top_bin=0 top_prob=0.480 peak_bin=0 failed_sum=431.8550 entropy=0.8074
[TRAIN_BODY] torso_ori=10.92deg l_wrist_ori=18.95deg r_wrist_ori=25.62deg l_elbow_ori=15.95deg r_elbow_ori=21.34deg l_shoulder_ori=15.29deg r_shoulder_ori=27.63deg
[TRAIN_ANG] torso=2.057 l_wrist=3.840 r_wrist=4.449 l_elbow=3.286 r_elbow=3.838 l_shoulder=2.722 r_shoulder=3.286
[TRAIN_ACT] l_wrist_r=0.5120 l_wrist_p=1.1504 l_wrist_y=0.8906 r_wrist_r=0.6222 r_wrist_p=0.9677 r_wrist_y=0.7656 l_elbow=0.6008 r_elbow=0.7490
[UPDATE] 283/500 reward_step=0.04183 done_frac=0.02705 mean_reward=1.43542 mean_len=35.07
[FPO++] actor_loss=0.00047 value_loss=0.00963 ratio=0.9995 [0.932,1.076] clip_frac=0.0945 cfm_old=0.7312 cfm_new=0.7317 kl=0.000084 grad=0.1526 grad_c=0.1464 lr=0.000506 critic_lr=0.000585
[TRAIN] mean_reward=1.43542 mean_len=35.07 recent_eps=100 completed_eps=5348930
[UPDATE_EFFECT] action_delta=0.00693279 param_rms_delta=0.00028033
[TIME] collect=4.850s update=5.804s
[DONE] timeout=0.00000 anchor_pos=0.00000 anchor_ori=0.00281 ee_body=0.62695
[DONE_ROLLOUT] timeout=0.00000 anchor_pos=0.00000 anchor_ori=0.00012 ee_body=0.02697
[FIRST_FAILURE] step_mean=11.12 step_min=0 step_max=23 phase_mean=120.87 phase_min=15 phase_max=324 anchor_pos=0.00000 anchor_ori=0.00281 ee_body=0.62683 timeout=0.00000
[TRACK_CHUNK0] anchor_pos=0.69719 anchor_ori=0.72916 body_pos=0.82689 body_ori=0.44669 body_lin=0.53432 body_ang=0.37588
[TRACK_ROLLOUT] anchor_pos=0.70154 anchor_ori=0.73246 body_pos=0.82912 body_ori=0.45342 body_lin=0.53772 body_ang=0.37985
[TRAIN_COST] action_rate=5.71122 joint_limit=0.00433 undesired_contacts=2.12744
[REWARD_WEIGHTED] pos=0.05834 penalty=-0.01651 total=0.04183 act_rate=-0.01148 contacts=-0.00421
[ACT_GREEDY] abs_mean=0.8804 abs_p95=2.5026 abs_p99=3.1121 abs_max=4.9070 legs=0.9055 waist=0.7474 arms=0.8874
[ACT_ROLLOUT] abs_mean=0.8927 abs_p95=2.4527 abs_p99=3.1494 abs_max=7.5667 abs_max_all=7.5667
[SAMPLER] top_bin=0 top_prob=0.480 peak_bin=0 failed_sum=426.8657 entropy=0.8080
[TRAIN_BODY] torso_ori=10.69deg l_wrist_ori=18.61deg r_wrist_ori=25.80deg l_elbow_ori=15.85deg r_elbow_ori=21.55deg l_shoulder_ori=15.30deg r_shoulder_ori=28.07deg
[TRAIN_ANG] torso=2.059 l_wrist=3.804 r_wrist=4.474 l_elbow=3.253 r_elbow=3.869 l_shoulder=2.754 r_shoulder=3.315
[TRAIN_ACT] l_wrist_r=0.5119 l_wrist_p=1.1446 l_wrist_y=0.8865 r_wrist_r=0.6190 r_wrist_p=0.9391 r_wrist_y=0.7626 l_elbow=0.6061 r_elbow=0.7423
[UPDATE] 284/500 reward_step=0.04209 done_frac=0.02656 mean_reward=1.50817 mean_len=36.11
[FPO++] actor_loss=0.00118 value_loss=0.01092 ratio=0.9989 [0.831,1.135] clip_frac=0.2062 cfm_old=0.7276 cfm_new=0.7288 kl=0.000249 grad=0.3284 grad_c=0.4700 lr=0.000100 critic_lr=0.000116
[TRAIN] mean_reward=1.50817 mean_len=36.11 recent_eps=100 completed_eps=5354151
[UPDATE_EFFECT] action_delta=0.01114709 param_rms_delta=0.00015913
[TIME] collect=4.813s update=5.808s
[DONE] timeout=0.00000 anchor_pos=0.00000 anchor_ori=0.00305 ee_body=0.61487
[DONE_ROLLOUT] timeout=0.00000 anchor_pos=0.00000 anchor_ori=0.00013 ee_body=0.02646
[FIRST_FAILURE] step_mean=11.21 step_min=0 step_max=23 phase_mean=121.93 phase_min=15 phase_max=324 anchor_pos=0.00000 anchor_ori=0.00305 ee_body=0.61487 timeout=0.00000
[TRACK_CHUNK0] anchor_pos=0.70219 anchor_ori=0.73315 body_pos=0.82972 body_ori=0.45524 body_lin=0.53844 body_ang=0.38108
[TRACK_ROLLOUT] anchor_pos=0.70114 anchor_ori=0.73380 body_pos=0.82819 body_ori=0.45464 body_lin=0.53886 body_ang=0.38376
[TRAIN_COST] action_rate=5.70401 joint_limit=0.00383 undesired_contacts=2.09656
[REWARD_WEIGHTED] pos=0.05846 penalty=-0.01637 total=0.04209 act_rate=-0.01135 contacts=-0.00421
[ACT_GREEDY] abs_mean=0.8752 abs_p95=2.4892 abs_p99=3.1007 abs_max=5.5861 legs=0.9002 waist=0.7450 arms=0.8817
[ACT_ROLLOUT] abs_mean=0.8941 abs_p95=2.4619 abs_p99=3.1588 abs_max=7.4508 abs_max_all=7.4508
[SAMPLER] top_bin=0 top_prob=0.479 peak_bin=0 failed_sum=421.8994 entropy=0.8086
[TRAIN_BODY] torso_ori=10.59deg l_wrist_ori=18.32deg r_wrist_ori=25.19deg l_elbow_ori=15.58deg r_elbow_ori=20.98deg l_shoulder_ori=15.08deg r_shoulder_ori=27.49deg
[TRAIN_ANG] torso=2.041 l_wrist=3.741 r_wrist=4.406 l_elbow=3.235 r_elbow=3.804 l_shoulder=2.745 r_shoulder=3.236
[TRAIN_ACT] l_wrist_r=0.5043 l_wrist_p=1.1364 l_wrist_y=0.8981 r_wrist_r=0.5956 r_wrist_p=0.9085 r_wrist_y=0.7758 l_elbow=0.5967 r_elbow=0.7316
[UPDATE] 285/500 reward_step=0.04218 done_frac=0.02673 mean_reward=1.50870 mean_len=36.35
[FPO++] actor_loss=-0.00133 value_loss=0.00911 ratio=0.9988 [0.904,1.104] clip_frac=0.1387 cfm_old=0.7302 cfm_new=0.7315 kl=0.000087 grad=0.2473 grad_c=0.1588 lr=0.000506 critic_lr=0.000585
[TRAIN] mean_reward=1.50870 mean_len=36.35 recent_eps=100 completed_eps=5359407
[UPDATE_EFFECT] action_delta=0.00719610 param_rms_delta=0.00025512
[TIME] collect=4.885s update=5.810s
[DONE] timeout=0.00000 anchor_pos=0.00000 anchor_ori=0.00281 ee_body=0.61877
[DONE_ROLLOUT] timeout=0.00000 anchor_pos=0.00000 anchor_ori=0.00012 ee_body=0.02665
[FIRST_FAILURE] step_mean=11.12 step_min=0 step_max=23 phase_mean=122.56 phase_min=11 phase_max=324 anchor_pos=0.00000 anchor_ori=0.00269 ee_body=0.61865 timeout=0.00000
[TRACK_CHUNK0] anchor_pos=0.69840 anchor_ori=0.73432 body_pos=0.82658 body_ori=0.45316 body_lin=0.53649 body_ang=0.38109
[TRACK_ROLLOUT] anchor_pos=0.69997 anchor_ori=0.73443 body_pos=0.82832 body_ori=0.45582 body_lin=0.53824 body_ang=0.38368
[TRAIN_COST] action_rate=5.66021 joint_limit=0.00386 undesired_contacts=2.10962
[REWARD_WEIGHTED] pos=0.05847 penalty=-0.01629 total=0.04218 act_rate=-0.01129 contacts=-0.00419
[ACT_GREEDY] abs_mean=0.8787 abs_p95=2.4997 abs_p99=3.1164 abs_max=5.2074 legs=0.9047 waist=0.7393 arms=0.8864
[ACT_ROLLOUT] abs_mean=0.8915 abs_p95=2.4557 abs_p99=3.1605 abs_max=7.5644 abs_max_all=7.5644
[SAMPLER] top_bin=0 top_prob=0.478 peak_bin=0 failed_sum=417.0851 entropy=0.8093
[TRAIN_BODY] torso_ori=10.56deg l_wrist_ori=18.47deg r_wrist_ori=25.11deg l_elbow_ori=15.59deg r_elbow_ori=20.88deg l_shoulder_ori=15.02deg r_shoulder_ori=27.70deg
[TRAIN_ANG] torso=2.035 l_wrist=3.732 r_wrist=4.393 l_elbow=3.219 r_elbow=3.818 l_shoulder=2.723 r_shoulder=3.271
[TRAIN_ACT] l_wrist_r=0.5125 l_wrist_p=1.1456 l_wrist_y=0.8965 r_wrist_r=0.5918 r_wrist_p=0.9291 r_wrist_y=0.7784 l_elbow=0.6031 r_elbow=0.7280
[UPDATE] 286/500 reward_step=0.04206 done_frac=0.02672 mean_reward=1.62803 mean_len=38.46
[FPO++] actor_loss=0.00027 value_loss=0.00890 ratio=0.9986 [0.836,1.197] clip_frac=0.1306 cfm_old=0.7309 cfm_new=0.7323 kl=0.000087 grad=0.2115 grad_c=0.1444 lr=0.000506 critic_lr=0.000585
[TRAIN] mean_reward=1.62803 mean_len=38.46 recent_eps=100 completed_eps=5364661
[UPDATE_EFFECT] action_delta=0.00784053 param_rms_delta=0.00027661
[TIME] collect=4.841s update=5.818s
[DONE] timeout=0.00000 anchor_pos=0.00000 anchor_ori=0.00256 ee_body=0.62122
[DONE_ROLLOUT] timeout=0.00000 anchor_pos=0.00000 anchor_ori=0.00011 ee_body=0.02665
[FIRST_FAILURE] step_mean=11.36 step_min=0 step_max=23 phase_mean=123.15 phase_min=17 phase_max=324 anchor_pos=0.00000 anchor_ori=0.00256 ee_body=0.62122 timeout=0.00000
[TRACK_CHUNK0] anchor_pos=0.70029 anchor_ori=0.73405 body_pos=0.82788 body_ori=0.45490 body_lin=0.53841 body_ang=0.38881
[TRACK_ROLLOUT] anchor_pos=0.69779 anchor_ori=0.73366 body_pos=0.82660 body_ori=0.45331 body_lin=0.53575 body_ang=0.38370
[TRAIN_COST] action_rate=5.54003 joint_limit=0.00389 undesired_contacts=2.07715
[REWARD_WEIGHTED] pos=0.05830 penalty=-0.01624 total=0.04206 act_rate=-0.01126 contacts=-0.00416
[ACT_GREEDY] abs_mean=0.8749 abs_p95=2.4910 abs_p99=3.1230 abs_max=4.8355 legs=0.9011 waist=0.7368 arms=0.8821
[ACT_ROLLOUT] abs_mean=0.8918 abs_p95=2.4540 abs_p99=3.1680 abs_max=10.0213 abs_max_all=10.0213
[SAMPLER] top_bin=0 top_prob=0.477 peak_bin=0 failed_sum=412.3842 entropy=0.8100
[TRAIN_BODY] torso_ori=10.61deg l_wrist_ori=18.46deg r_wrist_ori=24.80deg l_elbow_ori=15.52deg r_elbow_ori=20.92deg l_shoulder_ori=14.97deg r_shoulder_ori=27.40deg
[TRAIN_ANG] torso=2.037 l_wrist=3.704 r_wrist=4.309 l_elbow=3.194 r_elbow=3.750 l_shoulder=2.706 r_shoulder=3.214
[TRAIN_ACT] l_wrist_r=0.5069 l_wrist_p=1.1473 l_wrist_y=0.8992 r_wrist_r=0.5778 r_wrist_p=0.8970 r_wrist_y=0.7790 l_elbow=0.5977 r_elbow=0.7116
[UPDATE] 287/500 reward_step=0.04243 done_frac=0.02662 mean_reward=1.65468 mean_len=39.28
[FPO++] actor_loss=-0.00167 value_loss=0.00946 ratio=0.9984 [0.883,1.088] clip_frac=0.1009 cfm_old=0.7273 cfm_new=0.7288 kl=0.000076 grad=0.1442 grad_c=0.2341 lr=0.000506 critic_lr=0.000585
[TRAIN] mean_reward=1.65468 mean_len=39.28 recent_eps=100 completed_eps=5369894
[UPDATE_EFFECT] action_delta=0.00680278 param_rms_delta=0.00027859
[TIME] collect=4.718s update=5.812s
[DONE] timeout=0.00000 anchor_pos=0.00000 anchor_ori=0.00305 ee_body=0.61829
[DONE_ROLLOUT] timeout=0.00000 anchor_pos=0.00000 anchor_ori=0.00013 ee_body=0.02650
[FIRST_FAILURE] step_mean=11.24 step_min=0 step_max=23 phase_mean=122.51 phase_min=15 phase_max=324 anchor_pos=0.00000 anchor_ori=0.00305 ee_body=0.61829 timeout=0.00000
[TRACK_CHUNK0] anchor_pos=0.70252 anchor_ori=0.73340 body_pos=0.82791 body_ori=0.45619 body_lin=0.53610 body_ang=0.38482
[TRACK_ROLLOUT] anchor_pos=0.70529 anchor_ori=0.73424 body_pos=0.82849 body_ori=0.45604 body_lin=0.53925 body_ang=0.38661
[TRAIN_COST] action_rate=5.66075 joint_limit=0.00422 undesired_contacts=2.06604
[REWARD_WEIGHTED] pos=0.05860 penalty=-0.01618 total=0.04243 act_rate=-0.01119 contacts=-0.00416
[ACT_GREEDY] abs_mean=0.8736 abs_p95=2.4852 abs_p99=3.1200 abs_max=5.2070 legs=0.8999 waist=0.7403 arms=0.8797
[ACT_ROLLOUT] abs_mean=0.8922 abs_p95=2.4562 abs_p99=3.1657 abs_max=7.2353 abs_max_all=7.2353
[SAMPLER] top_bin=0 top_prob=0.476 peak_bin=0 failed_sum=407.7733 entropy=0.8108
[TRAIN_BODY] torso_ori=10.60deg l_wrist_ori=18.32deg r_wrist_ori=25.01deg l_elbow_ori=15.47deg r_elbow_ori=20.97deg l_shoulder_ori=14.89deg r_shoulder_ori=27.36deg
[TRAIN_ANG] torso=2.038 l_wrist=3.705 r_wrist=4.336 l_elbow=3.183 r_elbow=3.760 l_shoulder=2.719 r_shoulder=3.238
[TRAIN_ACT] l_wrist_r=0.5091 l_wrist_p=1.1465 l_wrist_y=0.8789 r_wrist_r=0.5730 r_wrist_p=0.8888 r_wrist_y=0.7775 l_elbow=0.6169 r_elbow=0.7106
[UPDATE] 288/500 reward_step=0.04267 done_frac=0.02606 mean_reward=1.65032 mean_len=39.27
[FPO++] actor_loss=0.00039 value_loss=0.00935 ratio=0.9981 [0.873,1.097] clip_frac=0.1625 cfm_old=0.7238 cfm_new=0.7257 kl=0.000095 grad=0.2795 grad_c=0.1673 lr=0.000506 critic_lr=0.000585
[TRAIN] mean_reward=1.65032 mean_len=39.27 recent_eps=100 completed_eps=5375017
[UPDATE_EFFECT] action_delta=0.00710982 param_rms_delta=0.00027581
[TIME] collect=4.736s update=5.819s
[DONE] timeout=0.00000 anchor_pos=0.00012 anchor_ori=0.00244 ee_body=0.60706
[DONE_ROLLOUT] timeout=0.00000 anchor_pos=0.00001 anchor_ori=0.00010 ee_body=0.02598
[FIRST_FAILURE] step_mean=11.25 step_min=0 step_max=23 phase_mean=123.42 phase_min=16 phase_max=324 anchor_pos=0.00012 anchor_ori=0.00244 ee_body=0.60706 timeout=0.00000
[TRACK_CHUNK0] anchor_pos=0.70743 anchor_ori=0.73903 body_pos=0.83059 body_ori=0.45754 body_lin=0.54388 body_ang=0.38959
[TRACK_ROLLOUT] anchor_pos=0.70436 anchor_ori=0.73781 body_pos=0.82818 body_ori=0.45671 body_lin=0.54310 body_ang=0.39088
[TRAIN_COST] action_rate=5.55269 joint_limit=0.00413 undesired_contacts=2.09265
[REWARD_WEIGHTED] pos=0.05880 penalty=-0.01613 total=0.04267 act_rate=-0.01108 contacts=-0.00420
[ACT_GREEDY] abs_mean=0.8781 abs_p95=2.4968 abs_p99=3.1316 abs_max=5.0801 legs=0.9049 waist=0.7401 arms=0.8848
[ACT_ROLLOUT] abs_mean=0.8923 abs_p95=2.4598 abs_p99=3.1613 abs_max=7.0131 abs_max_all=7.0131
[SAMPLER] top_bin=0 top_prob=0.475 peak_bin=0 failed_sum=403.1631 entropy=0.8115
[TRAIN_BODY] torso_ori=10.34deg l_wrist_ori=18.28deg r_wrist_ori=24.87deg l_elbow_ori=15.28deg r_elbow_ori=20.95deg l_shoulder_ori=14.73deg r_shoulder_ori=27.40deg
[TRAIN_ANG] torso=2.026 l_wrist=3.711 r_wrist=4.324 l_elbow=3.163 r_elbow=3.724 l_shoulder=2.700 r_shoulder=3.222
[TRAIN_ACT] l_wrist_r=0.5048 l_wrist_p=1.1802 l_wrist_y=0.9319 r_wrist_r=0.5737 r_wrist_p=0.8783 r_wrist_y=0.7765 l_elbow=0.6160 r_elbow=0.7023
[UPDATE] 289/500 reward_step=0.04271 done_frac=0.02591 mean_reward=1.54963 mean_len=36.63
[FPO++] actor_loss=-0.00058 value_loss=0.00988 ratio=0.9983 [0.840,1.149] clip_frac=0.1709 cfm_old=0.7257 cfm_new=0.7274 kl=0.000092 grad=0.3429 grad_c=0.1603 lr=0.000506 critic_lr=0.000585
[TRAIN] mean_reward=1.54963 mean_len=36.63 recent_eps=100 completed_eps=5380111
[UPDATE_EFFECT] action_delta=0.00750632 param_rms_delta=0.00028707
[TIME] collect=4.851s update=5.818s
[DONE] timeout=0.00000 anchor_pos=0.00000 anchor_ori=0.00391 ee_body=0.60181
[DONE_ROLLOUT] timeout=0.00000 anchor_pos=0.00000 anchor_ori=0.00016 ee_body=0.02579
[FIRST_FAILURE] step_mean=11.32 step_min=0 step_max=23 phase_mean=123.77 phase_min=15 phase_max=324 anchor_pos=0.00000 anchor_ori=0.00391 ee_body=0.60168 timeout=0.00000
[TRACK_CHUNK0] anchor_pos=0.70309 anchor_ori=0.73916 body_pos=0.82763 body_ori=0.45709 body_lin=0.54472 body_ang=0.39354
[TRACK_ROLLOUT] anchor_pos=0.70114 anchor_ori=0.73502 body_pos=0.82728 body_ori=0.45602 body_lin=0.54359 body_ang=0.39467
[TRAIN_COST] action_rate=5.50997 joint_limit=0.00418 undesired_contacts=2.09668
[REWARD_WEIGHTED] pos=0.05879 penalty=-0.01609 total=0.04271 act_rate=-0.01103 contacts=-0.00420
[ACT_GREEDY] abs_mean=0.8780 abs_p95=2.5003 abs_p99=3.1343 abs_max=6.1324 legs=0.9080 waist=0.7360 arms=0.8828
[ACT_ROLLOUT] abs_mean=0.8953 abs_p95=2.4763 abs_p99=3.1900 abs_max=8.0134 abs_max_all=8.0134
[SAMPLER] top_bin=0 top_prob=0.474 peak_bin=0 failed_sum=398.6340 entropy=0.8122
[TRAIN_BODY] torso_ori=10.41deg l_wrist_ori=18.44deg r_wrist_ori=24.74deg l_elbow_ori=15.45deg r_elbow_ori=21.01deg l_shoulder_ori=14.85deg r_shoulder_ori=27.28deg
[TRAIN_ANG] torso=1.995 l_wrist=3.683 r_wrist=4.281 l_elbow=3.177 r_elbow=3.702 l_shoulder=2.712 r_shoulder=3.175
[TRAIN_ACT] l_wrist_r=0.5049 l_wrist_p=1.1658 l_wrist_y=0.9378 r_wrist_r=0.5663 r_wrist_p=0.8811 r_wrist_y=0.7675 l_elbow=0.6112 r_elbow=0.6923
[UPDATE] 290/500 reward_step=0.04279 done_frac=0.02572 mean_reward=1.77277 mean_len=40.47
[FPO++] actor_loss=0.00107 value_loss=0.01056 ratio=0.9984 [0.889,1.106] clip_frac=0.1539 cfm_old=0.7237 cfm_new=0.7253 kl=0.000083 grad=0.2585 grad_c=0.1666 lr=0.000506 critic_lr=0.000585
[TRAIN] mean_reward=1.77277 mean_len=40.47 recent_eps=100 completed_eps=5385167
[UPDATE_EFFECT] action_delta=0.00813280 param_rms_delta=0.00027738
[TIME] collect=4.931s update=5.818s
[DONE] timeout=0.00000 anchor_pos=0.00012 anchor_ori=0.00244 ee_body=0.59985
[DONE_ROLLOUT] timeout=0.00000 anchor_pos=0.00001 anchor_ori=0.00010 ee_body=0.02562
[FIRST_FAILURE] step_mean=11.30 step_min=0 step_max=23 phase_mean=124.33 phase_min=14 phase_max=324 anchor_pos=0.00012 anchor_ori=0.00244 ee_body=0.59973 timeout=0.00000
[TRACK_CHUNK0] anchor_pos=0.69996 anchor_ori=0.73724 body_pos=0.82854 body_ori=0.45805 body_lin=0.54396 body_ang=0.39416
[TRACK_ROLLOUT] anchor_pos=0.70029 anchor_ori=0.73536 body_pos=0.82757 body_ori=0.45708 body_lin=0.54381 body_ang=0.39428
[TRAIN_COST] action_rate=5.56135 joint_limit=0.00407 undesired_contacts=2.11011
[REWARD_WEIGHTED] pos=0.05881 penalty=-0.01602 total=0.04279 act_rate=-0.01104 contacts=-0.00417
[ACT_GREEDY] abs_mean=0.8796 abs_p95=2.5092 abs_p99=3.1548 abs_max=5.4005 legs=0.9101 waist=0.7355 arms=0.8843
[ACT_ROLLOUT] abs_mean=0.8924 abs_p95=2.4649 abs_p99=3.1735 abs_max=8.4280 abs_max_all=8.4280
[SAMPLER] top_bin=0 top_prob=0.473 peak_bin=0 failed_sum=394.1745 entropy=0.8129
[TRAIN_BODY] torso_ori=10.52deg l_wrist_ori=18.39deg r_wrist_ori=24.35deg l_elbow_ori=15.46deg r_elbow_ori=20.92deg l_shoulder_ori=14.62deg r_shoulder_ori=27.25deg
[TRAIN_ANG] torso=1.996 l_wrist=3.661 r_wrist=4.261 l_elbow=3.171 r_elbow=3.710 l_shoulder=2.677 r_shoulder=3.163
[TRAIN_ACT] l_wrist_r=0.4944 l_wrist_p=1.2010 l_wrist_y=0.9336 r_wrist_r=0.5582 r_wrist_p=0.8874 r_wrist_y=0.7419 l_elbow=0.6128 r_elbow=0.7010
[UPDATE] 291/500 reward_step=0.04307 done_frac=0.02487 mean_reward=1.63252 mean_len=38.06
[FPO++] actor_loss=0.00107 value_loss=0.01122 ratio=0.9981 [0.885,1.105] clip_frac=0.2023 cfm_old=0.7261 cfm_new=0.7280 kl=0.000107 grad=0.3758 grad_c=0.2640 lr=0.000225 critic_lr=0.000260
[TRAIN] mean_reward=1.63252 mean_len=38.06 recent_eps=100 completed_eps=5390056
[UPDATE_EFFECT] action_delta=0.00710884 param_rms_delta=0.00019215
[TIME] collect=4.740s update=5.812s
[DONE] timeout=0.00000 anchor_pos=0.00000 anchor_ori=0.00232 ee_body=0.57947
[DONE_ROLLOUT] timeout=0.00000 anchor_pos=0.00000 anchor_ori=0.00010 ee_body=0.02479
[FIRST_FAILURE] step_mean=11.27 step_min=0 step_max=23 phase_mean=123.78 phase_min=14 phase_max=324 anchor_pos=0.00000 anchor_ori=0.00232 ee_body=0.57947 timeout=0.00000
[TRACK_CHUNK0] anchor_pos=0.70464 anchor_ori=0.73501 body_pos=0.82837 body_ori=0.45972 body_lin=0.54537 body_ang=0.39664
[TRACK_ROLLOUT] anchor_pos=0.70218 anchor_ori=0.73375 body_pos=0.82856 body_ori=0.45824 body_lin=0.54838 body_ang=0.39994
[TRAIN_COST] action_rate=5.52657 joint_limit=0.00390 undesired_contacts=2.08118
[REWARD_WEIGHTED] pos=0.05906 penalty=-0.01599 total=0.04307 act_rate=-0.01098 contacts=-0.00417
[ACT_GREEDY] abs_mean=0.8789 abs_p95=2.5163 abs_p99=3.1514 abs_max=5.1004 legs=0.9063 waist=0.7336 arms=0.8865
[ACT_ROLLOUT] abs_mean=0.8953 abs_p95=2.4747 abs_p99=3.1847 abs_max=7.2352 abs_max_all=7.2352
[SAMPLER] top_bin=0 top_prob=0.472 peak_bin=0 failed_sum=389.6556 entropy=0.8137
[TRAIN_BODY] torso_ori=10.61deg l_wrist_ori=18.41deg r_wrist_ori=24.58deg l_elbow_ori=15.42deg r_elbow_ori=21.16deg l_shoulder_ori=14.75deg r_shoulder_ori=27.19deg
[TRAIN_ANG] torso=1.995 l_wrist=3.646 r_wrist=4.282 l_elbow=3.156 r_elbow=3.694 l_shoulder=2.687 r_shoulder=3.145
[TRAIN_ACT] l_wrist_r=0.4883 l_wrist_p=1.1995 l_wrist_y=0.9511 r_wrist_r=0.5557 r_wrist_p=0.8948 r_wrist_y=0.7519 l_elbow=0.6117 r_elbow=0.7004
[UPDATE] 292/500 reward_step=0.04289 done_frac=0.02486 mean_reward=1.79878 mean_len=40.78
[FPO++] actor_loss=-0.00160 value_loss=0.01090 ratio=0.9987 [0.933,1.062] clip_frac=0.0953 cfm_old=0.7286 cfm_new=0.7299 kl=0.000072 grad=0.1378 grad_c=0.1516 lr=0.000506 critic_lr=0.000585
[TRAIN] mean_reward=1.79878 mean_len=40.78 recent_eps=100 completed_eps=5394944
[UPDATE_EFFECT] action_delta=0.00775161 param_rms_delta=0.00026737
[TIME] collect=4.711s update=5.814s
[DONE] timeout=0.00000 anchor_pos=0.00000 anchor_ori=0.00232 ee_body=0.57886
[DONE_ROLLOUT] timeout=0.00000 anchor_pos=0.00000 anchor_ori=0.00010 ee_body=0.02478
[FIRST_FAILURE] step_mean=11.26 step_min=0 step_max=23 phase_mean=124.66 phase_min=15 phase_max=324 anchor_pos=0.00000 anchor_ori=0.00232 ee_body=0.57874 timeout=0.00000
[TRACK_CHUNK0] anchor_pos=0.69749 anchor_ori=0.73331 body_pos=0.82707 body_ori=0.45534 body_lin=0.54842 body_ang=0.39884
[TRACK_ROLLOUT] anchor_pos=0.69648 anchor_ori=0.73307 body_pos=0.82686 body_ori=0.45623 body_lin=0.54669 body_ang=0.39962
[TRAIN_COST] action_rate=5.47177 joint_limit=0.00425 undesired_contacts=2.08289
[REWARD_WEIGHTED] pos=0.05888 penalty=-0.01600 total=0.04289 act_rate=-0.01098 contacts=-0.00416
[ACT_GREEDY] abs_mean=0.8777 abs_p95=2.5066 abs_p99=3.1371 abs_max=6.0637 legs=0.9084 waist=0.7320 arms=0.8826
[ACT_ROLLOUT] abs_mean=0.8946 abs_p95=2.4762 abs_p99=3.1924 abs_max=6.9806 abs_max_all=6.9806
[SAMPLER] top_bin=0 top_prob=0.471 peak_bin=0 failed_sum=385.2430 entropy=0.8144
[TRAIN_BODY] torso_ori=10.63deg l_wrist_ori=18.56deg r_wrist_ori=24.34deg l_elbow_ori=15.68deg r_elbow_ori=21.12deg l_shoulder_ori=14.90deg r_shoulder_ori=26.91deg
[TRAIN_ANG] torso=1.984 l_wrist=3.655 r_wrist=4.255 l_elbow=3.156 r_elbow=3.686 l_shoulder=2.652 r_shoulder=3.144
[TRAIN_ACT] l_wrist_r=0.4957 l_wrist_p=1.1766 l_wrist_y=0.9458 r_wrist_r=0.5559 r_wrist_p=0.8883 r_wrist_y=0.7299 l_elbow=0.6090 r_elbow=0.6905
[UPDATE] 293/500 reward_step=0.04311 done_frac=0.02464 mean_reward=1.72106 mean_len=39.87
[FPO++] actor_loss=0.00014 value_loss=0.01165 ratio=0.9987 [0.939,1.078] clip_frac=0.0889 cfm_old=0.7280 cfm_new=0.7293 kl=0.000079 grad=0.1362 grad_c=0.2574 lr=0.000506 critic_lr=0.000585
[TRAIN] mean_reward=1.72106 mean_len=39.87 recent_eps=100 completed_eps=5399788
[UPDATE_EFFECT] action_delta=0.00615835 param_rms_delta=0.00027331
[TIME] collect=4.837s update=5.816s
[DONE] timeout=0.00000 anchor_pos=0.00012 anchor_ori=0.00171 ee_body=0.57910
[DONE_ROLLOUT] timeout=0.00000 anchor_pos=0.00001 anchor_ori=0.00007 ee_body=0.02458
[FIRST_FAILURE] step_mean=11.22 step_min=0 step_max=23 phase_mean=125.33 phase_min=19 phase_max=323 anchor_pos=0.00012 anchor_ori=0.00171 ee_body=0.57910 timeout=0.00000
[TRACK_CHUNK0] anchor_pos=0.69533 anchor_ori=0.73169 body_pos=0.82575 body_ori=0.45663 body_lin=0.54589 body_ang=0.40120
[TRACK_ROLLOUT] anchor_pos=0.69831 anchor_ori=0.73407 body_pos=0.82899 body_ori=0.45942 body_lin=0.54854 body_ang=0.40206
[TRAIN_COST] action_rate=5.44298 joint_limit=0.00441 undesired_contacts=2.07214
[REWARD_WEIGHTED] pos=0.05910 penalty=-0.01600 total=0.04311 act_rate=-0.01097 contacts=-0.00417
[ACT_GREEDY] abs_mean=0.8792 abs_p95=2.5169 abs_p99=3.1568 abs_max=5.4246 legs=0.9131 waist=0.7327 arms=0.8815
[ACT_ROLLOUT] abs_mean=0.8932 abs_p95=2.4744 abs_p99=3.1868 abs_max=7.0115 abs_max_all=7.0115
[SAMPLER] top_bin=0 top_prob=0.470 peak_bin=0 failed_sum=380.8909 entropy=0.8152
[TRAIN_BODY] torso_ori=10.65deg l_wrist_ori=18.49deg r_wrist_ori=24.13deg l_elbow_ori=15.76deg r_elbow_ori=20.87deg l_shoulder_ori=14.94deg r_shoulder_ori=26.68deg
[TRAIN_ANG] torso=2.004 l_wrist=3.611 r_wrist=4.237 l_elbow=3.117 r_elbow=3.678 l_shoulder=2.651 r_shoulder=3.138
[TRAIN_ACT] l_wrist_r=0.4950 l_wrist_p=1.1505 l_wrist_y=0.9453 r_wrist_r=0.5539 r_wrist_p=0.8825 r_wrist_y=0.7252 l_elbow=0.6069 r_elbow=0.7007
[UPDATE] 294/500 reward_step=0.04317 done_frac=0.02420 mean_reward=1.63061 mean_len=39.06
[FPO++] actor_loss=0.00003 value_loss=0.01135 ratio=0.9989 [0.829,1.157] clip_frac=0.0897 cfm_old=0.7256 cfm_new=0.7267 kl=0.000076 grad=0.1460 grad_c=0.1500 lr=0.000506 critic_lr=0.000585
[TRAIN] mean_reward=1.63061 mean_len=39.06 recent_eps=100 completed_eps=5404545
[UPDATE_EFFECT] action_delta=0.00782186 param_rms_delta=0.00027796
[TIME] collect=4.886s update=5.808s
[DONE] timeout=0.00000 anchor_pos=0.00012 anchor_ori=0.00232 ee_body=0.56689
[DONE_ROLLOUT] timeout=0.00000 anchor_pos=0.00001 anchor_ori=0.00010 ee_body=0.02413
[FIRST_FAILURE] step_mean=11.29 step_min=0 step_max=23 phase_mean=126.46 phase_min=15 phase_max=324 anchor_pos=0.00012 anchor_ori=0.00232 ee_body=0.56689 timeout=0.00000
[TRACK_CHUNK0] anchor_pos=0.69630 anchor_ori=0.73606 body_pos=0.82850 body_ori=0.45783 body_lin=0.54768 body_ang=0.40258
[TRACK_ROLLOUT] anchor_pos=0.69299 anchor_ori=0.73397 body_pos=0.82802 body_ori=0.45899 body_lin=0.54953 body_ang=0.40416
[TRAIN_COST] action_rate=5.44331 joint_limit=0.00421 undesired_contacts=2.07971
[REWARD_WEIGHTED] pos=0.05908 penalty=-0.01591 total=0.04317 act_rate=-0.01088 contacts=-0.00415
[ACT_GREEDY] abs_mean=0.8789 abs_p95=2.5131 abs_p99=3.1510 abs_max=4.8092 legs=0.9114 waist=0.7395 arms=0.8809
[ACT_ROLLOUT] abs_mean=0.8942 abs_p95=2.4760 abs_p99=3.1829 abs_max=8.1886 abs_max_all=8.1886
[SAMPLER] top_bin=0 top_prob=0.469 peak_bin=0 failed_sum=376.5567 entropy=0.8160
[TRAIN_BODY] torso_ori=10.53deg l_wrist_ori=18.39deg r_wrist_ori=23.67deg l_elbow_ori=15.38deg r_elbow_ori=20.47deg l_shoulder_ori=14.78deg r_shoulder_ori=26.46deg
[TRAIN_ANG] torso=2.003 l_wrist=3.626 r_wrist=4.187 l_elbow=3.155 r_elbow=3.643 l_shoulder=2.636 r_shoulder=3.121
[TRAIN_ACT] l_wrist_r=0.5034 l_wrist_p=1.1285 l_wrist_y=0.9420 r_wrist_r=0.5655 r_wrist_p=0.8711 r_wrist_y=0.7286 l_elbow=0.6075 r_elbow=0.7003
[UPDATE] 295/500 reward_step=0.04325 done_frac=0.02449 mean_reward=1.75998 mean_len=41.10
[FPO++] actor_loss=-0.00247 value_loss=0.01214 ratio=0.9986 [0.883,1.098] clip_frac=0.1296 cfm_old=0.7263 cfm_new=0.7277 kl=0.000086 grad=0.2135 grad_c=0.2423 lr=0.000506 critic_lr=0.000585
[TRAIN] mean_reward=1.75998 mean_len=41.10 recent_eps=100 completed_eps=5409360
[UPDATE_EFFECT] action_delta=0.00809055 param_rms_delta=0.00027496
[TIME] collect=4.790s update=5.817s
[DONE] timeout=0.00000 anchor_pos=0.00000 anchor_ori=0.00293 ee_body=0.57263
[DONE_ROLLOUT] timeout=0.00000 anchor_pos=0.00000 anchor_ori=0.00012 ee_body=0.02440
[FIRST_FAILURE] step_mean=11.35 step_min=0 step_max=23 phase_mean=127.02 phase_min=18 phase_max=324 anchor_pos=0.00000 anchor_ori=0.00293 ee_body=0.57251 timeout=0.00000
[TRACK_CHUNK0] anchor_pos=0.69215 anchor_ori=0.73110 body_pos=0.82661 body_ori=0.45766 body_lin=0.54952 body_ang=0.40364
[TRACK_ROLLOUT] anchor_pos=0.69473 anchor_ori=0.73359 body_pos=0.82796 body_ori=0.45986 body_lin=0.55116 body_ang=0.40582
[TRAIN_COST] action_rate=5.48981 joint_limit=0.00471 undesired_contacts=2.07971
[REWARD_WEIGHTED] pos=0.05918 penalty=-0.01593 total=0.04325 act_rate=-0.01085 contacts=-0.00417
[ACT_GREEDY] abs_mean=0.8796 abs_p95=2.5169 abs_p99=3.1539 abs_max=4.8997 legs=0.9155 waist=0.7357 arms=0.8798
[ACT_ROLLOUT] abs_mean=0.8943 abs_p95=2.4810 abs_p99=3.1924 abs_max=7.1844 abs_max_all=7.1844
[SAMPLER] top_bin=0 top_prob=0.468 peak_bin=0 failed_sum=372.3828 entropy=0.8168
[TRAIN_BODY] torso_ori=10.70deg l_wrist_ori=18.32deg r_wrist_ori=24.06deg l_elbow_ori=15.42deg r_elbow_ori=20.91deg l_shoulder_ori=14.94deg r_shoulder_ori=26.86deg
[TRAIN_ANG] torso=1.986 l_wrist=3.608 r_wrist=4.242 l_elbow=3.120 r_elbow=3.681 l_shoulder=2.646 r_shoulder=3.113
[TRAIN_ACT] l_wrist_r=0.5056 l_wrist_p=1.1484 l_wrist_y=0.9183 r_wrist_r=0.5571 r_wrist_p=0.8835 r_wrist_y=0.7078 l_elbow=0.5973 r_elbow=0.6919
[UPDATE] 296/500 reward_step=0.04314 done_frac=0.02383 mean_reward=1.81019 mean_len=41.86
[FPO++] actor_loss=0.00121 value_loss=0.01250 ratio=0.9984 [0.872,1.129] clip_frac=0.1389 cfm_old=0.7303 cfm_new=0.7319 kl=0.000093 grad=0.2155 grad_c=0.1906 lr=0.000506 critic_lr=0.000585
[TRAIN] mean_reward=1.81019 mean_len=41.86 recent_eps=100 completed_eps=5414045
[UPDATE_EFFECT] action_delta=0.00776990 param_rms_delta=0.00027795
[TIME] collect=4.748s update=5.817s
[DONE] timeout=0.00000 anchor_pos=0.00012 anchor_ori=0.00244 ee_body=0.55750
[DONE_ROLLOUT] timeout=0.00000 anchor_pos=0.00001 anchor_ori=0.00010 ee_body=0.02375
[FIRST_FAILURE] step_mean=11.46 step_min=0 step_max=23 phase_mean=126.53 phase_min=17 phase_max=324 anchor_pos=0.00012 anchor_ori=0.00244 ee_body=0.55725 timeout=0.00000
[TRACK_CHUNK0] anchor_pos=0.69626 anchor_ori=0.74280 body_pos=0.83130 body_ori=0.46310 body_lin=0.55402 body_ang=0.40851
[TRACK_ROLLOUT] anchor_pos=0.68946 anchor_ori=0.73902 body_pos=0.82794 body_ori=0.45658 body_lin=0.54881 body_ang=0.40474
[TRAIN_COST] action_rate=5.45514 joint_limit=0.00445 undesired_contacts=2.10815
[REWARD_WEIGHTED] pos=0.05905 penalty=-0.01591 total=0.04314 act_rate=-0.01089 contacts=-0.00416
[ACT_GREEDY] abs_mean=0.8770 abs_p95=2.5137 abs_p99=3.1587 abs_max=5.2630 legs=0.9147 waist=0.7314 arms=0.8758
[ACT_ROLLOUT] abs_mean=0.8970 abs_p95=2.4888 abs_p99=3.2026 abs_max=8.2524 abs_max_all=8.2524
[SAMPLER] top_bin=0 top_prob=0.467 peak_bin=0 failed_sum=368.1802 entropy=0.8176
[TRAIN_BODY] torso_ori=10.33deg l_wrist_ori=18.22deg r_wrist_ori=23.49deg l_elbow_ori=15.49deg r_elbow_ori=20.18deg l_shoulder_ori=14.74deg r_shoulder_ori=26.21deg
[TRAIN_ANG] torso=1.952 l_wrist=3.585 r_wrist=4.118 l_elbow=3.087 r_elbow=3.581 l_shoulder=2.599 r_shoulder=3.073
[TRAIN_ACT] l_wrist_r=0.5035 l_wrist_p=1.1392 l_wrist_y=0.9409 r_wrist_r=0.5690 r_wrist_p=0.8697 r_wrist_y=0.6924 l_elbow=0.5937 r_elbow=0.6849
[UPDATE] 297/500 reward_step=0.04350 done_frac=0.02314 mean_reward=1.78311 mean_len=41.50
[FPO++] actor_loss=0.00009 value_loss=0.01309 ratio=0.9982 [0.919,1.066] clip_frac=0.1261 cfm_old=0.7252 cfm_new=0.7269 kl=0.000099 grad=0.1703 grad_c=0.1674 lr=0.000506 critic_lr=0.000585
[TRAIN] mean_reward=1.78311 mean_len=41.50 recent_eps=100 completed_eps=5418595
[UPDATE_EFFECT] action_delta=0.00769078 param_rms_delta=0.00027530
[TIME] collect=4.794s update=5.806s
[DONE] timeout=0.00000 anchor_pos=0.00012 anchor_ori=0.00171 ee_body=0.54382
[DONE_ROLLOUT] timeout=0.00000 anchor_pos=0.00001 anchor_ori=0.00007 ee_body=0.02308
[FIRST_FAILURE] step_mean=11.27 step_min=0 step_max=23 phase_mean=128.18 phase_min=17 phase_max=324 anchor_pos=0.00012 anchor_ori=0.00171 ee_body=0.54382 timeout=0.00000
[TRACK_CHUNK0] anchor_pos=0.69069 anchor_ori=0.73642 body_pos=0.82827 body_ori=0.45765 body_lin=0.55071 body_ang=0.40617
[TRACK_ROLLOUT] anchor_pos=0.68942 anchor_ori=0.73852 body_pos=0.82904 body_ori=0.45929 body_lin=0.55289 body_ang=0.40883
[TRAIN_COST] action_rate=5.45042 joint_limit=0.00446 undesired_contacts=2.04871
[REWARD_WEIGHTED] pos=0.05928 penalty=-0.01578 total=0.04350 act_rate=-0.01081 contacts=-0.00411
[ACT_GREEDY] abs_mean=0.8793 abs_p95=2.5179 abs_p99=3.1693 abs_max=5.4770 legs=0.9126 waist=0.7317 arms=0.8823
[ACT_ROLLOUT] abs_mean=0.8953 abs_p95=2.4853 abs_p99=3.1959 abs_max=6.4956 abs_max_all=6.4956
[SAMPLER] top_bin=0 top_prob=0.466 peak_bin=0 failed_sum=363.9426 entropy=0.8184
[TRAIN_BODY] torso_ori=10.48deg l_wrist_ori=18.31deg r_wrist_ori=23.97deg l_elbow_ori=15.57deg r_elbow_ori=20.62deg l_shoulder_ori=14.78deg r_shoulder_ori=26.49deg
[TRAIN_ANG] torso=1.962 l_wrist=3.599 r_wrist=4.180 l_elbow=3.119 r_elbow=3.622 l_shoulder=2.620 r_shoulder=3.078
[TRAIN_ACT] l_wrist_r=0.4998 l_wrist_p=1.1743 l_wrist_y=0.9645 r_wrist_r=0.5689 r_wrist_p=0.8654 r_wrist_y=0.7078 l_elbow=0.5988 r_elbow=0.6795
[UPDATE] 298/500 reward_step=0.04340 done_frac=0.02343 mean_reward=1.72952 mean_len=41.46
[FPO++] actor_loss=-0.00079 value_loss=0.01357 ratio=0.9982 [0.885,1.084] clip_frac=0.1607 cfm_old=0.7246 cfm_new=0.7265 kl=0.000118 grad=0.2361 grad_c=0.3608 lr=0.000337 critic_lr=0.000390
[TRAIN] mean_reward=1.72952 mean_len=41.46 recent_eps=100 completed_eps=5423201
[UPDATE_EFFECT] action_delta=0.00710770 param_rms_delta=0.00020610
[TIME] collect=4.861s update=5.815s
[DONE] timeout=0.00000 anchor_pos=0.00000 anchor_ori=0.00305 ee_body=0.54749
[DONE_ROLLOUT] timeout=0.00000 anchor_pos=0.00000 anchor_ori=0.00013 ee_body=0.02331
[FIRST_FAILURE] step_mean=11.25 step_min=0 step_max=23 phase_mean=127.93 phase_min=17 phase_max=324 anchor_pos=0.00000 anchor_ori=0.00305 ee_body=0.54749 timeout=0.00000
[TRACK_CHUNK0] anchor_pos=0.68321 anchor_ori=0.73726 body_pos=0.82574 body_ori=0.45537 body_lin=0.54995 body_ang=0.40707
[TRACK_ROLLOUT] anchor_pos=0.68416 anchor_ori=0.73854 body_pos=0.82812 body_ori=0.45703 body_lin=0.54918 body_ang=0.40739
[TRAIN_COST] action_rate=5.34756 joint_limit=0.00439 undesired_contacts=2.04077
[REWARD_WEIGHTED] pos=0.05906 penalty=-0.01566 total=0.04340 act_rate=-0.01081 contacts=-0.00401
[ACT_GREEDY] abs_mean=0.8807 abs_p95=2.5128 abs_p99=3.1544 abs_max=5.3050 legs=0.9115 waist=0.7409 arms=0.8842
[ACT_ROLLOUT] abs_mean=0.8948 abs_p95=2.4788 abs_p99=3.1915 abs_max=8.2803 abs_max_all=8.2803
[SAMPLER] top_bin=0 top_prob=0.465 peak_bin=0 failed_sum=359.8610 entropy=0.8192
[TRAIN_BODY] torso_ori=10.49deg l_wrist_ori=18.47deg r_wrist_ori=24.27deg l_elbow_ori=15.65deg r_elbow_ori=20.69deg l_shoulder_ori=14.75deg r_shoulder_ori=26.41deg
[TRAIN_ANG] torso=1.956 l_wrist=3.606 r_wrist=4.171 l_elbow=3.123 r_elbow=3.601 l_shoulder=2.614 r_shoulder=3.063
[TRAIN_ACT] l_wrist_r=0.5069 l_wrist_p=1.1628 l_wrist_y=0.9401 r_wrist_r=0.5776 r_wrist_p=0.8784 r_wrist_y=0.7066 l_elbow=0.6043 r_elbow=0.6809
[UPDATE] 299/500 reward_step=0.04358 done_frac=0.02305 mean_reward=1.79066 mean_len=41.35
[FPO++] actor_loss=0.00072 value_loss=0.01307 ratio=0.9983 [0.857,1.124] clip_frac=0.1779 cfm_old=0.7217 cfm_new=0.7235 kl=0.000159 grad=0.2580 grad_c=0.1608 lr=0.000067 critic_lr=0.000077
[TRAIN] mean_reward=1.79066 mean_len=41.35 recent_eps=100 completed_eps=5427732
[UPDATE_EFFECT] action_delta=0.00901864 param_rms_delta=0.00017179
[TIME] collect=4.867s update=5.818s
[DONE] timeout=0.00000 anchor_pos=0.00037 anchor_ori=0.00098 ee_body=0.54431
[DONE_ROLLOUT] timeout=0.00000 anchor_pos=0.00002 anchor_ori=0.00004 ee_body=0.02301
[FIRST_FAILURE] step_mean=11.34 step_min=0 step_max=23 phase_mean=128.69 phase_min=15 phase_max=324 anchor_pos=0.00037 anchor_ori=0.00098 ee_body=0.54419 timeout=0.00000
[TRACK_CHUNK0] anchor_pos=0.68285 anchor_ori=0.73989 body_pos=0.82922 body_ori=0.45780 body_lin=0.54863 body_ang=0.40811
[TRACK_ROLLOUT] anchor_pos=0.68358 anchor_ori=0.73825 body_pos=0.82904 body_ori=0.45938 body_lin=0.54851 body_ang=0.40904
[TRAIN_COST] action_rate=5.46951 joint_limit=0.00429 undesired_contacts=1.96375
[REWARD_WEIGHTED] pos=0.05914 penalty=-0.01556 total=0.04358 act_rate=-0.01080 contacts=-0.00394
[ACT_GREEDY] abs_mean=0.8705 abs_p95=2.4859 abs_p99=3.1247 abs_max=6.2629 legs=0.8952 waist=0.7341 arms=0.8785
[ACT_ROLLOUT] abs_mean=0.8922 abs_p95=2.4791 abs_p99=3.2018 abs_max=7.5178 abs_max_all=7.5178
[SAMPLER] top_bin=0 top_prob=0.464 peak_bin=0 failed_sum=355.8022 entropy=0.8201
[TRAIN_BODY] torso_ori=10.39deg l_wrist_ori=18.53deg r_wrist_ori=23.71deg l_elbow_ori=15.59deg r_elbow_ori=20.40deg l_shoulder_ori=14.97deg r_shoulder_ori=25.88deg
[TRAIN_ANG] torso=1.948 l_wrist=3.581 r_wrist=4.132 l_elbow=3.109 r_elbow=3.564 l_shoulder=2.602 r_shoulder=3.058
[TRAIN_ACT] l_wrist_r=0.4998 l_wrist_p=1.1872 l_wrist_y=0.9631 r_wrist_r=0.5690 r_wrist_p=0.8633 r_wrist_y=0.7072 l_elbow=0.5963 r_elbow=0.6653
[UPDATE] 300/500 reward_step=0.04365 done_frac=0.02267 mean_reward=1.94750 mean_len=44.39
[FPO++] actor_loss=-0.00068 value_loss=0.01354 ratio=0.9987 [0.921,1.070] clip_frac=0.0893 cfm_old=0.7219 cfm_new=0.7231 kl=0.000063 grad=0.1605 grad_c=0.0956 lr=0.000225 critic_lr=0.000260
[TRAIN] mean_reward=1.94750 mean_len=44.39 recent_eps=100 completed_eps=5432190
[UPDATE_EFFECT] action_delta=0.00581109 param_rms_delta=0.00014464
[TIME] collect=4.908s update=5.813s
[DONE] timeout=0.00000 anchor_pos=0.00000 anchor_ori=0.00256 ee_body=0.53271
[DONE_ROLLOUT] timeout=0.00000 anchor_pos=0.00000 anchor_ori=0.00011 ee_body=0.02258
[FIRST_FAILURE] step_mean=11.41 step_min=0 step_max=23 phase_mean=132.17 phase_min=16 phase_max=324 anchor_pos=0.00000 anchor_ori=0.00256 ee_body=0.53271 timeout=0.00000
[TRACK_CHUNK0] anchor_pos=0.68445 anchor_ori=0.73593 body_pos=0.82931 body_ori=0.45982 body_lin=0.55084 body_ang=0.41232
[TRACK_ROLLOUT] anchor_pos=0.68124 anchor_ori=0.73571 body_pos=0.82795 body_ori=0.46075 body_lin=0.55312 body_ang=0.41271
[TRAIN_COST] action_rate=5.30817 joint_limit=0.00410 undesired_contacts=1.98438
[REWARD_WEIGHTED] pos=0.05926 penalty=-0.01561 total=0.04365 act_rate=-0.01073 contacts=-0.00401
[ACT_GREEDY] abs_mean=0.8712 abs_p95=2.4937 abs_p99=3.1421 abs_max=5.1309 legs=0.9003 waist=0.7269 arms=0.8773
[ACT_ROLLOUT] abs_mean=0.8907 abs_p95=2.4706 abs_p99=3.1885 abs_max=7.3258 abs_max_all=7.3258
[SAMPLER] top_bin=0 top_prob=0.462 peak_bin=0 failed_sum=351.7679 entropy=0.8211
[TRAIN_BODY] torso_ori=10.55deg l_wrist_ori=18.48deg r_wrist_ori=23.33deg l_elbow_ori=15.57deg r_elbow_ori=20.06deg l_shoulder_ori=14.85deg r_shoulder_ori=25.71deg
[TRAIN_ANG] torso=1.973 l_wrist=3.583 r_wrist=4.105 l_elbow=3.108 r_elbow=3.544 l_shoulder=2.621 r_shoulder=3.036
[TRAIN_ACT] l_wrist_r=0.4940 l_wrist_p=1.1701 l_wrist_y=0.9529 r_wrist_r=0.5672 r_wrist_p=0.8559 r_wrist_y=0.7135 l_elbow=0.6022 r_elbow=0.6733
[CHECKPOINT] saved /home/y/my_mimic_mixgrpo/my_mimic_mixgrpo_h1/runs/fpo_largebox_500_fresh_v2/checkpoints/update_0300.pt
[UPDATE] 301/500 reward_step=0.04386 done_frac=0.02260 mean_reward=1.91639 mean_len=43.54
[FPO++] actor_loss=-0.00231 value_loss=0.01304 ratio=0.9989 [0.885,1.082] clip_frac=0.1196 cfm_old=0.7200 cfm_new=0.7212 kl=0.000095 grad=0.1962 grad_c=0.0919 lr=0.000506 critic_lr=0.000585
[TRAIN] mean_reward=1.91639 mean_len=43.54 recent_eps=100 completed_eps=5436633
[UPDATE_EFFECT] action_delta=0.01237457 param_rms_delta=0.00022935
[TIME] collect=4.764s update=5.810s
[DONE] timeout=0.00000 anchor_pos=0.00000 anchor_ori=0.00232 ee_body=0.53064
[DONE_ROLLOUT] timeout=0.00000 anchor_pos=0.00000 anchor_ori=0.00010 ee_body=0.02252
[FIRST_FAILURE] step_mean=11.44 step_min=0 step_max=23 phase_mean=125.89 phase_min=18 phase_max=323 anchor_pos=0.00000 anchor_ori=0.00232 ee_body=0.53064 timeout=0.00000
[TRACK_CHUNK0] anchor_pos=0.68101 anchor_ori=0.73930 body_pos=0.82923 body_ori=0.46270 body_lin=0.55814 body_ang=0.41417
[TRACK_ROLLOUT] anchor_pos=0.67978 anchor_ori=0.73708 body_pos=0.82747 body_ori=0.46112 body_lin=0.55489 body_ang=0.41479
[TRAIN_COST] action_rate=5.37592 joint_limit=0.00413 undesired_contacts=2.02600
[REWARD_WEIGHTED] pos=0.05933 penalty=-0.01548 total=0.04386 act_rate=-0.01064 contacts=-0.00401
[ACT_GREEDY] abs_mean=0.8631 abs_p95=2.4639 abs_p99=3.0959 abs_max=6.9484 legs=0.8905 waist=0.7260 arms=0.8690
[ACT_ROLLOUT] abs_mean=0.8885 abs_p95=2.4629 abs_p99=3.1853 abs_max=9.4180 abs_max_all=9.4180
[SAMPLER] top_bin=0 top_prob=0.461 peak_bin=0 failed_sum=347.8148 entropy=0.8218
[TRAIN_BODY] torso_ori=10.40deg l_wrist_ori=18.45deg r_wrist_ori=23.06deg l_elbow_ori=15.22deg r_elbow_ori=19.81deg l_shoulder_ori=14.71deg r_shoulder_ori=25.57deg
[TRAIN_ANG] torso=1.929 l_wrist=3.551 r_wrist=4.048 l_elbow=3.064 r_elbow=3.515 l_shoulder=2.578 r_shoulder=3.029
[TRAIN_ACT] l_wrist_r=0.5005 l_wrist_p=1.1450 l_wrist_y=0.9474 r_wrist_r=0.5585 r_wrist_p=0.8684 r_wrist_y=0.7066 l_elbow=0.6013 r_elbow=0.6609
[UPDATE] 302/500 reward_step=0.04439 done_frac=0.02240 mean_reward=2.03347 mean_len=45.31
[FPO++] actor_loss=0.00191 value_loss=0.01419 ratio=0.9981 [0.816,1.151] clip_frac=0.1934 cfm_old=0.7160 cfm_new=0.7180 kl=0.000171 grad=0.3235 grad_c=0.1135 lr=0.000150 critic_lr=0.000173
[TRAIN] mean_reward=2.03347 mean_len=45.31 recent_eps=100 completed_eps=5441038
[UPDATE_EFFECT] action_delta=0.00684935 param_rms_delta=0.00010721
[TIME] collect=4.756s update=5.812s
[DONE] timeout=0.00000 anchor_pos=0.00000 anchor_ori=0.00281 ee_body=0.52600
[DONE_ROLLOUT] timeout=0.00000 anchor_pos=0.00000 anchor_ori=0.00012 ee_body=0.02231
[FIRST_FAILURE] step_mean=11.20 step_min=0 step_max=23 phase_mean=128.11 phase_min=18 phase_max=324 anchor_pos=0.00000 anchor_ori=0.00281 ee_body=0.52600 timeout=0.00000
[TRACK_CHUNK0] anchor_pos=0.68363 anchor_ori=0.73823 body_pos=0.82882 body_ori=0.46315 body_lin=0.55459 body_ang=0.41351
[TRACK_ROLLOUT] anchor_pos=0.68566 anchor_ori=0.74386 body_pos=0.83057 body_ori=0.46607 body_lin=0.55734 body_ang=0.41681
[TRAIN_COST] action_rate=5.27909 joint_limit=0.00413 undesired_contacts=1.98303
[REWARD_WEIGHTED] pos=0.05971 penalty=-0.01533 total=0.04439 act_rate=-0.01057 contacts=-0.00395
[ACT_GREEDY] abs_mean=0.8597 abs_p95=2.4487 abs_p99=3.0898 abs_max=5.0351 legs=0.8817 waist=0.7323 arms=0.8682
[ACT_ROLLOUT] abs_mean=0.8801 abs_p95=2.4402 abs_p99=3.1450 abs_max=8.3733 abs_max_all=8.3733
[SAMPLER] top_bin=0 top_prob=0.460 peak_bin=0 failed_sum=343.9167 entropy=0.8226
[TRAIN_BODY] torso_ori=10.47deg l_wrist_ori=18.25deg r_wrist_ori=23.27deg l_elbow_ori=15.51deg r_elbow_ori=20.25deg l_shoulder_ori=14.98deg r_shoulder_ori=25.88deg
[TRAIN_ANG] torso=1.959 l_wrist=3.585 r_wrist=4.095 l_elbow=3.104 r_elbow=3.540 l_shoulder=2.608 r_shoulder=3.024
[TRAIN_ACT] l_wrist_r=0.4933 l_wrist_p=1.1628 l_wrist_y=0.9580 r_wrist_r=0.5579 r_wrist_p=0.8528 r_wrist_y=0.7104 l_elbow=0.6069 r_elbow=0.6670
[UPDATE] 303/500 reward_step=0.04451 done_frac=0.02259 mean_reward=1.99006 mean_len=44.51
[FPO++] actor_loss=0.00074 value_loss=0.01384 ratio=0.9989 [0.896,1.087] clip_frac=0.1510 cfm_old=0.7162 cfm_new=0.7173 kl=0.000097 grad=0.2216 grad_c=0.2215 lr=0.000506 critic_lr=0.000585
[TRAIN] mean_reward=1.99006 mean_len=44.51 recent_eps=100 completed_eps=5445479
[UPDATE_EFFECT] action_delta=0.00756790 param_rms_delta=0.00027008
[TIME] collect=4.835s update=5.813s
[DONE] timeout=0.00000 anchor_pos=0.00049 anchor_ori=0.00244 ee_body=0.52734
[DONE_ROLLOUT] timeout=0.00000 anchor_pos=0.00002 anchor_ori=0.00010 ee_body=0.02248
[FIRST_FAILURE] step_mean=11.25 step_min=0 step_max=23 phase_mean=129.67 phase_min=14 phase_max=324 anchor_pos=0.00049 anchor_ori=0.00244 ee_body=0.52722 timeout=0.00000
[TRACK_CHUNK0] anchor_pos=0.68148 anchor_ori=0.74235 body_pos=0.82762 body_ori=0.46346 body_lin=0.55596 body_ang=0.41875
[TRACK_ROLLOUT] anchor_pos=0.68392 anchor_ori=0.74640 body_pos=0.82855 body_ori=0.46588 body_lin=0.55739 body_ang=0.41837
[TRAIN_COST] action_rate=5.21332 joint_limit=0.00397 undesired_contacts=1.96851
[REWARD_WEIGHTED] pos=0.05971 penalty=-0.01520 total=0.04451 act_rate=-0.01047 contacts=-0.00395
[ACT_GREEDY] abs_mean=0.8580 abs_p95=2.4436 abs_p99=3.0777 abs_max=7.8416 legs=0.8773 waist=0.7301 arms=0.8689
[ACT_ROLLOUT] abs_mean=0.8769 abs_p95=2.4291 abs_p99=3.1297 abs_max=7.3326 abs_max_all=7.3326
[SAMPLER] top_bin=0 top_prob=0.459 peak_bin=0 failed_sum=340.1471 entropy=0.8235
[TRAIN_BODY] torso_ori=10.35deg l_wrist_ori=18.38deg r_wrist_ori=23.27deg l_elbow_ori=15.32deg r_elbow_ori=20.31deg l_shoulder_ori=14.73deg r_shoulder_ori=25.66deg
[TRAIN_ANG] torso=1.937 l_wrist=3.518 r_wrist=4.073 l_elbow=3.057 r_elbow=3.510 l_shoulder=2.581 r_shoulder=2.981
[TRAIN_ACT] l_wrist_r=0.5118 l_wrist_p=1.1867 l_wrist_y=0.9562 r_wrist_r=0.5600 r_wrist_p=0.8504 r_wrist_y=0.7215 l_elbow=0.6049 r_elbow=0.6541
[UPDATE] 304/500 reward_step=0.04449 done_frac=0.02249 mean_reward=1.87006 mean_len=42.46
[FPO++] actor_loss=-0.00010 value_loss=0.01420 ratio=0.9989 [0.861,1.099] clip_frac=0.1550 cfm_old=0.7178 cfm_new=0.7189 kl=0.000121 grad=0.2373 grad_c=0.2275 lr=0.000506 critic_lr=0.000585
[TRAIN] mean_reward=1.87006 mean_len=42.46 recent_eps=100 completed_eps=5449901
[UPDATE_EFFECT] action_delta=0.00825250 param_rms_delta=0.00028155
[TIME] collect=4.818s update=5.809s
[DONE] timeout=0.00000 anchor_pos=0.00000 anchor_ori=0.00122 ee_body=0.53040
[DONE_ROLLOUT] timeout=0.00000 anchor_pos=0.00000 anchor_ori=0.00005 ee_body=0.02245
[FIRST_FAILURE] step_mean=11.46 step_min=0 step_max=23 phase_mean=130.27 phase_min=15 phase_max=324 anchor_pos=0.00000 anchor_ori=0.00122 ee_body=0.53040 timeout=0.00000
[TRACK_CHUNK0] anchor_pos=0.68431 anchor_ori=0.75011 body_pos=0.82920 body_ori=0.46600 body_lin=0.55698 body_ang=0.41777
[TRACK_ROLLOUT] anchor_pos=0.68117 anchor_ori=0.74788 body_pos=0.82713 body_ori=0.46526 body_lin=0.55583 body_ang=0.41791
[TRAIN_COST] action_rate=5.22133 joint_limit=0.00391 undesired_contacts=1.94763
[REWARD_WEIGHTED] pos=0.05961 penalty=-0.01513 total=0.04449 act_rate=-0.01048 contacts=-0.00387
[ACT_GREEDY] abs_mean=0.8548 abs_p95=2.4448 abs_p99=3.0714 abs_max=4.9609 legs=0.8731 waist=0.7249 arms=0.8670
[ACT_ROLLOUT] abs_mean=0.8751 abs_p95=2.4288 abs_p99=3.1276 abs_max=7.2886 abs_max_all=7.2886
[SAMPLER] top_bin=0 top_prob=0.458 peak_bin=0 failed_sum=336.4487 entropy=0.8244
[TRAIN_BODY] torso_ori=10.09deg l_wrist_ori=18.30deg r_wrist_ori=23.41deg l_elbow_ori=15.40deg r_elbow_ori=20.23deg l_shoulder_ori=14.65deg r_shoulder_ori=25.77deg
[TRAIN_ANG] torso=1.926 l_wrist=3.509 r_wrist=4.055 l_elbow=3.041 r_elbow=3.517 l_shoulder=2.563 r_shoulder=2.998
[TRAIN_ACT] l_wrist_r=0.4985 l_wrist_p=1.1758 l_wrist_y=0.9533 r_wrist_r=0.5508 r_wrist_p=0.8521 r_wrist_y=0.7190 l_elbow=0.5981 r_elbow=0.6587
[UPDATE] 305/500 reward_step=0.04466 done_frac=0.02229 mean_reward=2.06187 mean_len=46.14
[FPO++] actor_loss=-0.00010 value_loss=0.01360 ratio=0.9983 [0.909,1.101] clip_frac=0.1534 cfm_old=0.7167 cfm_new=0.7184 kl=0.000131 grad=0.2440 grad_c=0.1019 lr=0.000225 critic_lr=0.000260
[TRAIN] mean_reward=2.06187 mean_len=46.14 recent_eps=100 completed_eps=5454284
[UPDATE_EFFECT] action_delta=0.00897191 param_rms_delta=0.00014976
[TIME] collect=4.836s update=5.814s
[DONE] timeout=0.00000 anchor_pos=0.00000 anchor_ori=0.00195 ee_body=0.52429
[DONE_ROLLOUT] timeout=0.00000 anchor_pos=0.00000 anchor_ori=0.00008 ee_body=0.02223
[FIRST_FAILURE] step_mean=11.32 step_min=0 step_max=23 phase_mean=129.98 phase_min=15 phase_max=324 anchor_pos=0.00000 anchor_ori=0.00195 ee_body=0.52429 timeout=0.00000
[TRACK_CHUNK0] anchor_pos=0.68379 anchor_ori=0.74945 body_pos=0.82812 body_ori=0.46790 body_lin=0.55535 body_ang=0.42145
[TRACK_ROLLOUT] anchor_pos=0.68255 anchor_ori=0.74952 body_pos=0.82841 body_ori=0.46583 body_lin=0.55585 body_ang=0.41991
[TRAIN_COST] action_rate=5.22492 joint_limit=0.00366 undesired_contacts=1.95178
[REWARD_WEIGHTED] pos=0.05972 penalty=-0.01506 total=0.04466 act_rate=-0.01042 contacts=-0.00389
[ACT_GREEDY] abs_mean=0.8595 abs_p95=2.4622 abs_p99=3.0953 abs_max=4.9848 legs=0.8772 waist=0.7348 arms=0.8711
[ACT_ROLLOUT] abs_mean=0.8756 abs_p95=2.4355 abs_p99=3.1387 abs_max=8.3285 abs_max_all=8.3285
[SAMPLER] top_bin=0 top_prob=0.456 peak_bin=0 failed_sum=332.7992 entropy=0.8253
[TRAIN_BODY] torso_ori=10.13deg l_wrist_ori=17.93deg r_wrist_ori=23.27deg l_elbow_ori=15.26deg r_elbow_ori=19.90deg l_shoulder_ori=14.65deg r_shoulder_ori=25.57deg
[TRAIN_ANG] torso=1.944 l_wrist=3.537 r_wrist=4.033 l_elbow=3.059 r_elbow=3.483 l_shoulder=2.576 r_shoulder=2.981
[TRAIN_ACT] l_wrist_r=0.4843 l_wrist_p=1.2012 l_wrist_y=0.9555 r_wrist_r=0.5313 r_wrist_p=0.8412 r_wrist_y=0.7257 l_elbow=0.5982 r_elbow=0.6620
[UPDATE] 306/500 reward_step=0.04460 done_frac=0.02176 mean_reward=1.99468 mean_len=45.03
[FPO++] actor_loss=-0.00084 value_loss=0.01502 ratio=0.9985 [0.903,1.081] clip_frac=0.1309 cfm_old=0.7174 cfm_new=0.7189 kl=0.000092 grad=0.2003 grad_c=0.2174 lr=0.000506 critic_lr=0.000585
[TRAIN] mean_reward=1.99468 mean_len=45.03 recent_eps=100 completed_eps=5458562
[UPDATE_EFFECT] action_delta=0.00795562 param_rms_delta=0.00026797
[TIME] collect=4.962s update=5.817s
[DONE] timeout=0.00000 anchor_pos=0.00012 anchor_ori=0.00159 ee_body=0.51221
[DONE_ROLLOUT] timeout=0.00000 anchor_pos=0.00001 anchor_ori=0.00007 ee_body=0.02170
[FIRST_FAILURE] step_mean=11.22 step_min=0 step_max=23 phase_mean=128.23 phase_min=16 phase_max=324 anchor_pos=0.00012 anchor_ori=0.00159 ee_body=0.51221 timeout=0.00000
[TRACK_CHUNK0] anchor_pos=0.67837 anchor_ori=0.74860 body_pos=0.82819 body_ori=0.46486 body_lin=0.55492 body_ang=0.41771
[TRACK_ROLLOUT] anchor_pos=0.67748 anchor_ori=0.74572 body_pos=0.82883 body_ori=0.46672 body_lin=0.55668 body_ang=0.42166
[TRAIN_COST] action_rate=5.28552 joint_limit=0.00373 undesired_contacts=1.96790
[REWARD_WEIGHTED] pos=0.05971 penalty=-0.01511 total=0.04460 act_rate=-0.01045 contacts=-0.00387
[ACT_GREEDY] abs_mean=0.8608 abs_p95=2.4746 abs_p99=3.1134 abs_max=5.5385 legs=0.8788 waist=0.7331 arms=0.8727
[ACT_ROLLOUT] abs_mean=0.8786 abs_p95=2.4558 abs_p99=3.1625 abs_max=7.9914 abs_max_all=7.9914
[SAMPLER] top_bin=0 top_prob=0.455 peak_bin=0 failed_sum=329.1319 entropy=0.8261
[TRAIN_BODY] torso_ori=10.11deg l_wrist_ori=18.10deg r_wrist_ori=23.72deg l_elbow_ori=15.29deg r_elbow_ori=20.53deg l_shoulder_ori=14.67deg r_shoulder_ori=26.10deg
[TRAIN_ANG] torso=1.930 l_wrist=3.537 r_wrist=4.084 l_elbow=3.066 r_elbow=3.536 l_shoulder=2.584 r_shoulder=2.997
[TRAIN_ACT] l_wrist_r=0.4898 l_wrist_p=1.2148 l_wrist_y=0.9481 r_wrist_r=0.5418 r_wrist_p=0.8480 r_wrist_y=0.7189 l_elbow=0.5931 r_elbow=0.6593
[UPDATE] 307/500 reward_step=0.04441 done_frac=0.02180 mean_reward=2.01683 mean_len=45.88
[FPO++] actor_loss=0.00092 value_loss=0.01416 ratio=0.9979 [0.659,1.460] clip_frac=0.2017 cfm_old=0.7225 cfm_new=0.7247 kl=0.000134 grad=0.4132 grad_c=0.1181 lr=0.000150 critic_lr=0.000173
[TRAIN] mean_reward=2.01683 mean_len=45.88 recent_eps=100 completed_eps=5462849
[UPDATE_EFFECT] action_delta=0.00659573 param_rms_delta=0.00017098
[TIME] collect=4.942s update=5.813s
[DONE] timeout=0.00000 anchor_pos=0.00000 anchor_ori=0.00244 ee_body=0.51477
[DONE_ROLLOUT] timeout=0.00000 anchor_pos=0.00000 anchor_ori=0.00010 ee_body=0.02173
[FIRST_FAILURE] step_mean=11.25 step_min=0 step_max=23 phase_mean=130.74 phase_min=17 phase_max=324 anchor_pos=0.00000 anchor_ori=0.00244 ee_body=0.51477 timeout=0.00000
[TRACK_CHUNK0] anchor_pos=0.67071 anchor_ori=0.74169 body_pos=0.82612 body_ori=0.46314 body_lin=0.55592 body_ang=0.42204
[TRACK_ROLLOUT] anchor_pos=0.67124 anchor_ori=0.74296 body_pos=0.82959 body_ori=0.46547 body_lin=0.55663 body_ang=0.42161
[TRAIN_COST] action_rate=5.23328 joint_limit=0.00385 undesired_contacts=1.91821
[REWARD_WEIGHTED] pos=0.05961 penalty=-0.01520 total=0.04441 act_rate=-0.01053 contacts=-0.00387
[ACT_GREEDY] abs_mean=0.8626 abs_p95=2.4888 abs_p99=3.1254 abs_max=4.7555 legs=0.8815 waist=0.7359 arms=0.8735
[ACT_ROLLOUT] abs_mean=0.8796 abs_p95=2.4576 abs_p99=3.1651 abs_max=8.6404 abs_max_all=8.6404
[SAMPLER] top_bin=0 top_prob=0.454 peak_bin=0 failed_sum=325.5605 entropy=0.8270
[TRAIN_BODY] torso_ori=10.38deg l_wrist_ori=17.89deg r_wrist_ori=23.43deg l_elbow_ori=15.37deg r_elbow_ori=20.30deg l_shoulder_ori=15.01deg r_shoulder_ori=25.72deg
[TRAIN_ANG] torso=1.920 l_wrist=3.510 r_wrist=4.066 l_elbow=3.057 r_elbow=3.532 l_shoulder=2.581 r_shoulder=2.980
[TRAIN_ACT] l_wrist_r=0.4860 l_wrist_p=1.2145 l_wrist_y=0.9254 r_wrist_r=0.5346 r_wrist_p=0.8451 r_wrist_y=0.7113 l_elbow=0.5916 r_elbow=0.6656
[UPDATE] 308/500 reward_step=0.04425 done_frac=0.02121 mean_reward=2.05074 mean_len=46.70
[FPO++] actor_loss=-0.00251 value_loss=0.01544 ratio=0.9983 [0.867,1.138] clip_frac=0.1283 cfm_old=0.7263 cfm_new=0.7280 kl=0.000092 grad=0.1813 grad_c=0.2650 lr=0.000506 critic_lr=0.000585
[TRAIN] mean_reward=2.05074 mean_len=46.70 recent_eps=100 completed_eps=5467020
[UPDATE_EFFECT] action_delta=0.00911504 param_rms_delta=0.00027101
[TIME] collect=4.726s update=5.811s
[DONE] timeout=0.00000 anchor_pos=0.00000 anchor_ori=0.00256 ee_body=0.50134
[DONE_ROLLOUT] timeout=0.00000 anchor_pos=0.00000 anchor_ori=0.00011 ee_body=0.02113
[FIRST_FAILURE] step_mean=11.47 step_min=0 step_max=23 phase_mean=130.74 phase_min=18 phase_max=324 anchor_pos=0.00000 anchor_ori=0.00256 ee_body=0.50134 timeout=0.00000
[TRACK_CHUNK0] anchor_pos=0.66773 anchor_ori=0.74517 body_pos=0.83101 body_ori=0.46479 body_lin=0.55473 body_ang=0.42156
[TRACK_ROLLOUT] anchor_pos=0.66427 anchor_ori=0.74217 body_pos=0.82894 body_ori=0.46285 body_lin=0.55584 body_ang=0.42228
[TRAIN_COST] action_rate=5.32591 joint_limit=0.00408 undesired_contacts=1.92969
[REWARD_WEIGHTED] pos=0.05946 penalty=-0.01521 total=0.04425 act_rate=-0.01055 contacts=-0.00383
[ACT_GREEDY] abs_mean=0.8606 abs_p95=2.4833 abs_p99=3.1158 abs_max=5.3953 legs=0.8754 waist=0.7361 arms=0.8746
[ACT_ROLLOUT] abs_mean=0.8822 abs_p95=2.4693 abs_p99=3.1789 abs_max=6.9162 abs_max_all=6.9162
[SAMPLER] top_bin=0 top_prob=0.453 peak_bin=0 failed_sum=321.9600 entropy=0.8278
[TRAIN_BODY] torso_ori=10.21deg l_wrist_ori=17.73deg r_wrist_ori=23.24deg l_elbow_ori=15.34deg r_elbow_ori=19.95deg l_shoulder_ori=14.70deg r_shoulder_ori=25.54deg
[TRAIN_ANG] torso=1.918 l_wrist=3.497 r_wrist=4.031 l_elbow=3.043 r_elbow=3.472 l_shoulder=2.562 r_shoulder=2.972
[TRAIN_ACT] l_wrist_r=0.4819 l_wrist_p=1.2054 l_wrist_y=0.9476 r_wrist_r=0.5277 r_wrist_p=0.8328 r_wrist_y=0.7394 l_elbow=0.5979 r_elbow=0.6616
[UPDATE] 309/500 reward_step=0.04465 done_frac=0.02065 mean_reward=2.16998 mean_len=48.04
[FPO++] actor_loss=0.00052 value_loss=0.01729 ratio=0.9979 [0.488,1.433] clip_frac=0.1948 cfm_old=0.7203 cfm_new=0.7224 kl=0.000133 grad=0.3052 grad_c=0.6674 lr=0.000337 critic_lr=0.000390
[TRAIN] mean_reward=2.16998 mean_len=48.04 recent_eps=100 completed_eps=5471079
[UPDATE_EFFECT] action_delta=0.00852768 param_rms_delta=0.00027670
[TIME] collect=4.858s update=5.803s
[DONE] timeout=0.00000 anchor_pos=0.00012 anchor_ori=0.00256 ee_body=0.48706
[DONE_ROLLOUT] timeout=0.00000 anchor_pos=0.00001 anchor_ori=0.00011 ee_body=0.02055
[FIRST_FAILURE] step_mean=11.14 step_min=0 step_max=23 phase_mean=132.32 phase_min=18 phase_max=324 anchor_pos=0.00012 anchor_ori=0.00256 ee_body=0.48706 timeout=0.00000
[TRACK_CHUNK0] anchor_pos=0.66218 anchor_ori=0.74446 body_pos=0.82940 body_ori=0.46261 body_lin=0.55617 body_ang=0.42466
[TRACK_ROLLOUT] anchor_pos=0.66266 anchor_ori=0.74814 body_pos=0.83103 body_ori=0.46432 body_lin=0.55907 body_ang=0.42560
[TRAIN_COST] action_rate=5.24961 joint_limit=0.00421 undesired_contacts=1.91858
[REWARD_WEIGHTED] pos=0.05971 penalty=-0.01505 total=0.04465 act_rate=-0.01046 contacts=-0.00381
[ACT_GREEDY] abs_mean=0.8625 abs_p95=2.4914 abs_p99=3.1242 abs_max=5.6281 legs=0.8735 waist=0.7337 arms=0.8807
[ACT_ROLLOUT] abs_mean=0.8813 abs_p95=2.4686 abs_p99=3.1801 abs_max=9.2925 abs_max_all=9.2925
[SAMPLER] top_bin=0 top_prob=0.452 peak_bin=0 failed_sum=318.3329 entropy=0.8286
[TRAIN_BODY] torso_ori=10.23deg l_wrist_ori=17.80deg r_wrist_ori=23.47deg l_elbow_ori=15.45deg r_elbow_ori=20.22deg l_shoulder_ori=14.88deg r_shoulder_ori=25.90deg
[TRAIN_ANG] torso=1.918 l_wrist=3.516 r_wrist=4.036 l_elbow=3.050 r_elbow=3.498 l_shoulder=2.582 r_shoulder=2.929
[TRAIN_ACT] l_wrist_r=0.4860 l_wrist_p=1.2292 l_wrist_y=0.9563 r_wrist_r=0.5270 r_wrist_p=0.8573 r_wrist_y=0.7458 l_elbow=0.6029 r_elbow=0.6666
[UPDATE] 310/500 reward_step=0.04451 done_frac=0.02130 mean_reward=2.26760 mean_len=50.28
[FPO++] actor_loss=0.00076 value_loss=0.01472 ratio=0.9985 [0.825,1.158] clip_frac=0.0731 cfm_old=0.7226 cfm_new=0.7241 kl=0.000069 grad=0.0905 grad_c=0.1147 lr=0.000337 critic_lr=0.000390
[TRAIN] mean_reward=2.26760 mean_len=50.28 recent_eps=100 completed_eps=5475266
[UPDATE_EFFECT] action_delta=0.00619316 param_rms_delta=0.00021868
[TIME] collect=4.802s update=5.817s
[DONE] timeout=0.00000 anchor_pos=0.00000 anchor_ori=0.00244 ee_body=0.50256
[DONE_ROLLOUT] timeout=0.00000 anchor_pos=0.00000 anchor_ori=0.00010 ee_body=0.02122
[FIRST_FAILURE] step_mean=11.33 step_min=0 step_max=23 phase_mean=132.68 phase_min=17 phase_max=324 anchor_pos=0.00000 anchor_ori=0.00244 ee_body=0.50256 timeout=0.00000
[TRACK_CHUNK0] anchor_pos=0.65388 anchor_ori=0.74734 body_pos=0.82746 body_ori=0.45770 body_lin=0.55243 body_ang=0.42450
[TRACK_ROLLOUT] anchor_pos=0.65714 anchor_ori=0.74496 body_pos=0.82993 body_ori=0.46345 body_lin=0.55719 body_ang=0.42503
[TRAIN_COST] action_rate=5.20570 joint_limit=0.00375 undesired_contacts=1.88574
[REWARD_WEIGHTED] pos=0.05953 penalty=-0.01502 total=0.04451 act_rate=-0.01050 contacts=-0.00376
[ACT_GREEDY] abs_mean=0.8595 abs_p95=2.4776 abs_p99=3.1072 abs_max=4.7315 legs=0.8635 waist=0.7294 arms=0.8840
[ACT_ROLLOUT] abs_mean=0.8811 abs_p95=2.4649 abs_p99=3.1770 abs_max=7.0773 abs_max_all=7.0773
[SAMPLER] top_bin=0 top_prob=0.450 peak_bin=0 failed_sum=314.9192 entropy=0.8296
[TRAIN_BODY] torso_ori=10.19deg l_wrist_ori=17.86deg r_wrist_ori=23.36deg l_elbow_ori=15.45deg r_elbow_ori=20.15deg l_shoulder_ori=14.94deg r_shoulder_ori=25.69deg
[TRAIN_ANG] torso=1.921 l_wrist=3.502 r_wrist=3.981 l_elbow=3.024 r_elbow=3.482 l_shoulder=2.567 r_shoulder=2.934
[TRAIN_ACT] l_wrist_r=0.4884 l_wrist_p=1.2626 l_wrist_y=0.9689 r_wrist_r=0.5334 r_wrist_p=0.8529 r_wrist_y=0.7655 l_elbow=0.6058 r_elbow=0.6623
[UPDATE] 311/500 reward_step=0.04477 done_frac=0.02081 mean_reward=2.24819 mean_len=50.79
[FPO++] actor_loss=0.00325 value_loss=0.01984 ratio=0.9978 [0.579,1.412] clip_frac=0.2950 cfm_old=0.7187 cfm_new=0.7212 kl=0.000209 grad=0.7061 grad_c=0.5741 lr=0.000044 critic_lr=0.000051
[TRAIN] mean_reward=2.24819 mean_len=50.79 recent_eps=100 completed_eps=5479357
[UPDATE_EFFECT] action_delta=0.00684600 param_rms_delta=0.00017468
[TIME] collect=4.809s update=5.811s
[DONE] timeout=0.00000 anchor_pos=0.00000 anchor_ori=0.00208 ee_body=0.49158
[DONE_ROLLOUT] timeout=0.00000 anchor_pos=0.00000 anchor_ori=0.00009 ee_body=0.02074
[FIRST_FAILURE] step_mean=11.50 step_min=0 step_max=23 phase_mean=132.45 phase_min=20 phase_max=322 anchor_pos=0.00000 anchor_ori=0.00208 ee_body=0.49158 timeout=0.00000
[TRACK_CHUNK0] anchor_pos=0.66327 anchor_ori=0.74732 body_pos=0.83297 body_ori=0.46750 body_lin=0.56149 body_ang=0.42567
[TRACK_ROLLOUT] anchor_pos=0.66107 anchor_ori=0.74601 body_pos=0.83107 body_ori=0.46509 body_lin=0.55911 body_ang=0.42618
[TRAIN_COST] action_rate=5.25778 joint_limit=0.00386 undesired_contacts=1.89062
[REWARD_WEIGHTED] pos=0.05970 penalty=-0.01493 total=0.04477 act_rate=-0.01041 contacts=-0.00374
[ACT_GREEDY] abs_mean=0.8602 abs_p95=2.4781 abs_p99=3.1152 abs_max=6.4068 legs=0.8669 waist=0.7342 arms=0.8815
[ACT_ROLLOUT] abs_mean=0.8815 abs_p95=2.4655 abs_p99=3.1762 abs_max=7.7378 abs_max_all=7.7378
[SAMPLER] top_bin=0 top_prob=0.449 peak_bin=0 failed_sum=311.4922 entropy=0.8305
[TRAIN_BODY] torso_ori=10.16deg l_wrist_ori=17.70deg r_wrist_ori=23.24deg l_elbow_ori=15.33deg r_elbow_ori=19.85deg l_shoulder_ori=14.63deg r_shoulder_ori=25.27deg
[TRAIN_ANG] torso=1.886 l_wrist=3.496 r_wrist=3.981 l_elbow=3.015 r_elbow=3.423 l_shoulder=2.549 r_shoulder=2.903
[TRAIN_ACT] l_wrist_r=0.4824 l_wrist_p=1.2707 l_wrist_y=0.9370 r_wrist_r=0.5294 r_wrist_p=0.8576 r_wrist_y=0.7711 l_elbow=0.6160 r_elbow=0.6566
[UPDATE] 312/500 reward_step=0.04512 done_frac=0.02057 mean_reward=2.16820 mean_len=47.81
[FPO++] actor_loss=-0.00068 value_loss=0.01828 ratio=0.9979 [0.912,1.087] clip_frac=0.1443 cfm_old=0.7101 cfm_new=0.7122 kl=0.000062 grad=0.2207 grad_c=0.3895 lr=0.000338 critic_lr=0.000390
[TRAIN] mean_reward=2.16820 mean_len=47.81 recent_eps=100 completed_eps=5483401
[UPDATE_EFFECT] action_delta=0.00580966 param_rms_delta=0.00017118
[TIME] collect=4.771s update=5.821s
[DONE] timeout=0.00000 anchor_pos=0.00000 anchor_ori=0.00195 ee_body=0.48340
[DONE_ROLLOUT] timeout=0.00000 anchor_pos=0.00000 anchor_ori=0.00008 ee_body=0.02049
[FIRST_FAILURE] step_mean=11.19 step_min=0 step_max=23 phase_mean=133.24 phase_min=16 phase_max=324 anchor_pos=0.00000 anchor_ori=0.00195 ee_body=0.48340 timeout=0.00000
[TRACK_CHUNK0] anchor_pos=0.66264 anchor_ori=0.74603 body_pos=0.83112 body_ori=0.46848 body_lin=0.56142 body_ang=0.42954
[TRACK_ROLLOUT] anchor_pos=0.66329 anchor_ori=0.74884 body_pos=0.83235 body_ori=0.46992 body_lin=0.56220 body_ang=0.42920
[TRAIN_COST] action_rate=5.13292 joint_limit=0.00396 undesired_contacts=1.86865
[REWARD_WEIGHTED] pos=0.05999 penalty=-0.01487 total=0.04512 act_rate=-0.01039 contacts=-0.00372
[ACT_GREEDY] abs_mean=0.8621 abs_p95=2.4782 abs_p99=3.1194 abs_max=5.8236 legs=0.8685 waist=0.7375 arms=0.8834
[ACT_ROLLOUT] abs_mean=0.8792 abs_p95=2.4540 abs_p99=3.1631 abs_max=7.2480 abs_max_all=7.2480
[SAMPLER] top_bin=0 top_prob=0.448 peak_bin=0 failed_sum=308.0991 entropy=0.8315
[TRAIN_BODY] torso_ori=10.22deg l_wrist_ori=17.76deg r_wrist_ori=23.13deg l_elbow_ori=15.27deg r_elbow_ori=19.55deg l_shoulder_ori=14.63deg r_shoulder_ori=24.89deg
[TRAIN_ANG] torso=1.909 l_wrist=3.473 r_wrist=3.966 l_elbow=3.010 r_elbow=3.420 l_shoulder=2.548 r_shoulder=2.909
[TRAIN_ACT] l_wrist_r=0.4761 l_wrist_p=1.3018 l_wrist_y=0.9355 r_wrist_r=0.5235 r_wrist_p=0.8447 r_wrist_y=0.7760 l_elbow=0.6150 r_elbow=0.6599
[UPDATE] 313/500 reward_step=0.04499 done_frac=0.02103 mean_reward=2.18281 mean_len=47.87
[FPO++] actor_loss=-0.00235 value_loss=0.01738 ratio=0.9984 [0.871,1.087] clip_frac=0.1591 cfm_old=0.7102 cfm_new=0.7118 kl=0.000102 grad=0.2089 grad_c=0.2204 lr=0.000337 critic_lr=0.000390
[TRAIN] mean_reward=2.18281 mean_len=47.87 recent_eps=100 completed_eps=5487536
[UPDATE_EFFECT] action_delta=0.00824259 param_rms_delta=0.00021321
[TIME] collect=4.706s update=5.812s
[DONE] timeout=0.00000 anchor_pos=0.00024 anchor_ori=0.00244 ee_body=0.49512
[DONE_ROLLOUT] timeout=0.00000 anchor_pos=0.00001 anchor_ori=0.00010 ee_body=0.02092
[FIRST_FAILURE] step_mean=11.44 step_min=0 step_max=23 phase_mean=135.08 phase_min=13 phase_max=323 anchor_pos=0.00024 anchor_ori=0.00244 ee_body=0.49512 timeout=0.00000
[TRACK_CHUNK0] anchor_pos=0.66000 anchor_ori=0.74936 body_pos=0.83117 body_ori=0.46627 body_lin=0.55873 body_ang=0.42870
[TRACK_ROLLOUT] anchor_pos=0.66053 anchor_ori=0.74779 body_pos=0.83139 body_ori=0.46954 body_lin=0.55840 body_ang=0.42751
[TRAIN_COST] action_rate=5.12291 joint_limit=0.00383 undesired_contacts=1.84180
[REWARD_WEIGHTED] pos=0.05982 penalty=-0.01483 total=0.04499 act_rate=-0.01041 contacts=-0.00366
[ACT_GREEDY] abs_mean=0.8592 abs_p95=2.4678 abs_p99=3.1137 abs_max=5.2039 legs=0.8658 waist=0.7339 arms=0.8803
[ACT_ROLLOUT] abs_mean=0.8763 abs_p95=2.4441 abs_p99=3.1513 abs_max=6.7938 abs_max_all=6.7938
[SAMPLER] top_bin=0 top_prob=0.446 peak_bin=0 failed_sum=304.8772 entropy=0.8325
[TRAIN_BODY] torso_ori=10.11deg l_wrist_ori=17.55deg r_wrist_ori=23.42deg l_elbow_ori=15.24deg r_elbow_ori=19.66deg l_shoulder_ori=14.69deg r_shoulder_ori=25.09deg
[TRAIN_ANG] torso=1.904 l_wrist=3.463 r_wrist=3.958 l_elbow=2.987 r_elbow=3.406 l_shoulder=2.546 r_shoulder=2.876
[TRAIN_ACT] l_wrist_r=0.4810 l_wrist_p=1.2844 l_wrist_y=0.9139 r_wrist_r=0.5267 r_wrist_p=0.8330 r_wrist_y=0.8108 l_elbow=0.6060 r_elbow=0.6579
[UPDATE] 314/500 reward_step=0.04535 done_frac=0.01986 mean_reward=1.96566 mean_len=44.95
[FPO++] actor_loss=-0.00127 value_loss=0.01760 ratio=0.9983 [0.929,1.046] clip_frac=0.1034 cfm_old=0.7056 cfm_new=0.7073 kl=0.000075 grad=0.1427 grad_c=0.2107 lr=0.000506 critic_lr=0.000585
[TRAIN] mean_reward=1.96566 mean_len=44.95 recent_eps=100 completed_eps=5491441
[UPDATE_EFFECT] action_delta=0.00767299 param_rms_delta=0.00024535
[TIME] collect=4.704s update=5.813s
[DONE] timeout=0.00000 anchor_pos=0.00000 anchor_ori=0.00293 ee_body=0.46912
[DONE_ROLLOUT] timeout=0.00000 anchor_pos=0.00000 anchor_ori=0.00012 ee_body=0.01978
[FIRST_FAILURE] step_mean=11.39 step_min=0 step_max=23 phase_mean=134.53 phase_min=15 phase_max=324 anchor_pos=0.00000 anchor_ori=0.00293 ee_body=0.46912 timeout=0.00000
[TRACK_CHUNK0] anchor_pos=0.66512 anchor_ori=0.74932 body_pos=0.83490 body_ori=0.47383 body_lin=0.56550 body_ang=0.43002
[TRACK_ROLLOUT] anchor_pos=0.66222 anchor_ori=0.74741 body_pos=0.83260 body_ori=0.47212 body_lin=0.56628 body_ang=0.43325
[TRAIN_COST] action_rate=5.20612 joint_limit=0.00380 undesired_contacts=1.85315
[REWARD_WEIGHTED] pos=0.06018 penalty=-0.01484 total=0.04535 act_rate=-0.01034 contacts=-0.00372
[ACT_GREEDY] abs_mean=0.8594 abs_p95=2.4680 abs_p99=3.1076 abs_max=4.8172 legs=0.8658 waist=0.7439 arms=0.8786
[ACT_ROLLOUT] abs_mean=0.8770 abs_p95=2.4514 abs_p99=3.1590 abs_max=7.2887 abs_max_all=7.2887
[SAMPLER] top_bin=0 top_prob=0.445 peak_bin=0 failed_sum=301.5042 entropy=0.8335
[TRAIN_BODY] torso_ori=10.13deg l_wrist_ori=17.42deg r_wrist_ori=23.02deg l_elbow_ori=15.13deg r_elbow_ori=19.22deg l_shoulder_ori=14.42deg r_shoulder_ori=24.24deg
[TRAIN_ANG] torso=1.901 l_wrist=3.471 r_wrist=3.978 l_elbow=2.997 r_elbow=3.398 l_shoulder=2.523 r_shoulder=2.899
[TRAIN_ACT] l_wrist_r=0.4715 l_wrist_p=1.2636 l_wrist_y=0.9166 r_wrist_r=0.5334 r_wrist_p=0.8175 r_wrist_y=0.7928 l_elbow=0.6159 r_elbow=0.6505
[UPDATE] 315/500 reward_step=0.04533 done_frac=0.02006 mean_reward=2.26904 mean_len=49.36
[FPO++] actor_loss=-0.00112 value_loss=0.01709 ratio=0.9983 [0.929,1.069] clip_frac=0.1179 cfm_old=0.7055 cfm_new=0.7072 kl=0.000115 grad=0.1765 grad_c=0.1780 lr=0.000337 critic_lr=0.000390
[TRAIN] mean_reward=2.26904 mean_len=49.36 recent_eps=100 completed_eps=5495385
[UPDATE_EFFECT] action_delta=0.00718412 param_rms_delta=0.00020870
[TIME] collect=4.667s update=5.815s
[DONE] timeout=0.00000 anchor_pos=0.00000 anchor_ori=0.00305 ee_body=0.47363
[DONE_ROLLOUT] timeout=0.00000 anchor_pos=0.00000 anchor_ori=0.00013 ee_body=0.01994
[FIRST_FAILURE] step_mean=11.28 step_min=0 step_max=23 phase_mean=134.07 phase_min=15 phase_max=324 anchor_pos=0.00000 anchor_ori=0.00305 ee_body=0.47351 timeout=0.00000
[TRACK_CHUNK0] anchor_pos=0.65854 anchor_ori=0.74524 body_pos=0.83074 body_ori=0.46849 body_lin=0.56233 body_ang=0.43152
[TRACK_ROLLOUT] anchor_pos=0.65828 anchor_ori=0.74772 body_pos=0.83331 body_ori=0.47122 body_lin=0.56365 body_ang=0.43274
[TRAIN_COST] action_rate=5.19596 joint_limit=0.00382 undesired_contacts=1.85901
[REWARD_WEIGHTED] pos=0.06008 penalty=-0.01475 total=0.04533 act_rate=-0.01030 contacts=-0.00368
[ACT_GREEDY] abs_mean=0.8575 abs_p95=2.4624 abs_p99=3.1120 abs_max=7.0745 legs=0.8648 waist=0.7428 arms=0.8757
[ACT_ROLLOUT] abs_mean=0.8759 abs_p95=2.4426 abs_p99=3.1516 abs_max=7.6082 abs_max_all=7.6082
[SAMPLER] top_bin=0 top_prob=0.444 peak_bin=0 failed_sum=298.2492 entropy=0.8344
[TRAIN_BODY] torso_ori=10.29deg l_wrist_ori=17.60deg r_wrist_ori=23.54deg l_elbow_ori=15.31deg r_elbow_ori=19.52deg l_shoulder_ori=14.48deg r_shoulder_ori=24.59deg
[TRAIN_ANG] torso=1.914 l_wrist=3.478 r_wrist=3.967 l_elbow=3.009 r_elbow=3.412 l_shoulder=2.541 r_shoulder=2.906
[TRAIN_ACT] l_wrist_r=0.4797 l_wrist_p=1.2720 l_wrist_y=0.8905 r_wrist_r=0.5557 r_wrist_p=0.8267 r_wrist_y=0.7664 l_elbow=0.6144 r_elbow=0.6613
[UPDATE] 316/500 reward_step=0.04544 done_frac=0.01997 mean_reward=2.27408 mean_len=50.19
[FPO++] actor_loss=0.00180 value_loss=0.01796 ratio=0.9979 [0.928,1.078] clip_frac=0.1397 cfm_old=0.7049 cfm_new=0.7070 kl=0.000123 grad=0.1947 grad_c=0.1557 lr=0.000337 critic_lr=0.000390
[TRAIN] mean_reward=2.27408 mean_len=50.19 recent_eps=100 completed_eps=5499311
[UPDATE_EFFECT] action_delta=0.00826544 param_rms_delta=0.00021115
[TIME] collect=4.724s update=5.822s
[DONE] timeout=0.00000 anchor_pos=0.00024 anchor_ori=0.00183 ee_body=0.47119
[DONE_ROLLOUT] timeout=0.00000 anchor_pos=0.00001 anchor_ori=0.00008 ee_body=0.01989
[FIRST_FAILURE] step_mean=11.25 step_min=0 step_max=23 phase_mean=134.99 phase_min=17 phase_max=324 anchor_pos=0.00024 anchor_ori=0.00183 ee_body=0.47119 timeout=0.00000
[TRACK_CHUNK0] anchor_pos=0.65566 anchor_ori=0.74679 body_pos=0.83333 body_ori=0.47052 body_lin=0.56003 body_ang=0.42770
[TRACK_ROLLOUT] anchor_pos=0.65644 anchor_ori=0.74917 body_pos=0.83368 body_ori=0.47076 body_lin=0.56215 body_ang=0.43290
[TRAIN_COST] action_rate=5.15058 joint_limit=0.00373 undesired_contacts=1.81445
[REWARD_WEIGHTED] pos=0.06005 penalty=-0.01460 total=0.04544 act_rate=-0.01025 contacts=-0.00362
[ACT_GREEDY] abs_mean=0.8572 abs_p95=2.4527 abs_p99=3.0907 abs_max=6.6034 legs=0.8602 waist=0.7425 arms=0.8793
[ACT_ROLLOUT] abs_mean=0.8746 abs_p95=2.4392 abs_p99=3.1511 abs_max=8.0356 abs_max_all=8.0356
[SAMPLER] top_bin=0 top_prob=0.442 peak_bin=0 failed_sum=295.0537 entropy=0.8353
[TRAIN_BODY] torso_ori=10.24deg l_wrist_ori=17.55deg r_wrist_ori=23.19deg l_elbow_ori=15.13deg r_elbow_ori=19.00deg l_shoulder_ori=14.49deg r_shoulder_ori=24.09deg
[TRAIN_ANG] torso=1.908 l_wrist=3.475 r_wrist=3.946 l_elbow=2.989 r_elbow=3.396 l_shoulder=2.531 r_shoulder=2.891
[TRAIN_ACT] l_wrist_r=0.4703 l_wrist_p=1.2847 l_wrist_y=0.9065 r_wrist_r=0.5482 r_wrist_p=0.8393 r_wrist_y=0.7777 l_elbow=0.6249 r_elbow=0.6434
[UPDATE] 317/500 reward_step=0.04549 done_frac=0.02027 mean_reward=2.39492 mean_len=52.05
[FPO++] actor_loss=-0.00207 value_loss=0.01842 ratio=0.9978 [0.855,1.115] clip_frac=0.2090 cfm_old=0.7057 cfm_new=0.7079 kl=0.000179 grad=0.3100 grad_c=0.3321 lr=0.000100 critic_lr=0.000116
[TRAIN] mean_reward=2.39492 mean_len=52.05 recent_eps=100 completed_eps=5503297
[UPDATE_EFFECT] action_delta=0.01198267 param_rms_delta=0.00016035
[TIME] collect=4.839s update=5.816s
[DONE] timeout=0.00000 anchor_pos=0.00024 anchor_ori=0.00232 ee_body=0.47913
[DONE_ROLLOUT] timeout=0.00000 anchor_pos=0.00001 anchor_ori=0.00010 ee_body=0.02020
[FIRST_FAILURE] step_mean=11.46 step_min=0 step_max=23 phase_mean=137.03 phase_min=19 phase_max=324 anchor_pos=0.00024 anchor_ori=0.00232 ee_body=0.47900 timeout=0.00000
[TRACK_CHUNK0] anchor_pos=0.65415 anchor_ori=0.74911 body_pos=0.83292 body_ori=0.46877 body_lin=0.56124 body_ang=0.43296
[TRACK_ROLLOUT] anchor_pos=0.65393 anchor_ori=0.74952 body_pos=0.83209 body_ori=0.46976 body_lin=0.56206 body_ang=0.43408
[TRAIN_COST] action_rate=5.08143 joint_limit=0.00383 undesired_contacts=1.78369
[REWARD_WEIGHTED] pos=0.05999 penalty=-0.01450 total=0.04549 act_rate=-0.01019 contacts=-0.00355
[ACT_GREEDY] abs_mean=0.8524 abs_p95=2.4431 abs_p99=3.0842 abs_max=4.8677 legs=0.8531 waist=0.7320 arms=0.8776
[ACT_ROLLOUT] abs_mean=0.8747 abs_p95=2.4441 abs_p99=3.1585 abs_max=7.5568 abs_max_all=7.5568
[SAMPLER] top_bin=0 top_prob=0.441 peak_bin=0 failed_sum=291.9941 entropy=0.8364
[TRAIN_BODY] torso_ori=10.12deg l_wrist_ori=17.55deg r_wrist_ori=23.40deg l_elbow_ori=14.91deg r_elbow_ori=19.19deg l_shoulder_ori=14.39deg r_shoulder_ori=24.20deg
[TRAIN_ANG] torso=1.890 l_wrist=3.454 r_wrist=3.900 l_elbow=2.973 r_elbow=3.367 l_shoulder=2.514 r_shoulder=2.869
[TRAIN_ACT] l_wrist_r=0.4735 l_wrist_p=1.3076 l_wrist_y=0.9175 r_wrist_r=0.5439 r_wrist_p=0.8252 r_wrist_y=0.7954 l_elbow=0.6111 r_elbow=0.6402
[UPDATE] 318/500 reward_step=0.04579 done_frac=0.01928 mean_reward=2.55171 mean_len=55.09
[FPO++] actor_loss=-0.00054 value_loss=0.01875 ratio=0.9982 [0.899,1.093] clip_frac=0.1898 cfm_old=0.7008 cfm_new=0.7027 kl=0.000160 grad=0.2606 grad_c=0.1751 lr=0.000150 critic_lr=0.000173
[TRAIN] mean_reward=2.55171 mean_len=55.09 recent_eps=100 completed_eps=5507087
[UPDATE_EFFECT] action_delta=0.01512505 param_rms_delta=0.00011504
[TIME] collect=4.873s update=5.815s
[DONE] timeout=0.00000 anchor_pos=0.00012 anchor_ori=0.00244 ee_body=0.45496
[DONE_ROLLOUT] timeout=0.00000 anchor_pos=0.00001 anchor_ori=0.00010 ee_body=0.01919
[FIRST_FAILURE] step_mean=11.41 step_min=0 step_max=23 phase_mean=135.89 phase_min=17 phase_max=324 anchor_pos=0.00012 anchor_ori=0.00244 ee_body=0.45496 timeout=0.00000
[TRACK_CHUNK0] anchor_pos=0.66147 anchor_ori=0.74925 body_pos=0.83495 body_ori=0.47282 body_lin=0.56834 body_ang=0.43817
[TRACK_ROLLOUT] anchor_pos=0.65700 anchor_ori=0.74952 body_pos=0.83422 body_ori=0.47227 body_lin=0.56410 body_ang=0.43647
[TRAIN_COST] action_rate=5.08235 joint_limit=0.00377 undesired_contacts=1.77393
[REWARD_WEIGHTED] pos=0.06021 penalty=-0.01441 total=0.04579 act_rate=-0.01012 contacts=-0.00355
[ACT_GREEDY] abs_mean=0.8505 abs_p95=2.4421 abs_p99=3.0876 abs_max=8.6756 legs=0.8533 waist=0.7325 arms=0.8733
[ACT_ROLLOUT] abs_mean=0.8714 abs_p95=2.4357 abs_p99=3.1526 abs_max=10.8386 abs_max_all=10.8386
[SAMPLER] top_bin=0 top_prob=0.439 peak_bin=0 failed_sum=288.8131 entropy=0.8374
[TRAIN_BODY] torso_ori=10.15deg l_wrist_ori=17.60deg r_wrist_ori=23.25deg l_elbow_ori=14.98deg r_elbow_ori=18.96deg l_shoulder_ori=14.50deg r_shoulder_ori=24.11deg
[TRAIN_ANG] torso=1.884 l_wrist=3.430 r_wrist=3.899 l_elbow=2.989 r_elbow=3.358 l_shoulder=2.516 r_shoulder=2.857
[TRAIN_ACT] l_wrist_r=0.4703 l_wrist_p=1.3123 l_wrist_y=0.9098 r_wrist_r=0.5420 r_wrist_p=0.8104 r_wrist_y=0.7924 l_elbow=0.6052 r_elbow=0.6460
[UPDATE] 319/500 reward_step=0.04586 done_frac=0.01995 mean_reward=2.20925 mean_len=48.29
[FPO++] actor_loss=-0.00224 value_loss=0.01942 ratio=0.9997 [0.922,1.082] clip_frac=0.1676 cfm_old=0.6980 cfm_new=0.6984 kl=0.000151 grad=0.2645 grad_c=0.1505 lr=0.000030 critic_lr=0.000034
[TRAIN] mean_reward=2.20925 mean_len=48.29 recent_eps=100 completed_eps=5511009
[UPDATE_EFFECT] action_delta=0.01081328 param_rms_delta=0.00005679
[TIME] collect=4.738s update=5.816s
[DONE] timeout=0.00000 anchor_pos=0.00012 anchor_ori=0.00317 ee_body=0.47034
[DONE_ROLLOUT] timeout=0.00000 anchor_pos=0.00001 anchor_ori=0.00013 ee_body=0.01984
[FIRST_FAILURE] step_mean=11.25 step_min=0 step_max=23 phase_mean=138.71 phase_min=20 phase_max=324 anchor_pos=0.00012 anchor_ori=0.00317 ee_body=0.47009 timeout=0.00000
[TRACK_CHUNK0] anchor_pos=0.65040 anchor_ori=0.74702 body_pos=0.83123 body_ori=0.47083 body_lin=0.55972 body_ang=0.43458
[TRACK_ROLLOUT] anchor_pos=0.65541 anchor_ori=0.75316 body_pos=0.83458 body_ori=0.47401 body_lin=0.56377 body_ang=0.43501
[TRAIN_COST] action_rate=5.06081 joint_limit=0.00377 undesired_contacts=1.76294
[REWARD_WEIGHTED] pos=0.06023 penalty=-0.01438 total=0.04586 act_rate=-0.01010 contacts=-0.00354
[ACT_GREEDY] abs_mean=0.8518 abs_p95=2.4395 abs_p99=3.0918 abs_max=5.0936 legs=0.8518 waist=0.7363 arms=0.8766
[ACT_ROLLOUT] abs_mean=0.8683 abs_p95=2.4159 abs_p99=3.1382 abs_max=7.3091 abs_max_all=7.3091
[SAMPLER] top_bin=0 top_prob=0.438 peak_bin=0 failed_sum=285.8376 entropy=0.8385
[TRAIN_BODY] torso_ori=10.20deg l_wrist_ori=17.81deg r_wrist_ori=23.18deg l_elbow_ori=15.25deg r_elbow_ori=18.99deg l_shoulder_ori=14.73deg r_shoulder_ori=23.96deg
[TRAIN_ANG] torso=1.921 l_wrist=3.462 r_wrist=3.898 l_elbow=2.957 r_elbow=3.390 l_shoulder=2.516 r_shoulder=2.884
[TRAIN_ACT] l_wrist_r=0.4659 l_wrist_p=1.2957 l_wrist_y=0.9057 r_wrist_r=0.5392 r_wrist_p=0.8217 r_wrist_y=0.7785 l_elbow=0.6257 r_elbow=0.6415
[UPDATE] 320/500 reward_step=0.04599 done_frac=0.02019 mean_reward=2.24740 mean_len=49.14
[FPO++] actor_loss=-0.00021 value_loss=0.01741 ratio=0.9986 [0.933,1.067] clip_frac=0.0847 cfm_old=0.7007 cfm_new=0.7021 kl=0.000090 grad=0.1660 grad_c=0.2032 lr=0.000225 critic_lr=0.000260
[TRAIN] mean_reward=2.24740 mean_len=49.14 recent_eps=100 completed_eps=5514978
[UPDATE_EFFECT] action_delta=0.00592117 param_rms_delta=0.00015951
[TIME] collect=4.704s update=5.815s
[DONE] timeout=0.00000 anchor_pos=0.00024 anchor_ori=0.00244 ee_body=0.47681
[DONE_ROLLOUT] timeout=0.00000 anchor_pos=0.00001 anchor_ori=0.00010 ee_body=0.02009
[FIRST_FAILURE] step_mean=11.45 step_min=0 step_max=23 phase_mean=137.00 phase_min=19 phase_max=324 anchor_pos=0.00024 anchor_ori=0.00244 ee_body=0.47681 timeout=0.00000
[TRACK_CHUNK0] anchor_pos=0.65837 anchor_ori=0.75536 body_pos=0.83320 body_ori=0.47111 body_lin=0.56371 body_ang=0.43758
[TRACK_ROLLOUT] anchor_pos=0.66277 anchor_ori=0.75267 body_pos=0.83262 body_ori=0.47320 body_lin=0.56319 body_ang=0.43583
[TRAIN_COST] action_rate=5.03943 joint_limit=0.00383 undesired_contacts=1.76782
[REWARD_WEIGHTED] pos=0.06025 penalty=-0.01426 total=0.04599 act_rate=-0.01003 contacts=-0.00349
[ACT_GREEDY] abs_mean=0.8564 abs_p95=2.4416 abs_p99=3.0901 abs_max=5.2015 legs=0.8575 waist=0.7383 arms=0.8807
[ACT_ROLLOUT] abs_mean=0.8725 abs_p95=2.4336 abs_p99=3.1475 abs_max=8.5193 abs_max_all=8.5193
[SAMPLER] top_bin=0 top_prob=0.436 peak_bin=0 failed_sum=282.9798 entropy=0.8395
[TRAIN_BODY] torso_ori=9.92deg l_wrist_ori=17.47deg r_wrist_ori=23.30deg l_elbow_ori=15.16deg r_elbow_ori=18.99deg l_shoulder_ori=14.31deg r_shoulder_ori=23.82deg
[TRAIN_ANG] torso=1.877 l_wrist=3.407 r_wrist=3.853 l_elbow=2.948 r_elbow=3.339 l_shoulder=2.496 r_shoulder=2.827
[TRAIN_ACT] l_wrist_r=0.4700 l_wrist_p=1.2936 l_wrist_y=0.9235 r_wrist_r=0.5486 r_wrist_p=0.8199 r_wrist_y=0.7816 l_elbow=0.6322 r_elbow=0.6405
[UPDATE] 321/500 reward_step=0.04607 done_frac=0.01973 mean_reward=2.23454 mean_len=48.86
[FPO++] actor_loss=-0.00167 value_loss=0.01778 ratio=0.9985 [0.924,1.084] clip_frac=0.1506 cfm_old=0.7002 cfm_new=0.7017 kl=0.000157 grad=0.2328 grad_c=0.2352 lr=0.000100 critic_lr=0.000116
[TRAIN] mean_reward=2.23454 mean_len=48.86 recent_eps=100 completed_eps=5518858
[UPDATE_EFFECT] action_delta=0.00996950 param_rms_delta=0.00014293
[TIME] collect=4.684s update=5.818s
[DONE] timeout=0.00000 anchor_pos=0.00012 anchor_ori=0.00256 ee_body=0.46680
[DONE_ROLLOUT] timeout=0.00000 anchor_pos=0.00001 anchor_ori=0.00011 ee_body=0.01964
[FIRST_FAILURE] step_mean=11.37 step_min=0 step_max=23 phase_mean=136.66 phase_min=17 phase_max=323 anchor_pos=0.00012 anchor_ori=0.00244 ee_body=0.46680 timeout=0.00000
[TRACK_CHUNK0] anchor_pos=0.67054 anchor_ori=0.75042 body_pos=0.83407 body_ori=0.47736 body_lin=0.56632 body_ang=0.43779
[TRACK_ROLLOUT] anchor_pos=0.66640 anchor_ori=0.74992 body_pos=0.83253 body_ori=0.47491 body_lin=0.56483 body_ang=0.43793
[TRAIN_COST] action_rate=5.07238 joint_limit=0.00371 undesired_contacts=1.74707
[REWARD_WEIGHTED] pos=0.06037 penalty=-0.01430 total=0.04607 act_rate=-0.01002 contacts=-0.00351
[ACT_GREEDY] abs_mean=0.8532 abs_p95=2.4437 abs_p99=3.1105 abs_max=6.0943 legs=0.8524 waist=0.7290 arms=0.8805
[ACT_ROLLOUT] abs_mean=0.8738 abs_p95=2.4375 abs_p99=3.1589 abs_max=8.4700 abs_max_all=8.4700
[SAMPLER] top_bin=0 top_prob=0.435 peak_bin=0 failed_sum=280.1015 entropy=0.8406
[TRAIN_BODY] torso_ori=10.05deg l_wrist_ori=17.36deg r_wrist_ori=22.55deg l_elbow_ori=14.62deg r_elbow_ori=18.49deg l_shoulder_ori=14.04deg r_shoulder_ori=23.32deg
[TRAIN_ANG] torso=1.880 l_wrist=3.391 r_wrist=3.813 l_elbow=2.919 r_elbow=3.281 l_shoulder=2.491 r_shoulder=2.804
[TRAIN_ACT] l_wrist_r=0.4614 l_wrist_p=1.3216 l_wrist_y=0.9416 r_wrist_r=0.5418 r_wrist_p=0.8163 r_wrist_y=0.8097 l_elbow=0.6264 r_elbow=0.6382
[UPDATE] 322/500 reward_step=0.04607 done_frac=0.02020 mean_reward=2.18758 mean_len=47.58
[FPO++] actor_loss=-0.00150 value_loss=0.01940 ratio=0.9993 [0.929,1.071] clip_frac=0.1177 cfm_old=0.6981 cfm_new=0.6987 kl=0.000136 grad=0.2231 grad_c=0.1274 lr=0.000100 critic_lr=0.000116
[TRAIN] mean_reward=2.18758 mean_len=47.58 recent_eps=100 completed_eps=5522829
[UPDATE_EFFECT] action_delta=0.00613767 param_rms_delta=0.00011539
[TIME] collect=4.750s update=5.813s
[DONE] timeout=0.00000 anchor_pos=0.00012 anchor_ori=0.00195 ee_body=0.47717
[DONE_ROLLOUT] timeout=0.00000 anchor_pos=0.00001 anchor_ori=0.00008 ee_body=0.02014
[FIRST_FAILURE] step_mean=11.23 step_min=0 step_max=23 phase_mean=138.42 phase_min=19 phase_max=324 anchor_pos=0.00012 anchor_ori=0.00195 ee_body=0.47717 timeout=0.00000
[TRACK_CHUNK0] anchor_pos=0.66118 anchor_ori=0.74873 body_pos=0.83014 body_ori=0.47068 body_lin=0.56314 body_ang=0.43743
[TRACK_ROLLOUT] anchor_pos=0.66435 anchor_ori=0.75109 body_pos=0.83300 body_ori=0.47416 body_lin=0.56446 body_ang=0.43662
[TRAIN_COST] action_rate=4.93940 joint_limit=0.00396 undesired_contacts=1.78406
[REWARD_WEIGHTED] pos=0.06032 penalty=-0.01425 total=0.04607 act_rate=-0.00999 contacts=-0.00351
[ACT_GREEDY] abs_mean=0.8555 abs_p95=2.4420 abs_p99=3.1045 abs_max=5.2415 legs=0.8562 waist=0.7342 arms=0.8810
[ACT_ROLLOUT] abs_mean=0.8710 abs_p95=2.4252 abs_p99=3.1500 abs_max=7.3605 abs_max_all=7.3605
[SAMPLER] top_bin=0 top_prob=0.433 peak_bin=1 failed_sum=277.3809 entropy=0.8417
[TRAIN_BODY] torso_ori=10.07deg l_wrist_ori=17.46deg r_wrist_ori=23.12deg l_elbow_ori=14.90deg r_elbow_ori=18.86deg l_shoulder_ori=14.29deg r_shoulder_ori=23.96deg
[TRAIN_ANG] torso=1.880 l_wrist=3.401 r_wrist=3.833 l_elbow=2.943 r_elbow=3.307 l_shoulder=2.508 r_shoulder=2.827
[TRAIN_ACT] l_wrist_r=0.4630 l_wrist_p=1.3213 l_wrist_y=0.9248 r_wrist_r=0.5587 r_wrist_p=0.8364 r_wrist_y=0.7867 l_elbow=0.6255 r_elbow=0.6408
[UPDATE] 323/500 reward_step=0.04633 done_frac=0.01947 mean_reward=2.38105 mean_len=51.30
[FPO++] actor_loss=-0.00220 value_loss=0.01938 ratio=0.9994 [0.919,1.075] clip_frac=0.1068 cfm_old=0.6960 cfm_new=0.6966 kl=0.000123 grad=0.2077 grad_c=0.0961 lr=0.000150 critic_lr=0.000173
[TRAIN] mean_reward=2.38105 mean_len=51.30 recent_eps=100 completed_eps=5526656
[UPDATE_EFFECT] action_delta=0.00623259 param_rms_delta=0.00014553
[TIME] collect=4.735s update=5.810s
[DONE] timeout=0.00000 anchor_pos=0.00024 anchor_ori=0.00183 ee_body=0.46130
[DONE_ROLLOUT] timeout=0.00000 anchor_pos=0.00001 anchor_ori=0.00008 ee_body=0.01939
[FIRST_FAILURE] step_mean=11.33 step_min=0 step_max=23 phase_mean=137.71 phase_min=18 phase_max=324 anchor_pos=0.00024 anchor_ori=0.00183 ee_body=0.46130 timeout=0.00000
[TRACK_CHUNK0] anchor_pos=0.66595 anchor_ori=0.75375 body_pos=0.83479 body_ori=0.47631 body_lin=0.56335 body_ang=0.43708
[TRACK_ROLLOUT] anchor_pos=0.66671 anchor_ori=0.75193 body_pos=0.83523 body_ori=0.47770 body_lin=0.56543 body_ang=0.43880
[TRAIN_COST] action_rate=4.97166 joint_limit=0.00378 undesired_contacts=1.72412
[REWARD_WEIGHTED] pos=0.06053 penalty=-0.01420 total=0.04633 act_rate=-0.01000 contacts=-0.00348
[ACT_GREEDY] abs_mean=0.8522 abs_p95=2.4338 abs_p99=3.0918 abs_max=4.9252 legs=0.8513 waist=0.7296 arms=0.8792
[ACT_ROLLOUT] abs_mean=0.8721 abs_p95=2.4295 abs_p99=3.1462 abs_max=7.0519 abs_max_all=7.0519
[SAMPLER] top_bin=0 top_prob=0.431 peak_bin=1 failed_sum=274.5829 entropy=0.8428
[TRAIN_BODY] torso_ori=9.97deg l_wrist_ori=17.30deg r_wrist_ori=23.00deg l_elbow_ori=14.80deg r_elbow_ori=18.76deg l_shoulder_ori=14.17deg r_shoulder_ori=23.46deg
[TRAIN_ANG] torso=1.880 l_wrist=3.403 r_wrist=3.840 l_elbow=2.923 r_elbow=3.307 l_shoulder=2.503 r_shoulder=2.820
[TRAIN_ACT] l_wrist_r=0.4639 l_wrist_p=1.3164 l_wrist_y=0.9445 r_wrist_r=0.5468 r_wrist_p=0.8256 r_wrist_y=0.7842 l_elbow=0.6204 r_elbow=0.6298
[UPDATE] 324/500 reward_step=0.04599 done_frac=0.01962 mean_reward=2.44453 mean_len=51.91
[FPO++] actor_loss=-0.00191 value_loss=0.01923 ratio=0.9996 [0.941,1.063] clip_frac=0.0865 cfm_old=0.6967 cfm_new=0.6972 kl=0.000094 grad=0.1769 grad_c=0.1019 lr=0.000225 critic_lr=0.000260
[TRAIN] mean_reward=2.44453 mean_len=51.91 recent_eps=100 completed_eps=5530514
[UPDATE_EFFECT] action_delta=0.00991293 param_rms_delta=0.00016226
[TIME] collect=4.762s update=5.816s
[DONE] timeout=0.00000 anchor_pos=0.00012 anchor_ori=0.00244 ee_body=0.46301
[DONE_ROLLOUT] timeout=0.00000 anchor_pos=0.00001 anchor_ori=0.00010 ee_body=0.01953
[FIRST_FAILURE] step_mean=11.43 step_min=0 step_max=23 phase_mean=139.97 phase_min=17 phase_max=324 anchor_pos=0.00012 anchor_ori=0.00244 ee_body=0.46289 timeout=0.00000
[TRACK_CHUNK0] anchor_pos=0.66275 anchor_ori=0.75003 body_pos=0.83387 body_ori=0.47437 body_lin=0.56425 body_ang=0.43673
[TRACK_ROLLOUT] anchor_pos=0.65793 anchor_ori=0.74977 body_pos=0.83291 body_ori=0.47246 body_lin=0.56295 body_ang=0.43913
[TRAIN_COST] action_rate=4.99369 joint_limit=0.00350 undesired_contacts=1.72546
[REWARD_WEIGHTED] pos=0.06023 penalty=-0.01424 total=0.04599 act_rate=-0.01001 contacts=-0.00346
[ACT_GREEDY] abs_mean=0.8532 abs_p95=2.4230 abs_p99=3.0934 abs_max=5.0593 legs=0.8488 waist=0.7320 arms=0.8830
[ACT_ROLLOUT] abs_mean=0.8709 abs_p95=2.4258 abs_p99=3.1549 abs_max=7.0966 abs_max_all=7.0966
[SAMPLER] top_bin=0 top_prob=0.430 peak_bin=1 failed_sum=271.8823 entropy=0.8439
[TRAIN_BODY] torso_ori=10.01deg l_wrist_ori=17.38deg r_wrist_ori=22.85deg l_elbow_ori=14.89deg r_elbow_ori=18.68deg l_shoulder_ori=14.20deg r_shoulder_ori=23.54deg
[TRAIN_ANG] torso=1.880 l_wrist=3.420 r_wrist=3.857 l_elbow=2.949 r_elbow=3.342 l_shoulder=2.492 r_shoulder=2.838
[TRAIN_ACT] l_wrist_r=0.4549 l_wrist_p=1.3430 l_wrist_y=0.9633 r_wrist_r=0.5373 r_wrist_p=0.8285 r_wrist_y=0.7930 l_elbow=0.6308 r_elbow=0.6363
[UPDATE] 325/500 reward_step=0.04608 done_frac=0.01958 mean_reward=2.11192 mean_len=46.80
[FPO++] actor_loss=0.00205 value_loss=0.02211 ratio=0.9999 [0.125,2.259] clip_frac=0.2096 cfm_old=0.6929 cfm_new=0.6931 kl=0.000458 grad=0.2208 grad_c=0.4175 lr=0.000010 critic_lr=0.000010
[TRAIN] mean_reward=2.11192 mean_len=46.80 recent_eps=100 completed_eps=5534364
[UPDATE_EFFECT] action_delta=0.01125440 param_rms_delta=0.00033111
[TIME] collect=4.679s update=5.810s
[DONE] timeout=0.00000 anchor_pos=0.00024 anchor_ori=0.00208 ee_body=0.46277
[DONE_ROLLOUT] timeout=0.00000 anchor_pos=0.00001 anchor_ori=0.00009 ee_body=0.01950
[FIRST_FAILURE] step_mean=11.35 step_min=0 step_max=23 phase_mean=137.93 phase_min=17 phase_max=323 anchor_pos=0.00024 anchor_ori=0.00208 ee_body=0.46277 timeout=0.00000
[TRACK_CHUNK0] anchor_pos=0.65479 anchor_ori=0.75094 body_pos=0.83407 body_ori=0.47339 body_lin=0.56181 body_ang=0.44022
[TRACK_ROLLOUT] anchor_pos=0.65591 anchor_ori=0.74989 body_pos=0.83336 body_ori=0.47422 body_lin=0.56173 body_ang=0.43796
[TRAIN_COST] action_rate=4.93801 joint_limit=0.00399 undesired_contacts=1.71887
[REWARD_WEIGHTED] pos=0.06020 penalty=-0.01412 total=0.04608 act_rate=-0.01001 contacts=-0.00338
[ACT_GREEDY] abs_mean=0.8506 abs_p95=2.4287 abs_p99=3.0941 abs_max=4.9596 legs=0.8508 waist=0.7256 arms=0.8772
[ACT_ROLLOUT] abs_mean=0.8688 abs_p95=2.4145 abs_p99=3.1478 abs_max=17.2029 abs_max_all=17.2029
[SAMPLER] top_bin=0 top_prob=0.428 peak_bin=1 failed_sum=269.2375 entropy=0.8449
[TRAIN_BODY] torso_ori=9.96deg l_wrist_ori=17.33deg r_wrist_ori=22.74deg l_elbow_ori=14.82deg r_elbow_ori=18.61deg l_shoulder_ori=14.15deg r_shoulder_ori=23.48deg
[TRAIN_ANG] torso=1.881 l_wrist=3.379 r_wrist=3.790 l_elbow=2.946 r_elbow=3.261 l_shoulder=2.492 r_shoulder=2.784
[TRAIN_ACT] l_wrist_r=0.4530 l_wrist_p=1.3351 l_wrist_y=0.9501 r_wrist_r=0.5390 r_wrist_p=0.8329 r_wrist_y=0.7779 l_elbow=0.6242 r_elbow=0.6282
[UPDATE] 326/500 reward_step=0.04594 done_frac=0.01973 mean_reward=2.07784 mean_len=46.46
[FPO++] actor_loss=-0.00268 value_loss=0.02043 ratio=0.9998 [0.386,1.617] clip_frac=0.0441 cfm_old=0.6921 cfm_new=0.6924 kl=0.000060 grad=0.1441 grad_c=0.1619 lr=0.000114 critic_lr=0.000114
[TRAIN] mean_reward=2.07784 mean_len=46.46 recent_eps=100 completed_eps=5538243
[UPDATE_EFFECT] action_delta=0.00721919 param_rms_delta=0.00009647
[TIME] collect=4.695s update=5.816s
[DONE] timeout=0.00000 anchor_pos=0.00000 anchor_ori=0.00183 ee_body=0.46680
[DONE_ROLLOUT] timeout=0.00000 anchor_pos=0.00000 anchor_ori=0.00008 ee_body=0.01967
[FIRST_FAILURE] step_mean=11.60 step_min=0 step_max=23 phase_mean=138.93 phase_min=17 phase_max=324 anchor_pos=0.00000 anchor_ori=0.00183 ee_body=0.46680 timeout=0.00000
[TRACK_CHUNK0] anchor_pos=0.65608 anchor_ori=0.75300 body_pos=0.83390 body_ori=0.47456 body_lin=0.56302 body_ang=0.43966
[TRACK_ROLLOUT] anchor_pos=0.65409 anchor_ori=0.74842 body_pos=0.83184 body_ori=0.47346 body_lin=0.55839 body_ang=0.43655
[TRAIN_COST] action_rate=5.02766 joint_limit=0.00375 undesired_contacts=1.69006
[REWARD_WEIGHTED] pos=0.06003 penalty=-0.01409 total=0.04594 act_rate=-0.00996 contacts=-0.00337
[ACT_GREEDY] abs_mean=0.8504 abs_p95=2.4188 abs_p99=3.0961 abs_max=18.4531 legs=0.8469 waist=0.7328 arms=0.8786
[ACT_ROLLOUT] abs_mean=0.8704 abs_p95=2.4150 abs_p99=3.1475 abs_max=26.6084 abs_max_all=26.6084
[SAMPLER] top_bin=0 top_prob=0.426 peak_bin=1 failed_sum=266.6852 entropy=0.8461
[TRAIN_BODY] torso_ori=9.91deg l_wrist_ori=17.42deg r_wrist_ori=22.32deg l_elbow_ori=14.94deg r_elbow_ori=18.45deg l_shoulder_ori=14.17deg r_shoulder_ori=23.24deg
[TRAIN_ANG] torso=1.877 l_wrist=3.379 r_wrist=3.786 l_elbow=2.936 r_elbow=3.244 l_shoulder=2.488 r_shoulder=2.750
[TRAIN_ACT] l_wrist_r=0.4591 l_wrist_p=1.3562 l_wrist_y=0.9677 r_wrist_r=0.5269 r_wrist_p=0.8172 r_wrist_y=0.7612 l_elbow=0.6236 r_elbow=0.6371
[UPDATE] 327/500 reward_step=0.04623 done_frac=0.01961 mean_reward=2.16593 mean_len=47.12
[FPO++] actor_loss=-0.00107 value_loss=0.02051 ratio=0.9990 [0.619,1.303] clip_frac=0.0495 cfm_old=0.6878 cfm_new=0.6888 kl=0.000057 grad=0.0981 grad_c=0.1272 lr=0.000171 critic_lr=0.000171
[TRAIN] mean_reward=2.16593 mean_len=47.12 recent_eps=100 completed_eps=5542098
[UPDATE_EFFECT] action_delta=0.00559613 param_rms_delta=0.00015892
[TIME] collect=4.748s update=5.815s
[DONE] timeout=0.00000 anchor_pos=0.00024 anchor_ori=0.00183 ee_body=0.46399
[DONE_ROLLOUT] timeout=0.00000 anchor_pos=0.00001 anchor_ori=0.00008 ee_body=0.01954
[FIRST_FAILURE] step_mean=11.23 step_min=0 step_max=23 phase_mean=138.81 phase_min=17 phase_max=324 anchor_pos=0.00024 anchor_ori=0.00183 ee_body=0.46399 timeout=0.00000
[TRACK_CHUNK0] anchor_pos=0.65935 anchor_ori=0.74411 body_pos=0.83117 body_ori=0.47462 body_lin=0.55787 body_ang=0.43819
[TRACK_ROLLOUT] anchor_pos=0.66095 anchor_ori=0.74771 body_pos=0.83383 body_ori=0.47718 body_lin=0.56308 body_ang=0.44040
[TRAIN_COST] action_rate=4.94303 joint_limit=0.00384 undesired_contacts=1.68762
[REWARD_WEIGHTED] pos=0.06038 penalty=-0.01415 total=0.04623 act_rate=-0.00993 contacts=-0.00344
[ACT_GREEDY] abs_mean=0.8536 abs_p95=2.4269 abs_p99=3.1168 abs_max=7.5641 legs=0.8527 waist=0.7275 arms=0.8813
[ACT_ROLLOUT] abs_mean=0.8723 abs_p95=2.4267 abs_p99=3.1633 abs_max=13.3206 abs_max_all=13.3206
[SAMPLER] top_bin=0 top_prob=0.425 peak_bin=1 failed_sum=264.1683 entropy=0.8472
[TRAIN_BODY] torso_ori=10.19deg l_wrist_ori=17.42deg r_wrist_ori=22.57deg l_elbow_ori=15.15deg r_elbow_ori=18.60deg l_shoulder_ori=14.13deg r_shoulder_ori=22.77deg
[TRAIN_ANG] torso=1.902 l_wrist=3.413 r_wrist=3.835 l_elbow=2.941 r_elbow=3.312 l_shoulder=2.485 r_shoulder=2.776
[TRAIN_ACT] l_wrist_r=0.4669 l_wrist_p=1.3250 l_wrist_y=0.9373 r_wrist_r=0.5494 r_wrist_p=0.8304 r_wrist_y=0.7812 l_elbow=0.6515 r_elbow=0.6460
[UPDATE] 328/500 reward_step=0.04610 done_frac=0.01937 mean_reward=2.29159 mean_len=50.01
[FPO++] actor_loss=-0.00019 value_loss=0.02199 ratio=0.9988 [0.136,2.915] clip_frac=0.0925 cfm_old=0.6875 cfm_new=0.6887 kl=0.000204 grad=0.1899 grad_c=0.1370 lr=0.000010 critic_lr=0.000010
[TRAIN] mean_reward=2.29159 mean_len=50.01 recent_eps=100 completed_eps=5545906
[UPDATE_EFFECT] action_delta=0.00765224 param_rms_delta=0.00024284
[TIME] collect=4.679s update=5.813s
[DONE] timeout=0.00000 anchor_pos=0.00024 anchor_ori=0.00134 ee_body=0.45862
[DONE_ROLLOUT] timeout=0.00000 anchor_pos=0.00001 anchor_ori=0.00006 ee_body=0.01931
[FIRST_FAILURE] step_mean=11.34 step_min=0 step_max=23 phase_mean=141.16 phase_min=14 phase_max=323 anchor_pos=0.00024 anchor_ori=0.00134 ee_body=0.45862 timeout=0.00000
[TRACK_CHUNK0] anchor_pos=0.65773 anchor_ori=0.74760 body_pos=0.83367 body_ori=0.47633 body_lin=0.56307 body_ang=0.44346
[TRACK_ROLLOUT] anchor_pos=0.65527 anchor_ori=0.74957 body_pos=0.83335 body_ori=0.47591 body_lin=0.56285 body_ang=0.44112
[TRAIN_COST] action_rate=4.97687 joint_limit=0.00412 undesired_contacts=1.74731
[REWARD_WEIGHTED] pos=0.06031 penalty=-0.01422 total=0.04610 act_rate=-0.00992 contacts=-0.00347
[ACT_GREEDY] abs_mean=0.8562 abs_p95=2.4325 abs_p99=3.1192 abs_max=13.9202 legs=0.8618 waist=0.7283 arms=0.8787
[ACT_ROLLOUT] abs_mean=0.8733 abs_p95=2.4258 abs_p99=3.1615 abs_max=18.1252 abs_max_all=18.1252
[SAMPLER] top_bin=0 top_prob=0.423 peak_bin=1 failed_sum=261.6649 entropy=0.8484
[TRAIN_BODY] torso_ori=10.14deg l_wrist_ori=17.28deg r_wrist_ori=22.11deg l_elbow_ori=15.04deg r_elbow_ori=18.36deg l_shoulder_ori=13.80deg r_shoulder_ori=22.79deg
[TRAIN_ANG] torso=1.870 l_wrist=3.350 r_wrist=3.763 l_elbow=2.887 r_elbow=3.255 l_shoulder=2.449 r_shoulder=2.756
[TRAIN_ACT] l_wrist_r=0.4617 l_wrist_p=1.3224 l_wrist_y=0.9649 r_wrist_r=0.5446 r_wrist_p=0.8376 r_wrist_y=0.7406 l_elbow=0.6490 r_elbow=0.6486
[UPDATE] 329/500 reward_step=0.04624 done_frac=0.01925 mean_reward=2.28527 mean_len=50.54
[FPO++] actor_loss=-0.00751 value_loss=0.02302 ratio=0.9992 [0.386,1.582] clip_frac=0.0385 cfm_old=0.6872 cfm_new=0.6881 kl=0.000047 grad=0.1078 grad_c=0.1062 lr=0.000256 critic_lr=0.000256
[TRAIN] mean_reward=2.28527 mean_len=50.54 recent_eps=100 completed_eps=5549691
[UPDATE_EFFECT] action_delta=0.00680705 param_rms_delta=0.00014758
[TIME] collect=4.781s update=5.817s
[DONE] timeout=0.00000 anchor_pos=0.00012 anchor_ori=0.00195 ee_body=0.45520
[DONE_ROLLOUT] timeout=0.00000 anchor_pos=0.00001 anchor_ori=0.00008 ee_body=0.01917
[FIRST_FAILURE] step_mean=11.38 step_min=0 step_max=23 phase_mean=138.62 phase_min=21 phase_max=324 anchor_pos=0.00012 anchor_ori=0.00195 ee_body=0.45520 timeout=0.00000
[TRACK_CHUNK0] anchor_pos=0.65304 anchor_ori=0.75133 body_pos=0.83401 body_ori=0.47519 body_lin=0.56402 body_ang=0.44545
[TRACK_ROLLOUT] anchor_pos=0.65275 anchor_ori=0.74882 body_pos=0.83437 body_ori=0.47668 body_lin=0.56257 body_ang=0.44127
[TRAIN_COST] action_rate=4.91255 joint_limit=0.00393 undesired_contacts=1.71960
[REWARD_WEIGHTED] pos=0.06031 penalty=-0.01408 total=0.04624 act_rate=-0.00985 contacts=-0.00340
[ACT_GREEDY] abs_mean=0.8545 abs_p95=2.4240 abs_p99=3.0941 abs_max=17.5604 legs=0.8591 waist=0.7293 arms=0.8774
[ACT_ROLLOUT] abs_mean=0.8711 abs_p95=2.4196 abs_p99=3.1517 abs_max=20.1689 abs_max_all=20.1689
[SAMPLER] top_bin=0 top_prob=0.421 peak_bin=1 failed_sum=259.1984 entropy=0.8494
[TRAIN_BODY] torso_ori=10.03deg l_wrist_ori=17.58deg r_wrist_ori=22.27deg l_elbow_ori=15.31deg r_elbow_ori=18.50deg l_shoulder_ori=14.04deg r_shoulder_ori=22.91deg
[TRAIN_ANG] torso=1.850 l_wrist=3.369 r_wrist=3.769 l_elbow=2.910 r_elbow=3.263 l_shoulder=2.455 r_shoulder=2.724
[TRAIN_ACT] l_wrist_r=0.4697 l_wrist_p=1.3170 l_wrist_y=0.9642 r_wrist_r=0.5454 r_wrist_p=0.8109 r_wrist_y=0.7366 l_elbow=0.6551 r_elbow=0.6453
[UPDATE] 330/500 reward_step=0.04628 done_frac=0.01913 mean_reward=2.35615 mean_len=50.82
[FPO++] actor_loss=-0.00357 value_loss=0.02370 ratio=0.9993 [0.325,1.579] clip_frac=0.0897 cfm_old=0.6909 cfm_new=0.6916 kl=0.000135 grad=0.2456 grad_c=0.0602 lr=0.000114 critic_lr=0.000114
[TRAIN] mean_reward=2.35615 mean_len=50.82 recent_eps=100 completed_eps=5553453
[UPDATE_EFFECT] action_delta=0.00666501 param_rms_delta=0.00021290
[TIME] collect=4.699s update=5.816s
[DONE] timeout=0.00000 anchor_pos=0.00049 anchor_ori=0.00195 ee_body=0.45203
[DONE_ROLLOUT] timeout=0.00000 anchor_pos=0.00002 anchor_ori=0.00008 ee_body=0.01905
[FIRST_FAILURE] step_mean=11.49 step_min=0 step_max=23 phase_mean=139.95 phase_min=14 phase_max=324 anchor_pos=0.00049 anchor_ori=0.00195 ee_body=0.45203 timeout=0.00000
[TRACK_CHUNK0] anchor_pos=0.65290 anchor_ori=0.74792 body_pos=0.83469 body_ori=0.47632 body_lin=0.56257 body_ang=0.43826
[TRACK_ROLLOUT] anchor_pos=0.65233 anchor_ori=0.75069 body_pos=0.83568 body_ori=0.47800 body_lin=0.56404 body_ang=0.44017
[TRAIN_COST] action_rate=4.99086 joint_limit=0.00394 undesired_contacts=1.70300
[REWARD_WEIGHTED] pos=0.06039 penalty=-0.01411 total=0.04628 act_rate=-0.00997 contacts=-0.00334
[ACT_GREEDY] abs_mean=0.8525 abs_p95=2.4279 abs_p99=3.1119 abs_max=8.9055 legs=0.8534 waist=0.7331 arms=0.8773
[ACT_ROLLOUT] abs_mean=0.8693 abs_p95=2.4178 abs_p99=3.1533 abs_max=25.2671 abs_max_all=25.2671
[SAMPLER] top_bin=0 top_prob=0.420 peak_bin=1 failed_sum=256.7681 entropy=0.8504
[TRAIN_BODY] torso_ori=10.13deg l_wrist_ori=17.50deg r_wrist_ori=22.24deg l_elbow_ori=15.29deg r_elbow_ori=18.69deg l_shoulder_ori=14.06deg r_shoulder_ori=22.70deg
[TRAIN_ANG] torso=1.892 l_wrist=3.407 r_wrist=3.839 l_elbow=2.955 r_elbow=3.312 l_shoulder=2.475 r_shoulder=2.781
[TRAIN_ACT] l_wrist_r=0.4571 l_wrist_p=1.3126 l_wrist_y=0.9501 r_wrist_r=0.5393 r_wrist_p=0.8254 r_wrist_y=0.7366 l_elbow=0.6723 r_elbow=0.6448
[UPDATE] 331/500 reward_step=0.04650 done_frac=0.01822 mean_reward=2.36043 mean_len=51.08
[FPO++] actor_loss=-0.00460 value_loss=0.02326 ratio=0.9992 [0.774,1.425] clip_frac=0.0402 cfm_old=0.6872 cfm_new=0.6880 kl=0.000055 grad=0.0886 grad_c=0.0670 lr=0.000256 critic_lr=0.000256
[TRAIN] mean_reward=2.36043 mean_len=51.08 recent_eps=100 completed_eps=5557036
[UPDATE_EFFECT] action_delta=0.00619654 param_rms_delta=0.00018497
[TIME] collect=4.642s update=5.815s
[DONE] timeout=0.00000 anchor_pos=0.00000 anchor_ori=0.00110 ee_body=0.43213
[DONE_ROLLOUT] timeout=0.00000 anchor_pos=0.00000 anchor_ori=0.00005 ee_body=0.01818
[FIRST_FAILURE] step_mean=11.56 step_min=0 step_max=23 phase_mean=142.58 phase_min=17 phase_max=324 anchor_pos=0.00000 anchor_ori=0.00110 ee_body=0.43213 timeout=0.00000
[TRACK_CHUNK0] anchor_pos=0.65710 anchor_ori=0.75530 body_pos=0.83955 body_ori=0.48398 body_lin=0.56812 body_ang=0.44305
[TRACK_ROLLOUT] anchor_pos=0.64923 anchor_ori=0.75515 body_pos=0.83684 body_ori=0.47608 body_lin=0.56405 body_ang=0.44273
[TRAIN_COST] action_rate=5.02422 joint_limit=0.00404 undesired_contacts=1.66882
[REWARD_WEIGHTED] pos=0.06044 penalty=-0.01394 total=0.04650 act_rate=-0.00986 contacts=-0.00331
[ACT_GREEDY] abs_mean=0.8500 abs_p95=2.4223 abs_p99=3.0984 abs_max=13.5141 legs=0.8525 waist=0.7387 arms=0.8717
[ACT_ROLLOUT] abs_mean=0.8695 abs_p95=2.4147 abs_p99=3.1501 abs_max=23.5237 abs_max_all=23.5237
[SAMPLER] top_bin=0 top_prob=0.418 peak_bin=1 failed_sum=254.2188 entropy=0.8515
[TRAIN_BODY] torso_ori=9.89deg l_wrist_ori=17.21deg r_wrist_ori=21.99deg l_elbow_ori=15.20deg r_elbow_ori=18.57deg l_shoulder_ori=13.91deg r_shoulder_ori=22.27deg
[TRAIN_ANG] torso=1.869 l_wrist=3.371 r_wrist=3.792 l_elbow=2.932 r_elbow=3.266 l_shoulder=2.476 r_shoulder=2.736
[TRAIN_ACT] l_wrist_r=0.4506 l_wrist_p=1.2946 l_wrist_y=0.9400 r_wrist_r=0.5324 r_wrist_p=0.7996 r_wrist_y=0.7319 l_elbow=0.6600 r_elbow=0.6387
[UPDATE] 332/500 reward_step=0.04625 done_frac=0.01881 mean_reward=2.29318 mean_len=50.78
[FPO++] actor_loss=-0.00168 value_loss=0.02186 ratio=0.9987 [0.837,1.288] clip_frac=0.1163 cfm_old=0.6902 cfm_new=0.6916 kl=0.000109 grad=0.1656 grad_c=0.1226 lr=0.000256 critic_lr=0.000256
[TRAIN] mean_reward=2.29318 mean_len=50.78 recent_eps=100 completed_eps=5560734
[UPDATE_EFFECT] action_delta=0.00603628 param_rms_delta=0.00022888
[TIME] collect=4.854s update=5.806s
[DONE] timeout=0.00000 anchor_pos=0.00012 anchor_ori=0.00098 ee_body=0.44543
[DONE_ROLLOUT] timeout=0.00000 anchor_pos=0.00001 anchor_ori=0.00004 ee_body=0.01877
[FIRST_FAILURE] step_mean=11.25 step_min=0 step_max=23 phase_mean=143.86 phase_min=17 phase_max=324 anchor_pos=0.00012 anchor_ori=0.00098 ee_body=0.44543 timeout=0.00000
[TRACK_CHUNK0] anchor_pos=0.64380 anchor_ori=0.75237 body_pos=0.83394 body_ori=0.47370 body_lin=0.55745 body_ang=0.43915
[TRACK_ROLLOUT] anchor_pos=0.64737 anchor_ori=0.75116 body_pos=0.83658 body_ori=0.47741 body_lin=0.56007 body_ang=0.43975
[TRAIN_COST] action_rate=4.97378 joint_limit=0.00407 undesired_contacts=1.64270
[REWARD_WEIGHTED] pos=0.06026 penalty=-0.01401 total=0.04625 act_rate=-0.00991 contacts=-0.00331
[ACT_GREEDY] abs_mean=0.8472 abs_p95=2.4067 abs_p99=3.0976 abs_max=8.3091 legs=0.8475 waist=0.7308 arms=0.8719
[ACT_ROLLOUT] abs_mean=0.8682 abs_p95=2.4166 abs_p99=3.1555 abs_max=17.7406 abs_max_all=17.7406
[SAMPLER] top_bin=0 top_prob=0.416 peak_bin=1 failed_sum=251.8425 entropy=0.8527
[TRAIN_BODY] torso_ori=9.97deg l_wrist_ori=17.33deg r_wrist_ori=22.34deg l_elbow_ori=15.33deg r_elbow_ori=18.87deg l_shoulder_ori=14.23deg r_shoulder_ori=22.73deg
[TRAIN_ANG] torso=1.888 l_wrist=3.400 r_wrist=3.814 l_elbow=2.957 r_elbow=3.304 l_shoulder=2.477 r_shoulder=2.749
[TRAIN_ACT] l_wrist_r=0.4588 l_wrist_p=1.3251 l_wrist_y=0.9222 r_wrist_r=0.5292 r_wrist_p=0.8207 r_wrist_y=0.7360 l_elbow=0.6514 r_elbow=0.6448
[UPDATE] 333/500 reward_step=0.04623 done_frac=0.01868 mean_reward=2.59211 mean_len=55.89
[FPO++] actor_loss=-0.00195 value_loss=0.02327 ratio=0.9986 [0.887,1.167] clip_frac=0.1245 cfm_old=0.6908 cfm_new=0.6922 kl=0.000107 grad=0.1918 grad_c=0.1143 lr=0.000256 critic_lr=0.000256
[TRAIN] mean_reward=2.59211 mean_len=55.89 recent_eps=100 completed_eps=5564406
[UPDATE_EFFECT] action_delta=0.00505716 param_rms_delta=0.00019368
[TIME] collect=4.858s update=5.814s
[DONE] timeout=0.00000 anchor_pos=0.00000 anchor_ori=0.00146 ee_body=0.44226
[DONE_ROLLOUT] timeout=0.00000 anchor_pos=0.00000 anchor_ori=0.00006 ee_body=0.01862
[FIRST_FAILURE] step_mean=11.70 step_min=0 step_max=23 phase_mean=142.14 phase_min=18 phase_max=324 anchor_pos=0.00000 anchor_ori=0.00146 ee_body=0.44226 timeout=0.00000
[TRACK_CHUNK0] anchor_pos=0.64759 anchor_ori=0.75215 body_pos=0.83789 body_ori=0.47833 body_lin=0.56262 body_ang=0.44278
[TRACK_ROLLOUT] anchor_pos=0.64262 anchor_ori=0.74842 body_pos=0.83515 body_ori=0.47648 body_lin=0.56388 body_ang=0.44249
[TRAIN_COST] action_rate=4.91957 joint_limit=0.00393 undesired_contacts=1.65906
[REWARD_WEIGHTED] pos=0.06027 penalty=-0.01404 total=0.04623 act_rate=-0.00987 contacts=-0.00335
[ACT_GREEDY] abs_mean=0.8453 abs_p95=2.4132 abs_p99=3.0935 abs_max=6.7359 legs=0.8505 waist=0.7257 arms=0.8665
[ACT_ROLLOUT] abs_mean=0.8672 abs_p95=2.4131 abs_p99=3.1494 abs_max=14.5199 abs_max_all=14.5199
[SAMPLER] top_bin=0 top_prob=0.414 peak_bin=1 failed_sum=249.4986 entropy=0.8538
[TRAIN_BODY] torso_ori=10.00deg l_wrist_ori=17.25deg r_wrist_ori=22.14deg l_elbow_ori=15.31deg r_elbow_ori=18.73deg l_shoulder_ori=14.27deg r_shoulder_ori=22.38deg
[TRAIN_ANG] torso=1.879 l_wrist=3.384 r_wrist=3.769 l_elbow=2.946 r_elbow=3.283 l_shoulder=2.478 r_shoulder=2.722
[TRAIN_ACT] l_wrist_r=0.4533 l_wrist_p=1.3013 l_wrist_y=0.9127 r_wrist_r=0.5179 r_wrist_p=0.7942 r_wrist_y=0.7349 l_elbow=0.6409 r_elbow=0.6463
[UPDATE] 334/500 reward_step=0.04657 done_frac=0.01799 mean_reward=2.36212 mean_len=51.08
[FPO++] actor_loss=-0.00414 value_loss=0.02510 ratio=0.9984 [0.325,1.957] clip_frac=0.1293 cfm_old=0.6871 cfm_new=0.6888 kl=0.000134 grad=0.3036 grad_c=0.1309 lr=0.000171 critic_lr=0.000171
[TRAIN] mean_reward=2.36212 mean_len=51.08 recent_eps=100 completed_eps=5567943
[UPDATE_EFFECT] action_delta=0.00891672 param_rms_delta=0.00021898
[TIME] collect=4.918s update=5.819s
[DONE] timeout=0.00000 anchor_pos=0.00012 anchor_ori=0.00146 ee_body=0.42688
[DONE_ROLLOUT] timeout=0.00000 anchor_pos=0.00001 anchor_ori=0.00006 ee_body=0.01792
[FIRST_FAILURE] step_mean=11.36 step_min=0 step_max=23 phase_mean=140.73 phase_min=19 phase_max=322 anchor_pos=0.00012 anchor_ori=0.00146 ee_body=0.42688 timeout=0.00000
[TRACK_CHUNK0] anchor_pos=0.64852 anchor_ori=0.74894 body_pos=0.83831 body_ori=0.48215 body_lin=0.56701 body_ang=0.44441
[TRACK_ROLLOUT] anchor_pos=0.64570 anchor_ori=0.75226 body_pos=0.83859 body_ori=0.48036 body_lin=0.56685 body_ang=0.44342
[TRAIN_COST] action_rate=4.97401 joint_limit=0.00413 undesired_contacts=1.68066
[REWARD_WEIGHTED] pos=0.06056 penalty=-0.01399 total=0.04657 act_rate=-0.00986 contacts=-0.00332
[ACT_GREEDY] abs_mean=0.8494 abs_p95=2.4232 abs_p99=3.1039 abs_max=5.9712 legs=0.8605 waist=0.7335 arms=0.8648
[ACT_ROLLOUT] abs_mean=0.8655 abs_p95=2.4077 abs_p99=3.1489 abs_max=22.0587 abs_max_all=22.0587
[SAMPLER] top_bin=0 top_prob=0.413 peak_bin=1 failed_sum=247.0754 entropy=0.8548
[TRAIN_BODY] torso_ori=10.08deg l_wrist_ori=17.14deg r_wrist_ori=22.29deg l_elbow_ori=15.27deg r_elbow_ori=18.83deg l_shoulder_ori=14.18deg r_shoulder_ori=22.30deg
[TRAIN_ANG] torso=1.851 l_wrist=3.366 r_wrist=3.810 l_elbow=2.923 r_elbow=3.295 l_shoulder=2.474 r_shoulder=2.748
[TRAIN_ACT] l_wrist_r=0.4586 l_wrist_p=1.2954 l_wrist_y=0.9046 r_wrist_r=0.5349 r_wrist_p=0.7955 r_wrist_y=0.7289 l_elbow=0.6399 r_elbow=0.6367
[UPDATE] 335/500 reward_step=0.04644 done_frac=0.01820 mean_reward=2.47574 mean_len=52.79
[FPO++] actor_loss=-0.00203 value_loss=0.02448 ratio=0.9985 [0.413,1.694] clip_frac=0.0964 cfm_old=0.6875 cfm_new=0.6891 kl=0.000108 grad=0.1965 grad_c=0.1063 lr=0.000171 critic_lr=0.000171
[TRAIN] mean_reward=2.47574 mean_len=52.79 recent_eps=100 completed_eps=5571521
[UPDATE_EFFECT] action_delta=0.00723053 param_rms_delta=0.00017684
[TIME] collect=4.749s update=5.820s
[DONE] timeout=0.00000 anchor_pos=0.00012 anchor_ori=0.00110 ee_body=0.43359
[DONE_ROLLOUT] timeout=0.00000 anchor_pos=0.00001 anchor_ori=0.00005 ee_body=0.01815
[FIRST_FAILURE] step_mean=11.40 step_min=0 step_max=23 phase_mean=144.02 phase_min=17 phase_max=324 anchor_pos=0.00012 anchor_ori=0.00110 ee_body=0.43359 timeout=0.00000
[TRACK_CHUNK0] anchor_pos=0.64002 anchor_ori=0.74844 body_pos=0.83702 body_ori=0.47735 body_lin=0.56470 body_ang=0.44258
[TRACK_ROLLOUT] anchor_pos=0.64069 anchor_ori=0.75199 body_pos=0.83836 body_ori=0.47802 body_lin=0.56448 body_ang=0.44230
[TRAIN_COST] action_rate=4.93489 joint_limit=0.00383 undesired_contacts=1.64026
[REWARD_WEIGHTED] pos=0.06039 penalty=-0.01395 total=0.04644 act_rate=-0.00987 contacts=-0.00328
[ACT_GREEDY] abs_mean=0.8446 abs_p95=2.4134 abs_p99=3.0949 abs_max=11.7142 legs=0.8485 waist=0.7364 arms=0.8645
[ACT_ROLLOUT] abs_mean=0.8677 abs_p95=2.4159 abs_p99=3.1506 abs_max=17.6770 abs_max_all=17.6770
[SAMPLER] top_bin=0 top_prob=0.411 peak_bin=1 failed_sum=244.7503 entropy=0.8559
[TRAIN_BODY] torso_ori=10.12deg l_wrist_ori=17.19deg r_wrist_ori=22.13deg l_elbow_ori=15.40deg r_elbow_ori=18.48deg l_shoulder_ori=14.22deg r_shoulder_ori=22.23deg
[TRAIN_ANG] torso=1.882 l_wrist=3.379 r_wrist=3.784 l_elbow=2.958 r_elbow=3.275 l_shoulder=2.474 r_shoulder=2.750
[TRAIN_ACT] l_wrist_r=0.4516 l_wrist_p=1.3005 l_wrist_y=0.9149 r_wrist_r=0.5223 r_wrist_p=0.7975 r_wrist_y=0.7430 l_elbow=0.6489 r_elbow=0.6326
[UPDATE] 336/500 reward_step=0.04660 done_frac=0.01764 mean_reward=2.33863 mean_len=52.17
[FPO++] actor_loss=-0.00185 value_loss=0.02592 ratio=0.9986 [0.424,1.436] clip_frac=0.0758 cfm_old=0.6878 cfm_new=0.6892 kl=0.000073 grad=0.1072 grad_c=0.1482 lr=0.000384 critic_lr=0.000384
[TRAIN] mean_reward=2.33863 mean_len=52.17 recent_eps=100 completed_eps=5574989
[UPDATE_EFFECT] action_delta=0.00748207 param_rms_delta=0.00024851
[TIME] collect=4.620s update=5.816s
[DONE] timeout=0.00000 anchor_pos=0.00024 anchor_ori=0.00159 ee_body=0.41833
[DONE_ROLLOUT] timeout=0.00000 anchor_pos=0.00001 anchor_ori=0.00007 ee_body=0.01757
[FIRST_FAILURE] step_mean=11.32 step_min=0 step_max=23 phase_mean=145.31 phase_min=16 phase_max=324 anchor_pos=0.00024 anchor_ori=0.00159 ee_body=0.41833 timeout=0.00000
[TRACK_CHUNK0] anchor_pos=0.64018 anchor_ori=0.75449 body_pos=0.83928 body_ori=0.47831 body_lin=0.56366 body_ang=0.44178
[TRACK_ROLLOUT] anchor_pos=0.63816 anchor_ori=0.75319 body_pos=0.83918 body_ori=0.47922 body_lin=0.56627 body_ang=0.44323
[TRAIN_COST] action_rate=4.92362 joint_limit=0.00409 undesired_contacts=1.63928
[REWARD_WEIGHTED] pos=0.06047 penalty=-0.01388 total=0.04660 act_rate=-0.00985 contacts=-0.00321
[ACT_GREEDY] abs_mean=0.8474 abs_p95=2.4169 abs_p99=3.0984 abs_max=15.5808 legs=0.8528 waist=0.7339 arms=0.8671
[ACT_ROLLOUT] abs_mean=0.8632 abs_p95=2.4047 abs_p99=3.1439 abs_max=24.0807 abs_max_all=24.0807
[SAMPLER] top_bin=0 top_prob=0.409 peak_bin=1 failed_sum=242.3714 entropy=0.8570
[TRAIN_BODY] torso_ori=9.97deg l_wrist_ori=17.11deg r_wrist_ori=22.28deg l_elbow_ori=15.21deg r_elbow_ori=18.58deg l_shoulder_ori=14.28deg r_shoulder_ori=22.37deg
[TRAIN_ANG] torso=1.881 l_wrist=3.364 r_wrist=3.780 l_elbow=2.916 r_elbow=3.262 l_shoulder=2.482 r_shoulder=2.716
[TRAIN_ACT] l_wrist_r=0.4433 l_wrist_p=1.3173 l_wrist_y=0.9276 r_wrist_r=0.5235 r_wrist_p=0.7876 r_wrist_y=0.7584 l_elbow=0.6430 r_elbow=0.6264
[UPDATE] 337/500 reward_step=0.04666 done_frac=0.01784 mean_reward=2.25941 mean_len=48.84
[FPO++] actor_loss=-0.00364 value_loss=0.02965 ratio=0.9989 [0.663,1.231] clip_frac=0.1106 cfm_old=0.6878 cfm_new=0.6889 kl=0.000110 grad=0.1414 grad_c=0.5426 lr=0.000256 critic_lr=0.000256
[TRAIN] mean_reward=2.25941 mean_len=48.84 recent_eps=100 completed_eps=5578496
[UPDATE_EFFECT] action_delta=0.01034546 param_rms_delta=0.00029563
[TIME] collect=4.724s update=5.811s
[DONE] timeout=0.00000 anchor_pos=0.00000 anchor_ori=0.00171 ee_body=0.42212
[DONE_ROLLOUT] timeout=0.00000 anchor_pos=0.00000 anchor_ori=0.00007 ee_body=0.01777
[FIRST_FAILURE] step_mean=11.41 step_min=0 step_max=23 phase_mean=142.95 phase_min=16 phase_max=324 anchor_pos=0.00000 anchor_ori=0.00171 ee_body=0.42212 timeout=0.00000
[TRACK_CHUNK0] anchor_pos=0.63411 anchor_ori=0.75220 body_pos=0.83865 body_ori=0.47701 body_lin=0.56489 body_ang=0.44460
[TRACK_ROLLOUT] anchor_pos=0.63163 anchor_ori=0.75349 body_pos=0.83923 body_ori=0.47821 body_lin=0.56392 body_ang=0.44232
[TRAIN_COST] action_rate=4.87420 joint_limit=0.00390 undesired_contacts=1.56555
[REWARD_WEIGHTED] pos=0.06032 penalty=-0.01367 total=0.04666 act_rate=-0.00979 contacts=-0.00309
[ACT_GREEDY] abs_mean=0.8365 abs_p95=2.3857 abs_p99=3.0844 abs_max=4.9989 legs=0.8407 waist=0.7216 arms=0.8576
[ACT_ROLLOUT] abs_mean=0.8596 abs_p95=2.3955 abs_p99=3.1357 abs_max=12.7144 abs_max_all=12.7144
[SAMPLER] top_bin=0 top_prob=0.408 peak_bin=1 failed_sum=240.0880 entropy=0.8580
[TRAIN_BODY] torso_ori=10.00deg l_wrist_ori=17.16deg r_wrist_ori=22.17deg l_elbow_ori=15.16deg r_elbow_ori=18.56deg l_shoulder_ori=14.23deg r_shoulder_ori=22.26deg
[TRAIN_ANG] torso=1.868 l_wrist=3.329 r_wrist=3.779 l_elbow=2.901 r_elbow=3.256 l_shoulder=2.448 r_shoulder=2.710
[TRAIN_ACT] l_wrist_r=0.4491 l_wrist_p=1.3096 l_wrist_y=0.9240 r_wrist_r=0.5031 r_wrist_p=0.7771 r_wrist_y=0.7676 l_elbow=0.6343 r_elbow=0.6211
[UPDATE] 338/500 reward_step=0.04700 done_frac=0.01728 mean_reward=2.53337 mean_len=54.36
[FPO++] actor_loss=-0.00463 value_loss=0.02636 ratio=0.9989 [0.805,1.146] clip_frac=0.1157 cfm_old=0.6830 cfm_new=0.6841 kl=0.000091 grad=0.1726 grad_c=0.2031 lr=0.000384 critic_lr=0.000384
[TRAIN] mean_reward=2.53337 mean_len=54.36 recent_eps=100 completed_eps=5581893
[UPDATE_EFFECT] action_delta=0.00626439 param_rms_delta=0.00021668
[TIME] collect=4.776s update=5.809s
[DONE] timeout=0.00000 anchor_pos=0.00000 anchor_ori=0.00146 ee_body=0.41052
[DONE_ROLLOUT] timeout=0.00000 anchor_pos=0.00000 anchor_ori=0.00006 ee_body=0.01724
[FIRST_FAILURE] step_mean=11.18 step_min=0 step_max=23 phase_mean=144.66 phase_min=20 phase_max=324 anchor_pos=0.00000 anchor_ori=0.00146 ee_body=0.41040 timeout=0.00000
[TRACK_CHUNK0] anchor_pos=0.63110 anchor_ori=0.75140 body_pos=0.84102 body_ori=0.48210 body_lin=0.56566 body_ang=0.44050
[TRACK_ROLLOUT] anchor_pos=0.63239 anchor_ori=0.75096 body_pos=0.84303 body_ori=0.48553 body_lin=0.56991 body_ang=0.44630
[TRAIN_COST] action_rate=4.84854 joint_limit=0.00407 undesired_contacts=1.55029
[REWARD_WEIGHTED] pos=0.06073 penalty=-0.01373 total=0.04700 act_rate=-0.00972 contacts=-0.00316
[ACT_GREEDY] abs_mean=0.8348 abs_p95=2.3925 abs_p99=3.0801 abs_max=8.8055 legs=0.8411 waist=0.7143 arms=0.8553
[ACT_ROLLOUT] abs_mean=0.8576 abs_p95=2.3995 abs_p99=3.1370 abs_max=21.2495 abs_max_all=21.2495
[SAMPLER] top_bin=0 top_prob=0.406 peak_bin=1 failed_sum=237.7491 entropy=0.8591
[TRAIN_BODY] torso_ori=10.02deg l_wrist_ori=16.85deg r_wrist_ori=21.73deg l_elbow_ori=15.11deg r_elbow_ori=18.26deg l_shoulder_ori=14.15deg r_shoulder_ori=22.10deg
[TRAIN_ANG] torso=1.856 l_wrist=3.342 r_wrist=3.779 l_elbow=2.924 r_elbow=3.252 l_shoulder=2.464 r_shoulder=2.732
[TRAIN_ACT] l_wrist_r=0.4453 l_wrist_p=1.3132 l_wrist_y=0.9235 r_wrist_r=0.4928 r_wrist_p=0.7745 r_wrist_y=0.7494 l_elbow=0.6352 r_elbow=0.6192
[UPDATE] 339/500 reward_step=0.04676 done_frac=0.01782 mean_reward=2.65148 mean_len=57.12
[FPO++] actor_loss=0.00018 value_loss=0.02586 ratio=0.9987 [0.637,1.465] clip_frac=0.1252 cfm_old=0.6896 cfm_new=0.6909 kl=0.000114 grad=0.2271 grad_c=0.1562 lr=0.000256 critic_lr=0.000256
[TRAIN] mean_reward=2.65148 mean_len=57.12 recent_eps=100 completed_eps=5585397
[UPDATE_EFFECT] action_delta=0.00805396 param_rms_delta=0.00021304
[TIME] collect=4.636s update=5.812s
[DONE] timeout=0.00000 anchor_pos=0.00012 anchor_ori=0.00159 ee_body=0.42273
[DONE_ROLLOUT] timeout=0.00000 anchor_pos=0.00001 anchor_ori=0.00007 ee_body=0.01776
[FIRST_FAILURE] step_mean=11.53 step_min=0 step_max=23 phase_mean=146.71 phase_min=20 phase_max=324 anchor_pos=0.00012 anchor_ori=0.00159 ee_body=0.42273 timeout=0.00000
[TRACK_CHUNK0] anchor_pos=0.62694 anchor_ori=0.75185 body_pos=0.84131 body_ori=0.48232 body_lin=0.56761 body_ang=0.44581
[TRACK_ROLLOUT] anchor_pos=0.62944 anchor_ori=0.75105 body_pos=0.84072 body_ori=0.48344 body_lin=0.56645 body_ang=0.44438
[TRAIN_COST] action_rate=4.83984 joint_limit=0.00451 undesired_contacts=1.57898
[REWARD_WEIGHTED] pos=0.06050 penalty=-0.01374 total=0.04676 act_rate=-0.00971 contacts=-0.00318
[ACT_GREEDY] abs_mean=0.8378 abs_p95=2.3965 abs_p99=3.0836 abs_max=21.9449 legs=0.8484 waist=0.7265 arms=0.8526
[ACT_ROLLOUT] abs_mean=0.8587 abs_p95=2.3943 abs_p99=3.1398 abs_max=22.6199 abs_max_all=22.6199
[SAMPLER] top_bin=0 top_prob=0.404 peak_bin=1 failed_sum=235.5727 entropy=0.8603
[TRAIN_BODY] torso_ori=10.04deg l_wrist_ori=16.81deg r_wrist_ori=21.54deg l_elbow_ori=14.93deg r_elbow_ori=17.95deg l_shoulder_ori=13.93deg r_shoulder_ori=21.99deg
[TRAIN_ANG] torso=1.869 l_wrist=3.315 r_wrist=3.724 l_elbow=2.871 r_elbow=3.184 l_shoulder=2.432 r_shoulder=2.696
[TRAIN_ACT] l_wrist_r=0.4515 l_wrist_p=1.2869 l_wrist_y=0.9150 r_wrist_r=0.4946 r_wrist_p=0.7651 r_wrist_y=0.7581 l_elbow=0.6310 r_elbow=0.6315
[UPDATE] 340/500 reward_step=0.04731 done_frac=0.01764 mean_reward=2.43438 mean_len=51.66
[FPO++] actor_loss=-0.00150 value_loss=0.02735 ratio=0.9990 [0.498,2.217] clip_frac=0.1510 cfm_old=0.6861 cfm_new=0.6871 kl=0.000130 grad=0.2255 grad_c=0.2539 lr=0.000171 critic_lr=0.000171
[TRAIN] mean_reward=2.43438 mean_len=51.66 recent_eps=100 completed_eps=5588865
[UPDATE_EFFECT] action_delta=0.00619553 param_rms_delta=0.00022209
[TIME] collect=4.694s update=5.813s
[DONE] timeout=0.00000 anchor_pos=0.00012 anchor_ori=0.00220 ee_body=0.41772
[DONE_ROLLOUT] timeout=0.00000 anchor_pos=0.00001 anchor_ori=0.00009 ee_body=0.01756
[FIRST_FAILURE] step_mean=11.39 step_min=0 step_max=23 phase_mean=145.90 phase_min=16 phase_max=324 anchor_pos=0.00012 anchor_ori=0.00220 ee_body=0.41772 timeout=0.00000
[TRACK_CHUNK0] anchor_pos=0.63583 anchor_ori=0.75149 body_pos=0.84415 body_ori=0.48911 body_lin=0.57016 body_ang=0.44684
[TRACK_ROLLOUT] anchor_pos=0.63627 anchor_ori=0.75271 body_pos=0.84471 body_ori=0.49086 body_lin=0.56949 body_ang=0.44577
[TRAIN_COST] action_rate=4.84267 joint_limit=0.00386 undesired_contacts=1.56921
[REWARD_WEIGHTED] pos=0.06091 penalty=-0.01360 total=0.04731 act_rate=-0.00967 contacts=-0.00314
[ACT_GREEDY] abs_mean=0.8326 abs_p95=2.3875 abs_p99=3.0786 abs_max=10.7075 legs=0.8439 waist=0.7227 arms=0.8465
[ACT_ROLLOUT] abs_mean=0.8540 abs_p95=2.3885 abs_p99=3.1279 abs_max=18.4066 abs_max_all=18.4066
[SAMPLER] top_bin=0 top_prob=0.402 peak_bin=1 failed_sum=233.4119 entropy=0.8613
[TRAIN_BODY] torso_ori=10.03deg l_wrist_ori=16.78deg r_wrist_ori=21.38deg l_elbow_ori=15.00deg r_elbow_ori=18.26deg l_shoulder_ori=13.92deg r_shoulder_ori=22.07deg
[TRAIN_ANG] torso=1.848 l_wrist=3.351 r_wrist=3.748 l_elbow=2.915 r_elbow=3.215 l_shoulder=2.469 r_shoulder=2.717
[TRAIN_ACT] l_wrist_r=0.4350 l_wrist_p=1.2782 l_wrist_y=0.9015 r_wrist_r=0.4837 r_wrist_p=0.7483 r_wrist_y=0.7321 l_elbow=0.6405 r_elbow=0.6366
[UPDATE] 341/500 reward_step=0.04717 done_frac=0.01740 mean_reward=2.45776 mean_len=52.92
[FPO++] actor_loss=-0.00170 value_loss=0.02891 ratio=0.9981 [0.803,1.227] clip_frac=0.1823 cfm_old=0.6867 cfm_new=0.6887 kl=0.000147 grad=0.2934 grad_c=0.1497 lr=0.000076 critic_lr=0.000076
[TRAIN] mean_reward=2.45776 mean_len=52.92 recent_eps=100 completed_eps=5592286
[UPDATE_EFFECT] action_delta=0.00709502 param_rms_delta=0.00013545
[TIME] collect=4.869s update=5.804s
[DONE] timeout=0.00000 anchor_pos=0.00000 anchor_ori=0.00220 ee_body=0.41321
[DONE_ROLLOUT] timeout=0.00000 anchor_pos=0.00000 anchor_ori=0.00009 ee_body=0.01733
[FIRST_FAILURE] step_mean=11.46 step_min=0 step_max=23 phase_mean=147.60 phase_min=19 phase_max=324 anchor_pos=0.00000 anchor_ori=0.00208 ee_body=0.41321 timeout=0.00000
[TRACK_CHUNK0] anchor_pos=0.63661 anchor_ori=0.74995 body_pos=0.84426 body_ori=0.48948 body_lin=0.57141 body_ang=0.44580
[TRACK_ROLLOUT] anchor_pos=0.63557 anchor_ori=0.75228 body_pos=0.84303 body_ori=0.48705 body_lin=0.56851 body_ang=0.44491
[TRAIN_COST] action_rate=4.79266 joint_limit=0.00390 undesired_contacts=1.55640
[REWARD_WEIGHTED] pos=0.06075 penalty=-0.01357 total=0.04717 act_rate=-0.00966 contacts=-0.00311
[ACT_GREEDY] abs_mean=0.8342 abs_p95=2.3953 abs_p99=3.0705 abs_max=8.2530 legs=0.8459 waist=0.7264 arms=0.8473
[ACT_ROLLOUT] abs_mean=0.8526 abs_p95=2.3842 abs_p99=3.1198 abs_max=26.5661 abs_max_all=26.5661
[SAMPLER] top_bin=0 top_prob=0.401 peak_bin=1 failed_sum=231.2560 entropy=0.8625
[TRAIN_BODY] torso_ori=10.06deg l_wrist_ori=16.46deg r_wrist_ori=21.22deg l_elbow_ori=14.65deg r_elbow_ori=18.01deg l_shoulder_ori=13.60deg r_shoulder_ori=21.67deg
[TRAIN_ANG] torso=1.873 l_wrist=3.335 r_wrist=3.755 l_elbow=2.882 r_elbow=3.218 l_shoulder=2.409 r_shoulder=2.721
[TRAIN_ACT] l_wrist_r=0.4402 l_wrist_p=1.3034 l_wrist_y=0.9001 r_wrist_r=0.4838 r_wrist_p=0.7458 r_wrist_y=0.7337 l_elbow=0.6278 r_elbow=0.6205
[UPDATE] 342/500 reward_step=0.04710 done_frac=0.01716 mean_reward=2.63356 mean_len=55.69
[FPO++] actor_loss=-0.00213 value_loss=0.02725 ratio=0.9992 [0.837,1.137] clip_frac=0.1457 cfm_old=0.6829 cfm_new=0.6837 kl=0.000101 grad=0.2227 grad_c=0.1030 lr=0.000171 critic_lr=0.000171
[TRAIN] mean_reward=2.63356 mean_len=55.69 recent_eps=100 completed_eps=5595659
[UPDATE_EFFECT] action_delta=0.00619136 param_rms_delta=0.00013885
[TIME] collect=4.851s update=5.809s
[DONE] timeout=0.00000 anchor_pos=0.00012 anchor_ori=0.00269 ee_body=0.40564
[DONE_ROLLOUT] timeout=0.00000 anchor_pos=0.00001 anchor_ori=0.00011 ee_body=0.01705
[FIRST_FAILURE] step_mean=11.20 step_min=0 step_max=23 phase_mean=146.35 phase_min=16 phase_max=324 anchor_pos=0.00012 anchor_ori=0.00269 ee_body=0.40564 timeout=0.00000
[TRACK_CHUNK0] anchor_pos=0.63489 anchor_ori=0.74918 body_pos=0.84263 body_ori=0.48796 body_lin=0.56781 body_ang=0.44579
[TRACK_ROLLOUT] anchor_pos=0.63484 anchor_ori=0.75122 body_pos=0.84388 body_ori=0.48766 body_lin=0.56796 body_ang=0.44442
[TRAIN_COST] action_rate=4.82760 joint_limit=0.00392 undesired_contacts=1.54602
[REWARD_WEIGHTED] pos=0.06074 penalty=-0.01364 total=0.04710 act_rate=-0.00969 contacts=-0.00311
[ACT_GREEDY] abs_mean=0.8331 abs_p95=2.3893 abs_p99=3.0788 abs_max=6.9755 legs=0.8450 waist=0.7241 arms=0.8463
[ACT_ROLLOUT] abs_mean=0.8552 abs_p95=2.3887 abs_p99=3.1284 abs_max=19.7395 abs_max_all=19.7395
[SAMPLER] top_bin=0 top_prob=0.399 peak_bin=1 failed_sum=229.1031 entropy=0.8635
[TRAIN_BODY] torso_ori=10.07deg l_wrist_ori=16.71deg r_wrist_ori=21.37deg l_elbow_ori=14.93deg r_elbow_ori=18.24deg l_shoulder_ori=13.81deg r_shoulder_ori=21.68deg
[TRAIN_ANG] torso=1.875 l_wrist=3.326 r_wrist=3.729 l_elbow=2.896 r_elbow=3.243 l_shoulder=2.458 r_shoulder=2.730
[TRAIN_ACT] l_wrist_r=0.4394 l_wrist_p=1.2891 l_wrist_y=0.9046 r_wrist_r=0.4855 r_wrist_p=0.7439 r_wrist_y=0.7498 l_elbow=0.6301 r_elbow=0.6198
[UPDATE] 343/500 reward_step=0.04708 done_frac=0.01742 mean_reward=2.64140 mean_len=55.33
[FPO++] actor_loss=0.00115 value_loss=0.02725 ratio=0.9978 [0.839,1.199] clip_frac=0.1779 cfm_old=0.6847 cfm_new=0.6870 kl=0.000134 grad=0.2846 grad_c=0.1401 lr=0.000114 critic_lr=0.000114
[TRAIN] mean_reward=2.64140 mean_len=55.33 recent_eps=100 completed_eps=5599084
[UPDATE_EFFECT] action_delta=0.00880602 param_rms_delta=0.00013543
[TIME] collect=4.811s update=5.815s
[DONE] timeout=0.00000 anchor_pos=0.00012 anchor_ori=0.00269 ee_body=0.41272
[DONE_ROLLOUT] timeout=0.00000 anchor_pos=0.00001 anchor_ori=0.00011 ee_body=0.01732
[FIRST_FAILURE] step_mean=11.38 step_min=0 step_max=23 phase_mean=148.45 phase_min=18 phase_max=324 anchor_pos=0.00012 anchor_ori=0.00269 ee_body=0.41272 timeout=0.00000
[TRACK_CHUNK0] anchor_pos=0.62957 anchor_ori=0.75079 body_pos=0.84141 body_ori=0.48284 body_lin=0.56514 body_ang=0.44573
[TRACK_ROLLOUT] anchor_pos=0.63230 anchor_ori=0.75187 body_pos=0.84300 body_ori=0.48607 body_lin=0.56663 body_ang=0.44520
[TRAIN_COST] action_rate=4.77966 joint_limit=0.00411 undesired_contacts=1.54517
[REWARD_WEIGHTED] pos=0.06066 penalty=-0.01358 total=0.04708 act_rate=-0.00966 contacts=-0.00310
[ACT_GREEDY] abs_mean=0.8352 abs_p95=2.3869 abs_p99=3.0763 abs_max=13.4925 legs=0.8447 waist=0.7319 arms=0.8492
[ACT_ROLLOUT] abs_mean=0.8532 abs_p95=2.3853 abs_p99=3.1273 abs_max=16.2082 abs_max_all=16.2082
[SAMPLER] top_bin=0 top_prob=0.397 peak_bin=1 failed_sum=227.0532 entropy=0.8647
[TRAIN_BODY] torso_ori=10.03deg l_wrist_ori=16.68deg r_wrist_ori=21.24deg l_elbow_ori=14.96deg r_elbow_ori=18.09deg l_shoulder_ori=13.95deg r_shoulder_ori=21.95deg
[TRAIN_ANG] torso=1.878 l_wrist=3.313 r_wrist=3.701 l_elbow=2.888 r_elbow=3.208 l_shoulder=2.436 r_shoulder=2.720
[TRAIN_ACT] l_wrist_r=0.4367 l_wrist_p=1.2925 l_wrist_y=0.9112 r_wrist_r=0.4826 r_wrist_p=0.7441 r_wrist_y=0.7441 l_elbow=0.6393 r_elbow=0.6146
[UPDATE] 344/500 reward_step=0.04687 done_frac=0.01706 mean_reward=2.60909 mean_len=55.90
[FPO++] actor_loss=-0.00196 value_loss=0.02827 ratio=0.9993 [0.848,1.142] clip_frac=0.1593 cfm_old=0.6834 cfm_new=0.6841 kl=0.000091 grad=0.2719 grad_c=0.1090 lr=0.000256 critic_lr=0.000256
[TRAIN] mean_reward=2.60909 mean_len=55.90 recent_eps=100 completed_eps=5602438
[UPDATE_EFFECT] action_delta=0.00714977 param_rms_delta=0.00014873
[TIME] collect=4.780s update=5.807s
[DONE] timeout=0.00000 anchor_pos=0.00000 anchor_ori=0.00281 ee_body=0.40369
[DONE_ROLLOUT] timeout=0.00000 anchor_pos=0.00000 anchor_ori=0.00012 ee_body=0.01696
[FIRST_FAILURE] step_mean=11.39 step_min=0 step_max=23 phase_mean=147.24 phase_min=19 phase_max=324 anchor_pos=0.00000 anchor_ori=0.00281 ee_body=0.40369 timeout=0.00000
[TRACK_CHUNK0] anchor_pos=0.63074 anchor_ori=0.75246 body_pos=0.84384 body_ori=0.48649 body_lin=0.56831 body_ang=0.44711
[TRACK_ROLLOUT] anchor_pos=0.62682 anchor_ori=0.75297 body_pos=0.84285 body_ori=0.48337 body_lin=0.56684 body_ang=0.44482
[TRAIN_COST] action_rate=4.80675 joint_limit=0.00394 undesired_contacts=1.56543
[REWARD_WEIGHTED] pos=0.06056 penalty=-0.01369 total=0.04687 act_rate=-0.00976 contacts=-0.00309
[ACT_GREEDY] abs_mean=0.8333 abs_p95=2.3907 abs_p99=3.0885 abs_max=7.8496 legs=0.8436 waist=0.7320 arms=0.8463
[ACT_ROLLOUT] abs_mean=0.8545 abs_p95=2.3874 abs_p99=3.1312 abs_max=16.6492 abs_max_all=16.6492
[SAMPLER] top_bin=0 top_prob=0.395 peak_bin=1 failed_sum=224.9817 entropy=0.8657
[TRAIN_BODY] torso_ori=9.90deg l_wrist_ori=16.56deg r_wrist_ori=21.29deg l_elbow_ori=14.83deg r_elbow_ori=18.10deg l_shoulder_ori=13.79deg r_shoulder_ori=21.96deg
[TRAIN_ANG] torso=1.858 l_wrist=3.303 r_wrist=3.706 l_elbow=2.863 r_elbow=3.200 l_shoulder=2.424 r_shoulder=2.707
[TRAIN_ACT] l_wrist_r=0.4371 l_wrist_p=1.2816 l_wrist_y=0.9163 r_wrist_r=0.4735 r_wrist_p=0.7230 r_wrist_y=0.7574 l_elbow=0.6252 r_elbow=0.6067
[UPDATE] 345/500 reward_step=0.04696 done_frac=0.01691 mean_reward=2.67638 mean_len=57.59
[FPO++] actor_loss=-0.00333 value_loss=0.02967 ratio=0.9983 [0.884,1.113] clip_frac=0.1551 cfm_old=0.6842 cfm_new=0.6859 kl=0.000084 grad=0.2256 grad_c=0.1952 lr=0.000384 critic_lr=0.000384
[TRAIN] mean_reward=2.67638 mean_len=57.59 recent_eps=100 completed_eps=5605762
[UPDATE_EFFECT] action_delta=0.00641873 param_rms_delta=0.00022018
[TIME] collect=4.841s update=5.803s
[DONE] timeout=0.00000 anchor_pos=0.00000 anchor_ori=0.00305 ee_body=0.39978
[DONE_ROLLOUT] timeout=0.00000 anchor_pos=0.00000 anchor_ori=0.00013 ee_body=0.01681
[FIRST_FAILURE] step_mean=11.48 step_min=0 step_max=23 phase_mean=148.71 phase_min=16 phase_max=324 anchor_pos=0.00000 anchor_ori=0.00305 ee_body=0.39978 timeout=0.00000
[TRACK_CHUNK0] anchor_pos=0.62551 anchor_ori=0.75443 body_pos=0.84346 body_ori=0.48273 body_lin=0.56615 body_ang=0.44376
[TRACK_ROLLOUT] anchor_pos=0.62128 anchor_ori=0.75501 body_pos=0.84334 body_ori=0.48405 body_lin=0.56584 body_ang=0.44460
[TRAIN_COST] action_rate=4.92173 joint_limit=0.00437 undesired_contacts=1.53870
[REWARD_WEIGHTED] pos=0.06052 penalty=-0.01356 total=0.04696 act_rate=-0.00971 contacts=-0.00303
[ACT_GREEDY] abs_mean=0.8336 abs_p95=2.3979 abs_p99=3.0922 abs_max=15.4695 legs=0.8408 waist=0.7330 arms=0.8489
[ACT_ROLLOUT] abs_mean=0.8521 abs_p95=2.3840 abs_p99=3.1326 abs_max=22.1197 abs_max_all=22.1197
[SAMPLER] top_bin=0 top_prob=0.394 peak_bin=1 failed_sum=222.9301 entropy=0.8668
[TRAIN_BODY] torso_ori=9.95deg l_wrist_ori=16.80deg r_wrist_ori=21.14deg l_elbow_ori=15.06deg r_elbow_ori=18.07deg l_shoulder_ori=14.23deg r_shoulder_ori=21.96deg
[TRAIN_ANG] torso=1.875 l_wrist=3.335 r_wrist=3.715 l_elbow=2.916 r_elbow=3.186 l_shoulder=2.467 r_shoulder=2.695
[TRAIN_ACT] l_wrist_r=0.4424 l_wrist_p=1.2796 l_wrist_y=0.9245 r_wrist_r=0.4772 r_wrist_p=0.7177 r_wrist_y=0.7322 l_elbow=0.6325 r_elbow=0.6017
[UPDATE] 346/500 reward_step=0.04687 done_frac=0.01663 mean_reward=2.56412 mean_len=55.73
[FPO++] actor_loss=0.00299 value_loss=0.03234 ratio=0.9984 [0.119,4.907] clip_frac=0.1848 cfm_old=0.6865 cfm_new=0.6883 kl=0.000506 grad=0.3348 grad_c=0.1449 lr=0.000010 critic_lr=0.000010
[TRAIN] mean_reward=2.56412 mean_len=55.73 recent_eps=100 completed_eps=5609031
[UPDATE_EFFECT] action_delta=0.00721248 param_rms_delta=0.00027057
[TIME] collect=4.737s update=5.807s
[DONE] timeout=0.00000 anchor_pos=0.00000 anchor_ori=0.00281 ee_body=0.39331
[DONE_ROLLOUT] timeout=0.00000 anchor_pos=0.00000 anchor_ori=0.00012 ee_body=0.01653
[FIRST_FAILURE] step_mean=11.48 step_min=0 step_max=23 phase_mean=148.30 phase_min=15 phase_max=324 anchor_pos=0.00000 anchor_ori=0.00281 ee_body=0.39319 timeout=0.00000
[TRACK_CHUNK0] anchor_pos=0.62129 anchor_ori=0.75636 body_pos=0.84387 body_ori=0.48600 body_lin=0.56787 body_ang=0.44420
[TRACK_ROLLOUT] anchor_pos=0.61921 anchor_ori=0.75647 body_pos=0.84299 body_ori=0.48390 body_lin=0.56840 body_ang=0.44492
[TRAIN_COST] action_rate=4.89802 joint_limit=0.00419 undesired_contacts=1.50757
[REWARD_WEIGHTED] pos=0.06056 penalty=-0.01369 total=0.04687 act_rate=-0.00975 contacts=-0.00301
[ACT_GREEDY] abs_mean=0.8317 abs_p95=2.3889 abs_p99=3.0858 abs_max=19.3943 legs=0.8371 waist=0.7317 arms=0.8484
[ACT_ROLLOUT] abs_mean=0.8538 abs_p95=2.3903 abs_p99=3.1449 abs_max=34.9448 abs_max_all=34.9448
[SAMPLER] top_bin=0 top_prob=0.392 peak_bin=1 failed_sum=220.8728 entropy=0.8678
[TRAIN_BODY] torso_ori=9.85deg l_wrist_ori=16.65deg r_wrist_ori=20.92deg l_elbow_ori=14.94deg r_elbow_ori=18.01deg l_shoulder_ori=14.16deg r_shoulder_ori=21.57deg
[TRAIN_ANG] torso=1.855 l_wrist=3.326 r_wrist=3.722 l_elbow=2.909 r_elbow=3.209 l_shoulder=2.448 r_shoulder=2.702
[TRAIN_ACT] l_wrist_r=0.4381 l_wrist_p=1.2702 l_wrist_y=0.9213 r_wrist_r=0.4666 r_wrist_p=0.7413 r_wrist_y=0.7470 l_elbow=0.6383 r_elbow=0.6058
[UPDATE] 347/500 reward_step=0.04696 done_frac=0.01632 mean_reward=2.52708 mean_len=54.27
[FPO++] actor_loss=-0.00491 value_loss=0.03333 ratio=0.9994 [0.613,2.179] clip_frac=0.0454 cfm_old=0.6832 cfm_new=0.6838 kl=0.000052 grad=0.1102 grad_c=0.1119 lr=0.000114 critic_lr=0.000114
[TRAIN] mean_reward=2.52708 mean_len=54.27 recent_eps=100 completed_eps=5612239
[UPDATE_EFFECT] action_delta=0.00543153 param_rms_delta=0.00008689
[TIME] collect=4.665s update=5.817s
[DONE] timeout=0.00000 anchor_pos=0.00012 anchor_ori=0.00256 ee_body=0.38647
[DONE_ROLLOUT] timeout=0.00000 anchor_pos=0.00001 anchor_ori=0.00011 ee_body=0.01620
[FIRST_FAILURE] step_mean=11.32 step_min=0 step_max=23 phase_mean=148.76 phase_min=20 phase_max=323 anchor_pos=0.00012 anchor_ori=0.00256 ee_body=0.38647 timeout=0.00000
[TRACK_CHUNK0] anchor_pos=0.61979 anchor_ori=0.75285 body_pos=0.84349 body_ori=0.48548 body_lin=0.56851 body_ang=0.44537
[TRACK_ROLLOUT] anchor_pos=0.61982 anchor_ori=0.75390 body_pos=0.84477 body_ori=0.48504 body_lin=0.56976 body_ang=0.44600
[TRAIN_COST] action_rate=4.92043 joint_limit=0.00513 undesired_contacts=1.53308
[REWARD_WEIGHTED] pos=0.06065 penalty=-0.01369 total=0.04696 act_rate=-0.00976 contacts=-0.00303
[ACT_GREEDY] abs_mean=0.8317 abs_p95=2.4004 abs_p99=3.1050 abs_max=32.6585 legs=0.8381 waist=0.7308 arms=0.8477
[ACT_ROLLOUT] abs_mean=0.8530 abs_p95=2.3936 abs_p99=3.1369 abs_max=32.9584 abs_max_all=32.9584
[SAMPLER] top_bin=0 top_prob=0.390 peak_bin=1 failed_sum=218.8034 entropy=0.8688
[TRAIN_BODY] torso_ori=9.94deg l_wrist_ori=16.85deg r_wrist_ori=20.86deg l_elbow_ori=15.04deg r_elbow_ori=18.00deg l_shoulder_ori=14.14deg r_shoulder_ori=21.56deg
[TRAIN_ANG] torso=1.869 l_wrist=3.335 r_wrist=3.715 l_elbow=2.913 r_elbow=3.201 l_shoulder=2.473 r_shoulder=2.710
[TRAIN_ACT] l_wrist_r=0.4449 l_wrist_p=1.2677 l_wrist_y=0.9056 r_wrist_r=0.4727 r_wrist_p=0.7317 r_wrist_y=0.7464 l_elbow=0.6371 r_elbow=0.6061
[UPDATE] 348/500 reward_step=0.04693 done_frac=0.01622 mean_reward=3.18025 mean_len=66.81
[FPO++] actor_loss=-0.00332 value_loss=0.03363 ratio=0.9990 [0.460,1.477] clip_frac=0.0784 cfm_old=0.6825 cfm_new=0.6836 kl=0.000095 grad=0.1190 grad_c=0.1311 lr=0.000384 critic_lr=0.000384
[TRAIN] mean_reward=3.18025 mean_len=66.81 recent_eps=100 completed_eps=5615428
[UPDATE_EFFECT] action_delta=0.00895937 param_rms_delta=0.00025280
[TIME] collect=4.719s update=5.813s
[DONE] timeout=0.00000 anchor_pos=0.00000 anchor_ori=0.00293 ee_body=0.38477
[DONE_ROLLOUT] timeout=0.00000 anchor_pos=0.00000 anchor_ori=0.00012 ee_body=0.01613
[FIRST_FAILURE] step_mean=11.41 step_min=0 step_max=23 phase_mean=151.13 phase_min=22 phase_max=324 anchor_pos=0.00000 anchor_ori=0.00293 ee_body=0.38477 timeout=0.00000
[TRACK_CHUNK0] anchor_pos=0.61594 anchor_ori=0.75370 body_pos=0.84439 body_ori=0.48277 body_lin=0.56819 body_ang=0.44513
[TRACK_ROLLOUT] anchor_pos=0.61582 anchor_ori=0.75445 body_pos=0.84502 body_ori=0.48551 body_lin=0.56636 body_ang=0.44453
[TRAIN_COST] action_rate=4.82396 joint_limit=0.00451 undesired_contacts=1.49841
[REWARD_WEIGHTED] pos=0.06053 penalty=-0.01360 total=0.04693 act_rate=-0.00975 contacts=-0.00296
[ACT_GREEDY] abs_mean=0.8285 abs_p95=2.3864 abs_p99=3.0889 abs_max=17.8819 legs=0.8321 waist=0.7314 arms=0.8463
[ACT_ROLLOUT] abs_mean=0.8513 abs_p95=2.3862 abs_p99=3.1316 abs_max=29.2558 abs_max_all=29.2558
[SAMPLER] top_bin=0 top_prob=0.388 peak_bin=1 failed_sum=216.7646 entropy=0.8699
[TRAIN_BODY] torso_ori=10.00deg l_wrist_ori=16.84deg r_wrist_ori=20.76deg l_elbow_ori=15.02deg r_elbow_ori=18.07deg l_shoulder_ori=14.32deg r_shoulder_ori=21.78deg
[TRAIN_ANG] torso=1.878 l_wrist=3.327 r_wrist=3.729 l_elbow=2.909 r_elbow=3.203 l_shoulder=2.462 r_shoulder=2.704
[TRAIN_ACT] l_wrist_r=0.4485 l_wrist_p=1.2764 l_wrist_y=0.8964 r_wrist_r=0.4804 r_wrist_p=0.7278 r_wrist_y=0.7322 l_elbow=0.6325 r_elbow=0.6063
[UPDATE] 349/500 reward_step=0.04704 done_frac=0.01595 mean_reward=3.42610 mean_len=72.08
[FPO++] actor_loss=-0.00143 value_loss=0.03630 ratio=0.9989 [0.112,2.424] clip_frac=0.1149 cfm_old=0.6821 cfm_new=0.6833 kl=0.000725 grad=0.2484 grad_c=0.1087 lr=0.000010 critic_lr=0.000010
[TRAIN] mean_reward=3.42610 mean_len=72.08 recent_eps=100 completed_eps=5618564
[UPDATE_EFFECT] action_delta=0.00668857 param_rms_delta=0.00027378
[TIME] collect=4.768s update=5.817s
[DONE] timeout=0.00000 anchor_pos=0.00000 anchor_ori=0.00281 ee_body=0.37854
[DONE_ROLLOUT] timeout=0.00000 anchor_pos=0.00000 anchor_ori=0.00012 ee_body=0.01584
[FIRST_FAILURE] step_mean=11.54 step_min=0 step_max=23 phase_mean=151.46 phase_min=17 phase_max=324 anchor_pos=0.00000 anchor_ori=0.00281 ee_body=0.37854 timeout=0.00000
[TRACK_CHUNK0] anchor_pos=0.61686 anchor_ori=0.75609 body_pos=0.84651 body_ori=0.48927 body_lin=0.56880 body_ang=0.44601
[TRACK_ROLLOUT] anchor_pos=0.61284 anchor_ori=0.75893 body_pos=0.84602 body_ori=0.48568 body_lin=0.56728 body_ang=0.44570
[TRAIN_COST] action_rate=4.85694 joint_limit=0.00455 undesired_contacts=1.46277
[REWARD_WEIGHTED] pos=0.06061 penalty=-0.01357 total=0.04704 act_rate=-0.00971 contacts=-0.00291
[ACT_GREEDY] abs_mean=0.8292 abs_p95=2.3933 abs_p99=3.0992 abs_max=19.8142 legs=0.8297 waist=0.7292 arms=0.8502
[ACT_ROLLOUT] abs_mean=0.8527 abs_p95=2.3908 abs_p99=3.1490 abs_max=30.8519 abs_max_all=30.8519
[SAMPLER] top_bin=0 top_prob=0.386 peak_bin=1 failed_sum=214.7221 entropy=0.8710
[TRAIN_BODY] torso_ori=9.86deg l_wrist_ori=16.52deg r_wrist_ori=20.41deg l_elbow_ori=14.74deg r_elbow_ori=17.53deg l_shoulder_ori=14.15deg r_shoulder_ori=21.32deg
[TRAIN_ANG] torso=1.874 l_wrist=3.304 r_wrist=3.681 l_elbow=2.888 r_elbow=3.162 l_shoulder=2.458 r_shoulder=2.684
[TRAIN_ACT] l_wrist_r=0.4444 l_wrist_p=1.2801 l_wrist_y=0.8990 r_wrist_r=0.4797 r_wrist_p=0.7360 r_wrist_y=0.7478 l_elbow=0.6286 r_elbow=0.6059
[UPDATE] 350/500 reward_step=0.04691 done_frac=0.01582 mean_reward=3.21409 mean_len=68.67
[FPO++] actor_loss=-0.00667 value_loss=0.03687 ratio=0.9991 [0.614,1.290] clip_frac=0.0390 cfm_old=0.6802 cfm_new=0.6811 kl=0.000059 grad=0.1086 grad_c=0.1199 lr=0.000114 critic_lr=0.000114
[TRAIN] mean_reward=3.21409 mean_len=68.67 recent_eps=100 completed_eps=5621674
[UPDATE_EFFECT] action_delta=0.00468447 param_rms_delta=0.00009752
[TIME] collect=4.831s update=5.817s
[DONE] timeout=0.00000 anchor_pos=0.00000 anchor_ori=0.00208 ee_body=0.37573
[DONE_ROLLOUT] timeout=0.00000 anchor_pos=0.00000 anchor_ori=0.00009 ee_body=0.01575
[FIRST_FAILURE] step_mean=11.50 step_min=0 step_max=23 phase_mean=151.52 phase_min=16 phase_max=324 anchor_pos=0.00000 anchor_ori=0.00208 ee_body=0.37573 timeout=0.00000
[TRACK_CHUNK0] anchor_pos=0.61225 anchor_ori=0.75799 body_pos=0.84625 body_ori=0.48614 body_lin=0.56951 body_ang=0.44598
[TRACK_ROLLOUT] anchor_pos=0.61219 anchor_ori=0.75732 body_pos=0.84611 body_ori=0.48442 body_lin=0.56824 body_ang=0.44689
[TRAIN_COST] action_rate=4.96284 joint_limit=0.00502 undesired_contacts=1.46338
[REWARD_WEIGHTED] pos=0.06061 penalty=-0.01369 total=0.04691 act_rate=-0.00973 contacts=-0.00293
[ACT_GREEDY] abs_mean=0.8302 abs_p95=2.3923 abs_p99=3.1045 abs_max=32.8828 legs=0.8324 waist=0.7309 arms=0.8496
[ACT_ROLLOUT] abs_mean=0.8546 abs_p95=2.3936 abs_p99=3.1570 abs_max=58.3783 abs_max_all=58.3783
[SAMPLER] top_bin=0 top_prob=0.385 peak_bin=1 failed_sum=212.7023 entropy=0.8721
[TRAIN_BODY] torso_ori=9.83deg l_wrist_ori=16.75deg r_wrist_ori=20.61deg l_elbow_ori=14.96deg r_elbow_ori=17.77deg l_shoulder_ori=14.34deg r_shoulder_ori=21.33deg
[TRAIN_ANG] torso=1.864 l_wrist=3.316 r_wrist=3.721 l_elbow=2.898 r_elbow=3.203 l_shoulder=2.442 r_shoulder=2.695
[TRAIN_ACT] l_wrist_r=0.4555 l_wrist_p=1.2855 l_wrist_y=0.8861 r_wrist_r=0.4889 r_wrist_p=0.7452 r_wrist_y=0.7325 l_elbow=0.6265 r_elbow=0.5989
[UPDATE] 351/500 reward_step=0.04705 done_frac=0.01626 mean_reward=2.96821 mean_len=62.47
[FPO++] actor_loss=-0.00455 value_loss=0.03115 ratio=0.9989 [0.717,1.998] clip_frac=0.0509 cfm_old=0.6797 cfm_new=0.6809 kl=0.000069 grad=0.0951 grad_c=0.1185 lr=0.000256 critic_lr=0.000256
[TRAIN] mean_reward=2.96821 mean_len=62.47 recent_eps=100 completed_eps=5624871
[UPDATE_EFFECT] action_delta=0.00563134 param_rms_delta=0.00019076
[TIME] collect=4.868s update=5.812s
[DONE] timeout=0.00000 anchor_pos=0.00024 anchor_ori=0.00208 ee_body=0.38477
[DONE_ROLLOUT] timeout=0.00000 anchor_pos=0.00001 anchor_ori=0.00009 ee_body=0.01618
[FIRST_FAILURE] step_mean=11.61 step_min=0 step_max=23 phase_mean=152.55 phase_min=21 phase_max=324 anchor_pos=0.00024 anchor_ori=0.00208 ee_body=0.38477 timeout=0.00000
[TRACK_CHUNK0] anchor_pos=0.61256 anchor_ori=0.75934 body_pos=0.84640 body_ori=0.48406 body_lin=0.56750 body_ang=0.44622
[TRACK_ROLLOUT] anchor_pos=0.61187 anchor_ori=0.75716 body_pos=0.84605 body_ori=0.48459 body_lin=0.56720 body_ang=0.44607
[TRAIN_COST] action_rate=4.86592 joint_limit=0.00518 undesired_contacts=1.47266
[REWARD_WEIGHTED] pos=0.06057 penalty=-0.01351 total=0.04705 act_rate=-0.00962 contacts=-0.00291
[ACT_GREEDY] abs_mean=0.8344 abs_p95=2.3915 abs_p99=3.1082 abs_max=59.5196 legs=0.8348 waist=0.7371 arms=0.8550
[ACT_ROLLOUT] abs_mean=0.8541 abs_p95=2.3913 abs_p99=3.1474 abs_max=65.7890 abs_max_all=65.7890
[SAMPLER] top_bin=0 top_prob=0.383 peak_bin=1 failed_sum=210.8170 entropy=0.8732
[TRAIN_BODY] torso_ori=9.79deg l_wrist_ori=16.73deg r_wrist_ori=20.95deg l_elbow_ori=14.83deg r_elbow_ori=17.89deg l_shoulder_ori=14.24deg r_shoulder_ori=21.46deg
[TRAIN_ANG] torso=1.864 l_wrist=3.322 r_wrist=3.694 l_elbow=2.881 r_elbow=3.189 l_shoulder=2.441 r_shoulder=2.678
[TRAIN_ACT] l_wrist_r=0.4530 l_wrist_p=1.2853 l_wrist_y=0.8750 r_wrist_r=0.5036 r_wrist_p=0.7500 r_wrist_y=0.7341 l_elbow=0.6307 r_elbow=0.6172
[UPDATE] 352/500 reward_step=0.04719 done_frac=0.01598 mean_reward=2.82969 mean_len=59.79
[FPO++] actor_loss=-0.00568 value_loss=0.03602 ratio=0.9990 [0.284,2.200] clip_frac=0.0907 cfm_old=0.6754 cfm_new=0.6765 kl=0.000166 grad=0.3316 grad_c=0.1198 lr=0.000015 critic_lr=0.000015
[TRAIN] mean_reward=2.82969 mean_len=59.79 recent_eps=100 completed_eps=5628012
[UPDATE_EFFECT] action_delta=0.00447160 param_rms_delta=0.00016000
[TIME] collect=4.751s update=5.821s
[DONE] timeout=0.00000 anchor_pos=0.00000 anchor_ori=0.00293 ee_body=0.37854
[DONE_ROLLOUT] timeout=0.00000 anchor_pos=0.00000 anchor_ori=0.00012 ee_body=0.01587
[FIRST_FAILURE] step_mean=11.52 step_min=0 step_max=23 phase_mean=153.60 phase_min=18 phase_max=324 anchor_pos=0.00000 anchor_ori=0.00293 ee_body=0.37854 timeout=0.00000
[TRACK_CHUNK0] anchor_pos=0.61656 anchor_ori=0.75618 body_pos=0.84737 body_ori=0.48656 body_lin=0.57035 body_ang=0.44665
[TRACK_ROLLOUT] anchor_pos=0.61543 anchor_ori=0.75627 body_pos=0.84694 body_ori=0.48510 body_lin=0.56911 body_ang=0.44807
[TRAIN_COST] action_rate=4.76237 joint_limit=0.00497 undesired_contacts=1.46130
[REWARD_WEIGHTED] pos=0.06070 penalty=-0.01351 total=0.04719 act_rate=-0.00960 contacts=-0.00293
[ACT_GREEDY] abs_mean=0.8323 abs_p95=2.3985 abs_p99=3.1014 abs_max=21.3797 legs=0.8346 waist=0.7327 arms=0.8517
[ACT_ROLLOUT] abs_mean=0.8568 abs_p95=2.4000 abs_p99=3.1556 abs_max=47.2567 abs_max_all=47.2567
[SAMPLER] top_bin=0 top_prob=0.381 peak_bin=1 failed_sum=208.9205 entropy=0.8743
[TRAIN_BODY] torso_ori=9.82deg l_wrist_ori=16.60deg r_wrist_ori=21.06deg l_elbow_ori=14.85deg r_elbow_ori=17.73deg l_shoulder_ori=14.15deg r_shoulder_ori=21.27deg
[TRAIN_ANG] torso=1.877 l_wrist=3.295 r_wrist=3.682 l_elbow=2.876 r_elbow=3.169 l_shoulder=2.435 r_shoulder=2.678
[TRAIN_ACT] l_wrist_r=0.4494 l_wrist_p=1.2995 l_wrist_y=0.8591 r_wrist_r=0.4991 r_wrist_p=0.7440 r_wrist_y=0.7319 l_elbow=0.6298 r_elbow=0.6070
[UPDATE] 353/500 reward_step=0.04692 done_frac=0.01580 mean_reward=3.10508 mean_len=65.33
[FPO++] actor_loss=-0.00885 value_loss=0.04211 ratio=0.9992 [0.548,1.560] clip_frac=0.0377 cfm_old=0.6792 cfm_new=0.6800 kl=0.000055 grad=0.1791 grad_c=0.1479 lr=0.000114 critic_lr=0.000114
[TRAIN] mean_reward=3.10508 mean_len=65.33 recent_eps=100 completed_eps=5631119
[UPDATE_EFFECT] action_delta=0.00580852 param_rms_delta=0.00009768
[TIME] collect=4.917s update=5.814s
[DONE] timeout=0.00000 anchor_pos=0.00000 anchor_ori=0.00256 ee_body=0.37415
[DONE_ROLLOUT] timeout=0.00000 anchor_pos=0.00000 anchor_ori=0.00011 ee_body=0.01571
[FIRST_FAILURE] step_mean=11.57 step_min=0 step_max=23 phase_mean=151.46 phase_min=19 phase_max=324 anchor_pos=0.00000 anchor_ori=0.00256 ee_body=0.37415 timeout=0.00000
[TRACK_CHUNK0] anchor_pos=0.61460 anchor_ori=0.76030 body_pos=0.84879 body_ori=0.48550 body_lin=0.57149 body_ang=0.45086
[TRACK_ROLLOUT] anchor_pos=0.60775 anchor_ori=0.75787 body_pos=0.84575 body_ori=0.48161 body_lin=0.56592 body_ang=0.44727
[TRAIN_COST] action_rate=4.79091 joint_limit=0.00523 undesired_contacts=1.45813
[REWARD_WEIGHTED] pos=0.06047 penalty=-0.01355 total=0.04692 act_rate=-0.00958 contacts=-0.00288
[ACT_GREEDY] abs_mean=0.8351 abs_p95=2.3934 abs_p99=3.1128 abs_max=46.8146 legs=0.8347 waist=0.7353 arms=0.8570
[ACT_ROLLOUT] abs_mean=0.8578 abs_p95=2.3984 abs_p99=3.1606 abs_max=52.7706 abs_max_all=52.7706
[SAMPLER] top_bin=0 top_prob=0.379 peak_bin=1 failed_sum=207.0357 entropy=0.8753
[TRAIN_BODY] torso_ori=9.70deg l_wrist_ori=16.48deg r_wrist_ori=20.92deg l_elbow_ori=14.67deg r_elbow_ori=17.61deg l_shoulder_ori=14.14deg r_shoulder_ori=21.18deg
[TRAIN_ANG] torso=1.850 l_wrist=3.247 r_wrist=3.652 l_elbow=2.825 r_elbow=3.148 l_shoulder=2.389 r_shoulder=2.665
[TRAIN_ACT] l_wrist_r=0.4504 l_wrist_p=1.3072 l_wrist_y=0.8701 r_wrist_r=0.4934 r_wrist_p=0.7437 r_wrist_y=0.7394 l_elbow=0.6265 r_elbow=0.6044
[UPDATE] 354/500 reward_step=0.04682 done_frac=0.01580 mean_reward=2.66193 mean_len=56.57
[FPO++] actor_loss=-0.00766 value_loss=0.04549 ratio=0.9993 [0.345,1.551] clip_frac=0.0542 cfm_old=0.6784 cfm_new=0.6791 kl=0.000115 grad=0.1309 grad_c=0.2029 lr=0.000256 critic_lr=0.000256
[TRAIN] mean_reward=2.66193 mean_len=56.57 recent_eps=100 completed_eps=5634226
[UPDATE_EFFECT] action_delta=0.00711425 param_rms_delta=0.00023501
[TIME] collect=4.705s update=5.814s
[DONE] timeout=0.00000 anchor_pos=0.00012 anchor_ori=0.00122 ee_body=0.37451
[DONE_ROLLOUT] timeout=0.00000 anchor_pos=0.00001 anchor_ori=0.00005 ee_body=0.01575
[FIRST_FAILURE] step_mean=11.23 step_min=0 step_max=23 phase_mean=154.68 phase_min=20 phase_max=323 anchor_pos=0.00012 anchor_ori=0.00122 ee_body=0.37439 timeout=0.00000
[TRACK_CHUNK0] anchor_pos=0.60590 anchor_ori=0.75761 body_pos=0.84490 body_ori=0.48151 body_lin=0.56355 body_ang=0.44610
[TRACK_ROLLOUT] anchor_pos=0.60561 anchor_ori=0.76049 body_pos=0.84674 body_ori=0.48223 body_lin=0.56404 body_ang=0.44640
[TRAIN_COST] action_rate=4.86023 joint_limit=0.00615 undesired_contacts=1.42236
[REWARD_WEIGHTED] pos=0.06045 penalty=-0.01363 total=0.04682 act_rate=-0.00960 contacts=-0.00285
[ACT_GREEDY] abs_mean=0.8360 abs_p95=2.3964 abs_p99=3.1248 abs_max=48.4804 legs=0.8334 waist=0.7424 arms=0.8584
[ACT_ROLLOUT] abs_mean=0.8594 abs_p95=2.3977 abs_p99=3.1677 abs_max=53.1369 abs_max_all=53.1369
[SAMPLER] top_bin=0 top_prob=0.377 peak_bin=1 failed_sum=205.1945 entropy=0.8765
[TRAIN_BODY] torso_ori=9.90deg l_wrist_ori=16.66deg r_wrist_ori=21.27deg l_elbow_ori=14.88deg r_elbow_ori=18.09deg l_shoulder_ori=14.42deg r_shoulder_ori=21.26deg
[TRAIN_ANG] torso=1.878 l_wrist=3.286 r_wrist=3.670 l_elbow=2.865 r_elbow=3.165 l_shoulder=2.451 r_shoulder=2.672
[TRAIN_ACT] l_wrist_r=0.4504 l_wrist_p=1.2961 l_wrist_y=0.8610 r_wrist_r=0.5000 r_wrist_p=0.7522 r_wrist_y=0.7344 l_elbow=0.6371 r_elbow=0.6174
[UPDATE] 355/500 reward_step=0.04690 done_frac=0.01573 mean_reward=2.55151 mean_len=55.02
[FPO++] actor_loss=-0.00484 value_loss=0.04050 ratio=0.9993 [0.139,2.341] clip_frac=0.0566 cfm_old=0.6778 cfm_new=0.6786 kl=0.000193 grad=0.3401 grad_c=0.1076 lr=0.000023 critic_lr=0.000023
[TRAIN] mean_reward=2.55151 mean_len=55.02 recent_eps=100 completed_eps=5637319
[UPDATE_EFFECT] action_delta=0.00523445 param_rms_delta=0.00011755
[TIME] collect=4.646s update=5.815s
[DONE] timeout=0.00000 anchor_pos=0.00049 anchor_ori=0.00317 ee_body=0.37170
[DONE_ROLLOUT] timeout=0.00000 anchor_pos=0.00002 anchor_ori=0.00013 ee_body=0.01560
[FIRST_FAILURE] step_mean=11.20 step_min=0 step_max=23 phase_mean=155.39 phase_min=16 phase_max=324 anchor_pos=0.00049 anchor_ori=0.00317 ee_body=0.37170 timeout=0.00000
[TRACK_CHUNK0] anchor_pos=0.60014 anchor_ori=0.76062 body_pos=0.84560 body_ori=0.48015 body_lin=0.56370 body_ang=0.44505
[TRACK_ROLLOUT] anchor_pos=0.60101 anchor_ori=0.76021 body_pos=0.84738 body_ori=0.48284 body_lin=0.56522 body_ang=0.44634
[TRAIN_COST] action_rate=4.79836 joint_limit=0.00594 undesired_contacts=1.42078
[REWARD_WEIGHTED] pos=0.06045 penalty=-0.01355 total=0.04690 act_rate=-0.00961 contacts=-0.00282
[ACT_GREEDY] abs_mean=0.8380 abs_p95=2.3967 abs_p99=3.1225 abs_max=51.1376 legs=0.8345 waist=0.7425 arms=0.8614
[ACT_ROLLOUT] abs_mean=0.8574 abs_p95=2.4000 abs_p99=3.1743 abs_max=52.1145 abs_max_all=52.1145
[SAMPLER] top_bin=0 top_prob=0.375 peak_bin=1 failed_sum=203.3832 entropy=0.8775
[TRAIN_BODY] torso_ori=9.70deg l_wrist_ori=16.81deg r_wrist_ori=21.35deg l_elbow_ori=15.09deg r_elbow_ori=18.30deg l_shoulder_ori=14.48deg r_shoulder_ori=21.64deg
[TRAIN_ANG] torso=1.876 l_wrist=3.272 r_wrist=3.687 l_elbow=2.871 r_elbow=3.190 l_shoulder=2.453 r_shoulder=2.701
[TRAIN_ACT] l_wrist_r=0.4552 l_wrist_p=1.3122 l_wrist_y=0.8615 r_wrist_r=0.5071 r_wrist_p=0.7560 r_wrist_y=0.7503 l_elbow=0.6431 r_elbow=0.6180
[UPDATE] 356/500 reward_step=0.04672 done_frac=0.01586 mean_reward=2.69195 mean_len=57.35
[FPO++] actor_loss=-0.00778 value_loss=0.04435 ratio=0.9999 [0.578,1.584] clip_frac=0.0373 cfm_old=0.6801 cfm_new=0.6802 kl=0.000056 grad=0.1950 grad_c=0.1079 lr=0.000114 critic_lr=0.000114
[TRAIN] mean_reward=2.69195 mean_len=57.35 recent_eps=100 completed_eps=5640437
[UPDATE_EFFECT] action_delta=0.00509909 param_rms_delta=0.00011390
[TIME] collect=4.788s update=5.817s
[DONE] timeout=0.00000 anchor_pos=0.00024 anchor_ori=0.00293 ee_body=0.37463
[DONE_ROLLOUT] timeout=0.00000 anchor_pos=0.00001 anchor_ori=0.00012 ee_body=0.01576
[FIRST_FAILURE] step_mean=11.49 step_min=0 step_max=23 phase_mean=156.07 phase_min=19 phase_max=324 anchor_pos=0.00024 anchor_ori=0.00293 ee_body=0.37463 timeout=0.00000
[TRACK_CHUNK0] anchor_pos=0.59669 anchor_ori=0.75721 body_pos=0.84578 body_ori=0.48041 body_lin=0.56463 body_ang=0.44526
[TRACK_ROLLOUT] anchor_pos=0.59568 anchor_ori=0.76072 body_pos=0.84600 body_ori=0.48008 body_lin=0.56186 body_ang=0.44518
[TRAIN_COST] action_rate=4.78021 joint_limit=0.00566 undesired_contacts=1.38123
[REWARD_WEIGHTED] pos=0.06023 penalty=-0.01351 total=0.04672 act_rate=-0.00961 contacts=-0.00274
[ACT_GREEDY] abs_mean=0.8344 abs_p95=2.3955 abs_p99=3.1213 abs_max=38.9752 legs=0.8302 waist=0.7374 arms=0.8587
[ACT_ROLLOUT] abs_mean=0.8561 abs_p95=2.3938 abs_p99=3.1721 abs_max=41.1828 abs_max_all=41.1828
[SAMPLER] top_bin=0 top_prob=0.373 peak_bin=1 failed_sum=201.6404 entropy=0.8786
[TRAIN_BODY] torso_ori=9.88deg l_wrist_ori=16.73deg r_wrist_ori=21.44deg l_elbow_ori=15.01deg r_elbow_ori=18.22deg l_shoulder_ori=14.69deg r_shoulder_ori=21.65deg
[TRAIN_ANG] torso=1.892 l_wrist=3.305 r_wrist=3.682 l_elbow=2.892 r_elbow=3.185 l_shoulder=2.439 r_shoulder=2.690
[TRAIN_ACT] l_wrist_r=0.4416 l_wrist_p=1.3202 l_wrist_y=0.8734 r_wrist_r=0.5003 r_wrist_p=0.7445 r_wrist_y=0.7442 l_elbow=0.6246 r_elbow=0.6090
[UPDATE] 357/500 reward_step=0.04669 done_frac=0.01594 mean_reward=3.47895 mean_len=73.00
[FPO++] actor_loss=-0.00855 value_loss=0.04462 ratio=1.0001 [0.279,2.047] clip_frac=0.0377 cfm_old=0.6793 cfm_new=0.6793 kl=0.000118 grad=0.2095 grad_c=0.1141 lr=0.000076 critic_lr=0.000076
[TRAIN] mean_reward=3.47895 mean_len=73.00 recent_eps=100 completed_eps=5643570
[UPDATE_EFFECT] action_delta=0.00581129 param_rms_delta=0.00015113
[TIME] collect=4.704s update=5.814s
[DONE] timeout=0.00000 anchor_pos=0.00037 anchor_ori=0.00330 ee_body=0.37695
[DONE_ROLLOUT] timeout=0.00000 anchor_pos=0.00002 anchor_ori=0.00014 ee_body=0.01581
[FIRST_FAILURE] step_mean=11.52 step_min=0 step_max=23 phase_mean=157.48 phase_min=22 phase_max=324 anchor_pos=0.00037 anchor_ori=0.00330 ee_body=0.37695 timeout=0.00000
[TRACK_CHUNK0] anchor_pos=0.59687 anchor_ori=0.76219 body_pos=0.84627 body_ori=0.48039 body_lin=0.55887 body_ang=0.44321
[TRACK_ROLLOUT] anchor_pos=0.59683 anchor_ori=0.76020 body_pos=0.84550 body_ori=0.47884 body_lin=0.55947 body_ang=0.44460
[TRAIN_COST] action_rate=4.82412 joint_limit=0.00639 undesired_contacts=1.36633
[REWARD_WEIGHTED] pos=0.06014 penalty=-0.01345 total=0.04669 act_rate=-0.00956 contacts=-0.00274
[ACT_GREEDY] abs_mean=0.8362 abs_p95=2.3912 abs_p99=3.1316 abs_max=36.0265 legs=0.8311 waist=0.7391 arms=0.8614
[ACT_ROLLOUT] abs_mean=0.8570 abs_p95=2.3978 abs_p99=3.1838 abs_max=39.6456 abs_max_all=39.6456
[SAMPLER] top_bin=0 top_prob=0.371 peak_bin=1 failed_sum=199.9538 entropy=0.8798
[TRAIN_BODY] torso_ori=9.77deg l_wrist_ori=16.73deg r_wrist_ori=21.34deg l_elbow_ori=15.03deg r_elbow_ori=17.94deg l_shoulder_ori=14.57deg r_shoulder_ori=21.36deg
[TRAIN_ANG] torso=1.882 l_wrist=3.307 r_wrist=3.667 l_elbow=2.886 r_elbow=3.160 l_shoulder=2.472 r_shoulder=2.694
[TRAIN_ACT] l_wrist_r=0.4383 l_wrist_p=1.3205 l_wrist_y=0.8940 r_wrist_r=0.5031 r_wrist_p=0.7439 r_wrist_y=0.7544 l_elbow=0.6349 r_elbow=0.6065
[UPDATE] 358/500 reward_step=0.04697 done_frac=0.01582 mean_reward=3.05336 mean_len=63.88
[FPO++] actor_loss=-0.00199 value_loss=0.03407 ratio=0.9993 [0.283,1.388] clip_frac=0.0349 cfm_old=0.6778 cfm_new=0.6785 kl=0.000111 grad=0.0809 grad_c=0.1049 lr=0.000114 critic_lr=0.000114
[TRAIN] mean_reward=3.05336 mean_len=63.88 recent_eps=100 completed_eps=5646681
[UPDATE_EFFECT] action_delta=0.00526797 param_rms_delta=0.00015272
[TIME] collect=4.668s update=5.821s
[DONE] timeout=0.00000 anchor_pos=0.00049 anchor_ori=0.00220 ee_body=0.37427
[DONE_ROLLOUT] timeout=0.00000 anchor_pos=0.00002 anchor_ori=0.00009 ee_body=0.01572
[FIRST_FAILURE] step_mean=11.26 step_min=0 step_max=23 phase_mean=157.25 phase_min=20 phase_max=324 anchor_pos=0.00049 anchor_ori=0.00220 ee_body=0.37427 timeout=0.00000
[TRACK_CHUNK0] anchor_pos=0.59863 anchor_ori=0.75697 body_pos=0.84553 body_ori=0.47948 body_lin=0.55884 body_ang=0.44750
[TRACK_ROLLOUT] anchor_pos=0.60258 anchor_ori=0.75860 body_pos=0.84596 body_ori=0.48027 body_lin=0.56182 body_ang=0.44654
[TRAIN_COST] action_rate=4.75483 joint_limit=0.00596 undesired_contacts=1.39587
[REWARD_WEIGHTED] pos=0.06030 penalty=-0.01334 total=0.04697 act_rate=-0.00949 contacts=-0.00280
[ACT_GREEDY] abs_mean=0.8372 abs_p95=2.4072 abs_p99=3.1487 abs_max=38.5361 legs=0.8291 waist=0.7364 arms=0.8657
[ACT_ROLLOUT] abs_mean=0.8567 abs_p95=2.4086 abs_p99=3.1830 abs_max=43.5334 abs_max_all=43.5334
[SAMPLER] top_bin=0 top_prob=0.369 peak_bin=1 failed_sum=198.2847 entropy=0.8809
[TRAIN_BODY] torso_ori=9.81deg l_wrist_ori=16.77deg r_wrist_ori=21.42deg l_elbow_ori=14.95deg r_elbow_ori=17.92deg l_shoulder_ori=14.41deg r_shoulder_ori=21.28deg
[TRAIN_ANG] torso=1.885 l_wrist=3.270 r_wrist=3.658 l_elbow=2.853 r_elbow=3.162 l_shoulder=2.435 r_shoulder=2.669
[TRAIN_ACT] l_wrist_r=0.4259 l_wrist_p=1.3446 l_wrist_y=0.8986 r_wrist_r=0.4970 r_wrist_p=0.7531 r_wrist_y=0.7694 l_elbow=0.6289 r_elbow=0.6092
[UPDATE] 359/500 reward_step=0.04716 done_frac=0.01590 mean_reward=2.99457 mean_len=64.49
[FPO++] actor_loss=-0.00585 value_loss=0.04025 ratio=0.9992 [0.307,2.136] clip_frac=0.1271 cfm_old=0.6757 cfm_new=0.6765 kl=0.000146 grad=0.2111 grad_c=0.4875 lr=0.000114 critic_lr=0.000114
[TRAIN] mean_reward=2.99457 mean_len=64.49 recent_eps=100 completed_eps=5649807
[UPDATE_EFFECT] action_delta=0.00840719 param_rms_delta=0.00021211
[TIME] collect=4.788s update=5.813s
[DONE] timeout=0.00000 anchor_pos=0.00000 anchor_ori=0.00208 ee_body=0.37732
[DONE_ROLLOUT] timeout=0.00000 anchor_pos=0.00000 anchor_ori=0.00009 ee_body=0.01582
[FIRST_FAILURE] step_mean=11.41 step_min=0 step_max=23 phase_mean=155.91 phase_min=21 phase_max=324 anchor_pos=0.00000 anchor_ori=0.00208 ee_body=0.37732 timeout=0.00000
[TRACK_CHUNK0] anchor_pos=0.60188 anchor_ori=0.75789 body_pos=0.84514 body_ori=0.47954 body_lin=0.56457 body_ang=0.44741
[TRACK_ROLLOUT] anchor_pos=0.60501 anchor_ori=0.75629 body_pos=0.84716 body_ori=0.48072 body_lin=0.56573 body_ang=0.44717
[TRAIN_COST] action_rate=4.70906 joint_limit=0.00451 undesired_contacts=1.40845
[REWARD_WEIGHTED] pos=0.06043 penalty=-0.01327 total=0.04716 act_rate=-0.00948 contacts=-0.00279
[ACT_GREEDY] abs_mean=0.8306 abs_p95=2.3986 abs_p99=3.1226 abs_max=17.2780 legs=0.8241 waist=0.7288 arms=0.8581
[ACT_ROLLOUT] abs_mean=0.8544 abs_p95=2.4031 abs_p99=3.1749 abs_max=38.0509 abs_max_all=38.0509
[SAMPLER] top_bin=0 top_prob=0.367 peak_bin=1 failed_sum=196.6705 entropy=0.8819
[TRAIN_BODY] torso_ori=9.77deg l_wrist_ori=16.87deg r_wrist_ori=21.62deg l_elbow_ori=14.96deg r_elbow_ori=18.00deg l_shoulder_ori=14.49deg r_shoulder_ori=21.54deg
[TRAIN_ANG] torso=1.883 l_wrist=3.291 r_wrist=3.700 l_elbow=2.881 r_elbow=3.200 l_shoulder=2.477 r_shoulder=2.708
[TRAIN_ACT] l_wrist_r=0.4151 l_wrist_p=1.3236 l_wrist_y=0.8848 r_wrist_r=0.5052 r_wrist_p=0.7394 r_wrist_y=0.7579 l_elbow=0.6187 r_elbow=0.6123
[UPDATE] 360/500 reward_step=0.04716 done_frac=0.01555 mean_reward=3.44104 mean_len=71.77
[FPO++] actor_loss=-0.00589 value_loss=0.03825 ratio=0.9997 [0.433,1.644] clip_frac=0.0377 cfm_old=0.6723 cfm_new=0.6726 kl=0.000064 grad=0.1238 grad_c=0.2097 lr=0.000256 critic_lr=0.000256
[TRAIN] mean_reward=3.44104 mean_len=71.77 recent_eps=100 completed_eps=5652865
[UPDATE_EFFECT] action_delta=0.00601146 param_rms_delta=0.00018412
[TIME] collect=4.729s update=5.810s
[DONE] timeout=0.00000 anchor_pos=0.00012 anchor_ori=0.00366 ee_body=0.36646
[DONE_ROLLOUT] timeout=0.00000 anchor_pos=0.00001 anchor_ori=0.00015 ee_body=0.01543
[FIRST_FAILURE] step_mean=11.58 step_min=0 step_max=23 phase_mean=158.09 phase_min=22 phase_max=324 anchor_pos=0.00012 anchor_ori=0.00366 ee_body=0.36646 timeout=0.00000
[TRACK_CHUNK0] anchor_pos=0.60738 anchor_ori=0.75882 body_pos=0.84982 body_ori=0.48393 body_lin=0.56695 body_ang=0.44768
[TRACK_ROLLOUT] anchor_pos=0.60436 anchor_ori=0.75775 body_pos=0.84808 body_ori=0.48223 body_lin=0.56494 body_ang=0.44663
[TRAIN_COST] action_rate=4.78037 joint_limit=0.00522 undesired_contacts=1.40710
[REWARD_WEIGHTED] pos=0.06046 penalty=-0.01330 total=0.04716 act_rate=-0.00947 contacts=-0.00279
[ACT_GREEDY] abs_mean=0.8298 abs_p95=2.3941 abs_p99=3.1190 abs_max=35.9276 legs=0.8269 waist=0.7270 arms=0.8543
[ACT_ROLLOUT] abs_mean=0.8523 abs_p95=2.3915 abs_p99=3.1723 abs_max=37.6300 abs_max_all=37.6300
[SAMPLER] top_bin=0 top_prob=0.365 peak_bin=1 failed_sum=195.0280 entropy=0.8830
[TRAIN_BODY] torso_ori=9.75deg l_wrist_ori=16.85deg r_wrist_ori=21.40deg l_elbow_ori=14.82deg r_elbow_ori=17.84deg l_shoulder_ori=14.57deg r_shoulder_ori=21.20deg
[TRAIN_ANG] torso=1.872 l_wrist=3.276 r_wrist=3.658 l_elbow=2.860 r_elbow=3.163 l_shoulder=2.452 r_shoulder=2.671
[TRAIN_ACT] l_wrist_r=0.4249 l_wrist_p=1.2952 l_wrist_y=0.8845 r_wrist_r=0.4858 r_wrist_p=0.7304 r_wrist_y=0.7373 l_elbow=0.6218 r_elbow=0.6042
[UPDATE] 361/500 reward_step=0.04724 done_frac=0.01515 mean_reward=3.17775 mean_len=67.05
[FPO++] actor_loss=-0.00558 value_loss=0.03911 ratio=0.9994 [0.254,2.181] clip_frac=0.0929 cfm_old=0.6710 cfm_new=0.6716 kl=0.000137 grad=0.2123 grad_c=0.3636 lr=0.000171 critic_lr=0.000171
[TRAIN] mean_reward=3.17775 mean_len=67.05 recent_eps=100 completed_eps=5655844
[UPDATE_EFFECT] action_delta=0.00739925 param_rms_delta=0.00020420
[TIME] collect=4.761s update=5.804s
[DONE] timeout=0.00000 anchor_pos=0.00000 anchor_ori=0.00110 ee_body=0.36145
[DONE_ROLLOUT] timeout=0.00000 anchor_pos=0.00000 anchor_ori=0.00005 ee_body=0.01512
[FIRST_FAILURE] step_mean=11.51 step_min=0 step_max=23 phase_mean=156.14 phase_min=18 phase_max=324 anchor_pos=0.00000 anchor_ori=0.00110 ee_body=0.36145 timeout=0.00000
[TRACK_CHUNK0] anchor_pos=0.60519 anchor_ori=0.76236 body_pos=0.84981 body_ori=0.48424 body_lin=0.56646 body_ang=0.44596
[TRACK_ROLLOUT] anchor_pos=0.59842 anchor_ori=0.76346 body_pos=0.84889 body_ori=0.48119 body_lin=0.56440 body_ang=0.44676
[TRAIN_COST] action_rate=4.77430 joint_limit=0.00487 undesired_contacts=1.38367
[REWARD_WEIGHTED] pos=0.06044 penalty=-0.01320 total=0.04724 act_rate=-0.00948 contacts=-0.00272
[ACT_GREEDY] abs_mean=0.8286 abs_p95=2.3806 abs_p99=3.1204 abs_max=33.5319 legs=0.8199 waist=0.7276 arms=0.8576
[ACT_ROLLOUT] abs_mean=0.8511 abs_p95=2.3840 abs_p99=3.1687 abs_max=37.4521 abs_max_all=37.4521
[SAMPLER] top_bin=0 top_prob=0.364 peak_bin=1 failed_sum=193.3459 entropy=0.8839
[TRAIN_BODY] torso_ori=9.67deg l_wrist_ori=16.62deg r_wrist_ori=22.05deg l_elbow_ori=14.81deg r_elbow_ori=17.97deg l_shoulder_ori=14.49deg r_shoulder_ori=21.07deg
[TRAIN_ANG] torso=1.861 l_wrist=3.255 r_wrist=3.688 l_elbow=2.861 r_elbow=3.190 l_shoulder=2.452 r_shoulder=2.655
[TRAIN_ACT] l_wrist_r=0.4246 l_wrist_p=1.2898 l_wrist_y=0.8675 r_wrist_r=0.5163 r_wrist_p=0.7345 r_wrist_y=0.7414 l_elbow=0.6381 r_elbow=0.6086
[UPDATE] 362/500 reward_step=0.04718 done_frac=0.01494 mean_reward=3.00294 mean_len=63.61
[FPO++] actor_loss=-0.00495 value_loss=0.03684 ratio=0.9995 [0.781,1.843] clip_frac=0.0426 cfm_old=0.6708 cfm_new=0.6713 kl=0.000062 grad=0.0974 grad_c=0.1384 lr=0.000256 critic_lr=0.000256
[TRAIN] mean_reward=3.00294 mean_len=63.61 recent_eps=100 completed_eps=5658782
[UPDATE_EFFECT] action_delta=0.00546370 param_rms_delta=0.00018700
[TIME] collect=4.725s update=5.817s
[DONE] timeout=0.00000 anchor_pos=0.00012 anchor_ori=0.00330 ee_body=0.35339
[DONE_ROLLOUT] timeout=0.00000 anchor_pos=0.00001 anchor_ori=0.00014 ee_body=0.01481
[FIRST_FAILURE] step_mean=11.42 step_min=0 step_max=23 phase_mean=158.38 phase_min=18 phase_max=324 anchor_pos=0.00012 anchor_ori=0.00330 ee_body=0.35327 timeout=0.00000
[TRACK_CHUNK0] anchor_pos=0.59573 anchor_ori=0.76239 body_pos=0.84935 body_ori=0.48158 body_lin=0.56405 body_ang=0.44623
[TRACK_ROLLOUT] anchor_pos=0.59300 anchor_ori=0.76358 body_pos=0.84811 body_ori=0.47760 body_lin=0.56221 body_ang=0.44553
[TRAIN_COST] action_rate=4.76788 joint_limit=0.00507 undesired_contacts=1.33997
[REWARD_WEIGHTED] pos=0.06023 penalty=-0.01306 total=0.04718 act_rate=-0.00945 contacts=-0.00266
[ACT_GREEDY] abs_mean=0.8297 abs_p95=2.3794 abs_p99=3.1184 abs_max=37.2801 legs=0.8207 waist=0.7404 arms=0.8565
[ACT_ROLLOUT] abs_mean=0.8498 abs_p95=2.3834 abs_p99=3.1633 abs_max=44.9698 abs_max_all=44.9698
[SAMPLER] top_bin=0 top_prob=0.362 peak_bin=1 failed_sum=191.6630 entropy=0.8849
[TRAIN_BODY] torso_ori=9.64deg l_wrist_ori=16.84deg r_wrist_ori=21.78deg l_elbow_ori=14.97deg r_elbow_ori=17.94deg l_shoulder_ori=14.55deg r_shoulder_ori=20.95deg
[TRAIN_ANG] torso=1.879 l_wrist=3.303 r_wrist=3.676 l_elbow=2.863 r_elbow=3.179 l_shoulder=2.457 r_shoulder=2.688
[TRAIN_ACT] l_wrist_r=0.4281 l_wrist_p=1.2858 l_wrist_y=0.8624 r_wrist_r=0.5070 r_wrist_p=0.7300 r_wrist_y=0.7525 l_elbow=0.6409 r_elbow=0.6037
[UPDATE] 363/500 reward_step=0.04711 done_frac=0.01563 mean_reward=3.31712 mean_len=70.44
[FPO++] actor_loss=-0.00436 value_loss=0.04353 ratio=0.9991 [0.470,1.573] clip_frac=0.1193 cfm_old=0.6740 cfm_new=0.6749 kl=0.000129 grad=0.2317 grad_c=0.5182 lr=0.000256 critic_lr=0.000256
[TRAIN] mean_reward=3.31712 mean_len=70.44 recent_eps=100 completed_eps=5661855
[UPDATE_EFFECT] action_delta=0.00714383 param_rms_delta=0.00026386
[TIME] collect=4.719s update=5.819s
[DONE] timeout=0.00000 anchor_pos=0.00000 anchor_ori=0.00354 ee_body=0.37024
[DONE_ROLLOUT] timeout=0.00000 anchor_pos=0.00000 anchor_ori=0.00015 ee_body=0.01549
[FIRST_FAILURE] step_mean=11.38 step_min=0 step_max=23 phase_mean=159.11 phase_min=18 phase_max=324 anchor_pos=0.00000 anchor_ori=0.00354 ee_body=0.37024 timeout=0.00000
[TRACK_CHUNK0] anchor_pos=0.58780 anchor_ori=0.76392 body_pos=0.84479 body_ori=0.47353 body_lin=0.55917 body_ang=0.44550
[TRACK_ROLLOUT] anchor_pos=0.59222 anchor_ori=0.76568 body_pos=0.84801 body_ori=0.47971 body_lin=0.56253 body_ang=0.44613
[TRAIN_COST] action_rate=4.73479 joint_limit=0.00459 undesired_contacts=1.32922
[REWARD_WEIGHTED] pos=0.06031 penalty=-0.01320 total=0.04711 act_rate=-0.00954 contacts=-0.00267
[ACT_GREEDY] abs_mean=0.8274 abs_p95=2.3861 abs_p99=3.1140 abs_max=19.3721 legs=0.8165 waist=0.7355 arms=0.8566
[ACT_ROLLOUT] abs_mean=0.8518 abs_p95=2.3918 abs_p99=3.1773 abs_max=41.6484 abs_max_all=41.6484
[SAMPLER] top_bin=0 top_prob=0.360 peak_bin=1 failed_sum=190.1533 entropy=0.8860
[TRAIN_BODY] torso_ori=9.66deg l_wrist_ori=16.90deg r_wrist_ori=22.24deg l_elbow_ori=15.19deg r_elbow_ori=18.23deg l_shoulder_ori=15.01deg r_shoulder_ori=21.54deg
[TRAIN_ANG] torso=1.871 l_wrist=3.280 r_wrist=3.677 l_elbow=2.873 r_elbow=3.195 l_shoulder=2.466 r_shoulder=2.673
[TRAIN_ACT] l_wrist_r=0.4298 l_wrist_p=1.3090 l_wrist_y=0.8560 r_wrist_r=0.5089 r_wrist_p=0.7370 r_wrist_y=0.7539 l_elbow=0.6403 r_elbow=0.6037
[UPDATE] 364/500 reward_step=0.04695 done_frac=0.01497 mean_reward=3.36271 mean_len=70.94
[FPO++] actor_loss=-0.01050 value_loss=0.04656 ratio=0.9993 [0.719,1.180] clip_frac=0.0493 cfm_old=0.6717 cfm_new=0.6723 kl=0.000066 grad=0.0967 grad_c=0.1991 lr=0.000256 critic_lr=0.000256
[TRAIN] mean_reward=3.36271 mean_len=70.94 recent_eps=100 completed_eps=5664799
[UPDATE_EFFECT] action_delta=0.00560138 param_rms_delta=0.00017922
[TIME] collect=4.700s update=5.815s
[DONE] timeout=0.00000 anchor_pos=0.00012 anchor_ori=0.00439 ee_body=0.35339
[DONE_ROLLOUT] timeout=0.00000 anchor_pos=0.00001 anchor_ori=0.00018 ee_body=0.01482
[FIRST_FAILURE] step_mean=11.71 step_min=0 step_max=23 phase_mean=159.78 phase_min=18 phase_max=324 anchor_pos=0.00012 anchor_ori=0.00439 ee_body=0.35339 timeout=0.00000
[TRACK_CHUNK0] anchor_pos=0.59756 anchor_ori=0.76880 body_pos=0.85234 body_ori=0.48465 body_lin=0.56513 body_ang=0.44761
[TRACK_ROLLOUT] anchor_pos=0.59295 anchor_ori=0.76282 body_pos=0.84918 body_ori=0.47904 body_lin=0.56216 body_ang=0.44583
[TRAIN_COST] action_rate=4.69896 joint_limit=0.00510 undesired_contacts=1.35059
[REWARD_WEIGHTED] pos=0.06028 penalty=-0.01333 total=0.04695 act_rate=-0.00946 contacts=-0.00273
[ACT_GREEDY] abs_mean=0.8292 abs_p95=2.3837 abs_p99=3.1146 abs_max=39.9935 legs=0.8249 waist=0.7317 arms=0.8538
[ACT_ROLLOUT] abs_mean=0.8540 abs_p95=2.3894 abs_p99=3.1766 abs_max=53.1083 abs_max_all=53.1083
[SAMPLER] top_bin=0 top_prob=0.358 peak_bin=1 failed_sum=188.5529 entropy=0.8870
[TRAIN_BODY] torso_ori=9.48deg l_wrist_ori=16.53deg r_wrist_ori=21.59deg l_elbow_ori=14.79deg r_elbow_ori=17.74deg l_shoulder_ori=14.64deg r_shoulder_ori=21.42deg
[TRAIN_ANG] torso=1.861 l_wrist=3.250 r_wrist=3.677 l_elbow=2.847 r_elbow=3.179 l_shoulder=2.450 r_shoulder=2.668
[TRAIN_ACT] l_wrist_r=0.4260 l_wrist_p=1.2926 l_wrist_y=0.8557 r_wrist_r=0.4935 r_wrist_p=0.7268 r_wrist_y=0.7677 l_elbow=0.6325 r_elbow=0.6065
[UPDATE] 365/500 reward_step=0.04705 done_frac=0.01511 mean_reward=3.22053 mean_len=67.95
[FPO++] actor_loss=-0.00985 value_loss=0.05281 ratio=0.9992 [0.197,1.509] clip_frac=0.0475 cfm_old=0.6709 cfm_new=0.6717 kl=0.000409 grad=0.1223 grad_c=0.1851 lr=0.000010 critic_lr=0.000010
[TRAIN] mean_reward=3.22053 mean_len=67.95 recent_eps=100 completed_eps=5667769
[UPDATE_EFFECT] action_delta=0.00478181 param_rms_delta=0.00014809
[TIME] collect=4.713s update=5.810s
[DONE] timeout=0.00000 anchor_pos=0.00037 anchor_ori=0.00330 ee_body=0.35815
[DONE_ROLLOUT] timeout=0.00000 anchor_pos=0.00002 anchor_ori=0.00014 ee_body=0.01498
[FIRST_FAILURE] step_mean=11.55 step_min=0 step_max=23 phase_mean=160.23 phase_min=21 phase_max=324 anchor_pos=0.00037 anchor_ori=0.00330 ee_body=0.35815 timeout=0.00000
[TRACK_CHUNK0] anchor_pos=0.59531 anchor_ori=0.76204 body_pos=0.84942 body_ori=0.47939 body_lin=0.56344 body_ang=0.44605
[TRACK_ROLLOUT] anchor_pos=0.59576 anchor_ori=0.76160 body_pos=0.84950 body_ori=0.48032 body_lin=0.56351 body_ang=0.44567
[TRAIN_COST] action_rate=4.78554 joint_limit=0.00625 undesired_contacts=1.36414
[REWARD_WEIGHTED] pos=0.06035 penalty=-0.01331 total=0.04705 act_rate=-0.00948 contacts=-0.00268
[ACT_GREEDY] abs_mean=0.8359 abs_p95=2.3898 abs_p99=3.1525 abs_max=51.0933 legs=0.8321 waist=0.7474 arms=0.8582
[ACT_ROLLOUT] abs_mean=0.8552 abs_p95=2.3839 abs_p99=3.1769 abs_max=52.0126 abs_max_all=52.0126
[SAMPLER] top_bin=0 top_prob=0.356 peak_bin=1 failed_sum=187.0157 entropy=0.8880
[TRAIN_BODY] torso_ori=9.73deg l_wrist_ori=16.99deg r_wrist_ori=22.07deg l_elbow_ori=15.23deg r_elbow_ori=18.11deg l_shoulder_ori=14.80deg r_shoulder_ori=21.60deg
[TRAIN_ANG] torso=1.881 l_wrist=3.264 r_wrist=3.669 l_elbow=2.883 r_elbow=3.197 l_shoulder=2.474 r_shoulder=2.693
[TRAIN_ACT] l_wrist_r=0.4327 l_wrist_p=1.2737 l_wrist_y=0.8443 r_wrist_r=0.5225 r_wrist_p=0.7138 r_wrist_y=0.7648 l_elbow=0.6578 r_elbow=0.6114
[UPDATE] 366/500 reward_step=0.04696 done_frac=0.01490 mean_reward=2.88700 mean_len=66.10
[FPO++] actor_loss=-0.01141 value_loss=0.05702 ratio=1.0000 [0.705,1.337] clip_frac=0.0133 cfm_old=0.6682 cfm_new=0.6682 kl=0.000062 grad=0.0639 grad_c=0.1759 lr=0.000114 critic_lr=0.000114
[TRAIN] mean_reward=2.88700 mean_len=66.10 recent_eps=100 completed_eps=5670699
[UPDATE_EFFECT] action_delta=0.00589443 param_rms_delta=0.00009570
[TIME] collect=4.628s update=5.816s
[DONE] timeout=0.00000 anchor_pos=0.00037 anchor_ori=0.00293 ee_body=0.35266
[DONE_ROLLOUT] timeout=0.00000 anchor_pos=0.00002 anchor_ori=0.00012 ee_body=0.01479
[FIRST_FAILURE] step_mean=11.57 step_min=0 step_max=23 phase_mean=161.87 phase_min=20 phase_max=324 anchor_pos=0.00037 anchor_ori=0.00293 ee_body=0.35266 timeout=0.00000
[TRACK_CHUNK0] anchor_pos=0.59920 anchor_ori=0.76041 body_pos=0.85149 body_ori=0.48278 body_lin=0.56533 body_ang=0.44575
[TRACK_ROLLOUT] anchor_pos=0.59503 anchor_ori=0.76119 body_pos=0.85047 body_ori=0.47928 body_lin=0.56469 body_ang=0.44715
[TRAIN_COST] action_rate=4.82679 joint_limit=0.00657 undesired_contacts=1.34448
[REWARD_WEIGHTED] pos=0.06039 penalty=-0.01343 total=0.04696 act_rate=-0.00946 contacts=-0.00263
[ACT_GREEDY] abs_mean=0.8375 abs_p95=2.3865 abs_p99=3.1395 abs_max=49.2098 legs=0.8316 waist=0.7491 arms=0.8616
[ACT_ROLLOUT] abs_mean=0.8587 abs_p95=2.3843 abs_p99=3.1813 abs_max=66.2173 abs_max_all=66.2173
[SAMPLER] top_bin=0 top_prob=0.355 peak_bin=1 failed_sum=185.4755 entropy=0.8890
[TRAIN_BODY] torso_ori=9.77deg l_wrist_ori=16.92deg r_wrist_ori=21.60deg l_elbow_ori=15.27deg r_elbow_ori=17.74deg l_shoulder_ori=14.92deg r_shoulder_ori=21.19deg
[TRAIN_ANG] torso=1.881 l_wrist=3.277 r_wrist=3.665 l_elbow=2.864 r_elbow=3.166 l_shoulder=2.479 r_shoulder=2.670
[TRAIN_ACT] l_wrist_r=0.4454 l_wrist_p=1.2781 l_wrist_y=0.8586 r_wrist_r=0.5278 r_wrist_p=0.7116 r_wrist_y=0.7677 l_elbow=0.6592 r_elbow=0.6056
[UPDATE] 367/500 reward_step=0.04730 done_frac=0.01473 mean_reward=3.19393 mean_len=67.05
[FPO++] actor_loss=-0.00395 value_loss=0.04339 ratio=0.9989 [0.622,1.574] clip_frac=0.1309 cfm_old=0.6655 cfm_new=0.6667 kl=0.000101 grad=0.2284 grad_c=0.2928 lr=0.000171 critic_lr=0.000171
[TRAIN] mean_reward=3.19393 mean_len=67.05 recent_eps=100 completed_eps=5673595
[UPDATE_EFFECT] action_delta=0.00785243 param_rms_delta=0.00020631
[TIME] collect=4.737s update=5.814s
[DONE] timeout=0.00000 anchor_pos=0.00049 anchor_ori=0.00354 ee_body=0.34729
[DONE_ROLLOUT] timeout=0.00000 anchor_pos=0.00002 anchor_ori=0.00015 ee_body=0.01460
[FIRST_FAILURE] step_mean=11.60 step_min=0 step_max=23 phase_mean=160.59 phase_min=17 phase_max=324 anchor_pos=0.00049 anchor_ori=0.00354 ee_body=0.34729 timeout=0.00000
[TRACK_CHUNK0] anchor_pos=0.59411 anchor_ori=0.76454 body_pos=0.85206 body_ori=0.48000 body_lin=0.56418 body_ang=0.44513
[TRACK_ROLLOUT] anchor_pos=0.59067 anchor_ori=0.76173 body_pos=0.85135 body_ori=0.47928 body_lin=0.56153 body_ang=0.44528
[TRAIN_COST] action_rate=4.73772 joint_limit=0.00576 undesired_contacts=1.29614
[REWARD_WEIGHTED] pos=0.06027 penalty=-0.01298 total=0.04730 act_rate=-0.00941 contacts=-0.00259
[ACT_GREEDY] abs_mean=0.8283 abs_p95=2.3620 abs_p99=3.1107 abs_max=56.1472 legs=0.8191 waist=0.7384 arms=0.8554
[ACT_ROLLOUT] abs_mean=0.8480 abs_p95=2.3749 abs_p99=3.1598 abs_max=56.5420 abs_max_all=56.5420
[SAMPLER] top_bin=0 top_prob=0.353 peak_bin=1 failed_sum=183.9384 entropy=0.8900
[TRAIN_BODY] torso_ori=9.58deg l_wrist_ori=16.90deg r_wrist_ori=21.82deg l_elbow_ori=15.20deg r_elbow_ori=18.03deg l_shoulder_ori=14.90deg r_shoulder_ori=21.34deg
[TRAIN_ANG] torso=1.884 l_wrist=3.265 r_wrist=3.643 l_elbow=2.869 r_elbow=3.173 l_shoulder=2.478 r_shoulder=2.674
[TRAIN_ACT] l_wrist_r=0.4380 l_wrist_p=1.2828 l_wrist_y=0.8538 r_wrist_r=0.5119 r_wrist_p=0.7174 r_wrist_y=0.7672 l_elbow=0.6547 r_elbow=0.5870
[UPDATE] 368/500 reward_step=0.04741 done_frac=0.01484 mean_reward=3.43244 mean_len=70.33
[FPO++] actor_loss=-0.00566 value_loss=0.03923 ratio=0.9991 [0.656,1.351] clip_frac=0.1772 cfm_old=0.6646 cfm_new=0.6656 kl=0.000135 grad=0.2798 grad_c=0.2908 lr=0.000114 critic_lr=0.000114
[TRAIN] mean_reward=3.43244 mean_len=70.33 recent_eps=100 completed_eps=5676513
[UPDATE_EFFECT] action_delta=0.00742766 param_rms_delta=0.00015070
[TIME] collect=4.810s update=5.810s
[DONE] timeout=0.00000 anchor_pos=0.00012 anchor_ori=0.00305 ee_body=0.35156
[DONE_ROLLOUT] timeout=0.00000 anchor_pos=0.00001 anchor_ori=0.00013 ee_body=0.01472
[FIRST_FAILURE] step_mean=11.39 step_min=0 step_max=23 phase_mean=164.25 phase_min=21 phase_max=324 anchor_pos=0.00012 anchor_ori=0.00293 ee_body=0.35156 timeout=0.00000
[TRACK_CHUNK0] anchor_pos=0.59128 anchor_ori=0.76232 body_pos=0.85182 body_ori=0.48215 body_lin=0.56298 body_ang=0.44782
[TRACK_ROLLOUT] anchor_pos=0.59388 anchor_ori=0.76145 body_pos=0.85125 body_ori=0.48112 body_lin=0.56172 body_ang=0.44600
[TRAIN_COST] action_rate=4.73685 joint_limit=0.00491 undesired_contacts=1.32007
[REWARD_WEIGHTED] pos=0.06035 penalty=-0.01295 total=0.04741 act_rate=-0.00942 contacts=-0.00261
[ACT_GREEDY] abs_mean=0.8248 abs_p95=2.3763 abs_p99=3.1186 abs_max=43.8103 legs=0.8211 waist=0.7263 arms=0.8491
[ACT_ROLLOUT] abs_mean=0.8451 abs_p95=2.3727 abs_p99=3.1546 abs_max=46.2131 abs_max_all=46.2131
[SAMPLER] top_bin=0 top_prob=0.351 peak_bin=1 failed_sum=182.4589 entropy=0.8911
[TRAIN_BODY] torso_ori=9.67deg l_wrist_ori=16.84deg r_wrist_ori=21.54deg l_elbow_ori=15.03deg r_elbow_ori=17.54deg l_shoulder_ori=14.82deg r_shoulder_ori=20.79deg
[TRAIN_ANG] torso=1.895 l_wrist=3.241 r_wrist=3.597 l_elbow=2.854 r_elbow=3.122 l_shoulder=2.471 r_shoulder=2.656
[TRAIN_ACT] l_wrist_r=0.4283 l_wrist_p=1.2670 l_wrist_y=0.8507 r_wrist_r=0.5073 r_wrist_p=0.7144 r_wrist_y=0.7776 l_elbow=0.6404 r_elbow=0.5865
[UPDATE] 369/500 reward_step=0.04732 done_frac=0.01489 mean_reward=3.13766 mean_len=65.85
[FPO++] actor_loss=-0.00357 value_loss=0.04362 ratio=0.9994 [0.590,1.444] clip_frac=0.1148 cfm_old=0.6618 cfm_new=0.6624 kl=0.000100 grad=0.1881 grad_c=0.4199 lr=0.000384 critic_lr=0.000384
[TRAIN] mean_reward=3.13766 mean_len=65.85 recent_eps=100 completed_eps=5679440
[UPDATE_EFFECT] action_delta=0.00934692 param_rms_delta=0.00024259
[TIME] collect=4.846s update=5.819s
[DONE] timeout=0.00000 anchor_pos=0.00000 anchor_ori=0.00391 ee_body=0.35193
[DONE_ROLLOUT] timeout=0.00000 anchor_pos=0.00000 anchor_ori=0.00016 ee_body=0.01475
[FIRST_FAILURE] step_mean=11.43 step_min=0 step_max=23 phase_mean=160.77 phase_min=16 phase_max=324 anchor_pos=0.00000 anchor_ori=0.00391 ee_body=0.35193 timeout=0.00000
[TRACK_CHUNK0] anchor_pos=0.59494 anchor_ori=0.75932 body_pos=0.84897 body_ori=0.47617 body_lin=0.55987 body_ang=0.44788
[TRACK_ROLLOUT] anchor_pos=0.59653 anchor_ori=0.76106 body_pos=0.85121 body_ori=0.47950 body_lin=0.56307 body_ang=0.44659
[TRAIN_COST] action_rate=4.71856 joint_limit=0.00481 undesired_contacts=1.30383
[REWARD_WEIGHTED] pos=0.06038 penalty=-0.01306 total=0.04732 act_rate=-0.00944 contacts=-0.00263
[ACT_GREEDY] abs_mean=0.8259 abs_p95=2.3688 abs_p99=3.1134 abs_max=27.5262 legs=0.8198 waist=0.7389 arms=0.8497
[ACT_ROLLOUT] abs_mean=0.8457 abs_p95=2.3760 abs_p99=3.1667 abs_max=32.3592 abs_max_all=32.3592
[SAMPLER] top_bin=0 top_prob=0.349 peak_bin=1 failed_sum=181.0234 entropy=0.8921
[TRAIN_BODY] torso_ori=9.73deg l_wrist_ori=17.10deg r_wrist_ori=22.19deg l_elbow_ori=15.55deg r_elbow_ori=18.01deg l_shoulder_ori=15.05deg r_shoulder_ori=21.02deg
[TRAIN_ANG] torso=1.877 l_wrist=3.266 r_wrist=3.654 l_elbow=2.859 r_elbow=3.172 l_shoulder=2.450 r_shoulder=2.666
[TRAIN_ACT] l_wrist_r=0.4250 l_wrist_p=1.2500 l_wrist_y=0.8432 r_wrist_r=0.5138 r_wrist_p=0.7199 r_wrist_y=0.7674 l_elbow=0.6542 r_elbow=0.5873
[UPDATE] 370/500 reward_step=0.04740 done_frac=0.01464 mean_reward=3.33258 mean_len=68.86
[FPO++] actor_loss=-0.00077 value_loss=0.03758 ratio=0.9993 [0.629,2.285] clip_frac=0.0696 cfm_old=0.6627 cfm_new=0.6634 kl=0.000074 grad=0.1241 grad_c=0.2350 lr=0.000384 critic_lr=0.000384
[TRAIN] mean_reward=3.33258 mean_len=68.86 recent_eps=100 completed_eps=5682319
[UPDATE_EFFECT] action_delta=0.00664782 param_rms_delta=0.00024557
[TIME] collect=4.705s update=5.817s
[DONE] timeout=0.00000 anchor_pos=0.00012 anchor_ori=0.00378 ee_body=0.34570
[DONE_ROLLOUT] timeout=0.00000 anchor_pos=0.00001 anchor_ori=0.00016 ee_body=0.01450
[FIRST_FAILURE] step_mean=11.52 step_min=0 step_max=23 phase_mean=165.80 phase_min=17 phase_max=323 anchor_pos=0.00012 anchor_ori=0.00378 ee_body=0.34570 timeout=0.00000
[TRACK_CHUNK0] anchor_pos=0.59928 anchor_ori=0.76127 body_pos=0.85331 body_ori=0.48177 body_lin=0.56661 body_ang=0.44825
[TRACK_ROLLOUT] anchor_pos=0.59569 anchor_ori=0.76125 body_pos=0.85115 body_ori=0.47710 body_lin=0.56151 body_ang=0.44606
[TRAIN_COST] action_rate=4.67671 joint_limit=0.00474 undesired_contacts=1.34729
[REWARD_WEIGHTED] pos=0.06029 penalty=-0.01289 total=0.04740 act_rate=-0.00936 contacts=-0.00264
[ACT_GREEDY] abs_mean=0.8255 abs_p95=2.3733 abs_p99=3.1273 abs_max=26.4555 legs=0.8226 waist=0.7417 arms=0.8459
[ACT_ROLLOUT] abs_mean=0.8469 abs_p95=2.3798 abs_p99=3.1625 abs_max=28.7845 abs_max_all=28.7845
[SAMPLER] top_bin=0 top_prob=0.347 peak_bin=1 failed_sum=179.5749 entropy=0.8932
[TRAIN_BODY] torso_ori=9.68deg l_wrist_ori=16.78deg r_wrist_ori=21.88deg l_elbow_ori=15.32deg r_elbow_ori=17.63deg l_shoulder_ori=14.76deg r_shoulder_ori=20.65deg
[TRAIN_ANG] torso=1.883 l_wrist=3.231 r_wrist=3.644 l_elbow=2.860 r_elbow=3.141 l_shoulder=2.447 r_shoulder=2.686
[TRAIN_ACT] l_wrist_r=0.4167 l_wrist_p=1.2270 l_wrist_y=0.8484 r_wrist_r=0.5102 r_wrist_p=0.7092 r_wrist_y=0.7297 l_elbow=0.6644 r_elbow=0.5769
[UPDATE] 371/500 reward_step=0.04754 done_frac=0.01510 mean_reward=3.27218 mean_len=68.71
[FPO++] actor_loss=-0.00419 value_loss=0.04162 ratio=0.9995 [0.871,1.093] clip_frac=0.0974 cfm_old=0.6621 cfm_new=0.6626 kl=0.000118 grad=0.1826 grad_c=0.3790 lr=0.000171 critic_lr=0.000171
[TRAIN] mean_reward=3.27218 mean_len=68.71 recent_eps=100 completed_eps=5685288
[UPDATE_EFFECT] action_delta=0.00647789 param_rms_delta=0.00017382
[TIME] collect=4.757s update=5.811s
[DONE] timeout=0.00000 anchor_pos=0.00012 anchor_ori=0.00366 ee_body=0.35620
[DONE_ROLLOUT] timeout=0.00000 anchor_pos=0.00001 anchor_ori=0.00015 ee_body=0.01497
[FIRST_FAILURE] step_mean=11.17 step_min=0 step_max=23 phase_mean=161.10 phase_min=17 phase_max=324 anchor_pos=0.00012 anchor_ori=0.00366 ee_body=0.35620 timeout=0.00000
[TRACK_CHUNK0] anchor_pos=0.59168 anchor_ori=0.75889 body_pos=0.84834 body_ori=0.47355 body_lin=0.55973 body_ang=0.44512
[TRACK_ROLLOUT] anchor_pos=0.59758 anchor_ori=0.76385 body_pos=0.85198 body_ori=0.47922 body_lin=0.56194 body_ang=0.44533
[TRAIN_COST] action_rate=4.65989 joint_limit=0.00390 undesired_contacts=1.31165
[REWARD_WEIGHTED] pos=0.06038 penalty=-0.01285 total=0.04754 act_rate=-0.00940 contacts=-0.00263
[ACT_GREEDY] abs_mean=0.8201 abs_p95=2.3541 abs_p99=3.0889 abs_max=12.5800 legs=0.8130 waist=0.7359 arms=0.8442
[ACT_ROLLOUT] abs_mean=0.8439 abs_p95=2.3705 abs_p99=3.1479 abs_max=25.1377 abs_max_all=25.1377
[SAMPLER] top_bin=0 top_prob=0.345 peak_bin=1 failed_sum=178.2487 entropy=0.8941
[TRAIN_BODY] torso_ori=9.69deg l_wrist_ori=16.85deg r_wrist_ori=22.13deg l_elbow_ori=15.41deg r_elbow_ori=17.91deg l_shoulder_ori=14.83deg r_shoulder_ori=21.27deg
[TRAIN_ANG] torso=1.911 l_wrist=3.272 r_wrist=3.636 l_elbow=2.869 r_elbow=3.168 l_shoulder=2.502 r_shoulder=2.690
[TRAIN_ACT] l_wrist_r=0.4244 l_wrist_p=1.2431 l_wrist_y=0.8533 r_wrist_r=0.5082 r_wrist_p=0.7161 r_wrist_y=0.7432 l_elbow=0.6595 r_elbow=0.5794
[UPDATE] 372/500 reward_step=0.04745 done_frac=0.01451 mean_reward=2.95710 mean_len=62.09
[FPO++] actor_loss=-0.00377 value_loss=0.04020 ratio=0.9988 [0.761,1.196] clip_frac=0.1585 cfm_old=0.6620 cfm_new=0.6632 kl=0.000222 grad=0.2668 grad_c=0.1589 lr=0.000034 critic_lr=0.000034
[TRAIN] mean_reward=2.95710 mean_len=62.09 recent_eps=100 completed_eps=5688141
[UPDATE_EFFECT] action_delta=0.00414860 param_rms_delta=0.00014599
[TIME] collect=4.816s update=5.815s
[DONE] timeout=0.00000 anchor_pos=0.00000 anchor_ori=0.00464 ee_body=0.34302
[DONE_ROLLOUT] timeout=0.00000 anchor_pos=0.00000 anchor_ori=0.00019 ee_body=0.01435
[FIRST_FAILURE] step_mean=11.52 step_min=0 step_max=23 phase_mean=163.94 phase_min=20 phase_max=324 anchor_pos=0.00000 anchor_ori=0.00464 ee_body=0.34302 timeout=0.00000
[TRACK_CHUNK0] anchor_pos=0.59764 anchor_ori=0.76416 body_pos=0.85302 body_ori=0.47900 body_lin=0.56316 body_ang=0.44647
[TRACK_ROLLOUT] anchor_pos=0.59418 anchor_ori=0.76499 body_pos=0.85201 body_ori=0.47784 body_lin=0.56119 body_ang=0.44522
[TRAIN_COST] action_rate=4.70671 joint_limit=0.00446 undesired_contacts=1.31274
[REWARD_WEIGHTED] pos=0.06032 penalty=-0.01287 total=0.04745 act_rate=-0.00936 contacts=-0.00259
[ACT_GREEDY] abs_mean=0.8244 abs_p95=2.3592 abs_p99=3.1143 abs_max=25.3316 legs=0.8194 waist=0.7415 arms=0.8465
[ACT_ROLLOUT] abs_mean=0.8483 abs_p95=2.3720 abs_p99=3.1559 abs_max=34.1808 abs_max_all=34.1808
[SAMPLER] top_bin=0 top_prob=0.343 peak_bin=1 failed_sum=176.8402 entropy=0.8951
[TRAIN_BODY] torso_ori=9.62deg l_wrist_ori=16.95deg r_wrist_ori=21.64deg l_elbow_ori=15.47deg r_elbow_ori=17.53deg l_shoulder_ori=14.78deg r_shoulder_ori=20.90deg
[TRAIN_ANG] torso=1.904 l_wrist=3.275 r_wrist=3.625 l_elbow=2.896 r_elbow=3.150 l_shoulder=2.504 r_shoulder=2.699
[TRAIN_ACT] l_wrist_r=0.4159 l_wrist_p=1.2318 l_wrist_y=0.8454 r_wrist_r=0.4914 r_wrist_p=0.7166 r_wrist_y=0.7486 l_elbow=0.6715 r_elbow=0.5850
[UPDATE] 373/500 reward_step=0.04741 done_frac=0.01503 mean_reward=2.95837 mean_len=62.28
[FPO++] actor_loss=-0.00488 value_loss=0.04240 ratio=0.9992 [0.927,1.062] clip_frac=0.0923 cfm_old=0.6656 cfm_new=0.6664 kl=0.000109 grad=0.1958 grad_c=0.0796 lr=0.000256 critic_lr=0.000256
[TRAIN] mean_reward=2.95837 mean_len=62.28 recent_eps=100 completed_eps=5691096
[UPDATE_EFFECT] action_delta=0.01649072 param_rms_delta=0.00009855
[TIME] collect=4.885s update=5.815s
[DONE] timeout=0.00000 anchor_pos=0.00037 anchor_ori=0.00488 ee_body=0.35413
[DONE_ROLLOUT] timeout=0.00000 anchor_pos=0.00002 anchor_ori=0.00020 ee_body=0.01485
[FIRST_FAILURE] step_mean=11.45 step_min=0 step_max=23 phase_mean=164.67 phase_min=19 phase_max=324 anchor_pos=0.00037 anchor_ori=0.00488 ee_body=0.35400 timeout=0.00000
[TRACK_CHUNK0] anchor_pos=0.59500 anchor_ori=0.76301 body_pos=0.85029 body_ori=0.47679 body_lin=0.55938 body_ang=0.44332
[TRACK_ROLLOUT] anchor_pos=0.59898 anchor_ori=0.76281 body_pos=0.85062 body_ori=0.47854 body_lin=0.55883 body_ang=0.44284
[TRAIN_COST] action_rate=4.71238 joint_limit=0.00414 undesired_contacts=1.28088
[REWARD_WEIGHTED] pos=0.06023 penalty=-0.01282 total=0.04741 act_rate=-0.00935 contacts=-0.00260
[ACT_GREEDY] abs_mean=0.8295 abs_p95=2.3783 abs_p99=3.1157 abs_max=31.7602 legs=0.8219 waist=0.7432 arms=0.8545
[ACT_ROLLOUT] abs_mean=0.8474 abs_p95=2.3747 abs_p99=3.1480 abs_max=33.8476 abs_max_all=33.8476
[SAMPLER] top_bin=0 top_prob=0.341 peak_bin=1 failed_sum=175.5658 entropy=0.8962
[TRAIN_BODY] torso_ori=9.60deg l_wrist_ori=17.15deg r_wrist_ori=21.75deg l_elbow_ori=15.66deg r_elbow_ori=17.69deg l_shoulder_ori=14.78deg r_shoulder_ori=20.89deg
[TRAIN_ANG] torso=1.907 l_wrist=3.257 r_wrist=3.648 l_elbow=2.839 r_elbow=3.182 l_shoulder=2.474 r_shoulder=2.715
[TRAIN_ACT] l_wrist_r=0.4169 l_wrist_p=1.2644 l_wrist_y=0.8602 r_wrist_r=0.4876 r_wrist_p=0.7084 r_wrist_y=0.7709 l_elbow=0.6770 r_elbow=0.5851
[UPDATE] 374/500 reward_step=0.04740 done_frac=0.01480 mean_reward=3.20341 mean_len=66.11
[FPO++] actor_loss=-0.00083 value_loss=0.03839 ratio=0.9999 [0.908,1.093] clip_frac=0.1261 cfm_old=0.6683 cfm_new=0.6685 kl=0.000147 grad=0.2446 grad_c=0.0978 lr=0.000076 critic_lr=0.000076
[TRAIN] mean_reward=3.20341 mean_len=66.11 recent_eps=100 completed_eps=5694005
[UPDATE_EFFECT] action_delta=0.00443957 param_rms_delta=0.00011165
[TIME] collect=4.749s update=5.807s
[DONE] timeout=0.00000 anchor_pos=0.00012 anchor_ori=0.00342 ee_body=0.35095
[DONE_ROLLOUT] timeout=0.00000 anchor_pos=0.00001 anchor_ori=0.00014 ee_body=0.01467
[FIRST_FAILURE] step_mean=11.52 step_min=0 step_max=23 phase_mean=163.66 phase_min=22 phase_max=324 anchor_pos=0.00012 anchor_ori=0.00342 ee_body=0.35095 timeout=0.00000
[TRACK_CHUNK0] anchor_pos=0.60381 anchor_ori=0.76367 body_pos=0.85135 body_ori=0.47952 body_lin=0.55633 body_ang=0.44282
[TRACK_ROLLOUT] anchor_pos=0.60373 anchor_ori=0.76419 body_pos=0.85065 body_ori=0.47700 body_lin=0.55702 body_ang=0.44233
[TRAIN_COST] action_rate=4.64830 joint_limit=0.00457 undesired_contacts=1.31506
[REWARD_WEIGHTED] pos=0.06022 penalty=-0.01282 total=0.04740 act_rate=-0.00933 contacts=-0.00258
[ACT_GREEDY] abs_mean=0.8317 abs_p95=2.3868 abs_p99=3.1303 abs_max=26.4657 legs=0.8259 waist=0.7414 arms=0.8559
[ACT_ROLLOUT] abs_mean=0.8542 abs_p95=2.3967 abs_p99=3.1807 abs_max=39.3073 abs_max_all=39.3073
[SAMPLER] top_bin=0 top_prob=0.339 peak_bin=1 failed_sum=174.2763 entropy=0.8971
[TRAIN_BODY] torso_ori=9.65deg l_wrist_ori=17.05deg r_wrist_ori=22.03deg l_elbow_ori=15.52deg r_elbow_ori=17.95deg l_shoulder_ori=14.77deg r_shoulder_ori=21.23deg
[TRAIN_ANG] torso=1.917 l_wrist=3.253 r_wrist=3.657 l_elbow=2.882 r_elbow=3.196 l_shoulder=2.521 r_shoulder=2.725
[TRAIN_ACT] l_wrist_r=0.4183 l_wrist_p=1.2685 l_wrist_y=0.8618 r_wrist_r=0.4957 r_wrist_p=0.7165 r_wrist_y=0.7456 l_elbow=0.6698 r_elbow=0.5984
[UPDATE] 375/500 reward_step=0.04718 done_frac=0.01498 mean_reward=3.36109 mean_len=70.88
[FPO++] actor_loss=-0.00406 value_loss=0.03980 ratio=0.9993 [0.921,1.094] clip_frac=0.1082 cfm_old=0.6717 cfm_new=0.6724 kl=0.000124 grad=0.2165 grad_c=0.0690 lr=0.000114 critic_lr=0.000114
[TRAIN] mean_reward=3.36109 mean_len=70.88 recent_eps=100 completed_eps=5696950
[UPDATE_EFFECT] action_delta=0.00631133 param_rms_delta=0.00012450
[TIME] collect=4.721s update=5.803s
[DONE] timeout=0.00000 anchor_pos=0.00000 anchor_ori=0.00452 ee_body=0.35352
[DONE_ROLLOUT] timeout=0.00000 anchor_pos=0.00000 anchor_ori=0.00019 ee_body=0.01480
[FIRST_FAILURE] step_mean=11.54 step_min=0 step_max=23 phase_mean=164.09 phase_min=18 phase_max=323 anchor_pos=0.00000 anchor_ori=0.00452 ee_body=0.35352 timeout=0.00000
[TRACK_CHUNK0] anchor_pos=0.60423 anchor_ori=0.76517 body_pos=0.85098 body_ori=0.47586 body_lin=0.55774 body_ang=0.44526
[TRACK_ROLLOUT] anchor_pos=0.60146 anchor_ori=0.76479 body_pos=0.84997 body_ori=0.47496 body_lin=0.55215 body_ang=0.43962
[TRAIN_COST] action_rate=4.68120 joint_limit=0.00402 undesired_contacts=1.28064
[REWARD_WEIGHTED] pos=0.06000 penalty=-0.01282 total=0.04718 act_rate=-0.00942 contacts=-0.00253
[ACT_GREEDY] abs_mean=0.8274 abs_p95=2.3740 abs_p99=3.1228 abs_max=11.1213 legs=0.8165 waist=0.7378 arms=0.8558
[ACT_ROLLOUT] abs_mean=0.8515 abs_p95=2.3812 abs_p99=3.1676 abs_max=30.7807 abs_max_all=30.7807
[SAMPLER] top_bin=0 top_prob=0.337 peak_bin=1 failed_sum=173.0531 entropy=0.8981
[TRAIN_BODY] torso_ori=9.47deg l_wrist_ori=17.17deg r_wrist_ori=21.90deg l_elbow_ori=15.45deg r_elbow_ori=17.87deg l_shoulder_ori=14.97deg r_shoulder_ori=21.10deg
[TRAIN_ANG] torso=1.896 l_wrist=3.219 r_wrist=3.642 l_elbow=2.827 r_elbow=3.179 l_shoulder=2.476 r_shoulder=2.706
[TRAIN_ACT] l_wrist_r=0.4181 l_wrist_p=1.2989 l_wrist_y=0.8713 r_wrist_r=0.4885 r_wrist_p=0.7100 r_wrist_y=0.7578 l_elbow=0.6611 r_elbow=0.5793
[UPDATE] 376/500 reward_step=0.04705 done_frac=0.01484 mean_reward=3.03318 mean_len=63.80
[FPO++] actor_loss=-0.00653 value_loss=0.04643 ratio=0.9994 [0.725,1.263] clip_frac=0.1380 cfm_old=0.6682 cfm_new=0.6688 kl=0.000172 grad=0.2301 grad_c=0.1427 lr=0.000114 critic_lr=0.000114
[TRAIN] mean_reward=3.03318 mean_len=63.80 recent_eps=100 completed_eps=5699868
[UPDATE_EFFECT] action_delta=0.01527237 param_rms_delta=0.00014570
[TIME] collect=4.721s update=5.803s
[DONE] timeout=0.00000 anchor_pos=0.00012 anchor_ori=0.00281 ee_body=0.35144
[DONE_ROLLOUT] timeout=0.00000 anchor_pos=0.00001 anchor_ori=0.00012 ee_body=0.01473
[FIRST_FAILURE] step_mean=11.37 step_min=0 step_max=23 phase_mean=166.90 phase_min=18 phase_max=324 anchor_pos=0.00012 anchor_ori=0.00281 ee_body=0.35144 timeout=0.00000
[TRACK_CHUNK0] anchor_pos=0.60300 anchor_ori=0.76364 body_pos=0.85158 body_ori=0.47543 body_lin=0.55146 body_ang=0.43829
[TRACK_ROLLOUT] anchor_pos=0.60301 anchor_ori=0.76085 body_pos=0.85063 body_ori=0.47458 body_lin=0.55346 body_ang=0.44032
[TRAIN_COST] action_rate=4.71074 joint_limit=0.00498 undesired_contacts=1.27502
[REWARD_WEIGHTED] pos=0.06002 penalty=-0.01297 total=0.04705 act_rate=-0.00942 contacts=-0.00252
[ACT_GREEDY] abs_mean=0.8265 abs_p95=2.3589 abs_p99=3.1059 abs_max=31.9486 legs=0.8165 waist=0.7288 arms=0.8560
[ACT_ROLLOUT] abs_mean=0.8533 abs_p95=2.3851 abs_p99=3.1772 abs_max=36.8283 abs_max_all=36.8283
[SAMPLER] top_bin=0 top_prob=0.335 peak_bin=1 failed_sum=171.8318 entropy=0.8990
[TRAIN_BODY] torso_ori=9.53deg l_wrist_ori=17.33deg r_wrist_ori=21.72deg l_elbow_ori=15.60deg r_elbow_ori=17.64deg l_shoulder_ori=14.90deg r_shoulder_ori=20.87deg
[TRAIN_ANG] torso=1.929 l_wrist=3.276 r_wrist=3.615 l_elbow=2.872 r_elbow=3.145 l_shoulder=2.499 r_shoulder=2.701
[TRAIN_ACT] l_wrist_r=0.4225 l_wrist_p=1.2871 l_wrist_y=0.8829 r_wrist_r=0.4909 r_wrist_p=0.7290 r_wrist_y=0.7788 l_elbow=0.6755 r_elbow=0.5864
[UPDATE] 377/500 reward_step=0.04719 done_frac=0.01471 mean_reward=2.91837 mean_len=61.66
[FPO++] actor_loss=-0.00730 value_loss=0.05092 ratio=0.9994 [0.697,1.274] clip_frac=0.1330 cfm_old=0.6642 cfm_new=0.6648 kl=0.000139 grad=0.2184 grad_c=0.1096 lr=0.000051 critic_lr=0.000051
[TRAIN] mean_reward=2.91837 mean_len=61.66 recent_eps=100 completed_eps=5702760
[UPDATE_EFFECT] action_delta=0.01096191 param_rms_delta=0.00007272
[TIME] collect=4.791s update=5.801s
[DONE] timeout=0.00000 anchor_pos=0.00037 anchor_ori=0.00330 ee_body=0.34839
[DONE_ROLLOUT] timeout=0.00000 anchor_pos=0.00002 anchor_ori=0.00014 ee_body=0.01457
[FIRST_FAILURE] step_mean=11.42 step_min=0 step_max=23 phase_mean=166.98 phase_min=17 phase_max=324 anchor_pos=0.00037 anchor_ori=0.00330 ee_body=0.34839 timeout=0.00000
[TRACK_CHUNK0] anchor_pos=0.60011 anchor_ori=0.75791 body_pos=0.84987 body_ori=0.47327 body_lin=0.55783 body_ang=0.44197
[TRACK_ROLLOUT] anchor_pos=0.60060 anchor_ori=0.75994 body_pos=0.85238 body_ori=0.47938 body_lin=0.55696 body_ang=0.44132
[TRAIN_COST] action_rate=4.70804 joint_limit=0.00582 undesired_contacts=1.25757
[REWARD_WEIGHTED] pos=0.06021 penalty=-0.01302 total=0.04719 act_rate=-0.00941 contacts=-0.00254
[ACT_GREEDY] abs_mean=0.8272 abs_p95=2.3706 abs_p99=3.1100 abs_max=34.9922 legs=0.8197 waist=0.7336 arms=0.8538
[ACT_ROLLOUT] abs_mean=0.8462 abs_p95=2.3698 abs_p99=3.1553 abs_max=42.8547 abs_max_all=42.8547
[SAMPLER] top_bin=0 top_prob=0.333 peak_bin=1 failed_sum=170.6138 entropy=0.9000
[TRAIN_BODY] torso_ori=9.82deg l_wrist_ori=17.38deg r_wrist_ori=21.70deg l_elbow_ori=15.81deg r_elbow_ori=17.83deg l_shoulder_ori=15.01deg r_shoulder_ori=21.09deg
[TRAIN_ANG] torso=1.902 l_wrist=3.259 r_wrist=3.665 l_elbow=2.879 r_elbow=3.205 l_shoulder=2.502 r_shoulder=2.695
[TRAIN_ACT] l_wrist_r=0.4241 l_wrist_p=1.2698 l_wrist_y=0.8702 r_wrist_r=0.4988 r_wrist_p=0.7303 r_wrist_y=0.7687 l_elbow=0.6698 r_elbow=0.5883
[UPDATE] 378/500 reward_step=0.04723 done_frac=0.01454 mean_reward=3.52539 mean_len=73.31
[FPO++] actor_loss=-0.00385 value_loss=0.04981 ratio=1.0001 [0.492,1.414] clip_frac=0.1209 cfm_old=0.6620 cfm_new=0.6619 kl=0.000101 grad=0.2260 grad_c=0.4777 lr=0.000171 critic_lr=0.000171
[TRAIN] mean_reward=3.52539 mean_len=73.31 recent_eps=100 completed_eps=5705619
[UPDATE_EFFECT] action_delta=0.00638566 param_rms_delta=0.00019721
[TIME] collect=4.686s update=5.805s
[DONE] timeout=0.00000 anchor_pos=0.00012 anchor_ori=0.00488 ee_body=0.34277
[DONE_ROLLOUT] timeout=0.00000 anchor_pos=0.00001 anchor_ori=0.00020 ee_body=0.01434
[FIRST_FAILURE] step_mean=11.65 step_min=0 step_max=23 phase_mean=167.71 phase_min=22 phase_max=323 anchor_pos=0.00012 anchor_ori=0.00488 ee_body=0.34277 timeout=0.00000
[TRACK_CHUNK0] anchor_pos=0.60040 anchor_ori=0.76070 body_pos=0.85427 body_ori=0.48115 body_lin=0.55826 body_ang=0.43988
[TRACK_ROLLOUT] anchor_pos=0.59798 anchor_ori=0.75839 body_pos=0.85289 body_ori=0.48056 body_lin=0.55672 body_ang=0.44188
[TRAIN_COST] action_rate=4.75927 joint_limit=0.00561 undesired_contacts=1.27612
[REWARD_WEIGHTED] pos=0.06020 penalty=-0.01297 total=0.04723 act_rate=-0.00941 contacts=-0.00255
[ACT_GREEDY] abs_mean=0.8211 abs_p95=2.3585 abs_p99=3.0978 abs_max=42.0229 legs=0.8183 waist=0.7336 arms=0.8422
[ACT_ROLLOUT] abs_mean=0.8419 abs_p95=2.3605 abs_p99=3.1370 abs_max=47.0270 abs_max_all=47.0270
[SAMPLER] top_bin=0 top_prob=0.331 peak_bin=1 failed_sum=169.3927 entropy=0.9010
[TRAIN_BODY] torso_ori=9.59deg l_wrist_ori=16.86deg r_wrist_ori=21.60deg l_elbow_ori=15.42deg r_elbow_ori=17.77deg l_shoulder_ori=14.46deg r_shoulder_ori=20.86deg
[TRAIN_ANG] torso=1.905 l_wrist=3.272 r_wrist=3.676 l_elbow=2.862 r_elbow=3.184 l_shoulder=2.489 r_shoulder=2.695
[TRAIN_ACT] l_wrist_r=0.4132 l_wrist_p=1.2397 l_wrist_y=0.8324 r_wrist_r=0.4959 r_wrist_p=0.7254 r_wrist_y=0.7372 l_elbow=0.6720 r_elbow=0.5899
[UPDATE] 379/500 reward_step=0.04728 done_frac=0.01437 mean_reward=3.27229 mean_len=68.04
[FPO++] actor_loss=-0.00181 value_loss=0.04074 ratio=0.9995 [0.836,1.829] clip_frac=0.1275 cfm_old=0.6616 cfm_new=0.6621 kl=0.000079 grad=0.2255 grad_c=0.2330 lr=0.000256 critic_lr=0.000256
[TRAIN] mean_reward=3.27229 mean_len=68.04 recent_eps=100 completed_eps=5708445
[UPDATE_EFFECT] action_delta=0.00581907 param_rms_delta=0.00018095
[TIME] collect=4.714s update=5.815s
[DONE] timeout=0.00000 anchor_pos=0.00024 anchor_ori=0.00305 ee_body=0.34070
[DONE_ROLLOUT] timeout=0.00000 anchor_pos=0.00001 anchor_ori=0.00013 ee_body=0.01425
[FIRST_FAILURE] step_mean=11.67 step_min=0 step_max=23 phase_mean=164.53 phase_min=21 phase_max=324 anchor_pos=0.00024 anchor_ori=0.00305 ee_body=0.34058 timeout=0.00000
[TRACK_CHUNK0] anchor_pos=0.59788 anchor_ori=0.76122 body_pos=0.85537 body_ori=0.48350 body_lin=0.55542 body_ang=0.44059
[TRACK_ROLLOUT] anchor_pos=0.59148 anchor_ori=0.75693 body_pos=0.85280 body_ori=0.48068 body_lin=0.55446 body_ang=0.44224
[TRAIN_COST] action_rate=4.71150 joint_limit=0.00495 undesired_contacts=1.27673
[REWARD_WEIGHTED] pos=0.06009 penalty=-0.01281 total=0.04728 act_rate=-0.00937 contacts=-0.00255
[ACT_GREEDY] abs_mean=0.8147 abs_p95=2.3458 abs_p99=3.0835 abs_max=44.4979 legs=0.8197 waist=0.7396 arms=0.8265
[ACT_ROLLOUT] abs_mean=0.8352 abs_p95=2.3489 abs_p99=3.1245 abs_max=45.5830 abs_max_all=45.5830
[SAMPLER] top_bin=0 top_prob=0.330 peak_bin=1 failed_sum=168.1681 entropy=0.9018
[TRAIN_BODY] torso_ori=9.60deg l_wrist_ori=16.53deg r_wrist_ori=21.03deg l_elbow_ori=15.17deg r_elbow_ori=17.33deg l_shoulder_ori=14.33deg r_shoulder_ori=20.55deg
[TRAIN_ANG] torso=1.889 l_wrist=3.277 r_wrist=3.634 l_elbow=2.869 r_elbow=3.140 l_shoulder=2.473 r_shoulder=2.681
[TRAIN_ACT] l_wrist_r=0.4103 l_wrist_p=1.2078 l_wrist_y=0.7924 r_wrist_r=0.4798 r_wrist_p=0.7042 r_wrist_y=0.6993 l_elbow=0.6637 r_elbow=0.5801
[UPDATE] 380/500 reward_step=0.04745 done_frac=0.01432 mean_reward=3.35382 mean_len=68.57
[FPO++] actor_loss=-0.00156 value_loss=0.03893 ratio=0.9988 [0.808,1.268] clip_frac=0.1938 cfm_old=0.6595 cfm_new=0.6607 kl=0.000114 grad=0.3673 grad_c=0.2403 lr=0.000256 critic_lr=0.000256
[TRAIN] mean_reward=3.35382 mean_len=68.57 recent_eps=100 completed_eps=5711261
[UPDATE_EFFECT] action_delta=0.00673883 param_rms_delta=0.00021442
[TIME] collect=4.716s update=5.814s
[DONE] timeout=0.00000 anchor_pos=0.00000 anchor_ori=0.00488 ee_body=0.33801
[DONE_ROLLOUT] timeout=0.00000 anchor_pos=0.00000 anchor_ori=0.00020 ee_body=0.01416
[FIRST_FAILURE] step_mean=11.21 step_min=0 step_max=23 phase_mean=167.74 phase_min=18 phase_max=323 anchor_pos=0.00000 anchor_ori=0.00488 ee_body=0.33801 timeout=0.00000
[TRACK_CHUNK0] anchor_pos=0.58918 anchor_ori=0.75784 body_pos=0.85370 body_ori=0.48286 body_lin=0.55395 body_ang=0.44024
[TRACK_ROLLOUT] anchor_pos=0.58957 anchor_ori=0.76021 body_pos=0.85444 body_ori=0.48145 body_lin=0.55348 body_ang=0.44087
[TRAIN_COST] action_rate=4.71007 joint_limit=0.00386 undesired_contacts=1.26929
[REWARD_WEIGHTED] pos=0.06010 penalty=-0.01265 total=0.04745 act_rate=-0.00939 contacts=-0.00251
[ACT_GREEDY] abs_mean=0.8091 abs_p95=2.3316 abs_p99=3.0669 abs_max=5.3284 legs=0.8179 waist=0.7356 arms=0.8173
[ACT_ROLLOUT] abs_mean=0.8334 abs_p95=2.3417 abs_p99=3.1132 abs_max=16.3342 abs_max_all=16.3342
[SAMPLER] top_bin=0 top_prob=0.328 peak_bin=1 failed_sum=166.9613 entropy=0.9028
[TRAIN_BODY] torso_ori=9.67deg l_wrist_ori=16.41deg r_wrist_ori=20.93deg l_elbow_ori=14.97deg r_elbow_ori=17.44deg l_shoulder_ori=14.20deg r_shoulder_ori=20.73deg
[TRAIN_ANG] torso=1.934 l_wrist=3.267 r_wrist=3.641 l_elbow=2.842 r_elbow=3.188 l_shoulder=2.477 r_shoulder=2.737
[TRAIN_ACT] l_wrist_r=0.4025 l_wrist_p=1.1903 l_wrist_y=0.8147 r_wrist_r=0.4637 r_wrist_p=0.6943 r_wrist_y=0.6820 l_elbow=0.6516 r_elbow=0.5668
[UPDATE] 381/500 reward_step=0.04711 done_frac=0.01466 mean_reward=2.94289 mean_len=63.55
[FPO++] actor_loss=-0.00068 value_loss=0.03904 ratio=0.9988 [0.893,1.153] clip_frac=0.1580 cfm_old=0.6655 cfm_new=0.6668 kl=0.000094 grad=0.2697 grad_c=0.1266 lr=0.000384 critic_lr=0.000384
[TRAIN] mean_reward=2.94289 mean_len=63.55 recent_eps=100 completed_eps=5714144
[UPDATE_EFFECT] action_delta=0.00661898 param_rms_delta=0.00022816
[TIME] collect=4.611s update=5.809s
[DONE] timeout=0.00000 anchor_pos=0.00012 anchor_ori=0.00452 ee_body=0.34534
[DONE_ROLLOUT] timeout=0.00000 anchor_pos=0.00001 anchor_ori=0.00019 ee_body=0.01450
[FIRST_FAILURE] step_mean=11.29 step_min=0 step_max=23 phase_mean=167.92 phase_min=18 phase_max=324 anchor_pos=0.00012 anchor_ori=0.00439 ee_body=0.34534 timeout=0.00000
[TRACK_CHUNK0] anchor_pos=0.58191 anchor_ori=0.75912 body_pos=0.85209 body_ori=0.47473 body_lin=0.55090 body_ang=0.44074
[TRACK_ROLLOUT] anchor_pos=0.58275 anchor_ori=0.76126 body_pos=0.85284 body_ori=0.47788 body_lin=0.55086 body_ang=0.43762
[TRAIN_COST] action_rate=4.69574 joint_limit=0.00403 undesired_contacts=1.24329
[REWARD_WEIGHTED] pos=0.05982 penalty=-0.01271 total=0.04711 act_rate=-0.00942 contacts=-0.00250
[ACT_GREEDY] abs_mean=0.8120 abs_p95=2.3385 abs_p99=3.0827 abs_max=16.4415 legs=0.8178 waist=0.7316 arms=0.8243
[ACT_ROLLOUT] abs_mean=0.8327 abs_p95=2.3394 abs_p99=3.1194 abs_max=19.5425 abs_max_all=19.5425
[SAMPLER] top_bin=0 top_prob=0.326 peak_bin=1 failed_sum=165.8497 entropy=0.9037
[TRAIN_BODY] torso_ori=9.63deg l_wrist_ori=16.70deg r_wrist_ori=21.35deg l_elbow_ori=15.33deg r_elbow_ori=17.75deg l_shoulder_ori=14.53deg r_shoulder_ori=21.23deg
[TRAIN_ANG] torso=1.896 l_wrist=3.217 r_wrist=3.621 l_elbow=2.816 r_elbow=3.175 l_shoulder=2.476 r_shoulder=2.695
[TRAIN_ACT] l_wrist_r=0.4209 l_wrist_p=1.2095 l_wrist_y=0.8155 r_wrist_r=0.4765 r_wrist_p=0.6988 r_wrist_y=0.6920 l_elbow=0.6438 r_elbow=0.5726
[UPDATE] 382/500 reward_step=0.04710 done_frac=0.01465 mean_reward=2.70145 mean_len=59.12
[FPO++] actor_loss=-0.00172 value_loss=0.03984 ratio=0.9986 [0.825,1.331] clip_frac=0.2231 cfm_old=0.6660 cfm_new=0.6675 kl=0.000129 grad=0.4089 grad_c=0.3085 lr=0.000256 critic_lr=0.000256
[TRAIN] mean_reward=2.70145 mean_len=59.12 recent_eps=100 completed_eps=5717024
[UPDATE_EFFECT] action_delta=0.00651209 param_rms_delta=0.00020180
[TIME] collect=4.673s update=5.819s
[DONE] timeout=0.00000 anchor_pos=0.00000 anchor_ori=0.00403 ee_body=0.34558
[DONE_ROLLOUT] timeout=0.00000 anchor_pos=0.00000 anchor_ori=0.00017 ee_body=0.01451
[FIRST_FAILURE] step_mean=11.45 step_min=0 step_max=23 phase_mean=167.05 phase_min=19 phase_max=324 anchor_pos=0.00000 anchor_ori=0.00403 ee_body=0.34558 timeout=0.00000
[TRACK_CHUNK0] anchor_pos=0.57985 anchor_ori=0.76122 body_pos=0.85217 body_ori=0.47654 body_lin=0.55181 body_ang=0.44070
[TRACK_ROLLOUT] anchor_pos=0.58036 anchor_ori=0.75896 body_pos=0.85433 body_ori=0.47834 body_lin=0.55324 body_ang=0.43995
[TRAIN_COST] action_rate=4.72142 joint_limit=0.00392 undesired_contacts=1.24670
[REWARD_WEIGHTED] pos=0.05991 penalty=-0.01281 total=0.04710 act_rate=-0.00948 contacts=-0.00250
[ACT_GREEDY] abs_mean=0.8125 abs_p95=2.3473 abs_p99=3.1141 abs_max=10.7161 legs=0.8180 waist=0.7371 arms=0.8238
[ACT_ROLLOUT] abs_mean=0.8334 abs_p95=2.3458 abs_p99=3.1301 abs_max=24.6275 abs_max_all=24.6275
[SAMPLER] top_bin=0 top_prob=0.324 peak_bin=1 failed_sum=164.7620 entropy=0.9045
[TRAIN_BODY] torso_ori=9.54deg l_wrist_ori=16.61deg r_wrist_ori=21.65deg l_elbow_ori=15.59deg r_elbow_ori=17.86deg l_shoulder_ori=14.68deg r_shoulder_ori=21.01deg
[TRAIN_ANG] torso=1.913 l_wrist=3.246 r_wrist=3.658 l_elbow=2.855 r_elbow=3.209 l_shoulder=2.486 r_shoulder=2.712
[TRAIN_ACT] l_wrist_r=0.4184 l_wrist_p=1.1728 l_wrist_y=0.8282 r_wrist_r=0.4662 r_wrist_p=0.6802 r_wrist_y=0.7095 l_elbow=0.6531 r_elbow=0.5745
[UPDATE] 383/500 reward_step=0.04681 done_frac=0.01421 mean_reward=2.98088 mean_len=64.11
[FPO++] actor_loss=-0.00336 value_loss=0.04237 ratio=0.9988 [0.211,2.763] clip_frac=0.1677 cfm_old=0.6714 cfm_new=0.6727 kl=0.000162 grad=0.2836 grad_c=0.2727 lr=0.000034 critic_lr=0.000034
[TRAIN] mean_reward=2.98088 mean_len=64.11 recent_eps=100 completed_eps=5719818
[UPDATE_EFFECT] action_delta=0.00607355 param_rms_delta=0.00021835
[TIME] collect=4.706s update=5.819s
[DONE] timeout=0.00000 anchor_pos=0.00000 anchor_ori=0.00317 ee_body=0.33582
[DONE_ROLLOUT] timeout=0.00000 anchor_pos=0.00000 anchor_ori=0.00013 ee_body=0.01408
[FIRST_FAILURE] step_mean=11.84 step_min=0 step_max=23 phase_mean=169.60 phase_min=17 phase_max=324 anchor_pos=0.00000 anchor_ori=0.00317 ee_body=0.33582 timeout=0.00000
[TRACK_CHUNK0] anchor_pos=0.58198 anchor_ori=0.75837 body_pos=0.85757 body_ori=0.48144 body_lin=0.55693 body_ang=0.43900
[TRACK_ROLLOUT] anchor_pos=0.57534 anchor_ori=0.75926 body_pos=0.85465 body_ori=0.47507 body_lin=0.55153 body_ang=0.43870
[TRAIN_COST] action_rate=4.79703 joint_limit=0.00436 undesired_contacts=1.28137
[REWARD_WEIGHTED] pos=0.05974 penalty=-0.01293 total=0.04681 act_rate=-0.00953 contacts=-0.00250
[ACT_GREEDY] abs_mean=0.8137 abs_p95=2.3511 abs_p99=3.1060 abs_max=26.7860 legs=0.8186 waist=0.7416 arms=0.8248
[ACT_ROLLOUT] abs_mean=0.8377 abs_p95=2.3509 abs_p99=3.1444 abs_max=41.4101 abs_max_all=41.4101
[SAMPLER] top_bin=0 top_prob=0.322 peak_bin=1 failed_sum=163.6161 entropy=0.9054
[TRAIN_BODY] torso_ori=9.62deg l_wrist_ori=16.49deg r_wrist_ori=21.09deg l_elbow_ori=15.36deg r_elbow_ori=17.52deg l_shoulder_ori=14.63deg r_shoulder_ori=20.81deg
[TRAIN_ANG] torso=1.911 l_wrist=3.244 r_wrist=3.671 l_elbow=2.837 r_elbow=3.167 l_shoulder=2.478 r_shoulder=2.690
[TRAIN_ACT] l_wrist_r=0.4249 l_wrist_p=1.1725 l_wrist_y=0.8166 r_wrist_r=0.4671 r_wrist_p=0.6801 r_wrist_y=0.6938 l_elbow=0.6545 r_elbow=0.5820
[UPDATE] 384/500 reward_step=0.04691 done_frac=0.01400 mean_reward=3.36043 mean_len=70.79
[FPO++] actor_loss=-0.00335 value_loss=0.03983 ratio=0.9991 [0.421,1.320] clip_frac=0.0552 cfm_old=0.6687 cfm_new=0.6696 kl=0.000061 grad=0.1039 grad_c=0.1941 lr=0.000384 critic_lr=0.000384
[TRAIN] mean_reward=3.36043 mean_len=70.79 recent_eps=100 completed_eps=5722570
[UPDATE_EFFECT] action_delta=0.00624459 param_rms_delta=0.00022471
[TIME] collect=4.869s update=5.809s
[DONE] timeout=0.00000 anchor_pos=0.00024 anchor_ori=0.00378 ee_body=0.33032
[DONE_ROLLOUT] timeout=0.00000 anchor_pos=0.00001 anchor_ori=0.00016 ee_body=0.01387
[FIRST_FAILURE] step_mean=11.57 step_min=0 step_max=23 phase_mean=167.43 phase_min=14 phase_max=324 anchor_pos=0.00024 anchor_ori=0.00378 ee_body=0.33032 timeout=0.00000
[TRACK_CHUNK0] anchor_pos=0.57747 anchor_ori=0.76398 body_pos=0.85762 body_ori=0.48036 body_lin=0.55071 body_ang=0.43343
[TRACK_ROLLOUT] anchor_pos=0.57574 anchor_ori=0.76099 body_pos=0.85612 body_ori=0.47831 body_lin=0.55161 body_ang=0.43559
[TRAIN_COST] action_rate=4.81425 joint_limit=0.00455 undesired_contacts=1.23853
[REWARD_WEIGHTED] pos=0.05980 penalty=-0.01289 total=0.04691 act_rate=-0.00953 contacts=-0.00246
[ACT_GREEDY] abs_mean=0.8096 abs_p95=2.3309 abs_p99=3.0790 abs_max=39.9857 legs=0.8119 waist=0.7368 arms=0.8233
[ACT_ROLLOUT] abs_mean=0.8338 abs_p95=2.3427 abs_p99=3.1325 abs_max=39.9942 abs_max_all=39.9942
[SAMPLER] top_bin=0 top_prob=0.321 peak_bin=1 failed_sum=162.4552 entropy=0.9062
[TRAIN_BODY] torso_ori=9.42deg l_wrist_ori=16.44deg r_wrist_ori=21.17deg l_elbow_ori=15.37deg r_elbow_ori=17.68deg l_shoulder_ori=14.80deg r_shoulder_ori=20.97deg
[TRAIN_ANG] torso=1.915 l_wrist=3.271 r_wrist=3.696 l_elbow=2.890 r_elbow=3.225 l_shoulder=2.489 r_shoulder=2.729
[TRAIN_ACT] l_wrist_r=0.4279 l_wrist_p=1.1764 l_wrist_y=0.8258 r_wrist_r=0.4559 r_wrist_p=0.6905 r_wrist_y=0.7327 l_elbow=0.6410 r_elbow=0.5703
[UPDATE] 385/500 reward_step=0.04707 done_frac=0.01383 mean_reward=3.14937 mean_len=67.49
[FPO++] actor_loss=-0.00207 value_loss=0.04160 ratio=0.9988 [0.277,1.746] clip_frac=0.1339 cfm_old=0.6682 cfm_new=0.6694 kl=0.000136 grad=0.1971 grad_c=0.4108 lr=0.000384 critic_lr=0.000384
[TRAIN] mean_reward=3.14937 mean_len=67.49 recent_eps=100 completed_eps=5725289
[UPDATE_EFFECT] action_delta=0.00803611 param_rms_delta=0.00026684
[TIME] collect=4.733s update=5.812s
[DONE] timeout=0.00000 anchor_pos=0.00000 anchor_ori=0.00378 ee_body=0.32727
[DONE_ROLLOUT] timeout=0.00000 anchor_pos=0.00000 anchor_ori=0.00016 ee_body=0.01371
[FIRST_FAILURE] step_mean=11.34 step_min=0 step_max=23 phase_mean=172.94 phase_min=21 phase_max=324 anchor_pos=0.00000 anchor_ori=0.00378 ee_body=0.32727 timeout=0.00000
[TRACK_CHUNK0] anchor_pos=0.57518 anchor_ori=0.76232 body_pos=0.85653 body_ori=0.47962 body_lin=0.55419 body_ang=0.43552
[TRACK_ROLLOUT] anchor_pos=0.57643 anchor_ori=0.76091 body_pos=0.85599 body_ori=0.48022 body_lin=0.55542 body_ang=0.43767
[TRAIN_COST] action_rate=4.75833 joint_limit=0.00451 undesired_contacts=1.22131
[REWARD_WEIGHTED] pos=0.05996 penalty=-0.01289 total=0.04707 act_rate=-0.00955 contacts=-0.00246
[ACT_GREEDY] abs_mean=0.8055 abs_p95=2.3262 abs_p99=3.0603 abs_max=23.2222 legs=0.8084 waist=0.7260 arms=0.8201
[ACT_ROLLOUT] abs_mean=0.8331 abs_p95=2.3445 abs_p99=3.1315 abs_max=36.7420 abs_max_all=36.7420
[SAMPLER] top_bin=0 top_prob=0.319 peak_bin=1 failed_sum=161.2885 entropy=0.9071
[TRAIN_BODY] torso_ori=9.52deg l_wrist_ori=16.36deg r_wrist_ori=21.01deg l_elbow_ori=15.24deg r_elbow_ori=17.37deg l_shoulder_ori=14.65deg r_shoulder_ori=20.63deg
[TRAIN_ANG] torso=1.906 l_wrist=3.274 r_wrist=3.638 l_elbow=2.875 r_elbow=3.180 l_shoulder=2.510 r_shoulder=2.737
[TRAIN_ACT] l_wrist_r=0.4230 l_wrist_p=1.1826 l_wrist_y=0.8119 r_wrist_r=0.4511 r_wrist_p=0.6923 r_wrist_y=0.7318 l_elbow=0.6500 r_elbow=0.5702
[UPDATE] 386/500 reward_step=0.04718 done_frac=0.01368 mean_reward=3.49767 mean_len=73.67
[FPO++] actor_loss=-0.00431 value_loss=0.04197 ratio=0.9990 [0.414,1.663] clip_frac=0.0955 cfm_old=0.6664 cfm_new=0.6674 kl=0.000103 grad=0.1461 grad_c=0.3063 lr=0.000384 critic_lr=0.000384
[TRAIN] mean_reward=3.49767 mean_len=73.67 recent_eps=100 completed_eps=5727978
[UPDATE_EFFECT] action_delta=0.00728192 param_rms_delta=0.00026236
[TIME] collect=4.699s update=5.813s
[DONE] timeout=0.00000 anchor_pos=0.00012 anchor_ori=0.00537 ee_body=0.32214
[DONE_ROLLOUT] timeout=0.00000 anchor_pos=0.00001 anchor_ori=0.00022 ee_body=0.01350
[FIRST_FAILURE] step_mean=11.23 step_min=0 step_max=23 phase_mean=173.27 phase_min=19 phase_max=323 anchor_pos=0.00012 anchor_ori=0.00537 ee_body=0.32214 timeout=0.00000
[TRACK_CHUNK0] anchor_pos=0.57601 anchor_ori=0.76073 body_pos=0.85535 body_ori=0.48009 body_lin=0.55496 body_ang=0.44029
[TRACK_ROLLOUT] anchor_pos=0.57852 anchor_ori=0.76120 body_pos=0.85606 body_ori=0.48196 body_lin=0.55546 body_ang=0.43873
[TRAIN_COST] action_rate=4.78305 joint_limit=0.00426 undesired_contacts=1.23083
[REWARD_WEIGHTED] pos=0.06004 penalty=-0.01286 total=0.04718 act_rate=-0.00953 contacts=-0.00247
[ACT_GREEDY] abs_mean=0.8092 abs_p95=2.3363 abs_p99=3.0952 abs_max=15.5162 legs=0.8120 waist=0.7246 arms=0.8249
[ACT_ROLLOUT] abs_mean=0.8315 abs_p95=2.3399 abs_p99=3.1231 abs_max=38.6590 abs_max_all=38.6590
[SAMPLER] top_bin=0 top_prob=0.317 peak_bin=1 failed_sum=160.1195 entropy=0.9080
[TRAIN_BODY] torso_ori=9.60deg l_wrist_ori=16.46deg r_wrist_ori=21.00deg l_elbow_ori=15.43deg r_elbow_ori=17.37deg l_shoulder_ori=14.84deg r_shoulder_ori=20.72deg
[TRAIN_ANG] torso=1.920 l_wrist=3.286 r_wrist=3.622 l_elbow=2.891 r_elbow=3.156 l_shoulder=2.507 r_shoulder=2.700
[TRAIN_ACT] l_wrist_r=0.4258 l_wrist_p=1.1766 l_wrist_y=0.8201 r_wrist_r=0.4633 r_wrist_p=0.6893 r_wrist_y=0.7528 l_elbow=0.6432 r_elbow=0.5781
[UPDATE] 387/500 reward_step=0.04717 done_frac=0.01355 mean_reward=3.94314 mean_len=82.21
[FPO++] actor_loss=-0.00120 value_loss=0.03699 ratio=0.9991 [0.799,1.250] clip_frac=0.0623 cfm_old=0.6674 cfm_new=0.6683 kl=0.000068 grad=0.1152 grad_c=0.1553 lr=0.000384 critic_lr=0.000384
[TRAIN] mean_reward=3.94314 mean_len=82.21 recent_eps=100 completed_eps=5730642
[UPDATE_EFFECT] action_delta=0.00716843 param_rms_delta=0.00024004
[TIME] collect=4.722s update=5.806s
[DONE] timeout=0.00000 anchor_pos=0.00000 anchor_ori=0.00488 ee_body=0.31885
[DONE_ROLLOUT] timeout=0.00000 anchor_pos=0.00000 anchor_ori=0.00020 ee_body=0.01339
[FIRST_FAILURE] step_mean=11.26 step_min=0 step_max=23 phase_mean=171.77 phase_min=23 phase_max=324 anchor_pos=0.00000 anchor_ori=0.00488 ee_body=0.31885 timeout=0.00000
[TRACK_CHUNK0] anchor_pos=0.57549 anchor_ori=0.76242 body_pos=0.85473 body_ori=0.47967 body_lin=0.55342 body_ang=0.43734
[TRACK_ROLLOUT] anchor_pos=0.57749 anchor_ori=0.76497 body_pos=0.85652 body_ori=0.48087 body_lin=0.55405 body_ang=0.43632
[TRAIN_COST] action_rate=4.69395 joint_limit=0.00437 undesired_contacts=1.22522
[REWARD_WEIGHTED] pos=0.05998 penalty=-0.01281 total=0.04717 act_rate=-0.00953 contacts=-0.00244
[ACT_GREEDY] abs_mean=0.8101 abs_p95=2.3319 abs_p99=3.0745 abs_max=40.3901 legs=0.8076 waist=0.7394 arms=0.8273
[ACT_ROLLOUT] abs_mean=0.8329 abs_p95=2.3366 abs_p99=3.1215 abs_max=42.3003 abs_max_all=42.3003
[SAMPLER] top_bin=0 top_prob=0.315 peak_bin=1 failed_sum=158.9537 entropy=0.9088
[TRAIN_BODY] torso_ori=9.51deg l_wrist_ori=16.51deg r_wrist_ori=21.09deg l_elbow_ori=15.52deg r_elbow_ori=17.66deg l_shoulder_ori=14.70deg r_shoulder_ori=20.85deg
[TRAIN_ANG] torso=1.939 l_wrist=3.295 r_wrist=3.670 l_elbow=2.895 r_elbow=3.210 l_shoulder=2.511 r_shoulder=2.722
[TRAIN_ACT] l_wrist_r=0.4281 l_wrist_p=1.1589 l_wrist_y=0.8390 r_wrist_r=0.4752 r_wrist_p=0.6929 r_wrist_y=0.7415 l_elbow=0.6551 r_elbow=0.5803
[UPDATE] 388/500 reward_step=0.04734 done_frac=0.01363 mean_reward=3.41981 mean_len=72.50
[FPO++] actor_loss=-0.00133 value_loss=0.04011 ratio=0.9988 [0.868,1.176] clip_frac=0.1671 cfm_old=0.6667 cfm_new=0.6679 kl=0.000145 grad=0.2585 grad_c=0.2284 lr=0.000114 critic_lr=0.000114
[TRAIN] mean_reward=3.41981 mean_len=72.50 recent_eps=100 completed_eps=5733321
[UPDATE_EFFECT] action_delta=0.00583766 param_rms_delta=0.00016092
[TIME] collect=4.686s update=5.808s
[DONE] timeout=0.00000 anchor_pos=0.00012 anchor_ori=0.00500 ee_body=0.32092
[DONE_ROLLOUT] timeout=0.00000 anchor_pos=0.00001 anchor_ori=0.00021 ee_body=0.01344
[FIRST_FAILURE] step_mean=11.24 step_min=0 step_max=23 phase_mean=173.08 phase_min=19 phase_max=324 anchor_pos=0.00012 anchor_ori=0.00500 ee_body=0.32092 timeout=0.00000
[TRACK_CHUNK0] anchor_pos=0.57669 anchor_ori=0.76094 body_pos=0.85406 body_ori=0.47914 body_lin=0.55133 body_ang=0.43552
[TRACK_ROLLOUT] anchor_pos=0.58030 anchor_ori=0.76297 body_pos=0.85675 body_ori=0.48212 body_lin=0.55580 body_ang=0.43709
[TRAIN_COST] action_rate=4.80954 joint_limit=0.00424 undesired_contacts=1.19543
[REWARD_WEIGHTED] pos=0.06007 penalty=-0.01273 total=0.04734 act_rate=-0.00951 contacts=-0.00238
[ACT_GREEDY] abs_mean=0.8117 abs_p95=2.3340 abs_p99=3.0696 abs_max=15.6787 legs=0.8081 waist=0.7375 arms=0.8307
[ACT_ROLLOUT] abs_mean=0.8322 abs_p95=2.3329 abs_p99=3.1198 abs_max=31.8909 abs_max_all=31.8909
[SAMPLER] top_bin=0 top_prob=0.313 peak_bin=1 failed_sum=157.8303 entropy=0.9097
[TRAIN_BODY] torso_ori=9.57deg l_wrist_ori=16.83deg r_wrist_ori=21.38deg l_elbow_ori=15.84deg r_elbow_ori=17.66deg l_shoulder_ori=15.09deg r_shoulder_ori=20.41deg
[TRAIN_ANG] torso=1.944 l_wrist=3.317 r_wrist=3.657 l_elbow=2.884 r_elbow=3.212 l_shoulder=2.527 r_shoulder=2.734
[TRAIN_ACT] l_wrist_r=0.4301 l_wrist_p=1.1677 l_wrist_y=0.8562 r_wrist_r=0.4866 r_wrist_p=0.6847 r_wrist_y=0.7500 l_elbow=0.6624 r_elbow=0.5706
[UPDATE] 389/500 reward_step=0.04753 done_frac=0.01343 mean_reward=3.76177 mean_len=79.09
[FPO++] actor_loss=-0.00194 value_loss=0.04024 ratio=0.9986 [0.842,1.183] clip_frac=0.1416 cfm_old=0.6621 cfm_new=0.6636 kl=0.000130 grad=0.2333 grad_c=0.1283 lr=0.000114 critic_lr=0.000114
[TRAIN] mean_reward=3.76177 mean_len=79.09 recent_eps=100 completed_eps=5735961
[UPDATE_EFFECT] action_delta=0.00456260 param_rms_delta=0.00016003
[TIME] collect=4.558s update=5.810s
[DONE] timeout=0.00000 anchor_pos=0.00037 anchor_ori=0.00476 ee_body=0.31763
[DONE_ROLLOUT] timeout=0.00000 anchor_pos=0.00002 anchor_ori=0.00020 ee_body=0.01328
[FIRST_FAILURE] step_mean=11.17 step_min=0 step_max=23 phase_mean=174.14 phase_min=18 phase_max=324 anchor_pos=0.00037 anchor_ori=0.00476 ee_body=0.31763 timeout=0.00000
[TRACK_CHUNK0] anchor_pos=0.57671 anchor_ori=0.76356 body_pos=0.85576 body_ori=0.48159 body_lin=0.55272 body_ang=0.43622
[TRACK_ROLLOUT] anchor_pos=0.57675 anchor_ori=0.76353 body_pos=0.85877 body_ori=0.48544 body_lin=0.55461 body_ang=0.43739
[TRAIN_COST] action_rate=4.71782 joint_limit=0.00404 undesired_contacts=1.16296
[REWARD_WEIGHTED] pos=0.06013 penalty=-0.01260 total=0.04753 act_rate=-0.00943 contacts=-0.00237
[ACT_GREEDY] abs_mean=0.8090 abs_p95=2.3287 abs_p99=3.0686 abs_max=12.6690 legs=0.8031 waist=0.7341 arms=0.8301
[ACT_ROLLOUT] abs_mean=0.8325 abs_p95=2.3361 abs_p99=3.1190 abs_max=19.0718 abs_max_all=19.0718
[SAMPLER] top_bin=0 top_prob=0.311 peak_bin=1 failed_sum=156.6947 entropy=0.9105
[TRAIN_BODY] torso_ori=9.47deg l_wrist_ori=16.76deg r_wrist_ori=21.39deg l_elbow_ori=15.48deg r_elbow_ori=17.67deg l_shoulder_ori=14.81deg r_shoulder_ori=20.51deg
[TRAIN_ANG] torso=1.951 l_wrist=3.332 r_wrist=3.669 l_elbow=2.909 r_elbow=3.243 l_shoulder=2.508 r_shoulder=2.764
[TRAIN_ACT] l_wrist_r=0.4258 l_wrist_p=1.1845 l_wrist_y=0.8554 r_wrist_r=0.4903 r_wrist_p=0.6901 r_wrist_y=0.7332 l_elbow=0.6544 r_elbow=0.5658
[UPDATE] 390/500 reward_step=0.04738 done_frac=0.01364 mean_reward=3.40590 mean_len=72.04
[FPO++] actor_loss=-0.00334 value_loss=0.04152 ratio=0.9995 [0.872,1.131] clip_frac=0.1272 cfm_old=0.6634 cfm_new=0.6640 kl=0.000107 grad=0.2198 grad_c=0.1329 lr=0.000114 critic_lr=0.000114
[TRAIN] mean_reward=3.40590 mean_len=72.04 recent_eps=100 completed_eps=5738642
[UPDATE_EFFECT] action_delta=0.00381633 param_rms_delta=0.00011353
[TIME] collect=4.783s update=5.817s
[DONE] timeout=0.00000 anchor_pos=0.00000 anchor_ori=0.00610 ee_body=0.32019
[DONE_ROLLOUT] timeout=0.00000 anchor_pos=0.00000 anchor_ori=0.00025 ee_body=0.01342
[FIRST_FAILURE] step_mean=11.32 step_min=0 step_max=23 phase_mean=176.14 phase_min=21 phase_max=323 anchor_pos=0.00000 anchor_ori=0.00610 ee_body=0.32019 timeout=0.00000
[TRACK_CHUNK0] anchor_pos=0.57207 anchor_ori=0.75774 body_pos=0.85702 body_ori=0.48228 body_lin=0.55193 body_ang=0.43677
[TRACK_ROLLOUT] anchor_pos=0.57582 anchor_ori=0.75990 body_pos=0.85886 body_ori=0.48412 body_lin=0.55302 body_ang=0.43635
[TRAIN_COST] action_rate=4.68250 joint_limit=0.00419 undesired_contacts=1.18701
[REWARD_WEIGHTED] pos=0.06000 penalty=-0.01262 total=0.04738 act_rate=-0.00945 contacts=-0.00236
[ACT_GREEDY] abs_mean=0.8104 abs_p95=2.3267 abs_p99=3.0885 abs_max=21.7360 legs=0.8073 waist=0.7330 arms=0.8296
[ACT_ROLLOUT] abs_mean=0.8331 abs_p95=2.3360 abs_p99=3.1254 abs_max=34.6509 abs_max_all=34.6509
[SAMPLER] top_bin=0 top_prob=0.310 peak_bin=1 failed_sum=155.6271 entropy=0.9114
[TRAIN_BODY] torso_ori=9.69deg l_wrist_ori=16.83deg r_wrist_ori=21.37deg l_elbow_ori=15.61deg r_elbow_ori=17.62deg l_shoulder_ori=15.08deg r_shoulder_ori=20.46deg
[TRAIN_ANG] torso=1.960 l_wrist=3.343 r_wrist=3.671 l_elbow=2.919 r_elbow=3.232 l_shoulder=2.570 r_shoulder=2.761
[TRAIN_ACT] l_wrist_r=0.4292 l_wrist_p=1.1674 l_wrist_y=0.8765 r_wrist_r=0.4850 r_wrist_p=0.6789 r_wrist_y=0.7315 l_elbow=0.6496 r_elbow=0.5621
[UPDATE] 391/500 reward_step=0.04737 done_frac=0.01322 mean_reward=3.74313 mean_len=80.30
[FPO++] actor_loss=-0.00059 value_loss=0.04176 ratio=0.9983 [0.872,1.153] clip_frac=0.1612 cfm_old=0.6648 cfm_new=0.6665 kl=0.000121 grad=0.2627 grad_c=0.1350 lr=0.000114 critic_lr=0.000114
[TRAIN] mean_reward=3.74313 mean_len=80.30 recent_eps=100 completed_eps=5741241
[UPDATE_EFFECT] action_delta=0.00411139 param_rms_delta=0.00011528
[TIME] collect=4.783s update=5.813s
[DONE] timeout=0.00000 anchor_pos=0.00000 anchor_ori=0.00464 ee_body=0.31091
[DONE_ROLLOUT] timeout=0.00000 anchor_pos=0.00000 anchor_ori=0.00019 ee_body=0.01305
[FIRST_FAILURE] step_mean=11.49 step_min=0 step_max=23 phase_mean=174.85 phase_min=20 phase_max=324 anchor_pos=0.00000 anchor_ori=0.00464 ee_body=0.31079 timeout=0.00000
[TRACK_CHUNK0] anchor_pos=0.57504 anchor_ori=0.76171 body_pos=0.85940 body_ori=0.48507 body_lin=0.55452 body_ang=0.43564
[TRACK_ROLLOUT] anchor_pos=0.57337 anchor_ori=0.75925 body_pos=0.85750 body_ori=0.48186 body_lin=0.55412 body_ang=0.43711
[TRAIN_COST] action_rate=4.70751 joint_limit=0.00419 undesired_contacts=1.18799
[REWARD_WEIGHTED] pos=0.05994 penalty=-0.01257 total=0.04737 act_rate=-0.00940 contacts=-0.00237
[ACT_GREEDY] abs_mean=0.8101 abs_p95=2.3264 abs_p99=3.0863 abs_max=13.9907 legs=0.8105 waist=0.7290 arms=0.8271
[ACT_ROLLOUT] abs_mean=0.8334 abs_p95=2.3398 abs_p99=3.1263 abs_max=18.9694 abs_max_all=18.9694
[SAMPLER] top_bin=0 top_prob=0.308 peak_bin=1 failed_sum=154.5042 entropy=0.9122
[TRAIN_BODY] torso_ori=9.52deg l_wrist_ori=16.87deg r_wrist_ori=21.14deg l_elbow_ori=15.54deg r_elbow_ori=17.40deg l_shoulder_ori=14.97deg r_shoulder_ori=20.12deg
[TRAIN_ANG] torso=1.931 l_wrist=3.286 r_wrist=3.676 l_elbow=2.898 r_elbow=3.188 l_shoulder=2.523 r_shoulder=2.731
[TRAIN_ACT] l_wrist_r=0.4279 l_wrist_p=1.1824 l_wrist_y=0.8773 r_wrist_r=0.4904 r_wrist_p=0.6786 r_wrist_y=0.7370 l_elbow=0.6464 r_elbow=0.5383
[UPDATE] 392/500 reward_step=0.04748 done_frac=0.01343 mean_reward=3.92117 mean_len=82.18
[FPO++] actor_loss=-0.00283 value_loss=0.04317 ratio=0.9993 [0.878,1.153] clip_frac=0.1522 cfm_old=0.6653 cfm_new=0.6660 kl=0.000126 grad=0.2523 grad_c=0.1090 lr=0.000114 critic_lr=0.000114
[TRAIN] mean_reward=3.92117 mean_len=82.18 recent_eps=100 completed_eps=5743881
[UPDATE_EFFECT] action_delta=0.01160496 param_rms_delta=0.00011760
[TIME] collect=4.659s update=5.818s
[DONE] timeout=0.00000 anchor_pos=0.00000 anchor_ori=0.00366 ee_body=0.31763
[DONE_ROLLOUT] timeout=0.00000 anchor_pos=0.00000 anchor_ori=0.00015 ee_body=0.01330
[FIRST_FAILURE] step_mean=11.25 step_min=0 step_max=23 phase_mean=176.10 phase_min=11 phase_max=324 anchor_pos=0.00000 anchor_ori=0.00366 ee_body=0.31763 timeout=0.00000
[TRACK_CHUNK0] anchor_pos=0.57248 anchor_ori=0.75954 body_pos=0.85664 body_ori=0.47973 body_lin=0.55365 body_ang=0.43558
[TRACK_ROLLOUT] anchor_pos=0.57491 anchor_ori=0.76130 body_pos=0.85861 body_ori=0.48182 body_lin=0.55551 body_ang=0.43786
[TRAIN_COST] action_rate=4.69957 joint_limit=0.00395 undesired_contacts=1.17358
[REWARD_WEIGHTED] pos=0.06004 penalty=-0.01256 total=0.04748 act_rate=-0.00941 contacts=-0.00236
[ACT_GREEDY] abs_mean=0.8170 abs_p95=2.3456 abs_p99=3.1058 abs_max=11.5548 legs=0.8161 waist=0.7372 arms=0.8349
[ACT_ROLLOUT] abs_mean=0.8344 abs_p95=2.3385 abs_p99=3.1292 abs_max=21.9138 abs_max_all=21.9138
[SAMPLER] top_bin=0 top_prob=0.306 peak_bin=1 failed_sum=153.4478 entropy=0.9131
[TRAIN_BODY] torso_ori=9.62deg l_wrist_ori=16.85deg r_wrist_ori=21.34deg l_elbow_ori=15.59deg r_elbow_ori=17.57deg l_shoulder_ori=15.03deg r_shoulder_ori=20.26deg
[TRAIN_ANG] torso=1.925 l_wrist=3.277 r_wrist=3.637 l_elbow=2.891 r_elbow=3.177 l_shoulder=2.511 r_shoulder=2.722
[TRAIN_ACT] l_wrist_r=0.4264 l_wrist_p=1.1915 l_wrist_y=0.8952 r_wrist_r=0.4826 r_wrist_p=0.6895 r_wrist_y=0.7469 l_elbow=0.6405 r_elbow=0.5537
[UPDATE] 393/500 reward_step=0.04698 done_frac=0.01294 mean_reward=2.94800 mean_len=64.26
[FPO++] actor_loss=0.00042 value_loss=0.04536 ratio=0.9984 [0.751,1.156] clip_frac=0.2085 cfm_old=0.6689 cfm_new=0.6706 kl=0.000126 grad=0.4252 grad_c=0.2853 lr=0.000256 critic_lr=0.000256
[TRAIN] mean_reward=2.94800 mean_len=64.26 recent_eps=100 completed_eps=5746425
[UPDATE_EFFECT] action_delta=0.00619883 param_rms_delta=0.00021467
[TIME] collect=4.744s update=5.815s
[DONE] timeout=0.00000 anchor_pos=0.00000 anchor_ori=0.00342 ee_body=0.30542
[DONE_ROLLOUT] timeout=0.00000 anchor_pos=0.00000 anchor_ori=0.00014 ee_body=0.01282
[FIRST_FAILURE] step_mean=11.56 step_min=0 step_max=23 phase_mean=176.18 phase_min=18 phase_max=324 anchor_pos=0.00000 anchor_ori=0.00342 ee_body=0.30530 timeout=0.00000
[TRACK_CHUNK0] anchor_pos=0.57490 anchor_ori=0.76456 body_pos=0.85973 body_ori=0.48156 body_lin=0.55307 body_ang=0.43540
[TRACK_ROLLOUT] anchor_pos=0.57069 anchor_ori=0.75804 body_pos=0.85652 body_ori=0.47489 body_lin=0.54895 body_ang=0.43437
[TRAIN_COST] action_rate=4.74280 joint_limit=0.00387 undesired_contacts=1.18335
[REWARD_WEIGHTED] pos=0.05958 penalty=-0.01260 total=0.04698 act_rate=-0.00942 contacts=-0.00238
[ACT_GREEDY] abs_mean=0.8157 abs_p95=2.3429 abs_p99=3.0900 abs_max=5.5335 legs=0.8126 waist=0.7312 arms=0.8365
[ACT_ROLLOUT] abs_mean=0.8426 abs_p95=2.3665 abs_p99=3.1566 abs_max=21.0188 abs_max_all=21.0188
[SAMPLER] top_bin=0 top_prob=0.304 peak_bin=1 failed_sum=152.3224 entropy=0.9138
[TRAIN_BODY] torso_ori=9.41deg l_wrist_ori=16.96deg r_wrist_ori=21.27deg l_elbow_ori=15.67deg r_elbow_ori=17.25deg l_shoulder_ori=15.01deg r_shoulder_ori=20.32deg
[TRAIN_ANG] torso=1.921 l_wrist=3.288 r_wrist=3.642 l_elbow=2.879 r_elbow=3.176 l_shoulder=2.518 r_shoulder=2.728
[TRAIN_ACT] l_wrist_r=0.4340 l_wrist_p=1.2059 l_wrist_y=0.8857 r_wrist_r=0.4852 r_wrist_p=0.6816 r_wrist_y=0.7471 l_elbow=0.6372 r_elbow=0.5526
[UPDATE] 394/500 reward_step=0.04690 done_frac=0.01310 mean_reward=3.67075 mean_len=79.06
[FPO++] actor_loss=-0.00370 value_loss=0.04427 ratio=0.9990 [0.867,1.112] clip_frac=0.1344 cfm_old=0.6682 cfm_new=0.6692 kl=0.000072 grad=0.2657 grad_c=0.2880 lr=0.000384 critic_lr=0.000384
[TRAIN] mean_reward=3.67075 mean_len=79.06 recent_eps=100 completed_eps=5749001
[UPDATE_EFFECT] action_delta=0.00621216 param_rms_delta=0.00023259
[TIME] collect=4.709s update=5.819s
[DONE] timeout=0.00000 anchor_pos=0.00024 anchor_ori=0.00403 ee_body=0.31018
[DONE_ROLLOUT] timeout=0.00000 anchor_pos=0.00001 anchor_ori=0.00017 ee_body=0.01296
[FIRST_FAILURE] step_mean=11.13 step_min=0 step_max=23 phase_mean=178.67 phase_min=21 phase_max=324 anchor_pos=0.00024 anchor_ori=0.00403 ee_body=0.31018 timeout=0.00000
[TRACK_CHUNK0] anchor_pos=0.56854 anchor_ori=0.75408 body_pos=0.85506 body_ori=0.47185 body_lin=0.54642 body_ang=0.43337
[TRACK_ROLLOUT] anchor_pos=0.56909 anchor_ori=0.75872 body_pos=0.85768 body_ori=0.47607 body_lin=0.54897 body_ang=0.43442
[TRAIN_COST] action_rate=4.70583 joint_limit=0.00420 undesired_contacts=1.19360
[REWARD_WEIGHTED] pos=0.05962 penalty=-0.01272 total=0.04690 act_rate=-0.00952 contacts=-0.00237
[ACT_GREEDY] abs_mean=0.8186 abs_p95=2.3506 abs_p99=3.1281 abs_max=15.5356 legs=0.8145 waist=0.7401 arms=0.8390
[ACT_ROLLOUT] abs_mean=0.8404 abs_p95=2.3589 abs_p99=3.1570 abs_max=31.5038 abs_max_all=31.5038
[SAMPLER] top_bin=0 top_prob=0.303 peak_bin=1 failed_sum=151.2542 entropy=0.9146
[TRAIN_BODY] torso_ori=9.83deg l_wrist_ori=16.93deg r_wrist_ori=21.47deg l_elbow_ori=15.66deg r_elbow_ori=17.81deg l_shoulder_ori=15.46deg r_shoulder_ori=20.76deg
[TRAIN_ANG] torso=1.975 l_wrist=3.315 r_wrist=3.696 l_elbow=2.912 r_elbow=3.222 l_shoulder=2.559 r_shoulder=2.770
[TRAIN_ACT] l_wrist_r=0.4355 l_wrist_p=1.2178 l_wrist_y=0.8927 r_wrist_r=0.4879 r_wrist_p=0.6819 r_wrist_y=0.7515 l_elbow=0.6386 r_elbow=0.5414
[UPDATE] 395/500 reward_step=0.04670 done_frac=0.01297 mean_reward=4.21085 mean_len=87.55
[FPO++] actor_loss=-0.00013 value_loss=0.04687 ratio=0.9992 [0.834,1.341] clip_frac=0.2419 cfm_old=0.6687 cfm_new=0.6696 kl=0.000158 grad=0.4481 grad_c=0.5906 lr=0.000171 critic_lr=0.000171
[TRAIN] mean_reward=4.21085 mean_len=87.55 recent_eps=100 completed_eps=5751551
[UPDATE_EFFECT] action_delta=0.00608388 param_rms_delta=0.00019929
[TIME] collect=4.726s update=5.818s
[DONE] timeout=0.00000 anchor_pos=0.00012 anchor_ori=0.00500 ee_body=0.30554
[DONE_ROLLOUT] timeout=0.00000 anchor_pos=0.00001 anchor_ori=0.00021 ee_body=0.01278
[FIRST_FAILURE] step_mean=11.46 step_min=0 step_max=23 phase_mean=179.77 phase_min=16 phase_max=324 anchor_pos=0.00012 anchor_ori=0.00500 ee_body=0.30542 timeout=0.00000
[TRACK_CHUNK0] anchor_pos=0.56260 anchor_ori=0.76109 body_pos=0.85741 body_ori=0.47351 body_lin=0.54804 body_ang=0.43443
[TRACK_ROLLOUT] anchor_pos=0.56009 anchor_ori=0.75878 body_pos=0.85786 body_ori=0.47491 body_lin=0.54613 body_ang=0.43331
[TRAIN_COST] action_rate=4.74681 joint_limit=0.00394 undesired_contacts=1.16968
[REWARD_WEIGHTED] pos=0.05943 penalty=-0.01274 total=0.04670 act_rate=-0.00952 contacts=-0.00236
[ACT_GREEDY] abs_mean=0.8161 abs_p95=2.3288 abs_p99=3.0862 abs_max=11.7949 legs=0.8116 waist=0.7381 arms=0.8367
[ACT_ROLLOUT] abs_mean=0.8386 abs_p95=2.3523 abs_p99=3.1542 abs_max=28.8179 abs_max_all=28.8179
[SAMPLER] top_bin=0 top_prob=0.301 peak_bin=1 failed_sum=150.1864 entropy=0.9155
[TRAIN_BODY] torso_ori=9.59deg l_wrist_ori=17.19deg r_wrist_ori=21.39deg l_elbow_ori=15.85deg r_elbow_ori=17.71deg l_shoulder_ori=15.44deg r_shoulder_ori=20.86deg
[TRAIN_ANG] torso=1.962 l_wrist=3.310 r_wrist=3.689 l_elbow=2.892 r_elbow=3.203 l_shoulder=2.537 r_shoulder=2.751
[TRAIN_ACT] l_wrist_r=0.4346 l_wrist_p=1.2090 l_wrist_y=0.8983 r_wrist_r=0.4820 r_wrist_p=0.6696 r_wrist_y=0.7488 l_elbow=0.6462 r_elbow=0.5408
[UPDATE] 396/500 reward_step=0.04695 done_frac=0.01293 mean_reward=3.72100 mean_len=78.25
[FPO++] actor_loss=-0.00229 value_loss=0.04529 ratio=0.9991 [0.913,1.117] clip_frac=0.0755 cfm_old=0.6625 cfm_new=0.6634 kl=0.000061 grad=0.1403 grad_c=0.2365 lr=0.000384 critic_lr=0.000384
[TRAIN] mean_reward=3.72100 mean_len=78.25 recent_eps=100 completed_eps=5754093
[UPDATE_EFFECT] action_delta=0.00679225 param_rms_delta=0.00022439
[TIME] collect=4.744s update=5.816s
[DONE] timeout=0.00000 anchor_pos=0.00000 anchor_ori=0.00439 ee_body=0.30481
[DONE_ROLLOUT] timeout=0.00000 anchor_pos=0.00000 anchor_ori=0.00018 ee_body=0.01277
[FIRST_FAILURE] step_mean=11.47 step_min=0 step_max=23 phase_mean=178.93 phase_min=18 phase_max=324 anchor_pos=0.00000 anchor_ori=0.00439 ee_body=0.30481 timeout=0.00000
[TRACK_CHUNK0] anchor_pos=0.56103 anchor_ori=0.75678 body_pos=0.85820 body_ori=0.47637 body_lin=0.54741 body_ang=0.43149
[TRACK_ROLLOUT] anchor_pos=0.56320 anchor_ori=0.75811 body_pos=0.85971 body_ori=0.47755 body_lin=0.55207 body_ang=0.43610
[TRAIN_COST] action_rate=4.77176 joint_limit=0.00431 undesired_contacts=1.21765
[REWARD_WEIGHTED] pos=0.05972 penalty=-0.01277 total=0.04695 act_rate=-0.00951 contacts=-0.00241
[ACT_GREEDY] abs_mean=0.8153 abs_p95=2.3410 abs_p99=3.1255 abs_max=17.6844 legs=0.8132 waist=0.7369 arms=0.8339
[ACT_ROLLOUT] abs_mean=0.8393 abs_p95=2.3545 abs_p99=3.1536 abs_max=27.3820 abs_max_all=27.3820
[SAMPLER] top_bin=0 top_prob=0.299 peak_bin=1 failed_sum=149.1362 entropy=0.9163
[TRAIN_BODY] torso_ori=9.66deg l_wrist_ori=17.31deg r_wrist_ori=21.19deg l_elbow_ori=16.11deg r_elbow_ori=17.67deg l_shoulder_ori=15.43deg r_shoulder_ori=20.36deg
[TRAIN_ANG] torso=1.963 l_wrist=3.293 r_wrist=3.724 l_elbow=2.906 r_elbow=3.258 l_shoulder=2.560 r_shoulder=2.775
[TRAIN_ACT] l_wrist_r=0.4356 l_wrist_p=1.1903 l_wrist_y=0.8738 r_wrist_r=0.4806 r_wrist_p=0.6780 r_wrist_y=0.7575 l_elbow=0.6532 r_elbow=0.5342
[UPDATE] 397/500 reward_step=0.04716 done_frac=0.01234 mean_reward=3.29539 mean_len=71.23
[FPO++] actor_loss=-0.00307 value_loss=0.04512 ratio=0.9987 [0.786,1.206] clip_frac=0.1764 cfm_old=0.6635 cfm_new=0.6649 kl=0.000160 grad=0.2400 grad_c=0.5329 lr=0.000171 critic_lr=0.000171
[TRAIN] mean_reward=3.29539 mean_len=71.23 recent_eps=100 completed_eps=5756520
[UPDATE_EFFECT] action_delta=0.00679438 param_rms_delta=0.00017975
[TIME] collect=4.690s update=5.814s
[DONE] timeout=0.00000 anchor_pos=0.00000 anchor_ori=0.00439 ee_body=0.29163
[DONE_ROLLOUT] timeout=0.00000 anchor_pos=0.00000 anchor_ori=0.00018 ee_body=0.01219
[FIRST_FAILURE] step_mean=11.48 step_min=0 step_max=23 phase_mean=181.96 phase_min=23 phase_max=324 anchor_pos=0.00000 anchor_ori=0.00439 ee_body=0.29163 timeout=0.00000
[TRACK_CHUNK0] anchor_pos=0.56658 anchor_ori=0.76156 body_pos=0.86086 body_ori=0.48046 body_lin=0.55705 body_ang=0.43998
[TRACK_ROLLOUT] anchor_pos=0.56307 anchor_ori=0.76006 body_pos=0.85908 body_ori=0.47697 body_lin=0.55439 body_ang=0.43769
[TRAIN_COST] action_rate=4.72748 joint_limit=0.00422 undesired_contacts=1.21301
[REWARD_WEIGHTED] pos=0.05979 penalty=-0.01263 total=0.04716 act_rate=-0.00939 contacts=-0.00241
[ACT_GREEDY] abs_mean=0.8193 abs_p95=2.3529 abs_p99=3.1117 abs_max=13.5955 legs=0.8218 waist=0.7387 arms=0.8344
[ACT_ROLLOUT] abs_mean=0.8413 abs_p95=2.3628 abs_p99=3.1565 abs_max=19.3173 abs_max_all=19.3173
[SAMPLER] top_bin=0 top_prob=0.297 peak_bin=1 failed_sum=147.9971 entropy=0.9171
[TRAIN_BODY] torso_ori=9.58deg l_wrist_ori=17.13deg r_wrist_ori=20.90deg l_elbow_ori=15.81deg r_elbow_ori=17.32deg l_shoulder_ori=14.84deg r_shoulder_ori=20.41deg
[TRAIN_ANG] torso=1.908 l_wrist=3.302 r_wrist=3.619 l_elbow=2.889 r_elbow=3.151 l_shoulder=2.513 r_shoulder=2.709
[TRAIN_ACT] l_wrist_r=0.4356 l_wrist_p=1.1915 l_wrist_y=0.8808 r_wrist_r=0.4733 r_wrist_p=0.6812 r_wrist_y=0.7392 l_elbow=0.6618 r_elbow=0.5280
[UPDATE] 398/500 reward_step=0.04705 done_frac=0.01312 mean_reward=3.92770 mean_len=82.36
[FPO++] actor_loss=-0.00298 value_loss=0.04911 ratio=0.9989 [0.830,1.317] clip_frac=0.1460 cfm_old=0.6681 cfm_new=0.6692 kl=0.000117 grad=0.1951 grad_c=0.3255 lr=0.000171 critic_lr=0.000171
[TRAIN] mean_reward=3.92770 mean_len=82.36 recent_eps=100 completed_eps=5759100
[UPDATE_EFFECT] action_delta=0.00773510 param_rms_delta=0.00017192
[TIME] collect=4.607s update=5.814s
[DONE] timeout=0.00000 anchor_pos=0.00000 anchor_ori=0.00305 ee_body=0.31165
[DONE_ROLLOUT] timeout=0.00000 anchor_pos=0.00000 anchor_ori=0.00013 ee_body=0.01302
[FIRST_FAILURE] step_mean=11.37 step_min=0 step_max=23 phase_mean=178.50 phase_min=18 phase_max=324 anchor_pos=0.00000 anchor_ori=0.00305 ee_body=0.31165 timeout=0.00000
[TRACK_CHUNK0] anchor_pos=0.55801 anchor_ori=0.75458 body_pos=0.85637 body_ori=0.47271 body_lin=0.55115 body_ang=0.43577
[TRACK_ROLLOUT] anchor_pos=0.56458 anchor_ori=0.75684 body_pos=0.86040 body_ori=0.47810 body_lin=0.55505 body_ang=0.43608
[TRAIN_COST] action_rate=4.76481 joint_limit=0.00417 undesired_contacts=1.18420
[REWARD_WEIGHTED] pos=0.05981 penalty=-0.01276 total=0.04705 act_rate=-0.00953 contacts=-0.00240
[ACT_GREEDY] abs_mean=0.8215 abs_p95=2.3540 abs_p99=3.1250 abs_max=15.5753 legs=0.8153 waist=0.7496 arms=0.8422
[ACT_ROLLOUT] abs_mean=0.8413 abs_p95=2.3629 abs_p99=3.1637 abs_max=29.7308 abs_max_all=29.7308
[SAMPLER] top_bin=0 top_prob=0.296 peak_bin=1 failed_sum=147.0361 entropy=0.9178
[TRAIN_BODY] torso_ori=9.74deg l_wrist_ori=17.30deg r_wrist_ori=21.55deg l_elbow_ori=16.03deg r_elbow_ori=17.85deg l_shoulder_ori=15.15deg r_shoulder_ori=20.75deg
[TRAIN_ANG] torso=1.949 l_wrist=3.303 r_wrist=3.662 l_elbow=2.918 r_elbow=3.200 l_shoulder=2.538 r_shoulder=2.760
[TRAIN_ACT] l_wrist_r=0.4363 l_wrist_p=1.2482 l_wrist_y=0.8939 r_wrist_r=0.4757 r_wrist_p=0.6817 r_wrist_y=0.7408 l_elbow=0.6664 r_elbow=0.5464
[UPDATE] 399/500 reward_step=0.04706 done_frac=0.01212 mean_reward=3.55610 mean_len=77.27
[FPO++] actor_loss=-0.00314 value_loss=0.04974 ratio=1.0000 [0.899,1.106] clip_frac=0.1332 cfm_old=0.6648 cfm_new=0.6647 kl=0.000104 grad=0.1927 grad_c=0.3311 lr=0.000384 critic_lr=0.000384
[TRAIN] mean_reward=3.55610 mean_len=77.27 recent_eps=100 completed_eps=5761483
[UPDATE_EFFECT] action_delta=0.00723056 param_rms_delta=0.00022528
[TIME] collect=4.609s update=5.811s
[DONE] timeout=0.00000 anchor_pos=0.00012 anchor_ori=0.00232 ee_body=0.28735
[DONE_ROLLOUT] timeout=0.00000 anchor_pos=0.00001 anchor_ori=0.00010 ee_body=0.01204
[FIRST_FAILURE] step_mean=11.60 step_min=0 step_max=23 phase_mean=181.69 phase_min=13 phase_max=323 anchor_pos=0.00012 anchor_ori=0.00232 ee_body=0.28723 timeout=0.00000
[TRACK_CHUNK0] anchor_pos=0.57084 anchor_ori=0.75820 body_pos=0.86378 body_ori=0.48120 body_lin=0.55679 body_ang=0.43995
[TRACK_ROLLOUT] anchor_pos=0.56250 anchor_ori=0.75840 body_pos=0.86164 body_ori=0.47564 body_lin=0.55316 body_ang=0.43620
[TRAIN_COST] action_rate=4.78431 joint_limit=0.00389 undesired_contacts=1.21094
[REWARD_WEIGHTED] pos=0.05974 penalty=-0.01268 total=0.04706 act_rate=-0.00953 contacts=-0.00238
[ACT_GREEDY] abs_mean=0.8184 abs_p95=2.3616 abs_p99=3.1324 abs_max=10.9135 legs=0.8164 waist=0.7358 arms=0.8378
[ACT_ROLLOUT] abs_mean=0.8410 abs_p95=2.3633 abs_p99=3.1538 abs_max=17.5828 abs_max_all=17.5828
[SAMPLER] top_bin=0 top_prob=0.294 peak_bin=1 failed_sum=145.9037 entropy=0.9185
[TRAIN_BODY] torso_ori=9.68deg l_wrist_ori=17.07deg r_wrist_ori=21.27deg l_elbow_ori=15.78deg r_elbow_ori=17.40deg l_shoulder_ori=14.98deg r_shoulder_ori=20.45deg
[TRAIN_ANG] torso=1.908 l_wrist=3.257 r_wrist=3.596 l_elbow=2.875 r_elbow=3.122 l_shoulder=2.498 r_shoulder=2.733
[TRAIN_ACT] l_wrist_r=0.4352 l_wrist_p=1.2162 l_wrist_y=0.9191 r_wrist_r=0.4664 r_wrist_p=0.6853 r_wrist_y=0.7042 l_elbow=0.6602 r_elbow=0.5296
[UPDATE] 400/500 reward_step=0.04675 done_frac=0.01228 mean_reward=3.95426 mean_len=83.82
[FPO++] actor_loss=-0.00189 value_loss=0.04962 ratio=0.9994 [0.912,1.092] clip_frac=0.1186 cfm_old=0.6692 cfm_new=0.6698 kl=0.000167 grad=0.1910 grad_c=0.1314 lr=0.000171 critic_lr=0.000171
[TRAIN] mean_reward=3.95426 mean_len=83.82 recent_eps=100 completed_eps=5763897
[UPDATE_EFFECT] action_delta=0.01086649 param_rms_delta=0.00017861
[TIME] collect=4.628s update=5.810s
[DONE] timeout=0.00000 anchor_pos=0.00000 anchor_ori=0.00391 ee_body=0.28955
[DONE_ROLLOUT] timeout=0.00000 anchor_pos=0.00000 anchor_ori=0.00016 ee_body=0.01213
[FIRST_FAILURE] step_mean=11.64 step_min=0 step_max=23 phase_mean=180.98 phase_min=22 phase_max=324 anchor_pos=0.00000 anchor_ori=0.00391 ee_body=0.28943 timeout=0.00000
[TRACK_CHUNK0] anchor_pos=0.55986 anchor_ori=0.75881 body_pos=0.86297 body_ori=0.47555 body_lin=0.55056 body_ang=0.43036
[TRACK_ROLLOUT] anchor_pos=0.55651 anchor_ori=0.75857 body_pos=0.86085 body_ori=0.47434 body_lin=0.54793 body_ang=0.43154
[TRAIN_COST] action_rate=4.82832 joint_limit=0.00372 undesired_contacts=1.17932
[REWARD_WEIGHTED] pos=0.05944 penalty=-0.01269 total=0.04675 act_rate=-0.00957 contacts=-0.00235
[ACT_GREEDY] abs_mean=0.8157 abs_p95=2.3526 abs_p99=3.1061 abs_max=15.1952 legs=0.8065 waist=0.7365 arms=0.8405
[ACT_ROLLOUT] abs_mean=0.8405 abs_p95=2.3623 abs_p99=3.1570 abs_max=19.7872 abs_max_all=19.7872
[SAMPLER] top_bin=0 top_prob=0.292 peak_bin=1 failed_sum=144.8289 entropy=0.9192
[TRAIN_BODY] torso_ori=9.66deg l_wrist_ori=17.44deg r_wrist_ori=21.29deg l_elbow_ori=16.03deg r_elbow_ori=17.67deg l_shoulder_ori=14.95deg r_shoulder_ori=20.69deg
[TRAIN_ANG] torso=1.945 l_wrist=3.316 r_wrist=3.649 l_elbow=2.913 r_elbow=3.194 l_shoulder=2.549 r_shoulder=2.778
[TRAIN_ACT] l_wrist_r=0.4505 l_wrist_p=1.2166 l_wrist_y=0.9426 r_wrist_r=0.4797 r_wrist_p=0.6765 r_wrist_y=0.7131 l_elbow=0.6644 r_elbow=0.5322
[CHECKPOINT] saved /home/y/my_mimic_mixgrpo/my_mimic_mixgrpo_h1/runs/fpo_largebox_500_fresh_v2/checkpoints/update_0400.pt
[UPDATE] 401/500 reward_step=0.04688 done_frac=0.01279 mean_reward=3.79928 mean_len=80.70
[FPO++] actor_loss=-0.00303 value_loss=0.05330 ratio=1.0007 [0.846,1.122] clip_frac=0.1034 cfm_old=0.6689 cfm_new=0.6683 kl=0.000107 grad=0.1556 grad_c=0.3026 lr=0.000384 critic_lr=0.000384
[TRAIN] mean_reward=3.79928 mean_len=80.70 recent_eps=100 completed_eps=5766412
[UPDATE_EFFECT] action_delta=0.00853470 param_rms_delta=0.00023552
[TIME] collect=4.749s update=5.812s
[DONE] timeout=0.00000 anchor_pos=0.00012 anchor_ori=0.00342 ee_body=0.30200
[DONE_ROLLOUT] timeout=0.00000 anchor_pos=0.00001 anchor_ori=0.00014 ee_body=0.01265
[FIRST_FAILURE] step_mean=11.42 step_min=0 step_max=23 phase_mean=183.45 phase_min=23 phase_max=324 anchor_pos=0.00012 anchor_ori=0.00342 ee_body=0.30188 timeout=0.00000
[TRACK_CHUNK0] anchor_pos=0.55691 anchor_ori=0.75905 body_pos=0.85979 body_ori=0.47337 body_lin=0.54915 body_ang=0.43083
[TRACK_ROLLOUT] anchor_pos=0.56102 anchor_ori=0.75648 body_pos=0.85979 body_ori=0.47557 body_lin=0.55025 body_ang=0.43427
[TRAIN_COST] action_rate=4.78354 joint_limit=0.00390 undesired_contacts=1.17639
[REWARD_WEIGHTED] pos=0.05957 penalty=-0.01270 total=0.04688 act_rate=-0.00950 contacts=-0.00237
[ACT_GREEDY] abs_mean=0.8187 abs_p95=2.3604 abs_p99=3.1441 abs_max=14.3313 legs=0.8122 waist=0.7446 arms=0.8400
[ACT_ROLLOUT] abs_mean=0.8423 abs_p95=2.3692 abs_p99=3.1793 abs_max=29.7258 abs_max_all=29.7258
[SAMPLER] top_bin=0 top_prob=0.291 peak_bin=1 failed_sum=143.8789 entropy=0.9200
[TRAIN_BODY] torso_ori=9.65deg l_wrist_ori=17.57deg r_wrist_ori=21.30deg l_elbow_ori=16.22deg r_elbow_ori=17.78deg l_shoulder_ori=15.26deg r_shoulder_ori=20.73deg
[TRAIN_ANG] torso=1.964 l_wrist=3.329 r_wrist=3.694 l_elbow=2.916 r_elbow=3.236 l_shoulder=2.543 r_shoulder=2.806
[TRAIN_ACT] l_wrist_r=0.4466 l_wrist_p=1.2084 l_wrist_y=0.9405 r_wrist_r=0.4860 r_wrist_p=0.6877 r_wrist_y=0.7013 l_elbow=0.6617 r_elbow=0.5364
[UPDATE] 402/500 reward_step=0.04674 done_frac=0.01309 mean_reward=3.68515 mean_len=77.53
[FPO++] actor_loss=-0.00292 value_loss=0.05805 ratio=1.0000 [0.767,1.196] clip_frac=0.1376 cfm_old=0.6710 cfm_new=0.6710 kl=0.000147 grad=0.1935 grad_c=1.1289 lr=0.000171 critic_lr=0.000171
[TRAIN] mean_reward=3.68515 mean_len=77.53 recent_eps=100 completed_eps=5768985
[UPDATE_EFFECT] action_delta=0.00690016 param_rms_delta=0.00018739
[TIME] collect=4.821s update=5.812s
[DONE] timeout=0.00000 anchor_pos=0.00000 anchor_ori=0.00378 ee_body=0.30945
[DONE_ROLLOUT] timeout=0.00000 anchor_pos=0.00000 anchor_ori=0.00016 ee_body=0.01296
[FIRST_FAILURE] step_mean=11.47 step_min=0 step_max=23 phase_mean=182.90 phase_min=19 phase_max=324 anchor_pos=0.00000 anchor_ori=0.00378 ee_body=0.30945 timeout=0.00000
[TRACK_CHUNK0] anchor_pos=0.56198 anchor_ori=0.75641 body_pos=0.85835 body_ori=0.47631 body_lin=0.54963 body_ang=0.43319
[TRACK_ROLLOUT] anchor_pos=0.56523 anchor_ori=0.75340 body_pos=0.85722 body_ori=0.47489 body_lin=0.54955 body_ang=0.43289
[TRAIN_COST] action_rate=4.72638 joint_limit=0.00419 undesired_contacts=1.19897
[REWARD_WEIGHTED] pos=0.05948 penalty=-0.01274 total=0.04674 act_rate=-0.00946 contacts=-0.00242
[ACT_GREEDY] abs_mean=0.8192 abs_p95=2.3633 abs_p99=3.1513 abs_max=16.0472 legs=0.8195 waist=0.7350 arms=0.8370
[ACT_ROLLOUT] abs_mean=0.8442 abs_p95=2.3768 abs_p99=3.1923 abs_max=31.2889 abs_max_all=31.2889
[SAMPLER] top_bin=0 top_prob=0.289 peak_bin=1 failed_sum=143.0090 entropy=0.9208
[TRAIN_BODY] torso_ori=9.75deg l_wrist_ori=17.54deg r_wrist_ori=21.12deg l_elbow_ori=16.03deg r_elbow_ori=17.77deg l_shoulder_ori=15.07deg r_shoulder_ori=20.70deg
[TRAIN_ANG] torso=1.945 l_wrist=3.283 r_wrist=3.701 l_elbow=2.901 r_elbow=3.216 l_shoulder=2.539 r_shoulder=2.787
[TRAIN_ACT] l_wrist_r=0.4481 l_wrist_p=1.2167 l_wrist_y=0.9374 r_wrist_r=0.4785 r_wrist_p=0.6831 r_wrist_y=0.6923 l_elbow=0.6532 r_elbow=0.5389
[UPDATE] 403/500 reward_step=0.04695 done_frac=0.01378 mean_reward=3.74090 mean_len=78.46
[FPO++] actor_loss=-0.00233 value_loss=0.04800 ratio=1.0000 [0.933,1.081] clip_frac=0.0927 cfm_old=0.6723 cfm_new=0.6722 kl=0.000070 grad=0.1163 grad_c=0.4656 lr=0.000384 critic_lr=0.000384
[TRAIN] mean_reward=3.74090 mean_len=78.46 recent_eps=100 completed_eps=5771695
[UPDATE_EFFECT] action_delta=0.00631661 param_rms_delta=0.00023740
[TIME] collect=4.915s update=5.814s
[DONE] timeout=0.00000 anchor_pos=0.00000 anchor_ori=0.00281 ee_body=0.32690
[DONE_ROLLOUT] timeout=0.00000 anchor_pos=0.00000 anchor_ori=0.00012 ee_body=0.01368
[FIRST_FAILURE] step_mean=11.27 step_min=0 step_max=23 phase_mean=183.90 phase_min=18 phase_max=324 anchor_pos=0.00000 anchor_ori=0.00281 ee_body=0.32690 timeout=0.00000
[TRACK_CHUNK0] anchor_pos=0.56883 anchor_ori=0.75267 body_pos=0.85538 body_ori=0.47357 body_lin=0.54859 body_ang=0.43393
[TRACK_ROLLOUT] anchor_pos=0.57530 anchor_ori=0.75530 body_pos=0.85781 body_ori=0.47685 body_lin=0.54964 body_ang=0.43329
[TRAIN_COST] action_rate=4.76667 joint_limit=0.00419 undesired_contacts=1.20789
[REWARD_WEIGHTED] pos=0.05966 penalty=-0.01271 total=0.04695 act_rate=-0.00946 contacts=-0.00244
[ACT_GREEDY] abs_mean=0.8207 abs_p95=2.3666 abs_p99=3.1591 abs_max=9.8375 legs=0.8242 waist=0.7424 arms=0.8346
[ACT_ROLLOUT] abs_mean=0.8441 abs_p95=2.3823 abs_p99=3.1987 abs_max=26.6961 abs_max_all=26.6961
[SAMPLER] top_bin=0 top_prob=0.287 peak_bin=1 failed_sum=142.2945 entropy=0.9216
[TRAIN_BODY] torso_ori=9.89deg l_wrist_ori=17.37deg r_wrist_ori=21.57deg l_elbow_ori=15.87deg r_elbow_ori=18.13deg l_shoulder_ori=15.03deg r_shoulder_ori=21.11deg
[TRAIN_ANG] torso=1.959 l_wrist=3.333 r_wrist=3.708 l_elbow=2.937 r_elbow=3.252 l_shoulder=2.558 r_shoulder=2.794
[TRAIN_ACT] l_wrist_r=0.4308 l_wrist_p=1.2150 l_wrist_y=0.9295 r_wrist_r=0.4696 r_wrist_p=0.6895 r_wrist_y=0.6830 l_elbow=0.6513 r_elbow=0.5492
[UPDATE] 404/500 reward_step=0.04688 done_frac=0.01316 mean_reward=3.29545 mean_len=70.44
[FPO++] actor_loss=-0.00156 value_loss=0.04873 ratio=0.9997 [0.901,1.130] clip_frac=0.1404 cfm_old=0.6708 cfm_new=0.6711 kl=0.000151 grad=0.2315 grad_c=0.1685 lr=0.000171 critic_lr=0.000171
[TRAIN] mean_reward=3.29545 mean_len=70.44 recent_eps=100 completed_eps=5774283
[UPDATE_EFFECT] action_delta=0.01322791 param_rms_delta=0.00016211
[TIME] collect=4.773s update=5.803s
[DONE] timeout=0.00000 anchor_pos=0.00000 anchor_ori=0.00244 ee_body=0.31238
[DONE_ROLLOUT] timeout=0.00000 anchor_pos=0.00000 anchor_ori=0.00010 ee_body=0.01309
[FIRST_FAILURE] step_mean=11.32 step_min=0 step_max=23 phase_mean=181.32 phase_min=18 phase_max=324 anchor_pos=0.00000 anchor_ori=0.00244 ee_body=0.31238 timeout=0.00000
[TRACK_CHUNK0] anchor_pos=0.57731 anchor_ori=0.75702 body_pos=0.85802 body_ori=0.47551 body_lin=0.54814 body_ang=0.43146
[TRACK_ROLLOUT] anchor_pos=0.57845 anchor_ori=0.75487 body_pos=0.85858 body_ori=0.47503 body_lin=0.54839 body_ang=0.43199
[TRAIN_COST] action_rate=4.73938 joint_limit=0.00397 undesired_contacts=1.21472
[REWARD_WEIGHTED] pos=0.05961 penalty=-0.01273 total=0.04688 act_rate=-0.00954 contacts=-0.00241
[ACT_GREEDY] abs_mean=0.8233 abs_p95=2.3714 abs_p99=3.1740 abs_max=14.5065 legs=0.8265 waist=0.7457 arms=0.8371
[ACT_ROLLOUT] abs_mean=0.8425 abs_p95=2.3805 abs_p99=3.1987 abs_max=20.8569 abs_max_all=20.8569
[SAMPLER] top_bin=0 top_prob=0.285 peak_bin=1 failed_sum=141.4766 entropy=0.9224
[TRAIN_BODY] torso_ori=9.76deg l_wrist_ori=17.25deg r_wrist_ori=21.25deg l_elbow_ori=15.51deg r_elbow_ori=17.97deg l_shoulder_ori=14.97deg r_shoulder_ori=20.98deg
[TRAIN_ANG] torso=1.973 l_wrist=3.337 r_wrist=3.716 l_elbow=2.919 r_elbow=3.250 l_shoulder=2.554 r_shoulder=2.806
[TRAIN_ACT] l_wrist_r=0.4208 l_wrist_p=1.2553 l_wrist_y=0.9618 r_wrist_r=0.4663 r_wrist_p=0.6727 r_wrist_y=0.6621 l_elbow=0.6345 r_elbow=0.5508
[UPDATE] 405/500 reward_step=0.04672 done_frac=0.01276 mean_reward=3.91507 mean_len=82.40
[FPO++] actor_loss=-0.00107 value_loss=0.04876 ratio=0.9998 [0.883,1.105] clip_frac=0.1330 cfm_old=0.6706 cfm_new=0.6708 kl=0.000147 grad=0.2414 grad_c=0.2162 lr=0.000076 critic_lr=0.000076
[TRAIN] mean_reward=3.91507 mean_len=82.40 recent_eps=100 completed_eps=5776791
[UPDATE_EFFECT] action_delta=0.00473617 param_rms_delta=0.00013974
[TIME] collect=4.720s update=5.821s
[DONE] timeout=0.00000 anchor_pos=0.00000 anchor_ori=0.00171 ee_body=0.30383
[DONE_ROLLOUT] timeout=0.00000 anchor_pos=0.00000 anchor_ori=0.00007 ee_body=0.01270
[FIRST_FAILURE] step_mean=11.33 step_min=0 step_max=23 phase_mean=182.53 phase_min=20 phase_max=324 anchor_pos=0.00000 anchor_ori=0.00171 ee_body=0.30383 timeout=0.00000
[TRACK_CHUNK0] anchor_pos=0.57522 anchor_ori=0.75305 body_pos=0.85862 body_ori=0.47556 body_lin=0.54796 body_ang=0.43097
[TRACK_ROLLOUT] anchor_pos=0.57059 anchor_ori=0.75096 body_pos=0.85973 body_ori=0.47495 body_lin=0.54764 body_ang=0.43254
[TRAIN_COST] action_rate=4.80953 joint_limit=0.00392 undesired_contacts=1.20715
[REWARD_WEIGHTED] pos=0.05951 penalty=-0.01279 total=0.04672 act_rate=-0.00957 contacts=-0.00240
[ACT_GREEDY] abs_mean=0.8197 abs_p95=2.3742 abs_p99=3.1797 abs_max=8.7812 legs=0.8245 waist=0.7350 arms=0.8337
[ACT_ROLLOUT] abs_mean=0.8463 abs_p95=2.3873 abs_p99=3.2149 abs_max=20.9305 abs_max_all=20.9305
[SAMPLER] top_bin=0 top_prob=0.283 peak_bin=1 failed_sum=140.5990 entropy=0.9231
[TRAIN_BODY] torso_ori=9.90deg l_wrist_ori=17.18deg r_wrist_ori=20.90deg l_elbow_ori=15.57deg r_elbow_ori=17.97deg l_shoulder_ori=15.01deg r_shoulder_ori=20.97deg
[TRAIN_ANG] torso=1.945 l_wrist=3.312 r_wrist=3.709 l_elbow=2.899 r_elbow=3.239 l_shoulder=2.526 r_shoulder=2.802
[TRAIN_ACT] l_wrist_r=0.4275 l_wrist_p=1.2315 l_wrist_y=0.9514 r_wrist_r=0.4460 r_wrist_p=0.6790 r_wrist_y=0.6623 l_elbow=0.6356 r_elbow=0.5408
[UPDATE] 406/500 reward_step=0.04643 done_frac=0.01264 mean_reward=3.95865 mean_len=84.34
[FPO++] actor_loss=-0.00332 value_loss=0.05072 ratio=0.9997 [0.921,1.090] clip_frac=0.0930 cfm_old=0.6745 cfm_new=0.6748 kl=0.000097 grad=0.1957 grad_c=0.1165 lr=0.000171 critic_lr=0.000171
[TRAIN] mean_reward=3.95865 mean_len=84.34 recent_eps=100 completed_eps=5779276
[UPDATE_EFFECT] action_delta=0.00487655 param_rms_delta=0.00012657
[TIME] collect=4.777s update=5.817s
[DONE] timeout=0.00000 anchor_pos=0.00012 anchor_ori=0.00208 ee_body=0.29980
[DONE_ROLLOUT] timeout=0.00000 anchor_pos=0.00001 anchor_ori=0.00009 ee_body=0.01256
[FIRST_FAILURE] step_mean=11.51 step_min=0 step_max=23 phase_mean=182.92 phase_min=18 phase_max=324 anchor_pos=0.00012 anchor_ori=0.00208 ee_body=0.29980 timeout=0.00000
[TRACK_CHUNK0] anchor_pos=0.56430 anchor_ori=0.74876 body_pos=0.85873 body_ori=0.47243 body_lin=0.54651 body_ang=0.43054
[TRACK_ROLLOUT] anchor_pos=0.56171 anchor_ori=0.75082 body_pos=0.85897 body_ori=0.47249 body_lin=0.54497 body_ang=0.43124
[TRAIN_COST] action_rate=4.78618 joint_limit=0.00410 undesired_contacts=1.19568
[REWARD_WEIGHTED] pos=0.05928 penalty=-0.01285 total=0.04643 act_rate=-0.00960 contacts=-0.00241
[ACT_GREEDY] abs_mean=0.8243 abs_p95=2.3725 abs_p99=3.1778 abs_max=7.3875 legs=0.8227 waist=0.7335 arms=0.8451
[ACT_ROLLOUT] abs_mean=0.8485 abs_p95=2.3897 abs_p99=3.2081 abs_max=39.1906 abs_max_all=39.1906
[SAMPLER] top_bin=0 top_prob=0.282 peak_bin=1 failed_sum=139.7200 entropy=0.9238
[TRAIN_BODY] torso_ori=10.04deg l_wrist_ori=17.43deg r_wrist_ori=20.86deg l_elbow_ori=15.85deg r_elbow_ori=17.95deg l_shoulder_ori=15.36deg r_shoulder_ori=20.94deg
[TRAIN_ANG] torso=1.959 l_wrist=3.344 r_wrist=3.744 l_elbow=2.924 r_elbow=3.267 l_shoulder=2.537 r_shoulder=2.779
[TRAIN_ACT] l_wrist_r=0.4464 l_wrist_p=1.2554 l_wrist_y=1.0057 r_wrist_r=0.4475 r_wrist_p=0.6829 r_wrist_y=0.6873 l_elbow=0.6362 r_elbow=0.5429
[UPDATE] 407/500 reward_step=0.04633 done_frac=0.01285 mean_reward=3.01745 mean_len=66.79
[FPO++] actor_loss=-0.00317 value_loss=0.05256 ratio=0.9995 [0.924,1.066] clip_frac=0.0792 cfm_old=0.6771 cfm_new=0.6777 kl=0.000077 grad=0.1504 grad_c=0.1324 lr=0.000384 critic_lr=0.000384
[TRAIN] mean_reward=3.01745 mean_len=66.79 recent_eps=100 completed_eps=5781803
[UPDATE_EFFECT] action_delta=0.00631121 param_rms_delta=0.00022674
[TIME] collect=4.851s update=5.813s
[DONE] timeout=0.00000 anchor_pos=0.00000 anchor_ori=0.00195 ee_body=0.30518
[DONE_ROLLOUT] timeout=0.00000 anchor_pos=0.00000 anchor_ori=0.00008 ee_body=0.01280
[FIRST_FAILURE] step_mean=11.63 step_min=0 step_max=23 phase_mean=183.93 phase_min=13 phase_max=324 anchor_pos=0.00000 anchor_ori=0.00195 ee_body=0.30518 timeout=0.00000
[TRACK_CHUNK0] anchor_pos=0.55960 anchor_ori=0.75208 body_pos=0.85914 body_ori=0.47376 body_lin=0.54382 body_ang=0.43089
[TRACK_ROLLOUT] anchor_pos=0.55689 anchor_ori=0.75131 body_pos=0.85894 body_ori=0.47258 body_lin=0.54422 body_ang=0.43082
[TRAIN_COST] action_rate=4.82433 joint_limit=0.00422 undesired_contacts=1.21448
[REWARD_WEIGHTED] pos=0.05921 penalty=-0.01289 total=0.04633 act_rate=-0.00965 contacts=-0.00241
[ACT_GREEDY] abs_mean=0.8267 abs_p95=2.3745 abs_p99=3.1822 abs_max=14.2871 legs=0.8234 waist=0.7388 arms=0.8484
[ACT_ROLLOUT] abs_mean=0.8496 abs_p95=2.3893 abs_p99=3.2173 abs_max=27.7977 abs_max_all=27.7977
[SAMPLER] top_bin=0 top_prob=0.280 peak_bin=1 failed_sum=138.9036 entropy=0.9245
[TRAIN_BODY] torso_ori=9.88deg l_wrist_ori=17.40deg r_wrist_ori=20.81deg l_elbow_ori=15.98deg r_elbow_ori=17.83deg l_shoulder_ori=15.40deg r_shoulder_ori=20.80deg
[TRAIN_ANG] torso=1.951 l_wrist=3.351 r_wrist=3.735 l_elbow=2.937 r_elbow=3.280 l_shoulder=2.563 r_shoulder=2.817
[TRAIN_ACT] l_wrist_r=0.4491 l_wrist_p=1.2380 l_wrist_y=1.0074 r_wrist_r=0.4483 r_wrist_p=0.7039 r_wrist_y=0.7117 l_elbow=0.6516 r_elbow=0.5474
[UPDATE] 408/500 reward_step=0.04652 done_frac=0.01197 mean_reward=3.43207 mean_len=74.95
[FPO++] actor_loss=-0.00086 value_loss=0.05031 ratio=0.9991 [0.850,1.177] clip_frac=0.1707 cfm_old=0.6702 cfm_new=0.6712 kl=0.000112 grad=0.2913 grad_c=0.1535 lr=0.000384 critic_lr=0.000384
[TRAIN] mean_reward=3.43207 mean_len=74.95 recent_eps=100 completed_eps=5784157
[UPDATE_EFFECT] action_delta=0.00776703 param_rms_delta=0.00024872
[TIME] collect=4.847s update=5.811s
[DONE] timeout=0.00000 anchor_pos=0.00037 anchor_ori=0.00220 ee_body=0.28345
[DONE_ROLLOUT] timeout=0.00000 anchor_pos=0.00002 anchor_ori=0.00009 ee_body=0.01188
[FIRST_FAILURE] step_mean=11.23 step_min=0 step_max=23 phase_mean=182.99 phase_min=18 phase_max=324 anchor_pos=0.00037 anchor_ori=0.00220 ee_body=0.28345 timeout=0.00000
[TRACK_CHUNK0] anchor_pos=0.56071 anchor_ori=0.75368 body_pos=0.86092 body_ori=0.47474 body_lin=0.54798 body_ang=0.43096
[TRACK_ROLLOUT] anchor_pos=0.55994 anchor_ori=0.75378 body_pos=0.86089 body_ori=0.47362 body_lin=0.54744 body_ang=0.43149
[TRAIN_COST] action_rate=4.86204 joint_limit=0.00418 undesired_contacts=1.19580
[REWARD_WEIGHTED] pos=0.05941 penalty=-0.01289 total=0.04652 act_rate=-0.00967 contacts=-0.00236
[ACT_GREEDY] abs_mean=0.8230 abs_p95=2.3650 abs_p99=3.1655 abs_max=19.8249 legs=0.8159 waist=0.7317 arms=0.8487
[ACT_ROLLOUT] abs_mean=0.8462 abs_p95=2.3821 abs_p99=3.2083 abs_max=28.3119 abs_max_all=28.3119
[SAMPLER] top_bin=0 top_prob=0.279 peak_bin=1 failed_sum=137.9346 entropy=0.9251
[TRAIN_BODY] torso_ori=9.86deg l_wrist_ori=17.46deg r_wrist_ori=20.75deg l_elbow_ori=15.95deg r_elbow_ori=17.91deg l_shoulder_ori=15.20deg r_shoulder_ori=20.83deg
[TRAIN_ANG] torso=1.931 l_wrist=3.313 r_wrist=3.732 l_elbow=2.909 r_elbow=3.254 l_shoulder=2.525 r_shoulder=2.756
[TRAIN_ACT] l_wrist_r=0.4520 l_wrist_p=1.2494 l_wrist_y=1.0192 r_wrist_r=0.4488 r_wrist_p=0.7048 r_wrist_y=0.7098 l_elbow=0.6432 r_elbow=0.5462
[UPDATE] 409/500 reward_step=0.04646 done_frac=0.01258 mean_reward=3.62984 mean_len=77.60
[FPO++] actor_loss=-0.00274 value_loss=0.05336 ratio=0.9990 [0.888,1.140] clip_frac=0.1608 cfm_old=0.6725 cfm_new=0.6736 kl=0.000105 grad=0.2682 grad_c=0.1629 lr=0.000384 critic_lr=0.000384
[TRAIN] mean_reward=3.62984 mean_len=77.60 recent_eps=100 completed_eps=5786630
[UPDATE_EFFECT] action_delta=0.00667715 param_rms_delta=0.00023646
[TIME] collect=4.858s update=5.808s
[DONE] timeout=0.00000 anchor_pos=0.00000 anchor_ori=0.00244 ee_body=0.29919
[DONE_ROLLOUT] timeout=0.00000 anchor_pos=0.00000 anchor_ori=0.00010 ee_body=0.01251
[FIRST_FAILURE] step_mean=11.25 step_min=0 step_max=23 phase_mean=185.18 phase_min=23 phase_max=324 anchor_pos=0.00000 anchor_ori=0.00244 ee_body=0.29919 timeout=0.00000
[TRACK_CHUNK0] anchor_pos=0.55487 anchor_ori=0.74848 body_pos=0.85823 body_ori=0.46971 body_lin=0.54485 body_ang=0.43022
[TRACK_ROLLOUT] anchor_pos=0.55818 anchor_ori=0.75096 body_pos=0.86019 body_ori=0.47552 body_lin=0.54317 body_ang=0.42960
[TRAIN_COST] action_rate=4.82355 joint_limit=0.00427 undesired_contacts=1.15747
[REWARD_WEIGHTED] pos=0.05926 penalty=-0.01280 total=0.04646 act_rate=-0.00963 contacts=-0.00235
[ACT_GREEDY] abs_mean=0.8205 abs_p95=2.3686 abs_p99=3.1783 abs_max=9.2536 legs=0.8161 waist=0.7236 arms=0.8449
[ACT_ROLLOUT] abs_mean=0.8442 abs_p95=2.3806 abs_p99=3.1974 abs_max=17.5428 abs_max_all=17.5428
[SAMPLER] top_bin=0 top_prob=0.277 peak_bin=1 failed_sum=137.1062 entropy=0.9258
[TRAIN_BODY] torso_ori=10.06deg l_wrist_ori=17.57deg r_wrist_ori=20.66deg l_elbow_ori=16.06deg r_elbow_ori=17.91deg l_shoulder_ori=15.38deg r_shoulder_ori=20.85deg
[TRAIN_ANG] torso=1.962 l_wrist=3.347 r_wrist=3.727 l_elbow=2.943 r_elbow=3.252 l_shoulder=2.573 r_shoulder=2.743
[TRAIN_ACT] l_wrist_r=0.4443 l_wrist_p=1.2445 l_wrist_y=1.0243 r_wrist_r=0.4481 r_wrist_p=0.6973 r_wrist_y=0.7106 l_elbow=0.6467 r_elbow=0.5334
[UPDATE] 410/500 reward_step=0.04640 done_frac=0.01210 mean_reward=3.76976 mean_len=82.82
[FPO++] actor_loss=-0.00024 value_loss=0.04906 ratio=0.9985 [0.874,1.131] clip_frac=0.1945 cfm_old=0.6738 cfm_new=0.6753 kl=0.000132 grad=0.3122 grad_c=0.3040 lr=0.000384 critic_lr=0.000384
[TRAIN] mean_reward=3.76976 mean_len=82.82 recent_eps=100 completed_eps=5789009
[UPDATE_EFFECT] action_delta=0.00932378 param_rms_delta=0.00024126
[TIME] collect=4.764s update=5.816s
[DONE] timeout=0.00000 anchor_pos=0.00024 anchor_ori=0.00305 ee_body=0.28638
[DONE_ROLLOUT] timeout=0.00000 anchor_pos=0.00001 anchor_ori=0.00013 ee_body=0.01199
[FIRST_FAILURE] step_mean=11.39 step_min=0 step_max=23 phase_mean=186.18 phase_min=17 phase_max=324 anchor_pos=0.00024 anchor_ori=0.00305 ee_body=0.28638 timeout=0.00000
[TRACK_CHUNK0] anchor_pos=0.55697 anchor_ori=0.74839 body_pos=0.85993 body_ori=0.47556 body_lin=0.54600 body_ang=0.43125
[TRACK_ROLLOUT] anchor_pos=0.55588 anchor_ori=0.75080 body_pos=0.86093 body_ori=0.47491 body_lin=0.54638 body_ang=0.42938
[TRAIN_COST] action_rate=4.80559 joint_limit=0.00418 undesired_contacts=1.18945
[REWARD_WEIGHTED] pos=0.05930 penalty=-0.01290 total=0.04640 act_rate=-0.00964 contacts=-0.00240
[ACT_GREEDY] abs_mean=0.8222 abs_p95=2.3789 abs_p99=3.1785 abs_max=18.8374 legs=0.8198 waist=0.7283 arms=0.8445
[ACT_ROLLOUT] abs_mean=0.8480 abs_p95=2.3951 abs_p99=3.2261 abs_max=28.5670 abs_max_all=28.5670
[SAMPLER] top_bin=0 top_prob=0.275 peak_bin=1 failed_sum=136.2050 entropy=0.9265
[TRAIN_BODY] torso_ori=10.03deg l_wrist_ori=17.55deg r_wrist_ori=20.54deg l_elbow_ori=15.65deg r_elbow_ori=17.82deg l_shoulder_ori=15.10deg r_shoulder_ori=20.67deg
[TRAIN_ANG] torso=1.942 l_wrist=3.336 r_wrist=3.709 l_elbow=2.932 r_elbow=3.226 l_shoulder=2.553 r_shoulder=2.745
[TRAIN_ACT] l_wrist_r=0.4412 l_wrist_p=1.2571 l_wrist_y=1.0179 r_wrist_r=0.4543 r_wrist_p=0.6849 r_wrist_y=0.7021 l_elbow=0.6308 r_elbow=0.5394
[UPDATE] 411/500 reward_step=0.04645 done_frac=0.01166 mean_reward=3.78058 mean_len=81.28
[FPO++] actor_loss=-0.00270 value_loss=0.05072 ratio=0.9988 [0.892,1.149] clip_frac=0.1726 cfm_old=0.6678 cfm_new=0.6690 kl=0.000107 grad=0.2813 grad_c=0.1280 lr=0.000384 critic_lr=0.000384
[TRAIN] mean_reward=3.78058 mean_len=81.28 recent_eps=100 completed_eps=5791302
[UPDATE_EFFECT] action_delta=0.00692338 param_rms_delta=0.00023139
[TIME] collect=4.902s update=5.811s
[DONE] timeout=0.00000 anchor_pos=0.00000 anchor_ori=0.00439 ee_body=0.27515
[DONE_ROLLOUT] timeout=0.00000 anchor_pos=0.00000 anchor_ori=0.00018 ee_body=0.01152
[FIRST_FAILURE] step_mean=11.46 step_min=0 step_max=23 phase_mean=186.01 phase_min=22 phase_max=324 anchor_pos=0.00000 anchor_ori=0.00439 ee_body=0.27515 timeout=0.00000
[TRACK_CHUNK0] anchor_pos=0.55509 anchor_ori=0.75094 body_pos=0.86066 body_ori=0.47305 body_lin=0.54760 body_ang=0.43000
[TRACK_ROLLOUT] anchor_pos=0.55296 anchor_ori=0.75143 body_pos=0.85915 body_ori=0.47190 body_lin=0.54673 body_ang=0.43212
[TRAIN_COST] action_rate=4.78177 joint_limit=0.00422 undesired_contacts=1.19202
[REWARD_WEIGHTED] pos=0.05924 penalty=-0.01279 total=0.04645 act_rate=-0.00955 contacts=-0.00238
[ACT_GREEDY] abs_mean=0.8236 abs_p95=2.3838 abs_p99=3.2141 abs_max=13.4620 legs=0.8249 waist=0.7327 arms=0.8419
[ACT_ROLLOUT] abs_mean=0.8465 abs_p95=2.3943 abs_p99=3.2222 abs_max=22.7408 abs_max_all=22.7408
[SAMPLER] top_bin=0 top_prob=0.274 peak_bin=1 failed_sum=135.2402 entropy=0.9271
[TRAIN_BODY] torso_ori=9.97deg l_wrist_ori=17.49deg r_wrist_ori=20.75deg l_elbow_ori=15.61deg r_elbow_ori=17.83deg l_shoulder_ori=15.32deg r_shoulder_ori=20.54deg
[TRAIN_ANG] torso=1.936 l_wrist=3.330 r_wrist=3.685 l_elbow=2.907 r_elbow=3.230 l_shoulder=2.534 r_shoulder=2.737
[TRAIN_ACT] l_wrist_r=0.4431 l_wrist_p=1.2613 l_wrist_y=1.0104 r_wrist_r=0.4537 r_wrist_p=0.6749 r_wrist_y=0.7029 l_elbow=0.6120 r_elbow=0.5259
[UPDATE] 412/500 reward_step=0.04637 done_frac=0.01222 mean_reward=3.59017 mean_len=77.46
[FPO++] actor_loss=-0.00252 value_loss=0.05203 ratio=0.9990 [0.924,1.070] clip_frac=0.0842 cfm_old=0.6690 cfm_new=0.6700 kl=0.000064 grad=0.1410 grad_c=0.1776 lr=0.000384 critic_lr=0.000384
[TRAIN] mean_reward=3.59017 mean_len=77.46 recent_eps=100 completed_eps=5793704
[UPDATE_EFFECT] action_delta=0.00603165 param_rms_delta=0.00023276
[TIME] collect=4.731s update=5.813s
[DONE] timeout=0.00000 anchor_pos=0.00012 anchor_ori=0.00330 ee_body=0.28918
[DONE_ROLLOUT] timeout=0.00000 anchor_pos=0.00001 anchor_ori=0.00014 ee_body=0.01212
[FIRST_FAILURE] step_mean=11.27 step_min=0 step_max=23 phase_mean=188.71 phase_min=18 phase_max=324 anchor_pos=0.00012 anchor_ori=0.00330 ee_body=0.28918 timeout=0.00000
[TRACK_CHUNK0] anchor_pos=0.55092 anchor_ori=0.74858 body_pos=0.85728 body_ori=0.47196 body_lin=0.54320 body_ang=0.43057
[TRACK_ROLLOUT] anchor_pos=0.55351 anchor_ori=0.75013 body_pos=0.85826 body_ori=0.47355 body_lin=0.54447 body_ang=0.43063
[TRAIN_COST] action_rate=4.75105 joint_limit=0.00444 undesired_contacts=1.21045
[REWARD_WEIGHTED] pos=0.05917 penalty=-0.01281 total=0.04637 act_rate=-0.00955 contacts=-0.00243
[ACT_GREEDY] abs_mean=0.8250 abs_p95=2.3917 abs_p99=3.2047 abs_max=23.9961 legs=0.8273 waist=0.7289 arms=0.8435
[ACT_ROLLOUT] abs_mean=0.8493 abs_p95=2.4068 abs_p99=3.2418 abs_max=27.6088 abs_max_all=27.6088
[SAMPLER] top_bin=0 top_prob=0.273 peak_bin=1 failed_sum=134.4056 entropy=0.9278
[TRAIN_BODY] torso_ori=9.97deg l_wrist_ori=17.40deg r_wrist_ori=20.75deg l_elbow_ori=15.60deg r_elbow_ori=18.18deg l_shoulder_ori=15.43deg r_shoulder_ori=20.95deg
[TRAIN_ANG] torso=1.944 l_wrist=3.313 r_wrist=3.714 l_elbow=2.924 r_elbow=3.251 l_shoulder=2.557 r_shoulder=2.781
[TRAIN_ACT] l_wrist_r=0.4530 l_wrist_p=1.2774 l_wrist_y=1.0253 r_wrist_r=0.4505 r_wrist_p=0.6695 r_wrist_y=0.6976 l_elbow=0.6024 r_elbow=0.5255
[UPDATE] 413/500 reward_step=0.04644 done_frac=0.01168 mean_reward=3.75975 mean_len=82.41
[FPO++] actor_loss=0.00064 value_loss=0.05233 ratio=0.9985 [0.840,1.139] clip_frac=0.1956 cfm_old=0.6649 cfm_new=0.6665 kl=0.000113 grad=0.3210 grad_c=0.1796 lr=0.000256 critic_lr=0.000256
[TRAIN] mean_reward=3.75975 mean_len=82.41 recent_eps=100 completed_eps=5796001
[UPDATE_EFFECT] action_delta=0.00742635 param_rms_delta=0.00020031
[TIME] collect=4.934s update=5.818s
[DONE] timeout=0.00000 anchor_pos=0.00000 anchor_ori=0.00256 ee_body=0.27625
[DONE_ROLLOUT] timeout=0.00000 anchor_pos=0.00000 anchor_ori=0.00011 ee_body=0.01159
[FIRST_FAILURE] step_mean=11.30 step_min=0 step_max=23 phase_mean=187.53 phase_min=21 phase_max=324 anchor_pos=0.00000 anchor_ori=0.00256 ee_body=0.27625 timeout=0.00000
[TRACK_CHUNK0] anchor_pos=0.55403 anchor_ori=0.74903 body_pos=0.85867 body_ori=0.47382 body_lin=0.54285 body_ang=0.43113
[TRACK_ROLLOUT] anchor_pos=0.55426 anchor_ori=0.74791 body_pos=0.85913 body_ori=0.47315 body_lin=0.54625 body_ang=0.43206
[TRAIN_COST] action_rate=4.72884 joint_limit=0.00411 undesired_contacts=1.21558
[REWARD_WEIGHTED] pos=0.05923 penalty=-0.01279 total=0.04644 act_rate=-0.00948 contacts=-0.00243
[ACT_GREEDY] abs_mean=0.8218 abs_p95=2.3870 abs_p99=3.1915 abs_max=7.3258 legs=0.8247 waist=0.7317 arms=0.8387
[ACT_ROLLOUT] abs_mean=0.8505 abs_p95=2.4129 abs_p99=3.2509 abs_max=17.9309 abs_max_all=17.9309
[SAMPLER] top_bin=0 top_prob=0.271 peak_bin=1 failed_sum=133.4872 entropy=0.9284
[TRAIN_BODY] torso_ori=9.98deg l_wrist_ori=17.48deg r_wrist_ori=20.70deg l_elbow_ori=15.55deg r_elbow_ori=18.20deg l_shoulder_ori=15.33deg r_shoulder_ori=20.81deg
[TRAIN_ANG] torso=1.960 l_wrist=3.318 r_wrist=3.690 l_elbow=2.935 r_elbow=3.234 l_shoulder=2.580 r_shoulder=2.777
[TRAIN_ACT] l_wrist_r=0.4431 l_wrist_p=1.2621 l_wrist_y=1.0144 r_wrist_r=0.4501 r_wrist_p=0.6673 r_wrist_y=0.6914 l_elbow=0.6045 r_elbow=0.5189
[UPDATE] 414/500 reward_step=0.04629 done_frac=0.01142 mean_reward=3.81871 mean_len=81.72
[FPO++] actor_loss=-0.00141 value_loss=0.05476 ratio=0.9987 [0.870,1.161] clip_frac=0.2037 cfm_old=0.6636 cfm_new=0.6650 kl=0.000109 grad=0.3630 grad_c=0.2535 lr=0.000384 critic_lr=0.000384
[TRAIN] mean_reward=3.81871 mean_len=81.72 recent_eps=100 completed_eps=5798246
[UPDATE_EFFECT] action_delta=0.00703355 param_rms_delta=0.00024589
[TIME] collect=4.701s update=5.819s
[DONE] timeout=0.00000 anchor_pos=0.00000 anchor_ori=0.00305 ee_body=0.26953
[DONE_ROLLOUT] timeout=0.00000 anchor_pos=0.00000 anchor_ori=0.00013 ee_body=0.01130
[FIRST_FAILURE] step_mean=11.56 step_min=0 step_max=23 phase_mean=189.80 phase_min=22 phase_max=324 anchor_pos=0.00000 anchor_ori=0.00305 ee_body=0.26953 timeout=0.00000
[TRACK_CHUNK0] anchor_pos=0.55269 anchor_ori=0.75002 body_pos=0.85989 body_ori=0.47302 body_lin=0.54531 body_ang=0.43124
[TRACK_ROLLOUT] anchor_pos=0.54864 anchor_ori=0.74770 body_pos=0.85904 body_ori=0.47343 body_lin=0.54541 body_ang=0.42958
[TRAIN_COST] action_rate=4.77394 joint_limit=0.00429 undesired_contacts=1.20984
[REWARD_WEIGHTED] pos=0.05911 penalty=-0.01282 total=0.04629 act_rate=-0.00958 contacts=-0.00237
[ACT_GREEDY] abs_mean=0.8212 abs_p95=2.3837 abs_p99=3.2041 abs_max=15.6987 legs=0.8218 waist=0.7292 arms=0.8404
[ACT_ROLLOUT] abs_mean=0.8454 abs_p95=2.3940 abs_p99=3.2257 abs_max=20.7065 abs_max_all=20.7065
[SAMPLER] top_bin=0 top_prob=0.270 peak_bin=1 failed_sum=132.5398 entropy=0.9290
[TRAIN_BODY] torso_ori=9.90deg l_wrist_ori=17.58deg r_wrist_ori=20.72deg l_elbow_ori=15.59deg r_elbow_ori=18.25deg l_shoulder_ori=15.32deg r_shoulder_ori=20.71deg
[TRAIN_ANG] torso=1.943 l_wrist=3.319 r_wrist=3.679 l_elbow=2.934 r_elbow=3.223 l_shoulder=2.557 r_shoulder=2.787
[TRAIN_ACT] l_wrist_r=0.4408 l_wrist_p=1.2756 l_wrist_y=1.0193 r_wrist_r=0.4432 r_wrist_p=0.6661 r_wrist_y=0.6898 l_elbow=0.6060 r_elbow=0.5161
[UPDATE] 415/500 reward_step=0.04651 done_frac=0.01123 mean_reward=3.98186 mean_len=85.09
[FPO++] actor_loss=-0.00285 value_loss=0.05294 ratio=0.9992 [0.889,1.094] clip_frac=0.0780 cfm_old=0.6593 cfm_new=0.6602 kl=0.000066 grad=0.1227 grad_c=0.2123 lr=0.000384 critic_lr=0.000384
[TRAIN] mean_reward=3.98186 mean_len=85.09 recent_eps=100 completed_eps=5800453
[UPDATE_EFFECT] action_delta=0.00626435 param_rms_delta=0.00023046
[TIME] collect=4.718s update=5.813s
[DONE] timeout=0.00000 anchor_pos=0.00012 anchor_ori=0.00342 ee_body=0.26501
[DONE_ROLLOUT] timeout=0.00000 anchor_pos=0.00001 anchor_ori=0.00014 ee_body=0.01110
[FIRST_FAILURE] step_mean=11.64 step_min=0 step_max=23 phase_mean=194.47 phase_min=17 phase_max=324 anchor_pos=0.00012 anchor_ori=0.00342 ee_body=0.26501 timeout=0.00000
[TRACK_CHUNK0] anchor_pos=0.54960 anchor_ori=0.74981 body_pos=0.86070 body_ori=0.47750 body_lin=0.54769 body_ang=0.43163
[TRACK_ROLLOUT] anchor_pos=0.54770 anchor_ori=0.75037 body_pos=0.85937 body_ori=0.47610 body_lin=0.54533 body_ang=0.43059
[TRAIN_COST] action_rate=4.80998 joint_limit=0.00447 undesired_contacts=1.19312
[REWARD_WEIGHTED] pos=0.05921 penalty=-0.01270 total=0.04651 act_rate=-0.00952 contacts=-0.00236
[ACT_GREEDY] abs_mean=0.8208 abs_p95=2.3792 abs_p99=3.1970 abs_max=22.7232 legs=0.8244 waist=0.7326 arms=0.8365
[ACT_ROLLOUT] abs_mean=0.8444 abs_p95=2.3900 abs_p99=3.2188 abs_max=28.2171 abs_max_all=28.2171
[SAMPLER] top_bin=0 top_prob=0.268 peak_bin=1 failed_sum=131.5774 entropy=0.9297
[TRAIN_BODY] torso_ori=9.92deg l_wrist_ori=17.66deg r_wrist_ori=20.68deg l_elbow_ori=15.65deg r_elbow_ori=18.32deg l_shoulder_ori=15.30deg r_shoulder_ori=20.69deg
[TRAIN_ANG] torso=1.952 l_wrist=3.363 r_wrist=3.705 l_elbow=2.959 r_elbow=3.229 l_shoulder=2.544 r_shoulder=2.789
[TRAIN_ACT] l_wrist_r=0.4333 l_wrist_p=1.2572 l_wrist_y=1.0212 r_wrist_r=0.4511 r_wrist_p=0.6479 r_wrist_y=0.6903 l_elbow=0.6037 r_elbow=0.5122
[UPDATE] 416/500 reward_step=0.04658 done_frac=0.01162 mean_reward=3.89141 mean_len=84.81
[FPO++] actor_loss=-0.00245 value_loss=0.05671 ratio=0.9987 [0.852,1.129] clip_frac=0.1556 cfm_old=0.6613 cfm_new=0.6626 kl=0.000123 grad=0.2467 grad_c=0.3991 lr=0.000256 critic_lr=0.000256
[TRAIN] mean_reward=3.89141 mean_len=84.81 recent_eps=100 completed_eps=5802738
[UPDATE_EFFECT] action_delta=0.00613530 param_rms_delta=0.00021463
[TIME] collect=4.715s update=5.807s
[DONE] timeout=0.00000 anchor_pos=0.00024 anchor_ori=0.00305 ee_body=0.27551
[DONE_ROLLOUT] timeout=0.00000 anchor_pos=0.00001 anchor_ori=0.00013 ee_body=0.01152
[FIRST_FAILURE] step_mean=11.36 step_min=0 step_max=23 phase_mean=194.17 phase_min=17 phase_max=324 anchor_pos=0.00024 anchor_ori=0.00305 ee_body=0.27551 timeout=0.00000
[TRACK_CHUNK0] anchor_pos=0.54866 anchor_ori=0.75138 body_pos=0.85807 body_ori=0.47531 body_lin=0.54536 body_ang=0.43118
[TRACK_ROLLOUT] anchor_pos=0.55322 anchor_ori=0.75158 body_pos=0.85937 body_ori=0.47704 body_lin=0.54562 body_ang=0.42945
[TRAIN_COST] action_rate=4.74883 joint_limit=0.00407 undesired_contacts=1.17651
[REWARD_WEIGHTED] pos=0.05928 penalty=-0.01269 total=0.04658 act_rate=-0.00953 contacts=-0.00235
[ACT_GREEDY] abs_mean=0.8226 abs_p95=2.3889 abs_p99=3.1844 abs_max=18.0216 legs=0.8248 waist=0.7381 arms=0.8388
[ACT_ROLLOUT] abs_mean=0.8458 abs_p95=2.3958 abs_p99=3.2150 abs_max=22.8981 abs_max_all=22.8981
[SAMPLER] top_bin=0 top_prob=0.266 peak_bin=1 failed_sum=130.7143 entropy=0.9303
[TRAIN_BODY] torso_ori=9.81deg l_wrist_ori=17.56deg r_wrist_ori=20.65deg l_elbow_ori=15.62deg r_elbow_ori=18.10deg l_shoulder_ori=15.13deg r_shoulder_ori=20.54deg
[TRAIN_ANG] torso=1.951 l_wrist=3.318 r_wrist=3.680 l_elbow=2.947 r_elbow=3.236 l_shoulder=2.551 r_shoulder=2.786
[TRAIN_ACT] l_wrist_r=0.4285 l_wrist_p=1.2538 l_wrist_y=1.0127 r_wrist_r=0.4466 r_wrist_p=0.6530 r_wrist_y=0.7015 l_elbow=0.6148 r_elbow=0.5222
[UPDATE] 417/500 reward_step=0.04664 done_frac=0.01109 mean_reward=3.53062 mean_len=77.33
[FPO++] actor_loss=-0.00235 value_loss=0.05556 ratio=0.9986 [0.863,1.155] clip_frac=0.1585 cfm_old=0.6586 cfm_new=0.6600 kl=0.000114 grad=0.2598 grad_c=0.3069 lr=0.000256 critic_lr=0.000256
[TRAIN] mean_reward=3.53062 mean_len=77.33 recent_eps=100 completed_eps=5804919
[UPDATE_EFFECT] action_delta=0.00795610 param_rms_delta=0.00019588
[TIME] collect=4.710s update=5.814s
[DONE] timeout=0.00000 anchor_pos=0.00000 anchor_ori=0.00244 ee_body=0.26331
[DONE_ROLLOUT] timeout=0.00000 anchor_pos=0.00000 anchor_ori=0.00010 ee_body=0.01099
[FIRST_FAILURE] step_mean=11.41 step_min=0 step_max=23 phase_mean=191.54 phase_min=15 phase_max=324 anchor_pos=0.00000 anchor_ori=0.00244 ee_body=0.26331 timeout=0.00000
[TRACK_CHUNK0] anchor_pos=0.55727 anchor_ori=0.74989 body_pos=0.86020 body_ori=0.47789 body_lin=0.54475 body_ang=0.42873
[TRACK_ROLLOUT] anchor_pos=0.55593 anchor_ori=0.74990 body_pos=0.86038 body_ori=0.47638 body_lin=0.54674 body_ang=0.43060
[TRAIN_COST] action_rate=4.79360 joint_limit=0.00410 undesired_contacts=1.17676
[REWARD_WEIGHTED] pos=0.05934 penalty=-0.01270 total=0.04664 act_rate=-0.00950 contacts=-0.00236
[ACT_GREEDY] abs_mean=0.8251 abs_p95=2.4065 abs_p99=3.2006 abs_max=12.2605 legs=0.8277 waist=0.7395 arms=0.8413
[ACT_ROLLOUT] abs_mean=0.8487 abs_p95=2.4091 abs_p99=3.2404 abs_max=25.7002 abs_max_all=25.7002
[SAMPLER] top_bin=0 top_prob=0.265 peak_bin=4 failed_sum=129.7690 entropy=0.9310
[TRAIN_BODY] torso_ori=9.88deg l_wrist_ori=17.54deg r_wrist_ori=20.73deg l_elbow_ori=15.34deg r_elbow_ori=18.13deg l_shoulder_ori=15.08deg r_shoulder_ori=20.82deg
[TRAIN_ANG] torso=1.953 l_wrist=3.363 r_wrist=3.706 l_elbow=2.955 r_elbow=3.239 l_shoulder=2.553 r_shoulder=2.752
[TRAIN_ACT] l_wrist_r=0.4209 l_wrist_p=1.2644 l_wrist_y=1.0241 r_wrist_r=0.4548 r_wrist_p=0.6492 r_wrist_y=0.7041 l_elbow=0.6115 r_elbow=0.5247
[UPDATE] 418/500 reward_step=0.04638 done_frac=0.01067 mean_reward=3.51315 mean_len=75.65
[FPO++] actor_loss=-0.00100 value_loss=0.05725 ratio=0.9990 [0.757,1.192] clip_frac=0.1767 cfm_old=0.6595 cfm_new=0.6605 kl=0.000152 grad=0.3293 grad_c=0.2469 lr=0.000076 critic_lr=0.000076
[TRAIN] mean_reward=3.51315 mean_len=75.65 recent_eps=100 completed_eps=5807016
[UPDATE_EFFECT] action_delta=0.00518021 param_rms_delta=0.00017164
[TIME] collect=4.844s update=5.812s
[DONE] timeout=0.00000 anchor_pos=0.00012 anchor_ori=0.00293 ee_body=0.25293
[DONE_ROLLOUT] timeout=0.00000 anchor_pos=0.00001 anchor_ori=0.00012 ee_body=0.01055
[FIRST_FAILURE] step_mean=11.45 step_min=0 step_max=23 phase_mean=194.09 phase_min=22 phase_max=323 anchor_pos=0.00012 anchor_ori=0.00293 ee_body=0.25293 timeout=0.00000
[TRACK_CHUNK0] anchor_pos=0.55242 anchor_ori=0.74780 body_pos=0.86060 body_ori=0.47548 body_lin=0.55209 body_ang=0.43504
[TRACK_ROLLOUT] anchor_pos=0.55011 anchor_ori=0.74677 body_pos=0.85978 body_ori=0.47360 body_lin=0.54575 body_ang=0.43044
[TRAIN_COST] action_rate=4.74673 joint_limit=0.00428 undesired_contacts=1.20264
[REWARD_WEIGHTED] pos=0.05916 penalty=-0.01278 total=0.04638 act_rate=-0.00954 contacts=-0.00239
[ACT_GREEDY] abs_mean=0.8248 abs_p95=2.4027 abs_p99=3.2088 abs_max=13.7378 legs=0.8306 waist=0.7331 arms=0.8394
[ACT_ROLLOUT] abs_mean=0.8499 abs_p95=2.4149 abs_p99=3.2446 abs_max=21.5012 abs_max_all=21.5012
[SAMPLER] top_bin=0 top_prob=0.264 peak_bin=4 failed_sum=128.7631 entropy=0.9315
[TRAIN_BODY] torso_ori=9.89deg l_wrist_ori=17.51deg r_wrist_ori=20.71deg l_elbow_ori=15.56deg r_elbow_ori=18.08deg l_shoulder_ori=15.08deg r_shoulder_ori=20.64deg
[TRAIN_ANG] torso=1.929 l_wrist=3.301 r_wrist=3.665 l_elbow=2.894 r_elbow=3.220 l_shoulder=2.518 r_shoulder=2.732
[TRAIN_ACT] l_wrist_r=0.4280 l_wrist_p=1.2562 l_wrist_y=1.0317 r_wrist_r=0.4554 r_wrist_p=0.6606 r_wrist_y=0.6961 l_elbow=0.6096 r_elbow=0.5089
[UPDATE] 419/500 reward_step=0.04619 done_frac=0.01123 mean_reward=3.59659 mean_len=77.70
[FPO++] actor_loss=-0.00289 value_loss=0.05816 ratio=0.9985 [0.855,1.102] clip_frac=0.1471 cfm_old=0.6617 cfm_new=0.6632 kl=0.000086 grad=0.2425 grad_c=0.1244 lr=0.000256 critic_lr=0.000256
[TRAIN] mean_reward=3.59659 mean_len=77.70 recent_eps=100 completed_eps=5809223
[UPDATE_EFFECT] action_delta=0.00725853 param_rms_delta=0.00014882
[TIME] collect=4.756s update=5.816s
[DONE] timeout=0.00000 anchor_pos=0.00000 anchor_ori=0.00183 ee_body=0.26636
[DONE_ROLLOUT] timeout=0.00000 anchor_pos=0.00000 anchor_ori=0.00008 ee_body=0.01117
[FIRST_FAILURE] step_mean=11.45 step_min=0 step_max=23 phase_mean=190.38 phase_min=20 phase_max=324 anchor_pos=0.00000 anchor_ori=0.00183 ee_body=0.26636 timeout=0.00000
[TRACK_CHUNK0] anchor_pos=0.54631 anchor_ori=0.74297 body_pos=0.85773 body_ori=0.47020 body_lin=0.54043 body_ang=0.43025
[TRACK_ROLLOUT] anchor_pos=0.54803 anchor_ori=0.74138 body_pos=0.85962 body_ori=0.47369 body_lin=0.54442 body_ang=0.43031
[TRAIN_COST] action_rate=4.76056 joint_limit=0.00426 undesired_contacts=1.19312
[REWARD_WEIGHTED] pos=0.05905 penalty=-0.01286 total=0.04619 act_rate=-0.00954 contacts=-0.00245
[ACT_GREEDY] abs_mean=0.8269 abs_p95=2.3978 abs_p99=3.2119 abs_max=12.3019 legs=0.8302 waist=0.7325 arms=0.8444
[ACT_ROLLOUT] abs_mean=0.8479 abs_p95=2.4067 abs_p99=3.2392 abs_max=16.4893 abs_max_all=16.4893
[SAMPLER] top_bin=0 top_prob=0.262 peak_bin=4 failed_sum=127.8899 entropy=0.9320
[TRAIN_BODY] torso_ori=10.06deg l_wrist_ori=17.80deg r_wrist_ori=21.05deg l_elbow_ori=15.93deg r_elbow_ori=18.38deg l_shoulder_ori=15.31deg r_shoulder_ori=21.03deg
[TRAIN_ANG] torso=1.949 l_wrist=3.341 r_wrist=3.731 l_elbow=2.960 r_elbow=3.264 l_shoulder=2.590 r_shoulder=2.797
[TRAIN_ACT] l_wrist_r=0.4329 l_wrist_p=1.2563 l_wrist_y=1.0319 r_wrist_r=0.4675 r_wrist_p=0.6593 r_wrist_y=0.6919 l_elbow=0.6186 r_elbow=0.5216
[UPDATE] 420/500 reward_step=0.04623 done_frac=0.01090 mean_reward=4.22481 mean_len=93.95
[FPO++] actor_loss=-0.00128 value_loss=0.05930 ratio=0.9988 [0.787,1.163] clip_frac=0.1822 cfm_old=0.6582 cfm_new=0.6595 kl=0.000138 grad=0.3287 grad_c=0.2582 lr=0.000114 critic_lr=0.000114
[TRAIN] mean_reward=4.22481 mean_len=93.95 recent_eps=100 completed_eps=5811366
[UPDATE_EFFECT] action_delta=0.00681504 param_rms_delta=0.00016760
[TIME] collect=4.972s update=5.813s
[DONE] timeout=0.00012 anchor_pos=0.00000 anchor_ori=0.00269 ee_body=0.25830
[DONE_ROLLOUT] timeout=0.00001 anchor_pos=0.00000 anchor_ori=0.00011 ee_body=0.01080
[FIRST_FAILURE] step_mean=11.36 step_min=0 step_max=23 phase_mean=192.73 phase_min=16 phase_max=324 anchor_pos=0.00000 anchor_ori=0.00269 ee_body=0.25830 timeout=0.00012
[TRACK_CHUNK0] anchor_pos=0.55054 anchor_ori=0.74011 body_pos=0.86010 body_ori=0.47723 body_lin=0.54664 body_ang=0.43068
[TRACK_ROLLOUT] anchor_pos=0.54841 anchor_ori=0.74017 body_pos=0.85893 body_ori=0.47388 body_lin=0.54848 body_ang=0.43341
[TRAIN_COST] action_rate=4.75193 joint_limit=0.00462 undesired_contacts=1.25476
[REWARD_WEIGHTED] pos=0.05918 penalty=-0.01296 total=0.04622 act_rate=-0.00953 contacts=-0.00250
[ACT_GREEDY] abs_mean=0.8310 abs_p95=2.4132 abs_p99=3.2401 abs_max=12.2247 legs=0.8416 waist=0.7341 arms=0.8428
[ACT_ROLLOUT] abs_mean=0.8536 abs_p95=2.4253 abs_p99=3.2655 abs_max=20.1172 abs_max_all=20.1172
[SAMPLER] top_bin=0 top_prob=0.261 peak_bin=4 failed_sum=126.9729 entropy=0.9325
[TRAIN_BODY] torso_ori=10.16deg l_wrist_ori=17.58deg r_wrist_ori=20.61deg l_elbow_ori=15.57deg r_elbow_ori=17.97deg l_shoulder_ori=14.99deg r_shoulder_ori=20.54deg
[TRAIN_ANG] torso=1.927 l_wrist=3.342 r_wrist=3.718 l_elbow=2.941 r_elbow=3.245 l_shoulder=2.521 r_shoulder=2.747
[TRAIN_ACT] l_wrist_r=0.4223 l_wrist_p=1.2686 l_wrist_y=1.0137 r_wrist_r=0.4585 r_wrist_p=0.6554 r_wrist_y=0.6995 l_elbow=0.6193 r_elbow=0.5168
[UPDATE] 421/500 reward_step=0.04577 done_frac=0.01081 mean_reward=3.99066 mean_len=86.38
[FPO++] actor_loss=-0.00267 value_loss=0.05902 ratio=0.9994 [0.806,1.311] clip_frac=0.1113 cfm_old=0.6571 cfm_new=0.6578 kl=0.000068 grad=0.2258 grad_c=0.2890 lr=0.000384 critic_lr=0.000384
[TRAIN] mean_reward=3.99066 mean_len=86.38 recent_eps=100 completed_eps=5813492
[UPDATE_EFFECT] action_delta=0.00646201 param_rms_delta=0.00022693
[TIME] collect=4.758s update=5.817s
[DONE] timeout=0.00000 anchor_pos=0.00012 anchor_ori=0.00269 ee_body=0.25696
[DONE_ROLLOUT] timeout=0.00000 anchor_pos=0.00001 anchor_ori=0.00011 ee_body=0.01072
[FIRST_FAILURE] step_mean=11.59 step_min=0 step_max=23 phase_mean=195.52 phase_min=19 phase_max=324 anchor_pos=0.00012 anchor_ori=0.00269 ee_body=0.25696 timeout=0.00000
[TRACK_CHUNK0] anchor_pos=0.54423 anchor_ori=0.73915 body_pos=0.85854 body_ori=0.47149 body_lin=0.54550 body_ang=0.43049
[TRACK_ROLLOUT] anchor_pos=0.54090 anchor_ori=0.73858 body_pos=0.85840 body_ori=0.46821 body_lin=0.54256 body_ang=0.42955
[TRAIN_COST] action_rate=4.77582 joint_limit=0.00418 undesired_contacts=1.24451
[REWARD_WEIGHTED] pos=0.05877 penalty=-0.01300 total=0.04577 act_rate=-0.00959 contacts=-0.00250
[ACT_GREEDY] abs_mean=0.8317 abs_p95=2.4071 abs_p99=3.2328 abs_max=11.7156 legs=0.8399 waist=0.7371 arms=0.8450
[ACT_ROLLOUT] abs_mean=0.8556 abs_p95=2.4309 abs_p99=3.2740 abs_max=26.8370 abs_max_all=26.8370
[SAMPLER] top_bin=0 top_prob=0.260 peak_bin=4 failed_sum=126.0623 entropy=0.9330
[TRAIN_BODY] torso_ori=10.23deg l_wrist_ori=17.96deg r_wrist_ori=21.12deg l_elbow_ori=15.98deg r_elbow_ori=18.29deg l_shoulder_ori=15.26deg r_shoulder_ori=20.80deg
[TRAIN_ANG] torso=1.955 l_wrist=3.342 r_wrist=3.730 l_elbow=2.938 r_elbow=3.254 l_shoulder=2.562 r_shoulder=2.786
[TRAIN_ACT] l_wrist_r=0.4313 l_wrist_p=1.2721 l_wrist_y=1.0007 r_wrist_r=0.4524 r_wrist_p=0.6502 r_wrist_y=0.7094 l_elbow=0.6252 r_elbow=0.5119
[UPDATE] 422/500 reward_step=0.04551 done_frac=0.01073 mean_reward=4.65900 mean_len=101.03
[FPO++] actor_loss=0.00046 value_loss=0.06490 ratio=0.9990 [0.322,2.361] clip_frac=0.1022 cfm_old=0.6594 cfm_new=0.6605 kl=0.000174 grad=0.2975 grad_c=0.1798 lr=0.000023 critic_lr=0.000023
[TRAIN] mean_reward=4.65900 mean_len=101.03 recent_eps=100 completed_eps=5815601
[UPDATE_EFFECT] action_delta=0.00705035 param_rms_delta=0.00021394
[TIME] collect=4.713s update=5.813s
[DONE] timeout=0.00000 anchor_pos=0.00012 anchor_ori=0.00256 ee_body=0.25415
[DONE_ROLLOUT] timeout=0.00000 anchor_pos=0.00001 anchor_ori=0.00011 ee_body=0.01064
[FIRST_FAILURE] step_mean=11.45 step_min=0 step_max=23 phase_mean=195.81 phase_min=20 phase_max=324 anchor_pos=0.00012 anchor_ori=0.00256 ee_body=0.25415 timeout=0.00000
[TRACK_CHUNK0] anchor_pos=0.54038 anchor_ori=0.73928 body_pos=0.85917 body_ori=0.46805 body_lin=0.54164 body_ang=0.42777
[TRACK_ROLLOUT] anchor_pos=0.53959 anchor_ori=0.73440 body_pos=0.85925 body_ori=0.46930 body_lin=0.54248 body_ang=0.42806
[TRAIN_COST] action_rate=4.81607 joint_limit=0.00480 undesired_contacts=1.24927
[REWARD_WEIGHTED] pos=0.05872 penalty=-0.01322 total=0.04551 act_rate=-0.00972 contacts=-0.00252
[ACT_GREEDY] abs_mean=0.8313 abs_p95=2.4195 abs_p99=3.2348 abs_max=27.8564 legs=0.8376 waist=0.7416 arms=0.8451
[ACT_ROLLOUT] abs_mean=0.8587 abs_p95=2.4343 abs_p99=3.2875 abs_max=37.4351 abs_max_all=37.4351
[SAMPLER] top_bin=0 top_prob=0.258 peak_bin=4 failed_sum=125.1563 entropy=0.9336
[TRAIN_BODY] torso_ori=10.17deg l_wrist_ori=17.90deg r_wrist_ori=21.19deg l_elbow_ori=16.15deg r_elbow_ori=18.40deg l_shoulder_ori=15.22deg r_shoulder_ori=20.78deg
[TRAIN_ANG] torso=1.935 l_wrist=3.372 r_wrist=3.742 l_elbow=2.977 r_elbow=3.256 l_shoulder=2.576 r_shoulder=2.791
[TRAIN_ACT] l_wrist_r=0.4322 l_wrist_p=1.2573 l_wrist_y=1.0140 r_wrist_r=0.4588 r_wrist_p=0.6446 r_wrist_y=0.7047 l_elbow=0.6280 r_elbow=0.5149
[UPDATE] 423/500 reward_step=0.04569 done_frac=0.01047 mean_reward=4.16497 mean_len=90.43
[FPO++] actor_loss=-0.00173 value_loss=0.06545 ratio=0.9996 [0.629,1.810] clip_frac=0.0441 cfm_old=0.6565 cfm_new=0.6570 kl=0.000054 grad=0.0835 grad_c=0.1210 lr=0.000171 critic_lr=0.000171
[TRAIN] mean_reward=4.16497 mean_len=90.43 recent_eps=100 completed_eps=5817660
[UPDATE_EFFECT] action_delta=0.00503092 param_rms_delta=0.00011286
[TIME] collect=4.827s update=5.816s
[DONE] timeout=0.00000 anchor_pos=0.00000 anchor_ori=0.00354 ee_body=0.24719
[DONE_ROLLOUT] timeout=0.00000 anchor_pos=0.00000 anchor_ori=0.00015 ee_body=0.01034
[FIRST_FAILURE] step_mean=11.36 step_min=0 step_max=23 phase_mean=195.83 phase_min=18 phase_max=324 anchor_pos=0.00000 anchor_ori=0.00354 ee_body=0.24719 timeout=0.00000
[TRACK_CHUNK0] anchor_pos=0.54081 anchor_ori=0.73435 body_pos=0.86039 body_ori=0.47140 body_lin=0.54380 body_ang=0.43055
[TRACK_ROLLOUT] anchor_pos=0.53942 anchor_ori=0.73132 body_pos=0.85942 body_ori=0.46894 body_lin=0.54627 body_ang=0.43031
[TRAIN_COST] action_rate=4.77770 joint_limit=0.00478 undesired_contacts=1.27429
[REWARD_WEIGHTED] pos=0.05881 penalty=-0.01312 total=0.04569 act_rate=-0.00962 contacts=-0.00254
[ACT_GREEDY] abs_mean=0.8330 abs_p95=2.4177 abs_p99=3.2436 abs_max=19.8785 legs=0.8432 waist=0.7390 arms=0.8443
[ACT_ROLLOUT] abs_mean=0.8558 abs_p95=2.4289 abs_p99=3.2735 abs_max=24.0045 abs_max_all=24.0045
[SAMPLER] top_bin=0 top_prob=0.257 peak_bin=4 failed_sum=124.2221 entropy=0.9341
[TRAIN_BODY] torso_ori=10.35deg l_wrist_ori=17.82deg r_wrist_ori=20.86deg l_elbow_ori=16.04deg r_elbow_ori=18.14deg l_shoulder_ori=15.19deg r_shoulder_ori=20.50deg
[TRAIN_ANG] torso=1.964 l_wrist=3.337 r_wrist=3.689 l_elbow=2.930 r_elbow=3.242 l_shoulder=2.566 r_shoulder=2.777
[TRAIN_ACT] l_wrist_r=0.4289 l_wrist_p=1.2473 l_wrist_y=1.0067 r_wrist_r=0.4521 r_wrist_p=0.6381 r_wrist_y=0.7052 l_elbow=0.6298 r_elbow=0.5122
[UPDATE] 424/500 reward_step=0.04561 done_frac=0.01041 mean_reward=3.93038 mean_len=84.99
[FPO++] actor_loss=-0.00403 value_loss=0.06341 ratio=0.9996 [0.602,1.639] clip_frac=0.0428 cfm_old=0.6544 cfm_new=0.6548 kl=0.000061 grad=0.0794 grad_c=0.1702 lr=0.000384 critic_lr=0.000384
[TRAIN] mean_reward=3.93038 mean_len=84.99 recent_eps=100 completed_eps=5819707
[UPDATE_EFFECT] action_delta=0.00690215 param_rms_delta=0.00025227
[TIME] collect=4.647s update=5.813s
[DONE] timeout=0.00000 anchor_pos=0.00000 anchor_ori=0.00195 ee_body=0.24744
[DONE_ROLLOUT] timeout=0.00000 anchor_pos=0.00000 anchor_ori=0.00008 ee_body=0.01034
[FIRST_FAILURE] step_mean=11.20 step_min=0 step_max=23 phase_mean=195.27 phase_min=20 phase_max=324 anchor_pos=0.00000 anchor_ori=0.00195 ee_body=0.24744 timeout=0.00000
[TRACK_CHUNK0] anchor_pos=0.53577 anchor_ori=0.72798 body_pos=0.85743 body_ori=0.46598 body_lin=0.54678 body_ang=0.43046
[TRACK_ROLLOUT] anchor_pos=0.53524 anchor_ori=0.72956 body_pos=0.86008 body_ori=0.46994 body_lin=0.54665 body_ang=0.43247
[TRAIN_COST] action_rate=4.83481 joint_limit=0.00510 undesired_contacts=1.27441
[REWARD_WEIGHTED] pos=0.05883 penalty=-0.01322 total=0.04561 act_rate=-0.00964 contacts=-0.00258
[ACT_GREEDY] abs_mean=0.8320 abs_p95=2.4159 abs_p99=3.2373 abs_max=25.8367 legs=0.8397 waist=0.7376 arms=0.8456
[ACT_ROLLOUT] abs_mean=0.8551 abs_p95=2.4295 abs_p99=3.2711 abs_max=34.5891 abs_max_all=34.5891
[SAMPLER] top_bin=0 top_prob=0.256 peak_bin=4 failed_sum=123.2979 entropy=0.9345
[TRAIN_BODY] torso_ori=10.52deg l_wrist_ori=18.09deg r_wrist_ori=21.45deg l_elbow_ori=16.29deg r_elbow_ori=18.51deg l_shoulder_ori=15.49deg r_shoulder_ori=20.72deg
[TRAIN_ANG] torso=1.949 l_wrist=3.361 r_wrist=3.725 l_elbow=2.962 r_elbow=3.250 l_shoulder=2.559 r_shoulder=2.811
[TRAIN_ACT] l_wrist_r=0.4345 l_wrist_p=1.2557 l_wrist_y=0.9957 r_wrist_r=0.4537 r_wrist_p=0.6435 r_wrist_y=0.7221 l_elbow=0.6213 r_elbow=0.5087
[UPDATE] 425/500 reward_step=0.04550 done_frac=0.01063 mean_reward=4.21415 mean_len=91.37
[FPO++] actor_loss=-0.00129 value_loss=0.06717 ratio=0.9991 [0.474,1.381] clip_frac=0.1031 cfm_old=0.6564 cfm_new=0.6573 kl=0.000124 grad=0.1305 grad_c=0.4915 lr=0.000384 critic_lr=0.000384
[TRAIN] mean_reward=4.21415 mean_len=91.37 recent_eps=100 completed_eps=5821796
[UPDATE_EFFECT] action_delta=0.00850261 param_rms_delta=0.00032296
[TIME] collect=4.631s update=5.812s
[DONE] timeout=0.00000 anchor_pos=0.00000 anchor_ori=0.00269 ee_body=0.25183
[DONE_ROLLOUT] timeout=0.00000 anchor_pos=0.00000 anchor_ori=0.00011 ee_body=0.01054
[FIRST_FAILURE] step_mean=11.54 step_min=0 step_max=23 phase_mean=198.41 phase_min=19 phase_max=324 anchor_pos=0.00000 anchor_ori=0.00269 ee_body=0.25183 timeout=0.00000
[TRACK_CHUNK0] anchor_pos=0.53233 anchor_ori=0.72798 body_pos=0.85871 body_ori=0.46776 body_lin=0.54350 body_ang=0.43229
[TRACK_ROLLOUT] anchor_pos=0.53807 anchor_ori=0.72536 body_pos=0.85923 body_ori=0.47145 body_lin=0.54608 body_ang=0.43105
[TRAIN_COST] action_rate=4.77612 joint_limit=0.00517 undesired_contacts=1.30249
[REWARD_WEIGHTED] pos=0.05879 penalty=-0.01329 total=0.04550 act_rate=-0.00967 contacts=-0.00261
[ACT_GREEDY] abs_mean=0.8294 abs_p95=2.4237 abs_p99=3.2250 abs_max=15.3822 legs=0.8380 waist=0.7297 arms=0.8433
[ACT_ROLLOUT] abs_mean=0.8557 abs_p95=2.4343 abs_p99=3.2798 abs_max=22.7650 abs_max_all=22.7650
[SAMPLER] top_bin=0 top_prob=0.254 peak_bin=4 failed_sum=122.4379 entropy=0.9350
[TRAIN_BODY] torso_ori=10.51deg l_wrist_ori=17.92deg r_wrist_ori=21.22deg l_elbow_ori=16.06deg r_elbow_ori=18.05deg l_shoulder_ori=15.30deg r_shoulder_ori=20.58deg
[TRAIN_ANG] torso=1.948 l_wrist=3.342 r_wrist=3.698 l_elbow=2.933 r_elbow=3.210 l_shoulder=2.550 r_shoulder=2.792
[TRAIN_ACT] l_wrist_r=0.4239 l_wrist_p=1.2519 l_wrist_y=0.9863 r_wrist_r=0.4648 r_wrist_p=0.6573 r_wrist_y=0.7213 l_elbow=0.6192 r_elbow=0.5025
[UPDATE] 426/500 reward_step=0.04581 done_frac=0.00997 mean_reward=3.69337 mean_len=83.36
[FPO++] actor_loss=-0.00367 value_loss=0.07125 ratio=0.9994 [0.751,1.292] clip_frac=0.0774 cfm_old=0.6541 cfm_new=0.6547 kl=0.000087 grad=0.1323 grad_c=0.2336 lr=0.000384 critic_lr=0.000384
[TRAIN] mean_reward=3.69337 mean_len=83.36 recent_eps=100 completed_eps=5823757
[UPDATE_EFFECT] action_delta=0.00715337 param_rms_delta=0.00023846
[TIME] collect=4.561s update=5.819s
[DONE] timeout=0.00000 anchor_pos=0.00000 anchor_ori=0.00244 ee_body=0.23645
[DONE_ROLLOUT] timeout=0.00000 anchor_pos=0.00000 anchor_ori=0.00010 ee_body=0.00988
[FIRST_FAILURE] step_mean=11.61 step_min=0 step_max=23 phase_mean=194.84 phase_min=21 phase_max=324 anchor_pos=0.00000 anchor_ori=0.00244 ee_body=0.23645 timeout=0.00000
[TRACK_CHUNK0] anchor_pos=0.54642 anchor_ori=0.72877 body_pos=0.86244 body_ori=0.47594 body_lin=0.55252 body_ang=0.43445
[TRACK_ROLLOUT] anchor_pos=0.54130 anchor_ori=0.72867 body_pos=0.86045 body_ori=0.47278 body_lin=0.55104 body_ang=0.43293
[TRAIN_COST] action_rate=4.84258 joint_limit=0.00520 undesired_contacts=1.30981
[REWARD_WEIGHTED] pos=0.05904 penalty=-0.01323 total=0.04581 act_rate=-0.00966 contacts=-0.00258
[ACT_GREEDY] abs_mean=0.8319 abs_p95=2.4253 abs_p99=3.2406 abs_max=21.1861 legs=0.8428 waist=0.7297 arms=0.8444
[ACT_ROLLOUT] abs_mean=0.8538 abs_p95=2.4297 abs_p99=3.2594 abs_max=32.0218 abs_max_all=32.0218
[SAMPLER] top_bin=0 top_prob=0.253 peak_bin=4 failed_sum=121.4719 entropy=0.9355
[TRAIN_BODY] torso_ori=10.50deg l_wrist_ori=17.68deg r_wrist_ori=20.93deg l_elbow_ori=15.88deg r_elbow_ori=17.69deg l_shoulder_ori=15.03deg r_shoulder_ori=20.24deg
[TRAIN_ANG] torso=1.918 l_wrist=3.354 r_wrist=3.655 l_elbow=2.943 r_elbow=3.178 l_shoulder=2.518 r_shoulder=2.746
[TRAIN_ACT] l_wrist_r=0.4267 l_wrist_p=1.2451 l_wrist_y=1.0097 r_wrist_r=0.4609 r_wrist_p=0.6362 r_wrist_y=0.7084 l_elbow=0.6151 r_elbow=0.5025
[UPDATE] 427/500 reward_step=0.04576 done_frac=0.00975 mean_reward=3.62999 mean_len=80.66
[FPO++] actor_loss=-0.00215 value_loss=0.07302 ratio=0.9993 [0.222,2.493] clip_frac=0.1032 cfm_old=0.6536 cfm_new=0.6543 kl=0.000111 grad=0.1635 grad_c=1.2408 lr=0.000384 critic_lr=0.000384
[TRAIN] mean_reward=3.62999 mean_len=80.66 recent_eps=100 completed_eps=5825674
[UPDATE_EFFECT] action_delta=0.00802535 param_rms_delta=0.00032029
[TIME] collect=4.592s update=5.813s
[DONE] timeout=0.00000 anchor_pos=0.00000 anchor_ori=0.00159 ee_body=0.23181
[DONE_ROLLOUT] timeout=0.00000 anchor_pos=0.00000 anchor_ori=0.00007 ee_body=0.00969
[FIRST_FAILURE] step_mean=11.39 step_min=0 step_max=23 phase_mean=192.21 phase_min=20 phase_max=324 anchor_pos=0.00000 anchor_ori=0.00159 ee_body=0.23181 timeout=0.00000
[TRACK_CHUNK0] anchor_pos=0.54156 anchor_ori=0.72666 body_pos=0.86080 body_ori=0.47273 body_lin=0.54937 body_ang=0.43059
[TRACK_ROLLOUT] anchor_pos=0.54028 anchor_ori=0.72855 body_pos=0.86019 body_ori=0.47215 body_lin=0.54821 body_ang=0.43198
[TRAIN_COST] action_rate=4.89157 joint_limit=0.00503 undesired_contacts=1.26562
[REWARD_WEIGHTED] pos=0.05894 penalty=-0.01318 total=0.04576 act_rate=-0.00965 contacts=-0.00254
[ACT_GREEDY] abs_mean=0.8300 abs_p95=2.4198 abs_p99=3.2363 abs_max=13.5731 legs=0.8391 waist=0.7322 arms=0.8432
[ACT_ROLLOUT] abs_mean=0.8538 abs_p95=2.4293 abs_p99=3.2689 abs_max=25.4575 abs_max_all=25.4575
[SAMPLER] top_bin=0 top_prob=0.252 peak_bin=4 failed_sum=120.4848 entropy=0.9359
[TRAIN_BODY] torso_ori=10.56deg l_wrist_ori=17.74deg r_wrist_ori=20.72deg l_elbow_ori=15.95deg r_elbow_ori=17.82deg l_shoulder_ori=15.15deg r_shoulder_ori=20.19deg
[TRAIN_ANG] torso=1.953 l_wrist=3.374 r_wrist=3.702 l_elbow=2.964 r_elbow=3.220 l_shoulder=2.550 r_shoulder=2.779
[TRAIN_ACT] l_wrist_r=0.4278 l_wrist_p=1.2648 l_wrist_y=1.0127 r_wrist_r=0.4606 r_wrist_p=0.6409 r_wrist_y=0.7055 l_elbow=0.6120 r_elbow=0.5028
[UPDATE] 428/500 reward_step=0.04551 done_frac=0.01049 mean_reward=4.84736 mean_len=104.52
[FPO++] actor_loss=-0.00464 value_loss=0.07668 ratio=1.0003 [0.745,1.311] clip_frac=0.0752 cfm_old=0.6542 cfm_new=0.6539 kl=0.000077 grad=0.0932 grad_c=0.9545 lr=0.000384 critic_lr=0.000384
[TRAIN] mean_reward=4.84736 mean_len=104.52 recent_eps=100 completed_eps=5827737
[UPDATE_EFFECT] action_delta=0.00617638 param_rms_delta=0.00028994
[TIME] collect=4.715s update=5.813s
[DONE] timeout=0.00000 anchor_pos=0.00037 anchor_ori=0.00183 ee_body=0.24866
[DONE_ROLLOUT] timeout=0.00000 anchor_pos=0.00002 anchor_ori=0.00008 ee_body=0.01042
[FIRST_FAILURE] step_mean=11.50 step_min=0 step_max=23 phase_mean=197.41 phase_min=17 phase_max=324 anchor_pos=0.00037 anchor_ori=0.00183 ee_body=0.24866 timeout=0.00000
[TRACK_CHUNK0] anchor_pos=0.53705 anchor_ori=0.72646 body_pos=0.85785 body_ori=0.47011 body_lin=0.54705 body_ang=0.43219
[TRACK_ROLLOUT] anchor_pos=0.54264 anchor_ori=0.72743 body_pos=0.86005 body_ori=0.47250 body_lin=0.54371 body_ang=0.42744
[TRAIN_COST] action_rate=4.82048 joint_limit=0.00502 undesired_contacts=1.26831
[REWARD_WEIGHTED] pos=0.05877 penalty=-0.01327 total=0.04551 act_rate=-0.00970 contacts=-0.00255
[ACT_GREEDY] abs_mean=0.8291 abs_p95=2.4180 abs_p99=3.2252 abs_max=10.0589 legs=0.8378 waist=0.7340 arms=0.8421
[ACT_ROLLOUT] abs_mean=0.8525 abs_p95=2.4297 abs_p99=3.2733 abs_max=22.3467 abs_max_all=22.3467
[SAMPLER] top_bin=0 top_prob=0.251 peak_bin=4 failed_sum=119.6657 entropy=0.9364
[TRAIN_BODY] torso_ori=10.54deg l_wrist_ori=17.88deg r_wrist_ori=21.23deg l_elbow_ori=16.23deg r_elbow_ori=18.12deg l_shoulder_ori=15.56deg r_shoulder_ori=20.59deg
[TRAIN_ANG] torso=1.954 l_wrist=3.337 r_wrist=3.707 l_elbow=2.966 r_elbow=3.222 l_shoulder=2.562 r_shoulder=2.781
[TRAIN_ACT] l_wrist_r=0.4346 l_wrist_p=1.2528 l_wrist_y=1.0021 r_wrist_r=0.4687 r_wrist_p=0.6403 r_wrist_y=0.7063 l_elbow=0.6049 r_elbow=0.4977
[UPDATE] 429/500 reward_step=0.04551 done_frac=0.00972 mean_reward=4.52931 mean_len=98.82
[FPO++] actor_loss=-0.00364 value_loss=0.07330 ratio=1.0003 [0.895,1.092] clip_frac=0.1037 cfm_old=0.6525 cfm_new=0.6522 kl=0.000106 grad=0.1427 grad_c=0.3429 lr=0.000384 critic_lr=0.000384
[TRAIN] mean_reward=4.52931 mean_len=98.82 recent_eps=100 completed_eps=5829649
[UPDATE_EFFECT] action_delta=0.00697869 param_rms_delta=0.00029677
[TIME] collect=4.797s update=5.812s
[DONE] timeout=0.00000 anchor_pos=0.00000 anchor_ori=0.00269 ee_body=0.23035
[DONE_ROLLOUT] timeout=0.00000 anchor_pos=0.00000 anchor_ori=0.00011 ee_body=0.00963
[FIRST_FAILURE] step_mean=11.72 step_min=0 step_max=23 phase_mean=203.56 phase_min=18 phase_max=324 anchor_pos=0.00000 anchor_ori=0.00269 ee_body=0.23035 timeout=0.00000
[TRACK_CHUNK0] anchor_pos=0.54948 anchor_ori=0.72899 body_pos=0.86323 body_ori=0.47467 body_lin=0.54801 body_ang=0.42879
[TRACK_ROLLOUT] anchor_pos=0.54277 anchor_ori=0.72310 body_pos=0.85998 body_ori=0.47117 body_lin=0.54632 body_ang=0.42965
[TRAIN_COST] action_rate=4.88874 joint_limit=0.00479 undesired_contacts=1.28699
[REWARD_WEIGHTED] pos=0.05880 penalty=-0.01329 total=0.04551 act_rate=-0.00970 contacts=-0.00259
[ACT_GREEDY] abs_mean=0.8261 abs_p95=2.4156 abs_p99=3.2248 abs_max=8.3106 legs=0.8390 waist=0.7326 arms=0.8350
[ACT_ROLLOUT] abs_mean=0.8534 abs_p95=2.4336 abs_p99=3.2709 abs_max=30.1012 abs_max_all=30.1012
[SAMPLER] top_bin=0 top_prob=0.249 peak_bin=4 failed_sum=118.7172 entropy=0.9369
[TRAIN_BODY] torso_ori=10.49deg l_wrist_ori=17.82deg r_wrist_ori=21.12deg l_elbow_ori=15.93deg r_elbow_ori=17.70deg l_shoulder_ori=15.42deg r_shoulder_ori=20.18deg
[TRAIN_ANG] torso=1.959 l_wrist=3.379 r_wrist=3.661 l_elbow=2.982 r_elbow=3.207 l_shoulder=2.570 r_shoulder=2.788
[TRAIN_ACT] l_wrist_r=0.4259 l_wrist_p=1.2457 l_wrist_y=0.9649 r_wrist_r=0.4839 r_wrist_p=0.6267 r_wrist_y=0.7011 l_elbow=0.5984 r_elbow=0.4944
[UPDATE] 430/500 reward_step=0.04569 done_frac=0.00991 mean_reward=3.93817 mean_len=87.35
[FPO++] actor_loss=-0.00291 value_loss=0.06965 ratio=0.9999 [0.913,1.094] clip_frac=0.0887 cfm_old=0.6471 cfm_new=0.6472 kl=0.000098 grad=0.1512 grad_c=0.2221 lr=0.000384 critic_lr=0.000384
[TRAIN] mean_reward=3.93817 mean_len=87.35 recent_eps=100 completed_eps=5831597
[UPDATE_EFFECT] action_delta=0.00571405 param_rms_delta=0.00027442
[TIME] collect=4.717s update=5.816s
[DONE] timeout=0.00000 anchor_pos=0.00000 anchor_ori=0.00134 ee_body=0.23547
[DONE_ROLLOUT] timeout=0.00000 anchor_pos=0.00000 anchor_ori=0.00006 ee_body=0.00986
[FIRST_FAILURE] step_mean=11.22 step_min=0 step_max=23 phase_mean=196.87 phase_min=17 phase_max=324 anchor_pos=0.00000 anchor_ori=0.00134 ee_body=0.23547 timeout=0.00000
[TRACK_CHUNK0] anchor_pos=0.54105 anchor_ori=0.72239 body_pos=0.85937 body_ori=0.47010 body_lin=0.54526 body_ang=0.42909
[TRACK_ROLLOUT] anchor_pos=0.54371 anchor_ori=0.72188 body_pos=0.86098 body_ori=0.47336 body_lin=0.55128 body_ang=0.43299
[TRAIN_COST] action_rate=4.83551 joint_limit=0.00514 undesired_contacts=1.29871
[REWARD_WEIGHTED] pos=0.05903 penalty=-0.01334 total=0.04569 act_rate=-0.00967 contacts=-0.00264
[ACT_GREEDY] abs_mean=0.8283 abs_p95=2.4201 abs_p99=3.2353 abs_max=21.1064 legs=0.8420 waist=0.7292 arms=0.8379
[ACT_ROLLOUT] abs_mean=0.8530 abs_p95=2.4333 abs_p99=3.2691 abs_max=21.5705 abs_max_all=21.5705
[SAMPLER] top_bin=0 top_prob=0.248 peak_bin=4 failed_sum=117.8259 entropy=0.9373
[TRAIN_BODY] torso_ori=10.66deg l_wrist_ori=17.87deg r_wrist_ori=21.60deg l_elbow_ori=16.20deg r_elbow_ori=18.15deg l_shoulder_ori=15.42deg r_shoulder_ori=20.63deg
[TRAIN_ANG] torso=1.948 l_wrist=3.358 r_wrist=3.775 l_elbow=2.977 r_elbow=3.294 l_shoulder=2.569 r_shoulder=2.814
[TRAIN_ACT] l_wrist_r=0.4288 l_wrist_p=1.2575 l_wrist_y=0.9824 r_wrist_r=0.4892 r_wrist_p=0.6310 r_wrist_y=0.6848 l_elbow=0.5998 r_elbow=0.5013
[UPDATE] 431/500 reward_step=0.04565 done_frac=0.00966 mean_reward=3.99818 mean_len=89.05
[FPO++] actor_loss=-0.00429 value_loss=0.07003 ratio=0.9998 [0.902,1.068] clip_frac=0.0940 cfm_old=0.6462 cfm_new=0.6465 kl=0.000108 grad=0.1638 grad_c=0.1840 lr=0.000384 critic_lr=0.000384
[TRAIN] mean_reward=3.99818 mean_len=89.05 recent_eps=100 completed_eps=5833497
[UPDATE_EFFECT] action_delta=0.01187311 param_rms_delta=0.00020315
[TIME] collect=4.739s update=5.816s
[DONE] timeout=0.00037 anchor_pos=0.00012 anchor_ori=0.00134 ee_body=0.22925
[DONE_ROLLOUT] timeout=0.00002 anchor_pos=0.00001 anchor_ori=0.00006 ee_body=0.00959
[FIRST_FAILURE] step_mean=11.68 step_min=0 step_max=23 phase_mean=201.25 phase_min=22 phase_max=324 anchor_pos=0.00012 anchor_ori=0.00134 ee_body=0.22925 timeout=0.00037
[TRACK_CHUNK0] anchor_pos=0.54520 anchor_ori=0.72275 body_pos=0.86142 body_ori=0.47515 body_lin=0.55504 body_ang=0.43609
[TRACK_ROLLOUT] anchor_pos=0.54297 anchor_ori=0.71829 body_pos=0.85949 body_ori=0.47244 body_lin=0.54964 body_ang=0.43306
[TRAIN_COST] action_rate=4.81908 joint_limit=0.00503 undesired_contacts=1.33801
[REWARD_WEIGHTED] pos=0.05891 penalty=-0.01326 total=0.04564 act_rate=-0.00958 contacts=-0.00266
[ACT_GREEDY] abs_mean=0.8276 abs_p95=2.4207 abs_p99=3.2213 abs_max=18.7125 legs=0.8427 waist=0.7286 arms=0.8359
[ACT_ROLLOUT] abs_mean=0.8528 abs_p95=2.4310 abs_p99=3.2627 abs_max=26.0472 abs_max_all=26.0472
[SAMPLER] top_bin=0 top_prob=0.247 peak_bin=4 failed_sum=116.9061 entropy=0.9377
[TRAIN_BODY] torso_ori=10.68deg l_wrist_ori=17.76deg r_wrist_ori=21.32deg l_elbow_ori=15.82deg r_elbow_ori=17.54deg l_shoulder_ori=15.10deg r_shoulder_ori=20.11deg
[TRAIN_ANG] torso=1.919 l_wrist=3.334 r_wrist=3.654 l_elbow=2.960 r_elbow=3.163 l_shoulder=2.514 r_shoulder=2.735
[TRAIN_ACT] l_wrist_r=0.4297 l_wrist_p=1.2288 l_wrist_y=0.9734 r_wrist_r=0.4870 r_wrist_p=0.6210 r_wrist_y=0.6932 l_elbow=0.6035 r_elbow=0.4927
[UPDATE] 432/500 reward_step=0.04568 done_frac=0.01002 mean_reward=4.25232 mean_len=94.06
[FPO++] actor_loss=-0.00200 value_loss=0.07068 ratio=0.9991 [0.846,1.112] clip_frac=0.1390 cfm_old=0.6462 cfm_new=0.6472 kl=0.000145 grad=0.2104 grad_c=0.1796 lr=0.000171 critic_lr=0.000171
[TRAIN] mean_reward=4.25232 mean_len=94.06 recent_eps=100 completed_eps=5835467
[UPDATE_EFFECT] action_delta=0.00493209 param_rms_delta=0.00017023
[TIME] collect=4.755s update=5.813s
[DONE] timeout=0.00012 anchor_pos=0.00000 anchor_ori=0.00220 ee_body=0.23743
[DONE_ROLLOUT] timeout=0.00001 anchor_pos=0.00000 anchor_ori=0.00009 ee_body=0.00995
[FIRST_FAILURE] step_mean=11.04 step_min=0 step_max=23 phase_mean=200.30 phase_min=19 phase_max=324 anchor_pos=0.00000 anchor_ori=0.00220 ee_body=0.23743 timeout=0.00012
[TRACK_CHUNK0] anchor_pos=0.54436 anchor_ori=0.71505 body_pos=0.85808 body_ori=0.47134 body_lin=0.54493 body_ang=0.42970
[TRACK_ROLLOUT] anchor_pos=0.55115 anchor_ori=0.71699 body_pos=0.86054 body_ori=0.47570 body_lin=0.55078 body_ang=0.43184
[TRAIN_COST] action_rate=4.88538 joint_limit=0.00514 undesired_contacts=1.31763
[REWARD_WEIGHTED] pos=0.05906 penalty=-0.01339 total=0.04566 act_rate=-0.00968 contacts=-0.00266
[ACT_GREEDY] abs_mean=0.8244 abs_p95=2.4038 abs_p99=3.2089 abs_max=16.2926 legs=0.8403 waist=0.7269 arms=0.8317
[ACT_ROLLOUT] abs_mean=0.8515 abs_p95=2.4266 abs_p99=3.2544 abs_max=28.5264 abs_max_all=28.5264
[SAMPLER] top_bin=0 top_prob=0.246 peak_bin=4 failed_sum=116.0781 entropy=0.9381
[TRAIN_BODY] torso_ori=10.91deg l_wrist_ori=17.74deg r_wrist_ori=21.71deg l_elbow_ori=16.00deg r_elbow_ori=18.03deg l_shoulder_ori=15.44deg r_shoulder_ori=20.37deg
[TRAIN_ANG] torso=1.952 l_wrist=3.365 r_wrist=3.742 l_elbow=2.988 r_elbow=3.255 l_shoulder=2.589 r_shoulder=2.787
[TRAIN_ACT] l_wrist_r=0.4297 l_wrist_p=1.2342 l_wrist_y=0.9622 r_wrist_r=0.4893 r_wrist_p=0.6092 r_wrist_y=0.6783 l_elbow=0.5974 r_elbow=0.4979
[UPDATE] 433/500 reward_step=0.04601 done_frac=0.00976 mean_reward=4.79221 mean_len=104.77
[FPO++] actor_loss=-0.00317 value_loss=0.07304 ratio=0.9993 [0.591,1.293] clip_frac=0.1051 cfm_old=0.6448 cfm_new=0.6456 kl=0.000108 grad=0.1695 grad_c=0.1950 lr=0.000256 critic_lr=0.000256
[TRAIN] mean_reward=4.79221 mean_len=104.77 recent_eps=100 completed_eps=5837386
[UPDATE_EFFECT] action_delta=0.00613814 param_rms_delta=0.00021666
[TIME] collect=4.750s update=5.805s
[DONE] timeout=0.00012 anchor_pos=0.00000 anchor_ori=0.00195 ee_body=0.23157
[DONE_ROLLOUT] timeout=0.00001 anchor_pos=0.00000 anchor_ori=0.00008 ee_body=0.00969
[FIRST_FAILURE] step_mean=11.27 step_min=0 step_max=23 phase_mean=201.14 phase_min=18 phase_max=324 anchor_pos=0.00000 anchor_ori=0.00195 ee_body=0.23157 timeout=0.00012
[TRACK_CHUNK0] anchor_pos=0.55025 anchor_ori=0.71919 body_pos=0.85946 body_ori=0.47542 body_lin=0.55457 body_ang=0.43591
[TRACK_ROLLOUT] anchor_pos=0.55468 anchor_ori=0.72463 body_pos=0.86043 body_ori=0.47772 body_lin=0.55413 body_ang=0.43444
[TRAIN_COST] action_rate=4.80760 joint_limit=0.00564 undesired_contacts=1.32922
[REWARD_WEIGHTED] pos=0.05933 penalty=-0.01333 total=0.04600 act_rate=-0.00962 contacts=-0.00265
[ACT_GREEDY] abs_mean=0.8342 abs_p95=2.4227 abs_p99=3.2205 abs_max=30.2010 legs=0.8492 waist=0.7313 arms=0.8434
[ACT_ROLLOUT] abs_mean=0.8551 abs_p95=2.4244 abs_p99=3.2526 abs_max=46.0736 abs_max_all=46.0736
[SAMPLER] top_bin=0 top_prob=0.244 peak_bin=4 failed_sum=115.2198 entropy=0.9385
[TRAIN_BODY] torso_ori=10.78deg l_wrist_ori=17.83deg r_wrist_ori=21.54deg l_elbow_ori=15.88deg r_elbow_ori=17.78deg l_shoulder_ori=15.05deg r_shoulder_ori=20.21deg
[TRAIN_ANG] torso=1.944 l_wrist=3.352 r_wrist=3.722 l_elbow=2.957 r_elbow=3.235 l_shoulder=2.558 r_shoulder=2.789
[TRAIN_ACT] l_wrist_r=0.4279 l_wrist_p=1.2449 l_wrist_y=0.9898 r_wrist_r=0.4960 r_wrist_p=0.6246 r_wrist_y=0.7029 l_elbow=0.6051 r_elbow=0.4944
[UPDATE] 434/500 reward_step=0.04576 done_frac=0.00989 mean_reward=5.36427 mean_len=115.13
[FPO++] actor_loss=-0.00242 value_loss=0.07339 ratio=0.9993 [0.874,1.148] clip_frac=0.1429 cfm_old=0.6501 cfm_new=0.6508 kl=0.000149 grad=0.2070 grad_c=0.1884 lr=0.000171 critic_lr=0.000171
[TRAIN] mean_reward=5.36427 mean_len=115.13 recent_eps=100 completed_eps=5839331
[UPDATE_EFFECT] action_delta=0.01394511 param_rms_delta=0.00019873
[TIME] collect=4.787s update=5.813s
[DONE] timeout=0.00012 anchor_pos=0.00012 anchor_ori=0.00208 ee_body=0.23462
[DONE_ROLLOUT] timeout=0.00001 anchor_pos=0.00001 anchor_ori=0.00009 ee_body=0.00982
[FIRST_FAILURE] step_mean=11.77 step_min=0 step_max=23 phase_mean=202.78 phase_min=12 phase_max=324 anchor_pos=0.00012 anchor_ori=0.00208 ee_body=0.23462 timeout=0.00012
[TRACK_CHUNK0] anchor_pos=0.55538 anchor_ori=0.72794 body_pos=0.86059 body_ori=0.47666 body_lin=0.55132 body_ang=0.43195
[TRACK_ROLLOUT] anchor_pos=0.55488 anchor_ori=0.72581 body_pos=0.85906 body_ori=0.47363 body_lin=0.54781 body_ang=0.42972
[TRAIN_COST] action_rate=4.73107 joint_limit=0.00522 undesired_contacts=1.32239
[REWARD_WEIGHTED] pos=0.05901 penalty=-0.01328 total=0.04574 act_rate=-0.00967 contacts=-0.00260
[ACT_GREEDY] abs_mean=0.8277 abs_p95=2.3954 abs_p99=3.1885 abs_max=9.7154 legs=0.8402 waist=0.7216 arms=0.8397
[ACT_ROLLOUT] abs_mean=0.8553 abs_p95=2.4213 abs_p99=3.2463 abs_max=30.7600 abs_max_all=30.7600
[SAMPLER] top_bin=0 top_prob=0.243 peak_bin=4 failed_sum=114.4086 entropy=0.9390
[TRAIN_BODY] torso_ori=10.53deg l_wrist_ori=17.93deg r_wrist_ori=21.50deg l_elbow_ori=15.78deg r_elbow_ori=17.77deg l_shoulder_ori=14.92deg r_shoulder_ori=20.24deg
[TRAIN_ANG] torso=1.941 l_wrist=3.348 r_wrist=3.677 l_elbow=2.965 r_elbow=3.219 l_shoulder=2.545 r_shoulder=2.787
[TRAIN_ACT] l_wrist_r=0.4277 l_wrist_p=1.2367 l_wrist_y=1.0075 r_wrist_r=0.4944 r_wrist_p=0.6213 r_wrist_y=0.7151 l_elbow=0.6006 r_elbow=0.4913
[UPDATE] 435/500 reward_step=0.04622 done_frac=0.00959 mean_reward=4.76545 mean_len=103.46
[FPO++] actor_loss=-0.00125 value_loss=0.07250 ratio=0.9989 [0.919,1.112] clip_frac=0.1329 cfm_old=0.6436 cfm_new=0.6447 kl=0.000114 grad=0.1905 grad_c=0.1955 lr=0.000256 critic_lr=0.000256
[TRAIN] mean_reward=4.76545 mean_len=103.46 recent_eps=100 completed_eps=5841216
[UPDATE_EFFECT] action_delta=0.00852710 param_rms_delta=0.00020526
[TIME] collect=4.651s update=5.815s
[DONE] timeout=0.00049 anchor_pos=0.00012 anchor_ori=0.00134 ee_body=0.22668
[DONE_ROLLOUT] timeout=0.00002 anchor_pos=0.00001 anchor_ori=0.00006 ee_body=0.00952
[FIRST_FAILURE] step_mean=11.51 step_min=0 step_max=23 phase_mean=200.29 phase_min=20 phase_max=324 anchor_pos=0.00012 anchor_ori=0.00134 ee_body=0.22668 timeout=0.00049
[TRACK_CHUNK0] anchor_pos=0.55969 anchor_ori=0.72808 body_pos=0.86249 body_ori=0.47967 body_lin=0.54952 body_ang=0.43122
[TRACK_ROLLOUT] anchor_pos=0.55841 anchor_ori=0.72763 body_pos=0.86248 body_ori=0.47993 body_lin=0.55214 body_ang=0.43280
[TRAIN_COST] action_rate=4.85684 joint_limit=0.00467 undesired_contacts=1.31091
[REWARD_WEIGHTED] pos=0.05941 penalty=-0.01322 total=0.04619 act_rate=-0.00959 contacts=-0.00263
[ACT_GREEDY] abs_mean=0.8284 abs_p95=2.4030 abs_p99=3.1884 abs_max=12.5169 legs=0.8408 waist=0.7212 arms=0.8407
[ACT_ROLLOUT] abs_mean=0.8527 abs_p95=2.4168 abs_p99=3.2329 abs_max=28.3363 abs_max_all=28.3363
[SAMPLER] top_bin=0 top_prob=0.242 peak_bin=4 failed_sum=113.5538 entropy=0.9394
[TRAIN_BODY] torso_ori=10.56deg l_wrist_ori=17.83deg r_wrist_ori=21.61deg l_elbow_ori=15.77deg r_elbow_ori=17.72deg l_shoulder_ori=14.88deg r_shoulder_ori=19.91deg
[TRAIN_ANG] torso=1.911 l_wrist=3.341 r_wrist=3.700 l_elbow=2.965 r_elbow=3.214 l_shoulder=2.564 r_shoulder=2.769
[TRAIN_ACT] l_wrist_r=0.4190 l_wrist_p=1.2547 l_wrist_y=0.9984 r_wrist_r=0.4958 r_wrist_p=0.6139 r_wrist_y=0.7204 l_elbow=0.5904 r_elbow=0.4926
[UPDATE] 436/500 reward_step=0.04650 done_frac=0.00930 mean_reward=4.24573 mean_len=92.51
[FPO++] actor_loss=-0.00289 value_loss=0.07337 ratio=0.9992 [0.919,1.091] clip_frac=0.1317 cfm_old=0.6423 cfm_new=0.6431 kl=0.000114 grad=0.1871 grad_c=0.2618 lr=0.000384 critic_lr=0.000384
[TRAIN] mean_reward=4.24573 mean_len=92.51 recent_eps=100 completed_eps=5843045
[UPDATE_EFFECT] action_delta=0.00739361 param_rms_delta=0.00024287
[TIME] collect=4.668s update=5.809s
[DONE] timeout=0.00024 anchor_pos=0.00012 anchor_ori=0.00208 ee_body=0.22034
[DONE_ROLLOUT] timeout=0.00001 anchor_pos=0.00001 anchor_ori=0.00009 ee_body=0.00921
[FIRST_FAILURE] step_mean=11.29 step_min=0 step_max=23 phase_mean=201.52 phase_min=22 phase_max=324 anchor_pos=0.00012 anchor_ori=0.00208 ee_body=0.22034 timeout=0.00024
[TRACK_CHUNK0] anchor_pos=0.55878 anchor_ori=0.73024 body_pos=0.86315 body_ori=0.48269 body_lin=0.55930 body_ang=0.43737
[TRACK_ROLLOUT] anchor_pos=0.55869 anchor_ori=0.72891 body_pos=0.86113 body_ori=0.48008 body_lin=0.55727 body_ang=0.43711
[TRAIN_COST] action_rate=4.76078 joint_limit=0.00504 undesired_contacts=1.31897
[REWARD_WEIGHTED] pos=0.05959 penalty=-0.01310 total=0.04648 act_rate=-0.00951 contacts=-0.00263
[ACT_GREEDY] abs_mean=0.8308 abs_p95=2.4098 abs_p99=3.1991 abs_max=16.3218 legs=0.8446 waist=0.7218 arms=0.8423
[ACT_ROLLOUT] abs_mean=0.8562 abs_p95=2.4235 abs_p99=3.2365 abs_max=20.2840 abs_max_all=20.2840
[SAMPLER] top_bin=0 top_prob=0.241 peak_bin=4 failed_sum=112.6655 entropy=0.9398
[TRAIN_BODY] torso_ori=10.45deg l_wrist_ori=17.83deg r_wrist_ori=21.43deg l_elbow_ori=15.64deg r_elbow_ori=17.40deg l_shoulder_ori=14.69deg r_shoulder_ori=19.66deg
[TRAIN_ANG] torso=1.928 l_wrist=3.320 r_wrist=3.642 l_elbow=2.953 r_elbow=3.150 l_shoulder=2.510 r_shoulder=2.719
[TRAIN_ACT] l_wrist_r=0.4115 l_wrist_p=1.2566 l_wrist_y=0.9995 r_wrist_r=0.4956 r_wrist_p=0.6047 r_wrist_y=0.7200 l_elbow=0.5976 r_elbow=0.4967
[UPDATE] 437/500 reward_step=0.04590 done_frac=0.00979 mean_reward=4.57673 mean_len=100.92
[FPO++] actor_loss=-0.00266 value_loss=0.07375 ratio=0.9989 [0.908,1.113] clip_frac=0.1448 cfm_old=0.6468 cfm_new=0.6479 kl=0.000125 grad=0.2057 grad_c=0.2333 lr=0.000384 critic_lr=0.000384
[TRAIN] mean_reward=4.57673 mean_len=100.92 recent_eps=100 completed_eps=5844970
[UPDATE_EFFECT] action_delta=0.00990194 param_rms_delta=0.00024337
[TIME] collect=4.718s update=5.816s
[DONE] timeout=0.00012 anchor_pos=0.00000 anchor_ori=0.00159 ee_body=0.23242
[DONE_ROLLOUT] timeout=0.00001 anchor_pos=0.00000 anchor_ori=0.00007 ee_body=0.00972
[FIRST_FAILURE] step_mean=11.26 step_min=0 step_max=23 phase_mean=200.15 phase_min=18 phase_max=324 anchor_pos=0.00000 anchor_ori=0.00159 ee_body=0.23242 timeout=0.00012
[TRACK_CHUNK0] anchor_pos=0.55337 anchor_ori=0.72646 body_pos=0.85801 body_ori=0.47501 body_lin=0.55015 body_ang=0.43378
[TRACK_ROLLOUT] anchor_pos=0.55586 anchor_ori=0.72584 body_pos=0.86000 body_ori=0.47681 body_lin=0.54854 body_ang=0.43042
[TRAIN_COST] action_rate=4.72598 joint_limit=0.00483 undesired_contacts=1.30322
[REWARD_WEIGHTED] pos=0.05913 penalty=-0.01325 total=0.04589 act_rate=-0.00964 contacts=-0.00260
[ACT_GREEDY] abs_mean=0.8342 abs_p95=2.4120 abs_p99=3.2006 abs_max=22.5449 legs=0.8427 waist=0.7255 arms=0.8503
[ACT_ROLLOUT] abs_mean=0.8546 abs_p95=2.4174 abs_p99=3.2330 abs_max=38.7828 abs_max_all=38.7828
[SAMPLER] top_bin=0 top_prob=0.240 peak_bin=4 failed_sum=111.8941 entropy=0.9401
[TRAIN_BODY] torso_ori=10.59deg l_wrist_ori=18.04deg r_wrist_ori=21.79deg l_elbow_ori=15.66deg r_elbow_ori=17.73deg l_shoulder_ori=14.79deg r_shoulder_ori=20.02deg
[TRAIN_ANG] torso=1.933 l_wrist=3.340 r_wrist=3.700 l_elbow=2.952 r_elbow=3.228 l_shoulder=2.540 r_shoulder=2.760
[TRAIN_ACT] l_wrist_r=0.4196 l_wrist_p=1.2715 l_wrist_y=1.0049 r_wrist_r=0.4894 r_wrist_p=0.6189 r_wrist_y=0.7482 l_elbow=0.6033 r_elbow=0.4977
[UPDATE] 438/500 reward_step=0.04599 done_frac=0.00930 mean_reward=5.15412 mean_len=113.66
[FPO++] actor_loss=-0.00209 value_loss=0.07307 ratio=0.9989 [0.730,1.372] clip_frac=0.1088 cfm_old=0.6425 cfm_new=0.6436 kl=0.000105 grad=0.1702 grad_c=0.3096 lr=0.000384 critic_lr=0.000384
[TRAIN] mean_reward=5.15412 mean_len=113.66 recent_eps=100 completed_eps=5846798
[UPDATE_EFFECT] action_delta=0.00677285 param_rms_delta=0.00025404
[TIME] collect=4.688s update=5.814s
[DONE] timeout=0.00037 anchor_pos=0.00000 anchor_ori=0.00208 ee_body=0.21997
[DONE_ROLLOUT] timeout=0.00002 anchor_pos=0.00000 anchor_ori=0.00009 ee_body=0.00922
[FIRST_FAILURE] step_mean=11.26 step_min=0 step_max=23 phase_mean=203.82 phase_min=22 phase_max=324 anchor_pos=0.00000 anchor_ori=0.00208 ee_body=0.21997 timeout=0.00037
[TRACK_CHUNK0] anchor_pos=0.55509 anchor_ori=0.72239 body_pos=0.86093 body_ori=0.47674 body_lin=0.54823 body_ang=0.42950
[TRACK_ROLLOUT] anchor_pos=0.55386 anchor_ori=0.72096 body_pos=0.86076 body_ori=0.47807 body_lin=0.55362 body_ang=0.43356
[TRAIN_COST] action_rate=4.83503 joint_limit=0.00489 undesired_contacts=1.29736
[REWARD_WEIGHTED] pos=0.05927 penalty=-0.01331 total=0.04596 act_rate=-0.00964 contacts=-0.00262
[ACT_GREEDY] abs_mean=0.8304 abs_p95=2.4044 abs_p99=3.1899 abs_max=6.9972 legs=0.8390 waist=0.7232 arms=0.8459
[ACT_ROLLOUT] abs_mean=0.8541 abs_p95=2.4233 abs_p99=3.2345 abs_max=35.9211 abs_max_all=35.9211
[SAMPLER] top_bin=0 top_prob=0.239 peak_bin=4 failed_sum=111.0431 entropy=0.9406
[TRAIN_BODY] torso_ori=10.72deg l_wrist_ori=17.97deg r_wrist_ori=21.73deg l_elbow_ori=15.83deg r_elbow_ori=17.77deg l_shoulder_ori=14.99deg r_shoulder_ori=19.94deg
[TRAIN_ANG] torso=1.941 l_wrist=3.400 r_wrist=3.710 l_elbow=3.008 r_elbow=3.224 l_shoulder=2.572 r_shoulder=2.786
[TRAIN_ACT] l_wrist_r=0.4182 l_wrist_p=1.2730 l_wrist_y=0.9966 r_wrist_r=0.4885 r_wrist_p=0.6234 r_wrist_y=0.7385 l_elbow=0.5976 r_elbow=0.4942
[UPDATE] 439/500 reward_step=0.04575 done_frac=0.00944 mean_reward=4.07712 mean_len=90.08
[FPO++] actor_loss=-0.00379 value_loss=0.07273 ratio=0.9986 [0.865,1.172] clip_frac=0.1671 cfm_old=0.6438 cfm_new=0.6452 kl=0.000112 grad=0.2773 grad_c=0.4758 lr=0.000256 critic_lr=0.000256
[TRAIN] mean_reward=4.07712 mean_len=90.08 recent_eps=100 completed_eps=5848653
[UPDATE_EFFECT] action_delta=0.00765073 param_rms_delta=0.00020981
[TIME] collect=4.713s update=5.812s
[DONE] timeout=0.00024 anchor_pos=0.00000 anchor_ori=0.00220 ee_body=0.22339
[DONE_ROLLOUT] timeout=0.00001 anchor_pos=0.00000 anchor_ori=0.00009 ee_body=0.00934
[FIRST_FAILURE] step_mean=11.73 step_min=0 step_max=23 phase_mean=201.48 phase_min=11 phase_max=324 anchor_pos=0.00000 anchor_ori=0.00220 ee_body=0.22339 timeout=0.00024
[TRACK_CHUNK0] anchor_pos=0.55422 anchor_ori=0.71934 body_pos=0.86128 body_ori=0.47956 body_lin=0.55849 body_ang=0.43739
[TRACK_ROLLOUT] anchor_pos=0.55121 anchor_ori=0.71492 body_pos=0.85944 body_ori=0.47675 body_lin=0.55355 body_ang=0.43438
[TRAIN_COST] action_rate=4.79233 joint_limit=0.00535 undesired_contacts=1.34265
[REWARD_WEIGHTED] pos=0.05914 penalty=-0.01340 total=0.04574 act_rate=-0.00963 contacts=-0.00268
[ACT_GREEDY] abs_mean=0.8329 abs_p95=2.4224 abs_p99=3.2107 abs_max=12.6041 legs=0.8470 waist=0.7114 arms=0.8469
[ACT_ROLLOUT] abs_mean=0.8541 abs_p95=2.4216 abs_p99=3.2315 abs_max=22.6539 abs_max_all=22.6539
[SAMPLER] top_bin=0 top_prob=0.238 peak_bin=4 failed_sum=110.2409 entropy=0.9409
[TRAIN_BODY] torso_ori=10.78deg l_wrist_ori=17.84deg r_wrist_ori=21.43deg l_elbow_ori=15.83deg r_elbow_ori=17.63deg l_shoulder_ori=15.05deg r_shoulder_ori=19.77deg
[TRAIN_ANG] torso=1.917 l_wrist=3.321 r_wrist=3.643 l_elbow=2.951 r_elbow=3.173 l_shoulder=2.527 r_shoulder=2.730
[TRAIN_ACT] l_wrist_r=0.4220 l_wrist_p=1.2651 l_wrist_y=0.9803 r_wrist_r=0.4779 r_wrist_p=0.6122 r_wrist_y=0.7394 l_elbow=0.5908 r_elbow=0.4963
[UPDATE] 440/500 reward_step=0.04567 done_frac=0.00851 mean_reward=4.64022 mean_len=103.20
[FPO++] actor_loss=-0.00348 value_loss=0.08271 ratio=0.9992 [0.888,1.091] clip_frac=0.1271 cfm_old=0.6417 cfm_new=0.6425 kl=0.000118 grad=0.1963 grad_c=0.6971 lr=0.000256 critic_lr=0.000256
[TRAIN] mean_reward=4.64022 mean_len=103.20 recent_eps=100 completed_eps=5850327
[UPDATE_EFFECT] action_delta=0.00733020 param_rms_delta=0.00018410
[TIME] collect=4.722s update=5.816s
[DONE] timeout=0.00098 anchor_pos=0.00000 anchor_ori=0.00134 ee_body=0.20166
[DONE_ROLLOUT] timeout=0.00004 anchor_pos=0.00000 anchor_ori=0.00006 ee_body=0.00843
[FIRST_FAILURE] step_mean=11.37 step_min=0 step_max=23 phase_mean=202.02 phase_min=17 phase_max=324 anchor_pos=0.00000 anchor_ori=0.00134 ee_body=0.20166 timeout=0.00098
[TRACK_CHUNK0] anchor_pos=0.55634 anchor_ori=0.71469 body_pos=0.86362 body_ori=0.48323 body_lin=0.55384 body_ang=0.43456
[TRACK_ROLLOUT] anchor_pos=0.55070 anchor_ori=0.70880 body_pos=0.86220 body_ori=0.47909 body_lin=0.55457 body_ang=0.43447
[TRAIN_COST] action_rate=4.84509 joint_limit=0.00538 undesired_contacts=1.35376
[REWARD_WEIGHTED] pos=0.05920 penalty=-0.01360 total=0.04560 act_rate=-0.00970 contacts=-0.00272
[ACT_GREEDY] abs_mean=0.8306 abs_p95=2.4249 abs_p99=3.2107 abs_max=23.6050 legs=0.8443 waist=0.7074 arms=0.8452
[ACT_ROLLOUT] abs_mean=0.8566 abs_p95=2.4350 abs_p99=3.2557 abs_max=25.6333 abs_max_all=25.6333
[SAMPLER] top_bin=0 top_prob=0.237 peak_bin=4 failed_sum=109.2721 entropy=0.9412
[TRAIN_BODY] torso_ori=10.97deg l_wrist_ori=18.02deg r_wrist_ori=21.46deg l_elbow_ori=15.91deg r_elbow_ori=17.56deg l_shoulder_ori=15.06deg r_shoulder_ori=19.41deg
[TRAIN_ANG] torso=1.918 l_wrist=3.350 r_wrist=3.690 l_elbow=2.974 r_elbow=3.202 l_shoulder=2.548 r_shoulder=2.748
[TRAIN_ACT] l_wrist_r=0.4156 l_wrist_p=1.2683 l_wrist_y=0.9709 r_wrist_r=0.4846 r_wrist_p=0.6106 r_wrist_y=0.7366 l_elbow=0.5921 r_elbow=0.4928
[UPDATE] 441/500 reward_step=0.04555 done_frac=0.00842 mean_reward=4.76369 mean_len=102.59
[FPO++] actor_loss=-0.00342 value_loss=0.08028 ratio=0.9990 [0.906,1.106] clip_frac=0.1474 cfm_old=0.6411 cfm_new=0.6421 kl=0.000130 grad=0.2020 grad_c=0.3390 lr=0.000256 critic_lr=0.000256
[TRAIN] mean_reward=4.76369 mean_len=102.59 recent_eps=100 completed_eps=5851983
[UPDATE_EFFECT] action_delta=0.00544213 param_rms_delta=0.00018642
[TIME] collect=4.562s update=5.805s
[DONE] timeout=0.00024 anchor_pos=0.00000 anchor_ori=0.00098 ee_body=0.20007
[DONE_ROLLOUT] timeout=0.00001 anchor_pos=0.00000 anchor_ori=0.00004 ee_body=0.00838
[FIRST_FAILURE] step_mean=11.51 step_min=0 step_max=23 phase_mean=202.43 phase_min=21 phase_max=324 anchor_pos=0.00000 anchor_ori=0.00098 ee_body=0.20007 timeout=0.00024
[TRACK_CHUNK0] anchor_pos=0.54719 anchor_ori=0.70146 body_pos=0.86135 body_ori=0.47774 body_lin=0.55763 body_ang=0.43421
[TRACK_ROLLOUT] anchor_pos=0.54463 anchor_ori=0.70415 body_pos=0.86159 body_ori=0.47738 body_lin=0.56073 body_ang=0.43904
[TRAIN_COST] action_rate=4.87886 joint_limit=0.00636 undesired_contacts=1.37231
[REWARD_WEIGHTED] pos=0.05926 penalty=-0.01374 total=0.04552 act_rate=-0.00968 contacts=-0.00278
[ACT_GREEDY] abs_mean=0.8351 abs_p95=2.4308 abs_p99=3.2364 abs_max=25.3024 legs=0.8486 waist=0.7100 arms=0.8503
[ACT_ROLLOUT] abs_mean=0.8563 abs_p95=2.4318 abs_p99=3.2583 abs_max=28.0674 abs_max_all=28.0674
[SAMPLER] top_bin=0 top_prob=0.236 peak_bin=4 failed_sum=108.3148 entropy=0.9415
[TRAIN_BODY] torso_ori=11.41deg l_wrist_ori=18.20deg r_wrist_ori=21.89deg l_elbow_ori=16.05deg r_elbow_ori=17.87deg l_shoulder_ori=15.27deg r_shoulder_ori=19.43deg
[TRAIN_ANG] torso=1.945 l_wrist=3.381 r_wrist=3.687 l_elbow=3.009 r_elbow=3.206 l_shoulder=2.525 r_shoulder=2.737
[TRAIN_ACT] l_wrist_r=0.4291 l_wrist_p=1.2802 l_wrist_y=0.9814 r_wrist_r=0.4927 r_wrist_p=0.5999 r_wrist_y=0.7473 l_elbow=0.5979 r_elbow=0.4905
[UPDATE] 442/500 reward_step=0.04545 done_frac=0.00832 mean_reward=5.23190 mean_len=114.82
[FPO++] actor_loss=-0.00248 value_loss=0.07843 ratio=0.9988 [0.820,1.167] clip_frac=0.1289 cfm_old=0.6417 cfm_new=0.6429 kl=0.000110 grad=0.1821 grad_c=0.4791 lr=0.000384 critic_lr=0.000384
[TRAIN] mean_reward=5.23190 mean_len=114.82 recent_eps=100 completed_eps=5853618
[UPDATE_EFFECT] action_delta=0.00699127 param_rms_delta=0.00025014
[TIME] collect=4.692s update=5.819s
[DONE] timeout=0.00049 anchor_pos=0.00000 anchor_ori=0.00122 ee_body=0.19739
[DONE_ROLLOUT] timeout=0.00002 anchor_pos=0.00000 anchor_ori=0.00005 ee_body=0.00826
[FIRST_FAILURE] step_mean=11.79 step_min=0 step_max=23 phase_mean=205.56 phase_min=15 phase_max=324 anchor_pos=0.00000 anchor_ori=0.00122 ee_body=0.19739 timeout=0.00049
[TRACK_CHUNK0] anchor_pos=0.54252 anchor_ori=0.70369 body_pos=0.86286 body_ori=0.47883 body_lin=0.56245 body_ang=0.44185
[TRACK_ROLLOUT] anchor_pos=0.53977 anchor_ori=0.70486 body_pos=0.86230 body_ori=0.47728 body_lin=0.55854 body_ang=0.43767
[TRAIN_COST] action_rate=4.88638 joint_limit=0.00635 undesired_contacts=1.38879
[REWARD_WEIGHTED] pos=0.05916 penalty=-0.01377 total=0.04540 act_rate=-0.00968 contacts=-0.00280
[ACT_GREEDY] abs_mean=0.8319 abs_p95=2.4219 abs_p99=3.2181 abs_max=16.0443 legs=0.8521 waist=0.7004 arms=0.8428
[ACT_ROLLOUT] abs_mean=0.8560 abs_p95=2.4350 abs_p99=3.2523 abs_max=23.8008 abs_max_all=23.8008
[SAMPLER] top_bin=0 top_prob=0.235 peak_bin=4 failed_sum=107.3579 entropy=0.9417
[TRAIN_BODY] torso_ori=11.24deg l_wrist_ori=18.22deg r_wrist_ori=21.55deg l_elbow_ori=15.98deg r_elbow_ori=17.54deg l_shoulder_ori=15.03deg r_shoulder_ori=19.14deg
[TRAIN_ANG] torso=1.906 l_wrist=3.344 r_wrist=3.630 l_elbow=2.975 r_elbow=3.134 l_shoulder=2.521 r_shoulder=2.687
[TRAIN_ACT] l_wrist_r=0.4230 l_wrist_p=1.2595 l_wrist_y=0.9556 r_wrist_r=0.4794 r_wrist_p=0.6014 r_wrist_y=0.7512 l_elbow=0.5936 r_elbow=0.4890
[UPDATE] 443/500 reward_step=0.04564 done_frac=0.00799 mean_reward=4.90472 mean_len=109.75
[FPO++] actor_loss=-0.00271 value_loss=0.08569 ratio=0.9991 [0.873,1.116] clip_frac=0.1290 cfm_old=0.6391 cfm_new=0.6400 kl=0.000111 grad=0.1933 grad_c=0.3445 lr=0.000256 critic_lr=0.000256
[TRAIN] mean_reward=4.90472 mean_len=109.75 recent_eps=100 completed_eps=5855189
[UPDATE_EFFECT] action_delta=0.00655777 param_rms_delta=0.00027688
[TIME] collect=4.628s update=5.814s
[DONE] timeout=0.00037 anchor_pos=0.00000 anchor_ori=0.00110 ee_body=0.18994
[DONE_ROLLOUT] timeout=0.00002 anchor_pos=0.00000 anchor_ori=0.00005 ee_body=0.00794
[FIRST_FAILURE] step_mean=11.40 step_min=0 step_max=23 phase_mean=205.21 phase_min=18 phase_max=324 anchor_pos=0.00000 anchor_ori=0.00110 ee_body=0.18994 timeout=0.00037
[TRACK_CHUNK0] anchor_pos=0.54507 anchor_ori=0.70749 body_pos=0.86354 body_ori=0.47919 body_lin=0.56006 body_ang=0.43724
[TRACK_ROLLOUT] anchor_pos=0.54715 anchor_ori=0.70401 body_pos=0.86352 body_ori=0.48031 body_lin=0.56277 body_ang=0.43901
[TRAIN_COST] action_rate=4.85840 joint_limit=0.00637 undesired_contacts=1.42249
[REWARD_WEIGHTED] pos=0.05942 penalty=-0.01383 total=0.04559 act_rate=-0.00971 contacts=-0.00286
[ACT_GREEDY] abs_mean=0.8305 abs_p95=2.4284 abs_p99=3.2150 abs_max=10.6255 legs=0.8505 waist=0.7024 arms=0.8409
[ACT_ROLLOUT] abs_mean=0.8570 abs_p95=2.4364 abs_p99=3.2552 abs_max=16.9863 abs_max_all=16.9863
[SAMPLER] top_bin=0 top_prob=0.234 peak_bin=4 failed_sum=106.3607 entropy=0.9420
[TRAIN_BODY] torso_ori=11.19deg l_wrist_ori=18.13deg r_wrist_ori=21.56deg l_elbow_ori=16.26deg r_elbow_ori=17.63deg l_shoulder_ori=15.14deg r_shoulder_ori=19.16deg
[TRAIN_ANG] torso=1.910 l_wrist=3.393 r_wrist=3.695 l_elbow=3.004 r_elbow=3.197 l_shoulder=2.536 r_shoulder=2.699
[TRAIN_ACT] l_wrist_r=0.4263 l_wrist_p=1.2635 l_wrist_y=0.9564 r_wrist_r=0.4765 r_wrist_p=0.6005 r_wrist_y=0.7575 l_elbow=0.5895 r_elbow=0.4812
[UPDATE] 444/500 reward_step=0.04566 done_frac=0.00798 mean_reward=5.44567 mean_len=117.18
[FPO++] actor_loss=-0.00352 value_loss=0.08446 ratio=0.9991 [0.862,1.198] clip_frac=0.1402 cfm_old=0.6417 cfm_new=0.6426 kl=0.000120 grad=0.2138 grad_c=0.3085 lr=0.000256 critic_lr=0.000256
[TRAIN] mean_reward=5.44567 mean_len=117.18 recent_eps=100 completed_eps=5856757
[UPDATE_EFFECT] action_delta=0.00961895 param_rms_delta=0.00020967
[TIME] collect=4.600s update=5.817s
[DONE] timeout=0.00037 anchor_pos=0.00000 anchor_ori=0.00195 ee_body=0.18945
[DONE_ROLLOUT] timeout=0.00002 anchor_pos=0.00000 anchor_ori=0.00008 ee_body=0.00791
[FIRST_FAILURE] step_mean=11.72 step_min=0 step_max=23 phase_mean=206.73 phase_min=15 phase_max=324 anchor_pos=0.00000 anchor_ori=0.00195 ee_body=0.18945 timeout=0.00037
[TRACK_CHUNK0] anchor_pos=0.54873 anchor_ori=0.70485 body_pos=0.86351 body_ori=0.48093 body_lin=0.56689 body_ang=0.44490
[TRACK_ROLLOUT] anchor_pos=0.54660 anchor_ori=0.70781 body_pos=0.86324 body_ori=0.47829 body_lin=0.56180 body_ang=0.43941
[TRAIN_COST] action_rate=4.76124 joint_limit=0.00622 undesired_contacts=1.44971
[REWARD_WEIGHTED] pos=0.05940 penalty=-0.01378 total=0.04562 act_rate=-0.00965 contacts=-0.00284
[ACT_GREEDY] abs_mean=0.8298 abs_p95=2.4094 abs_p99=3.1963 abs_max=17.8340 legs=0.8504 waist=0.7086 arms=0.8381
[ACT_ROLLOUT] abs_mean=0.8563 abs_p95=2.4291 abs_p99=3.2474 abs_max=45.9429 abs_max_all=45.9429
[SAMPLER] top_bin=0 top_prob=0.233 peak_bin=4 failed_sum=105.3848 entropy=0.9423
[TRAIN_BODY] torso_ori=11.28deg l_wrist_ori=18.10deg r_wrist_ori=21.64deg l_elbow_ori=16.01deg r_elbow_ori=17.56deg l_shoulder_ori=14.87deg r_shoulder_ori=19.05deg
[TRAIN_ANG] torso=1.892 l_wrist=3.350 r_wrist=3.641 l_elbow=2.939 r_elbow=3.144 l_shoulder=2.494 r_shoulder=2.668
[TRAIN_ACT] l_wrist_r=0.4237 l_wrist_p=1.2559 l_wrist_y=0.9245 r_wrist_r=0.4774 r_wrist_p=0.5949 r_wrist_y=0.7709 l_elbow=0.5964 r_elbow=0.4847
[UPDATE] 445/500 reward_step=0.04584 done_frac=0.00801 mean_reward=6.03086 mean_len=131.15
[FPO++] actor_loss=-0.00280 value_loss=0.08338 ratio=0.9991 [0.859,1.170] clip_frac=0.1476 cfm_old=0.6395 cfm_new=0.6404 kl=0.000101 grad=0.2337 grad_c=0.2740 lr=0.000384 critic_lr=0.000384
[TRAIN] mean_reward=6.03086 mean_len=131.15 recent_eps=100 completed_eps=5858332
[UPDATE_EFFECT] action_delta=0.00614108 param_rms_delta=0.00025346
[TIME] collect=4.556s update=5.815s
[DONE] timeout=0.00085 anchor_pos=0.00000 anchor_ori=0.00098 ee_body=0.18994
[DONE_ROLLOUT] timeout=0.00004 anchor_pos=0.00000 anchor_ori=0.00004 ee_body=0.00794
[FIRST_FAILURE] step_mean=11.29 step_min=0 step_max=23 phase_mean=207.99 phase_min=20 phase_max=324 anchor_pos=0.00000 anchor_ori=0.00098 ee_body=0.18994 timeout=0.00085
[TRACK_CHUNK0] anchor_pos=0.54688 anchor_ori=0.70921 body_pos=0.86386 body_ori=0.47814 body_lin=0.55777 body_ang=0.43690
[TRACK_ROLLOUT] anchor_pos=0.54627 anchor_ori=0.71063 body_pos=0.86406 body_ori=0.48096 body_lin=0.56103 body_ang=0.43875
[TRAIN_COST] action_rate=4.83750 joint_limit=0.00645 undesired_contacts=1.41516
[REWARD_WEIGHTED] pos=0.05947 penalty=-0.01368 total=0.04578 act_rate=-0.00964 contacts=-0.00280
[ACT_GREEDY] abs_mean=0.8281 abs_p95=2.4105 abs_p99=3.1960 abs_max=7.5159 legs=0.8424 waist=0.7101 arms=0.8411
[ACT_ROLLOUT] abs_mean=0.8502 abs_p95=2.4162 abs_p99=3.2260 abs_max=15.5117 abs_max_all=15.5117
[SAMPLER] top_bin=0 top_prob=0.232 peak_bin=5 failed_sum=104.4342 entropy=0.9425
[TRAIN_BODY] torso_ori=11.13deg l_wrist_ori=18.56deg r_wrist_ori=21.42deg l_elbow_ori=16.43deg r_elbow_ori=17.60deg l_shoulder_ori=15.21deg r_shoulder_ori=18.86deg
[TRAIN_ANG] torso=1.921 l_wrist=3.365 r_wrist=3.691 l_elbow=2.972 r_elbow=3.209 l_shoulder=2.545 r_shoulder=2.732
[TRAIN_ACT] l_wrist_r=0.4306 l_wrist_p=1.2716 l_wrist_y=0.9446 r_wrist_r=0.4806 r_wrist_p=0.5923 r_wrist_y=0.7629 l_elbow=0.5937 r_elbow=0.4828
[UPDATE] 446/500 reward_step=0.04564 done_frac=0.00828 mean_reward=5.70544 mean_len=125.24
[FPO++] actor_loss=-0.00251 value_loss=0.08944 ratio=0.9993 [0.674,1.334] clip_frac=0.1139 cfm_old=0.6441 cfm_new=0.6448 kl=0.000098 grad=0.1744 grad_c=0.2789 lr=0.000384 critic_lr=0.000384
[TRAIN] mean_reward=5.70544 mean_len=125.24 recent_eps=100 completed_eps=5859960
[UPDATE_EFFECT] action_delta=0.00661321 param_rms_delta=0.00025816
[TIME] collect=4.632s update=5.815s
[DONE] timeout=0.00085 anchor_pos=0.00024 anchor_ori=0.00208 ee_body=0.19507
[DONE_ROLLOUT] timeout=0.00004 anchor_pos=0.00001 anchor_ori=0.00009 ee_body=0.00817
[FIRST_FAILURE] step_mean=11.50 step_min=0 step_max=23 phase_mean=204.04 phase_min=23 phase_max=324 anchor_pos=0.00024 anchor_ori=0.00208 ee_body=0.19507 timeout=0.00085
[TRACK_CHUNK0] anchor_pos=0.54448 anchor_ori=0.71015 body_pos=0.86226 body_ori=0.47981 body_lin=0.55790 body_ang=0.43423
[TRACK_ROLLOUT] anchor_pos=0.54722 anchor_ori=0.71072 body_pos=0.86206 body_ori=0.48038 body_lin=0.55530 body_ang=0.43520
[TRAIN_COST] action_rate=4.82450 joint_limit=0.00619 undesired_contacts=1.38367
[REWARD_WEIGHTED] pos=0.05924 penalty=-0.01366 total=0.04557 act_rate=-0.00966 contacts=-0.00279
[ACT_GREEDY] abs_mean=0.8263 abs_p95=2.4108 abs_p99=3.1885 abs_max=11.2561 legs=0.8421 waist=0.6999 arms=0.8399
[ACT_ROLLOUT] abs_mean=0.8554 abs_p95=2.4237 abs_p99=3.2434 abs_max=37.5413 abs_max_all=37.5413
[SAMPLER] top_bin=0 top_prob=0.232 peak_bin=5 failed_sum=103.5590 entropy=0.9427
[TRAIN_BODY] torso_ori=11.13deg l_wrist_ori=18.48deg r_wrist_ori=21.50deg l_elbow_ori=16.18deg r_elbow_ori=17.59deg l_shoulder_ori=14.98deg r_shoulder_ori=19.08deg
[TRAIN_ANG] torso=1.920 l_wrist=3.390 r_wrist=3.706 l_elbow=3.012 r_elbow=3.234 l_shoulder=2.564 r_shoulder=2.760
[TRAIN_ACT] l_wrist_r=0.4331 l_wrist_p=1.2648 l_wrist_y=0.9355 r_wrist_r=0.4807 r_wrist_p=0.6083 r_wrist_y=0.7862 l_elbow=0.5776 r_elbow=0.4793
[UPDATE] 447/500 reward_step=0.04596 done_frac=0.00833 mean_reward=6.19640 mean_len=135.50
[FPO++] actor_loss=-0.00381 value_loss=0.08524 ratio=0.9989 [0.488,1.754] clip_frac=0.1273 cfm_old=0.6442 cfm_new=0.6453 kl=0.000142 grad=0.1961 grad_c=0.2654 lr=0.000114 critic_lr=0.000114
[TRAIN] mean_reward=6.19640 mean_len=135.50 recent_eps=100 completed_eps=5861598
[UPDATE_EFFECT] action_delta=0.00541468 param_rms_delta=0.00017541
[TIME] collect=4.842s update=5.812s
[DONE] timeout=0.00146 anchor_pos=0.00012 anchor_ori=0.00244 ee_body=0.19580
[DONE_ROLLOUT] timeout=0.00006 anchor_pos=0.00001 anchor_ori=0.00010 ee_body=0.00818
[FIRST_FAILURE] step_mean=11.16 step_min=0 step_max=23 phase_mean=205.02 phase_min=18 phase_max=324 anchor_pos=0.00012 anchor_ori=0.00244 ee_body=0.19580 timeout=0.00146
[TRACK_CHUNK0] anchor_pos=0.55043 anchor_ori=0.71185 body_pos=0.86259 body_ori=0.48207 body_lin=0.55443 body_ang=0.43216
[TRACK_ROLLOUT] anchor_pos=0.55173 anchor_ori=0.71039 body_pos=0.86220 body_ori=0.48241 body_lin=0.55913 body_ang=0.43709
[TRAIN_COST] action_rate=4.80225 joint_limit=0.00615 undesired_contacts=1.38867
[REWARD_WEIGHTED] pos=0.05944 penalty=-0.01362 total=0.04582 act_rate=-0.00962 contacts=-0.00279
[ACT_GREEDY] abs_mean=0.8292 abs_p95=2.3945 abs_p99=3.1803 abs_max=39.5503 legs=0.8424 waist=0.7114 arms=0.8431
[ACT_ROLLOUT] abs_mean=0.8550 abs_p95=2.4175 abs_p99=3.2282 abs_max=67.3500 abs_max_all=67.3500
[SAMPLER] top_bin=0 top_prob=0.231 peak_bin=5 failed_sum=102.7089 entropy=0.9429
[TRAIN_BODY] torso_ori=11.08deg l_wrist_ori=18.41deg r_wrist_ori=21.56deg l_elbow_ori=16.29deg r_elbow_ori=17.50deg l_shoulder_ori=15.01deg r_shoulder_ori=18.83deg
[TRAIN_ANG] torso=1.930 l_wrist=3.407 r_wrist=3.687 l_elbow=3.036 r_elbow=3.212 l_shoulder=2.561 r_shoulder=2.739
[TRAIN_ACT] l_wrist_r=0.4267 l_wrist_p=1.2712 l_wrist_y=0.9256 r_wrist_r=0.4920 r_wrist_p=0.6087 r_wrist_y=0.7939 l_elbow=0.6000 r_elbow=0.4864
[UPDATE] 448/500 reward_step=0.04582 done_frac=0.00867 mean_reward=5.11082 mean_len=112.71
[FPO++] actor_loss=-0.00223 value_loss=0.08285 ratio=0.9992 [0.858,1.162] clip_frac=0.0629 cfm_old=0.6435 cfm_new=0.6443 kl=0.000056 grad=0.0941 grad_c=0.3147 lr=0.000384 critic_lr=0.000384
[TRAIN] mean_reward=5.11082 mean_len=112.71 recent_eps=100 completed_eps=5863302
[UPDATE_EFFECT] action_delta=0.00642748 param_rms_delta=0.00025385
[TIME] collect=4.800s update=5.818s
[DONE] timeout=0.00073 anchor_pos=0.00000 anchor_ori=0.00122 ee_body=0.20496
[DONE_ROLLOUT] timeout=0.00003 anchor_pos=0.00000 anchor_ori=0.00005 ee_body=0.00860
[FIRST_FAILURE] step_mean=11.27 step_min=0 step_max=23 phase_mean=207.14 phase_min=20 phase_max=324 anchor_pos=0.00000 anchor_ori=0.00122 ee_body=0.20496 timeout=0.00073
[TRACK_CHUNK0] anchor_pos=0.54707 anchor_ori=0.70432 body_pos=0.85854 body_ori=0.47831 body_lin=0.56127 body_ang=0.43827
[TRACK_ROLLOUT] anchor_pos=0.55020 anchor_ori=0.70736 body_pos=0.86062 body_ori=0.48086 body_lin=0.55919 body_ang=0.43865
[TRAIN_COST] action_rate=4.80423 joint_limit=0.00611 undesired_contacts=1.40613
[REWARD_WEIGHTED] pos=0.05936 penalty=-0.01360 total=0.04576 act_rate=-0.00958 contacts=-0.00281
[ACT_GREEDY] abs_mean=0.8293 abs_p95=2.4073 abs_p99=3.1910 abs_max=18.6397 legs=0.8442 waist=0.7066 arms=0.8429
[ACT_ROLLOUT] abs_mean=0.8520 abs_p95=2.4134 abs_p99=3.2187 abs_max=24.4737 abs_max_all=24.4737
[SAMPLER] top_bin=0 top_prob=0.230 peak_bin=5 failed_sum=101.9504 entropy=0.9431
[TRAIN_BODY] torso_ori=11.29deg l_wrist_ori=18.60deg r_wrist_ori=21.74deg l_elbow_ori=16.27deg r_elbow_ori=17.74deg l_shoulder_ori=14.98deg r_shoulder_ori=19.21deg
[TRAIN_ANG] torso=1.927 l_wrist=3.352 r_wrist=3.710 l_elbow=2.983 r_elbow=3.214 l_shoulder=2.552 r_shoulder=2.733
[TRAIN_ACT] l_wrist_r=0.4296 l_wrist_p=1.2804 l_wrist_y=0.9323 r_wrist_r=0.4897 r_wrist_p=0.6134 r_wrist_y=0.7896 l_elbow=0.5945 r_elbow=0.4805
[UPDATE] 449/500 reward_step=0.04613 done_frac=0.00859 mean_reward=4.69116 mean_len=104.74
[FPO++] actor_loss=-0.00127 value_loss=0.09136 ratio=0.9986 [0.736,1.500] clip_frac=0.2370 cfm_old=0.6387 cfm_new=0.6402 kl=0.000235 grad=0.3739 grad_c=0.9762 lr=0.000051 critic_lr=0.000051
[TRAIN] mean_reward=4.69116 mean_len=104.74 recent_eps=100 completed_eps=5864990
[UPDATE_EFFECT] action_delta=0.00634369 param_rms_delta=0.00016712
[TIME] collect=4.622s update=5.817s
[DONE] timeout=0.00134 anchor_pos=0.00024 anchor_ori=0.00208 ee_body=0.20215
[DONE_ROLLOUT] timeout=0.00006 anchor_pos=0.00001 anchor_ori=0.00009 ee_body=0.00846
[FIRST_FAILURE] step_mean=11.23 step_min=0 step_max=23 phase_mean=208.26 phase_min=20 phase_max=324 anchor_pos=0.00024 anchor_ori=0.00208 ee_body=0.20215 timeout=0.00134
[TRACK_CHUNK0] anchor_pos=0.55192 anchor_ori=0.70664 body_pos=0.86085 body_ori=0.48065 body_lin=0.55664 body_ang=0.43698
[TRACK_ROLLOUT] anchor_pos=0.55546 anchor_ori=0.70704 body_pos=0.86230 body_ori=0.48472 body_lin=0.56162 body_ang=0.44030
[TRAIN_COST] action_rate=4.78106 joint_limit=0.00595 undesired_contacts=1.41357
[REWARD_WEIGHTED] pos=0.05960 penalty=-0.01362 total=0.04598 act_rate=-0.00958 contacts=-0.00284
[ACT_GREEDY] abs_mean=0.8286 abs_p95=2.4092 abs_p99=3.1748 abs_max=15.8910 legs=0.8459 waist=0.7025 arms=0.8408
[ACT_ROLLOUT] abs_mean=0.8510 abs_p95=2.4135 abs_p99=3.2211 abs_max=34.5402 abs_max_all=34.5402
[SAMPLER] top_bin=0 top_prob=0.229 peak_bin=5 failed_sum=101.1891 entropy=0.9433
[TRAIN_BODY] torso_ori=11.21deg l_wrist_ori=18.56deg r_wrist_ori=21.52deg l_elbow_ori=16.18deg r_elbow_ori=17.50deg l_shoulder_ori=14.74deg r_shoulder_ori=18.98deg
[TRAIN_ANG] torso=1.921 l_wrist=3.359 r_wrist=3.697 l_elbow=2.981 r_elbow=3.237 l_shoulder=2.523 r_shoulder=2.749
[TRAIN_ACT] l_wrist_r=0.4295 l_wrist_p=1.2663 l_wrist_y=0.9333 r_wrist_r=0.4923 r_wrist_p=0.6137 r_wrist_y=0.7706 l_elbow=0.5887 r_elbow=0.4813
[UPDATE] 450/500 reward_step=0.04618 done_frac=0.00812 mean_reward=4.81385 mean_len=105.58
[FPO++] actor_loss=-0.00319 value_loss=0.08983 ratio=0.9995 [0.858,1.155] clip_frac=0.1438 cfm_old=0.6354 cfm_new=0.6359 kl=0.000080 grad=0.2339 grad_c=0.5468 lr=0.000256 critic_lr=0.000256
[TRAIN] mean_reward=4.81385 mean_len=105.58 recent_eps=100 completed_eps=5866587
[UPDATE_EFFECT] action_delta=0.00716135 param_rms_delta=0.00016880
[TIME] collect=4.671s update=5.814s
[DONE] timeout=0.00073 anchor_pos=0.00000 anchor_ori=0.00122 ee_body=0.19141
[DONE_ROLLOUT] timeout=0.00003 anchor_pos=0.00000 anchor_ori=0.00005 ee_body=0.00805
[FIRST_FAILURE] step_mean=11.68 step_min=0 step_max=23 phase_mean=206.29 phase_min=22 phase_max=324 anchor_pos=0.00000 anchor_ori=0.00122 ee_body=0.19141 timeout=0.00073
[TRACK_CHUNK0] anchor_pos=0.56105 anchor_ori=0.71020 body_pos=0.86548 body_ori=0.48839 body_lin=0.56117 body_ang=0.43914
[TRACK_ROLLOUT] anchor_pos=0.55764 anchor_ori=0.70691 body_pos=0.86387 body_ori=0.48852 body_lin=0.56009 body_ang=0.43942
[TRAIN_COST] action_rate=4.71343 joint_limit=0.00578 undesired_contacts=1.42456
[REWARD_WEIGHTED] pos=0.05968 penalty=-0.01359 total=0.04609 act_rate=-0.00954 contacts=-0.00284
[ACT_GREEDY] abs_mean=0.8250 abs_p95=2.3975 abs_p99=3.1669 abs_max=5.9679 legs=0.8443 waist=0.6961 arms=0.8361
[ACT_ROLLOUT] abs_mean=0.8528 abs_p95=2.4166 abs_p99=3.2222 abs_max=37.6164 abs_max_all=37.6164
[SAMPLER] top_bin=0 top_prob=0.228 peak_bin=5 failed_sum=100.3615 entropy=0.9435
[TRAIN_BODY] torso_ori=11.12deg l_wrist_ori=18.18deg r_wrist_ori=21.31deg l_elbow_ori=15.92deg r_elbow_ori=17.08deg l_shoulder_ori=14.43deg r_shoulder_ori=18.59deg
[TRAIN_ANG] torso=1.894 l_wrist=3.353 r_wrist=3.661 l_elbow=2.979 r_elbow=3.185 l_shoulder=2.525 r_shoulder=2.673
[TRAIN_ACT] l_wrist_r=0.4216 l_wrist_p=1.2668 l_wrist_y=0.9410 r_wrist_r=0.4952 r_wrist_p=0.5980 r_wrist_y=0.7459 l_elbow=0.5874 r_elbow=0.4785
[UPDATE] 451/500 reward_step=0.04632 done_frac=0.00796 mean_reward=5.73498 mean_len=123.80
[FPO++] actor_loss=-0.00214 value_loss=0.08579 ratio=0.9988 [0.860,1.139] clip_frac=0.1582 cfm_old=0.6373 cfm_new=0.6386 kl=0.000114 grad=0.2431 grad_c=0.4161 lr=0.000384 critic_lr=0.000384
[TRAIN] mean_reward=5.73498 mean_len=123.80 recent_eps=100 completed_eps=5868152
[UPDATE_EFFECT] action_delta=0.00671927 param_rms_delta=0.00026054
[TIME] collect=4.650s update=5.815s
[DONE] timeout=0.00159 anchor_pos=0.00000 anchor_ori=0.00110 ee_body=0.18799
[DONE_ROLLOUT] timeout=0.00007 anchor_pos=0.00000 anchor_ori=0.00005 ee_body=0.00786
[FIRST_FAILURE] step_mean=11.62 step_min=0 step_max=23 phase_mean=207.05 phase_min=18 phase_max=324 anchor_pos=0.00000 anchor_ori=0.00110 ee_body=0.18799 timeout=0.00159
[TRACK_CHUNK0] anchor_pos=0.55824 anchor_ori=0.70683 body_pos=0.86574 body_ori=0.49308 body_lin=0.56282 body_ang=0.44111
[TRACK_ROLLOUT] anchor_pos=0.55650 anchor_ori=0.70913 body_pos=0.86373 body_ori=0.48865 body_lin=0.56418 body_ang=0.43942
[TRAIN_COST] action_rate=4.77819 joint_limit=0.00601 undesired_contacts=1.43518
[REWARD_WEIGHTED] pos=0.05978 penalty=-0.01356 total=0.04621 act_rate=-0.00958 contacts=-0.00282
[ACT_GREEDY] abs_mean=0.8280 abs_p95=2.3994 abs_p99=3.1700 abs_max=7.1487 legs=0.8512 waist=0.7037 arms=0.8347
[ACT_ROLLOUT] abs_mean=0.8500 abs_p95=2.4019 abs_p99=3.2063 abs_max=16.7753 abs_max_all=16.7753
[SAMPLER] top_bin=0 top_prob=0.227 peak_bin=5 failed_sum=99.5149 entropy=0.9436
[TRAIN_BODY] torso_ori=11.25deg l_wrist_ori=18.41deg r_wrist_ori=20.96deg l_elbow_ori=15.90deg r_elbow_ori=16.68deg l_shoulder_ori=14.55deg r_shoulder_ori=18.13deg
[TRAIN_ANG] torso=1.905 l_wrist=3.346 r_wrist=3.637 l_elbow=2.981 r_elbow=3.166 l_shoulder=2.526 r_shoulder=2.720
[TRAIN_ACT] l_wrist_r=0.4282 l_wrist_p=1.2438 l_wrist_y=0.9323 r_wrist_r=0.4825 r_wrist_p=0.6030 r_wrist_y=0.7547 l_elbow=0.5869 r_elbow=0.4785
[UPDATE] 452/500 reward_step=0.04615 done_frac=0.00783 mean_reward=5.31733 mean_len=116.27
[FPO++] actor_loss=-0.00131 value_loss=0.09083 ratio=0.9989 [0.747,1.201] clip_frac=0.1700 cfm_old=0.6399 cfm_new=0.6410 kl=0.000136 grad=0.3303 grad_c=0.1900 lr=0.000256 critic_lr=0.000256
[TRAIN] mean_reward=5.31733 mean_len=116.27 recent_eps=100 completed_eps=5869692
[UPDATE_EFFECT] action_delta=0.00637998 param_rms_delta=0.00018317
[TIME] collect=4.549s update=5.820s
[DONE] timeout=0.00085 anchor_pos=0.00012 anchor_ori=0.00122 ee_body=0.18518
[DONE_ROLLOUT] timeout=0.00004 anchor_pos=0.00001 anchor_ori=0.00005 ee_body=0.00776
[FIRST_FAILURE] step_mean=11.51 step_min=0 step_max=23 phase_mean=211.09 phase_min=16 phase_max=324 anchor_pos=0.00012 anchor_ori=0.00122 ee_body=0.18518 timeout=0.00085
[TRACK_CHUNK0] anchor_pos=0.55685 anchor_ori=0.71364 body_pos=0.86352 body_ori=0.48687 body_lin=0.56608 body_ang=0.43909
[TRACK_ROLLOUT] anchor_pos=0.55692 anchor_ori=0.71130 body_pos=0.86336 body_ori=0.48585 body_lin=0.56311 body_ang=0.43784
[TRAIN_COST] action_rate=4.84404 joint_limit=0.00584 undesired_contacts=1.39331
[REWARD_WEIGHTED] pos=0.05969 penalty=-0.01363 total=0.04605 act_rate=-0.00966 contacts=-0.00276
[ACT_GREEDY] abs_mean=0.8225 abs_p95=2.3852 abs_p99=3.1656 abs_max=14.0827 legs=0.8406 waist=0.6936 arms=0.8347
[ACT_ROLLOUT] abs_mean=0.8480 abs_p95=2.4004 abs_p99=3.2035 abs_max=23.7642 abs_max_all=23.7642
[SAMPLER] top_bin=0 top_prob=0.226 peak_bin=5 failed_sum=98.6694 entropy=0.9438
[TRAIN_BODY] torso_ori=10.98deg l_wrist_ori=18.56deg r_wrist_ori=21.13deg l_elbow_ori=16.11deg r_elbow_ori=17.07deg l_shoulder_ori=14.40deg r_shoulder_ori=18.65deg
[TRAIN_ANG] torso=1.869 l_wrist=3.369 r_wrist=3.647 l_elbow=2.971 r_elbow=3.162 l_shoulder=2.511 r_shoulder=2.677
[TRAIN_ACT] l_wrist_r=0.4264 l_wrist_p=1.2877 l_wrist_y=0.9410 r_wrist_r=0.4863 r_wrist_p=0.6133 r_wrist_y=0.7346 l_elbow=0.5962 r_elbow=0.4719
[UPDATE] 453/500 reward_step=0.04619 done_frac=0.00813 mean_reward=5.73925 mean_len=124.69
[FPO++] actor_loss=-0.00383 value_loss=0.09239 ratio=0.9995 [0.710,1.323] clip_frac=0.1023 cfm_old=0.6451 cfm_new=0.6457 kl=0.000089 grad=0.1756 grad_c=0.4930 lr=0.000577 critic_lr=0.000577
[TRAIN] mean_reward=5.73925 mean_len=124.69 recent_eps=100 completed_eps=5871291
[UPDATE_EFFECT] action_delta=0.00849948 param_rms_delta=0.00033715
[TIME] collect=4.640s update=5.811s
[DONE] timeout=0.00281 anchor_pos=0.00012 anchor_ori=0.00159 ee_body=0.19080
[DONE_ROLLOUT] timeout=0.00012 anchor_pos=0.00001 anchor_ori=0.00007 ee_body=0.00797
[FIRST_FAILURE] step_mean=11.67 step_min=0 step_max=23 phase_mean=209.26 phase_min=16 phase_max=324 anchor_pos=0.00012 anchor_ori=0.00159 ee_body=0.19080 timeout=0.00281
[TRACK_CHUNK0] anchor_pos=0.55698 anchor_ori=0.71020 body_pos=0.86338 body_ori=0.48474 body_lin=0.56317 body_ang=0.43933
[TRACK_ROLLOUT] anchor_pos=0.55673 anchor_ori=0.71150 body_pos=0.86311 body_ori=0.48407 body_lin=0.56100 body_ang=0.43653
[TRAIN_COST] action_rate=4.77622 joint_limit=0.00601 undesired_contacts=1.38562
[REWARD_WEIGHTED] pos=0.05958 penalty=-0.01366 total=0.04591 act_rate=-0.00965 contacts=-0.00278
[ACT_GREEDY] abs_mean=0.8221 abs_p95=2.3839 abs_p99=3.1544 abs_max=11.4648 legs=0.8428 waist=0.6989 arms=0.8308
[ACT_ROLLOUT] abs_mean=0.8493 abs_p95=2.4020 abs_p99=3.2109 abs_max=49.3381 abs_max_all=49.3381
[SAMPLER] top_bin=0 top_prob=0.225 peak_bin=5 failed_sum=97.8877 entropy=0.9439
[TRAIN_BODY] torso_ori=11.09deg l_wrist_ori=18.53deg r_wrist_ori=21.25deg l_elbow_ori=16.07deg r_elbow_ori=17.19deg l_shoulder_ori=14.43deg r_shoulder_ori=18.90deg
[TRAIN_ANG] torso=1.899 l_wrist=3.339 r_wrist=3.695 l_elbow=2.964 r_elbow=3.214 l_shoulder=2.530 r_shoulder=2.677
[TRAIN_ACT] l_wrist_r=0.4333 l_wrist_p=1.2866 l_wrist_y=0.9305 r_wrist_r=0.4957 r_wrist_p=0.6133 r_wrist_y=0.7218 l_elbow=0.5947 r_elbow=0.4818
[UPDATE] 454/500 reward_step=0.04599 done_frac=0.00829 mean_reward=5.47872 mean_len=120.49
[FPO++] actor_loss=-0.00376 value_loss=0.08932 ratio=0.9993 [0.877,1.159] clip_frac=0.1040 cfm_old=0.6424 cfm_new=0.6430 kl=0.000102 grad=0.1538 grad_c=0.4635 lr=0.000577 critic_lr=0.000577
[TRAIN] mean_reward=5.47872 mean_len=120.49 recent_eps=100 completed_eps=5872921
[UPDATE_EFFECT] action_delta=0.00762409 param_rms_delta=0.00032963
[TIME] collect=4.650s update=5.809s
[DONE] timeout=0.00098 anchor_pos=0.00012 anchor_ori=0.00232 ee_body=0.19519
[DONE_ROLLOUT] timeout=0.00004 anchor_pos=0.00001 anchor_ori=0.00010 ee_body=0.00817
[FIRST_FAILURE] step_mean=11.39 step_min=0 step_max=23 phase_mean=207.32 phase_min=16 phase_max=324 anchor_pos=0.00012 anchor_ori=0.00232 ee_body=0.19519 timeout=0.00098
[TRACK_CHUNK0] anchor_pos=0.55863 anchor_ori=0.71327 body_pos=0.86325 body_ori=0.48396 body_lin=0.55784 body_ang=0.43243
[TRACK_ROLLOUT] anchor_pos=0.56068 anchor_ori=0.71096 body_pos=0.86428 body_ori=0.48686 body_lin=0.55893 body_ang=0.43622
[TRAIN_COST] action_rate=4.87914 joint_limit=0.00613 undesired_contacts=1.40308
[REWARD_WEIGHTED] pos=0.05964 penalty=-0.01375 total=0.04589 act_rate=-0.00968 contacts=-0.00281
[ACT_GREEDY] abs_mean=0.8211 abs_p95=2.3864 abs_p99=3.1731 abs_max=14.2928 legs=0.8455 waist=0.6947 arms=0.8272
[ACT_ROLLOUT] abs_mean=0.8471 abs_p95=2.3974 abs_p99=3.2139 abs_max=32.1454 abs_max_all=32.1454
[SAMPLER] top_bin=0 top_prob=0.224 peak_bin=5 failed_sum=97.1686 entropy=0.9440
[TRAIN_BODY] torso_ori=11.02deg l_wrist_ori=18.54deg r_wrist_ori=21.39deg l_elbow_ori=16.24deg r_elbow_ori=17.39deg l_shoulder_ori=14.45deg r_shoulder_ori=18.85deg
[TRAIN_ANG] torso=1.919 l_wrist=3.382 r_wrist=3.717 l_elbow=3.002 r_elbow=3.241 l_shoulder=2.556 r_shoulder=2.742
[TRAIN_ACT] l_wrist_r=0.4398 l_wrist_p=1.2619 l_wrist_y=0.9296 r_wrist_r=0.5101 r_wrist_p=0.6270 r_wrist_y=0.7081 l_elbow=0.5879 r_elbow=0.4794
[UPDATE] 455/500 reward_step=0.04658 done_frac=0.00780 mean_reward=5.29642 mean_len=114.24
[FPO++] actor_loss=-0.00420 value_loss=0.10297 ratio=1.0000 [0.911,1.103] clip_frac=0.1301 cfm_old=0.6332 cfm_new=0.6332 kl=0.000126 grad=0.1754 grad_c=1.3785 lr=0.000577 critic_lr=0.000577
[TRAIN] mean_reward=5.29642 mean_len=114.24 recent_eps=100 completed_eps=5874455
[UPDATE_EFFECT] action_delta=0.00923340 param_rms_delta=0.00032456
[TIME] collect=4.606s update=5.814s
[DONE] timeout=0.00220 anchor_pos=0.00024 anchor_ori=0.00134 ee_body=0.18359
[DONE_ROLLOUT] timeout=0.00009 anchor_pos=0.00001 anchor_ori=0.00006 ee_body=0.00766
[FIRST_FAILURE] step_mean=11.48 step_min=0 step_max=23 phase_mean=204.01 phase_min=7 phase_max=324 anchor_pos=0.00024 anchor_ori=0.00134 ee_body=0.18359 timeout=0.00220
[TRACK_CHUNK0] anchor_pos=0.56398 anchor_ori=0.70887 body_pos=0.86616 body_ori=0.49091 body_lin=0.56078 body_ang=0.43691
[TRACK_ROLLOUT] anchor_pos=0.56451 anchor_ori=0.70746 body_pos=0.86681 body_ori=0.49215 body_lin=0.56423 body_ang=0.43945
[TRAIN_COST] action_rate=4.83977 joint_limit=0.00612 undesired_contacts=1.41638
[REWARD_WEIGHTED] pos=0.05997 penalty=-0.01365 total=0.04632 act_rate=-0.00955 contacts=-0.00288
[ACT_GREEDY] abs_mean=0.8222 abs_p95=2.3834 abs_p99=3.1708 abs_max=9.8046 legs=0.8506 waist=0.6904 arms=0.8261
[ACT_ROLLOUT] abs_mean=0.8460 abs_p95=2.3994 abs_p99=3.2121 abs_max=20.5054 abs_max_all=20.5054
[SAMPLER] top_bin=0 top_prob=0.224 peak_bin=5 failed_sum=96.3618 entropy=0.9440
[TRAIN_BODY] torso_ori=11.15deg l_wrist_ori=18.35deg r_wrist_ori=20.85deg l_elbow_ori=15.99deg r_elbow_ori=16.87deg l_shoulder_ori=14.35deg r_shoulder_ori=18.16deg
[TRAIN_ANG] torso=1.920 l_wrist=3.386 r_wrist=3.684 l_elbow=3.014 r_elbow=3.214 l_shoulder=2.561 r_shoulder=2.719
[TRAIN_ACT] l_wrist_r=0.4428 l_wrist_p=1.2541 l_wrist_y=0.9153 r_wrist_r=0.5039 r_wrist_p=0.6138 r_wrist_y=0.7114 l_elbow=0.5896 r_elbow=0.4969
[UPDATE] 456/500 reward_step=0.04640 done_frac=0.00766 mean_reward=6.11996 mean_len=132.12
[FPO++] actor_loss=-0.00323 value_loss=0.09629 ratio=0.9997 [0.920,1.088] clip_frac=0.1232 cfm_old=0.6333 cfm_new=0.6336 kl=0.000135 grad=0.1571 grad_c=0.3997 lr=0.000577 critic_lr=0.000577
[TRAIN] mean_reward=6.11996 mean_len=132.12 recent_eps=100 completed_eps=5875962
[UPDATE_EFFECT] action_delta=0.00979927 param_rms_delta=0.00032970
[TIME] collect=4.731s update=5.806s
[DONE] timeout=0.00208 anchor_pos=0.00000 anchor_ori=0.00159 ee_body=0.17969
[DONE_ROLLOUT] timeout=0.00009 anchor_pos=0.00000 anchor_ori=0.00007 ee_body=0.00753
[FIRST_FAILURE] step_mean=11.22 step_min=0 step_max=23 phase_mean=209.49 phase_min=19 phase_max=324 anchor_pos=0.00000 anchor_ori=0.00159 ee_body=0.17957 timeout=0.00208
[TRACK_CHUNK0] anchor_pos=0.56538 anchor_ori=0.70460 body_pos=0.86605 body_ori=0.49063 body_lin=0.56403 body_ang=0.43886
[TRACK_ROLLOUT] anchor_pos=0.56619 anchor_ori=0.70312 body_pos=0.86522 body_ori=0.49044 body_lin=0.56658 body_ang=0.44173
[TRAIN_COST] action_rate=4.77118 joint_limit=0.00598 undesired_contacts=1.45361
[REWARD_WEIGHTED] pos=0.05997 penalty=-0.01371 total=0.04626 act_rate=-0.00952 contacts=-0.00293
[ACT_GREEDY] abs_mean=0.8224 abs_p95=2.3891 abs_p99=3.1914 abs_max=9.1557 legs=0.8572 waist=0.6820 arms=0.8226
[ACT_ROLLOUT] abs_mean=0.8478 abs_p95=2.3993 abs_p99=3.2193 abs_max=16.4908 abs_max_all=16.4908
[SAMPLER] top_bin=0 top_prob=0.223 peak_bin=5 failed_sum=95.5482 entropy=0.9440
[TRAIN_BODY] torso_ori=11.27deg l_wrist_ori=18.28deg r_wrist_ori=20.96deg l_elbow_ori=16.03deg r_elbow_ori=17.11deg l_shoulder_ori=14.40deg r_shoulder_ori=18.07deg
[TRAIN_ANG] torso=1.907 l_wrist=3.370 r_wrist=3.680 l_elbow=2.980 r_elbow=3.219 l_shoulder=2.545 r_shoulder=2.717
[TRAIN_ACT] l_wrist_r=0.4441 l_wrist_p=1.2502 l_wrist_y=0.8765 r_wrist_r=0.5191 r_wrist_p=0.6053 r_wrist_y=0.7025 l_elbow=0.5846 r_elbow=0.4978
[UPDATE] 457/500 reward_step=0.04632 done_frac=0.00790 mean_reward=5.65120 mean_len=122.49
[FPO++] actor_loss=-0.00385 value_loss=0.09895 ratio=0.9999 [0.935,1.074] clip_frac=0.0792 cfm_old=0.6332 cfm_new=0.6333 kl=0.000107 grad=0.1209 grad_c=0.2657 lr=0.000384 critic_lr=0.000384
[TRAIN] mean_reward=5.65120 mean_len=122.49 recent_eps=100 completed_eps=5877516
[UPDATE_EFFECT] action_delta=0.00651108 param_rms_delta=0.00025017
[TIME] collect=4.751s update=5.817s
[DONE] timeout=0.00195 anchor_pos=0.00024 anchor_ori=0.00134 ee_body=0.18579
[DONE_ROLLOUT] timeout=0.00008 anchor_pos=0.00001 anchor_ori=0.00006 ee_body=0.00777
[FIRST_FAILURE] step_mean=11.41 step_min=0 step_max=23 phase_mean=207.46 phase_min=17 phase_max=324 anchor_pos=0.00024 anchor_ori=0.00134 ee_body=0.18567 timeout=0.00195
[TRACK_CHUNK0] anchor_pos=0.56615 anchor_ori=0.69851 body_pos=0.86342 body_ori=0.48906 body_lin=0.56386 body_ang=0.44092
[TRACK_ROLLOUT] anchor_pos=0.57038 anchor_ori=0.69828 body_pos=0.86495 body_ori=0.49308 body_lin=0.56593 body_ang=0.44262
[TRAIN_COST] action_rate=4.79011 joint_limit=0.00646 undesired_contacts=1.48975
[REWARD_WEIGHTED] pos=0.06002 penalty=-0.01389 total=0.04613 act_rate=-0.00950 contacts=-0.00303
[ACT_GREEDY] abs_mean=0.8249 abs_p95=2.3978 abs_p99=3.1965 abs_max=7.1562 legs=0.8638 waist=0.6784 arms=0.8229
[ACT_ROLLOUT] abs_mean=0.8518 abs_p95=2.4151 abs_p99=3.2420 abs_max=22.6511 abs_max_all=22.6511
[SAMPLER] top_bin=0 top_prob=0.222 peak_bin=5 failed_sum=94.8017 entropy=0.9440
[TRAIN_BODY] torso_ori=11.48deg l_wrist_ori=18.54deg r_wrist_ori=20.83deg l_elbow_ori=16.22deg r_elbow_ori=17.06deg l_shoulder_ori=14.43deg r_shoulder_ori=17.82deg
[TRAIN_ANG] torso=1.903 l_wrist=3.389 r_wrist=3.670 l_elbow=3.008 r_elbow=3.199 l_shoulder=2.525 r_shoulder=2.697
[TRAIN_ACT] l_wrist_r=0.4448 l_wrist_p=1.2376 l_wrist_y=0.8512 r_wrist_r=0.5165 r_wrist_p=0.6110 r_wrist_y=0.6941 l_elbow=0.6023 r_elbow=0.5018
[UPDATE] 458/500 reward_step=0.04640 done_frac=0.00779 mean_reward=5.05997 mean_len=111.87
[FPO++] actor_loss=-0.00339 value_loss=0.09938 ratio=0.9997 [0.807,1.170] clip_frac=0.1729 cfm_old=0.6313 cfm_new=0.6317 kl=0.000247 grad=0.2216 grad_c=0.3639 lr=0.000051 critic_lr=0.000051
[TRAIN] mean_reward=5.05997 mean_len=111.87 recent_eps=100 completed_eps=5879048
[UPDATE_EFFECT] action_delta=0.00562072 param_rms_delta=0.00018337
[TIME] collect=4.594s update=5.815s
[DONE] timeout=0.00159 anchor_pos=0.00000 anchor_ori=0.00183 ee_body=0.18335
[DONE_ROLLOUT] timeout=0.00007 anchor_pos=0.00000 anchor_ori=0.00008 ee_body=0.00768
[FIRST_FAILURE] step_mean=11.24 step_min=0 step_max=23 phase_mean=207.59 phase_min=14 phase_max=324 anchor_pos=0.00000 anchor_ori=0.00183 ee_body=0.18335 timeout=0.00159
[TRACK_CHUNK0] anchor_pos=0.57207 anchor_ori=0.69799 body_pos=0.86544 body_ori=0.49393 body_lin=0.56773 body_ang=0.44349
[TRACK_ROLLOUT] anchor_pos=0.57464 anchor_ori=0.69998 body_pos=0.86601 body_ori=0.49328 body_lin=0.56975 body_ang=0.44395
[TRAIN_COST] action_rate=4.71611 joint_limit=0.00680 undesired_contacts=1.52795
[REWARD_WEIGHTED] pos=0.06021 penalty=-0.01397 total=0.04624 act_rate=-0.00949 contacts=-0.00308
[ACT_GREEDY] abs_mean=0.8324 abs_p95=2.4161 abs_p99=3.2299 abs_max=21.9947 legs=0.8786 waist=0.6909 arms=0.8232
[ACT_ROLLOUT] abs_mean=0.8549 abs_p95=2.4214 abs_p99=3.2560 abs_max=40.7800 abs_max_all=40.7800
[SAMPLER] top_bin=0 top_prob=0.222 peak_bin=5 failed_sum=94.0538 entropy=0.9441
[TRAIN_BODY] torso_ori=11.51deg l_wrist_ori=18.02deg r_wrist_ori=20.93deg l_elbow_ori=15.99deg r_elbow_ori=16.80deg l_shoulder_ori=14.22deg r_shoulder_ori=17.54deg
[TRAIN_ANG] torso=1.912 l_wrist=3.340 r_wrist=3.676 l_elbow=2.989 r_elbow=3.175 l_shoulder=2.521 r_shoulder=2.696
[TRAIN_ACT] l_wrist_r=0.4448 l_wrist_p=1.2430 l_wrist_y=0.8474 r_wrist_r=0.5133 r_wrist_p=0.5968 r_wrist_y=0.6759 l_elbow=0.5930 r_elbow=0.5051
[UPDATE] 459/500 reward_step=0.04651 done_frac=0.00719 mean_reward=5.40219 mean_len=115.48
[FPO++] actor_loss=-0.00371 value_loss=0.10977 ratio=0.9998 [0.938,1.064] clip_frac=0.0767 cfm_old=0.6319 cfm_new=0.6322 kl=0.000096 grad=0.1341 grad_c=0.2154 lr=0.000256 critic_lr=0.000256
[TRAIN] mean_reward=5.40219 mean_len=115.48 recent_eps=100 completed_eps=5880461
[UPDATE_EFFECT] action_delta=0.00828619 param_rms_delta=0.00017120
[TIME] collect=4.635s update=5.823s
[DONE] timeout=0.00183 anchor_pos=0.00000 anchor_ori=0.00073 ee_body=0.16919
[DONE_ROLLOUT] timeout=0.00008 anchor_pos=0.00000 anchor_ori=0.00003 ee_body=0.00708
[FIRST_FAILURE] step_mean=11.16 step_min=0 step_max=23 phase_mean=205.35 phase_min=15 phase_max=324 anchor_pos=0.00000 anchor_ori=0.00073 ee_body=0.16919 timeout=0.00183
[TRACK_CHUNK0] anchor_pos=0.57646 anchor_ori=0.70178 body_pos=0.86644 body_ori=0.49285 body_lin=0.57314 body_ang=0.44758
[TRACK_ROLLOUT] anchor_pos=0.57483 anchor_ori=0.70197 body_pos=0.86691 body_ori=0.49054 body_lin=0.57101 body_ang=0.44448
[TRAIN_COST] action_rate=4.72347 joint_limit=0.00697 undesired_contacts=1.53796
[REWARD_WEIGHTED] pos=0.06023 penalty=-0.01393 total=0.04630 act_rate=-0.00956 contacts=-0.00304
[ACT_GREEDY] abs_mean=0.8328 abs_p95=2.4184 abs_p99=3.2247 abs_max=4.9313 legs=0.8805 waist=0.6905 arms=0.8224
[ACT_ROLLOUT] abs_mean=0.8552 abs_p95=2.4227 abs_p99=3.2495 abs_max=35.3592 abs_max_all=35.3592
[SAMPLER] top_bin=0 top_prob=0.221 peak_bin=5 failed_sum=93.2040 entropy=0.9441
[TRAIN_BODY] torso_ori=11.35deg l_wrist_ori=18.21deg r_wrist_ori=21.10deg l_elbow_ori=16.06deg r_elbow_ori=16.83deg l_shoulder_ori=14.32deg r_shoulder_ori=17.48deg
[TRAIN_ANG] torso=1.870 l_wrist=3.334 r_wrist=3.618 l_elbow=2.967 r_elbow=3.144 l_shoulder=2.499 r_shoulder=2.661
[TRAIN_ACT] l_wrist_r=0.4482 l_wrist_p=1.2296 l_wrist_y=0.8375 r_wrist_r=0.5141 r_wrist_p=0.5965 r_wrist_y=0.6795 l_elbow=0.5915 r_elbow=0.5042
[UPDATE] 460/500 reward_step=0.04620 done_frac=0.00789 mean_reward=5.93200 mean_len=129.30
[FPO++] actor_loss=-0.00504 value_loss=0.10277 ratio=0.9999 [0.669,1.317] clip_frac=0.0821 cfm_old=0.6369 cfm_new=0.6370 kl=0.000088 grad=0.1166 grad_c=0.3993 lr=0.000577 critic_lr=0.000577
[TRAIN] mean_reward=5.93200 mean_len=129.30 recent_eps=100 completed_eps=5882013
[UPDATE_EFFECT] action_delta=0.00758014 param_rms_delta=0.00033640
[TIME] collect=4.704s update=5.819s
[DONE] timeout=0.00244 anchor_pos=0.00000 anchor_ori=0.00146 ee_body=0.18567
[DONE_ROLLOUT] timeout=0.00010 anchor_pos=0.00000 anchor_ori=0.00006 ee_body=0.00775
[FIRST_FAILURE] step_mean=11.51 step_min=0 step_max=23 phase_mean=206.40 phase_min=14 phase_max=324 anchor_pos=0.00000 anchor_ori=0.00146 ee_body=0.18567 timeout=0.00244
[TRACK_CHUNK0] anchor_pos=0.57016 anchor_ori=0.70311 body_pos=0.86656 body_ori=0.48594 body_lin=0.56343 body_ang=0.44078
[TRACK_ROLLOUT] anchor_pos=0.57058 anchor_ori=0.70469 body_pos=0.86762 body_ori=0.48826 body_lin=0.56070 body_ang=0.43660
[TRAIN_COST] action_rate=4.73640 joint_limit=0.00675 undesired_contacts=1.49133
[REWARD_WEIGHTED] pos=0.05982 penalty=-0.01392 total=0.04589 act_rate=-0.00965 contacts=-0.00293
[ACT_GREEDY] abs_mean=0.8315 abs_p95=2.4100 abs_p99=3.2038 abs_max=12.5903 legs=0.8734 waist=0.6895 arms=0.8260
[ACT_ROLLOUT] abs_mean=0.8501 abs_p95=2.4048 abs_p99=3.2316 abs_max=34.4107 abs_max_all=34.4107
[SAMPLER] top_bin=0 top_prob=0.220 peak_bin=5 failed_sum=92.5072 entropy=0.9441
[TRAIN_BODY] torso_ori=11.33deg l_wrist_ori=18.31deg r_wrist_ori=21.09deg l_elbow_ori=16.33deg r_elbow_ori=17.04deg l_shoulder_ori=14.52deg r_shoulder_ori=17.92deg
[TRAIN_ANG] torso=1.881 l_wrist=3.371 r_wrist=3.688 l_elbow=2.991 r_elbow=3.205 l_shoulder=2.543 r_shoulder=2.706
[TRAIN_ACT] l_wrist_r=0.4489 l_wrist_p=1.2578 l_wrist_y=0.8546 r_wrist_r=0.5115 r_wrist_p=0.5967 r_wrist_y=0.6937 l_elbow=0.5926 r_elbow=0.5057
[UPDATE] 461/500 reward_step=0.04644 done_frac=0.00743 mean_reward=5.55895 mean_len=119.21
[FPO++] actor_loss=-0.00331 value_loss=0.10807 ratio=0.9992 [0.699,1.916] clip_frac=0.1671 cfm_old=0.6322 cfm_new=0.6331 kl=0.000159 grad=0.2376 grad_c=0.5238 lr=0.000171 critic_lr=0.000171
[TRAIN] mean_reward=5.55895 mean_len=119.21 recent_eps=100 completed_eps=5883473
[UPDATE_EFFECT] action_delta=0.00652386 param_rms_delta=0.00020013
[TIME] collect=4.656s update=5.814s
[DONE] timeout=0.00269 anchor_pos=0.00000 anchor_ori=0.00134 ee_body=0.17310
[DONE_ROLLOUT] timeout=0.00011 anchor_pos=0.00000 anchor_ori=0.00006 ee_body=0.00726
[FIRST_FAILURE] step_mean=11.27 step_min=0 step_max=23 phase_mean=207.62 phase_min=11 phase_max=324 anchor_pos=0.00000 anchor_ori=0.00134 ee_body=0.17310 timeout=0.00269
[TRACK_CHUNK0] anchor_pos=0.57321 anchor_ori=0.70516 body_pos=0.87041 body_ori=0.49033 body_lin=0.56527 body_ang=0.43919
[TRACK_ROLLOUT] anchor_pos=0.57304 anchor_ori=0.70445 body_pos=0.87063 body_ori=0.49135 body_lin=0.56599 body_ang=0.43983
[TRAIN_COST] action_rate=4.85970 joint_limit=0.00665 undesired_contacts=1.47620
[REWARD_WEIGHTED] pos=0.06013 penalty=-0.01396 total=0.04617 act_rate=-0.00964 contacts=-0.00294
[ACT_GREEDY] abs_mean=0.8262 abs_p95=2.4074 abs_p99=3.2077 abs_max=37.1319 legs=0.8679 waist=0.6889 arms=0.8198
[ACT_ROLLOUT] abs_mean=0.8495 abs_p95=2.4055 abs_p99=3.2357 abs_max=51.8990 abs_max_all=51.8990
[SAMPLER] top_bin=0 top_prob=0.220 peak_bin=5 failed_sum=91.7337 entropy=0.9441
[TRAIN_BODY] torso_ori=11.22deg l_wrist_ori=18.22deg r_wrist_ori=20.94deg l_elbow_ori=16.30deg r_elbow_ori=16.96deg l_shoulder_ori=14.56deg r_shoulder_ori=17.71deg
[TRAIN_ANG] torso=1.893 l_wrist=3.388 r_wrist=3.627 l_elbow=2.999 r_elbow=3.137 l_shoulder=2.536 r_shoulder=2.687
[TRAIN_ACT] l_wrist_r=0.4587 l_wrist_p=1.2396 l_wrist_y=0.8379 r_wrist_r=0.5146 r_wrist_p=0.5861 r_wrist_y=0.6835 l_elbow=0.5843 r_elbow=0.5070
[UPDATE] 462/500 reward_step=0.04629 done_frac=0.00748 mean_reward=6.21725 mean_len=133.26
[FPO++] actor_loss=-0.00444 value_loss=0.10176 ratio=0.9995 [0.901,1.155] clip_frac=0.0972 cfm_old=0.6345 cfm_new=0.6351 kl=0.000069 grad=0.1720 grad_c=0.2243 lr=0.000384 critic_lr=0.000384
[TRAIN] mean_reward=6.21725 mean_len=133.26 recent_eps=100 completed_eps=5884944
[UPDATE_EFFECT] action_delta=0.00689432 param_rms_delta=0.00023297
[TIME] collect=4.828s update=5.812s
[DONE] timeout=0.00293 anchor_pos=0.00000 anchor_ori=0.00122 ee_body=0.17554
[DONE_ROLLOUT] timeout=0.00012 anchor_pos=0.00000 anchor_ori=0.00005 ee_body=0.00732
[FIRST_FAILURE] step_mean=11.38 step_min=0 step_max=23 phase_mean=208.34 phase_min=16 phase_max=324 anchor_pos=0.00000 anchor_ori=0.00122 ee_body=0.17554 timeout=0.00293
[TRACK_CHUNK0] anchor_pos=0.56903 anchor_ori=0.70398 body_pos=0.86969 body_ori=0.48936 body_lin=0.56234 body_ang=0.43766
[TRACK_ROLLOUT] anchor_pos=0.56587 anchor_ori=0.69960 body_pos=0.86971 body_ori=0.49104 body_lin=0.56606 body_ang=0.44150
[TRAIN_COST] action_rate=4.78441 joint_limit=0.00694 undesired_contacts=1.48303
[REWARD_WEIGHTED] pos=0.06002 penalty=-0.01399 total=0.04603 act_rate=-0.00959 contacts=-0.00301
[ACT_GREEDY] abs_mean=0.8263 abs_p95=2.4014 abs_p99=3.1993 abs_max=14.0019 legs=0.8682 waist=0.6875 arms=0.8201
[ACT_ROLLOUT] abs_mean=0.8523 abs_p95=2.4183 abs_p99=3.2524 abs_max=31.1623 abs_max_all=31.1623
[SAMPLER] top_bin=0 top_prob=0.219 peak_bin=5 failed_sum=90.9876 entropy=0.9441
[TRAIN_BODY] torso_ori=11.30deg l_wrist_ori=18.42deg r_wrist_ori=21.25deg l_elbow_ori=16.25deg r_elbow_ori=17.06deg l_shoulder_ori=14.40deg r_shoulder_ori=17.94deg
[TRAIN_ANG] torso=1.915 l_wrist=3.366 r_wrist=3.683 l_elbow=3.010 r_elbow=3.221 l_shoulder=2.532 r_shoulder=2.696
[TRAIN_ACT] l_wrist_r=0.4550 l_wrist_p=1.2350 l_wrist_y=0.8456 r_wrist_r=0.5369 r_wrist_p=0.5892 r_wrist_y=0.6962 l_elbow=0.5859 r_elbow=0.5030
[UPDATE] 463/500 reward_step=0.04624 done_frac=0.00751 mean_reward=6.23357 mean_len=133.46
[FPO++] actor_loss=-0.00336 value_loss=0.10017 ratio=0.9986 [0.793,1.227] clip_frac=0.2129 cfm_old=0.6335 cfm_new=0.6350 kl=0.000186 grad=0.3302 grad_c=0.3419 lr=0.000076 critic_lr=0.000076
[TRAIN] mean_reward=6.23357 mean_len=133.46 recent_eps=100 completed_eps=5886421
[UPDATE_EFFECT] action_delta=0.00553075 param_rms_delta=0.00018108
[TIME] collect=4.697s update=5.814s
[DONE] timeout=0.00269 anchor_pos=0.00012 anchor_ori=0.00134 ee_body=0.17542
[DONE_ROLLOUT] timeout=0.00011 anchor_pos=0.00001 anchor_ori=0.00006 ee_body=0.00735
[FIRST_FAILURE] step_mean=11.58 step_min=0 step_max=23 phase_mean=204.69 phase_min=18 phase_max=324 anchor_pos=0.00012 anchor_ori=0.00134 ee_body=0.17529 timeout=0.00269
[TRACK_CHUNK0] anchor_pos=0.56232 anchor_ori=0.69666 body_pos=0.86948 body_ori=0.49203 body_lin=0.57066 body_ang=0.44326
[TRACK_ROLLOUT] anchor_pos=0.56148 anchor_ori=0.69510 body_pos=0.86890 body_ori=0.49177 body_lin=0.57047 body_ang=0.44501
[TRAIN_COST] action_rate=4.80531 joint_limit=0.00714 undesired_contacts=1.53198
[REWARD_WEIGHTED] pos=0.06009 penalty=-0.01408 total=0.04601 act_rate=-0.00956 contacts=-0.00308
[ACT_GREEDY] abs_mean=0.8286 abs_p95=2.4127 abs_p99=3.2256 abs_max=10.8587 legs=0.8734 waist=0.6846 arms=0.8210
[ACT_ROLLOUT] abs_mean=0.8505 abs_p95=2.4180 abs_p99=3.2546 abs_max=20.2919 abs_max_all=20.2919
[SAMPLER] top_bin=0 top_prob=0.218 peak_bin=5 failed_sum=90.2674 entropy=0.9441
[TRAIN_BODY] torso_ori=11.54deg l_wrist_ori=18.29deg r_wrist_ori=21.14deg l_elbow_ori=16.05deg r_elbow_ori=16.78deg l_shoulder_ori=14.59deg r_shoulder_ori=17.55deg
[TRAIN_ANG] torso=1.893 l_wrist=3.338 r_wrist=3.650 l_elbow=2.983 r_elbow=3.141 l_shoulder=2.527 r_shoulder=2.654
[TRAIN_ACT] l_wrist_r=0.4536 l_wrist_p=1.2218 l_wrist_y=0.8542 r_wrist_r=0.5378 r_wrist_p=0.5901 r_wrist_y=0.6894 l_elbow=0.5849 r_elbow=0.4976
[UPDATE] 464/500 reward_step=0.04647 done_frac=0.00738 mean_reward=6.32515 mean_len=137.03
[FPO++] actor_loss=-0.00254 value_loss=0.10219 ratio=0.9995 [0.902,1.115] clip_frac=0.1227 cfm_old=0.6315 cfm_new=0.6321 kl=0.000073 grad=0.2345 grad_c=0.1450 lr=0.000384 critic_lr=0.000384
[TRAIN] mean_reward=6.32515 mean_len=137.03 recent_eps=100 completed_eps=5887871
[UPDATE_EFFECT] action_delta=0.00754862 param_rms_delta=0.00021627
[TIME] collect=4.792s update=5.810s
[DONE] timeout=0.00281 anchor_pos=0.00000 anchor_ori=0.00098 ee_body=0.17285
[DONE_ROLLOUT] timeout=0.00012 anchor_pos=0.00000 anchor_ori=0.00004 ee_body=0.00724
[FIRST_FAILURE] step_mean=11.39 step_min=0 step_max=23 phase_mean=208.67 phase_min=16 phase_max=324 anchor_pos=0.00000 anchor_ori=0.00098 ee_body=0.17285 timeout=0.00281
[TRACK_CHUNK0] anchor_pos=0.56461 anchor_ori=0.69467 body_pos=0.86886 body_ori=0.49261 body_lin=0.57098 body_ang=0.44024
[TRACK_ROLLOUT] anchor_pos=0.56794 anchor_ori=0.69362 body_pos=0.87010 body_ori=0.49409 body_lin=0.57493 body_ang=0.44513
[TRAIN_COST] action_rate=4.87366 joint_limit=0.00700 undesired_contacts=1.54895
[REWARD_WEIGHTED] pos=0.06030 penalty=-0.01416 total=0.04614 act_rate=-0.00960 contacts=-0.00314
[ACT_GREEDY] abs_mean=0.8233 abs_p95=2.4019 abs_p99=3.2048 abs_max=18.1158 legs=0.8685 waist=0.6835 arms=0.8146
[ACT_ROLLOUT] abs_mean=0.8518 abs_p95=2.4214 abs_p99=3.2597 abs_max=21.7967 abs_max_all=21.7967
[SAMPLER] top_bin=0 top_prob=0.218 peak_bin=5 failed_sum=89.5364 entropy=0.9440
[TRAIN_BODY] torso_ori=11.64deg l_wrist_ori=18.47deg r_wrist_ori=21.57deg l_elbow_ori=16.21deg r_elbow_ori=16.98deg l_shoulder_ori=14.59deg r_shoulder_ori=17.45deg
[TRAIN_ANG] torso=1.903 l_wrist=3.409 r_wrist=3.682 l_elbow=3.007 r_elbow=3.204 l_shoulder=2.527 r_shoulder=2.676
[TRAIN_ACT] l_wrist_r=0.4517 l_wrist_p=1.2107 l_wrist_y=0.8292 r_wrist_r=0.5465 r_wrist_p=0.5689 r_wrist_y=0.6825 l_elbow=0.5818 r_elbow=0.5070
[UPDATE] 465/500 reward_step=0.04638 done_frac=0.00684 mean_reward=6.33320 mean_len=134.28
[FPO++] actor_loss=-0.00329 value_loss=0.10005 ratio=0.9994 [0.897,1.141] clip_frac=0.1165 cfm_old=0.6292 cfm_new=0.6298 kl=0.000101 grad=0.1923 grad_c=0.2431 lr=0.000256 critic_lr=0.000256
[TRAIN] mean_reward=6.33320 mean_len=134.28 recent_eps=100 completed_eps=5889216
[UPDATE_EFFECT] action_delta=0.00778912 param_rms_delta=0.00020064
[TIME] collect=4.645s update=5.816s
[DONE] timeout=0.00256 anchor_pos=0.00000 anchor_ori=0.00146 ee_body=0.16077
[DONE_ROLLOUT] timeout=0.00011 anchor_pos=0.00000 anchor_ori=0.00006 ee_body=0.00670
[FIRST_FAILURE] step_mean=11.70 step_min=0 step_max=23 phase_mean=209.68 phase_min=9 phase_max=324 anchor_pos=0.00000 anchor_ori=0.00146 ee_body=0.16077 timeout=0.00256
[TRACK_CHUNK0] anchor_pos=0.57008 anchor_ori=0.69595 body_pos=0.87214 body_ori=0.49506 body_lin=0.57681 body_ang=0.44794
[TRACK_ROLLOUT] anchor_pos=0.56317 anchor_ori=0.69593 body_pos=0.86990 body_ori=0.49238 body_lin=0.57180 body_ang=0.44482
[TRAIN_COST] action_rate=4.83552 joint_limit=0.00680 undesired_contacts=1.58594
[REWARD_WEIGHTED] pos=0.06017 penalty=-0.01405 total=0.04612 act_rate=-0.00958 contacts=-0.00311
[ACT_GREEDY] abs_mean=0.8267 abs_p95=2.4049 abs_p99=3.2016 abs_max=9.6799 legs=0.8745 waist=0.6918 arms=0.8147
[ACT_ROLLOUT] abs_mean=0.8484 abs_p95=2.4033 abs_p99=3.2327 abs_max=18.7865 abs_max_all=18.7865
[SAMPLER] top_bin=0 top_prob=0.217 peak_bin=5 failed_sum=88.7222 entropy=0.9439
[TRAIN_BODY] torso_ori=11.58deg l_wrist_ori=18.40deg r_wrist_ori=21.27deg l_elbow_ori=16.20deg r_elbow_ori=16.63deg l_shoulder_ori=14.41deg r_shoulder_ori=17.24deg
[TRAIN_ANG] torso=1.874 l_wrist=3.347 r_wrist=3.639 l_elbow=2.949 r_elbow=3.150 l_shoulder=2.488 r_shoulder=2.640
[TRAIN_ACT] l_wrist_r=0.4429 l_wrist_p=1.2186 l_wrist_y=0.8443 r_wrist_r=0.5255 r_wrist_p=0.5648 r_wrist_y=0.6891 l_elbow=0.5824 r_elbow=0.4911
[UPDATE] 466/500 reward_step=0.04626 done_frac=0.00735 mean_reward=6.66166 mean_len=144.17
[FPO++] actor_loss=-0.00371 value_loss=0.11095 ratio=0.9997 [0.886,1.123] clip_frac=0.1013 cfm_old=0.6331 cfm_new=0.6334 kl=0.000090 grad=0.1553 grad_c=0.5983 lr=0.000577 critic_lr=0.000577
[TRAIN] mean_reward=6.66166 mean_len=144.17 recent_eps=100 completed_eps=5890662
[UPDATE_EFFECT] action_delta=0.00844765 param_rms_delta=0.00033714
[TIME] collect=4.757s update=5.818s
[DONE] timeout=0.00378 anchor_pos=0.00000 anchor_ori=0.00146 ee_body=0.17114
[DONE_ROLLOUT] timeout=0.00016 anchor_pos=0.00000 anchor_ori=0.00006 ee_body=0.00715
[FIRST_FAILURE] step_mean=11.39 step_min=0 step_max=23 phase_mean=210.82 phase_min=14 phase_max=324 anchor_pos=0.00000 anchor_ori=0.00146 ee_body=0.17114 timeout=0.00378
[TRACK_CHUNK0] anchor_pos=0.56012 anchor_ori=0.69585 body_pos=0.86760 body_ori=0.48771 body_lin=0.57182 body_ang=0.44392
[TRACK_ROLLOUT] anchor_pos=0.56410 anchor_ori=0.69625 body_pos=0.86820 body_ori=0.48955 body_lin=0.56864 body_ang=0.44045
[TRAIN_COST] action_rate=4.79970 joint_limit=0.00674 undesired_contacts=1.53882
[REWARD_WEIGHTED] pos=0.05994 penalty=-0.01403 total=0.04591 act_rate=-0.00969 contacts=-0.00303
[ACT_GREEDY] abs_mean=0.8229 abs_p95=2.3899 abs_p99=3.1810 abs_max=5.6081 legs=0.8687 waist=0.6855 arms=0.8132
[ACT_ROLLOUT] abs_mean=0.8484 abs_p95=2.4070 abs_p99=3.2273 abs_max=23.0818 abs_max_all=23.0818
[SAMPLER] top_bin=0 top_prob=0.216 peak_bin=5 failed_sum=88.0159 entropy=0.9438
[TRAIN_BODY] torso_ori=11.57deg l_wrist_ori=18.58deg r_wrist_ori=21.25deg l_elbow_ori=16.42deg r_elbow_ori=16.95deg l_shoulder_ori=14.42deg r_shoulder_ori=17.46deg
[TRAIN_ANG] torso=1.895 l_wrist=3.373 r_wrist=3.624 l_elbow=3.007 r_elbow=3.154 l_shoulder=2.523 r_shoulder=2.662
[TRAIN_ACT] l_wrist_r=0.4453 l_wrist_p=1.2206 l_wrist_y=0.8324 r_wrist_r=0.5131 r_wrist_p=0.5717 r_wrist_y=0.6975 l_elbow=0.5940 r_elbow=0.4983
[UPDATE] 467/500 reward_step=0.04626 done_frac=0.00739 mean_reward=5.92521 mean_len=128.01
[FPO++] actor_loss=-0.00251 value_loss=0.11160 ratio=0.9995 [0.891,1.167] clip_frac=0.0970 cfm_old=0.6309 cfm_new=0.6315 kl=0.000102 grad=0.1331 grad_c=1.6280 lr=0.000577 critic_lr=0.000577
[TRAIN] mean_reward=5.92521 mean_len=128.01 recent_eps=100 completed_eps=5892114
[UPDATE_EFFECT] action_delta=0.01025065 param_rms_delta=0.00034255
[TIME] collect=4.636s update=5.806s
[DONE] timeout=0.00220 anchor_pos=0.00000 anchor_ori=0.00073 ee_body=0.17371
[DONE_ROLLOUT] timeout=0.00009 anchor_pos=0.00000 anchor_ori=0.00003 ee_body=0.00727
[FIRST_FAILURE] step_mean=11.52 step_min=0 step_max=23 phase_mean=205.91 phase_min=14 phase_max=324 anchor_pos=0.00000 anchor_ori=0.00073 ee_body=0.17371 timeout=0.00220
[TRACK_CHUNK0] anchor_pos=0.56654 anchor_ori=0.69672 body_pos=0.86935 body_ori=0.49257 body_lin=0.56572 body_ang=0.44103
[TRACK_ROLLOUT] anchor_pos=0.56561 anchor_ori=0.69452 body_pos=0.86905 body_ori=0.49527 body_lin=0.56733 body_ang=0.44151
[TRAIN_COST] action_rate=4.81504 joint_limit=0.00642 undesired_contacts=1.53040
[REWARD_WEIGHTED] pos=0.06006 penalty=-0.01402 total=0.04604 act_rate=-0.00960 contacts=-0.00311
[ACT_GREEDY] abs_mean=0.8208 abs_p95=2.3929 abs_p99=3.1809 abs_max=10.2471 legs=0.8684 waist=0.6874 arms=0.8086
[ACT_ROLLOUT] abs_mean=0.8484 abs_p95=2.4094 abs_p99=3.2350 abs_max=26.4364 abs_max_all=26.4364
[SAMPLER] top_bin=0 top_prob=0.216 peak_bin=5 failed_sum=87.3454 entropy=0.9438
[TRAIN_BODY] torso_ori=11.60deg l_wrist_ori=18.40deg r_wrist_ori=20.96deg l_elbow_ori=16.14deg r_elbow_ori=16.81deg l_shoulder_ori=14.59deg r_shoulder_ori=17.29deg
[TRAIN_ANG] torso=1.903 l_wrist=3.366 r_wrist=3.679 l_elbow=3.002 r_elbow=3.206 l_shoulder=2.534 r_shoulder=2.676
[TRAIN_ACT] l_wrist_r=0.4332 l_wrist_p=1.2118 l_wrist_y=0.8610 r_wrist_r=0.5041 r_wrist_p=0.5869 r_wrist_y=0.7057 l_elbow=0.5788 r_elbow=0.4895
[UPDATE] 468/500 reward_step=0.04657 done_frac=0.00723 mean_reward=7.05411 mean_len=153.61
[FPO++] actor_loss=-0.00379 value_loss=0.10033 ratio=0.9994 [0.599,1.119] clip_frac=0.1154 cfm_old=0.6273 cfm_new=0.6279 kl=0.000108 grad=0.1542 grad_c=0.5832 lr=0.000384 critic_lr=0.000384
[TRAIN] mean_reward=7.05411 mean_len=153.61 recent_eps=100 completed_eps=5893535
[UPDATE_EFFECT] action_delta=0.00620577 param_rms_delta=0.00025436
[TIME] collect=4.668s update=5.811s
[DONE] timeout=0.00415 anchor_pos=0.00000 anchor_ori=0.00049 ee_body=0.16858
[DONE_ROLLOUT] timeout=0.00017 anchor_pos=0.00000 anchor_ori=0.00002 ee_body=0.00705
[FIRST_FAILURE] step_mean=11.68 step_min=0 step_max=23 phase_mean=210.87 phase_min=12 phase_max=324 anchor_pos=0.00000 anchor_ori=0.00049 ee_body=0.16858 timeout=0.00415
[TRACK_CHUNK0] anchor_pos=0.56751 anchor_ori=0.69016 body_pos=0.86955 body_ori=0.49632 body_lin=0.57068 body_ang=0.44289
[TRACK_ROLLOUT] anchor_pos=0.56584 anchor_ori=0.69007 body_pos=0.86839 body_ori=0.49674 body_lin=0.57089 body_ang=0.44354
[TRAIN_COST] action_rate=4.79026 joint_limit=0.00678 undesired_contacts=1.57483
[REWARD_WEIGHTED] pos=0.06015 penalty=-0.01403 total=0.04612 act_rate=-0.00961 contacts=-0.00311
[ACT_GREEDY] abs_mean=0.8239 abs_p95=2.3955 abs_p99=3.2091 abs_max=7.4255 legs=0.8772 waist=0.6921 arms=0.8065
[ACT_ROLLOUT] abs_mean=0.8460 abs_p95=2.3982 abs_p99=3.2207 abs_max=58.2689 abs_max_all=58.2689
[SAMPLER] top_bin=0 top_prob=0.215 peak_bin=5 failed_sum=86.6455 entropy=0.9438
[TRAIN_BODY] torso_ori=11.82deg l_wrist_ori=18.29deg r_wrist_ori=20.66deg l_elbow_ori=16.32deg r_elbow_ori=16.69deg l_shoulder_ori=14.58deg r_shoulder_ori=17.20deg
[TRAIN_ANG] torso=1.902 l_wrist=3.408 r_wrist=3.646 l_elbow=3.008 r_elbow=3.143 l_shoulder=2.524 r_shoulder=2.665
[TRAIN_ACT] l_wrist_r=0.4294 l_wrist_p=1.1788 l_wrist_y=0.8664 r_wrist_r=0.4849 r_wrist_p=0.5805 r_wrist_y=0.6784 l_elbow=0.5876 r_elbow=0.5017
[UPDATE] 469/500 reward_step=0.04682 done_frac=0.00735 mean_reward=5.76939 mean_len=125.98
[FPO++] actor_loss=-0.00278 value_loss=0.09280 ratio=0.9994 [0.843,1.209] clip_frac=0.0858 cfm_old=0.6259 cfm_new=0.6266 kl=0.000094 grad=0.1135 grad_c=0.2728 lr=0.000577 critic_lr=0.000577
[TRAIN] mean_reward=5.76939 mean_len=125.98 recent_eps=100 completed_eps=5894981
[UPDATE_EFFECT] action_delta=0.00736796 param_rms_delta=0.00034014
[TIME] collect=4.648s update=5.815s
[DONE] timeout=0.00354 anchor_pos=0.00000 anchor_ori=0.00122 ee_body=0.17175
[DONE_ROLLOUT] timeout=0.00015 anchor_pos=0.00000 anchor_ori=0.00005 ee_body=0.00718
[FIRST_FAILURE] step_mean=11.27 step_min=0 step_max=23 phase_mean=208.16 phase_min=12 phase_max=324 anchor_pos=0.00000 anchor_ori=0.00122 ee_body=0.17175 timeout=0.00354
[TRACK_CHUNK0] anchor_pos=0.56865 anchor_ori=0.68916 body_pos=0.86814 body_ori=0.49900 body_lin=0.57137 body_ang=0.44440
[TRACK_ROLLOUT] anchor_pos=0.57276 anchor_ori=0.69230 body_pos=0.86951 body_ori=0.50221 body_lin=0.57092 body_ang=0.44432
[TRAIN_COST] action_rate=4.84056 joint_limit=0.00627 undesired_contacts=1.56458
[REWARD_WEIGHTED] pos=0.06039 penalty=-0.01398 total=0.04641 act_rate=-0.00959 contacts=-0.00311
[ACT_GREEDY] abs_mean=0.8190 abs_p95=2.3834 abs_p99=3.1778 abs_max=5.3761 legs=0.8753 waist=0.6817 arms=0.8001
[ACT_ROLLOUT] abs_mean=0.8438 abs_p95=2.3971 abs_p99=3.2133 abs_max=21.8868 abs_max_all=21.8868
[SAMPLER] top_bin=0 top_prob=0.214 peak_bin=5 failed_sum=85.9903 entropy=0.9437
[TRAIN_BODY] torso_ori=11.81deg l_wrist_ori=18.40deg r_wrist_ori=20.58deg l_elbow_ori=16.18deg r_elbow_ori=16.87deg l_shoulder_ori=14.26deg r_shoulder_ori=17.32deg
[TRAIN_ANG] torso=1.909 l_wrist=3.385 r_wrist=3.689 l_elbow=2.997 r_elbow=3.195 l_shoulder=2.542 r_shoulder=2.694
[TRAIN_ACT] l_wrist_r=0.4304 l_wrist_p=1.1728 l_wrist_y=0.8367 r_wrist_r=0.4879 r_wrist_p=0.5743 r_wrist_y=0.6798 l_elbow=0.5899 r_elbow=0.4970
[UPDATE] 470/500 reward_step=0.04678 done_frac=0.00730 mean_reward=6.75970 mean_len=146.59
[FPO++] actor_loss=-0.00415 value_loss=0.09953 ratio=0.9994 [0.904,1.077] clip_frac=0.0896 cfm_old=0.6278 cfm_new=0.6284 kl=0.000092 grad=0.1258 grad_c=0.3687 lr=0.000577 critic_lr=0.000577
[TRAIN] mean_reward=6.75970 mean_len=146.59 recent_eps=100 completed_eps=5896417
[UPDATE_EFFECT] action_delta=0.00888510 param_rms_delta=0.00034271
[TIME] collect=4.607s update=5.807s
[DONE] timeout=0.00464 anchor_pos=0.00012 anchor_ori=0.00049 ee_body=0.16968
[DONE_ROLLOUT] timeout=0.00019 anchor_pos=0.00001 anchor_ori=0.00002 ee_body=0.00710
[FIRST_FAILURE] step_mean=11.24 step_min=0 step_max=23 phase_mean=212.95 phase_min=17 phase_max=324 anchor_pos=0.00012 anchor_ori=0.00049 ee_body=0.16956 timeout=0.00464
[TRACK_CHUNK0] anchor_pos=0.57265 anchor_ori=0.69747 body_pos=0.86911 body_ori=0.50184 body_lin=0.56654 body_ang=0.43983
[TRACK_ROLLOUT] anchor_pos=0.57373 anchor_ori=0.69734 body_pos=0.86863 body_ori=0.49945 body_lin=0.56914 body_ang=0.44118
[TRAIN_COST] action_rate=4.81909 joint_limit=0.00624 undesired_contacts=1.53284
[REWARD_WEIGHTED] pos=0.06028 penalty=-0.01398 total=0.04630 act_rate=-0.00966 contacts=-0.00306
[ACT_GREEDY] abs_mean=0.8175 abs_p95=2.3733 abs_p99=3.1697 abs_max=8.7382 legs=0.8705 waist=0.6827 arms=0.8009
[ACT_ROLLOUT] abs_mean=0.8418 abs_p95=2.3879 abs_p99=3.2074 abs_max=17.7095 abs_max_all=17.7095
[SAMPLER] top_bin=0 top_prob=0.213 peak_bin=5 failed_sum=85.3319 entropy=0.9436
[TRAIN_BODY] torso_ori=11.55deg l_wrist_ori=18.22deg r_wrist_ori=20.25deg l_elbow_ori=16.00deg r_elbow_ori=16.64deg l_shoulder_ori=14.19deg r_shoulder_ori=17.44deg
[TRAIN_ANG] torso=1.906 l_wrist=3.404 r_wrist=3.682 l_elbow=3.019 r_elbow=3.192 l_shoulder=2.547 r_shoulder=2.697
[TRAIN_ACT] l_wrist_r=0.4322 l_wrist_p=1.1964 l_wrist_y=0.8545 r_wrist_r=0.4811 r_wrist_p=0.5712 r_wrist_y=0.6785 l_elbow=0.5776 r_elbow=0.4964
[UPDATE] 471/500 reward_step=0.04662 done_frac=0.00746 mean_reward=6.14735 mean_len=132.01
[FPO++] actor_loss=-0.00380 value_loss=0.09936 ratio=0.9995 [0.880,1.087] clip_frac=0.1233 cfm_old=0.6284 cfm_new=0.6290 kl=0.000124 grad=0.1522 grad_c=0.2885 lr=0.000577 critic_lr=0.000577
[TRAIN] mean_reward=6.14735 mean_len=132.01 recent_eps=100 completed_eps=5897883
[UPDATE_EFFECT] action_delta=0.00850479 param_rms_delta=0.00034194
[TIME] collect=4.704s update=5.819s
[DONE] timeout=0.00476 anchor_pos=0.00012 anchor_ori=0.00122 ee_body=0.17151
[DONE_ROLLOUT] timeout=0.00020 anchor_pos=0.00001 anchor_ori=0.00005 ee_body=0.00721
[FIRST_FAILURE] step_mean=11.62 step_min=0 step_max=23 phase_mean=210.69 phase_min=15 phase_max=324 anchor_pos=0.00012 anchor_ori=0.00122 ee_body=0.17151 timeout=0.00476
[TRACK_CHUNK0] anchor_pos=0.57382 anchor_ori=0.69679 body_pos=0.86748 body_ori=0.49611 body_lin=0.56836 body_ang=0.44010
[TRACK_ROLLOUT] anchor_pos=0.57162 anchor_ori=0.69709 body_pos=0.86641 body_ori=0.49569 body_lin=0.56581 body_ang=0.44059
[TRAIN_COST] action_rate=4.84251 joint_limit=0.00644 undesired_contacts=1.53162
[REWARD_WEIGHTED] pos=0.06006 penalty=-0.01393 total=0.04612 act_rate=-0.00961 contacts=-0.00304
[ACT_GREEDY] abs_mean=0.8177 abs_p95=2.3807 abs_p99=3.1899 abs_max=11.0135 legs=0.8714 waist=0.6806 arms=0.8011
[ACT_ROLLOUT] abs_mean=0.8430 abs_p95=2.3879 abs_p99=3.2077 abs_max=18.2587 abs_max_all=18.2587
[SAMPLER] top_bin=0 top_prob=0.213 peak_bin=5 failed_sum=84.7183 entropy=0.9435
[TRAIN_BODY] torso_ori=11.62deg l_wrist_ori=18.56deg r_wrist_ori=20.56deg l_elbow_ori=16.30deg r_elbow_ori=16.88deg l_shoulder_ori=14.34deg r_shoulder_ori=17.50deg
[TRAIN_ANG] torso=1.899 l_wrist=3.420 r_wrist=3.646 l_elbow=3.032 r_elbow=3.160 l_shoulder=2.554 r_shoulder=2.704
[TRAIN_ACT] l_wrist_r=0.4289 l_wrist_p=1.1805 l_wrist_y=0.8683 r_wrist_r=0.4878 r_wrist_p=0.5765 r_wrist_y=0.6819 l_elbow=0.5827 r_elbow=0.4927
[UPDATE] 472/500 reward_step=0.04692 done_frac=0.00756 mean_reward=6.03959 mean_len=133.06
[FPO++] actor_loss=-0.00273 value_loss=0.09908 ratio=0.9992 [0.877,1.121] clip_frac=0.1246 cfm_old=0.6284 cfm_new=0.6292 kl=0.000114 grad=0.1766 grad_c=0.2420 lr=0.000577 critic_lr=0.000577
[TRAIN] mean_reward=6.03959 mean_len=133.06 recent_eps=100 completed_eps=5899369
[UPDATE_EFFECT] action_delta=0.00869872 param_rms_delta=0.00034166
[TIME] collect=4.675s update=5.809s
[DONE] timeout=0.00513 anchor_pos=0.00012 anchor_ori=0.00171 ee_body=0.17407
[DONE_ROLLOUT] timeout=0.00021 anchor_pos=0.00001 anchor_ori=0.00007 ee_body=0.00728
[FIRST_FAILURE] step_mean=11.25 step_min=0 step_max=23 phase_mean=209.66 phase_min=15 phase_max=324 anchor_pos=0.00012 anchor_ori=0.00171 ee_body=0.17407 timeout=0.00513
[TRACK_CHUNK0] anchor_pos=0.57263 anchor_ori=0.69770 body_pos=0.86542 body_ori=0.49719 body_lin=0.56399 body_ang=0.44036
[TRACK_ROLLOUT] anchor_pos=0.57645 anchor_ori=0.69661 body_pos=0.86707 body_ori=0.50073 body_lin=0.56896 body_ang=0.44335
[TRAIN_COST] action_rate=4.85450 joint_limit=0.00655 undesired_contacts=1.51990
[REWARD_WEIGHTED] pos=0.06033 penalty=-0.01392 total=0.04641 act_rate=-0.00961 contacts=-0.00305
[ACT_GREEDY] abs_mean=0.8219 abs_p95=2.3895 abs_p99=3.1719 abs_max=12.7386 legs=0.8729 waist=0.6862 arms=0.8072
[ACT_ROLLOUT] abs_mean=0.8457 abs_p95=2.3985 abs_p99=3.2124 abs_max=16.3739 abs_max_all=16.3739
[SAMPLER] top_bin=4 top_prob=0.213 peak_bin=5 failed_sum=84.1355 entropy=0.9434
[TRAIN_BODY] torso_ori=11.59deg l_wrist_ori=18.60deg r_wrist_ori=20.99deg l_elbow_ori=16.18deg r_elbow_ori=17.19deg l_shoulder_ori=14.19deg r_shoulder_ori=17.75deg
[TRAIN_ANG] torso=1.902 l_wrist=3.394 r_wrist=3.717 l_elbow=3.005 r_elbow=3.236 l_shoulder=2.548 r_shoulder=2.723
[TRAIN_ACT] l_wrist_r=0.4321 l_wrist_p=1.1869 l_wrist_y=0.8765 r_wrist_r=0.5110 r_wrist_p=0.5677 r_wrist_y=0.6863 l_elbow=0.5859 r_elbow=0.5052
[UPDATE] 473/500 reward_step=0.04704 done_frac=0.00711 mean_reward=5.73116 mean_len=125.21
[FPO++] actor_loss=-0.00356 value_loss=0.09711 ratio=0.9996 [0.930,1.077] clip_frac=0.0806 cfm_old=0.6204 cfm_new=0.6209 kl=0.000094 grad=0.1016 grad_c=0.4477 lr=0.000577 critic_lr=0.000577
[TRAIN] mean_reward=5.73116 mean_len=125.21 recent_eps=100 completed_eps=5900766
[UPDATE_EFFECT] action_delta=0.00733821 param_rms_delta=0.00034305
[TIME] collect=4.659s update=5.817s
[DONE] timeout=0.00354 anchor_pos=0.00000 anchor_ori=0.00159 ee_body=0.16553
[DONE_ROLLOUT] timeout=0.00015 anchor_pos=0.00000 anchor_ori=0.00007 ee_body=0.00693
[FIRST_FAILURE] step_mean=11.42 step_min=0 step_max=23 phase_mean=211.84 phase_min=15 phase_max=324 anchor_pos=0.00000 anchor_ori=0.00159 ee_body=0.16553 timeout=0.00354
[TRACK_CHUNK0] anchor_pos=0.57610 anchor_ori=0.69627 body_pos=0.86824 body_ori=0.50375 body_lin=0.57053 body_ang=0.44458
[TRACK_ROLLOUT] anchor_pos=0.57384 anchor_ori=0.69560 body_pos=0.86693 body_ori=0.50021 body_lin=0.57065 body_ang=0.44692
[TRAIN_COST] action_rate=4.73259 joint_limit=0.00605 undesired_contacts=1.51929
[REWARD_WEIGHTED] pos=0.06039 penalty=-0.01363 total=0.04675 act_rate=-0.00942 contacts=-0.00303
[ACT_GREEDY] abs_mean=0.8208 abs_p95=2.3940 abs_p99=3.1719 abs_max=5.8500 legs=0.8735 waist=0.6904 arms=0.8036
[ACT_ROLLOUT] abs_mean=0.8442 abs_p95=2.3937 abs_p99=3.2149 abs_max=14.7838 abs_max_all=14.7838
[SAMPLER] top_bin=4 top_prob=0.214 peak_bin=5 failed_sum=83.4936 entropy=0.9433
[TRAIN_BODY] torso_ori=11.63deg l_wrist_ori=18.15deg r_wrist_ori=20.51deg l_elbow_ori=15.73deg r_elbow_ori=16.64deg l_shoulder_ori=14.00deg r_shoulder_ori=17.45deg
[TRAIN_ANG] torso=1.877 l_wrist=3.356 r_wrist=3.659 l_elbow=2.958 r_elbow=3.158 l_shoulder=2.514 r_shoulder=2.661
[TRAIN_ACT] l_wrist_r=0.4171 l_wrist_p=1.1872 l_wrist_y=0.8597 r_wrist_r=0.4989 r_wrist_p=0.5626 r_wrist_y=0.6857 l_elbow=0.5814 r_elbow=0.4905
[UPDATE] 474/500 reward_step=0.04717 done_frac=0.00734 mean_reward=6.41247 mean_len=137.03
[FPO++] actor_loss=-0.00399 value_loss=0.09684 ratio=0.9993 [0.843,1.154] clip_frac=0.1016 cfm_old=0.6186 cfm_new=0.6193 kl=0.000109 grad=0.1393 grad_c=0.4134 lr=0.000577 critic_lr=0.000577
[TRAIN] mean_reward=6.41247 mean_len=137.03 recent_eps=100 completed_eps=5902210
[UPDATE_EFFECT] action_delta=0.00817985 param_rms_delta=0.00034122
[TIME] collect=4.633s update=5.818s
[DONE] timeout=0.00476 anchor_pos=0.00000 anchor_ori=0.00159 ee_body=0.16956
[DONE_ROLLOUT] timeout=0.00020 anchor_pos=0.00000 anchor_ori=0.00007 ee_body=0.00709
[FIRST_FAILURE] step_mean=11.26 step_min=0 step_max=23 phase_mean=213.76 phase_min=18 phase_max=324 anchor_pos=0.00000 anchor_ori=0.00159 ee_body=0.16956 timeout=0.00476
[TRACK_CHUNK0] anchor_pos=0.57193 anchor_ori=0.69560 body_pos=0.86505 body_ori=0.49797 body_lin=0.56676 body_ang=0.44410
[TRACK_ROLLOUT] anchor_pos=0.57508 anchor_ori=0.69618 body_pos=0.86765 body_ori=0.50207 body_lin=0.56810 body_ang=0.44450
[TRAIN_COST] action_rate=4.70283 joint_limit=0.00634 undesired_contacts=1.51282
[REWARD_WEIGHTED] pos=0.06036 penalty=-0.01367 total=0.04669 act_rate=-0.00942 contacts=-0.00301
[ACT_GREEDY] abs_mean=0.8233 abs_p95=2.3885 abs_p99=3.1884 abs_max=15.9831 legs=0.8729 waist=0.6980 arms=0.8077
[ACT_ROLLOUT] abs_mean=0.8453 abs_p95=2.4019 abs_p99=3.2181 abs_max=26.4671 abs_max_all=26.4671
[SAMPLER] top_bin=4 top_prob=0.215 peak_bin=5 failed_sum=82.9012 entropy=0.9432
[TRAIN_BODY] torso_ori=11.68deg l_wrist_ori=18.34deg r_wrist_ori=20.96deg l_elbow_ori=15.98deg r_elbow_ori=17.05deg l_shoulder_ori=14.56deg r_shoulder_ori=17.60deg
[TRAIN_ANG] torso=1.885 l_wrist=3.375 r_wrist=3.673 l_elbow=2.992 r_elbow=3.176 l_shoulder=2.535 r_shoulder=2.659
[TRAIN_ACT] l_wrist_r=0.4260 l_wrist_p=1.1994 l_wrist_y=0.8667 r_wrist_r=0.5119 r_wrist_p=0.5605 r_wrist_y=0.6914 l_elbow=0.5794 r_elbow=0.4895
[UPDATE] 475/500 reward_step=0.04709 done_frac=0.00698 mean_reward=6.41504 mean_len=138.99
[FPO++] actor_loss=-0.00458 value_loss=0.09862 ratio=0.9993 [0.824,1.115] clip_frac=0.1045 cfm_old=0.6196 cfm_new=0.6203 kl=0.000108 grad=0.1676 grad_c=0.3887 lr=0.000171 critic_lr=0.000171
[TRAIN] mean_reward=6.41504 mean_len=138.99 recent_eps=100 completed_eps=5903582
[UPDATE_EFFECT] action_delta=0.00631448 param_rms_delta=0.00016405
[TIME] collect=4.587s update=5.811s
[DONE] timeout=0.00476 anchor_pos=0.00000 anchor_ori=0.00098 ee_body=0.16113
[DONE_ROLLOUT] timeout=0.00020 anchor_pos=0.00000 anchor_ori=0.00004 ee_body=0.00676
[FIRST_FAILURE] step_mean=11.40 step_min=0 step_max=23 phase_mean=214.72 phase_min=12 phase_max=324 anchor_pos=0.00000 anchor_ori=0.00098 ee_body=0.16113 timeout=0.00476
[TRACK_CHUNK0] anchor_pos=0.57581 anchor_ori=0.69359 body_pos=0.86773 body_ori=0.50070 body_lin=0.56941 body_ang=0.44581
[TRACK_ROLLOUT] anchor_pos=0.57545 anchor_ori=0.69315 body_pos=0.86673 body_ori=0.49892 body_lin=0.56936 body_ang=0.44499
[TRAIN_COST] action_rate=4.68071 joint_limit=0.00610 undesired_contacts=1.51074
[REWARD_WEIGHTED] pos=0.06029 penalty=-0.01371 total=0.04658 act_rate=-0.00945 contacts=-0.00304
[ACT_GREEDY] abs_mean=0.8231 abs_p95=2.4086 abs_p99=3.2040 abs_max=5.4891 legs=0.8734 waist=0.6842 arms=0.8097
[ACT_ROLLOUT] abs_mean=0.8473 abs_p95=2.4122 abs_p99=3.2327 abs_max=14.7700 abs_max_all=14.7700
[SAMPLER] top_bin=4 top_prob=0.215 peak_bin=5 failed_sum=82.2531 entropy=0.9431
[TRAIN_BODY] torso_ori=11.69deg l_wrist_ori=18.35deg r_wrist_ori=20.66deg l_elbow_ori=16.05deg r_elbow_ori=16.90deg l_shoulder_ori=14.64deg r_shoulder_ori=17.12deg
[TRAIN_ANG] torso=1.882 l_wrist=3.348 r_wrist=3.629 l_elbow=2.970 r_elbow=3.151 l_shoulder=2.534 r_shoulder=2.670
[TRAIN_ACT] l_wrist_r=0.4123 l_wrist_p=1.2103 l_wrist_y=0.8525 r_wrist_r=0.5128 r_wrist_p=0.5678 r_wrist_y=0.7065 l_elbow=0.5699 r_elbow=0.4834
[UPDATE] 476/500 reward_step=0.04695 done_frac=0.00714 mean_reward=5.70814 mean_len=124.15
[FPO++] actor_loss=-0.00580 value_loss=0.10196 ratio=0.9995 [0.912,1.097] clip_frac=0.0821 cfm_old=0.6193 cfm_new=0.6198 kl=0.000088 grad=0.1093 grad_c=0.4054 lr=0.000577 critic_lr=0.000577
[TRAIN] mean_reward=5.70814 mean_len=124.15 recent_eps=100 completed_eps=5904985
[UPDATE_EFFECT] action_delta=0.00784717 param_rms_delta=0.00034204
[TIME] collect=4.537s update=5.813s
[DONE] timeout=0.00415 anchor_pos=0.00000 anchor_ori=0.00183 ee_body=0.16528
[DONE_ROLLOUT] timeout=0.00017 anchor_pos=0.00000 anchor_ori=0.00008 ee_body=0.00691
[FIRST_FAILURE] step_mean=11.52 step_min=0 step_max=23 phase_mean=215.37 phase_min=13 phase_max=324 anchor_pos=0.00000 anchor_ori=0.00183 ee_body=0.16528 timeout=0.00415
[TRACK_CHUNK0] anchor_pos=0.57449 anchor_ori=0.69133 body_pos=0.86613 body_ori=0.49880 body_lin=0.56834 body_ang=0.44684
[TRACK_ROLLOUT] anchor_pos=0.57586 anchor_ori=0.69293 body_pos=0.86613 body_ori=0.49832 body_lin=0.56928 body_ang=0.44559
[TRAIN_COST] action_rate=4.73578 joint_limit=0.00619 undesired_contacts=1.52026
[REWARD_WEIGHTED] pos=0.06027 penalty=-0.01376 total=0.04652 act_rate=-0.00942 contacts=-0.00307
[ACT_GREEDY] abs_mean=0.8268 abs_p95=2.4186 abs_p99=3.2029 abs_max=5.9199 legs=0.8769 waist=0.6952 arms=0.8122
[ACT_ROLLOUT] abs_mean=0.8511 abs_p95=2.4225 abs_p99=3.2475 abs_max=28.9925 abs_max_all=28.9925
[SAMPLER] top_bin=4 top_prob=0.216 peak_bin=5 failed_sum=81.6550 entropy=0.9429
[TRAIN_BODY] torso_ori=11.76deg l_wrist_ori=18.57deg r_wrist_ori=20.59deg l_elbow_ori=16.04deg r_elbow_ori=16.72deg l_shoulder_ori=14.44deg r_shoulder_ori=17.12deg
[TRAIN_ANG] torso=1.888 l_wrist=3.382 r_wrist=3.640 l_elbow=3.003 r_elbow=3.151 l_shoulder=2.542 r_shoulder=2.661
[TRAIN_ACT] l_wrist_r=0.4147 l_wrist_p=1.2175 l_wrist_y=0.8458 r_wrist_r=0.5066 r_wrist_p=0.5689 r_wrist_y=0.6962 l_elbow=0.5753 r_elbow=0.4883
[UPDATE] 477/500 reward_step=0.04668 done_frac=0.00700 mean_reward=7.01195 mean_len=151.13
[FPO++] actor_loss=-0.00386 value_loss=0.09894 ratio=0.9993 [0.897,1.078] clip_frac=0.1088 cfm_old=0.6182 cfm_new=0.6189 kl=0.000107 grad=0.1468 grad_c=0.4580 lr=0.000577 critic_lr=0.000577
[TRAIN] mean_reward=7.01195 mean_len=151.13 recent_eps=100 completed_eps=5906362
[UPDATE_EFFECT] action_delta=0.00793750 param_rms_delta=0.00034600
[TIME] collect=4.736s update=5.814s
[DONE] timeout=0.00305 anchor_pos=0.00024 anchor_ori=0.00171 ee_body=0.16272
[DONE_ROLLOUT] timeout=0.00013 anchor_pos=0.00001 anchor_ori=0.00007 ee_body=0.00682
[FIRST_FAILURE] step_mean=11.60 step_min=0 step_max=23 phase_mean=210.73 phase_min=22 phase_max=324 anchor_pos=0.00012 anchor_ori=0.00171 ee_body=0.16260 timeout=0.00305
[TRACK_CHUNK0] anchor_pos=0.57880 anchor_ori=0.69035 body_pos=0.86668 body_ori=0.50036 body_lin=0.56844 body_ang=0.44426
[TRACK_ROLLOUT] anchor_pos=0.57786 anchor_ori=0.69043 body_pos=0.86548 body_ori=0.49731 body_lin=0.56946 body_ang=0.44625
[TRAIN_COST] action_rate=4.71179 joint_limit=0.00631 undesired_contacts=1.53101
[REWARD_WEIGHTED] pos=0.06025 penalty=-0.01388 total=0.04637 act_rate=-0.00947 contacts=-0.00309
[ACT_GREEDY] abs_mean=0.8256 abs_p95=2.4091 abs_p99=3.2138 abs_max=6.5393 legs=0.8769 waist=0.6903 arms=0.8107
[ACT_ROLLOUT] abs_mean=0.8516 abs_p95=2.4217 abs_p99=3.2504 abs_max=18.4582 abs_max_all=18.4582
[SAMPLER] top_bin=4 top_prob=0.217 peak_bin=5 failed_sum=81.0545 entropy=0.9427
[TRAIN_BODY] torso_ori=11.83deg l_wrist_ori=18.44deg r_wrist_ori=20.82deg l_elbow_ori=16.14deg r_elbow_ori=16.90deg l_shoulder_ori=14.71deg r_shoulder_ori=17.15deg
[TRAIN_ANG] torso=1.893 l_wrist=3.371 r_wrist=3.651 l_elbow=3.002 r_elbow=3.164 l_shoulder=2.520 r_shoulder=2.666
[TRAIN_ACT] l_wrist_r=0.4157 l_wrist_p=1.2064 l_wrist_y=0.8507 r_wrist_r=0.5064 r_wrist_p=0.5565 r_wrist_y=0.6756 l_elbow=0.5782 r_elbow=0.4975
[UPDATE] 478/500 reward_step=0.04703 done_frac=0.00668 mean_reward=5.97302 mean_len=129.87
[FPO++] actor_loss=-0.00330 value_loss=0.10016 ratio=0.9992 [0.903,1.084] clip_frac=0.1394 cfm_old=0.6174 cfm_new=0.6182 kl=0.000131 grad=0.1678 grad_c=0.4383 lr=0.000577 critic_lr=0.000577
[TRAIN] mean_reward=5.97302 mean_len=129.87 recent_eps=100 completed_eps=5907676
[UPDATE_EFFECT] action_delta=0.00990923 param_rms_delta=0.00034097
[TIME] collect=4.685s update=5.814s
[DONE] timeout=0.00439 anchor_pos=0.00000 anchor_ori=0.00110 ee_body=0.15430
[DONE_ROLLOUT] timeout=0.00018 anchor_pos=0.00000 anchor_ori=0.00005 ee_body=0.00647
[FIRST_FAILURE] step_mean=11.22 step_min=0 step_max=23 phase_mean=212.37 phase_min=17 phase_max=324 anchor_pos=0.00000 anchor_ori=0.00110 ee_body=0.15417 timeout=0.00439
[TRACK_CHUNK0] anchor_pos=0.58044 anchor_ori=0.69021 body_pos=0.86597 body_ori=0.49876 body_lin=0.57557 body_ang=0.44843
[TRACK_ROLLOUT] anchor_pos=0.58052 anchor_ori=0.69084 body_pos=0.86646 body_ori=0.49709 body_lin=0.57600 body_ang=0.45033
[TRAIN_COST] action_rate=4.75092 joint_limit=0.00656 undesired_contacts=1.57593
[REWARD_WEIGHTED] pos=0.06051 penalty=-0.01391 total=0.04660 act_rate=-0.00943 contacts=-0.00317
[ACT_GREEDY] abs_mean=0.8258 abs_p95=2.4141 abs_p99=3.2083 abs_max=5.5200 legs=0.8752 waist=0.6909 arms=0.8124
[ACT_ROLLOUT] abs_mean=0.8513 abs_p95=2.4240 abs_p99=3.2547 abs_max=8.9120 abs_max_all=8.9120
[SAMPLER] top_bin=4 top_prob=0.217 peak_bin=5 failed_sum=80.3945 entropy=0.9426
[TRAIN_BODY] torso_ori=11.88deg l_wrist_ori=18.87deg r_wrist_ori=20.76deg l_elbow_ori=16.26deg r_elbow_ori=16.85deg l_shoulder_ori=14.52deg r_shoulder_ori=16.99deg
[TRAIN_ANG] torso=1.878 l_wrist=3.371 r_wrist=3.632 l_elbow=2.986 r_elbow=3.149 l_shoulder=2.506 r_shoulder=2.676
[TRAIN_ACT] l_wrist_r=0.4170 l_wrist_p=1.2103 l_wrist_y=0.8594 r_wrist_r=0.5110 r_wrist_p=0.5626 r_wrist_y=0.6769 l_elbow=0.5836 r_elbow=0.4991
[UPDATE] 479/500 reward_step=0.04701 done_frac=0.00709 mean_reward=5.84629 mean_len=124.92
[FPO++] actor_loss=-0.00343 value_loss=0.10199 ratio=0.9993 [0.920,1.070] clip_frac=0.1059 cfm_old=0.6171 cfm_new=0.6178 kl=0.000110 grad=0.1443 grad_c=0.5451 lr=0.000384 critic_lr=0.000384
[TRAIN] mean_reward=5.84629 mean_len=124.92 recent_eps=100 completed_eps=5909070
[UPDATE_EFFECT] action_delta=0.00636209 param_rms_delta=0.00025820
[TIME] collect=4.629s update=5.813s
[DONE] timeout=0.00549 anchor_pos=0.00000 anchor_ori=0.00159 ee_body=0.16260
[DONE_ROLLOUT] timeout=0.00023 anchor_pos=0.00000 anchor_ori=0.00007 ee_body=0.00681
[FIRST_FAILURE] step_mean=11.10 step_min=0 step_max=23 phase_mean=207.78 phase_min=14 phase_max=324 anchor_pos=0.00000 anchor_ori=0.00159 ee_body=0.16260 timeout=0.00549
[TRACK_CHUNK0] anchor_pos=0.57705 anchor_ori=0.68885 body_pos=0.86430 body_ori=0.49346 body_lin=0.57499 body_ang=0.45006
[TRACK_ROLLOUT] anchor_pos=0.58241 anchor_ori=0.69027 body_pos=0.86650 body_ori=0.49550 body_lin=0.57382 body_ang=0.44791
[TRAIN_COST] action_rate=4.74000 joint_limit=0.00677 undesired_contacts=1.58569
[REWARD_WEIGHTED] pos=0.06040 penalty=-0.01396 total=0.04644 act_rate=-0.00953 contacts=-0.00316
[ACT_GREEDY] abs_mean=0.8286 abs_p95=2.4225 abs_p99=3.2185 abs_max=8.1382 legs=0.8799 waist=0.6916 arms=0.8139
[ACT_ROLLOUT] abs_mean=0.8492 abs_p95=2.4176 abs_p99=3.2526 abs_max=14.0055 abs_max_all=14.0055
[SAMPLER] top_bin=4 top_prob=0.218 peak_bin=5 failed_sum=79.8202 entropy=0.9424
[TRAIN_BODY] torso_ori=11.87deg l_wrist_ori=18.85deg r_wrist_ori=20.88deg l_elbow_ori=16.54deg r_elbow_ori=17.08deg l_shoulder_ori=14.78deg r_shoulder_ori=17.43deg
[TRAIN_ANG] torso=1.871 l_wrist=3.342 r_wrist=3.622 l_elbow=2.988 r_elbow=3.136 l_shoulder=2.512 r_shoulder=2.657
[TRAIN_ACT] l_wrist_r=0.4187 l_wrist_p=1.2208 l_wrist_y=0.8598 r_wrist_r=0.5030 r_wrist_p=0.5661 r_wrist_y=0.6759 l_elbow=0.5834 r_elbow=0.4997
[UPDATE] 480/500 reward_step=0.04740 done_frac=0.00644 mean_reward=6.06861 mean_len=131.96
[FPO++] actor_loss=-0.00368 value_loss=0.10258 ratio=0.9994 [0.521,1.799] clip_frac=0.1230 cfm_old=0.6143 cfm_new=0.6149 kl=0.000121 grad=0.1697 grad_c=0.4160 lr=0.000577 critic_lr=0.000577
[TRAIN] mean_reward=6.06861 mean_len=131.96 recent_eps=100 completed_eps=5910337
[UPDATE_EFFECT] action_delta=0.00959919 param_rms_delta=0.00035450
[TIME] collect=4.618s update=5.813s
[DONE] timeout=0.00586 anchor_pos=0.00000 anchor_ori=0.00098 ee_body=0.14758
[DONE_ROLLOUT] timeout=0.00024 anchor_pos=0.00000 anchor_ori=0.00004 ee_body=0.00617
[FIRST_FAILURE] step_mean=11.20 step_min=0 step_max=23 phase_mean=216.40 phase_min=16 phase_max=324 anchor_pos=0.00000 anchor_ori=0.00098 ee_body=0.14758 timeout=0.00586
[TRACK_CHUNK0] anchor_pos=0.58293 anchor_ori=0.69100 body_pos=0.86831 body_ori=0.49795 body_lin=0.57767 body_ang=0.44840
[TRACK_ROLLOUT] anchor_pos=0.58308 anchor_ori=0.69347 body_pos=0.86980 body_ori=0.49784 body_lin=0.57330 body_ang=0.44674
[TRAIN_COST] action_rate=4.76536 joint_limit=0.00628 undesired_contacts=1.57056
[REWARD_WEIGHTED] pos=0.06052 penalty=-0.01381 total=0.04671 act_rate=-0.00948 contacts=-0.00312
[ACT_GREEDY] abs_mean=0.8270 abs_p95=2.4090 abs_p99=3.2162 abs_max=7.4848 legs=0.8813 waist=0.6896 arms=0.8098
[ACT_ROLLOUT] abs_mean=0.8494 abs_p95=2.4130 abs_p99=3.2389 abs_max=46.1969 abs_max_all=46.1969
[SAMPLER] top_bin=4 top_prob=0.218 peak_bin=5 failed_sum=79.1312 entropy=0.9423
[TRAIN_BODY] torso_ori=11.82deg l_wrist_ori=18.80deg r_wrist_ori=20.83deg l_elbow_ori=16.46deg r_elbow_ori=17.00deg l_shoulder_ori=14.59deg r_shoulder_ori=17.18deg
[TRAIN_ANG] torso=1.872 l_wrist=3.370 r_wrist=3.635 l_elbow=2.992 r_elbow=3.144 l_shoulder=2.510 r_shoulder=2.649
[TRAIN_ACT] l_wrist_r=0.4120 l_wrist_p=1.2000 l_wrist_y=0.8672 r_wrist_r=0.4943 r_wrist_p=0.5613 r_wrist_y=0.6627 l_elbow=0.5924 r_elbow=0.5000
[UPDATE] 481/500 reward_step=0.04683 done_frac=0.00679 mean_reward=6.95567 mean_len=151.52
[FPO++] actor_loss=-0.00277 value_loss=0.10357 ratio=0.9991 [0.584,1.209] clip_frac=0.1837 cfm_old=0.6212 cfm_new=0.6221 kl=0.000167 grad=0.2489 grad_c=0.5074 lr=0.000384 critic_lr=0.000384
[TRAIN] mean_reward=6.95567 mean_len=151.52 recent_eps=100 completed_eps=5911672
[UPDATE_EFFECT] action_delta=0.00959126 param_rms_delta=0.00036736
[TIME] collect=4.612s update=5.808s
[DONE] timeout=0.00415 anchor_pos=0.00000 anchor_ori=0.00098 ee_body=0.15796
[DONE_ROLLOUT] timeout=0.00017 anchor_pos=0.00000 anchor_ori=0.00004 ee_body=0.00661
[FIRST_FAILURE] step_mean=11.41 step_min=0 step_max=23 phase_mean=213.71 phase_min=20 phase_max=324 anchor_pos=0.00000 anchor_ori=0.00098 ee_body=0.15796 timeout=0.00415
[TRACK_CHUNK0] anchor_pos=0.57901 anchor_ori=0.69201 body_pos=0.86763 body_ori=0.49438 body_lin=0.56655 body_ang=0.44172
[TRACK_ROLLOUT] anchor_pos=0.58146 anchor_ori=0.69112 body_pos=0.86848 body_ori=0.49552 body_lin=0.56882 body_ang=0.44333
[TRAIN_COST] action_rate=4.75230 joint_limit=0.00586 undesired_contacts=1.54126
[REWARD_WEIGHTED] pos=0.06025 penalty=-0.01387 total=0.04638 act_rate=-0.00957 contacts=-0.00311
[ACT_GREEDY] abs_mean=0.8294 abs_p95=2.4170 abs_p99=3.2298 abs_max=6.5092 legs=0.8818 waist=0.6899 arms=0.8143
[ACT_ROLLOUT] abs_mean=0.8530 abs_p95=2.4199 abs_p99=3.2612 abs_max=13.9659 abs_max_all=13.9659
[SAMPLER] top_bin=4 top_prob=0.219 peak_bin=5 failed_sum=78.5398 entropy=0.9421
[TRAIN_BODY] torso_ori=11.77deg l_wrist_ori=19.00deg r_wrist_ori=21.09deg l_elbow_ori=16.59deg r_elbow_ori=17.05deg l_shoulder_ori=14.86deg r_shoulder_ori=17.24deg
[TRAIN_ANG] torso=1.902 l_wrist=3.402 r_wrist=3.675 l_elbow=3.022 r_elbow=3.210 l_shoulder=2.520 r_shoulder=2.674
[TRAIN_ACT] l_wrist_r=0.4132 l_wrist_p=1.2046 l_wrist_y=0.8858 r_wrist_r=0.5009 r_wrist_p=0.5711 r_wrist_y=0.6791 l_elbow=0.5815 r_elbow=0.5017
[UPDATE] 482/500 reward_step=0.04698 done_frac=0.00660 mean_reward=6.18162 mean_len=132.65
[FPO++] actor_loss=-0.00475 value_loss=0.11142 ratio=0.9998 [0.940,1.078] clip_frac=0.0501 cfm_old=0.6206 cfm_new=0.6209 kl=0.000069 grad=0.0788 grad_c=0.3862 lr=0.000384 critic_lr=0.000384
[TRAIN] mean_reward=6.18162 mean_len=132.65 recent_eps=100 completed_eps=5912969
[UPDATE_EFFECT] action_delta=0.00644335 param_rms_delta=0.00026829
[TIME] collect=4.693s update=5.816s
[DONE] timeout=0.00415 anchor_pos=0.00000 anchor_ori=0.00037 ee_body=0.15320
[DONE_ROLLOUT] timeout=0.00017 anchor_pos=0.00000 anchor_ori=0.00002 ee_body=0.00641
[FIRST_FAILURE] step_mean=11.60 step_min=0 step_max=23 phase_mean=213.16 phase_min=14 phase_max=324 anchor_pos=0.00000 anchor_ori=0.00037 ee_body=0.15320 timeout=0.00415
[TRACK_CHUNK0] anchor_pos=0.58381 anchor_ori=0.69255 body_pos=0.86887 body_ori=0.49354 body_lin=0.57121 body_ang=0.44679
[TRACK_ROLLOUT] anchor_pos=0.58295 anchor_ori=0.68585 body_pos=0.86866 body_ori=0.49621 body_lin=0.57248 body_ang=0.44610
[TRAIN_COST] action_rate=4.73431 joint_limit=0.00582 undesired_contacts=1.55627
[REWARD_WEIGHTED] pos=0.06036 penalty=-0.01388 total=0.04647 act_rate=-0.00957 contacts=-0.00313
[ACT_GREEDY] abs_mean=0.8310 abs_p95=2.4174 abs_p99=3.2337 abs_max=4.9463 legs=0.8852 waist=0.6913 arms=0.8146
[ACT_ROLLOUT] abs_mean=0.8548 abs_p95=2.4234 abs_p99=3.2627 abs_max=16.2324 abs_max_all=16.2324
[SAMPLER] top_bin=4 top_prob=0.220 peak_bin=5 failed_sum=77.9251 entropy=0.9418
[TRAIN_BODY] torso_ori=11.75deg l_wrist_ori=19.23deg r_wrist_ori=20.97deg l_elbow_ori=16.82deg r_elbow_ori=16.91deg l_shoulder_ori=14.76deg r_shoulder_ori=17.07deg
[TRAIN_ANG] torso=1.895 l_wrist=3.380 r_wrist=3.656 l_elbow=3.017 r_elbow=3.163 l_shoulder=2.526 r_shoulder=2.664
[TRAIN_ACT] l_wrist_r=0.4201 l_wrist_p=1.2143 l_wrist_y=0.8862 r_wrist_r=0.5004 r_wrist_p=0.5719 r_wrist_y=0.6972 l_elbow=0.5856 r_elbow=0.4896
[UPDATE] 483/500 reward_step=0.04703 done_frac=0.00686 mean_reward=7.48128 mean_len=158.25
[FPO++] actor_loss=-0.00455 value_loss=0.10178 ratio=0.9994 [0.917,1.108] clip_frac=0.1277 cfm_old=0.6205 cfm_new=0.6211 kl=0.000142 grad=0.1771 grad_c=0.4836 lr=0.000256 critic_lr=0.000256
[TRAIN] mean_reward=7.48128 mean_len=158.25 recent_eps=100 completed_eps=5914318
[UPDATE_EFFECT] action_delta=0.00619658 param_rms_delta=0.00023223
[TIME] collect=4.717s update=5.815s
[DONE] timeout=0.00439 anchor_pos=0.00000 anchor_ori=0.00037 ee_body=0.15869
[DONE_ROLLOUT] timeout=0.00018 anchor_pos=0.00000 anchor_ori=0.00002 ee_body=0.00666
[FIRST_FAILURE] step_mean=11.42 step_min=0 step_max=23 phase_mean=213.40 phase_min=20 phase_max=324 anchor_pos=0.00000 anchor_ori=0.00037 ee_body=0.15869 timeout=0.00439
[TRACK_CHUNK0] anchor_pos=0.58131 anchor_ori=0.68273 body_pos=0.86852 body_ori=0.49727 body_lin=0.57303 body_ang=0.44662
[TRACK_ROLLOUT] anchor_pos=0.58184 anchor_ori=0.68482 body_pos=0.86955 body_ori=0.49756 body_lin=0.57369 body_ang=0.44678
[TRAIN_COST] action_rate=4.74845 joint_limit=0.00583 undesired_contacts=1.56628
[REWARD_WEIGHTED] pos=0.06042 penalty=-0.01388 total=0.04654 act_rate=-0.00954 contacts=-0.00315
[ACT_GREEDY] abs_mean=0.8306 abs_p95=2.4148 abs_p99=3.2251 abs_max=5.6823 legs=0.8872 waist=0.6884 arms=0.8126
[ACT_ROLLOUT] abs_mean=0.8551 abs_p95=2.4194 abs_p99=3.2503 abs_max=13.1857 abs_max_all=13.1857
[SAMPLER] top_bin=4 top_prob=0.220 peak_bin=5 failed_sum=77.3743 entropy=0.9416
[TRAIN_BODY] torso_ori=12.05deg l_wrist_ori=18.74deg r_wrist_ori=20.75deg l_elbow_ori=16.49deg r_elbow_ori=16.90deg l_shoulder_ori=14.82deg r_shoulder_ori=16.90deg
[TRAIN_ANG] torso=1.878 l_wrist=3.383 r_wrist=3.644 l_elbow=2.992 r_elbow=3.164 l_shoulder=2.518 r_shoulder=2.648
[TRAIN_ACT] l_wrist_r=0.4105 l_wrist_p=1.2018 l_wrist_y=0.8884 r_wrist_r=0.4895 r_wrist_p=0.5787 r_wrist_y=0.6789 l_elbow=0.5902 r_elbow=0.4949
[UPDATE] 484/500 reward_step=0.04709 done_frac=0.00653 mean_reward=6.68380 mean_len=146.02
[FPO++] actor_loss=-0.00433 value_loss=0.10314 ratio=0.9995 [0.945,1.084] clip_frac=0.0539 cfm_old=0.6200 cfm_new=0.6205 kl=0.000068 grad=0.0989 grad_c=0.2828 lr=0.000384 critic_lr=0.000384
[TRAIN] mean_reward=6.68380 mean_len=146.02 recent_eps=100 completed_eps=5915602
[UPDATE_EFFECT] action_delta=0.00736862 param_rms_delta=0.00026398
[TIME] collect=4.654s update=5.820s
[DONE] timeout=0.00439 anchor_pos=0.00000 anchor_ori=0.00061 ee_body=0.15088
[DONE_ROLLOUT] timeout=0.00018 anchor_pos=0.00000 anchor_ori=0.00003 ee_body=0.00632
[FIRST_FAILURE] step_mean=11.76 step_min=0 step_max=23 phase_mean=213.02 phase_min=20 phase_max=324 anchor_pos=0.00000 anchor_ori=0.00061 ee_body=0.15088 timeout=0.00439
[TRACK_CHUNK0] anchor_pos=0.58422 anchor_ori=0.68861 body_pos=0.87118 body_ori=0.50011 body_lin=0.57189 body_ang=0.44528
[TRACK_ROLLOUT] anchor_pos=0.58087 anchor_ori=0.68716 body_pos=0.86972 body_ori=0.49876 body_lin=0.57148 body_ang=0.44599
[TRAIN_COST] action_rate=4.79076 joint_limit=0.00602 undesired_contacts=1.57605
[REWARD_WEIGHTED] pos=0.06040 penalty=-0.01383 total=0.04657 act_rate=-0.00955 contacts=-0.00313
[ACT_GREEDY] abs_mean=0.8333 abs_p95=2.4150 abs_p99=3.2196 abs_max=14.1232 legs=0.8886 waist=0.6841 arms=0.8179
[ACT_ROLLOUT] abs_mean=0.8572 abs_p95=2.4260 abs_p99=3.2561 abs_max=20.6295 abs_max_all=20.6295
[SAMPLER] top_bin=4 top_prob=0.221 peak_bin=5 failed_sum=76.7726 entropy=0.9414
[TRAIN_BODY] torso_ori=11.88deg l_wrist_ori=19.02deg r_wrist_ori=20.57deg l_elbow_ori=16.60deg r_elbow_ori=16.70deg l_shoulder_ori=14.63deg r_shoulder_ori=16.73deg
[TRAIN_ANG] torso=1.883 l_wrist=3.402 r_wrist=3.676 l_elbow=3.001 r_elbow=3.181 l_shoulder=2.521 r_shoulder=2.666
[TRAIN_ACT] l_wrist_r=0.4122 l_wrist_p=1.2243 l_wrist_y=0.9091 r_wrist_r=0.4883 r_wrist_p=0.5780 r_wrist_y=0.6898 l_elbow=0.5865 r_elbow=0.4974
[UPDATE] 485/500 reward_step=0.04701 done_frac=0.00636 mean_reward=7.66867 mean_len=163.39
[FPO++] actor_loss=-0.00477 value_loss=0.10738 ratio=0.9996 [0.889,1.167] clip_frac=0.1139 cfm_old=0.6222 cfm_new=0.6226 kl=0.000125 grad=0.1492 grad_c=0.4335 lr=0.000384 critic_lr=0.000384
[TRAIN] mean_reward=7.66867 mean_len=163.39 recent_eps=100 completed_eps=5916852
[UPDATE_EFFECT] action_delta=0.00774181 param_rms_delta=0.00028512
[TIME] collect=4.653s update=5.820s
[DONE] timeout=0.00500 anchor_pos=0.00012 anchor_ori=0.00085 ee_body=0.14624
[DONE_ROLLOUT] timeout=0.00021 anchor_pos=0.00001 anchor_ori=0.00004 ee_body=0.00612
[FIRST_FAILURE] step_mean=11.73 step_min=0 step_max=23 phase_mean=210.50 phase_min=18 phase_max=324 anchor_pos=0.00012 anchor_ori=0.00085 ee_body=0.14624 timeout=0.00500
[TRACK_CHUNK0] anchor_pos=0.58100 anchor_ori=0.68743 body_pos=0.87064 body_ori=0.50179 body_lin=0.57287 body_ang=0.44752
[TRACK_ROLLOUT] anchor_pos=0.57625 anchor_ori=0.68534 body_pos=0.86868 body_ori=0.49903 body_lin=0.57195 body_ang=0.44726
[TRAIN_COST] action_rate=4.74524 joint_limit=0.00573 undesired_contacts=1.57727
[REWARD_WEIGHTED] pos=0.06035 penalty=-0.01385 total=0.04651 act_rate=-0.00954 contacts=-0.00313
[ACT_GREEDY] abs_mean=0.8328 abs_p95=2.4170 abs_p99=3.2244 abs_max=5.2869 legs=0.8897 waist=0.6871 arms=0.8153
[ACT_ROLLOUT] abs_mean=0.8587 abs_p95=2.4310 abs_p99=3.2684 abs_max=15.4919 abs_max_all=15.4919
[SAMPLER] top_bin=4 top_prob=0.221 peak_bin=5 failed_sum=76.1466 entropy=0.9411
[TRAIN_BODY] torso_ori=11.92deg l_wrist_ori=18.81deg r_wrist_ori=20.56deg l_elbow_ori=16.48deg r_elbow_ori=16.81deg l_shoulder_ori=14.64deg r_shoulder_ori=16.75deg
[TRAIN_ANG] torso=1.876 l_wrist=3.362 r_wrist=3.626 l_elbow=2.999 r_elbow=3.163 l_shoulder=2.514 r_shoulder=2.655
[TRAIN_ACT] l_wrist_r=0.4109 l_wrist_p=1.2123 l_wrist_y=0.9004 r_wrist_r=0.4837 r_wrist_p=0.5811 r_wrist_y=0.6861 l_elbow=0.5837 r_elbow=0.4934
[UPDATE] 486/500 reward_step=0.04706 done_frac=0.00652 mean_reward=8.14109 mean_len=171.05
[FPO++] actor_loss=-0.00324 value_loss=0.10332 ratio=0.9996 [0.885,1.094] clip_frac=0.1198 cfm_old=0.6197 cfm_new=0.6201 kl=0.000128 grad=0.1401 grad_c=0.3072 lr=0.000577 critic_lr=0.000577
[TRAIN] mean_reward=8.14109 mean_len=171.05 recent_eps=100 completed_eps=5918134
[UPDATE_EFFECT] action_delta=0.00841980 param_rms_delta=0.00035065
[TIME] collect=4.670s update=5.808s
[DONE] timeout=0.00464 anchor_pos=0.00000 anchor_ori=0.00122 ee_body=0.15015
[DONE_ROLLOUT] timeout=0.00019 anchor_pos=0.00000 anchor_ori=0.00005 ee_body=0.00630
[FIRST_FAILURE] step_mean=11.36 step_min=0 step_max=23 phase_mean=216.70 phase_min=2 phase_max=324 anchor_pos=0.00000 anchor_ori=0.00122 ee_body=0.15002 timeout=0.00464
[TRACK_CHUNK0] anchor_pos=0.57499 anchor_ori=0.68252 body_pos=0.86783 body_ori=0.49859 body_lin=0.57473 body_ang=0.44863
[TRACK_ROLLOUT] anchor_pos=0.57622 anchor_ori=0.68043 body_pos=0.86811 body_ori=0.50030 body_lin=0.57666 body_ang=0.45053
[TRAIN_COST] action_rate=4.83938 joint_limit=0.00630 undesired_contacts=1.57056
[REWARD_WEIGHTED] pos=0.06048 penalty=-0.01394 total=0.04654 act_rate=-0.00952 contacts=-0.00319
[ACT_GREEDY] abs_mean=0.8344 abs_p95=2.4282 abs_p99=3.2447 abs_max=18.1157 legs=0.8917 waist=0.6865 arms=0.8170
[ACT_ROLLOUT] abs_mean=0.8583 abs_p95=2.4386 abs_p99=3.2636 abs_max=23.6518 abs_max_all=23.6518
[SAMPLER] top_bin=4 top_prob=0.221 peak_bin=5 failed_sum=75.5706 entropy=0.9409
[TRAIN_BODY] torso_ori=12.08deg l_wrist_ori=18.78deg r_wrist_ori=20.68deg l_elbow_ori=16.33deg r_elbow_ori=16.84deg l_shoulder_ori=14.61deg r_shoulder_ori=16.92deg
[TRAIN_ANG] torso=1.863 l_wrist=3.396 r_wrist=3.636 l_elbow=3.000 r_elbow=3.152 l_shoulder=2.519 r_shoulder=2.663
[TRAIN_ACT] l_wrist_r=0.4078 l_wrist_p=1.2083 l_wrist_y=0.9156 r_wrist_r=0.4862 r_wrist_p=0.5860 r_wrist_y=0.6833 l_elbow=0.5926 r_elbow=0.4808
[UPDATE] 487/500 reward_step=0.04703 done_frac=0.00660 mean_reward=6.99056 mean_len=148.59
[FPO++] actor_loss=-0.00379 value_loss=0.09798 ratio=0.9995 [0.814,1.168] clip_frac=0.1169 cfm_old=0.6153 cfm_new=0.6159 kl=0.000127 grad=0.1396 grad_c=0.3182 lr=0.000384 critic_lr=0.000384
[TRAIN] mean_reward=6.99056 mean_len=148.59 recent_eps=100 completed_eps=5919431
[UPDATE_EFFECT] action_delta=0.00834643 param_rms_delta=0.00031188
[TIME] collect=4.822s update=5.819s
[DONE] timeout=0.00354 anchor_pos=0.00000 anchor_ori=0.00085 ee_body=0.15369
[DONE_ROLLOUT] timeout=0.00015 anchor_pos=0.00000 anchor_ori=0.00004 ee_body=0.00642
[FIRST_FAILURE] step_mean=11.56 step_min=0 step_max=23 phase_mean=211.08 phase_min=13 phase_max=324 anchor_pos=0.00000 anchor_ori=0.00085 ee_body=0.15369 timeout=0.00354
[TRACK_CHUNK0] anchor_pos=0.57528 anchor_ori=0.67897 body_pos=0.86902 body_ori=0.50234 body_lin=0.57610 body_ang=0.45279
[TRACK_ROLLOUT] anchor_pos=0.57503 anchor_ori=0.67935 body_pos=0.86793 body_ori=0.50227 body_lin=0.57719 body_ang=0.45160
[TRAIN_COST] action_rate=4.70087 joint_limit=0.00604 undesired_contacts=1.60205
[REWARD_WEIGHTED] pos=0.06052 penalty=-0.01390 total=0.04663 act_rate=-0.00943 contacts=-0.00324
[ACT_GREEDY] abs_mean=0.8366 abs_p95=2.4374 abs_p99=3.2366 abs_max=14.6349 legs=0.8965 waist=0.6861 arms=0.8176
[ACT_ROLLOUT] abs_mean=0.8577 abs_p95=2.4331 abs_p99=3.2559 abs_max=17.5311 abs_max_all=17.5311
[SAMPLER] top_bin=4 top_prob=0.222 peak_bin=5 failed_sum=75.0312 entropy=0.9406
[TRAIN_BODY] torso_ori=12.26deg l_wrist_ori=18.45deg r_wrist_ori=20.45deg l_elbow_ori=16.01deg r_elbow_ori=16.46deg l_shoulder_ori=14.21deg r_shoulder_ori=16.75deg
[TRAIN_ANG] torso=1.864 l_wrist=3.353 r_wrist=3.610 l_elbow=2.983 r_elbow=3.118 l_shoulder=2.536 r_shoulder=2.627
[TRAIN_ACT] l_wrist_r=0.4085 l_wrist_p=1.2325 l_wrist_y=0.8990 r_wrist_r=0.4802 r_wrist_p=0.5934 r_wrist_y=0.6827 l_elbow=0.5848 r_elbow=0.4839
[UPDATE] 488/500 reward_step=0.04673 done_frac=0.00644 mean_reward=7.64838 mean_len=162.53
[FPO++] actor_loss=-0.00415 value_loss=0.10470 ratio=0.9995 [0.711,1.150] clip_frac=0.1051 cfm_old=0.6176 cfm_new=0.6182 kl=0.000120 grad=0.1335 grad_c=0.2846 lr=0.000577 critic_lr=0.000577
[TRAIN] mean_reward=7.64838 mean_len=162.53 recent_eps=100 completed_eps=5920698
[UPDATE_EFFECT] action_delta=0.00817652 param_rms_delta=0.00035734
[TIME] collect=4.816s update=5.815s
[DONE] timeout=0.00452 anchor_pos=0.00000 anchor_ori=0.00098 ee_body=0.14868
[DONE_ROLLOUT] timeout=0.00019 anchor_pos=0.00000 anchor_ori=0.00004 ee_body=0.00623
[FIRST_FAILURE] step_mean=11.48 step_min=0 step_max=23 phase_mean=215.70 phase_min=7 phase_max=324 anchor_pos=0.00000 anchor_ori=0.00098 ee_body=0.14868 timeout=0.00452
[TRACK_CHUNK0] anchor_pos=0.57706 anchor_ori=0.67967 body_pos=0.86738 body_ori=0.49895 body_lin=0.57730 body_ang=0.45157
[TRACK_ROLLOUT] anchor_pos=0.57938 anchor_ori=0.67952 body_pos=0.86706 body_ori=0.49577 body_lin=0.57445 body_ang=0.44745
[TRAIN_COST] action_rate=4.75009 joint_limit=0.00598 undesired_contacts=1.61230
[REWARD_WEIGHTED] pos=0.06028 penalty=-0.01404 total=0.04624 act_rate=-0.00958 contacts=-0.00322
[ACT_GREEDY] abs_mean=0.8364 abs_p95=2.4304 abs_p99=3.2427 abs_max=5.7233 legs=0.8974 waist=0.6842 arms=0.8167
[ACT_ROLLOUT] abs_mean=0.8600 abs_p95=2.4441 abs_p99=3.2809 abs_max=35.4586 abs_max_all=35.4586
[SAMPLER] top_bin=4 top_prob=0.222 peak_bin=5 failed_sum=74.4671 entropy=0.9404
[TRAIN_BODY] torso_ori=12.26deg l_wrist_ori=18.75deg r_wrist_ori=20.46deg l_elbow_ori=16.47deg r_elbow_ori=16.73deg l_shoulder_ori=14.41deg r_shoulder_ori=16.75deg
[TRAIN_ANG] torso=1.868 l_wrist=3.370 r_wrist=3.596 l_elbow=3.007 r_elbow=3.096 l_shoulder=2.510 r_shoulder=2.640
[TRAIN_ACT] l_wrist_r=0.4137 l_wrist_p=1.2368 l_wrist_y=0.8870 r_wrist_r=0.4711 r_wrist_p=0.5919 r_wrist_y=0.6808 l_elbow=0.5845 r_elbow=0.4936
[UPDATE] 489/500 reward_step=0.04717 done_frac=0.00607 mean_reward=6.90319 mean_len=148.16
[FPO++] actor_loss=-0.00312 value_loss=0.10267 ratio=0.9991 [0.687,1.244] clip_frac=0.1399 cfm_old=0.6158 cfm_new=0.6168 kl=0.000128 grad=0.2402 grad_c=0.3157 lr=0.000256 critic_lr=0.000256
[TRAIN] mean_reward=6.90319 mean_len=148.16 recent_eps=100 completed_eps=5921892
[UPDATE_EFFECT] action_delta=0.00630349 param_rms_delta=0.00023591
[TIME] collect=4.774s update=5.812s
[DONE] timeout=0.00671 anchor_pos=0.00000 anchor_ori=0.00098 ee_body=0.13782
[DONE_ROLLOUT] timeout=0.00028 anchor_pos=0.00000 anchor_ori=0.00004 ee_body=0.00576
[FIRST_FAILURE] step_mean=11.23 step_min=0 step_max=23 phase_mean=218.90 phase_min=18 phase_max=324 anchor_pos=0.00000 anchor_ori=0.00098 ee_body=0.13782 timeout=0.00671
[TRACK_CHUNK0] anchor_pos=0.58358 anchor_ori=0.68288 body_pos=0.86891 body_ori=0.49525 body_lin=0.57589 body_ang=0.44845
[TRACK_ROLLOUT] anchor_pos=0.58416 anchor_ori=0.68049 body_pos=0.86921 body_ori=0.49492 body_lin=0.57521 body_ang=0.44823
[TRAIN_COST] action_rate=4.80617 joint_limit=0.00592 undesired_contacts=1.60498
[REWARD_WEIGHTED] pos=0.06040 penalty=-0.01397 total=0.04643 act_rate=-0.00958 contacts=-0.00319
[ACT_GREEDY] abs_mean=0.8351 abs_p95=2.4352 abs_p99=3.2541 abs_max=8.8317 legs=0.8917 waist=0.6893 arms=0.8177
[ACT_ROLLOUT] abs_mean=0.8581 abs_p95=2.4365 abs_p99=3.2753 abs_max=21.1244 abs_max_all=21.1244
[SAMPLER] top_bin=4 top_prob=0.223 peak_bin=5 failed_sum=73.8260 entropy=0.9401
[TRAIN_BODY] torso_ori=12.11deg l_wrist_ori=18.73deg r_wrist_ori=20.60deg l_elbow_ori=16.52deg r_elbow_ori=16.69deg l_shoulder_ori=14.74deg r_shoulder_ori=16.78deg
[TRAIN_ANG] torso=1.864 l_wrist=3.384 r_wrist=3.621 l_elbow=3.006 r_elbow=3.129 l_shoulder=2.513 r_shoulder=2.643
[TRAIN_ACT] l_wrist_r=0.4129 l_wrist_p=1.2534 l_wrist_y=0.9130 r_wrist_r=0.4753 r_wrist_p=0.5699 r_wrist_y=0.6655 l_elbow=0.5785 r_elbow=0.4884
[UPDATE] 490/500 reward_step=0.04687 done_frac=0.00616 mean_reward=7.79987 mean_len=169.15
[FPO++] actor_loss=-0.00309 value_loss=0.10868 ratio=0.9994 [0.706,1.334] clip_frac=0.1273 cfm_old=0.6153 cfm_new=0.6160 kl=0.000123 grad=0.2085 grad_c=0.2041 lr=0.000171 critic_lr=0.000171
[TRAIN] mean_reward=7.79987 mean_len=169.15 recent_eps=100 completed_eps=5923103
[UPDATE_EFFECT] action_delta=0.00615915 param_rms_delta=0.00020831
[TIME] collect=4.595s update=5.806s
[DONE] timeout=0.00464 anchor_pos=0.00024 anchor_ori=0.00024 ee_body=0.14258
[DONE_ROLLOUT] timeout=0.00019 anchor_pos=0.00001 anchor_ori=0.00001 ee_body=0.00595
[FIRST_FAILURE] step_mean=11.33 step_min=0 step_max=23 phase_mean=215.17 phase_min=15 phase_max=324 anchor_pos=0.00024 anchor_ori=0.00024 ee_body=0.14258 timeout=0.00464
[TRACK_CHUNK0] anchor_pos=0.58317 anchor_ori=0.67875 body_pos=0.86816 body_ori=0.49277 body_lin=0.57205 body_ang=0.44558
[TRACK_ROLLOUT] anchor_pos=0.58505 anchor_ori=0.67962 body_pos=0.86855 body_ori=0.49284 body_lin=0.57432 body_ang=0.44801
[TRAIN_COST] action_rate=4.77720 joint_limit=0.00608 undesired_contacts=1.58618
[REWARD_WEIGHTED] pos=0.06032 penalty=-0.01399 total=0.04633 act_rate=-0.00960 contacts=-0.00318
[ACT_GREEDY] abs_mean=0.8359 abs_p95=2.4373 abs_p99=3.2464 abs_max=9.3402 legs=0.8885 waist=0.6920 arms=0.8217
[ACT_ROLLOUT] abs_mean=0.8597 abs_p95=2.4406 abs_p99=3.2735 abs_max=22.2454 abs_max_all=22.2454
[SAMPLER] top_bin=4 top_prob=0.223 peak_bin=5 failed_sum=73.2338 entropy=0.9398
[TRAIN_BODY] torso_ori=12.29deg l_wrist_ori=18.48deg r_wrist_ori=20.94deg l_elbow_ori=16.25deg r_elbow_ori=16.77deg l_shoulder_ori=14.62deg r_shoulder_ori=16.74deg
[TRAIN_ANG] torso=1.881 l_wrist=3.404 r_wrist=3.636 l_elbow=3.003 r_elbow=3.131 l_shoulder=2.539 r_shoulder=2.650
[TRAIN_ACT] l_wrist_r=0.4151 l_wrist_p=1.2592 l_wrist_y=0.8988 r_wrist_r=0.4899 r_wrist_p=0.5871 r_wrist_y=0.6915 l_elbow=0.5834 r_elbow=0.4919
[UPDATE] 491/500 reward_step=0.04702 done_frac=0.00637 mean_reward=6.84075 mean_len=151.48
[FPO++] actor_loss=-0.00549 value_loss=0.10928 ratio=0.9995 [0.912,1.087] clip_frac=0.0852 cfm_old=0.6154 cfm_new=0.6159 kl=0.000096 grad=0.1006 grad_c=0.4471 lr=0.000577 critic_lr=0.000577
[TRAIN] mean_reward=6.84075 mean_len=151.48 recent_eps=100 completed_eps=5924356
[UPDATE_EFFECT] action_delta=0.00896901 param_rms_delta=0.00035120
[TIME] collect=4.544s update=5.810s
[DONE] timeout=0.00598 anchor_pos=0.00000 anchor_ori=0.00073 ee_body=0.14600
[DONE_ROLLOUT] timeout=0.00025 anchor_pos=0.00000 anchor_ori=0.00003 ee_body=0.00611
[FIRST_FAILURE] step_mean=11.53 step_min=0 step_max=23 phase_mean=214.61 phase_min=9 phase_max=324 anchor_pos=0.00000 anchor_ori=0.00073 ee_body=0.14600 timeout=0.00598
[TRACK_CHUNK0] anchor_pos=0.58387 anchor_ori=0.68131 body_pos=0.86724 body_ori=0.49262 body_lin=0.57557 body_ang=0.45069
[TRACK_ROLLOUT] anchor_pos=0.58553 anchor_ori=0.68048 body_pos=0.86806 body_ori=0.49359 body_lin=0.57373 body_ang=0.44946
[TRAIN_COST] action_rate=4.76588 joint_limit=0.00582 undesired_contacts=1.59326
[REWARD_WEIGHTED] pos=0.06036 penalty=-0.01392 total=0.04643 act_rate=-0.00954 contacts=-0.00320
[ACT_GREEDY] abs_mean=0.8392 abs_p95=2.4432 abs_p99=3.2508 abs_max=25.2129 legs=0.8896 waist=0.6880 arms=0.8283
[ACT_ROLLOUT] abs_mean=0.8617 abs_p95=2.4421 abs_p99=3.2722 abs_max=30.3885 abs_max_all=30.3885
[SAMPLER] top_bin=4 top_prob=0.224 peak_bin=5 failed_sum=72.6866 entropy=0.9394
[TRAIN_BODY] torso_ori=12.18deg l_wrist_ori=18.76deg r_wrist_ori=21.13deg l_elbow_ori=16.39deg r_elbow_ori=16.85deg l_shoulder_ori=14.64deg r_shoulder_ori=16.77deg
[TRAIN_ANG] torso=1.857 l_wrist=3.349 r_wrist=3.618 l_elbow=2.997 r_elbow=3.135 l_shoulder=2.505 r_shoulder=2.644
[TRAIN_ACT] l_wrist_r=0.4176 l_wrist_p=1.2616 l_wrist_y=0.9146 r_wrist_r=0.4940 r_wrist_p=0.5838 r_wrist_y=0.6931 l_elbow=0.5788 r_elbow=0.4951
[UPDATE] 492/500 reward_step=0.04726 done_frac=0.00628 mean_reward=6.49278 mean_len=141.87
[FPO++] actor_loss=-0.00336 value_loss=0.10529 ratio=0.9992 [0.751,1.243] clip_frac=0.1413 cfm_old=0.6161 cfm_new=0.6169 kl=0.000132 grad=0.1745 grad_c=0.2616 lr=0.000577 critic_lr=0.000577
[TRAIN] mean_reward=6.49278 mean_len=141.87 recent_eps=100 completed_eps=5925591
[UPDATE_EFFECT] action_delta=0.00952328 param_rms_delta=0.00035749
[TIME] collect=4.590s update=5.816s
[DONE] timeout=0.00696 anchor_pos=0.00012 anchor_ori=0.00061 ee_body=0.14319
[DONE_ROLLOUT] timeout=0.00029 anchor_pos=0.00001 anchor_ori=0.00003 ee_body=0.00598
[FIRST_FAILURE] step_mean=11.58 step_min=0 step_max=23 phase_mean=213.06 phase_min=22 phase_max=324 anchor_pos=0.00012 anchor_ori=0.00061 ee_body=0.14307 timeout=0.00696
[TRACK_CHUNK0] anchor_pos=0.58625 anchor_ori=0.68502 body_pos=0.86921 body_ori=0.49334 body_lin=0.57134 body_ang=0.44750
[TRACK_ROLLOUT] anchor_pos=0.58642 anchor_ori=0.67945 body_pos=0.86846 body_ori=0.49431 body_lin=0.57343 body_ang=0.44951
[TRAIN_COST] action_rate=4.80771 joint_limit=0.00588 undesired_contacts=1.59167
[REWARD_WEIGHTED] pos=0.06037 penalty=-0.01394 total=0.04643 act_rate=-0.00954 contacts=-0.00320
[ACT_GREEDY] abs_mean=0.8374 abs_p95=2.4361 abs_p99=3.2262 abs_max=11.5385 legs=0.8852 waist=0.6872 arms=0.8285
[ACT_ROLLOUT] abs_mean=0.8639 abs_p95=2.4558 abs_p99=3.2869 abs_max=30.1865 abs_max_all=30.1865
[SAMPLER] top_bin=4 top_prob=0.224 peak_bin=5 failed_sum=72.1268 entropy=0.9392
[TRAIN_BODY] torso_ori=12.06deg l_wrist_ori=18.58deg r_wrist_ori=21.22deg l_elbow_ori=16.34deg r_elbow_ori=16.83deg l_shoulder_ori=14.77deg r_shoulder_ori=16.90deg
[TRAIN_ANG] torso=1.864 l_wrist=3.400 r_wrist=3.614 l_elbow=3.021 r_elbow=3.108 l_shoulder=2.537 r_shoulder=2.652
[TRAIN_ACT] l_wrist_r=0.4285 l_wrist_p=1.2379 l_wrist_y=0.8951 r_wrist_r=0.4945 r_wrist_p=0.5935 r_wrist_y=0.6846 l_elbow=0.5788 r_elbow=0.4966
[UPDATE] 493/500 reward_step=0.04734 done_frac=0.00664 mean_reward=7.08204 mean_len=152.55
[FPO++] actor_loss=-0.00382 value_loss=0.10695 ratio=0.9996 [0.718,1.279] clip_frac=0.1129 cfm_old=0.6149 cfm_new=0.6153 kl=0.000128 grad=0.1236 grad_c=0.4262 lr=0.000577 critic_lr=0.000577
[TRAIN] mean_reward=7.08204 mean_len=152.55 recent_eps=100 completed_eps=5926897
[UPDATE_EFFECT] action_delta=0.00797929 param_rms_delta=0.00036022
[TIME] collect=4.637s update=5.808s
[DONE] timeout=0.00781 anchor_pos=0.00012 anchor_ori=0.00110 ee_body=0.15027
[DONE_ROLLOUT] timeout=0.00033 anchor_pos=0.00001 anchor_ori=0.00005 ee_body=0.00629
[FIRST_FAILURE] step_mean=11.88 step_min=0 step_max=23 phase_mean=216.01 phase_min=21 phase_max=324 anchor_pos=0.00012 anchor_ori=0.00110 ee_body=0.15015 timeout=0.00781
[TRACK_CHUNK0] anchor_pos=0.58753 anchor_ori=0.67503 body_pos=0.86821 body_ori=0.49583 body_lin=0.57795 body_ang=0.45483
[TRACK_ROLLOUT] anchor_pos=0.58543 anchor_ori=0.67435 body_pos=0.86558 body_ori=0.49616 body_lin=0.57399 body_ang=0.45217
[TRAIN_COST] action_rate=4.75716 joint_limit=0.00598 undesired_contacts=1.59399
[REWARD_WEIGHTED] pos=0.06036 penalty=-0.01384 total=0.04651 act_rate=-0.00943 contacts=-0.00320
[ACT_GREEDY] abs_mean=0.8416 abs_p95=2.4587 abs_p99=3.2562 abs_max=18.7901 legs=0.8935 waist=0.6907 arms=0.8295
[ACT_ROLLOUT] abs_mean=0.8638 abs_p95=2.4564 abs_p99=3.2856 abs_max=26.4142 abs_max_all=26.4142
[SAMPLER] top_bin=4 top_prob=0.225 peak_bin=5 failed_sum=71.6459 entropy=0.9388
[TRAIN_BODY] torso_ori=12.40deg l_wrist_ori=18.61deg r_wrist_ori=21.37deg l_elbow_ori=16.31deg r_elbow_ori=16.80deg l_shoulder_ori=14.87deg r_shoulder_ori=16.85deg
[TRAIN_ANG] torso=1.859 l_wrist=3.338 r_wrist=3.573 l_elbow=2.973 r_elbow=3.109 l_shoulder=2.502 r_shoulder=2.631
[TRAIN_ACT] l_wrist_r=0.4140 l_wrist_p=1.2572 l_wrist_y=0.9107 r_wrist_r=0.4915 r_wrist_p=0.6008 r_wrist_y=0.6705 l_elbow=0.5709 r_elbow=0.4903
[UPDATE] 494/500 reward_step=0.04735 done_frac=0.00651 mean_reward=8.11503 mean_len=174.87
[FPO++] actor_loss=-0.00519 value_loss=0.10801 ratio=0.9998 [0.821,1.131] clip_frac=0.0910 cfm_old=0.6179 cfm_new=0.6181 kl=0.000104 grad=0.1215 grad_c=0.4977 lr=0.000577 critic_lr=0.000577
[TRAIN] mean_reward=8.11503 mean_len=174.87 recent_eps=100 completed_eps=5928177
[UPDATE_EFFECT] action_delta=0.00854639 param_rms_delta=0.00035494
[TIME] collect=4.618s update=5.815s
[DONE] timeout=0.00818 anchor_pos=0.00012 anchor_ori=0.00085 ee_body=0.14661
[DONE_ROLLOUT] timeout=0.00034 anchor_pos=0.00001 anchor_ori=0.00004 ee_body=0.00615
[FIRST_FAILURE] step_mean=11.44 step_min=0 step_max=23 phase_mean=218.14 phase_min=13 phase_max=324 anchor_pos=0.00012 anchor_ori=0.00085 ee_body=0.14661 timeout=0.00818
[TRACK_CHUNK0] anchor_pos=0.58934 anchor_ori=0.67378 body_pos=0.86560 body_ori=0.49932 body_lin=0.57316 body_ang=0.44877
[TRACK_ROLLOUT] anchor_pos=0.58923 anchor_ori=0.67342 body_pos=0.86612 body_ori=0.49815 body_lin=0.57249 body_ang=0.44859
[TRAIN_COST] action_rate=4.82638 joint_limit=0.00614 undesired_contacts=1.59912
[REWARD_WEIGHTED] pos=0.06033 penalty=-0.01389 total=0.04644 act_rate=-0.00950 contacts=-0.00319
[ACT_GREEDY] abs_mean=0.8395 abs_p95=2.4485 abs_p99=3.2502 abs_max=12.1050 legs=0.8891 waist=0.6913 arms=0.8288
[ACT_ROLLOUT] abs_mean=0.8650 abs_p95=2.4608 abs_p99=3.2932 abs_max=21.8158 abs_max_all=21.8158
[SAMPLER] top_bin=4 top_prob=0.225 peak_bin=5 failed_sum=71.1451 entropy=0.9384
[TRAIN_BODY] torso_ori=12.43deg l_wrist_ori=18.66deg r_wrist_ori=21.27deg l_elbow_ori=16.32deg r_elbow_ori=16.86deg l_shoulder_ori=14.84deg r_shoulder_ori=16.67deg
[TRAIN_ANG] torso=1.882 l_wrist=3.405 r_wrist=3.637 l_elbow=3.023 r_elbow=3.138 l_shoulder=2.519 r_shoulder=2.661
[TRAIN_ACT] l_wrist_r=0.4148 l_wrist_p=1.2491 l_wrist_y=0.8971 r_wrist_r=0.4914 r_wrist_p=0.6002 r_wrist_y=0.6785 l_elbow=0.5797 r_elbow=0.4937
[UPDATE] 495/500 reward_step=0.04716 done_frac=0.00637 mean_reward=7.45808 mean_len=160.15
[FPO++] actor_loss=-0.00291 value_loss=0.10779 ratio=0.9993 [0.539,1.778] clip_frac=0.1287 cfm_old=0.6139 cfm_new=0.6147 kl=0.000154 grad=0.1676 grad_c=0.6968 lr=0.000256 critic_lr=0.000256
[TRAIN] mean_reward=7.45808 mean_len=160.15 recent_eps=100 completed_eps=5929430
[UPDATE_EFFECT] action_delta=0.01053685 param_rms_delta=0.00033841
[TIME] collect=4.658s update=5.819s
[DONE] timeout=0.00623 anchor_pos=0.00000 anchor_ori=0.00110 ee_body=0.14502
[DONE_ROLLOUT] timeout=0.00026 anchor_pos=0.00000 anchor_ori=0.00005 ee_body=0.00609
[FIRST_FAILURE] step_mean=11.31 step_min=0 step_max=23 phase_mean=211.73 phase_min=18 phase_max=324 anchor_pos=0.00000 anchor_ori=0.00110 ee_body=0.14502 timeout=0.00623
[TRACK_CHUNK0] anchor_pos=0.58792 anchor_ori=0.67157 body_pos=0.86579 body_ori=0.49661 body_lin=0.57182 body_ang=0.44713
[TRACK_ROLLOUT] anchor_pos=0.58642 anchor_ori=0.67778 body_pos=0.86730 body_ori=0.49830 body_lin=0.57261 body_ang=0.44877
[TRAIN_COST] action_rate=4.76804 joint_limit=0.00600 undesired_contacts=1.58752
[REWARD_WEIGHTED] pos=0.06038 penalty=-0.01388 total=0.04650 act_rate=-0.00951 contacts=-0.00317
[ACT_GREEDY] abs_mean=0.8402 abs_p95=2.4566 abs_p99=3.2703 abs_max=7.4923 legs=0.8889 waist=0.6925 arms=0.8302
[ACT_ROLLOUT] abs_mean=0.8646 abs_p95=2.4565 abs_p99=3.2936 abs_max=41.9977 abs_max_all=41.9977
[SAMPLER] top_bin=4 top_prob=0.226 peak_bin=5 failed_sum=70.6461 entropy=0.9380
[TRAIN_BODY] torso_ori=12.50deg l_wrist_ori=18.68deg r_wrist_ori=21.27deg l_elbow_ori=16.38deg r_elbow_ori=16.99deg l_shoulder_ori=15.02deg r_shoulder_ori=16.70deg
[TRAIN_ANG] torso=1.891 l_wrist=3.384 r_wrist=3.652 l_elbow=3.032 r_elbow=3.161 l_shoulder=2.563 r_shoulder=2.704
[TRAIN_ACT] l_wrist_r=0.4137 l_wrist_p=1.2438 l_wrist_y=0.9052 r_wrist_r=0.4955 r_wrist_p=0.6054 r_wrist_y=0.6719 l_elbow=0.5743 r_elbow=0.4924
[UPDATE] 496/500 reward_step=0.04747 done_frac=0.00654 mean_reward=6.53107 mean_len=140.56
[FPO++] actor_loss=-0.00542 value_loss=0.10618 ratio=0.9995 [0.290,1.888] clip_frac=0.0470 cfm_old=0.6150 cfm_new=0.6155 kl=0.000071 grad=0.0667 grad_c=0.3342 lr=0.000256 critic_lr=0.000256
[TRAIN] mean_reward=6.53107 mean_len=140.56 recent_eps=100 completed_eps=5930716
[UPDATE_EFFECT] action_delta=0.00538219 param_rms_delta=0.00024276
[TIME] collect=4.631s update=5.810s
[DONE] timeout=0.00842 anchor_pos=0.00000 anchor_ori=0.00134 ee_body=0.14722
[DONE_ROLLOUT] timeout=0.00035 anchor_pos=0.00000 anchor_ori=0.00006 ee_body=0.00614
[FIRST_FAILURE] step_mean=11.67 step_min=0 step_max=23 phase_mean=217.44 phase_min=20 phase_max=324 anchor_pos=0.00000 anchor_ori=0.00134 ee_body=0.14709 timeout=0.00842
[TRACK_CHUNK0] anchor_pos=0.58239 anchor_ori=0.68048 body_pos=0.86667 body_ori=0.49647 body_lin=0.57169 body_ang=0.45015
[TRACK_ROLLOUT] anchor_pos=0.58109 anchor_ori=0.67992 body_pos=0.86525 body_ori=0.49528 body_lin=0.57298 body_ang=0.45131
[TRAIN_COST] action_rate=4.71141 joint_limit=0.00570 undesired_contacts=1.57935
[REWARD_WEIGHTED] pos=0.06031 penalty=-0.01373 total=0.04658 act_rate=-0.00942 contacts=-0.00315
[ACT_GREEDY] abs_mean=0.8422 abs_p95=2.4526 abs_p99=3.2674 abs_max=11.7925 legs=0.8900 waist=0.6888 arms=0.8342
[ACT_ROLLOUT] abs_mean=0.8661 abs_p95=2.4684 abs_p99=3.3130 abs_max=19.1062 abs_max_all=19.1062
[SAMPLER] top_bin=4 top_prob=0.227 peak_bin=5 failed_sum=70.1734 entropy=0.9376
[TRAIN_BODY] torso_ori=12.18deg l_wrist_ori=18.47deg r_wrist_ori=21.14deg l_elbow_ori=16.38deg r_elbow_ori=16.88deg l_shoulder_ori=15.03deg r_shoulder_ori=16.96deg
[TRAIN_ANG] torso=1.870 l_wrist=3.384 r_wrist=3.605 l_elbow=3.013 r_elbow=3.130 l_shoulder=2.516 r_shoulder=2.670
[TRAIN_ACT] l_wrist_r=0.4212 l_wrist_p=1.2678 l_wrist_y=0.8952 r_wrist_r=0.4799 r_wrist_p=0.6151 r_wrist_y=0.6831 l_elbow=0.5665 r_elbow=0.4961
[UPDATE] 497/500 reward_step=0.04761 done_frac=0.00645 mean_reward=7.14682 mean_len=155.46
[FPO++] actor_loss=-0.00473 value_loss=0.11015 ratio=0.9992 [0.434,1.259] clip_frac=0.1564 cfm_old=0.6111 cfm_new=0.6119 kl=0.000136 grad=0.2154 grad_c=0.8319 lr=0.000171 critic_lr=0.000171
[TRAIN] mean_reward=7.14682 mean_len=155.46 recent_eps=100 completed_eps=5931985
[UPDATE_EFFECT] action_delta=0.00702238 param_rms_delta=0.00022817
[TIME] collect=4.632s update=5.811s
[DONE] timeout=0.00720 anchor_pos=0.00012 anchor_ori=0.00085 ee_body=0.14612
[DONE_ROLLOUT] timeout=0.00030 anchor_pos=0.00001 anchor_ori=0.00004 ee_body=0.00612
[FIRST_FAILURE] step_mean=11.11 step_min=0 step_max=23 phase_mean=222.11 phase_min=9 phase_max=324 anchor_pos=0.00012 anchor_ori=0.00085 ee_body=0.14600 timeout=0.00720
[TRACK_CHUNK0] anchor_pos=0.58323 anchor_ori=0.68153 body_pos=0.86557 body_ori=0.49718 body_lin=0.57335 body_ang=0.45188
[TRACK_ROLLOUT] anchor_pos=0.58810 anchor_ori=0.68171 body_pos=0.86755 body_ori=0.49749 body_lin=0.57477 body_ang=0.45266
[TRAIN_COST] action_rate=4.72973 joint_limit=0.00589 undesired_contacts=1.57666
[REWARD_WEIGHTED] pos=0.06055 penalty=-0.01376 total=0.04679 act_rate=-0.00938 contacts=-0.00316
[ACT_GREEDY] abs_mean=0.8422 abs_p95=2.4582 abs_p99=3.2613 abs_max=9.6532 legs=0.8922 waist=0.7019 arms=0.8294
[ACT_ROLLOUT] abs_mean=0.8685 abs_p95=2.4686 abs_p99=3.3085 abs_max=76.1441 abs_max_all=76.1441
[SAMPLER] top_bin=4 top_prob=0.227 peak_bin=5 failed_sum=69.7052 entropy=0.9372
[TRAIN_BODY] torso_ori=12.21deg l_wrist_ori=18.67deg r_wrist_ori=21.35deg l_elbow_ori=16.44deg r_elbow_ori=16.94deg l_shoulder_ori=15.23deg r_shoulder_ori=16.96deg
[TRAIN_ANG] torso=1.878 l_wrist=3.369 r_wrist=3.637 l_elbow=3.008 r_elbow=3.152 l_shoulder=2.519 r_shoulder=2.641
[TRAIN_ACT] l_wrist_r=0.4053 l_wrist_p=1.2539 l_wrist_y=0.9037 r_wrist_r=0.4751 r_wrist_p=0.6247 r_wrist_y=0.6773 l_elbow=0.5632 r_elbow=0.4987
[UPDATE] 498/500 reward_step=0.04759 done_frac=0.00670 mean_reward=6.19405 mean_len=134.95
[FPO++] actor_loss=-0.00481 value_loss=0.10519 ratio=0.9995 [0.869,1.106] clip_frac=0.0995 cfm_old=0.6144 cfm_new=0.6149 kl=0.000079 grad=0.1422 grad_c=0.2753 lr=0.000384 critic_lr=0.000384
[TRAIN] mean_reward=6.19405 mean_len=134.95 recent_eps=100 completed_eps=5933303
[UPDATE_EFFECT] action_delta=0.00617303 param_rms_delta=0.00026340
[TIME] collect=4.619s update=5.813s
[DONE] timeout=0.00732 anchor_pos=0.00000 anchor_ori=0.00085 ee_body=0.15222
[DONE_ROLLOUT] timeout=0.00031 anchor_pos=0.00000 anchor_ori=0.00004 ee_body=0.00638
[FIRST_FAILURE] step_mean=11.61 step_min=0 step_max=23 phase_mean=216.15 phase_min=15 phase_max=324 anchor_pos=0.00000 anchor_ori=0.00085 ee_body=0.15222 timeout=0.00732
[TRACK_CHUNK0] anchor_pos=0.58761 anchor_ori=0.68371 body_pos=0.86732 body_ori=0.49440 body_lin=0.57096 body_ang=0.44915
[TRACK_ROLLOUT] anchor_pos=0.58976 anchor_ori=0.68473 body_pos=0.86717 body_ori=0.49754 body_lin=0.57062 body_ang=0.44992
[TRAIN_COST] action_rate=4.69080 joint_limit=0.00625 undesired_contacts=1.56848
[REWARD_WEIGHTED] pos=0.06045 penalty=-0.01365 total=0.04680 act_rate=-0.00942 contacts=-0.00310
[ACT_GREEDY] abs_mean=0.8444 abs_p95=2.4423 abs_p99=3.2548 abs_max=80.6564 legs=0.8908 waist=0.6997 arms=0.8356
[ACT_ROLLOUT] abs_mean=0.8637 abs_p95=2.4533 abs_p99=3.2870 abs_max=81.0825 abs_max_all=81.0825
[SAMPLER] top_bin=4 top_prob=0.228 peak_bin=5 failed_sum=69.2953 entropy=0.9367
[TRAIN_BODY] torso_ori=12.16deg l_wrist_ori=18.76deg r_wrist_ori=21.43deg l_elbow_ori=16.60deg r_elbow_ori=16.90deg l_shoulder_ori=15.38deg r_shoulder_ori=16.65deg
[TRAIN_ANG] torso=1.891 l_wrist=3.389 r_wrist=3.610 l_elbow=3.013 r_elbow=3.118 l_shoulder=2.520 r_shoulder=2.658
[TRAIN_ACT] l_wrist_r=0.4222 l_wrist_p=1.2562 l_wrist_y=0.9053 r_wrist_r=0.4916 r_wrist_p=0.6260 r_wrist_y=0.6891 l_elbow=0.5645 r_elbow=0.4961
[UPDATE] 499/500 reward_step=0.04737 done_frac=0.00671 mean_reward=6.35018 mean_len=139.53
[FPO++] actor_loss=-0.00431 value_loss=0.11117 ratio=0.9990 [0.798,1.269] clip_frac=0.1725 cfm_old=0.6141 cfm_new=0.6152 kl=0.000177 grad=0.2054 grad_c=0.9282 lr=0.000114 critic_lr=0.000114
[TRAIN] mean_reward=6.35018 mean_len=139.53 recent_eps=100 completed_eps=5934623
[UPDATE_EFFECT] action_delta=0.00647529 param_rms_delta=0.00021744
[TIME] collect=4.739s update=5.815s
[DONE] timeout=0.00659 anchor_pos=0.00000 anchor_ori=0.00110 ee_body=0.15271
[DONE_ROLLOUT] timeout=0.00027 anchor_pos=0.00000 anchor_ori=0.00005 ee_body=0.00640
[FIRST_FAILURE] step_mean=11.82 step_min=0 step_max=23 phase_mean=216.54 phase_min=15 phase_max=324 anchor_pos=0.00000 anchor_ori=0.00110 ee_body=0.15271 timeout=0.00659
[TRACK_CHUNK0] anchor_pos=0.59119 anchor_ori=0.68599 body_pos=0.86903 body_ori=0.49951 body_lin=0.57015 body_ang=0.45071
[TRACK_ROLLOUT] anchor_pos=0.58364 anchor_ori=0.68369 body_pos=0.86539 body_ori=0.49680 body_lin=0.57043 body_ang=0.45150
[TRAIN_COST] action_rate=4.69729 joint_limit=0.00571 undesired_contacts=1.55981
[REWARD_WEIGHTED] pos=0.06036 penalty=-0.01370 total=0.04666 act_rate=-0.00936 contacts=-0.00313
[ACT_GREEDY] abs_mean=0.8402 abs_p95=2.4437 abs_p99=3.2695 abs_max=26.8045 legs=0.8891 waist=0.6856 arms=0.8314
[ACT_ROLLOUT] abs_mean=0.8649 abs_p95=2.4574 abs_p99=3.2962 abs_max=42.9497 abs_max_all=42.9497
[SAMPLER] top_bin=4 top_prob=0.228 peak_bin=5 failed_sum=68.9032 entropy=0.9363
[TRAIN_BODY] torso_ori=12.06deg l_wrist_ori=18.55deg r_wrist_ori=20.87deg l_elbow_ori=16.32deg r_elbow_ori=16.52deg l_shoulder_ori=15.09deg r_shoulder_ori=16.54deg
[TRAIN_ANG] torso=1.856 l_wrist=3.371 r_wrist=3.577 l_elbow=2.976 r_elbow=3.112 l_shoulder=2.500 r_shoulder=2.628
[TRAIN_ACT] l_wrist_r=0.4155 l_wrist_p=1.2586 l_wrist_y=0.9034 r_wrist_r=0.4685 r_wrist_p=0.6251 r_wrist_y=0.6886 l_elbow=0.5547 r_elbow=0.4876
[UPDATE] 500/500 reward_step=0.04766 done_frac=0.00681 mean_reward=6.86691 mean_len=148.35
[FPO++] actor_loss=-0.00532 value_loss=0.10170 ratio=0.9997 [0.908,1.104] clip_frac=0.0829 cfm_old=0.6126 cfm_new=0.6130 kl=0.000082 grad=0.1241 grad_c=0.4020 lr=0.000384 critic_lr=0.000384
[TRAIN] mean_reward=6.86691 mean_len=148.35 recent_eps=100 completed_eps=5935961
[UPDATE_EFFECT] action_delta=0.00761133 param_rms_delta=0.00026188
[TIME] collect=4.731s update=5.816s
[DONE] timeout=0.00830 anchor_pos=0.00000 anchor_ori=0.00073 ee_body=0.15417
[DONE_ROLLOUT] timeout=0.00035 anchor_pos=0.00000 anchor_ori=0.00003 ee_body=0.00644
[FIRST_FAILURE] step_mean=11.50 step_min=0 step_max=23 phase_mean=217.88 phase_min=10 phase_max=324 anchor_pos=0.00000 anchor_ori=0.00073 ee_body=0.15405 timeout=0.00830
[TRACK_CHUNK0] anchor_pos=0.58435 anchor_ori=0.68347 body_pos=0.86622 body_ori=0.49987 body_lin=0.57030 body_ang=0.45229
[TRACK_ROLLOUT] anchor_pos=0.58396 anchor_ori=0.68349 body_pos=0.86626 body_ori=0.50045 body_lin=0.57159 body_ang=0.45314
[TRAIN_COST] action_rate=4.74012 joint_limit=0.00626 undesired_contacts=1.57788
[REWARD_WEIGHTED] pos=0.06050 penalty=-0.01375 total=0.04676 act_rate=-0.00934 contacts=-0.00319
[ACT_GREEDY] abs_mean=0.8425 abs_p95=2.4505 abs_p99=3.2761 abs_max=16.1836 legs=0.8940 waist=0.6890 arms=0.8314
[ACT_ROLLOUT] abs_mean=0.8675 abs_p95=2.4633 abs_p99=3.2994 abs_max=16.7185 abs_max_all=16.7185
[SAMPLER] top_bin=4 top_prob=0.229 peak_bin=5 failed_sum=68.5249 entropy=0.9358
[TRAIN_BODY] torso_ori=12.18deg l_wrist_ori=18.57deg r_wrist_ori=20.86deg l_elbow_ori=16.38deg r_elbow_ori=16.72deg l_shoulder_ori=14.99deg r_shoulder_ori=16.71deg
[TRAIN_ANG] torso=1.853 l_wrist=3.342 r_wrist=3.638 l_elbow=2.962 r_elbow=3.158 l_shoulder=2.493 r_shoulder=2.625
[TRAIN_ACT] l_wrist_r=0.4201 l_wrist_p=1.2596 l_wrist_y=0.8913 r_wrist_r=0.4627 r_wrist_p=0.6412 r_wrist_y=0.6750 l_elbow=0.5611 r_elbow=0.5019
[CHECKPOINT] saved /home/y/my_mimic_mixgrpo/my_mimic_mixgrpo_h1/runs/fpo_largebox_500_fresh_v2/checkpoints/update_0500.pt
[INFO] Training finished.
[INFO] run_dir=/home/y/my_mimic_mixgrpo/my_mimic_mixgrpo_h1/runs/fpo_largebox_500_fresh_v2
[INFO] log_file=/home/y/my_mimic_mixgrpo/my_mimic_mixgrpo_h1/runs/fpo_largebox_500_fresh_v2/logs/train.log
[INFO] algorithm=fpo
[INFO] IsaacLab logging to file: /tmp/isaaclab_2026-07-01_21-04-59.log
[CHECKPOINT] restored adaptive sampler state.
[CHECKPOINT] loaded /home/y/my_mimic_mixgrpo/my_mimic_mixgrpo_h1/runs/fpo_largebox_500_fresh_v2/checkpoints/update_0100.pt, resuming from update 101.
[VALIDATION_RESET_START]
[VALIDATION_RESET_DONE] time=0.005s
[VALIDATION_PROGRESS] step=1/500 done=0.00000 alive=1.00000 elapsed=0.699s
[VALIDATION_EARLY_STOP] step=8 done_frac=0.9839
[VAL] steps_mean=6.78 steps_min=5 steps_p50=7 steps_p95=8 steps_max=8 fail_phase_mean=5.8 return=0.31372 done=0.98389
[VAL_EE] left_ankle_bad=0.00000 left_ankle_z=0.00135 right_ankle_bad=0.00000 right_ankle_z=0.00214 left_wrist_bad=0.98635 left_wrist_z=0.28030 right_wrist_bad=0.01464 right_wrist_z=0.08476
[VAL_CAUSE] anchor_pos_bad=0.00000 anchor_ori_bad=0.00000 ee_body_bad=0.98389 time_out=0.00000 anchor_z=0.09336 anchor_grav=0.10811 ee_z_max=0.28289 ee_z_mean=0.09214
[VAL_WALL] alive@850=0.0161 motion_complete=0.0000 wrist_fail_825_840=0.0000 steps_p50=7
[INFO] run_dir=/home/y/my_mimic_mixgrpo/my_mimic_mixgrpo_h1/runs/fpo_largebox_500_fresh_v2
[INFO] log_file=/home/y/my_mimic_mixgrpo/my_mimic_mixgrpo_h1/runs/fpo_largebox_500_fresh_v2/logs/train.log
[INFO] algorithm=fpo
[INFO] IsaacLab logging to file: /tmp/isaaclab_2026-07-01_21-05-45.log
[CHECKPOINT] restored adaptive sampler state.
[CHECKPOINT] loaded /home/y/my_mimic_mixgrpo/my_mimic_mixgrpo_h1/runs/fpo_largebox_500_fresh_v2/checkpoints/update_0200.pt, resuming from update 201.
[VALIDATION_RESET_START]
[VALIDATION_RESET_DONE] time=0.006s
[VALIDATION_PROGRESS] step=1/500 done=0.00000 alive=1.00000 elapsed=0.700s
[VALIDATION_EARLY_STOP] step=18 done_frac=0.9877
[VAL] steps_mean=12.29 steps_min=7 steps_p50=12 steps_p95=16 steps_max=18 fail_phase_mean=11.2 return=0.62281 done=0.98767
[VAL_EE] left_ankle_bad=0.00000 left_ankle_z=0.00664 right_ankle_bad=0.00000 right_ankle_z=0.01498 left_wrist_bad=0.76628 left_wrist_z=0.24349 right_wrist_bad=0.30515 right_wrist_z=0.18068
[VAL_CAUSE] anchor_pos_bad=0.00000 anchor_ori_bad=0.00024 ee_body_bad=0.98755 time_out=0.00000 anchor_z=0.03435 anchor_grav=0.26514 ee_z_max=0.27139 ee_z_mean=0.11145
[VAL_WALL] alive@850=0.0123 motion_complete=0.0000 wrist_fail_825_840=0.0000 steps_p50=12
[INFO] run_dir=/home/y/my_mimic_mixgrpo/my_mimic_mixgrpo_h1/runs/fpo_largebox_500_fresh_v2
[INFO] log_file=/home/y/my_mimic_mixgrpo/my_mimic_mixgrpo_h1/runs/fpo_largebox_500_fresh_v2/logs/train.log
[INFO] algorithm=fpo
[INFO] IsaacLab logging to file: /tmp/isaaclab_2026-07-01_21-06-32.log
[CHECKPOINT] restored adaptive sampler state.
[CHECKPOINT] loaded /home/y/my_mimic_mixgrpo/my_mimic_mixgrpo_h1/runs/fpo_largebox_500_fresh_v2/checkpoints/update_0300.pt, resuming from update 301.
[VALIDATION_RESET_START]
[VALIDATION_RESET_DONE] time=0.006s
[VALIDATION_PROGRESS] step=1/500 done=0.00000 alive=1.00000 elapsed=0.707s
[VALIDATION_PROGRESS] step=50/500 done=0.58435 alive=0.41565 elapsed=8.533s
[VALIDATION_PROGRESS] step=100/500 done=0.92188 alive=0.07812 elapsed=16.641s
[VALIDATION_PROGRESS] step=150/500 done=0.96545 alive=0.03455 elapsed=24.373s
[VALIDATION_EARLY_STOP] step=169 done_frac=0.9803
[VAL] steps_mean=55.17 steps_min=17 steps_p50=45 steps_p95=128 steps_max=169 fail_phase_mean=51.9 return=2.95746 done=0.98035
[VAL_EE] left_ankle_bad=0.00037 left_ankle_z=0.04588 right_ankle_bad=0.00112 right_ankle_z=0.03580 left_wrist_bad=0.30494 left_wrist_z=0.12277 right_wrist_bad=0.71025 right_wrist_z=0.22623
[VAL_CAUSE] anchor_pos_bad=0.00024 anchor_ori_bad=0.00757 ee_body_bad=0.97607 time_out=0.00000 anchor_z=0.07428 anchor_grav=0.32800 ee_z_max=0.27226 ee_z_mean=0.10767
[VAL_WALL] alive@850=0.0197 motion_complete=0.0000 wrist_fail_825_840=0.0000 steps_p50=45
[INFO] run_dir=/home/y/my_mimic_mixgrpo/my_mimic_mixgrpo_h1/runs/fpo_largebox_500_fresh_v2
[INFO] log_file=/home/y/my_mimic_mixgrpo/my_mimic_mixgrpo_h1/runs/fpo_largebox_500_fresh_v2/logs/train.log
[INFO] algorithm=fpo
[INFO] IsaacLab logging to file: /tmp/isaaclab_2026-07-01_21-08-04.log
[CHECKPOINT] restored adaptive sampler state.
[CHECKPOINT] loaded /home/y/my_mimic_mixgrpo/my_mimic_mixgrpo_h1/runs/fpo_largebox_500_fresh_v2/checkpoints/update_0400.pt, resuming from update 401.
[VALIDATION_RESET_START]
[VALIDATION_RESET_DONE] time=0.006s
[VALIDATION_PROGRESS] step=1/500 done=0.00000 alive=1.00000 elapsed=0.696s
[VALIDATION_PROGRESS] step=50/500 done=0.41223 alive=0.58777 elapsed=8.304s
[VALIDATION_PROGRESS] step=100/500 done=0.54956 alive=0.45044 elapsed=16.129s
[VALIDATION_PROGRESS] step=150/500 done=0.62317 alive=0.37683 elapsed=23.823s
[VALIDATION_PROGRESS] step=200/500 done=0.69263 alive=0.30737 elapsed=31.673s
[VALIDATION_PROGRESS] step=250/500 done=0.92200 alive=0.07800 elapsed=39.835s
[VALIDATION_EARLY_STOP] step=269 done_frac=0.9805
[VAL] steps_mean=117.66 steps_min=15 steps_p50=67 steps_p95=257 steps_max=269 fail_phase_mean=113.6 return=6.88780 done=0.98047
[VAL_EE] left_ankle_bad=0.00050 left_ankle_z=0.04282 right_ankle_bad=0.01021 right_ankle_z=0.03671 left_wrist_bad=0.37388 left_wrist_z=0.13726 right_wrist_bad=0.61641 right_wrist_z=0.21055
[VAL_CAUSE] anchor_pos_bad=0.00000 anchor_ori_bad=0.01550 ee_body_bad=0.96924 time_out=0.00000 anchor_z=0.08864 anchor_grav=0.26127 ee_z_max=0.27089 ee_z_mean=0.10683
[VAL_WALL] alive@850=0.0195 motion_complete=0.0000 wrist_fail_825_840=0.0000 steps_p50=67
[INFO] run_dir=/home/y/my_mimic_mixgrpo/my_mimic_mixgrpo_h1/runs/fpo_largebox_500_fresh_v2
[INFO] log_file=/home/y/my_mimic_mixgrpo/my_mimic_mixgrpo_h1/runs/fpo_largebox_500_fresh_v2/logs/train.log
[INFO] algorithm=fpo
[INFO] IsaacLab logging to file: /tmp/isaaclab_2026-07-01_21-09-31.log
[CHECKPOINT] restored adaptive sampler state.
[CHECKPOINT] loaded /home/y/my_mimic_mixgrpo/my_mimic_mixgrpo_h1/runs/fpo_largebox_500_fresh_v2/checkpoints/update_0500.pt, resuming from update 501.
[VALIDATION_RESET_START]
[VALIDATION_RESET_DONE] time=0.005s
[VALIDATION_PROGRESS] step=1/500 done=0.00000 alive=1.00000 elapsed=0.696s
[VALIDATION_PROGRESS] step=50/500 done=0.35229 alive=0.64771 elapsed=8.249s
[VALIDATION_PROGRESS] step=100/500 done=0.48376 alive=0.51624 elapsed=16.012s
[VALIDATION_PROGRESS] step=150/500 done=0.50134 alive=0.49866 elapsed=23.575s
[VALIDATION_PROGRESS] step=200/500 done=0.51489 alive=0.48511 elapsed=31.160s
[VALIDATION_PROGRESS] step=250/500 done=0.53052 alive=0.46948 elapsed=38.839s
[VALIDATION_PROGRESS] step=300/500 done=0.57703 alive=0.42297 elapsed=46.659s
[VALIDATION_PROGRESS] step=325/500 done=1.00000 alive=0.00000 elapsed=50.540s
[VALIDATION_EARLY_STOP] step=325 done_frac=1.0000
[VAL] steps_mean=178.95 steps_min=14 steps_p50=146 steps_p95=325 steps_max=325 fail_phase_mean=177.9 return=10.97065 done=1.00000
[VAL_EE] left_ankle_bad=0.00012 left_ankle_z=0.03239 right_ankle_bad=0.00024 right_ankle_z=0.02479 left_wrist_bad=0.14978 left_wrist_z=0.08445 right_wrist_bad=0.47791 right_wrist_z=0.17058
[VAL_CAUSE] anchor_pos_bad=0.00012 anchor_ori_bad=0.00220 ee_body_bad=0.61267 time_out=0.00000 anchor_z=0.06711 anchor_grav=0.21392 ee_z_max=0.19134 ee_z_mean=0.07805
[VAL_WALL] alive@850=0.3879 motion_complete=0.3879 wrist_fail_825_840=0.0000 steps_p50=146
