[INFO] run_dir=/home/y/my_mimic_mixgrpo/my_mimic_mixgrpo_h1/runs/sfpo_h1_ppoalign_300_v1
[INFO] log_file=/home/y/my_mimic_mixgrpo/my_mimic_mixgrpo_h1/runs/sfpo_h1_ppoalign_300_v1/logs/train.log
[INFO] algorithm=sfpo
[INFO] IsaacLab logging to file: /tmp/isaaclab_2026-07-03_00-46-40.log
[INFO] Starting SFPO training
[INFO] task=largebox_plane terrain=plane motion_file=/home/y/my_mimic_mixgrpo/holosoma/src/holosoma/holosoma/data/motions/g1_29dof/whole_body_tracking/sub3_largebox_003_mj.npz
[INFO] algo=sfpo actor_obs_dim=171 critic_obs_dim=286 action_dim=29 horizon=1 rollout_chunks=24 rollout_env_steps=24 flow_steps=4 sde_eta=0.7 init_noise_std=0.8 eval_initial_noise=zero
[INFO] stochastic_flow=True grouped_rollout=False critic_advantage=True ppo_aligned_rollout=True auto_reset=True first_life_trajectory=False terminal_penalty_disabled=True entropy_bonus=False gamma=0.99 lambda=0.95 chunk_gamma=0.990000 chunk_lambda=0.950000
[INFO] actor_hidden_dims=[512, 256, 128] critic_hidden_dims=[512, 256, 128] activation=elu action_squash_scale=5.0 empirical_normalization=True
[INFO] policy_epochs=5 clip_range=0.2 desired_kl=0.01 value_loss_coef=1.0 use_clipped_value_loss=True num_mini_batches=4 micro_batch=8192 policy_lr=0.001 critic_lr=0.001
[INFO] checkpoint_dir=/home/y/my_mimic_mixgrpo/my_mimic_mixgrpo_h1/runs/sfpo_h1_ppoalign_300_v1/checkpoints
[UPDATE] 1/300 reward_step=-0.04084 chunk=-0.04084 done_frac=0.04423 mean_reward=-0.71995 mean_len=16.23
[SFPO] loss=0.06421 policy_loss=0.00027 value_loss=0.06394 ratio=0.9999 [0.089,9.183] clip=0.1172 kl=0.010271 grad=0.0984 grad_c=0.3748 lr=0.000667 critic_lr=0.000667
[ROLLOUT] live=24.00 survive=0.26147 per_step=-0.04084 episode_projection=-20.42
[POLICY_DETAIL] samples=196608 raw_samples=196608 mb=49152 micro_mb=8192 logp_delta_abs=0.09212 old_logp=-15.72703 new_logp=-15.73723 adv_abs=0.82310 sde_steps=4
[TRAIN] mean_reward=-0.71995 mean_len=16.23 recent_eps=100 completed_eps=8695
[UPDATE_EFFECT] action_delta=0.01374502 param_rms_delta=0.00186063
[TIME] collect=5.476s update=0.899s
[DONE] timeout=0.03271 anchor_pos=0.00000 anchor_ori=0.00256 ee_body=0.72180
[TRACK_ROLLOUT] anchor_pos=0.79644 anchor_ori=0.47317 body_pos=0.80091 body_ori=0.30120 body_lin=0.28408 body_ang=0.03339
[ACT_SUMMARY] abs_mean=0.6593 abs_p95=0.8126 abs_p99=0.8805 abs_max=1.1395 legs=0.6592 waist=0.6595 arms=0.6595
[FRAME_DIAG] frame0_abs=0.6593 frame1_abs=nan in_chunk_delta=nan cross_chunk_delta=0.9246
[UPDATE] 2/300 reward_step=-0.04487 chunk=-0.04487 done_frac=0.05878 mean_reward=-0.85711 mean_len=19.10
[SFPO] loss=0.04915 policy_loss=-0.00268 value_loss=0.05183 ratio=1.0001 [0.257,3.084] clip=0.0776 kl=0.006121 grad=0.0633 grad_c=0.3062 lr=0.001500 critic_lr=0.001500
[ROLLOUT] live=24.00 survive=0.14661 per_step=-0.04487 episode_projection=-22.43
[POLICY_DETAIL] samples=196608 raw_samples=196608 mb=49152 micro_mb=8192 logp_delta_abs=0.07267 old_logp=-15.73140 new_logp=-15.73737 adv_abs=0.80192 sde_steps=4
[TRAIN] mean_reward=-0.85711 mean_len=19.10 recent_eps=100 completed_eps=20252
[UPDATE_EFFECT] action_delta=0.01511680 param_rms_delta=0.00210800
[TIME] collect=4.034s update=0.829s
[DONE] timeout=0.00500 anchor_pos=0.00244 anchor_ori=0.00525 ee_body=0.84753
[TRACK_ROLLOUT] anchor_pos=0.72080 anchor_ori=0.39555 body_pos=0.73036 body_ori=0.23506 body_lin=0.25973 body_ang=0.03200
[ACT_SUMMARY] abs_mean=0.6546 abs_p95=0.8064 abs_p99=0.8734 abs_max=1.1064 legs=0.6543 waist=0.6545 arms=0.6550
[FRAME_DIAG] frame0_abs=0.6546 frame1_abs=nan in_chunk_delta=nan cross_chunk_delta=0.9153
[UPDATE] 3/300 reward_step=-0.04314 chunk=-0.04314 done_frac=0.05829 mean_reward=-0.75685 mean_len=17.27
[SFPO] loss=0.03980 policy_loss=-0.00147 value_loss=0.04127 ratio=0.9999 [0.232,3.615] clip=0.1064 kl=0.008473 grad=0.0654 grad_c=0.2055 lr=0.003375 critic_lr=0.003375
[ROLLOUT] live=24.00 survive=0.13464 per_step=-0.04314 episode_projection=-21.57
[POLICY_DETAIL] samples=196608 raw_samples=196608 mb=49152 micro_mb=8192 logp_delta_abs=0.08605 old_logp=-15.72764 new_logp=-15.73612 adv_abs=0.78298 sde_steps=4
[TRAIN] mean_reward=-0.75685 mean_len=17.27 recent_eps=100 completed_eps=31713
[UPDATE_EFFECT] action_delta=0.01832680 param_rms_delta=0.00388450
[TIME] collect=3.990s update=0.818s
[DONE] timeout=0.00073 anchor_pos=0.00623 anchor_ori=0.00781 ee_body=0.85925
[TRACK_ROLLOUT] anchor_pos=0.71792 anchor_ori=0.39733 body_pos=0.72429 body_ori=0.23049 body_lin=0.27652 body_ang=0.03441
[ACT_SUMMARY] abs_mean=0.6504 abs_p95=0.8011 abs_p99=0.8688 abs_max=1.0951 legs=0.6498 waist=0.6511 arms=0.6508
[FRAME_DIAG] frame0_abs=0.6504 frame1_abs=nan in_chunk_delta=nan cross_chunk_delta=0.9072
[UPDATE] 4/300 reward_step=-0.04186 chunk=-0.04186 done_frac=0.05819 mean_reward=-0.69479 mean_len=16.46
[SFPO] loss=0.03913 policy_loss=-0.00097 value_loss=0.04010 ratio=1.0000 [0.229,4.201] clip=0.1189 kl=0.009506 grad=0.0591 grad_c=0.2580 lr=0.005063 critic_lr=0.005063
[ROLLOUT] live=24.00 survive=0.13159 per_step=-0.04186 episode_projection=-20.93
[POLICY_DETAIL] samples=196608 raw_samples=196608 mb=49152 micro_mb=8192 logp_delta_abs=0.09228 old_logp=-15.73101 new_logp=-15.74045 adv_abs=0.74843 sde_steps=4
[TRAIN] mean_reward=-0.69479 mean_len=16.46 recent_eps=100 completed_eps=43154
[UPDATE_EFFECT] action_delta=0.01897875 param_rms_delta=0.00538030
[TIME] collect=4.037s update=0.830s
[DONE] timeout=0.00000 anchor_pos=0.00537 anchor_ori=0.00671 ee_body=0.86353
[TRACK_ROLLOUT] anchor_pos=0.72308 anchor_ori=0.39262 body_pos=0.72741 body_ori=0.22961 body_lin=0.28095 body_ang=0.03538
[ACT_SUMMARY] abs_mean=0.6476 abs_p95=0.7971 abs_p99=0.8639 abs_max=1.1133 legs=0.6466 waist=0.6486 arms=0.6481
[FRAME_DIAG] frame0_abs=0.6476 frame1_abs=nan in_chunk_delta=nan cross_chunk_delta=0.9002
[UPDATE] 5/300 reward_step=-0.04007 chunk=-0.04007 done_frac=0.05853 mean_reward=-0.66160 mean_len=17.13
[SFPO] loss=0.06477 policy_loss=0.00035 value_loss=0.06442 ratio=1.0000 [0.111,5.728] clip=0.1483 kl=0.012283 grad=0.0607 grad_c=0.6560 lr=0.007594 critic_lr=0.007594
[ROLLOUT] live=24.00 survive=0.12964 per_step=-0.04007 episode_projection=-20.03
[POLICY_DETAIL] samples=196608 raw_samples=196608 mb=49152 micro_mb=8192 logp_delta_abs=0.10540 old_logp=-15.71605 new_logp=-15.72815 adv_abs=0.71455 sde_steps=4
[TRAIN] mean_reward=-0.66160 mean_len=17.13 recent_eps=100 completed_eps=54661
[UPDATE_EFFECT] action_delta=0.02379356 param_rms_delta=0.00714268
[TIME] collect=3.969s update=0.823s
[DONE] timeout=0.00000 anchor_pos=0.00549 anchor_ori=0.00549 ee_body=0.86536
[TRACK_ROLLOUT] anchor_pos=0.73101 anchor_ori=0.39739 body_pos=0.73345 body_ori=0.23294 body_lin=0.28557 body_ang=0.03677
[ACT_SUMMARY] abs_mean=0.6432 abs_p95=0.7924 abs_p99=0.8582 abs_max=1.0757 legs=0.6426 waist=0.6439 arms=0.6436
[FRAME_DIAG] frame0_abs=0.6432 frame1_abs=nan in_chunk_delta=nan cross_chunk_delta=0.8920
[UPDATE] 6/300 reward_step=-0.03862 chunk=-0.03862 done_frac=0.05880 mean_reward=-0.74201 mean_len=19.48
[SFPO] loss=0.03906 policy_loss=-0.00035 value_loss=0.03941 ratio=0.9997 [0.226,3.804] clip=0.1422 kl=0.011474 grad=0.0595 grad_c=0.3688 lr=0.007594 critic_lr=0.007594
[ROLLOUT] live=24.00 survive=0.12146 per_step=-0.03862 episode_projection=-19.31
[POLICY_DETAIL] samples=196608 raw_samples=196608 mb=49152 micro_mb=8192 logp_delta_abs=0.10376 old_logp=-15.73113 new_logp=-15.74280 adv_abs=0.72378 sde_steps=4
[TRAIN] mean_reward=-0.74201 mean_len=19.48 recent_eps=100 completed_eps=66221
[UPDATE_EFFECT] action_delta=0.02136215 param_rms_delta=0.00689765
[TIME] collect=3.873s update=0.820s
[DONE] timeout=0.00000 anchor_pos=0.00537 anchor_ori=0.00745 ee_body=0.87378
[TRACK_ROLLOUT] anchor_pos=0.73357 anchor_ori=0.39922 body_pos=0.73423 body_ori=0.23289 body_lin=0.28625 body_ang=0.03736
[ACT_SUMMARY] abs_mean=0.6396 abs_p95=0.7883 abs_p99=0.8536 abs_max=1.1069 legs=0.6385 waist=0.6390 arms=0.6407
[FRAME_DIAG] frame0_abs=0.6396 frame1_abs=nan in_chunk_delta=nan cross_chunk_delta=0.8843
[UPDATE] 7/300 reward_step=-0.03700 chunk=-0.03700 done_frac=0.05930 mean_reward=-0.54429 mean_len=14.89
[SFPO] loss=0.02846 policy_loss=-0.00056 value_loss=0.02902 ratio=0.9997 [0.161,4.439] clip=0.1523 kl=0.012474 grad=0.0630 grad_c=0.1324 lr=0.007594 critic_lr=0.007594
[ROLLOUT] live=24.00 survive=0.11487 per_step=-0.03700 episode_projection=-18.50
[POLICY_DETAIL] samples=196608 raw_samples=196608 mb=49152 micro_mb=8192 logp_delta_abs=0.10776 old_logp=-15.73517 new_logp=-15.74781 adv_abs=0.68773 sde_steps=4
[TRAIN] mean_reward=-0.54429 mean_len=14.89 recent_eps=100 completed_eps=77879
[UPDATE_EFFECT] action_delta=0.02205176 param_rms_delta=0.00694971
[TIME] collect=3.805s update=0.819s
[DONE] timeout=0.00000 anchor_pos=0.00586 anchor_ori=0.00659 ee_body=0.88086
[TRACK_ROLLOUT] anchor_pos=0.74048 anchor_ori=0.40397 body_pos=0.73963 body_ori=0.23676 body_lin=0.28872 body_ang=0.03827
[ACT_SUMMARY] abs_mean=0.6361 abs_p95=0.7836 abs_p99=0.8505 abs_max=1.0572 legs=0.6348 waist=0.6365 arms=0.6371
[FRAME_DIAG] frame0_abs=0.6361 frame1_abs=nan in_chunk_delta=nan cross_chunk_delta=0.8772
[UPDATE] 8/300 reward_step=-0.03561 chunk=-0.03561 done_frac=0.06081 mean_reward=-0.66494 mean_len=17.38
[SFPO] loss=0.02138 policy_loss=-0.00126 value_loss=0.02264 ratio=0.9998 [0.151,4.074] clip=0.1649 kl=0.013441 grad=0.0684 grad_c=0.1440 lr=0.007594 critic_lr=0.007594
[ROLLOUT] live=24.00 survive=0.10828 per_step=-0.03561 episode_projection=-17.81
[POLICY_DETAIL] samples=196608 raw_samples=196608 mb=49152 micro_mb=8192 logp_delta_abs=0.11331 old_logp=-15.72262 new_logp=-15.73605 adv_abs=0.67322 sde_steps=4
[TRAIN] mean_reward=-0.66494 mean_len=17.38 recent_eps=100 completed_eps=89835
[UPDATE_EFFECT] action_delta=0.02336086 param_rms_delta=0.00723084
[TIME] collect=3.951s update=0.819s
[DONE] timeout=0.00000 anchor_pos=0.00476 anchor_ori=0.01111 ee_body=0.88721
[TRACK_ROLLOUT] anchor_pos=0.74667 anchor_ori=0.40154 body_pos=0.74423 body_ori=0.23931 body_lin=0.28747 body_ang=0.03878
[ACT_SUMMARY] abs_mean=0.6326 abs_p95=0.7799 abs_p99=0.8453 abs_max=1.0421 legs=0.6316 waist=0.6322 arms=0.6336
[FRAME_DIAG] frame0_abs=0.6326 frame1_abs=nan in_chunk_delta=nan cross_chunk_delta=0.8689
[UPDATE] 9/300 reward_step=-0.03349 chunk=-0.03349 done_frac=0.06147 mean_reward=-0.55513 mean_len=16.45
[SFPO] loss=0.01810 policy_loss=-0.00168 value_loss=0.01978 ratio=0.9996 [0.129,4.557] clip=0.1821 kl=0.014864 grad=0.0802 grad_c=0.2423 lr=0.007594 critic_lr=0.007594
[ROLLOUT] live=24.00 survive=0.09705 per_step=-0.03349 episode_projection=-16.75
[POLICY_DETAIL] samples=196608 raw_samples=196608 mb=49152 micro_mb=8192 logp_delta_abs=0.12055 old_logp=-15.73297 new_logp=-15.74803 adv_abs=0.67243 sde_steps=4
[TRAIN] mean_reward=-0.55513 mean_len=16.45 recent_eps=100 completed_eps=101921
[UPDATE_EFFECT] action_delta=0.02651367 param_rms_delta=0.00758637
[TIME] collect=3.909s update=0.838s
[DONE] timeout=0.00000 anchor_pos=0.00452 anchor_ori=0.01099 ee_body=0.89795
[TRACK_ROLLOUT] anchor_pos=0.75438 anchor_ori=0.40786 body_pos=0.75079 body_ori=0.24385 body_lin=0.28956 body_ang=0.03979
[ACT_SUMMARY] abs_mean=0.6281 abs_p95=0.7746 abs_p99=0.8395 abs_max=1.1149 legs=0.6264 waist=0.6277 arms=0.6297
[FRAME_DIAG] frame0_abs=0.6281 frame1_abs=nan in_chunk_delta=nan cross_chunk_delta=0.8586
[UPDATE] 10/300 reward_step=-0.03159 chunk=-0.03159 done_frac=0.06283 mean_reward=-0.52803 mean_len=16.60
[SFPO] loss=0.01444 policy_loss=-0.00226 value_loss=0.01670 ratio=0.9997 [0.092,6.126] clip=0.1734 kl=0.014226 grad=0.0851 grad_c=0.0962 lr=0.003375 critic_lr=0.003375
[ROLLOUT] live=24.00 survive=0.09387 per_step=-0.03159 episode_projection=-15.79
[POLICY_DETAIL] samples=196608 raw_samples=196608 mb=49152 micro_mb=8192 logp_delta_abs=0.11762 old_logp=-15.73877 new_logp=-15.75304 adv_abs=0.66774 sde_steps=4
[TRAIN] mean_reward=-0.52803 mean_len=16.60 recent_eps=100 completed_eps=114273
[UPDATE_EFFECT] action_delta=0.02224636 param_rms_delta=0.00474210
[TIME] collect=3.859s update=0.832s
[DONE] timeout=0.00000 anchor_pos=0.00208 anchor_ori=0.01416 ee_body=0.90051
[TRACK_ROLLOUT] anchor_pos=0.75962 anchor_ori=0.40789 body_pos=0.75513 body_ori=0.24755 body_lin=0.28866 body_ang=0.04042
[ACT_SUMMARY] abs_mean=0.6237 abs_p95=0.7699 abs_p99=0.8354 abs_max=1.0322 legs=0.6219 waist=0.6247 arms=0.6251
[FRAME_DIAG] frame0_abs=0.6237 frame1_abs=nan in_chunk_delta=nan cross_chunk_delta=0.8475
[UPDATE] 11/300 reward_step=-0.02908 chunk=-0.02908 done_frac=0.06426 mean_reward=-0.53345 mean_len=16.44
[SFPO] loss=0.01138 policy_loss=-0.00380 value_loss=0.01518 ratio=0.9997 [0.156,5.171] clip=0.1886 kl=0.014720 grad=0.0975 grad_c=0.1426 lr=0.005063 critic_lr=0.005063
[ROLLOUT] live=24.00 survive=0.08875 per_step=-0.02908 episode_projection=-14.54
[POLICY_DETAIL] samples=196608 raw_samples=196608 mb=49152 micro_mb=8192 logp_delta_abs=0.12221 old_logp=-15.73278 new_logp=-15.74757 adv_abs=0.67066 sde_steps=4
[TRAIN] mean_reward=-0.53345 mean_len=16.44 recent_eps=100 completed_eps=126908
[UPDATE_EFFECT] action_delta=0.02515096 param_rms_delta=0.00619061
[TIME] collect=3.916s update=0.828s
[DONE] timeout=0.00000 anchor_pos=0.00476 anchor_ori=0.01990 ee_body=0.90430
[TRACK_ROLLOUT] anchor_pos=0.76935 anchor_ori=0.41435 body_pos=0.76331 body_ori=0.25538 body_lin=0.29142 body_ang=0.04161
[ACT_SUMMARY] abs_mean=0.6185 abs_p95=0.7632 abs_p99=0.8273 abs_max=1.0464 legs=0.6160 waist=0.6182 arms=0.6207
[FRAME_DIAG] frame0_abs=0.6185 frame1_abs=nan in_chunk_delta=nan cross_chunk_delta=0.8347
[UPDATE] 12/300 reward_step=-0.02673 chunk=-0.02673 done_frac=0.06560 mean_reward=-0.41593 mean_len=15.55
[SFPO] loss=0.00929 policy_loss=-0.00401 value_loss=0.01330 ratio=0.9995 [0.147,4.367] clip=0.1980 kl=0.015277 grad=0.1117 grad_c=0.1228 lr=0.005063 critic_lr=0.005063
[ROLLOUT] live=24.00 survive=0.08044 per_step=-0.02673 episode_projection=-13.36
[POLICY_DETAIL] samples=196608 raw_samples=196608 mb=49152 micro_mb=8192 logp_delta_abs=0.12589 old_logp=-15.73145 new_logp=-15.74697 adv_abs=0.67603 sde_steps=4
[TRAIN] mean_reward=-0.41593 mean_len=15.55 recent_eps=100 completed_eps=139806
[UPDATE_EFFECT] action_delta=0.02564484 param_rms_delta=0.00641672
[TIME] collect=3.911s update=0.838s
[DONE] timeout=0.00000 anchor_pos=0.00317 anchor_ori=0.02234 ee_body=0.91199
[TRACK_ROLLOUT] anchor_pos=0.77617 anchor_ori=0.41672 body_pos=0.76896 body_ori=0.26010 body_lin=0.29126 body_ang=0.04239
[ACT_SUMMARY] abs_mean=0.6132 abs_p95=0.7567 abs_p99=0.8218 abs_max=1.0574 legs=0.6099 waist=0.6152 arms=0.6156
[FRAME_DIAG] frame0_abs=0.6132 frame1_abs=nan in_chunk_delta=nan cross_chunk_delta=0.8212
[UPDATE] 13/300 reward_step=-0.02428 chunk=-0.02428 done_frac=0.06882 mean_reward=-0.40466 mean_len=16.10
[SFPO] loss=0.00839 policy_loss=-0.00408 value_loss=0.01247 ratio=0.9994 [0.154,4.738] clip=0.2197 kl=0.017034 grad=0.1254 grad_c=0.1663 lr=0.005063 critic_lr=0.005063
[ROLLOUT] live=24.00 survive=0.06873 per_step=-0.02428 episode_projection=-12.14
[POLICY_DETAIL] samples=196608 raw_samples=196608 mb=49152 micro_mb=8192 logp_delta_abs=0.13358 old_logp=-15.73435 new_logp=-15.75172 adv_abs=0.66255 sde_steps=4
[TRAIN] mean_reward=-0.40466 mean_len=16.10 recent_eps=100 completed_eps=153337
[UPDATE_EFFECT] action_delta=0.02578300 param_rms_delta=0.00662967
[TIME] collect=3.848s update=0.846s
[DONE] timeout=0.00000 anchor_pos=0.00342 anchor_ori=0.02441 ee_body=0.92358
[TRACK_ROLLOUT] anchor_pos=0.78859 anchor_ori=0.42240 body_pos=0.77758 body_ori=0.27013 body_lin=0.29212 body_ang=0.04362
[ACT_SUMMARY] abs_mean=0.6086 abs_p95=0.7515 abs_p99=0.8155 abs_max=1.0174 legs=0.6051 waist=0.6131 arms=0.6106
[FRAME_DIAG] frame0_abs=0.6086 frame1_abs=nan in_chunk_delta=nan cross_chunk_delta=0.8089
[UPDATE] 14/300 reward_step=-0.02194 chunk=-0.02194 done_frac=0.06884 mean_reward=-0.29148 mean_len=14.06
[SFPO] loss=0.00636 policy_loss=-0.00503 value_loss=0.01139 ratio=0.9996 [0.081,6.529] clip=0.2027 kl=0.015680 grad=0.1319 grad_c=0.1390 lr=0.003375 critic_lr=0.003375
[ROLLOUT] live=24.00 survive=0.06653 per_step=-0.02194 episode_projection=-10.97
[POLICY_DETAIL] samples=196608 raw_samples=196608 mb=49152 micro_mb=8192 logp_delta_abs=0.12770 old_logp=-15.72644 new_logp=-15.74223 adv_abs=0.66132 sde_steps=4
[TRAIN] mean_reward=-0.29148 mean_len=14.06 recent_eps=100 completed_eps=166872
[UPDATE_EFFECT] action_delta=0.02507144 param_rms_delta=0.00512572
[TIME] collect=3.786s update=0.830s
[DONE] timeout=0.00000 anchor_pos=0.00195 anchor_ori=0.02490 ee_body=0.92737
[TRACK_ROLLOUT] anchor_pos=0.79392 anchor_ori=0.42442 body_pos=0.78198 body_ori=0.27298 body_lin=0.29437 body_ang=0.04496
[ACT_SUMMARY] abs_mean=0.6027 abs_p95=0.7451 abs_p99=0.8081 abs_max=1.0262 legs=0.5988 waist=0.6112 arms=0.6043
[FRAME_DIAG] frame0_abs=0.6027 frame1_abs=nan in_chunk_delta=nan cross_chunk_delta=0.7949
[UPDATE] 15/300 reward_step=-0.01922 chunk=-0.01922 done_frac=0.07146 mean_reward=-0.23250 mean_len=12.74
[SFPO] loss=0.00224 policy_loss=-0.00674 value_loss=0.00898 ratio=0.9995 [0.162,4.888] clip=0.1859 kl=0.013708 grad=0.1463 grad_c=0.1062 lr=0.002250 critic_lr=0.002250
[ROLLOUT] live=24.00 survive=0.05884 per_step=-0.01922 episode_projection=-9.61
[POLICY_DETAIL] samples=196608 raw_samples=196608 mb=49152 micro_mb=8192 logp_delta_abs=0.12109 old_logp=-15.73070 new_logp=-15.74469 adv_abs=0.66827 sde_steps=4
[TRAIN] mean_reward=-0.23250 mean_len=12.74 recent_eps=100 completed_eps=180921
[UPDATE_EFFECT] action_delta=0.02203890 param_rms_delta=0.00396323
[TIME] collect=3.836s update=0.832s
[DONE] timeout=0.00000 anchor_pos=0.00183 anchor_ori=0.01843 ee_body=0.93665
[TRACK_ROLLOUT] anchor_pos=0.80330 anchor_ori=0.42723 body_pos=0.78907 body_ori=0.27981 body_lin=0.29469 body_ang=0.04646
[ACT_SUMMARY] abs_mean=0.5970 abs_p95=0.7386 abs_p99=0.8007 abs_max=0.9898 legs=0.5928 waist=0.6079 arms=0.5983
[FRAME_DIAG] frame0_abs=0.5970 frame1_abs=nan in_chunk_delta=nan cross_chunk_delta=0.7788
[UPDATE] 16/300 reward_step=-0.01641 chunk=-0.01641 done_frac=0.07423 mean_reward=-0.18617 mean_len=12.36
[SFPO] loss=0.00034 policy_loss=-0.00744 value_loss=0.00778 ratio=0.9994 [0.159,4.943] clip=0.1934 kl=0.014006 grad=0.1523 grad_c=0.1042 lr=0.002250 critic_lr=0.002250
[ROLLOUT] live=24.00 survive=0.04993 per_step=-0.01641 episode_projection=-8.20
[POLICY_DETAIL] samples=196608 raw_samples=196608 mb=49152 micro_mb=8192 logp_delta_abs=0.12316 old_logp=-15.73364 new_logp=-15.74811 adv_abs=0.66510 sde_steps=4
[TRAIN] mean_reward=-0.18617 mean_len=12.36 recent_eps=100 completed_eps=195516
[UPDATE_EFFECT] action_delta=0.02234063 param_rms_delta=0.00399548
[TIME] collect=3.827s update=0.824s
[DONE] timeout=0.00000 anchor_pos=0.00146 anchor_ori=0.02112 ee_body=0.94495
[TRACK_ROLLOUT] anchor_pos=0.81696 anchor_ori=0.43346 body_pos=0.79865 body_ori=0.29151 body_lin=0.29764 body_ang=0.04849
[ACT_SUMMARY] abs_mean=0.5915 abs_p95=0.7323 abs_p99=0.7943 abs_max=1.0369 legs=0.5863 waist=0.6085 arms=0.5925
[FRAME_DIAG] frame0_abs=0.5915 frame1_abs=nan in_chunk_delta=nan cross_chunk_delta=0.7637
[UPDATE] 17/300 reward_step=-0.01371 chunk=-0.01371 done_frac=0.07513 mean_reward=-0.20489 mean_len=12.64
[SFPO] loss=-0.00123 policy_loss=-0.00759 value_loss=0.00636 ratio=0.9994 [0.122,6.898] clip=0.1981 kl=0.014344 grad=0.1751 grad_c=0.1057 lr=0.002250 critic_lr=0.002250
[ROLLOUT] live=24.00 survive=0.04761 per_step=-0.01371 episode_projection=-6.85
[POLICY_DETAIL] samples=196608 raw_samples=196608 mb=49152 micro_mb=8192 logp_delta_abs=0.12465 old_logp=-15.73627 new_logp=-15.75101 adv_abs=0.67040 sde_steps=4
[TRAIN] mean_reward=-0.20489 mean_len=12.64 recent_eps=100 completed_eps=210287
[UPDATE_EFFECT] action_delta=0.02425741 param_rms_delta=0.00408084
[TIME] collect=3.771s update=0.837s
[DONE] timeout=0.00000 anchor_pos=0.00122 anchor_ori=0.01746 ee_body=0.94763
[TRACK_ROLLOUT] anchor_pos=0.82237 anchor_ori=0.43797 body_pos=0.80344 body_ori=0.29797 body_lin=0.29735 body_ang=0.05061
[ACT_SUMMARY] abs_mean=0.5857 abs_p95=0.7250 abs_p99=0.7873 abs_max=0.9971 legs=0.5800 waist=0.6070 arms=0.5860
[FRAME_DIAG] frame0_abs=0.5857 frame1_abs=nan in_chunk_delta=nan cross_chunk_delta=0.7470
[UPDATE] 18/300 reward_step=-0.01091 chunk=-0.01091 done_frac=0.07848 mean_reward=-0.16236 mean_len=14.01
[SFPO] loss=-0.00269 policy_loss=-0.00797 value_loss=0.00528 ratio=0.9995 [0.141,5.392] clip=0.1892 kl=0.013588 grad=0.1950 grad_c=0.0896 lr=0.001500 critic_lr=0.001500
[ROLLOUT] live=24.00 survive=0.04639 per_step=-0.01091 episode_projection=-5.45
[POLICY_DETAIL] samples=196608 raw_samples=196608 mb=49152 micro_mb=8192 logp_delta_abs=0.12167 old_logp=-15.73104 new_logp=-15.74498 adv_abs=0.67533 sde_steps=4
[TRAIN] mean_reward=-0.16236 mean_len=14.01 recent_eps=100 completed_eps=225717
[UPDATE_EFFECT] action_delta=0.02109144 param_rms_delta=0.00329516
[TIME] collect=3.777s update=0.826s
[DONE] timeout=0.00000 anchor_pos=0.00049 anchor_ori=0.01855 ee_body=0.94983
[TRACK_ROLLOUT] anchor_pos=0.83017 anchor_ori=0.44101 body_pos=0.81045 body_ori=0.30859 body_lin=0.29616 body_ang=0.05225
[ACT_SUMMARY] abs_mean=0.5805 abs_p95=0.7200 abs_p99=0.7807 abs_max=0.9896 legs=0.5722 waist=0.6125 arms=0.5808
[FRAME_DIAG] frame0_abs=0.5805 frame1_abs=nan in_chunk_delta=nan cross_chunk_delta=0.7292
[UPDATE] 19/300 reward_step=-0.00810 chunk=-0.00810 done_frac=0.07980 mean_reward=-0.10299 mean_len=11.70
[SFPO] loss=-0.00287 policy_loss=-0.00756 value_loss=0.00469 ratio=0.9997 [0.142,5.969] clip=0.1958 kl=0.014220 grad=0.2102 grad_c=0.1155 lr=0.001500 critic_lr=0.001500
[ROLLOUT] live=24.00 survive=0.03088 per_step=-0.00810 episode_projection=-4.05
[POLICY_DETAIL] samples=196608 raw_samples=196608 mb=49152 micro_mb=8192 logp_delta_abs=0.12389 old_logp=-15.72417 new_logp=-15.73850 adv_abs=0.67386 sde_steps=4
[TRAIN] mean_reward=-0.10299 mean_len=11.70 recent_eps=100 completed_eps=241407
[UPDATE_EFFECT] action_delta=0.02056809 param_rms_delta=0.00315924
[TIME] collect=3.864s update=0.847s
[DONE] timeout=0.00000 anchor_pos=0.00061 anchor_ori=0.01978 ee_body=0.96545
[TRACK_ROLLOUT] anchor_pos=0.83586 anchor_ori=0.45045 body_pos=0.81603 body_ori=0.31836 body_lin=0.29864 body_ang=0.05489
[ACT_SUMMARY] abs_mean=0.5747 abs_p95=0.7126 abs_p99=0.7742 abs_max=1.0353 legs=0.5650 waist=0.6117 arms=0.5750
[FRAME_DIAG] frame0_abs=0.5747 frame1_abs=nan in_chunk_delta=nan cross_chunk_delta=0.7118
[UPDATE] 20/300 reward_step=-0.00555 chunk=-0.00555 done_frac=0.08122 mean_reward=-0.06384 mean_len=12.96
[SFPO] loss=-0.00455 policy_loss=-0.00847 value_loss=0.00392 ratio=0.9996 [0.107,6.270] clip=0.1840 kl=0.013521 grad=0.1899 grad_c=0.0993 lr=0.001000 critic_lr=0.001000
[ROLLOUT] live=24.00 survive=0.02979 per_step=-0.00555 episode_projection=-2.78
[POLICY_DETAIL] samples=196608 raw_samples=196608 mb=49152 micro_mb=8192 logp_delta_abs=0.12041 old_logp=-15.72871 new_logp=-15.74249 adv_abs=0.67570 sde_steps=4
[TRAIN] mean_reward=-0.06384 mean_len=12.96 recent_eps=100 completed_eps=257375
[UPDATE_EFFECT] action_delta=0.01948735 param_rms_delta=0.00247404
[TIME] collect=3.785s update=0.833s
[DONE] timeout=0.00000 anchor_pos=0.00012 anchor_ori=0.01941 ee_body=0.96680
[TRACK_ROLLOUT] anchor_pos=0.84449 anchor_ori=0.45783 body_pos=0.82134 body_ori=0.32511 body_lin=0.30032 body_ang=0.05769
[ACT_SUMMARY] abs_mean=0.5679 abs_p95=0.7050 abs_p99=0.7638 abs_max=0.9850 legs=0.5578 waist=0.6055 arms=0.5685
[FRAME_DIAG] frame0_abs=0.5679 frame1_abs=nan in_chunk_delta=nan cross_chunk_delta=0.6953
[UPDATE] 21/300 reward_step=-0.00325 chunk=-0.00325 done_frac=0.08179 mean_reward=-0.05288 mean_len=11.83
[SFPO] loss=-0.00571 policy_loss=-0.00905 value_loss=0.00335 ratio=0.9994 [0.160,6.901] clip=0.1671 kl=0.012318 grad=0.1721 grad_c=0.0606 lr=0.000667 critic_lr=0.000667
[ROLLOUT] live=24.00 survive=0.02771 per_step=-0.00325 episode_projection=-1.63
[POLICY_DETAIL] samples=196608 raw_samples=196608 mb=49152 micro_mb=8192 logp_delta_abs=0.11448 old_logp=-15.73668 new_logp=-15.74944 adv_abs=0.68123 sde_steps=4
[TRAIN] mean_reward=-0.05288 mean_len=11.83 recent_eps=100 completed_eps=273456
[UPDATE_EFFECT] action_delta=0.01755971 param_rms_delta=0.00194319
[TIME] collect=3.754s update=0.831s
[DONE] timeout=0.00000 anchor_pos=0.00024 anchor_ori=0.01819 ee_body=0.97046
[TRACK_ROLLOUT] anchor_pos=0.84563 anchor_ori=0.45867 body_pos=0.82364 body_ori=0.33176 body_lin=0.30122 body_ang=0.06143
[ACT_SUMMARY] abs_mean=0.5621 abs_p95=0.6981 abs_p99=0.7585 abs_max=0.9591 legs=0.5508 waist=0.6046 arms=0.5627
[FRAME_DIAG] frame0_abs=0.5621 frame1_abs=nan in_chunk_delta=nan cross_chunk_delta=0.6788
[UPDATE] 22/300 reward_step=-0.00039 chunk=-0.00039 done_frac=0.08276 mean_reward=-0.00221 mean_len=12.48
[SFPO] loss=-0.00542 policy_loss=-0.00853 value_loss=0.00310 ratio=0.9994 [0.129,5.762] clip=0.1833 kl=0.013345 grad=0.2030 grad_c=0.0900 lr=0.001000 critic_lr=0.001000
[ROLLOUT] live=24.00 survive=0.02954 per_step=-0.00039 episode_projection=-0.20
[POLICY_DETAIL] samples=196608 raw_samples=196608 mb=49152 micro_mb=8192 logp_delta_abs=0.11900 old_logp=-15.72199 new_logp=-15.73578 adv_abs=0.67680 sde_steps=4
[TRAIN] mean_reward=-0.00221 mean_len=12.48 recent_eps=100 completed_eps=289727
[UPDATE_EFFECT] action_delta=0.01912545 param_rms_delta=0.00238508
[TIME] collect=3.766s update=0.824s
[DONE] timeout=0.00000 anchor_pos=0.00012 anchor_ori=0.01770 ee_body=0.96802
[TRACK_ROLLOUT] anchor_pos=0.85106 anchor_ori=0.46713 body_pos=0.82957 body_ori=0.34004 body_lin=0.30737 body_ang=0.06560
[ACT_SUMMARY] abs_mean=0.5555 abs_p95=0.6907 abs_p99=0.7509 abs_max=0.9990 legs=0.5423 waist=0.6014 arms=0.5569
[FRAME_DIAG] frame0_abs=0.5555 frame1_abs=nan in_chunk_delta=nan cross_chunk_delta=0.6611
[UPDATE] 23/300 reward_step=0.00197 chunk=0.00197 done_frac=0.08321 mean_reward=0.01757 mean_len=12.09
[SFPO] loss=-0.00573 policy_loss=-0.00834 value_loss=0.00261 ratio=0.9992 [0.134,5.279] clip=0.1907 kl=0.013780 grad=0.2605 grad_c=0.0588 lr=0.001000 critic_lr=0.001000
[ROLLOUT] live=24.00 survive=0.02368 per_step=0.00197 episode_projection=0.99
[POLICY_DETAIL] samples=196608 raw_samples=196608 mb=49152 micro_mb=8192 logp_delta_abs=0.12199 old_logp=-15.73063 new_logp=-15.74501 adv_abs=0.68968 sde_steps=4
[TRAIN] mean_reward=0.01757 mean_len=12.09 recent_eps=100 completed_eps=306087
[UPDATE_EFFECT] action_delta=0.01886016 param_rms_delta=0.00240810
[TIME] collect=3.852s update=0.827s
[DONE] timeout=0.00000 anchor_pos=0.00012 anchor_ori=0.01709 ee_body=0.97351
[TRACK_ROLLOUT] anchor_pos=0.85538 anchor_ori=0.46903 body_pos=0.83253 body_ori=0.34732 body_lin=0.31038 body_ang=0.07006
[ACT_SUMMARY] abs_mean=0.5492 abs_p95=0.6833 abs_p99=0.7434 abs_max=1.0114 legs=0.5347 waist=0.5986 arms=0.5511
[FRAME_DIAG] frame0_abs=0.5492 frame1_abs=nan in_chunk_delta=nan cross_chunk_delta=0.6447
[UPDATE] 24/300 reward_step=0.00406 chunk=0.00406 done_frac=0.08391 mean_reward=0.05080 mean_len=11.97
[SFPO] loss=-0.00617 policy_loss=-0.00841 value_loss=0.00224 ratio=0.9994 [0.134,5.513] clip=0.1927 kl=0.013722 grad=0.2860 grad_c=0.0487 lr=0.001000 critic_lr=0.001000
[ROLLOUT] live=24.00 survive=0.02173 per_step=0.00406 episode_projection=2.03
[POLICY_DETAIL] samples=196608 raw_samples=196608 mb=49152 micro_mb=8192 logp_delta_abs=0.12250 old_logp=-15.72503 new_logp=-15.73917 adv_abs=0.69655 sde_steps=4
[TRAIN] mean_reward=0.05080 mean_len=11.97 recent_eps=100 completed_eps=322584
[UPDATE_EFFECT] action_delta=0.01889812 param_rms_delta=0.00238635
[TIME] collect=3.858s update=0.838s
[DONE] timeout=0.00000 anchor_pos=0.00012 anchor_ori=0.01550 ee_body=0.97644
[TRACK_ROLLOUT] anchor_pos=0.85775 anchor_ori=0.47473 body_pos=0.83454 body_ori=0.35247 body_lin=0.31144 body_ang=0.07378
[ACT_SUMMARY] abs_mean=0.5438 abs_p95=0.6767 abs_p99=0.7366 abs_max=0.9209 legs=0.5292 waist=0.5940 arms=0.5456
[FRAME_DIAG] frame0_abs=0.5438 frame1_abs=nan in_chunk_delta=nan cross_chunk_delta=0.6288
[UPDATE] 25/300 reward_step=0.00609 chunk=0.00609 done_frac=0.08385 mean_reward=0.07599 mean_len=11.95
[SFPO] loss=-0.00666 policy_loss=-0.00877 value_loss=0.00211 ratio=0.9994 [0.145,5.483] clip=0.1855 kl=0.013659 grad=0.2532 grad_c=0.0491 lr=0.000667 critic_lr=0.000667
[ROLLOUT] live=24.00 survive=0.02173 per_step=0.00609 episode_projection=3.05
[POLICY_DETAIL] samples=196608 raw_samples=196608 mb=49152 micro_mb=8192 logp_delta_abs=0.12101 old_logp=-15.73475 new_logp=-15.74880 adv_abs=0.69359 sde_steps=4
[TRAIN] mean_reward=0.07599 mean_len=11.95 recent_eps=100 completed_eps=339070
[UPDATE_EFFECT] action_delta=0.01828825 param_rms_delta=0.00184677
[TIME] collect=3.655s update=0.838s
[DONE] timeout=0.00000 anchor_pos=0.00000 anchor_ori=0.01514 ee_body=0.97546
[TRACK_ROLLOUT] anchor_pos=0.85963 anchor_ori=0.48083 body_pos=0.83661 body_ori=0.35930 body_lin=0.31531 body_ang=0.07835
[ACT_SUMMARY] abs_mean=0.5381 abs_p95=0.6704 abs_p99=0.7302 abs_max=0.8839 legs=0.5230 waist=0.5880 arms=0.5403
[FRAME_DIAG] frame0_abs=0.5381 frame1_abs=nan in_chunk_delta=nan cross_chunk_delta=0.6147
[UPDATE] 26/300 reward_step=0.00840 chunk=0.00840 done_frac=0.08424 mean_reward=0.09757 mean_len=12.21
[SFPO] loss=-0.00676 policy_loss=-0.00883 value_loss=0.00208 ratio=0.9996 [0.156,5.325] clip=0.1636 kl=0.012064 grad=0.2153 grad_c=0.0675 lr=0.000444 critic_lr=0.000444
[ROLLOUT] live=24.00 survive=0.02246 per_step=0.00840 episode_projection=4.20
[POLICY_DETAIL] samples=196608 raw_samples=196608 mb=49152 micro_mb=8192 logp_delta_abs=0.11319 old_logp=-15.72982 new_logp=-15.74218 adv_abs=0.69638 sde_steps=4
[TRAIN] mean_reward=0.09757 mean_len=12.21 recent_eps=100 completed_eps=355632
[UPDATE_EFFECT] action_delta=0.01660766 param_rms_delta=0.00139655
[TIME] collect=3.781s update=0.848s
[DONE] timeout=0.00000 anchor_pos=0.00012 anchor_ori=0.01123 ee_body=0.97559
[TRACK_ROLLOUT] anchor_pos=0.85922 anchor_ori=0.48670 body_pos=0.83827 body_ori=0.36646 body_lin=0.31982 body_ang=0.08443
[ACT_SUMMARY] abs_mean=0.5324 abs_p95=0.6637 abs_p99=0.7248 abs_max=0.9580 legs=0.5156 waist=0.5873 arms=0.5350
[FRAME_DIAG] frame0_abs=0.5324 frame1_abs=nan in_chunk_delta=nan cross_chunk_delta=0.5978
[UPDATE] 27/300 reward_step=0.01035 chunk=0.01035 done_frac=0.08300 mean_reward=0.10218 mean_len=12.69
[SFPO] loss=-0.00666 policy_loss=-0.00873 value_loss=0.00207 ratio=0.9995 [0.073,10.339] clip=0.1696 kl=0.012284 grad=0.2406 grad_c=0.0774 lr=0.000667 critic_lr=0.000667
[ROLLOUT] live=24.00 survive=0.02002 per_step=0.01035 episode_projection=5.18
[POLICY_DETAIL] samples=196608 raw_samples=196608 mb=49152 micro_mb=8192 logp_delta_abs=0.11403 old_logp=-15.73205 new_logp=-15.74468 adv_abs=0.70265 sde_steps=4
[TRAIN] mean_reward=0.10218 mean_len=12.69 recent_eps=100 completed_eps=371950
[UPDATE_EFFECT] action_delta=0.01717475 param_rms_delta=0.00175387
[TIME] collect=3.819s update=0.847s
[DONE] timeout=0.00000 anchor_pos=0.00000 anchor_ori=0.01074 ee_body=0.97791
[TRACK_ROLLOUT] anchor_pos=0.86188 anchor_ori=0.48808 body_pos=0.84011 body_ori=0.37051 body_lin=0.32730 body_ang=0.09051
[ACT_SUMMARY] abs_mean=0.5286 abs_p95=0.6597 abs_p99=0.7175 abs_max=0.8861 legs=0.5106 waist=0.5819 arms=0.5325
[FRAME_DIAG] frame0_abs=0.5286 frame1_abs=nan in_chunk_delta=nan cross_chunk_delta=0.5846
[UPDATE] 28/300 reward_step=0.01222 chunk=0.01222 done_frac=0.08249 mean_reward=0.14548 mean_len=12.08
[SFPO] loss=-0.00595 policy_loss=-0.00798 value_loss=0.00204 ratio=0.9993 [0.086,6.779] clip=0.1707 kl=0.012836 grad=0.2682 grad_c=0.0874 lr=0.000667 critic_lr=0.000667
[ROLLOUT] live=24.00 survive=0.01941 per_step=0.01222 episode_projection=6.11
[POLICY_DETAIL] samples=196608 raw_samples=196608 mb=49152 micro_mb=8192 logp_delta_abs=0.11588 old_logp=-15.72719 new_logp=-15.74050 adv_abs=0.70174 sde_steps=4
[TRAIN] mean_reward=0.14548 mean_len=12.08 recent_eps=100 completed_eps=388168
[UPDATE_EFFECT] action_delta=0.01795002 param_rms_delta=0.00179770
[TIME] collect=3.857s update=0.830s
[DONE] timeout=0.00000 anchor_pos=0.00000 anchor_ori=0.00781 ee_body=0.97949
[TRACK_ROLLOUT] anchor_pos=0.86230 anchor_ori=0.49205 body_pos=0.84073 body_ori=0.37411 body_lin=0.33215 body_ang=0.09674
[ACT_SUMMARY] abs_mean=0.5237 abs_p95=0.6531 abs_p99=0.7103 abs_max=0.9047 legs=0.5045 waist=0.5779 arms=0.5285
[FRAME_DIAG] frame0_abs=0.5237 frame1_abs=nan in_chunk_delta=nan cross_chunk_delta=0.5705
[UPDATE] 29/300 reward_step=0.01418 chunk=0.01418 done_frac=0.08130 mean_reward=0.19844 mean_len=13.30
[SFPO] loss=-0.00583 policy_loss=-0.00787 value_loss=0.00204 ratio=0.9995 [0.068,7.974] clip=0.1616 kl=0.012106 grad=0.2877 grad_c=0.0577 lr=0.000444 critic_lr=0.000444
[ROLLOUT] live=24.00 survive=0.02295 per_step=0.01418 episode_projection=7.09
[POLICY_DETAIL] samples=196608 raw_samples=196608 mb=49152 micro_mb=8192 logp_delta_abs=0.11327 old_logp=-15.72893 new_logp=-15.74135 adv_abs=0.69957 sde_steps=4
[TRAIN] mean_reward=0.19844 mean_len=13.30 recent_eps=100 completed_eps=404152
[UPDATE_EFFECT] action_delta=0.01504419 param_rms_delta=0.00136154
[TIME] collect=3.733s update=0.832s
[DONE] timeout=0.00000 anchor_pos=0.00000 anchor_ori=0.00732 ee_body=0.97595
[TRACK_ROLLOUT] anchor_pos=0.86113 anchor_ori=0.49868 body_pos=0.84200 body_ori=0.38120 body_lin=0.33715 body_ang=0.10407
[ACT_SUMMARY] abs_mean=0.5184 abs_p95=0.6474 abs_p99=0.7049 abs_max=0.8974 legs=0.4989 waist=0.5718 arms=0.5237
[FRAME_DIAG] frame0_abs=0.5184 frame1_abs=nan in_chunk_delta=nan cross_chunk_delta=0.5564
[UPDATE] 30/300 reward_step=0.01573 chunk=0.01573 done_frac=0.07996 mean_reward=0.16345 mean_len=11.59
[SFPO] loss=-0.00548 policy_loss=-0.00756 value_loss=0.00208 ratio=0.9995 [0.040,8.910] clip=0.1402 kl=0.011447 grad=0.2163 grad_c=0.0655 lr=0.000198 critic_lr=0.000198
[ROLLOUT] live=24.00 survive=0.02234 per_step=0.01573 episode_projection=7.86
[POLICY_DETAIL] samples=196608 raw_samples=196608 mb=49152 micro_mb=8192 logp_delta_abs=0.10644 old_logp=-15.72989 new_logp=-15.74159 adv_abs=0.69577 sde_steps=4
[TRAIN] mean_reward=0.16345 mean_len=11.59 recent_eps=100 completed_eps=419873
[UPDATE_EFFECT] action_delta=0.01414000 param_rms_delta=0.00087996
[TIME] collect=3.718s update=0.831s
[DONE] timeout=0.00000 anchor_pos=0.00000 anchor_ori=0.00586 ee_body=0.97668
[TRACK_ROLLOUT] anchor_pos=0.86033 anchor_ori=0.50306 body_pos=0.84196 body_ori=0.38439 body_lin=0.34363 body_ang=0.11039
[ACT_SUMMARY] abs_mean=0.5147 abs_p95=0.6425 abs_p99=0.7002 abs_max=0.8762 legs=0.4939 waist=0.5667 arms=0.5215
[FRAME_DIAG] frame0_abs=0.5147 frame1_abs=nan in_chunk_delta=nan cross_chunk_delta=0.5457
[UPDATE] 31/300 reward_step=0.01740 chunk=0.01740 done_frac=0.07849 mean_reward=0.24290 mean_len=13.28
[SFPO] loss=-0.00492 policy_loss=-0.00719 value_loss=0.00227 ratio=0.9996 [0.110,7.236] clip=0.1636 kl=0.012017 grad=0.3073 grad_c=0.0629 lr=0.000444 critic_lr=0.000444
[ROLLOUT] live=24.00 survive=0.02808 per_step=0.01740 episode_projection=8.70
[POLICY_DETAIL] samples=196608 raw_samples=196608 mb=49152 micro_mb=8192 logp_delta_abs=0.11133 old_logp=-15.72733 new_logp=-15.73958 adv_abs=0.68681 sde_steps=4
[TRAIN] mean_reward=0.24290 mean_len=13.28 recent_eps=100 completed_eps=435304
[UPDATE_EFFECT] action_delta=0.01580679 param_rms_delta=0.00127330
[TIME] collect=3.706s update=0.834s
[DONE] timeout=0.00000 anchor_pos=0.00012 anchor_ori=0.00659 ee_body=0.97107
[TRACK_ROLLOUT] anchor_pos=0.85928 anchor_ori=0.50432 body_pos=0.84221 body_ori=0.38629 body_lin=0.35108 body_ang=0.11778
[ACT_SUMMARY] abs_mean=0.5103 abs_p95=0.6374 abs_p99=0.6934 abs_max=0.8852 legs=0.4886 waist=0.5626 arms=0.5176
[FRAME_DIAG] frame0_abs=0.5103 frame1_abs=nan in_chunk_delta=nan cross_chunk_delta=0.5327
[UPDATE] 32/300 reward_step=0.01875 chunk=0.01875 done_frac=0.07650 mean_reward=0.22711 mean_len=12.59
[SFPO] loss=-0.00525 policy_loss=-0.00745 value_loss=0.00220 ratio=0.9996 [0.204,4.552] clip=0.1624 kl=0.011660 grad=0.2894 grad_c=0.0750 lr=0.000667 critic_lr=0.000667
[ROLLOUT] live=24.00 survive=0.03015 per_step=0.01875 episode_projection=9.38
[POLICY_DETAIL] samples=196608 raw_samples=196608 mb=49152 micro_mb=8192 logp_delta_abs=0.11193 old_logp=-15.73356 new_logp=-15.74549 adv_abs=0.69530 sde_steps=4
[TRAIN] mean_reward=0.22711 mean_len=12.59 recent_eps=100 completed_eps=450345
[UPDATE_EFFECT] action_delta=0.01559362 param_rms_delta=0.00170092
[TIME] collect=3.661s update=0.828s
[DONE] timeout=0.00000 anchor_pos=0.00024 anchor_ori=0.00598 ee_body=0.96875
[TRACK_ROLLOUT] anchor_pos=0.85862 anchor_ori=0.50727 body_pos=0.84222 body_ori=0.38795 body_lin=0.36001 body_ang=0.12503
[ACT_SUMMARY] abs_mean=0.5079 abs_p95=0.6344 abs_p99=0.6911 abs_max=0.8828 legs=0.4851 waist=0.5578 arms=0.5167
[FRAME_DIAG] frame0_abs=0.5079 frame1_abs=nan in_chunk_delta=nan cross_chunk_delta=0.5239
[UPDATE] 33/300 reward_step=0.02002 chunk=0.02002 done_frac=0.07562 mean_reward=0.24618 mean_len=13.25
[SFPO] loss=-0.00385 policy_loss=-0.00608 value_loss=0.00223 ratio=0.9994 [0.138,7.051] clip=0.1802 kl=0.013149 grad=0.3889 grad_c=0.0677 lr=0.000667 critic_lr=0.000667
[ROLLOUT] live=24.00 survive=0.03223 per_step=0.02002 episode_projection=10.01
[POLICY_DETAIL] samples=196608 raw_samples=196608 mb=49152 micro_mb=8192 logp_delta_abs=0.11906 old_logp=-15.72527 new_logp=-15.73884 adv_abs=0.69504 sde_steps=4
[TRAIN] mean_reward=0.24618 mean_len=13.25 recent_eps=100 completed_eps=465212
[UPDATE_EFFECT] action_delta=0.01583210 param_rms_delta=0.00169967
[TIME] collect=3.683s update=0.831s
[DONE] timeout=0.00000 anchor_pos=0.00000 anchor_ori=0.00391 ee_body=0.96667
[TRACK_ROLLOUT] anchor_pos=0.85835 anchor_ori=0.51210 body_pos=0.84217 body_ori=0.39162 body_lin=0.36272 body_ang=0.13059
[ACT_SUMMARY] abs_mean=0.5038 abs_p95=0.6293 abs_p99=0.6857 abs_max=0.9148 legs=0.4815 waist=0.5559 arms=0.5118
[FRAME_DIAG] frame0_abs=0.5038 frame1_abs=nan in_chunk_delta=nan cross_chunk_delta=0.5142
[UPDATE] 34/300 reward_step=0.02090 chunk=0.02090 done_frac=0.07431 mean_reward=0.31436 mean_len=14.21
[SFPO] loss=-0.00416 policy_loss=-0.00648 value_loss=0.00232 ratio=0.9995 [0.121,5.298] clip=0.1866 kl=0.013581 grad=0.3833 grad_c=0.0534 lr=0.000667 critic_lr=0.000667
[ROLLOUT] live=24.00 survive=0.03711 per_step=0.02090 episode_projection=10.45
[POLICY_DETAIL] samples=196608 raw_samples=196608 mb=49152 micro_mb=8192 logp_delta_abs=0.12115 old_logp=-15.72330 new_logp=-15.73722 adv_abs=0.67885 sde_steps=4
[TRAIN] mean_reward=0.31436 mean_len=14.21 recent_eps=100 completed_eps=479821
[UPDATE_EFFECT] action_delta=0.01600691 param_rms_delta=0.00168784
[TIME] collect=3.807s update=0.823s
[DONE] timeout=0.00000 anchor_pos=0.00000 anchor_ori=0.00342 ee_body=0.96179
[TRACK_ROLLOUT] anchor_pos=0.85248 anchor_ori=0.51496 body_pos=0.83946 body_ori=0.39209 body_lin=0.36622 body_ang=0.13555
[ACT_SUMMARY] abs_mean=0.5016 abs_p95=0.6267 abs_p99=0.6829 abs_max=0.9188 legs=0.4797 waist=0.5563 arms=0.5086
[FRAME_DIAG] frame0_abs=0.5016 frame1_abs=nan in_chunk_delta=nan cross_chunk_delta=0.5064
[UPDATE] 35/300 reward_step=0.02202 chunk=0.02202 done_frac=0.07186 mean_reward=0.29273 mean_len=13.31
[SFPO] loss=-0.00474 policy_loss=-0.00713 value_loss=0.00238 ratio=0.9997 [0.166,3.883] clip=0.1715 kl=0.012198 grad=0.3547 grad_c=0.0469 lr=0.000667 critic_lr=0.000667
[ROLLOUT] live=24.00 survive=0.04211 per_step=0.02202 episode_projection=11.01
[POLICY_DETAIL] samples=196608 raw_samples=196608 mb=49152 micro_mb=8192 logp_delta_abs=0.11578 old_logp=-15.71911 new_logp=-15.73149 adv_abs=0.67879 sde_steps=4
[TRAIN] mean_reward=0.29273 mean_len=13.31 recent_eps=100 completed_eps=493950
[UPDATE_EFFECT] action_delta=0.01523866 param_rms_delta=0.00166928
[TIME] collect=3.831s update=0.831s
[DONE] timeout=0.00000 anchor_pos=0.00000 anchor_ori=0.00317 ee_body=0.95740
[TRACK_ROLLOUT] anchor_pos=0.84906 anchor_ori=0.52113 body_pos=0.83826 body_ori=0.39357 body_lin=0.37223 body_ang=0.14223
[ACT_SUMMARY] abs_mean=0.5001 abs_p95=0.6249 abs_p99=0.6806 abs_max=0.8737 legs=0.4786 waist=0.5547 arms=0.5068
[FRAME_DIAG] frame0_abs=0.5001 frame1_abs=nan in_chunk_delta=nan cross_chunk_delta=0.4986
[UPDATE] 36/300 reward_step=0.02274 chunk=0.02274 done_frac=0.07095 mean_reward=0.34963 mean_len=14.57
[SFPO] loss=-0.00414 policy_loss=-0.00662 value_loss=0.00248 ratio=0.9996 [0.075,8.115] clip=0.1600 kl=0.012114 grad=0.2992 grad_c=0.0470 lr=0.000444 critic_lr=0.000444
[ROLLOUT] live=24.00 survive=0.04919 per_step=0.02274 episode_projection=11.37
[POLICY_DETAIL] samples=196608 raw_samples=196608 mb=49152 micro_mb=8192 logp_delta_abs=0.11290 old_logp=-15.73799 new_logp=-15.75034 adv_abs=0.67325 sde_steps=4
[TRAIN] mean_reward=0.34963 mean_len=14.57 recent_eps=100 completed_eps=507900
[UPDATE_EFFECT] action_delta=0.01587893 param_rms_delta=0.00129787
[TIME] collect=3.754s update=0.820s
[DONE] timeout=0.00000 anchor_pos=0.00000 anchor_ori=0.00378 ee_body=0.95044
[TRACK_ROLLOUT] anchor_pos=0.84504 anchor_ori=0.52172 body_pos=0.83639 body_ori=0.39339 body_lin=0.37528 body_ang=0.14841
[ACT_SUMMARY] abs_mean=0.4984 abs_p95=0.6225 abs_p99=0.6786 abs_max=0.8860 legs=0.4780 waist=0.5502 arms=0.5048
[FRAME_DIAG] frame0_abs=0.4984 frame1_abs=nan in_chunk_delta=nan cross_chunk_delta=0.4917
[UPDATE] 37/300 reward_step=0.02381 chunk=0.02381 done_frac=0.06879 mean_reward=0.37631 mean_len=14.90
[SFPO] loss=-0.00435 policy_loss=-0.00705 value_loss=0.00270 ratio=0.9995 [0.140,4.669] clip=0.1563 kl=0.011259 grad=0.2756 grad_c=0.0732 lr=0.000667 critic_lr=0.000667
[ROLLOUT] live=24.00 survive=0.05823 per_step=0.02381 episode_projection=11.90
[POLICY_DETAIL] samples=196608 raw_samples=196608 mb=49152 micro_mb=8192 logp_delta_abs=0.11000 old_logp=-15.73180 new_logp=-15.74341 adv_abs=0.67383 sde_steps=4
[TRAIN] mean_reward=0.37631 mean_len=14.90 recent_eps=100 completed_eps=521425
[UPDATE_EFFECT] action_delta=0.01517291 param_rms_delta=0.00167528
[TIME] collect=3.654s update=0.821s
[DONE] timeout=0.00000 anchor_pos=0.00000 anchor_ori=0.00549 ee_body=0.94055
[TRACK_ROLLOUT] anchor_pos=0.84073 anchor_ori=0.52669 body_pos=0.83426 body_ori=0.39395 body_lin=0.38036 body_ang=0.15497
[ACT_SUMMARY] abs_mean=0.4980 abs_p95=0.6221 abs_p99=0.6779 abs_max=0.8646 legs=0.4778 waist=0.5535 arms=0.5033
[FRAME_DIAG] frame0_abs=0.4980 frame1_abs=nan in_chunk_delta=nan cross_chunk_delta=0.4843
[UPDATE] 38/300 reward_step=0.02465 chunk=0.02465 done_frac=0.06600 mean_reward=0.39765 mean_len=15.07
[SFPO] loss=-0.00322 policy_loss=-0.00610 value_loss=0.00288 ratio=0.9994 [0.132,6.877] clip=0.1726 kl=0.012965 grad=0.3398 grad_c=0.0851 lr=0.000667 critic_lr=0.000667
[ROLLOUT] live=24.00 survive=0.07080 per_step=0.02465 episode_projection=12.32
[POLICY_DETAIL] samples=196608 raw_samples=196608 mb=49152 micro_mb=8192 logp_delta_abs=0.11669 old_logp=-15.73193 new_logp=-15.74535 adv_abs=0.67602 sde_steps=4
[TRAIN] mean_reward=0.39765 mean_len=15.07 recent_eps=100 completed_eps=534402
[UPDATE_EFFECT] action_delta=0.01540249 param_rms_delta=0.00169050
[TIME] collect=3.695s update=0.851s
[DONE] timeout=0.00000 anchor_pos=0.00012 anchor_ori=0.00513 ee_body=0.92798
[TRACK_ROLLOUT] anchor_pos=0.83572 anchor_ori=0.53187 body_pos=0.83275 body_ori=0.39463 body_lin=0.38645 body_ang=0.16157
[ACT_SUMMARY] abs_mean=0.4973 abs_p95=0.6212 abs_p99=0.6768 abs_max=0.8573 legs=0.4788 waist=0.5480 arms=0.5023
[FRAME_DIAG] frame0_abs=0.4973 frame1_abs=nan in_chunk_delta=nan cross_chunk_delta=0.4791
[UPDATE] 39/300 reward_step=0.02553 chunk=0.02553 done_frac=0.06560 mean_reward=0.30591 mean_len=13.32
[SFPO] loss=-0.00270 policy_loss=-0.00555 value_loss=0.00286 ratio=0.9995 [0.109,5.247] clip=0.1741 kl=0.012656 grad=0.3859 grad_c=0.1072 lr=0.000667 critic_lr=0.000667
[ROLLOUT] live=24.00 survive=0.07385 per_step=0.02553 episode_projection=12.77
[POLICY_DETAIL] samples=196608 raw_samples=196608 mb=49152 micro_mb=8192 logp_delta_abs=0.11687 old_logp=-15.73493 new_logp=-15.74794 adv_abs=0.68443 sde_steps=4
[TRAIN] mean_reward=0.30591 mean_len=13.32 recent_eps=100 completed_eps=547299
[UPDATE_EFFECT] action_delta=0.01498651 param_rms_delta=0.00166053
[TIME] collect=3.719s update=0.837s
[DONE] timeout=0.00000 anchor_pos=0.00000 anchor_ori=0.00378 ee_body=0.92529
[TRACK_ROLLOUT] anchor_pos=0.83020 anchor_ori=0.54174 body_pos=0.83025 body_ori=0.39643 body_lin=0.39061 body_ang=0.16851
[ACT_SUMMARY] abs_mean=0.4958 abs_p95=0.6192 abs_p99=0.6745 abs_max=0.9243 legs=0.4789 waist=0.5417 arms=0.5005
[FRAME_DIAG] frame0_abs=0.4958 frame1_abs=nan in_chunk_delta=nan cross_chunk_delta=0.4718
[UPDATE] 40/300 reward_step=0.02619 chunk=0.02619 done_frac=0.06338 mean_reward=0.39756 mean_len=16.58
[SFPO] loss=-0.00231 policy_loss=-0.00541 value_loss=0.00310 ratio=0.9994 [0.130,7.351] clip=0.1786 kl=0.013196 grad=0.3688 grad_c=0.1182 lr=0.000667 critic_lr=0.000667
[ROLLOUT] live=24.00 survive=0.08618 per_step=0.02619 episode_projection=13.09
[POLICY_DETAIL] samples=196608 raw_samples=196608 mb=49152 micro_mb=8192 logp_delta_abs=0.11877 old_logp=-15.72629 new_logp=-15.73993 adv_abs=0.66709 sde_steps=4
[TRAIN] mean_reward=0.39756 mean_len=16.58 recent_eps=100 completed_eps=559760
[UPDATE_EFFECT] action_delta=0.01457550 param_rms_delta=0.00164803
[TIME] collect=3.655s update=0.828s
[DONE] timeout=0.00000 anchor_pos=0.00000 anchor_ori=0.00598 ee_body=0.91187
[TRACK_ROLLOUT] anchor_pos=0.82594 anchor_ori=0.54795 body_pos=0.82905 body_ori=0.39806 body_lin=0.39437 body_ang=0.17269
[ACT_SUMMARY] abs_mean=0.4959 abs_p95=0.6190 abs_p99=0.6735 abs_max=0.8855 legs=0.4811 waist=0.5392 arms=0.4994
[FRAME_DIAG] frame0_abs=0.4959 frame1_abs=nan in_chunk_delta=nan cross_chunk_delta=0.4666
[UPDATE] 41/300 reward_step=0.02692 chunk=0.02692 done_frac=0.06288 mean_reward=0.42303 mean_len=16.04
[SFPO] loss=-0.00234 policy_loss=-0.00552 value_loss=0.00318 ratio=0.9996 [0.144,5.976] clip=0.1747 kl=0.012985 grad=0.3631 grad_c=0.1126 lr=0.000667 critic_lr=0.000667
[ROLLOUT] live=24.00 survive=0.08557 per_step=0.02692 episode_projection=13.46
[POLICY_DETAIL] samples=196608 raw_samples=196608 mb=49152 micro_mb=8192 logp_delta_abs=0.11739 old_logp=-15.73122 new_logp=-15.74448 adv_abs=0.65940 sde_steps=4
[TRAIN] mean_reward=0.42303 mean_len=16.04 recent_eps=100 completed_eps=572123
[UPDATE_EFFECT] action_delta=0.01527443 param_rms_delta=0.00164606
[TIME] collect=3.745s update=0.828s
[DONE] timeout=0.00000 anchor_pos=0.00012 anchor_ori=0.00439 ee_body=0.91333
[TRACK_ROLLOUT] anchor_pos=0.82363 anchor_ori=0.55111 body_pos=0.82764 body_ori=0.40044 body_lin=0.39613 body_ang=0.17835
[ACT_SUMMARY] abs_mean=0.4965 abs_p95=0.6196 abs_p99=0.6739 abs_max=0.8213 legs=0.4846 waist=0.5370 arms=0.4980
[FRAME_DIAG] frame0_abs=0.4965 frame1_abs=nan in_chunk_delta=nan cross_chunk_delta=0.4607
[UPDATE] 42/300 reward_step=0.02771 chunk=0.02771 done_frac=0.06067 mean_reward=0.41541 mean_len=15.56
[SFPO] loss=-0.00226 policy_loss=-0.00555 value_loss=0.00328 ratio=0.9993 [0.133,7.375] clip=0.1754 kl=0.012856 grad=0.3803 grad_c=0.1067 lr=0.000667 critic_lr=0.000667
[ROLLOUT] live=24.00 survive=0.09692 per_step=0.02771 episode_projection=13.86
[POLICY_DETAIL] samples=196608 raw_samples=196608 mb=49152 micro_mb=8192 logp_delta_abs=0.11762 old_logp=-15.72971 new_logp=-15.74308 adv_abs=0.65723 sde_steps=4
[TRAIN] mean_reward=0.41541 mean_len=15.56 recent_eps=100 completed_eps=584051
[UPDATE_EFFECT] action_delta=0.01433790 param_rms_delta=0.00165554
[TIME] collect=3.720s update=0.823s
[DONE] timeout=0.00000 anchor_pos=0.00012 anchor_ori=0.00598 ee_body=0.90112
[TRACK_ROLLOUT] anchor_pos=0.81846 anchor_ori=0.55786 body_pos=0.82694 body_ori=0.40113 body_lin=0.40288 body_ang=0.18489
[ACT_SUMMARY] abs_mean=0.4976 abs_p95=0.6205 abs_p99=0.6741 abs_max=0.8488 legs=0.4873 waist=0.5352 arms=0.4984
[FRAME_DIAG] frame0_abs=0.4976 frame1_abs=nan in_chunk_delta=nan cross_chunk_delta=0.4555
[UPDATE] 43/300 reward_step=0.02825 chunk=0.02825 done_frac=0.05947 mean_reward=0.53926 mean_len=17.81
[SFPO] loss=-0.00205 policy_loss=-0.00562 value_loss=0.00357 ratio=0.9997 [0.147,4.532] clip=0.1688 kl=0.012379 grad=0.3444 grad_c=0.0852 lr=0.000667 critic_lr=0.000667
[ROLLOUT] live=24.00 survive=0.10425 per_step=0.02825 episode_projection=14.13
[POLICY_DETAIL] samples=196608 raw_samples=196608 mb=49152 micro_mb=8192 logp_delta_abs=0.11520 old_logp=-15.72730 new_logp=-15.73987 adv_abs=0.64440 sde_steps=4
[TRAIN] mean_reward=0.53926 mean_len=17.81 recent_eps=100 completed_eps=595744
[UPDATE_EFFECT] action_delta=0.01516124 param_rms_delta=0.00163867
[TIME] collect=3.699s update=0.825s
[DONE] timeout=0.00000 anchor_pos=0.00012 anchor_ori=0.00647 ee_body=0.89380
[TRACK_ROLLOUT] anchor_pos=0.81189 anchor_ori=0.56473 body_pos=0.82516 body_ori=0.40292 body_lin=0.40414 body_ang=0.19014
[ACT_SUMMARY] abs_mean=0.4977 abs_p95=0.6209 abs_p99=0.6757 abs_max=0.8850 legs=0.4904 waist=0.5292 arms=0.4973
[FRAME_DIAG] frame0_abs=0.4977 frame1_abs=nan in_chunk_delta=nan cross_chunk_delta=0.4509
[UPDATE] 44/300 reward_step=0.02896 chunk=0.02896 done_frac=0.05722 mean_reward=0.54972 mean_len=19.11
[SFPO] loss=-0.00200 policy_loss=-0.00543 value_loss=0.00343 ratio=0.9994 [0.109,5.638] clip=0.1719 kl=0.012667 grad=0.3670 grad_c=0.0882 lr=0.000667 critic_lr=0.000667
[ROLLOUT] live=24.00 survive=0.11401 per_step=0.02896 episode_projection=14.48
[POLICY_DETAIL] samples=196608 raw_samples=196608 mb=49152 micro_mb=8192 logp_delta_abs=0.11653 old_logp=-15.72978 new_logp=-15.74289 adv_abs=0.65765 sde_steps=4
[TRAIN] mean_reward=0.54972 mean_len=19.11 recent_eps=100 completed_eps=606994
[UPDATE_EFFECT] action_delta=0.01479951 param_rms_delta=0.00164403
[TIME] collect=3.581s update=0.825s
[DONE] timeout=0.00000 anchor_pos=0.00012 anchor_ori=0.00403 ee_body=0.88428
[TRACK_ROLLOUT] anchor_pos=0.80673 anchor_ori=0.57022 body_pos=0.82428 body_ori=0.40627 body_lin=0.40758 body_ang=0.19766
[ACT_SUMMARY] abs_mean=0.4991 abs_p95=0.6225 abs_p99=0.6769 abs_max=0.8585 legs=0.4929 waist=0.5264 arms=0.4987
[FRAME_DIAG] frame0_abs=0.4991 frame1_abs=nan in_chunk_delta=nan cross_chunk_delta=0.4464
[UPDATE] 45/300 reward_step=0.02947 chunk=0.02947 done_frac=0.05656 mean_reward=0.47821 mean_len=16.38
[SFPO] loss=-0.00140 policy_loss=-0.00511 value_loss=0.00371 ratio=0.9997 [0.181,5.853] clip=0.1689 kl=0.012363 grad=0.3573 grad_c=0.0903 lr=0.000667 critic_lr=0.000667
[ROLLOUT] live=24.00 survive=0.11511 per_step=0.02947 episode_projection=14.74
[POLICY_DETAIL] samples=196608 raw_samples=196608 mb=49152 micro_mb=8192 logp_delta_abs=0.11534 old_logp=-15.73214 new_logp=-15.74468 adv_abs=0.65033 sde_steps=4
[TRAIN] mean_reward=0.47821 mean_len=16.38 recent_eps=100 completed_eps=618115
[UPDATE_EFFECT] action_delta=0.01470535 param_rms_delta=0.00163250
[TIME] collect=3.697s update=0.829s
[DONE] timeout=0.00000 anchor_pos=0.00000 anchor_ori=0.00415 ee_body=0.88318
[TRACK_ROLLOUT] anchor_pos=0.80126 anchor_ori=0.58024 body_pos=0.82180 body_ori=0.40841 body_lin=0.40791 body_ang=0.20225
[ACT_SUMMARY] abs_mean=0.5023 abs_p95=0.6268 abs_p99=0.6811 abs_max=0.9283 legs=0.4975 waist=0.5290 arms=0.5006
[FRAME_DIAG] frame0_abs=0.5023 frame1_abs=nan in_chunk_delta=nan cross_chunk_delta=0.4416
[UPDATE] 46/300 reward_step=0.03025 chunk=0.03025 done_frac=0.05484 mean_reward=0.50959 mean_len=17.35
[SFPO] loss=-0.00272 policy_loss=-0.00638 value_loss=0.00366 ratio=0.9994 [0.100,4.118] clip=0.1510 kl=0.011023 grad=0.3022 grad_c=0.1116 lr=0.000667 critic_lr=0.000667
[ROLLOUT] live=24.00 survive=0.12732 per_step=0.03025 episode_projection=15.12
[POLICY_DETAIL] samples=196608 raw_samples=196608 mb=49152 micro_mb=8192 logp_delta_abs=0.10927 old_logp=-15.72480 new_logp=-15.73626 adv_abs=0.66436 sde_steps=4
[TRAIN] mean_reward=0.50959 mean_len=17.35 recent_eps=100 completed_eps=628897
[UPDATE_EFFECT] action_delta=0.01494801 param_rms_delta=0.00161601
[TIME] collect=3.752s update=0.830s
[DONE] timeout=0.00000 anchor_pos=0.00012 anchor_ori=0.00293 ee_body=0.87231
[TRACK_ROLLOUT] anchor_pos=0.79383 anchor_ori=0.58973 body_pos=0.82054 body_ori=0.41140 body_lin=0.41282 body_ang=0.20968
[ACT_SUMMARY] abs_mean=0.5036 abs_p95=0.6278 abs_p99=0.6821 abs_max=0.8656 legs=0.4998 waist=0.5254 arms=0.5021
[FRAME_DIAG] frame0_abs=0.5036 frame1_abs=nan in_chunk_delta=nan cross_chunk_delta=0.4358
[UPDATE] 47/300 reward_step=0.03060 chunk=0.03060 done_frac=0.05327 mean_reward=0.60888 mean_len=19.01
[SFPO] loss=-0.00102 policy_loss=-0.00497 value_loss=0.00395 ratio=0.9994 [0.152,4.947] clip=0.1714 kl=0.012379 grad=0.3768 grad_c=0.0641 lr=0.000667 critic_lr=0.000667
[ROLLOUT] live=24.00 survive=0.13879 per_step=0.03060 episode_projection=15.30
[POLICY_DETAIL] samples=196608 raw_samples=196608 mb=49152 micro_mb=8192 logp_delta_abs=0.11597 old_logp=-15.72936 new_logp=-15.74221 adv_abs=0.64161 sde_steps=4
[TRAIN] mean_reward=0.60888 mean_len=19.01 recent_eps=100 completed_eps=639371
[UPDATE_EFFECT] action_delta=0.01434182 param_rms_delta=0.00162410
[TIME] collect=3.597s update=0.820s
[DONE] timeout=0.00000 anchor_pos=0.00012 anchor_ori=0.00305 ee_body=0.86011
[TRACK_ROLLOUT] anchor_pos=0.78770 anchor_ori=0.59747 body_pos=0.81766 body_ori=0.41147 body_lin=0.41339 body_ang=0.21278
[ACT_SUMMARY] abs_mean=0.5057 abs_p95=0.6306 abs_p99=0.6853 abs_max=0.8573 legs=0.5038 waist=0.5266 arms=0.5028
[FRAME_DIAG] frame0_abs=0.5057 frame1_abs=nan in_chunk_delta=nan cross_chunk_delta=0.4325
[UPDATE] 48/300 reward_step=0.03134 chunk=0.03134 done_frac=0.05180 mean_reward=0.67389 mean_len=21.26
[SFPO] loss=-0.00183 policy_loss=-0.00591 value_loss=0.00408 ratio=0.9997 [0.175,6.521] clip=0.1589 kl=0.011446 grad=0.3298 grad_c=0.0713 lr=0.000667 critic_lr=0.000667
[ROLLOUT] live=24.00 survive=0.15442 per_step=0.03134 episode_projection=15.67
[POLICY_DETAIL] samples=196608 raw_samples=196608 mb=49152 micro_mb=8192 logp_delta_abs=0.11195 old_logp=-15.72994 new_logp=-15.74162 adv_abs=0.64338 sde_steps=4
[TRAIN] mean_reward=0.67389 mean_len=21.26 recent_eps=100 completed_eps=649556
[UPDATE_EFFECT] action_delta=0.01372723 param_rms_delta=0.00161243
[TIME] collect=3.602s update=0.831s
[DONE] timeout=0.00000 anchor_pos=0.00000 anchor_ori=0.00305 ee_body=0.84460
[TRACK_ROLLOUT] anchor_pos=0.77952 anchor_ori=0.60701 body_pos=0.81708 body_ori=0.41510 body_lin=0.41891 body_ang=0.21993
[ACT_SUMMARY] abs_mean=0.5081 abs_p95=0.6337 abs_p99=0.6891 abs_max=0.8799 legs=0.5081 waist=0.5277 arms=0.5040
[FRAME_DIAG] frame0_abs=0.5081 frame1_abs=nan in_chunk_delta=nan cross_chunk_delta=0.4289
[UPDATE] 49/300 reward_step=0.03170 chunk=0.03170 done_frac=0.05068 mean_reward=0.57446 mean_len=18.45
[SFPO] loss=-0.00103 policy_loss=-0.00517 value_loss=0.00414 ratio=0.9998 [0.142,4.551] clip=0.1660 kl=0.012121 grad=0.3459 grad_c=0.0971 lr=0.000667 critic_lr=0.000667
[ROLLOUT] live=24.00 survive=0.15771 per_step=0.03170 episode_projection=15.85
[POLICY_DETAIL] samples=196608 raw_samples=196608 mb=49152 micro_mb=8192 logp_delta_abs=0.11418 old_logp=-15.72701 new_logp=-15.73924 adv_abs=0.64437 sde_steps=4
[TRAIN] mean_reward=0.57446 mean_len=18.45 recent_eps=100 completed_eps=659521
[UPDATE_EFFECT] action_delta=0.01577996 param_rms_delta=0.00162202
[TIME] collect=3.626s update=0.823s
[DONE] timeout=0.00000 anchor_pos=0.00000 anchor_ori=0.00293 ee_body=0.84070
[TRACK_ROLLOUT] anchor_pos=0.77266 anchor_ori=0.61109 body_pos=0.81536 body_ori=0.41768 body_lin=0.42035 body_ang=0.22501
[ACT_SUMMARY] abs_mean=0.5110 abs_p95=0.6372 abs_p99=0.6927 abs_max=0.9131 legs=0.5140 waist=0.5251 arms=0.5054
[FRAME_DIAG] frame0_abs=0.5110 frame1_abs=nan in_chunk_delta=nan cross_chunk_delta=0.4255
[UPDATE] 50/300 reward_step=0.03206 chunk=0.03206 done_frac=0.04834 mean_reward=0.63961 mean_len=21.22
[SFPO] loss=-0.00153 policy_loss=-0.00600 value_loss=0.00447 ratio=0.9996 [0.145,4.052] clip=0.1498 kl=0.010765 grad=0.3171 grad_c=0.0947 lr=0.000667 critic_lr=0.000667
[ROLLOUT] live=24.00 survive=0.17517 per_step=0.03206 episode_projection=16.03
[POLICY_DETAIL] samples=196608 raw_samples=196608 mb=49152 micro_mb=8192 logp_delta_abs=0.10876 old_logp=-15.72435 new_logp=-15.73538 adv_abs=0.64540 sde_steps=4
[TRAIN] mean_reward=0.63961 mean_len=21.22 recent_eps=100 completed_eps=669025
[UPDATE_EFFECT] action_delta=0.01428171 param_rms_delta=0.00159979
[TIME] collect=3.675s update=0.840s
[DONE] timeout=0.00000 anchor_pos=0.00000 anchor_ori=0.00269 ee_body=0.82385
[TRACK_ROLLOUT] anchor_pos=0.76390 anchor_ori=0.61684 body_pos=0.81317 body_ori=0.41696 body_lin=0.42294 body_ang=0.22842
[ACT_SUMMARY] abs_mean=0.5142 abs_p95=0.6414 abs_p99=0.6971 abs_max=0.8973 legs=0.5188 waist=0.5262 arms=0.5077
[FRAME_DIAG] frame0_abs=0.5142 frame1_abs=nan in_chunk_delta=nan cross_chunk_delta=0.4225
[UPDATE] 51/300 reward_step=0.03224 chunk=0.03224 done_frac=0.04790 mean_reward=0.73024 mean_len=22.55
[SFPO] loss=-0.00055 policy_loss=-0.00517 value_loss=0.00462 ratio=0.9997 [0.184,4.660] clip=0.1634 kl=0.011789 grad=0.3707 grad_c=0.1330 lr=0.000667 critic_lr=0.000667
[ROLLOUT] live=24.00 survive=0.17993 per_step=0.03224 episode_projection=16.12
[POLICY_DETAIL] samples=196608 raw_samples=196608 mb=49152 micro_mb=8192 logp_delta_abs=0.11296 old_logp=-15.72668 new_logp=-15.73861 adv_abs=0.64239 sde_steps=4
[TRAIN] mean_reward=0.73024 mean_len=22.55 recent_eps=100 completed_eps=678442
[UPDATE_EFFECT] action_delta=0.01406796 param_rms_delta=0.00161688
[TIME] collect=3.685s update=0.846s
[DONE] timeout=0.00000 anchor_pos=0.00012 anchor_ori=0.00293 ee_body=0.81873
[TRACK_ROLLOUT] anchor_pos=0.75748 anchor_ori=0.62601 body_pos=0.81106 body_ori=0.41451 body_lin=0.42509 body_ang=0.23083
[ACT_SUMMARY] abs_mean=0.5154 abs_p95=0.6449 abs_p99=0.7011 abs_max=0.9354 legs=0.5238 waist=0.5263 arms=0.5059
[FRAME_DIAG] frame0_abs=0.5154 frame1_abs=nan in_chunk_delta=nan cross_chunk_delta=0.4196
[UPDATE] 52/300 reward_step=0.03268 chunk=0.03268 done_frac=0.04727 mean_reward=0.67226 mean_len=19.95
[SFPO] loss=-0.00005 policy_loss=-0.00501 value_loss=0.00496 ratio=0.9994 [0.160,4.190] clip=0.1635 kl=0.011730 grad=0.3828 grad_c=0.1978 lr=0.000667 critic_lr=0.000667
[ROLLOUT] live=24.00 survive=0.17847 per_step=0.03268 episode_projection=16.34
[POLICY_DETAIL] samples=196608 raw_samples=196608 mb=49152 micro_mb=8192 logp_delta_abs=0.11306 old_logp=-15.73099 new_logp=-15.74315 adv_abs=0.64756 sde_steps=4
[TRAIN] mean_reward=0.67226 mean_len=19.95 recent_eps=100 completed_eps=687735
[UPDATE_EFFECT] action_delta=0.01418930 param_rms_delta=0.00160210
[TIME] collect=3.666s update=0.849s
[DONE] timeout=0.00000 anchor_pos=0.00024 anchor_ori=0.00281 ee_body=0.81982
[TRACK_ROLLOUT] anchor_pos=0.75433 anchor_ori=0.63119 body_pos=0.81096 body_ori=0.41599 body_lin=0.42798 body_ang=0.23469
[ACT_SUMMARY] abs_mean=0.5164 abs_p95=0.6455 abs_p99=0.7030 abs_max=0.8842 legs=0.5287 waist=0.5248 arms=0.5040
[FRAME_DIAG] frame0_abs=0.5164 frame1_abs=nan in_chunk_delta=nan cross_chunk_delta=0.4159
[UPDATE] 53/300 reward_step=0.03306 chunk=0.03306 done_frac=0.04648 mean_reward=0.71230 mean_len=21.76
[SFPO] loss=-0.00051 policy_loss=-0.00507 value_loss=0.00457 ratio=0.9995 [0.162,4.477] clip=0.1673 kl=0.011868 grad=0.3859 grad_c=0.1278 lr=0.000667 critic_lr=0.000667
[ROLLOUT] live=24.00 survive=0.19153 per_step=0.03306 episode_projection=16.53
[POLICY_DETAIL] samples=196608 raw_samples=196608 mb=49152 micro_mb=8192 logp_delta_abs=0.11426 old_logp=-15.73264 new_logp=-15.74486 adv_abs=0.65213 sde_steps=4
[TRAIN] mean_reward=0.71230 mean_len=21.76 recent_eps=100 completed_eps=696874
[UPDATE_EFFECT] action_delta=0.01390023 param_rms_delta=0.00159512
[TIME] collect=3.653s update=0.826s
[DONE] timeout=0.00000 anchor_pos=0.00024 anchor_ori=0.00391 ee_body=0.80579
[TRACK_ROLLOUT] anchor_pos=0.75104 anchor_ori=0.63755 body_pos=0.81094 body_ori=0.41657 body_lin=0.43034 body_ang=0.23854
[ACT_SUMMARY] abs_mean=0.5175 abs_p95=0.6476 abs_p99=0.7053 abs_max=0.8589 legs=0.5337 waist=0.5271 arms=0.5016
[FRAME_DIAG] frame0_abs=0.5175 frame1_abs=nan in_chunk_delta=nan cross_chunk_delta=0.4130
[UPDATE] 54/300 reward_step=0.03339 chunk=0.03339 done_frac=0.04499 mean_reward=0.72631 mean_len=22.26
[SFPO] loss=0.00053 policy_loss=-0.00463 value_loss=0.00516 ratio=0.9995 [0.173,6.703] clip=0.1761 kl=0.012506 grad=0.4275 grad_c=0.0944 lr=0.000667 critic_lr=0.000667
[ROLLOUT] live=24.00 survive=0.19934 per_step=0.03339 episode_projection=16.70
[POLICY_DETAIL] samples=196608 raw_samples=196608 mb=49152 micro_mb=8192 logp_delta_abs=0.11725 old_logp=-15.72288 new_logp=-15.73579 adv_abs=0.63261 sde_steps=4
[TRAIN] mean_reward=0.72631 mean_len=22.26 recent_eps=100 completed_eps=705720
[UPDATE_EFFECT] action_delta=0.01387594 param_rms_delta=0.00157797
[TIME] collect=3.796s update=0.825s
[DONE] timeout=0.00000 anchor_pos=0.00024 anchor_ori=0.00281 ee_body=0.79883
[TRACK_ROLLOUT] anchor_pos=0.74757 anchor_ori=0.64192 body_pos=0.81148 body_ori=0.41531 body_lin=0.43398 body_ang=0.24218
[ACT_SUMMARY] abs_mean=0.5195 abs_p95=0.6505 abs_p99=0.7076 abs_max=0.9294 legs=0.5395 waist=0.5257 arms=0.5011
[FRAME_DIAG] frame0_abs=0.5195 frame1_abs=nan in_chunk_delta=nan cross_chunk_delta=0.4112
[UPDATE] 55/300 reward_step=0.03363 chunk=0.03363 done_frac=0.04362 mean_reward=0.78272 mean_len=23.78
[SFPO] loss=-0.00007 policy_loss=-0.00509 value_loss=0.00503 ratio=0.9996 [0.213,3.718] clip=0.1657 kl=0.011810 grad=0.3795 grad_c=0.1065 lr=0.000667 critic_lr=0.000667
[ROLLOUT] live=24.00 survive=0.20984 per_step=0.03363 episode_projection=16.82
[POLICY_DETAIL] samples=196608 raw_samples=196608 mb=49152 micro_mb=8192 logp_delta_abs=0.11379 old_logp=-15.73995 new_logp=-15.75204 adv_abs=0.64384 sde_steps=4
[TRAIN] mean_reward=0.78272 mean_len=23.78 recent_eps=100 completed_eps=714297
[UPDATE_EFFECT] action_delta=0.01322627 param_rms_delta=0.00157978
[TIME] collect=3.612s update=0.839s
[DONE] timeout=0.00000 anchor_pos=0.00024 anchor_ori=0.00293 ee_body=0.78833
[TRACK_ROLLOUT] anchor_pos=0.74003 anchor_ori=0.64439 body_pos=0.80911 body_ori=0.41287 body_lin=0.43884 body_ang=0.24728
[ACT_SUMMARY] abs_mean=0.5202 abs_p95=0.6537 abs_p99=0.7132 abs_max=0.9562 legs=0.5436 waist=0.5260 arms=0.4990
[FRAME_DIAG] frame0_abs=0.5202 frame1_abs=nan in_chunk_delta=nan cross_chunk_delta=0.4089
[UPDATE] 56/300 reward_step=0.03403 chunk=0.03403 done_frac=0.04329 mean_reward=0.76565 mean_len=21.76
[SFPO] loss=0.00021 policy_loss=-0.00493 value_loss=0.00514 ratio=0.9996 [0.220,3.782] clip=0.1676 kl=0.011955 grad=0.3872 grad_c=0.0706 lr=0.000667 critic_lr=0.000667
[ROLLOUT] live=24.00 survive=0.20630 per_step=0.03403 episode_projection=17.01
[POLICY_DETAIL] samples=196608 raw_samples=196608 mb=49152 micro_mb=8192 logp_delta_abs=0.11410 old_logp=-15.73383 new_logp=-15.74607 adv_abs=0.63460 sde_steps=4
[TRAIN] mean_reward=0.76565 mean_len=21.76 recent_eps=100 completed_eps=722809
[UPDATE_EFFECT] action_delta=0.01319504 param_rms_delta=0.00158153
[TIME] collect=3.568s update=0.823s
[DONE] timeout=0.00000 anchor_pos=0.00024 anchor_ori=0.00391 ee_body=0.79187
[TRACK_ROLLOUT] anchor_pos=0.73502 anchor_ori=0.64825 body_pos=0.80825 body_ori=0.41347 body_lin=0.44207 body_ang=0.25350
[ACT_SUMMARY] abs_mean=0.5208 abs_p95=0.6559 abs_p99=0.7162 abs_max=0.9509 legs=0.5471 waist=0.5246 arms=0.4974
[FRAME_DIAG] frame0_abs=0.5208 frame1_abs=nan in_chunk_delta=nan cross_chunk_delta=0.4054
[UPDATE] 57/300 reward_step=0.03436 chunk=0.03436 done_frac=0.04210 mean_reward=0.86984 mean_len=25.50
[SFPO] loss=0.00096 policy_loss=-0.00502 value_loss=0.00599 ratio=0.9997 [0.223,5.313] clip=0.1668 kl=0.011900 grad=0.3883 grad_c=0.2287 lr=0.000667 critic_lr=0.000667
[ROLLOUT] live=24.00 survive=0.21082 per_step=0.03436 episode_projection=17.18
[POLICY_DETAIL] samples=196608 raw_samples=196608 mb=49152 micro_mb=8192 logp_delta_abs=0.11417 old_logp=-15.73334 new_logp=-15.74545 adv_abs=0.62764 sde_steps=4
[TRAIN] mean_reward=0.86984 mean_len=25.50 recent_eps=100 completed_eps=731087
[UPDATE_EFFECT] action_delta=0.01266523 param_rms_delta=0.00155941
[TIME] collect=3.544s update=0.834s
[DONE] timeout=0.00000 anchor_pos=0.00024 anchor_ori=0.00330 ee_body=0.78674
[TRACK_ROLLOUT] anchor_pos=0.73293 anchor_ori=0.65288 body_pos=0.80818 body_ori=0.41172 body_lin=0.44572 body_ang=0.25679
[ACT_SUMMARY] abs_mean=0.5212 abs_p95=0.6563 abs_p99=0.7144 abs_max=0.9362 legs=0.5490 waist=0.5237 arms=0.4968
[FRAME_DIAG] frame0_abs=0.5212 frame1_abs=nan in_chunk_delta=nan cross_chunk_delta=0.4030
[UPDATE] 58/300 reward_step=0.03442 chunk=0.03442 done_frac=0.04184 mean_reward=0.78352 mean_len=22.57
[SFPO] loss=0.00019 policy_loss=-0.00528 value_loss=0.00547 ratio=0.9998 [0.193,4.226] clip=0.1602 kl=0.011399 grad=0.3676 grad_c=0.0648 lr=0.000667 critic_lr=0.000667
[ROLLOUT] live=24.00 survive=0.22046 per_step=0.03442 episode_projection=17.21
[POLICY_DETAIL] samples=196608 raw_samples=196608 mb=49152 micro_mb=8192 logp_delta_abs=0.11171 old_logp=-15.72691 new_logp=-15.73841 adv_abs=0.62567 sde_steps=4
[TRAIN] mean_reward=0.78352 mean_len=22.57 recent_eps=100 completed_eps=739314
[UPDATE_EFFECT] action_delta=0.01277768 param_rms_delta=0.00156708
[TIME] collect=3.642s update=0.826s
[DONE] timeout=0.00000 anchor_pos=0.00134 anchor_ori=0.00220 ee_body=0.77820
[TRACK_ROLLOUT] anchor_pos=0.72825 anchor_ori=0.65311 body_pos=0.80757 body_ori=0.41034 body_lin=0.44474 body_ang=0.25782
[ACT_SUMMARY] abs_mean=0.5231 abs_p95=0.6606 abs_p99=0.7198 abs_max=0.9643 legs=0.5528 waist=0.5273 arms=0.4966
[FRAME_DIAG] frame0_abs=0.5231 frame1_abs=nan in_chunk_delta=nan cross_chunk_delta=0.3999
[UPDATE] 59/300 reward_step=0.03474 chunk=0.03474 done_frac=0.04093 mean_reward=0.82193 mean_len=24.12
[SFPO] loss=0.00055 policy_loss=-0.00519 value_loss=0.00574 ratio=0.9998 [0.144,4.145] clip=0.1607 kl=0.011690 grad=0.3550 grad_c=0.1089 lr=0.000667 critic_lr=0.000667
[ROLLOUT] live=24.00 survive=0.22717 per_step=0.03474 episode_projection=17.37
[POLICY_DETAIL] samples=196608 raw_samples=196608 mb=49152 micro_mb=8192 logp_delta_abs=0.11224 old_logp=-15.72808 new_logp=-15.73989 adv_abs=0.62641 sde_steps=4
[TRAIN] mean_reward=0.82193 mean_len=24.12 recent_eps=100 completed_eps=747361
[UPDATE_EFFECT] action_delta=0.01265296 param_rms_delta=0.00156195
[TIME] collect=3.659s update=0.821s
[DONE] timeout=0.00000 anchor_pos=0.00024 anchor_ori=0.00256 ee_body=0.77161
[TRACK_ROLLOUT] anchor_pos=0.72562 anchor_ori=0.66076 body_pos=0.80795 body_ori=0.41271 body_lin=0.44909 body_ang=0.26081
[ACT_SUMMARY] abs_mean=0.5247 abs_p95=0.6621 abs_p99=0.7222 abs_max=0.9995 legs=0.5564 waist=0.5288 arms=0.4967
[FRAME_DIAG] frame0_abs=0.5247 frame1_abs=nan in_chunk_delta=nan cross_chunk_delta=0.3980
[UPDATE] 60/300 reward_step=0.03497 chunk=0.03497 done_frac=0.04021 mean_reward=0.84328 mean_len=24.35
[SFPO] loss=0.00040 policy_loss=-0.00519 value_loss=0.00559 ratio=0.9996 [0.137,3.973] clip=0.1592 kl=0.011380 grad=0.3614 grad_c=0.0733 lr=0.000667 critic_lr=0.000667
[ROLLOUT] live=24.00 survive=0.23254 per_step=0.03497 episode_projection=17.49
[POLICY_DETAIL] samples=196608 raw_samples=196608 mb=49152 micro_mb=8192 logp_delta_abs=0.11143 old_logp=-15.72655 new_logp=-15.73819 adv_abs=0.63141 sde_steps=4
[TRAIN] mean_reward=0.84328 mean_len=24.35 recent_eps=100 completed_eps=755266
[UPDATE_EFFECT] action_delta=0.01296473 param_rms_delta=0.00156345
[TIME] collect=3.662s update=0.828s
[DONE] timeout=0.00000 anchor_pos=0.00098 anchor_ori=0.00208 ee_body=0.76575
[TRACK_ROLLOUT] anchor_pos=0.72039 anchor_ori=0.66423 body_pos=0.80639 body_ori=0.41290 body_lin=0.45286 body_ang=0.26658
[ACT_SUMMARY] abs_mean=0.5261 abs_p95=0.6660 abs_p99=0.7268 abs_max=0.9057 legs=0.5591 waist=0.5255 arms=0.4981
[FRAME_DIAG] frame0_abs=0.5261 frame1_abs=nan in_chunk_delta=nan cross_chunk_delta=0.3958
[UPDATE] 61/300 reward_step=0.03525 chunk=0.03525 done_frac=0.03994 mean_reward=0.85019 mean_len=24.31
[SFPO] loss=0.00110 policy_loss=-0.00480 value_loss=0.00589 ratio=0.9997 [0.182,4.450] clip=0.1676 kl=0.011955 grad=0.3990 grad_c=0.0909 lr=0.000667 critic_lr=0.000667
[ROLLOUT] live=24.00 survive=0.23511 per_step=0.03525 episode_projection=17.62
[POLICY_DETAIL] samples=196608 raw_samples=196608 mb=49152 micro_mb=8192 logp_delta_abs=0.11418 old_logp=-15.72718 new_logp=-15.73935 adv_abs=0.62929 sde_steps=4
[TRAIN] mean_reward=0.85019 mean_len=24.31 recent_eps=100 completed_eps=763118
[UPDATE_EFFECT] action_delta=0.01239217 param_rms_delta=0.00154479
[TIME] collect=3.706s update=0.834s
[DONE] timeout=0.00000 anchor_pos=0.00061 anchor_ori=0.00171 ee_body=0.76367
[TRACK_ROLLOUT] anchor_pos=0.71815 anchor_ori=0.66613 body_pos=0.80576 body_ori=0.41410 body_lin=0.45686 body_ang=0.27102
[ACT_SUMMARY] abs_mean=0.5287 abs_p95=0.6694 abs_p99=0.7312 abs_max=0.9345 legs=0.5631 waist=0.5268 arms=0.4997
[FRAME_DIAG] frame0_abs=0.5287 frame1_abs=nan in_chunk_delta=nan cross_chunk_delta=0.3944
[UPDATE] 62/300 reward_step=0.03540 chunk=0.03540 done_frac=0.03877 mean_reward=0.96859 mean_len=27.66
[SFPO] loss=0.00137 policy_loss=-0.00504 value_loss=0.00641 ratio=0.9996 [0.198,4.737] clip=0.1644 kl=0.011823 grad=0.3475 grad_c=0.1608 lr=0.000667 critic_lr=0.000667
[ROLLOUT] live=24.00 survive=0.24194 per_step=0.03540 episode_projection=17.70
[POLICY_DETAIL] samples=196608 raw_samples=196608 mb=49152 micro_mb=8192 logp_delta_abs=0.11331 old_logp=-15.72173 new_logp=-15.73385 adv_abs=0.61918 sde_steps=4
[TRAIN] mean_reward=0.96859 mean_len=27.66 recent_eps=100 completed_eps=770741
[UPDATE_EFFECT] action_delta=0.01344337 param_rms_delta=0.00154789
[TIME] collect=3.665s update=0.832s
[DONE] timeout=0.00000 anchor_pos=0.00110 anchor_ori=0.00269 ee_body=0.75562
[TRACK_ROLLOUT] anchor_pos=0.71276 anchor_ori=0.66931 body_pos=0.80566 body_ori=0.41217 body_lin=0.45780 body_ang=0.27338
[ACT_SUMMARY] abs_mean=0.5298 abs_p95=0.6702 abs_p99=0.7327 abs_max=0.9059 legs=0.5642 waist=0.5288 arms=0.5006
[FRAME_DIAG] frame0_abs=0.5298 frame1_abs=nan in_chunk_delta=nan cross_chunk_delta=0.3925
[UPDATE] 63/300 reward_step=0.03560 chunk=0.03560 done_frac=0.03798 mean_reward=0.94001 mean_len=27.24
[SFPO] loss=0.00161 policy_loss=-0.00510 value_loss=0.00671 ratio=0.9995 [0.198,4.683] clip=0.1608 kl=0.011473 grad=0.3549 grad_c=0.1972 lr=0.000667 critic_lr=0.000667
[ROLLOUT] live=24.00 survive=0.24902 per_step=0.03560 episode_projection=17.80
[POLICY_DETAIL] samples=196608 raw_samples=196608 mb=49152 micro_mb=8192 logp_delta_abs=0.11199 old_logp=-15.72556 new_logp=-15.73745 adv_abs=0.62283 sde_steps=4
[TRAIN] mean_reward=0.94001 mean_len=27.24 recent_eps=100 completed_eps=778209
[UPDATE_EFFECT] action_delta=0.01307893 param_rms_delta=0.00154171
[TIME] collect=3.646s update=0.847s
[DONE] timeout=0.00000 anchor_pos=0.00085 anchor_ori=0.00195 ee_body=0.74927
[TRACK_ROLLOUT] anchor_pos=0.70907 anchor_ori=0.67249 body_pos=0.80401 body_ori=0.41288 body_lin=0.46107 body_ang=0.27696
[ACT_SUMMARY] abs_mean=0.5310 abs_p95=0.6722 abs_p99=0.7338 abs_max=0.9711 legs=0.5663 waist=0.5278 arms=0.5014
[FRAME_DIAG] frame0_abs=0.5310 frame1_abs=nan in_chunk_delta=nan cross_chunk_delta=0.3907
[UPDATE] 64/300 reward_step=0.03557 chunk=0.03557 done_frac=0.03678 mean_reward=0.98934 mean_len=28.18
[SFPO] loss=0.00085 policy_loss=-0.00550 value_loss=0.00634 ratio=0.9997 [0.239,3.417] clip=0.1506 kl=0.010824 grad=0.3096 grad_c=0.0740 lr=0.000667 critic_lr=0.000667
[ROLLOUT] live=24.00 survive=0.25952 per_step=0.03557 episode_projection=17.79
[POLICY_DETAIL] samples=196608 raw_samples=196608 mb=49152 micro_mb=8192 logp_delta_abs=0.10875 old_logp=-15.72486 new_logp=-15.73586 adv_abs=0.61794 sde_steps=4
[TRAIN] mean_reward=0.98934 mean_len=28.18 recent_eps=100 completed_eps=785441
[UPDATE_EFFECT] action_delta=0.01362993 param_rms_delta=0.00153456
[TIME] collect=3.637s update=0.836s
[DONE] timeout=0.00000 anchor_pos=0.00183 anchor_ori=0.00342 ee_body=0.73755
[TRACK_ROLLOUT] anchor_pos=0.70219 anchor_ori=0.67311 body_pos=0.80172 body_ori=0.40954 body_lin=0.46236 body_ang=0.27975
[ACT_SUMMARY] abs_mean=0.5325 abs_p95=0.6765 abs_p99=0.7392 abs_max=0.9383 legs=0.5686 waist=0.5301 arms=0.5021
[FRAME_DIAG] frame0_abs=0.5325 frame1_abs=nan in_chunk_delta=nan cross_chunk_delta=0.3888
[UPDATE] 65/300 reward_step=0.03577 chunk=0.03577 done_frac=0.03700 mean_reward=0.95928 mean_len=27.03
[SFPO] loss=0.00111 policy_loss=-0.00570 value_loss=0.00681 ratio=0.9996 [0.208,3.423] clip=0.1496 kl=0.010737 grad=0.3139 grad_c=0.0883 lr=0.000667 critic_lr=0.000667
[ROLLOUT] live=24.00 survive=0.24658 per_step=0.03577 episode_projection=17.88
[POLICY_DETAIL] samples=196608 raw_samples=196608 mb=49152 micro_mb=8192 logp_delta_abs=0.10840 old_logp=-15.72278 new_logp=-15.73381 adv_abs=0.61167 sde_steps=4
[TRAIN] mean_reward=0.95928 mean_len=27.03 recent_eps=100 completed_eps=792715
[UPDATE_EFFECT] action_delta=0.01283870 param_rms_delta=0.00153222
[TIME] collect=3.657s update=0.834s
[DONE] timeout=0.00000 anchor_pos=0.00098 anchor_ori=0.00342 ee_body=0.75073
[TRACK_ROLLOUT] anchor_pos=0.70022 anchor_ori=0.67651 body_pos=0.79922 body_ori=0.41076 body_lin=0.46527 body_ang=0.28430
[ACT_SUMMARY] abs_mean=0.5345 abs_p95=0.6802 abs_p99=0.7441 abs_max=0.9334 legs=0.5708 waist=0.5324 arms=0.5037
[FRAME_DIAG] frame0_abs=0.5345 frame1_abs=nan in_chunk_delta=nan cross_chunk_delta=0.3878
[UPDATE] 66/300 reward_step=0.03616 chunk=0.03616 done_frac=0.03582 mean_reward=1.00969 mean_len=27.75
[SFPO] loss=0.00848 policy_loss=-0.00502 value_loss=0.01350 ratio=0.9995 [0.180,3.815] clip=0.1839 kl=0.013194 grad=0.3752 grad_c=0.5011 lr=0.001000 critic_lr=0.001000
[ROLLOUT] live=24.00 survive=0.26050 per_step=0.03616 episode_projection=18.08
[POLICY_DETAIL] samples=196608 raw_samples=196608 mb=49152 micro_mb=8192 logp_delta_abs=0.11951 old_logp=-15.73130 new_logp=-15.74482 adv_abs=0.62277 sde_steps=4
[TRAIN] mean_reward=1.00969 mean_len=27.75 recent_eps=100 completed_eps=799758
[UPDATE_EFFECT] action_delta=0.01494922 param_rms_delta=0.00208232
[TIME] collect=3.740s update=0.846s
[DONE] timeout=0.00000 anchor_pos=0.00122 anchor_ori=0.00208 ee_body=0.73706
[TRACK_ROLLOUT] anchor_pos=0.69710 anchor_ori=0.68325 body_pos=0.80010 body_ori=0.41284 body_lin=0.46987 body_ang=0.28884
[ACT_SUMMARY] abs_mean=0.5378 abs_p95=0.6844 abs_p99=0.7478 abs_max=0.9695 legs=0.5766 waist=0.5355 arms=0.5051
[FRAME_DIAG] frame0_abs=0.5378 frame1_abs=nan in_chunk_delta=nan cross_chunk_delta=0.3860
[UPDATE] 67/300 reward_step=0.03599 chunk=0.03599 done_frac=0.03415 mean_reward=0.95312 mean_len=26.47
[SFPO] loss=0.00397 policy_loss=-0.00446 value_loss=0.00843 ratio=0.9998 [0.206,3.854] clip=0.1766 kl=0.012491 grad=0.4023 grad_c=0.2075 lr=0.001000 critic_lr=0.001000
[ROLLOUT] live=24.00 survive=0.28308 per_step=0.03599 episode_projection=18.00
[POLICY_DETAIL] samples=196608 raw_samples=196608 mb=49152 micro_mb=8192 logp_delta_abs=0.11752 old_logp=-15.73843 new_logp=-15.75100 adv_abs=0.65468 sde_steps=4
[TRAIN] mean_reward=0.95312 mean_len=26.47 recent_eps=100 completed_eps=806473
[UPDATE_EFFECT] action_delta=0.01385299 param_rms_delta=0.00205112
[TIME] collect=3.663s update=0.825s
[DONE] timeout=0.00000 anchor_pos=0.00171 anchor_ori=0.00256 ee_body=0.71448
[TRACK_ROLLOUT] anchor_pos=0.68476 anchor_ori=0.68352 body_pos=0.79653 body_ori=0.40772 body_lin=0.46985 body_ang=0.29125
[ACT_SUMMARY] abs_mean=0.5387 abs_p95=0.6869 abs_p99=0.7512 abs_max=0.9304 legs=0.5795 waist=0.5322 arms=0.5052
[FRAME_DIAG] frame0_abs=0.5387 frame1_abs=nan in_chunk_delta=nan cross_chunk_delta=0.3850
[UPDATE] 68/300 reward_step=0.03605 chunk=0.03605 done_frac=0.03368 mean_reward=1.22891 mean_len=32.28
[SFPO] loss=0.00357 policy_loss=-0.00446 value_loss=0.00803 ratio=0.9998 [0.193,4.255] clip=0.1910 kl=0.013520 grad=0.4089 grad_c=0.0977 lr=0.001000 critic_lr=0.001000
[ROLLOUT] live=24.00 survive=0.27722 per_step=0.03605 episode_projection=18.03
[POLICY_DETAIL] samples=196608 raw_samples=196608 mb=49152 micro_mb=8192 logp_delta_abs=0.12217 old_logp=-15.73203 new_logp=-15.74566 adv_abs=0.62259 sde_steps=4
[TRAIN] mean_reward=1.22891 mean_len=32.28 recent_eps=100 completed_eps=813094
[UPDATE_EFFECT] action_delta=0.01515395 param_rms_delta=0.00202365
[TIME] collect=3.666s update=0.855s
[DONE] timeout=0.00000 anchor_pos=0.00317 anchor_ori=0.00220 ee_body=0.71997
[TRACK_ROLLOUT] anchor_pos=0.67868 anchor_ori=0.68539 body_pos=0.79498 body_ori=0.40740 body_lin=0.47271 body_ang=0.29562
[ACT_SUMMARY] abs_mean=0.5400 abs_p95=0.6889 abs_p99=0.7534 abs_max=0.9634 legs=0.5809 waist=0.5314 arms=0.5067
[FRAME_DIAG] frame0_abs=0.5400 frame1_abs=nan in_chunk_delta=nan cross_chunk_delta=0.3836
[UPDATE] 69/300 reward_step=0.03592 chunk=0.03592 done_frac=0.03343 mean_reward=0.98736 mean_len=28.32
[SFPO] loss=0.00279 policy_loss=-0.00456 value_loss=0.00735 ratio=0.9997 [0.197,3.963] clip=0.1902 kl=0.013357 grad=0.4314 grad_c=0.0576 lr=0.001000 critic_lr=0.001000
[ROLLOUT] live=24.00 survive=0.28088 per_step=0.03592 episode_projection=17.96
[POLICY_DETAIL] samples=196608 raw_samples=196608 mb=49152 micro_mb=8192 logp_delta_abs=0.12173 old_logp=-15.73567 new_logp=-15.74917 adv_abs=0.62418 sde_steps=4
[TRAIN] mean_reward=0.98736 mean_len=28.32 recent_eps=100 completed_eps=819667
[UPDATE_EFFECT] action_delta=0.01478929 param_rms_delta=0.00202001
[TIME] collect=3.774s update=0.851s
[DONE] timeout=0.00000 anchor_pos=0.00146 anchor_ori=0.00183 ee_body=0.71753
[TRACK_ROLLOUT] anchor_pos=0.67340 anchor_ori=0.68788 body_pos=0.79223 body_ori=0.40597 body_lin=0.47172 body_ang=0.29547
[ACT_SUMMARY] abs_mean=0.5423 abs_p95=0.6911 abs_p99=0.7532 abs_max=1.0273 legs=0.5834 waist=0.5339 arms=0.5089
[FRAME_DIAG] frame0_abs=0.5423 frame1_abs=nan in_chunk_delta=nan cross_chunk_delta=0.3823
[UPDATE] 70/300 reward_step=0.03589 chunk=0.03589 done_frac=0.03206 mean_reward=1.19579 mean_len=32.21
[SFPO] loss=0.00353 policy_loss=-0.00412 value_loss=0.00765 ratio=0.9996 [0.209,4.586] clip=0.1973 kl=0.014109 grad=0.4201 grad_c=0.0821 lr=0.001000 critic_lr=0.001000
[ROLLOUT] live=24.00 survive=0.29333 per_step=0.03589 episode_projection=17.95
[POLICY_DETAIL] samples=196608 raw_samples=196608 mb=49152 micro_mb=8192 logp_delta_abs=0.12452 old_logp=-15.72699 new_logp=-15.74136 adv_abs=0.61708 sde_steps=4
[TRAIN] mean_reward=1.19579 mean_len=32.21 recent_eps=100 completed_eps=825970
[UPDATE_EFFECT] action_delta=0.01413232 param_rms_delta=0.00200522
[TIME] collect=3.667s update=0.863s
[DONE] timeout=0.00000 anchor_pos=0.00244 anchor_ori=0.00220 ee_body=0.70349
[TRACK_ROLLOUT] anchor_pos=0.66603 anchor_ori=0.68771 body_pos=0.78921 body_ori=0.40244 body_lin=0.47262 body_ang=0.29862
[ACT_SUMMARY] abs_mean=0.5479 abs_p95=0.6992 abs_p99=0.7640 abs_max=1.0132 legs=0.5908 waist=0.5391 arms=0.5130
[FRAME_DIAG] frame0_abs=0.5479 frame1_abs=nan in_chunk_delta=nan cross_chunk_delta=0.3809
[UPDATE] 71/300 reward_step=0.03553 chunk=0.03553 done_frac=0.03181 mean_reward=1.07256 mean_len=30.56
[SFPO] loss=0.00276 policy_loss=-0.00444 value_loss=0.00720 ratio=0.9995 [0.172,4.772] clip=0.1874 kl=0.013317 grad=0.3942 grad_c=0.0498 lr=0.001000 critic_lr=0.001000
[ROLLOUT] live=24.00 survive=0.29309 per_step=0.03553 episode_projection=17.77
[POLICY_DETAIL] samples=196608 raw_samples=196608 mb=49152 micro_mb=8192 logp_delta_abs=0.12120 old_logp=-15.73369 new_logp=-15.74732 adv_abs=0.61474 sde_steps=4
[TRAIN] mean_reward=1.07256 mean_len=30.56 recent_eps=100 completed_eps=832225
[UPDATE_EFFECT] action_delta=0.01352848 param_rms_delta=0.00199576
[TIME] collect=3.748s update=0.849s
[DONE] timeout=0.00000 anchor_pos=0.00342 anchor_ori=0.00171 ee_body=0.70325
[TRACK_ROLLOUT] anchor_pos=0.65583 anchor_ori=0.68217 body_pos=0.78424 body_ori=0.39885 body_lin=0.46844 body_ang=0.29849
[ACT_SUMMARY] abs_mean=0.5495 abs_p95=0.7006 abs_p99=0.7639 abs_max=1.0199 legs=0.5918 waist=0.5396 arms=0.5154
[FRAME_DIAG] frame0_abs=0.5495 frame1_abs=nan in_chunk_delta=nan cross_chunk_delta=0.3795
[UPDATE] 72/300 reward_step=0.03593 chunk=0.03593 done_frac=0.03116 mean_reward=1.13734 mean_len=31.77
[SFPO] loss=0.00242 policy_loss=-0.00488 value_loss=0.00730 ratio=0.9998 [0.228,3.684] clip=0.1885 kl=0.013212 grad=0.4111 grad_c=0.1016 lr=0.001000 critic_lr=0.001000
[ROLLOUT] live=24.00 survive=0.30249 per_step=0.03593 episode_projection=17.96
[POLICY_DETAIL] samples=196608 raw_samples=196608 mb=49152 micro_mb=8192 logp_delta_abs=0.12118 old_logp=-15.73115 new_logp=-15.74442 adv_abs=0.61698 sde_steps=4
[TRAIN] mean_reward=1.13734 mean_len=31.77 recent_eps=100 completed_eps=838352
[UPDATE_EFFECT] action_delta=0.01443313 param_rms_delta=0.00198378
[TIME] collect=3.759s update=0.828s
[DONE] timeout=0.00000 anchor_pos=0.00342 anchor_ori=0.00269 ee_body=0.69421
[TRACK_ROLLOUT] anchor_pos=0.65541 anchor_ori=0.68824 body_pos=0.78378 body_ori=0.40101 body_lin=0.47445 body_ang=0.30371
[ACT_SUMMARY] abs_mean=0.5515 abs_p95=0.7019 abs_p99=0.7654 abs_max=1.0353 legs=0.5941 waist=0.5392 arms=0.5177
[FRAME_DIAG] frame0_abs=0.5515 frame1_abs=nan in_chunk_delta=nan cross_chunk_delta=0.3776
[UPDATE] 73/300 reward_step=0.03607 chunk=0.03607 done_frac=0.03017 mean_reward=1.25944 mean_len=34.77
[SFPO] loss=0.00310 policy_loss=-0.00492 value_loss=0.00802 ratio=0.9997 [0.168,4.199] clip=0.1839 kl=0.012936 grad=0.3778 grad_c=0.1324 lr=0.001000 critic_lr=0.001000
[ROLLOUT] live=24.00 survive=0.30981 per_step=0.03607 episode_projection=18.03
[POLICY_DETAIL] samples=196608 raw_samples=196608 mb=49152 micro_mb=8192 logp_delta_abs=0.11975 old_logp=-15.72606 new_logp=-15.73914 adv_abs=0.60686 sde_steps=4
[TRAIN] mean_reward=1.25944 mean_len=34.77 recent_eps=100 completed_eps=844284
[UPDATE_EFFECT] action_delta=0.01436325 param_rms_delta=0.00196829
[TIME] collect=3.694s update=0.824s
[DONE] timeout=0.00000 anchor_pos=0.00220 anchor_ori=0.00330 ee_body=0.68665
[TRACK_ROLLOUT] anchor_pos=0.64918 anchor_ori=0.69106 body_pos=0.78209 body_ori=0.40020 body_lin=0.47515 body_ang=0.30877
[ACT_SUMMARY] abs_mean=0.5541 abs_p95=0.7067 abs_p99=0.7707 abs_max=0.9693 legs=0.5990 waist=0.5366 arms=0.5194
[FRAME_DIAG] frame0_abs=0.5541 frame1_abs=nan in_chunk_delta=nan cross_chunk_delta=0.3763
[UPDATE] 74/300 reward_step=0.03593 chunk=0.03593 done_frac=0.02907 mean_reward=1.27949 mean_len=34.48
[SFPO] loss=0.00263 policy_loss=-0.00506 value_loss=0.00770 ratio=0.9993 [0.189,3.691] clip=0.1867 kl=0.013242 grad=0.3921 grad_c=0.0861 lr=0.001000 critic_lr=0.001000
[ROLLOUT] live=24.00 survive=0.32825 per_step=0.03593 episode_projection=17.96
[POLICY_DETAIL] samples=196608 raw_samples=196608 mb=49152 micro_mb=8192 logp_delta_abs=0.12085 old_logp=-15.72261 new_logp=-15.73641 adv_abs=0.60982 sde_steps=4
[TRAIN] mean_reward=1.27949 mean_len=34.48 recent_eps=100 completed_eps=849999
[UPDATE_EFFECT] action_delta=0.01400820 param_rms_delta=0.00198702
[TIME] collect=3.546s update=0.827s
[DONE] timeout=0.00000 anchor_pos=0.00415 anchor_ori=0.00134 ee_body=0.66895
[TRACK_ROLLOUT] anchor_pos=0.64195 anchor_ori=0.68618 body_pos=0.77960 body_ori=0.39603 body_lin=0.47356 body_ang=0.31119
[ACT_SUMMARY] abs_mean=0.5561 abs_p95=0.7116 abs_p99=0.7782 abs_max=0.9918 legs=0.6013 waist=0.5394 arms=0.5209
[FRAME_DIAG] frame0_abs=0.5561 frame1_abs=nan in_chunk_delta=nan cross_chunk_delta=0.3742
[UPDATE] 75/300 reward_step=0.03608 chunk=0.03608 done_frac=0.02919 mean_reward=1.11408 mean_len=33.53
[SFPO] loss=0.00302 policy_loss=-0.00490 value_loss=0.00792 ratio=0.9998 [0.219,3.664] clip=0.1854 kl=0.013237 grad=0.3658 grad_c=0.1121 lr=0.001000 critic_lr=0.001000
[ROLLOUT] live=24.00 survive=0.32288 per_step=0.03608 episode_projection=18.04
[POLICY_DETAIL] samples=196608 raw_samples=196608 mb=49152 micro_mb=8192 logp_delta_abs=0.12041 old_logp=-15.72130 new_logp=-15.73460 adv_abs=0.60922 sde_steps=4
[TRAIN] mean_reward=1.11408 mean_len=33.53 recent_eps=100 completed_eps=855738
[UPDATE_EFFECT] action_delta=0.01433605 param_rms_delta=0.00197974
[TIME] collect=3.521s update=0.824s
[DONE] timeout=0.00000 anchor_pos=0.00342 anchor_ori=0.00244 ee_body=0.67358
[TRACK_ROLLOUT] anchor_pos=0.63768 anchor_ori=0.69118 body_pos=0.77891 body_ori=0.39564 body_lin=0.47603 body_ang=0.31442
[ACT_SUMMARY] abs_mean=0.5582 abs_p95=0.7172 abs_p99=0.7835 abs_max=1.0513 legs=0.6052 waist=0.5414 arms=0.5216
[FRAME_DIAG] frame0_abs=0.5582 frame1_abs=nan in_chunk_delta=nan cross_chunk_delta=0.3732
[UPDATE] 76/300 reward_step=0.03603 chunk=0.03603 done_frac=0.02852 mean_reward=1.19107 mean_len=33.12
[SFPO] loss=0.00360 policy_loss=-0.00431 value_loss=0.00791 ratio=0.9996 [0.116,4.153] clip=0.1991 kl=0.014271 grad=0.4174 grad_c=0.1590 lr=0.001000 critic_lr=0.001000
[ROLLOUT] live=24.00 survive=0.33533 per_step=0.03603 episode_projection=18.01
[POLICY_DETAIL] samples=196608 raw_samples=196608 mb=49152 micro_mb=8192 logp_delta_abs=0.12503 old_logp=-15.73303 new_logp=-15.74754 adv_abs=0.61439 sde_steps=4
[TRAIN] mean_reward=1.19107 mean_len=33.12 recent_eps=100 completed_eps=861346
[UPDATE_EFFECT] action_delta=0.01438013 param_rms_delta=0.00196936
[TIME] collect=3.562s update=0.833s
[DONE] timeout=0.00000 anchor_pos=0.00293 anchor_ori=0.00146 ee_body=0.66223
[TRACK_ROLLOUT] anchor_pos=0.63139 anchor_ori=0.69255 body_pos=0.77631 body_ori=0.39348 body_lin=0.47347 body_ang=0.31726
[ACT_SUMMARY] abs_mean=0.5595 abs_p95=0.7191 abs_p99=0.7881 abs_max=1.1036 legs=0.6068 waist=0.5395 arms=0.5233
[FRAME_DIAG] frame0_abs=0.5595 frame1_abs=nan in_chunk_delta=nan cross_chunk_delta=0.3711
[UPDATE] 77/300 reward_step=0.03621 chunk=0.03621 done_frac=0.02834 mean_reward=1.18028 mean_len=33.51
[SFPO] loss=0.00324 policy_loss=-0.00444 value_loss=0.00769 ratio=0.9993 [0.156,4.848] clip=0.1939 kl=0.014047 grad=0.3731 grad_c=0.0839 lr=0.001000 critic_lr=0.001000
[ROLLOUT] live=24.00 survive=0.33521 per_step=0.03621 episode_projection=18.10
[POLICY_DETAIL] samples=196608 raw_samples=196608 mb=49152 micro_mb=8192 logp_delta_abs=0.12359 old_logp=-15.72821 new_logp=-15.74280 adv_abs=0.60116 sde_steps=4
[TRAIN] mean_reward=1.18028 mean_len=33.51 recent_eps=100 completed_eps=866917
[UPDATE_EFFECT] action_delta=0.01402393 param_rms_delta=0.00195797
[TIME] collect=3.578s update=0.827s
[DONE] timeout=0.00000 anchor_pos=0.00342 anchor_ori=0.00159 ee_body=0.66162
[TRACK_ROLLOUT] anchor_pos=0.62778 anchor_ori=0.69493 body_pos=0.77460 body_ori=0.39101 body_lin=0.47694 body_ang=0.32270
[ACT_SUMMARY] abs_mean=0.5587 abs_p95=0.7224 abs_p99=0.7910 abs_max=1.0996 legs=0.6083 waist=0.5399 arms=0.5201
[FRAME_DIAG] frame0_abs=0.5587 frame1_abs=nan in_chunk_delta=nan cross_chunk_delta=0.3696
[UPDATE] 78/300 reward_step=0.03631 chunk=0.03631 done_frac=0.02696 mean_reward=1.05785 mean_len=32.23
[SFPO] loss=0.00486 policy_loss=-0.00466 value_loss=0.00953 ratio=0.9996 [0.191,4.833] clip=0.1851 kl=0.013498 grad=0.3340 grad_c=0.2385 lr=0.001000 critic_lr=0.001000
[ROLLOUT] live=24.00 survive=0.36353 per_step=0.03631 episode_projection=18.15
[POLICY_DETAIL] samples=196608 raw_samples=196608 mb=49152 micro_mb=8192 logp_delta_abs=0.12066 old_logp=-15.72897 new_logp=-15.74274 adv_abs=0.59654 sde_steps=4
[TRAIN] mean_reward=1.05785 mean_len=32.23 recent_eps=100 completed_eps=872217
[UPDATE_EFFECT] action_delta=0.01440438 param_rms_delta=0.00195169
[TIME] collect=3.733s update=0.835s
[DONE] timeout=0.00000 anchor_pos=0.00403 anchor_ori=0.00110 ee_body=0.63403
[TRACK_ROLLOUT] anchor_pos=0.62883 anchor_ori=0.70014 body_pos=0.77531 body_ori=0.39096 body_lin=0.47870 body_ang=0.32535
[ACT_SUMMARY] abs_mean=0.5600 abs_p95=0.7258 abs_p99=0.7962 abs_max=1.0822 legs=0.6097 waist=0.5383 arms=0.5221
[FRAME_DIAG] frame0_abs=0.5600 frame1_abs=nan in_chunk_delta=nan cross_chunk_delta=0.3696
[UPDATE] 79/300 reward_step=0.03627 chunk=0.03627 done_frac=0.02692 mean_reward=1.28922 mean_len=36.87
[SFPO] loss=0.00583 policy_loss=-0.00486 value_loss=0.01068 ratio=0.9995 [0.134,4.075] clip=0.1855 kl=0.013564 grad=0.3341 grad_c=0.3487 lr=0.001000 critic_lr=0.001000
[ROLLOUT] live=24.00 survive=0.36536 per_step=0.03627 episode_projection=18.13
[POLICY_DETAIL] samples=196608 raw_samples=196608 mb=49152 micro_mb=8192 logp_delta_abs=0.12080 old_logp=-15.72962 new_logp=-15.74350 adv_abs=0.59953 sde_steps=4
[TRAIN] mean_reward=1.28922 mean_len=36.87 recent_eps=100 completed_eps=877509
[UPDATE_EFFECT] action_delta=0.01390046 param_rms_delta=0.00194964
[TIME] collect=3.620s update=0.824s
[DONE] timeout=0.00000 anchor_pos=0.00391 anchor_ori=0.00134 ee_body=0.63171
[TRACK_ROLLOUT] anchor_pos=0.61981 anchor_ori=0.70182 body_pos=0.77221 body_ori=0.38645 body_lin=0.47862 body_ang=0.32817
[ACT_SUMMARY] abs_mean=0.5617 abs_p95=0.7330 abs_p99=0.8039 abs_max=1.0269 legs=0.6135 waist=0.5412 arms=0.5217
[FRAME_DIAG] frame0_abs=0.5617 frame1_abs=nan in_chunk_delta=nan cross_chunk_delta=0.3683
[UPDATE] 80/300 reward_step=0.03654 chunk=0.03654 done_frac=0.02665 mean_reward=1.38686 mean_len=37.26
[SFPO] loss=0.00432 policy_loss=-0.00470 value_loss=0.00902 ratio=0.9995 [0.189,4.478] clip=0.1893 kl=0.013562 grad=0.3724 grad_c=0.1592 lr=0.001000 critic_lr=0.001000
[ROLLOUT] live=24.00 survive=0.37170 per_step=0.03654 episode_projection=18.27
[POLICY_DETAIL] samples=196608 raw_samples=196608 mb=49152 micro_mb=8192 logp_delta_abs=0.12184 old_logp=-15.73612 new_logp=-15.74998 adv_abs=0.60050 sde_steps=4
[TRAIN] mean_reward=1.38686 mean_len=37.26 recent_eps=100 completed_eps=882748
[UPDATE_EFFECT] action_delta=0.01461163 param_rms_delta=0.00193658
[TIME] collect=3.623s update=0.823s
[DONE] timeout=0.00000 anchor_pos=0.00415 anchor_ori=0.00098 ee_body=0.62488
[TRACK_ROLLOUT] anchor_pos=0.61822 anchor_ori=0.70860 body_pos=0.77303 body_ori=0.38913 body_lin=0.47825 body_ang=0.32960
[ACT_SUMMARY] abs_mean=0.5636 abs_p95=0.7330 abs_p99=0.8057 abs_max=1.0287 legs=0.6131 waist=0.5428 arms=0.5255
[FRAME_DIAG] frame0_abs=0.5636 frame1_abs=nan in_chunk_delta=nan cross_chunk_delta=0.3680
[UPDATE] 81/300 reward_step=0.03707 chunk=0.03707 done_frac=0.02598 mean_reward=1.35172 mean_len=38.01
[SFPO] loss=0.00348 policy_loss=-0.00463 value_loss=0.00811 ratio=0.9995 [0.120,5.823] clip=0.1888 kl=0.013758 grad=0.3665 grad_c=0.1141 lr=0.001000 critic_lr=0.001000
[ROLLOUT] live=24.00 survive=0.38538 per_step=0.03707 episode_projection=18.54
[POLICY_DETAIL] samples=196608 raw_samples=196608 mb=49152 micro_mb=8192 logp_delta_abs=0.12200 old_logp=-15.73248 new_logp=-15.74654 adv_abs=0.60419 sde_steps=4
[TRAIN] mean_reward=1.35172 mean_len=38.01 recent_eps=100 completed_eps=887855
[UPDATE_EFFECT] action_delta=0.01442396 param_rms_delta=0.00193017
[TIME] collect=3.691s update=0.834s
[DONE] timeout=0.00000 anchor_pos=0.00378 anchor_ori=0.00085 ee_body=0.61218
[TRACK_ROLLOUT] anchor_pos=0.61894 anchor_ori=0.71354 body_pos=0.77539 body_ori=0.39275 body_lin=0.48157 body_ang=0.33541
[ACT_SUMMARY] abs_mean=0.5680 abs_p95=0.7440 abs_p99=0.8185 abs_max=1.0827 legs=0.6187 waist=0.5423 arms=0.5300
[FRAME_DIAG] frame0_abs=0.5680 frame1_abs=nan in_chunk_delta=nan cross_chunk_delta=0.3648
[UPDATE] 82/300 reward_step=0.03723 chunk=0.03723 done_frac=0.02550 mean_reward=1.44401 mean_len=38.61
[SFPO] loss=0.00325 policy_loss=-0.00496 value_loss=0.00821 ratio=0.9996 [0.081,6.182] clip=0.1622 kl=0.012204 grad=0.3415 grad_c=0.0649 lr=0.000667 critic_lr=0.000667
[ROLLOUT] live=24.00 survive=0.39465 per_step=0.03723 episode_projection=18.61
[POLICY_DETAIL] samples=196608 raw_samples=196608 mb=49152 micro_mb=8192 logp_delta_abs=0.11356 old_logp=-15.72980 new_logp=-15.74222 adv_abs=0.60031 sde_steps=4
[TRAIN] mean_reward=1.44401 mean_len=38.61 recent_eps=100 completed_eps=892869
[UPDATE_EFFECT] action_delta=0.01225017 param_rms_delta=0.00148011
[TIME] collect=3.706s update=0.845s
[DONE] timeout=0.00000 anchor_pos=0.00317 anchor_ori=0.00085 ee_body=0.60291
[TRACK_ROLLOUT] anchor_pos=0.61363 anchor_ori=0.71767 body_pos=0.77342 body_ori=0.39135 body_lin=0.48515 body_ang=0.34127
[ACT_SUMMARY] abs_mean=0.5719 abs_p95=0.7552 abs_p99=0.8315 abs_max=1.0635 legs=0.6254 waist=0.5475 arms=0.5313
[FRAME_DIAG] frame0_abs=0.5719 frame1_abs=nan in_chunk_delta=nan cross_chunk_delta=0.3630
[UPDATE] 83/300 reward_step=0.03744 chunk=0.03744 done_frac=0.02533 mean_reward=1.39571 mean_len=37.80
[SFPO] loss=0.00384 policy_loss=-0.00494 value_loss=0.00878 ratio=0.9998 [0.138,4.264] clip=0.1565 kl=0.011500 grad=0.3257 grad_c=0.0604 lr=0.000667 critic_lr=0.000667
[ROLLOUT] live=24.00 survive=0.39795 per_step=0.03744 episode_projection=18.72
[POLICY_DETAIL] samples=196608 raw_samples=196608 mb=49152 micro_mb=8192 logp_delta_abs=0.11069 old_logp=-15.73436 new_logp=-15.74592 adv_abs=0.59050 sde_steps=4
[TRAIN] mean_reward=1.39571 mean_len=37.80 recent_eps=100 completed_eps=897850
[UPDATE_EFFECT] action_delta=0.01177200 param_rms_delta=0.00144364
[TIME] collect=3.604s update=0.834s
[DONE] timeout=0.00000 anchor_pos=0.00488 anchor_ori=0.00024 ee_body=0.59912
[TRACK_ROLLOUT] anchor_pos=0.60970 anchor_ori=0.72087 body_pos=0.77196 body_ori=0.39284 body_lin=0.48422 body_ang=0.34467
[ACT_SUMMARY] abs_mean=0.5745 abs_p95=0.7589 abs_p99=0.8335 abs_max=0.9983 legs=0.6279 waist=0.5517 arms=0.5337
[FRAME_DIAG] frame0_abs=0.5745 frame1_abs=nan in_chunk_delta=nan cross_chunk_delta=0.3618
[UPDATE] 84/300 reward_step=0.03772 chunk=0.03772 done_frac=0.02480 mean_reward=1.41405 mean_len=38.38
[SFPO] loss=0.00446 policy_loss=-0.00470 value_loss=0.00915 ratio=0.9997 [0.147,5.584] clip=0.1719 kl=0.012964 grad=0.3412 grad_c=0.0776 lr=0.000667 critic_lr=0.000667
[ROLLOUT] live=24.00 survive=0.40991 per_step=0.03772 episode_projection=18.86
[POLICY_DETAIL] samples=196608 raw_samples=196608 mb=49152 micro_mb=8192 logp_delta_abs=0.11608 old_logp=-15.73134 new_logp=-15.74442 adv_abs=0.58621 sde_steps=4
[TRAIN] mean_reward=1.41405 mean_len=38.38 recent_eps=100 completed_eps=902726
[UPDATE_EFFECT] action_delta=0.01321277 param_rms_delta=0.00157217
[TIME] collect=3.660s update=0.826s
[DONE] timeout=0.00000 anchor_pos=0.00354 anchor_ori=0.00098 ee_body=0.58777
[TRACK_ROLLOUT] anchor_pos=0.60925 anchor_ori=0.72510 body_pos=0.77470 body_ori=0.39584 body_lin=0.48443 body_ang=0.34611
[ACT_SUMMARY] abs_mean=0.5750 abs_p95=0.7606 abs_p99=0.8375 abs_max=1.0815 legs=0.6280 waist=0.5505 arms=0.5348
[FRAME_DIAG] frame0_abs=0.5750 frame1_abs=nan in_chunk_delta=nan cross_chunk_delta=0.3611
[UPDATE] 85/300 reward_step=0.03784 chunk=0.03784 done_frac=0.02441 mean_reward=1.51317 mean_len=39.99
[SFPO] loss=0.00409 policy_loss=-0.00491 value_loss=0.00900 ratio=0.9995 [0.140,4.998] clip=0.1555 kl=0.011643 grad=0.3282 grad_c=0.0798 lr=0.000667 critic_lr=0.000667
[ROLLOUT] live=24.00 survive=0.41638 per_step=0.03784 episode_projection=18.92
[POLICY_DETAIL] samples=196608 raw_samples=196608 mb=49152 micro_mb=8192 logp_delta_abs=0.11059 old_logp=-15.73241 new_logp=-15.74446 adv_abs=0.59031 sde_steps=4
[TRAIN] mean_reward=1.51317 mean_len=39.99 recent_eps=100 completed_eps=907525
[UPDATE_EFFECT] action_delta=0.01249378 param_rms_delta=0.00141679
[TIME] collect=3.599s update=0.858s
[DONE] timeout=0.00000 anchor_pos=0.00427 anchor_ori=0.00024 ee_body=0.58130
[TRACK_ROLLOUT] anchor_pos=0.60269 anchor_ori=0.72806 body_pos=0.77305 body_ori=0.39566 body_lin=0.48323 body_ang=0.34985
[ACT_SUMMARY] abs_mean=0.5798 abs_p95=0.7774 abs_p99=0.8534 abs_max=1.0526 legs=0.6327 waist=0.5575 arms=0.5391
[FRAME_DIAG] frame0_abs=0.5798 frame1_abs=nan in_chunk_delta=nan cross_chunk_delta=0.3599
[UPDATE] 86/300 reward_step=0.03796 chunk=0.03796 done_frac=0.02354 mean_reward=1.53430 mean_len=40.93
[SFPO] loss=0.00484 policy_loss=-0.00467 value_loss=0.00951 ratio=0.9997 [0.153,5.947] clip=0.1525 kl=0.011337 grad=0.3342 grad_c=0.0618 lr=0.000667 critic_lr=0.000667
[ROLLOUT] live=24.00 survive=0.43799 per_step=0.03796 episode_projection=18.98
[POLICY_DETAIL] samples=196608 raw_samples=196608 mb=49152 micro_mb=8192 logp_delta_abs=0.10976 old_logp=-15.72713 new_logp=-15.73860 adv_abs=0.58729 sde_steps=4
[TRAIN] mean_reward=1.53430 mean_len=40.93 recent_eps=100 completed_eps=912154
[UPDATE_EFFECT] action_delta=0.01256863 param_rms_delta=0.00142024
[TIME] collect=3.596s update=0.832s
[DONE] timeout=0.00000 anchor_pos=0.00549 anchor_ori=0.00085 ee_body=0.55896
[TRACK_ROLLOUT] anchor_pos=0.59962 anchor_ori=0.73394 body_pos=0.77190 body_ori=0.39666 body_lin=0.48477 body_ang=0.35216
[ACT_SUMMARY] abs_mean=0.5839 abs_p95=0.7862 abs_p99=0.8639 abs_max=1.0522 legs=0.6364 waist=0.5613 arms=0.5437
[FRAME_DIAG] frame0_abs=0.5839 frame1_abs=nan in_chunk_delta=nan cross_chunk_delta=0.3599
[UPDATE] 87/300 reward_step=0.03794 chunk=0.03794 done_frac=0.02350 mean_reward=1.74060 mean_len=44.61
[SFPO] loss=0.00578 policy_loss=-0.00462 value_loss=0.01041 ratio=0.9995 [0.148,4.549] clip=0.1516 kl=0.011419 grad=0.3297 grad_c=0.1329 lr=0.000667 critic_lr=0.000667
[ROLLOUT] live=24.00 survive=0.43787 per_step=0.03794 episode_projection=18.97
[POLICY_DETAIL] samples=196608 raw_samples=196608 mb=49152 micro_mb=8192 logp_delta_abs=0.10946 old_logp=-15.72179 new_logp=-15.73354 adv_abs=0.58702 sde_steps=4
[TRAIN] mean_reward=1.74060 mean_len=44.61 recent_eps=100 completed_eps=916775
[UPDATE_EFFECT] action_delta=0.01227154 param_rms_delta=0.00141900
[TIME] collect=3.508s update=0.858s
[DONE] timeout=0.00000 anchor_pos=0.00330 anchor_ori=0.00061 ee_body=0.55994
[TRACK_ROLLOUT] anchor_pos=0.59318 anchor_ori=0.73358 body_pos=0.77026 body_ori=0.39484 body_lin=0.48281 body_ang=0.35439
[ACT_SUMMARY] abs_mean=0.5871 abs_p95=0.7981 abs_p99=0.8780 abs_max=1.0918 legs=0.6418 waist=0.5656 arms=0.5449
[FRAME_DIAG] frame0_abs=0.5871 frame1_abs=nan in_chunk_delta=nan cross_chunk_delta=0.3587
[UPDATE] 88/300 reward_step=0.03822 chunk=0.03822 done_frac=0.02304 mean_reward=1.60208 mean_len=42.54
[SFPO] loss=0.00579 policy_loss=-0.00529 value_loss=0.01108 ratio=0.9996 [0.242,3.299] clip=0.1413 kl=0.010336 grad=0.2958 grad_c=0.1700 lr=0.000667 critic_lr=0.000667
[ROLLOUT] live=24.00 survive=0.44861 per_step=0.03822 episode_projection=19.11
[POLICY_DETAIL] samples=196608 raw_samples=196608 mb=49152 micro_mb=8192 logp_delta_abs=0.10562 old_logp=-15.73352 new_logp=-15.74420 adv_abs=0.58725 sde_steps=4
[TRAIN] mean_reward=1.60208 mean_len=42.54 recent_eps=100 completed_eps=921304
[UPDATE_EFFECT] action_delta=0.01195076 param_rms_delta=0.00142404
[TIME] collect=3.591s update=0.840s
[DONE] timeout=0.00000 anchor_pos=0.00415 anchor_ori=0.00098 ee_body=0.54907
[TRACK_ROLLOUT] anchor_pos=0.58972 anchor_ori=0.73679 body_pos=0.77132 body_ori=0.39774 body_lin=0.48659 body_ang=0.35827
[ACT_SUMMARY] abs_mean=0.5884 abs_p95=0.7982 abs_p99=0.8775 abs_max=1.0964 legs=0.6418 waist=0.5635 arms=0.5479
[FRAME_DIAG] frame0_abs=0.5884 frame1_abs=nan in_chunk_delta=nan cross_chunk_delta=0.3582
[UPDATE] 89/300 reward_step=0.03850 chunk=0.03850 done_frac=0.02196 mean_reward=1.66354 mean_len=43.97
[SFPO] loss=0.03893 policy_loss=-0.00434 value_loss=0.04327 ratio=0.9995 [0.133,4.177] clip=0.1903 kl=0.013856 grad=0.3739 grad_c=1.3076 lr=0.001000 critic_lr=0.001000
[ROLLOUT] live=24.00 survive=0.47534 per_step=0.03850 episode_projection=19.25
[POLICY_DETAIL] samples=196608 raw_samples=196608 mb=49152 micro_mb=8192 logp_delta_abs=0.12198 old_logp=-15.73326 new_logp=-15.74749 adv_abs=0.58306 sde_steps=4
[TRAIN] mean_reward=1.66354 mean_len=43.97 recent_eps=100 completed_eps=925622
[UPDATE_EFFECT] action_delta=0.01488038 param_rms_delta=0.00192177
[TIME] collect=3.649s update=0.825s
[DONE] timeout=0.00000 anchor_pos=0.00342 anchor_ori=0.00012 ee_body=0.52368
[TRACK_ROLLOUT] anchor_pos=0.58966 anchor_ori=0.74185 body_pos=0.77201 body_ori=0.39724 body_lin=0.48572 body_ang=0.36022
[ACT_SUMMARY] abs_mean=0.5886 abs_p95=0.8001 abs_p99=0.8788 abs_max=1.1267 legs=0.6433 waist=0.5610 arms=0.5477
[FRAME_DIAG] frame0_abs=0.5886 frame1_abs=nan in_chunk_delta=nan cross_chunk_delta=0.3563
[UPDATE] 90/300 reward_step=0.03843 chunk=0.03843 done_frac=0.02244 mean_reward=1.74981 mean_len=44.80
[SFPO] loss=0.01431 policy_loss=-0.00195 value_loss=0.01626 ratio=0.9995 [0.159,4.954] clip=0.2001 kl=0.014803 grad=0.5081 grad_c=0.2873 lr=0.001000 critic_lr=0.001000
[ROLLOUT] live=24.00 survive=0.46338 per_step=0.03843 episode_projection=19.21
[POLICY_DETAIL] samples=196608 raw_samples=196608 mb=49152 micro_mb=8192 logp_delta_abs=0.12605 old_logp=-15.72796 new_logp=-15.74308 adv_abs=0.65385 sde_steps=4
[TRAIN] mean_reward=1.74981 mean_len=44.80 recent_eps=100 completed_eps=930033
[UPDATE_EFFECT] action_delta=0.01368848 param_rms_delta=0.00187310
[TIME] collect=3.552s update=0.836s
[DONE] timeout=0.00000 anchor_pos=0.00562 anchor_ori=0.00049 ee_body=0.53455
[TRACK_ROLLOUT] anchor_pos=0.58437 anchor_ori=0.74331 body_pos=0.77070 body_ori=0.40084 body_lin=0.48062 body_ang=0.36006
[ACT_SUMMARY] abs_mean=0.5932 abs_p95=0.8082 abs_p99=0.8881 abs_max=1.1176 legs=0.6489 waist=0.5622 arms=0.5521
[FRAME_DIAG] frame0_abs=0.5932 frame1_abs=nan in_chunk_delta=nan cross_chunk_delta=0.3566
[UPDATE] 91/300 reward_step=0.03857 chunk=0.03857 done_frac=0.02206 mean_reward=1.56161 mean_len=41.17
[SFPO] loss=0.01011 policy_loss=-0.00379 value_loss=0.01391 ratio=0.9994 [0.151,3.688] clip=0.1886 kl=0.013729 grad=0.3852 grad_c=0.1915 lr=0.001000 critic_lr=0.001000
[ROLLOUT] live=24.00 survive=0.47217 per_step=0.03857 episode_projection=19.28
[POLICY_DETAIL] samples=196608 raw_samples=196608 mb=49152 micro_mb=8192 logp_delta_abs=0.12185 old_logp=-15.73151 new_logp=-15.74566 adv_abs=0.59998 sde_steps=4
[TRAIN] mean_reward=1.56161 mean_len=41.17 recent_eps=100 completed_eps=934371
[UPDATE_EFFECT] action_delta=0.01422159 param_rms_delta=0.00186305
[TIME] collect=3.554s update=0.824s
[DONE] timeout=0.00000 anchor_pos=0.00391 anchor_ori=0.00012 ee_body=0.52649
[TRACK_ROLLOUT] anchor_pos=0.58441 anchor_ori=0.74500 body_pos=0.77284 body_ori=0.40153 body_lin=0.48778 body_ang=0.36216
[ACT_SUMMARY] abs_mean=0.5940 abs_p95=0.8093 abs_p99=0.8880 abs_max=1.0847 legs=0.6507 waist=0.5594 arms=0.5528
[FRAME_DIAG] frame0_abs=0.5940 frame1_abs=nan in_chunk_delta=nan cross_chunk_delta=0.3563
[UPDATE] 92/300 reward_step=0.03850 chunk=0.03850 done_frac=0.02187 mean_reward=1.63927 mean_len=44.21
[SFPO] loss=0.01050 policy_loss=-0.00372 value_loss=0.01422 ratio=0.9995 [0.184,4.656] clip=0.1979 kl=0.014378 grad=0.4056 grad_c=0.1666 lr=0.001000 critic_lr=0.001000
[ROLLOUT] live=24.00 survive=0.47729 per_step=0.03850 episode_projection=19.25
[POLICY_DETAIL] samples=196608 raw_samples=196608 mb=49152 micro_mb=8192 logp_delta_abs=0.12494 old_logp=-15.73647 new_logp=-15.75117 adv_abs=0.58727 sde_steps=4
[TRAIN] mean_reward=1.63927 mean_len=44.21 recent_eps=100 completed_eps=938671
[UPDATE_EFFECT] action_delta=0.01359142 param_rms_delta=0.00186573
[TIME] collect=3.590s update=0.851s
[DONE] timeout=0.00000 anchor_pos=0.00500 anchor_ori=0.00024 ee_body=0.51953
[TRACK_ROLLOUT] anchor_pos=0.58024 anchor_ori=0.74502 body_pos=0.77084 body_ori=0.39861 body_lin=0.48767 body_ang=0.36296
[ACT_SUMMARY] abs_mean=0.5920 abs_p95=0.8064 abs_p99=0.8860 abs_max=1.0823 legs=0.6473 waist=0.5594 arms=0.5516
[FRAME_DIAG] frame0_abs=0.5920 frame1_abs=nan in_chunk_delta=nan cross_chunk_delta=0.3561
[UPDATE] 93/300 reward_step=0.03873 chunk=0.03873 done_frac=0.02153 mean_reward=1.77575 mean_len=45.81
[SFPO] loss=0.00916 policy_loss=-0.00404 value_loss=0.01320 ratio=0.9994 [0.156,5.168] clip=0.1975 kl=0.014270 grad=0.3885 grad_c=0.1206 lr=0.001000 critic_lr=0.001000
[ROLLOUT] live=24.00 survive=0.48584 per_step=0.03873 episode_projection=19.36
[POLICY_DETAIL] samples=196608 raw_samples=196608 mb=49152 micro_mb=8192 logp_delta_abs=0.12464 old_logp=-15.72259 new_logp=-15.73724 adv_abs=0.59036 sde_steps=4
[TRAIN] mean_reward=1.77575 mean_len=45.81 recent_eps=100 completed_eps=942904
[UPDATE_EFFECT] action_delta=0.01424250 param_rms_delta=0.00185546
[TIME] collect=3.718s update=0.829s
[DONE] timeout=0.00000 anchor_pos=0.00452 anchor_ori=0.00037 ee_body=0.51282
[TRACK_ROLLOUT] anchor_pos=0.58318 anchor_ori=0.74618 body_pos=0.77430 body_ori=0.39941 body_lin=0.48705 body_ang=0.36405
[ACT_SUMMARY] abs_mean=0.5869 abs_p95=0.7953 abs_p99=0.8785 abs_max=1.0791 legs=0.6411 waist=0.5556 arms=0.5470
[FRAME_DIAG] frame0_abs=0.5869 frame1_abs=nan in_chunk_delta=nan cross_chunk_delta=0.3557
[UPDATE] 94/300 reward_step=0.03898 chunk=0.03898 done_frac=0.02137 mean_reward=1.70317 mean_len=44.19
[SFPO] loss=0.00947 policy_loss=-0.00435 value_loss=0.01382 ratio=0.9995 [0.190,4.049] clip=0.1982 kl=0.014264 grad=0.3798 grad_c=0.0903 lr=0.001000 critic_lr=0.001000
[ROLLOUT] live=24.00 survive=0.48926 per_step=0.03898 episode_projection=19.49
[POLICY_DETAIL] samples=196608 raw_samples=196608 mb=49152 micro_mb=8192 logp_delta_abs=0.12485 old_logp=-15.73334 new_logp=-15.74798 adv_abs=0.58128 sde_steps=4
[TRAIN] mean_reward=1.70317 mean_len=44.19 recent_eps=100 completed_eps=947106
[UPDATE_EFFECT] action_delta=0.01434521 param_rms_delta=0.00185524
[TIME] collect=3.651s update=0.840s
[DONE] timeout=0.00000 anchor_pos=0.00354 anchor_ori=0.00024 ee_body=0.50891
[TRACK_ROLLOUT] anchor_pos=0.58372 anchor_ori=0.74396 body_pos=0.77487 body_ori=0.40201 body_lin=0.48863 body_ang=0.36765
[ACT_SUMMARY] abs_mean=0.5889 abs_p95=0.7999 abs_p99=0.8791 abs_max=1.0722 legs=0.6432 waist=0.5565 arms=0.5493
[FRAME_DIAG] frame0_abs=0.5889 frame1_abs=nan in_chunk_delta=nan cross_chunk_delta=0.3549
[UPDATE] 95/300 reward_step=0.03922 chunk=0.03922 done_frac=0.02100 mean_reward=1.83050 mean_len=48.74
[SFPO] loss=0.01029 policy_loss=-0.00445 value_loss=0.01474 ratio=0.9993 [0.161,3.970] clip=0.1907 kl=0.013894 grad=0.3597 grad_c=0.1479 lr=0.001000 critic_lr=0.001000
[ROLLOUT] live=24.00 survive=0.49719 per_step=0.03922 episode_projection=19.61
[POLICY_DETAIL] samples=196608 raw_samples=196608 mb=49152 micro_mb=8192 logp_delta_abs=0.12255 old_logp=-15.72312 new_logp=-15.73751 adv_abs=0.58269 sde_steps=4
[TRAIN] mean_reward=1.83050 mean_len=48.74 recent_eps=100 completed_eps=951235
[UPDATE_EFFECT] action_delta=0.01420610 param_rms_delta=0.00187068
[TIME] collect=3.681s update=0.835s
[DONE] timeout=0.00000 anchor_pos=0.00415 anchor_ori=0.00024 ee_body=0.50134
[TRACK_ROLLOUT] anchor_pos=0.58381 anchor_ori=0.75145 body_pos=0.77628 body_ori=0.40421 body_lin=0.49184 body_ang=0.36978
[ACT_SUMMARY] abs_mean=0.5911 abs_p95=0.8049 abs_p99=0.8826 abs_max=1.1030 legs=0.6454 waist=0.5551 arms=0.5523
[FRAME_DIAG] frame0_abs=0.5911 frame1_abs=nan in_chunk_delta=nan cross_chunk_delta=0.3541
[UPDATE] 96/300 reward_step=0.03927 chunk=0.03927 done_frac=0.02047 mean_reward=1.74344 mean_len=46.32
[SFPO] loss=0.01187 policy_loss=-0.00446 value_loss=0.01633 ratio=0.9995 [0.198,3.972] clip=0.1915 kl=0.013814 grad=0.3682 grad_c=0.2141 lr=0.001000 critic_lr=0.001000
[ROLLOUT] live=24.00 survive=0.51025 per_step=0.03927 episode_projection=19.63
[POLICY_DETAIL] samples=196608 raw_samples=196608 mb=49152 micro_mb=8192 logp_delta_abs=0.12262 old_logp=-15.72870 new_logp=-15.74287 adv_abs=0.58227 sde_steps=4
[TRAIN] mean_reward=1.74344 mean_len=46.32 recent_eps=100 completed_eps=955260
[UPDATE_EFFECT] action_delta=0.01528038 param_rms_delta=0.00185931
[TIME] collect=3.723s update=0.832s
[DONE] timeout=0.00000 anchor_pos=0.00305 anchor_ori=0.00037 ee_body=0.48853
[TRACK_ROLLOUT] anchor_pos=0.57722 anchor_ori=0.75337 body_pos=0.77658 body_ori=0.40545 body_lin=0.49311 body_ang=0.37196
[ACT_SUMMARY] abs_mean=0.5931 abs_p95=0.8142 abs_p99=0.8949 abs_max=1.1305 legs=0.6497 waist=0.5589 arms=0.5518
[FRAME_DIAG] frame0_abs=0.5931 frame1_abs=nan in_chunk_delta=nan cross_chunk_delta=0.3541
[UPDATE] 97/300 reward_step=0.03934 chunk=0.03934 done_frac=0.01997 mean_reward=1.77046 mean_len=46.37
[SFPO] loss=0.01433 policy_loss=-0.00377 value_loss=0.01810 ratio=0.9996 [0.199,4.900] clip=0.1959 kl=0.014673 grad=0.3829 grad_c=0.2325 lr=0.001000 critic_lr=0.001000
[ROLLOUT] live=24.00 survive=0.52209 per_step=0.03934 episode_projection=19.67
[POLICY_DETAIL] samples=196608 raw_samples=196608 mb=49152 micro_mb=8192 logp_delta_abs=0.12476 old_logp=-15.72697 new_logp=-15.74189 adv_abs=0.58461 sde_steps=4
[TRAIN] mean_reward=1.77046 mean_len=46.37 recent_eps=100 completed_eps=959187
[UPDATE_EFFECT] action_delta=0.01485033 param_rms_delta=0.00186712
[TIME] collect=3.683s update=0.848s
[DONE] timeout=0.00000 anchor_pos=0.00452 anchor_ori=0.00024 ee_body=0.47571
[TRACK_ROLLOUT] anchor_pos=0.57345 anchor_ori=0.75600 body_pos=0.77676 body_ori=0.40772 body_lin=0.48990 body_ang=0.37218
[ACT_SUMMARY] abs_mean=0.5987 abs_p95=0.8263 abs_p99=0.9082 abs_max=1.1413 legs=0.6566 waist=0.5624 arms=0.5568
[FRAME_DIAG] frame0_abs=0.5987 frame1_abs=nan in_chunk_delta=nan cross_chunk_delta=0.3534
[UPDATE] 98/300 reward_step=0.03962 chunk=0.03962 done_frac=0.01973 mean_reward=1.79776 mean_len=46.45
[SFPO] loss=0.01520 policy_loss=-0.00399 value_loss=0.01919 ratio=0.9998 [0.171,4.879] clip=0.1917 kl=0.014140 grad=0.3554 grad_c=0.1849 lr=0.001000 critic_lr=0.001000
[ROLLOUT] live=24.00 survive=0.52771 per_step=0.03962 episode_projection=19.81
[POLICY_DETAIL] samples=196608 raw_samples=196608 mb=49152 micro_mb=8192 logp_delta_abs=0.12306 old_logp=-15.72590 new_logp=-15.74010 adv_abs=0.58203 sde_steps=4
[TRAIN] mean_reward=1.79776 mean_len=46.45 recent_eps=100 completed_eps=963066
[UPDATE_EFFECT] action_delta=0.01434360 param_rms_delta=0.00186416
[TIME] collect=3.659s update=0.826s
[DONE] timeout=0.00000 anchor_pos=0.00439 anchor_ori=0.00012 ee_body=0.47131
[TRACK_ROLLOUT] anchor_pos=0.57151 anchor_ori=0.75670 body_pos=0.78039 body_ori=0.41263 body_lin=0.49234 body_ang=0.37436
[ACT_SUMMARY] abs_mean=0.6036 abs_p95=0.8354 abs_p99=0.9186 abs_max=1.1366 legs=0.6637 waist=0.5647 arms=0.5603
[FRAME_DIAG] frame0_abs=0.6036 frame1_abs=nan in_chunk_delta=nan cross_chunk_delta=0.3529
[UPDATE] 99/300 reward_step=0.03933 chunk=0.03933 done_frac=0.01933 mean_reward=2.03084 mean_len=52.93
[SFPO] loss=0.01637 policy_loss=-0.00465 value_loss=0.02102 ratio=0.9996 [0.166,3.606] clip=0.1860 kl=0.013763 grad=0.3188 grad_c=0.2926 lr=0.001000 critic_lr=0.001000
[ROLLOUT] live=24.00 survive=0.53699 per_step=0.03933 episode_projection=19.67
[POLICY_DETAIL] samples=196608 raw_samples=196608 mb=49152 micro_mb=8192 logp_delta_abs=0.12117 old_logp=-15.73001 new_logp=-15.74396 adv_abs=0.57736 sde_steps=4
[TRAIN] mean_reward=2.03084 mean_len=52.93 recent_eps=100 completed_eps=966866
[UPDATE_EFFECT] action_delta=0.01315851 param_rms_delta=0.00186088
[TIME] collect=3.661s update=0.852s
[DONE] timeout=0.00000 anchor_pos=0.00415 anchor_ori=0.00012 ee_body=0.46155
[TRACK_ROLLOUT] anchor_pos=0.55986 anchor_ori=0.75406 body_pos=0.77787 body_ori=0.40791 body_lin=0.49133 body_ang=0.37456
[ACT_SUMMARY] abs_mean=0.6080 abs_p95=0.8434 abs_p99=0.9257 abs_max=1.1821 legs=0.6706 waist=0.5685 arms=0.5628
[FRAME_DIAG] frame0_abs=0.6080 frame1_abs=nan in_chunk_delta=nan cross_chunk_delta=0.3520
[UPDATE] 100/300 reward_step=0.03981 chunk=0.03981 done_frac=0.01928 mean_reward=2.06549 mean_len=50.99
[SFPO] loss=0.01996 policy_loss=-0.00442 value_loss=0.02438 ratio=0.9996 [0.140,4.646] clip=0.1862 kl=0.013612 grad=0.3523 grad_c=0.4397 lr=0.001000 critic_lr=0.001000
[ROLLOUT] live=24.00 survive=0.53784 per_step=0.03981 episode_projection=19.91
[POLICY_DETAIL] samples=196608 raw_samples=196608 mb=49152 micro_mb=8192 logp_delta_abs=0.12119 old_logp=-15.74068 new_logp=-15.75456 adv_abs=0.58713 sde_steps=4
[TRAIN] mean_reward=2.06549 mean_len=50.99 recent_eps=100 completed_eps=970656
[UPDATE_EFFECT] action_delta=0.01375379 param_rms_delta=0.00184263
[TIME] collect=3.682s update=0.825s
[DONE] timeout=0.00000 anchor_pos=0.00293 anchor_ori=0.00024 ee_body=0.46118
[TRACK_ROLLOUT] anchor_pos=0.56725 anchor_ori=0.75642 body_pos=0.78479 body_ori=0.41685 body_lin=0.49787 body_ang=0.37794
[ACT_SUMMARY] abs_mean=0.6078 abs_p95=0.8406 abs_p99=0.9230 abs_max=1.1285 legs=0.6706 waist=0.5677 arms=0.5625
[FRAME_DIAG] frame0_abs=0.6078 frame1_abs=nan in_chunk_delta=nan cross_chunk_delta=0.3529
[VALIDATION_START] update=100 max_steps=500 envs=8192 fixed_seed=disabled
[VALIDATION_RESET_START]
[VALIDATION_RESET_DONE] time=0.004s
[VALIDATION_PROGRESS] step=1/500 done=0.00000 alive=1.00000 elapsed=0.157s
[VALIDATION_PROGRESS] step=50/500 done=0.73438 alive=0.26562 elapsed=6.073s
[VALIDATION_EARLY_STOP] step=73 done_frac=0.9807
[VALIDATION_DONE] update=100 time=9.025s
[VAL] steps_mean=43.93 steps_min=16 steps_p50=43 steps_p95=65 steps_max=73 fail_phase_mean=42.4 return=2.22767 done=0.98071
[VAL_EE] left_ankle_bad=0.08016 left_ankle_z=0.11699 right_ankle_bad=0.00012 right_ankle_z=0.04876 left_wrist_bad=0.13430 left_wrist_z=0.12989 right_wrist_bad=0.79325 right_wrist_z=0.23420
[VAL_CAUSE] anchor_pos_bad=0.00525 anchor_ori_bad=0.00000 ee_body_bad=0.97815 time_out=0.00000 anchor_z=0.11329 anchor_grav=0.19880 ee_z_max=0.26689 ee_z_mean=0.13246
[VAL_WALL] alive@850=0.0193 motion_complete=0.0000 wrist_fail_825_840=0.0000 steps_p50=43
[CHECKPOINT] saved /home/y/my_mimic_mixgrpo/my_mimic_mixgrpo_h1/runs/sfpo_h1_ppoalign_300_v1/checkpoints/update_0100.pt
[UPDATE] 101/300 reward_step=0.03982 chunk=0.03982 done_frac=0.01891 mean_reward=2.04502 mean_len=50.71
[SFPO] loss=0.01625 policy_loss=-0.00393 value_loss=0.02018 ratio=0.9994 [0.179,4.151] clip=0.1911 kl=0.014078 grad=0.3835 grad_c=0.2867 lr=0.001000 critic_lr=0.001000
[ROLLOUT] live=24.00 survive=0.54773 per_step=0.03982 episode_projection=19.91
[POLICY_DETAIL] samples=196608 raw_samples=196608 mb=49152 micro_mb=8192 logp_delta_abs=0.12282 old_logp=-15.73422 new_logp=-15.74867 adv_abs=0.60155 sde_steps=4
[TRAIN] mean_reward=2.04502 mean_len=50.71 recent_eps=100 completed_eps=974374
[UPDATE_EFFECT] action_delta=0.01418202 param_rms_delta=0.00183719
[TIME] collect=3.801s update=0.846s
[DONE] timeout=0.00000 anchor_pos=0.00464 anchor_ori=0.00012 ee_body=0.45007
[TRACK_ROLLOUT] anchor_pos=0.56101 anchor_ori=0.75419 body_pos=0.78339 body_ori=0.41459 body_lin=0.49315 body_ang=0.37861
[ACT_SUMMARY] abs_mean=0.6050 abs_p95=0.8423 abs_p99=0.9254 abs_max=1.1262 legs=0.6664 waist=0.5655 arms=0.5609
[FRAME_DIAG] frame0_abs=0.6050 frame1_abs=nan in_chunk_delta=nan cross_chunk_delta=0.3513
[UPDATE] 102/300 reward_step=0.04012 chunk=0.04012 done_frac=0.01906 mean_reward=1.89974 mean_len=49.18
[SFPO] loss=0.01730 policy_loss=-0.00379 value_loss=0.02109 ratio=0.9994 [0.150,6.306] clip=0.1997 kl=0.014875 grad=0.3954 grad_c=0.2452 lr=0.001000 critic_lr=0.001000
[ROLLOUT] live=24.00 survive=0.54358 per_step=0.04012 episode_projection=20.06
[POLICY_DETAIL] samples=196608 raw_samples=196608 mb=49152 micro_mb=8192 logp_delta_abs=0.12606 old_logp=-15.72947 new_logp=-15.74473 adv_abs=0.59153 sde_steps=4
[TRAIN] mean_reward=1.89974 mean_len=49.18 recent_eps=100 completed_eps=978122
[UPDATE_EFFECT] action_delta=0.01447847 param_rms_delta=0.00183984
[TIME] collect=3.713s update=0.844s
[DONE] timeout=0.00000 anchor_pos=0.00391 anchor_ori=0.00049 ee_body=0.45483
[TRACK_ROLLOUT] anchor_pos=0.56700 anchor_ori=0.75475 body_pos=0.78572 body_ori=0.42111 body_lin=0.49535 body_ang=0.37864
[ACT_SUMMARY] abs_mean=0.6074 abs_p95=0.8465 abs_p99=0.9286 abs_max=1.1668 legs=0.6690 waist=0.5674 arms=0.5632
[FRAME_DIAG] frame0_abs=0.6074 frame1_abs=nan in_chunk_delta=nan cross_chunk_delta=0.3514
[UPDATE] 103/300 reward_step=0.04027 chunk=0.04027 done_frac=0.01842 mean_reward=2.00439 mean_len=51.01
[SFPO] loss=0.01853 policy_loss=-0.00378 value_loss=0.02231 ratio=0.9994 [0.153,3.920] clip=0.1894 kl=0.014091 grad=0.3613 grad_c=0.2737 lr=0.001000 critic_lr=0.001000
[ROLLOUT] live=24.00 survive=0.55872 per_step=0.04027 episode_projection=20.14
[POLICY_DETAIL] samples=196608 raw_samples=196608 mb=49152 micro_mb=8192 logp_delta_abs=0.12244 old_logp=-15.73251 new_logp=-15.74698 adv_abs=0.58965 sde_steps=4
[TRAIN] mean_reward=2.00439 mean_len=51.01 recent_eps=100 completed_eps=981744
[UPDATE_EFFECT] action_delta=0.01313201 param_rms_delta=0.00181445
[TIME] collect=3.608s update=0.842s
[DONE] timeout=0.00000 anchor_pos=0.00391 anchor_ori=0.00012 ee_body=0.44043
[TRACK_ROLLOUT] anchor_pos=0.56141 anchor_ori=0.75660 body_pos=0.78548 body_ori=0.41971 body_lin=0.49696 body_ang=0.38122
[ACT_SUMMARY] abs_mean=0.6070 abs_p95=0.8398 abs_p99=0.9220 abs_max=1.1986 legs=0.6679 waist=0.5675 arms=0.5632
[FRAME_DIAG] frame0_abs=0.6070 frame1_abs=nan in_chunk_delta=nan cross_chunk_delta=0.3500
[UPDATE] 104/300 reward_step=0.04031 chunk=0.04031 done_frac=0.01848 mean_reward=2.13113 mean_len=53.20
[SFPO] loss=0.02019 policy_loss=-0.00444 value_loss=0.02463 ratio=0.9996 [0.156,4.078] clip=0.1896 kl=0.013848 grad=0.3534 grad_c=0.3287 lr=0.001000 critic_lr=0.001000
[ROLLOUT] live=24.00 survive=0.55762 per_step=0.04031 episode_projection=20.16
[POLICY_DETAIL] samples=196608 raw_samples=196608 mb=49152 micro_mb=8192 logp_delta_abs=0.12220 old_logp=-15.73036 new_logp=-15.74442 adv_abs=0.58516 sde_steps=4
[TRAIN] mean_reward=2.13113 mean_len=53.20 recent_eps=100 completed_eps=985377
[UPDATE_EFFECT] action_delta=0.01360073 param_rms_delta=0.00182383
[TIME] collect=3.588s update=0.824s
[DONE] timeout=0.00000 anchor_pos=0.00574 anchor_ori=0.00049 ee_body=0.44019
[TRACK_ROLLOUT] anchor_pos=0.56049 anchor_ori=0.75571 body_pos=0.78474 body_ori=0.42130 body_lin=0.49772 body_ang=0.38359
[ACT_SUMMARY] abs_mean=0.6078 abs_p95=0.8391 abs_p99=0.9204 abs_max=1.1659 legs=0.6689 waist=0.5663 arms=0.5643
[FRAME_DIAG] frame0_abs=0.6078 frame1_abs=nan in_chunk_delta=nan cross_chunk_delta=0.3499
[UPDATE] 105/300 reward_step=0.04057 chunk=0.04057 done_frac=0.01771 mean_reward=2.16554 mean_len=53.76
[SFPO] loss=0.01852 policy_loss=-0.00458 value_loss=0.02310 ratio=0.9997 [0.178,4.156] clip=0.1846 kl=0.013468 grad=0.3461 grad_c=0.2251 lr=0.001000 critic_lr=0.001000
[ROLLOUT] live=24.00 survive=0.57605 per_step=0.04057 episode_projection=20.29
[POLICY_DETAIL] samples=196608 raw_samples=196608 mb=49152 micro_mb=8192 logp_delta_abs=0.12055 old_logp=-15.72995 new_logp=-15.74352 adv_abs=0.59034 sde_steps=4
[TRAIN] mean_reward=2.16554 mean_len=53.76 recent_eps=100 completed_eps=988859
[UPDATE_EFFECT] action_delta=0.01396033 param_rms_delta=0.00182736
[TIME] collect=3.544s update=0.832s
[DONE] timeout=0.00000 anchor_pos=0.00476 anchor_ori=0.00012 ee_body=0.42200
[TRACK_ROLLOUT] anchor_pos=0.55945 anchor_ori=0.75682 body_pos=0.78846 body_ori=0.42118 body_lin=0.50023 body_ang=0.38433
[ACT_SUMMARY] abs_mean=0.6067 abs_p95=0.8370 abs_p99=0.9226 abs_max=1.1077 legs=0.6667 waist=0.5699 arms=0.5632
[FRAME_DIAG] frame0_abs=0.6067 frame1_abs=nan in_chunk_delta=nan cross_chunk_delta=0.3497
[UPDATE] 106/300 reward_step=0.04085 chunk=0.04085 done_frac=0.01759 mean_reward=2.33680 mean_len=57.81
[SFPO] loss=0.01937 policy_loss=-0.00446 value_loss=0.02384 ratio=0.9994 [0.133,4.861] clip=0.1853 kl=0.013735 grad=0.3527 grad_c=0.1678 lr=0.001000 critic_lr=0.001000
[ROLLOUT] live=24.00 survive=0.57910 per_step=0.04085 episode_projection=20.42
[POLICY_DETAIL] samples=196608 raw_samples=196608 mb=49152 micro_mb=8192 logp_delta_abs=0.12104 old_logp=-15.72773 new_logp=-15.74189 adv_abs=0.58958 sde_steps=4
[TRAIN] mean_reward=2.33680 mean_len=57.81 recent_eps=100 completed_eps=992317
[UPDATE_EFFECT] action_delta=0.01403433 param_rms_delta=0.00183653
[TIME] collect=3.653s update=0.821s
[DONE] timeout=0.00000 anchor_pos=0.00366 anchor_ori=0.00024 ee_body=0.41980
[TRACK_ROLLOUT] anchor_pos=0.55695 anchor_ori=0.75685 body_pos=0.79192 body_ori=0.42703 body_lin=0.49680 body_ang=0.38556
[ACT_SUMMARY] abs_mean=0.6077 abs_p95=0.8430 abs_p99=0.9313 abs_max=1.1331 legs=0.6652 waist=0.5689 arms=0.5668
[FRAME_DIAG] frame0_abs=0.6077 frame1_abs=nan in_chunk_delta=nan cross_chunk_delta=0.3486
[UPDATE] 107/300 reward_step=0.04110 chunk=0.04110 done_frac=0.01709 mean_reward=2.29874 mean_len=56.14
[SFPO] loss=0.02161 policy_loss=-0.00382 value_loss=0.02543 ratio=0.9997 [0.156,4.666] clip=0.1937 kl=0.014262 grad=0.3837 grad_c=0.3056 lr=0.001000 critic_lr=0.001000
[ROLLOUT] live=24.00 survive=0.59021 per_step=0.04110 episode_projection=20.55
[POLICY_DETAIL] samples=196608 raw_samples=196608 mb=49152 micro_mb=8192 logp_delta_abs=0.12368 old_logp=-15.73481 new_logp=-15.74918 adv_abs=0.59188 sde_steps=4
[TRAIN] mean_reward=2.29874 mean_len=56.14 recent_eps=100 completed_eps=995677
[UPDATE_EFFECT] action_delta=0.01320160 param_rms_delta=0.00181177
[TIME] collect=3.608s update=0.822s
[DONE] timeout=0.00000 anchor_pos=0.00317 anchor_ori=0.00012 ee_body=0.40820
[TRACK_ROLLOUT] anchor_pos=0.55404 anchor_ori=0.75635 body_pos=0.79308 body_ori=0.43111 body_lin=0.50139 body_ang=0.38853
[ACT_SUMMARY] abs_mean=0.6117 abs_p95=0.8510 abs_p99=0.9367 abs_max=1.1689 legs=0.6702 waist=0.5703 arms=0.5705
[FRAME_DIAG] frame0_abs=0.6117 frame1_abs=nan in_chunk_delta=nan cross_chunk_delta=0.3479
[UPDATE] 108/300 reward_step=0.04123 chunk=0.04123 done_frac=0.01723 mean_reward=2.17116 mean_len=53.88
[SFPO] loss=0.02354 policy_loss=-0.00397 value_loss=0.02751 ratio=0.9995 [0.163,4.170] clip=0.1927 kl=0.014184 grad=0.3706 grad_c=0.2936 lr=0.001000 critic_lr=0.001000
[ROLLOUT] live=24.00 survive=0.58801 per_step=0.04123 episode_projection=20.61
[POLICY_DETAIL] samples=196608 raw_samples=196608 mb=49152 micro_mb=8192 logp_delta_abs=0.12340 old_logp=-15.72846 new_logp=-15.74291 adv_abs=0.59366 sde_steps=4
[TRAIN] mean_reward=2.17116 mean_len=53.88 recent_eps=100 completed_eps=999064
[UPDATE_EFFECT] action_delta=0.01437728 param_rms_delta=0.00180508
[TIME] collect=3.525s update=0.860s
[DONE] timeout=0.00000 anchor_pos=0.00354 anchor_ori=0.00037 ee_body=0.41077
[TRACK_ROLLOUT] anchor_pos=0.55627 anchor_ori=0.75529 body_pos=0.79399 body_ori=0.43440 body_lin=0.50108 body_ang=0.38827
[ACT_SUMMARY] abs_mean=0.6096 abs_p95=0.8444 abs_p99=0.9281 abs_max=1.1360 legs=0.6660 waist=0.5712 arms=0.5695
[FRAME_DIAG] frame0_abs=0.6096 frame1_abs=nan in_chunk_delta=nan cross_chunk_delta=0.3472
[UPDATE] 109/300 reward_step=0.04148 chunk=0.04148 done_frac=0.01649 mean_reward=2.42087 mean_len=59.09
[SFPO] loss=0.02675 policy_loss=-0.00374 value_loss=0.03049 ratio=0.9996 [0.177,4.304] clip=0.1925 kl=0.014349 grad=0.3626 grad_c=0.3395 lr=0.001000 critic_lr=0.001000
[ROLLOUT] live=24.00 survive=0.60596 per_step=0.04148 episode_projection=20.74
[POLICY_DETAIL] samples=196608 raw_samples=196608 mb=49152 micro_mb=8192 logp_delta_abs=0.12355 old_logp=-15.73551 new_logp=-15.75009 adv_abs=0.58806 sde_steps=4
[TRAIN] mean_reward=2.42087 mean_len=59.09 recent_eps=100 completed_eps=1002306
[UPDATE_EFFECT] action_delta=0.01361833 param_rms_delta=0.00179761
[TIME] collect=3.532s update=0.840s
[DONE] timeout=0.00000 anchor_pos=0.00354 anchor_ori=0.00049 ee_body=0.39282
[TRACK_ROLLOUT] anchor_pos=0.54926 anchor_ori=0.75493 body_pos=0.79572 body_ori=0.43618 body_lin=0.50296 body_ang=0.39007
[ACT_SUMMARY] abs_mean=0.6094 abs_p95=0.8464 abs_p99=0.9294 abs_max=1.1176 legs=0.6670 waist=0.5706 arms=0.5684
[FRAME_DIAG] frame0_abs=0.6094 frame1_abs=nan in_chunk_delta=nan cross_chunk_delta=0.3465
[UPDATE] 110/300 reward_step=0.04178 chunk=0.04178 done_frac=0.01628 mean_reward=2.13736 mean_len=53.43
[SFPO] loss=0.02651 policy_loss=-0.00382 value_loss=0.03034 ratio=0.9998 [0.185,5.610] clip=0.1951 kl=0.014387 grad=0.3730 grad_c=0.2761 lr=0.001000 critic_lr=0.001000
[ROLLOUT] live=24.00 survive=0.61108 per_step=0.04178 episode_projection=20.89
[POLICY_DETAIL] samples=196608 raw_samples=196608 mb=49152 micro_mb=8192 logp_delta_abs=0.12427 old_logp=-15.73271 new_logp=-15.74711 adv_abs=0.58911 sde_steps=4
[TRAIN] mean_reward=2.13736 mean_len=53.43 recent_eps=100 completed_eps=1005506
[UPDATE_EFFECT] action_delta=0.01371081 param_rms_delta=0.00179082
[TIME] collect=3.518s update=0.839s
[DONE] timeout=0.00000 anchor_pos=0.00366 anchor_ori=0.00012 ee_body=0.38782
[TRACK_ROLLOUT] anchor_pos=0.54629 anchor_ori=0.75549 body_pos=0.79838 body_ori=0.43926 body_lin=0.50661 body_ang=0.39375
[ACT_SUMMARY] abs_mean=0.6108 abs_p95=0.8507 abs_p99=0.9394 abs_max=1.1797 legs=0.6680 waist=0.5752 arms=0.5693
[FRAME_DIAG] frame0_abs=0.6108 frame1_abs=nan in_chunk_delta=nan cross_chunk_delta=0.3465
[UPDATE] 111/300 reward_step=0.04178 chunk=0.04178 done_frac=0.01623 mean_reward=2.38654 mean_len=57.19
[SFPO] loss=0.02682 policy_loss=-0.00452 value_loss=0.03134 ratio=0.9995 [0.179,4.866] clip=0.1843 kl=0.013570 grad=0.3490 grad_c=0.3211 lr=0.001000 critic_lr=0.001000
[ROLLOUT] live=24.00 survive=0.61218 per_step=0.04178 episode_projection=20.89
[POLICY_DETAIL] samples=196608 raw_samples=196608 mb=49152 micro_mb=8192 logp_delta_abs=0.12052 old_logp=-15.72971 new_logp=-15.74364 adv_abs=0.58588 sde_steps=4
[TRAIN] mean_reward=2.38654 mean_len=57.19 recent_eps=100 completed_eps=1008697
[UPDATE_EFFECT] action_delta=0.01315438 param_rms_delta=0.00180552
[TIME] collect=3.690s update=0.821s
[DONE] timeout=0.00000 anchor_pos=0.00354 anchor_ori=0.00000 ee_body=0.38647
[TRACK_ROLLOUT] anchor_pos=0.54495 anchor_ori=0.75406 body_pos=0.79924 body_ori=0.44104 body_lin=0.50585 body_ang=0.39199
[ACT_SUMMARY] abs_mean=0.6119 abs_p95=0.8477 abs_p99=0.9364 abs_max=1.1268 legs=0.6672 waist=0.5773 arms=0.5719
[FRAME_DIAG] frame0_abs=0.6119 frame1_abs=nan in_chunk_delta=nan cross_chunk_delta=0.3463
[UPDATE] 112/300 reward_step=0.04167 chunk=0.04167 done_frac=0.01609 mean_reward=2.30818 mean_len=56.41
[SFPO] loss=0.02676 policy_loss=-0.00381 value_loss=0.03056 ratio=0.9994 [0.182,4.506] clip=0.1946 kl=0.014515 grad=0.3711 grad_c=0.1651 lr=0.001000 critic_lr=0.001000
[ROLLOUT] live=24.00 survive=0.61438 per_step=0.04167 episode_projection=20.83
[POLICY_DETAIL] samples=196608 raw_samples=196608 mb=49152 micro_mb=8192 logp_delta_abs=0.12429 old_logp=-15.73557 new_logp=-15.75051 adv_abs=0.58231 sde_steps=4
[TRAIN] mean_reward=2.30818 mean_len=56.41 recent_eps=100 completed_eps=1011861
[UPDATE_EFFECT] action_delta=0.01408288 param_rms_delta=0.00178634
[TIME] collect=3.611s update=0.821s
[DONE] timeout=0.00000 anchor_pos=0.00330 anchor_ori=0.00037 ee_body=0.38440
[TRACK_ROLLOUT] anchor_pos=0.54311 anchor_ori=0.75561 body_pos=0.79924 body_ori=0.44206 body_lin=0.50201 body_ang=0.39043
[ACT_SUMMARY] abs_mean=0.6147 abs_p95=0.8484 abs_p99=0.9343 abs_max=1.1377 legs=0.6723 waist=0.5779 arms=0.5732
[FRAME_DIAG] frame0_abs=0.6147 frame1_abs=nan in_chunk_delta=nan cross_chunk_delta=0.3468
[UPDATE] 113/300 reward_step=0.04205 chunk=0.04205 done_frac=0.01566 mean_reward=2.80236 mean_len=64.96
[SFPO] loss=0.02507 policy_loss=-0.00504 value_loss=0.03011 ratio=0.9993 [0.184,4.448] clip=0.1871 kl=0.013916 grad=0.3364 grad_c=0.3386 lr=0.001000 critic_lr=0.001000
[ROLLOUT] live=24.00 survive=0.62524 per_step=0.04205 episode_projection=21.03
[POLICY_DETAIL] samples=196608 raw_samples=196608 mb=49152 micro_mb=8192 logp_delta_abs=0.12167 old_logp=-15.74201 new_logp=-15.75642 adv_abs=0.59170 sde_steps=4
[TRAIN] mean_reward=2.80236 mean_len=64.96 recent_eps=100 completed_eps=1014939
[UPDATE_EFFECT] action_delta=0.01457444 param_rms_delta=0.00180681
[TIME] collect=3.488s update=0.836s
[DONE] timeout=0.00000 anchor_pos=0.00403 anchor_ori=0.00049 ee_body=0.37305
[TRACK_ROLLOUT] anchor_pos=0.54669 anchor_ori=0.75694 body_pos=0.80354 body_ori=0.44477 body_lin=0.50714 body_ang=0.39410
[ACT_SUMMARY] abs_mean=0.6107 abs_p95=0.8438 abs_p99=0.9291 abs_max=1.1243 legs=0.6655 waist=0.5786 arms=0.5705
[FRAME_DIAG] frame0_abs=0.6107 frame1_abs=nan in_chunk_delta=nan cross_chunk_delta=0.3458
[UPDATE] 114/300 reward_step=0.04200 chunk=0.04200 done_frac=0.01569 mean_reward=2.61672 mean_len=62.02
[SFPO] loss=0.02504 policy_loss=-0.00462 value_loss=0.02966 ratio=0.9995 [0.172,5.342] clip=0.1883 kl=0.013975 grad=0.3476 grad_c=0.2381 lr=0.001000 critic_lr=0.001000
[ROLLOUT] live=24.00 survive=0.62378 per_step=0.04200 episode_projection=21.00
[POLICY_DETAIL] samples=196608 raw_samples=196608 mb=49152 micro_mb=8192 logp_delta_abs=0.12201 old_logp=-15.72851 new_logp=-15.74279 adv_abs=0.59180 sde_steps=4
[TRAIN] mean_reward=2.61672 mean_len=62.02 recent_eps=100 completed_eps=1018024
[UPDATE_EFFECT] action_delta=0.01313250 param_rms_delta=0.00179229
[TIME] collect=3.538s update=0.823s
[DONE] timeout=0.00000 anchor_pos=0.00183 anchor_ori=0.00012 ee_body=0.37561
[TRACK_ROLLOUT] anchor_pos=0.53722 anchor_ori=0.75734 body_pos=0.80231 body_ori=0.44229 body_lin=0.50796 body_ang=0.39496
[ACT_SUMMARY] abs_mean=0.6106 abs_p95=0.8395 abs_p99=0.9258 abs_max=1.1369 legs=0.6671 waist=0.5736 arms=0.5701
[FRAME_DIAG] frame0_abs=0.6106 frame1_abs=nan in_chunk_delta=nan cross_chunk_delta=0.3452
[UPDATE] 115/300 reward_step=0.04233 chunk=0.04233 done_frac=0.01525 mean_reward=2.79489 mean_len=65.91
[SFPO] loss=0.02765 policy_loss=-0.00440 value_loss=0.03205 ratio=0.9995 [0.133,3.929] clip=0.1899 kl=0.014028 grad=0.3531 grad_c=0.3456 lr=0.001000 critic_lr=0.001000
[ROLLOUT] live=24.00 survive=0.63440 per_step=0.04233 episode_projection=21.17
[POLICY_DETAIL] samples=196608 raw_samples=196608 mb=49152 micro_mb=8192 logp_delta_abs=0.12252 old_logp=-15.72592 new_logp=-15.74023 adv_abs=0.58844 sde_steps=4
[TRAIN] mean_reward=2.79489 mean_len=65.91 recent_eps=100 completed_eps=1021022
[UPDATE_EFFECT] action_delta=0.01298237 param_rms_delta=0.00178182
[TIME] collect=3.566s update=0.846s
[DONE] timeout=0.00000 anchor_pos=0.00403 anchor_ori=0.00012 ee_body=0.36462
[TRACK_ROLLOUT] anchor_pos=0.53468 anchor_ori=0.76359 body_pos=0.80446 body_ori=0.44670 body_lin=0.51353 body_ang=0.39773
[ACT_SUMMARY] abs_mean=0.6128 abs_p95=0.8477 abs_p99=0.9305 abs_max=1.1060 legs=0.6679 waist=0.5778 arms=0.5729
[FRAME_DIAG] frame0_abs=0.6128 frame1_abs=nan in_chunk_delta=nan cross_chunk_delta=0.3443
[UPDATE] 116/300 reward_step=0.04237 chunk=0.04237 done_frac=0.01510 mean_reward=2.58779 mean_len=61.45
[SFPO] loss=0.02726 policy_loss=-0.00409 value_loss=0.03135 ratio=0.9993 [0.152,4.963] clip=0.1910 kl=0.014213 grad=0.3635 grad_c=0.2375 lr=0.001000 critic_lr=0.001000
[ROLLOUT] live=24.00 survive=0.63953 per_step=0.04237 episode_projection=21.19
[POLICY_DETAIL] samples=196608 raw_samples=196608 mb=49152 micro_mb=8192 logp_delta_abs=0.12302 old_logp=-15.72990 new_logp=-15.74466 adv_abs=0.58582 sde_steps=4
[TRAIN] mean_reward=2.58779 mean_len=61.45 recent_eps=100 completed_eps=1023990
[UPDATE_EFFECT] action_delta=0.01331920 param_rms_delta=0.00178533
[TIME] collect=3.571s update=0.828s
[DONE] timeout=0.00000 anchor_pos=0.00281 anchor_ori=0.00000 ee_body=0.35986
[TRACK_ROLLOUT] anchor_pos=0.53616 anchor_ori=0.76253 body_pos=0.80482 body_ori=0.44836 body_lin=0.50953 body_ang=0.39811
[ACT_SUMMARY] abs_mean=0.6141 abs_p95=0.8481 abs_p99=0.9341 abs_max=1.1500 legs=0.6715 waist=0.5764 arms=0.5730
[FRAME_DIAG] frame0_abs=0.6141 frame1_abs=nan in_chunk_delta=nan cross_chunk_delta=0.3439
[UPDATE] 117/300 reward_step=0.04252 chunk=0.04252 done_frac=0.01493 mean_reward=2.75567 mean_len=64.28
[SFPO] loss=0.02642 policy_loss=-0.00440 value_loss=0.03081 ratio=0.9996 [0.135,5.008] clip=0.1899 kl=0.014122 grad=0.3524 grad_c=0.3009 lr=0.001000 critic_lr=0.001000
[ROLLOUT] live=24.00 survive=0.64307 per_step=0.04252 episode_projection=21.26
[POLICY_DETAIL] samples=196608 raw_samples=196608 mb=49152 micro_mb=8192 logp_delta_abs=0.12266 old_logp=-15.72691 new_logp=-15.74127 adv_abs=0.58867 sde_steps=4
[TRAIN] mean_reward=2.75567 mean_len=64.28 recent_eps=100 completed_eps=1026925
[UPDATE_EFFECT] action_delta=0.01292320 param_rms_delta=0.00178479
[TIME] collect=3.576s update=0.836s
[DONE] timeout=0.00000 anchor_pos=0.00342 anchor_ori=0.00000 ee_body=0.35632
[TRACK_ROLLOUT] anchor_pos=0.53703 anchor_ori=0.76194 body_pos=0.80560 body_ori=0.45039 body_lin=0.51232 body_ang=0.39692
[ACT_SUMMARY] abs_mean=0.6152 abs_p95=0.8495 abs_p99=0.9317 abs_max=1.1485 legs=0.6711 waist=0.5773 arms=0.5754
[FRAME_DIAG] frame0_abs=0.6152 frame1_abs=nan in_chunk_delta=nan cross_chunk_delta=0.3437
[UPDATE] 118/300 reward_step=0.04243 chunk=0.04243 done_frac=0.01461 mean_reward=2.93333 mean_len=67.93
[SFPO] loss=0.02825 policy_loss=-0.00463 value_loss=0.03287 ratio=0.9992 [0.116,4.434] clip=0.1819 kl=0.013568 grad=0.3350 grad_c=0.4044 lr=0.001000 critic_lr=0.001000
[ROLLOUT] live=24.00 survive=0.65051 per_step=0.04243 episode_projection=21.21
[POLICY_DETAIL] samples=196608 raw_samples=196608 mb=49152 micro_mb=8192 logp_delta_abs=0.11987 old_logp=-15.72706 new_logp=-15.74126 adv_abs=0.59260 sde_steps=4
[TRAIN] mean_reward=2.93333 mean_len=67.93 recent_eps=100 completed_eps=1029798
[UPDATE_EFFECT] action_delta=0.01337287 param_rms_delta=0.00179629
[TIME] collect=3.693s update=0.825s
[DONE] timeout=0.00000 anchor_pos=0.00281 anchor_ori=0.00012 ee_body=0.34875
[TRACK_ROLLOUT] anchor_pos=0.53324 anchor_ori=0.76517 body_pos=0.80420 body_ori=0.44904 body_lin=0.51196 body_ang=0.39771
[ACT_SUMMARY] abs_mean=0.6168 abs_p95=0.8519 abs_p99=0.9381 abs_max=1.1434 legs=0.6751 waist=0.5786 arms=0.5750
[FRAME_DIAG] frame0_abs=0.6168 frame1_abs=nan in_chunk_delta=nan cross_chunk_delta=0.3437
[UPDATE] 119/300 reward_step=0.04269 chunk=0.04269 done_frac=0.01436 mean_reward=3.07345 mean_len=72.09
[SFPO] loss=0.03241 policy_loss=-0.00431 value_loss=0.03671 ratio=0.9994 [0.182,4.517] clip=0.1878 kl=0.013963 grad=0.3465 grad_c=0.6201 lr=0.001000 critic_lr=0.001000
[ROLLOUT] live=24.00 survive=0.65625 per_step=0.04269 episode_projection=21.34
[POLICY_DETAIL] samples=196608 raw_samples=196608 mb=49152 micro_mb=8192 logp_delta_abs=0.12188 old_logp=-15.73566 new_logp=-15.75005 adv_abs=0.59219 sde_steps=4
[TRAIN] mean_reward=3.07345 mean_len=72.09 recent_eps=100 completed_eps=1032621
[UPDATE_EFFECT] action_delta=0.01416880 param_rms_delta=0.00177889
[TIME] collect=3.736s update=0.823s
[DONE] timeout=0.00000 anchor_pos=0.00488 anchor_ori=0.00000 ee_body=0.34253
[TRACK_ROLLOUT] anchor_pos=0.53248 anchor_ori=0.76720 body_pos=0.80733 body_ori=0.45420 body_lin=0.51621 body_ang=0.39935
[ACT_SUMMARY] abs_mean=0.6179 abs_p95=0.8535 abs_p99=0.9370 abs_max=1.1585 legs=0.6759 waist=0.5793 arms=0.5764
[FRAME_DIAG] frame0_abs=0.6179 frame1_abs=nan in_chunk_delta=nan cross_chunk_delta=0.3444
[UPDATE] 120/300 reward_step=0.04276 chunk=0.04276 done_frac=0.01381 mean_reward=2.63301 mean_len=63.60
[SFPO] loss=0.02908 policy_loss=-0.00456 value_loss=0.03365 ratio=0.9996 [0.211,4.104] clip=0.1868 kl=0.013772 grad=0.3465 grad_c=0.4653 lr=0.001000 critic_lr=0.001000
[ROLLOUT] live=24.00 survive=0.66895 per_step=0.04276 episode_projection=21.38
[POLICY_DETAIL] samples=196608 raw_samples=196608 mb=49152 micro_mb=8192 logp_delta_abs=0.12142 old_logp=-15.72739 new_logp=-15.74144 adv_abs=0.59436 sde_steps=4
[TRAIN] mean_reward=2.63301 mean_len=63.60 recent_eps=100 completed_eps=1035336
[UPDATE_EFFECT] action_delta=0.01282819 param_rms_delta=0.00177914
[TIME] collect=3.448s update=0.826s
[DONE] timeout=0.00000 anchor_pos=0.00342 anchor_ori=0.00024 ee_body=0.32959
[TRACK_ROLLOUT] anchor_pos=0.52193 anchor_ori=0.76750 body_pos=0.80868 body_ori=0.45774 body_lin=0.51659 body_ang=0.40019
[ACT_SUMMARY] abs_mean=0.6161 abs_p95=0.8488 abs_p99=0.9353 abs_max=1.1601 legs=0.6736 waist=0.5757 arms=0.5755
[FRAME_DIAG] frame0_abs=0.6161 frame1_abs=nan in_chunk_delta=nan cross_chunk_delta=0.3442
[UPDATE] 121/300 reward_step=0.04276 chunk=0.04276 done_frac=0.01366 mean_reward=2.95609 mean_len=69.69
[SFPO] loss=0.02997 policy_loss=-0.00455 value_loss=0.03452 ratio=0.9995 [0.107,4.086] clip=0.1853 kl=0.013803 grad=0.3361 grad_c=0.3172 lr=0.001000 critic_lr=0.001000
[ROLLOUT] live=24.00 survive=0.67273 per_step=0.04276 episode_projection=21.38
[POLICY_DETAIL] samples=196608 raw_samples=196608 mb=49152 micro_mb=8192 logp_delta_abs=0.12114 old_logp=-15.73574 new_logp=-15.74991 adv_abs=0.58972 sde_steps=4
[TRAIN] mean_reward=2.95609 mean_len=69.69 recent_eps=100 completed_eps=1038021
[UPDATE_EFFECT] action_delta=0.01293836 param_rms_delta=0.00177819
[TIME] collect=3.446s update=0.842s
[DONE] timeout=0.00000 anchor_pos=0.00317 anchor_ori=0.00024 ee_body=0.32617
[TRACK_ROLLOUT] anchor_pos=0.51792 anchor_ori=0.76828 body_pos=0.80799 body_ori=0.45735 body_lin=0.51682 body_ang=0.40138
[ACT_SUMMARY] abs_mean=0.6203 abs_p95=0.8532 abs_p99=0.9396 abs_max=1.1511 legs=0.6800 waist=0.5800 arms=0.5778
[FRAME_DIAG] frame0_abs=0.6203 frame1_abs=nan in_chunk_delta=nan cross_chunk_delta=0.3428
[UPDATE] 122/300 reward_step=0.04296 chunk=0.04296 done_frac=0.01325 mean_reward=2.70773 mean_len=64.79
[SFPO] loss=0.03413 policy_loss=-0.00415 value_loss=0.03828 ratio=0.9995 [0.169,6.049] clip=0.1953 kl=0.014788 grad=0.3459 grad_c=0.4075 lr=0.001000 critic_lr=0.001000
[ROLLOUT] live=24.00 survive=0.68225 per_step=0.04296 episode_projection=21.48
[POLICY_DETAIL] samples=196608 raw_samples=196608 mb=49152 micro_mb=8192 logp_delta_abs=0.12477 old_logp=-15.72388 new_logp=-15.73893 adv_abs=0.57718 sde_steps=4
[TRAIN] mean_reward=2.70773 mean_len=64.79 recent_eps=100 completed_eps=1040627
[UPDATE_EFFECT] action_delta=0.01382834 param_rms_delta=0.00177057
[TIME] collect=3.566s update=0.828s
[DONE] timeout=0.00000 anchor_pos=0.00439 anchor_ori=0.00037 ee_body=0.31641
[TRACK_ROLLOUT] anchor_pos=0.51841 anchor_ori=0.77266 body_pos=0.81007 body_ori=0.45952 body_lin=0.51875 body_ang=0.40257
[ACT_SUMMARY] abs_mean=0.6209 abs_p95=0.8539 abs_p99=0.9359 abs_max=1.1634 legs=0.6788 waist=0.5814 arms=0.5797
[FRAME_DIAG] frame0_abs=0.6209 frame1_abs=nan in_chunk_delta=nan cross_chunk_delta=0.3427
[UPDATE] 123/300 reward_step=0.04301 chunk=0.04301 done_frac=0.01334 mean_reward=3.07888 mean_len=71.96
[SFPO] loss=0.03148 policy_loss=-0.00439 value_loss=0.03587 ratio=0.9996 [0.140,4.777] clip=0.1879 kl=0.014219 grad=0.3393 grad_c=0.4097 lr=0.001000 critic_lr=0.001000
[ROLLOUT] live=24.00 survive=0.68030 per_step=0.04301 episode_projection=21.51
[POLICY_DETAIL] samples=196608 raw_samples=196608 mb=49152 micro_mb=8192 logp_delta_abs=0.12217 old_logp=-15.72769 new_logp=-15.74212 adv_abs=0.58815 sde_steps=4
[TRAIN] mean_reward=3.07888 mean_len=71.96 recent_eps=100 completed_eps=1043250
[UPDATE_EFFECT] action_delta=0.01374466 param_rms_delta=0.00177281
[TIME] collect=3.649s update=0.830s
[DONE] timeout=0.00000 anchor_pos=0.00354 anchor_ori=0.00061 ee_body=0.31824
[TRACK_ROLLOUT] anchor_pos=0.51675 anchor_ori=0.76905 body_pos=0.81186 body_ori=0.46283 body_lin=0.51912 body_ang=0.40406
[ACT_SUMMARY] abs_mean=0.6198 abs_p95=0.8526 abs_p99=0.9362 abs_max=1.1293 legs=0.6750 waist=0.5814 arms=0.5808
[FRAME_DIAG] frame0_abs=0.6198 frame1_abs=nan in_chunk_delta=nan cross_chunk_delta=0.3439
[UPDATE] 124/300 reward_step=0.04319 chunk=0.04319 done_frac=0.01283 mean_reward=2.80089 mean_len=67.10
[SFPO] loss=0.02981 policy_loss=-0.00434 value_loss=0.03416 ratio=0.9995 [0.160,5.830] clip=0.1940 kl=0.014387 grad=0.3672 grad_c=0.2246 lr=0.001000 critic_lr=0.001000
[ROLLOUT] live=24.00 survive=0.69263 per_step=0.04319 episode_projection=21.59
[POLICY_DETAIL] samples=196608 raw_samples=196608 mb=49152 micro_mb=8192 logp_delta_abs=0.12400 old_logp=-15.73525 new_logp=-15.74998 adv_abs=0.58808 sde_steps=4
[TRAIN] mean_reward=2.80089 mean_len=67.10 recent_eps=100 completed_eps=1045772
[UPDATE_EFFECT] action_delta=0.01333117 param_rms_delta=0.00176323
[TIME] collect=3.555s update=0.827s
[DONE] timeout=0.00000 anchor_pos=0.00330 anchor_ori=0.00012 ee_body=0.30652
[TRACK_ROLLOUT] anchor_pos=0.51644 anchor_ori=0.76785 body_pos=0.81234 body_ori=0.46892 body_lin=0.51669 body_ang=0.40333
[ACT_SUMMARY] abs_mean=0.6236 abs_p95=0.8534 abs_p99=0.9359 abs_max=1.2322 legs=0.6806 waist=0.5792 arms=0.5843
[FRAME_DIAG] frame0_abs=0.6236 frame1_abs=nan in_chunk_delta=nan cross_chunk_delta=0.3430
[UPDATE] 125/300 reward_step=0.04313 chunk=0.04313 done_frac=0.01311 mean_reward=3.18448 mean_len=73.75
[SFPO] loss=0.03335 policy_loss=-0.00427 value_loss=0.03762 ratio=0.9994 [0.115,5.432] clip=0.1931 kl=0.014439 grad=0.3571 grad_c=0.5118 lr=0.001000 critic_lr=0.001000
[ROLLOUT] live=24.00 survive=0.68579 per_step=0.04313 episode_projection=21.56
[POLICY_DETAIL] samples=196608 raw_samples=196608 mb=49152 micro_mb=8192 logp_delta_abs=0.12380 old_logp=-15.72892 new_logp=-15.74374 adv_abs=0.58407 sde_steps=4
[TRAIN] mean_reward=3.18448 mean_len=73.75 recent_eps=100 completed_eps=1048349
[UPDATE_EFFECT] action_delta=0.01313117 param_rms_delta=0.00175259
[TIME] collect=3.410s update=0.831s
[DONE] timeout=0.00000 anchor_pos=0.00452 anchor_ori=0.00037 ee_body=0.31323
[TRACK_ROLLOUT] anchor_pos=0.51553 anchor_ori=0.76761 body_pos=0.81032 body_ori=0.46890 body_lin=0.51963 body_ang=0.40434
[ACT_SUMMARY] abs_mean=0.6257 abs_p95=0.8520 abs_p99=0.9308 abs_max=1.1442 legs=0.6843 waist=0.5807 arms=0.5850
[FRAME_DIAG] frame0_abs=0.6257 frame1_abs=nan in_chunk_delta=nan cross_chunk_delta=0.3424
[UPDATE] 126/300 reward_step=0.04317 chunk=0.04317 done_frac=0.01277 mean_reward=3.74756 mean_len=85.54
[SFPO] loss=0.03158 policy_loss=-0.00432 value_loss=0.03590 ratio=0.9994 [0.152,4.753] clip=0.1937 kl=0.014470 grad=0.3627 grad_c=0.3131 lr=0.001000 critic_lr=0.001000
[ROLLOUT] live=24.00 survive=0.69360 per_step=0.04317 episode_projection=21.58
[POLICY_DETAIL] samples=196608 raw_samples=196608 mb=49152 micro_mb=8192 logp_delta_abs=0.12398 old_logp=-15.73064 new_logp=-15.74550 adv_abs=0.58123 sde_steps=4
[TRAIN] mean_reward=3.74756 mean_len=85.54 recent_eps=100 completed_eps=1050859
[UPDATE_EFFECT] action_delta=0.01339172 param_rms_delta=0.00175127
[TIME] collect=3.523s update=0.827s
[DONE] timeout=0.00000 anchor_pos=0.00403 anchor_ori=0.00037 ee_body=0.30518
[TRACK_ROLLOUT] anchor_pos=0.51825 anchor_ori=0.77262 body_pos=0.81156 body_ori=0.46726 body_lin=0.51879 body_ang=0.40471
[ACT_SUMMARY] abs_mean=0.6240 abs_p95=0.8485 abs_p99=0.9298 abs_max=1.1370 legs=0.6831 waist=0.5813 arms=0.5825
[FRAME_DIAG] frame0_abs=0.6240 frame1_abs=nan in_chunk_delta=nan cross_chunk_delta=0.3434
[UPDATE] 127/300 reward_step=0.04343 chunk=0.04343 done_frac=0.01279 mean_reward=3.13506 mean_len=73.46
[SFPO] loss=0.03069 policy_loss=-0.00451 value_loss=0.03520 ratio=0.9995 [0.147,4.409] clip=0.1919 kl=0.014330 grad=0.3496 grad_c=0.2394 lr=0.001000 critic_lr=0.001000
[ROLLOUT] live=24.00 survive=0.69348 per_step=0.04343 episode_projection=21.71
[POLICY_DETAIL] samples=196608 raw_samples=196608 mb=49152 micro_mb=8192 logp_delta_abs=0.12339 old_logp=-15.73263 new_logp=-15.74730 adv_abs=0.57781 sde_steps=4
[TRAIN] mean_reward=3.13506 mean_len=73.46 recent_eps=100 completed_eps=1053373
[UPDATE_EFFECT] action_delta=0.01295726 param_rms_delta=0.00175168
[TIME] collect=3.519s update=0.826s
[DONE] timeout=0.00000 anchor_pos=0.00317 anchor_ori=0.00098 ee_body=0.30481
[TRACK_ROLLOUT] anchor_pos=0.52009 anchor_ori=0.77329 body_pos=0.81457 body_ori=0.47317 body_lin=0.52038 body_ang=0.40566
[ACT_SUMMARY] abs_mean=0.6242 abs_p95=0.8484 abs_p99=0.9305 abs_max=1.1261 legs=0.6854 waist=0.5796 arms=0.5812
[FRAME_DIAG] frame0_abs=0.6242 frame1_abs=nan in_chunk_delta=nan cross_chunk_delta=0.3431
[UPDATE] 128/300 reward_step=0.04337 chunk=0.04337 done_frac=0.01243 mean_reward=3.70174 mean_len=84.63
[SFPO] loss=0.02989 policy_loss=-0.00452 value_loss=0.03441 ratio=0.9996 [0.171,4.933] clip=0.1893 kl=0.014257 grad=0.3404 grad_c=0.2847 lr=0.001000 critic_lr=0.001000
[ROLLOUT] live=24.00 survive=0.70227 per_step=0.04337 episode_projection=21.68
[POLICY_DETAIL] samples=196608 raw_samples=196608 mb=49152 micro_mb=8192 logp_delta_abs=0.12256 old_logp=-15.73091 new_logp=-15.74540 adv_abs=0.57547 sde_steps=4
[TRAIN] mean_reward=3.70174 mean_len=84.63 recent_eps=100 completed_eps=1055817
[UPDATE_EFFECT] action_delta=0.01272138 param_rms_delta=0.00175855
[TIME] collect=3.497s update=0.835s
[DONE] timeout=0.00000 anchor_pos=0.00305 anchor_ori=0.00024 ee_body=0.29663
[TRACK_ROLLOUT] anchor_pos=0.51788 anchor_ori=0.77538 body_pos=0.81488 body_ori=0.46988 body_lin=0.51981 body_ang=0.40654
[ACT_SUMMARY] abs_mean=0.6233 abs_p95=0.8462 abs_p99=0.9262 abs_max=1.2089 legs=0.6850 waist=0.5809 arms=0.5795
[FRAME_DIAG] frame0_abs=0.6233 frame1_abs=nan in_chunk_delta=nan cross_chunk_delta=0.3429
[UPDATE] 129/300 reward_step=0.04335 chunk=0.04335 done_frac=0.01274 mean_reward=3.25417 mean_len=75.31
[SFPO] loss=0.03184 policy_loss=-0.00441 value_loss=0.03625 ratio=0.9995 [0.148,6.961] clip=0.1949 kl=0.014857 grad=0.3445 grad_c=0.2984 lr=0.001000 critic_lr=0.001000
[ROLLOUT] live=24.00 survive=0.69495 per_step=0.04335 episode_projection=21.67
[POLICY_DETAIL] samples=196608 raw_samples=196608 mb=49152 micro_mb=8192 logp_delta_abs=0.12463 old_logp=-15.72451 new_logp=-15.73963 adv_abs=0.57155 sde_steps=4
[TRAIN] mean_reward=3.25417 mean_len=75.31 recent_eps=100 completed_eps=1058321
[UPDATE_EFFECT] action_delta=0.01423939 param_rms_delta=0.00175756
[TIME] collect=3.464s update=0.826s
[DONE] timeout=0.00000 anchor_pos=0.00366 anchor_ori=0.00061 ee_body=0.30347
[TRACK_ROLLOUT] anchor_pos=0.51731 anchor_ori=0.77456 body_pos=0.81550 body_ori=0.47131 body_lin=0.51795 body_ang=0.40382
[ACT_SUMMARY] abs_mean=0.6237 abs_p95=0.8480 abs_p99=0.9280 abs_max=1.2192 legs=0.6866 waist=0.5807 arms=0.5790
[FRAME_DIAG] frame0_abs=0.6237 frame1_abs=nan in_chunk_delta=nan cross_chunk_delta=0.3429
[UPDATE] 130/300 reward_step=0.04347 chunk=0.04347 done_frac=0.01231 mean_reward=3.49581 mean_len=80.76
[SFPO] loss=0.03832 policy_loss=-0.00397 value_loss=0.04229 ratio=0.9997 [0.200,4.846] clip=0.1981 kl=0.015089 grad=0.3561 grad_c=0.4994 lr=0.001000 critic_lr=0.001000
[ROLLOUT] live=24.00 survive=0.70520 per_step=0.04347 episode_projection=21.74
[POLICY_DETAIL] samples=196608 raw_samples=196608 mb=49152 micro_mb=8192 logp_delta_abs=0.12576 old_logp=-15.72318 new_logp=-15.73836 adv_abs=0.56650 sde_steps=4
[TRAIN] mean_reward=3.49581 mean_len=80.76 recent_eps=100 completed_eps=1060742
[UPDATE_EFFECT] action_delta=0.01428710 param_rms_delta=0.00175107
[TIME] collect=3.603s update=0.827s
[DONE] timeout=0.00000 anchor_pos=0.00305 anchor_ori=0.00037 ee_body=0.29395
[TRACK_ROLLOUT] anchor_pos=0.51632 anchor_ori=0.76929 body_pos=0.81720 body_ori=0.47466 body_lin=0.52020 body_ang=0.40665
[ACT_SUMMARY] abs_mean=0.6242 abs_p95=0.8529 abs_p99=0.9346 abs_max=1.1665 legs=0.6867 waist=0.5795 arms=0.5801
[FRAME_DIAG] frame0_abs=0.6242 frame1_abs=nan in_chunk_delta=nan cross_chunk_delta=0.3427
[UPDATE] 131/300 reward_step=0.04352 chunk=0.04352 done_frac=0.01252 mean_reward=3.43058 mean_len=79.99
[SFPO] loss=0.04010 policy_loss=-0.00420 value_loss=0.04430 ratio=0.9993 [0.068,5.030] clip=0.1941 kl=0.014655 grad=0.3629 grad_c=0.6480 lr=0.001000 critic_lr=0.001000
[ROLLOUT] live=24.00 survive=0.70007 per_step=0.04352 episode_projection=21.76
[POLICY_DETAIL] samples=196608 raw_samples=196608 mb=49152 micro_mb=8192 logp_delta_abs=0.12432 old_logp=-15.73020 new_logp=-15.74539 adv_abs=0.57667 sde_steps=4
[TRAIN] mean_reward=3.43058 mean_len=79.99 recent_eps=100 completed_eps=1063204
[UPDATE_EFFECT] action_delta=0.01381868 param_rms_delta=0.00174848
[TIME] collect=3.712s update=0.830s
[DONE] timeout=0.00000 anchor_pos=0.00366 anchor_ori=0.00037 ee_body=0.29895
[TRACK_ROLLOUT] anchor_pos=0.51294 anchor_ori=0.76810 body_pos=0.81827 body_ori=0.47955 body_lin=0.52239 body_ang=0.40952
[ACT_SUMMARY] abs_mean=0.6264 abs_p95=0.8532 abs_p99=0.9342 abs_max=1.1252 legs=0.6894 waist=0.5750 arms=0.5835
[FRAME_DIAG] frame0_abs=0.6264 frame1_abs=nan in_chunk_delta=nan cross_chunk_delta=0.3435
[UPDATE] 132/300 reward_step=0.04359 chunk=0.04359 done_frac=0.01207 mean_reward=3.31042 mean_len=77.56
[SFPO] loss=0.03674 policy_loss=-0.00456 value_loss=0.04130 ratio=0.9998 [0.167,6.495] clip=0.1894 kl=0.014268 grad=0.3402 grad_c=0.4885 lr=0.001000 critic_lr=0.001000
[ROLLOUT] live=24.00 survive=0.71033 per_step=0.04359 episode_projection=21.80
[POLICY_DETAIL] samples=196608 raw_samples=196608 mb=49152 micro_mb=8192 logp_delta_abs=0.12260 old_logp=-15.72843 new_logp=-15.74272 adv_abs=0.57162 sde_steps=4
[TRAIN] mean_reward=3.31042 mean_len=77.56 recent_eps=100 completed_eps=1065578
[UPDATE_EFFECT] action_delta=0.01379699 param_rms_delta=0.00174734
[TIME] collect=3.565s update=0.831s
[DONE] timeout=0.00000 anchor_pos=0.00427 anchor_ori=0.00012 ee_body=0.28918
[TRACK_ROLLOUT] anchor_pos=0.51225 anchor_ori=0.76468 body_pos=0.82064 body_ori=0.48423 body_lin=0.52347 body_ang=0.41058
[ACT_SUMMARY] abs_mean=0.6301 abs_p95=0.8567 abs_p99=0.9363 abs_max=1.1610 legs=0.6935 waist=0.5745 arms=0.5876
[FRAME_DIAG] frame0_abs=0.6301 frame1_abs=nan in_chunk_delta=nan cross_chunk_delta=0.3432
[UPDATE] 133/300 reward_step=0.04382 chunk=0.04382 done_frac=0.01165 mean_reward=3.39186 mean_len=78.99
[SFPO] loss=0.03585 policy_loss=-0.00466 value_loss=0.04051 ratio=0.9996 [0.151,4.984] clip=0.1868 kl=0.014153 grad=0.3332 grad_c=0.2901 lr=0.001000 critic_lr=0.001000
[ROLLOUT] live=24.00 survive=0.72070 per_step=0.04382 episode_projection=21.91
[POLICY_DETAIL] samples=196608 raw_samples=196608 mb=49152 micro_mb=8192 logp_delta_abs=0.12177 old_logp=-15.72850 new_logp=-15.74286 adv_abs=0.56553 sde_steps=4
[TRAIN] mean_reward=3.39186 mean_len=78.99 recent_eps=100 completed_eps=1067869
[UPDATE_EFFECT] action_delta=0.01323218 param_rms_delta=0.00174954
[TIME] collect=3.479s update=0.823s
[DONE] timeout=0.00000 anchor_pos=0.00317 anchor_ori=0.00024 ee_body=0.27844
[TRACK_ROLLOUT] anchor_pos=0.51162 anchor_ori=0.76581 body_pos=0.82145 body_ori=0.48733 body_lin=0.52811 body_ang=0.41489
[ACT_SUMMARY] abs_mean=0.6352 abs_p95=0.8656 abs_p99=0.9445 abs_max=1.2577 legs=0.7003 waist=0.5780 arms=0.5916
[FRAME_DIAG] frame0_abs=0.6352 frame1_abs=nan in_chunk_delta=nan cross_chunk_delta=0.3428
[UPDATE] 134/300 reward_step=0.04373 chunk=0.04373 done_frac=0.01160 mean_reward=3.70346 mean_len=85.91
[SFPO] loss=0.03788 policy_loss=-0.00456 value_loss=0.04244 ratio=0.9999 [0.175,4.893] clip=0.1907 kl=0.014527 grad=0.3286 grad_c=0.3454 lr=0.001000 critic_lr=0.001000
[ROLLOUT] live=24.00 survive=0.72205 per_step=0.04373 episode_projection=21.86
[POLICY_DETAIL] samples=196608 raw_samples=196608 mb=49152 micro_mb=8192 logp_delta_abs=0.12316 old_logp=-15.72887 new_logp=-15.74330 adv_abs=0.55714 sde_steps=4
[TRAIN] mean_reward=3.70346 mean_len=85.91 recent_eps=100 completed_eps=1070149
[UPDATE_EFFECT] action_delta=0.01333946 param_rms_delta=0.00174107
[TIME] collect=3.620s update=0.825s
[DONE] timeout=0.00000 anchor_pos=0.00452 anchor_ori=0.00012 ee_body=0.27759
[TRACK_ROLLOUT] anchor_pos=0.50826 anchor_ori=0.76195 body_pos=0.82041 body_ori=0.48806 body_lin=0.52894 body_ang=0.41584
[ACT_SUMMARY] abs_mean=0.6342 abs_p95=0.8626 abs_p99=0.9416 abs_max=1.1738 legs=0.6988 waist=0.5757 arms=0.5913
[FRAME_DIAG] frame0_abs=0.6342 frame1_abs=nan in_chunk_delta=nan cross_chunk_delta=0.3429
[UPDATE] 135/300 reward_step=0.04428 chunk=0.04428 done_frac=0.01108 mean_reward=4.05532 mean_len=91.40
[SFPO] loss=0.04210 policy_loss=-0.00448 value_loss=0.04658 ratio=0.9996 [0.116,5.441] clip=0.1898 kl=0.014401 grad=0.3345 grad_c=0.4381 lr=0.001000 critic_lr=0.001000
[ROLLOUT] live=24.00 survive=0.73438 per_step=0.04428 episode_projection=22.14
[POLICY_DETAIL] samples=196608 raw_samples=196608 mb=49152 micro_mb=8192 logp_delta_abs=0.12294 old_logp=-15.72723 new_logp=-15.74182 adv_abs=0.56117 sde_steps=4
[TRAIN] mean_reward=4.05532 mean_len=91.40 recent_eps=100 completed_eps=1072328
[UPDATE_EFFECT] action_delta=0.01312223 param_rms_delta=0.00174138
[TIME] collect=3.458s update=0.827s
[DONE] timeout=0.00000 anchor_pos=0.00415 anchor_ori=0.00037 ee_body=0.26501
[TRACK_ROLLOUT] anchor_pos=0.51922 anchor_ori=0.76834 body_pos=0.82516 body_ori=0.49480 body_lin=0.53449 body_ang=0.41720
[ACT_SUMMARY] abs_mean=0.6348 abs_p95=0.8623 abs_p99=0.9408 abs_max=1.1663 legs=0.6992 waist=0.5772 arms=0.5919
[FRAME_DIAG] frame0_abs=0.6348 frame1_abs=nan in_chunk_delta=nan cross_chunk_delta=0.3432
[UPDATE] 136/300 reward_step=0.04418 chunk=0.04418 done_frac=0.01095 mean_reward=3.78156 mean_len=88.51
[SFPO] loss=0.04050 policy_loss=-0.00466 value_loss=0.04517 ratio=0.9997 [0.135,5.465] clip=0.1914 kl=0.014366 grad=0.3321 grad_c=0.2420 lr=0.001000 critic_lr=0.001000
[ROLLOUT] live=24.00 survive=0.73792 per_step=0.04418 episode_projection=22.09
[POLICY_DETAIL] samples=196608 raw_samples=196608 mb=49152 micro_mb=8192 logp_delta_abs=0.12331 old_logp=-15.72617 new_logp=-15.74059 adv_abs=0.54586 sde_steps=4
[TRAIN] mean_reward=3.78156 mean_len=88.51 recent_eps=100 completed_eps=1074480
[UPDATE_EFFECT] action_delta=0.01292582 param_rms_delta=0.00173405
[TIME] collect=3.382s update=0.825s
[DONE] timeout=0.00000 anchor_pos=0.00464 anchor_ori=0.00024 ee_body=0.26099
[TRACK_ROLLOUT] anchor_pos=0.51137 anchor_ori=0.76984 body_pos=0.82254 body_ori=0.49395 body_lin=0.52868 body_ang=0.41604
[ACT_SUMMARY] abs_mean=0.6333 abs_p95=0.8605 abs_p99=0.9391 abs_max=1.1703 legs=0.6956 waist=0.5776 arms=0.5918
[FRAME_DIAG] frame0_abs=0.6333 frame1_abs=nan in_chunk_delta=nan cross_chunk_delta=0.3421
[UPDATE] 137/300 reward_step=0.04411 chunk=0.04411 done_frac=0.01113 mean_reward=3.51916 mean_len=82.37
[SFPO] loss=0.03995 policy_loss=-0.00464 value_loss=0.04459 ratio=0.9998 [0.068,5.647] clip=0.1915 kl=0.014545 grad=0.3266 grad_c=0.3752 lr=0.001000 critic_lr=0.001000
[ROLLOUT] live=24.00 survive=0.73352 per_step=0.04411 episode_projection=22.05
[POLICY_DETAIL] samples=196608 raw_samples=196608 mb=49152 micro_mb=8192 logp_delta_abs=0.12347 old_logp=-15.73841 new_logp=-15.75292 adv_abs=0.55548 sde_steps=4
[TRAIN] mean_reward=3.51916 mean_len=82.37 recent_eps=100 completed_eps=1076669
[UPDATE_EFFECT] action_delta=0.01343624 param_rms_delta=0.00173951
[TIME] collect=3.525s update=0.823s
[DONE] timeout=0.00000 anchor_pos=0.00574 anchor_ori=0.00024 ee_body=0.26526
[TRACK_ROLLOUT] anchor_pos=0.50780 anchor_ori=0.76914 body_pos=0.82233 body_ori=0.49525 body_lin=0.52665 body_ang=0.41632
[ACT_SUMMARY] abs_mean=0.6357 abs_p95=0.8657 abs_p99=0.9451 abs_max=1.1968 legs=0.7002 waist=0.5774 arms=0.5930
[FRAME_DIAG] frame0_abs=0.6357 frame1_abs=nan in_chunk_delta=nan cross_chunk_delta=0.3427
[UPDATE] 138/300 reward_step=0.04415 chunk=0.04415 done_frac=0.01111 mean_reward=3.96902 mean_len=90.56
[SFPO] loss=0.04024 policy_loss=-0.00429 value_loss=0.04453 ratio=0.9996 [0.059,5.404] clip=0.1974 kl=0.014936 grad=0.3565 grad_c=0.4392 lr=0.001000 critic_lr=0.001000
[ROLLOUT] live=24.00 survive=0.73352 per_step=0.04415 episode_projection=22.08
[POLICY_DETAIL] samples=196608 raw_samples=196608 mb=49152 micro_mb=8192 logp_delta_abs=0.12542 old_logp=-15.73106 new_logp=-15.74617 adv_abs=0.55655 sde_steps=4
[TRAIN] mean_reward=3.96902 mean_len=90.56 recent_eps=100 completed_eps=1078854
[UPDATE_EFFECT] action_delta=0.01415633 param_rms_delta=0.00173292
[TIME] collect=3.469s update=0.828s
[DONE] timeout=0.00000 anchor_pos=0.00513 anchor_ori=0.00049 ee_body=0.26514
[TRACK_ROLLOUT] anchor_pos=0.50792 anchor_ori=0.76627 body_pos=0.82492 body_ori=0.49914 body_lin=0.53322 body_ang=0.41901
[ACT_SUMMARY] abs_mean=0.6395 abs_p95=0.8692 abs_p99=0.9490 abs_max=1.1635 legs=0.7082 waist=0.5779 arms=0.5938
[FRAME_DIAG] frame0_abs=0.6395 frame1_abs=nan in_chunk_delta=nan cross_chunk_delta=0.3436
[UPDATE] 139/300 reward_step=0.04407 chunk=0.04407 done_frac=0.01065 mean_reward=4.32667 mean_len=97.50
[SFPO] loss=0.03934 policy_loss=-0.00473 value_loss=0.04407 ratio=0.9996 [0.125,5.180] clip=0.1924 kl=0.014625 grad=0.3326 grad_c=0.5534 lr=0.001000 critic_lr=0.001000
[ROLLOUT] live=24.00 survive=0.74463 per_step=0.04407 episode_projection=22.04
[POLICY_DETAIL] samples=196608 raw_samples=196608 mb=49152 micro_mb=8192 logp_delta_abs=0.12382 old_logp=-15.73365 new_logp=-15.74845 adv_abs=0.56217 sde_steps=4
[TRAIN] mean_reward=4.32667 mean_len=97.50 recent_eps=100 completed_eps=1080948
[UPDATE_EFFECT] action_delta=0.01325991 param_rms_delta=0.00173781
[TIME] collect=3.443s update=0.878s
[DONE] timeout=0.00000 anchor_pos=0.00500 anchor_ori=0.00037 ee_body=0.25403
[TRACK_ROLLOUT] anchor_pos=0.50887 anchor_ori=0.76185 body_pos=0.82479 body_ori=0.49750 body_lin=0.53282 body_ang=0.42051
[ACT_SUMMARY] abs_mean=0.6442 abs_p95=0.8761 abs_p99=0.9541 abs_max=1.2331 legs=0.7156 waist=0.5812 arms=0.5965
[FRAME_DIAG] frame0_abs=0.6442 frame1_abs=nan in_chunk_delta=nan cross_chunk_delta=0.3425
[UPDATE] 140/300 reward_step=0.04428 chunk=0.04428 done_frac=0.01056 mean_reward=4.06290 mean_len=91.44
[SFPO] loss=0.04177 policy_loss=-0.00423 value_loss=0.04601 ratio=0.9997 [0.164,5.449] clip=0.2004 kl=0.015429 grad=0.3523 grad_c=0.2511 lr=0.001000 critic_lr=0.001000
[ROLLOUT] live=24.00 survive=0.74707 per_step=0.04428 episode_projection=22.14
[POLICY_DETAIL] samples=196608 raw_samples=196608 mb=49152 micro_mb=8192 logp_delta_abs=0.12680 old_logp=-15.72646 new_logp=-15.74193 adv_abs=0.55296 sde_steps=4
[TRAIN] mean_reward=4.06290 mean_len=91.44 recent_eps=100 completed_eps=1083024
[UPDATE_EFFECT] action_delta=0.01340119 param_rms_delta=0.00173756
[TIME] collect=3.547s update=0.842s
[DONE] timeout=0.00000 anchor_pos=0.00647 anchor_ori=0.00037 ee_body=0.25146
[TRACK_ROLLOUT] anchor_pos=0.51277 anchor_ori=0.75945 body_pos=0.82545 body_ori=0.50032 body_lin=0.53395 body_ang=0.42351
[ACT_SUMMARY] abs_mean=0.6429 abs_p95=0.8767 abs_p99=0.9554 abs_max=1.1888 legs=0.7130 waist=0.5813 arms=0.5960
[FRAME_DIAG] frame0_abs=0.6429 frame1_abs=nan in_chunk_delta=nan cross_chunk_delta=0.3421
[UPDATE] 141/300 reward_step=0.04417 chunk=0.04417 done_frac=0.01046 mean_reward=4.29281 mean_len=96.89
[SFPO] loss=0.04240 policy_loss=-0.00426 value_loss=0.04667 ratio=0.9996 [0.112,5.103] clip=0.2034 kl=0.015727 grad=0.3761 grad_c=0.2212 lr=0.000667 critic_lr=0.000667
[ROLLOUT] live=24.00 survive=0.74927 per_step=0.04417 episode_projection=22.08
[POLICY_DETAIL] samples=196608 raw_samples=196608 mb=49152 micro_mb=8192 logp_delta_abs=0.12796 old_logp=-15.72717 new_logp=-15.74309 adv_abs=0.55901 sde_steps=4
[TRAIN] mean_reward=4.29281 mean_len=96.89 recent_eps=100 completed_eps=1085080
[UPDATE_EFFECT] action_delta=0.01305556 param_rms_delta=0.00168779
[TIME] collect=3.639s update=0.859s
[DONE] timeout=0.00000 anchor_pos=0.00696 anchor_ori=0.00024 ee_body=0.24939
[TRACK_ROLLOUT] anchor_pos=0.51341 anchor_ori=0.75377 body_pos=0.82432 body_ori=0.49944 body_lin=0.53390 body_ang=0.42329
[ACT_SUMMARY] abs_mean=0.6430 abs_p95=0.8790 abs_p99=0.9589 abs_max=1.2030 legs=0.7128 waist=0.5805 arms=0.5965
[FRAME_DIAG] frame0_abs=0.6430 frame1_abs=nan in_chunk_delta=nan cross_chunk_delta=0.3425
[UPDATE] 142/300 reward_step=0.04422 chunk=0.04422 done_frac=0.01042 mean_reward=3.40678 mean_len=80.27
[SFPO] loss=0.04454 policy_loss=-0.00397 value_loss=0.04851 ratio=0.9996 [0.095,4.708] clip=0.2073 kl=0.015942 grad=0.3770 grad_c=0.5304 lr=0.000667 critic_lr=0.000667
[ROLLOUT] live=24.00 survive=0.74988 per_step=0.04422 episode_projection=22.11
[POLICY_DETAIL] samples=196608 raw_samples=196608 mb=49152 micro_mb=8192 logp_delta_abs=0.12896 old_logp=-15.73239 new_logp=-15.74850 adv_abs=0.56159 sde_steps=4
[TRAIN] mean_reward=3.40678 mean_len=80.27 recent_eps=100 completed_eps=1087129
[UPDATE_EFFECT] action_delta=0.01344218 param_rms_delta=0.00170350
[TIME] collect=3.723s update=0.848s
[DONE] timeout=0.00000 anchor_pos=0.00732 anchor_ori=0.00024 ee_body=0.24854
[TRACK_ROLLOUT] anchor_pos=0.51216 anchor_ori=0.75317 body_pos=0.82453 body_ori=0.50020 body_lin=0.53799 body_ang=0.42607
[ACT_SUMMARY] abs_mean=0.6432 abs_p95=0.8761 abs_p99=0.9562 abs_max=1.2199 legs=0.7130 waist=0.5775 arms=0.5974
[FRAME_DIAG] frame0_abs=0.6432 frame1_abs=nan in_chunk_delta=nan cross_chunk_delta=0.3420
[UPDATE] 143/300 reward_step=0.04426 chunk=0.04426 done_frac=0.01052 mean_reward=3.94927 mean_len=90.77
[SFPO] loss=0.04058 policy_loss=-0.00497 value_loss=0.04554 ratio=0.9997 [0.204,5.982] clip=0.1557 kl=0.011855 grad=0.3019 grad_c=0.2285 lr=0.000667 critic_lr=0.000667
[ROLLOUT] live=24.00 survive=0.74805 per_step=0.04426 episode_projection=22.13
[POLICY_DETAIL] samples=196608 raw_samples=196608 mb=49152 micro_mb=8192 logp_delta_abs=0.11091 old_logp=-15.73512 new_logp=-15.74710 adv_abs=0.55369 sde_steps=4
[TRAIN] mean_reward=3.94927 mean_len=90.77 recent_eps=100 completed_eps=1089197
[UPDATE_EFFECT] action_delta=0.01159356 param_rms_delta=0.00127479
[TIME] collect=3.568s update=0.839s
[DONE] timeout=0.00000 anchor_pos=0.00830 anchor_ori=0.00024 ee_body=0.25073
[TRACK_ROLLOUT] anchor_pos=0.51044 anchor_ori=0.75805 body_pos=0.82525 body_ori=0.49963 body_lin=0.53350 body_ang=0.42468
[ACT_SUMMARY] abs_mean=0.6403 abs_p95=0.8678 abs_p99=0.9483 abs_max=1.2131 legs=0.7085 waist=0.5796 arms=0.5948
[FRAME_DIAG] frame0_abs=0.6403 frame1_abs=nan in_chunk_delta=nan cross_chunk_delta=0.3425
[UPDATE] 144/300 reward_step=0.04460 chunk=0.04460 done_frac=0.01013 mean_reward=4.54325 mean_len=101.83
[SFPO] loss=0.04322 policy_loss=-0.00463 value_loss=0.04785 ratio=0.9996 [0.070,7.545] clip=0.1967 kl=0.015305 grad=0.3553 grad_c=0.6585 lr=0.001000 critic_lr=0.001000
[ROLLOUT] live=24.00 survive=0.75732 per_step=0.04460 episode_projection=22.30
[POLICY_DETAIL] samples=196608 raw_samples=196608 mb=49152 micro_mb=8192 logp_delta_abs=0.12531 old_logp=-15.73092 new_logp=-15.74637 adv_abs=0.56580 sde_steps=4
[TRAIN] mean_reward=4.54325 mean_len=101.83 recent_eps=100 completed_eps=1091188
[UPDATE_EFFECT] action_delta=0.01275607 param_rms_delta=0.00177273
[TIME] collect=3.593s update=0.846s
[DONE] timeout=0.00000 anchor_pos=0.00745 anchor_ori=0.00012 ee_body=0.24121
[TRACK_ROLLOUT] anchor_pos=0.51221 anchor_ori=0.75936 body_pos=0.82922 body_ori=0.50439 body_lin=0.53725 body_ang=0.42850
[ACT_SUMMARY] abs_mean=0.6423 abs_p95=0.8705 abs_p99=0.9498 abs_max=1.1654 legs=0.7106 waist=0.5790 arms=0.5973
[FRAME_DIAG] frame0_abs=0.6423 frame1_abs=nan in_chunk_delta=nan cross_chunk_delta=0.3418
[UPDATE] 145/300 reward_step=0.04482 chunk=0.04482 done_frac=0.00951 mean_reward=4.05436 mean_len=92.61
[SFPO] loss=0.04330 policy_loss=-0.00458 value_loss=0.04788 ratio=0.9996 [0.099,5.331] clip=0.1979 kl=0.015336 grad=0.3435 grad_c=0.4948 lr=0.001000 critic_lr=0.001000
[ROLLOUT] live=24.00 survive=0.77209 per_step=0.04482 episode_projection=22.41
[POLICY_DETAIL] samples=196608 raw_samples=196608 mb=49152 micro_mb=8192 logp_delta_abs=0.12609 old_logp=-15.73451 new_logp=-15.75004 adv_abs=0.55476 sde_steps=4
[TRAIN] mean_reward=4.05436 mean_len=92.61 recent_eps=100 completed_eps=1093057
[UPDATE_EFFECT] action_delta=0.01348337 param_rms_delta=0.00174647
[TIME] collect=3.635s update=0.828s
[DONE] timeout=0.00000 anchor_pos=0.00842 anchor_ori=0.00061 ee_body=0.22559
[TRACK_ROLLOUT] anchor_pos=0.50624 anchor_ori=0.76215 body_pos=0.82972 body_ori=0.50458 body_lin=0.54188 body_ang=0.43265
[ACT_SUMMARY] abs_mean=0.6446 abs_p95=0.8688 abs_p99=0.9464 abs_max=1.1629 legs=0.7130 waist=0.5787 arms=0.6002
[FRAME_DIAG] frame0_abs=0.6446 frame1_abs=nan in_chunk_delta=nan cross_chunk_delta=0.3402
[UPDATE] 146/300 reward_step=0.04474 chunk=0.04474 done_frac=0.00940 mean_reward=4.35840 mean_len=97.86
[SFPO] loss=0.03949 policy_loss=-0.00461 value_loss=0.04410 ratio=0.9996 [0.097,7.036] clip=0.1991 kl=0.015418 grad=0.3388 grad_c=0.4102 lr=0.001000 critic_lr=0.001000
[ROLLOUT] live=24.00 survive=0.77478 per_step=0.04474 episode_projection=22.37
[POLICY_DETAIL] samples=196608 raw_samples=196608 mb=49152 micro_mb=8192 logp_delta_abs=0.12641 old_logp=-15.72791 new_logp=-15.74346 adv_abs=0.55017 sde_steps=4
[TRAIN] mean_reward=4.35840 mean_len=97.86 recent_eps=100 completed_eps=1094905
[UPDATE_EFFECT] action_delta=0.01317250 param_rms_delta=0.00174180
[TIME] collect=3.730s update=0.828s
[DONE] timeout=0.00000 anchor_pos=0.00891 anchor_ori=0.00049 ee_body=0.22278
[TRACK_ROLLOUT] anchor_pos=0.50127 anchor_ori=0.76256 body_pos=0.82748 body_ori=0.50297 body_lin=0.53731 body_ang=0.43174
[ACT_SUMMARY] abs_mean=0.6490 abs_p95=0.8784 abs_p99=0.9580 abs_max=1.1842 legs=0.7166 waist=0.5848 arms=0.6048
[FRAME_DIAG] frame0_abs=0.6490 frame1_abs=nan in_chunk_delta=nan cross_chunk_delta=0.3393
[UPDATE] 147/300 reward_step=0.04463 chunk=0.04463 done_frac=0.00984 mean_reward=3.98351 mean_len=91.36
[SFPO] loss=0.04087 policy_loss=-0.00452 value_loss=0.04539 ratio=0.9993 [0.124,5.214] clip=0.1856 kl=0.014347 grad=0.3442 grad_c=0.1860 lr=0.000667 critic_lr=0.000667
[ROLLOUT] live=24.00 survive=0.76416 per_step=0.04463 episode_projection=22.32
[POLICY_DETAIL] samples=196608 raw_samples=196608 mb=49152 micro_mb=8192 logp_delta_abs=0.12176 old_logp=-15.73060 new_logp=-15.74538 adv_abs=0.54336 sde_steps=4
[TRAIN] mean_reward=3.98351 mean_len=91.36 recent_eps=100 completed_eps=1096840
[UPDATE_EFFECT] action_delta=0.01166038 param_rms_delta=0.00138206
[TIME] collect=3.537s update=0.844s
[DONE] timeout=0.00000 anchor_pos=0.01160 anchor_ori=0.00000 ee_body=0.23315
[TRACK_ROLLOUT] anchor_pos=0.50206 anchor_ori=0.75911 body_pos=0.82324 body_ori=0.50311 body_lin=0.53550 body_ang=0.43007
[ACT_SUMMARY] abs_mean=0.6525 abs_p95=0.8827 abs_p99=0.9600 abs_max=1.2206 legs=0.7212 waist=0.5874 arms=0.6075
[FRAME_DIAG] frame0_abs=0.6525 frame1_abs=nan in_chunk_delta=nan cross_chunk_delta=0.3382
[UPDATE] 148/300 reward_step=0.04464 chunk=0.04464 done_frac=0.00979 mean_reward=4.04565 mean_len=91.62
[SFPO] loss=0.03813 policy_loss=-0.00439 value_loss=0.04252 ratio=0.9996 [0.039,5.574] clip=0.1992 kl=0.015581 grad=0.3618 grad_c=0.2004 lr=0.000667 critic_lr=0.000667
[ROLLOUT] live=24.00 survive=0.76526 per_step=0.04464 episode_projection=22.32
[POLICY_DETAIL] samples=196608 raw_samples=196608 mb=49152 micro_mb=8192 logp_delta_abs=0.12630 old_logp=-15.72905 new_logp=-15.74476 adv_abs=0.55241 sde_steps=4
[TRAIN] mean_reward=4.04565 mean_len=91.62 recent_eps=100 completed_eps=1098764
[UPDATE_EFFECT] action_delta=0.01209826 param_rms_delta=0.00153780
[TIME] collect=3.505s update=0.838s
[DONE] timeout=0.00000 anchor_pos=0.01172 anchor_ori=0.00012 ee_body=0.23242
[TRACK_ROLLOUT] anchor_pos=0.50455 anchor_ori=0.75571 body_pos=0.82214 body_ori=0.50357 body_lin=0.53801 body_ang=0.43302
[ACT_SUMMARY] abs_mean=0.6548 abs_p95=0.8820 abs_p99=0.9596 abs_max=1.2855 legs=0.7249 waist=0.5881 arms=0.6091
[FRAME_DIAG] frame0_abs=0.6548 frame1_abs=nan in_chunk_delta=nan cross_chunk_delta=0.3380
[UPDATE] 149/300 reward_step=0.04450 chunk=0.04450 done_frac=0.00956 mean_reward=4.52842 mean_len=99.94
[SFPO] loss=0.03946 policy_loss=-0.00531 value_loss=0.04478 ratio=0.9997 [0.125,4.744] clip=0.1535 kl=0.011690 grad=0.3033 grad_c=0.1885 lr=0.000667 critic_lr=0.000667
[ROLLOUT] live=24.00 survive=0.77063 per_step=0.04450 episode_projection=22.25
[POLICY_DETAIL] samples=196608 raw_samples=196608 mb=49152 micro_mb=8192 logp_delta_abs=0.11021 old_logp=-15.72642 new_logp=-15.73826 adv_abs=0.55139 sde_steps=4
[TRAIN] mean_reward=4.52842 mean_len=99.94 recent_eps=100 completed_eps=1100644
[UPDATE_EFFECT] action_delta=0.01175548 param_rms_delta=0.00128622
[TIME] collect=3.712s update=0.845s
[DONE] timeout=0.00000 anchor_pos=0.01099 anchor_ori=0.00024 ee_body=0.22632
[TRACK_ROLLOUT] anchor_pos=0.50432 anchor_ori=0.75366 body_pos=0.82058 body_ori=0.50250 body_lin=0.53776 body_ang=0.43372
[ACT_SUMMARY] abs_mean=0.6546 abs_p95=0.8835 abs_p99=0.9598 abs_max=1.1979 legs=0.7235 waist=0.5854 arms=0.6103
[FRAME_DIAG] frame0_abs=0.6546 frame1_abs=nan in_chunk_delta=nan cross_chunk_delta=0.3387
[UPDATE] 150/300 reward_step=0.04471 chunk=0.04471 done_frac=0.00965 mean_reward=4.13054 mean_len=94.24
[SFPO] loss=0.05042 policy_loss=-0.00488 value_loss=0.05531 ratio=0.9997 [0.125,6.630] clip=0.1752 kl=0.013745 grad=0.3215 grad_c=0.5401 lr=0.000667 critic_lr=0.000667
[ROLLOUT] live=24.00 survive=0.76892 per_step=0.04471 episode_projection=22.35
[POLICY_DETAIL] samples=196608 raw_samples=196608 mb=49152 micro_mb=8192 logp_delta_abs=0.11786 old_logp=-15.73392 new_logp=-15.74772 adv_abs=0.53593 sde_steps=4
[TRAIN] mean_reward=4.13054 mean_len=94.24 recent_eps=100 completed_eps=1102542
[UPDATE_EFFECT] action_delta=0.01225414 param_rms_delta=0.00139959
[TIME] collect=3.638s update=0.864s
[DONE] timeout=0.00000 anchor_pos=0.01440 anchor_ori=0.00024 ee_body=0.22644
[TRACK_ROLLOUT] anchor_pos=0.50328 anchor_ori=0.75201 body_pos=0.82394 body_ori=0.50909 body_lin=0.54157 body_ang=0.43790
[ACT_SUMMARY] abs_mean=0.6566 abs_p95=0.8868 abs_p99=0.9640 abs_max=1.2680 legs=0.7240 waist=0.5842 arms=0.6143
[FRAME_DIAG] frame0_abs=0.6566 frame1_abs=nan in_chunk_delta=nan cross_chunk_delta=0.3395
[UPDATE] 151/300 reward_step=0.04503 chunk=0.04503 done_frac=0.00916 mean_reward=4.47985 mean_len=101.83
[SFPO] loss=0.04618 policy_loss=-0.00442 value_loss=0.05061 ratio=0.9996 [0.154,6.153] clip=0.1825 kl=0.014107 grad=0.3539 grad_c=0.3602 lr=0.000667 critic_lr=0.000667
[ROLLOUT] live=24.00 survive=0.78052 per_step=0.04503 episode_projection=22.51
[POLICY_DETAIL] samples=196608 raw_samples=196608 mb=49152 micro_mb=8192 logp_delta_abs=0.12014 old_logp=-15.72029 new_logp=-15.73457 adv_abs=0.55420 sde_steps=4
[TRAIN] mean_reward=4.47985 mean_len=101.83 recent_eps=100 completed_eps=1104343
[UPDATE_EFFECT] action_delta=0.01151555 param_rms_delta=0.00139000
[TIME] collect=3.595s update=0.831s
[DONE] timeout=0.00012 anchor_pos=0.01221 anchor_ori=0.00049 ee_body=0.21594
[TRACK_ROLLOUT] anchor_pos=0.50775 anchor_ori=0.75353 body_pos=0.82872 body_ori=0.51643 body_lin=0.54776 body_ang=0.44056
[ACT_SUMMARY] abs_mean=0.6572 abs_p95=0.8825 abs_p99=0.9589 abs_max=1.2567 legs=0.7265 waist=0.5803 arms=0.6142
[FRAME_DIAG] frame0_abs=0.6572 frame1_abs=nan in_chunk_delta=nan cross_chunk_delta=0.3392
[UPDATE] 152/300 reward_step=0.04523 chunk=0.04523 done_frac=0.00885 mean_reward=4.53578 mean_len=101.90
[SFPO] loss=0.04662 policy_loss=-0.00486 value_loss=0.05148 ratio=0.9996 [0.137,5.320] clip=0.1783 kl=0.013788 grad=0.3404 grad_c=0.4522 lr=0.000667 critic_lr=0.000667
[ROLLOUT] live=24.00 survive=0.78796 per_step=0.04523 episode_projection=22.62
[POLICY_DETAIL] samples=196608 raw_samples=196608 mb=49152 micro_mb=8192 logp_delta_abs=0.11885 old_logp=-15.73480 new_logp=-15.74875 adv_abs=0.54687 sde_steps=4
[TRAIN] mean_reward=4.53578 mean_len=101.90 recent_eps=100 completed_eps=1106083
[UPDATE_EFFECT] action_delta=0.01105257 param_rms_delta=0.00140646
[TIME] collect=3.556s update=0.831s
[DONE] timeout=0.00000 anchor_pos=0.01062 anchor_ori=0.00037 ee_body=0.20837
[TRACK_ROLLOUT] anchor_pos=0.50741 anchor_ori=0.75395 body_pos=0.82825 body_ori=0.51754 body_lin=0.54874 body_ang=0.44122
[ACT_SUMMARY] abs_mean=0.6553 abs_p95=0.8819 abs_p99=0.9578 abs_max=1.1873 legs=0.7212 waist=0.5830 arms=0.6143
[FRAME_DIAG] frame0_abs=0.6553 frame1_abs=nan in_chunk_delta=nan cross_chunk_delta=0.3382
[UPDATE] 153/300 reward_step=0.04531 chunk=0.04531 done_frac=0.00892 mean_reward=4.06096 mean_len=92.69
[SFPO] loss=0.04708 policy_loss=-0.00487 value_loss=0.05195 ratio=0.9996 [0.109,5.964] clip=0.1962 kl=0.015416 grad=0.3501 grad_c=0.3120 lr=0.000667 critic_lr=0.000667
[ROLLOUT] live=24.00 survive=0.78601 per_step=0.04531 episode_projection=22.65
[POLICY_DETAIL] samples=196608 raw_samples=196608 mb=49152 micro_mb=8192 logp_delta_abs=0.12541 old_logp=-15.73235 new_logp=-15.74786 adv_abs=0.54274 sde_steps=4
[TRAIN] mean_reward=4.06096 mean_len=92.69 recent_eps=100 completed_eps=1107836
[UPDATE_EFFECT] action_delta=0.01232882 param_rms_delta=0.00154655
[TIME] collect=3.722s update=0.862s
[DONE] timeout=0.00012 anchor_pos=0.01379 anchor_ori=0.00037 ee_body=0.20947
[TRACK_ROLLOUT] anchor_pos=0.51178 anchor_ori=0.75458 body_pos=0.82702 body_ori=0.51675 body_lin=0.54438 body_ang=0.44033
[ACT_SUMMARY] abs_mean=0.6539 abs_p95=0.8801 abs_p99=0.9570 abs_max=1.1864 legs=0.7196 waist=0.5834 arms=0.6127
[FRAME_DIAG] frame0_abs=0.6539 frame1_abs=nan in_chunk_delta=nan cross_chunk_delta=0.3379
[UPDATE] 154/300 reward_step=0.04547 chunk=0.04547 done_frac=0.00861 mean_reward=5.67013 mean_len=122.68
[SFPO] loss=0.04830 policy_loss=-0.00431 value_loss=0.05261 ratio=0.9996 [0.151,9.322] clip=0.1855 kl=0.014476 grad=0.3782 grad_c=0.4510 lr=0.000667 critic_lr=0.000667
[ROLLOUT] live=24.00 survive=0.79358 per_step=0.04547 episode_projection=22.73
[POLICY_DETAIL] samples=196608 raw_samples=196608 mb=49152 micro_mb=8192 logp_delta_abs=0.12159 old_logp=-15.73011 new_logp=-15.74481 adv_abs=0.54275 sde_steps=4
[TRAIN] mean_reward=5.67013 mean_len=122.68 recent_eps=100 completed_eps=1109529
[UPDATE_EFFECT] action_delta=0.01179616 param_rms_delta=0.00136924
[TIME] collect=3.548s update=0.835s
[DONE] timeout=0.00000 anchor_pos=0.01501 anchor_ori=0.00037 ee_body=0.20044
[TRACK_ROLLOUT] anchor_pos=0.51519 anchor_ori=0.75081 body_pos=0.82877 body_ori=0.52046 body_lin=0.54740 body_ang=0.44315
[ACT_SUMMARY] abs_mean=0.6571 abs_p95=0.8834 abs_p99=0.9599 abs_max=1.2364 legs=0.7241 waist=0.5802 arms=0.6161
[FRAME_DIAG] frame0_abs=0.6571 frame1_abs=nan in_chunk_delta=nan cross_chunk_delta=0.3365
[UPDATE] 155/300 reward_step=0.04535 chunk=0.04535 done_frac=0.00859 mean_reward=4.56403 mean_len=101.54
[SFPO] loss=0.04675 policy_loss=-0.00488 value_loss=0.05163 ratio=0.9995 [0.131,4.169] clip=0.1581 kl=0.012113 grad=0.3386 grad_c=0.3399 lr=0.000667 critic_lr=0.000667
[ROLLOUT] live=24.00 survive=0.79407 per_step=0.04535 episode_projection=22.68
[POLICY_DETAIL] samples=196608 raw_samples=196608 mb=49152 micro_mb=8192 logp_delta_abs=0.11159 old_logp=-15.72520 new_logp=-15.73763 adv_abs=0.54773 sde_steps=4
[TRAIN] mean_reward=4.56403 mean_len=101.54 recent_eps=100 completed_eps=1111218
[UPDATE_EFFECT] action_delta=0.01149349 param_rms_delta=0.00127231
[TIME] collect=3.526s update=0.837s
[DONE] timeout=0.00024 anchor_pos=0.01404 anchor_ori=0.00073 ee_body=0.19958
[TRACK_ROLLOUT] anchor_pos=0.51353 anchor_ori=0.74915 body_pos=0.82827 body_ori=0.51893 body_lin=0.55059 body_ang=0.44466
[ACT_SUMMARY] abs_mean=0.6556 abs_p95=0.8849 abs_p99=0.9629 abs_max=1.2344 legs=0.7226 waist=0.5787 arms=0.6146
[FRAME_DIAG] frame0_abs=0.6556 frame1_abs=nan in_chunk_delta=nan cross_chunk_delta=0.3373
[UPDATE] 156/300 reward_step=0.04541 chunk=0.04541 done_frac=0.00862 mean_reward=4.68522 mean_len=103.62
[SFPO] loss=0.05800 policy_loss=-0.00401 value_loss=0.06201 ratio=0.9995 [0.088,6.161] clip=0.2018 kl=0.015958 grad=0.3879 grad_c=0.8328 lr=0.000667 critic_lr=0.000667
[ROLLOUT] live=24.00 survive=0.79346 per_step=0.04541 episode_projection=22.71
[POLICY_DETAIL] samples=196608 raw_samples=196608 mb=49152 micro_mb=8192 logp_delta_abs=0.12746 old_logp=-15.72866 new_logp=-15.74488 adv_abs=0.54767 sde_steps=4
[TRAIN] mean_reward=4.68522 mean_len=103.62 recent_eps=100 completed_eps=1112913
[UPDATE_EFFECT] action_delta=0.01341406 param_rms_delta=0.00165223
[TIME] collect=3.390s update=0.844s
[DONE] timeout=0.00037 anchor_pos=0.01770 anchor_ori=0.00024 ee_body=0.20154
[TRACK_ROLLOUT] anchor_pos=0.52092 anchor_ori=0.74913 body_pos=0.83123 body_ori=0.52205 body_lin=0.55049 body_ang=0.44338
[ACT_SUMMARY] abs_mean=0.6535 abs_p95=0.8820 abs_p99=0.9583 abs_max=1.2022 legs=0.7207 waist=0.5735 arms=0.6130
[FRAME_DIAG] frame0_abs=0.6535 frame1_abs=nan in_chunk_delta=nan cross_chunk_delta=0.3386
[UPDATE] 157/300 reward_step=0.04551 chunk=0.04551 done_frac=0.00807 mean_reward=5.23284 mean_len=116.35
[SFPO] loss=0.06125 policy_loss=-0.00512 value_loss=0.06637 ratio=0.9998 [0.138,4.936] clip=0.1522 kl=0.011643 grad=0.3216 grad_c=0.2974 lr=0.000667 critic_lr=0.000667
[ROLLOUT] live=24.00 survive=0.80640 per_step=0.04551 episode_projection=22.76
[POLICY_DETAIL] samples=196608 raw_samples=196608 mb=49152 micro_mb=8192 logp_delta_abs=0.10976 old_logp=-15.73874 new_logp=-15.75041 adv_abs=0.53668 sde_steps=4
[TRAIN] mean_reward=5.23284 mean_len=116.35 recent_eps=100 completed_eps=1114500
[UPDATE_EFFECT] action_delta=0.01162067 param_rms_delta=0.00125985
[TIME] collect=3.530s update=0.828s
[DONE] timeout=0.00000 anchor_pos=0.01562 anchor_ori=0.00012 ee_body=0.18860
[TRACK_ROLLOUT] anchor_pos=0.52337 anchor_ori=0.74211 body_pos=0.83316 body_ori=0.52851 body_lin=0.55520 body_ang=0.44640
[ACT_SUMMARY] abs_mean=0.6551 abs_p95=0.8854 abs_p99=0.9634 abs_max=1.2329 legs=0.7214 waist=0.5697 arms=0.6167
[FRAME_DIAG] frame0_abs=0.6551 frame1_abs=nan in_chunk_delta=nan cross_chunk_delta=0.3393
[UPDATE] 158/300 reward_step=0.04564 chunk=0.04564 done_frac=0.00781 mean_reward=4.74377 mean_len=107.26
[SFPO] loss=0.06637 policy_loss=-0.00537 value_loss=0.07174 ratio=0.9996 [0.143,4.020] clip=0.1471 kl=0.011132 grad=0.3187 grad_c=0.3298 lr=0.000667 critic_lr=0.000667
[ROLLOUT] live=24.00 survive=0.81311 per_step=0.04564 episode_projection=22.82
[POLICY_DETAIL] samples=196608 raw_samples=196608 mb=49152 micro_mb=8192 logp_delta_abs=0.10774 old_logp=-15.73036 new_logp=-15.74179 adv_abs=0.54056 sde_steps=4
[TRAIN] mean_reward=4.74377 mean_len=107.26 recent_eps=100 completed_eps=1116035
[UPDATE_EFFECT] action_delta=0.01188705 param_rms_delta=0.00128322
[TIME] collect=3.665s update=0.827s
[DONE] timeout=0.00037 anchor_pos=0.01245 anchor_ori=0.00037 ee_body=0.18250
[TRACK_ROLLOUT] anchor_pos=0.52301 anchor_ori=0.73760 body_pos=0.83497 body_ori=0.53391 body_lin=0.56344 body_ang=0.45173
[ACT_SUMMARY] abs_mean=0.6599 abs_p95=0.8923 abs_p99=0.9690 abs_max=1.1612 legs=0.7278 waist=0.5687 arms=0.6213
[FRAME_DIAG] frame0_abs=0.6599 frame1_abs=nan in_chunk_delta=nan cross_chunk_delta=0.3398
[UPDATE] 159/300 reward_step=0.04562 chunk=0.04562 done_frac=0.00750 mean_reward=4.92387 mean_len=108.35
[SFPO] loss=0.06621 policy_loss=-0.00357 value_loss=0.06978 ratio=0.9997 [0.138,6.697] clip=0.1856 kl=0.014674 grad=0.4155 grad_c=0.5309 lr=0.000667 critic_lr=0.000667
[ROLLOUT] live=24.00 survive=0.82019 per_step=0.04562 episode_projection=22.81
[POLICY_DETAIL] samples=196608 raw_samples=196608 mb=49152 micro_mb=8192 logp_delta_abs=0.12171 old_logp=-15.72246 new_logp=-15.73725 adv_abs=0.54470 sde_steps=4
[TRAIN] mean_reward=4.92387 mean_len=108.35 recent_eps=100 completed_eps=1117509
[UPDATE_EFFECT] action_delta=0.01249460 param_rms_delta=0.00136954
[TIME] collect=3.617s update=0.828s
[DONE] timeout=0.00049 anchor_pos=0.01245 anchor_ori=0.00049 ee_body=0.17493
[TRACK_ROLLOUT] anchor_pos=0.52224 anchor_ori=0.73402 body_pos=0.83672 body_ori=0.53592 body_lin=0.56322 body_ang=0.45052
[ACT_SUMMARY] abs_mean=0.6612 abs_p95=0.8945 abs_p99=0.9713 abs_max=1.2094 legs=0.7289 waist=0.5685 arms=0.6230
[FRAME_DIAG] frame0_abs=0.6612 frame1_abs=nan in_chunk_delta=nan cross_chunk_delta=0.3404
[UPDATE] 160/300 reward_step=0.04561 chunk=0.04561 done_frac=0.00746 mean_reward=5.17556 mean_len=112.74
[SFPO] loss=0.07709 policy_loss=-0.00504 value_loss=0.08212 ratio=0.9996 [0.189,4.988] clip=0.1506 kl=0.011452 grad=0.3222 grad_c=0.2976 lr=0.000667 critic_lr=0.000667
[ROLLOUT] live=24.00 survive=0.82117 per_step=0.04561 episode_projection=22.81
[POLICY_DETAIL] samples=196608 raw_samples=196608 mb=49152 micro_mb=8192 logp_delta_abs=0.10901 old_logp=-15.73023 new_logp=-15.74197 adv_abs=0.53045 sde_steps=4
[TRAIN] mean_reward=5.17556 mean_len=112.74 recent_eps=100 completed_eps=1118976
[UPDATE_EFFECT] action_delta=0.01146453 param_rms_delta=0.00125791
[TIME] collect=3.600s update=0.838s
[DONE] timeout=0.00049 anchor_pos=0.01062 anchor_ori=0.00024 ee_body=0.17468
[TRACK_ROLLOUT] anchor_pos=0.52248 anchor_ori=0.73321 body_pos=0.83857 body_ori=0.53828 body_lin=0.56269 body_ang=0.44876
[ACT_SUMMARY] abs_mean=0.6566 abs_p95=0.8878 abs_p99=0.9652 abs_max=1.2316 legs=0.7246 waist=0.5659 arms=0.6178
[FRAME_DIAG] frame0_abs=0.6566 frame1_abs=nan in_chunk_delta=nan cross_chunk_delta=0.3405
[UPDATE] 161/300 reward_step=0.04579 chunk=0.04579 done_frac=0.00707 mean_reward=5.13017 mean_len=114.70
[SFPO] loss=0.07611 policy_loss=-0.00377 value_loss=0.07988 ratio=0.9996 [0.095,6.744] clip=0.1981 kl=0.015561 grad=0.3863 grad_c=0.4798 lr=0.000667 critic_lr=0.000667
[ROLLOUT] live=24.00 survive=0.83044 per_step=0.04579 episode_projection=22.90
[POLICY_DETAIL] samples=196608 raw_samples=196608 mb=49152 micro_mb=8192 logp_delta_abs=0.12599 old_logp=-15.73018 new_logp=-15.74586 adv_abs=0.53593 sde_steps=4
[TRAIN] mean_reward=5.13017 mean_len=114.70 recent_eps=100 completed_eps=1120366
[UPDATE_EFFECT] action_delta=0.01287576 param_rms_delta=0.00162364
[TIME] collect=3.473s update=0.828s
[DONE] timeout=0.00061 anchor_pos=0.01013 anchor_ori=0.00049 ee_body=0.16528
[TRACK_ROLLOUT] anchor_pos=0.52289 anchor_ori=0.73457 body_pos=0.84026 body_ori=0.53809 body_lin=0.56244 body_ang=0.44913
[ACT_SUMMARY] abs_mean=0.6577 abs_p95=0.8880 abs_p99=0.9647 abs_max=1.2077 legs=0.7263 waist=0.5671 arms=0.6184
[FRAME_DIAG] frame0_abs=0.6577 frame1_abs=nan in_chunk_delta=nan cross_chunk_delta=0.3401
[UPDATE] 162/300 reward_step=0.04556 chunk=0.04556 done_frac=0.00710 mean_reward=5.11912 mean_len=116.12
[SFPO] loss=0.07558 policy_loss=-0.00440 value_loss=0.07998 ratio=0.9995 [0.146,5.450] clip=0.1649 kl=0.012741 grad=0.3622 grad_c=0.3835 lr=0.000667 critic_lr=0.000667
[ROLLOUT] live=24.00 survive=0.82971 per_step=0.04556 episode_projection=22.78
[POLICY_DETAIL] samples=196608 raw_samples=196608 mb=49152 micro_mb=8192 logp_delta_abs=0.11442 old_logp=-15.73549 new_logp=-15.74853 adv_abs=0.52837 sde_steps=4
[TRAIN] mean_reward=5.11912 mean_len=116.12 recent_eps=100 completed_eps=1121762
[UPDATE_EFFECT] action_delta=0.01137588 param_rms_delta=0.00124733
[TIME] collect=3.469s update=0.830s
[DONE] timeout=0.00049 anchor_pos=0.01062 anchor_ori=0.00024 ee_body=0.16479
[TRACK_ROLLOUT] anchor_pos=0.51958 anchor_ori=0.73480 body_pos=0.83900 body_ori=0.53810 body_lin=0.55461 body_ang=0.44442
[ACT_SUMMARY] abs_mean=0.6601 abs_p95=0.8892 abs_p99=0.9704 abs_max=1.2172 legs=0.7299 waist=0.5693 arms=0.6197
[FRAME_DIAG] frame0_abs=0.6601 frame1_abs=nan in_chunk_delta=nan cross_chunk_delta=0.3396
[UPDATE] 163/300 reward_step=0.04562 chunk=0.04562 done_frac=0.00731 mean_reward=5.86712 mean_len=128.44
[SFPO] loss=0.07349 policy_loss=-0.00444 value_loss=0.07793 ratio=0.9996 [0.083,7.340] clip=0.1607 kl=0.012401 grad=0.3599 grad_c=0.2561 lr=0.000667 critic_lr=0.000667
[ROLLOUT] live=24.00 survive=0.82495 per_step=0.04562 episode_projection=22.81
[POLICY_DETAIL] samples=196608 raw_samples=196608 mb=49152 micro_mb=8192 logp_delta_abs=0.11283 old_logp=-15.73493 new_logp=-15.74753 adv_abs=0.53257 sde_steps=4
[TRAIN] mean_reward=5.86712 mean_len=128.44 recent_eps=100 completed_eps=1123199
[UPDATE_EFFECT] action_delta=0.01134335 param_rms_delta=0.00126214
[TIME] collect=3.426s update=0.827s
[DONE] timeout=0.00037 anchor_pos=0.01416 anchor_ori=0.00049 ee_body=0.16907
[TRACK_ROLLOUT] anchor_pos=0.51805 anchor_ori=0.73464 body_pos=0.83758 body_ori=0.53858 body_lin=0.55801 body_ang=0.44670
[ACT_SUMMARY] abs_mean=0.6605 abs_p95=0.8904 abs_p99=0.9708 abs_max=1.2419 legs=0.7301 waist=0.5665 arms=0.6210
[FRAME_DIAG] frame0_abs=0.6605 frame1_abs=nan in_chunk_delta=nan cross_chunk_delta=0.3388
[UPDATE] 164/300 reward_step=0.04566 chunk=0.04566 done_frac=0.00705 mean_reward=6.00716 mean_len=133.49
[SFPO] loss=0.07528 policy_loss=-0.00456 value_loss=0.07984 ratio=0.9999 [0.160,5.770] clip=0.1582 kl=0.012181 grad=0.3606 grad_c=0.3641 lr=0.000667 critic_lr=0.000667
[ROLLOUT] live=24.00 survive=0.83081 per_step=0.04566 episode_projection=22.83
[POLICY_DETAIL] samples=196608 raw_samples=196608 mb=49152 micro_mb=8192 logp_delta_abs=0.11173 old_logp=-15.72921 new_logp=-15.74132 adv_abs=0.52946 sde_steps=4
[TRAIN] mean_reward=6.00716 mean_len=133.49 recent_eps=100 completed_eps=1124586
[UPDATE_EFFECT] action_delta=0.01161257 param_rms_delta=0.00126655
[TIME] collect=3.577s update=0.839s
[DONE] timeout=0.00122 anchor_pos=0.01477 anchor_ori=0.00024 ee_body=0.16248
[TRACK_ROLLOUT] anchor_pos=0.52109 anchor_ori=0.73622 body_pos=0.83617 body_ori=0.53821 body_lin=0.56347 body_ang=0.45108
[ACT_SUMMARY] abs_mean=0.6630 abs_p95=0.8948 abs_p99=0.9726 abs_max=1.3328 legs=0.7341 waist=0.5678 arms=0.6223
[FRAME_DIAG] frame0_abs=0.6630 frame1_abs=nan in_chunk_delta=nan cross_chunk_delta=0.3384
[UPDATE] 165/300 reward_step=0.04567 chunk=0.04567 done_frac=0.00686 mean_reward=6.06290 mean_len=132.88
[SFPO] loss=0.07934 policy_loss=-0.00503 value_loss=0.08437 ratio=0.9998 [0.139,7.624] clip=0.1506 kl=0.011560 grad=0.3084 grad_c=0.2668 lr=0.000667 critic_lr=0.000667
[ROLLOUT] live=24.00 survive=0.83545 per_step=0.04567 episode_projection=22.83
[POLICY_DETAIL] samples=196608 raw_samples=196608 mb=49152 micro_mb=8192 logp_delta_abs=0.10905 old_logp=-15.72581 new_logp=-15.73743 adv_abs=0.52718 sde_steps=4
[TRAIN] mean_reward=6.06290 mean_len=132.88 recent_eps=100 completed_eps=1125934
[UPDATE_EFFECT] action_delta=0.01089135 param_rms_delta=0.00126311
[TIME] collect=3.695s update=0.859s
[DONE] timeout=0.00098 anchor_pos=0.01672 anchor_ori=0.00012 ee_body=0.15698
[TRACK_ROLLOUT] anchor_pos=0.52206 anchor_ori=0.73854 body_pos=0.83605 body_ori=0.53831 body_lin=0.55994 body_ang=0.45101
[ACT_SUMMARY] abs_mean=0.6591 abs_p95=0.8861 abs_p99=0.9649 abs_max=1.2188 legs=0.7270 waist=0.5662 arms=0.6208
[FRAME_DIAG] frame0_abs=0.6591 frame1_abs=nan in_chunk_delta=nan cross_chunk_delta=0.3385
[UPDATE] 166/300 reward_step=0.04531 chunk=0.04531 done_frac=0.00718 mean_reward=6.07165 mean_len=135.36
[SFPO] loss=0.08294 policy_loss=-0.00452 value_loss=0.08745 ratio=0.9999 [0.111,5.387] clip=0.1762 kl=0.013685 grad=0.3570 grad_c=0.5411 lr=0.000667 critic_lr=0.000667
[ROLLOUT] live=24.00 survive=0.82764 per_step=0.04531 episode_projection=22.66
[POLICY_DETAIL] samples=196608 raw_samples=196608 mb=49152 micro_mb=8192 logp_delta_abs=0.11822 old_logp=-15.72824 new_logp=-15.74187 adv_abs=0.52872 sde_steps=4
[TRAIN] mean_reward=6.07165 mean_len=135.36 recent_eps=100 completed_eps=1127346
[UPDATE_EFFECT] action_delta=0.01173607 param_rms_delta=0.00136387
[TIME] collect=3.688s update=0.830s
[DONE] timeout=0.00085 anchor_pos=0.01685 anchor_ori=0.00012 ee_body=0.16431
[TRACK_ROLLOUT] anchor_pos=0.51736 anchor_ori=0.73433 body_pos=0.83404 body_ori=0.53613 body_lin=0.55527 body_ang=0.44792
[ACT_SUMMARY] abs_mean=0.6609 abs_p95=0.8941 abs_p99=0.9758 abs_max=1.2480 legs=0.7315 waist=0.5680 arms=0.6203
[FRAME_DIAG] frame0_abs=0.6609 frame1_abs=nan in_chunk_delta=nan cross_chunk_delta=0.3388
[UPDATE] 167/300 reward_step=0.04553 chunk=0.04553 done_frac=0.00688 mean_reward=6.53952 mean_len=143.57
[SFPO] loss=0.07915 policy_loss=-0.00447 value_loss=0.08362 ratio=0.9998 [0.051,7.009] clip=0.1784 kl=0.013735 grad=0.3441 grad_c=0.5364 lr=0.000667 critic_lr=0.000667
[ROLLOUT] live=24.00 survive=0.83508 per_step=0.04553 episode_projection=22.77
[POLICY_DETAIL] samples=196608 raw_samples=196608 mb=49152 micro_mb=8192 logp_delta_abs=0.11890 old_logp=-15.72763 new_logp=-15.74141 adv_abs=0.53014 sde_steps=4
[TRAIN] mean_reward=6.53952 mean_len=143.57 recent_eps=100 completed_eps=1128699
[UPDATE_EFFECT] action_delta=0.01214608 param_rms_delta=0.00135451
[TIME] collect=3.564s update=0.844s
[DONE] timeout=0.00122 anchor_pos=0.01562 anchor_ori=0.00049 ee_body=0.15442
[TRACK_ROLLOUT] anchor_pos=0.52138 anchor_ori=0.73303 body_pos=0.83416 body_ori=0.53778 body_lin=0.56220 body_ang=0.45345
[ACT_SUMMARY] abs_mean=0.6613 abs_p95=0.8911 abs_p99=0.9712 abs_max=1.2358 legs=0.7324 waist=0.5652 arms=0.6209
[FRAME_DIAG] frame0_abs=0.6613 frame1_abs=nan in_chunk_delta=nan cross_chunk_delta=0.3383
[UPDATE] 168/300 reward_step=0.04534 chunk=0.04534 done_frac=0.00710 mean_reward=6.21334 mean_len=136.42
[SFPO] loss=0.09528 policy_loss=-0.00438 value_loss=0.09965 ratio=0.9996 [0.098,7.993] clip=0.1868 kl=0.014634 grad=0.3645 grad_c=1.1816 lr=0.000667 critic_lr=0.000667
[ROLLOUT] live=24.00 survive=0.82959 per_step=0.04534 episode_projection=22.67
[POLICY_DETAIL] samples=196608 raw_samples=196608 mb=49152 micro_mb=8192 logp_delta_abs=0.12207 old_logp=-15.72801 new_logp=-15.74280 adv_abs=0.52285 sde_steps=4
[TRAIN] mean_reward=6.21334 mean_len=136.42 recent_eps=100 completed_eps=1130095
[UPDATE_EFFECT] action_delta=0.01196030 param_rms_delta=0.00136308
[TIME] collect=3.545s update=0.835s
[DONE] timeout=0.00134 anchor_pos=0.01929 anchor_ori=0.00110 ee_body=0.15820
[TRACK_ROLLOUT] anchor_pos=0.51936 anchor_ori=0.73250 body_pos=0.83390 body_ori=0.54223 body_lin=0.55758 body_ang=0.44988
[ACT_SUMMARY] abs_mean=0.6616 abs_p95=0.8925 abs_p99=0.9737 abs_max=1.2180 legs=0.7326 waist=0.5656 arms=0.6213
[FRAME_DIAG] frame0_abs=0.6616 frame1_abs=nan in_chunk_delta=nan cross_chunk_delta=0.3397
[UPDATE] 169/300 reward_step=0.04562 chunk=0.04562 done_frac=0.00700 mean_reward=6.20106 mean_len=140.52
[SFPO] loss=0.10557 policy_loss=-0.00507 value_loss=0.11065 ratio=0.9997 [0.095,6.676] clip=0.1551 kl=0.011893 grad=0.3196 grad_c=1.3913 lr=0.000667 critic_lr=0.000667
[ROLLOUT] live=24.00 survive=0.83215 per_step=0.04562 episode_projection=22.81
[POLICY_DETAIL] samples=196608 raw_samples=196608 mb=49152 micro_mb=8192 logp_delta_abs=0.11066 old_logp=-15.72298 new_logp=-15.73505 adv_abs=0.51654 sde_steps=4
[TRAIN] mean_reward=6.20106 mean_len=140.52 recent_eps=100 completed_eps=1131471
[UPDATE_EFFECT] action_delta=0.01148788 param_rms_delta=0.00124956
[TIME] collect=3.483s update=0.836s
[DONE] timeout=0.00256 anchor_pos=0.01636 anchor_ori=0.00098 ee_body=0.15637
[TRACK_ROLLOUT] anchor_pos=0.52313 anchor_ori=0.73332 body_pos=0.83654 body_ori=0.54303 body_lin=0.56234 body_ang=0.45406
[ACT_SUMMARY] abs_mean=0.6610 abs_p95=0.8894 abs_p99=0.9709 abs_max=1.2779 legs=0.7341 waist=0.5658 arms=0.6188
[FRAME_DIAG] frame0_abs=0.6610 frame1_abs=nan in_chunk_delta=nan cross_chunk_delta=0.3392
[UPDATE] 170/300 reward_step=0.04575 chunk=0.04575 done_frac=0.00660 mean_reward=6.18897 mean_len=134.55
[SFPO] loss=0.07919 policy_loss=-0.00424 value_loss=0.08343 ratio=0.9997 [0.101,5.995] clip=0.1874 kl=0.014628 grad=0.3667 grad_c=0.6231 lr=0.000667 critic_lr=0.000667
[ROLLOUT] live=24.00 survive=0.84155 per_step=0.04575 episode_projection=22.88
[POLICY_DETAIL] samples=196608 raw_samples=196608 mb=49152 micro_mb=8192 logp_delta_abs=0.12214 old_logp=-15.72490 new_logp=-15.73965 adv_abs=0.52422 sde_steps=4
[TRAIN] mean_reward=6.18897 mean_len=134.55 recent_eps=100 completed_eps=1132769
[UPDATE_EFFECT] action_delta=0.01106382 param_rms_delta=0.00138005
[TIME] collect=3.525s update=0.826s
[DONE] timeout=0.00317 anchor_pos=0.01746 anchor_ori=0.00049 ee_body=0.14697
[TRACK_ROLLOUT] anchor_pos=0.52455 anchor_ori=0.73413 body_pos=0.83639 body_ori=0.54278 body_lin=0.56446 body_ang=0.45556
[ACT_SUMMARY] abs_mean=0.6600 abs_p95=0.8924 abs_p99=0.9771 abs_max=1.2432 legs=0.7330 waist=0.5639 arms=0.6180
[FRAME_DIAG] frame0_abs=0.6600 frame1_abs=nan in_chunk_delta=nan cross_chunk_delta=0.3390
[UPDATE] 171/300 reward_step=0.04581 chunk=0.04581 done_frac=0.00683 mean_reward=6.28801 mean_len=136.84
[SFPO] loss=0.07772 policy_loss=-0.00466 value_loss=0.08237 ratio=0.9998 [0.094,8.644] clip=0.1779 kl=0.013684 grad=0.3565 grad_c=0.4708 lr=0.000667 critic_lr=0.000667
[ROLLOUT] live=24.00 survive=0.83630 per_step=0.04581 episode_projection=22.91
[POLICY_DETAIL] samples=196608 raw_samples=196608 mb=49152 micro_mb=8192 logp_delta_abs=0.11858 old_logp=-15.72676 new_logp=-15.74047 adv_abs=0.51740 sde_steps=4
[TRAIN] mean_reward=6.28801 mean_len=136.84 recent_eps=100 completed_eps=1134111
[UPDATE_EFFECT] action_delta=0.01144754 param_rms_delta=0.00133283
[TIME] collect=3.582s update=0.841s
[DONE] timeout=0.00342 anchor_pos=0.01917 anchor_ori=0.00134 ee_body=0.15039
[TRACK_ROLLOUT] anchor_pos=0.52431 anchor_ori=0.73021 body_pos=0.83703 body_ori=0.54653 body_lin=0.56797 body_ang=0.45874
[ACT_SUMMARY] abs_mean=0.6614 abs_p95=0.8929 abs_p99=0.9727 abs_max=1.2267 legs=0.7370 waist=0.5615 arms=0.6180
[FRAME_DIAG] frame0_abs=0.6614 frame1_abs=nan in_chunk_delta=nan cross_chunk_delta=0.3396
[UPDATE] 172/300 reward_step=0.04577 chunk=0.04577 done_frac=0.00644 mean_reward=6.09416 mean_len=135.38
[SFPO] loss=0.08760 policy_loss=-0.00418 value_loss=0.09178 ratio=0.9996 [0.097,6.952] clip=0.1979 kl=0.015629 grad=0.3772 grad_c=0.3137 lr=0.000667 critic_lr=0.000667
[ROLLOUT] live=24.00 survive=0.84558 per_step=0.04577 episode_projection=22.88
[POLICY_DETAIL] samples=196608 raw_samples=196608 mb=49152 micro_mb=8192 logp_delta_abs=0.12621 old_logp=-15.73015 new_logp=-15.74588 adv_abs=0.51621 sde_steps=4
[TRAIN] mean_reward=6.09416 mean_len=135.38 recent_eps=100 completed_eps=1135377
[UPDATE_EFFECT] action_delta=0.01251904 param_rms_delta=0.00149954
[TIME] collect=3.578s update=0.838s
[DONE] timeout=0.00378 anchor_pos=0.01562 anchor_ori=0.00122 ee_body=0.14258
[TRACK_ROLLOUT] anchor_pos=0.52639 anchor_ori=0.72698 body_pos=0.84086 body_ori=0.54915 body_lin=0.56749 body_ang=0.45589
[ACT_SUMMARY] abs_mean=0.6622 abs_p95=0.8960 abs_p99=0.9793 abs_max=1.2648 legs=0.7389 waist=0.5639 arms=0.6175
[FRAME_DIAG] frame0_abs=0.6622 frame1_abs=nan in_chunk_delta=nan cross_chunk_delta=0.3405
[UPDATE] 173/300 reward_step=0.04552 chunk=0.04552 done_frac=0.00625 mean_reward=5.24982 mean_len=117.69
[SFPO] loss=0.08785 policy_loss=-0.00470 value_loss=0.09254 ratio=0.9998 [0.137,5.783] clip=0.1602 kl=0.012242 grad=0.3352 grad_c=0.2935 lr=0.000667 critic_lr=0.000667
[ROLLOUT] live=24.00 survive=0.85022 per_step=0.04552 episode_projection=22.76
[POLICY_DETAIL] samples=196608 raw_samples=196608 mb=49152 micro_mb=8192 logp_delta_abs=0.11252 old_logp=-15.73580 new_logp=-15.74813 adv_abs=0.51320 sde_steps=4
[TRAIN] mean_reward=5.24982 mean_len=117.69 recent_eps=100 completed_eps=1136606
[UPDATE_EFFECT] action_delta=0.01082621 param_rms_delta=0.00124091
[TIME] collect=3.553s update=0.843s
[DONE] timeout=0.00378 anchor_pos=0.01562 anchor_ori=0.00110 ee_body=0.13770
[TRACK_ROLLOUT] anchor_pos=0.52051 anchor_ori=0.72354 body_pos=0.83861 body_ori=0.54564 body_lin=0.56486 body_ang=0.45493
[ACT_SUMMARY] abs_mean=0.6604 abs_p95=0.8932 abs_p99=0.9769 abs_max=1.2524 legs=0.7347 waist=0.5636 arms=0.6175
[FRAME_DIAG] frame0_abs=0.6604 frame1_abs=nan in_chunk_delta=nan cross_chunk_delta=0.3401
[UPDATE] 174/300 reward_step=0.04562 chunk=0.04562 done_frac=0.00624 mean_reward=7.57327 mean_len=165.20
[SFPO] loss=0.09391 policy_loss=-0.00520 value_loss=0.09911 ratio=0.9999 [0.107,6.057] clip=0.1518 kl=0.011577 grad=0.3072 grad_c=0.3065 lr=0.000667 critic_lr=0.000667
[ROLLOUT] live=24.00 survive=0.85046 per_step=0.04562 episode_projection=22.81
[POLICY_DETAIL] samples=196608 raw_samples=196608 mb=49152 micro_mb=8192 logp_delta_abs=0.10949 old_logp=-15.73555 new_logp=-15.74705 adv_abs=0.50622 sde_steps=4
[TRAIN] mean_reward=7.57327 mean_len=165.20 recent_eps=100 completed_eps=1137832
[UPDATE_EFFECT] action_delta=0.01105084 param_rms_delta=0.00125531
[TIME] collect=3.554s update=0.836s
[DONE] timeout=0.00354 anchor_pos=0.01807 anchor_ori=0.00073 ee_body=0.13721
[TRACK_ROLLOUT] anchor_pos=0.52332 anchor_ori=0.72342 body_pos=0.83856 body_ori=0.54549 body_lin=0.56900 body_ang=0.45746
[ACT_SUMMARY] abs_mean=0.6624 abs_p95=0.8965 abs_p99=0.9826 abs_max=1.2344 legs=0.7375 waist=0.5669 arms=0.6185
[FRAME_DIAG] frame0_abs=0.6624 frame1_abs=nan in_chunk_delta=nan cross_chunk_delta=0.3402
[UPDATE] 175/300 reward_step=0.04568 chunk=0.04568 done_frac=0.00639 mean_reward=5.76846 mean_len=126.49
[SFPO] loss=0.08754 policy_loss=-0.00449 value_loss=0.09202 ratio=0.9999 [0.080,6.716] clip=0.1990 kl=0.015550 grad=0.3506 grad_c=0.5604 lr=0.001000 critic_lr=0.001000
[ROLLOUT] live=24.00 survive=0.84705 per_step=0.04568 episode_projection=22.84
[POLICY_DETAIL] samples=196608 raw_samples=196608 mb=49152 micro_mb=8192 logp_delta_abs=0.12602 old_logp=-15.72449 new_logp=-15.73991 adv_abs=0.51128 sde_steps=4
[TRAIN] mean_reward=5.76846 mean_len=126.49 recent_eps=100 completed_eps=1139088
[UPDATE_EFFECT] action_delta=0.01423171 param_rms_delta=0.00169608
[TIME] collect=3.647s update=0.839s
[DONE] timeout=0.00403 anchor_pos=0.01575 anchor_ori=0.00012 ee_body=0.14026
[TRACK_ROLLOUT] anchor_pos=0.52401 anchor_ori=0.72529 body_pos=0.83916 body_ori=0.54617 body_lin=0.56805 body_ang=0.45620
[ACT_SUMMARY] abs_mean=0.6613 abs_p95=0.8975 abs_p99=0.9827 abs_max=1.2497 legs=0.7361 waist=0.5647 arms=0.6179
[FRAME_DIAG] frame0_abs=0.6613 frame1_abs=nan in_chunk_delta=nan cross_chunk_delta=0.3404
[UPDATE] 176/300 reward_step=0.04541 chunk=0.04541 done_frac=0.00638 mean_reward=6.60247 mean_len=147.61
[SFPO] loss=0.08764 policy_loss=-0.00484 value_loss=0.09248 ratio=0.9998 [0.089,6.007] clip=0.1921 kl=0.014942 grad=0.3468 grad_c=0.6172 lr=0.000667 critic_lr=0.000667
[ROLLOUT] live=24.00 survive=0.84705 per_step=0.04541 episode_projection=22.71
[POLICY_DETAIL] samples=196608 raw_samples=196608 mb=49152 micro_mb=8192 logp_delta_abs=0.12419 old_logp=-15.73652 new_logp=-15.75140 adv_abs=0.50706 sde_steps=4
[TRAIN] mean_reward=6.60247 mean_len=147.61 recent_eps=100 completed_eps=1140342
[UPDATE_EFFECT] action_delta=0.01207396 param_rms_delta=0.00145324
[TIME] collect=3.681s update=0.837s
[DONE] timeout=0.00549 anchor_pos=0.01819 anchor_ori=0.00049 ee_body=0.13794
[TRACK_ROLLOUT] anchor_pos=0.52170 anchor_ori=0.72481 body_pos=0.84015 body_ori=0.54794 body_lin=0.56300 body_ang=0.45362
[ACT_SUMMARY] abs_mean=0.6609 abs_p95=0.8963 abs_p99=0.9830 abs_max=1.2475 legs=0.7344 waist=0.5641 arms=0.6186
[FRAME_DIAG] frame0_abs=0.6609 frame1_abs=nan in_chunk_delta=nan cross_chunk_delta=0.3408
[UPDATE] 177/300 reward_step=0.04551 chunk=0.04551 done_frac=0.00606 mean_reward=7.67426 mean_len=165.25
[SFPO] loss=0.09066 policy_loss=-0.00427 value_loss=0.09493 ratio=0.9997 [0.084,7.321] clip=0.1896 kl=0.014921 grad=0.3582 grad_c=0.4282 lr=0.000667 critic_lr=0.000667
[ROLLOUT] live=24.00 survive=0.85474 per_step=0.04551 episode_projection=22.75
[POLICY_DETAIL] samples=196608 raw_samples=196608 mb=49152 micro_mb=8192 logp_delta_abs=0.12303 old_logp=-15.72767 new_logp=-15.74269 adv_abs=0.50849 sde_steps=4
[TRAIN] mean_reward=7.67426 mean_len=165.25 recent_eps=100 completed_eps=1141534
[UPDATE_EFFECT] action_delta=0.01141236 param_rms_delta=0.00140695
[TIME] collect=3.428s update=0.836s
[DONE] timeout=0.00635 anchor_pos=0.01880 anchor_ori=0.00085 ee_body=0.12903
[TRACK_ROLLOUT] anchor_pos=0.52180 anchor_ori=0.71881 body_pos=0.83929 body_ori=0.54961 body_lin=0.56835 body_ang=0.45711
[ACT_SUMMARY] abs_mean=0.6621 abs_p95=0.8959 abs_p99=0.9826 abs_max=1.2835 legs=0.7353 waist=0.5624 arms=0.6207
[FRAME_DIAG] frame0_abs=0.6621 frame1_abs=nan in_chunk_delta=nan cross_chunk_delta=0.3403
[UPDATE] 178/300 reward_step=0.04548 chunk=0.04548 done_frac=0.00591 mean_reward=6.06917 mean_len=132.93
[SFPO] loss=0.08698 policy_loss=-0.00458 value_loss=0.09157 ratio=0.9999 [0.120,5.970] clip=0.1838 kl=0.014385 grad=0.3464 grad_c=0.5432 lr=0.000667 critic_lr=0.000667
[ROLLOUT] live=24.00 survive=0.85828 per_step=0.04548 episode_projection=22.74
[POLICY_DETAIL] samples=196608 raw_samples=196608 mb=49152 micro_mb=8192 logp_delta_abs=0.12074 old_logp=-15.73382 new_logp=-15.74812 adv_abs=0.50457 sde_steps=4
[TRAIN] mean_reward=6.06917 mean_len=132.93 recent_eps=100 completed_eps=1142695
[UPDATE_EFFECT] action_delta=0.01224959 param_rms_delta=0.00138446
[TIME] collect=3.376s update=0.833s
[DONE] timeout=0.00659 anchor_pos=0.01978 anchor_ori=0.00134 ee_body=0.12427
[TRACK_ROLLOUT] anchor_pos=0.52507 anchor_ori=0.71331 body_pos=0.83861 body_ori=0.54828 body_lin=0.57253 body_ang=0.46035
[ACT_SUMMARY] abs_mean=0.6645 abs_p95=0.8981 abs_p99=0.9839 abs_max=1.2684 legs=0.7387 waist=0.5616 arms=0.6229
[FRAME_DIAG] frame0_abs=0.6645 frame1_abs=nan in_chunk_delta=nan cross_chunk_delta=0.3404
[UPDATE] 179/300 reward_step=0.04556 chunk=0.04556 done_frac=0.00639 mean_reward=7.59266 mean_len=166.59
[SFPO] loss=0.08517 policy_loss=-0.00453 value_loss=0.08970 ratio=0.9996 [0.073,15.989] clip=0.1916 kl=0.015065 grad=0.3508 grad_c=0.4645 lr=0.000667 critic_lr=0.000667
[ROLLOUT] live=24.00 survive=0.84668 per_step=0.04556 episode_projection=22.78
[POLICY_DETAIL] samples=196608 raw_samples=196608 mb=49152 micro_mb=8192 logp_delta_abs=0.12363 old_logp=-15.72832 new_logp=-15.74352 adv_abs=0.49836 sde_steps=4
[TRAIN] mean_reward=7.59266 mean_len=166.59 recent_eps=100 completed_eps=1143951
[UPDATE_EFFECT] action_delta=0.01189467 param_rms_delta=0.00145698
[TIME] collect=3.401s update=0.834s
[DONE] timeout=0.00537 anchor_pos=0.02051 anchor_ori=0.00183 ee_body=0.13574
[TRACK_ROLLOUT] anchor_pos=0.52828 anchor_ori=0.71407 body_pos=0.84017 body_ori=0.55106 body_lin=0.57441 body_ang=0.46003
[ACT_SUMMARY] abs_mean=0.6622 abs_p95=0.8990 abs_p99=0.9835 abs_max=1.2825 legs=0.7369 waist=0.5578 arms=0.6206
[FRAME_DIAG] frame0_abs=0.6622 frame1_abs=nan in_chunk_delta=nan cross_chunk_delta=0.3409
[UPDATE] 180/300 reward_step=0.04561 chunk=0.04561 done_frac=0.00567 mean_reward=6.63853 mean_len=144.91
[SFPO] loss=0.08653 policy_loss=-0.00432 value_loss=0.09085 ratio=0.9999 [0.070,6.790] clip=0.2002 kl=0.015746 grad=0.3501 grad_c=0.4645 lr=0.001000 critic_lr=0.001000
[ROLLOUT] live=24.00 survive=0.86401 per_step=0.04561 episode_projection=22.80
[POLICY_DETAIL] samples=196608 raw_samples=196608 mb=49152 micro_mb=8192 logp_delta_abs=0.12673 old_logp=-15.73267 new_logp=-15.74826 adv_abs=0.49841 sde_steps=4
[TRAIN] mean_reward=6.63853 mean_len=144.91 recent_eps=100 completed_eps=1145065
[UPDATE_EFFECT] action_delta=0.01347319 param_rms_delta=0.00166563
[TIME] collect=3.507s update=0.833s
[DONE] timeout=0.00562 anchor_pos=0.01770 anchor_ori=0.00171 ee_body=0.11926
[TRACK_ROLLOUT] anchor_pos=0.53145 anchor_ori=0.71680 body_pos=0.84597 body_ori=0.55371 body_lin=0.57464 body_ang=0.45832
[ACT_SUMMARY] abs_mean=0.6650 abs_p95=0.9029 abs_p99=0.9885 abs_max=1.3482 legs=0.7403 waist=0.5586 arms=0.6232
[FRAME_DIAG] frame0_abs=0.6649 frame1_abs=nan in_chunk_delta=nan cross_chunk_delta=0.3417
[UPDATE] 181/300 reward_step=0.04566 chunk=0.04566 done_frac=0.00561 mean_reward=6.86191 mean_len=151.68
[SFPO] loss=0.10228 policy_loss=-0.00468 value_loss=0.10696 ratio=0.9997 [0.076,6.695] clip=0.2018 kl=0.015752 grad=0.3349 grad_c=1.6813 lr=0.001000 critic_lr=0.001000
[ROLLOUT] live=24.00 survive=0.86548 per_step=0.04566 episode_projection=22.83
[POLICY_DETAIL] samples=196608 raw_samples=196608 mb=49152 micro_mb=8192 logp_delta_abs=0.12752 old_logp=-15.72763 new_logp=-15.74347 adv_abs=0.49387 sde_steps=4
[TRAIN] mean_reward=6.86191 mean_len=151.68 recent_eps=100 completed_eps=1146167
[UPDATE_EFFECT] action_delta=0.01325837 param_rms_delta=0.00168049
[TIME] collect=3.501s update=0.833s
[DONE] timeout=0.00610 anchor_pos=0.01770 anchor_ori=0.00122 ee_body=0.11804
[TRACK_ROLLOUT] anchor_pos=0.53383 anchor_ori=0.71205 body_pos=0.84713 body_ori=0.55568 body_lin=0.57670 body_ang=0.45797
[ACT_SUMMARY] abs_mean=0.6659 abs_p95=0.9045 abs_p99=0.9908 abs_max=1.3260 legs=0.7392 waist=0.5593 arms=0.6259
[FRAME_DIAG] frame0_abs=0.6659 frame1_abs=nan in_chunk_delta=nan cross_chunk_delta=0.3417
[UPDATE] 182/300 reward_step=0.04574 chunk=0.04574 done_frac=0.00545 mean_reward=7.12323 mean_len=159.75
[SFPO] loss=0.09419 policy_loss=-0.00467 value_loss=0.09886 ratio=0.9998 [0.111,5.896] clip=0.1955 kl=0.015189 grad=0.3616 grad_c=0.4672 lr=0.000667 critic_lr=0.000667
[ROLLOUT] live=24.00 survive=0.86914 per_step=0.04574 episode_projection=22.87
[POLICY_DETAIL] samples=196608 raw_samples=196608 mb=49152 micro_mb=8192 logp_delta_abs=0.12524 old_logp=-15.73527 new_logp=-15.75039 adv_abs=0.50113 sde_steps=4
[TRAIN] mean_reward=7.12323 mean_len=159.75 recent_eps=100 completed_eps=1147239
[UPDATE_EFFECT] action_delta=0.01199335 param_rms_delta=0.00143390
[TIME] collect=3.436s update=0.826s
[DONE] timeout=0.00610 anchor_pos=0.01892 anchor_ori=0.00256 ee_body=0.11377
[TRACK_ROLLOUT] anchor_pos=0.53516 anchor_ori=0.70981 body_pos=0.84890 body_ori=0.55661 body_lin=0.57944 body_ang=0.46118
[ACT_SUMMARY] abs_mean=0.6690 abs_p95=0.9091 abs_p99=0.9930 abs_max=1.2667 legs=0.7438 waist=0.5567 arms=0.6289
[FRAME_DIAG] frame0_abs=0.6690 frame1_abs=nan in_chunk_delta=nan cross_chunk_delta=0.3417
[UPDATE] 183/300 reward_step=0.04590 chunk=0.04590 done_frac=0.00543 mean_reward=6.62757 mean_len=148.05
[SFPO] loss=0.08593 policy_loss=-0.00430 value_loss=0.09022 ratio=0.9997 [0.066,5.615] clip=0.2036 kl=0.015850 grad=0.3662 grad_c=0.3339 lr=0.001000 critic_lr=0.001000
[ROLLOUT] live=24.00 survive=0.86975 per_step=0.04590 episode_projection=22.95
[POLICY_DETAIL] samples=196608 raw_samples=196608 mb=49152 micro_mb=8192 logp_delta_abs=0.12785 old_logp=-15.72735 new_logp=-15.74326 adv_abs=0.50121 sde_steps=4
[TRAIN] mean_reward=6.62757 mean_len=148.05 recent_eps=100 completed_eps=1148306
[UPDATE_EFFECT] action_delta=0.01468167 param_rms_delta=0.00167267
[TIME] collect=3.517s update=0.832s
[DONE] timeout=0.00732 anchor_pos=0.01672 anchor_ori=0.00256 ee_body=0.11267
[TRACK_ROLLOUT] anchor_pos=0.53430 anchor_ori=0.71221 body_pos=0.85103 body_ori=0.56092 body_lin=0.58020 body_ang=0.46194
[ACT_SUMMARY] abs_mean=0.6698 abs_p95=0.9075 abs_p99=0.9924 abs_max=1.3256 legs=0.7469 waist=0.5568 arms=0.6279
[FRAME_DIAG] frame0_abs=0.6698 frame1_abs=nan in_chunk_delta=nan cross_chunk_delta=0.3404
[UPDATE] 184/300 reward_step=0.04563 chunk=0.04563 done_frac=0.00552 mean_reward=6.90386 mean_len=152.90
[SFPO] loss=0.09961 policy_loss=-0.00433 value_loss=0.10394 ratio=0.9995 [0.104,9.488] clip=0.2019 kl=0.015924 grad=0.3690 grad_c=0.6033 lr=0.000667 critic_lr=0.000667
[ROLLOUT] live=24.00 survive=0.86768 per_step=0.04563 episode_projection=22.82
[POLICY_DETAIL] samples=196608 raw_samples=196608 mb=49152 micro_mb=8192 logp_delta_abs=0.12787 old_logp=-15.73445 new_logp=-15.75060 adv_abs=0.49087 sde_steps=4
[TRAIN] mean_reward=6.90386 mean_len=152.90 recent_eps=100 completed_eps=1149391
[UPDATE_EFFECT] action_delta=0.01253244 param_rms_delta=0.00141037
[TIME] collect=3.470s update=0.831s
[DONE] timeout=0.00610 anchor_pos=0.01428 anchor_ori=0.00146 ee_body=0.11768
[TRACK_ROLLOUT] anchor_pos=0.52784 anchor_ori=0.70947 body_pos=0.84995 body_ori=0.55974 body_lin=0.57588 body_ang=0.45883
[ACT_SUMMARY] abs_mean=0.6725 abs_p95=0.9114 abs_p99=0.9971 abs_max=1.3112 legs=0.7506 waist=0.5598 arms=0.6298
[FRAME_DIAG] frame0_abs=0.6725 frame1_abs=nan in_chunk_delta=nan cross_chunk_delta=0.3411
[UPDATE] 185/300 reward_step=0.04558 chunk=0.04558 done_frac=0.00524 mean_reward=8.04602 mean_len=177.49
[SFPO] loss=0.09157 policy_loss=-0.00477 value_loss=0.09634 ratio=0.9999 [0.059,13.028] clip=0.1962 kl=0.015318 grad=0.3360 grad_c=0.5829 lr=0.001000 critic_lr=0.001000
[ROLLOUT] live=24.00 survive=0.87427 per_step=0.04558 episode_projection=22.79
[POLICY_DETAIL] samples=196608 raw_samples=196608 mb=49152 micro_mb=8192 logp_delta_abs=0.12517 old_logp=-15.73227 new_logp=-15.74748 adv_abs=0.49314 sde_steps=4
[TRAIN] mean_reward=8.04602 mean_len=177.49 recent_eps=100 completed_eps=1150421
[UPDATE_EFFECT] action_delta=0.01346399 param_rms_delta=0.00166458
[TIME] collect=3.502s update=0.836s
[DONE] timeout=0.00708 anchor_pos=0.01587 anchor_ori=0.00183 ee_body=0.10913
[TRACK_ROLLOUT] anchor_pos=0.52641 anchor_ori=0.70590 body_pos=0.84933 body_ori=0.55822 body_lin=0.57870 body_ang=0.46083
[ACT_SUMMARY] abs_mean=0.6702 abs_p95=0.9075 abs_p99=0.9949 abs_max=1.2971 legs=0.7473 waist=0.5566 arms=0.6285
[FRAME_DIAG] frame0_abs=0.6702 frame1_abs=nan in_chunk_delta=nan cross_chunk_delta=0.3404
[UPDATE] 186/300 reward_step=0.04576 chunk=0.04576 done_frac=0.00535 mean_reward=6.24255 mean_len=139.98
[SFPO] loss=0.09453 policy_loss=-0.00482 value_loss=0.09935 ratio=0.9997 [0.115,7.512] clip=0.1878 kl=0.014558 grad=0.3406 grad_c=1.5866 lr=0.000667 critic_lr=0.000667
[ROLLOUT] live=24.00 survive=0.87183 per_step=0.04576 episode_projection=22.88
[POLICY_DETAIL] samples=196608 raw_samples=196608 mb=49152 micro_mb=8192 logp_delta_abs=0.12248 old_logp=-15.72593 new_logp=-15.74060 adv_abs=0.49331 sde_steps=4
[TRAIN] mean_reward=6.24255 mean_len=139.98 recent_eps=100 completed_eps=1151472
[UPDATE_EFFECT] action_delta=0.01186129 param_rms_delta=0.00138539
[TIME] collect=3.631s update=0.839s
[DONE] timeout=0.00671 anchor_pos=0.01392 anchor_ori=0.00208 ee_body=0.11353
[TRACK_ROLLOUT] anchor_pos=0.52753 anchor_ori=0.70755 body_pos=0.84998 body_ori=0.56019 body_lin=0.57883 body_ang=0.46051
[ACT_SUMMARY] abs_mean=0.6673 abs_p95=0.9029 abs_p99=0.9905 abs_max=1.4139 legs=0.7444 waist=0.5548 arms=0.6254
[FRAME_DIAG] frame0_abs=0.6673 frame1_abs=nan in_chunk_delta=nan cross_chunk_delta=0.3403
[UPDATE] 187/300 reward_step=0.04576 chunk=0.04576 done_frac=0.00525 mean_reward=8.14169 mean_len=177.78
[SFPO] loss=0.09486 policy_loss=-0.00448 value_loss=0.09934 ratio=0.9998 [0.087,9.815] clip=0.2018 kl=0.015871 grad=0.3419 grad_c=1.0333 lr=0.001000 critic_lr=0.001000
[ROLLOUT] live=24.00 survive=0.87390 per_step=0.04576 episode_projection=22.88
[POLICY_DETAIL] samples=196608 raw_samples=196608 mb=49152 micro_mb=8192 logp_delta_abs=0.12742 old_logp=-15.72776 new_logp=-15.74354 adv_abs=0.49674 sde_steps=4
[TRAIN] mean_reward=8.14169 mean_len=177.78 recent_eps=100 completed_eps=1152505
[UPDATE_EFFECT] action_delta=0.01341792 param_rms_delta=0.00167657
[TIME] collect=3.705s update=0.830s
[DONE] timeout=0.00854 anchor_pos=0.01575 anchor_ori=0.00281 ee_body=0.10706
[TRACK_ROLLOUT] anchor_pos=0.52423 anchor_ori=0.70229 body_pos=0.84807 body_ori=0.56107 body_lin=0.57937 body_ang=0.46232
[ACT_SUMMARY] abs_mean=0.6701 abs_p95=0.9045 abs_p99=0.9904 abs_max=1.3079 legs=0.7494 waist=0.5541 arms=0.6270
[FRAME_DIAG] frame0_abs=0.6701 frame1_abs=nan in_chunk_delta=nan cross_chunk_delta=0.3394
[UPDATE] 188/300 reward_step=0.04557 chunk=0.04557 done_frac=0.00566 mean_reward=8.62520 mean_len=188.86
[SFPO] loss=0.09361 policy_loss=-0.00471 value_loss=0.09832 ratio=0.9999 [0.121,7.003] clip=0.1938 kl=0.015116 grad=0.3462 grad_c=0.5039 lr=0.000667 critic_lr=0.000667
[ROLLOUT] live=24.00 survive=0.86426 per_step=0.04557 episode_projection=22.79
[POLICY_DETAIL] samples=196608 raw_samples=196608 mb=49152 micro_mb=8192 logp_delta_abs=0.12477 old_logp=-15.72279 new_logp=-15.73777 adv_abs=0.48763 sde_steps=4
[TRAIN] mean_reward=8.62520 mean_len=188.86 recent_eps=100 completed_eps=1153618
[UPDATE_EFFECT] action_delta=0.01123320 param_rms_delta=0.00141133
[TIME] collect=3.477s update=0.823s
[DONE] timeout=0.00977 anchor_pos=0.01904 anchor_ori=0.00317 ee_body=0.11414
[TRACK_ROLLOUT] anchor_pos=0.52580 anchor_ori=0.70221 body_pos=0.84844 body_ori=0.56271 body_lin=0.57690 body_ang=0.45945
[ACT_SUMMARY] abs_mean=0.6708 abs_p95=0.9085 abs_p99=0.9995 abs_max=1.3436 legs=0.7498 waist=0.5562 arms=0.6275
[FRAME_DIAG] frame0_abs=0.6708 frame1_abs=nan in_chunk_delta=nan cross_chunk_delta=0.3404
[UPDATE] 189/300 reward_step=0.04575 chunk=0.04575 done_frac=0.00533 mean_reward=8.51329 mean_len=184.86
[SFPO] loss=0.09242 policy_loss=-0.00482 value_loss=0.09724 ratio=0.9997 [0.075,5.229] clip=0.1984 kl=0.015580 grad=0.3259 grad_c=0.3429 lr=0.000667 critic_lr=0.000667
[ROLLOUT] live=24.00 survive=0.87207 per_step=0.04575 episode_projection=22.87
[POLICY_DETAIL] samples=196608 raw_samples=196608 mb=49152 micro_mb=8192 logp_delta_abs=0.12589 old_logp=-15.72570 new_logp=-15.74129 adv_abs=0.48898 sde_steps=4
[TRAIN] mean_reward=8.51329 mean_len=184.86 recent_eps=100 completed_eps=1154666
[UPDATE_EFFECT] action_delta=0.01270128 param_rms_delta=0.00162304
[TIME] collect=3.470s update=0.863s
[DONE] timeout=0.01074 anchor_pos=0.01709 anchor_ori=0.00195 ee_body=0.10645
[TRACK_ROLLOUT] anchor_pos=0.52712 anchor_ori=0.70378 body_pos=0.84850 body_ori=0.56172 body_lin=0.58301 body_ang=0.46348
[ACT_SUMMARY] abs_mean=0.6669 abs_p95=0.9046 abs_p99=0.9958 abs_max=1.3186 legs=0.7430 waist=0.5549 arms=0.6258
[FRAME_DIAG] frame0_abs=0.6669 frame1_abs=nan in_chunk_delta=nan cross_chunk_delta=0.3406
[UPDATE] 190/300 reward_step=0.04610 chunk=0.04610 done_frac=0.00527 mean_reward=8.04072 mean_len=178.45
[SFPO] loss=0.09414 policy_loss=-0.00494 value_loss=0.09908 ratio=0.9998 [0.080,8.568] clip=0.2043 kl=0.015924 grad=0.3327 grad_c=0.5130 lr=0.000667 critic_lr=0.000667
[ROLLOUT] live=24.00 survive=0.87354 per_step=0.04610 episode_projection=23.05
[POLICY_DETAIL] samples=196608 raw_samples=196608 mb=49152 micro_mb=8192 logp_delta_abs=0.12812 old_logp=-15.73478 new_logp=-15.75066 adv_abs=0.48593 sde_steps=4
[TRAIN] mean_reward=8.04072 mean_len=178.45 recent_eps=100 completed_eps=1155702
[UPDATE_EFFECT] action_delta=0.01159288 param_rms_delta=0.00162033
[TIME] collect=3.433s update=0.835s
[DONE] timeout=0.01038 anchor_pos=0.01782 anchor_ori=0.00232 ee_body=0.10352
[TRACK_ROLLOUT] anchor_pos=0.53575 anchor_ori=0.70689 body_pos=0.85128 body_ori=0.56357 body_lin=0.58590 body_ang=0.46440
[ACT_SUMMARY] abs_mean=0.6663 abs_p95=0.9045 abs_p99=0.9939 abs_max=1.2752 legs=0.7434 waist=0.5534 arms=0.6244
[FRAME_DIAG] frame0_abs=0.6663 frame1_abs=nan in_chunk_delta=nan cross_chunk_delta=0.3406
[UPDATE] 191/300 reward_step=0.04618 chunk=0.04618 done_frac=0.00499 mean_reward=8.45005 mean_len=184.64
[SFPO] loss=0.09677 policy_loss=-0.00481 value_loss=0.10158 ratio=0.9998 [0.122,5.318] clip=0.1854 kl=0.014272 grad=0.3237 grad_c=0.3941 lr=0.000667 critic_lr=0.000667
[ROLLOUT] live=24.00 survive=0.88037 per_step=0.04618 episode_projection=23.09
[POLICY_DETAIL] samples=196608 raw_samples=196608 mb=49152 micro_mb=8192 logp_delta_abs=0.12139 old_logp=-15.72636 new_logp=-15.74066 adv_abs=0.48816 sde_steps=4
[TRAIN] mean_reward=8.45005 mean_len=184.64 recent_eps=100 completed_eps=1156683
[UPDATE_EFFECT] action_delta=0.01130393 param_rms_delta=0.00134518
[TIME] collect=3.487s update=0.829s
[DONE] timeout=0.00867 anchor_pos=0.01697 anchor_ori=0.00256 ee_body=0.09949
[TRACK_ROLLOUT] anchor_pos=0.53746 anchor_ori=0.70695 body_pos=0.85335 body_ori=0.56596 body_lin=0.58038 body_ang=0.46139
[ACT_SUMMARY] abs_mean=0.6665 abs_p95=0.9049 abs_p99=0.9963 abs_max=1.3490 legs=0.7452 waist=0.5548 arms=0.6231
[FRAME_DIAG] frame0_abs=0.6665 frame1_abs=nan in_chunk_delta=nan cross_chunk_delta=0.3401
[UPDATE] 192/300 reward_step=0.04598 chunk=0.04598 done_frac=0.00526 mean_reward=8.68265 mean_len=190.08
[SFPO] loss=0.10010 policy_loss=-0.00513 value_loss=0.10523 ratio=0.9997 [0.076,10.198] clip=0.1911 kl=0.014870 grad=0.3231 grad_c=0.6884 lr=0.000667 critic_lr=0.000667
[ROLLOUT] live=24.00 survive=0.87366 per_step=0.04598 episode_projection=22.99
[POLICY_DETAIL] samples=196608 raw_samples=196608 mb=49152 micro_mb=8192 logp_delta_abs=0.12357 old_logp=-15.72996 new_logp=-15.74488 adv_abs=0.48634 sde_steps=4
[TRAIN] mean_reward=8.68265 mean_len=190.08 recent_eps=100 completed_eps=1157718
[UPDATE_EFFECT] action_delta=0.01147027 param_rms_delta=0.00141022
[TIME] collect=3.467s update=0.827s
[DONE] timeout=0.01062 anchor_pos=0.01953 anchor_ori=0.00378 ee_body=0.10498
[TRACK_ROLLOUT] anchor_pos=0.53533 anchor_ori=0.70099 body_pos=0.85077 body_ori=0.56301 body_lin=0.58286 body_ang=0.46268
[ACT_SUMMARY] abs_mean=0.6694 abs_p95=0.9113 abs_p99=1.0043 abs_max=1.3689 legs=0.7491 waist=0.5563 arms=0.6253
[FRAME_DIAG] frame0_abs=0.6694 frame1_abs=nan in_chunk_delta=nan cross_chunk_delta=0.3396
[UPDATE] 193/300 reward_step=0.04600 chunk=0.04600 done_frac=0.00522 mean_reward=9.83973 mean_len=214.52
[SFPO] loss=0.08665 policy_loss=-0.00459 value_loss=0.09124 ratio=0.9999 [0.040,6.113] clip=0.1861 kl=0.014516 grad=0.3383 grad_c=0.4032 lr=0.000667 critic_lr=0.000667
[ROLLOUT] live=24.00 survive=0.87512 per_step=0.04600 episode_projection=23.00
[POLICY_DETAIL] samples=196608 raw_samples=196608 mb=49152 micro_mb=8192 logp_delta_abs=0.12176 old_logp=-15.73337 new_logp=-15.74781 adv_abs=0.47769 sde_steps=4
[TRAIN] mean_reward=9.83973 mean_len=214.52 recent_eps=100 completed_eps=1158744
[UPDATE_EFFECT] action_delta=0.01313260 param_rms_delta=0.00131908
[TIME] collect=3.448s update=0.829s
[DONE] timeout=0.01086 anchor_pos=0.01404 anchor_ori=0.00220 ee_body=0.10315
[TRACK_ROLLOUT] anchor_pos=0.53534 anchor_ori=0.69850 body_pos=0.84940 body_ori=0.56196 body_lin=0.58517 body_ang=0.46634
[ACT_SUMMARY] abs_mean=0.6707 abs_p95=0.9122 abs_p99=1.0079 abs_max=1.3914 legs=0.7522 waist=0.5571 arms=0.6252
[FRAME_DIAG] frame0_abs=0.6707 frame1_abs=nan in_chunk_delta=nan cross_chunk_delta=0.3388
[UPDATE] 194/300 reward_step=0.04616 chunk=0.04616 done_frac=0.00503 mean_reward=8.83861 mean_len=193.07
[SFPO] loss=0.08979 policy_loss=-0.00554 value_loss=0.09533 ratio=0.9999 [0.126,6.427] clip=0.1629 kl=0.012370 grad=0.3006 grad_c=0.2850 lr=0.000667 critic_lr=0.000667
[ROLLOUT] live=24.00 survive=0.87964 per_step=0.04616 episode_projection=23.08
[POLICY_DETAIL] samples=196608 raw_samples=196608 mb=49152 micro_mb=8192 logp_delta_abs=0.11324 old_logp=-15.73239 new_logp=-15.74475 adv_abs=0.47501 sde_steps=4
[TRAIN] mean_reward=8.83861 mean_len=193.07 recent_eps=100 completed_eps=1159733
[UPDATE_EFFECT] action_delta=0.01091694 param_rms_delta=0.00126749
[TIME] collect=3.429s update=0.830s
[DONE] timeout=0.01160 anchor_pos=0.01575 anchor_ori=0.00208 ee_body=0.09851
[TRACK_ROLLOUT] anchor_pos=0.53667 anchor_ori=0.70265 body_pos=0.85130 body_ori=0.56395 body_lin=0.58513 body_ang=0.46659
[ACT_SUMMARY] abs_mean=0.6705 abs_p95=0.9156 abs_p99=1.0108 abs_max=1.3844 legs=0.7520 waist=0.5540 arms=0.6255
[FRAME_DIAG] frame0_abs=0.6705 frame1_abs=nan in_chunk_delta=nan cross_chunk_delta=0.3385
[UPDATE] 195/300 reward_step=0.04627 chunk=0.04627 done_frac=0.00511 mean_reward=8.31821 mean_len=180.67
[SFPO] loss=0.08884 policy_loss=-0.00507 value_loss=0.09391 ratio=1.0000 [0.040,5.751] clip=0.2024 kl=0.016027 grad=0.3244 grad_c=0.4398 lr=0.000667 critic_lr=0.000667
[ROLLOUT] live=24.00 survive=0.87756 per_step=0.04627 episode_projection=23.13
[POLICY_DETAIL] samples=196608 raw_samples=196608 mb=49152 micro_mb=8192 logp_delta_abs=0.12732 old_logp=-15.73830 new_logp=-15.75407 adv_abs=0.47589 sde_steps=4
[TRAIN] mean_reward=8.31821 mean_len=180.67 recent_eps=100 completed_eps=1160737
[UPDATE_EFFECT] action_delta=0.01203130 param_rms_delta=0.00165998
[TIME] collect=3.434s update=0.834s
[DONE] timeout=0.01245 anchor_pos=0.02002 anchor_ori=0.00317 ee_body=0.09778
[TRACK_ROLLOUT] anchor_pos=0.53859 anchor_ori=0.70249 body_pos=0.85282 body_ori=0.56620 body_lin=0.58362 body_ang=0.46486
[ACT_SUMMARY] abs_mean=0.6674 abs_p95=0.9150 abs_p99=1.0137 abs_max=1.3801 legs=0.7458 waist=0.5559 arms=0.6241
[FRAME_DIAG] frame0_abs=0.6674 frame1_abs=nan in_chunk_delta=nan cross_chunk_delta=0.3384
[UPDATE] 196/300 reward_step=0.04659 chunk=0.04659 done_frac=0.00502 mean_reward=9.10558 mean_len=196.74
[SFPO] loss=0.10162 policy_loss=-0.00505 value_loss=0.10667 ratio=0.9998 [0.115,5.616] clip=0.1663 kl=0.012585 grad=0.3031 grad_c=0.3834 lr=0.000667 critic_lr=0.000667
[ROLLOUT] live=24.00 survive=0.87964 per_step=0.04659 episode_projection=23.29
[POLICY_DETAIL] samples=196608 raw_samples=196608 mb=49152 micro_mb=8192 logp_delta_abs=0.11455 old_logp=-15.72460 new_logp=-15.73720 adv_abs=0.46535 sde_steps=4
[TRAIN] mean_reward=9.10558 mean_len=196.74 recent_eps=100 completed_eps=1161723
[UPDATE_EFFECT] action_delta=0.01050805 param_rms_delta=0.00124681
[TIME] collect=3.414s update=0.830s
[DONE] timeout=0.01233 anchor_pos=0.01672 anchor_ori=0.00293 ee_body=0.09692
[TRACK_ROLLOUT] anchor_pos=0.54137 anchor_ori=0.70683 body_pos=0.85409 body_ori=0.56968 body_lin=0.58818 body_ang=0.46798
[ACT_SUMMARY] abs_mean=0.6662 abs_p95=0.9155 abs_p99=1.0151 abs_max=1.3660 legs=0.7446 waist=0.5546 arms=0.6230
[FRAME_DIAG] frame0_abs=0.6662 frame1_abs=nan in_chunk_delta=nan cross_chunk_delta=0.3381
[UPDATE] 197/300 reward_step=0.04647 chunk=0.04647 done_frac=0.00539 mean_reward=8.44187 mean_len=185.63
[SFPO] loss=0.09745 policy_loss=-0.00499 value_loss=0.10244 ratio=0.9995 [0.076,6.466] clip=0.1843 kl=0.014246 grad=0.3130 grad_c=0.2916 lr=0.000667 critic_lr=0.000667
[ROLLOUT] live=24.00 survive=0.87097 per_step=0.04647 episode_projection=23.24
[POLICY_DETAIL] samples=196608 raw_samples=196608 mb=49152 micro_mb=8192 logp_delta_abs=0.12090 old_logp=-15.73069 new_logp=-15.74518 adv_abs=0.46922 sde_steps=4
[TRAIN] mean_reward=8.44187 mean_len=185.63 recent_eps=100 completed_eps=1162782
[UPDATE_EFFECT] action_delta=0.01121386 param_rms_delta=0.00135417
[TIME] collect=3.508s update=0.842s
[DONE] timeout=0.01599 anchor_pos=0.01892 anchor_ori=0.00146 ee_body=0.10083
[TRACK_ROLLOUT] anchor_pos=0.54033 anchor_ori=0.70653 body_pos=0.85285 body_ori=0.56905 body_lin=0.58561 body_ang=0.46654
[ACT_SUMMARY] abs_mean=0.6680 abs_p95=0.9168 abs_p99=1.0201 abs_max=1.4082 legs=0.7469 waist=0.5554 arms=0.6245
[FRAME_DIAG] frame0_abs=0.6680 frame1_abs=nan in_chunk_delta=nan cross_chunk_delta=0.3381
[UPDATE] 198/300 reward_step=0.04665 chunk=0.04665 done_frac=0.00505 mean_reward=8.28109 mean_len=180.41
[SFPO] loss=0.09479 policy_loss=-0.00474 value_loss=0.09954 ratio=0.9999 [0.083,7.486] clip=0.2019 kl=0.015872 grad=0.3327 grad_c=0.5243 lr=0.000667 critic_lr=0.000667
[ROLLOUT] live=24.00 survive=0.87878 per_step=0.04665 episode_projection=23.33
[POLICY_DETAIL] samples=196608 raw_samples=196608 mb=49152 micro_mb=8192 logp_delta_abs=0.12705 old_logp=-15.72682 new_logp=-15.74254 adv_abs=0.47339 sde_steps=4
[TRAIN] mean_reward=8.28109 mean_len=180.41 recent_eps=100 completed_eps=1163775
[UPDATE_EFFECT] action_delta=0.01232173 param_rms_delta=0.00166803
[TIME] collect=3.524s update=0.881s
[DONE] timeout=0.01196 anchor_pos=0.01648 anchor_ori=0.00159 ee_body=0.09998
[TRACK_ROLLOUT] anchor_pos=0.54104 anchor_ori=0.70700 body_pos=0.85465 body_ori=0.57060 body_lin=0.58643 body_ang=0.46580
[ACT_SUMMARY] abs_mean=0.6684 abs_p95=0.9166 abs_p99=1.0186 abs_max=1.3570 legs=0.7469 waist=0.5591 arms=0.6246
[FRAME_DIAG] frame0_abs=0.6684 frame1_abs=nan in_chunk_delta=nan cross_chunk_delta=0.3373
[UPDATE] 199/300 reward_step=0.04671 chunk=0.04671 done_frac=0.00534 mean_reward=8.60319 mean_len=185.76
[SFPO] loss=0.09314 policy_loss=-0.00489 value_loss=0.09803 ratio=0.9999 [0.106,8.097] clip=0.2040 kl=0.016022 grad=0.3361 grad_c=0.6683 lr=0.001000 critic_lr=0.001000
[ROLLOUT] live=24.00 survive=0.87195 per_step=0.04671 episode_projection=23.36
[POLICY_DETAIL] samples=196608 raw_samples=196608 mb=49152 micro_mb=8192 logp_delta_abs=0.12805 old_logp=-15.73136 new_logp=-15.74723 adv_abs=0.47954 sde_steps=4
[TRAIN] mean_reward=8.60319 mean_len=185.76 recent_eps=100 completed_eps=1164824
[UPDATE_EFFECT] action_delta=0.01283608 param_rms_delta=0.00167751
[TIME] collect=3.480s update=0.834s
[DONE] timeout=0.01501 anchor_pos=0.01355 anchor_ori=0.00159 ee_body=0.10498
[TRACK_ROLLOUT] anchor_pos=0.53741 anchor_ori=0.70897 body_pos=0.85322 body_ori=0.56989 body_lin=0.58620 body_ang=0.46659
[ACT_SUMMARY] abs_mean=0.6672 abs_p95=0.9168 abs_p99=1.0196 abs_max=1.3612 legs=0.7458 waist=0.5591 arms=0.6230
[FRAME_DIAG] frame0_abs=0.6672 frame1_abs=nan in_chunk_delta=nan cross_chunk_delta=0.3366
[UPDATE] 200/300 reward_step=0.04682 chunk=0.04682 done_frac=0.00500 mean_reward=9.28039 mean_len=198.79
[SFPO] loss=0.09761 policy_loss=-0.00490 value_loss=0.10251 ratio=0.9998 [0.067,8.292] clip=0.2093 kl=0.016367 grad=0.3332 grad_c=0.4066 lr=0.000667 critic_lr=0.000667
[ROLLOUT] live=24.00 survive=0.87988 per_step=0.04682 episode_projection=23.41
[POLICY_DETAIL] samples=196608 raw_samples=196608 mb=49152 micro_mb=8192 logp_delta_abs=0.13019 old_logp=-15.73181 new_logp=-15.74806 adv_abs=0.46934 sde_steps=4
[TRAIN] mean_reward=9.28039 mean_len=198.79 recent_eps=100 completed_eps=1165808
[UPDATE_EFFECT] action_delta=0.01251248 param_rms_delta=0.00158465
[TIME] collect=3.404s update=0.830s
[DONE] timeout=0.01416 anchor_pos=0.01501 anchor_ori=0.00085 ee_body=0.09717
[TRACK_ROLLOUT] anchor_pos=0.53902 anchor_ori=0.70720 body_pos=0.85321 body_ori=0.57197 body_lin=0.58828 body_ang=0.46933
[ACT_SUMMARY] abs_mean=0.6687 abs_p95=0.9174 abs_p99=1.0212 abs_max=1.5185 legs=0.7463 waist=0.5606 arms=0.6253
[FRAME_DIAG] frame0_abs=0.6687 frame1_abs=nan in_chunk_delta=nan cross_chunk_delta=0.3364
[VALIDATION_START] update=200 max_steps=500 envs=8192 fixed_seed=disabled
[VALIDATION_RESET_START]
[VALIDATION_RESET_DONE] time=0.004s
[VALIDATION_PROGRESS] step=1/500 done=0.00000 alive=1.00000 elapsed=0.159s
[VALIDATION_PROGRESS] step=50/500 done=0.33618 alive=0.66382 elapsed=5.983s
[VALIDATION_PROGRESS] step=100/500 done=0.54016 alive=0.45984 elapsed=12.450s
[VALIDATION_PROGRESS] step=150/500 done=0.56360 alive=0.43640 elapsed=18.840s
[VALIDATION_PROGRESS] step=200/500 done=0.61328 alive=0.38672 elapsed=25.319s
[VALIDATION_PROGRESS] step=250/500 done=0.65259 alive=0.34741 elapsed=31.960s
[VALIDATION_PROGRESS] step=300/500 done=0.71472 alive=0.28528 elapsed=38.603s
[VALIDATION_PROGRESS] step=325/500 done=1.00000 alive=0.00000 elapsed=41.918s
[VALIDATION_EARLY_STOP] step=325 done_frac=1.0000
[VALIDATION_DONE] update=200 time=41.927s
[VAL] steps_mean=156.55 steps_min=21 steps_p50=72 steps_p95=325 steps_max=325 fail_phase_mean=155.6 return=9.42631 done=1.00000
[VAL_EE] left_ankle_bad=0.43616 left_ankle_z=0.14290 right_ankle_bad=0.00134 right_ankle_z=0.06274 left_wrist_bad=0.16577 left_wrist_z=0.10939 right_wrist_bad=0.13965 right_wrist_z=0.08642
[VAL_CAUSE] anchor_pos_bad=0.03467 anchor_ori_bad=0.01367 ee_body_bad=0.71790 time_out=0.00000 anchor_z=0.21453 anchor_grav=0.21596 ee_z_max=0.21996 ee_z_mean=0.10036
[VAL_WALL] alive@850=0.2521 motion_complete=0.2521 wrist_fail_825_840=0.0000 steps_p50=72
[CHECKPOINT] saved /home/y/my_mimic_mixgrpo/my_mimic_mixgrpo_h1/runs/sfpo_h1_ppoalign_300_v1/checkpoints/update_0200.pt
[UPDATE] 201/300 reward_step=0.04664 chunk=0.04664 done_frac=0.00523 mean_reward=9.79209 mean_len=210.15
[SFPO] loss=0.10296 policy_loss=-0.00484 value_loss=0.10779 ratio=0.9999 [0.112,9.151] clip=0.1961 kl=0.015387 grad=0.3229 grad_c=0.2610 lr=0.000667 critic_lr=0.000667
[ROLLOUT] live=24.00 survive=0.87451 per_step=0.04664 episode_projection=23.32
[POLICY_DETAIL] samples=196608 raw_samples=196608 mb=49152 micro_mb=8192 logp_delta_abs=0.12541 old_logp=-15.71638 new_logp=-15.73162 adv_abs=0.46753 sde_steps=4
[TRAIN] mean_reward=9.79209 mean_len=210.15 recent_eps=100 completed_eps=1166837
[UPDATE_EFFECT] action_delta=0.01103255 param_rms_delta=0.00137056
[TIME] collect=3.667s update=0.842s
[DONE] timeout=0.01318 anchor_pos=0.01599 anchor_ori=0.00171 ee_body=0.10168
[TRACK_ROLLOUT] anchor_pos=0.53317 anchor_ori=0.70753 body_pos=0.85284 body_ori=0.57214 body_lin=0.58523 body_ang=0.46632
[ACT_SUMMARY] abs_mean=0.6687 abs_p95=0.9211 abs_p99=1.0270 abs_max=1.3991 legs=0.7464 waist=0.5572 arms=0.6261
[FRAME_DIAG] frame0_abs=0.6687 frame1_abs=nan in_chunk_delta=nan cross_chunk_delta=0.3372
