[RUN] dir=/home/y/my_mimic_mixgrpo/fcamp/runs/fixed_reward_holosoma_ppo_u500_s42_20260801_205200
[RUN] log_file=/home/y/my_mimic_mixgrpo/fcamp/runs/fixed_reward_holosoma_ppo_u500_s42_20260801_205200/logs/train.log
[RUN] method=fixed_reward task=largebox_plane seed=42
[RUN] resolved_config_sha256=371ee9badbc11a73ebf656c04dc6b8e12dec256a446ad89f55a46e2e27f5728c
[RUN] source_snapshot_sha256=61c336f334813035d01b4c460133b020fe7286026033a96f7521bf4c9a33e91d
[INFO] IsaacLab logging to file: /tmp/isaaclab_2026-08-01_20-51-42.log
[METRICS] jsonl=/home/y/my_mimic_mixgrpo/fcamp/runs/fixed_reward_holosoma_ppo_u500_s42_20260801_205200/logs/metrics.jsonl tensorboard=True
[PPO] implementation=HOLOSOMA_G1_WBT actor=MLP_diagonal_Normal critic=asymmetric_MLP action=unsquashed_env_clip_100
[HOLOSOMA_PARITY] actor_hidden_dims=[512,256,128] critic_hidden_dims=[512,256,128] activation=ELU init_noise_std=1.0 num_steps_per_env=24 num_learning_epochs=5 num_mini_batches=4 clip_param=0.2 gamma=0.99 lam=0.95 value_loss_coef=1.0 entropy_coef=0.005 actor_learning_rate=0.001 critic_learning_rate=0.001 actor_weight_decay=0.0 critic_weight_decay=0.0 max_grad_norm=1.0 schedule=adaptive desired_kl=0.01 empirical_normalization=true use_symmetry=false
[HOLOSOMA_PARITY] static_sha256=9dddf13a81c0f094c8a6a4cbdb5cc0bef77c6a1372b10de2292a2fa70804e701 upstream_commit=c5c836c68f423ac4565f57801ff4ff47ea56e5ac verified=true
[HOLOSOMA_SOURCE] ppo.py=3da7ce871ad98b6400d663721825e4b345f4c3198371b98e74e57c6113ef0e10 ppo_modules.py=508ff6485ec1ea3ef33aee749cb7e069623b183d06ea6a17a37cedb516575024 data_utils.py=ffd8a69af140becb98450c954139b62a9b16b33c87e83c96edd2179be45f85de algo.py=c520db1f660de7ac1090409821668fe9df640aa99bc4651bcb5cc56a02d90310 g1_experiment.py=592ebec1e2bfa18d2c5862a3aeba11d3682b80a8e45db9f4c90380345eaa87bc
[GAE] timeout=reward_bootstrap terminal=no_bootstrap advantage=global_unbiased_std minibatches=single_permutation_reused
[REWARD] formula=(0.5*anchor_pos+0.5*anchor_ori+2*body_pos+2*body_ori-0.1*action_rate-10*joint_limit-0.1*undesired_contacts)*dt
[CHECKPOINT] fixed_reward_schema=17
[INFO] checkpoint_dir=/home/y/my_mimic_mixgrpo/fcamp/runs/fixed_reward_holosoma_ppo_u500_s42_20260801_205200/checkpoints
[HOLOSOMA_PARITY] actor_hidden_dims=[512,256,128] critic_hidden_dims=[512,256,128] activation=ELU init_noise_std=1.0 num_steps_per_env=24 num_learning_epochs=5 num_mini_batches=4 clip_param=0.2 gamma=0.99 lam=0.95 value_loss_coef=1.0 entropy_coef=0.005 actor_learning_rate=0.001 critic_learning_rate=0.001 actor_weight_decay=0.0 critic_weight_decay=0.0 max_grad_norm=1.0 schedule=adaptive desired_kl=0.01 empirical_normalization=true use_symmetry=false
[HOLOSOMA_PARITY] static_sha256=9dddf13a81c0f094c8a6a4cbdb5cc0bef77c6a1372b10de2292a2fa70804e701 upstream_commit=c5c836c68f423ac4565f57801ff4ff47ea56e5ac verified=true
 Learning iteration 0/500 
Computation: 21082 steps/s (Collection: 4.435s, Learning 0.228s)
Value: 0.1589
Surrogate: -0.0095
Entropy: 41.0629
KL: 0.0166
actor_loss: -0.2148
critic_loss: 0.1589
symmetry_actor_loss: 0.0000
symmetry_critic_loss: 0.0000
actor_learning_rate: 0.0002
critic_learning_rate: 0.0002
Policy/mean_noise_std: 0.9952
Total timesteps: 98304
[PPO_HEALTH] adv_mean=6.054e-08 adv_std=1.000000 ratio=0.998660 clip=0.226491 actor_delta=6.345e-01 critic_delta=9.997e-01 action_clip=0.000e+00 reward_identity=5.960e-08
[REWARD] total=-0.06888 anchor_pos=0.8186 anchor_ori=0.5316 body_pos=0.8035 body_ori=0.3148
[TRAIN_RESET] count=4979 phase0_frac=0.1721 p50=43.0 p95=270.0 target_count=807 target_nonzero=0 curriculum_p50=109.0
[PROGRESS] env_steps=98304 iteration=4.690s throughput=20958.9
[HOLOSOMA_PARITY] actor_hidden_dims=[512,256,128] critic_hidden_dims=[512,256,128] activation=ELU init_noise_std=1.0 num_steps_per_env=24 num_learning_epochs=5 num_mini_batches=4 clip_param=0.2 gamma=0.99 lam=0.95 value_loss_coef=1.0 entropy_coef=0.005 actor_learning_rate=0.001 critic_learning_rate=0.001 actor_weight_decay=0.0 critic_weight_decay=0.0 max_grad_norm=1.0 schedule=adaptive desired_kl=0.01 empirical_normalization=true use_symmetry=false
[HOLOSOMA_PARITY] static_sha256=9dddf13a81c0f094c8a6a4cbdb5cc0bef77c6a1372b10de2292a2fa70804e701 upstream_commit=c5c836c68f423ac4565f57801ff4ff47ea56e5ac verified=true
 Learning iteration 1/500 
Computation: 27287 steps/s (Collection: 3.448s, Learning 0.155s)
Value: 0.1277
Surrogate: -0.0139
Entropy: 40.8844
KL: 0.0119
actor_loss: -0.2183
critic_loss: 0.1277
symmetry_actor_loss: 0.0000
symmetry_critic_loss: 0.0000
actor_learning_rate: 0.0007
critic_learning_rate: 0.0007
Policy/mean_noise_std: 0.9871
Total timesteps: 196608
[PPO_HEALTH] adv_mean=1.062e-07 adv_std=1.000000 ratio=0.999940 clip=0.183551 actor_delta=7.657e-01 critic_delta=7.743e-01 action_clip=0.000e+00 reward_identity=4.470e-08
[REWARD] total=-0.07329 anchor_pos=0.7367 anchor_ori=0.4668 body_pos=0.7340 body_ori=0.2551
[TRAIN_RESET] count=6538 phase0_frac=0.1612 p50=55.0 p95=263.0 target_count=1011 target_nonzero=0 curriculum_p50=99.0
[PROGRESS] env_steps=196608 iteration=3.611s throughput=27222.8
[HOLOSOMA_PARITY] actor_hidden_dims=[512,256,128] critic_hidden_dims=[512,256,128] activation=ELU init_noise_std=1.0 num_steps_per_env=24 num_learning_epochs=5 num_mini_batches=4 clip_param=0.2 gamma=0.99 lam=0.95 value_loss_coef=1.0 entropy_coef=0.005 actor_learning_rate=0.001 critic_learning_rate=0.001 actor_weight_decay=0.0 critic_weight_decay=0.0 max_grad_norm=1.0 schedule=adaptive desired_kl=0.01 empirical_normalization=true use_symmetry=false
[HOLOSOMA_PARITY] static_sha256=9dddf13a81c0f094c8a6a4cbdb5cc0bef77c6a1372b10de2292a2fa70804e701 upstream_commit=c5c836c68f423ac4565f57801ff4ff47ea56e5ac verified=true
 Learning iteration 2/500 
Computation: 27219 steps/s (Collection: 3.456s, Learning 0.156s)
Value: 0.1003
Surrogate: -0.0154
Entropy: 40.6139
KL: 0.0155
actor_loss: -0.2185
critic_loss: 0.1003
symmetry_actor_loss: 0.0000
symmetry_critic_loss: 0.0000
actor_learning_rate: 0.0010
critic_learning_rate: 0.0010
Policy/mean_noise_std: 0.9787
Total timesteps: 294912
[PPO_HEALTH] adv_mean=9.624e-08 adv_std=1.000000 ratio=1.000091 clip=0.236397 actor_delta=1.094e+00 critic_delta=1.092e+00 action_clip=0.000e+00 reward_identity=4.470e-08
[REWARD] total=-0.06956 anchor_pos=0.7399 anchor_ori=0.4683 body_pos=0.7355 body_ori=0.2549
[TRAIN_RESET] count=6472 phase0_frac=0.1630 p50=52.0 p95=257.0 target_count=1007 target_nonzero=0 curriculum_p50=95.0
[PROGRESS] env_steps=294912 iteration=3.620s throughput=27154.4
 Learning iteration 3/500 
Computation: 28978 steps/s (Collection: 3.236s, Learning 0.157s)
Value: 0.0806
Surrogate: -0.0161
Entropy: 40.3712
KL: 0.0156
actor_loss: -0.2180
critic_loss: 0.0806
symmetry_actor_loss: 0.0000
symmetry_critic_loss: 0.0000
actor_learning_rate: 0.0015
critic_learning_rate: 0.0015
Policy/mean_noise_std: 0.9700
Total timesteps: 393216
[PPO_HEALTH] adv_mean=-1.397e-09 adv_std=1.000000 ratio=0.999112 clip=0.239097 actor_delta=1.258e+00 critic_delta=9.151e-01 action_clip=0.000e+00 reward_identity=4.470e-08
[REWARD] total=-0.06733 anchor_pos=0.7436 anchor_ori=0.4591 body_pos=0.7362 body_ori=0.2521
[TRAIN_RESET] count=6424 phase0_frac=0.1655 p50=52.0 p95=258.0 target_count=1015 target_nonzero=0 curriculum_p50=94.0
[PROGRESS] env_steps=393216 iteration=3.401s throughput=28905.9
 Learning iteration 4/500 
Computation: 28149 steps/s (Collection: 3.335s, Learning 0.157s)
Value: 0.0674
Surrogate: -0.0169
Entropy: 40.1487
KL: 0.0143
actor_loss: -0.2176
critic_loss: 0.0674
symmetry_actor_loss: 0.0000
symmetry_critic_loss: 0.0000
actor_learning_rate: 0.0007
critic_learning_rate: 0.0007
Policy/mean_noise_std: 0.9625
Total timesteps: 491520
[PPO_HEALTH] adv_mean=6.830e-09 adv_std=1.000000 ratio=0.999853 clip=0.220894 actor_delta=8.473e-01 critic_delta=5.667e-01 action_clip=0.000e+00 reward_identity=4.470e-08
[REWARD] total=-0.06356 anchor_pos=0.7521 anchor_ori=0.4593 body_pos=0.7439 body_ori=0.2570
[TRAIN_RESET] count=6488 phase0_frac=0.1655 p50=54.0 p95=250.0 target_count=1018 target_nonzero=0 curriculum_p50=93.0
[PROGRESS] env_steps=491520 iteration=3.501s throughput=28080.4
 Learning iteration 5/500 
Computation: 27127 steps/s (Collection: 3.468s, Learning 0.156s)
Value: 0.0603
Surrogate: -0.0167
Entropy: 39.9158
KL: 0.0164
actor_loss: -0.2163
critic_loss: 0.0603
symmetry_actor_loss: 0.0000
symmetry_critic_loss: 0.0000
actor_learning_rate: 0.0001
critic_learning_rate: 0.0001
Policy/mean_noise_std: 0.9569
Total timesteps: 589824
[PPO_HEALTH] adv_mean=0.000e+00 adv_std=1.000000 ratio=0.999402 clip=0.247101 actor_delta=5.215e-01 critic_delta=3.395e-01 action_clip=0.000e+00 reward_identity=4.470e-08
[REWARD] total=-0.06097 anchor_pos=0.7580 anchor_ori=0.4644 body_pos=0.7482 body_ori=0.2623
[TRAIN_RESET] count=6678 phase0_frac=0.1655 p50=46.0 p95=256.0 target_count=1055 target_nonzero=0 curriculum_p50=87.0
[PROGRESS] env_steps=589824 iteration=3.633s throughput=27060.6
 Learning iteration 6/500 
Computation: 28030 steps/s (Collection: 3.351s, Learning 0.156s)
Value: 0.0540
Surrogate: -0.0139
Entropy: 39.7889
KL: 0.0116
actor_loss: -0.2128
critic_loss: 0.0540
symmetry_actor_loss: 0.0000
symmetry_critic_loss: 0.0000
actor_learning_rate: 0.0003
critic_learning_rate: 0.0003
Policy/mean_noise_std: 0.9510
Total timesteps: 688128
[PPO_HEALTH] adv_mean=9.313e-10 adv_std=1.000000 ratio=0.999881 clip=0.178792 actor_delta=5.019e-01 critic_delta=3.277e-01 action_clip=0.000e+00 reward_identity=4.470e-08
[REWARD] total=-0.05798 anchor_pos=0.7666 anchor_ori=0.4674 body_pos=0.7549 body_ori=0.2677
[TRAIN_RESET] count=6837 phase0_frac=0.1591 p50=51.0 p95=250.0 target_count=1054 target_nonzero=0 curriculum_p50=89.0
[PROGRESS] env_steps=688128 iteration=3.516s throughput=27961.1
 Learning iteration 7/500 
Computation: 29587 steps/s (Collection: 3.164s, Learning 0.159s)
Value: 0.0473
Surrogate: -0.0166
Entropy: 39.5907
KL: 0.0128
actor_loss: -0.2146
critic_loss: 0.0473
symmetry_actor_loss: 0.0000
symmetry_critic_loss: 0.0000
actor_learning_rate: 0.0002
critic_learning_rate: 0.0002
Policy/mean_noise_std: 0.9454
Total timesteps: 786432
[PPO_HEALTH] adv_mean=1.242e-08 adv_std=1.000000 ratio=1.000034 clip=0.194169 actor_delta=4.423e-01 critic_delta=3.171e-01 action_clip=0.000e+00 reward_identity=4.470e-08
[REWARD] total=-0.05500 anchor_pos=0.7781 anchor_ori=0.4690 body_pos=0.7624 body_ori=0.2693
[TRAIN_RESET] count=6913 phase0_frac=0.1630 p50=56.0 p95=251.0 target_count=1078 target_nonzero=0 curriculum_p50=92.0
[PROGRESS] env_steps=786432 iteration=3.331s throughput=29511.5
 Learning iteration 8/500 
Computation: 28275 steps/s (Collection: 3.321s, Learning 0.156s)
Value: 0.0423
Surrogate: -0.0159
Entropy: 39.4370
KL: 0.0123
actor_loss: -0.2131
critic_loss: 0.0423
symmetry_actor_loss: 0.0000
symmetry_critic_loss: 0.0000
actor_learning_rate: 0.0001
critic_learning_rate: 0.0001
Policy/mean_noise_std: 0.9408
Total timesteps: 884736
[PPO_HEALTH] adv_mean=1.552e-09 adv_std=1.000000 ratio=0.999449 clip=0.182638 actor_delta=3.692e-01 critic_delta=2.351e-01 action_clip=0.000e+00 reward_identity=2.980e-08
[REWARD] total=-0.05296 anchor_pos=0.7833 anchor_ori=0.4644 body_pos=0.7658 body_ori=0.2718
[TRAIN_RESET] count=7046 phase0_frac=0.1602 p50=49.0 p95=249.0 target_count=1079 target_nonzero=0 curriculum_p50=85.0
[PROGRESS] env_steps=884736 iteration=3.485s throughput=28205.0
 Learning iteration 9/500 
Computation: 28351 steps/s (Collection: 3.314s, Learning 0.154s)
Value: 0.0362
Surrogate: -0.0151
Entropy: 39.3045
KL: 0.0151
actor_loss: -0.2117
critic_loss: 0.0362
symmetry_actor_loss: 0.0000
symmetry_critic_loss: 0.0000
actor_learning_rate: 0.0000
critic_learning_rate: 0.0000
Policy/mean_noise_std: 0.9373
Total timesteps: 983040
[PPO_HEALTH] adv_mean=-1.024e-08 adv_std=1.000000 ratio=1.000315 clip=0.222003 actor_delta=2.965e-01 critic_delta=1.691e-01 action_clip=0.000e+00 reward_identity=2.980e-08
[REWARD] total=-0.04995 anchor_pos=0.7946 anchor_ori=0.4726 body_pos=0.7759 body_ori=0.2810
[TRAIN_RESET] count=7248 phase0_frac=0.1588 p50=56.0 p95=253.0 target_count=1092 target_nonzero=0 curriculum_p50=92.0
[PROGRESS] env_steps=983040 iteration=3.476s throughput=28278.6
 Learning iteration 10/500 
Computation: 27446 steps/s (Collection: 3.428s, Learning 0.154s)
Value: 0.0316
Surrogate: -0.0122
Entropy: 39.2019
KL: 0.0164
actor_loss: -0.2082
critic_loss: 0.0316
symmetry_actor_loss: 0.0000
symmetry_critic_loss: 0.0000
actor_learning_rate: 0.0000
critic_learning_rate: 0.0000
Policy/mean_noise_std: 0.9337
Total timesteps: 1081344
[PPO_HEALTH] adv_mean=8.071e-09 adv_std=1.000000 ratio=0.998851 clip=0.227478 actor_delta=3.573e-01 critic_delta=1.740e-01 action_clip=0.000e+00 reward_identity=4.470e-08
[REWARD] total=-0.04861 anchor_pos=0.7989 anchor_ori=0.4663 body_pos=0.7787 body_ori=0.2827
[TRAIN_RESET] count=7429 phase0_frac=0.1548 p50=52.0 p95=249.0 target_count=1102 target_nonzero=0 curriculum_p50=86.0
[PROGRESS] env_steps=1081344 iteration=3.590s throughput=27381.8
 Learning iteration 11/500 
Computation: 27616 steps/s (Collection: 3.403s, Learning 0.157s)
Value: 0.0268
Surrogate: -0.0101
Entropy: 39.1184
KL: 0.0127
actor_loss: -0.2057
critic_loss: 0.0268
symmetry_actor_loss: 0.0000
symmetry_critic_loss: 0.0000
actor_learning_rate: 0.0000
critic_learning_rate: 0.0000
Policy/mean_noise_std: 0.9311
Total timesteps: 1179648
[PPO_HEALTH] adv_mean=-7.606e-09 adv_std=1.000000 ratio=0.999787 clip=0.178646 actor_delta=2.969e-01 critic_delta=1.343e-01 action_clip=0.000e+00 reward_identity=2.980e-08
[REWARD] total=-0.04546 anchor_pos=0.8152 anchor_ori=0.4687 body_pos=0.7900 body_ori=0.2931
[TRAIN_RESET] count=7714 phase0_frac=0.1519 p50=56.0 p95=251.0 target_count=1112 target_nonzero=0 curriculum_p50=90.0
[PROGRESS] env_steps=1179648 iteration=3.568s throughput=27548.4
 Learning iteration 12/500 
Computation: 28133 steps/s (Collection: 3.338s, Learning 0.156s)
Value: 0.0220
Surrogate: -0.0111
Entropy: 39.0449
KL: 0.0125
actor_loss: -0.2063
critic_loss: 0.0220
symmetry_actor_loss: 0.0000
symmetry_critic_loss: 0.0000
actor_learning_rate: 0.0000
critic_learning_rate: 0.0000
Policy/mean_noise_std: 0.9290
Total timesteps: 1277952
[PPO_HEALTH] adv_mean=2.639e-09 adv_std=1.000000 ratio=1.000291 clip=0.176467 actor_delta=2.463e-01 critic_delta=1.017e-01 action_clip=0.000e+00 reward_identity=2.980e-08
[REWARD] total=-0.04330 anchor_pos=0.8296 anchor_ori=0.4714 body_pos=0.8021 body_ori=0.3066
[TRAIN_RESET] count=8176 phase0_frac=0.1517 p50=54.0 p95=245.0 target_count=1172 target_nonzero=0 curriculum_p50=86.0
[PROGRESS] env_steps=1277952 iteration=3.503s throughput=28060.7
 Learning iteration 13/500 
Computation: 27586 steps/s (Collection: 3.405s, Learning 0.158s)
Value: 0.0204
Surrogate: -0.0108
Entropy: 38.9803
KL: 0.0119
actor_loss: -0.2057
critic_loss: 0.0204
symmetry_actor_loss: 0.0000
symmetry_critic_loss: 0.0000
actor_learning_rate: 0.0000
critic_learning_rate: 0.0000
Policy/mean_noise_std: 0.9270
Total timesteps: 1376256
[PPO_HEALTH] adv_mean=-6.830e-09 adv_std=1.000000 ratio=0.999810 clip=0.171259 actor_delta=2.371e-01 critic_delta=1.016e-01 action_clip=0.000e+00 reward_identity=2.980e-08
[REWARD] total=-0.04122 anchor_pos=0.8427 anchor_ori=0.4715 body_pos=0.8121 body_ori=0.3167
[TRAIN_RESET] count=8459 phase0_frac=0.1474 p50=56.0 p95=247.0 target_count=1176 target_nonzero=0 curriculum_p50=88.0
[PROGRESS] env_steps=1376256 iteration=3.572s throughput=27520.5
 Learning iteration 14/500 
Computation: 28478 steps/s (Collection: 3.296s, Learning 0.156s)
Value: 0.0173
Surrogate: -0.0104
Entropy: 38.9179
KL: 0.0125
actor_loss: -0.2050
critic_loss: 0.0173
symmetry_actor_loss: 0.0000
symmetry_critic_loss: 0.0000
actor_learning_rate: 0.0000
critic_learning_rate: 0.0000
Policy/mean_noise_std: 0.9251
Total timesteps: 1474560
[PPO_HEALTH] adv_mean=-6.209e-10 adv_std=1.000000 ratio=0.999637 clip=0.176434 actor_delta=2.060e-01 critic_delta=8.833e-02 action_clip=0.000e+00 reward_identity=2.980e-08
[REWARD] total=-0.03922 anchor_pos=0.8520 anchor_ori=0.4713 body_pos=0.8209 body_ori=0.3283
[TRAIN_RESET] count=8834 phase0_frac=0.1472 p50=57.0 p95=248.0 target_count=1225 target_nonzero=0 curriculum_p50=83.0
[PROGRESS] env_steps=1474560 iteration=3.461s throughput=28405.6
 Learning iteration 15/500 
Computation: 28149 steps/s (Collection: 3.333s, Learning 0.159s)
Value: 0.0140
Surrogate: -0.0108
Entropy: 38.8582
KL: 0.0139
actor_loss: -0.2051
critic_loss: 0.0140
symmetry_actor_loss: 0.0000
symmetry_critic_loss: 0.0000
actor_learning_rate: 0.0000
critic_learning_rate: 0.0000
Policy/mean_noise_std: 0.9232
Total timesteps: 1572864
[PPO_HEALTH] adv_mean=-1.614e-08 adv_std=1.000000 ratio=0.999508 clip=0.190674 actor_delta=2.134e-01 critic_delta=8.162e-02 action_clip=0.000e+00 reward_identity=2.980e-08
[REWARD] total=-0.03762 anchor_pos=0.8592 anchor_ori=0.4762 body_pos=0.8281 body_ori=0.3430
[TRAIN_RESET] count=9268 phase0_frac=0.1413 p50=51.0 p95=252.0 target_count=1239 target_nonzero=0 curriculum_p50=79.0
[PROGRESS] env_steps=1572864 iteration=3.501s throughput=28080.3
 Learning iteration 16/500 
Computation: 28452 steps/s (Collection: 3.301s, Learning 0.154s)
Value: 0.0124
Surrogate: -0.0113
Entropy: 38.7973
KL: 0.0126
actor_loss: -0.2053
critic_loss: 0.0124
symmetry_actor_loss: 0.0000
symmetry_critic_loss: 0.0000
actor_learning_rate: 0.0000
critic_learning_rate: 0.0000
Policy/mean_noise_std: 0.9212
Total timesteps: 1671168
[PPO_HEALTH] adv_mean=9.934e-09 adv_std=1.000000 ratio=0.999479 clip=0.177706 actor_delta=2.080e-01 critic_delta=7.546e-02 action_clip=0.000e+00 reward_identity=2.980e-08
[REWARD] total=-0.03547 anchor_pos=0.8688 anchor_ori=0.4751 body_pos=0.8361 body_ori=0.3545
[TRAIN_RESET] count=9583 phase0_frac=0.1377 p50=60.0 p95=252.0 target_count=1241 target_nonzero=0 curriculum_p50=86.0
[PROGRESS] env_steps=1671168 iteration=3.464s throughput=28380.7
 Learning iteration 17/500 
Computation: 28379 steps/s (Collection: 3.310s, Learning 0.154s)
Value: 0.0100
Surrogate: -0.0129
Entropy: 38.7323
KL: 0.0132
actor_loss: -0.2065
critic_loss: 0.0100
symmetry_actor_loss: 0.0000
symmetry_critic_loss: 0.0000
actor_learning_rate: 0.0000
critic_learning_rate: 0.0000
Policy/mean_noise_std: 0.9192
Total timesteps: 1769472
[PPO_HEALTH] adv_mean=-5.277e-09 adv_std=1.000000 ratio=0.999820 clip=0.188420 actor_delta=2.060e-01 critic_delta=6.910e-02 action_clip=0.000e+00 reward_identity=2.980e-08
[REWARD] total=-0.03388 anchor_pos=0.8737 anchor_ori=0.4749 body_pos=0.8417 body_ori=0.3666
[TRAIN_RESET] count=9931 phase0_frac=0.1384 p50=55.0 p95=248.0 target_count=1298 target_nonzero=0 curriculum_p50=82.0
[PROGRESS] env_steps=1769472 iteration=3.472s throughput=28309.6
 Learning iteration 18/500 
Computation: 28844 steps/s (Collection: 3.251s, Learning 0.157s)
Value: 0.0086
Surrogate: -0.0132
Entropy: 38.6679
KL: 0.0117
actor_loss: -0.2066
critic_loss: 0.0086
symmetry_actor_loss: 0.0000
symmetry_critic_loss: 0.0000
actor_learning_rate: 0.0000
critic_learning_rate: 0.0000
Policy/mean_noise_std: 0.9170
Total timesteps: 1867776
[PPO_HEALTH] adv_mean=-5.588e-09 adv_std=1.000000 ratio=0.999528 clip=0.168504 actor_delta=2.063e-01 critic_delta=7.128e-02 action_clip=0.000e+00 reward_identity=2.980e-08
[REWARD] total=-0.03203 anchor_pos=0.8791 anchor_ori=0.4779 body_pos=0.8471 body_ori=0.3772
[TRAIN_RESET] count=10163 phase0_frac=0.1353 p50=55.0 p95=250.0 target_count=1300 target_nonzero=0 curriculum_p50=81.0
[PROGRESS] env_steps=1867776 iteration=3.417s throughput=28772.7
 Learning iteration 19/500 
Computation: 28837 steps/s (Collection: 3.255s, Learning 0.153s)
Value: 0.0077
Surrogate: -0.0160
Entropy: 38.5881
KL: 0.0103
actor_loss: -0.2090
critic_loss: 0.0077
symmetry_actor_loss: 0.0000
symmetry_critic_loss: 0.0000
actor_learning_rate: 0.0001
critic_learning_rate: 0.0001
Policy/mean_noise_std: 0.9140
Total timesteps: 1966080
[PPO_HEALTH] adv_mean=-2.685e-08 adv_std=1.000000 ratio=1.000616 clip=0.153245 actor_delta=2.473e-01 critic_delta=7.704e-02 action_clip=0.000e+00 reward_identity=2.980e-08
[REWARD] total=-0.03067 anchor_pos=0.8800 anchor_ori=0.4797 body_pos=0.8491 body_ori=0.3830
[TRAIN_RESET] count=10279 phase0_frac=0.1323 p50=55.0 p95=250.0 target_count=1289 target_nonzero=0 curriculum_p50=79.0
[PROGRESS] env_steps=1966080 iteration=3.418s throughput=28762.4
 Learning iteration 20/500 
Computation: 28525 steps/s (Collection: 3.289s, Learning 0.157s)
Value: 0.0072
Surrogate: -0.0161
Entropy: 38.5002
KL: 0.0104
actor_loss: -0.2086
critic_loss: 0.0072
symmetry_actor_loss: 0.0000
symmetry_critic_loss: 0.0000
actor_learning_rate: 0.0001
critic_learning_rate: 0.0001
Policy/mean_noise_std: 0.9117
Total timesteps: 2064384
[PPO_HEALTH] adv_mean=1.490e-08 adv_std=1.000000 ratio=1.000104 clip=0.145487 actor_delta=2.007e-01 critic_delta=5.771e-02 action_clip=0.000e+00 reward_identity=2.980e-08
[REWARD] total=-0.02910 anchor_pos=0.8834 anchor_ori=0.4811 body_pos=0.8521 body_ori=0.3887
[TRAIN_RESET] count=10432 phase0_frac=0.1367 p50=54.0 p95=251.0 target_count=1332 target_nonzero=0 curriculum_p50=79.0
[PROGRESS] env_steps=2064384 iteration=3.455s throughput=28454.7
 Learning iteration 21/500 
Computation: 28569 steps/s (Collection: 3.280s, Learning 0.161s)
Value: 0.0065
Surrogate: -0.0162
Entropy: 38.4313
KL: 0.0107
actor_loss: -0.2083
critic_loss: 0.0065
symmetry_actor_loss: 0.0000
symmetry_critic_loss: 0.0000
actor_learning_rate: 0.0001
critic_learning_rate: 0.0001
Policy/mean_noise_std: 0.9096
Total timesteps: 2162688
[PPO_HEALTH] adv_mean=1.304e-08 adv_std=1.000000 ratio=0.999387 clip=0.154051 actor_delta=1.977e-01 critic_delta=5.086e-02 action_clip=0.000e+00 reward_identity=2.980e-08
[REWARD] total=-0.02772 anchor_pos=0.8852 anchor_ori=0.4831 body_pos=0.8537 body_ori=0.3951
[TRAIN_RESET] count=10579 phase0_frac=0.1316 p50=54.0 p95=251.0 target_count=1323 target_nonzero=0 curriculum_p50=79.0
[PROGRESS] env_steps=2162688 iteration=3.449s throughput=28499.6
 Learning iteration 22/500 
Computation: 28738 steps/s (Collection: 3.264s, Learning 0.156s)
Value: 0.0056
Surrogate: -0.0169
Entropy: 38.3571
KL: 0.0105
actor_loss: -0.2087
critic_loss: 0.0056
symmetry_actor_loss: 0.0000
symmetry_critic_loss: 0.0000
actor_learning_rate: 0.0001
critic_learning_rate: 0.0001
Policy/mean_noise_std: 0.9069
Total timesteps: 2260992
[PPO_HEALTH] adv_mean=-1.304e-08 adv_std=1.000000 ratio=0.999552 clip=0.151351 actor_delta=2.293e-01 critic_delta=6.280e-02 action_clip=0.000e+00 reward_identity=2.980e-08
[REWARD] total=-0.02630 anchor_pos=0.8872 anchor_ori=0.4846 body_pos=0.8556 body_ori=0.3993
[TRAIN_RESET] count=10667 phase0_frac=0.1321 p50=57.0 p95=249.0 target_count=1329 target_nonzero=0 curriculum_p50=79.0
[PROGRESS] env_steps=2260992 iteration=3.429s throughput=28666.3
 Learning iteration 23/500 
Computation: 29178 steps/s (Collection: 3.214s, Learning 0.155s)
Value: 0.0051
Surrogate: -0.0192
Entropy: 38.2521
KL: 0.0118
actor_loss: -0.2104
critic_loss: 0.0051
symmetry_actor_loss: 0.0000
symmetry_critic_loss: 0.0000
actor_learning_rate: 0.0001
critic_learning_rate: 0.0001
Policy/mean_noise_std: 0.9030
Total timesteps: 2359296
[PPO_HEALTH] adv_mean=-2.173e-08 adv_std=1.000000 ratio=0.999751 clip=0.177704 actor_delta=2.909e-01 critic_delta=8.230e-02 action_clip=0.000e+00 reward_identity=2.980e-08
[REWARD] total=-0.02486 anchor_pos=0.8879 anchor_ori=0.4865 body_pos=0.8570 body_ori=0.4068
[TRAIN_RESET] count=10876 phase0_frac=0.1307 p50=52.0 p95=250.0 target_count=1333 target_nonzero=0 curriculum_p50=76.0
[PROGRESS] env_steps=2359296 iteration=3.378s throughput=29102.4
 Learning iteration 24/500 
Computation: 29276 steps/s (Collection: 3.203s, Learning 0.155s)
Value: 0.0047
Surrogate: -0.0212
Entropy: 38.1155
KL: 0.0112
actor_loss: -0.2117
critic_loss: 0.0047
symmetry_actor_loss: 0.0000
symmetry_critic_loss: 0.0000
actor_learning_rate: 0.0001
critic_learning_rate: 0.0001
Policy/mean_noise_std: 0.8987
Total timesteps: 2457600
[PPO_HEALTH] adv_mean=6.830e-09 adv_std=1.000000 ratio=0.999221 clip=0.169096 actor_delta=2.995e-01 critic_delta=8.210e-02 action_clip=0.000e+00 reward_identity=2.235e-08
[REWARD] total=-0.02324 anchor_pos=0.8910 anchor_ori=0.4879 body_pos=0.8591 body_ori=0.4123
[TRAIN_RESET] count=10968 phase0_frac=0.1307 p50=49.0 p95=246.0 target_count=1349 target_nonzero=0 curriculum_p50=73.0
[PROGRESS] env_steps=2457600 iteration=3.367s throughput=29199.9
 Learning iteration 25/500 
Computation: 28017 steps/s (Collection: 3.353s, Learning 0.156s)
Value: 0.0042
Surrogate: -0.0210
Entropy: 37.9816
KL: 0.0113
actor_loss: -0.2109
critic_loss: 0.0042
symmetry_actor_loss: 0.0000
symmetry_critic_loss: 0.0000
actor_learning_rate: 0.0001
critic_learning_rate: 0.0001
Policy/mean_noise_std: 0.8946
Total timesteps: 2555904
[PPO_HEALTH] adv_mean=-4.377e-08 adv_std=1.000000 ratio=1.000098 clip=0.169607 actor_delta=2.897e-01 critic_delta=7.099e-02 action_clip=0.000e+00 reward_identity=2.980e-08
[REWARD] total=-0.02124 anchor_pos=0.8921 anchor_ori=0.4893 body_pos=0.8605 body_ori=0.4163
[TRAIN_RESET] count=11149 phase0_frac=0.1284 p50=54.0 p95=247.0 target_count=1330 target_nonzero=0 curriculum_p50=75.0
[PROGRESS] env_steps=2555904 iteration=3.517s throughput=27948.4
 Learning iteration 26/500 
Computation: 29422 steps/s (Collection: 3.186s, Learning 0.155s)
Value: 0.0038
Surrogate: -0.0208
Entropy: 37.8559
KL: 0.0109
actor_loss: -0.2100
critic_loss: 0.0038
symmetry_actor_loss: 0.0000
symmetry_critic_loss: 0.0000
actor_learning_rate: 0.0001
critic_learning_rate: 0.0001
Policy/mean_noise_std: 0.8912
Total timesteps: 2654208
[PPO_HEALTH] adv_mean=-2.670e-08 adv_std=1.000000 ratio=0.999996 clip=0.159243 actor_delta=2.459e-01 critic_delta=5.456e-02 action_clip=0.000e+00 reward_identity=2.235e-08
[REWARD] total=-0.01918 anchor_pos=0.8949 anchor_ori=0.4914 body_pos=0.8631 body_ori=0.4229
[TRAIN_RESET] count=11201 phase0_frac=0.1287 p50=53.0 p95=249.0 target_count=1341 target_nonzero=0 curriculum_p50=75.0
[PROGRESS] env_steps=2654208 iteration=3.350s throughput=29348.6
 Learning iteration 27/500 
Computation: 28087 steps/s (Collection: 3.347s, Learning 0.153s)
Value: 0.0036
Surrogate: -0.0191
Entropy: 37.7571
KL: 0.0105
actor_loss: -0.2079
critic_loss: 0.0036
symmetry_actor_loss: 0.0000
symmetry_critic_loss: 0.0000
actor_learning_rate: 0.0001
critic_learning_rate: 0.0001
Policy/mean_noise_std: 0.8883
Total timesteps: 2752512
[PPO_HEALTH] adv_mean=1.552e-09 adv_std=1.000000 ratio=0.999382 clip=0.153406 actor_delta=2.378e-01 critic_delta=4.636e-02 action_clip=0.000e+00 reward_identity=2.980e-08
[REWARD] total=-0.01780 anchor_pos=0.8964 anchor_ori=0.4915 body_pos=0.8646 body_ori=0.4267
[TRAIN_RESET] count=11302 phase0_frac=0.1255 p50=52.0 p95=249.0 target_count=1341 target_nonzero=0 curriculum_p50=74.0
[PROGRESS] env_steps=2752512 iteration=3.508s throughput=28020.4
 Learning iteration 28/500 
Computation: 28864 steps/s (Collection: 3.250s, Learning 0.156s)
Value: 0.0034
Surrogate: -0.0190
Entropy: 37.6595
KL: 0.0109
actor_loss: -0.2073
critic_loss: 0.0034
symmetry_actor_loss: 0.0000
symmetry_critic_loss: 0.0000
actor_learning_rate: 0.0001
critic_learning_rate: 0.0001
Policy/mean_noise_std: 0.8853
Total timesteps: 2850816
[PPO_HEALTH] adv_mean=1.397e-08 adv_std=1.000000 ratio=0.999598 clip=0.158677 actor_delta=2.362e-01 critic_delta=4.360e-02 action_clip=0.000e+00 reward_identity=2.980e-08
[REWARD] total=-0.01642 anchor_pos=0.8969 anchor_ori=0.4932 body_pos=0.8646 body_ori=0.4306
[TRAIN_RESET] count=11434 phase0_frac=0.1253 p50=50.0 p95=248.0 target_count=1344 target_nonzero=0 curriculum_p50=72.0
[PROGRESS] env_steps=2850816 iteration=3.414s throughput=28790.9
 Learning iteration 29/500 
Computation: 28269 steps/s (Collection: 3.319s, Learning 0.159s)
Value: 0.0032
Surrogate: -0.0186
Entropy: 37.5630
KL: 0.0104
actor_loss: -0.2064
critic_loss: 0.0032
symmetry_actor_loss: 0.0000
symmetry_critic_loss: 0.0000
actor_learning_rate: 0.0001
critic_learning_rate: 0.0001
Policy/mean_noise_std: 0.8824
Total timesteps: 2949120
[PPO_HEALTH] adv_mean=1.901e-08 adv_std=1.000000 ratio=0.999312 clip=0.151211 actor_delta=2.320e-01 critic_delta=4.381e-02 action_clip=0.000e+00 reward_identity=2.235e-08
[REWARD] total=-0.01501 anchor_pos=0.8972 anchor_ori=0.4951 body_pos=0.8660 body_ori=0.4351
[TRAIN_RESET] count=11438 phase0_frac=0.1253 p50=50.0 p95=246.0 target_count=1339 target_nonzero=0 curriculum_p50=72.0
[PROGRESS] env_steps=2949120 iteration=3.486s throughput=28200.3
 Learning iteration 30/500 
Computation: 29291 steps/s (Collection: 3.202s, Learning 0.154s)
Value: 0.0030
Surrogate: -0.0189
Entropy: 37.4677
KL: 0.0112
actor_loss: -0.2062
critic_loss: 0.0030
symmetry_actor_loss: 0.0000
symmetry_critic_loss: 0.0000
actor_learning_rate: 0.0001
critic_learning_rate: 0.0001
Policy/mean_noise_std: 0.8795
Total timesteps: 3047424
[PPO_HEALTH] adv_mean=1.211e-08 adv_std=1.000000 ratio=1.000110 clip=0.161719 actor_delta=2.290e-01 critic_delta=4.236e-02 action_clip=0.000e+00 reward_identity=2.980e-08
[REWARD] total=-0.01381 anchor_pos=0.8991 anchor_ori=0.5006 body_pos=0.8677 body_ori=0.4395
[TRAIN_RESET] count=11631 phase0_frac=0.1223 p50=49.0 p95=254.0 target_count=1336 target_nonzero=0 curriculum_p50=70.0
[PROGRESS] env_steps=3047424 iteration=3.365s throughput=29215.5
 Learning iteration 31/500 
Computation: 28820 steps/s (Collection: 3.258s, Learning 0.153s)
Value: 0.0029
Surrogate: -0.0193
Entropy: 37.3646
KL: 0.0114
actor_loss: -0.2062
critic_loss: 0.0029
symmetry_actor_loss: 0.0000
symmetry_critic_loss: 0.0000
actor_learning_rate: 0.0001
critic_learning_rate: 0.0001
Policy/mean_noise_std: 0.8758
Total timesteps: 3145728
[PPO_HEALTH] adv_mean=-1.552e-10 adv_std=1.000000 ratio=0.999715 clip=0.170286 actor_delta=2.668e-01 critic_delta=5.319e-02 action_clip=0.000e+00 reward_identity=2.235e-08
[REWARD] total=-0.01227 anchor_pos=0.8995 anchor_ori=0.5003 body_pos=0.8683 body_ori=0.4421
[TRAIN_RESET] count=11591 phase0_frac=0.1248 p50=49.0 p95=250.0 target_count=1357 target_nonzero=0 curriculum_p50=71.0
[PROGRESS] env_steps=3145728 iteration=3.420s throughput=28747.0
 Learning iteration 32/500 
Computation: 28742 steps/s (Collection: 3.266s, Learning 0.154s)
Value: 0.0027
Surrogate: -0.0208
Entropy: 37.2354
KL: 0.0115
actor_loss: -0.2070
critic_loss: 0.0027
symmetry_actor_loss: 0.0000
symmetry_critic_loss: 0.0000
actor_learning_rate: 0.0001
critic_learning_rate: 0.0001
Policy/mean_noise_std: 0.8719
Total timesteps: 3244032
[PPO_HEALTH] adv_mean=-2.856e-08 adv_std=1.000000 ratio=0.999068 clip=0.174103 actor_delta=2.696e-01 critic_delta=5.374e-02 action_clip=0.000e+00 reward_identity=2.235e-08
[REWARD] total=-0.01102 anchor_pos=0.8999 anchor_ori=0.5033 body_pos=0.8686 body_ori=0.4453
[TRAIN_RESET] count=11712 phase0_frac=0.1238 p50=49.0 p95=250.0 target_count=1330 target_nonzero=0 curriculum_p50=69.0
[PROGRESS] env_steps=3244032 iteration=3.429s throughput=28671.2
 Learning iteration 33/500 
Computation: 28506 steps/s (Collection: 3.294s, Learning 0.154s)
Value: 0.0026
Surrogate: -0.0222
Entropy: 37.0933
KL: 0.0133
actor_loss: -0.2077
critic_loss: 0.0026
symmetry_actor_loss: 0.0000
symmetry_critic_loss: 0.0000
actor_learning_rate: 0.0002
critic_learning_rate: 0.0002
Policy/mean_noise_std: 0.8670
Total timesteps: 3342336
[PPO_HEALTH] adv_mean=1.397e-09 adv_std=1.000000 ratio=0.998876 clip=0.204787 actor_delta=3.218e-01 critic_delta=6.749e-02 action_clip=0.000e+00 reward_identity=2.235e-08
[REWARD] total=-0.00953 anchor_pos=0.9009 anchor_ori=0.5078 body_pos=0.8702 body_ori=0.4471
[TRAIN_RESET] count=11515 phase0_frac=0.1245 p50=47.0 p95=249.0 target_count=1337 target_nonzero=0 curriculum_p50=68.0
[PROGRESS] env_steps=3342336 iteration=3.457s throughput=28433.8
 Learning iteration 34/500 
Computation: 29132 steps/s (Collection: 3.221s, Learning 0.153s)
Value: 0.0024
Surrogate: -0.0244
Entropy: 36.9030
KL: 0.0141
actor_loss: -0.2089
critic_loss: 0.0024
symmetry_actor_loss: 0.0000
symmetry_critic_loss: 0.0000
actor_learning_rate: 0.0003
critic_learning_rate: 0.0003
Policy/mean_noise_std: 0.8604
Total timesteps: 3440640
[PPO_HEALTH] adv_mean=-4.967e-09 adv_std=1.000000 ratio=0.998816 clip=0.219301 actor_delta=3.931e-01 critic_delta=8.957e-02 action_clip=0.000e+00 reward_identity=2.235e-08
[REWARD] total=-0.00795 anchor_pos=0.9019 anchor_ori=0.5093 body_pos=0.8709 body_ori=0.4516
[TRAIN_RESET] count=11615 phase0_frac=0.1233 p50=47.0 p95=252.0 target_count=1323 target_nonzero=0 curriculum_p50=69.0
[PROGRESS] env_steps=3440640 iteration=3.383s throughput=29058.5
 Learning iteration 35/500 
Computation: 28915 steps/s (Collection: 3.241s, Learning 0.158s)
Value: 0.0022
Surrogate: -0.0259
Entropy: 36.6539
KL: 0.0153
actor_loss: -0.2092
critic_loss: 0.0022
symmetry_actor_loss: 0.0000
symmetry_critic_loss: 0.0000
actor_learning_rate: 0.0002
critic_learning_rate: 0.0002
Policy/mean_noise_std: 0.8535
Total timesteps: 3538944
[PPO_HEALTH] adv_mean=-3.725e-09 adv_std=1.000000 ratio=0.998224 clip=0.235669 actor_delta=3.862e-01 critic_delta=8.593e-02 action_clip=0.000e+00 reward_identity=1.490e-08
[REWARD] total=-0.00618 anchor_pos=0.9005 anchor_ori=0.5149 body_pos=0.8711 body_ori=0.4546
[TRAIN_RESET] count=11534 phase0_frac=0.1254 p50=45.0 p95=253.0 target_count=1328 target_nonzero=0 curriculum_p50=68.0
[PROGRESS] env_steps=3538944 iteration=3.409s throughput=28839.6
 Learning iteration 36/500 
Computation: 28877 steps/s (Collection: 3.249s, Learning 0.155s)
Value: 0.0021
Surrogate: -0.0238
Entropy: 36.4524
KL: 0.0143
actor_loss: -0.2060
critic_loss: 0.0021
symmetry_actor_loss: 0.0000
symmetry_critic_loss: 0.0000
actor_learning_rate: 0.0003
critic_learning_rate: 0.0003
Policy/mean_noise_std: 0.8471
Total timesteps: 3637248
[PPO_HEALTH] adv_mean=-2.049e-08 adv_std=1.000000 ratio=0.998572 clip=0.220522 actor_delta=3.792e-01 critic_delta=7.349e-02 action_clip=0.000e+00 reward_identity=1.490e-08
[REWARD] total=-0.00437 anchor_pos=0.9013 anchor_ori=0.5192 body_pos=0.8719 body_ori=0.4577
[TRAIN_RESET] count=11556 phase0_frac=0.1211 p50=47.0 p95=253.0 target_count=1308 target_nonzero=0 curriculum_p50=69.0
[PROGRESS] env_steps=3637248 iteration=3.413s throughput=28804.6
 Learning iteration 37/500 
Computation: 28792 steps/s (Collection: 3.253s, Learning 0.161s)
Value: 0.0021
Surrogate: -0.0223
Entropy: 36.2493
KL: 0.0138
actor_loss: -0.2036
critic_loss: 0.0021
symmetry_actor_loss: 0.0000
symmetry_critic_loss: 0.0000
actor_learning_rate: 0.0002
critic_learning_rate: 0.0002
Policy/mean_noise_std: 0.8422
Total timesteps: 3735552
[PPO_HEALTH] adv_mean=2.484e-09 adv_std=1.000000 ratio=0.998480 clip=0.206730 actor_delta=2.998e-01 critic_delta=5.585e-02 action_clip=0.000e+00 reward_identity=1.490e-08
[REWARD] total=-0.00282 anchor_pos=0.9033 anchor_ori=0.5205 body_pos=0.8728 body_ori=0.4591
[TRAIN_RESET] count=11433 phase0_frac=0.1218 p50=49.0 p95=252.0 target_count=1310 target_nonzero=0 curriculum_p50=69.0
[PROGRESS] env_steps=3735552 iteration=3.423s throughput=28719.5
 Learning iteration 38/500 
Computation: 29368 steps/s (Collection: 3.189s, Learning 0.158s)
Value: 0.0020
Surrogate: -0.0239
Entropy: 36.0615
KL: 0.0152
actor_loss: -0.2043
critic_loss: 0.0020
symmetry_actor_loss: 0.0000
symmetry_critic_loss: 0.0000
actor_learning_rate: 0.0002
critic_learning_rate: 0.0002
Policy/mean_noise_std: 0.8363
Total timesteps: 3833856
[PPO_HEALTH] adv_mean=-6.209e-09 adv_std=1.000000 ratio=0.998940 clip=0.233521 actor_delta=3.425e-01 critic_delta=6.438e-02 action_clip=0.000e+00 reward_identity=2.235e-08
[REWARD] total=-0.00159 anchor_pos=0.9029 anchor_ori=0.5225 body_pos=0.8725 body_ori=0.4599
[TRAIN_RESET] count=11471 phase0_frac=0.1212 p50=45.0 p95=249.0 target_count=1303 target_nonzero=0 curriculum_p50=66.0
[PROGRESS] env_steps=3833856 iteration=3.356s throughput=29292.2
 Learning iteration 39/500 
Computation: 28981 steps/s (Collection: 3.238s, Learning 0.154s)
Value: 0.0020
Surrogate: -0.0229
Entropy: 35.8611
KL: 0.0150
actor_loss: -0.2022
critic_loss: 0.0020
symmetry_actor_loss: 0.0000
symmetry_critic_loss: 0.0000
actor_learning_rate: 0.0002
critic_learning_rate: 0.0002
Policy/mean_noise_std: 0.8305
Total timesteps: 3932160
[PPO_HEALTH] adv_mean=3.104e-09 adv_std=1.000000 ratio=0.998758 clip=0.227403 actor_delta=3.333e-01 critic_delta=6.332e-02 action_clip=0.000e+00 reward_identity=2.235e-08
[REWARD] total=-0.00011 anchor_pos=0.9025 anchor_ori=0.5260 body_pos=0.8731 body_ori=0.4638
[TRAIN_RESET] count=11351 phase0_frac=0.1207 p50=45.0 p95=254.0 target_count=1278 target_nonzero=0 curriculum_p50=66.0
[PROGRESS] env_steps=3932160 iteration=3.400s throughput=28910.2
 Learning iteration 40/500 
Computation: 29103 steps/s (Collection: 3.217s, Learning 0.161s)
Value: 0.0020
Surrogate: -0.0224
Entropy: 35.6600
KL: 0.0145
actor_loss: -0.2007
critic_loss: 0.0020
symmetry_actor_loss: 0.0000
symmetry_critic_loss: 0.0000
actor_learning_rate: 0.0003
critic_learning_rate: 0.0003
Policy/mean_noise_std: 0.8243
Total timesteps: 4030464
[PPO_HEALTH] adv_mean=-2.949e-09 adv_std=1.000000 ratio=0.998451 clip=0.223228 actor_delta=3.590e-01 critic_delta=7.232e-02 action_clip=0.000e+00 reward_identity=1.863e-08
[REWARD] total=0.00140 anchor_pos=0.9025 anchor_ori=0.5283 body_pos=0.8740 body_ori=0.4656
[TRAIN_RESET] count=11294 phase0_frac=0.1203 p50=45.0 p95=248.0 target_count=1275 target_nonzero=0 curriculum_p50=65.0
[PROGRESS] env_steps=4030464 iteration=3.386s throughput=29030.9
 Learning iteration 41/500 
Computation: 29106 steps/s (Collection: 3.218s, Learning 0.160s)
Value: 0.0019
Surrogate: -0.0221
Entropy: 35.4580
KL: 0.0134
actor_loss: -0.1994
critic_loss: 0.0019
symmetry_actor_loss: 0.0000
symmetry_critic_loss: 0.0000
actor_learning_rate: 0.0002
critic_learning_rate: 0.0002
Policy/mean_noise_std: 0.8195
Total timesteps: 4128768
[PPO_HEALTH] adv_mean=-2.018e-08 adv_std=1.000000 ratio=0.998134 clip=0.204016 actor_delta=2.845e-01 critic_delta=5.488e-02 action_clip=0.000e+00 reward_identity=2.235e-08
[REWARD] total=0.00279 anchor_pos=0.9028 anchor_ori=0.5275 body_pos=0.8743 body_ori=0.4666
[TRAIN_RESET] count=11112 phase0_frac=0.1206 p50=45.0 p95=251.0 target_count=1255 target_nonzero=0 curriculum_p50=66.0
[PROGRESS] env_steps=4128768 iteration=3.386s throughput=29034.2
 Learning iteration 42/500 
Computation: 28592 steps/s (Collection: 3.281s, Learning 0.157s)
Value: 0.0019
Surrogate: -0.0218
Entropy: 35.2947
KL: 0.0129
actor_loss: -0.1983
critic_loss: 0.0019
symmetry_actor_loss: 0.0000
symmetry_critic_loss: 0.0000
actor_learning_rate: 0.0002
critic_learning_rate: 0.0002
Policy/mean_noise_std: 0.8149
Total timesteps: 4227072
[PPO_HEALTH] adv_mean=-1.552e-09 adv_std=1.000000 ratio=0.998824 clip=0.198808 actor_delta=2.881e-01 critic_delta=5.407e-02 action_clip=0.000e+00 reward_identity=1.490e-08
[REWARD] total=0.00412 anchor_pos=0.9029 anchor_ori=0.5307 body_pos=0.8750 body_ori=0.4688
[TRAIN_RESET] count=10979 phase0_frac=0.1221 p50=45.0 p95=248.0 target_count=1248 target_nonzero=0 curriculum_p50=65.0
[PROGRESS] env_steps=4227072 iteration=3.447s throughput=28518.6
 Learning iteration 43/500 
Computation: 29695 steps/s (Collection: 3.150s, Learning 0.161s)
Value: 0.0019
Surrogate: -0.0196
Entropy: 35.1464
KL: 0.0119
actor_loss: -0.1953
critic_loss: 0.0019
symmetry_actor_loss: 0.0000
symmetry_critic_loss: 0.0000
actor_learning_rate: 0.0001
critic_learning_rate: 0.0001
Policy/mean_noise_std: 0.8114
Total timesteps: 4325376
[PPO_HEALTH] adv_mean=-1.987e-08 adv_std=1.000000 ratio=0.998536 clip=0.176331 actor_delta=2.286e-01 critic_delta=4.281e-02 action_clip=0.000e+00 reward_identity=1.490e-08
[REWARD] total=0.00522 anchor_pos=0.9015 anchor_ori=0.5384 body_pos=0.8751 body_ori=0.4723
[TRAIN_RESET] count=10875 phase0_frac=0.1203 p50=46.0 p95=254.0 target_count=1218 target_nonzero=0 curriculum_p50=67.0
[PROGRESS] env_steps=4325376 iteration=3.319s throughput=29616.7
 Learning iteration 44/500 
Computation: 28904 steps/s (Collection: 3.249s, Learning 0.152s)
Value: 0.0018
Surrogate: -0.0209
Entropy: 35.0147
KL: 0.0135
actor_loss: -0.1959
critic_loss: 0.0018
symmetry_actor_loss: 0.0000
symmetry_critic_loss: 0.0000
actor_learning_rate: 0.0002
critic_learning_rate: 0.0002
Policy/mean_noise_std: 0.8071
Total timesteps: 4423680
[PPO_HEALTH] adv_mean=-6.985e-09 adv_std=1.000000 ratio=0.998807 clip=0.205986 actor_delta=2.758e-01 critic_delta=5.546e-02 action_clip=0.000e+00 reward_identity=1.490e-08
[REWARD] total=0.00606 anchor_pos=0.9027 anchor_ori=0.5381 body_pos=0.8753 body_ori=0.4729
[TRAIN_RESET] count=10909 phase0_frac=0.1212 p50=44.0 p95=248.0 target_count=1233 target_nonzero=0 curriculum_p50=61.0
[PROGRESS] env_steps=4423680 iteration=3.410s throughput=28832.0
 Learning iteration 45/500 
Computation: 28823 steps/s (Collection: 3.253s, Learning 0.158s)
Value: 0.0019
Surrogate: -0.0219
Entropy: 34.8492
KL: 0.0128
actor_loss: -0.1961
critic_loss: 0.0019
symmetry_actor_loss: 0.0000
symmetry_critic_loss: 0.0000
actor_learning_rate: 0.0002
critic_learning_rate: 0.0002
Policy/mean_noise_std: 0.8025
Total timesteps: 4521984
[PPO_HEALTH] adv_mean=0.000e+00 adv_std=1.000000 ratio=0.998611 clip=0.197359 actor_delta=2.811e-01 critic_delta=6.106e-02 action_clip=0.000e+00 reward_identity=1.490e-08
[REWARD] total=0.00715 anchor_pos=0.9031 anchor_ori=0.5391 body_pos=0.8761 body_ori=0.4733
[TRAIN_RESET] count=10597 phase0_frac=0.1226 p50=45.0 p95=250.0 target_count=1200 target_nonzero=0 curriculum_p50=65.0
[PROGRESS] env_steps=4521984 iteration=3.419s throughput=28751.0
 Learning iteration 46/500 
Computation: 29474 steps/s (Collection: 3.181s, Learning 0.154s)
Value: 0.0019
Surrogate: -0.0198
Entropy: 34.7046
KL: 0.0130
actor_loss: -0.1933
critic_loss: 0.0019
symmetry_actor_loss: 0.0000
symmetry_critic_loss: 0.0000
actor_learning_rate: 0.0001
critic_learning_rate: 0.0001
Policy/mean_noise_std: 0.7993
Total timesteps: 4620288
[PPO_HEALTH] adv_mean=1.242e-09 adv_std=1.000000 ratio=0.998261 clip=0.192194 actor_delta=2.246e-01 critic_delta=4.586e-02 action_clip=0.000e+00 reward_identity=1.490e-08
[REWARD] total=0.00802 anchor_pos=0.9030 anchor_ori=0.5429 body_pos=0.8757 body_ori=0.4751
[TRAIN_RESET] count=10595 phase0_frac=0.1202 p50=45.0 p95=253.0 target_count=1184 target_nonzero=0 curriculum_p50=63.0
[PROGRESS] env_steps=4620288 iteration=3.344s throughput=29400.9
 Learning iteration 47/500 
Computation: 28721 steps/s (Collection: 3.267s, Learning 0.155s)
Value: 0.0019
Surrogate: -0.0204
Entropy: 34.5797
KL: 0.0132
actor_loss: -0.1933
critic_loss: 0.0019
symmetry_actor_loss: 0.0000
symmetry_critic_loss: 0.0000
actor_learning_rate: 0.0002
critic_learning_rate: 0.0002
Policy/mean_noise_std: 0.7952
Total timesteps: 4718592
[PPO_HEALTH] adv_mean=-4.346e-09 adv_std=1.000000 ratio=0.998394 clip=0.203784 actor_delta=2.687e-01 critic_delta=5.709e-02 action_clip=0.000e+00 reward_identity=1.490e-08
[REWARD] total=0.00874 anchor_pos=0.9033 anchor_ori=0.5465 body_pos=0.8762 body_ori=0.4759
[TRAIN_RESET] count=10409 phase0_frac=0.1228 p50=44.0 p95=252.0 target_count=1176 target_nonzero=0 curriculum_p50=62.0
[PROGRESS] env_steps=4718592 iteration=3.432s throughput=28646.5
 Learning iteration 48/500 
Computation: 29317 steps/s (Collection: 3.199s, Learning 0.154s)
Value: 0.0019
Surrogate: -0.0205
Entropy: 34.4392
KL: 0.0122
actor_loss: -0.1927
critic_loss: 0.0019
symmetry_actor_loss: 0.0000
symmetry_critic_loss: 0.0000
actor_learning_rate: 0.0001
critic_learning_rate: 0.0001
Policy/mean_noise_std: 0.7920
Total timesteps: 4816896
[PPO_HEALTH] adv_mean=-9.391e-09 adv_std=1.000000 ratio=0.998681 clip=0.183472 actor_delta=2.216e-01 critic_delta=4.779e-02 action_clip=0.000e+00 reward_identity=1.490e-08
[REWARD] total=0.00969 anchor_pos=0.9004 anchor_ori=0.5511 body_pos=0.8759 body_ori=0.4770
[TRAIN_RESET] count=10232 phase0_frac=0.1217 p50=44.0 p95=253.0 target_count=1161 target_nonzero=0 curriculum_p50=62.0
[PROGRESS] env_steps=4816896 iteration=3.362s throughput=29241.4
 Learning iteration 49/500 
Computation: 28620 steps/s (Collection: 3.282s, Learning 0.153s)
Value: 0.0020
Surrogate: -0.0203
Entropy: 34.3144
KL: 0.0133
actor_loss: -0.1918
critic_loss: 0.0020
symmetry_actor_loss: 0.0000
symmetry_critic_loss: 0.0000
actor_learning_rate: 0.0002
critic_learning_rate: 0.0002
Policy/mean_noise_std: 0.7880
Total timesteps: 4915200
[PPO_HEALTH] adv_mean=5.588e-09 adv_std=1.000000 ratio=0.998273 clip=0.202020 actor_delta=2.655e-01 critic_delta=6.229e-02 action_clip=0.000e+00 reward_identity=1.490e-08
[REWARD] total=0.01033 anchor_pos=0.8994 anchor_ori=0.5522 body_pos=0.8751 body_ori=0.4752
[TRAIN_RESET] count=10024 phase0_frac=0.1231 p50=45.0 p95=256.0 target_count=1153 target_nonzero=0 curriculum_p50=65.0
[PROGRESS] env_steps=4915200 iteration=3.444s throughput=28547.5
[VALIDATION_START] update=50 max_steps=500 envs=4096 fixed_seed=0
[VALIDATION_RESET_START]
[VALIDATION_RESET_DONE] time=8.213s
[VALIDATION_PROGRESS] step=1/500 done=0.00000 alive=1.00000 elapsed=0.209s
[VALIDATION_PROGRESS] step=9/500 done=1.00000 alive=0.00000 elapsed=0.906s
[VALIDATION_DONE] update=50 time=16.752s
[VAL] steps_mean=9.00 steps_min=9 steps_p50=9 steps_p95=9 steps_max=9 return=0.70651 done=1.00000
[VAL_OUTCOME] failure=1.00000 motion_complete=0.00000 time_out=0.00000 censored=0.00000 reference_progress=0.02778
[VAL_CAUSE] anchor_pos_bad=0.00000 anchor_ori_bad=0.00000 ee_body_bad=1.00000 failure_phase_p50=9.0 completion_phase_p50=-1.0
[VAL_RESET] root_pos=0.000000 root_ori=0.000deg anchor_pos=0.010002 anchor_ori=0.000deg joint_pos=0.000000 joint_vel=0.000000 body_pos=0.002920 body_ori=0.000deg
[VAL_TRACKING] joint_pos_mae=0.096771 joint_vel_mae=1.375857 root_lin_mae=0.502387 root_ang_mae=0.733358 pd_target_ref_now=0.289456 pd_target_ref_next=0.300576 torso_ori=6.015deg left_wrist_ori=4.501deg right_wrist_ori=6.773deg
[VAL_DYNAMICS] action_delta=0.101176 action_delta_p95=0.146938 action_d2=0.048685 action_d2_p95=0.119156 joint_vel_jump=0.428197 root_lin_jump=0.128858 root_ang_jump=0.301089 initial_action_delta=0.240217
 Learning iteration 50/500 
Computation: 27981 steps/s (Collection: 3.354s, Learning 0.159s)
Value: 0.0019
Surrogate: -0.0191
Entropy: 34.1763
KL: 0.0125
actor_loss: -0.1900
critic_loss: 0.0019
symmetry_actor_loss: 0.0000
symmetry_critic_loss: 0.0000
actor_learning_rate: 0.0001
critic_learning_rate: 0.0001
Policy/mean_noise_std: 0.7849
Total timesteps: 5013504
[PPO_HEALTH] adv_mean=-1.863e-09 adv_std=1.000000 ratio=0.998042 clip=0.185887 actor_delta=2.182e-01 critic_delta=5.099e-02 action_clip=0.000e+00 reward_identity=1.490e-08
[REWARD] total=0.01112 anchor_pos=0.8982 anchor_ori=0.5599 body_pos=0.8757 body_ori=0.4804
[TRAIN_RESET] count=9929 phase0_frac=0.1231 p50=44.0 p95=247.0 target_count=1117 target_nonzero=0 curriculum_p50=60.0
[PROGRESS] env_steps=5013504 iteration=3.522s throughput=27912.1
 Learning iteration 51/500 
Computation: 29275 steps/s (Collection: 3.200s, Learning 0.158s)
Value: 0.0020
Surrogate: -0.0187
Entropy: 34.0708
KL: 0.0125
actor_loss: -0.1890
critic_loss: 0.0020
symmetry_actor_loss: 0.0000
symmetry_critic_loss: 0.0000
actor_learning_rate: 0.0001
critic_learning_rate: 0.0001
Policy/mean_noise_std: 0.7821
Total timesteps: 5111808
[PPO_HEALTH] adv_mean=-7.761e-09 adv_std=1.000000 ratio=0.998343 clip=0.187931 actor_delta=2.137e-01 critic_delta=4.843e-02 action_clip=0.000e+00 reward_identity=1.490e-08
[REWARD] total=0.01177 anchor_pos=0.8970 anchor_ori=0.5618 body_pos=0.8758 body_ori=0.4802
[TRAIN_RESET] count=9815 phase0_frac=0.1214 p50=44.0 p95=247.0 target_count=1111 target_nonzero=0 curriculum_p50=59.0
[PROGRESS] env_steps=5111808 iteration=3.367s throughput=29200.4
 Learning iteration 52/500 
Computation: 29141 steps/s (Collection: 3.218s, Learning 0.156s)
Value: 0.0021
Surrogate: -0.0177
Entropy: 33.9668
KL: 0.0121
actor_loss: -0.1875
critic_loss: 0.0021
symmetry_actor_loss: 0.0000
symmetry_critic_loss: 0.0000
actor_learning_rate: 0.0001
critic_learning_rate: 0.0001
Policy/mean_noise_std: 0.7793
Total timesteps: 5210112
[PPO_HEALTH] adv_mean=8.382e-09 adv_std=1.000000 ratio=0.998140 clip=0.181691 actor_delta=2.120e-01 critic_delta=5.523e-02 action_clip=0.000e+00 reward_identity=1.490e-08
[REWARD] total=0.01242 anchor_pos=0.8975 anchor_ori=0.5620 body_pos=0.8761 body_ori=0.4808
[TRAIN_RESET] count=9509 phase0_frac=0.1215 p50=45.0 p95=248.0 target_count=1079 target_nonzero=0 curriculum_p50=65.0
[PROGRESS] env_steps=5210112 iteration=3.382s throughput=29067.0
 Learning iteration 53/500 
Computation: 28739 steps/s (Collection: 3.265s, Learning 0.155s)
Value: 0.0022
Surrogate: -0.0185
Entropy: 33.8505
KL: 0.0131
actor_loss: -0.1877
critic_loss: 0.0022
symmetry_actor_loss: 0.0000
symmetry_critic_loss: 0.0000
actor_learning_rate: 0.0002
critic_learning_rate: 0.0002
Policy/mean_noise_std: 0.7756
Total timesteps: 5308416
[PPO_HEALTH] adv_mean=1.133e-08 adv_std=1.000000 ratio=0.999238 clip=0.199902 actor_delta=2.648e-01 critic_delta=7.742e-02 action_clip=0.000e+00 reward_identity=1.490e-08
[REWARD] total=0.01297 anchor_pos=0.8950 anchor_ori=0.5650 body_pos=0.8749 body_ori=0.4775
[TRAIN_RESET] count=9234 phase0_frac=0.1236 p50=44.0 p95=250.0 target_count=1057 target_nonzero=0 curriculum_p50=63.0
[PROGRESS] env_steps=5308416 iteration=3.429s throughput=28665.5
 Learning iteration 54/500 
Computation: 28680 steps/s (Collection: 3.271s, Learning 0.157s)
Value: 0.0022
Surrogate: -0.0183
Entropy: 33.7225
KL: 0.0120
actor_loss: -0.1869
critic_loss: 0.0022
symmetry_actor_loss: 0.0000
symmetry_critic_loss: 0.0000
actor_learning_rate: 0.0001
critic_learning_rate: 0.0001
Policy/mean_noise_std: 0.7728
Total timesteps: 5406720
[PPO_HEALTH] adv_mean=-4.967e-09 adv_std=1.000000 ratio=0.998752 clip=0.180402 actor_delta=2.137e-01 critic_delta=6.162e-02 action_clip=0.000e+00 reward_identity=1.490e-08
[REWARD] total=0.01370 anchor_pos=0.8939 anchor_ori=0.5654 body_pos=0.8746 body_ori=0.4804
[TRAIN_RESET] count=9222 phase0_frac=0.1238 p50=44.0 p95=251.0 target_count=1076 target_nonzero=0 curriculum_p50=64.0
[PROGRESS] env_steps=5406720 iteration=3.436s throughput=28608.7
 Learning iteration 55/500 
Computation: 28820 steps/s (Collection: 3.255s, Learning 0.156s)
Value: 0.0024
Surrogate: -0.0184
Entropy: 33.6098
KL: 0.0135
actor_loss: -0.1865
critic_loss: 0.0024
symmetry_actor_loss: 0.0000
symmetry_critic_loss: 0.0000
actor_learning_rate: 0.0002
critic_learning_rate: 0.0002
Policy/mean_noise_std: 0.7693
Total timesteps: 5505024
[PPO_HEALTH] adv_mean=7.451e-09 adv_std=1.000000 ratio=0.998230 clip=0.206482 actor_delta=2.596e-01 critic_delta=8.208e-02 action_clip=0.000e+00 reward_identity=1.490e-08
[REWARD] total=0.01403 anchor_pos=0.8933 anchor_ori=0.5676 body_pos=0.8744 body_ori=0.4795
[TRAIN_RESET] count=8970 phase0_frac=0.1223 p50=43.0 p95=245.0 target_count=1017 target_nonzero=0 curriculum_p50=59.0
[PROGRESS] env_steps=5505024 iteration=3.419s throughput=28748.1
 Learning iteration 56/500 
Computation: 28207 steps/s (Collection: 3.330s, Learning 0.155s)
Value: 0.0024
Surrogate: -0.0177
Entropy: 33.4877
KL: 0.0124
actor_loss: -0.1852
critic_loss: 0.0024
symmetry_actor_loss: 0.0000
symmetry_critic_loss: 0.0000
actor_learning_rate: 0.0001
critic_learning_rate: 0.0001
Policy/mean_noise_std: 0.7666
Total timesteps: 5603328
[PPO_HEALTH] adv_mean=1.863e-09 adv_std=1.000000 ratio=0.999277 clip=0.185722 actor_delta=2.120e-01 critic_delta=6.811e-02 action_clip=0.000e+00 reward_identity=1.490e-08
[REWARD] total=0.01475 anchor_pos=0.8896 anchor_ori=0.5699 body_pos=0.8741 body_ori=0.4796
[TRAIN_RESET] count=8707 phase0_frac=0.1230 p50=45.0 p95=247.0 target_count=1003 target_nonzero=0 curriculum_p50=64.0
[PROGRESS] env_steps=5603328 iteration=3.494s throughput=28136.1
 Learning iteration 57/500 
Computation: 29202 steps/s (Collection: 3.210s, Learning 0.156s)
Value: 0.0025
Surrogate: -0.0182
Entropy: 33.3813
KL: 0.0131
actor_loss: -0.1851
critic_loss: 0.0025
symmetry_actor_loss: 0.0000
symmetry_critic_loss: 0.0000
actor_learning_rate: 0.0002
critic_learning_rate: 0.0002
Policy/mean_noise_std: 0.7633
Total timesteps: 5701632
[PPO_HEALTH] adv_mean=-9.313e-09 adv_std=1.000000 ratio=0.997954 clip=0.199192 actor_delta=2.592e-01 critic_delta=8.803e-02 action_clip=0.000e+00 reward_identity=1.490e-08
[REWARD] total=0.01510 anchor_pos=0.8883 anchor_ori=0.5683 body_pos=0.8733 body_ori=0.4786
[TRAIN_RESET] count=8668 phase0_frac=0.1246 p50=44.0 p95=245.0 target_count=1006 target_nonzero=0 curriculum_p50=60.0
[PROGRESS] env_steps=5701632 iteration=3.375s throughput=29128.2
 Learning iteration 58/500 
Computation: 29163 steps/s (Collection: 3.216s, Learning 0.155s)
Value: 0.0025
Surrogate: -0.0174
Entropy: 33.2630
KL: 0.0129
actor_loss: -0.1837
critic_loss: 0.0025
symmetry_actor_loss: 0.0000
symmetry_critic_loss: 0.0000
actor_learning_rate: 0.0001
critic_learning_rate: 0.0001
Policy/mean_noise_std: 0.7607
Total timesteps: 5799936
[PPO_HEALTH] adv_mean=-1.226e-08 adv_std=1.000000 ratio=0.998194 clip=0.190096 actor_delta=2.104e-01 critic_delta=7.069e-02 action_clip=0.000e+00 reward_identity=1.490e-08
[REWARD] total=0.01571 anchor_pos=0.8852 anchor_ori=0.5749 body_pos=0.8730 body_ori=0.4807
[TRAIN_RESET] count=8449 phase0_frac=0.1246 p50=43.0 p95=251.0 target_count=964 target_nonzero=0 curriculum_p50=61.0
[PROGRESS] env_steps=5799936 iteration=3.380s throughput=29088.1
 Learning iteration 59/500 
Computation: 28536 steps/s (Collection: 3.290s, Learning 0.155s)
Value: 0.0028
Surrogate: -0.0176
Entropy: 33.1595
KL: 0.0135
actor_loss: -0.1834
critic_loss: 0.0028
symmetry_actor_loss: 0.0000
symmetry_critic_loss: 0.0000
actor_learning_rate: 0.0002
critic_learning_rate: 0.0002
Policy/mean_noise_std: 0.7576
Total timesteps: 5898240
[PPO_HEALTH] adv_mean=-8.615e-09 adv_std=1.000000 ratio=0.998907 clip=0.204669 actor_delta=2.602e-01 critic_delta=9.313e-02 action_clip=0.000e+00 reward_identity=1.490e-08
[REWARD] total=0.01616 anchor_pos=0.8838 anchor_ori=0.5759 body_pos=0.8723 body_ori=0.4799
[TRAIN_RESET] count=8205 phase0_frac=0.1249 p50=43.0 p95=247.0 target_count=959 target_nonzero=0 curriculum_p50=61.0
[PROGRESS] env_steps=5898240 iteration=3.454s throughput=28463.6
 Learning iteration 60/500 
Computation: 28476 steps/s (Collection: 3.295s, Learning 0.157s)
Value: 0.0030
Surrogate: -0.0171
Entropy: 33.0468
KL: 0.0128
actor_loss: -0.1823
critic_loss: 0.0030
symmetry_actor_loss: 0.0000
symmetry_critic_loss: 0.0000
actor_learning_rate: 0.0001
critic_learning_rate: 0.0001
Policy/mean_noise_std: 0.7552
Total timesteps: 5996544
[PPO_HEALTH] adv_mean=3.260e-09 adv_std=1.000000 ratio=0.999088 clip=0.188759 actor_delta=2.142e-01 critic_delta=8.119e-02 action_clip=0.000e+00 reward_identity=1.490e-08
[REWARD] total=0.01640 anchor_pos=0.8809 anchor_ori=0.5752 body_pos=0.8712 body_ori=0.4790
[TRAIN_RESET] count=8037 phase0_frac=0.1267 p50=42.0 p95=250.0 target_count=946 target_nonzero=0 curriculum_p50=58.0
[PROGRESS] env_steps=5996544 iteration=3.461s throughput=28404.4
 Learning iteration 61/500 
Computation: 29137 steps/s (Collection: 3.219s, Learning 0.155s)
Value: 0.0030
Surrogate: -0.0172
Entropy: 32.9483
KL: 0.0131
actor_loss: -0.1819
critic_loss: 0.0030
symmetry_actor_loss: 0.0000
symmetry_critic_loss: 0.0000
actor_learning_rate: 0.0002
critic_learning_rate: 0.0002
Policy/mean_noise_std: 0.7521
Total timesteps: 6094848
[PPO_HEALTH] adv_mean=-6.209e-10 adv_std=1.000000 ratio=0.998507 clip=0.197955 actor_delta=2.616e-01 critic_delta=1.036e-01 action_clip=0.000e+00 reward_identity=1.490e-08
[REWARD] total=0.01686 anchor_pos=0.8788 anchor_ori=0.5806 body_pos=0.8709 body_ori=0.4806
[TRAIN_RESET] count=7902 phase0_frac=0.1221 p50=43.0 p95=251.0 target_count=891 target_nonzero=0 curriculum_p50=59.0
[PROGRESS] env_steps=6094848 iteration=3.383s throughput=29062.5
 Learning iteration 62/500 
Computation: 28975 steps/s (Collection: 3.237s, Learning 0.156s)
Value: 0.0031
Surrogate: -0.0165
Entropy: 32.8378
KL: 0.0121
actor_loss: -0.1807
critic_loss: 0.0031
symmetry_actor_loss: 0.0000
symmetry_critic_loss: 0.0000
actor_learning_rate: 0.0001
critic_learning_rate: 0.0001
Policy/mean_noise_std: 0.7498
Total timesteps: 6193152
[PPO_HEALTH] adv_mean=3.725e-09 adv_std=1.000000 ratio=0.999025 clip=0.179116 actor_delta=2.107e-01 critic_delta=8.455e-02 action_clip=0.000e+00 reward_identity=1.490e-08
[REWARD] total=0.01708 anchor_pos=0.8752 anchor_ori=0.5834 body_pos=0.8699 body_ori=0.4799
[TRAIN_RESET] count=7668 phase0_frac=0.1266 p50=43.0 p95=245.0 target_count=899 target_nonzero=0 curriculum_p50=58.0
[PROGRESS] env_steps=6193152 iteration=3.401s throughput=28902.5
 Learning iteration 63/500 
Computation: 28400 steps/s (Collection: 3.306s, Learning 0.155s)
Value: 0.0033
Surrogate: -0.0167
Entropy: 32.7421
KL: 0.0127
actor_loss: -0.1805
critic_loss: 0.0033
symmetry_actor_loss: 0.0000
symmetry_critic_loss: 0.0000
actor_learning_rate: 0.0002
critic_learning_rate: 0.0002
Policy/mean_noise_std: 0.7469
Total timesteps: 6291456
[PPO_HEALTH] adv_mean=-9.934e-09 adv_std=1.000000 ratio=0.998458 clip=0.194297 actor_delta=2.572e-01 critic_delta=1.122e-01 action_clip=0.000e+00 reward_identity=1.490e-08
[REWARD] total=0.01747 anchor_pos=0.8720 anchor_ori=0.5828 body_pos=0.8695 body_ori=0.4807
[TRAIN_RESET] count=7527 phase0_frac=0.1255 p50=42.0 p95=251.0 target_count=875 target_nonzero=0 curriculum_p50=56.0
[PROGRESS] env_steps=6291456 iteration=3.470s throughput=28327.8
 Learning iteration 64/500 
Computation: 29077 steps/s (Collection: 3.225s, Learning 0.156s)
Value: 0.0035
Surrogate: -0.0163
Entropy: 32.6374
KL: 0.0121
actor_loss: -0.1795
critic_loss: 0.0035
symmetry_actor_loss: 0.0000
symmetry_critic_loss: 0.0000
actor_learning_rate: 0.0001
critic_learning_rate: 0.0001
Policy/mean_noise_std: 0.7446
Total timesteps: 6389760
[PPO_HEALTH] adv_mean=0.000e+00 adv_std=1.000000 ratio=0.999898 clip=0.179600 actor_delta=2.104e-01 critic_delta=9.855e-02 action_clip=0.000e+00 reward_identity=1.490e-08
[REWARD] total=0.01799 anchor_pos=0.8702 anchor_ori=0.5861 body_pos=0.8700 body_ori=0.4800
[TRAIN_RESET] count=7381 phase0_frac=0.1240 p50=45.0 p95=252.0 target_count=854 target_nonzero=0 curriculum_p50=64.0
[PROGRESS] env_steps=6389760 iteration=3.389s throughput=29002.9
 Learning iteration 65/500 
Computation: 28736 steps/s (Collection: 3.265s, Learning 0.156s)
Value: 0.0035
Surrogate: -0.0162
Entropy: 32.5451
KL: 0.0130
actor_loss: -0.1789
critic_loss: 0.0035
symmetry_actor_loss: 0.0000
symmetry_critic_loss: 0.0000
actor_learning_rate: 0.0002
critic_learning_rate: 0.0002
Policy/mean_noise_std: 0.7418
Total timesteps: 6488064
[PPO_HEALTH] adv_mean=-1.863e-09 adv_std=1.000000 ratio=0.999269 clip=0.194629 actor_delta=2.604e-01 critic_delta=1.273e-01 action_clip=0.000e+00 reward_identity=1.490e-08
[REWARD] total=0.01803 anchor_pos=0.8654 anchor_ori=0.5846 body_pos=0.8688 body_ori=0.4790
[TRAIN_RESET] count=7222 phase0_frac=0.1277 p50=44.0 p95=253.0 target_count=859 target_nonzero=0 curriculum_p50=62.0
[PROGRESS] env_steps=6488064 iteration=3.430s throughput=28663.3
 Learning iteration 66/500 
Computation: 28219 steps/s (Collection: 3.328s, Learning 0.156s)
Value: 0.0035
Surrogate: -0.0169
Entropy: 32.4308
KL: 0.0131
actor_loss: -0.1791
critic_loss: 0.0035
symmetry_actor_loss: 0.0000
symmetry_critic_loss: 0.0000
actor_learning_rate: 0.0002
critic_learning_rate: 0.0002
Policy/mean_noise_std: 0.7389
Total timesteps: 6586368
[PPO_HEALTH] adv_mean=-1.055e-08 adv_std=1.000000 ratio=0.998945 clip=0.196554 actor_delta=2.626e-01 critic_delta=1.300e-01 action_clip=0.000e+00 reward_identity=1.490e-08
[REWARD] total=0.01846 anchor_pos=0.8635 anchor_ori=0.5876 body_pos=0.8689 body_ori=0.4793
[TRAIN_RESET] count=7064 phase0_frac=0.1234 p50=44.0 p95=248.0 target_count=819 target_nonzero=0 curriculum_p50=60.0
[PROGRESS] env_steps=6586368 iteration=3.492s throughput=28147.7
 Learning iteration 67/500 
Computation: 28131 steps/s (Collection: 3.342s, Learning 0.153s)
Value: 0.0040
Surrogate: -0.0151
Entropy: 32.3281
KL: 0.0128
actor_loss: -0.1768
critic_loss: 0.0040
symmetry_actor_loss: 0.0000
symmetry_critic_loss: 0.0000
actor_learning_rate: 0.0001
critic_learning_rate: 0.0001
Policy/mean_noise_std: 0.7368
Total timesteps: 6684672
[PPO_HEALTH] adv_mean=3.725e-09 adv_std=1.000000 ratio=0.998586 clip=0.183262 actor_delta=2.090e-01 critic_delta=1.102e-01 action_clip=0.000e+00 reward_identity=1.490e-08
[REWARD] total=0.01903 anchor_pos=0.8639 anchor_ori=0.5915 body_pos=0.8700 body_ori=0.4832
[TRAIN_RESET] count=6892 phase0_frac=0.1265 p50=44.0 p95=249.0 target_count=811 target_nonzero=0 curriculum_p50=62.0
[PROGRESS] env_steps=6684672 iteration=3.503s throughput=28061.5
 Learning iteration 68/500 
Computation: 28255 steps/s (Collection: 3.324s, Learning 0.155s)
Value: 0.0039
Surrogate: -0.0160
Entropy: 32.2399
KL: 0.0126
actor_loss: -0.1772
critic_loss: 0.0039
symmetry_actor_loss: 0.0000
symmetry_critic_loss: 0.0000
actor_learning_rate: 0.0002
critic_learning_rate: 0.0002
Policy/mean_noise_std: 0.7341
Total timesteps: 6782976
[PPO_HEALTH] adv_mean=-1.055e-08 adv_std=1.000000 ratio=0.998289 clip=0.188320 actor_delta=2.572e-01 critic_delta=1.270e-01 action_clip=0.000e+00 reward_identity=1.490e-08
[REWARD] total=0.01917 anchor_pos=0.8590 anchor_ori=0.5924 body_pos=0.8694 body_ori=0.4831
[TRAIN_RESET] count=6737 phase0_frac=0.1239 p50=43.0 p95=251.0 target_count=786 target_nonzero=0 curriculum_p50=58.0
[PROGRESS] env_steps=6782976 iteration=3.488s throughput=28183.2
 Learning iteration 69/500 
Computation: 29113 steps/s (Collection: 3.221s, Learning 0.155s)
Value: 0.0041
Surrogate: -0.0150
Entropy: 32.1412
KL: 0.0122
actor_loss: -0.1758
critic_loss: 0.0041
symmetry_actor_loss: 0.0000
symmetry_critic_loss: 0.0000
actor_learning_rate: 0.0001
critic_learning_rate: 0.0001
Policy/mean_noise_std: 0.7321
Total timesteps: 6881280
[PPO_HEALTH] adv_mean=1.863e-09 adv_std=1.000000 ratio=0.999333 clip=0.178514 actor_delta=2.070e-01 critic_delta=1.007e-01 action_clip=0.000e+00 reward_identity=1.490e-08
[REWARD] total=0.01936 anchor_pos=0.8571 anchor_ori=0.5955 body_pos=0.8686 body_ori=0.4828
[TRAIN_RESET] count=6726 phase0_frac=0.1258 p50=44.0 p95=251.0 target_count=799 target_nonzero=0 curriculum_p50=59.0
[PROGRESS] env_steps=6881280 iteration=3.385s throughput=29038.8
 Learning iteration 70/500 
Computation: 28961 steps/s (Collection: 3.233s, Learning 0.162s)
Value: 0.0043
Surrogate: -0.0161
Entropy: 32.0540
KL: 0.0130
actor_loss: -0.1764
critic_loss: 0.0043
symmetry_actor_loss: 0.0000
symmetry_critic_loss: 0.0000
actor_learning_rate: 0.0002
critic_learning_rate: 0.0002
Policy/mean_noise_std: 0.7295
Total timesteps: 6979584
[PPO_HEALTH] adv_mean=5.588e-09 adv_std=1.000000 ratio=0.999607 clip=0.195492 actor_delta=2.559e-01 critic_delta=1.346e-01 action_clip=0.000e+00 reward_identity=1.490e-08
[REWARD] total=0.01968 anchor_pos=0.8556 anchor_ori=0.5985 body_pos=0.8687 body_ori=0.4837
[TRAIN_RESET] count=6505 phase0_frac=0.1248 p50=43.0 p95=253.0 target_count=753 target_nonzero=0 curriculum_p50=59.0
[PROGRESS] env_steps=6979584 iteration=3.403s throughput=28888.7
 Learning iteration 71/500 
Computation: 29389 steps/s (Collection: 3.189s, Learning 0.156s)
Value: 0.0044
Surrogate: -0.0162
Entropy: 31.9455
KL: 0.0134
actor_loss: -0.1759
critic_loss: 0.0044
symmetry_actor_loss: 0.0000
symmetry_critic_loss: 0.0000
actor_learning_rate: 0.0002
critic_learning_rate: 0.0002
Policy/mean_noise_std: 0.7268
Total timesteps: 7077888
[PPO_HEALTH] adv_mean=5.588e-09 adv_std=1.000000 ratio=0.998664 clip=0.200287 actor_delta=2.585e-01 critic_delta=1.507e-01 action_clip=0.000e+00 reward_identity=1.490e-08
[REWARD] total=0.02003 anchor_pos=0.8524 anchor_ori=0.5991 body_pos=0.8685 body_ori=0.4861
[TRAIN_RESET] count=6411 phase0_frac=0.1257 p50=43.0 p95=252.0 target_count=745 target_nonzero=0 curriculum_p50=59.0
[PROGRESS] env_steps=7077888 iteration=3.354s throughput=29312.2
 Learning iteration 72/500 
Computation: 28338 steps/s (Collection: 3.303s, Learning 0.166s)
Value: 0.0044
Surrogate: -0.0153
Entropy: 31.8405
KL: 0.0136
actor_loss: -0.1745
critic_loss: 0.0044
symmetry_actor_loss: 0.0000
symmetry_critic_loss: 0.0000
actor_learning_rate: 0.0002
critic_learning_rate: 0.0002
Policy/mean_noise_std: 0.7242
Total timesteps: 7176192
[PPO_HEALTH] adv_mean=-6.209e-09 adv_std=1.000000 ratio=0.999165 clip=0.201286 actor_delta=2.513e-01 critic_delta=1.417e-01 action_clip=0.000e+00 reward_identity=1.490e-08
[REWARD] total=0.02047 anchor_pos=0.8517 anchor_ori=0.6013 body_pos=0.8696 body_ori=0.4885
[TRAIN_RESET] count=6228 phase0_frac=0.1281 p50=43.0 p95=254.0 target_count=737 target_nonzero=0 curriculum_p50=60.0
[PROGRESS] env_steps=7176192 iteration=3.478s throughput=28260.7
 Learning iteration 73/500 
Computation: 28472 steps/s (Collection: 3.296s, Learning 0.156s)
Value: 0.0046
Surrogate: -0.0136
Entropy: 31.7492
KL: 0.0133
actor_loss: -0.1724
critic_loss: 0.0046
symmetry_actor_loss: 0.0000
symmetry_critic_loss: 0.0000
actor_learning_rate: 0.0001
critic_learning_rate: 0.0001
Policy/mean_noise_std: 0.7223
Total timesteps: 7274496
[PPO_HEALTH] adv_mean=1.707e-09 adv_std=1.000000 ratio=0.998751 clip=0.187691 actor_delta=1.986e-01 critic_delta=1.045e-01 action_clip=0.000e+00 reward_identity=1.490e-08
[REWARD] total=0.02079 anchor_pos=0.8452 anchor_ori=0.6050 body_pos=0.8693 body_ori=0.4894
[TRAIN_RESET] count=6056 phase0_frac=0.1290 p50=43.0 p95=246.0 target_count=722 target_nonzero=0 curriculum_p50=60.0
[PROGRESS] env_steps=7274496 iteration=3.462s throughput=28398.3
 Learning iteration 74/500 
Computation: 29311 steps/s (Collection: 3.201s, Learning 0.153s)
Value: 0.0050
Surrogate: -0.0157
Entropy: 31.6653
KL: 0.0136
actor_loss: -0.1741
critic_loss: 0.0050
symmetry_actor_loss: 0.0000
symmetry_critic_loss: 0.0000
actor_learning_rate: 0.0002
critic_learning_rate: 0.0002
Policy/mean_noise_std: 0.7198
Total timesteps: 7372800
[PPO_HEALTH] adv_mean=-5.277e-09 adv_std=1.000000 ratio=0.998425 clip=0.200254 actor_delta=2.527e-01 critic_delta=1.519e-01 action_clip=0.000e+00 reward_identity=1.490e-08
[REWARD] total=0.02081 anchor_pos=0.8410 anchor_ori=0.6052 body_pos=0.8685 body_ori=0.4887
[TRAIN_RESET] count=5924 phase0_frac=0.1246 p50=43.0 p95=252.0 target_count=692 target_nonzero=0 curriculum_p50=60.0
[PROGRESS] env_steps=7372800 iteration=3.362s throughput=29237.2
 Learning iteration 75/500 
Computation: 29305 steps/s (Collection: 3.198s, Learning 0.156s)
Value: 0.0051
Surrogate: -0.0151
Entropy: 31.5631
KL: 0.0131
actor_loss: -0.1730
critic_loss: 0.0051
symmetry_actor_loss: 0.0000
symmetry_critic_loss: 0.0000
actor_learning_rate: 0.0002
critic_learning_rate: 0.0002
Policy/mean_noise_std: 0.7173
Total timesteps: 7471104
[PPO_HEALTH] adv_mean=-9.313e-09 adv_std=1.000000 ratio=0.998016 clip=0.195457 actor_delta=2.570e-01 critic_delta=1.636e-01 action_clip=0.000e+00 reward_identity=1.490e-08
[REWARD] total=0.02103 anchor_pos=0.8362 anchor_ori=0.6049 body_pos=0.8679 body_ori=0.4898
[TRAIN_RESET] count=5770 phase0_frac=0.1296 p50=43.0 p95=251.0 target_count=695 target_nonzero=0 curriculum_p50=63.0
[PROGRESS] env_steps=7471104 iteration=3.363s throughput=29228.6
 Learning iteration 76/500 
Computation: 29685 steps/s (Collection: 3.156s, Learning 0.155s)
Value: 0.0052
Surrogate: -0.0135
Entropy: 31.4760
KL: 0.0134
actor_loss: -0.1709
critic_loss: 0.0052
symmetry_actor_loss: 0.0000
symmetry_critic_loss: 0.0000
actor_learning_rate: 0.0001
critic_learning_rate: 0.0001
Policy/mean_noise_std: 0.7156
Total timesteps: 7569408
[PPO_HEALTH] adv_mean=-8.692e-09 adv_std=1.000000 ratio=0.998593 clip=0.187671 actor_delta=1.986e-01 critic_delta=1.233e-01 action_clip=0.000e+00 reward_identity=1.490e-08
[REWARD] total=0.02135 anchor_pos=0.8347 anchor_ori=0.6090 body_pos=0.8680 body_ori=0.4908
[TRAIN_RESET] count=5612 phase0_frac=0.1258 p50=43.0 p95=251.0 target_count=655 target_nonzero=0 curriculum_p50=59.0
[PROGRESS] env_steps=7569408 iteration=3.320s throughput=29606.2
 Learning iteration 77/500 
Computation: 29735 steps/s (Collection: 3.153s, Learning 0.153s)
Value: 0.0054
Surrogate: -0.0152
Entropy: 31.3959
KL: 0.0124
actor_loss: -0.1722
critic_loss: 0.0054
symmetry_actor_loss: 0.0000
symmetry_critic_loss: 0.0000
actor_learning_rate: 0.0002
critic_learning_rate: 0.0002
Policy/mean_noise_std: 0.7132
Total timesteps: 7667712
[PPO_HEALTH] adv_mean=-9.313e-09 adv_std=1.000000 ratio=0.999831 clip=0.185917 actor_delta=2.546e-01 critic_delta=1.640e-01 action_clip=0.000e+00 reward_identity=1.490e-08
[REWARD] total=0.02142 anchor_pos=0.8313 anchor_ori=0.6115 body_pos=0.8670 body_ori=0.4916
[TRAIN_RESET] count=5478 phase0_frac=0.1316 p50=43.0 p95=249.0 target_count=651 target_nonzero=0 curriculum_p50=59.0
[PROGRESS] env_steps=7667712 iteration=3.315s throughput=29654.8
 Learning iteration 78/500 
Computation: 29602 steps/s (Collection: 3.166s, Learning 0.155s)
Value: 0.0055
Surrogate: -0.0147
Entropy: 31.2954
KL: 0.0134
actor_loss: -0.1712
critic_loss: 0.0055
symmetry_actor_loss: 0.0000
symmetry_critic_loss: 0.0000
actor_learning_rate: 0.0002
critic_learning_rate: 0.0002
Policy/mean_noise_std: 0.7107
Total timesteps: 7766016
[PPO_HEALTH] adv_mean=-1.428e-08 adv_std=1.000000 ratio=0.998721 clip=0.198501 actor_delta=2.526e-01 critic_delta=1.770e-01 action_clip=0.000e+00 reward_identity=1.490e-08
[REWARD] total=0.02170 anchor_pos=0.8308 anchor_ori=0.6117 body_pos=0.8675 body_ori=0.4922
[TRAIN_RESET] count=5302 phase0_frac=0.1324 p50=43.0 p95=248.0 target_count=658 target_nonzero=0 curriculum_p50=62.0
[PROGRESS] env_steps=7766016 iteration=3.329s throughput=29526.2
 Learning iteration 79/500 
Computation: 28905 steps/s (Collection: 3.245s, Learning 0.155s)
Value: 0.0057
Surrogate: -0.0139
Entropy: 31.1966
KL: 0.0132
actor_loss: -0.1699
critic_loss: 0.0057
symmetry_actor_loss: 0.0000
symmetry_critic_loss: 0.0000
actor_learning_rate: 0.0002
critic_learning_rate: 0.0002
Policy/mean_noise_std: 0.7084
Total timesteps: 7864320
[PPO_HEALTH] adv_mean=-1.614e-08 adv_std=1.000000 ratio=0.998955 clip=0.194495 actor_delta=2.483e-01 critic_delta=1.681e-01 action_clip=0.000e+00 reward_identity=1.490e-08
[REWARD] total=0.02178 anchor_pos=0.8236 anchor_ori=0.6117 body_pos=0.8664 body_ori=0.4944
[TRAIN_RESET] count=5192 phase0_frac=0.1290 p50=43.0 p95=242.0 target_count=620 target_nonzero=0 curriculum_p50=59.0
[PROGRESS] env_steps=7864320 iteration=3.410s throughput=28830.8
 Learning iteration 80/500 
Computation: 29604 steps/s (Collection: 3.165s, Learning 0.155s)
Value: 0.0061
Surrogate: -0.0135
Entropy: 31.1020
KL: 0.0131
actor_loss: -0.1690
critic_loss: 0.0061
symmetry_actor_loss: 0.0000
symmetry_critic_loss: 0.0000
actor_learning_rate: 0.0002
critic_learning_rate: 0.0002
Policy/mean_noise_std: 0.7061
Total timesteps: 7962624
[PPO_HEALTH] adv_mean=-9.313e-10 adv_std=1.000000 ratio=0.998607 clip=0.192521 actor_delta=2.450e-01 critic_delta=1.794e-01 action_clip=0.000e+00 reward_identity=1.490e-08
[REWARD] total=0.02194 anchor_pos=0.8181 anchor_ori=0.6132 body_pos=0.8660 body_ori=0.4950
[TRAIN_RESET] count=4990 phase0_frac=0.1319 p50=43.0 p95=248.0 target_count=610 target_nonzero=0 curriculum_p50=59.0
[PROGRESS] env_steps=7962624 iteration=3.329s throughput=29528.2
 Learning iteration 81/500 
Computation: 29350 steps/s (Collection: 3.193s, Learning 0.156s)
Value: 0.0062
Surrogate: -0.0138
Entropy: 31.0066
KL: 0.0135
actor_loss: -0.1689
critic_loss: 0.0062
symmetry_actor_loss: 0.0000
symmetry_critic_loss: 0.0000
actor_learning_rate: 0.0002
critic_learning_rate: 0.0002
Policy/mean_noise_std: 0.7038
Total timesteps: 8060928
[PPO_HEALTH] adv_mean=-4.967e-09 adv_std=1.000000 ratio=0.998835 clip=0.197453 actor_delta=2.478e-01 critic_delta=1.907e-01 action_clip=0.000e+00 reward_identity=1.490e-08
[REWARD] total=0.02192 anchor_pos=0.8109 anchor_ori=0.6076 body_pos=0.8652 body_ori=0.4925
[TRAIN_RESET] count=4815 phase0_frac=0.1364 p50=44.0 p95=247.0 target_count=600 target_nonzero=0 curriculum_p50=64.0
[PROGRESS] env_steps=8060928 iteration=3.358s throughput=29274.1
 Learning iteration 82/500 
Computation: 28912 steps/s (Collection: 3.247s, Learning 0.153s)
Value: 0.0065
Surrogate: -0.0125
Entropy: 30.9128
KL: 0.0136
actor_loss: -0.1671
critic_loss: 0.0065
symmetry_actor_loss: 0.0000
symmetry_critic_loss: 0.0000
actor_learning_rate: 0.0002
critic_learning_rate: 0.0002
Policy/mean_noise_std: 0.7015
Total timesteps: 8159232
[PPO_HEALTH] adv_mean=-1.552e-10 adv_std=1.000000 ratio=0.998605 clip=0.198771 actor_delta=2.421e-01 critic_delta=1.990e-01 action_clip=0.000e+00 reward_identity=1.490e-08
[REWARD] total=0.02186 anchor_pos=0.8050 anchor_ori=0.6050 body_pos=0.8635 body_ori=0.4901
[TRAIN_RESET] count=4657 phase0_frac=0.1357 p50=43.0 p95=250.0 target_count=591 target_nonzero=0 curriculum_p50=61.0
[PROGRESS] env_steps=8159232 iteration=3.409s throughput=28838.1
 Learning iteration 83/500 
Computation: 29144 steps/s (Collection: 3.217s, Learning 0.156s)
Value: 0.0064
Surrogate: -0.0138
Entropy: 30.8090
KL: 0.0148
actor_loss: -0.1679
critic_loss: 0.0064
symmetry_actor_loss: 0.0000
symmetry_critic_loss: 0.0000
actor_learning_rate: 0.0002
critic_learning_rate: 0.0002
Policy/mean_noise_std: 0.6989
Total timesteps: 8257536
[PPO_HEALTH] adv_mean=-3.104e-09 adv_std=1.000000 ratio=0.999435 clip=0.219143 actor_delta=2.715e-01 critic_delta=2.294e-01 action_clip=0.000e+00 reward_identity=1.490e-08
[REWARD] total=0.02228 anchor_pos=0.8083 anchor_ori=0.6110 body_pos=0.8657 body_ori=0.4928
[TRAIN_RESET] count=4579 phase0_frac=0.1347 p50=44.0 p95=248.0 target_count=576 target_nonzero=0 curriculum_p50=64.0
[PROGRESS] env_steps=8257536 iteration=3.382s throughput=29066.9
 Learning iteration 84/500 
Computation: 29023 steps/s (Collection: 3.232s, Learning 0.155s)
Value: 0.0063
Surrogate: -0.0135
Entropy: 30.7106
KL: 0.0129
actor_loss: -0.1670
critic_loss: 0.0063
symmetry_actor_loss: 0.0000
symmetry_critic_loss: 0.0000
actor_learning_rate: 0.0002
critic_learning_rate: 0.0002
Policy/mean_noise_std: 0.6967
Total timesteps: 8355840
[PPO_HEALTH] adv_mean=-7.451e-09 adv_std=1.000000 ratio=0.998974 clip=0.192334 actor_delta=2.409e-01 critic_delta=1.807e-01 action_clip=0.000e+00 reward_identity=1.490e-08
[REWARD] total=0.02242 anchor_pos=0.8021 anchor_ori=0.6139 body_pos=0.8637 body_ori=0.4949
[TRAIN_RESET] count=4561 phase0_frac=0.1364 p50=41.0 p95=244.0 target_count=587 target_nonzero=0 curriculum_p50=54.0
[PROGRESS] env_steps=8355840 iteration=3.396s throughput=28950.1
 Learning iteration 85/500 
Computation: 30629 steps/s (Collection: 3.056s, Learning 0.154s)
Value: 0.0069
Surrogate: -0.0141
Entropy: 30.6060
KL: 0.0146
actor_loss: -0.1671
critic_loss: 0.0069
symmetry_actor_loss: 0.0000
symmetry_critic_loss: 0.0000
actor_learning_rate: 0.0002
critic_learning_rate: 0.0002
Policy/mean_noise_std: 0.6940
Total timesteps: 8454144
[PPO_HEALTH] adv_mean=8.071e-09 adv_std=1.000000 ratio=0.999248 clip=0.216241 actor_delta=2.718e-01 critic_delta=2.166e-01 action_clip=0.000e+00 reward_identity=1.490e-08
[REWARD] total=0.02283 anchor_pos=0.7985 anchor_ori=0.6178 body_pos=0.8640 body_ori=0.4964
[TRAIN_RESET] count=4525 phase0_frac=0.1322 p50=43.0 p95=249.0 target_count=566 target_nonzero=0 curriculum_p50=60.0
[PROGRESS] env_steps=8454144 iteration=3.218s throughput=30548.8
 Learning iteration 86/500 
Computation: 30636 steps/s (Collection: 3.050s, Learning 0.159s)
Value: 0.0067
Surrogate: -0.0130
Entropy: 30.5119
KL: 0.0130
actor_loss: -0.1656
critic_loss: 0.0067
symmetry_actor_loss: 0.0000
symmetry_critic_loss: 0.0000
actor_learning_rate: 0.0002
critic_learning_rate: 0.0002
Policy/mean_noise_std: 0.6920
Total timesteps: 8552448
[PPO_HEALTH] adv_mean=3.104e-09 adv_std=1.000000 ratio=0.999426 clip=0.193650 actor_delta=2.384e-01 critic_delta=1.782e-01 action_clip=0.000e+00 reward_identity=1.490e-08
[REWARD] total=0.02333 anchor_pos=0.7991 anchor_ori=0.6228 body_pos=0.8657 body_ori=0.5004
[TRAIN_RESET] count=4399 phase0_frac=0.1380 p50=43.0 p95=246.0 target_count=566 target_nonzero=0 curriculum_p50=62.0
[PROGRESS] env_steps=8552448 iteration=3.217s throughput=30554.8
 Learning iteration 87/500 
Computation: 30115 steps/s (Collection: 3.103s, Learning 0.161s)
Value: 0.0062
Surrogate: -0.0122
Entropy: 30.4224
KL: 0.0133
actor_loss: -0.1643
critic_loss: 0.0062
symmetry_actor_loss: 0.0000
symmetry_critic_loss: 0.0000
actor_learning_rate: 0.0002
critic_learning_rate: 0.0002
Policy/mean_noise_std: 0.6898
Total timesteps: 8650752
[PPO_HEALTH] adv_mean=-2.484e-09 adv_std=1.000000 ratio=0.998296 clip=0.195923 actor_delta=2.341e-01 critic_delta=1.731e-01 action_clip=0.000e+00 reward_identity=1.490e-08
[REWARD] total=0.02343 anchor_pos=0.7939 anchor_ori=0.6265 body_pos=0.8646 body_ori=0.5003
[TRAIN_RESET] count=4408 phase0_frac=0.1388 p50=42.0 p95=256.0 target_count=570 target_nonzero=0 curriculum_p50=60.0
[PROGRESS] env_steps=8650752 iteration=3.273s throughput=30037.0
 Learning iteration 88/500 
Computation: 29663 steps/s (Collection: 3.158s, Learning 0.156s)
Value: 0.0066
Surrogate: -0.0125
Entropy: 30.3327
KL: 0.0131
actor_loss: -0.1642
critic_loss: 0.0066
symmetry_actor_loss: 0.0000
symmetry_critic_loss: 0.0000
actor_learning_rate: 0.0002
critic_learning_rate: 0.0002
Policy/mean_noise_std: 0.6877
Total timesteps: 8749056
[PPO_HEALTH] adv_mean=-4.967e-09 adv_std=1.000000 ratio=0.998736 clip=0.196010 actor_delta=2.297e-01 critic_delta=1.697e-01 action_clip=0.000e+00 reward_identity=1.490e-08
[REWARD] total=0.02366 anchor_pos=0.7933 anchor_ori=0.6295 body_pos=0.8660 body_ori=0.5026
[TRAIN_RESET] count=4252 phase0_frac=0.1357 p50=43.0 p95=247.0 target_count=538 target_nonzero=0 curriculum_p50=59.0
[PROGRESS] env_steps=8749056 iteration=3.323s throughput=29584.9
 Learning iteration 89/500 
Computation: 29125 steps/s (Collection: 3.215s, Learning 0.160s)
Value: 0.0069
Surrogate: -0.0119
Entropy: 30.2419
KL: 0.0126
actor_loss: -0.1631
critic_loss: 0.0069
symmetry_actor_loss: 0.0000
symmetry_critic_loss: 0.0000
actor_learning_rate: 0.0002
critic_learning_rate: 0.0002
Policy/mean_noise_std: 0.6855
Total timesteps: 8847360
[PPO_HEALTH] adv_mean=-2.018e-08 adv_std=1.000000 ratio=0.998681 clip=0.186574 actor_delta=2.304e-01 critic_delta=1.770e-01 action_clip=0.000e+00 reward_identity=1.490e-08
[REWARD] total=0.02364 anchor_pos=0.7851 anchor_ori=0.6261 body_pos=0.8641 body_ori=0.4989
[TRAIN_RESET] count=4074 phase0_frac=0.1419 p50=42.0 p95=250.0 target_count=530 target_nonzero=0 curriculum_p50=60.0
[PROGRESS] env_steps=8847360 iteration=3.384s throughput=29051.1
 Learning iteration 90/500 
Computation: 29452 steps/s (Collection: 3.182s, Learning 0.156s)
Value: 0.0069
Surrogate: -0.0134
Entropy: 30.1368
KL: 0.0137
actor_loss: -0.1641
critic_loss: 0.0069
symmetry_actor_loss: 0.0000
symmetry_critic_loss: 0.0000
actor_learning_rate: 0.0003
critic_learning_rate: 0.0003
Policy/mean_noise_std: 0.6827
Total timesteps: 8945664
[PPO_HEALTH] adv_mean=2.639e-09 adv_std=1.000000 ratio=0.998347 clip=0.206818 actor_delta=2.985e-01 critic_delta=2.241e-01 action_clip=0.000e+00 reward_identity=1.490e-08
[REWARD] total=0.02371 anchor_pos=0.7820 anchor_ori=0.6275 body_pos=0.8646 body_ori=0.5007
[TRAIN_RESET] count=4032 phase0_frac=0.1401 p50=41.0 p95=245.0 target_count=531 target_nonzero=0 curriculum_p50=58.0
[PROGRESS] env_steps=8945664 iteration=3.346s throughput=29375.9
 Learning iteration 91/500 
Computation: 29351 steps/s (Collection: 3.196s, Learning 0.153s)
Value: 0.0068
Surrogate: -0.0129
Entropy: 30.0207
KL: 0.0143
actor_loss: -0.1630
critic_loss: 0.0068
symmetry_actor_loss: 0.0000
symmetry_critic_loss: 0.0000
actor_learning_rate: 0.0003
critic_learning_rate: 0.0003
Policy/mean_noise_std: 0.6801
Total timesteps: 9043968
[PPO_HEALTH] adv_mean=-2.049e-08 adv_std=1.000000 ratio=0.998592 clip=0.214360 actor_delta=2.882e-01 critic_delta=2.244e-01 action_clip=0.000e+00 reward_identity=1.490e-08
[REWARD] total=0.02388 anchor_pos=0.7756 anchor_ori=0.6306 body_pos=0.8629 body_ori=0.4983
[TRAIN_RESET] count=4033 phase0_frac=0.1327 p50=45.0 p95=244.0 target_count=509 target_nonzero=0 curriculum_p50=66.0
[PROGRESS] env_steps=9043968 iteration=3.358s throughput=29273.5
 Learning iteration 92/500 
Computation: 29190 steps/s (Collection: 3.201s, Learning 0.166s)
Value: 0.0071
Surrogate: -0.0124
Entropy: 29.9133
KL: 0.0144
actor_loss: -0.1620
critic_loss: 0.0071
symmetry_actor_loss: 0.0000
symmetry_critic_loss: 0.0000
actor_learning_rate: 0.0003
critic_learning_rate: 0.0003
Policy/mean_noise_std: 0.6776
Total timesteps: 9142272
[PPO_HEALTH] adv_mean=1.242e-08 adv_std=1.000000 ratio=0.998540 clip=0.215623 actor_delta=2.777e-01 critic_delta=2.252e-01 action_clip=0.000e+00 reward_identity=1.490e-08
[REWARD] total=0.02428 anchor_pos=0.7744 anchor_ori=0.6311 body_pos=0.8636 body_ori=0.5015
[TRAIN_RESET] count=3856 phase0_frac=0.1398 p50=42.0 p95=252.0 target_count=502 target_nonzero=0 curriculum_p50=59.0
[PROGRESS] env_steps=9142272 iteration=3.376s throughput=29116.1
 Learning iteration 93/500 
Computation: 27829 steps/s (Collection: 3.378s, Learning 0.155s)
Value: 0.0080
Surrogate: -0.0126
Entropy: 29.8079
KL: 0.0135
actor_loss: -0.1616
critic_loss: 0.0080
symmetry_actor_loss: 0.0000
symmetry_critic_loss: 0.0000
actor_learning_rate: 0.0003
critic_learning_rate: 0.0003
Policy/mean_noise_std: 0.6751
Total timesteps: 9240576
[PPO_HEALTH] adv_mean=7.761e-09 adv_std=1.000000 ratio=0.998569 clip=0.204057 actor_delta=2.798e-01 critic_delta=2.292e-01 action_clip=0.000e+00 reward_identity=1.490e-08
[REWARD] total=0.02462 anchor_pos=0.7751 anchor_ori=0.6329 body_pos=0.8643 body_ori=0.5052
[TRAIN_RESET] count=3824 phase0_frac=0.1386 p50=43.0 p95=247.0 target_count=497 target_nonzero=0 curriculum_p50=63.0
[PROGRESS] env_steps=9240576 iteration=3.541s throughput=27762.4
 Learning iteration 94/500 
Computation: 28530 steps/s (Collection: 3.289s, Learning 0.156s)
Value: 0.0079
Surrogate: -0.0133
Entropy: 29.6988
KL: 0.0134
actor_loss: -0.1618
critic_loss: 0.0079
symmetry_actor_loss: 0.0000
symmetry_critic_loss: 0.0000
actor_learning_rate: 0.0003
critic_learning_rate: 0.0003
Policy/mean_noise_std: 0.6725
Total timesteps: 9338880
[PPO_HEALTH] adv_mean=4.346e-09 adv_std=1.000000 ratio=0.998865 clip=0.201115 actor_delta=2.908e-01 critic_delta=2.323e-01 action_clip=0.000e+00 reward_identity=1.490e-08
[REWARD] total=0.02455 anchor_pos=0.7670 anchor_ori=0.6320 body_pos=0.8631 body_ori=0.5022
[TRAIN_RESET] count=3704 phase0_frac=0.1407 p50=41.0 p95=246.0 target_count=492 target_nonzero=0 curriculum_p50=55.0
[PROGRESS] env_steps=9338880 iteration=3.454s throughput=28459.4
 Learning iteration 95/500 
Computation: 29054 steps/s (Collection: 3.228s, Learning 0.156s)
Value: 0.0140
Surrogate: -0.0118
Entropy: 29.5839
KL: 0.0148
actor_loss: -0.1597
critic_loss: 0.0140
symmetry_actor_loss: 0.0000
symmetry_critic_loss: 0.0000
actor_learning_rate: 0.0002
critic_learning_rate: 0.0002
Policy/mean_noise_std: 0.6702
Total timesteps: 9437184
[PPO_HEALTH] adv_mean=1.863e-09 adv_std=1.000000 ratio=0.999124 clip=0.220406 actor_delta=2.409e-01 critic_delta=3.491e-01 action_clip=0.000e+00 reward_identity=1.490e-08
[REWARD] total=0.02509 anchor_pos=0.7696 anchor_ori=0.6407 body_pos=0.8645 body_ori=0.5072
[TRAIN_RESET] count=3767 phase0_frac=0.1367 p50=41.0 p95=252.0 target_count=491 target_nonzero=0 curriculum_p50=55.0
[PROGRESS] env_steps=9437184 iteration=3.393s throughput=28975.7
 Learning iteration 96/500 
Computation: 30175 steps/s (Collection: 3.102s, Learning 0.156s)
Value: 0.0078
Surrogate: -0.0118
Entropy: 29.4876
KL: 0.0148
actor_loss: -0.1593
critic_loss: 0.0078
symmetry_actor_loss: 0.0000
symmetry_critic_loss: 0.0000
actor_learning_rate: 0.0003
critic_learning_rate: 0.0003
Policy/mean_noise_std: 0.6677
Total timesteps: 9535488
[PPO_HEALTH] adv_mean=-2.173e-09 adv_std=1.000000 ratio=0.999233 clip=0.221440 actor_delta=2.732e-01 critic_delta=2.297e-01 action_clip=0.000e+00 reward_identity=1.490e-08
[REWARD] total=0.02543 anchor_pos=0.7661 anchor_ori=0.6460 body_pos=0.8651 body_ori=0.5073
[TRAIN_RESET] count=3646 phase0_frac=0.1391 p50=44.0 p95=254.0 target_count=464 target_nonzero=0 curriculum_p50=62.0
[PROGRESS] env_steps=9535488 iteration=3.267s throughput=30093.6
 Learning iteration 97/500 
Computation: 29419 steps/s (Collection: 3.185s, Learning 0.157s)
Value: 0.0078
Surrogate: -0.0123
Entropy: 29.3802
KL: 0.0143
actor_loss: -0.1592
critic_loss: 0.0078
symmetry_actor_loss: 0.0000
symmetry_critic_loss: 0.0000
actor_learning_rate: 0.0003
critic_learning_rate: 0.0003
Policy/mean_noise_std: 0.6653
Total timesteps: 9633792
[PPO_HEALTH] adv_mean=-2.173e-09 adv_std=1.000000 ratio=0.998091 clip=0.214744 actor_delta=2.712e-01 critic_delta=2.169e-01 action_clip=0.000e+00 reward_identity=1.490e-08
[REWARD] total=0.02543 anchor_pos=0.7600 anchor_ori=0.6422 body_pos=0.8630 body_ori=0.5054
[TRAIN_RESET] count=3646 phase0_frac=0.1391 p50=43.0 p95=256.0 target_count=478 target_nonzero=0 curriculum_p50=60.0
[PROGRESS] env_steps=9633792 iteration=3.350s throughput=29342.5
 Learning iteration 98/500 
Computation: 29172 steps/s (Collection: 3.210s, Learning 0.159s)
Value: 0.0079
Surrogate: -0.0114
Entropy: 29.2715
KL: 0.0151
actor_loss: -0.1578
critic_loss: 0.0079
symmetry_actor_loss: 0.0000
symmetry_critic_loss: 0.0000
actor_learning_rate: 0.0002
critic_learning_rate: 0.0002
Policy/mean_noise_std: 0.6631
Total timesteps: 9732096
[PPO_HEALTH] adv_mean=-1.242e-08 adv_std=1.000000 ratio=0.998450 clip=0.222473 actor_delta=2.448e-01 critic_delta=1.986e-01 action_clip=0.000e+00 reward_identity=1.490e-08
[REWARD] total=0.02577 anchor_pos=0.7604 anchor_ori=0.6470 body_pos=0.8638 body_ori=0.5077
[TRAIN_RESET] count=3470 phase0_frac=0.1346 p50=43.0 p95=250.0 target_count=435 target_nonzero=0 curriculum_p50=60.0
[PROGRESS] env_steps=9732096 iteration=3.379s throughput=29096.9
 Learning iteration 99/500 
Computation: 27729 steps/s (Collection: 3.386s, Learning 0.159s)
Value: 0.0079
Surrogate: -0.0115
Entropy: 29.1858
KL: 0.0141
actor_loss: -0.1574
critic_loss: 0.0079
symmetry_actor_loss: 0.0000
symmetry_critic_loss: 0.0000
actor_learning_rate: 0.0002
critic_learning_rate: 0.0002
Policy/mean_noise_std: 0.6612
Total timesteps: 9830400
[PPO_HEALTH] adv_mean=-1.118e-08 adv_std=1.000000 ratio=0.998598 clip=0.209005 actor_delta=2.253e-01 critic_delta=1.661e-01 action_clip=0.000e+00 reward_identity=1.490e-08
[REWARD] total=0.02566 anchor_pos=0.7529 anchor_ori=0.6438 body_pos=0.8620 body_ori=0.5074
[TRAIN_RESET] count=3455 phase0_frac=0.1398 p50=42.0 p95=250.0 target_count=452 target_nonzero=0 curriculum_p50=60.0
[PROGRESS] env_steps=9830400 iteration=3.554s throughput=27660.4
[VALIDATION_START] update=100 max_steps=500 envs=4096 fixed_seed=0
[VALIDATION_RESET_START]
[VALIDATION_RESET_DONE] time=7.767s
[VALIDATION_PROGRESS] step=1/500 done=0.00000 alive=1.00000 elapsed=0.210s
[VALIDATION_PROGRESS] step=40/500 done=1.00000 alive=0.00000 elapsed=3.496s
[VALIDATION_DONE] update=100 time=19.194s
[VAL] steps_mean=36.93 steps_min=35 steps_p50=37 steps_p95=38 steps_max=40 return=2.71010 done=1.00000
[VAL_OUTCOME] failure=1.00000 motion_complete=0.00000 time_out=0.00000 censored=0.00000 reference_progress=0.11399
[VAL_CAUSE] anchor_pos_bad=0.00000 anchor_ori_bad=0.00000 ee_body_bad=1.00000 failure_phase_p50=37.0 completion_phase_p50=-1.0
[VAL_RESET] root_pos=0.000000 root_ori=0.000deg anchor_pos=0.010002 anchor_ori=0.000deg joint_pos=0.000000 joint_vel=0.000000 body_pos=0.002920 body_ori=0.000deg
[VAL_TRACKING] joint_pos_mae=0.109712 joint_vel_mae=0.738693 root_lin_mae=0.263708 root_ang_mae=0.741817 pd_target_ref_now=0.205164 pd_target_ref_next=0.208255 torso_ori=8.361deg left_wrist_ori=8.654deg right_wrist_ori=10.494deg
[VAL_DYNAMICS] action_delta=0.059625 action_delta_p95=0.127765 action_d2=0.032021 action_d2_p95=0.081920 joint_vel_jump=0.252961 root_lin_jump=0.038228 root_ang_jump=0.238521 initial_action_delta=0.232839
 Learning iteration 100/500 
Computation: 28611 steps/s (Collection: 3.279s, Learning 0.157s)
Value: 0.0080
Surrogate: -0.0124
Entropy: 29.0919
KL: 0.0139
actor_loss: -0.1578
critic_loss: 0.0080
symmetry_actor_loss: 0.0000
symmetry_critic_loss: 0.0000
actor_learning_rate: 0.0003
critic_learning_rate: 0.0003
Policy/mean_noise_std: 0.6587
Total timesteps: 9928704
[PPO_HEALTH] adv_mean=1.770e-08 adv_std=1.000000 ratio=0.998867 clip=0.208797 actor_delta=2.783e-01 critic_delta=2.071e-01 action_clip=0.000e+00 reward_identity=1.490e-08
[REWARD] total=0.02603 anchor_pos=0.7487 anchor_ori=0.6477 body_pos=0.8620 body_ori=0.5081
[TRAIN_RESET] count=3469 phase0_frac=0.1366 p50=43.0 p95=246.0 target_count=443 target_nonzero=0 curriculum_p50=61.0
[PROGRESS] env_steps=9928704 iteration=3.444s throughput=28541.4
 Learning iteration 101/500 
Computation: 29654 steps/s (Collection: 3.160s, Learning 0.155s)
Value: 0.0084
Surrogate: -0.0114
Entropy: 28.9796
KL: 0.0152
actor_loss: -0.1563
critic_loss: 0.0084
symmetry_actor_loss: 0.0000
symmetry_critic_loss: 0.0000
actor_learning_rate: 0.0002
critic_learning_rate: 0.0002
Policy/mean_noise_std: 0.6565
Total timesteps: 10027008
[PPO_HEALTH] adv_mean=-9.236e-09 adv_std=1.000000 ratio=0.998862 clip=0.223576 actor_delta=2.471e-01 critic_delta=1.932e-01 action_clip=0.000e+00 reward_identity=1.490e-08
[REWARD] total=0.02658 anchor_pos=0.7520 anchor_ori=0.6564 body_pos=0.8631 body_ori=0.5125
[TRAIN_RESET] count=3448 phase0_frac=0.1360 p50=42.0 p95=247.0 target_count=437 target_nonzero=0 curriculum_p50=57.0
[PROGRESS] env_steps=10027008 iteration=3.324s throughput=29576.0
 Learning iteration 102/500 
Computation: 28876 steps/s (Collection: 3.246s, Learning 0.159s)
Value: 0.0085
Surrogate: -0.0109
Entropy: 28.8878
KL: 0.0149
actor_loss: -0.1554
critic_loss: 0.0085
symmetry_actor_loss: 0.0000
symmetry_critic_loss: 0.0000
actor_learning_rate: 0.0003
critic_learning_rate: 0.0003
Policy/mean_noise_std: 0.6541
Total timesteps: 10125312
[PPO_HEALTH] adv_mean=4.036e-09 adv_std=1.000000 ratio=0.998240 clip=0.223291 actor_delta=2.737e-01 critic_delta=2.281e-01 action_clip=0.000e+00 reward_identity=1.490e-08
[REWARD] total=0.02720 anchor_pos=0.7537 anchor_ori=0.6610 body_pos=0.8648 body_ori=0.5174
[TRAIN_RESET] count=3398 phase0_frac=0.1357 p50=43.0 p95=249.0 target_count=437 target_nonzero=0 curriculum_p50=57.0
[PROGRESS] env_steps=10125312 iteration=3.413s throughput=28800.6
 Learning iteration 103/500 
Computation: 30270 steps/s (Collection: 3.096s, Learning 0.152s)
Value: 0.0081
Surrogate: -0.0114
Entropy: 28.7846
KL: 0.0133
actor_loss: -0.1553
critic_loss: 0.0081
symmetry_actor_loss: 0.0000
symmetry_critic_loss: 0.0000
actor_learning_rate: 0.0003
critic_learning_rate: 0.0003
Policy/mean_noise_std: 0.6518
Total timesteps: 10223616
[PPO_HEALTH] adv_mean=-1.242e-09 adv_std=1.000000 ratio=0.998913 clip=0.202159 actor_delta=2.670e-01 critic_delta=2.237e-01 action_clip=0.000e+00 reward_identity=1.490e-08
[REWARD] total=0.02706 anchor_pos=0.7498 anchor_ori=0.6566 body_pos=0.8618 body_ori=0.5137
[TRAIN_RESET] count=3439 phase0_frac=0.1323 p50=43.0 p95=254.0 target_count=425 target_nonzero=0 curriculum_p50=61.0
[PROGRESS] env_steps=10223616 iteration=3.256s throughput=30191.3
 Learning iteration 104/500 
Computation: 29453 steps/s (Collection: 3.182s, Learning 0.155s)
Value: 0.0085
Surrogate: -0.0107
Entropy: 28.6735
KL: 0.0158
actor_loss: -0.1541
critic_loss: 0.0085
symmetry_actor_loss: 0.0000
symmetry_critic_loss: 0.0000
actor_learning_rate: 0.0003
critic_learning_rate: 0.0003
Policy/mean_noise_std: 0.6494
Total timesteps: 10321920
[PPO_HEALTH] adv_mean=2.328e-09 adv_std=1.000000 ratio=0.998655 clip=0.235699 actor_delta=2.760e-01 critic_delta=2.306e-01 action_clip=0.000e+00 reward_identity=1.490e-08
[REWARD] total=0.02740 anchor_pos=0.7505 anchor_ori=0.6588 body_pos=0.8639 body_ori=0.5166
[TRAIN_RESET] count=3344 phase0_frac=0.1411 p50=42.0 p95=249.0 target_count=430 target_nonzero=0 curriculum_p50=57.0
[PROGRESS] env_steps=10321920 iteration=3.347s throughput=29374.4
 Learning iteration 105/500 
Computation: 27937 steps/s (Collection: 3.366s, Learning 0.153s)
Value: 0.0088
Surrogate: -0.0108
Entropy: 28.5668
KL: 0.0148
actor_loss: -0.1536
critic_loss: 0.0088
symmetry_actor_loss: 0.0000
symmetry_critic_loss: 0.0000
actor_learning_rate: 0.0003
critic_learning_rate: 0.0003
Policy/mean_noise_std: 0.6469
Total timesteps: 10420224
[PPO_HEALTH] adv_mean=5.277e-09 adv_std=1.000000 ratio=0.998678 clip=0.221228 actor_delta=2.720e-01 critic_delta=2.385e-01 action_clip=0.000e+00 reward_identity=1.490e-08
[REWARD] total=0.02792 anchor_pos=0.7485 anchor_ori=0.6602 body_pos=0.8641 body_ori=0.5201
[TRAIN_RESET] count=3261 phase0_frac=0.1349 p50=44.0 p95=256.0 target_count=411 target_nonzero=0 curriculum_p50=64.0
[PROGRESS] env_steps=10420224 iteration=3.527s throughput=27868.4
 Learning iteration 106/500 
Computation: 27308 steps/s (Collection: 3.444s, Learning 0.156s)
Value: 0.0091
Surrogate: -0.0107
Entropy: 28.4522
KL: 0.0160
actor_loss: -0.1530
critic_loss: 0.0091
symmetry_actor_loss: 0.0000
symmetry_critic_loss: 0.0000
actor_learning_rate: 0.0003
critic_learning_rate: 0.0003
Policy/mean_noise_std: 0.6444
Total timesteps: 10518528
[PPO_HEALTH] adv_mean=7.451e-09 adv_std=1.000000 ratio=0.998435 clip=0.238824 actor_delta=2.782e-01 critic_delta=2.521e-01 action_clip=0.000e+00 reward_identity=1.490e-08
[REWARD] total=0.02784 anchor_pos=0.7423 anchor_ori=0.6603 body_pos=0.8620 body_ori=0.5158
[TRAIN_RESET] count=3182 phase0_frac=0.1405 p50=43.0 p95=247.0 target_count=416 target_nonzero=0 curriculum_p50=63.0
[PROGRESS] env_steps=10518528 iteration=3.609s throughput=27241.1
 Learning iteration 107/500 
Computation: 28477 steps/s (Collection: 3.298s, Learning 0.154s)
Value: 0.0091
Surrogate: -0.0111
Entropy: 28.3511
KL: 0.0145
actor_loss: -0.1529
critic_loss: 0.0091
symmetry_actor_loss: 0.0000
symmetry_critic_loss: 0.0000
actor_learning_rate: 0.0003
critic_learning_rate: 0.0003
Policy/mean_noise_std: 0.6422
Total timesteps: 10616832
[PPO_HEALTH] adv_mean=7.451e-09 adv_std=1.000000 ratio=0.999572 clip=0.217995 actor_delta=2.636e-01 critic_delta=2.449e-01 action_clip=0.000e+00 reward_identity=1.490e-08
[REWARD] total=0.02802 anchor_pos=0.7362 anchor_ori=0.6636 body_pos=0.8622 body_ori=0.5144
[TRAIN_RESET] count=3131 phase0_frac=0.1325 p50=44.0 p95=256.0 target_count=381 target_nonzero=0 curriculum_p50=64.0
[PROGRESS] env_steps=10616832 iteration=3.461s throughput=28403.2
 Learning iteration 108/500 
Computation: 29693 steps/s (Collection: 3.156s, Learning 0.155s)
Value: 0.0105
Surrogate: -0.0124
Entropy: 28.2381
KL: 0.0161
actor_loss: -0.1536
critic_loss: 0.0105
symmetry_actor_loss: 0.0000
symmetry_critic_loss: 0.0000
actor_learning_rate: 0.0002
critic_learning_rate: 0.0002
Policy/mean_noise_std: 0.6398
Total timesteps: 10715136
[PPO_HEALTH] adv_mean=-8.692e-09 adv_std=1.000000 ratio=0.998213 clip=0.241052 actor_delta=2.738e-01 critic_delta=2.609e-01 action_clip=0.000e+00 reward_identity=1.490e-08
[REWARD] total=0.02834 anchor_pos=0.7392 anchor_ori=0.6632 body_pos=0.8634 body_ori=0.5183
[TRAIN_RESET] count=3125 phase0_frac=0.1296 p50=44.0 p95=249.0 target_count=375 target_nonzero=0 curriculum_p50=62.0
[PROGRESS] env_steps=10715136 iteration=3.319s throughput=29614.7
 Learning iteration 109/500 
Computation: 30162 steps/s (Collection: 3.104s, Learning 0.155s)
Value: 0.0095
Surrogate: -0.0110
Entropy: 28.1409
KL: 0.0143
actor_loss: -0.1518
critic_loss: 0.0095
symmetry_actor_loss: 0.0000
symmetry_critic_loss: 0.0000
actor_learning_rate: 0.0003
critic_learning_rate: 0.0003
Policy/mean_noise_std: 0.6375
Total timesteps: 10813440
[PPO_HEALTH] adv_mean=2.173e-09 adv_std=1.000000 ratio=0.999310 clip=0.217004 actor_delta=2.682e-01 critic_delta=2.395e-01 action_clip=0.000e+00 reward_identity=1.490e-08
[REWARD] total=0.02847 anchor_pos=0.7375 anchor_ori=0.6617 body_pos=0.8619 body_ori=0.5160
[TRAIN_RESET] count=3072 phase0_frac=0.1302 p50=43.0 p95=241.0 target_count=383 target_nonzero=0 curriculum_p50=59.0
[PROGRESS] env_steps=10813440 iteration=3.268s throughput=30080.5
 Learning iteration 110/500 
Computation: 29809 steps/s (Collection: 3.142s, Learning 0.156s)
Value: 0.0098
Surrogate: -0.0112
Entropy: 28.0320
KL: 0.0155
actor_loss: -0.1514
critic_loss: 0.0098
symmetry_actor_loss: 0.0000
symmetry_critic_loss: 0.0000
actor_learning_rate: 0.0003
critic_learning_rate: 0.0003
Policy/mean_noise_std: 0.6352
Total timesteps: 10911744
[PPO_HEALTH] adv_mean=-2.452e-08 adv_std=1.000000 ratio=0.999238 clip=0.232373 actor_delta=2.772e-01 critic_delta=2.506e-01 action_clip=0.000e+00 reward_identity=1.490e-08
[REWARD] total=0.02864 anchor_pos=0.7338 anchor_ori=0.6667 body_pos=0.8625 body_ori=0.5165
[TRAIN_RESET] count=2987 phase0_frac=0.1363 p50=43.0 p95=250.0 target_count=384 target_nonzero=0 curriculum_p50=63.0
[PROGRESS] env_steps=10911744 iteration=3.306s throughput=29732.3
 Learning iteration 111/500 
Computation: 28434 steps/s (Collection: 3.301s, Learning 0.156s)
Value: 0.0101
Surrogate: -0.0119
Entropy: 27.9276
KL: 0.0140
actor_loss: -0.1515
critic_loss: 0.0101
symmetry_actor_loss: 0.0000
symmetry_critic_loss: 0.0000
actor_learning_rate: 0.0003
critic_learning_rate: 0.0003
Policy/mean_noise_std: 0.6329
Total timesteps: 11010048
[PPO_HEALTH] adv_mean=1.242e-09 adv_std=1.000000 ratio=0.999246 clip=0.209391 actor_delta=2.647e-01 critic_delta=2.614e-01 action_clip=0.000e+00 reward_identity=1.490e-08
[REWARD] total=0.02868 anchor_pos=0.7316 anchor_ori=0.6628 body_pos=0.8620 body_ori=0.5158
[TRAIN_RESET] count=2958 phase0_frac=0.1285 p50=45.0 p95=262.0 target_count=353 target_nonzero=0 curriculum_p50=65.0
[PROGRESS] env_steps=11010048 iteration=3.466s throughput=28361.8
 Learning iteration 112/500 
Computation: 28867 steps/s (Collection: 3.248s, Learning 0.157s)
Value: 0.0098
Surrogate: -0.0112
Entropy: 27.8240
KL: 0.0140
actor_loss: -0.1503
critic_loss: 0.0098
symmetry_actor_loss: 0.0000
symmetry_critic_loss: 0.0000
actor_learning_rate: 0.0003
critic_learning_rate: 0.0003
Policy/mean_noise_std: 0.6307
Total timesteps: 11108352
[PPO_HEALTH] adv_mean=2.484e-09 adv_std=1.000000 ratio=0.999030 clip=0.213918 actor_delta=2.564e-01 critic_delta=2.502e-01 action_clip=0.000e+00 reward_identity=1.490e-08
[REWARD] total=0.02902 anchor_pos=0.7305 anchor_ori=0.6695 body_pos=0.8629 body_ori=0.5168
[TRAIN_RESET] count=2947 phase0_frac=0.1310 p50=44.0 p95=250.0 target_count=357 target_nonzero=0 curriculum_p50=61.0
[PROGRESS] env_steps=11108352 iteration=3.414s throughput=28795.1
 Learning iteration 113/500 
Computation: 28287 steps/s (Collection: 3.321s, Learning 0.154s)
Value: 0.0106
Surrogate: -0.0116
Entropy: 27.7261
KL: 0.0143
actor_loss: -0.1503
critic_loss: 0.0106
symmetry_actor_loss: 0.0000
symmetry_critic_loss: 0.0000
actor_learning_rate: 0.0003
critic_learning_rate: 0.0003
Policy/mean_noise_std: 0.6286
Total timesteps: 11206656
[PPO_HEALTH] adv_mean=-2.002e-08 adv_std=1.000000 ratio=0.998456 clip=0.215041 actor_delta=2.611e-01 critic_delta=2.584e-01 action_clip=0.000e+00 reward_identity=1.490e-08
[REWARD] total=0.02959 anchor_pos=0.7307 anchor_ori=0.6705 body_pos=0.8648 body_ori=0.5217
[TRAIN_RESET] count=2973 phase0_frac=0.1278 p50=45.0 p95=254.0 target_count=359 target_nonzero=0 curriculum_p50=66.0
[PROGRESS] env_steps=11206656 iteration=3.484s throughput=28218.4
 Learning iteration 114/500 
Computation: 29904 steps/s (Collection: 3.134s, Learning 0.153s)
Value: 0.0109
Surrogate: -0.0118
Entropy: 27.6281
KL: 0.0143
actor_loss: -0.1499
critic_loss: 0.0109
symmetry_actor_loss: 0.0000
symmetry_critic_loss: 0.0000
actor_learning_rate: 0.0002
critic_learning_rate: 0.0002
Policy/mean_noise_std: 0.6267
Total timesteps: 11304960
[PPO_HEALTH] adv_mean=0.000e+00 adv_std=1.000000 ratio=0.998626 clip=0.215769 actor_delta=2.477e-01 critic_delta=2.459e-01 action_clip=0.000e+00 reward_identity=1.490e-08
[REWARD] total=0.02974 anchor_pos=0.7302 anchor_ori=0.6745 body_pos=0.8634 body_ori=0.5214
[TRAIN_RESET] count=2871 phase0_frac=0.1285 p50=45.0 p95=252.0 target_count=343 target_nonzero=0 curriculum_p50=64.0
[PROGRESS] env_steps=11304960 iteration=3.296s throughput=29824.6
 Learning iteration 115/500 
Computation: 30238 steps/s (Collection: 3.089s, Learning 0.162s)
Value: 0.0105
Surrogate: -0.0119
Entropy: 27.5410
KL: 0.0144
actor_loss: -0.1496
critic_loss: 0.0105
symmetry_actor_loss: 0.0000
symmetry_critic_loss: 0.0000
actor_learning_rate: 0.0003
critic_learning_rate: 0.0003
Policy/mean_noise_std: 0.6246
Total timesteps: 11403264
[PPO_HEALTH] adv_mean=1.242e-08 adv_std=1.000000 ratio=0.998087 clip=0.216144 actor_delta=2.691e-01 critic_delta=2.584e-01 action_clip=0.000e+00 reward_identity=1.490e-08
[REWARD] total=0.02988 anchor_pos=0.7279 anchor_ori=0.6765 body_pos=0.8633 body_ori=0.5200
[TRAIN_RESET] count=2885 phase0_frac=0.1289 p50=43.0 p95=248.0 target_count=348 target_nonzero=0 curriculum_p50=61.0
[PROGRESS] env_steps=11403264 iteration=3.260s throughput=30155.9
 Learning iteration 116/500 
Computation: 29571 steps/s (Collection: 3.150s, Learning 0.175s)
Value: 0.0118
Surrogate: -0.0125
Entropy: 27.4407
KL: 0.0145
actor_loss: -0.1497
critic_loss: 0.0118
symmetry_actor_loss: 0.0000
symmetry_critic_loss: 0.0000
actor_learning_rate: 0.0003
critic_learning_rate: 0.0003
Policy/mean_noise_std: 0.6224
Total timesteps: 11501568
[PPO_HEALTH] adv_mean=4.346e-09 adv_std=1.000000 ratio=0.998863 clip=0.214591 actor_delta=2.761e-01 critic_delta=2.701e-01 action_clip=0.000e+00 reward_identity=1.490e-08
[REWARD] total=0.02978 anchor_pos=0.7279 anchor_ori=0.6706 body_pos=0.8625 body_ori=0.5166
[TRAIN_RESET] count=2809 phase0_frac=0.1271 p50=45.0 p95=254.0 target_count=333 target_nonzero=0 curriculum_p50=65.0
[PROGRESS] env_steps=11501568 iteration=3.333s throughput=29492.4
 Learning iteration 117/500 
Computation: 29188 steps/s (Collection: 3.212s, Learning 0.156s)
Value: 0.0120
Surrogate: -0.0119
Entropy: 27.3443
KL: 0.0146
actor_loss: -0.1486
critic_loss: 0.0120
symmetry_actor_loss: 0.0000
symmetry_critic_loss: 0.0000
actor_learning_rate: 0.0003
critic_learning_rate: 0.0003
Policy/mean_noise_std: 0.6205
Total timesteps: 11599872
[PPO_HEALTH] adv_mean=1.273e-08 adv_std=1.000000 ratio=0.997996 clip=0.217076 actor_delta=2.593e-01 critic_delta=2.753e-01 action_clip=0.000e+00 reward_identity=1.490e-08
[REWARD] total=0.03010 anchor_pos=0.7255 anchor_ori=0.6759 body_pos=0.8654 body_ori=0.5217
[TRAIN_RESET] count=2675 phase0_frac=0.1264 p50=44.0 p95=251.0 target_count=316 target_nonzero=0 curriculum_p50=62.0
[PROGRESS] env_steps=11599872 iteration=3.376s throughput=29115.0
 Learning iteration 118/500 
Computation: 30342 steps/s (Collection: 3.086s, Learning 0.154s)
Value: 0.0220
Surrogate: -0.0108
Entropy: 27.2505
KL: 0.0160
actor_loss: -0.1471
critic_loss: 0.0220
symmetry_actor_loss: 0.0000
symmetry_critic_loss: 0.0000
actor_learning_rate: 0.0002
critic_learning_rate: 0.0002
Policy/mean_noise_std: 0.6187
Total timesteps: 11698176
[PPO_HEALTH] adv_mean=3.725e-09 adv_std=1.000000 ratio=0.998384 clip=0.238519 actor_delta=2.317e-01 critic_delta=3.494e-01 action_clip=0.000e+00 reward_identity=1.490e-08
[REWARD] total=0.02989 anchor_pos=0.7176 anchor_ori=0.6746 body_pos=0.8625 body_ori=0.5158
[TRAIN_RESET] count=2734 phase0_frac=0.1266 p50=42.0 p95=240.0 target_count=325 target_nonzero=0 curriculum_p50=59.0
[PROGRESS] env_steps=11698176 iteration=3.248s throughput=30262.0
 Learning iteration 119/500 
Computation: 29748 steps/s (Collection: 3.142s, Learning 0.162s)
Value: 0.0117
Surrogate: -0.0111
Entropy: 27.1712
KL: 0.0144
actor_loss: -0.1469
critic_loss: 0.0117
symmetry_actor_loss: 0.0000
symmetry_critic_loss: 0.0000
actor_learning_rate: 0.0003
critic_learning_rate: 0.0003
Policy/mean_noise_std: 0.6167
Total timesteps: 11796480
[PPO_HEALTH] adv_mean=1.164e-09 adv_std=1.000000 ratio=0.998625 clip=0.216144 actor_delta=2.672e-01 critic_delta=2.616e-01 action_clip=0.000e+00 reward_identity=1.490e-08
[REWARD] total=0.03041 anchor_pos=0.7180 anchor_ori=0.6762 body_pos=0.8641 body_ori=0.5213
[TRAIN_RESET] count=2706 phase0_frac=0.1197 p50=44.0 p95=253.0 target_count=307 target_nonzero=0 curriculum_p50=60.0
[PROGRESS] env_steps=11796480 iteration=3.313s throughput=29669.7
 Learning iteration 120/500 
Computation: 30501 steps/s (Collection: 3.066s, Learning 0.157s)
Value: 0.0116
Surrogate: -0.0107
Entropy: 27.0723
KL: 0.0151
actor_loss: -0.1461
critic_loss: 0.0116
symmetry_actor_loss: 0.0000
symmetry_critic_loss: 0.0000
actor_learning_rate: 0.0003
critic_learning_rate: 0.0003
Policy/mean_noise_std: 0.6146
Total timesteps: 11894784
[PPO_HEALTH] adv_mean=-4.036e-09 adv_std=1.000000 ratio=0.998754 clip=0.226853 actor_delta=2.541e-01 critic_delta=2.377e-01 action_clip=0.000e+00 reward_identity=1.490e-08
[REWARD] total=0.03124 anchor_pos=0.7244 anchor_ori=0.6807 body_pos=0.8665 body_ori=0.5309
[TRAIN_RESET] count=2687 phase0_frac=0.1284 p50=44.0 p95=247.0 target_count=319 target_nonzero=0 curriculum_p50=62.0
[PROGRESS] env_steps=11894784 iteration=3.231s throughput=30421.1
 Learning iteration 121/500 
Computation: 29462 steps/s (Collection: 3.181s, Learning 0.155s)
Value: 0.0125
Surrogate: -0.0102
Entropy: 26.9797
KL: 0.0150
actor_loss: -0.1451
critic_loss: 0.0125
symmetry_actor_loss: 0.0000
symmetry_critic_loss: 0.0000
actor_learning_rate: 0.0003
critic_learning_rate: 0.0003
Policy/mean_noise_std: 0.6128
Total timesteps: 11993088
[PPO_HEALTH] adv_mean=1.071e-08 adv_std=1.000000 ratio=0.999250 clip=0.224908 actor_delta=2.512e-01 critic_delta=2.407e-01 action_clip=0.000e+00 reward_identity=1.490e-08
[REWARD] total=0.03133 anchor_pos=0.7203 anchor_ori=0.6804 body_pos=0.8652 body_ori=0.5269
[TRAIN_RESET] count=2635 phase0_frac=0.1256 p50=45.0 p95=257.0 target_count=309 target_nonzero=0 curriculum_p50=62.0
[PROGRESS] env_steps=11993088 iteration=3.345s throughput=29385.9
 Learning iteration 122/500 
Computation: 30602 steps/s (Collection: 3.060s, Learning 0.153s)
Value: 0.0125
Surrogate: -0.0114
Entropy: 26.8884
KL: 0.0147
actor_loss: -0.1459
critic_loss: 0.0125
symmetry_actor_loss: 0.0000
symmetry_critic_loss: 0.0000
actor_learning_rate: 0.0002
critic_learning_rate: 0.0002
Policy/mean_noise_std: 0.6109
Total timesteps: 12091392
[PPO_HEALTH] adv_mean=1.304e-08 adv_std=1.000000 ratio=0.998683 clip=0.220001 actor_delta=2.484e-01 critic_delta=2.257e-01 action_clip=0.000e+00 reward_identity=1.490e-08
[REWARD] total=0.03118 anchor_pos=0.7167 anchor_ori=0.6754 body_pos=0.8642 body_ori=0.5247
[TRAIN_RESET] count=2651 phase0_frac=0.1166 p50=44.0 p95=253.0 target_count=285 target_nonzero=0 curriculum_p50=57.0
[PROGRESS] env_steps=12091392 iteration=3.221s throughput=30521.6
 Learning iteration 123/500 
Computation: 31466 steps/s (Collection: 2.973s, Learning 0.151s)
Value: 0.0131
Surrogate: -0.0100
Entropy: 26.8104
KL: 0.0140
actor_loss: -0.1441
critic_loss: 0.0131
symmetry_actor_loss: 0.0000
symmetry_critic_loss: 0.0000
actor_learning_rate: 0.0002
critic_learning_rate: 0.0002
Policy/mean_noise_std: 0.6095
Total timesteps: 12189696
[PPO_HEALTH] adv_mean=-8.692e-09 adv_std=1.000000 ratio=0.999167 clip=0.210879 actor_delta=2.036e-01 critic_delta=1.969e-01 action_clip=0.000e+00 reward_identity=1.490e-08
[REWARD] total=0.03165 anchor_pos=0.7212 anchor_ori=0.6818 body_pos=0.8678 body_ori=0.5308
[TRAIN_RESET] count=2595 phase0_frac=0.1299 p50=47.0 p95=250.0 target_count=308 target_nonzero=0 curriculum_p50=67.0
[PROGRESS] env_steps=12189696 iteration=3.133s throughput=31379.6
 Learning iteration 124/500 
Computation: 31137 steps/s (Collection: 3.005s, Learning 0.152s)
Value: 0.0137
Surrogate: -0.0115
Entropy: 26.7318
KL: 0.0150
actor_loss: -0.1451
critic_loss: 0.0137
symmetry_actor_loss: 0.0000
symmetry_critic_loss: 0.0000
actor_learning_rate: 0.0003
critic_learning_rate: 0.0003
Policy/mean_noise_std: 0.6075
Total timesteps: 12288000
[PPO_HEALTH] adv_mean=9.313e-10 adv_std=1.000000 ratio=0.998384 clip=0.223578 actor_delta=2.663e-01 critic_delta=2.635e-01 action_clip=0.000e+00 reward_identity=1.490e-08
[REWARD] total=0.03172 anchor_pos=0.7162 anchor_ori=0.6794 body_pos=0.8663 body_ori=0.5301
[TRAIN_RESET] count=2543 phase0_frac=0.1203 p50=46.0 p95=253.0 target_count=283 target_nonzero=0 curriculum_p50=63.0
[PROGRESS] env_steps=12288000 iteration=3.166s throughput=31052.2
 Learning iteration 125/500 
Computation: 30070 steps/s (Collection: 3.115s, Learning 0.154s)
Value: 0.0140
Surrogate: -0.0118
Entropy: 26.6376
KL: 0.0144
actor_loss: -0.1450
critic_loss: 0.0140
symmetry_actor_loss: 0.0000
symmetry_critic_loss: 0.0000
actor_learning_rate: 0.0003
critic_learning_rate: 0.0003
Policy/mean_noise_std: 0.6055
Total timesteps: 12386304
[PPO_HEALTH] adv_mean=-3.725e-09 adv_std=1.000000 ratio=0.999057 clip=0.215481 actor_delta=2.743e-01 critic_delta=2.648e-01 action_clip=0.000e+00 reward_identity=1.490e-08
[REWARD] total=0.03199 anchor_pos=0.7159 anchor_ori=0.6822 body_pos=0.8663 body_ori=0.5302
[TRAIN_RESET] count=2574 phase0_frac=0.1235 p50=47.0 p95=245.0 target_count=297 target_nonzero=0 curriculum_p50=69.0
[PROGRESS] env_steps=12386304 iteration=3.278s throughput=29992.3
 Learning iteration 126/500 
Computation: 31115 steps/s (Collection: 3.002s, Learning 0.158s)
Value: 0.0237
Surrogate: -0.0104
Entropy: 26.5382
KL: 0.0166
actor_loss: -0.1431
critic_loss: 0.0237
symmetry_actor_loss: 0.0000
symmetry_critic_loss: 0.0000
actor_learning_rate: 0.0003
critic_learning_rate: 0.0003
Policy/mean_noise_std: 0.6036
Total timesteps: 12484608
[PPO_HEALTH] adv_mean=-3.725e-09 adv_std=1.000000 ratio=0.999277 clip=0.246130 actor_delta=2.661e-01 critic_delta=3.568e-01 action_clip=0.000e+00 reward_identity=1.490e-08
[REWARD] total=0.03245 anchor_pos=0.7147 anchor_ori=0.6855 body_pos=0.8669 body_ori=0.5340
[TRAIN_RESET] count=2482 phase0_frac=0.1261 p50=47.0 p95=256.0 target_count=290 target_nonzero=0 curriculum_p50=68.0
[PROGRESS] env_steps=12484608 iteration=3.168s throughput=31031.3
 Learning iteration 127/500 
Computation: 30721 steps/s (Collection: 3.047s, Learning 0.153s)
Value: 0.0157
Surrogate: -0.0123
Entropy: 26.4548
KL: 0.0144
actor_loss: -0.1445
critic_loss: 0.0157
symmetry_actor_loss: 0.0000
symmetry_critic_loss: 0.0000
actor_learning_rate: 0.0003
critic_learning_rate: 0.0003
Policy/mean_noise_std: 0.6018
Total timesteps: 12582912
[PPO_HEALTH] adv_mean=1.055e-08 adv_std=1.000000 ratio=0.998413 clip=0.214447 actor_delta=2.754e-01 critic_delta=2.726e-01 action_clip=0.000e+00 reward_identity=1.490e-08
[REWARD] total=0.03244 anchor_pos=0.7121 anchor_ori=0.6876 body_pos=0.8665 body_ori=0.5328
[TRAIN_RESET] count=2498 phase0_frac=0.1293 p50=45.0 p95=252.0 target_count=298 target_nonzero=0 curriculum_p50=65.0
[PROGRESS] env_steps=12582912 iteration=3.209s throughput=30638.3
 Learning iteration 128/500 
Computation: 28366 steps/s (Collection: 3.313s, Learning 0.152s)
Value: 0.0145
Surrogate: -0.0114
Entropy: 26.3609
KL: 0.0143
actor_loss: -0.1432
critic_loss: 0.0145
symmetry_actor_loss: 0.0000
symmetry_critic_loss: 0.0000
actor_learning_rate: 0.0003
critic_learning_rate: 0.0003
Policy/mean_noise_std: 0.5998
Total timesteps: 12681216
[PPO_HEALTH] adv_mean=-4.657e-09 adv_std=1.000000 ratio=0.998887 clip=0.216801 actor_delta=2.670e-01 critic_delta=2.447e-01 action_clip=0.000e+00 reward_identity=1.490e-08
[REWARD] total=0.03271 anchor_pos=0.7140 anchor_ori=0.6909 body_pos=0.8673 body_ori=0.5350
[TRAIN_RESET] count=2493 phase0_frac=0.1191 p50=45.0 p95=235.0 target_count=281 target_nonzero=0 curriculum_p50=61.0
[PROGRESS] env_steps=12681216 iteration=3.474s throughput=28295.4
 Learning iteration 129/500 
Computation: 29022 steps/s (Collection: 3.236s, Learning 0.151s)
Value: 0.0155
Surrogate: -0.0109
Entropy: 26.2655
KL: 0.0159
actor_loss: -0.1422
critic_loss: 0.0155
symmetry_actor_loss: 0.0000
symmetry_critic_loss: 0.0000
actor_learning_rate: 0.0003
critic_learning_rate: 0.0003
Policy/mean_noise_std: 0.5979
Total timesteps: 12779520
[PPO_HEALTH] adv_mean=-1.397e-08 adv_std=1.000000 ratio=0.998776 clip=0.235783 actor_delta=2.687e-01 critic_delta=2.547e-01 action_clip=0.000e+00 reward_identity=1.490e-08
[REWARD] total=0.03287 anchor_pos=0.7109 anchor_ori=0.6918 body_pos=0.8669 body_ori=0.5349
[TRAIN_RESET] count=2469 phase0_frac=0.1183 p50=50.0 p95=259.0 target_count=274 target_nonzero=0 curriculum_p50=70.0
[PROGRESS] env_steps=12779520 iteration=3.396s throughput=28950.8
 Learning iteration 130/500 
Computation: 30909 steps/s (Collection: 3.028s, Learning 0.153s)
Value: 0.0166
Surrogate: -0.0117
Entropy: 26.1798
KL: 0.0153
actor_loss: -0.1426
critic_loss: 0.0166
symmetry_actor_loss: 0.0000
symmetry_critic_loss: 0.0000
actor_learning_rate: 0.0002
critic_learning_rate: 0.0002
Policy/mean_noise_std: 0.5963
Total timesteps: 12877824
[PPO_HEALTH] adv_mean=1.707e-09 adv_std=1.000000 ratio=0.998773 clip=0.228396 actor_delta=2.400e-01 critic_delta=2.461e-01 action_clip=0.000e+00 reward_identity=1.490e-08
[REWARD] total=0.03330 anchor_pos=0.7137 anchor_ori=0.6948 body_pos=0.8685 body_ori=0.5366
[TRAIN_RESET] count=2426 phase0_frac=0.1191 p50=57.0 p95=252.0 target_count=270 target_nonzero=0 curriculum_p50=76.0
[PROGRESS] env_steps=12877824 iteration=3.189s throughput=30825.0
 Learning iteration 131/500 
Computation: 31496 steps/s (Collection: 2.966s, Learning 0.155s)
Value: 0.0156
Surrogate: -0.0108
Entropy: 26.0985
KL: 0.0151
actor_loss: -0.1413
critic_loss: 0.0156
symmetry_actor_loss: 0.0000
symmetry_critic_loss: 0.0000
actor_learning_rate: 0.0003
critic_learning_rate: 0.0003
Policy/mean_noise_std: 0.5945
Total timesteps: 12976128
[PPO_HEALTH] adv_mean=-8.071e-09 adv_std=1.000000 ratio=0.998966 clip=0.227641 actor_delta=2.620e-01 critic_delta=2.567e-01 action_clip=0.000e+00 reward_identity=1.490e-08
[REWARD] total=0.03335 anchor_pos=0.7111 anchor_ori=0.6943 body_pos=0.8679 body_ori=0.5360
[TRAIN_RESET] count=2363 phase0_frac=0.1223 p50=44.0 p95=255.0 target_count=268 target_nonzero=0 curriculum_p50=59.0
[PROGRESS] env_steps=12976128 iteration=3.130s throughput=31411.3
 Learning iteration 132/500 
Computation: 30067 steps/s (Collection: 3.112s, Learning 0.158s)
Value: 0.0174
Surrogate: -0.0110
Entropy: 26.0096
KL: 0.0146
actor_loss: -0.1410
critic_loss: 0.0174
symmetry_actor_loss: 0.0000
symmetry_critic_loss: 0.0000
actor_learning_rate: 0.0003
critic_learning_rate: 0.0003
Policy/mean_noise_std: 0.5927
Total timesteps: 13074432
[PPO_HEALTH] adv_mean=-6.209e-09 adv_std=1.000000 ratio=0.998700 clip=0.219924 actor_delta=2.564e-01 critic_delta=2.776e-01 action_clip=0.000e+00 reward_identity=1.490e-08
[REWARD] total=0.03324 anchor_pos=0.7084 anchor_ori=0.6912 body_pos=0.8676 body_ori=0.5354
[TRAIN_RESET] count=2343 phase0_frac=0.1122 p50=48.0 p95=251.0 target_count=250 target_nonzero=0 curriculum_p50=65.0
[PROGRESS] env_steps=13074432 iteration=3.278s throughput=29987.8
 Learning iteration 133/500 
Computation: 30182 steps/s (Collection: 3.099s, Learning 0.158s)
Value: 0.0171
Surrogate: -0.0109
Entropy: 25.9245
KL: 0.0146
actor_loss: -0.1405
critic_loss: 0.0171
symmetry_actor_loss: 0.0000
symmetry_critic_loss: 0.0000
actor_learning_rate: 0.0003
critic_learning_rate: 0.0003
Policy/mean_noise_std: 0.5910
Total timesteps: 13172736
[PPO_HEALTH] adv_mean=-9.624e-09 adv_std=1.000000 ratio=0.998071 clip=0.222589 actor_delta=2.493e-01 critic_delta=2.776e-01 action_clip=0.000e+00 reward_identity=1.490e-08
[REWARD] total=0.03360 anchor_pos=0.7056 anchor_ori=0.6941 body_pos=0.8698 body_ori=0.5378
[TRAIN_RESET] count=2273 phase0_frac=0.1236 p50=49.0 p95=249.0 target_count=262 target_nonzero=0 curriculum_p50=68.0
[PROGRESS] env_steps=13172736 iteration=3.266s throughput=30102.0
 Learning iteration 134/500 
Computation: 31756 steps/s (Collection: 2.940s, Learning 0.156s)
Value: 0.0179
Surrogate: -0.0109
Entropy: 25.8442
KL: 0.0158
actor_loss: -0.1402
critic_loss: 0.0179
symmetry_actor_loss: 0.0000
symmetry_critic_loss: 0.0000
actor_learning_rate: 0.0003
critic_learning_rate: 0.0003
Policy/mean_noise_std: 0.5895
Total timesteps: 13271040
[PPO_HEALTH] adv_mean=1.055e-08 adv_std=1.000000 ratio=0.999120 clip=0.235962 actor_delta=2.601e-01 critic_delta=2.945e-01 action_clip=0.000e+00 reward_identity=1.490e-08
[REWARD] total=0.03360 anchor_pos=0.7000 anchor_ori=0.6917 body_pos=0.8682 body_ori=0.5354
[TRAIN_RESET] count=2273 phase0_frac=0.1271 p50=48.0 p95=258.0 target_count=272 target_nonzero=0 curriculum_p50=71.0
[PROGRESS] env_steps=13271040 iteration=3.104s throughput=31667.3
 Learning iteration 135/500 
Computation: 30819 steps/s (Collection: 3.030s, Learning 0.160s)
Value: 0.0190
Surrogate: -0.0105
Entropy: 25.7706
KL: 0.0153
actor_loss: -0.1393
critic_loss: 0.0190
symmetry_actor_loss: 0.0000
symmetry_critic_loss: 0.0000
actor_learning_rate: 0.0002
critic_learning_rate: 0.0002
Policy/mean_noise_std: 0.5880
Total timesteps: 13369344
[PPO_HEALTH] adv_mean=1.087e-09 adv_std=1.000000 ratio=0.998363 clip=0.228888 actor_delta=2.459e-01 critic_delta=3.049e-01 action_clip=0.000e+00 reward_identity=1.490e-08
[REWARD] total=0.03396 anchor_pos=0.7068 anchor_ori=0.6922 body_pos=0.8694 body_ori=0.5393
[TRAIN_RESET] count=2256 phase0_frac=0.1254 p50=47.0 p95=251.0 target_count=255 target_nonzero=0 curriculum_p50=67.0
[PROGRESS] env_steps=13369344 iteration=3.198s throughput=30735.0
 Learning iteration 136/500 
Computation: 30199 steps/s (Collection: 3.101s, Learning 0.154s)
Value: 0.0189
Surrogate: -0.0106
Entropy: 25.6962
KL: 0.0153
actor_loss: -0.1391
critic_loss: 0.0189
symmetry_actor_loss: 0.0000
symmetry_critic_loss: 0.0000
actor_learning_rate: 0.0003
critic_learning_rate: 0.0003
Policy/mean_noise_std: 0.5865
Total timesteps: 13467648
[PPO_HEALTH] adv_mean=3.725e-09 adv_std=1.000000 ratio=0.998819 clip=0.231112 actor_delta=2.561e-01 critic_delta=3.173e-01 action_clip=0.000e+00 reward_identity=1.490e-08
[REWARD] total=0.03414 anchor_pos=0.7044 anchor_ori=0.6913 body_pos=0.8702 body_ori=0.5392
[TRAIN_RESET] count=2207 phase0_frac=0.1192 p50=51.0 p95=256.0 target_count=249 target_nonzero=0 curriculum_p50=71.0
[PROGRESS] env_steps=13467648 iteration=3.264s throughput=30120.7
 Learning iteration 137/500 
Computation: 29798 steps/s (Collection: 3.145s, Learning 0.154s)
Value: 0.0190
Surrogate: -0.0116
Entropy: 25.6186
KL: 0.0150
actor_loss: -0.1397
critic_loss: 0.0190
symmetry_actor_loss: 0.0000
symmetry_critic_loss: 0.0000
actor_learning_rate: 0.0001
critic_learning_rate: 0.0001
Policy/mean_noise_std: 0.5851
Total timesteps: 13565952
[PPO_HEALTH] adv_mean=-4.967e-09 adv_std=1.000000 ratio=0.998478 clip=0.224854 actor_delta=2.355e-01 critic_delta=2.720e-01 action_clip=0.000e+00 reward_identity=1.490e-08
[REWARD] total=0.03435 anchor_pos=0.7034 anchor_ori=0.6890 body_pos=0.8699 body_ori=0.5409
[TRAIN_RESET] count=2174 phase0_frac=0.1196 p50=52.0 p95=255.0 target_count=244 target_nonzero=0 curriculum_p50=68.0
[PROGRESS] env_steps=13565952 iteration=3.308s throughput=29719.9
 Learning iteration 138/500 
Computation: 31279 steps/s (Collection: 2.988s, Learning 0.155s)
Value: 0.0190
Surrogate: -0.0109
Entropy: 25.5599
KL: 0.0122
actor_loss: -0.1387
critic_loss: 0.0190
symmetry_actor_loss: 0.0000
symmetry_critic_loss: 0.0000
actor_learning_rate: 0.0002
critic_learning_rate: 0.0002
Policy/mean_noise_std: 0.5839
Total timesteps: 13664256
[PPO_HEALTH] adv_mean=-1.428e-08 adv_std=1.000000 ratio=0.999542 clip=0.183907 actor_delta=2.066e-01 critic_delta=2.221e-01 action_clip=0.000e+00 reward_identity=1.490e-08
[REWARD] total=0.03434 anchor_pos=0.7025 anchor_ori=0.6873 body_pos=0.8704 body_ori=0.5413
[TRAIN_RESET] count=2190 phase0_frac=0.1142 p50=49.0 p95=259.0 target_count=237 target_nonzero=0 curriculum_p50=65.0
[PROGRESS] env_steps=13664256 iteration=3.152s throughput=31192.6
 Learning iteration 139/500 
Computation: 32133 steps/s (Collection: 2.905s, Learning 0.154s)
Value: 0.0191
Surrogate: -0.0108
Entropy: 25.4828
KL: 0.0156
actor_loss: -0.1382
critic_loss: 0.0191
symmetry_actor_loss: 0.0000
symmetry_critic_loss: 0.0000
actor_learning_rate: 0.0002
critic_learning_rate: 0.0002
Policy/mean_noise_std: 0.5823
Total timesteps: 13762560
[PPO_HEALTH] adv_mean=2.484e-09 adv_std=1.000000 ratio=0.998751 clip=0.230857 actor_delta=2.322e-01 critic_delta=2.594e-01 action_clip=0.000e+00 reward_identity=2.980e-08
[REWARD] total=0.03479 anchor_pos=0.7057 anchor_ori=0.6922 body_pos=0.8711 body_ori=0.5444
[TRAIN_RESET] count=2140 phase0_frac=0.1154 p50=59.0 p95=250.0 target_count=230 target_nonzero=0 curriculum_p50=73.0
[PROGRESS] env_steps=13762560 iteration=3.068s throughput=32043.7
 Learning iteration 140/500 
Computation: 31830 steps/s (Collection: 2.931s, Learning 0.157s)
Value: 0.0199
Surrogate: -0.0105
Entropy: 25.4097
KL: 0.0152
actor_loss: -0.1375
critic_loss: 0.0199
symmetry_actor_loss: 0.0000
symmetry_critic_loss: 0.0000
actor_learning_rate: 0.0002
critic_learning_rate: 0.0002
Policy/mean_noise_std: 0.5809
Total timesteps: 13860864
[PPO_HEALTH] adv_mean=3.104e-09 adv_std=1.000000 ratio=0.998294 clip=0.225755 actor_delta=2.208e-01 critic_delta=2.547e-01 action_clip=0.000e+00 reward_identity=1.490e-08
[REWARD] total=0.03468 anchor_pos=0.7028 anchor_ori=0.6916 body_pos=0.8695 body_ori=0.5400
[TRAIN_RESET] count=2196 phase0_frac=0.1198 p50=52.0 p95=255.0 target_count=244 target_nonzero=0 curriculum_p50=69.0
[PROGRESS] env_steps=13860864 iteration=3.097s throughput=31738.8
 Learning iteration 141/500 
Computation: 31130 steps/s (Collection: 2.998s, Learning 0.160s)
Value: 0.0210
Surrogate: -0.0094
Entropy: 25.3473
KL: 0.0135
actor_loss: -0.1361
critic_loss: 0.0210
symmetry_actor_loss: 0.0000
symmetry_critic_loss: 0.0000
actor_learning_rate: 0.0002
critic_learning_rate: 0.0002
Policy/mean_noise_std: 0.5797
Total timesteps: 13959168
[PPO_HEALTH] adv_mean=7.140e-09 adv_std=1.000000 ratio=0.999471 clip=0.202155 actor_delta=1.996e-01 critic_delta=2.317e-01 action_clip=0.000e+00 reward_identity=1.490e-08
[REWARD] total=0.03488 anchor_pos=0.7044 anchor_ori=0.6906 body_pos=0.8709 body_ori=0.5434
[TRAIN_RESET] count=2143 phase0_frac=0.1227 p50=53.0 p95=253.0 target_count=243 target_nonzero=0 curriculum_p50=70.0
[PROGRESS] env_steps=13959168 iteration=3.167s throughput=31044.9
 Learning iteration 142/500 
Computation: 31721 steps/s (Collection: 2.946s, Learning 0.153s)
Value: 0.0222
Surrogate: -0.0095
Entropy: 25.2849
KL: 0.0133
actor_loss: -0.1359
critic_loss: 0.0222
symmetry_actor_loss: 0.0000
symmetry_critic_loss: 0.0000
actor_learning_rate: 0.0002
critic_learning_rate: 0.0002
Policy/mean_noise_std: 0.5784
Total timesteps: 14057472
[PPO_HEALTH] adv_mean=-4.967e-09 adv_std=1.000000 ratio=0.999010 clip=0.198468 actor_delta=2.074e-01 critic_delta=2.507e-01 action_clip=0.000e+00 reward_identity=1.490e-08
[REWARD] total=0.03497 anchor_pos=0.7018 anchor_ori=0.6885 body_pos=0.8709 body_ori=0.5449
[TRAIN_RESET] count=2100 phase0_frac=0.1105 p50=49.0 p95=251.0 target_count=219 target_nonzero=0 curriculum_p50=68.0
[PROGRESS] env_steps=14057472 iteration=3.108s throughput=31631.8
 Learning iteration 143/500 
Computation: 31933 steps/s (Collection: 2.923s, Learning 0.155s)
Value: 0.0227
Surrogate: -0.0079
Entropy: 25.2312
KL: 0.0114
actor_loss: -0.1341
critic_loss: 0.0227
symmetry_actor_loss: 0.0000
symmetry_critic_loss: 0.0000
actor_learning_rate: 0.0001
critic_learning_rate: 0.0001
Policy/mean_noise_std: 0.5776
Total timesteps: 14155776
[PPO_HEALTH] adv_mean=4.967e-09 adv_std=1.000000 ratio=0.999288 clip=0.163772 actor_delta=1.363e-01 critic_delta=1.491e-01 action_clip=0.000e+00 reward_identity=1.490e-08
[REWARD] total=0.03492 anchor_pos=0.6925 anchor_ori=0.6883 body_pos=0.8700 body_ori=0.5430
[TRAIN_RESET] count=2097 phase0_frac=0.1216 p50=52.0 p95=259.0 target_count=241 target_nonzero=0 curriculum_p50=69.0
[PROGRESS] env_steps=14155776 iteration=3.087s throughput=31846.0
 Learning iteration 144/500 
Computation: 31238 steps/s (Collection: 2.993s, Learning 0.154s)
Value: 0.0230
Surrogate: -0.0107
Entropy: 25.1885
KL: 0.0108
actor_loss: -0.1366
critic_loss: 0.0230
symmetry_actor_loss: 0.0000
symmetry_critic_loss: 0.0000
actor_learning_rate: 0.0001
critic_learning_rate: 0.0001
Policy/mean_noise_std: 0.5766
Total timesteps: 14254080
[PPO_HEALTH] adv_mean=-5.277e-09 adv_std=1.000000 ratio=0.999000 clip=0.162628 actor_delta=1.698e-01 critic_delta=1.905e-01 action_clip=0.000e+00 reward_identity=1.490e-08
[REWARD] total=0.03523 anchor_pos=0.6934 anchor_ori=0.6890 body_pos=0.8711 body_ori=0.5471
[TRAIN_RESET] count=2036 phase0_frac=0.1090 p50=55.0 p95=253.0 target_count=208 target_nonzero=0 curriculum_p50=70.0
[PROGRESS] env_steps=14254080 iteration=3.155s throughput=31154.3
 Learning iteration 145/500 
Computation: 30708 steps/s (Collection: 3.049s, Learning 0.152s)
Value: 0.0231
Surrogate: -0.0105
Entropy: 25.1287
KL: 0.0130
actor_loss: -0.1361
critic_loss: 0.0231
symmetry_actor_loss: 0.0000
symmetry_critic_loss: 0.0000
actor_learning_rate: 0.0002
critic_learning_rate: 0.0002
Policy/mean_noise_std: 0.5753
Total timesteps: 14352384
[PPO_HEALTH] adv_mean=1.024e-08 adv_std=1.000000 ratio=0.999259 clip=0.194975 actor_delta=2.102e-01 critic_delta=2.487e-01 action_clip=0.000e+00 reward_identity=1.490e-08
[REWARD] total=0.03533 anchor_pos=0.6931 anchor_ori=0.6867 body_pos=0.8722 body_ori=0.5476
[TRAIN_RESET] count=1987 phase0_frac=0.1243 p50=51.0 p95=252.0 target_count=223 target_nonzero=0 curriculum_p50=68.0
[PROGRESS] env_steps=14352384 iteration=3.210s throughput=30624.4
 Learning iteration 146/500 
Computation: 31106 steps/s (Collection: 3.005s, Learning 0.155s)
Value: 0.0285
Surrogate: -0.0105
Entropy: 25.0562
KL: 0.0157
actor_loss: -0.1358
critic_loss: 0.0285
symmetry_actor_loss: 0.0000
symmetry_critic_loss: 0.0000
actor_learning_rate: 0.0003
critic_learning_rate: 0.0003
Policy/mean_noise_std: 0.5737
Total timesteps: 14450688
[PPO_HEALTH] adv_mean=-4.967e-09 adv_std=1.000000 ratio=0.998442 clip=0.234237 actor_delta=2.655e-01 critic_delta=3.261e-01 action_clip=0.000e+00 reward_identity=1.490e-08
[REWARD] total=0.03497 anchor_pos=0.6803 anchor_ori=0.6814 body_pos=0.8692 body_ori=0.5437
[TRAIN_RESET] count=1991 phase0_frac=0.1110 p50=55.0 p95=255.0 target_count=212 target_nonzero=0 curriculum_p50=70.0
[PROGRESS] env_steps=14450688 iteration=3.169s throughput=31018.6
 Learning iteration 147/500 
Computation: 32015 steps/s (Collection: 2.917s, Learning 0.154s)
Value: 0.0266
Surrogate: -0.0087
Entropy: 24.9806
KL: 0.0161
actor_loss: -0.1336
critic_loss: 0.0266
symmetry_actor_loss: 0.0000
symmetry_critic_loss: 0.0000
actor_learning_rate: 0.0003
critic_learning_rate: 0.0003
Policy/mean_noise_std: 0.5724
Total timesteps: 14548992
[PPO_HEALTH] adv_mean=1.863e-09 adv_std=1.000000 ratio=1.000374 clip=0.240228 actor_delta=2.347e-01 critic_delta=3.486e-01 action_clip=0.000e+00 reward_identity=1.490e-08
[REWARD] total=0.03513 anchor_pos=0.6754 anchor_ori=0.6816 body_pos=0.8708 body_ori=0.5453
[TRAIN_RESET] count=1902 phase0_frac=0.1157 p50=52.0 p95=255.0 target_count=211 target_nonzero=0 curriculum_p50=71.0
[PROGRESS] env_steps=14548992 iteration=3.079s throughput=31927.5
 Learning iteration 148/500 
Computation: 30968 steps/s (Collection: 3.019s, Learning 0.156s)
Value: 0.0256
Surrogate: -0.0105
Entropy: 24.9183
KL: 0.0149
actor_loss: -0.1351
critic_loss: 0.0256
symmetry_actor_loss: 0.0000
symmetry_critic_loss: 0.0000
actor_learning_rate: 0.0002
critic_learning_rate: 0.0002
Policy/mean_noise_std: 0.5713
Total timesteps: 14647296
[PPO_HEALTH] adv_mean=-4.928e-09 adv_std=1.000000 ratio=1.000089 clip=0.224292 actor_delta=2.204e-01 critic_delta=3.078e-01 action_clip=0.000e+00 reward_identity=1.490e-08
[REWARD] total=0.03527 anchor_pos=0.6749 anchor_ori=0.6793 body_pos=0.8704 body_ori=0.5446
[TRAIN_RESET] count=1971 phase0_frac=0.1106 p50=60.0 p95=253.0 target_count=206 target_nonzero=0 curriculum_p50=75.0
[PROGRESS] env_steps=14647296 iteration=3.183s throughput=30886.1
 Learning iteration 149/500 
Computation: 31027 steps/s (Collection: 3.006s, Learning 0.163s)
Value: 0.0266
Surrogate: -0.0102
Entropy: 24.8585
KL: 0.0155
actor_loss: -0.1345
critic_loss: 0.0266
symmetry_actor_loss: 0.0000
symmetry_critic_loss: 0.0000
actor_learning_rate: 0.0003
critic_learning_rate: 0.0003
Policy/mean_noise_std: 0.5699
Total timesteps: 14745600
[PPO_HEALTH] adv_mean=-3.104e-09 adv_std=1.000000 ratio=1.000145 clip=0.230489 actor_delta=2.493e-01 critic_delta=3.548e-01 action_clip=0.000e+00 reward_identity=1.490e-08
[REWARD] total=0.03528 anchor_pos=0.6769 anchor_ori=0.6754 body_pos=0.8713 body_ori=0.5461
[TRAIN_RESET] count=1931 phase0_frac=0.1031 p50=54.0 p95=263.0 target_count=177 target_nonzero=0 curriculum_p50=68.0
[PROGRESS] env_steps=14745600 iteration=3.177s throughput=30942.4
[VALIDATION_START] update=150 max_steps=500 envs=4096 fixed_seed=0
[VALIDATION_RESET_START]
[VALIDATION_RESET_DONE] time=7.566s
[VALIDATION_PROGRESS] step=1/500 done=0.00000 alive=1.00000 elapsed=0.202s
[VALIDATION_PROGRESS] step=50/500 done=0.00000 alive=1.00000 elapsed=4.199s
[VALIDATION_PROGRESS] step=100/500 done=0.00000 alive=1.00000 elapsed=8.207s
[VALIDATION_PROGRESS] step=150/500 done=0.00000 alive=1.00000 elapsed=12.134s
[VALIDATION_PROGRESS] step=200/500 done=0.99927 alive=0.00073 elapsed=16.752s
[VALIDATION_PROGRESS] step=214/500 done=1.00000 alive=0.00000 elapsed=17.970s
[VALIDATION_DONE] update=150 time=33.151s
[VAL] steps_mean=183.21 steps_min=164 steps_p50=184 steps_p95=189 steps_max=214 return=13.24046 done=1.00000
[VAL_OUTCOME] failure=1.00000 motion_complete=0.00000 time_out=0.00000 censored=0.00000 reference_progress=0.56547
[VAL_CAUSE] anchor_pos_bad=0.00000 anchor_ori_bad=0.00000 ee_body_bad=1.00000 failure_phase_p50=184.0 completion_phase_p50=-1.0
[VAL_RESET] root_pos=0.000000 root_ori=0.000deg anchor_pos=0.010002 anchor_ori=0.000deg joint_pos=0.000000 joint_vel=0.000000 body_pos=0.002920 body_ori=0.000deg
[VAL_TRACKING] joint_pos_mae=0.113591 joint_vel_mae=0.609722 root_lin_mae=0.183625 root_ang_mae=0.620839 pd_target_ref_now=0.201327 pd_target_ref_next=0.198234 torso_ori=9.919deg left_wrist_ori=7.826deg right_wrist_ori=8.704deg
[VAL_DYNAMICS] action_delta=0.064784 action_delta_p95=0.122775 action_d2=0.034853 action_d2_p95=0.083325 joint_vel_jump=0.241171 root_lin_jump=0.030750 root_ang_jump=0.254287 initial_action_delta=0.330631
 Learning iteration 150/500 
Computation: 30450 steps/s (Collection: 3.077s, Learning 0.152s)
Value: 0.0281
Surrogate: -0.0100
Entropy: 24.7913
KL: 0.0141
actor_loss: -0.1339
critic_loss: 0.0281
symmetry_actor_loss: 0.0000
symmetry_critic_loss: 0.0000
actor_learning_rate: 0.0003
critic_learning_rate: 0.0003
Policy/mean_noise_std: 0.5688
Total timesteps: 14843904
[PPO_HEALTH] adv_mean=3.104e-09 adv_std=1.000000 ratio=0.999456 clip=0.214097 actor_delta=2.419e-01 critic_delta=3.479e-01 action_clip=0.000e+00 reward_identity=1.490e-08
[REWARD] total=0.03538 anchor_pos=0.6734 anchor_ori=0.6747 body_pos=0.8719 body_ori=0.5460
[TRAIN_RESET] count=1842 phase0_frac=0.1069 p50=58.0 p95=255.0 target_count=180 target_nonzero=0 curriculum_p50=72.0
[PROGRESS] env_steps=14843904 iteration=3.237s throughput=30367.7
 Learning iteration 151/500 
Computation: 30913 steps/s (Collection: 3.029s, Learning 0.151s)
Value: 0.0269
Surrogate: -0.0106
Entropy: 24.7304
KL: 0.0147
actor_loss: -0.1342
critic_loss: 0.0269
symmetry_actor_loss: 0.0000
symmetry_critic_loss: 0.0000
actor_learning_rate: 0.0003
critic_learning_rate: 0.0003
Policy/mean_noise_std: 0.5675
Total timesteps: 14942208
[PPO_HEALTH] adv_mean=-7.451e-09 adv_std=1.000000 ratio=0.998243 clip=0.219853 actor_delta=2.434e-01 critic_delta=3.337e-01 action_clip=0.000e+00 reward_identity=1.490e-08
[REWARD] total=0.03558 anchor_pos=0.6757 anchor_ori=0.6742 body_pos=0.8723 body_ori=0.5461
[TRAIN_RESET] count=1803 phase0_frac=0.1043 p50=56.0 p95=252.0 target_count=172 target_nonzero=0 curriculum_p50=71.0
[PROGRESS] env_steps=14942208 iteration=3.189s throughput=30829.8
 Learning iteration 152/500 
Computation: 31291 steps/s (Collection: 2.989s, Learning 0.153s)
Value: 0.0412
Surrogate: -0.0105
Entropy: 24.6616
KL: 0.0158
actor_loss: -0.1338
critic_loss: 0.0412
symmetry_actor_loss: 0.0000
symmetry_critic_loss: 0.0000
actor_learning_rate: 0.0002
critic_learning_rate: 0.0002
Policy/mean_noise_std: 0.5663
Total timesteps: 15040512
[PPO_HEALTH] adv_mean=-8.692e-09 adv_std=1.000000 ratio=0.998197 clip=0.234045 actor_delta=2.211e-01 critic_delta=2.976e-01 action_clip=0.000e+00 reward_identity=1.490e-08
[REWARD] total=0.03570 anchor_pos=0.6726 anchor_ori=0.6735 body_pos=0.8717 body_ori=0.5497
[TRAIN_RESET] count=1838 phase0_frac=0.1028 p50=62.0 p95=252.0 target_count=173 target_nonzero=0 curriculum_p50=77.0
[PROGRESS] env_steps=15040512 iteration=3.150s throughput=31205.2
 Learning iteration 153/500 
Computation: 32166 steps/s (Collection: 2.904s, Learning 0.152s)
Value: 0.0285
Surrogate: -0.0104
Entropy: 24.6031
KL: 0.0156
actor_loss: -0.1334
critic_loss: 0.0285
symmetry_actor_loss: 0.0000
symmetry_critic_loss: 0.0000
actor_learning_rate: 0.0002
critic_learning_rate: 0.0002
Policy/mean_noise_std: 0.5651
Total timesteps: 15138816
[PPO_HEALTH] adv_mean=-1.242e-09 adv_std=1.000000 ratio=0.999157 clip=0.230823 actor_delta=2.265e-01 critic_delta=2.756e-01 action_clip=0.000e+00 reward_identity=1.490e-08
[REWARD] total=0.03587 anchor_pos=0.6674 anchor_ori=0.6735 body_pos=0.8724 body_ori=0.5504
[TRAIN_RESET] count=1749 phase0_frac=0.0995 p50=61.0 p95=245.0 target_count=164 target_nonzero=0 curriculum_p50=74.0
[PROGRESS] env_steps=15138816 iteration=3.065s throughput=32075.7
 Learning iteration 154/500 
Computation: 29947 steps/s (Collection: 3.122s, Learning 0.161s)
Value: 0.0289
Surrogate: -0.0090
Entropy: 24.5398
KL: 0.0162
actor_loss: -0.1317
critic_loss: 0.0289
symmetry_actor_loss: 0.0000
symmetry_critic_loss: 0.0000
actor_learning_rate: 0.0003
critic_learning_rate: 0.0003
Policy/mean_noise_std: 0.5638
Total timesteps: 15237120
[PPO_HEALTH] adv_mean=-9.934e-09 adv_std=1.000000 ratio=0.999062 clip=0.236375 actor_delta=2.480e-01 critic_delta=3.231e-01 action_clip=0.000e+00 reward_identity=1.490e-08
[REWARD] total=0.03611 anchor_pos=0.6610 anchor_ori=0.6755 body_pos=0.8735 body_ori=0.5525
[TRAIN_RESET] count=1740 phase0_frac=0.1011 p50=60.0 p95=254.0 target_count=163 target_nonzero=0 curriculum_p50=72.0
[PROGRESS] env_steps=15237120 iteration=3.291s throughput=29869.0
 Learning iteration 155/500 
Computation: 31328 steps/s (Collection: 2.984s, Learning 0.154s)
Value: 0.0303
Surrogate: -0.0111
Entropy: 24.4764
KL: 0.0151
actor_loss: -0.1335
critic_loss: 0.0303
symmetry_actor_loss: 0.0000
symmetry_critic_loss: 0.0000
actor_learning_rate: 0.0003
critic_learning_rate: 0.0003
Policy/mean_noise_std: 0.5626
Total timesteps: 15335424
[PPO_HEALTH] adv_mean=-7.451e-09 adv_std=1.000000 ratio=0.998123 clip=0.224382 actor_delta=2.509e-01 critic_delta=3.137e-01 action_clip=0.000e+00 reward_identity=1.490e-08
[REWARD] total=0.03606 anchor_pos=0.6563 anchor_ori=0.6735 body_pos=0.8735 body_ori=0.5520
[TRAIN_RESET] count=1722 phase0_frac=0.0918 p50=59.0 p95=248.0 target_count=144 target_nonzero=0 curriculum_p50=72.0
[PROGRESS] env_steps=15335424 iteration=3.146s throughput=31242.9
 Learning iteration 156/500 
Computation: 31513 steps/s (Collection: 2.966s, Learning 0.153s)
Value: 0.0295
Surrogate: -0.0105
Entropy: 24.4176
KL: 0.0149
actor_loss: -0.1326
critic_loss: 0.0295
symmetry_actor_loss: 0.0000
symmetry_critic_loss: 0.0000
actor_learning_rate: 0.0003
critic_learning_rate: 0.0003
Policy/mean_noise_std: 0.5616
Total timesteps: 15433728
[PPO_HEALTH] adv_mean=6.830e-09 adv_std=1.000000 ratio=0.998956 clip=0.223342 actor_delta=2.430e-01 critic_delta=3.211e-01 action_clip=0.000e+00 reward_identity=1.490e-08
[REWARD] total=0.03643 anchor_pos=0.6545 anchor_ori=0.6742 body_pos=0.8741 body_ori=0.5554
[TRAIN_RESET] count=1753 phase0_frac=0.0924 p50=59.0 p95=252.0 target_count=146 target_nonzero=0 curriculum_p50=71.0
[PROGRESS] env_steps=15433728 iteration=3.128s throughput=31424.8
 Learning iteration 157/500 
Computation: 31478 steps/s (Collection: 2.968s, Learning 0.155s)
Value: 0.0289
Surrogate: -0.0111
Entropy: 24.3570
KL: 0.0151
actor_loss: -0.1329
critic_loss: 0.0289
symmetry_actor_loss: 0.0000
symmetry_critic_loss: 0.0000
actor_learning_rate: 0.0002
critic_learning_rate: 0.0002
Policy/mean_noise_std: 0.5603
Total timesteps: 15532032
[PPO_HEALTH] adv_mean=-1.055e-08 adv_std=1.000000 ratio=0.998341 clip=0.224506 actor_delta=2.467e-01 critic_delta=3.068e-01 action_clip=0.000e+00 reward_identity=1.490e-08
[REWARD] total=0.03671 anchor_pos=0.6539 anchor_ori=0.6719 body_pos=0.8748 body_ori=0.5558
[TRAIN_RESET] count=1657 phase0_frac=0.0899 p50=68.0 p95=248.0 target_count=140 target_nonzero=0 curriculum_p50=78.0
[PROGRESS] env_steps=15532032 iteration=3.132s throughput=31391.1
 Learning iteration 158/500 
Computation: 31808 steps/s (Collection: 2.935s, Learning 0.155s)
Value: 0.0315
Surrogate: -0.0096
Entropy: 24.2958
KL: 0.0141
actor_loss: -0.1310
critic_loss: 0.0315
symmetry_actor_loss: 0.0000
symmetry_critic_loss: 0.0000
actor_learning_rate: 0.0002
critic_learning_rate: 0.0002
Policy/mean_noise_std: 0.5593
Total timesteps: 15630336
[PPO_HEALTH] adv_mean=-1.024e-08 adv_std=1.000000 ratio=0.999147 clip=0.211009 actor_delta=1.923e-01 critic_delta=2.442e-01 action_clip=0.000e+00 reward_identity=1.490e-08
[REWARD] total=0.03683 anchor_pos=0.6550 anchor_ori=0.6693 body_pos=0.8755 body_ori=0.5586
[TRAIN_RESET] count=1707 phase0_frac=0.1025 p50=62.0 p95=256.0 target_count=156 target_nonzero=0 curriculum_p50=75.0
[PROGRESS] env_steps=15630336 iteration=3.099s throughput=31719.2
 Learning iteration 159/500 
Computation: 30799 steps/s (Collection: 3.037s, Learning 0.155s)
Value: 0.0325
Surrogate: -0.0092
Entropy: 24.2433
KL: 0.0161
actor_loss: -0.1304
critic_loss: 0.0325
symmetry_actor_loss: 0.0000
symmetry_critic_loss: 0.0000
actor_learning_rate: 0.0002
critic_learning_rate: 0.0002
Policy/mean_noise_std: 0.5584
Total timesteps: 15728640
[PPO_HEALTH] adv_mean=4.967e-09 adv_std=1.000000 ratio=0.998716 clip=0.238155 actor_delta=2.196e-01 critic_delta=2.846e-01 action_clip=0.000e+00 reward_identity=1.490e-08
[REWARD] total=0.03665 anchor_pos=0.6499 anchor_ori=0.6700 body_pos=0.8755 body_ori=0.5562
[TRAIN_RESET] count=1648 phase0_frac=0.0813 p50=61.0 p95=251.0 target_count=121 target_nonzero=0 curriculum_p50=71.0
[PROGRESS] env_steps=15728640 iteration=3.201s throughput=30715.2
 Learning iteration 160/500 
Computation: 30009 steps/s (Collection: 3.123s, Learning 0.153s)
Value: 0.0326
Surrogate: -0.0094
Entropy: 24.1952
KL: 0.0162
actor_loss: -0.1304
critic_loss: 0.0326
symmetry_actor_loss: 0.0000
symmetry_critic_loss: 0.0000
actor_learning_rate: 0.0003
critic_learning_rate: 0.0003
Policy/mean_noise_std: 0.5573
Total timesteps: 15826944
[PPO_HEALTH] adv_mean=6.209e-10 adv_std=1.000000 ratio=0.998083 clip=0.238912 actor_delta=2.395e-01 critic_delta=3.289e-01 action_clip=0.000e+00 reward_identity=1.490e-08
[REWARD] total=0.03664 anchor_pos=0.6530 anchor_ori=0.6740 body_pos=0.8747 body_ori=0.5539
[TRAIN_RESET] count=1659 phase0_frac=0.0862 p50=62.0 p95=261.0 target_count=128 target_nonzero=0 curriculum_p50=76.0
[PROGRESS] env_steps=15826944 iteration=3.284s throughput=29932.2
 Learning iteration 161/500 
Computation: 30988 steps/s (Collection: 3.019s, Learning 0.154s)
Value: 0.0341
Surrogate: -0.0107
Entropy: 24.1360
KL: 0.0145
actor_loss: -0.1314
critic_loss: 0.0341
symmetry_actor_loss: 0.0000
symmetry_critic_loss: 0.0000
actor_learning_rate: 0.0003
critic_learning_rate: 0.0003
Policy/mean_noise_std: 0.5561
Total timesteps: 15925248
[PPO_HEALTH] adv_mean=-1.242e-08 adv_std=1.000000 ratio=0.998825 clip=0.219454 actor_delta=2.461e-01 critic_delta=3.299e-01 action_clip=0.000e+00 reward_identity=1.490e-08
[REWARD] total=0.03686 anchor_pos=0.6492 anchor_ori=0.6760 body_pos=0.8759 body_ori=0.5564
[TRAIN_RESET] count=1683 phase0_frac=0.0879 p50=68.0 p95=267.0 target_count=139 target_nonzero=0 curriculum_p50=79.0
[PROGRESS] env_steps=15925248 iteration=3.181s throughput=30902.6
 Learning iteration 162/500 
Computation: 31589 steps/s (Collection: 2.959s, Learning 0.153s)
Value: 0.0387
Surrogate: -0.0099
Entropy: 24.0723
KL: 0.0147
actor_loss: -0.1303
critic_loss: 0.0387
symmetry_actor_loss: 0.0000
symmetry_critic_loss: 0.0000
actor_learning_rate: 0.0002
critic_learning_rate: 0.0002
Policy/mean_noise_std: 0.5550
Total timesteps: 16023552
[PPO_HEALTH] adv_mean=-9.313e-09 adv_std=1.000000 ratio=0.998763 clip=0.216935 actor_delta=2.100e-01 critic_delta=2.545e-01 action_clip=0.000e+00 reward_identity=1.490e-08
[REWARD] total=0.03701 anchor_pos=0.6449 anchor_ori=0.6755 body_pos=0.8754 body_ori=0.5556
[TRAIN_RESET] count=1539 phase0_frac=0.0838 p50=71.0 p95=248.0 target_count=113 target_nonzero=0 curriculum_p50=81.0
[PROGRESS] env_steps=16023552 iteration=3.121s throughput=31501.0
 Learning iteration 163/500 
Computation: 31984 steps/s (Collection: 2.920s, Learning 0.153s)
Value: 0.0348
Surrogate: -0.0097
Entropy: 24.0213
KL: 0.0152
actor_loss: -0.1298
critic_loss: 0.0348
symmetry_actor_loss: 0.0000
symmetry_critic_loss: 0.0000
actor_learning_rate: 0.0002
critic_learning_rate: 0.0002
Policy/mean_noise_std: 0.5542
Total timesteps: 16121856
[PPO_HEALTH] adv_mean=-7.451e-09 adv_std=1.000000 ratio=1.000334 clip=0.227704 actor_delta=2.150e-01 critic_delta=2.743e-01 action_clip=0.000e+00 reward_identity=1.490e-08
[REWARD] total=0.03691 anchor_pos=0.6353 anchor_ori=0.6735 body_pos=0.8747 body_ori=0.5538
[TRAIN_RESET] count=1604 phase0_frac=0.0898 p50=68.0 p95=258.0 target_count=132 target_nonzero=0 curriculum_p50=78.0
[PROGRESS] env_steps=16121856 iteration=3.082s throughput=31893.0
 Learning iteration 164/500 
Computation: 31869 steps/s (Collection: 2.930s, Learning 0.155s)
Value: 0.0348
Surrogate: -0.0103
Entropy: 23.9756
KL: 0.0151
actor_loss: -0.1301
critic_loss: 0.0348
symmetry_actor_loss: 0.0000
symmetry_critic_loss: 0.0000
actor_learning_rate: 0.0002
critic_learning_rate: 0.0002
Policy/mean_noise_std: 0.5532
Total timesteps: 16220160
[PPO_HEALTH] adv_mean=-1.428e-08 adv_std=1.000000 ratio=0.998333 clip=0.224028 actor_delta=2.133e-01 critic_delta=2.658e-01 action_clip=0.000e+00 reward_identity=1.490e-08
[REWARD] total=0.03703 anchor_pos=0.6343 anchor_ori=0.6741 body_pos=0.8764 body_ori=0.5556
[TRAIN_RESET] count=1609 phase0_frac=0.0895 p50=71.0 p95=266.0 target_count=131 target_nonzero=0 curriculum_p50=81.0
[PROGRESS] env_steps=16220160 iteration=3.093s throughput=31781.8
 Learning iteration 165/500 
Computation: 32499 steps/s (Collection: 2.873s, Learning 0.151s)
Value: 0.0352
Surrogate: -0.0097
Entropy: 23.9250
KL: 0.0153
actor_loss: -0.1293
critic_loss: 0.0352
symmetry_actor_loss: 0.0000
symmetry_critic_loss: 0.0000
actor_learning_rate: 0.0002
critic_learning_rate: 0.0002
Policy/mean_noise_std: 0.5523
Total timesteps: 16318464
[PPO_HEALTH] adv_mean=-1.490e-08 adv_std=1.000000 ratio=0.998872 clip=0.224121 actor_delta=2.081e-01 critic_delta=2.781e-01 action_clip=0.000e+00 reward_identity=1.490e-08
[REWARD] total=0.03708 anchor_pos=0.6315 anchor_ori=0.6718 body_pos=0.8764 body_ori=0.5565
[TRAIN_RESET] count=1528 phase0_frac=0.0955 p50=70.0 p95=258.0 target_count=135 target_nonzero=0 curriculum_p50=82.0
[PROGRESS] env_steps=16318464 iteration=3.033s throughput=32408.6
 Learning iteration 166/500 
Computation: 32410 steps/s (Collection: 2.882s, Learning 0.151s)
Value: 0.0372
Surrogate: -0.0104
Entropy: 23.8797
KL: 0.0156
actor_loss: -0.1298
critic_loss: 0.0372
symmetry_actor_loss: 0.0000
symmetry_critic_loss: 0.0000
actor_learning_rate: 0.0002
critic_learning_rate: 0.0002
Policy/mean_noise_std: 0.5515
Total timesteps: 16416768
[PPO_HEALTH] adv_mean=-1.242e-08 adv_std=1.000000 ratio=0.999484 clip=0.230019 actor_delta=2.176e-01 critic_delta=2.937e-01 action_clip=0.000e+00 reward_identity=1.490e-08
[REWARD] total=0.03695 anchor_pos=0.6302 anchor_ori=0.6682 body_pos=0.8758 body_ori=0.5529
[TRAIN_RESET] count=1493 phase0_frac=0.0817 p50=69.0 p95=254.0 target_count=109 target_nonzero=0 curriculum_p50=81.0
[PROGRESS] env_steps=16416768 iteration=3.042s throughput=32319.5
 Learning iteration 167/500 
Computation: 32980 steps/s (Collection: 2.830s, Learning 0.151s)
Value: 0.0375
Surrogate: -0.0095
Entropy: 23.8356
KL: 0.0151
actor_loss: -0.1287
critic_loss: 0.0375
symmetry_actor_loss: 0.0000
symmetry_critic_loss: 0.0000
actor_learning_rate: 0.0002
critic_learning_rate: 0.0002
Policy/mean_noise_std: 0.5506
Total timesteps: 16515072
[PPO_HEALTH] adv_mean=-6.209e-09 adv_std=1.000000 ratio=0.999700 clip=0.225450 actor_delta=2.063e-01 critic_delta=2.862e-01 action_clip=0.000e+00 reward_identity=1.490e-08
[REWARD] total=0.03734 anchor_pos=0.6261 anchor_ori=0.6773 body_pos=0.8778 body_ori=0.5578
[TRAIN_RESET] count=1530 phase0_frac=0.0804 p50=74.0 p95=259.0 target_count=106 target_nonzero=0 curriculum_p50=83.0
[PROGRESS] env_steps=16515072 iteration=2.989s throughput=32887.2
 Learning iteration 168/500 
Computation: 31809 steps/s (Collection: 2.938s, Learning 0.153s)
Value: 0.0382
Surrogate: -0.0096
Entropy: 23.7828
KL: 0.0158
actor_loss: -0.1285
critic_loss: 0.0382
symmetry_actor_loss: 0.0000
symmetry_critic_loss: 0.0000
actor_learning_rate: 0.0002
critic_learning_rate: 0.0002
Policy/mean_noise_std: 0.5496
Total timesteps: 16613376
[PPO_HEALTH] adv_mean=9.624e-09 adv_std=1.000000 ratio=0.999390 clip=0.234607 actor_delta=2.216e-01 critic_delta=3.119e-01 action_clip=0.000e+00 reward_identity=1.490e-08
[REWARD] total=0.03740 anchor_pos=0.6177 anchor_ori=0.6764 body_pos=0.8780 body_ori=0.5588
[TRAIN_RESET] count=1448 phase0_frac=0.0870 p50=64.0 p95=261.0 target_count=114 target_nonzero=0 curriculum_p50=75.0
[PROGRESS] env_steps=16613376 iteration=3.099s throughput=31721.4
 Learning iteration 169/500 
Computation: 32131 steps/s (Collection: 2.907s, Learning 0.153s)
Value: 0.0380
Surrogate: -0.0084
Entropy: 23.7365
KL: 0.0140
actor_loss: -0.1271
critic_loss: 0.0380
symmetry_actor_loss: 0.0000
symmetry_critic_loss: 0.0000
actor_learning_rate: 0.0002
critic_learning_rate: 0.0002
Policy/mean_noise_std: 0.5487
Total timesteps: 16711680
[PPO_HEALTH] adv_mean=-9.624e-09 adv_std=1.000000 ratio=0.999578 clip=0.210486 actor_delta=1.868e-01 critic_delta=2.597e-01 action_clip=0.000e+00 reward_identity=1.490e-08
[REWARD] total=0.03781 anchor_pos=0.6224 anchor_ori=0.6836 body_pos=0.8791 body_ori=0.5607
[TRAIN_RESET] count=1446 phase0_frac=0.0934 p50=68.0 p95=264.0 target_count=124 target_nonzero=0 curriculum_p50=81.0
[PROGRESS] env_steps=16711680 iteration=3.068s throughput=32042.6
 Learning iteration 170/500 
Computation: 30104 steps/s (Collection: 3.110s, Learning 0.155s)
Value: 0.0357
Surrogate: -0.0096
Entropy: 23.6756
KL: 0.0151
actor_loss: -0.1280
critic_loss: 0.0357
symmetry_actor_loss: 0.0000
symmetry_critic_loss: 0.0000
actor_learning_rate: 0.0002
critic_learning_rate: 0.0002
Policy/mean_noise_std: 0.5476
Total timesteps: 16809984
[PPO_HEALTH] adv_mean=-7.451e-09 adv_std=1.000000 ratio=0.998857 clip=0.225043 actor_delta=2.113e-01 critic_delta=2.943e-01 action_clip=0.000e+00 reward_identity=1.490e-08
[REWARD] total=0.03771 anchor_pos=0.6158 anchor_ori=0.6849 body_pos=0.8773 body_ori=0.5587
[TRAIN_RESET] count=1415 phase0_frac=0.0919 p50=70.0 p95=260.0 target_count=123 target_nonzero=0 curriculum_p50=81.0
[PROGRESS] env_steps=16809984 iteration=3.274s throughput=30026.2
 Learning iteration 171/500 
Computation: 30670 steps/s (Collection: 3.050s, Learning 0.156s)
Value: 0.0360
Surrogate: -0.0087
Entropy: 23.6252
KL: 0.0141
actor_loss: -0.1268
critic_loss: 0.0360
symmetry_actor_loss: 0.0000
symmetry_critic_loss: 0.0000
actor_learning_rate: 0.0002
critic_learning_rate: 0.0002
Policy/mean_noise_std: 0.5466
Total timesteps: 16908288
[PPO_HEALTH] adv_mean=-1.242e-08 adv_std=1.000000 ratio=0.998758 clip=0.210665 actor_delta=1.917e-01 critic_delta=2.506e-01 action_clip=0.000e+00 reward_identity=1.490e-08
[REWARD] total=0.03770 anchor_pos=0.6072 anchor_ori=0.6835 body_pos=0.8771 body_ori=0.5590
[TRAIN_RESET] count=1458 phase0_frac=0.0940 p50=70.0 p95=257.0 target_count=124 target_nonzero=0 curriculum_p50=83.0
[PROGRESS] env_steps=16908288 iteration=3.214s throughput=30587.1
 Learning iteration 172/500 
Computation: 32217 steps/s (Collection: 2.898s, Learning 0.153s)
Value: 0.0402
Surrogate: -0.0097
Entropy: 23.5619
KL: 0.0163
actor_loss: -0.1275
critic_loss: 0.0402
symmetry_actor_loss: 0.0000
symmetry_critic_loss: 0.0000
actor_learning_rate: 0.0002
critic_learning_rate: 0.0002
Policy/mean_noise_std: 0.5453
Total timesteps: 17006592
[PPO_HEALTH] adv_mean=3.104e-10 adv_std=1.000000 ratio=0.998641 clip=0.237809 actor_delta=2.416e-01 critic_delta=3.333e-01 action_clip=0.000e+00 reward_identity=1.490e-08
[REWARD] total=0.03783 anchor_pos=0.6036 anchor_ori=0.6793 body_pos=0.8787 body_ori=0.5597
[TRAIN_RESET] count=1366 phase0_frac=0.0827 p50=73.0 p95=254.0 target_count=105 target_nonzero=0 curriculum_p50=82.0
[PROGRESS] env_steps=17006592 iteration=3.060s throughput=32127.1
 Learning iteration 173/500 
Computation: 32299 steps/s (Collection: 2.890s, Learning 0.153s)
Value: 0.0426
Surrogate: -0.0093
Entropy: 23.5015
KL: 0.0158
actor_loss: -0.1268
critic_loss: 0.0426
symmetry_actor_loss: 0.0000
symmetry_critic_loss: 0.0000
actor_learning_rate: 0.0002
critic_learning_rate: 0.0002
Policy/mean_noise_std: 0.5443
Total timesteps: 17104896
[PPO_HEALTH] adv_mean=6.830e-09 adv_std=1.000000 ratio=0.999526 clip=0.234481 actor_delta=2.175e-01 critic_delta=2.885e-01 action_clip=0.000e+00 reward_identity=1.490e-08
[REWARD] total=0.03816 anchor_pos=0.6043 anchor_ori=0.6811 body_pos=0.8802 body_ori=0.5622
[TRAIN_RESET] count=1375 phase0_frac=0.0895 p50=75.0 p95=262.0 target_count=109 target_nonzero=0 curriculum_p50=86.0
[PROGRESS] env_steps=17104896 iteration=3.052s throughput=32208.2
 Learning iteration 174/500 
Computation: 31979 steps/s (Collection: 2.909s, Learning 0.165s)
Value: 0.0411
Surrogate: -0.0095
Entropy: 23.4510
KL: 0.0164
actor_loss: -0.1268
critic_loss: 0.0411
symmetry_actor_loss: 0.0000
symmetry_critic_loss: 0.0000
actor_learning_rate: 0.0002
critic_learning_rate: 0.0002
Policy/mean_noise_std: 0.5435
Total timesteps: 17203200
[PPO_HEALTH] adv_mean=-1.894e-08 adv_std=1.000000 ratio=0.999227 clip=0.239799 actor_delta=2.188e-01 critic_delta=2.951e-01 action_clip=0.000e+00 reward_identity=1.490e-08
[REWARD] total=0.03771 anchor_pos=0.5879 anchor_ori=0.6755 body_pos=0.8770 body_ori=0.5573
[TRAIN_RESET] count=1354 phase0_frac=0.0871 p50=67.0 p95=256.0 target_count=112 target_nonzero=0 curriculum_p50=77.0
[PROGRESS] env_steps=17203200 iteration=3.083s throughput=31888.0
 Learning iteration 175/500 
Computation: 32786 steps/s (Collection: 2.844s, Learning 0.155s)
Value: 0.0412
Surrogate: -0.0093
Entropy: 23.4054
KL: 0.0163
actor_loss: -0.1263
critic_loss: 0.0412
symmetry_actor_loss: 0.0000
symmetry_critic_loss: 0.0000
actor_learning_rate: 0.0002
critic_learning_rate: 0.0002
Policy/mean_noise_std: 0.5426
Total timesteps: 17301504
[PPO_HEALTH] adv_mean=2.484e-09 adv_std=1.000000 ratio=0.998620 clip=0.237783 actor_delta=2.306e-01 critic_delta=3.297e-01 action_clip=0.000e+00 reward_identity=1.490e-08
[REWARD] total=0.03798 anchor_pos=0.5901 anchor_ori=0.6799 body_pos=0.8794 body_ori=0.5621
[TRAIN_RESET] count=1380 phase0_frac=0.0862 p50=77.0 p95=258.0 target_count=101 target_nonzero=0 curriculum_p50=88.0
[PROGRESS] env_steps=17301504 iteration=3.007s throughput=32688.3
 Learning iteration 176/500 
Computation: 31984 steps/s (Collection: 2.919s, Learning 0.155s)
Value: 0.0396
Surrogate: -0.0093
Entropy: 23.3627
KL: 0.0142
actor_loss: -0.1261
critic_loss: 0.0396
symmetry_actor_loss: 0.0000
symmetry_critic_loss: 0.0000
actor_learning_rate: 0.0002
critic_learning_rate: 0.0002
Policy/mean_noise_std: 0.5418
Total timesteps: 17399808
[PPO_HEALTH] adv_mean=-9.313e-10 adv_std=1.000000 ratio=0.999026 clip=0.212081 actor_delta=1.913e-01 critic_delta=2.502e-01 action_clip=0.000e+00 reward_identity=1.490e-08
[REWARD] total=0.03764 anchor_pos=0.5893 anchor_ori=0.6704 body_pos=0.8777 body_ori=0.5594
[TRAIN_RESET] count=1321 phase0_frac=0.0901 p50=73.0 p95=251.0 target_count=110 target_nonzero=0 curriculum_p50=85.0
[PROGRESS] env_steps=17399808 iteration=3.082s throughput=31893.4
 Learning iteration 177/500 
Computation: 31260 steps/s (Collection: 2.981s, Learning 0.163s)
Value: 0.0410
Surrogate: -0.0091
Entropy: 23.3129
KL: 0.0152
actor_loss: -0.1257
critic_loss: 0.0410
symmetry_actor_loss: 0.0000
symmetry_critic_loss: 0.0000
actor_learning_rate: 0.0002
critic_learning_rate: 0.0002
Policy/mean_noise_std: 0.5409
Total timesteps: 17498112
[PPO_HEALTH] adv_mean=-5.277e-09 adv_std=1.000000 ratio=0.998502 clip=0.227393 actor_delta=2.117e-01 critic_delta=2.903e-01 action_clip=0.000e+00 reward_identity=1.490e-08
[REWARD] total=0.03769 anchor_pos=0.5939 anchor_ori=0.6675 body_pos=0.8786 body_ori=0.5600
[TRAIN_RESET] count=1332 phase0_frac=0.0773 p50=80.0 p95=264.0 target_count=99 target_nonzero=0 curriculum_p50=91.0
[PROGRESS] env_steps=17498112 iteration=3.153s throughput=31174.8
 Learning iteration 178/500 
Computation: 30630 steps/s (Collection: 3.054s, Learning 0.155s)
Value: 0.0434
Surrogate: -0.0095
Entropy: 23.2653
KL: 0.0147
actor_loss: -0.1258
critic_loss: 0.0434
symmetry_actor_loss: 0.0000
symmetry_critic_loss: 0.0000
actor_learning_rate: 0.0002
critic_learning_rate: 0.0002
Policy/mean_noise_std: 0.5400
Total timesteps: 17596416
[PPO_HEALTH] adv_mean=-7.140e-09 adv_std=1.000000 ratio=0.998969 clip=0.218656 actor_delta=2.043e-01 critic_delta=2.813e-01 action_clip=0.000e+00 reward_identity=1.490e-08
[REWARD] total=0.03785 anchor_pos=0.5957 anchor_ori=0.6678 body_pos=0.8790 body_ori=0.5610
[TRAIN_RESET] count=1342 phase0_frac=0.0768 p50=78.0 p95=251.0 target_count=96 target_nonzero=0 curriculum_p50=88.0
[PROGRESS] env_steps=17596416 iteration=3.218s throughput=30546.4
 Learning iteration 179/500 
Computation: 30596 steps/s (Collection: 3.055s, Learning 0.158s)
Value: 0.0452
Surrogate: -0.0102
Entropy: 23.2089
KL: 0.0150
actor_loss: -0.1263
critic_loss: 0.0452
symmetry_actor_loss: 0.0000
symmetry_critic_loss: 0.0000
actor_learning_rate: 0.0002
critic_learning_rate: 0.0002
Policy/mean_noise_std: 0.5389
Total timesteps: 17694720
[PPO_HEALTH] adv_mean=-4.346e-09 adv_std=1.000000 ratio=0.999589 clip=0.224512 actor_delta=2.099e-01 critic_delta=2.878e-01 action_clip=0.000e+00 reward_identity=1.490e-08
[REWARD] total=0.03814 anchor_pos=0.6004 anchor_ori=0.6681 body_pos=0.8807 body_ori=0.5643
[TRAIN_RESET] count=1220 phase0_frac=0.0918 p50=70.0 p95=248.0 target_count=102 target_nonzero=0 curriculum_p50=84.0
[PROGRESS] env_steps=17694720 iteration=3.222s throughput=30513.5
 Learning iteration 180/500 
Computation: 31909 steps/s (Collection: 2.928s, Learning 0.153s)
Value: 0.0459
Surrogate: -0.0097
Entropy: 23.1594
KL: 0.0135
actor_loss: -0.1255
critic_loss: 0.0459
symmetry_actor_loss: 0.0000
symmetry_critic_loss: 0.0000
actor_learning_rate: 0.0002
critic_learning_rate: 0.0002
Policy/mean_noise_std: 0.5381
Total timesteps: 17793024
[PPO_HEALTH] adv_mean=2.484e-09 adv_std=1.000000 ratio=0.999340 clip=0.203418 actor_delta=1.977e-01 critic_delta=2.708e-01 action_clip=0.000e+00 reward_identity=1.490e-08
[REWARD] total=0.03810 anchor_pos=0.5943 anchor_ori=0.6675 body_pos=0.8800 body_ori=0.5632
[TRAIN_RESET] count=1269 phase0_frac=0.0764 p50=79.0 p95=260.0 target_count=91 target_nonzero=0 curriculum_p50=89.0
[PROGRESS] env_steps=17793024 iteration=3.089s throughput=31819.6
 Learning iteration 181/500 
Computation: 31521 steps/s (Collection: 2.962s, Learning 0.156s)
Value: 0.0476
Surrogate: -0.0089
Entropy: 23.1101
KL: 0.0156
actor_loss: -0.1244
critic_loss: 0.0476
symmetry_actor_loss: 0.0000
symmetry_critic_loss: 0.0000
actor_learning_rate: 0.0002
critic_learning_rate: 0.0002
Policy/mean_noise_std: 0.5372
Total timesteps: 17891328
[PPO_HEALTH] adv_mean=1.242e-09 adv_std=1.000000 ratio=0.998698 clip=0.230526 actor_delta=2.073e-01 critic_delta=2.921e-01 action_clip=0.000e+00 reward_identity=1.490e-08
[REWARD] total=0.03830 anchor_pos=0.5895 anchor_ori=0.6693 body_pos=0.8803 body_ori=0.5643
[TRAIN_RESET] count=1192 phase0_frac=0.0956 p50=72.0 p95=255.0 target_count=101 target_nonzero=0 curriculum_p50=87.0
[PROGRESS] env_steps=17891328 iteration=3.127s throughput=31436.1
 Learning iteration 182/500 
Computation: 32576 steps/s (Collection: 2.863s, Learning 0.155s)
Value: 0.0482
Surrogate: -0.0098
Entropy: 23.0617
KL: 0.0152
actor_loss: -0.1251
critic_loss: 0.0482
symmetry_actor_loss: 0.0000
symmetry_critic_loss: 0.0000
actor_learning_rate: 0.0003
critic_learning_rate: 0.0003
Policy/mean_noise_std: 0.5362
Total timesteps: 17989632
[PPO_HEALTH] adv_mean=-9.313e-10 adv_std=1.000000 ratio=0.999508 clip=0.225604 actor_delta=2.442e-01 critic_delta=3.313e-01 action_clip=0.000e+00 reward_identity=1.490e-08
[REWARD] total=0.03829 anchor_pos=0.5774 anchor_ori=0.6701 body_pos=0.8802 body_ori=0.5636
[TRAIN_RESET] count=1204 phase0_frac=0.0714 p50=85.0 p95=255.0 target_count=80 target_nonzero=0 curriculum_p50=93.0
[PROGRESS] env_steps=17989632 iteration=3.026s throughput=32482.8
 Learning iteration 183/500 
Computation: 30345 steps/s (Collection: 3.085s, Learning 0.155s)
Value: 0.0472
Surrogate: -0.0102
Entropy: 23.0089
KL: 0.0158
actor_loss: -0.1253
critic_loss: 0.0472
symmetry_actor_loss: 0.0000
symmetry_critic_loss: 0.0000
actor_learning_rate: 0.0002
critic_learning_rate: 0.0002
Policy/mean_noise_std: 0.5353
Total timesteps: 18087936
[PPO_HEALTH] adv_mean=-2.173e-09 adv_std=1.000000 ratio=0.999442 clip=0.233018 actor_delta=2.184e-01 critic_delta=2.887e-01 action_clip=0.000e+00 reward_identity=1.490e-08
[REWARD] total=0.03834 anchor_pos=0.5719 anchor_ori=0.6718 body_pos=0.8801 body_ori=0.5640
[TRAIN_RESET] count=1232 phase0_frac=0.0828 p50=78.0 p95=262.0 target_count=94 target_nonzero=0 curriculum_p50=88.0
[PROGRESS] env_steps=18087936 iteration=3.248s throughput=30263.9
 Learning iteration 184/500 
Computation: 32103 steps/s (Collection: 2.907s, Learning 0.155s)
Value: 0.0480
Surrogate: -0.0098
Entropy: 22.9630
KL: 0.0138
actor_loss: -0.1247
critic_loss: 0.0480
symmetry_actor_loss: 0.0000
symmetry_critic_loss: 0.0000
actor_learning_rate: 0.0002
critic_learning_rate: 0.0002
Policy/mean_noise_std: 0.5344
Total timesteps: 18186240
[PPO_HEALTH] adv_mean=-7.761e-09 adv_std=1.000000 ratio=0.999798 clip=0.207495 actor_delta=2.009e-01 critic_delta=2.606e-01 action_clip=0.000e+00 reward_identity=1.490e-08
[REWARD] total=0.03894 anchor_pos=0.5717 anchor_ori=0.6746 body_pos=0.8841 body_ori=0.5711
[TRAIN_RESET] count=1174 phase0_frac=0.0750 p50=84.0 p95=251.0 target_count=79 target_nonzero=0 curriculum_p50=94.0
[PROGRESS] env_steps=18186240 iteration=3.071s throughput=32012.9
 Learning iteration 185/500 
Computation: 31851 steps/s (Collection: 2.928s, Learning 0.159s)
Value: 0.0479
Surrogate: -0.0092
Entropy: 22.9162
KL: 0.0154
actor_loss: -0.1238
critic_loss: 0.0479
symmetry_actor_loss: 0.0000
symmetry_critic_loss: 0.0000
actor_learning_rate: 0.0002
critic_learning_rate: 0.0002
Policy/mean_noise_std: 0.5337
Total timesteps: 18284544
[PPO_HEALTH] adv_mean=3.725e-09 adv_std=1.000000 ratio=0.998956 clip=0.230084 actor_delta=2.033e-01 critic_delta=2.848e-01 action_clip=0.000e+00 reward_identity=1.490e-08
[REWARD] total=0.03856 anchor_pos=0.5642 anchor_ori=0.6686 body_pos=0.8814 body_ori=0.5671
[TRAIN_RESET] count=1075 phase0_frac=0.0781 p50=75.0 p95=256.0 target_count=79 target_nonzero=0 curriculum_p50=86.0
[PROGRESS] env_steps=18284544 iteration=3.095s throughput=31763.6
 Learning iteration 186/500 
Computation: 31947 steps/s (Collection: 2.924s, Learning 0.153s)
Value: 0.0487
Surrogate: -0.0099
Entropy: 22.8759
KL: 0.0155
actor_loss: -0.1242
critic_loss: 0.0487
symmetry_actor_loss: 0.0000
symmetry_critic_loss: 0.0000
actor_learning_rate: 0.0001
critic_learning_rate: 0.0001
Policy/mean_noise_std: 0.5330
Total timesteps: 18382848
[PPO_HEALTH] adv_mean=1.521e-08 adv_std=1.000000 ratio=0.999779 clip=0.226868 actor_delta=1.983e-01 critic_delta=2.786e-01 action_clip=0.000e+00 reward_identity=1.490e-08
[REWARD] total=0.03862 anchor_pos=0.5631 anchor_ori=0.6652 body_pos=0.8811 body_ori=0.5694
[TRAIN_RESET] count=1087 phase0_frac=0.0764 p50=76.0 p95=255.0 target_count=78 target_nonzero=0 curriculum_p50=84.0
[PROGRESS] env_steps=18382848 iteration=3.086s throughput=31859.5
 Learning iteration 187/500 
Computation: 31081 steps/s (Collection: 3.008s, Learning 0.155s)
Value: 0.0516
Surrogate: -0.0105
Entropy: 22.8419
KL: 0.0129
actor_loss: -0.1247
critic_loss: 0.0516
symmetry_actor_loss: 0.0000
symmetry_critic_loss: 0.0000
actor_learning_rate: 0.0002
critic_learning_rate: 0.0002
Policy/mean_noise_std: 0.5324
Total timesteps: 18481152
[PPO_HEALTH] adv_mean=4.036e-09 adv_std=1.000000 ratio=0.998731 clip=0.191866 actor_delta=2.017e-01 critic_delta=2.718e-01 action_clip=0.000e+00 reward_identity=1.490e-08
[REWARD] total=0.03846 anchor_pos=0.5551 anchor_ori=0.6651 body_pos=0.8808 body_ori=0.5667
[TRAIN_RESET] count=1103 phase0_frac=0.0825 p50=82.0 p95=259.0 target_count=84 target_nonzero=0 curriculum_p50=95.0
[PROGRESS] env_steps=18481152 iteration=3.171s throughput=30997.8
 Learning iteration 188/500 
Computation: 31493 steps/s (Collection: 2.970s, Learning 0.152s)
Value: 0.0519
Surrogate: -0.0102
Entropy: 22.7959
KL: 0.0158
actor_loss: -0.1242
critic_loss: 0.0519
symmetry_actor_loss: 0.0000
symmetry_critic_loss: 0.0000
actor_learning_rate: 0.0003
critic_learning_rate: 0.0003
Policy/mean_noise_std: 0.5314
Total timesteps: 18579456
[PPO_HEALTH] adv_mean=-8.692e-09 adv_std=1.000000 ratio=0.998961 clip=0.233250 actor_delta=2.490e-01 critic_delta=3.496e-01 action_clip=0.000e+00 reward_identity=1.490e-08
[REWARD] total=0.03867 anchor_pos=0.5570 anchor_ori=0.6622 body_pos=0.8820 body_ori=0.5692
[TRAIN_RESET] count=1120 phase0_frac=0.0946 p50=82.0 p95=256.0 target_count=99 target_nonzero=0 curriculum_p50=94.0
[PROGRESS] env_steps=18579456 iteration=3.130s throughput=31405.4
 Learning iteration 189/500 
Computation: 32008 steps/s (Collection: 2.920s, Learning 0.152s)
Value: 0.0515
Surrogate: -0.0110
Entropy: 22.7409
KL: 0.0147
actor_loss: -0.1247
critic_loss: 0.0515
symmetry_actor_loss: 0.0000
symmetry_critic_loss: 0.0000
actor_learning_rate: 0.0003
critic_learning_rate: 0.0003
Policy/mean_noise_std: 0.5304
Total timesteps: 18677760
[PPO_HEALTH] adv_mean=-1.242e-09 adv_std=1.000000 ratio=0.998318 clip=0.219737 actor_delta=2.499e-01 critic_delta=3.186e-01 action_clip=0.000e+00 reward_identity=1.490e-08
[REWARD] total=0.03888 anchor_pos=0.5550 anchor_ori=0.6655 body_pos=0.8832 body_ori=0.5722
[TRAIN_RESET] count=1144 phase0_frac=0.0935 p50=77.0 p95=256.0 target_count=100 target_nonzero=0 curriculum_p50=92.0
[PROGRESS] env_steps=18677760 iteration=3.080s throughput=31920.3
 Learning iteration 190/500 
Computation: 32855 steps/s (Collection: 2.841s, Learning 0.151s)
Value: 0.0512
Surrogate: -0.0100
Entropy: 22.6979
KL: 0.0143
actor_loss: -0.1235
critic_loss: 0.0512
symmetry_actor_loss: 0.0000
symmetry_critic_loss: 0.0000
actor_learning_rate: 0.0002
critic_learning_rate: 0.0002
Policy/mean_noise_std: 0.5298
Total timesteps: 18776064
[PPO_HEALTH] adv_mean=-1.118e-08 adv_std=1.000000 ratio=0.999182 clip=0.214242 actor_delta=1.956e-01 critic_delta=2.598e-01 action_clip=0.000e+00 reward_identity=1.490e-08
[REWARD] total=0.03883 anchor_pos=0.5512 anchor_ori=0.6683 body_pos=0.8834 body_ori=0.5707
[TRAIN_RESET] count=1011 phase0_frac=0.0910 p50=77.0 p95=260.0 target_count=83 target_nonzero=0 curriculum_p50=89.0
[PROGRESS] env_steps=18776064 iteration=3.000s throughput=32762.6
 Learning iteration 191/500 
Computation: 32760 steps/s (Collection: 2.850s, Learning 0.151s)
Value: 0.0534
Surrogate: -0.0094
Entropy: 22.6546
KL: 0.0153
actor_loss: -0.1227
critic_loss: 0.0534
symmetry_actor_loss: 0.0000
symmetry_critic_loss: 0.0000
actor_learning_rate: 0.0002
critic_learning_rate: 0.0002
Policy/mean_noise_std: 0.5289
Total timesteps: 18874368
[PPO_HEALTH] adv_mean=-3.725e-09 adv_std=1.000000 ratio=0.999267 clip=0.218005 actor_delta=2.016e-01 critic_delta=2.745e-01 action_clip=0.000e+00 reward_identity=1.490e-08
[REWARD] total=0.03875 anchor_pos=0.5468 anchor_ori=0.6681 body_pos=0.8831 body_ori=0.5699
[TRAIN_RESET] count=1057 phase0_frac=0.0804 p50=83.0 p95=260.0 target_count=77 target_nonzero=0 curriculum_p50=94.0
[PROGRESS] env_steps=18874368 iteration=3.009s throughput=32664.9
 Learning iteration 192/500 
Computation: 30989 steps/s (Collection: 3.015s, Learning 0.157s)
Value: 0.0515
Surrogate: -0.0109
Entropy: 22.6005
KL: 0.0159
actor_loss: -0.1239
critic_loss: 0.0515
symmetry_actor_loss: 0.0000
symmetry_critic_loss: 0.0000
actor_learning_rate: 0.0002
critic_learning_rate: 0.0002
Policy/mean_noise_std: 0.5280
Total timesteps: 18972672
[PPO_HEALTH] adv_mean=-4.036e-09 adv_std=1.000000 ratio=0.998861 clip=0.231571 actor_delta=2.250e-01 critic_delta=2.955e-01 action_clip=0.000e+00 reward_identity=1.490e-08
[REWARD] total=0.03912 anchor_pos=0.5512 anchor_ori=0.6702 body_pos=0.8840 body_ori=0.5722
[TRAIN_RESET] count=1035 phase0_frac=0.0841 p50=92.0 p95=266.0 target_count=78 target_nonzero=0 curriculum_p50=101.0
[PROGRESS] env_steps=18972672 iteration=3.181s throughput=30906.8
 Learning iteration 193/500 
Computation: 31934 steps/s (Collection: 2.924s, Learning 0.154s)
Value: 0.0529
Surrogate: -0.0102
Entropy: 22.5562
KL: 0.0152
actor_loss: -0.1230
critic_loss: 0.0529
symmetry_actor_loss: 0.0000
symmetry_critic_loss: 0.0000
actor_learning_rate: 0.0003
critic_learning_rate: 0.0003
Policy/mean_noise_std: 0.5272
Total timesteps: 19070976
[PPO_HEALTH] adv_mean=1.863e-09 adv_std=1.000000 ratio=0.998751 clip=0.225968 actor_delta=2.508e-01 critic_delta=3.559e-01 action_clip=0.000e+00 reward_identity=1.490e-08
[REWARD] total=0.03942 anchor_pos=0.5551 anchor_ori=0.6705 body_pos=0.8865 body_ori=0.5750
[TRAIN_RESET] count=1015 phase0_frac=0.0837 p50=82.0 p95=264.0 target_count=76 target_nonzero=0 curriculum_p50=94.0
[PROGRESS] env_steps=19070976 iteration=3.087s throughput=31845.9
 Learning iteration 194/500 
Computation: 31311 steps/s (Collection: 2.987s, Learning 0.153s)
Value: 0.0499
Surrogate: -0.0091
Entropy: 22.5078
KL: 0.0162
actor_loss: -0.1216
critic_loss: 0.0499
symmetry_actor_loss: 0.0000
symmetry_critic_loss: 0.0000
actor_learning_rate: 0.0002
critic_learning_rate: 0.0002
Policy/mean_noise_std: 0.5263
Total timesteps: 19169280
[PPO_HEALTH] adv_mean=-1.490e-08 adv_std=1.000000 ratio=0.997699 clip=0.237767 actor_delta=2.112e-01 critic_delta=2.999e-01 action_clip=0.000e+00 reward_identity=1.490e-08
[REWARD] total=0.03907 anchor_pos=0.5449 anchor_ori=0.6653 body_pos=0.8851 body_ori=0.5718
[TRAIN_RESET] count=1023 phase0_frac=0.0684 p50=94.0 p95=263.0 target_count=66 target_nonzero=0 curriculum_p50=102.0
[PROGRESS] env_steps=19169280 iteration=3.148s throughput=31224.9
 Learning iteration 195/500 
Computation: 30641 steps/s (Collection: 3.051s, Learning 0.157s)
Value: 0.0536
Surrogate: -0.0095
Entropy: 22.4661
KL: 0.0153
actor_loss: -0.1218
critic_loss: 0.0536
symmetry_actor_loss: 0.0000
symmetry_critic_loss: 0.0000
actor_learning_rate: 0.0002
critic_learning_rate: 0.0002
Policy/mean_noise_std: 0.5256
Total timesteps: 19267584
[PPO_HEALTH] adv_mean=-5.588e-09 adv_std=1.000000 ratio=0.998788 clip=0.222915 actor_delta=1.989e-01 critic_delta=2.972e-01 action_clip=0.000e+00 reward_identity=1.490e-08
[REWARD] total=0.03935 anchor_pos=0.5484 anchor_ori=0.6656 body_pos=0.8862 body_ori=0.5754
[TRAIN_RESET] count=1025 phase0_frac=0.0800 p50=91.0 p95=259.0 target_count=73 target_nonzero=0 curriculum_p50=101.0
[PROGRESS] env_steps=19267584 iteration=3.217s throughput=30560.7
 Learning iteration 196/500 
Computation: 32450 steps/s (Collection: 2.870s, Learning 0.159s)
Value: 0.0547
Surrogate: -0.0102
Entropy: 22.4251
KL: 0.0152
actor_loss: -0.1223
critic_loss: 0.0547
symmetry_actor_loss: 0.0000
symmetry_critic_loss: 0.0000
actor_learning_rate: 0.0001
critic_learning_rate: 0.0001
Policy/mean_noise_std: 0.5249
Total timesteps: 19365888
[PPO_HEALTH] adv_mean=5.588e-09 adv_std=1.000000 ratio=0.997661 clip=0.224278 actor_delta=1.957e-01 critic_delta=2.735e-01 action_clip=0.000e+00 reward_identity=1.490e-08
[REWARD] total=0.03929 anchor_pos=0.5429 anchor_ori=0.6637 body_pos=0.8861 body_ori=0.5756
[TRAIN_RESET] count=988 phase0_frac=0.0982 p50=85.0 p95=270.0 target_count=90 target_nonzero=0 curriculum_p50=102.0
[PROGRESS] env_steps=19365888 iteration=3.038s throughput=32358.4
 Learning iteration 197/500 
Computation: 29749 steps/s (Collection: 3.144s, Learning 0.160s)
Value: 0.0551
Surrogate: -0.0104
Entropy: 22.3893
KL: 0.0132
actor_loss: -0.1224
critic_loss: 0.0551
symmetry_actor_loss: 0.0000
symmetry_critic_loss: 0.0000
actor_learning_rate: 0.0002
critic_learning_rate: 0.0002
Policy/mean_noise_std: 0.5242
Total timesteps: 19464192
[PPO_HEALTH] adv_mean=-1.118e-08 adv_std=1.000000 ratio=0.999030 clip=0.198376 actor_delta=1.885e-01 critic_delta=2.683e-01 action_clip=0.000e+00 reward_identity=1.490e-08
[REWARD] total=0.03956 anchor_pos=0.5428 anchor_ori=0.6646 body_pos=0.8876 body_ori=0.5776
[TRAIN_RESET] count=905 phase0_frac=0.0785 p50=85.0 p95=257.0 target_count=68 target_nonzero=0 curriculum_p50=95.0
[PROGRESS] env_steps=19464192 iteration=3.313s throughput=29671.9
 Learning iteration 198/500 
Computation: 30662 steps/s (Collection: 3.051s, Learning 0.155s)
Value: 0.0564
Surrogate: -0.0093
Entropy: 22.3455
KL: 0.0142
actor_loss: -0.1210
critic_loss: 0.0564
symmetry_actor_loss: 0.0000
symmetry_critic_loss: 0.0000
actor_learning_rate: 0.0002
critic_learning_rate: 0.0002
Policy/mean_noise_std: 0.5235
Total timesteps: 19562496
[PPO_HEALTH] adv_mean=6.209e-09 adv_std=1.000000 ratio=0.999490 clip=0.209271 actor_delta=1.939e-01 critic_delta=2.718e-01 action_clip=0.000e+00 reward_identity=1.490e-08
[REWARD] total=0.03958 anchor_pos=0.5410 anchor_ori=0.6682 body_pos=0.8878 body_ori=0.5769
[TRAIN_RESET] count=987 phase0_frac=0.0770 p50=89.0 p95=264.0 target_count=72 target_nonzero=0 curriculum_p50=95.0
[PROGRESS] env_steps=19562496 iteration=3.215s throughput=30579.6
 Learning iteration 199/500 
Computation: 33170 steps/s (Collection: 2.810s, Learning 0.153s)
Value: 0.0556
Surrogate: -0.0112
Entropy: 22.3076
KL: 0.0123
actor_loss: -0.1227
critic_loss: 0.0556
symmetry_actor_loss: 0.0000
symmetry_critic_loss: 0.0000
actor_learning_rate: 0.0002
critic_learning_rate: 0.0002
Policy/mean_noise_std: 0.5228
Total timesteps: 19660800
[PPO_HEALTH] adv_mean=-1.180e-08 adv_std=1.000000 ratio=0.999838 clip=0.182607 actor_delta=2.002e-01 critic_delta=2.658e-01 action_clip=0.000e+00 reward_identity=1.490e-08
[REWARD] total=0.03972 anchor_pos=0.5358 anchor_ori=0.6674 body_pos=0.8886 body_ori=0.5800
[TRAIN_RESET] count=936 phase0_frac=0.0748 p50=94.0 p95=265.0 target_count=64 target_nonzero=0 curriculum_p50=106.0
[PROGRESS] env_steps=19660800 iteration=2.972s throughput=33073.4
[VALIDATION_START] update=200 max_steps=500 envs=4096 fixed_seed=0
[VALIDATION_RESET_START]
[VALIDATION_RESET_DONE] time=7.691s
[VALIDATION_PROGRESS] step=1/500 done=0.00000 alive=1.00000 elapsed=0.203s
[VALIDATION_PROGRESS] step=50/500 done=0.00000 alive=1.00000 elapsed=4.151s
[VALIDATION_PROGRESS] step=100/500 done=0.00000 alive=1.00000 elapsed=8.132s
[VALIDATION_PROGRESS] step=150/500 done=0.00000 alive=1.00000 elapsed=12.044s
[VALIDATION_PROGRESS] step=200/500 done=0.00122 alive=0.99878 elapsed=16.045s
[VALIDATION_PROGRESS] step=250/500 done=0.00269 alive=0.99731 elapsed=20.258s
[VALIDATION_PROGRESS] step=300/500 done=0.99854 alive=0.00146 elapsed=24.631s
[VALIDATION_PROGRESS] step=324/500 done=1.00000 alive=0.00000 elapsed=26.727s
[VALIDATION_DONE] update=200 time=42.120s
[VAL] steps_mean=279.42 steps_min=178 steps_p50=279 steps_p95=288 steps_max=324 return=20.41479 done=1.00000
[VAL_OUTCOME] failure=0.99927 motion_complete=0.00073 time_out=0.00000 censored=0.00000 reference_progress=0.86241
[VAL_CAUSE] anchor_pos_bad=0.00000 anchor_ori_bad=0.00000 ee_body_bad=0.99927 failure_phase_p50=279.0 completion_phase_p50=324.0
[VAL_RESET] root_pos=0.000000 root_ori=0.000deg anchor_pos=0.010002 anchor_ori=0.000deg joint_pos=0.000000 joint_vel=0.000000 body_pos=0.002920 body_ori=0.000deg
[VAL_TRACKING] joint_pos_mae=0.114892 joint_vel_mae=0.731601 root_lin_mae=0.197874 root_ang_mae=0.810827 pd_target_ref_now=0.214455 pd_target_ref_next=0.212080 torso_ori=9.378deg left_wrist_ori=7.780deg right_wrist_ori=7.643deg
[VAL_DYNAMICS] action_delta=0.090669 action_delta_p95=0.176348 action_d2=0.053010 action_d2_p95=0.140684 joint_vel_jump=0.328943 root_lin_jump=0.037986 root_ang_jump=0.313681 initial_action_delta=0.433538
 Learning iteration 200/500 
Computation: 30519 steps/s (Collection: 3.068s, Learning 0.153s)
Value: 0.0578
Surrogate: -0.0096
Entropy: 22.2586
KL: 0.0168
actor_loss: -0.1209
critic_loss: 0.0578
symmetry_actor_loss: 0.0000
symmetry_critic_loss: 0.0000
actor_learning_rate: 0.0002
critic_learning_rate: 0.0002
Policy/mean_noise_std: 0.5218
Total timesteps: 19759104
[PPO_HEALTH] adv_mean=-4.967e-09 adv_std=1.000000 ratio=0.998665 clip=0.245473 actor_delta=2.425e-01 critic_delta=3.496e-01 action_clip=0.000e+00 reward_identity=1.490e-08
[REWARD] total=0.03977 anchor_pos=0.5272 anchor_ori=0.6679 body_pos=0.8884 body_ori=0.5803
[TRAIN_RESET] count=877 phase0_frac=0.0855 p50=94.0 p95=260.0 target_count=72 target_nonzero=0 curriculum_p50=104.0
[PROGRESS] env_steps=19759104 iteration=3.230s throughput=30437.6
 Learning iteration 201/500 
Computation: 31686 steps/s (Collection: 2.949s, Learning 0.153s)
Value: 0.0618
Surrogate: -0.0093
Entropy: 22.2087
KL: 0.0167
actor_loss: -0.1203
critic_loss: 0.0618
symmetry_actor_loss: 0.0000
symmetry_critic_loss: 0.0000
actor_learning_rate: 0.0002
critic_learning_rate: 0.0002
Policy/mean_noise_std: 0.5210
Total timesteps: 19857408
[PPO_HEALTH] adv_mean=6.209e-09 adv_std=1.000000 ratio=0.999341 clip=0.244505 actor_delta=2.221e-01 critic_delta=3.208e-01 action_clip=0.000e+00 reward_identity=1.490e-08
[REWARD] total=0.03970 anchor_pos=0.5237 anchor_ori=0.6652 body_pos=0.8879 body_ori=0.5797
[TRAIN_RESET] count=946 phase0_frac=0.0677 p50=104.0 p95=267.0 target_count=59 target_nonzero=0 curriculum_p50=113.0
[PROGRESS] env_steps=19857408 iteration=3.111s throughput=31597.1
 Learning iteration 202/500 
Computation: 31601 steps/s (Collection: 2.957s, Learning 0.154s)
Value: 0.0569
Surrogate: -0.0113
Entropy: 22.1653
KL: 0.0154
actor_loss: -0.1221
critic_loss: 0.0569
symmetry_actor_loss: 0.0000
symmetry_critic_loss: 0.0000
actor_learning_rate: 0.0002
critic_learning_rate: 0.0002
Policy/mean_noise_std: 0.5203
Total timesteps: 19955712
[PPO_HEALTH] adv_mean=-3.725e-09 adv_std=1.000000 ratio=0.999122 clip=0.227456 actor_delta=2.252e-01 critic_delta=3.151e-01 action_clip=0.000e+00 reward_identity=1.490e-08
[REWARD] total=0.03966 anchor_pos=0.5186 anchor_ori=0.6606 body_pos=0.8880 body_ori=0.5796
[TRAIN_RESET] count=863 phase0_frac=0.0800 p50=98.0 p95=250.0 target_count=64 target_nonzero=0 curriculum_p50=108.0
[PROGRESS] env_steps=19955712 iteration=3.119s throughput=31513.6
 Learning iteration 203/500 
Computation: 31727 steps/s (Collection: 2.942s, Learning 0.156s)
Value: 0.0576
Surrogate: -0.0078
Entropy: 22.1273
KL: 0.0169
actor_loss: -0.1184
critic_loss: 0.0576
symmetry_actor_loss: 0.0000
symmetry_critic_loss: 0.0000
actor_learning_rate: 0.0003
critic_learning_rate: 0.0003
Policy/mean_noise_std: 0.5197
Total timesteps: 20054016
[PPO_HEALTH] adv_mean=1.149e-08 adv_std=1.000000 ratio=0.998418 clip=0.247866 actor_delta=2.312e-01 critic_delta=3.592e-01 action_clip=0.000e+00 reward_identity=1.490e-08
[REWARD] total=0.03980 anchor_pos=0.5244 anchor_ori=0.6555 body_pos=0.8895 body_ori=0.5810
[TRAIN_RESET] count=884 phase0_frac=0.0781 p50=91.0 p95=257.0 target_count=64 target_nonzero=0 curriculum_p50=102.0
[PROGRESS] env_steps=20054016 iteration=3.107s throughput=31640.2
 Learning iteration 204/500 
Computation: 28995 steps/s (Collection: 3.237s, Learning 0.153s)
Value: 0.0593
Surrogate: -0.0093
Entropy: 22.0940
KL: 0.0129
actor_loss: -0.1198
critic_loss: 0.0593
symmetry_actor_loss: 0.0000
symmetry_critic_loss: 0.0000
actor_learning_rate: 0.0001
critic_learning_rate: 0.0001
Policy/mean_noise_std: 0.5191
Total timesteps: 20152320
[PPO_HEALTH] adv_mean=1.863e-09 adv_std=1.000000 ratio=0.999240 clip=0.191927 actor_delta=1.609e-01 critic_delta=2.231e-01 action_clip=0.000e+00 reward_identity=1.490e-08
[REWARD] total=0.03977 anchor_pos=0.5261 anchor_ori=0.6580 body_pos=0.8896 body_ori=0.5842
[TRAIN_RESET] count=819 phase0_frac=0.0977 p50=90.0 p95=268.0 target_count=72 target_nonzero=0 curriculum_p50=104.0
[PROGRESS] env_steps=20152320 iteration=3.399s throughput=28923.5
 Learning iteration 205/500 
Computation: 30041 steps/s (Collection: 3.118s, Learning 0.155s)
Value: 0.0593
Surrogate: -0.0104
Entropy: 22.0518
KL: 0.0135
actor_loss: -0.1207
critic_loss: 0.0593
symmetry_actor_loss: 0.0000
symmetry_critic_loss: 0.0000
actor_learning_rate: 0.0002
critic_learning_rate: 0.0002
Policy/mean_noise_std: 0.5182
Total timesteps: 20250624
[PPO_HEALTH] adv_mean=1.242e-09 adv_std=1.000000 ratio=0.999469 clip=0.200234 actor_delta=1.968e-01 critic_delta=2.867e-01 action_clip=0.000e+00 reward_identity=1.490e-08
[REWARD] total=0.03985 anchor_pos=0.5215 anchor_ori=0.6554 body_pos=0.8901 body_ori=0.5831
[TRAIN_RESET] count=826 phase0_frac=0.0787 p50=92.0 p95=266.0 target_count=62 target_nonzero=0 curriculum_p50=102.0
[PROGRESS] env_steps=20250624 iteration=3.281s throughput=29959.0
 Learning iteration 206/500 
Computation: 31906 steps/s (Collection: 2.928s, Learning 0.153s)
Value: 0.0603
Surrogate: -0.0103
Entropy: 22.0106
KL: 0.0144
actor_loss: -0.1203
critic_loss: 0.0603
symmetry_actor_loss: 0.0000
symmetry_critic_loss: 0.0000
actor_learning_rate: 0.0002
critic_learning_rate: 0.0002
Policy/mean_noise_std: 0.5177
Total timesteps: 20348928
[PPO_HEALTH] adv_mean=8.382e-09 adv_std=1.000000 ratio=0.999420 clip=0.215468 actor_delta=2.019e-01 critic_delta=2.835e-01 action_clip=0.000e+00 reward_identity=1.490e-08
[REWARD] total=0.03988 anchor_pos=0.5164 anchor_ori=0.6565 body_pos=0.8911 body_ori=0.5835
[TRAIN_RESET] count=774 phase0_frac=0.0840 p50=99.0 p95=263.0 target_count=57 target_nonzero=0 curriculum_p50=113.0
[PROGRESS] env_steps=20348928 iteration=3.090s throughput=31817.2
 Learning iteration 207/500 
Computation: 31820 steps/s (Collection: 2.934s, Learning 0.156s)
Value: 0.0601
Surrogate: -0.0100
Entropy: 21.9780
KL: 0.0139
actor_loss: -0.1199
critic_loss: 0.0601
symmetry_actor_loss: 0.0000
symmetry_critic_loss: 0.0000
actor_learning_rate: 0.0002
critic_learning_rate: 0.0002
Policy/mean_noise_std: 0.5170
Total timesteps: 20447232
[PPO_HEALTH] adv_mean=-3.570e-09 adv_std=1.000000 ratio=0.999239 clip=0.208830 actor_delta=2.040e-01 critic_delta=2.863e-01 action_clip=0.000e+00 reward_identity=1.490e-08
[REWARD] total=0.04012 anchor_pos=0.5142 anchor_ori=0.6545 body_pos=0.8922 body_ori=0.5881
[TRAIN_RESET] count=803 phase0_frac=0.0834 p50=99.0 p95=257.0 target_count=64 target_nonzero=0 curriculum_p50=111.0
[PROGRESS] env_steps=20447232 iteration=3.098s throughput=31729.5
 Learning iteration 208/500 
Computation: 31329 steps/s (Collection: 2.985s, Learning 0.153s)
Value: 0.0617
Surrogate: -0.0093
Entropy: 21.9380
KL: 0.0141
actor_loss: -0.1190
critic_loss: 0.0617
symmetry_actor_loss: 0.0000
symmetry_critic_loss: 0.0000
actor_learning_rate: 0.0002
critic_learning_rate: 0.0002
Policy/mean_noise_std: 0.5163
Total timesteps: 20545536
[PPO_HEALTH] adv_mean=6.209e-10 adv_std=1.000000 ratio=0.999091 clip=0.209873 actor_delta=1.934e-01 critic_delta=2.922e-01 action_clip=0.000e+00 reward_identity=1.490e-08
[REWARD] total=0.03949 anchor_pos=0.5061 anchor_ori=0.6453 body_pos=0.8880 body_ori=0.5820
[TRAIN_RESET] count=756 phase0_frac=0.0701 p50=98.0 p95=264.0 target_count=49 target_nonzero=0 curriculum_p50=108.0
[PROGRESS] env_steps=20545536 iteration=3.146s throughput=31243.9
 Learning iteration 209/500 
Computation: 31090 steps/s (Collection: 3.009s, Learning 0.153s)
Value: 0.0598
Surrogate: -0.0087
Entropy: 21.8943
KL: 0.0164
actor_loss: -0.1182
critic_loss: 0.0598
symmetry_actor_loss: 0.0000
symmetry_critic_loss: 0.0000
actor_learning_rate: 0.0002
critic_learning_rate: 0.0002
Policy/mean_noise_std: 0.5156
Total timesteps: 20643840
[PPO_HEALTH] adv_mean=8.071e-09 adv_std=1.000000 ratio=0.999285 clip=0.242920 actor_delta=1.980e-01 critic_delta=3.237e-01 action_clip=0.000e+00 reward_identity=1.490e-08
[REWARD] total=0.03946 anchor_pos=0.5069 anchor_ori=0.6489 body_pos=0.8890 body_ori=0.5834
[TRAIN_RESET] count=807 phase0_frac=0.0781 p50=94.0 p95=265.0 target_count=61 target_nonzero=0 curriculum_p50=107.0
[PROGRESS] env_steps=20643840 iteration=3.171s throughput=31003.5
 Learning iteration 210/500 
Computation: 31959 steps/s (Collection: 2.922s, Learning 0.154s)
Value: 0.0591
Surrogate: -0.0106
Entropy: 21.8541
KL: 0.0140
actor_loss: -0.1199
critic_loss: 0.0591
symmetry_actor_loss: 0.0000
symmetry_critic_loss: 0.0000
actor_learning_rate: 0.0002
critic_learning_rate: 0.0002
Policy/mean_noise_std: 0.5148
Total timesteps: 20742144
[PPO_HEALTH] adv_mean=-3.104e-09 adv_std=1.000000 ratio=0.998626 clip=0.209233 actor_delta=1.962e-01 critic_delta=2.797e-01 action_clip=0.000e+00 reward_identity=1.490e-08
[REWARD] total=0.03978 anchor_pos=0.5070 anchor_ori=0.6537 body_pos=0.8916 body_ori=0.5865
[TRAIN_RESET] count=772 phase0_frac=0.0790 p50=93.0 p95=260.0 target_count=58 target_nonzero=0 curriculum_p50=107.0
[PROGRESS] env_steps=20742144 iteration=3.085s throughput=31868.7
 Learning iteration 211/500 
Computation: 32280 steps/s (Collection: 2.887s, Learning 0.158s)
Value: 0.0589
Surrogate: -0.0108
Entropy: 21.8070
KL: 0.0160
actor_loss: -0.1199
critic_loss: 0.0589
symmetry_actor_loss: 0.0000
symmetry_critic_loss: 0.0000
actor_learning_rate: 0.0003
critic_learning_rate: 0.0003
Policy/mean_noise_std: 0.5139
Total timesteps: 20840448
[PPO_HEALTH] adv_mean=-1.397e-09 adv_std=1.000000 ratio=0.998919 clip=0.237781 actor_delta=2.537e-01 critic_delta=3.523e-01 action_clip=0.000e+00 reward_identity=1.490e-08
[REWARD] total=0.03994 anchor_pos=0.5049 anchor_ori=0.6486 body_pos=0.8916 body_ori=0.5864
[TRAIN_RESET] count=766 phase0_frac=0.0809 p50=98.0 p95=263.0 target_count=52 target_nonzero=0 curriculum_p50=108.0
[PROGRESS] env_steps=20840448 iteration=3.054s throughput=32189.9
 Learning iteration 212/500 
Computation: 31049 steps/s (Collection: 3.011s, Learning 0.155s)
Value: 0.0621
Surrogate: -0.0113
Entropy: 21.7611
KL: 0.0153
actor_loss: -0.1201
critic_loss: 0.0621
symmetry_actor_loss: 0.0000
symmetry_critic_loss: 0.0000
actor_learning_rate: 0.0002
critic_learning_rate: 0.0002
Policy/mean_noise_std: 0.5132
Total timesteps: 20938752
[PPO_HEALTH] adv_mean=2.484e-09 adv_std=1.000000 ratio=0.999723 clip=0.229024 actor_delta=2.085e-01 critic_delta=3.043e-01 action_clip=0.000e+00 reward_identity=1.490e-08
[REWARD] total=0.03977 anchor_pos=0.5039 anchor_ori=0.6430 body_pos=0.8916 body_ori=0.5853
[TRAIN_RESET] count=715 phase0_frac=0.0727 p50=100.0 p95=262.0 target_count=49 target_nonzero=0 curriculum_p50=107.0
[PROGRESS] env_steps=20938752 iteration=3.175s throughput=30959.6
 Learning iteration 213/500 
Computation: 29481 steps/s (Collection: 3.181s, Learning 0.153s)
Value: 0.0565
Surrogate: -0.0098
Entropy: 21.7194
KL: 0.0156
actor_loss: -0.1184
critic_loss: 0.0565
symmetry_actor_loss: 0.0000
symmetry_critic_loss: 0.0000
actor_learning_rate: 0.0002
critic_learning_rate: 0.0002
Policy/mean_noise_std: 0.5125
Total timesteps: 21037056
[PPO_HEALTH] adv_mean=-4.967e-09 adv_std=1.000000 ratio=0.999279 clip=0.230082 actor_delta=2.030e-01 critic_delta=2.921e-01 action_clip=0.000e+00 reward_identity=1.490e-08
[REWARD] total=0.03983 anchor_pos=0.5003 anchor_ori=0.6432 body_pos=0.8913 body_ori=0.5876
[TRAIN_RESET] count=754 phase0_frac=0.0637 p50=107.0 p95=261.0 target_count=42 target_nonzero=0 curriculum_p50=118.0
[PROGRESS] env_steps=21037056 iteration=3.343s throughput=29405.8
 Learning iteration 214/500 
Computation: 31770 steps/s (Collection: 2.942s, Learning 0.153s)
Value: 0.0565
Surrogate: -0.0095
Entropy: 21.6759
KL: 0.0149
actor_loss: -0.1179
critic_loss: 0.0565
symmetry_actor_loss: 0.0000
symmetry_critic_loss: 0.0000
actor_learning_rate: 0.0001
critic_learning_rate: 0.0001
Policy/mean_noise_std: 0.5118
Total timesteps: 21135360
[PPO_HEALTH] adv_mean=-6.209e-09 adv_std=1.000000 ratio=0.999699 clip=0.219179 actor_delta=1.627e-01 critic_delta=2.386e-01 action_clip=0.000e+00 reward_identity=1.490e-08
[REWARD] total=0.04024 anchor_pos=0.4995 anchor_ori=0.6507 body_pos=0.8934 body_ori=0.5910
[TRAIN_RESET] count=689 phase0_frac=0.0755 p50=97.0 p95=253.0 target_count=50 target_nonzero=0 curriculum_p50=110.0
[PROGRESS] env_steps=21135360 iteration=3.103s throughput=31682.4
 Learning iteration 215/500 
Computation: 32645 steps/s (Collection: 2.858s, Learning 0.153s)
Value: 0.0564
Surrogate: -0.0097
Entropy: 21.6407
KL: 0.0129
actor_loss: -0.1179
critic_loss: 0.0564
symmetry_actor_loss: 0.0000
symmetry_critic_loss: 0.0000
actor_learning_rate: 0.0002
critic_learning_rate: 0.0002
Policy/mean_noise_std: 0.5111
Total timesteps: 21233664
[PPO_HEALTH] adv_mean=-3.725e-09 adv_std=1.000000 ratio=0.999364 clip=0.195758 actor_delta=1.844e-01 critic_delta=2.651e-01 action_clip=0.000e+00 reward_identity=1.490e-08
[REWARD] total=0.04038 anchor_pos=0.4950 anchor_ori=0.6562 body_pos=0.8944 body_ori=0.5903
[TRAIN_RESET] count=696 phase0_frac=0.0790 p50=113.0 p95=270.0 target_count=49 target_nonzero=0 curriculum_p50=128.0
[PROGRESS] env_steps=21233664 iteration=3.020s throughput=32553.5
 Learning iteration 216/500 
Computation: 33281 steps/s (Collection: 2.801s, Learning 0.152s)
Value: 0.0582
Surrogate: -0.0107
Entropy: 21.6051
KL: 0.0125
actor_loss: -0.1187
critic_loss: 0.0582
symmetry_actor_loss: 0.0000
symmetry_critic_loss: 0.0000
actor_learning_rate: 0.0002
critic_learning_rate: 0.0002
Policy/mean_noise_std: 0.5105
Total timesteps: 21331968
[PPO_HEALTH] adv_mean=-6.519e-09 adv_std=1.000000 ratio=0.999464 clip=0.188438 actor_delta=1.903e-01 critic_delta=2.714e-01 action_clip=0.000e+00 reward_identity=1.490e-08
[REWARD] total=0.04038 anchor_pos=0.4958 anchor_ori=0.6550 body_pos=0.8933 body_ori=0.5898
[TRAIN_RESET] count=727 phase0_frac=0.0660 p50=94.0 p95=260.0 target_count=43 target_nonzero=0 curriculum_p50=102.0
[PROGRESS] env_steps=21331968 iteration=2.962s throughput=33184.7
 Learning iteration 217/500 
Computation: 33421 steps/s (Collection: 2.787s, Learning 0.155s)
Value: 0.0631
Surrogate: -0.0093
Entropy: 21.5598
KL: 0.0164
actor_loss: -0.1171
critic_loss: 0.0631
symmetry_actor_loss: 0.0000
symmetry_critic_loss: 0.0000
actor_learning_rate: 0.0002
critic_learning_rate: 0.0002
Policy/mean_noise_std: 0.5097
Total timesteps: 21430272
[PPO_HEALTH] adv_mean=-1.552e-09 adv_std=1.000000 ratio=0.998943 clip=0.242033 actor_delta=2.182e-01 critic_delta=2.808e-01 action_clip=0.000e+00 reward_identity=1.490e-08
[REWARD] total=0.04032 anchor_pos=0.4968 anchor_ori=0.6473 body_pos=0.8930 body_ori=0.5917
[TRAIN_RESET] count=750 phase0_frac=0.0907 p50=105.0 p95=265.0 target_count=60 target_nonzero=0 curriculum_p50=115.0
[PROGRESS] env_steps=21430272 iteration=2.950s throughput=33324.2
 Learning iteration 218/500 
Computation: 33582 steps/s (Collection: 2.773s, Learning 0.154s)
Value: 0.0665
Surrogate: -0.0105
Entropy: 21.5179
KL: 0.0162
actor_loss: -0.1181
critic_loss: 0.0665
symmetry_actor_loss: 0.0000
symmetry_critic_loss: 0.0000
actor_learning_rate: 0.0003
critic_learning_rate: 0.0003
Policy/mean_noise_std: 0.5090
Total timesteps: 21528576
[PPO_HEALTH] adv_mean=4.346e-09 adv_std=1.000000 ratio=0.998881 clip=0.241811 actor_delta=2.371e-01 critic_delta=2.448e-01 action_clip=0.000e+00 reward_identity=1.490e-08
[REWARD] total=0.04036 anchor_pos=0.4951 anchor_ori=0.6485 body_pos=0.8941 body_ori=0.5942
[TRAIN_RESET] count=714 phase0_frac=0.0728 p50=113.0 p95=264.0 target_count=49 target_nonzero=0 curriculum_p50=121.0
[PROGRESS] env_steps=21528576 iteration=2.936s throughput=33485.3
 Learning iteration 219/500 
Computation: 32099 steps/s (Collection: 2.910s, Learning 0.152s)
Value: 0.0555
Surrogate: -0.0107
Entropy: 21.4745
KL: 0.0154
actor_loss: -0.1181
critic_loss: 0.0555
symmetry_actor_loss: 0.0000
symmetry_critic_loss: 0.0000
actor_learning_rate: 0.0002
critic_learning_rate: 0.0002
Policy/mean_noise_std: 0.5083
Total timesteps: 21626880
[PPO_HEALTH] adv_mean=-1.676e-08 adv_std=1.000000 ratio=0.998459 clip=0.230941 actor_delta=2.083e-01 critic_delta=2.465e-01 action_clip=0.000e+00 reward_identity=1.490e-08
[REWARD] total=0.04038 anchor_pos=0.4912 anchor_ori=0.6507 body_pos=0.8948 body_ori=0.5940
[TRAIN_RESET] count=670 phase0_frac=0.0567 p50=103.0 p95=264.0 target_count=38 target_nonzero=0 curriculum_p50=111.0
[PROGRESS] env_steps=21626880 iteration=3.071s throughput=32008.5
 Learning iteration 220/500 
Computation: 32608 steps/s (Collection: 2.861s, Learning 0.153s)
Value: 0.0553
Surrogate: -0.0097
Entropy: 21.4285
KL: 0.0154
actor_loss: -0.1168
critic_loss: 0.0553
symmetry_actor_loss: 0.0000
symmetry_critic_loss: 0.0000
actor_learning_rate: 0.0002
critic_learning_rate: 0.0002
Policy/mean_noise_std: 0.5074
Total timesteps: 21725184
[PPO_HEALTH] adv_mean=-7.761e-09 adv_std=1.000000 ratio=0.999072 clip=0.229395 actor_delta=2.012e-01 critic_delta=2.735e-01 action_clip=0.000e+00 reward_identity=1.490e-08
[REWARD] total=0.04083 anchor_pos=0.4918 anchor_ori=0.6524 body_pos=0.8962 body_ori=0.5995
[TRAIN_RESET] count=675 phase0_frac=0.0741 p50=115.0 p95=264.0 target_count=45 target_nonzero=0 curriculum_p50=121.0
[PROGRESS] env_steps=21725184 iteration=3.023s throughput=32514.5
 Learning iteration 221/500 
Computation: 32267 steps/s (Collection: 2.894s, Learning 0.152s)
Value: 0.0515
Surrogate: -0.0101
Entropy: 21.3828
KL: 0.0145
actor_loss: -0.1170
critic_loss: 0.0515
symmetry_actor_loss: 0.0000
symmetry_critic_loss: 0.0000
actor_learning_rate: 0.0002
critic_learning_rate: 0.0002
Policy/mean_noise_std: 0.5067
Total timesteps: 21823488
[PPO_HEALTH] adv_mean=-7.451e-09 adv_std=1.000000 ratio=0.998787 clip=0.214500 actor_delta=1.868e-01 critic_delta=2.462e-01 action_clip=0.000e+00 reward_identity=1.490e-08
[REWARD] total=0.04115 anchor_pos=0.4879 anchor_ori=0.6593 body_pos=0.8980 body_ori=0.6025
[TRAIN_RESET] count=670 phase0_frac=0.0881 p50=102.0 p95=264.0 target_count=58 target_nonzero=0 curriculum_p50=114.0
[PROGRESS] env_steps=21823488 iteration=3.055s throughput=32176.7
 Learning iteration 222/500 
Computation: 33533 steps/s (Collection: 2.780s, Learning 0.152s)
Value: 0.0520
Surrogate: -0.0109
Entropy: 21.3342
KL: 0.0160
actor_loss: -0.1176
critic_loss: 0.0520
symmetry_actor_loss: 0.0000
symmetry_critic_loss: 0.0000
actor_learning_rate: 0.0002
critic_learning_rate: 0.0002
Policy/mean_noise_std: 0.5058
Total timesteps: 21921792
[PPO_HEALTH] adv_mean=9.313e-10 adv_std=1.000000 ratio=0.999460 clip=0.237663 actor_delta=2.134e-01 critic_delta=2.708e-01 action_clip=0.000e+00 reward_identity=1.490e-08
[REWARD] total=0.04127 anchor_pos=0.4894 anchor_ori=0.6577 body_pos=0.8983 body_ori=0.6057
[TRAIN_RESET] count=644 phase0_frac=0.0839 p50=105.0 p95=260.0 target_count=52 target_nonzero=0 curriculum_p50=116.0
[PROGRESS] env_steps=21921792 iteration=2.940s throughput=33433.2
 Learning iteration 223/500 
Computation: 32303 steps/s (Collection: 2.892s, Learning 0.151s)
Value: 0.0555
Surrogate: -0.0097
Entropy: 21.2940
KL: 0.0149
actor_loss: -0.1161
critic_loss: 0.0555
symmetry_actor_loss: 0.0000
symmetry_critic_loss: 0.0000
actor_learning_rate: 0.0002
critic_learning_rate: 0.0002
Policy/mean_noise_std: 0.5052
Total timesteps: 22020096
[PPO_HEALTH] adv_mean=-1.071e-08 adv_std=1.000000 ratio=0.999181 clip=0.219843 actor_delta=1.824e-01 critic_delta=2.624e-01 action_clip=0.000e+00 reward_identity=1.490e-08
[REWARD] total=0.04102 anchor_pos=0.4935 anchor_ori=0.6555 body_pos=0.8969 body_ori=0.6053
[TRAIN_RESET] count=664 phase0_frac=0.0813 p50=97.0 p95=261.0 target_count=51 target_nonzero=0 curriculum_p50=108.0
[PROGRESS] env_steps=22020096 iteration=3.052s throughput=32211.0
 Learning iteration 224/500 
Computation: 33393 steps/s (Collection: 2.792s, Learning 0.152s)
Value: 0.0510
Surrogate: -0.0099
Entropy: 21.2507
KL: 0.0151
actor_loss: -0.1162
critic_loss: 0.0510
symmetry_actor_loss: 0.0000
symmetry_critic_loss: 0.0000
actor_learning_rate: 0.0002
critic_learning_rate: 0.0002
Policy/mean_noise_std: 0.5044
Total timesteps: 22118400
[PPO_HEALTH] adv_mean=-1.273e-08 adv_std=1.000000 ratio=0.999860 clip=0.225024 actor_delta=2.057e-01 critic_delta=2.828e-01 action_clip=0.000e+00 reward_identity=1.490e-08
[REWARD] total=0.04112 anchor_pos=0.4882 anchor_ori=0.6585 body_pos=0.8992 body_ori=0.6067
[TRAIN_RESET] count=617 phase0_frac=0.0648 p50=112.0 p95=267.0 target_count=36 target_nonzero=0 curriculum_p50=118.0
[PROGRESS] env_steps=22118400 iteration=2.952s throughput=33297.6
 Learning iteration 225/500 
Computation: 33233 steps/s (Collection: 2.800s, Learning 0.158s)
Value: 0.0495
Surrogate: -0.0107
Entropy: 21.2124
KL: 0.0126
actor_loss: -0.1167
critic_loss: 0.0495
symmetry_actor_loss: 0.0000
symmetry_critic_loss: 0.0000
actor_learning_rate: 0.0002
critic_learning_rate: 0.0002
Policy/mean_noise_std: 0.5038
Total timesteps: 22216704
[PPO_HEALTH] adv_mean=-8.071e-09 adv_std=1.000000 ratio=0.998928 clip=0.190379 actor_delta=1.827e-01 critic_delta=2.419e-01 action_clip=0.000e+00 reward_identity=1.490e-08
[REWARD] total=0.04163 anchor_pos=0.4823 anchor_ori=0.6625 body_pos=0.9013 body_ori=0.6089
[TRAIN_RESET] count=654 phase0_frac=0.0734 p50=109.0 p95=273.0 target_count=44 target_nonzero=0 curriculum_p50=121.0
[PROGRESS] env_steps=22216704 iteration=2.967s throughput=33130.8
 Learning iteration 226/500 
Computation: 32428 steps/s (Collection: 2.877s, Learning 0.154s)
Value: 0.0498
Surrogate: -0.0096
Entropy: 21.1718
KL: 0.0156
actor_loss: -0.1155
critic_loss: 0.0498
symmetry_actor_loss: 0.0000
symmetry_critic_loss: 0.0000
actor_learning_rate: 0.0002
critic_learning_rate: 0.0002
Policy/mean_noise_std: 0.5031
Total timesteps: 22315008
[PPO_HEALTH] adv_mean=6.209e-10 adv_std=1.000000 ratio=0.999910 clip=0.232218 actor_delta=1.994e-01 critic_delta=2.562e-01 action_clip=0.000e+00 reward_identity=1.490e-08
[REWARD] total=0.04181 anchor_pos=0.4861 anchor_ori=0.6602 body_pos=0.9021 body_ori=0.6133
[TRAIN_RESET] count=639 phase0_frac=0.0642 p50=111.0 p95=269.0 target_count=38 target_nonzero=0 curriculum_p50=120.0
[PROGRESS] env_steps=22315008 iteration=3.040s throughput=32338.1
 Learning iteration 227/500 
Computation: 33624 steps/s (Collection: 2.770s, Learning 0.154s)
Value: 0.0496
Surrogate: -0.0108
Entropy: 21.1259
KL: 0.0156
actor_loss: -0.1164
critic_loss: 0.0496
symmetry_actor_loss: 0.0000
symmetry_critic_loss: 0.0000
actor_learning_rate: 0.0003
critic_learning_rate: 0.0003
Policy/mean_noise_std: 0.5022
Total timesteps: 22413312
[PPO_HEALTH] adv_mean=-9.313e-10 adv_std=1.000000 ratio=0.998584 clip=0.233940 actor_delta=2.383e-01 critic_delta=3.218e-01 action_clip=0.000e+00 reward_identity=1.490e-08
[REWARD] total=0.04172 anchor_pos=0.4834 anchor_ori=0.6585 body_pos=0.9012 body_ori=0.6146
[TRAIN_RESET] count=591 phase0_frac=0.0711 p50=108.0 p95=260.0 target_count=39 target_nonzero=0 curriculum_p50=116.0
[PROGRESS] env_steps=22413312 iteration=2.932s throughput=33524.2
 Learning iteration 228/500 
Computation: 33758 steps/s (Collection: 2.758s, Learning 0.154s)
Value: 0.0502
Surrogate: -0.0098
Entropy: 21.0747
KL: 0.0156
actor_loss: -0.1152
critic_loss: 0.0502
symmetry_actor_loss: 0.0000
symmetry_critic_loss: 0.0000
actor_learning_rate: 0.0002
critic_learning_rate: 0.0002
Policy/mean_noise_std: 0.5015
Total timesteps: 22511616
[PPO_HEALTH] adv_mean=-5.588e-09 adv_std=1.000000 ratio=0.999499 clip=0.233201 actor_delta=1.992e-01 critic_delta=2.645e-01 action_clip=0.000e+00 reward_identity=1.490e-08
[REWARD] total=0.04157 anchor_pos=0.4748 anchor_ori=0.6569 body_pos=0.9006 body_ori=0.6105
[TRAIN_RESET] count=644 phase0_frac=0.0745 p50=106.0 p95=262.0 target_count=45 target_nonzero=0 curriculum_p50=115.0
[PROGRESS] env_steps=22511616 iteration=2.921s throughput=33658.9
 Learning iteration 229/500 
Computation: 33233 steps/s (Collection: 2.792s, Learning 0.166s)
Value: 0.0536
Surrogate: -0.0097
Entropy: 21.0410
KL: 0.0133
actor_loss: -0.1149
critic_loss: 0.0536
symmetry_actor_loss: 0.0000
symmetry_critic_loss: 0.0000
actor_learning_rate: 0.0002
critic_learning_rate: 0.0002
Policy/mean_noise_std: 0.5009
Total timesteps: 22609920
[PPO_HEALTH] adv_mean=6.209e-10 adv_std=1.000000 ratio=0.999997 clip=0.199306 actor_delta=1.736e-01 critic_delta=2.223e-01 action_clip=0.000e+00 reward_identity=1.490e-08
[REWARD] total=0.04193 anchor_pos=0.4837 anchor_ori=0.6617 body_pos=0.9026 body_ori=0.6131
[TRAIN_RESET] count=649 phase0_frac=0.0832 p50=115.0 p95=262.0 target_count=48 target_nonzero=0 curriculum_p50=127.0
[PROGRESS] env_steps=22609920 iteration=2.967s throughput=33128.8
 Learning iteration 230/500 
Computation: 32190 steps/s (Collection: 2.890s, Learning 0.164s)
Value: 0.0511
Surrogate: -0.0092
Entropy: 21.0027
KL: 0.0127
actor_loss: -0.1142
critic_loss: 0.0511
symmetry_actor_loss: 0.0000
symmetry_critic_loss: 0.0000
actor_learning_rate: 0.0001
critic_learning_rate: 0.0001
Policy/mean_noise_std: 0.5003
Total timesteps: 22708224
[PPO_HEALTH] adv_mean=4.657e-09 adv_std=1.000000 ratio=0.999097 clip=0.187679 actor_delta=1.536e-01 critic_delta=1.979e-01 action_clip=0.000e+00 reward_identity=1.490e-08
[REWARD] total=0.04224 anchor_pos=0.4853 anchor_ori=0.6672 body_pos=0.9041 body_ori=0.6159
[TRAIN_RESET] count=641 phase0_frac=0.0764 p50=121.0 p95=264.0 target_count=44 target_nonzero=0 curriculum_p50=130.0
[PROGRESS] env_steps=22708224 iteration=3.063s throughput=32098.3
 Learning iteration 231/500 
Computation: 31967 steps/s (Collection: 2.922s, Learning 0.153s)
Value: 0.0484
Surrogate: -0.0110
Entropy: 20.9676
KL: 0.0134
actor_loss: -0.1158
critic_loss: 0.0484
symmetry_actor_loss: 0.0000
symmetry_critic_loss: 0.0000
actor_learning_rate: 0.0002
critic_learning_rate: 0.0002
Policy/mean_noise_std: 0.4997
Total timesteps: 22806528
[PPO_HEALTH] adv_mean=6.209e-09 adv_std=1.000000 ratio=0.998685 clip=0.201426 actor_delta=1.985e-01 critic_delta=2.463e-01 action_clip=0.000e+00 reward_identity=1.490e-08
[REWARD] total=0.04216 anchor_pos=0.4840 anchor_ori=0.6567 body_pos=0.9035 body_ori=0.6159
[TRAIN_RESET] count=625 phase0_frac=0.0784 p50=113.0 p95=267.0 target_count=47 target_nonzero=0 curriculum_p50=123.0
[PROGRESS] env_steps=22806528 iteration=3.084s throughput=31876.0
 Learning iteration 232/500 
Computation: 33621 steps/s (Collection: 2.772s, Learning 0.152s)
Value: 0.0503
Surrogate: -0.0097
Entropy: 20.9303
KL: 0.0156
actor_loss: -0.1143
critic_loss: 0.0503
symmetry_actor_loss: 0.0000
symmetry_critic_loss: 0.0000
actor_learning_rate: 0.0001
critic_learning_rate: 0.0001
Policy/mean_noise_std: 0.4992
Total timesteps: 22904832
[PPO_HEALTH] adv_mean=-3.104e-09 adv_std=1.000000 ratio=0.998943 clip=0.229818 actor_delta=1.819e-01 critic_delta=2.464e-01 action_clip=0.000e+00 reward_identity=1.490e-08
[REWARD] total=0.04235 anchor_pos=0.4862 anchor_ori=0.6576 body_pos=0.9035 body_ori=0.6186
[TRAIN_RESET] count=639 phase0_frac=0.0642 p50=119.0 p95=263.0 target_count=40 target_nonzero=0 curriculum_p50=129.0
[PROGRESS] env_steps=22904832 iteration=2.933s throughput=33521.2
 Learning iteration 233/500 
Computation: 32599 steps/s (Collection: 2.862s, Learning 0.153s)
Value: 0.0475
Surrogate: -0.0109
Entropy: 20.8962
KL: 0.0132
actor_loss: -0.1154
critic_loss: 0.0475
symmetry_actor_loss: 0.0000
symmetry_critic_loss: 0.0000
actor_learning_rate: 0.0002
critic_learning_rate: 0.0002
Policy/mean_noise_std: 0.4983
Total timesteps: 23003136
[PPO_HEALTH] adv_mean=-8.692e-09 adv_std=1.000000 ratio=0.999420 clip=0.201042 actor_delta=1.841e-01 critic_delta=2.323e-01 action_clip=0.000e+00 reward_identity=1.490e-08
[REWARD] total=0.04245 anchor_pos=0.4870 anchor_ori=0.6579 body_pos=0.9050 body_ori=0.6191
[TRAIN_RESET] count=596 phase0_frac=0.0755 p50=119.0 p95=261.0 target_count=44 target_nonzero=0 curriculum_p50=128.0
[PROGRESS] env_steps=23003136 iteration=3.024s throughput=32506.7
 Learning iteration 234/500 
Computation: 31179 steps/s (Collection: 2.998s, Learning 0.154s)
Value: 0.0505
Surrogate: -0.0110
Entropy: 20.8416
KL: 0.0156
actor_loss: -0.1152
critic_loss: 0.0505
symmetry_actor_loss: 0.0000
symmetry_critic_loss: 0.0000
actor_learning_rate: 0.0001
critic_learning_rate: 0.0001
Policy/mean_noise_std: 0.4976
Total timesteps: 23101440
[PPO_HEALTH] adv_mean=3.415e-09 adv_std=1.000000 ratio=0.998822 clip=0.230629 actor_delta=1.892e-01 critic_delta=2.413e-01 action_clip=0.000e+00 reward_identity=1.490e-08
[REWARD] total=0.04255 anchor_pos=0.4823 anchor_ori=0.6582 body_pos=0.9053 body_ori=0.6193
[TRAIN_RESET] count=592 phase0_frac=0.0676 p50=113.0 p95=264.0 target_count=37 target_nonzero=0 curriculum_p50=123.0
[PROGRESS] env_steps=23101440 iteration=3.162s throughput=31092.9
 Learning iteration 235/500 
Computation: 31426 steps/s (Collection: 2.973s, Learning 0.155s)
Value: 0.0501
Surrogate: -0.0112
Entropy: 20.8046
KL: 0.0134
actor_loss: -0.1152
critic_loss: 0.0501
symmetry_actor_loss: 0.0000
symmetry_critic_loss: 0.0000
actor_learning_rate: 0.0002
critic_learning_rate: 0.0002
Policy/mean_noise_std: 0.4969
Total timesteps: 23199744
[PPO_HEALTH] adv_mean=1.087e-09 adv_std=1.000000 ratio=0.999101 clip=0.200824 actor_delta=1.968e-01 critic_delta=2.405e-01 action_clip=0.000e+00 reward_identity=1.490e-08
[REWARD] total=0.04246 anchor_pos=0.4850 anchor_ori=0.6552 body_pos=0.9044 body_ori=0.6189
[TRAIN_RESET] count=660 phase0_frac=0.0591 p50=115.0 p95=260.0 target_count=34 target_nonzero=0 curriculum_p50=120.0
[PROGRESS] env_steps=23199744 iteration=3.137s throughput=31335.8
 Learning iteration 236/500 
Computation: 31444 steps/s (Collection: 2.974s, Learning 0.153s)
Value: 0.0488
Surrogate: -0.0113
Entropy: 20.7606
KL: 0.0132
actor_loss: -0.1151
critic_loss: 0.0488
symmetry_actor_loss: 0.0000
symmetry_critic_loss: 0.0000
actor_learning_rate: 0.0002
critic_learning_rate: 0.0002
Policy/mean_noise_std: 0.4962
Total timesteps: 23298048
[PPO_HEALTH] adv_mean=7.451e-09 adv_std=1.000000 ratio=0.999381 clip=0.198248 actor_delta=1.866e-01 critic_delta=2.396e-01 action_clip=0.000e+00 reward_identity=1.490e-08
[REWARD] total=0.04274 anchor_pos=0.4893 anchor_ori=0.6564 body_pos=0.9059 body_ori=0.6216
[TRAIN_RESET] count=619 phase0_frac=0.0743 p50=115.0 p95=272.0 target_count=42 target_nonzero=0 curriculum_p50=130.0
[PROGRESS] env_steps=23298048 iteration=3.135s throughput=31356.1
 Learning iteration 237/500 
Computation: 31235 steps/s (Collection: 2.995s, Learning 0.152s)
Value: 0.0479
Surrogate: -0.0095
Entropy: 20.7216
KL: 0.0146
actor_loss: -0.1131
critic_loss: 0.0479
symmetry_actor_loss: 0.0000
symmetry_critic_loss: 0.0000
actor_learning_rate: 0.0002
critic_learning_rate: 0.0002
Policy/mean_noise_std: 0.4955
Total timesteps: 23396352
[PPO_HEALTH] adv_mean=8.692e-09 adv_std=1.000000 ratio=0.999394 clip=0.219627 actor_delta=1.956e-01 critic_delta=2.541e-01 action_clip=0.000e+00 reward_identity=1.490e-08
[REWARD] total=0.04283 anchor_pos=0.4850 anchor_ori=0.6614 body_pos=0.9060 body_ori=0.6210
[TRAIN_RESET] count=622 phase0_frac=0.0643 p50=116.0 p95=253.0 target_count=40 target_nonzero=0 curriculum_p50=124.0
[PROGRESS] env_steps=23396352 iteration=3.156s throughput=31151.3
 Learning iteration 238/500 
Computation: 32045 steps/s (Collection: 2.914s, Learning 0.154s)
Value: 0.0454
Surrogate: -0.0108
Entropy: 20.6739
KL: 0.0134
actor_loss: -0.1142
critic_loss: 0.0454
symmetry_actor_loss: 0.0000
symmetry_critic_loss: 0.0000
actor_learning_rate: 0.0002
critic_learning_rate: 0.0002
Policy/mean_noise_std: 0.4946
Total timesteps: 23494656
[PPO_HEALTH] adv_mean=9.313e-10 adv_std=1.000000 ratio=0.999255 clip=0.200936 actor_delta=1.862e-01 critic_delta=2.489e-01 action_clip=0.000e+00 reward_identity=1.490e-08
[REWARD] total=0.04336 anchor_pos=0.4858 anchor_ori=0.6674 body_pos=0.9073 body_ori=0.6243
[TRAIN_RESET] count=630 phase0_frac=0.0683 p50=126.0 p95=263.0 target_count=42 target_nonzero=0 curriculum_p50=138.0
[PROGRESS] env_steps=23494656 iteration=3.076s throughput=31953.3
 Learning iteration 239/500 
Computation: 32596 steps/s (Collection: 2.864s, Learning 0.152s)
Value: 0.0453
Surrogate: -0.0108
Entropy: 20.6139
KL: 0.0159
actor_loss: -0.1138
critic_loss: 0.0453
symmetry_actor_loss: 0.0000
symmetry_critic_loss: 0.0000
actor_learning_rate: 0.0002
critic_learning_rate: 0.0002
Policy/mean_noise_std: 0.4936
Total timesteps: 23592960
[PPO_HEALTH] adv_mean=-2.173e-09 adv_std=1.000000 ratio=0.998469 clip=0.236237 actor_delta=2.074e-01 critic_delta=2.717e-01 action_clip=0.000e+00 reward_identity=1.490e-08
[REWARD] total=0.04376 anchor_pos=0.4926 anchor_ori=0.6718 body_pos=0.9079 body_ori=0.6287
[TRAIN_RESET] count=626 phase0_frac=0.0607 p50=117.0 p95=266.0 target_count=37 target_nonzero=0 curriculum_p50=123.0
[PROGRESS] env_steps=23592960 iteration=3.025s throughput=32501.9
 Learning iteration 240/500 
Computation: 33556 steps/s (Collection: 2.777s, Learning 0.153s)
Value: 0.0456
Surrogate: -0.0122
Entropy: 20.5585
KL: 0.0129
actor_loss: -0.1150
critic_loss: 0.0456
symmetry_actor_loss: 0.0000
symmetry_critic_loss: 0.0000
actor_learning_rate: 0.0002
critic_learning_rate: 0.0002
Policy/mean_noise_std: 0.4926
Total timesteps: 23691264
[PPO_HEALTH] adv_mean=7.451e-09 adv_std=1.000000 ratio=1.000007 clip=0.194816 actor_delta=1.877e-01 critic_delta=2.276e-01 action_clip=0.000e+00 reward_identity=1.490e-08
[REWARD] total=0.04384 anchor_pos=0.4937 anchor_ori=0.6754 body_pos=0.9091 body_ori=0.6294
[TRAIN_RESET] count=547 phase0_frac=0.0640 p50=119.0 p95=256.0 target_count=33 target_nonzero=0 curriculum_p50=126.0
[PROGRESS] env_steps=23691264 iteration=2.938s throughput=33458.8
 Learning iteration 241/500 
Computation: 33645 steps/s (Collection: 2.769s, Learning 0.153s)
Value: 0.0478
Surrogate: -0.0093
Entropy: 20.4951
KL: 0.0159
actor_loss: -0.1118
critic_loss: 0.0478
symmetry_actor_loss: 0.0000
symmetry_critic_loss: 0.0000
actor_learning_rate: 0.0001
critic_learning_rate: 0.0001
Policy/mean_noise_std: 0.4918
Total timesteps: 23789568
[PPO_HEALTH] adv_mean=-8.071e-09 adv_std=1.000000 ratio=0.999414 clip=0.234875 actor_delta=1.695e-01 critic_delta=2.197e-01 action_clip=0.000e+00 reward_identity=1.490e-08
[REWARD] total=0.04402 anchor_pos=0.4864 anchor_ori=0.6727 body_pos=0.9098 body_ori=0.6321
[TRAIN_RESET] count=555 phase0_frac=0.0703 p50=109.0 p95=263.0 target_count=35 target_nonzero=0 curriculum_p50=119.0
[PROGRESS] env_steps=23789568 iteration=2.931s throughput=33543.9
 Learning iteration 242/500 
Computation: 32919 steps/s (Collection: 2.832s, Learning 0.154s)
Value: 0.0419
Surrogate: -0.0094
Entropy: 20.4538
KL: 0.0139
actor_loss: -0.1117
critic_loss: 0.0419
symmetry_actor_loss: 0.0000
symmetry_critic_loss: 0.0000
actor_learning_rate: 0.0002
critic_learning_rate: 0.0002
Policy/mean_noise_std: 0.4910
Total timesteps: 23887872
[PPO_HEALTH] adv_mean=-6.209e-09 adv_std=1.000000 ratio=0.999356 clip=0.210789 actor_delta=1.799e-01 critic_delta=2.399e-01 action_clip=0.000e+00 reward_identity=1.490e-08
[REWARD] total=0.04393 anchor_pos=0.4826 anchor_ori=0.6706 body_pos=0.9092 body_ori=0.6328
[TRAIN_RESET] count=582 phase0_frac=0.0619 p50=126.0 p95=266.0 target_count=34 target_nonzero=0 curriculum_p50=134.0
[PROGRESS] env_steps=23887872 iteration=2.995s throughput=32823.2
 Learning iteration 243/500 
Computation: 33077 steps/s (Collection: 2.818s, Learning 0.154s)
Value: 0.0419
Surrogate: -0.0100
Entropy: 20.4133
KL: 0.0129
actor_loss: -0.1121
critic_loss: 0.0419
symmetry_actor_loss: 0.0000
symmetry_critic_loss: 0.0000
actor_learning_rate: 0.0002
critic_learning_rate: 0.0002
Policy/mean_noise_std: 0.4904
Total timesteps: 23986176
[PPO_HEALTH] adv_mean=-1.180e-08 adv_std=1.000000 ratio=0.999845 clip=0.196375 actor_delta=1.814e-01 critic_delta=2.336e-01 action_clip=0.000e+00 reward_identity=1.490e-08
[REWARD] total=0.04441 anchor_pos=0.4850 anchor_ori=0.6749 body_pos=0.9105 body_ori=0.6359
[TRAIN_RESET] count=562 phase0_frac=0.0890 p50=114.0 p95=260.0 target_count=46 target_nonzero=0 curriculum_p50=128.0
[PROGRESS] env_steps=23986176 iteration=2.981s throughput=32981.4
 Learning iteration 244/500 
Computation: 33117 steps/s (Collection: 2.812s, Learning 0.157s)
Value: 0.0455
Surrogate: -0.0103
Entropy: 20.3664
KL: 0.0161
actor_loss: -0.1122
critic_loss: 0.0455
symmetry_actor_loss: 0.0000
symmetry_critic_loss: 0.0000
actor_learning_rate: 0.0001
critic_learning_rate: 0.0001
Policy/mean_noise_std: 0.4897
Total timesteps: 24084480
[PPO_HEALTH] adv_mean=3.104e-10 adv_std=1.000000 ratio=0.999371 clip=0.238470 actor_delta=1.830e-01 critic_delta=2.261e-01 action_clip=0.000e+00 reward_identity=1.490e-08
[REWARD] total=0.04448 anchor_pos=0.4874 anchor_ori=0.6703 body_pos=0.9107 body_ori=0.6382
[TRAIN_RESET] count=610 phase0_frac=0.0689 p50=123.0 p95=269.0 target_count=38 target_nonzero=0 curriculum_p50=134.0
[PROGRESS] env_steps=24084480 iteration=2.977s throughput=33021.3
 Learning iteration 245/500 
Computation: 33346 steps/s (Collection: 2.796s, Learning 0.152s)
Value: 0.0420
Surrogate: -0.0104
Entropy: 20.3255
KL: 0.0141
actor_loss: -0.1121
critic_loss: 0.0420
symmetry_actor_loss: 0.0000
symmetry_critic_loss: 0.0000
actor_learning_rate: 0.0002
critic_learning_rate: 0.0002
Policy/mean_noise_std: 0.4889
Total timesteps: 24182784
[PPO_HEALTH] adv_mean=-3.725e-09 adv_std=1.000000 ratio=0.998958 clip=0.211747 actor_delta=1.818e-01 critic_delta=2.357e-01 action_clip=0.000e+00 reward_identity=1.490e-08
[REWARD] total=0.04452 anchor_pos=0.4901 anchor_ori=0.6706 body_pos=0.9104 body_ori=0.6382
[TRAIN_RESET] count=613 phase0_frac=0.0685 p50=110.0 p95=266.0 target_count=37 target_nonzero=0 curriculum_p50=119.0
[PROGRESS] env_steps=24182784 iteration=2.957s throughput=33248.4
 Learning iteration 246/500 
Computation: 32122 steps/s (Collection: 2.903s, Learning 0.158s)
Value: 0.0420
Surrogate: -0.0107
Entropy: 20.2703
KL: 0.0154
actor_loss: -0.1120
critic_loss: 0.0420
symmetry_actor_loss: 0.0000
symmetry_critic_loss: 0.0000
actor_learning_rate: 0.0001
critic_learning_rate: 0.0001
Policy/mean_noise_std: 0.4881
Total timesteps: 24281088
[PPO_HEALTH] adv_mean=8.692e-09 adv_std=1.000000 ratio=0.999108 clip=0.227972 actor_delta=1.788e-01 critic_delta=2.020e-01 action_clip=0.000e+00 reward_identity=1.490e-08
[REWARD] total=0.04492 anchor_pos=0.4935 anchor_ori=0.6748 body_pos=0.9121 body_ori=0.6409
[TRAIN_RESET] count=578 phase0_frac=0.0813 p50=106.0 p95=267.0 target_count=44 target_nonzero=0 curriculum_p50=117.0
[PROGRESS] env_steps=24281088 iteration=3.069s throughput=32029.1
 Learning iteration 247/500 
Computation: 33053 steps/s (Collection: 2.820s, Learning 0.154s)
Value: 0.0461
Surrogate: -0.0106
Entropy: 20.2256
KL: 0.0143
actor_loss: -0.1117
critic_loss: 0.0461
symmetry_actor_loss: 0.0000
symmetry_critic_loss: 0.0000
actor_learning_rate: 0.0002
critic_learning_rate: 0.0002
Policy/mean_noise_std: 0.4872
Total timesteps: 24379392
[PPO_HEALTH] adv_mean=-3.725e-09 adv_std=1.000000 ratio=0.999424 clip=0.214213 actor_delta=1.891e-01 critic_delta=2.336e-01 action_clip=0.000e+00 reward_identity=1.490e-08
[REWARD] total=0.04503 anchor_pos=0.4942 anchor_ori=0.6731 body_pos=0.9121 body_ori=0.6409
[TRAIN_RESET] count=604 phase0_frac=0.0745 p50=112.0 p95=261.0 target_count=42 target_nonzero=0 curriculum_p50=122.0
[PROGRESS] env_steps=24379392 iteration=2.983s throughput=32956.0
 Learning iteration 248/500 
Computation: 33598 steps/s (Collection: 2.771s, Learning 0.155s)
Value: 0.0412
Surrogate: -0.0094
Entropy: 20.1723
KL: 0.0153
actor_loss: -0.1103
critic_loss: 0.0412
symmetry_actor_loss: 0.0000
symmetry_critic_loss: 0.0000
actor_learning_rate: 0.0001
critic_learning_rate: 0.0001
Policy/mean_noise_std: 0.4865
Total timesteps: 24477696
[PPO_HEALTH] adv_mean=-8.692e-09 adv_std=1.000000 ratio=0.999720 clip=0.226626 actor_delta=1.642e-01 critic_delta=2.084e-01 action_clip=0.000e+00 reward_identity=1.490e-08
[REWARD] total=0.04541 anchor_pos=0.4984 anchor_ori=0.6783 body_pos=0.9129 body_ori=0.6436
[TRAIN_RESET] count=609 phase0_frac=0.0772 p50=123.0 p95=267.0 target_count=45 target_nonzero=0 curriculum_p50=132.0
[PROGRESS] env_steps=24477696 iteration=2.935s throughput=33498.4
 Learning iteration 249/500 
Computation: 32777 steps/s (Collection: 2.847s, Learning 0.152s)
Value: 0.0468
Surrogate: -0.0104
Entropy: 20.1312
KL: 0.0140
actor_loss: -0.1111
critic_loss: 0.0468
symmetry_actor_loss: 0.0000
symmetry_critic_loss: 0.0000
actor_learning_rate: 0.0002
critic_learning_rate: 0.0002
Policy/mean_noise_std: 0.4857
Total timesteps: 24576000
[PPO_HEALTH] adv_mean=-6.209e-10 adv_std=1.000000 ratio=0.999281 clip=0.211184 actor_delta=1.786e-01 critic_delta=2.338e-01 action_clip=0.000e+00 reward_identity=1.490e-08
[REWARD] total=0.04570 anchor_pos=0.4987 anchor_ori=0.6786 body_pos=0.9153 body_ori=0.6456
[TRAIN_RESET] count=529 phase0_frac=0.0699 p50=119.0 p95=264.0 target_count=33 target_nonzero=0 curriculum_p50=128.0
[PROGRESS] env_steps=24576000 iteration=3.008s throughput=32684.5
[VALIDATION_START] update=250 max_steps=500 envs=4096 fixed_seed=0
[VALIDATION_RESET_START]
[VALIDATION_RESET_DONE] time=7.705s
[VALIDATION_PROGRESS] step=1/500 done=0.00000 alive=1.00000 elapsed=0.207s
[VALIDATION_PROGRESS] step=50/500 done=0.00000 alive=1.00000 elapsed=4.191s
[VALIDATION_PROGRESS] step=100/500 done=0.00000 alive=1.00000 elapsed=8.175s
[VALIDATION_PROGRESS] step=150/500 done=0.00000 alive=1.00000 elapsed=12.185s
[VALIDATION_PROGRESS] step=200/500 done=0.00000 alive=1.00000 elapsed=16.108s
[VALIDATION_PROGRESS] step=250/500 done=0.00000 alive=1.00000 elapsed=20.165s
[VALIDATION_PROGRESS] step=300/500 done=0.00000 alive=1.00000 elapsed=24.239s
[VALIDATION_PROGRESS] step=324/500 done=1.00000 alive=0.00000 elapsed=26.222s
[VALIDATION_DONE] update=250 time=41.660s
[VAL] steps_mean=324.00 steps_min=324 steps_p50=324 steps_p95=324 steps_max=324 return=25.51024 done=1.00000
[VAL_OUTCOME] failure=0.00000 motion_complete=1.00000 time_out=0.00000 censored=0.00000 reference_progress=1.00000
[VAL_CAUSE] anchor_pos_bad=0.00000 anchor_ori_bad=0.00000 ee_body_bad=0.00000 failure_phase_p50=-1.0 completion_phase_p50=324.0
[VAL_RESET] root_pos=0.000000 root_ori=0.000deg anchor_pos=0.010002 anchor_ori=0.000deg joint_pos=0.000000 joint_vel=0.000000 body_pos=0.002920 body_ori=0.000deg
[VAL_TRACKING] joint_pos_mae=0.109765 joint_vel_mae=0.720173 root_lin_mae=0.146250 root_ang_mae=0.861644 pd_target_ref_now=0.214053 pd_target_ref_next=0.211210 torso_ori=9.511deg left_wrist_ori=7.971deg right_wrist_ori=7.258deg
[VAL_DYNAMICS] action_delta=0.086061 action_delta_p95=0.159980 action_d2=0.054914 action_d2_p95=0.132338 joint_vel_jump=0.311099 root_lin_jump=0.033944 root_ang_jump=0.284434 initial_action_delta=0.510791
 Learning iteration 250/500 
Computation: 32411 steps/s (Collection: 2.880s, Learning 0.153s)
Value: 0.0422
Surrogate: -0.0101
Entropy: 20.0752
KL: 0.0155
actor_loss: -0.1105
critic_loss: 0.0422
symmetry_actor_loss: 0.0000
symmetry_critic_loss: 0.0000
actor_learning_rate: 0.0002
critic_learning_rate: 0.0002
Policy/mean_noise_std: 0.4848
Total timesteps: 24674304
[PPO_HEALTH] adv_mean=-2.484e-09 adv_std=1.000000 ratio=0.999869 clip=0.232633 actor_delta=1.934e-01 critic_delta=2.509e-01 action_clip=0.000e+00 reward_identity=1.490e-08
[REWARD] total=0.04585 anchor_pos=0.4918 anchor_ori=0.6813 body_pos=0.9156 body_ori=0.6485
[TRAIN_RESET] count=619 phase0_frac=0.0614 p50=131.0 p95=266.0 target_count=33 target_nonzero=0 curriculum_p50=139.0
[PROGRESS] env_steps=24674304 iteration=3.042s throughput=32317.7
 Learning iteration 251/500 
Computation: 33633 steps/s (Collection: 2.768s, Learning 0.155s)
Value: 0.0415
Surrogate: -0.0104
Entropy: 20.0246
KL: 0.0157
actor_loss: -0.1105
critic_loss: 0.0415
symmetry_actor_loss: 0.0000
symmetry_critic_loss: 0.0000
actor_learning_rate: 0.0002
critic_learning_rate: 0.0002
Policy/mean_noise_std: 0.4840
Total timesteps: 24772608
[PPO_HEALTH] adv_mean=-9.313e-09 adv_std=1.000000 ratio=0.999567 clip=0.233789 actor_delta=1.990e-01 critic_delta=2.501e-01 action_clip=0.000e+00 reward_identity=1.490e-08
[REWARD] total=0.04595 anchor_pos=0.4929 anchor_ori=0.6801 body_pos=0.9155 body_ori=0.6479
[TRAIN_RESET] count=571 phase0_frac=0.0718 p50=119.0 p95=258.0 target_count=39 target_nonzero=0 curriculum_p50=131.0
[PROGRESS] env_steps=24772608 iteration=2.931s throughput=33535.4
 Learning iteration 252/500 
Computation: 32268 steps/s (Collection: 2.891s, Learning 0.155s)
Value: 0.0434
Surrogate: -0.0098
Entropy: 19.9782
KL: 0.0161
actor_loss: -0.1097
critic_loss: 0.0434
symmetry_actor_loss: 0.0000
symmetry_critic_loss: 0.0000
actor_learning_rate: 0.0001
critic_learning_rate: 0.0001
Policy/mean_noise_std: 0.4833
Total timesteps: 24870912
[PPO_HEALTH] adv_mean=-5.588e-09 adv_std=1.000000 ratio=0.999324 clip=0.237939 actor_delta=1.674e-01 critic_delta=2.122e-01 action_clip=0.000e+00 reward_identity=1.490e-08
[REWARD] total=0.04595 anchor_pos=0.4943 anchor_ori=0.6777 body_pos=0.9155 body_ori=0.6491
[TRAIN_RESET] count=597 phase0_frac=0.0653 p50=122.0 p95=256.0 target_count=36 target_nonzero=0 curriculum_p50=128.0
[PROGRESS] env_steps=24870912 iteration=3.055s throughput=32175.8
 Learning iteration 253/500 
Computation: 31485 steps/s (Collection: 2.965s, Learning 0.157s)
Value: 0.0438
Surrogate: -0.0104
Entropy: 19.9407
KL: 0.0139
actor_loss: -0.1101
critic_loss: 0.0438
symmetry_actor_loss: 0.0000
symmetry_critic_loss: 0.0000
actor_learning_rate: 0.0002
critic_learning_rate: 0.0002
Policy/mean_noise_std: 0.4826
Total timesteps: 24969216
[PPO_HEALTH] adv_mean=-1.218e-08 adv_std=1.000000 ratio=0.999586 clip=0.209945 actor_delta=1.851e-01 critic_delta=2.442e-01 action_clip=0.000e+00 reward_identity=1.490e-08
[REWARD] total=0.04578 anchor_pos=0.4952 anchor_ori=0.6703 body_pos=0.9135 body_ori=0.6493
[TRAIN_RESET] count=600 phase0_frac=0.0733 p50=111.0 p95=261.0 target_count=40 target_nonzero=0 curriculum_p50=122.0
[PROGRESS] env_steps=24969216 iteration=3.131s throughput=31395.1
 Learning iteration 254/500 
Computation: 32362 steps/s (Collection: 2.879s, Learning 0.159s)
Value: 0.0419
Surrogate: -0.0100
Entropy: 19.8944
KL: 0.0153
actor_loss: -0.1094
critic_loss: 0.0419
symmetry_actor_loss: 0.0000
symmetry_critic_loss: 0.0000
actor_learning_rate: 0.0001
critic_learning_rate: 0.0001
Policy/mean_noise_std: 0.4820
Total timesteps: 25067520
[PPO_HEALTH] adv_mean=-5.588e-09 adv_std=1.000000 ratio=0.999678 clip=0.226019 actor_delta=1.688e-01 critic_delta=2.125e-01 action_clip=0.000e+00 reward_identity=1.490e-08
[REWARD] total=0.04602 anchor_pos=0.4962 anchor_ori=0.6732 body_pos=0.9151 body_ori=0.6514
[TRAIN_RESET] count=554 phase0_frac=0.0830 p50=120.0 p95=257.0 target_count=43 target_nonzero=0 curriculum_p50=132.0
[PROGRESS] env_steps=25067520 iteration=3.046s throughput=32271.9
 Learning iteration 255/500 
Computation: 32769 steps/s (Collection: 2.846s, Learning 0.154s)
Value: 0.0411
Surrogate: -0.0105
Entropy: 19.8583
KL: 0.0140
actor_loss: -0.1098
critic_loss: 0.0411
symmetry_actor_loss: 0.0000
symmetry_critic_loss: 0.0000
actor_learning_rate: 0.0002
critic_learning_rate: 0.0002
Policy/mean_noise_std: 0.4813
Total timesteps: 25165824
[PPO_HEALTH] adv_mean=1.118e-08 adv_std=1.000000 ratio=0.999066 clip=0.212256 actor_delta=1.873e-01 critic_delta=2.411e-01 action_clip=0.000e+00 reward_identity=1.490e-08
[REWARD] total=0.04634 anchor_pos=0.4955 anchor_ori=0.6786 body_pos=0.9164 body_ori=0.6527
[TRAIN_RESET] count=568 phase0_frac=0.0546 p50=129.0 p95=272.0 target_count=28 target_nonzero=0 curriculum_p50=137.0
[PROGRESS] env_steps=25165824 iteration=3.009s throughput=32673.7
 Learning iteration 256/500 
Computation: 31512 steps/s (Collection: 2.965s, Learning 0.154s)
Value: 0.0338
Surrogate: -0.0097
Entropy: 19.8129
KL: 0.0146
actor_loss: -0.1087
critic_loss: 0.0338
symmetry_actor_loss: 0.0000
symmetry_critic_loss: 0.0000
actor_learning_rate: 0.0002
critic_learning_rate: 0.0002
Policy/mean_noise_std: 0.4805
Total timesteps: 25264128
[PPO_HEALTH] adv_mean=2.484e-09 adv_std=1.000000 ratio=0.999951 clip=0.217843 actor_delta=1.842e-01 critic_delta=2.228e-01 action_clip=0.000e+00 reward_identity=1.490e-08
[REWARD] total=0.04637 anchor_pos=0.4989 anchor_ori=0.6840 body_pos=0.9165 body_ori=0.6521
[TRAIN_RESET] count=633 phase0_frac=0.0853 p50=116.0 p95=267.0 target_count=52 target_nonzero=0 curriculum_p50=127.0
[PROGRESS] env_steps=25264128 iteration=3.128s throughput=31427.2
 Learning iteration 257/500 
Computation: 32408 steps/s (Collection: 2.879s, Learning 0.155s)
Value: 0.0379
Surrogate: -0.0108
Entropy: 19.7566
KL: 0.0157
actor_loss: -0.1096
critic_loss: 0.0379
symmetry_actor_loss: 0.0000
symmetry_critic_loss: 0.0000
actor_learning_rate: 0.0002
critic_learning_rate: 0.0002
Policy/mean_noise_std: 0.4795
Total timesteps: 25362432
[PPO_HEALTH] adv_mean=9.313e-09 adv_std=1.000000 ratio=0.999900 clip=0.234129 actor_delta=2.024e-01 critic_delta=2.408e-01 action_clip=0.000e+00 reward_identity=1.490e-08
[REWARD] total=0.04685 anchor_pos=0.5058 anchor_ori=0.6878 body_pos=0.9177 body_ori=0.6565
[TRAIN_RESET] count=585 phase0_frac=0.0752 p50=119.0 p95=265.0 target_count=41 target_nonzero=0 curriculum_p50=133.0
[PROGRESS] env_steps=25362432 iteration=3.042s throughput=32316.7
 Learning iteration 258/500 
Computation: 32585 steps/s (Collection: 2.862s, Learning 0.155s)
Value: 0.0361
Surrogate: -0.0101
Entropy: 19.7042
KL: 0.0131
actor_loss: -0.1086
critic_loss: 0.0361
symmetry_actor_loss: 0.0000
symmetry_critic_loss: 0.0000
actor_learning_rate: 0.0001
critic_learning_rate: 0.0001
Policy/mean_noise_std: 0.4787
Total timesteps: 25460736
[PPO_HEALTH] adv_mean=-3.104e-09 adv_std=1.000000 ratio=0.999224 clip=0.194753 actor_delta=1.524e-01 critic_delta=1.755e-01 action_clip=0.000e+00 reward_identity=1.490e-08
[REWARD] total=0.04712 anchor_pos=0.5117 anchor_ori=0.6916 body_pos=0.9184 body_ori=0.6582
[TRAIN_RESET] count=583 phase0_frac=0.0635 p50=121.0 p95=267.0 target_count=37 target_nonzero=0 curriculum_p50=129.0
[PROGRESS] env_steps=25460736 iteration=3.026s throughput=32491.1
 Learning iteration 259/500 
Computation: 32000 steps/s (Collection: 2.916s, Learning 0.156s)
Value: 0.0363
Surrogate: -0.0112
Entropy: 19.6469
KL: 0.0137
actor_loss: -0.1094
critic_loss: 0.0363
symmetry_actor_loss: 0.0000
symmetry_critic_loss: 0.0000
actor_learning_rate: 0.0002
critic_learning_rate: 0.0002
Policy/mean_noise_std: 0.4777
Total timesteps: 25559040
[PPO_HEALTH] adv_mean=-9.934e-09 adv_std=1.000000 ratio=0.999067 clip=0.206504 actor_delta=1.900e-01 critic_delta=2.273e-01 action_clip=0.000e+00 reward_identity=1.490e-08
[REWARD] total=0.04725 anchor_pos=0.5106 anchor_ori=0.6911 body_pos=0.9187 body_ori=0.6577
[TRAIN_RESET] count=559 phase0_frac=0.0447 p50=120.0 p95=266.0 target_count=25 target_nonzero=0 curriculum_p50=124.0
[PROGRESS] env_steps=25559040 iteration=3.081s throughput=31909.7
 Learning iteration 260/500 
Computation: 32605 steps/s (Collection: 2.856s, Learning 0.159s)
Value: 0.0453
Surrogate: -0.0097
Entropy: 19.5889
KL: 0.0148
actor_loss: -0.1076
critic_loss: 0.0453
symmetry_actor_loss: 0.0000
symmetry_critic_loss: 0.0000
actor_learning_rate: 0.0002
critic_learning_rate: 0.0002
Policy/mean_noise_std: 0.4768
Total timesteps: 25657344
[PPO_HEALTH] adv_mean=-5.898e-09 adv_std=1.000000 ratio=0.999395 clip=0.219336 actor_delta=1.835e-01 critic_delta=1.982e-01 action_clip=0.000e+00 reward_identity=1.490e-08
[REWARD] total=0.04750 anchor_pos=0.5100 anchor_ori=0.6959 body_pos=0.9197 body_ori=0.6598
[TRAIN_RESET] count=571 phase0_frac=0.0788 p50=117.0 p95=264.0 target_count=44 target_nonzero=0 curriculum_p50=129.0
[PROGRESS] env_steps=25657344 iteration=3.024s throughput=32511.7
 Learning iteration 261/500 
Computation: 33077 steps/s (Collection: 2.816s, Learning 0.156s)
Value: 0.0417
Surrogate: -0.0099
Entropy: 19.5250
KL: 0.0158
actor_loss: -0.1076
critic_loss: 0.0417
symmetry_actor_loss: 0.0000
symmetry_critic_loss: 0.0000
actor_learning_rate: 0.0001
critic_learning_rate: 0.0001
Policy/mean_noise_std: 0.4758
Total timesteps: 25755648
[PPO_HEALTH] adv_mean=2.484e-09 adv_std=1.000000 ratio=0.999419 clip=0.234198 actor_delta=1.690e-01 critic_delta=1.853e-01 action_clip=0.000e+00 reward_identity=1.490e-08
[REWARD] total=0.04756 anchor_pos=0.5079 anchor_ori=0.6990 body_pos=0.9192 body_ori=0.6593
[TRAIN_RESET] count=564 phase0_frac=0.0674 p50=120.0 p95=264.0 target_count=34 target_nonzero=0 curriculum_p50=135.0
[PROGRESS] env_steps=25755648 iteration=2.981s throughput=32981.6
 Learning iteration 262/500 
Computation: 32821 steps/s (Collection: 2.842s, Learning 0.153s)
Value: 0.0437
Surrogate: -0.0093
Entropy: 19.4823
KL: 0.0144
actor_loss: -0.1067
critic_loss: 0.0437
symmetry_actor_loss: 0.0000
symmetry_critic_loss: 0.0000
actor_learning_rate: 0.0002
critic_learning_rate: 0.0002
Policy/mean_noise_std: 0.4752
Total timesteps: 25853952
[PPO_HEALTH] adv_mean=5.277e-09 adv_std=1.000000 ratio=1.000695 clip=0.214355 actor_delta=1.694e-01 critic_delta=1.975e-01 action_clip=0.000e+00 reward_identity=1.490e-08
[REWARD] total=0.04744 anchor_pos=0.5098 anchor_ori=0.6959 body_pos=0.9193 body_ori=0.6596
[TRAIN_RESET] count=591 phase0_frac=0.0643 p50=132.0 p95=268.0 target_count=38 target_nonzero=0 curriculum_p50=145.0
[PROGRESS] env_steps=25853952 iteration=3.004s throughput=32726.7
 Learning iteration 263/500 
Computation: 31157 steps/s (Collection: 3.001s, Learning 0.154s)
Value: 0.0417
Surrogate: -0.0090
Entropy: 19.4462
KL: 0.0152
actor_loss: -0.1062
critic_loss: 0.0417
symmetry_actor_loss: 0.0000
symmetry_critic_loss: 0.0000
actor_learning_rate: 0.0002
critic_learning_rate: 0.0002
Policy/mean_noise_std: 0.4747
Total timesteps: 25952256
[PPO_HEALTH] adv_mean=-1.118e-08 adv_std=1.000000 ratio=1.000048 clip=0.224461 actor_delta=1.810e-01 critic_delta=1.932e-01 action_clip=0.000e+00 reward_identity=1.490e-08
[REWARD] total=0.04761 anchor_pos=0.5043 anchor_ori=0.6936 body_pos=0.9190 body_ori=0.6609
[TRAIN_RESET] count=534 phase0_frac=0.0693 p50=127.0 p95=267.0 target_count=37 target_nonzero=0 curriculum_p50=137.0
[PROGRESS] env_steps=25952256 iteration=3.164s throughput=31070.9
 Learning iteration 264/500 
Computation: 31996 steps/s (Collection: 2.917s, Learning 0.155s)
Value: 0.0407
Surrogate: -0.0109
Entropy: 19.4095
KL: 0.0134
actor_loss: -0.1079
critic_loss: 0.0407
symmetry_actor_loss: 0.0000
symmetry_critic_loss: 0.0000
actor_learning_rate: 0.0002
critic_learning_rate: 0.0002
Policy/mean_noise_std: 0.4740
Total timesteps: 26050560
[PPO_HEALTH] adv_mean=-5.588e-09 adv_std=1.000000 ratio=0.999165 clip=0.200741 actor_delta=1.799e-01 critic_delta=2.038e-01 action_clip=0.000e+00 reward_identity=1.490e-08
[REWARD] total=0.04762 anchor_pos=0.4978 anchor_ori=0.6920 body_pos=0.9194 body_ori=0.6616
[TRAIN_RESET] count=550 phase0_frac=0.0709 p50=126.0 p95=266.0 target_count=38 target_nonzero=0 curriculum_p50=134.0
[PROGRESS] env_steps=26050560 iteration=3.081s throughput=31905.0
 Learning iteration 265/500 
Computation: 32510 steps/s (Collection: 2.869s, Learning 0.155s)
Value: 0.0454
Surrogate: -0.0084
Entropy: 19.3663
KL: 0.0129
actor_loss: -0.1052
critic_loss: 0.0454
symmetry_actor_loss: 0.0000
symmetry_critic_loss: 0.0000
actor_learning_rate: 0.0001
critic_learning_rate: 0.0001
Policy/mean_noise_std: 0.4734
Total timesteps: 26148864
[PPO_HEALTH] adv_mean=-1.242e-09 adv_std=1.000000 ratio=1.000060 clip=0.189858 actor_delta=1.375e-01 critic_delta=1.769e-01 action_clip=0.000e+00 reward_identity=1.490e-08
[REWARD] total=0.04750 anchor_pos=0.4974 anchor_ori=0.6951 body_pos=0.9186 body_ori=0.6600
[TRAIN_RESET] count=615 phase0_frac=0.0634 p50=121.0 p95=267.0 target_count=37 target_nonzero=0 curriculum_p50=129.0
[PROGRESS] env_steps=26148864 iteration=3.033s throughput=32415.3
 Learning iteration 266/500 
Computation: 32072 steps/s (Collection: 2.909s, Learning 0.156s)
Value: 0.0408
Surrogate: -0.0092
Entropy: 19.3174
KL: 0.0141
actor_loss: -0.1058
critic_loss: 0.0408
symmetry_actor_loss: 0.0000
symmetry_critic_loss: 0.0000
actor_learning_rate: 0.0002
critic_learning_rate: 0.0002
Policy/mean_noise_std: 0.4724
Total timesteps: 26247168
[PPO_HEALTH] adv_mean=8.692e-09 adv_std=1.000000 ratio=0.999096 clip=0.210315 actor_delta=1.773e-01 critic_delta=2.375e-01 action_clip=0.000e+00 reward_identity=2.235e-08
[REWARD] total=0.04785 anchor_pos=0.4999 anchor_ori=0.6974 body_pos=0.9203 body_ori=0.6632
[TRAIN_RESET] count=580 phase0_frac=0.0707 p50=118.0 p95=262.0 target_count=39 target_nonzero=0 curriculum_p50=129.0
[PROGRESS] env_steps=26247168 iteration=3.074s throughput=31978.8
 Learning iteration 267/500 
Computation: 32602 steps/s (Collection: 2.857s, Learning 0.158s)
Value: 0.0396
Surrogate: -0.0092
Entropy: 19.2585
KL: 0.0164
actor_loss: -0.1055
critic_loss: 0.0396
symmetry_actor_loss: 0.0000
symmetry_critic_loss: 0.0000
actor_learning_rate: 0.0002
critic_learning_rate: 0.0002
Policy/mean_noise_std: 0.4716
Total timesteps: 26345472
[PPO_HEALTH] adv_mean=-3.415e-09 adv_std=1.000000 ratio=0.999446 clip=0.241241 actor_delta=1.859e-01 critic_delta=2.484e-01 action_clip=0.000e+00 reward_identity=1.490e-08
[REWARD] total=0.04811 anchor_pos=0.5008 anchor_ori=0.6992 body_pos=0.9204 body_ori=0.6640
[TRAIN_RESET] count=597 phase0_frac=0.0687 p50=133.0 p95=269.0 target_count=39 target_nonzero=0 curriculum_p50=142.0
[PROGRESS] env_steps=26345472 iteration=3.024s throughput=32510.1
 Learning iteration 268/500 
Computation: 32778 steps/s (Collection: 2.844s, Learning 0.155s)
Value: 0.0387
Surrogate: -0.0104
Entropy: 19.2096
KL: 0.0153
actor_loss: -0.1065
critic_loss: 0.0387
symmetry_actor_loss: 0.0000
symmetry_critic_loss: 0.0000
actor_learning_rate: 0.0002
critic_learning_rate: 0.0002
Policy/mean_noise_std: 0.4708
Total timesteps: 26443776
[PPO_HEALTH] adv_mean=1.242e-09 adv_std=1.000000 ratio=0.999783 clip=0.228127 actor_delta=1.854e-01 critic_delta=2.317e-01 action_clip=0.000e+00 reward_identity=2.235e-08
[REWARD] total=0.04834 anchor_pos=0.5030 anchor_ori=0.7034 body_pos=0.9217 body_ori=0.6671
[TRAIN_RESET] count=576 phase0_frac=0.0642 p50=123.0 p95=264.0 target_count=36 target_nonzero=0 curriculum_p50=134.0
[PROGRESS] env_steps=26443776 iteration=3.008s throughput=32682.2
 Learning iteration 269/500 
Computation: 32596 steps/s (Collection: 2.858s, Learning 0.158s)
Value: 0.0349
Surrogate: -0.0103
Entropy: 19.1599
KL: 0.0138
actor_loss: -0.1061
critic_loss: 0.0349
symmetry_actor_loss: 0.0000
symmetry_critic_loss: 0.0000
actor_learning_rate: 0.0002
critic_learning_rate: 0.0002
Policy/mean_noise_std: 0.4699
Total timesteps: 26542080
[PPO_HEALTH] adv_mean=-9.934e-09 adv_std=1.000000 ratio=0.999712 clip=0.208543 actor_delta=1.728e-01 critic_delta=2.264e-01 action_clip=0.000e+00 reward_identity=1.490e-08
[REWARD] total=0.04824 anchor_pos=0.4967 anchor_ori=0.7034 body_pos=0.9201 body_ori=0.6684
[TRAIN_RESET] count=582 phase0_frac=0.0550 p50=116.0 p95=260.0 target_count=30 target_nonzero=0 curriculum_p50=125.0
[PROGRESS] env_steps=26542080 iteration=3.025s throughput=32502.5
 Learning iteration 270/500 
Computation: 33213 steps/s (Collection: 2.802s, Learning 0.158s)
Value: 0.0367
Surrogate: -0.0113
Entropy: 19.1057
KL: 0.0138
actor_loss: -0.1069
critic_loss: 0.0367
symmetry_actor_loss: 0.0000
symmetry_critic_loss: 0.0000
actor_learning_rate: 0.0002
critic_learning_rate: 0.0002
Policy/mean_noise_std: 0.4692
Total timesteps: 26640384
[PPO_HEALTH] adv_mean=-9.934e-09 adv_std=1.000000 ratio=0.999545 clip=0.207926 actor_delta=1.828e-01 critic_delta=2.235e-01 action_clip=0.000e+00 reward_identity=1.490e-08
[REWARD] total=0.04840 anchor_pos=0.4928 anchor_ori=0.7061 body_pos=0.9213 body_ori=0.6683
[TRAIN_RESET] count=540 phase0_frac=0.0981 p50=129.0 p95=273.0 target_count=48 target_nonzero=0 curriculum_p50=141.0
[PROGRESS] env_steps=26640384 iteration=2.969s throughput=33114.5
 Learning iteration 271/500 
Computation: 32937 steps/s (Collection: 2.831s, Learning 0.153s)
Value: 0.0379
Surrogate: -0.0100
Entropy: 19.0663
KL: 0.0143
actor_loss: -0.1053
critic_loss: 0.0379
symmetry_actor_loss: 0.0000
symmetry_critic_loss: 0.0000
actor_learning_rate: 0.0002
critic_learning_rate: 0.0002
Policy/mean_noise_std: 0.4686
Total timesteps: 26738688
[PPO_HEALTH] adv_mean=-1.614e-08 adv_std=1.000000 ratio=0.999650 clip=0.215694 actor_delta=1.788e-01 critic_delta=2.343e-01 action_clip=0.000e+00 reward_identity=1.490e-08
[REWARD] total=0.04860 anchor_pos=0.4879 anchor_ori=0.7079 body_pos=0.9210 body_ori=0.6682
[TRAIN_RESET] count=548 phase0_frac=0.0675 p50=131.0 p95=260.0 target_count=37 target_nonzero=0 curriculum_p50=140.0
[PROGRESS] env_steps=26738688 iteration=2.993s throughput=32839.9
 Learning iteration 272/500 
Computation: 32746 steps/s (Collection: 2.844s, Learning 0.158s)
Value: 0.0321
Surrogate: -0.0089
Entropy: 19.0213
KL: 0.0153
actor_loss: -0.1040
critic_loss: 0.0321
symmetry_actor_loss: 0.0000
symmetry_critic_loss: 0.0000
actor_learning_rate: 0.0002
critic_learning_rate: 0.0002
Policy/mean_noise_std: 0.4677
Total timesteps: 26836992
[PPO_HEALTH] adv_mean=-7.916e-09 adv_std=1.000000 ratio=0.999231 clip=0.227313 actor_delta=1.781e-01 critic_delta=2.328e-01 action_clip=0.000e+00 reward_identity=1.490e-08
[REWARD] total=0.04883 anchor_pos=0.4957 anchor_ori=0.7097 body_pos=0.9211 body_ori=0.6700
[TRAIN_RESET] count=575 phase0_frac=0.0522 p50=132.0 p95=270.0 target_count=26 target_nonzero=0 curriculum_p50=139.0
[PROGRESS] env_steps=26836992 iteration=3.011s throughput=32653.0
 Learning iteration 273/500 
Computation: 32292 steps/s (Collection: 2.888s, Learning 0.156s)
Value: 0.0317
Surrogate: -0.0092
Entropy: 18.9644
KL: 0.0150
actor_loss: -0.1040
critic_loss: 0.0317
symmetry_actor_loss: 0.0000
symmetry_critic_loss: 0.0000
actor_learning_rate: 0.0002
critic_learning_rate: 0.0002
Policy/mean_noise_std: 0.4669
Total timesteps: 26935296
[PPO_HEALTH] adv_mean=-6.209e-10 adv_std=1.000000 ratio=0.999840 clip=0.222683 actor_delta=1.785e-01 critic_delta=2.130e-01 action_clip=0.000e+00 reward_identity=1.490e-08
[REWARD] total=0.04905 anchor_pos=0.4964 anchor_ori=0.7095 body_pos=0.9219 body_ori=0.6734
[TRAIN_RESET] count=544 phase0_frac=0.0515 p50=120.0 p95=261.0 target_count=26 target_nonzero=0 curriculum_p50=126.0
[PROGRESS] env_steps=26935296 iteration=3.053s throughput=32201.7
 Learning iteration 274/500 
Computation: 33467 steps/s (Collection: 2.783s, Learning 0.154s)
Value: 0.0384
Surrogate: -0.0086
Entropy: 18.9206
KL: 0.0138
actor_loss: -0.1032
critic_loss: 0.0384
symmetry_actor_loss: 0.0000
symmetry_critic_loss: 0.0000
actor_learning_rate: 0.0001
critic_learning_rate: 0.0001
Policy/mean_noise_std: 0.4662
Total timesteps: 27033600
[PPO_HEALTH] adv_mean=-4.657e-09 adv_std=1.000000 ratio=0.999572 clip=0.202148 actor_delta=1.476e-01 critic_delta=1.802e-01 action_clip=0.000e+00 reward_identity=1.490e-08
[REWARD] total=0.04922 anchor_pos=0.4998 anchor_ori=0.7075 body_pos=0.9215 body_ori=0.6753
[TRAIN_RESET] count=591 phase0_frac=0.0728 p50=122.0 p95=264.0 target_count=40 target_nonzero=0 curriculum_p50=133.0
[PROGRESS] env_steps=27033600 iteration=2.946s throughput=33368.8
 Learning iteration 275/500 
Computation: 33189 steps/s (Collection: 2.808s, Learning 0.154s)
Value: 0.0310
Surrogate: -0.0113
Entropy: 18.8587
KL: 0.0139
actor_loss: -0.1056
critic_loss: 0.0310
symmetry_actor_loss: 0.0000
symmetry_critic_loss: 0.0000
actor_learning_rate: 0.0002
critic_learning_rate: 0.0002
Policy/mean_noise_std: 0.4650
Total timesteps: 27131904
[PPO_HEALTH] adv_mean=2.484e-09 adv_std=1.000000 ratio=0.999377 clip=0.210262 actor_delta=1.865e-01 critic_delta=2.197e-01 action_clip=0.000e+00 reward_identity=1.490e-08
[REWARD] total=0.04916 anchor_pos=0.5037 anchor_ori=0.7074 body_pos=0.9205 body_ori=0.6744
[TRAIN_RESET] count=532 phase0_frac=0.0771 p50=119.0 p95=265.0 target_count=40 target_nonzero=0 curriculum_p50=130.0
[PROGRESS] env_steps=27131904 iteration=2.971s throughput=33090.6
 Learning iteration 276/500 
Computation: 33480 steps/s (Collection: 2.781s, Learning 0.155s)
Value: 0.0373
Surrogate: -0.0087
Entropy: 18.7907
KL: 0.0157
actor_loss: -0.1027
critic_loss: 0.0373
symmetry_actor_loss: 0.0000
symmetry_critic_loss: 0.0000
actor_learning_rate: 0.0002
critic_learning_rate: 0.0002
Policy/mean_noise_std: 0.4642
Total timesteps: 27230208
[PPO_HEALTH] adv_mean=-7.451e-09 adv_std=1.000000 ratio=1.000086 clip=0.235101 actor_delta=1.769e-01 critic_delta=2.406e-01 action_clip=0.000e+00 reward_identity=1.490e-08
[REWARD] total=0.04960 anchor_pos=0.5026 anchor_ori=0.7145 body_pos=0.9222 body_ori=0.6784
[TRAIN_RESET] count=574 phase0_frac=0.0592 p50=122.0 p95=264.0 target_count=29 target_nonzero=0 curriculum_p50=131.0
[PROGRESS] env_steps=27230208 iteration=2.945s throughput=33380.7
 Learning iteration 277/500 
Computation: 32869 steps/s (Collection: 2.836s, Learning 0.154s)
Value: 0.0373
Surrogate: -0.0096
Entropy: 18.7418
KL: 0.0165
actor_loss: -0.1033
critic_loss: 0.0373
symmetry_actor_loss: 0.0000
symmetry_critic_loss: 0.0000
actor_learning_rate: 0.0002
critic_learning_rate: 0.0002
Policy/mean_noise_std: 0.4634
Total timesteps: 27328512
[PPO_HEALTH] adv_mean=-9.313e-10 adv_std=1.000000 ratio=0.999380 clip=0.244897 actor_delta=1.860e-01 critic_delta=2.440e-01 action_clip=0.000e+00 reward_identity=1.490e-08
[REWARD] total=0.04996 anchor_pos=0.5049 anchor_ori=0.7160 body_pos=0.9237 body_ori=0.6812
[TRAIN_RESET] count=571 phase0_frac=0.0718 p50=127.0 p95=259.0 target_count=39 target_nonzero=0 curriculum_p50=134.0
[PROGRESS] env_steps=27328512 iteration=2.999s throughput=32773.6
 Learning iteration 278/500 
Computation: 30840 steps/s (Collection: 3.032s, Learning 0.155s)
Value: 0.0383
Surrogate: -0.0081
Entropy: 18.7024
KL: 0.0145
actor_loss: -0.1016
critic_loss: 0.0383
symmetry_actor_loss: 0.0000
symmetry_critic_loss: 0.0000
actor_learning_rate: 0.0001
critic_learning_rate: 0.0001
Policy/mean_noise_std: 0.4629
Total timesteps: 27426816
[PPO_HEALTH] adv_mean=-3.104e-10 adv_std=1.000000 ratio=0.999757 clip=0.216302 actor_delta=1.413e-01 critic_delta=1.796e-01 action_clip=0.000e+00 reward_identity=1.490e-08
[REWARD] total=0.04991 anchor_pos=0.5087 anchor_ori=0.7108 body_pos=0.9227 body_ori=0.6799
[TRAIN_RESET] count=575 phase0_frac=0.0557 p50=124.0 p95=265.0 target_count=32 target_nonzero=0 curriculum_p50=129.0
[PROGRESS] env_steps=27426816 iteration=3.196s throughput=30758.4
 Learning iteration 279/500 
Computation: 31725 steps/s (Collection: 2.941s, Learning 0.157s)
Value: 0.0374
Surrogate: -0.0102
Entropy: 18.6621
KL: 0.0146
actor_loss: -0.1035
critic_loss: 0.0374
symmetry_actor_loss: 0.0000
symmetry_critic_loss: 0.0000
actor_learning_rate: 0.0002
critic_learning_rate: 0.0002
Policy/mean_noise_std: 0.4621
Total timesteps: 27525120
[PPO_HEALTH] adv_mean=-6.209e-09 adv_std=1.000000 ratio=0.999378 clip=0.218282 actor_delta=1.841e-01 critic_delta=2.360e-01 action_clip=0.000e+00 reward_identity=1.490e-08
[REWARD] total=0.05007 anchor_pos=0.5127 anchor_ori=0.7138 body_pos=0.9230 body_ori=0.6798
[TRAIN_RESET] count=554 phase0_frac=0.0812 p50=123.0 p95=270.0 target_count=42 target_nonzero=0 curriculum_p50=132.0
[PROGRESS] env_steps=27525120 iteration=3.107s throughput=31637.1
 Learning iteration 280/500 
Computation: 32542 steps/s (Collection: 2.866s, Learning 0.155s)
Value: 0.0319
Surrogate: -0.0095
Entropy: 18.6044
KL: 0.0158
actor_loss: -0.1025
critic_loss: 0.0319
symmetry_actor_loss: 0.0000
symmetry_critic_loss: 0.0000
actor_learning_rate: 0.0002
critic_learning_rate: 0.0002
Policy/mean_noise_std: 0.4612
Total timesteps: 27623424
[PPO_HEALTH] adv_mean=-4.967e-09 adv_std=1.000000 ratio=0.999156 clip=0.235647 actor_delta=1.772e-01 critic_delta=2.275e-01 action_clip=0.000e+00 reward_identity=1.490e-08
[REWARD] total=0.05028 anchor_pos=0.5139 anchor_ori=0.7134 body_pos=0.9238 body_ori=0.6799
[TRAIN_RESET] count=555 phase0_frac=0.0721 p50=134.0 p95=268.0 target_count=34 target_nonzero=0 curriculum_p50=140.0
[PROGRESS] env_steps=27623424 iteration=3.029s throughput=32450.9
 Learning iteration 281/500 
Computation: 33333 steps/s (Collection: 2.786s, Learning 0.163s)
Value: 0.0374
Surrogate: -0.0088
Entropy: 18.5515
KL: 0.0154
actor_loss: -0.1016
critic_loss: 0.0374
symmetry_actor_loss: 0.0000
symmetry_critic_loss: 0.0000
actor_learning_rate: 0.0002
critic_learning_rate: 0.0002
Policy/mean_noise_std: 0.4604
Total timesteps: 27721728
[PPO_HEALTH] adv_mean=-7.451e-09 adv_std=1.000000 ratio=0.999357 clip=0.228217 actor_delta=1.646e-01 critic_delta=2.189e-01 action_clip=0.000e+00 reward_identity=1.490e-08
[REWARD] total=0.05046 anchor_pos=0.5186 anchor_ori=0.7158 body_pos=0.9243 body_ori=0.6829
[TRAIN_RESET] count=595 phase0_frac=0.0908 p50=128.0 p95=267.0 target_count=50 target_nonzero=0 curriculum_p50=142.0
[PROGRESS] env_steps=27721728 iteration=2.958s throughput=33233.9
 Learning iteration 282/500 
Computation: 32314 steps/s (Collection: 2.885s, Learning 0.157s)
Value: 0.0349
Surrogate: -0.0094
Entropy: 18.5056
KL: 0.0135
actor_loss: -0.1019
critic_loss: 0.0349
symmetry_actor_loss: 0.0000
symmetry_critic_loss: 0.0000
actor_learning_rate: 0.0001
critic_learning_rate: 0.0001
Policy/mean_noise_std: 0.4598
Total timesteps: 27820032
[PPO_HEALTH] adv_mean=1.242e-09 adv_std=1.000000 ratio=0.999818 clip=0.202775 actor_delta=1.437e-01 critic_delta=1.716e-01 action_clip=0.000e+00 reward_identity=1.490e-08
[REWARD] total=0.05057 anchor_pos=0.5151 anchor_ori=0.7164 body_pos=0.9250 body_ori=0.6847
[TRAIN_RESET] count=541 phase0_frac=0.0518 p50=137.0 p95=273.0 target_count=24 target_nonzero=0 curriculum_p50=141.0
[PROGRESS] env_steps=27820032 iteration=3.051s throughput=32224.1
 Learning iteration 283/500 
Computation: 33988 steps/s (Collection: 2.739s, Learning 0.153s)
Value: 0.0340
Surrogate: -0.0103
Entropy: 18.4569
KL: 0.0144
actor_loss: -0.1026
critic_loss: 0.0340
symmetry_actor_loss: 0.0000
symmetry_critic_loss: 0.0000
actor_learning_rate: 0.0002
critic_learning_rate: 0.0002
Policy/mean_noise_std: 0.4588
Total timesteps: 27918336
[PPO_HEALTH] adv_mean=-4.346e-09 adv_std=1.000000 ratio=1.000625 clip=0.216164 actor_delta=1.782e-01 critic_delta=2.481e-01 action_clip=0.000e+00 reward_identity=1.490e-08
[REWARD] total=0.05043 anchor_pos=0.5069 anchor_ori=0.7170 body_pos=0.9241 body_ori=0.6843
[TRAIN_RESET] count=574 phase0_frac=0.0732 p50=126.0 p95=266.0 target_count=40 target_nonzero=0 curriculum_p50=138.0
[PROGRESS] env_steps=27918336 iteration=2.901s throughput=33885.0
 Learning iteration 284/500 
Computation: 33887 steps/s (Collection: 2.747s, Learning 0.154s)
Value: 0.0374
Surrogate: -0.0098
Entropy: 18.4017
KL: 0.0138
actor_loss: -0.1018
critic_loss: 0.0374
symmetry_actor_loss: 0.0000
symmetry_critic_loss: 0.0000
actor_learning_rate: 0.0001
critic_learning_rate: 0.0001
Policy/mean_noise_std: 0.4581
Total timesteps: 28016640
[PPO_HEALTH] adv_mean=-7.916e-09 adv_std=1.000000 ratio=0.999830 clip=0.204911 actor_delta=1.466e-01 critic_delta=1.859e-01 action_clip=0.000e+00 reward_identity=1.490e-08
[REWARD] total=0.05055 anchor_pos=0.5061 anchor_ori=0.7145 body_pos=0.9247 body_ori=0.6852
[TRAIN_RESET] count=557 phase0_frac=0.0754 p50=125.0 p95=261.0 target_count=41 target_nonzero=0 curriculum_p50=136.0
[PROGRESS] env_steps=28016640 iteration=2.910s throughput=33785.6
 Learning iteration 285/500 
Computation: 33471 steps/s (Collection: 2.783s, Learning 0.154s)
Value: 0.0341
Surrogate: -0.0090
Entropy: 18.3565
KL: 0.0150
actor_loss: -0.1008
critic_loss: 0.0341
symmetry_actor_loss: 0.0000
symmetry_critic_loss: 0.0000
actor_learning_rate: 0.0001
critic_learning_rate: 0.0001
Policy/mean_noise_std: 0.4575
Total timesteps: 28114944
[PPO_HEALTH] adv_mean=-7.916e-09 adv_std=1.000000 ratio=0.999959 clip=0.223466 actor_delta=1.648e-01 critic_delta=2.119e-01 action_clip=0.000e+00 reward_identity=1.490e-08
[REWARD] total=0.05087 anchor_pos=0.5041 anchor_ori=0.7194 body_pos=0.9252 body_ori=0.6876
[TRAIN_RESET] count=548 phase0_frac=0.0547 p50=130.0 p95=271.0 target_count=27 target_nonzero=0 curriculum_p50=138.0
[PROGRESS] env_steps=28114944 iteration=2.946s throughput=33372.5
 Learning iteration 286/500 
Computation: 31869 steps/s (Collection: 2.931s, Learning 0.154s)
Value: 0.0315
Surrogate: -0.0097
Entropy: 18.3136
KL: 0.0154
actor_loss: -0.1013
critic_loss: 0.0315
symmetry_actor_loss: 0.0000
symmetry_critic_loss: 0.0000
actor_learning_rate: 0.0001
critic_learning_rate: 0.0001
Policy/mean_noise_std: 0.4567
Total timesteps: 28213248
[PPO_HEALTH] adv_mean=-6.209e-10 adv_std=1.000000 ratio=0.999307 clip=0.228023 actor_delta=1.735e-01 critic_delta=2.139e-01 action_clip=0.000e+00 reward_identity=1.490e-08
[REWARD] total=0.05085 anchor_pos=0.5045 anchor_ori=0.7232 body_pos=0.9257 body_ori=0.6868
[TRAIN_RESET] count=561 phase0_frac=0.0410 p50=139.0 p95=271.0 target_count=22 target_nonzero=0 curriculum_p50=147.0
[PROGRESS] env_steps=28213248 iteration=3.093s throughput=31782.1
 Learning iteration 287/500 
Computation: 31860 steps/s (Collection: 2.931s, Learning 0.154s)
Value: 0.0313
Surrogate: -0.0102
Entropy: 18.2628
KL: 0.0150
actor_loss: -0.1016
critic_loss: 0.0313
symmetry_actor_loss: 0.0000
symmetry_critic_loss: 0.0000
actor_learning_rate: 0.0002
critic_learning_rate: 0.0002
Policy/mean_noise_std: 0.4559
Total timesteps: 28311552
[PPO_HEALTH] adv_mean=-1.863e-09 adv_std=1.000000 ratio=0.999532 clip=0.223442 actor_delta=1.742e-01 critic_delta=2.132e-01 action_clip=0.000e+00 reward_identity=1.490e-08
[REWARD] total=0.05123 anchor_pos=0.5101 anchor_ori=0.7268 body_pos=0.9271 body_ori=0.6875
[TRAIN_RESET] count=608 phase0_frac=0.0658 p50=138.0 p95=269.0 target_count=38 target_nonzero=0 curriculum_p50=147.0
[PROGRESS] env_steps=28311552 iteration=3.094s throughput=31770.5
 Learning iteration 288/500 
Computation: 32848 steps/s (Collection: 2.840s, Learning 0.153s)
Value: 0.0318
Surrogate: -0.0107
Entropy: 18.2073
KL: 0.0143
actor_loss: -0.1017
critic_loss: 0.0318
symmetry_actor_loss: 0.0000
symmetry_critic_loss: 0.0000
actor_learning_rate: 0.0002
critic_learning_rate: 0.0002
Policy/mean_noise_std: 0.4550
Total timesteps: 28409856
[PPO_HEALTH] adv_mean=3.415e-09 adv_std=1.000000 ratio=0.999678 clip=0.213558 actor_delta=1.747e-01 critic_delta=2.314e-01 action_clip=0.000e+00 reward_identity=1.490e-08
[REWARD] total=0.05133 anchor_pos=0.5135 anchor_ori=0.7248 body_pos=0.9269 body_ori=0.6886
[TRAIN_RESET] count=582 phase0_frac=0.0653 p50=130.0 p95=267.0 target_count=35 target_nonzero=0 curriculum_p50=138.0
[PROGRESS] env_steps=28409856 iteration=3.001s throughput=32752.6
 Learning iteration 289/500 
Computation: 34249 steps/s (Collection: 2.717s, Learning 0.153s)
Value: 0.0324
Surrogate: -0.0089
Entropy: 18.1572
KL: 0.0145
actor_loss: -0.0997
critic_loss: 0.0324
symmetry_actor_loss: 0.0000
symmetry_critic_loss: 0.0000
actor_learning_rate: 0.0001
critic_learning_rate: 0.0001
Policy/mean_noise_std: 0.4544
Total timesteps: 28508160
[PPO_HEALTH] adv_mean=-9.313e-09 adv_std=1.000000 ratio=0.999311 clip=0.213969 actor_delta=1.351e-01 critic_delta=1.862e-01 action_clip=0.000e+00 reward_identity=1.490e-08
[REWARD] total=0.05141 anchor_pos=0.5099 anchor_ori=0.7241 body_pos=0.9269 body_ori=0.6890
[TRAIN_RESET] count=575 phase0_frac=0.0730 p50=129.0 p95=262.0 target_count=38 target_nonzero=0 curriculum_p50=144.0
[PROGRESS] env_steps=28508160 iteration=2.879s throughput=34145.7
 Learning iteration 290/500 
Computation: 31726 steps/s (Collection: 2.941s, Learning 0.158s)
Value: 0.0329
Surrogate: -0.0102
Entropy: 18.1083
KL: 0.0141
actor_loss: -0.1007
critic_loss: 0.0329
symmetry_actor_loss: 0.0000
symmetry_critic_loss: 0.0000
actor_learning_rate: 0.0002
critic_learning_rate: 0.0002
Policy/mean_noise_std: 0.4534
Total timesteps: 28606464
[PPO_HEALTH] adv_mean=-7.451e-09 adv_std=1.000000 ratio=0.999792 clip=0.212699 actor_delta=1.769e-01 critic_delta=2.401e-01 action_clip=0.000e+00 reward_identity=1.490e-08
[REWARD] total=0.05133 anchor_pos=0.5109 anchor_ori=0.7225 body_pos=0.9271 body_ori=0.6893
[TRAIN_RESET] count=553 phase0_frac=0.0832 p50=127.0 p95=262.0 target_count=44 target_nonzero=0 curriculum_p50=137.0
[PROGRESS] env_steps=28606464 iteration=3.107s throughput=31637.1
 Learning iteration 291/500 
Computation: 32700 steps/s (Collection: 2.852s, Learning 0.155s)
Value: 0.0417
Surrogate: -0.0095
Entropy: 18.0509
KL: 0.0159
actor_loss: -0.0997
critic_loss: 0.0417
symmetry_actor_loss: 0.0000
symmetry_critic_loss: 0.0000
actor_learning_rate: 0.0001
critic_learning_rate: 0.0001
Policy/mean_noise_std: 0.4527
Total timesteps: 28704768
[PPO_HEALTH] adv_mean=2.949e-09 adv_std=1.000000 ratio=0.999195 clip=0.234916 actor_delta=1.564e-01 critic_delta=1.731e-01 action_clip=0.000e+00 reward_identity=1.490e-08
[REWARD] total=0.05141 anchor_pos=0.5098 anchor_ori=0.7169 body_pos=0.9277 body_ori=0.6899
[TRAIN_RESET] count=556 phase0_frac=0.0629 p50=127.0 p95=267.0 target_count=33 target_nonzero=0 curriculum_p50=135.0
[PROGRESS] env_steps=28704768 iteration=3.015s throughput=32606.2
 Learning iteration 292/500 
Computation: 32333 steps/s (Collection: 2.887s, Learning 0.154s)
Value: 0.0319
Surrogate: -0.0099
Entropy: 17.9988
KL: 0.0147
actor_loss: -0.0999
critic_loss: 0.0319
symmetry_actor_loss: 0.0000
symmetry_critic_loss: 0.0000
actor_learning_rate: 0.0001
critic_learning_rate: 0.0001
Policy/mean_noise_std: 0.4517
Total timesteps: 28803072
[PPO_HEALTH] adv_mean=-4.967e-09 adv_std=1.000000 ratio=0.999112 clip=0.219808 actor_delta=1.690e-01 critic_delta=1.775e-01 action_clip=0.000e+00 reward_identity=1.490e-08
[REWARD] total=0.05179 anchor_pos=0.5112 anchor_ori=0.7212 body_pos=0.9287 body_ori=0.6923
[TRAIN_RESET] count=524 phase0_frac=0.0573 p50=146.0 p95=266.0 target_count=30 target_nonzero=0 curriculum_p50=152.0
[PROGRESS] env_steps=28803072 iteration=3.049s throughput=32242.8
 Learning iteration 293/500 
Computation: 31040 steps/s (Collection: 3.015s, Learning 0.152s)
Value: 0.0316
Surrogate: -0.0094
Entropy: 17.9408
KL: 0.0145
actor_loss: -0.0991
critic_loss: 0.0316
symmetry_actor_loss: 0.0000
symmetry_critic_loss: 0.0000
actor_learning_rate: 0.0002
critic_learning_rate: 0.0002
Policy/mean_noise_std: 0.4509
Total timesteps: 28901376
[PPO_HEALTH] adv_mean=3.104e-09 adv_std=1.000000 ratio=0.999281 clip=0.215631 actor_delta=1.661e-01 critic_delta=2.247e-01 action_clip=0.000e+00 reward_identity=1.490e-08
[REWARD] total=0.05216 anchor_pos=0.5172 anchor_ori=0.7275 body_pos=0.9302 body_ori=0.6949
[TRAIN_RESET] count=597 phase0_frac=0.0603 p50=136.0 p95=269.0 target_count=33 target_nonzero=0 curriculum_p50=148.0
[PROGRESS] env_steps=28901376 iteration=3.176s throughput=30954.7
 Learning iteration 294/500 
Computation: 31579 steps/s (Collection: 2.960s, Learning 0.153s)
Value: 0.0286
Surrogate: -0.0100
Entropy: 17.8811
KL: 0.0157
actor_loss: -0.0995
critic_loss: 0.0286
symmetry_actor_loss: 0.0000
symmetry_critic_loss: 0.0000
actor_learning_rate: 0.0002
critic_learning_rate: 0.0002
Policy/mean_noise_std: 0.4500
Total timesteps: 28999680
[PPO_HEALTH] adv_mean=-3.725e-09 adv_std=1.000000 ratio=1.000197 clip=0.232684 actor_delta=1.844e-01 critic_delta=2.180e-01 action_clip=0.000e+00 reward_identity=1.490e-08
[REWARD] total=0.05208 anchor_pos=0.5153 anchor_ori=0.7238 body_pos=0.9294 body_ori=0.6942
[TRAIN_RESET] count=540 phase0_frac=0.0741 p50=130.0 p95=264.0 target_count=36 target_nonzero=0 curriculum_p50=136.0
[PROGRESS] env_steps=28999680 iteration=3.122s throughput=31491.1
 Learning iteration 295/500 
Computation: 31220 steps/s (Collection: 2.996s, Learning 0.152s)
Value: 0.0326
Surrogate: -0.0096
Entropy: 17.8305
KL: 0.0159
actor_loss: -0.0987
critic_loss: 0.0326
symmetry_actor_loss: 0.0000
symmetry_critic_loss: 0.0000
actor_learning_rate: 0.0002
critic_learning_rate: 0.0002
Policy/mean_noise_std: 0.4493
Total timesteps: 29097984
[PPO_HEALTH] adv_mean=-1.040e-08 adv_std=1.000000 ratio=0.999020 clip=0.234505 actor_delta=1.776e-01 critic_delta=2.290e-01 action_clip=0.000e+00 reward_identity=1.490e-08
[REWARD] total=0.05188 anchor_pos=0.5178 anchor_ori=0.7199 body_pos=0.9274 body_ori=0.6913
[TRAIN_RESET] count=601 phase0_frac=0.0732 p50=136.0 p95=268.0 target_count=39 target_nonzero=0 curriculum_p50=143.0
[PROGRESS] env_steps=29097984 iteration=3.157s throughput=31136.8
 Learning iteration 296/500 
Computation: 33551 steps/s (Collection: 2.778s, Learning 0.152s)
Value: 0.0288
Surrogate: -0.0099
Entropy: 17.7855
KL: 0.0134
actor_loss: -0.0988
critic_loss: 0.0288
symmetry_actor_loss: 0.0000
symmetry_critic_loss: 0.0000
actor_learning_rate: 0.0001
critic_learning_rate: 0.0001
Policy/mean_noise_std: 0.4486
Total timesteps: 29196288
[PPO_HEALTH] adv_mean=-5.588e-09 adv_std=1.000000 ratio=0.999371 clip=0.199591 actor_delta=1.465e-01 critic_delta=1.833e-01 action_clip=0.000e+00 reward_identity=1.490e-08
[REWARD] total=0.05207 anchor_pos=0.5190 anchor_ori=0.7221 body_pos=0.9286 body_ori=0.6919
[TRAIN_RESET] count=549 phase0_frac=0.0546 p50=129.0 p95=256.0 target_count=28 target_nonzero=0 curriculum_p50=134.0
[PROGRESS] env_steps=29196288 iteration=2.939s throughput=33451.4
 Learning iteration 297/500 
Computation: 33410 steps/s (Collection: 2.790s, Learning 0.152s)
Value: 0.0286
Surrogate: -0.0105
Entropy: 17.7313
KL: 0.0147
actor_loss: -0.0992
critic_loss: 0.0286
symmetry_actor_loss: 0.0000
symmetry_critic_loss: 0.0000
actor_learning_rate: 0.0002
critic_learning_rate: 0.0002
Policy/mean_noise_std: 0.4477
Total timesteps: 29294592
[PPO_HEALTH] adv_mean=-4.967e-09 adv_std=1.000000 ratio=0.999826 clip=0.222121 actor_delta=1.801e-01 critic_delta=2.237e-01 action_clip=0.000e+00 reward_identity=1.490e-08
[REWARD] total=0.05255 anchor_pos=0.5288 anchor_ori=0.7248 body_pos=0.9306 body_ori=0.6951
[TRAIN_RESET] count=592 phase0_frac=0.0777 p50=134.0 p95=271.0 target_count=45 target_nonzero=0 curriculum_p50=147.0
[PROGRESS] env_steps=29294592 iteration=2.951s throughput=33311.3
 Learning iteration 298/500 
Computation: 30736 steps/s (Collection: 3.043s, Learning 0.155s)
Value: 0.0391
Surrogate: -0.0100
Entropy: 17.6717
KL: 0.0163
actor_loss: -0.0983
critic_loss: 0.0391
symmetry_actor_loss: 0.0000
symmetry_critic_loss: 0.0000
actor_learning_rate: 0.0001
critic_learning_rate: 0.0001
Policy/mean_noise_std: 0.4469
Total timesteps: 29392896
[PPO_HEALTH] adv_mean=-1.242e-09 adv_std=1.000000 ratio=0.999396 clip=0.238924 actor_delta=1.605e-01 critic_delta=2.134e-01 action_clip=0.000e+00 reward_identity=1.490e-08
[REWARD] total=0.05258 anchor_pos=0.5333 anchor_ori=0.7228 body_pos=0.9300 body_ori=0.6963
[TRAIN_RESET] count=572 phase0_frac=0.0594 p50=128.0 p95=269.0 target_count=30 target_nonzero=0 curriculum_p50=136.0
[PROGRESS] env_steps=29392896 iteration=3.207s throughput=30651.5
 Learning iteration 299/500 
Computation: 31432 steps/s (Collection: 2.973s, Learning 0.154s)
Value: 0.0305
Surrogate: -0.0104
Entropy: 17.6201
KL: 0.0142
actor_loss: -0.0985
critic_loss: 0.0305
symmetry_actor_loss: 0.0000
symmetry_critic_loss: 0.0000
actor_learning_rate: 0.0002
critic_learning_rate: 0.0002
Policy/mean_noise_std: 0.4460
Total timesteps: 29491200
[PPO_HEALTH] adv_mean=-2.484e-09 adv_std=1.000000 ratio=0.999983 clip=0.212905 actor_delta=1.723e-01 critic_delta=2.306e-01 action_clip=0.000e+00 reward_identity=1.490e-08
[REWARD] total=0.05271 anchor_pos=0.5366 anchor_ori=0.7248 body_pos=0.9305 body_ori=0.6982
[TRAIN_RESET] count=560 phase0_frac=0.0482 p50=136.0 p95=266.0 target_count=25 target_nonzero=0 curriculum_p50=144.0
[PROGRESS] env_steps=29491200 iteration=3.136s throughput=31344.8
[VALIDATION_START] update=300 max_steps=500 envs=4096 fixed_seed=0
[VALIDATION_RESET_START]
[VALIDATION_RESET_DONE] time=7.710s
[VALIDATION_PROGRESS] step=1/500 done=0.00000 alive=1.00000 elapsed=0.202s
[VALIDATION_PROGRESS] step=50/500 done=0.00000 alive=1.00000 elapsed=4.123s
[VALIDATION_PROGRESS] step=100/500 done=0.00000 alive=1.00000 elapsed=8.099s
[VALIDATION_PROGRESS] step=150/500 done=0.00000 alive=1.00000 elapsed=11.969s
[VALIDATION_PROGRESS] step=200/500 done=0.00000 alive=1.00000 elapsed=15.864s
[VALIDATION_PROGRESS] step=250/500 done=0.00000 alive=1.00000 elapsed=19.993s
[VALIDATION_PROGRESS] step=300/500 done=0.00000 alive=1.00000 elapsed=24.067s
[VALIDATION_PROGRESS] step=324/500 done=1.00000 alive=0.00000 elapsed=26.032s
[VALIDATION_DONE] update=300 time=41.587s
[VAL] steps_mean=324.00 steps_min=324 steps_p50=324 steps_p95=324 steps_max=324 return=26.73653 done=1.00000
[VAL_OUTCOME] failure=0.00000 motion_complete=1.00000 time_out=0.00000 censored=0.00000 reference_progress=1.00000
[VAL_CAUSE] anchor_pos_bad=0.00000 anchor_ori_bad=0.00000 ee_body_bad=0.00000 failure_phase_p50=-1.0 completion_phase_p50=324.0
[VAL_RESET] root_pos=0.000000 root_ori=0.000deg anchor_pos=0.010002 anchor_ori=0.000deg joint_pos=0.000000 joint_vel=0.000000 body_pos=0.002920 body_ori=0.000deg
[VAL_TRACKING] joint_pos_mae=0.097253 joint_vel_mae=0.705019 root_lin_mae=0.135750 root_ang_mae=0.862166 pd_target_ref_now=0.215718 pd_target_ref_next=0.212649 torso_ori=8.574deg left_wrist_ori=6.683deg right_wrist_ori=6.805deg
[VAL_DYNAMICS] action_delta=0.088254 action_delta_p95=0.167636 action_d2=0.057321 action_d2_p95=0.143809 joint_vel_jump=0.312457 root_lin_jump=0.033735 root_ang_jump=0.297011 initial_action_delta=0.544750
 Learning iteration 300/500 
Computation: 32423 steps/s (Collection: 2.880s, Learning 0.152s)
Value: 0.0319
Surrogate: -0.0092
Entropy: 17.5602
KL: 0.0161
actor_loss: -0.0970
critic_loss: 0.0319
symmetry_actor_loss: 0.0000
symmetry_critic_loss: 0.0000
actor_learning_rate: 0.0002
critic_learning_rate: 0.0002
Policy/mean_noise_std: 0.4452
Total timesteps: 29589504
[PPO_HEALTH] adv_mean=-1.149e-08 adv_std=1.000000 ratio=0.999872 clip=0.240422 actor_delta=1.763e-01 critic_delta=1.899e-01 action_clip=0.000e+00 reward_identity=2.235e-08
[REWARD] total=0.05301 anchor_pos=0.5357 anchor_ori=0.7256 body_pos=0.9313 body_ori=0.7017
[TRAIN_RESET] count=560 phase0_frac=0.0589 p50=144.0 p95=270.0 target_count=30 target_nonzero=0 curriculum_p50=150.0
[PROGRESS] env_steps=29589504 iteration=3.041s throughput=32329.9
 Learning iteration 301/500 
Computation: 33825 steps/s (Collection: 2.754s, Learning 0.152s)
Value: 0.0313
Surrogate: -0.0084
Entropy: 17.5171
KL: 0.0150
actor_loss: -0.0960
critic_loss: 0.0313
symmetry_actor_loss: 0.0000
symmetry_critic_loss: 0.0000
actor_learning_rate: 0.0001
critic_learning_rate: 0.0001
Policy/mean_noise_std: 0.4447
Total timesteps: 29687808
[PPO_HEALTH] adv_mean=1.242e-09 adv_std=1.000000 ratio=0.999609 clip=0.219773 actor_delta=1.431e-01 critic_delta=1.792e-01 action_clip=0.000e+00 reward_identity=1.490e-08
[REWARD] total=0.05307 anchor_pos=0.5360 anchor_ori=0.7258 body_pos=0.9311 body_ori=0.7004
[TRAIN_RESET] count=582 phase0_frac=0.0584 p50=131.0 p95=273.0 target_count=29 target_nonzero=0 curriculum_p50=144.0
[PROGRESS] env_steps=29687808 iteration=2.915s throughput=33722.1
 Learning iteration 302/500 
Computation: 32958 steps/s (Collection: 2.829s, Learning 0.153s)
Value: 0.0309
Surrogate: -0.0082
Entropy: 17.4855
KL: 0.0132
actor_loss: -0.0957
critic_loss: 0.0309
symmetry_actor_loss: 0.0000
symmetry_critic_loss: 0.0000
actor_learning_rate: 0.0001
critic_learning_rate: 0.0001
Policy/mean_noise_std: 0.4441
Total timesteps: 29786112
[PPO_HEALTH] adv_mean=-1.397e-09 adv_std=1.000000 ratio=0.999687 clip=0.196399 actor_delta=1.389e-01 critic_delta=1.761e-01 action_clip=0.000e+00 reward_identity=1.490e-08
[REWARD] total=0.05338 anchor_pos=0.5416 anchor_ori=0.7281 body_pos=0.9323 body_ori=0.7026
[TRAIN_RESET] count=588 phase0_frac=0.0697 p50=141.0 p95=269.0 target_count=38 target_nonzero=0 curriculum_p50=149.0
[PROGRESS] env_steps=29786112 iteration=2.991s throughput=32861.4
 Learning iteration 303/500 
Computation: 31694 steps/s (Collection: 2.946s, Learning 0.156s)
Value: 0.0296
Surrogate: -0.0099
Entropy: 17.4319
KL: 0.0147
actor_loss: -0.0970
critic_loss: 0.0296
symmetry_actor_loss: 0.0000
symmetry_critic_loss: 0.0000
actor_learning_rate: 0.0002
critic_learning_rate: 0.0002
Policy/mean_noise_std: 0.4432
Total timesteps: 29884416
[PPO_HEALTH] adv_mean=3.104e-09 adv_std=1.000000 ratio=0.999813 clip=0.218907 actor_delta=1.766e-01 critic_delta=2.257e-01 action_clip=0.000e+00 reward_identity=1.490e-08
[REWARD] total=0.05336 anchor_pos=0.5437 anchor_ori=0.7234 body_pos=0.9322 body_ori=0.7023
[TRAIN_RESET] count=566 phase0_frac=0.0583 p50=139.0 p95=265.0 target_count=33 target_nonzero=0 curriculum_p50=145.0
[PROGRESS] env_steps=29884416 iteration=3.110s throughput=31608.1
 Learning iteration 304/500 
Computation: 34103 steps/s (Collection: 2.730s, Learning 0.153s)
Value: 0.0319
Surrogate: -0.0105
Entropy: 17.3771
KL: 0.0152
actor_loss: -0.0974
critic_loss: 0.0319
symmetry_actor_loss: 0.0000
symmetry_critic_loss: 0.0000
actor_learning_rate: 0.0002
critic_learning_rate: 0.0002
Policy/mean_noise_std: 0.4425
Total timesteps: 29982720
[PPO_HEALTH] adv_mean=-1.242e-09 adv_std=1.000000 ratio=0.999699 clip=0.225625 actor_delta=1.742e-01 critic_delta=2.277e-01 action_clip=0.000e+00 reward_identity=1.490e-08
[REWARD] total=0.05350 anchor_pos=0.5461 anchor_ori=0.7255 body_pos=0.9318 body_ori=0.7032
[TRAIN_RESET] count=571 phase0_frac=0.0718 p50=134.0 p95=268.0 target_count=41 target_nonzero=0 curriculum_p50=140.0
[PROGRESS] env_steps=29982720 iteration=2.891s throughput=34000.6
 Learning iteration 305/500 
Computation: 33586 steps/s (Collection: 2.770s, Learning 0.157s)
Value: 0.0283
Surrogate: -0.0103
Entropy: 17.3305
KL: 0.0142
actor_loss: -0.0970
critic_loss: 0.0283
symmetry_actor_loss: 0.0000
symmetry_critic_loss: 0.0000
actor_learning_rate: 0.0002
critic_learning_rate: 0.0002
Policy/mean_noise_std: 0.4416
Total timesteps: 30081024
[PPO_HEALTH] adv_mean=1.552e-09 adv_std=1.000000 ratio=0.999543 clip=0.211440 actor_delta=1.774e-01 critic_delta=2.341e-01 action_clip=0.000e+00 reward_identity=1.490e-08
[REWARD] total=0.05359 anchor_pos=0.5401 anchor_ori=0.7296 body_pos=0.9313 body_ori=0.7035
[TRAIN_RESET] count=554 phase0_frac=0.0596 p50=142.0 p95=270.0 target_count=33 target_nonzero=0 curriculum_p50=152.0
[PROGRESS] env_steps=30081024 iteration=2.935s throughput=33488.6
 Learning iteration 306/500 
Computation: 32513 steps/s (Collection: 2.871s, Learning 0.152s)
Value: 0.0299
Surrogate: -0.0099
Entropy: 17.2685
KL: 0.0143
actor_loss: -0.0962
critic_loss: 0.0299
symmetry_actor_loss: 0.0000
symmetry_critic_loss: 0.0000
actor_learning_rate: 0.0002
critic_learning_rate: 0.0002
Policy/mean_noise_std: 0.4407
Total timesteps: 30179328
[PPO_HEALTH] adv_mean=1.863e-09 adv_std=1.000000 ratio=0.998986 clip=0.214744 actor_delta=1.688e-01 critic_delta=2.244e-01 action_clip=0.000e+00 reward_identity=1.490e-08
[REWARD] total=0.05404 anchor_pos=0.5438 anchor_ori=0.7319 body_pos=0.9331 body_ori=0.7088
[TRAIN_RESET] count=596 phase0_frac=0.0721 p50=134.0 p95=263.0 target_count=42 target_nonzero=0 curriculum_p50=144.0
[PROGRESS] env_steps=30179328 iteration=3.032s throughput=32422.0
 Learning iteration 307/500 
Computation: 32892 steps/s (Collection: 2.835s, Learning 0.153s)
Value: 0.0339
Surrogate: -0.0096
Entropy: 17.2185
KL: 0.0162
actor_loss: -0.0957
critic_loss: 0.0339
symmetry_actor_loss: 0.0000
symmetry_critic_loss: 0.0000
actor_learning_rate: 0.0002
critic_learning_rate: 0.0002
Policy/mean_noise_std: 0.4401
Total timesteps: 30277632
[PPO_HEALTH] adv_mean=0.000e+00 adv_std=1.000000 ratio=1.000331 clip=0.241170 actor_delta=1.788e-01 critic_delta=2.359e-01 action_clip=0.000e+00 reward_identity=1.490e-08
[REWARD] total=0.05388 anchor_pos=0.5399 anchor_ori=0.7322 body_pos=0.9313 body_ori=0.7071
[TRAIN_RESET] count=536 phase0_frac=0.0560 p50=139.0 p95=258.0 target_count=26 target_nonzero=0 curriculum_p50=143.0
[PROGRESS] env_steps=30277632 iteration=2.997s throughput=32798.6
 Learning iteration 308/500 
Computation: 33472 steps/s (Collection: 2.784s, Learning 0.153s)
Value: 0.0291
Surrogate: -0.0097
Entropy: 17.1831
KL: 0.0160
actor_loss: -0.0956
critic_loss: 0.0291
symmetry_actor_loss: 0.0000
symmetry_critic_loss: 0.0000
actor_learning_rate: 0.0002
critic_learning_rate: 0.0002
Policy/mean_noise_std: 0.4396
Total timesteps: 30375936
[PPO_HEALTH] adv_mean=-1.863e-09 adv_std=1.000000 ratio=0.999557 clip=0.235636 actor_delta=1.761e-01 critic_delta=2.303e-01 action_clip=0.000e+00 reward_identity=1.490e-08
[REWARD] total=0.05386 anchor_pos=0.5391 anchor_ori=0.7302 body_pos=0.9300 body_ori=0.7073
[TRAIN_RESET] count=564 phase0_frac=0.0709 p50=131.0 p95=264.0 target_count=39 target_nonzero=0 curriculum_p50=144.0
[PROGRESS] env_steps=30375936 iteration=2.945s throughput=33374.4
 Learning iteration 309/500 
Computation: 32996 steps/s (Collection: 2.827s, Learning 0.152s)
Value: 0.0268
Surrogate: -0.0107
Entropy: 17.1375
KL: 0.0136
actor_loss: -0.0964
critic_loss: 0.0268
symmetry_actor_loss: 0.0000
symmetry_critic_loss: 0.0000
actor_learning_rate: 0.0002
critic_learning_rate: 0.0002
Policy/mean_noise_std: 0.4387
Total timesteps: 30474240
[PPO_HEALTH] adv_mean=-5.277e-09 adv_std=1.000000 ratio=0.999084 clip=0.205204 actor_delta=1.726e-01 critic_delta=2.180e-01 action_clip=0.000e+00 reward_identity=1.490e-08
[REWARD] total=0.05402 anchor_pos=0.5345 anchor_ori=0.7331 body_pos=0.9310 body_ori=0.7087
[TRAIN_RESET] count=564 phase0_frac=0.0479 p50=151.0 p95=271.0 target_count=23 target_nonzero=0 curriculum_p50=155.0
[PROGRESS] env_steps=30474240 iteration=2.988s throughput=32901.4
 Learning iteration 310/500 
Computation: 32499 steps/s (Collection: 2.873s, Learning 0.152s)
Value: 0.0297
Surrogate: -0.0102
Entropy: 17.0788
KL: 0.0139
actor_loss: -0.0956
critic_loss: 0.0297
symmetry_actor_loss: 0.0000
symmetry_critic_loss: 0.0000
actor_learning_rate: 0.0001
critic_learning_rate: 0.0001
Policy/mean_noise_std: 0.4380
Total timesteps: 30572544
[PPO_HEALTH] adv_mean=-3.104e-09 adv_std=1.000000 ratio=0.999450 clip=0.205780 actor_delta=1.511e-01 critic_delta=1.819e-01 action_clip=0.000e+00 reward_identity=1.490e-08
[REWARD] total=0.05412 anchor_pos=0.5364 anchor_ori=0.7327 body_pos=0.9309 body_ori=0.7086
[TRAIN_RESET] count=605 phase0_frac=0.0777 p50=140.0 p95=267.0 target_count=45 target_nonzero=0 curriculum_p50=154.0
[PROGRESS] env_steps=30572544 iteration=3.033s throughput=32407.3
 Learning iteration 311/500 
Computation: 32585 steps/s (Collection: 2.864s, Learning 0.153s)
Value: 0.0311
Surrogate: -0.0093
Entropy: 17.0289
KL: 0.0146
actor_loss: -0.0944
critic_loss: 0.0311
symmetry_actor_loss: 0.0000
symmetry_critic_loss: 0.0000
actor_learning_rate: 0.0002
critic_learning_rate: 0.0002
Policy/mean_noise_std: 0.4372
Total timesteps: 30670848
[PPO_HEALTH] adv_mean=3.104e-10 adv_std=1.000000 ratio=0.999498 clip=0.218589 actor_delta=1.810e-01 critic_delta=2.399e-01 action_clip=0.000e+00 reward_identity=1.490e-08
[REWARD] total=0.05437 anchor_pos=0.5409 anchor_ori=0.7304 body_pos=0.9321 body_ori=0.7108
[TRAIN_RESET] count=587 phase0_frac=0.0613 p50=137.0 p95=268.0 target_count=34 target_nonzero=0 curriculum_p50=146.0
[PROGRESS] env_steps=30670848 iteration=3.026s throughput=32487.9
 Learning iteration 312/500 
Computation: 33180 steps/s (Collection: 2.808s, Learning 0.155s)
Value: 0.0296
Surrogate: -0.0093
Entropy: 16.9776
KL: 0.0157
actor_loss: -0.0942
critic_loss: 0.0296
symmetry_actor_loss: 0.0000
symmetry_critic_loss: 0.0000
actor_learning_rate: 0.0002
critic_learning_rate: 0.0002
Policy/mean_noise_std: 0.4365
Total timesteps: 30769152
[PPO_HEALTH] adv_mean=-5.588e-09 adv_std=1.000000 ratio=0.999655 clip=0.233097 actor_delta=1.751e-01 critic_delta=2.065e-01 action_clip=0.000e+00 reward_identity=1.490e-08
[REWARD] total=0.05458 anchor_pos=0.5425 anchor_ori=0.7364 body_pos=0.9319 body_ori=0.7113
[TRAIN_RESET] count=571 phase0_frac=0.0665 p50=135.0 p95=272.0 target_count=35 target_nonzero=0 curriculum_p50=143.0
[PROGRESS] env_steps=30769152 iteration=2.971s throughput=33085.2
 Learning iteration 313/500 
Computation: 33424 steps/s (Collection: 2.788s, Learning 0.154s)
Value: 0.0271
Surrogate: -0.0095
Entropy: 16.9174
KL: 0.0159
actor_loss: -0.0941
critic_loss: 0.0271
symmetry_actor_loss: 0.0000
symmetry_critic_loss: 0.0000
actor_learning_rate: 0.0002
critic_learning_rate: 0.0002
Policy/mean_noise_std: 0.4354
Total timesteps: 30867456
[PPO_HEALTH] adv_mean=-5.588e-09 adv_std=1.000000 ratio=0.999827 clip=0.234153 actor_delta=1.767e-01 critic_delta=2.014e-01 action_clip=0.000e+00 reward_identity=1.490e-08
[REWARD] total=0.05483 anchor_pos=0.5454 anchor_ori=0.7389 body_pos=0.9328 body_ori=0.7137
[TRAIN_RESET] count=563 phase0_frac=0.0480 p50=137.0 p95=266.0 target_count=26 target_nonzero=0 curriculum_p50=142.0
[PROGRESS] env_steps=30867456 iteration=2.950s throughput=33327.6
 Learning iteration 314/500 
Computation: 33844 steps/s (Collection: 2.750s, Learning 0.154s)
Value: 0.0250
Surrogate: -0.0101
Entropy: 16.8418
KL: 0.0147
actor_loss: -0.0943
critic_loss: 0.0250
symmetry_actor_loss: 0.0000
symmetry_critic_loss: 0.0000
actor_learning_rate: 0.0002
critic_learning_rate: 0.0002
Policy/mean_noise_std: 0.4343
Total timesteps: 30965760
[PPO_HEALTH] adv_mean=-9.003e-09 adv_std=1.000000 ratio=0.999668 clip=0.220426 actor_delta=1.659e-01 critic_delta=2.128e-01 action_clip=0.000e+00 reward_identity=1.490e-08
[REWARD] total=0.05483 anchor_pos=0.5452 anchor_ori=0.7388 body_pos=0.9326 body_ori=0.7139
[TRAIN_RESET] count=567 phase0_frac=0.0582 p50=143.0 p95=266.0 target_count=32 target_nonzero=0 curriculum_p50=149.0
[PROGRESS] env_steps=30965760 iteration=2.913s throughput=33745.1
 Learning iteration 315/500 
Computation: 33033 steps/s (Collection: 2.823s, Learning 0.153s)
Value: 0.0230
Surrogate: -0.0102
Entropy: 16.7798
KL: 0.0142
actor_loss: -0.0941
critic_loss: 0.0230
symmetry_actor_loss: 0.0000
symmetry_critic_loss: 0.0000
actor_learning_rate: 0.0002
critic_learning_rate: 0.0002
Policy/mean_noise_std: 0.4335
Total timesteps: 31064064
[PPO_HEALTH] adv_mean=-1.242e-09 adv_std=1.000000 ratio=0.998714 clip=0.215057 actor_delta=1.697e-01 critic_delta=2.083e-01 action_clip=0.000e+00 reward_identity=1.490e-08
[REWARD] total=0.05494 anchor_pos=0.5435 anchor_ori=0.7427 body_pos=0.9330 body_ori=0.7138
[TRAIN_RESET] count=535 phase0_frac=0.0561 p50=145.0 p95=264.0 target_count=27 target_nonzero=0 curriculum_p50=148.0
[PROGRESS] env_steps=31064064 iteration=2.985s throughput=32936.8
 Learning iteration 316/500 
Computation: 32191 steps/s (Collection: 2.901s, Learning 0.153s)
Value: 0.0283
Surrogate: -0.0101
Entropy: 16.7285
KL: 0.0148
actor_loss: -0.0937
critic_loss: 0.0283
symmetry_actor_loss: 0.0000
symmetry_critic_loss: 0.0000
actor_learning_rate: 0.0001
critic_learning_rate: 0.0001
Policy/mean_noise_std: 0.4329
Total timesteps: 31162368
[PPO_HEALTH] adv_mean=6.830e-09 adv_std=1.000000 ratio=1.000118 clip=0.221810 actor_delta=1.425e-01 critic_delta=1.762e-01 action_clip=0.000e+00 reward_identity=1.490e-08
[REWARD] total=0.05536 anchor_pos=0.5436 anchor_ori=0.7471 body_pos=0.9346 body_ori=0.7187
[TRAIN_RESET] count=586 phase0_frac=0.0597 p50=141.0 p95=269.0 target_count=31 target_nonzero=0 curriculum_p50=148.0
[PROGRESS] env_steps=31162368 iteration=3.062s throughput=32099.4
 Learning iteration 317/500 
Computation: 32102 steps/s (Collection: 2.908s, Learning 0.154s)
Value: 0.0258
Surrogate: -0.0101
Entropy: 16.6770
KL: 0.0157
actor_loss: -0.0935
critic_loss: 0.0258
symmetry_actor_loss: 0.0000
symmetry_critic_loss: 0.0000
actor_learning_rate: 0.0002
critic_learning_rate: 0.0002
Policy/mean_noise_std: 0.4320
Total timesteps: 31260672
[PPO_HEALTH] adv_mean=3.881e-09 adv_std=1.000000 ratio=0.999746 clip=0.232644 actor_delta=1.769e-01 critic_delta=2.115e-01 action_clip=0.000e+00 reward_identity=1.490e-08
[REWARD] total=0.05515 anchor_pos=0.5449 anchor_ori=0.7462 body_pos=0.9330 body_ori=0.7162
[TRAIN_RESET] count=573 phase0_frac=0.0681 p50=148.0 p95=262.0 target_count=39 target_nonzero=0 curriculum_p50=155.0
[PROGRESS] env_steps=31260672 iteration=3.071s throughput=32009.1
 Learning iteration 318/500 
Computation: 34213 steps/s (Collection: 2.719s, Learning 0.154s)
Value: 0.0243
Surrogate: -0.0102
Entropy: 16.6182
KL: 0.0143
actor_loss: -0.0933
critic_loss: 0.0243
symmetry_actor_loss: 0.0000
symmetry_critic_loss: 0.0000
actor_learning_rate: 0.0002
critic_learning_rate: 0.0002
Policy/mean_noise_std: 0.4312
Total timesteps: 31358976
[PPO_HEALTH] adv_mean=2.484e-09 adv_std=1.000000 ratio=0.999396 clip=0.212846 actor_delta=1.694e-01 critic_delta=2.183e-01 action_clip=0.000e+00 reward_identity=1.490e-08
[REWARD] total=0.05529 anchor_pos=0.5435 anchor_ori=0.7425 body_pos=0.9337 body_ori=0.7179
[TRAIN_RESET] count=555 phase0_frac=0.0793 p50=139.0 p95=262.0 target_count=42 target_nonzero=0 curriculum_p50=148.0
[PROGRESS] env_steps=31358976 iteration=2.882s throughput=34109.5
 Learning iteration 319/500 
Computation: 34145 steps/s (Collection: 2.726s, Learning 0.153s)
Value: 0.0227
Surrogate: -0.0099
Entropy: 16.5658
KL: 0.0136
actor_loss: -0.0927
critic_loss: 0.0227
symmetry_actor_loss: 0.0000
symmetry_critic_loss: 0.0000
actor_learning_rate: 0.0002
critic_learning_rate: 0.0002
Policy/mean_noise_std: 0.4304
Total timesteps: 31457280
[PPO_HEALTH] adv_mean=2.794e-09 adv_std=1.000000 ratio=0.999730 clip=0.203638 actor_delta=1.671e-01 critic_delta=2.000e-01 action_clip=0.000e+00 reward_identity=1.490e-08
[REWARD] total=0.05534 anchor_pos=0.5421 anchor_ori=0.7400 body_pos=0.9339 body_ori=0.7190
[TRAIN_RESET] count=550 phase0_frac=0.0727 p50=135.0 p95=261.0 target_count=38 target_nonzero=0 curriculum_p50=144.0
[PROGRESS] env_steps=31457280 iteration=2.888s throughput=34037.3
 Learning iteration 320/500 
Computation: 34104 steps/s (Collection: 2.731s, Learning 0.151s)
Value: 0.0276
Surrogate: -0.0101
Entropy: 16.5078
KL: 0.0153
actor_loss: -0.0927
critic_loss: 0.0276
symmetry_actor_loss: 0.0000
symmetry_critic_loss: 0.0000
actor_learning_rate: 0.0001
critic_learning_rate: 0.0001
Policy/mean_noise_std: 0.4296
Total timesteps: 31555584
[PPO_HEALTH] adv_mean=-4.967e-09 adv_std=1.000000 ratio=0.999528 clip=0.227620 actor_delta=1.598e-01 critic_delta=1.589e-01 action_clip=0.000e+00 reward_identity=1.490e-08
[REWARD] total=0.05571 anchor_pos=0.5504 anchor_ori=0.7451 body_pos=0.9351 body_ori=0.7207
[TRAIN_RESET] count=550 phase0_frac=0.0473 p50=143.0 p95=270.0 target_count=24 target_nonzero=0 curriculum_p50=149.0
[PROGRESS] env_steps=31555584 iteration=2.891s throughput=34000.2
 Learning iteration 321/500 
Computation: 32652 steps/s (Collection: 2.855s, Learning 0.156s)
Value: 0.0264
Surrogate: -0.0102
Entropy: 16.4574
KL: 0.0155
actor_loss: -0.0925
critic_loss: 0.0264
symmetry_actor_loss: 0.0000
symmetry_critic_loss: 0.0000
actor_learning_rate: 0.0001
critic_learning_rate: 0.0001
Policy/mean_noise_std: 0.4288
Total timesteps: 31653888
[PPO_HEALTH] adv_mean=2.484e-09 adv_std=1.000000 ratio=1.000185 clip=0.228282 actor_delta=1.642e-01 critic_delta=1.824e-01 action_clip=0.000e+00 reward_identity=1.490e-08
[REWARD] total=0.05576 anchor_pos=0.5491 anchor_ori=0.7442 body_pos=0.9354 body_ori=0.7189
[TRAIN_RESET] count=543 phase0_frac=0.0700 p50=149.0 p95=268.0 target_count=36 target_nonzero=0 curriculum_p50=157.0
[PROGRESS] env_steps=31653888 iteration=3.019s throughput=32556.6
 Learning iteration 322/500 
Computation: 34241 steps/s (Collection: 2.717s, Learning 0.154s)
Value: 0.0248
Surrogate: -0.0097
Entropy: 16.4053
KL: 0.0150
actor_loss: -0.0917
critic_loss: 0.0248
symmetry_actor_loss: 0.0000
symmetry_critic_loss: 0.0000
actor_learning_rate: 0.0002
critic_learning_rate: 0.0002
Policy/mean_noise_std: 0.4280
Total timesteps: 31752192
[PPO_HEALTH] adv_mean=-1.304e-08 adv_std=1.000000 ratio=1.000084 clip=0.221594 actor_delta=1.682e-01 critic_delta=2.104e-01 action_clip=0.000e+00 reward_identity=1.490e-08
[REWARD] total=0.05593 anchor_pos=0.5529 anchor_ori=0.7449 body_pos=0.9351 body_ori=0.7198
[TRAIN_RESET] count=620 phase0_frac=0.0516 p50=153.0 p95=271.0 target_count=32 target_nonzero=0 curriculum_p50=159.0
[PROGRESS] env_steps=31752192 iteration=2.880s throughput=34137.8
 Learning iteration 323/500 
Computation: 32455 steps/s (Collection: 2.877s, Learning 0.152s)
Value: 0.0234
Surrogate: -0.0099
Entropy: 16.3377
KL: 0.0140
actor_loss: -0.0916
critic_loss: 0.0234
symmetry_actor_loss: 0.0000
symmetry_critic_loss: 0.0000
actor_learning_rate: 0.0002
critic_learning_rate: 0.0002
Policy/mean_noise_std: 0.4269
Total timesteps: 31850496
[PPO_HEALTH] adv_mean=9.934e-09 adv_std=1.000000 ratio=1.000483 clip=0.212510 actor_delta=1.704e-01 critic_delta=2.147e-01 action_clip=0.000e+00 reward_identity=1.490e-08
[REWARD] total=0.05587 anchor_pos=0.5557 anchor_ori=0.7444 body_pos=0.9351 body_ori=0.7195
[TRAIN_RESET] count=570 phase0_frac=0.0632 p50=143.0 p95=265.0 target_count=33 target_nonzero=0 curriculum_p50=152.0
[PROGRESS] env_steps=31850496 iteration=3.038s throughput=32362.5
 Learning iteration 324/500 
Computation: 33964 steps/s (Collection: 2.742s, Learning 0.152s)
Value: 0.0270
Surrogate: -0.0099
Entropy: 16.2654
KL: 0.0156
actor_loss: -0.0912
critic_loss: 0.0270
symmetry_actor_loss: 0.0000
symmetry_critic_loss: 0.0000
actor_learning_rate: 0.0001
critic_learning_rate: 0.0001
Policy/mean_noise_std: 0.4261
Total timesteps: 31948800
[PPO_HEALTH] adv_mean=-1.863e-09 adv_std=1.000000 ratio=1.000205 clip=0.230129 actor_delta=1.556e-01 critic_delta=1.970e-01 action_clip=0.000e+00 reward_identity=2.980e-08
[REWARD] total=0.05584 anchor_pos=0.5508 anchor_ori=0.7433 body_pos=0.9352 body_ori=0.7184
[TRAIN_RESET] count=579 phase0_frac=0.0725 p50=155.0 p95=272.0 target_count=40 target_nonzero=0 curriculum_p50=163.0
[PROGRESS] env_steps=31948800 iteration=2.903s throughput=33860.8
 Learning iteration 325/500 
Computation: 31971 steps/s (Collection: 2.919s, Learning 0.156s)
Value: 0.0265
Surrogate: -0.0092
Entropy: 16.2207
KL: 0.0150
actor_loss: -0.0903
critic_loss: 0.0265
symmetry_actor_loss: 0.0000
symmetry_critic_loss: 0.0000
actor_learning_rate: 0.0001
critic_learning_rate: 0.0001
Policy/mean_noise_std: 0.4255
Total timesteps: 32047104
[PPO_HEALTH] adv_mean=-2.484e-09 adv_std=1.000000 ratio=0.999116 clip=0.220091 actor_delta=1.360e-01 critic_delta=1.788e-01 action_clip=0.000e+00 reward_identity=1.490e-08
[REWARD] total=0.05608 anchor_pos=0.5512 anchor_ori=0.7457 body_pos=0.9361 body_ori=0.7213
[TRAIN_RESET] count=577 phase0_frac=0.0503 p50=154.0 p95=262.0 target_count=26 target_nonzero=0 curriculum_p50=160.0
[PROGRESS] env_steps=32047104 iteration=3.083s throughput=31881.1
 Learning iteration 326/500 
Computation: 32834 steps/s (Collection: 2.841s, Learning 0.153s)
Value: 0.0270
Surrogate: -0.0098
Entropy: 16.1776
KL: 0.0147
actor_loss: -0.0907
critic_loss: 0.0270
symmetry_actor_loss: 0.0000
symmetry_critic_loss: 0.0000
actor_learning_rate: 0.0001
critic_learning_rate: 0.0001
Policy/mean_noise_std: 0.4249
Total timesteps: 32145408
[PPO_HEALTH] adv_mean=-2.484e-09 adv_std=1.000000 ratio=0.999328 clip=0.218022 actor_delta=1.468e-01 critic_delta=1.821e-01 action_clip=0.000e+00 reward_identity=1.490e-08
[REWARD] total=0.05620 anchor_pos=0.5509 anchor_ori=0.7454 body_pos=0.9359 body_ori=0.7227
[TRAIN_RESET] count=599 phase0_frac=0.0668 p50=150.0 p95=269.0 target_count=36 target_nonzero=0 curriculum_p50=157.0
[PROGRESS] env_steps=32145408 iteration=3.003s throughput=32738.4
 Learning iteration 327/500 
Computation: 33422 steps/s (Collection: 2.788s, Learning 0.153s)
Value: 0.0269
Surrogate: -0.0091
Entropy: 16.1385
KL: 0.0157
actor_loss: -0.0898
critic_loss: 0.0269
symmetry_actor_loss: 0.0000
symmetry_critic_loss: 0.0000
actor_learning_rate: 0.0002
critic_learning_rate: 0.0002
Policy/mean_noise_std: 0.4243
Total timesteps: 32243712
[PPO_HEALTH] adv_mean=-3.415e-09 adv_std=1.000000 ratio=0.999947 clip=0.231140 actor_delta=1.695e-01 critic_delta=2.278e-01 action_clip=0.000e+00 reward_identity=1.490e-08
[REWARD] total=0.05607 anchor_pos=0.5533 anchor_ori=0.7400 body_pos=0.9354 body_ori=0.7213
[TRAIN_RESET] count=552 phase0_frac=0.0598 p50=145.0 p95=262.0 target_count=31 target_nonzero=0 curriculum_p50=151.0
[PROGRESS] env_steps=32243712 iteration=2.950s throughput=33326.3
 Learning iteration 328/500 
Computation: 32965 steps/s (Collection: 2.830s, Learning 0.152s)
Value: 0.0268
Surrogate: -0.0099
Entropy: 16.0892
KL: 0.0154
actor_loss: -0.0904
critic_loss: 0.0268
symmetry_actor_loss: 0.0000
symmetry_critic_loss: 0.0000
actor_learning_rate: 0.0002
critic_learning_rate: 0.0002
Policy/mean_noise_std: 0.4234
Total timesteps: 32342016
[PPO_HEALTH] adv_mean=2.328e-09 adv_std=1.000000 ratio=0.999199 clip=0.230693 actor_delta=1.648e-01 critic_delta=2.254e-01 action_clip=0.000e+00 reward_identity=1.490e-08
[REWARD] total=0.05612 anchor_pos=0.5532 anchor_ori=0.7415 body_pos=0.9350 body_ori=0.7228
[TRAIN_RESET] count=616 phase0_frac=0.0503 p50=154.0 p95=265.0 target_count=27 target_nonzero=0 curriculum_p50=160.0
[PROGRESS] env_steps=32342016 iteration=2.991s throughput=32868.1
 Learning iteration 329/500 
Computation: 33665 steps/s (Collection: 2.761s, Learning 0.159s)
Value: 0.0255
Surrogate: -0.0098
Entropy: 16.0230
KL: 0.0158
actor_loss: -0.0899
critic_loss: 0.0255
symmetry_actor_loss: 0.0000
symmetry_critic_loss: 0.0000
actor_learning_rate: 0.0002
critic_learning_rate: 0.0002
Policy/mean_noise_std: 0.4226
Total timesteps: 32440320
[PPO_HEALTH] adv_mean=0.000e+00 adv_std=1.000000 ratio=0.999491 clip=0.232648 actor_delta=1.675e-01 critic_delta=2.136e-01 action_clip=0.000e+00 reward_identity=1.490e-08
[REWARD] total=0.05645 anchor_pos=0.5584 anchor_ori=0.7466 body_pos=0.9356 body_ori=0.7242
[TRAIN_RESET] count=621 phase0_frac=0.0644 p50=153.0 p95=274.0 target_count=38 target_nonzero=0 curriculum_p50=161.0
[PROGRESS] env_steps=32440320 iteration=2.929s throughput=33567.3
 Learning iteration 330/500 
Computation: 33322 steps/s (Collection: 2.793s, Learning 0.157s)
Value: 0.0389
Surrogate: -0.0097
Entropy: 15.9707
KL: 0.0161
actor_loss: -0.0895
critic_loss: 0.0389
symmetry_actor_loss: 0.0000
symmetry_critic_loss: 0.0000
actor_learning_rate: 0.0001
critic_learning_rate: 0.0001
Policy/mean_noise_std: 0.4219
Total timesteps: 32538624
[PPO_HEALTH] adv_mean=3.725e-09 adv_std=1.000000 ratio=0.999425 clip=0.234780 actor_delta=1.450e-01 critic_delta=1.619e-01 action_clip=0.000e+00 reward_identity=1.490e-08
[REWARD] total=0.05658 anchor_pos=0.5631 anchor_ori=0.7499 body_pos=0.9362 body_ori=0.7244
[TRAIN_RESET] count=562 phase0_frac=0.0534 p50=151.0 p95=264.0 target_count=30 target_nonzero=0 curriculum_p50=156.0
[PROGRESS] env_steps=32538624 iteration=2.959s throughput=33224.1
 Learning iteration 331/500 
Computation: 33869 steps/s (Collection: 2.748s, Learning 0.154s)
Value: 0.0279
Surrogate: -0.0110
Entropy: 15.9258
KL: 0.0118
actor_loss: -0.0906
critic_loss: 0.0279
symmetry_actor_loss: 0.0000
symmetry_critic_loss: 0.0000
actor_learning_rate: 0.0001
critic_learning_rate: 0.0001
Policy/mean_noise_std: 0.4212
Total timesteps: 32636928
[PPO_HEALTH] adv_mean=-1.242e-09 adv_std=1.000000 ratio=0.999731 clip=0.176508 actor_delta=1.401e-01 critic_delta=1.517e-01 action_clip=0.000e+00 reward_identity=1.490e-08
[REWARD] total=0.05657 anchor_pos=0.5628 anchor_ori=0.7493 body_pos=0.9349 body_ori=0.7236
[TRAIN_RESET] count=639 phase0_frac=0.0704 p50=142.0 p95=267.0 target_count=41 target_nonzero=0 curriculum_p50=149.0
[PROGRESS] env_steps=32636928 iteration=2.911s throughput=33769.6
 Learning iteration 332/500 
Computation: 33458 steps/s (Collection: 2.784s, Learning 0.154s)
Value: 0.0276
Surrogate: -0.0088
Entropy: 15.8716
KL: 0.0159
actor_loss: -0.0882
critic_loss: 0.0276
symmetry_actor_loss: 0.0000
symmetry_critic_loss: 0.0000
actor_learning_rate: 0.0002
critic_learning_rate: 0.0002
Policy/mean_noise_std: 0.4204
Total timesteps: 32735232
[PPO_HEALTH] adv_mean=-2.484e-09 adv_std=1.000000 ratio=0.999253 clip=0.234796 actor_delta=1.678e-01 critic_delta=2.373e-01 action_clip=0.000e+00 reward_identity=2.980e-08
[REWARD] total=0.05659 anchor_pos=0.5635 anchor_ori=0.7505 body_pos=0.9356 body_ori=0.7229
[TRAIN_RESET] count=563 phase0_frac=0.0764 p50=147.0 p95=274.0 target_count=40 target_nonzero=0 curriculum_p50=158.0
[PROGRESS] env_steps=32735232 iteration=2.947s throughput=33362.1
 Learning iteration 333/500 
Computation: 33003 steps/s (Collection: 2.824s, Learning 0.154s)
Value: 0.0255
Surrogate: -0.0091
Entropy: 15.8134
KL: 0.0158
actor_loss: -0.0882
critic_loss: 0.0255
symmetry_actor_loss: 0.0000
symmetry_critic_loss: 0.0000
actor_learning_rate: 0.0002
critic_learning_rate: 0.0002
Policy/mean_noise_std: 0.4195
Total timesteps: 32833536
[PPO_HEALTH] adv_mean=-3.104e-09 adv_std=1.000000 ratio=0.999997 clip=0.233134 actor_delta=1.726e-01 critic_delta=2.298e-01 action_clip=0.000e+00 reward_identity=1.490e-08
[REWARD] total=0.05687 anchor_pos=0.5626 anchor_ori=0.7528 body_pos=0.9366 body_ori=0.7261
[TRAIN_RESET] count=609 phase0_frac=0.0657 p50=151.0 p95=268.0 target_count=38 target_nonzero=0 curriculum_p50=165.0
[PROGRESS] env_steps=32833536 iteration=2.987s throughput=32908.0
 Learning iteration 334/500 
Computation: 32799 steps/s (Collection: 2.844s, Learning 0.153s)
Value: 0.0271
Surrogate: -0.0097
Entropy: 15.7539
KL: 0.0162
actor_loss: -0.0884
critic_loss: 0.0271
symmetry_actor_loss: 0.0000
symmetry_critic_loss: 0.0000
actor_learning_rate: 0.0001
critic_learning_rate: 0.0001
Policy/mean_noise_std: 0.4188
Total timesteps: 32931840
[PPO_HEALTH] adv_mean=-1.863e-09 adv_std=1.000000 ratio=0.999725 clip=0.240403 actor_delta=1.618e-01 critic_delta=1.814e-01 action_clip=0.000e+00 reward_identity=1.490e-08
[REWARD] total=0.05689 anchor_pos=0.5635 anchor_ori=0.7519 body_pos=0.9358 body_ori=0.7270
[TRAIN_RESET] count=569 phase0_frac=0.0475 p50=145.0 p95=269.0 target_count=24 target_nonzero=0 curriculum_p50=150.0
[PROGRESS] env_steps=32931840 iteration=3.006s throughput=32703.2
 Learning iteration 335/500 
Computation: 32357 steps/s (Collection: 2.885s, Learning 0.153s)
Value: 0.0298
Surrogate: -0.0096
Entropy: 15.7017
KL: 0.0151
actor_loss: -0.0881
critic_loss: 0.0298
symmetry_actor_loss: 0.0000
symmetry_critic_loss: 0.0000
actor_learning_rate: 0.0001
critic_learning_rate: 0.0001
Policy/mean_noise_std: 0.4180
Total timesteps: 33030144
[PPO_HEALTH] adv_mean=-4.346e-09 adv_std=1.000000 ratio=0.999501 clip=0.226347 actor_delta=1.429e-01 critic_delta=1.353e-01 action_clip=0.000e+00 reward_identity=1.490e-08
[REWARD] total=0.05711 anchor_pos=0.5648 anchor_ori=0.7524 body_pos=0.9369 body_ori=0.7266
[TRAIN_RESET] count=562 phase0_frac=0.0747 p50=153.0 p95=263.0 target_count=41 target_nonzero=0 curriculum_p50=163.0
[PROGRESS] env_steps=33030144 iteration=3.047s throughput=32264.0
 Learning iteration 336/500 
Computation: 30956 steps/s (Collection: 3.018s, Learning 0.158s)
Value: 0.0287
Surrogate: -0.0086
Entropy: 15.6570
KL: 0.0134
actor_loss: -0.0869
critic_loss: 0.0287
symmetry_actor_loss: 0.0000
symmetry_critic_loss: 0.0000
actor_learning_rate: 0.0001
critic_learning_rate: 0.0001
Policy/mean_noise_std: 0.4175
Total timesteps: 33128448
[PPO_HEALTH] adv_mean=1.707e-09 adv_std=1.000000 ratio=0.999893 clip=0.200108 actor_delta=1.267e-01 critic_delta=1.700e-01 action_clip=0.000e+00 reward_identity=1.490e-08
[REWARD] total=0.05746 anchor_pos=0.5648 anchor_ori=0.7566 body_pos=0.9375 body_ori=0.7290
[TRAIN_RESET] count=542 phase0_frac=0.0461 p50=154.0 p95=266.0 target_count=23 target_nonzero=0 curriculum_p50=157.0
[PROGRESS] env_steps=33128448 iteration=3.184s throughput=30874.3
 Learning iteration 337/500 
Computation: 32020 steps/s (Collection: 2.915s, Learning 0.155s)
Value: 0.0267
Surrogate: -0.0102
Entropy: 15.6094
KL: 0.0149
actor_loss: -0.0883
critic_loss: 0.0267
symmetry_actor_loss: 0.0000
symmetry_critic_loss: 0.0000
actor_learning_rate: 0.0001
critic_learning_rate: 0.0001
Policy/mean_noise_std: 0.4168
Total timesteps: 33226752
[PPO_HEALTH] adv_mean=2.484e-09 adv_std=1.000000 ratio=0.999651 clip=0.218483 actor_delta=1.492e-01 critic_delta=1.807e-01 action_clip=0.000e+00 reward_identity=1.490e-08
[REWARD] total=0.05742 anchor_pos=0.5679 anchor_ori=0.7557 body_pos=0.9368 body_ori=0.7281
[TRAIN_RESET] count=625 phase0_frac=0.0528 p50=142.0 p95=261.0 target_count=33 target_nonzero=0 curriculum_p50=152.0
[PROGRESS] env_steps=33226752 iteration=3.079s throughput=31929.7
 Learning iteration 338/500 
Computation: 33358 steps/s (Collection: 2.794s, Learning 0.153s)
Value: 0.0257
Surrogate: -0.0094
Entropy: 15.5723
KL: 0.0156
actor_loss: -0.0873
critic_loss: 0.0257
symmetry_actor_loss: 0.0000
symmetry_critic_loss: 0.0000
actor_learning_rate: 0.0001
critic_learning_rate: 0.0001
Policy/mean_noise_std: 0.4164
Total timesteps: 33325056
[PPO_HEALTH] adv_mean=1.242e-09 adv_std=1.000000 ratio=0.999923 clip=0.232373 actor_delta=1.599e-01 critic_delta=2.084e-01 action_clip=0.000e+00 reward_identity=1.490e-08
[REWARD] total=0.05768 anchor_pos=0.5682 anchor_ori=0.7550 body_pos=0.9375 body_ori=0.7305
[TRAIN_RESET] count=562 phase0_frac=0.0605 p50=145.0 p95=265.0 target_count=32 target_nonzero=0 curriculum_p50=153.0
[PROGRESS] env_steps=33325056 iteration=2.956s throughput=33259.2
 Learning iteration 339/500 
Computation: 33941 steps/s (Collection: 2.744s, Learning 0.152s)
Value: 0.0226
Surrogate: -0.0096
Entropy: 15.5461
KL: 0.0154
actor_loss: -0.0873
critic_loss: 0.0226
symmetry_actor_loss: 0.0000
symmetry_critic_loss: 0.0000
actor_learning_rate: 0.0002
critic_learning_rate: 0.0002
Policy/mean_noise_std: 0.4160
Total timesteps: 33423360
[PPO_HEALTH] adv_mean=-2.484e-09 adv_std=1.000000 ratio=0.999678 clip=0.228107 actor_delta=1.678e-01 critic_delta=2.133e-01 action_clip=0.000e+00 reward_identity=1.490e-08
[REWARD] total=0.05763 anchor_pos=0.5682 anchor_ori=0.7517 body_pos=0.9378 body_ori=0.7313
[TRAIN_RESET] count=580 phase0_frac=0.0655 p50=154.0 p95=264.0 target_count=34 target_nonzero=0 curriculum_p50=161.0
[PROGRESS] env_steps=33423360 iteration=2.905s throughput=33841.5
 Learning iteration 340/500 
Computation: 32219 steps/s (Collection: 2.898s, Learning 0.153s)
Value: 0.0222
Surrogate: -0.0092
Entropy: 15.5012
KL: 0.0149
actor_loss: -0.0867
critic_loss: 0.0222
symmetry_actor_loss: 0.0000
symmetry_critic_loss: 0.0000
actor_learning_rate: 0.0002
critic_learning_rate: 0.0002
Policy/mean_noise_std: 0.4151
Total timesteps: 33521664
[PPO_HEALTH] adv_mean=0.000e+00 adv_std=1.000000 ratio=0.999738 clip=0.221289 actor_delta=1.596e-01 critic_delta=2.174e-01 action_clip=0.000e+00 reward_identity=1.490e-08
[REWARD] total=0.05781 anchor_pos=0.5674 anchor_ori=0.7543 body_pos=0.9379 body_ori=0.7337
[TRAIN_RESET] count=560 phase0_frac=0.0589 p50=156.0 p95=273.0 target_count=33 target_nonzero=0 curriculum_p50=168.0
[PROGRESS] env_steps=33521664 iteration=3.060s throughput=32127.8
 Learning iteration 341/500 
Computation: 32207 steps/s (Collection: 2.895s, Learning 0.158s)
Value: 0.0219
Surrogate: -0.0098
Entropy: 15.4405
KL: 0.0152
actor_loss: -0.0870
critic_loss: 0.0219
symmetry_actor_loss: 0.0000
symmetry_critic_loss: 0.0000
actor_learning_rate: 0.0001
critic_learning_rate: 0.0001
Policy/mean_noise_std: 0.4144
Total timesteps: 33619968
[PPO_HEALTH] adv_mean=-7.916e-09 adv_std=1.000000 ratio=0.999941 clip=0.225311 actor_delta=1.572e-01 critic_delta=1.998e-01 action_clip=0.000e+00 reward_identity=1.490e-08
[REWARD] total=0.05801 anchor_pos=0.5721 anchor_ori=0.7600 body_pos=0.9390 body_ori=0.7350
[TRAIN_RESET] count=594 phase0_frac=0.0606 p50=152.0 p95=272.0 target_count=35 target_nonzero=0 curriculum_p50=161.0
[PROGRESS] env_steps=33619968 iteration=3.061s throughput=32116.0
 Learning iteration 342/500 
Computation: 31771 steps/s (Collection: 2.941s, Learning 0.153s)
Value: 0.0242
Surrogate: -0.0099
Entropy: 15.3978
KL: 0.0118
actor_loss: -0.0869
critic_loss: 0.0242
symmetry_actor_loss: 0.0000
symmetry_critic_loss: 0.0000
actor_learning_rate: 0.0001
critic_learning_rate: 0.0001
Policy/mean_noise_std: 0.4138
Total timesteps: 33718272
[PPO_HEALTH] adv_mean=-2.173e-09 adv_std=1.000000 ratio=0.999703 clip=0.176007 actor_delta=1.286e-01 critic_delta=1.594e-01 action_clip=0.000e+00 reward_identity=1.490e-08
[REWARD] total=0.05806 anchor_pos=0.5694 anchor_ori=0.7622 body_pos=0.9395 body_ori=0.7354
[TRAIN_RESET] count=589 phase0_frac=0.0509 p50=145.0 p95=261.0 target_count=28 target_nonzero=0 curriculum_p50=154.0
[PROGRESS] env_steps=33718272 iteration=3.103s throughput=31681.1
 Learning iteration 343/500 
Computation: 31845 steps/s (Collection: 2.935s, Learning 0.152s)
Value: 0.0234
Surrogate: -0.0096
Entropy: 15.3475
KL: 0.0121
actor_loss: -0.0863
critic_loss: 0.0234
symmetry_actor_loss: 0.0000
symmetry_critic_loss: 0.0000
actor_learning_rate: 0.0001
critic_learning_rate: 0.0001
Policy/mean_noise_std: 0.4130
Total timesteps: 33816576
[PPO_HEALTH] adv_mean=-2.794e-09 adv_std=1.000000 ratio=0.999828 clip=0.181458 actor_delta=1.282e-01 critic_delta=1.733e-01 action_clip=0.000e+00 reward_identity=1.490e-08
[REWARD] total=0.05812 anchor_pos=0.5723 anchor_ori=0.7587 body_pos=0.9387 body_ori=0.7358
[TRAIN_RESET] count=602 phase0_frac=0.0515 p50=149.0 p95=266.0 target_count=31 target_nonzero=0 curriculum_p50=156.0
[PROGRESS] env_steps=33816576 iteration=3.095s throughput=31758.1
 Learning iteration 344/500 
Computation: 31068 steps/s (Collection: 3.011s, Learning 0.153s)
Value: 0.0248
Surrogate: -0.0089
Entropy: 15.2874
KL: 0.0160
actor_loss: -0.0853
critic_loss: 0.0248
symmetry_actor_loss: 0.0000
symmetry_critic_loss: 0.0000
actor_learning_rate: 0.0002
critic_learning_rate: 0.0002
Policy/mean_noise_std: 0.4122
Total timesteps: 33914880
[PPO_HEALTH] adv_mean=-6.209e-09 adv_std=1.000000 ratio=1.000436 clip=0.237091 actor_delta=1.638e-01 critic_delta=2.340e-01 action_clip=0.000e+00 reward_identity=1.490e-08
[REWARD] total=0.05822 anchor_pos=0.5752 anchor_ori=0.7594 body_pos=0.9383 body_ori=0.7366
[TRAIN_RESET] count=583 phase0_frac=0.0600 p50=151.0 p95=269.0 target_count=34 target_nonzero=0 curriculum_p50=158.0
[PROGRESS] env_steps=33914880 iteration=3.173s throughput=30982.7
 Learning iteration 345/500 
Computation: 32674 steps/s (Collection: 2.855s, Learning 0.153s)
Value: 0.0263
Surrogate: -0.0088
Entropy: 15.2440
KL: 0.0153
actor_loss: -0.0851
critic_loss: 0.0263
symmetry_actor_loss: 0.0000
symmetry_critic_loss: 0.0000
actor_learning_rate: 0.0001
critic_learning_rate: 0.0001
Policy/mean_noise_std: 0.4118
Total timesteps: 34013184
[PPO_HEALTH] adv_mean=-1.242e-09 adv_std=1.000000 ratio=1.000412 clip=0.224115 actor_delta=1.238e-01 critic_delta=1.588e-01 action_clip=0.000e+00 reward_identity=1.490e-08
[REWARD] total=0.05821 anchor_pos=0.5751 anchor_ori=0.7545 body_pos=0.9382 body_ori=0.7351
[TRAIN_RESET] count=582 phase0_frac=0.0790 p50=154.0 p95=269.0 target_count=45 target_nonzero=0 curriculum_p50=167.0
[PROGRESS] env_steps=34013184 iteration=3.017s throughput=32578.6
 Learning iteration 346/500 
Computation: 33154 steps/s (Collection: 2.811s, Learning 0.154s)
Value: 0.0255
Surrogate: -0.0100
Entropy: 15.2065
KL: 0.0125
actor_loss: -0.0860
critic_loss: 0.0255
symmetry_actor_loss: 0.0000
symmetry_critic_loss: 0.0000
actor_learning_rate: 0.0001
critic_learning_rate: 0.0001
Policy/mean_noise_std: 0.4111
Total timesteps: 34111488
[PPO_HEALTH] adv_mean=1.552e-10 adv_std=1.000000 ratio=0.999357 clip=0.185758 actor_delta=1.311e-01 critic_delta=1.654e-01 action_clip=0.000e+00 reward_identity=1.490e-08
[REWARD] total=0.05812 anchor_pos=0.5814 anchor_ori=0.7525 body_pos=0.9370 body_ori=0.7346
[TRAIN_RESET] count=598 phase0_frac=0.0635 p50=147.0 p95=266.0 target_count=33 target_nonzero=0 curriculum_p50=158.0
[PROGRESS] env_steps=34111488 iteration=2.974s throughput=33057.2
 Learning iteration 347/500 
Computation: 32411 steps/s (Collection: 2.878s, Learning 0.155s)
Value: 0.0272
Surrogate: -0.0092
Entropy: 15.1546
KL: 0.0154
actor_loss: -0.0850
critic_loss: 0.0272
symmetry_actor_loss: 0.0000
symmetry_critic_loss: 0.0000
actor_learning_rate: 0.0001
critic_learning_rate: 0.0001
Policy/mean_noise_std: 0.4105
Total timesteps: 34209792
[PPO_HEALTH] adv_mean=5.588e-09 adv_std=1.000000 ratio=0.999726 clip=0.226141 actor_delta=1.390e-01 critic_delta=1.993e-01 action_clip=0.000e+00 reward_identity=1.490e-08
[REWARD] total=0.05810 anchor_pos=0.5836 anchor_ori=0.7535 body_pos=0.9370 body_ori=0.7332
[TRAIN_RESET] count=575 phase0_frac=0.0470 p50=154.0 p95=271.0 target_count=26 target_nonzero=0 curriculum_p50=159.0
[PROGRESS] env_steps=34209792 iteration=3.042s throughput=32317.9
 Learning iteration 348/500 
Computation: 32955 steps/s (Collection: 2.830s, Learning 0.153s)
Value: 0.0283
Surrogate: -0.0095
Entropy: 15.1138
KL: 0.0160
actor_loss: -0.0851
critic_loss: 0.0283
symmetry_actor_loss: 0.0000
symmetry_critic_loss: 0.0000
actor_learning_rate: 0.0001
critic_learning_rate: 0.0001
Policy/mean_noise_std: 0.4100
Total timesteps: 34308096
[PPO_HEALTH] adv_mean=-5.898e-09 adv_std=1.000000 ratio=0.999470 clip=0.231838 actor_delta=1.498e-01 critic_delta=2.181e-01 action_clip=0.000e+00 reward_identity=1.490e-08
[REWARD] total=0.05828 anchor_pos=0.5805 anchor_ori=0.7574 body_pos=0.9374 body_ori=0.7344
[TRAIN_RESET] count=588 phase0_frac=0.0646 p50=155.0 p95=267.0 target_count=38 target_nonzero=0 curriculum_p50=164.0
[PROGRESS] env_steps=34308096 iteration=2.992s throughput=32860.8
 Learning iteration 349/500 
Computation: 33585 steps/s (Collection: 2.773s, Learning 0.154s)
Value: 0.0223
Surrogate: -0.0095
Entropy: 15.0687
KL: 0.0154
actor_loss: -0.0848
critic_loss: 0.0223
symmetry_actor_loss: 0.0000
symmetry_critic_loss: 0.0000
actor_learning_rate: 0.0001
critic_learning_rate: 0.0001
Policy/mean_noise_std: 0.4092
Total timesteps: 34406400
[PPO_HEALTH] adv_mean=3.104e-09 adv_std=1.000000 ratio=0.999948 clip=0.227533 actor_delta=1.521e-01 critic_delta=2.019e-01 action_clip=0.000e+00 reward_identity=1.490e-08
[REWARD] total=0.05860 anchor_pos=0.5824 anchor_ori=0.7597 body_pos=0.9391 body_ori=0.7353
[TRAIN_RESET] count=625 phase0_frac=0.0640 p50=146.0 p95=263.0 target_count=38 target_nonzero=0 curriculum_p50=151.0
[PROGRESS] env_steps=34406400 iteration=2.936s throughput=33484.7
[VALIDATION_START] update=350 max_steps=500 envs=4096 fixed_seed=0
[VALIDATION_RESET_START]
[VALIDATION_RESET_DONE] time=7.789s
[VALIDATION_PROGRESS] step=1/500 done=0.00000 alive=1.00000 elapsed=0.205s
[VALIDATION_PROGRESS] step=50/500 done=0.00000 alive=1.00000 elapsed=4.151s
[VALIDATION_PROGRESS] step=100/500 done=0.00000 alive=1.00000 elapsed=8.144s
[VALIDATION_PROGRESS] step=150/500 done=0.00000 alive=1.00000 elapsed=12.031s
[VALIDATION_PROGRESS] step=200/500 done=0.00000 alive=1.00000 elapsed=15.921s
[VALIDATION_PROGRESS] step=250/500 done=0.00000 alive=1.00000 elapsed=20.038s
[VALIDATION_PROGRESS] step=300/500 done=0.00000 alive=1.00000 elapsed=24.155s
[VALIDATION_PROGRESS] step=324/500 done=1.00000 alive=0.00000 elapsed=26.125s
[VALIDATION_DONE] update=350 time=41.869s
[VAL] steps_mean=324.00 steps_min=324 steps_p50=324 steps_p95=324 steps_max=324 return=27.15191 done=1.00000
[VAL_OUTCOME] failure=0.00000 motion_complete=1.00000 time_out=0.00000 censored=0.00000 reference_progress=1.00000
[VAL_CAUSE] anchor_pos_bad=0.00000 anchor_ori_bad=0.00000 ee_body_bad=0.00000 failure_phase_p50=-1.0 completion_phase_p50=324.0
[VAL_RESET] root_pos=0.000000 root_ori=0.000deg anchor_pos=0.010002 anchor_ori=0.000deg joint_pos=0.000000 joint_vel=0.000000 body_pos=0.002920 body_ori=0.000deg
[VAL_TRACKING] joint_pos_mae=0.093741 joint_vel_mae=0.693306 root_lin_mae=0.130965 root_ang_mae=0.826722 pd_target_ref_now=0.212762 pd_target_ref_next=0.209739 torso_ori=7.536deg left_wrist_ori=6.782deg right_wrist_ori=6.848deg
[VAL_DYNAMICS] action_delta=0.086193 action_delta_p95=0.161940 action_d2=0.055472 action_d2_p95=0.132572 joint_vel_jump=0.300685 root_lin_jump=0.033768 root_ang_jump=0.283364 initial_action_delta=0.565834
 Learning iteration 350/500 
Computation: 31280 steps/s (Collection: 2.989s, Learning 0.153s)
Value: 0.0223
Surrogate: -0.0098
Entropy: 15.0109
KL: 0.0155
actor_loss: -0.0849
critic_loss: 0.0223
symmetry_actor_loss: 0.0000
symmetry_critic_loss: 0.0000
actor_learning_rate: 0.0001
critic_learning_rate: 0.0001
Policy/mean_noise_std: 0.4084
Total timesteps: 34504704
[PPO_HEALTH] adv_mean=3.104e-10 adv_std=1.000000 ratio=1.000028 clip=0.228711 actor_delta=1.586e-01 critic_delta=2.097e-01 action_clip=0.000e+00 reward_identity=1.490e-08
[REWARD] total=0.05875 anchor_pos=0.5769 anchor_ori=0.7636 body_pos=0.9382 body_ori=0.7379
[TRAIN_RESET] count=590 phase0_frac=0.0492 p50=159.0 p95=275.0 target_count=26 target_nonzero=0 curriculum_p50=164.0
[PROGRESS] env_steps=34504704 iteration=3.151s throughput=31193.2
 Learning iteration 351/500 
Computation: 31836 steps/s (Collection: 2.936s, Learning 0.152s)
Value: 0.0239
Surrogate: -0.0095
Entropy: 14.9583
KL: 0.0161
actor_loss: -0.0843
critic_loss: 0.0239
symmetry_actor_loss: 0.0000
symmetry_critic_loss: 0.0000
actor_learning_rate: 0.0001
critic_learning_rate: 0.0001
Policy/mean_noise_std: 0.4078
Total timesteps: 34603008
[PPO_HEALTH] adv_mean=1.242e-09 adv_std=1.000000 ratio=1.000801 clip=0.236251 actor_delta=1.537e-01 critic_delta=1.954e-01 action_clip=0.000e+00 reward_identity=1.490e-08
[REWARD] total=0.05892 anchor_pos=0.5824 anchor_ori=0.7645 body_pos=0.9392 body_ori=0.7398
[TRAIN_RESET] count=579 phase0_frac=0.0518 p50=165.0 p95=268.0 target_count=28 target_nonzero=0 curriculum_p50=171.0
[PROGRESS] env_steps=34603008 iteration=3.097s throughput=31745.2
 Learning iteration 352/500 
Computation: 32088 steps/s (Collection: 2.913s, Learning 0.151s)
Value: 0.0224
Surrogate: -0.0100
Entropy: 14.9102
KL: 0.0159
actor_loss: -0.0845
critic_loss: 0.0224
symmetry_actor_loss: 0.0000
symmetry_critic_loss: 0.0000
actor_learning_rate: 0.0001
critic_learning_rate: 0.0001
Policy/mean_noise_std: 0.4070
Total timesteps: 34701312
[PPO_HEALTH] adv_mean=-1.707e-09 adv_std=1.000000 ratio=0.999884 clip=0.233844 actor_delta=1.559e-01 critic_delta=2.066e-01 action_clip=0.000e+00 reward_identity=1.490e-08
[REWARD] total=0.05876 anchor_pos=0.5746 anchor_ori=0.7659 body_pos=0.9387 body_ori=0.7377
[TRAIN_RESET] count=561 phase0_frac=0.0642 p50=159.0 p95=272.0 target_count=33 target_nonzero=0 curriculum_p50=165.0
[PROGRESS] env_steps=34701312 iteration=3.072s throughput=31997.3
 Learning iteration 353/500 
Computation: 33140 steps/s (Collection: 2.815s, Learning 0.152s)
Value: 0.0237
Surrogate: -0.0103
Entropy: 14.8704
KL: 0.0130
actor_loss: -0.0847
critic_loss: 0.0237
symmetry_actor_loss: 0.0000
symmetry_critic_loss: 0.0000
actor_learning_rate: 0.0001
critic_learning_rate: 0.0001
Policy/mean_noise_std: 0.4066
Total timesteps: 34799616
[PPO_HEALTH] adv_mean=-4.657e-10 adv_std=1.000000 ratio=0.999871 clip=0.192893 actor_delta=1.341e-01 critic_delta=1.638e-01 action_clip=0.000e+00 reward_identity=1.490e-08
[REWARD] total=0.05898 anchor_pos=0.5779 anchor_ori=0.7677 body_pos=0.9397 body_ori=0.7386
[TRAIN_RESET] count=586 phase0_frac=0.0648 p50=158.0 p95=272.0 target_count=38 target_nonzero=0 curriculum_p50=166.0
[PROGRESS] env_steps=34799616 iteration=2.975s throughput=33045.7
 Learning iteration 354/500 
Computation: 31798 steps/s (Collection: 2.940s, Learning 0.151s)
Value: 0.0243
Surrogate: -0.0103
Entropy: 14.8295
KL: 0.0158
actor_loss: -0.0844
critic_loss: 0.0243
symmetry_actor_loss: 0.0000
symmetry_critic_loss: 0.0000
actor_learning_rate: 0.0001
critic_learning_rate: 0.0001
Policy/mean_noise_std: 0.4060
Total timesteps: 34897920
[PPO_HEALTH] adv_mean=-3.725e-09 adv_std=1.000000 ratio=0.999790 clip=0.232749 actor_delta=1.433e-01 critic_delta=1.890e-01 action_clip=0.000e+00 reward_identity=1.490e-08
[REWARD] total=0.05914 anchor_pos=0.5842 anchor_ori=0.7668 body_pos=0.9398 body_ori=0.7394
[TRAIN_RESET] count=650 phase0_frac=0.0615 p50=158.0 p95=266.0 target_count=39 target_nonzero=0 curriculum_p50=169.0
[PROGRESS] env_steps=34897920 iteration=3.100s throughput=31707.7
 Learning iteration 355/500 
Computation: 32616 steps/s (Collection: 2.860s, Learning 0.154s)
Value: 0.0243
Surrogate: -0.0102
Entropy: 14.7887
KL: 0.0149
actor_loss: -0.0841
critic_loss: 0.0243
symmetry_actor_loss: 0.0000
symmetry_critic_loss: 0.0000
actor_learning_rate: 0.0001
critic_learning_rate: 0.0001
Policy/mean_noise_std: 0.4055
Total timesteps: 34996224
[PPO_HEALTH] adv_mean=6.209e-10 adv_std=1.000000 ratio=0.999248 clip=0.215426 actor_delta=1.397e-01 critic_delta=1.794e-01 action_clip=0.000e+00 reward_identity=1.490e-08
[REWARD] total=0.05897 anchor_pos=0.5913 anchor_ori=0.7641 body_pos=0.9392 body_ori=0.7366
[TRAIN_RESET] count=571 phase0_frac=0.0508 p50=168.0 p95=272.0 target_count=27 target_nonzero=0 curriculum_p50=174.0
[PROGRESS] env_steps=34996224 iteration=3.023s throughput=32521.5
 Learning iteration 356/500 
Computation: 32854 steps/s (Collection: 2.834s, Learning 0.158s)
Value: 0.0211
Surrogate: -0.0099
Entropy: 14.7543
KL: 0.0125
actor_loss: -0.0836
critic_loss: 0.0211
symmetry_actor_loss: 0.0000
symmetry_critic_loss: 0.0000
actor_learning_rate: 0.0001
critic_learning_rate: 0.0001
Policy/mean_noise_std: 0.4050
Total timesteps: 35094528
[PPO_HEALTH] adv_mean=-3.104e-10 adv_std=1.000000 ratio=1.000135 clip=0.187282 actor_delta=1.367e-01 critic_delta=1.601e-01 action_clip=0.000e+00 reward_identity=1.490e-08
[REWARD] total=0.05919 anchor_pos=0.5883 anchor_ori=0.7649 body_pos=0.9399 body_ori=0.7398
[TRAIN_RESET] count=596 phase0_frac=0.0604 p50=160.0 p95=274.0 target_count=36 target_nonzero=0 curriculum_p50=170.0
[PROGRESS] env_steps=35094528 iteration=3.001s throughput=32758.4
 Learning iteration 357/500 
Computation: 32973 steps/s (Collection: 2.828s, Learning 0.153s)
Value: 0.0245
Surrogate: -0.0096
Entropy: 14.7144
KL: 0.0154
actor_loss: -0.0832
critic_loss: 0.0245
symmetry_actor_loss: 0.0000
symmetry_critic_loss: 0.0000
actor_learning_rate: 0.0001
critic_learning_rate: 0.0001
Policy/mean_noise_std: 0.4045
Total timesteps: 35192832
[PPO_HEALTH] adv_mean=-1.242e-09 adv_std=1.000000 ratio=0.999196 clip=0.223438 actor_delta=1.323e-01 critic_delta=1.651e-01 action_clip=0.000e+00 reward_identity=1.490e-08
[REWARD] total=0.05925 anchor_pos=0.5850 anchor_ori=0.7654 body_pos=0.9401 body_ori=0.7404
[TRAIN_RESET] count=614 phase0_frac=0.0407 p50=164.0 p95=268.0 target_count=25 target_nonzero=0 curriculum_p50=172.0
[PROGRESS] env_steps=35192832 iteration=2.990s throughput=32878.8
 Learning iteration 358/500 
Computation: 32699 steps/s (Collection: 2.853s, Learning 0.153s)
Value: 0.0200
Surrogate: -0.0108
Entropy: 14.6694
KL: 0.0125
actor_loss: -0.0841
critic_loss: 0.0200
symmetry_actor_loss: 0.0000
symmetry_critic_loss: 0.0000
actor_learning_rate: 0.0001
critic_learning_rate: 0.0001
Policy/mean_noise_std: 0.4037
Total timesteps: 35291136
[PPO_HEALTH] adv_mean=1.242e-09 adv_std=1.000000 ratio=1.000531 clip=0.185388 actor_delta=1.372e-01 critic_delta=1.632e-01 action_clip=0.000e+00 reward_identity=1.490e-08
[REWARD] total=0.05945 anchor_pos=0.5824 anchor_ori=0.7740 body_pos=0.9410 body_ori=0.7411
[TRAIN_RESET] count=560 phase0_frac=0.0643 p50=156.0 p95=265.0 target_count=34 target_nonzero=0 curriculum_p50=163.0
[PROGRESS] env_steps=35291136 iteration=3.015s throughput=32603.9
 Learning iteration 359/500 
Computation: 31829 steps/s (Collection: 2.935s, Learning 0.153s)
Value: 0.0217
Surrogate: -0.0087
Entropy: 14.6033
KL: 0.0145
actor_loss: -0.0818
critic_loss: 0.0217
symmetry_actor_loss: 0.0000
symmetry_critic_loss: 0.0000
actor_learning_rate: 0.0001
critic_learning_rate: 0.0001
Policy/mean_noise_std: 0.4029
Total timesteps: 35389440
[PPO_HEALTH] adv_mean=1.863e-09 adv_std=1.000000 ratio=0.999781 clip=0.214539 actor_delta=1.315e-01 critic_delta=1.679e-01 action_clip=0.000e+00 reward_identity=1.490e-08
[REWARD] total=0.05947 anchor_pos=0.5805 anchor_ori=0.7743 body_pos=0.9408 body_ori=0.7417
[TRAIN_RESET] count=653 phase0_frac=0.0674 p50=160.0 p95=266.0 target_count=39 target_nonzero=0 curriculum_p50=167.0
[PROGRESS] env_steps=35389440 iteration=3.097s throughput=31739.5
 Learning iteration 360/500 
Computation: 32973 steps/s (Collection: 2.829s, Learning 0.152s)
Value: 0.0251
Surrogate: -0.0089
Entropy: 14.5601
KL: 0.0165
actor_loss: -0.0817
critic_loss: 0.0251
symmetry_actor_loss: 0.0000
symmetry_critic_loss: 0.0000
actor_learning_rate: 0.0001
critic_learning_rate: 0.0001
Policy/mean_noise_std: 0.4025
Total timesteps: 35487744
[PPO_HEALTH] adv_mean=-4.346e-09 adv_std=1.000000 ratio=0.999681 clip=0.240987 actor_delta=1.391e-01 critic_delta=1.897e-01 action_clip=0.000e+00 reward_identity=1.490e-08
[REWARD] total=0.05949 anchor_pos=0.5838 anchor_ori=0.7707 body_pos=0.9403 body_ori=0.7435
[TRAIN_RESET] count=620 phase0_frac=0.0694 p50=155.0 p95=269.0 target_count=41 target_nonzero=0 curriculum_p50=167.0
[PROGRESS] env_steps=35487744 iteration=2.990s throughput=32877.9
 Learning iteration 361/500 
Computation: 33870 steps/s (Collection: 2.747s, Learning 0.155s)
Value: 0.0248
Surrogate: -0.0091
Entropy: 14.5299
KL: 0.0161
actor_loss: -0.0818
critic_loss: 0.0248
symmetry_actor_loss: 0.0000
symmetry_critic_loss: 0.0000
actor_learning_rate: 0.0001
critic_learning_rate: 0.0001
Policy/mean_noise_std: 0.4019
Total timesteps: 35586048
[PPO_HEALTH] adv_mean=2.484e-09 adv_std=1.000000 ratio=0.999413 clip=0.237946 actor_delta=1.480e-01 critic_delta=2.016e-01 action_clip=0.000e+00 reward_identity=1.490e-08
[REWARD] total=0.05951 anchor_pos=0.5817 anchor_ori=0.7734 body_pos=0.9406 body_ori=0.7414
[TRAIN_RESET] count=541 phase0_frac=0.0481 p50=147.0 p95=260.0 target_count=24 target_nonzero=0 curriculum_p50=153.0
[PROGRESS] env_steps=35586048 iteration=2.911s throughput=33767.8
 Learning iteration 362/500 
Computation: 34295 steps/s (Collection: 2.713s, Learning 0.153s)
Value: 0.0261
Surrogate: -0.0089
Entropy: 14.4834
KL: 0.0156
actor_loss: -0.0813
critic_loss: 0.0261
symmetry_actor_loss: 0.0000
symmetry_critic_loss: 0.0000
actor_learning_rate: 0.0001
critic_learning_rate: 0.0001
Policy/mean_noise_std: 0.4013
Total timesteps: 35684352
[PPO_HEALTH] adv_mean=-6.209e-09 adv_std=1.000000 ratio=0.999313 clip=0.227818 actor_delta=1.273e-01 critic_delta=1.738e-01 action_clip=0.000e+00 reward_identity=1.490e-08
[REWARD] total=0.05989 anchor_pos=0.5860 anchor_ori=0.7784 body_pos=0.9416 body_ori=0.7425
[TRAIN_RESET] count=629 phase0_frac=0.0652 p50=154.0 p95=266.0 target_count=40 target_nonzero=0 curriculum_p50=166.0
[PROGRESS] env_steps=35684352 iteration=2.875s throughput=34191.9
 Learning iteration 363/500 
Computation: 33735 steps/s (Collection: 2.761s, Learning 0.153s)
Value: 0.0227
Surrogate: -0.0092
Entropy: 14.4442
KL: 0.0130
actor_loss: -0.0814
critic_loss: 0.0227
symmetry_actor_loss: 0.0000
symmetry_critic_loss: 0.0000
actor_learning_rate: 0.0001
critic_learning_rate: 0.0001
Policy/mean_noise_std: 0.4007
Total timesteps: 35782656
[PPO_HEALTH] adv_mean=-3.725e-09 adv_std=1.000000 ratio=0.999802 clip=0.194155 actor_delta=1.318e-01 critic_delta=1.687e-01 action_clip=0.000e+00 reward_identity=1.490e-08
[REWARD] total=0.05998 anchor_pos=0.5940 anchor_ori=0.7749 body_pos=0.9409 body_ori=0.7442
[TRAIN_RESET] count=625 phase0_frac=0.0512 p50=153.0 p95=267.0 target_count=28 target_nonzero=0 curriculum_p50=161.0
[PROGRESS] env_steps=35782656 iteration=2.923s throughput=33632.9
 Learning iteration 364/500 
Computation: 34169 steps/s (Collection: 2.725s, Learning 0.152s)
Value: 0.0246
Surrogate: -0.0094
Entropy: 14.3924
KL: 0.0142
actor_loss: -0.0813
critic_loss: 0.0246
symmetry_actor_loss: 0.0000
symmetry_critic_loss: 0.0000
actor_learning_rate: 0.0001
critic_learning_rate: 0.0001
Policy/mean_noise_std: 0.4000
Total timesteps: 35880960
[PPO_HEALTH] adv_mean=-6.209e-10 adv_std=1.000000 ratio=0.999497 clip=0.208616 actor_delta=1.356e-01 critic_delta=1.870e-01 action_clip=0.000e+00 reward_identity=1.490e-08
[REWARD] total=0.06005 anchor_pos=0.5977 anchor_ori=0.7733 body_pos=0.9410 body_ori=0.7429
[TRAIN_RESET] count=577 phase0_frac=0.0451 p50=162.0 p95=267.0 target_count=25 target_nonzero=0 curriculum_p50=167.0
[PROGRESS] env_steps=35880960 iteration=2.886s throughput=34063.8
 Learning iteration 365/500 
Computation: 33635 steps/s (Collection: 2.770s, Learning 0.152s)
Value: 0.0226
Surrogate: -0.0096
Entropy: 14.3388
KL: 0.0154
actor_loss: -0.0813
critic_loss: 0.0226
symmetry_actor_loss: 0.0000
symmetry_critic_loss: 0.0000
actor_learning_rate: 0.0001
critic_learning_rate: 0.0001
Policy/mean_noise_std: 0.3993
Total timesteps: 35979264
[PPO_HEALTH] adv_mean=-1.180e-08 adv_std=1.000000 ratio=0.999460 clip=0.229885 actor_delta=1.405e-01 critic_delta=1.818e-01 action_clip=0.000e+00 reward_identity=1.490e-08
[REWARD] total=0.06028 anchor_pos=0.5953 anchor_ori=0.7740 body_pos=0.9411 body_ori=0.7453
[TRAIN_RESET] count=595 phase0_frac=0.0622 p50=163.0 p95=270.0 target_count=35 target_nonzero=0 curriculum_p50=170.0
[PROGRESS] env_steps=35979264 iteration=2.931s throughput=33537.8
 Learning iteration 366/500 
Computation: 33261 steps/s (Collection: 2.797s, Learning 0.159s)
Value: 0.0223
Surrogate: -0.0091
Entropy: 14.2950
KL: 0.0159
actor_loss: -0.0806
critic_loss: 0.0223
symmetry_actor_loss: 0.0000
symmetry_critic_loss: 0.0000
actor_learning_rate: 0.0001
critic_learning_rate: 0.0001
Policy/mean_noise_std: 0.3988
Total timesteps: 36077568
[PPO_HEALTH] adv_mean=-1.242e-09 adv_std=1.000000 ratio=1.000608 clip=0.235584 actor_delta=1.439e-01 critic_delta=1.991e-01 action_clip=0.000e+00 reward_identity=1.490e-08
[REWARD] total=0.06045 anchor_pos=0.6013 anchor_ori=0.7740 body_pos=0.9418 body_ori=0.7469
[TRAIN_RESET] count=586 phase0_frac=0.0580 p50=164.0 p95=268.0 target_count=33 target_nonzero=0 curriculum_p50=173.0
[PROGRESS] env_steps=36077568 iteration=2.964s throughput=33166.3
 Learning iteration 367/500 
Computation: 33686 steps/s (Collection: 2.759s, Learning 0.159s)
Value: 0.0251
Surrogate: -0.0094
Entropy: 14.2505
KL: 0.0149
actor_loss: -0.0807
critic_loss: 0.0251
symmetry_actor_loss: 0.0000
symmetry_critic_loss: 0.0000
actor_learning_rate: 0.0001
critic_learning_rate: 0.0001
Policy/mean_noise_std: 0.3981
Total timesteps: 36175872
[PPO_HEALTH] adv_mean=-4.346e-09 adv_std=1.000000 ratio=0.999735 clip=0.219505 actor_delta=1.390e-01 critic_delta=1.963e-01 action_clip=0.000e+00 reward_identity=1.490e-08
[REWARD] total=0.06049 anchor_pos=0.6053 anchor_ori=0.7720 body_pos=0.9414 body_ori=0.7459
[TRAIN_RESET] count=588 phase0_frac=0.0595 p50=162.0 p95=268.0 target_count=33 target_nonzero=0 curriculum_p50=172.0
[PROGRESS] env_steps=36175872 iteration=2.927s throughput=33586.7
 Learning iteration 368/500 
Computation: 33368 steps/s (Collection: 2.789s, Learning 0.157s)
Value: 0.0292
Surrogate: -0.0086
Entropy: 14.2082
KL: 0.0167
actor_loss: -0.0796
critic_loss: 0.0292
symmetry_actor_loss: 0.0000
symmetry_critic_loss: 0.0000
actor_learning_rate: 0.0001
critic_learning_rate: 0.0001
Policy/mean_noise_std: 0.3977
Total timesteps: 36274176
[PPO_HEALTH] adv_mean=9.313e-10 adv_std=1.000000 ratio=0.999405 clip=0.241996 actor_delta=1.425e-01 critic_delta=2.064e-01 action_clip=0.000e+00 reward_identity=1.490e-08
[REWARD] total=0.06042 anchor_pos=0.6066 anchor_ori=0.7734 body_pos=0.9422 body_ori=0.7467
[TRAIN_RESET] count=588 phase0_frac=0.0612 p50=166.0 p95=272.0 target_count=33 target_nonzero=0 curriculum_p50=174.0
[PROGRESS] env_steps=36274176 iteration=2.955s throughput=33269.3
 Learning iteration 369/500 
Computation: 33092 steps/s (Collection: 2.815s, Learning 0.155s)
Value: 0.0265
Surrogate: -0.0089
Entropy: 14.1838
KL: 0.0151
actor_loss: -0.0798
critic_loss: 0.0265
symmetry_actor_loss: 0.0000
symmetry_critic_loss: 0.0000
actor_learning_rate: 0.0001
critic_learning_rate: 0.0001
Policy/mean_noise_std: 0.3974
Total timesteps: 36372480
[PPO_HEALTH] adv_mean=6.209e-10 adv_std=1.000000 ratio=1.000031 clip=0.221413 actor_delta=1.337e-01 critic_delta=1.853e-01 action_clip=0.000e+00 reward_identity=1.490e-08
[REWARD] total=0.06043 anchor_pos=0.6004 anchor_ori=0.7750 body_pos=0.9419 body_ori=0.7456
[TRAIN_RESET] count=619 phase0_frac=0.0533 p50=157.0 p95=271.0 target_count=32 target_nonzero=0 curriculum_p50=166.0
[PROGRESS] env_steps=36372480 iteration=2.979s throughput=32995.3
 Learning iteration 370/500 
Computation: 33654 steps/s (Collection: 2.768s, Learning 0.153s)
Value: 0.0239
Surrogate: -0.0088
Entropy: 14.1618
KL: 0.0151
actor_loss: -0.0796
critic_loss: 0.0239
symmetry_actor_loss: 0.0000
symmetry_critic_loss: 0.0000
actor_learning_rate: 0.0001
critic_learning_rate: 0.0001
Policy/mean_noise_std: 0.3971
Total timesteps: 36470784
[PPO_HEALTH] adv_mean=-1.242e-09 adv_std=1.000000 ratio=0.999669 clip=0.221895 actor_delta=1.359e-01 critic_delta=1.927e-01 action_clip=0.000e+00 reward_identity=1.490e-08
[REWARD] total=0.06066 anchor_pos=0.6038 anchor_ori=0.7797 body_pos=0.9434 body_ori=0.7478
[TRAIN_RESET] count=618 phase0_frac=0.0615 p50=168.0 p95=274.0 target_count=36 target_nonzero=0 curriculum_p50=176.0
[PROGRESS] env_steps=36470784 iteration=2.930s throughput=33553.5
 Learning iteration 371/500 
Computation: 32119 steps/s (Collection: 2.906s, Learning 0.154s)
Value: 0.0305
Surrogate: -0.0087
Entropy: 14.1422
KL: 0.0158
actor_loss: -0.0794
critic_loss: 0.0305
symmetry_actor_loss: 0.0000
symmetry_critic_loss: 0.0000
actor_learning_rate: 0.0001
critic_learning_rate: 0.0001
Policy/mean_noise_std: 0.3969
Total timesteps: 36569088
[PPO_HEALTH] adv_mean=-1.863e-09 adv_std=1.000000 ratio=0.999647 clip=0.231748 actor_delta=1.379e-01 critic_delta=2.138e-01 action_clip=0.000e+00 reward_identity=1.490e-08
[REWARD] total=0.06050 anchor_pos=0.6076 anchor_ori=0.7763 body_pos=0.9432 body_ori=0.7465
[TRAIN_RESET] count=650 phase0_frac=0.0523 p50=172.0 p95=269.0 target_count=33 target_nonzero=0 curriculum_p50=180.0
[PROGRESS] env_steps=36569088 iteration=3.069s throughput=32029.3
 Learning iteration 372/500 
Computation: 31249 steps/s (Collection: 2.991s, Learning 0.155s)
Value: 0.0281
Surrogate: -0.0090
Entropy: 14.1260
KL: 0.0156
actor_loss: -0.0796
critic_loss: 0.0281
symmetry_actor_loss: 0.0000
symmetry_critic_loss: 0.0000
actor_learning_rate: 0.0001
critic_learning_rate: 0.0001
Policy/mean_noise_std: 0.3966
Total timesteps: 36667392
[PPO_HEALTH] adv_mean=3.725e-09 adv_std=1.000000 ratio=1.000324 clip=0.230904 actor_delta=1.347e-01 critic_delta=2.064e-01 action_clip=0.000e+00 reward_identity=1.490e-08
[REWARD] total=0.06051 anchor_pos=0.6092 anchor_ori=0.7738 body_pos=0.9433 body_ori=0.7477
[TRAIN_RESET] count=587 phase0_frac=0.0750 p50=173.0 p95=272.0 target_count=43 target_nonzero=0 curriculum_p50=183.0
[PROGRESS] env_steps=36667392 iteration=3.154s throughput=31164.3
 Learning iteration 373/500 
Computation: 33312 steps/s (Collection: 2.795s, Learning 0.156s)
Value: 0.0227
Surrogate: -0.0101
Entropy: 14.0967
KL: 0.0156
actor_loss: -0.0806
critic_loss: 0.0227
symmetry_actor_loss: 0.0000
symmetry_critic_loss: 0.0000
actor_learning_rate: 0.0001
critic_learning_rate: 0.0001
Policy/mean_noise_std: 0.3961
Total timesteps: 36765696
[PPO_HEALTH] adv_mean=-7.761e-09 adv_std=1.000000 ratio=0.999862 clip=0.227966 actor_delta=1.433e-01 critic_delta=2.010e-01 action_clip=0.000e+00 reward_identity=1.490e-08
[REWARD] total=0.06064 anchor_pos=0.6054 anchor_ori=0.7757 body_pos=0.9436 body_ori=0.7489
[TRAIN_RESET] count=597 phase0_frac=0.0637 p50=162.0 p95=266.0 target_count=38 target_nonzero=0 curriculum_p50=173.0
[PROGRESS] env_steps=36765696 iteration=2.960s throughput=33214.9
 Learning iteration 374/500 
Computation: 33850 steps/s (Collection: 2.748s, Learning 0.156s)
Value: 0.0246
Surrogate: -0.0096
Entropy: 14.0503
KL: 0.0149
actor_loss: -0.0798
critic_loss: 0.0246
symmetry_actor_loss: 0.0000
symmetry_critic_loss: 0.0000
actor_learning_rate: 0.0001
critic_learning_rate: 0.0001
Policy/mean_noise_std: 0.3954
Total timesteps: 36864000
[PPO_HEALTH] adv_mean=-4.657e-10 adv_std=1.000000 ratio=0.998912 clip=0.218656 actor_delta=1.377e-01 critic_delta=1.905e-01 action_clip=0.000e+00 reward_identity=1.490e-08
[REWARD] total=0.06069 anchor_pos=0.6047 anchor_ori=0.7747 body_pos=0.9428 body_ori=0.7484
[TRAIN_RESET] count=650 phase0_frac=0.0492 p50=172.0 p95=270.0 target_count=30 target_nonzero=0 curriculum_p50=176.0
[PROGRESS] env_steps=36864000 iteration=2.913s throughput=33749.4
 Learning iteration 375/500 
Computation: 32856 steps/s (Collection: 2.837s, Learning 0.155s)
Value: 0.0225
Surrogate: -0.0091
Entropy: 14.0006
KL: 0.0155
actor_loss: -0.0791
critic_loss: 0.0225
symmetry_actor_loss: 0.0000
symmetry_critic_loss: 0.0000
actor_learning_rate: 0.0001
critic_learning_rate: 0.0001
Policy/mean_noise_std: 0.3947
Total timesteps: 36962304
[PPO_HEALTH] adv_mean=-3.725e-09 adv_std=1.000000 ratio=1.000470 clip=0.228544 actor_delta=1.398e-01 critic_delta=1.898e-01 action_clip=0.000e+00 reward_identity=1.490e-08
[REWARD] total=0.06085 anchor_pos=0.6064 anchor_ori=0.7774 body_pos=0.9433 body_ori=0.7501
[TRAIN_RESET] count=620 phase0_frac=0.0597 p50=168.0 p95=269.0 target_count=37 target_nonzero=0 curriculum_p50=176.0
[PROGRESS] env_steps=36962304 iteration=3.000s throughput=32762.6
 Learning iteration 376/500 
Computation: 33074 steps/s (Collection: 2.819s, Learning 0.153s)
Value: 0.0240
Surrogate: -0.0096
Entropy: 13.9513
KL: 0.0155
actor_loss: -0.0793
critic_loss: 0.0240
symmetry_actor_loss: 0.0000
symmetry_critic_loss: 0.0000
actor_learning_rate: 0.0001
critic_learning_rate: 0.0001
Policy/mean_noise_std: 0.3941
Total timesteps: 37060608
[PPO_HEALTH] adv_mean=1.087e-09 adv_std=1.000000 ratio=0.999867 clip=0.224937 actor_delta=1.403e-01 critic_delta=1.927e-01 action_clip=0.000e+00 reward_identity=2.980e-08
[REWARD] total=0.06107 anchor_pos=0.6000 anchor_ori=0.7819 body_pos=0.9442 body_ori=0.7525
[TRAIN_RESET] count=621 phase0_frac=0.0580 p50=163.0 p95=266.0 target_count=35 target_nonzero=0 curriculum_p50=169.0
[PROGRESS] env_steps=37060608 iteration=2.981s throughput=32976.8
 Learning iteration 377/500 
Computation: 30550 steps/s (Collection: 3.064s, Learning 0.154s)
Value: 0.0215
Surrogate: -0.0085
Entropy: 13.9096
KL: 0.0164
actor_loss: -0.0781
critic_loss: 0.0215
symmetry_actor_loss: 0.0000
symmetry_critic_loss: 0.0000
actor_learning_rate: 0.0001
critic_learning_rate: 0.0001
Policy/mean_noise_std: 0.3936
Total timesteps: 37158912
[PPO_HEALTH] adv_mean=-3.725e-09 adv_std=1.000000 ratio=0.998475 clip=0.241237 actor_delta=1.387e-01 critic_delta=1.819e-01 action_clip=0.000e+00 reward_identity=1.490e-08
[REWARD] total=0.06112 anchor_pos=0.5980 anchor_ori=0.7856 body_pos=0.9447 body_ori=0.7525
[TRAIN_RESET] count=637 phase0_frac=0.0345 p50=175.0 p95=263.0 target_count=21 target_nonzero=0 curriculum_p50=179.0
[PROGRESS] env_steps=37158912 iteration=3.227s throughput=30465.5
 Learning iteration 378/500 
Computation: 30783 steps/s (Collection: 3.039s, Learning 0.154s)
Value: 0.0225
Surrogate: -0.0092
Entropy: 13.8727
KL: 0.0164
actor_loss: -0.0786
critic_loss: 0.0225
symmetry_actor_loss: 0.0000
symmetry_critic_loss: 0.0000
actor_learning_rate: 0.0002
critic_learning_rate: 0.0002
Policy/mean_noise_std: 0.3930
Total timesteps: 37257216
[PPO_HEALTH] adv_mean=2.484e-09 adv_std=1.000000 ratio=0.999505 clip=0.237797 actor_delta=1.594e-01 critic_delta=2.234e-01 action_clip=0.000e+00 reward_identity=1.490e-08
[REWARD] total=0.06100 anchor_pos=0.5966 anchor_ori=0.7803 body_pos=0.9436 body_ori=0.7528
[TRAIN_RESET] count=618 phase0_frac=0.0550 p50=168.0 p95=277.0 target_count=33 target_nonzero=0 curriculum_p50=174.0
[PROGRESS] env_steps=37257216 iteration=3.202s throughput=30701.3
 Learning iteration 379/500 
Computation: 32016 steps/s (Collection: 2.915s, Learning 0.155s)
Value: 0.0220
Surrogate: -0.0085
Entropy: 13.8402
KL: 0.0163
actor_loss: -0.0777
critic_loss: 0.0220
symmetry_actor_loss: 0.0000
symmetry_critic_loss: 0.0000
actor_learning_rate: 0.0002
critic_learning_rate: 0.0002
Policy/mean_noise_std: 0.3926
Total timesteps: 37355520
[PPO_HEALTH] adv_mean=-1.242e-09 adv_std=1.000000 ratio=1.000578 clip=0.239486 actor_delta=1.597e-01 critic_delta=2.277e-01 action_clip=0.000e+00 reward_identity=1.490e-08
[REWARD] total=0.06103 anchor_pos=0.5983 anchor_ori=0.7769 body_pos=0.9430 body_ori=0.7533
[TRAIN_RESET] count=582 phase0_frac=0.0601 p50=167.0 p95=264.0 target_count=34 target_nonzero=0 curriculum_p50=175.0
[PROGRESS] env_steps=37355520 iteration=3.079s throughput=31926.0
 Learning iteration 380/500 
Computation: 33108 steps/s (Collection: 2.816s, Learning 0.153s)
Value: 0.0212
Surrogate: -0.0088
Entropy: 13.8051
KL: 0.0148
actor_loss: -0.0778
critic_loss: 0.0212
symmetry_actor_loss: 0.0000
symmetry_critic_loss: 0.0000
actor_learning_rate: 0.0001
critic_learning_rate: 0.0001
Policy/mean_noise_std: 0.3921
Total timesteps: 37453824
[PPO_HEALTH] adv_mean=6.209e-10 adv_std=1.000000 ratio=0.999560 clip=0.217694 actor_delta=1.288e-01 critic_delta=1.762e-01 action_clip=0.000e+00 reward_identity=1.490e-08
[REWARD] total=0.06104 anchor_pos=0.5944 anchor_ori=0.7775 body_pos=0.9436 body_ori=0.7527
[TRAIN_RESET] count=595 phase0_frac=0.0622 p50=165.0 p95=269.0 target_count=34 target_nonzero=0 curriculum_p50=173.0
[PROGRESS] env_steps=37453824 iteration=2.978s throughput=33013.8
 Learning iteration 381/500 
Computation: 31886 steps/s (Collection: 2.927s, Learning 0.155s)
Value: 0.0235
Surrogate: -0.0090
Entropy: 13.7690
KL: 0.0155
actor_loss: -0.0779
critic_loss: 0.0235
symmetry_actor_loss: 0.0000
symmetry_critic_loss: 0.0000
actor_learning_rate: 0.0001
critic_learning_rate: 0.0001
Policy/mean_noise_std: 0.3917
Total timesteps: 37552128
[PPO_HEALTH] adv_mean=3.104e-09 adv_std=1.000000 ratio=1.000549 clip=0.227354 actor_delta=1.321e-01 critic_delta=1.911e-01 action_clip=0.000e+00 reward_identity=1.490e-08
[REWARD] total=0.06108 anchor_pos=0.5963 anchor_ori=0.7779 body_pos=0.9435 body_ori=0.7527
[TRAIN_RESET] count=609 phase0_frac=0.0657 p50=168.0 p95=266.0 target_count=39 target_nonzero=0 curriculum_p50=180.0
[PROGRESS] env_steps=37552128 iteration=3.092s throughput=31795.8
 Learning iteration 382/500 
Computation: 31318 steps/s (Collection: 2.984s, Learning 0.155s)
Value: 0.0240
Surrogate: -0.0090
Entropy: 13.7458
KL: 0.0164
actor_loss: -0.0777
critic_loss: 0.0240
symmetry_actor_loss: 0.0000
symmetry_critic_loss: 0.0000
actor_learning_rate: 0.0001
critic_learning_rate: 0.0001
Policy/mean_noise_std: 0.3915
Total timesteps: 37650432
[PPO_HEALTH] adv_mean=-1.242e-09 adv_std=1.000000 ratio=0.999888 clip=0.242594 actor_delta=1.381e-01 critic_delta=1.957e-01 action_clip=0.000e+00 reward_identity=1.490e-08
[REWARD] total=0.06115 anchor_pos=0.5955 anchor_ori=0.7805 body_pos=0.9439 body_ori=0.7520
[TRAIN_RESET] count=635 phase0_frac=0.0409 p50=167.0 p95=271.0 target_count=25 target_nonzero=0 curriculum_p50=171.0
[PROGRESS] env_steps=37650432 iteration=3.147s throughput=31233.9
 Learning iteration 383/500 
Computation: 32997 steps/s (Collection: 2.824s, Learning 0.155s)
Value: 0.0241
Surrogate: -0.0086
Entropy: 13.7262
KL: 0.0137
actor_loss: -0.0772
critic_loss: 0.0241
symmetry_actor_loss: 0.0000
symmetry_critic_loss: 0.0000
actor_learning_rate: 0.0001
critic_learning_rate: 0.0001
Policy/mean_noise_std: 0.3911
Total timesteps: 37748736
[PPO_HEALTH] adv_mean=3.260e-09 adv_std=1.000000 ratio=0.999916 clip=0.203798 actor_delta=1.222e-01 critic_delta=1.903e-01 action_clip=0.000e+00 reward_identity=1.490e-08
[REWARD] total=0.06095 anchor_pos=0.5960 anchor_ori=0.7790 body_pos=0.9430 body_ori=0.7489
[TRAIN_RESET] count=614 phase0_frac=0.0603 p50=170.0 p95=271.0 target_count=35 target_nonzero=0 curriculum_p50=181.0
[PROGRESS] env_steps=37748736 iteration=2.988s throughput=32902.8
 Learning iteration 384/500 
Computation: 32629 steps/s (Collection: 2.861s, Learning 0.152s)
Value: 0.0226
Surrogate: -0.0092
Entropy: 13.6796
KL: 0.0149
actor_loss: -0.0776
critic_loss: 0.0226
symmetry_actor_loss: 0.0000
symmetry_critic_loss: 0.0000
actor_learning_rate: 0.0001
critic_learning_rate: 0.0001
Policy/mean_noise_std: 0.3904
Total timesteps: 37847040
[PPO_HEALTH] adv_mean=6.209e-10 adv_std=1.000000 ratio=1.000008 clip=0.221379 actor_delta=1.402e-01 critic_delta=1.938e-01 action_clip=0.000e+00 reward_identity=1.490e-08
[REWARD] total=0.06117 anchor_pos=0.5968 anchor_ori=0.7813 body_pos=0.9437 body_ori=0.7519
[TRAIN_RESET] count=677 phase0_frac=0.0473 p50=161.0 p95=269.0 target_count=31 target_nonzero=0 curriculum_p50=168.0
[PROGRESS] env_steps=37847040 iteration=3.022s throughput=32532.2
 Learning iteration 385/500 
Computation: 32699 steps/s (Collection: 2.852s, Learning 0.154s)
Value: 0.0239
Surrogate: -0.0093
Entropy: 13.6358
KL: 0.0141
actor_loss: -0.0774
critic_loss: 0.0239
symmetry_actor_loss: 0.0000
symmetry_critic_loss: 0.0000
actor_learning_rate: 0.0001
critic_learning_rate: 0.0001
Policy/mean_noise_std: 0.3898
Total timesteps: 37945344
[PPO_HEALTH] adv_mean=-2.018e-09 adv_std=1.000000 ratio=0.999851 clip=0.208108 actor_delta=1.328e-01 critic_delta=1.721e-01 action_clip=0.000e+00 reward_identity=1.490e-08
[REWARD] total=0.06142 anchor_pos=0.6010 anchor_ori=0.7830 body_pos=0.9442 body_ori=0.7543
[TRAIN_RESET] count=589 phase0_frac=0.0747 p50=164.0 p95=269.0 target_count=44 target_nonzero=0 curriculum_p50=177.0
[PROGRESS] env_steps=37945344 iteration=3.015s throughput=32605.9
 Learning iteration 386/500 
Computation: 33582 steps/s (Collection: 2.773s, Learning 0.154s)
Value: 0.0220
Surrogate: -0.0096
Entropy: 13.5936
KL: 0.0163
actor_loss: -0.0776
critic_loss: 0.0220
symmetry_actor_loss: 0.0000
symmetry_critic_loss: 0.0000
actor_learning_rate: 0.0001
critic_learning_rate: 0.0001
Policy/mean_noise_std: 0.3894
Total timesteps: 38043648
[PPO_HEALTH] adv_mean=-6.209e-10 adv_std=1.000000 ratio=0.998549 clip=0.234890 actor_delta=1.444e-01 critic_delta=2.027e-01 action_clip=0.000e+00 reward_identity=1.490e-08
[REWARD] total=0.06138 anchor_pos=0.6002 anchor_ori=0.7826 body_pos=0.9437 body_ori=0.7546
[TRAIN_RESET] count=630 phase0_frac=0.0635 p50=180.0 p95=271.0 target_count=40 target_nonzero=0 curriculum_p50=186.0
[PROGRESS] env_steps=38043648 iteration=2.936s throughput=33485.1
 Learning iteration 387/500 
Computation: 31141 steps/s (Collection: 3.003s, Learning 0.153s)
Value: 0.0233
Surrogate: -0.0096
Entropy: 13.5671
KL: 0.0130
actor_loss: -0.0775
critic_loss: 0.0233
symmetry_actor_loss: 0.0000
symmetry_critic_loss: 0.0000
actor_learning_rate: 0.0001
critic_learning_rate: 0.0001
Policy/mean_noise_std: 0.3890
Total timesteps: 38141952
[PPO_HEALTH] adv_mean=-3.725e-09 adv_std=1.000000 ratio=1.000200 clip=0.191740 actor_delta=1.279e-01 critic_delta=1.746e-01 action_clip=0.000e+00 reward_identity=1.490e-08
[REWARD] total=0.06127 anchor_pos=0.6004 anchor_ori=0.7808 body_pos=0.9430 body_ori=0.7516
[TRAIN_RESET] count=600 phase0_frac=0.0683 p50=180.0 p95=270.0 target_count=40 target_nonzero=0 curriculum_p50=188.0
[PROGRESS] env_steps=38141952 iteration=3.165s throughput=31058.0
 Learning iteration 388/500 
Computation: 33312 steps/s (Collection: 2.798s, Learning 0.153s)
Value: 0.0239
Surrogate: -0.0098
Entropy: 13.5284
KL: 0.0154
actor_loss: -0.0775
critic_loss: 0.0239
symmetry_actor_loss: 0.0000
symmetry_critic_loss: 0.0000
actor_learning_rate: 0.0001
critic_learning_rate: 0.0001
Policy/mean_noise_std: 0.3885
Total timesteps: 38240256
[PPO_HEALTH] adv_mean=-1.552e-09 adv_std=1.000000 ratio=0.999837 clip=0.227089 actor_delta=1.445e-01 critic_delta=2.047e-01 action_clip=0.000e+00 reward_identity=1.490e-08
[REWARD] total=0.06179 anchor_pos=0.6052 anchor_ori=0.7852 body_pos=0.9445 body_ori=0.7560
[TRAIN_RESET] count=630 phase0_frac=0.0397 p50=180.0 p95=270.0 target_count=24 target_nonzero=0 curriculum_p50=185.0
[PROGRESS] env_steps=38240256 iteration=2.960s throughput=33214.4
 Learning iteration 389/500 
Computation: 32770 steps/s (Collection: 2.841s, Learning 0.159s)
Value: 0.0229
Surrogate: -0.0093
Entropy: 13.4955
KL: 0.0160
actor_loss: -0.0768
critic_loss: 0.0229
symmetry_actor_loss: 0.0000
symmetry_critic_loss: 0.0000
actor_learning_rate: 0.0001
critic_learning_rate: 0.0001
Policy/mean_noise_std: 0.3881
Total timesteps: 38338560
[PPO_HEALTH] adv_mean=-2.484e-09 adv_std=1.000000 ratio=0.999396 clip=0.232408 actor_delta=1.468e-01 critic_delta=1.951e-01 action_clip=0.000e+00 reward_identity=1.490e-08
[REWARD] total=0.06165 anchor_pos=0.6088 anchor_ori=0.7818 body_pos=0.9439 body_ori=0.7552
[TRAIN_RESET] count=690 phase0_frac=0.0551 p50=166.0 p95=271.0 target_count=36 target_nonzero=0 curriculum_p50=172.0
[PROGRESS] env_steps=38338560 iteration=3.009s throughput=32674.8
 Learning iteration 390/500 
Computation: 31227 steps/s (Collection: 2.993s, Learning 0.155s)
Value: 0.0263
Surrogate: -0.0088
Entropy: 13.4720
KL: 0.0129
actor_loss: -0.0762
critic_loss: 0.0263
symmetry_actor_loss: 0.0000
symmetry_critic_loss: 0.0000
actor_learning_rate: 0.0001
critic_learning_rate: 0.0001
Policy/mean_noise_std: 0.3878
Total timesteps: 38436864
[PPO_HEALTH] adv_mean=-6.209e-10 adv_std=1.000000 ratio=0.998768 clip=0.185305 actor_delta=1.053e-01 critic_delta=1.540e-01 action_clip=0.000e+00 reward_identity=1.490e-08
[REWARD] total=0.06146 anchor_pos=0.6114 anchor_ori=0.7798 body_pos=0.9430 body_ori=0.7536
[TRAIN_RESET] count=598 phase0_frac=0.0535 p50=184.0 p95=271.0 target_count=31 target_nonzero=0 curriculum_p50=188.0
[PROGRESS] env_steps=38436864 iteration=3.157s throughput=31139.2
 Learning iteration 391/500 
Computation: 33000 steps/s (Collection: 2.817s, Learning 0.162s)
Value: 0.0251
Surrogate: -0.0099
Entropy: 13.4367
KL: 0.0134
actor_loss: -0.0771
critic_loss: 0.0251
symmetry_actor_loss: 0.0000
symmetry_critic_loss: 0.0000
actor_learning_rate: 0.0001
critic_learning_rate: 0.0001
Policy/mean_noise_std: 0.3871
Total timesteps: 38535168
[PPO_HEALTH] adv_mean=0.000e+00 adv_std=1.000000 ratio=0.999878 clip=0.198454 actor_delta=1.338e-01 critic_delta=1.762e-01 action_clip=0.000e+00 reward_identity=1.490e-08
[REWARD] total=0.06157 anchor_pos=0.6049 anchor_ori=0.7812 body_pos=0.9434 body_ori=0.7545
[TRAIN_RESET] count=627 phase0_frac=0.0431 p50=178.0 p95=264.0 target_count=26 target_nonzero=0 curriculum_p50=183.0
[PROGRESS] env_steps=38535168 iteration=2.988s throughput=32903.1
 Learning iteration 392/500 
Computation: 33430 steps/s (Collection: 2.786s, Learning 0.154s)
Value: 0.0252
Surrogate: -0.0079
Entropy: 13.3951
KL: 0.0151
actor_loss: -0.0749
critic_loss: 0.0252
symmetry_actor_loss: 0.0000
symmetry_critic_loss: 0.0000
actor_learning_rate: 0.0001
critic_learning_rate: 0.0001
Policy/mean_noise_std: 0.3868
Total timesteps: 38633472
[PPO_HEALTH] adv_mean=1.242e-09 adv_std=1.000000 ratio=0.999394 clip=0.220492 actor_delta=1.258e-01 critic_delta=1.919e-01 action_clip=0.000e+00 reward_identity=1.490e-08
[REWARD] total=0.06160 anchor_pos=0.6034 anchor_ori=0.7810 body_pos=0.9438 body_ori=0.7536
[TRAIN_RESET] count=627 phase0_frac=0.0670 p50=170.0 p95=268.0 target_count=41 target_nonzero=0 curriculum_p50=176.0
[PROGRESS] env_steps=38633472 iteration=2.949s throughput=33331.8
 Learning iteration 393/500 
Computation: 33032 steps/s (Collection: 2.825s, Learning 0.151s)
Value: 0.0225
Surrogate: -0.0086
Entropy: 13.3660
KL: 0.0162
actor_loss: -0.0754
critic_loss: 0.0225
symmetry_actor_loss: 0.0000
symmetry_critic_loss: 0.0000
actor_learning_rate: 0.0001
critic_learning_rate: 0.0001
Policy/mean_noise_std: 0.3863
Total timesteps: 38731776
[PPO_HEALTH] adv_mean=1.552e-09 adv_std=1.000000 ratio=0.999184 clip=0.238560 actor_delta=1.475e-01 critic_delta=2.103e-01 action_clip=0.000e+00 reward_identity=1.490e-08
[REWARD] total=0.06159 anchor_pos=0.6020 anchor_ori=0.7804 body_pos=0.9443 body_ori=0.7547
[TRAIN_RESET] count=660 phase0_frac=0.0530 p50=184.0 p95=276.0 target_count=32 target_nonzero=0 curriculum_p50=187.0
[PROGRESS] env_steps=38731776 iteration=2.985s throughput=32937.6
 Learning iteration 394/500 
Computation: 33221 steps/s (Collection: 2.805s, Learning 0.154s)
Value: 0.0233
Surrogate: -0.0093
Entropy: 13.3315
KL: 0.0165
actor_loss: -0.0760
critic_loss: 0.0233
symmetry_actor_loss: 0.0000
symmetry_critic_loss: 0.0000
actor_learning_rate: 0.0001
critic_learning_rate: 0.0001
Policy/mean_noise_std: 0.3859
Total timesteps: 38830080
[PPO_HEALTH] adv_mean=0.000e+00 adv_std=1.000000 ratio=0.999308 clip=0.243787 actor_delta=1.396e-01 critic_delta=1.977e-01 action_clip=0.000e+00 reward_identity=1.490e-08
[REWARD] total=0.06195 anchor_pos=0.6043 anchor_ori=0.7845 body_pos=0.9447 body_ori=0.7564
[TRAIN_RESET] count=640 phase0_frac=0.0516 p50=182.0 p95=272.0 target_count=33 target_nonzero=0 curriculum_p50=187.0
[PROGRESS] env_steps=38830080 iteration=2.968s throughput=33126.4
 Learning iteration 395/500 
Computation: 33605 steps/s (Collection: 2.770s, Learning 0.155s)
Value: 0.0210
Surrogate: -0.0093
Entropy: 13.3033
KL: 0.0131
actor_loss: -0.0758
critic_loss: 0.0210
symmetry_actor_loss: 0.0000
symmetry_critic_loss: 0.0000
actor_learning_rate: 0.0001
critic_learning_rate: 0.0001
Policy/mean_noise_std: 0.3855
Total timesteps: 38928384
[PPO_HEALTH] adv_mean=-6.985e-09 adv_std=1.000000 ratio=0.999703 clip=0.194342 actor_delta=1.233e-01 critic_delta=1.716e-01 action_clip=0.000e+00 reward_identity=1.490e-08
[REWARD] total=0.06199 anchor_pos=0.6087 anchor_ori=0.7822 body_pos=0.9445 body_ori=0.7578
[TRAIN_RESET] count=668 phase0_frac=0.0449 p50=172.0 p95=271.0 target_count=29 target_nonzero=0 curriculum_p50=178.0
[PROGRESS] env_steps=38928384 iteration=2.934s throughput=33508.4
 Learning iteration 396/500 
Computation: 33481 steps/s (Collection: 2.779s, Learning 0.157s)
Value: 0.0232
Surrogate: -0.0095
Entropy: 13.2609
KL: 0.0151
actor_loss: -0.0758
critic_loss: 0.0232
symmetry_actor_loss: 0.0000
symmetry_critic_loss: 0.0000
actor_learning_rate: 0.0001
critic_learning_rate: 0.0001
Policy/mean_noise_std: 0.3849
Total timesteps: 39026688
[PPO_HEALTH] adv_mean=2.794e-09 adv_std=1.000000 ratio=0.999938 clip=0.223305 actor_delta=1.309e-01 critic_delta=1.902e-01 action_clip=0.000e+00 reward_identity=1.490e-08
[REWARD] total=0.06213 anchor_pos=0.6088 anchor_ori=0.7827 body_pos=0.9442 body_ori=0.7600
[TRAIN_RESET] count=613 phase0_frac=0.0424 p50=183.0 p95=272.0 target_count=26 target_nonzero=0 curriculum_p50=186.0
[PROGRESS] env_steps=39026688 iteration=2.945s throughput=33384.9
 Learning iteration 397/500 
Computation: 32404 steps/s (Collection: 2.881s, Learning 0.153s)
Value: 0.0251
Surrogate: -0.0083
Entropy: 13.2255
KL: 0.0142
actor_loss: -0.0744
critic_loss: 0.0251
symmetry_actor_loss: 0.0000
symmetry_critic_loss: 0.0000
actor_learning_rate: 0.0001
critic_learning_rate: 0.0001
Policy/mean_noise_std: 0.3845
Total timesteps: 39124992
[PPO_HEALTH] adv_mean=-2.484e-09 adv_std=1.000000 ratio=0.999219 clip=0.210158 actor_delta=1.269e-01 critic_delta=1.786e-01 action_clip=0.000e+00 reward_identity=1.490e-08
[REWARD] total=0.06215 anchor_pos=0.6054 anchor_ori=0.7823 body_pos=0.9445 body_ori=0.7578
[TRAIN_RESET] count=641 phase0_frac=0.0577 p50=176.0 p95=265.0 target_count=37 target_nonzero=0 curriculum_p50=183.0
[PROGRESS] env_steps=39124992 iteration=3.042s throughput=32313.8
 Learning iteration 398/500 
Computation: 33998 steps/s (Collection: 2.736s, Learning 0.156s)
Value: 0.0242
Surrogate: -0.0090
Entropy: 13.1974
KL: 0.0161
actor_loss: -0.0749
critic_loss: 0.0242
symmetry_actor_loss: 0.0000
symmetry_critic_loss: 0.0000
actor_learning_rate: 0.0001
critic_learning_rate: 0.0001
Policy/mean_noise_std: 0.3842
Total timesteps: 39223296
[PPO_HEALTH] adv_mean=3.725e-09 adv_std=1.000000 ratio=0.999563 clip=0.236098 actor_delta=1.364e-01 critic_delta=2.024e-01 action_clip=0.000e+00 reward_identity=1.490e-08
[REWARD] total=0.06211 anchor_pos=0.6043 anchor_ori=0.7823 body_pos=0.9446 body_ori=0.7577
[TRAIN_RESET] count=654 phase0_frac=0.0474 p50=179.0 p95=269.0 target_count=31 target_nonzero=0 curriculum_p50=185.0
[PROGRESS] env_steps=39223296 iteration=2.900s throughput=33898.5
 Learning iteration 399/500 
Computation: 33260 steps/s (Collection: 2.803s, Learning 0.153s)
Value: 0.0267
Surrogate: -0.0087
Entropy: 13.1788
KL: 0.0154
actor_loss: -0.0746
critic_loss: 0.0267
symmetry_actor_loss: 0.0000
symmetry_critic_loss: 0.0000
actor_learning_rate: 0.0001
critic_learning_rate: 0.0001
Policy/mean_noise_std: 0.3840
Total timesteps: 39321600
[PPO_HEALTH] adv_mean=-7.761e-10 adv_std=1.000000 ratio=0.999615 clip=0.223411 actor_delta=1.017e-01 critic_delta=1.515e-01 action_clip=0.000e+00 reward_identity=1.490e-08
[REWARD] total=0.06205 anchor_pos=0.6080 anchor_ori=0.7798 body_pos=0.9440 body_ori=0.7577
[TRAIN_RESET] count=622 phase0_frac=0.0675 p50=173.0 p95=260.0 target_count=41 target_nonzero=0 curriculum_p50=184.0
[PROGRESS] env_steps=39321600 iteration=2.964s throughput=33162.5
[VALIDATION_START] update=400 max_steps=500 envs=4096 fixed_seed=0
[VALIDATION_RESET_START]
[VALIDATION_RESET_DONE] time=7.809s
[VALIDATION_PROGRESS] step=1/500 done=0.00000 alive=1.00000 elapsed=0.204s
[VALIDATION_PROGRESS] step=50/500 done=0.00000 alive=1.00000 elapsed=4.210s
[VALIDATION_PROGRESS] step=100/500 done=0.00000 alive=1.00000 elapsed=8.209s
[VALIDATION_PROGRESS] step=150/500 done=0.00000 alive=1.00000 elapsed=12.090s
[VALIDATION_PROGRESS] step=200/500 done=0.00000 alive=1.00000 elapsed=16.001s
[VALIDATION_PROGRESS] step=250/500 done=0.00000 alive=1.00000 elapsed=20.139s
[VALIDATION_PROGRESS] step=300/500 done=0.00000 alive=1.00000 elapsed=24.255s
[VALIDATION_PROGRESS] step=324/500 done=1.00000 alive=0.00000 elapsed=26.222s
[VALIDATION_DONE] update=400 time=41.933s
[VAL] steps_mean=324.00 steps_min=324 steps_p50=324 steps_p95=324 steps_max=324 return=27.80229 done=1.00000
[VAL_OUTCOME] failure=0.00000 motion_complete=1.00000 time_out=0.00000 censored=0.00000 reference_progress=1.00000
[VAL_CAUSE] anchor_pos_bad=0.00000 anchor_ori_bad=0.00000 ee_body_bad=0.00000 failure_phase_p50=-1.0 completion_phase_p50=324.0
[VAL_RESET] root_pos=0.000000 root_ori=0.000deg anchor_pos=0.010002 anchor_ori=0.000deg joint_pos=0.000000 joint_vel=0.000000 body_pos=0.002920 body_ori=0.000deg
[VAL_TRACKING] joint_pos_mae=0.086277 joint_vel_mae=0.679002 root_lin_mae=0.127959 root_ang_mae=0.837209 pd_target_ref_now=0.211026 pd_target_ref_next=0.207889 torso_ori=6.985deg left_wrist_ori=5.825deg right_wrist_ori=6.351deg
[VAL_DYNAMICS] action_delta=0.085790 action_delta_p95=0.161652 action_d2=0.055129 action_d2_p95=0.131284 joint_vel_jump=0.299338 root_lin_jump=0.033173 root_ang_jump=0.288819 initial_action_delta=0.603936
 Learning iteration 400/500 
Computation: 32303 steps/s (Collection: 2.888s, Learning 0.155s)
Value: 0.0239
Surrogate: -0.0090
Entropy: 13.1576
KL: 0.0139
actor_loss: -0.0748
critic_loss: 0.0239
symmetry_actor_loss: 0.0000
symmetry_critic_loss: 0.0000
actor_learning_rate: 0.0001
critic_learning_rate: 0.0001
Policy/mean_noise_std: 0.3836
Total timesteps: 39419904
[PPO_HEALTH] adv_mean=-4.036e-09 adv_std=1.000000 ratio=0.999212 clip=0.204842 actor_delta=1.280e-01 critic_delta=1.836e-01 action_clip=0.000e+00 reward_identity=1.490e-08
[REWARD] total=0.06190 anchor_pos=0.6064 anchor_ori=0.7773 body_pos=0.9433 body_ori=0.7557
[TRAIN_RESET] count=621 phase0_frac=0.0692 p50=181.0 p95=270.0 target_count=41 target_nonzero=0 curriculum_p50=187.0
[PROGRESS] env_steps=39419904 iteration=3.052s throughput=32213.3
 Learning iteration 401/500 
Computation: 32803 steps/s (Collection: 2.843s, Learning 0.153s)
Value: 0.0215
Surrogate: -0.0094
Entropy: 13.1158
KL: 0.0155
actor_loss: -0.0749
critic_loss: 0.0215
symmetry_actor_loss: 0.0000
symmetry_critic_loss: 0.0000
actor_learning_rate: 0.0001
critic_learning_rate: 0.0001
Policy/mean_noise_std: 0.3829
Total timesteps: 39518208
[PPO_HEALTH] adv_mean=-4.657e-09 adv_std=1.000000 ratio=0.998929 clip=0.225149 actor_delta=1.404e-01 critic_delta=1.922e-01 action_clip=0.000e+00 reward_identity=1.490e-08
[REWARD] total=0.06196 anchor_pos=0.6047 anchor_ori=0.7795 body_pos=0.9438 body_ori=0.7571
[TRAIN_RESET] count=602 phase0_frac=0.0415 p50=189.0 p95=271.0 target_count=25 target_nonzero=0 curriculum_p50=191.0
[PROGRESS] env_steps=39518208 iteration=3.006s throughput=32706.8
 Learning iteration 402/500 
Computation: 31087 steps/s (Collection: 3.010s, Learning 0.152s)
Value: 0.0236
Surrogate: -0.0086
Entropy: 13.0736
KL: 0.0159
actor_loss: -0.0739
critic_loss: 0.0236
symmetry_actor_loss: 0.0000
symmetry_critic_loss: 0.0000
actor_learning_rate: 0.0001
critic_learning_rate: 0.0001
Policy/mean_noise_std: 0.3825
Total timesteps: 39616512
[PPO_HEALTH] adv_mean=6.209e-10 adv_std=1.000000 ratio=0.998752 clip=0.231388 actor_delta=1.319e-01 critic_delta=1.977e-01 action_clip=0.000e+00 reward_identity=1.490e-08
[REWARD] total=0.06221 anchor_pos=0.6111 anchor_ori=0.7806 body_pos=0.9445 body_ori=0.7581
[TRAIN_RESET] count=663 phase0_frac=0.0528 p50=177.0 p95=270.0 target_count=33 target_nonzero=0 curriculum_p50=183.0
[PROGRESS] env_steps=39616512 iteration=3.171s throughput=31002.4
 Learning iteration 403/500 
Computation: 29804 steps/s (Collection: 3.143s, Learning 0.155s)
Value: 0.0223
Surrogate: -0.0090
Entropy: 13.0516
KL: 0.0143
actor_loss: -0.0742
critic_loss: 0.0223
symmetry_actor_loss: 0.0000
symmetry_critic_loss: 0.0000
actor_learning_rate: 0.0001
critic_learning_rate: 0.0001
Policy/mean_noise_std: 0.3822
Total timesteps: 39714816
[PPO_HEALTH] adv_mean=4.967e-09 adv_std=1.000000 ratio=0.999956 clip=0.206482 actor_delta=1.306e-01 critic_delta=1.932e-01 action_clip=0.000e+00 reward_identity=1.490e-08
[REWARD] total=0.06246 anchor_pos=0.6163 anchor_ori=0.7827 body_pos=0.9454 body_ori=0.7597
[TRAIN_RESET] count=638 phase0_frac=0.0611 p50=174.0 p95=268.0 target_count=38 target_nonzero=0 curriculum_p50=182.0
[PROGRESS] env_steps=39714816 iteration=3.307s throughput=29727.4
 Learning iteration 404/500 
Computation: 31898 steps/s (Collection: 2.926s, Learning 0.156s)
Value: 0.0233
Surrogate: -0.0073
Entropy: 13.0162
KL: 0.0156
actor_loss: -0.0724
critic_loss: 0.0233
symmetry_actor_loss: 0.0000
symmetry_critic_loss: 0.0000
actor_learning_rate: 0.0001
critic_learning_rate: 0.0001
Policy/mean_noise_std: 0.3817
Total timesteps: 39813120
[PPO_HEALTH] adv_mean=-1.863e-09 adv_std=1.000000 ratio=0.999016 clip=0.226461 actor_delta=1.243e-01 critic_delta=1.811e-01 action_clip=0.000e+00 reward_identity=1.490e-08
[REWARD] total=0.06250 anchor_pos=0.6222 anchor_ori=0.7820 body_pos=0.9447 body_ori=0.7592
[TRAIN_RESET] count=676 phase0_frac=0.0488 p50=173.0 p95=271.0 target_count=32 target_nonzero=0 curriculum_p50=179.0
[PROGRESS] env_steps=39813120 iteration=3.091s throughput=31806.9
 Learning iteration 405/500 
Computation: 33645 steps/s (Collection: 2.767s, Learning 0.155s)
Value: 0.0252
Surrogate: -0.0098
Entropy: 12.9884
KL: 0.0153
actor_loss: -0.0747
critic_loss: 0.0252
symmetry_actor_loss: 0.0000
symmetry_critic_loss: 0.0000
actor_learning_rate: 0.0001
critic_learning_rate: 0.0001
Policy/mean_noise_std: 0.3814
Total timesteps: 39911424
[PPO_HEALTH] adv_mean=-2.484e-09 adv_std=1.000000 ratio=0.999718 clip=0.224034 actor_delta=1.322e-01 critic_delta=1.941e-01 action_clip=0.000e+00 reward_identity=1.490e-08
[REWARD] total=0.06254 anchor_pos=0.6242 anchor_ori=0.7807 body_pos=0.9452 body_ori=0.7601
[TRAIN_RESET] count=621 phase0_frac=0.0451 p50=185.0 p95=269.0 target_count=27 target_nonzero=0 curriculum_p50=188.0
[PROGRESS] env_steps=39911424 iteration=2.930s throughput=33545.4
 Learning iteration 406/500 
Computation: 33492 steps/s (Collection: 2.778s, Learning 0.157s)
Value: 0.0216
Surrogate: -0.0096
Entropy: 12.9592
KL: 0.0160
actor_loss: -0.0744
critic_loss: 0.0216
symmetry_actor_loss: 0.0000
symmetry_critic_loss: 0.0000
actor_learning_rate: 0.0001
critic_learning_rate: 0.0001
Policy/mean_noise_std: 0.3809
Total timesteps: 40009728
[PPO_HEALTH] adv_mean=-6.209e-09 adv_std=1.000000 ratio=0.999726 clip=0.234595 actor_delta=1.303e-01 critic_delta=1.790e-01 action_clip=0.000e+00 reward_identity=1.490e-08
[REWARD] total=0.06270 anchor_pos=0.6227 anchor_ori=0.7817 body_pos=0.9449 body_ori=0.7598
[TRAIN_RESET] count=661 phase0_frac=0.0499 p50=178.0 p95=265.0 target_count=33 target_nonzero=0 curriculum_p50=183.0
[PROGRESS] env_steps=40009728 iteration=2.944s throughput=33395.1
 Learning iteration 407/500 
Computation: 33312 steps/s (Collection: 2.797s, Learning 0.154s)
Value: 0.0237
Surrogate: -0.0085
Entropy: 12.9296
KL: 0.0141
actor_loss: -0.0731
critic_loss: 0.0237
symmetry_actor_loss: 0.0000
symmetry_critic_loss: 0.0000
actor_learning_rate: 0.0001
critic_learning_rate: 0.0001
Policy/mean_noise_std: 0.3807
Total timesteps: 40108032
[PPO_HEALTH] adv_mean=-3.104e-10 adv_std=1.000000 ratio=0.999824 clip=0.210280 actor_delta=1.225e-01 critic_delta=1.827e-01 action_clip=0.000e+00 reward_identity=1.490e-08
[REWARD] total=0.06267 anchor_pos=0.6205 anchor_ori=0.7808 body_pos=0.9446 body_ori=0.7602
[TRAIN_RESET] count=625 phase0_frac=0.0432 p50=186.0 p95=272.0 target_count=27 target_nonzero=0 curriculum_p50=191.0
[PROGRESS] env_steps=40108032 iteration=2.960s throughput=33213.7
 Learning iteration 408/500 
Computation: 33413 steps/s (Collection: 2.788s, Learning 0.154s)
Value: 0.0219
Surrogate: -0.0087
Entropy: 12.8994
KL: 0.0147
actor_loss: -0.0732
critic_loss: 0.0219
symmetry_actor_loss: 0.0000
symmetry_critic_loss: 0.0000
actor_learning_rate: 0.0001
critic_learning_rate: 0.0001
Policy/mean_noise_std: 0.3801
Total timesteps: 40206336
[PPO_HEALTH] adv_mean=-1.863e-09 adv_std=1.000000 ratio=1.000014 clip=0.215352 actor_delta=1.267e-01 critic_delta=1.870e-01 action_clip=0.000e+00 reward_identity=1.490e-08
[REWARD] total=0.06267 anchor_pos=0.6154 anchor_ori=0.7812 body_pos=0.9446 body_ori=0.7620
[TRAIN_RESET] count=649 phase0_frac=0.0647 p50=172.0 p95=267.0 target_count=41 target_nonzero=0 curriculum_p50=179.0
[PROGRESS] env_steps=40206336 iteration=2.951s throughput=33313.3
 Learning iteration 409/500 
Computation: 31973 steps/s (Collection: 2.918s, Learning 0.157s)
Value: 0.0241
Surrogate: -0.0091
Entropy: 12.8520
KL: 0.0152
actor_loss: -0.0734
critic_loss: 0.0241
symmetry_actor_loss: 0.0000
symmetry_critic_loss: 0.0000
actor_learning_rate: 0.0001
critic_learning_rate: 0.0001
Policy/mean_noise_std: 0.3796
Total timesteps: 40304640
[PPO_HEALTH] adv_mean=2.484e-09 adv_std=1.000000 ratio=1.000223 clip=0.221096 actor_delta=1.166e-01 critic_delta=1.717e-01 action_clip=0.000e+00 reward_identity=1.490e-08
[REWARD] total=0.06277 anchor_pos=0.6106 anchor_ori=0.7840 body_pos=0.9454 body_ori=0.7642
[TRAIN_RESET] count=587 phase0_frac=0.0409 p50=190.0 p95=269.0 target_count=23 target_nonzero=0 curriculum_p50=192.0
[PROGRESS] env_steps=40304640 iteration=3.083s throughput=31882.4
 Learning iteration 410/500 
Computation: 33074 steps/s (Collection: 2.818s, Learning 0.154s)
Value: 0.0186
Surrogate: -0.0079
Entropy: 12.8198
KL: 0.0134
actor_loss: -0.0720
critic_loss: 0.0186
symmetry_actor_loss: 0.0000
symmetry_critic_loss: 0.0000
actor_learning_rate: 0.0001
critic_learning_rate: 0.0001
Policy/mean_noise_std: 0.3791
Total timesteps: 40402944
[PPO_HEALTH] adv_mean=-4.967e-09 adv_std=1.000000 ratio=0.999876 clip=0.198330 actor_delta=1.193e-01 critic_delta=1.756e-01 action_clip=0.000e+00 reward_identity=1.490e-08
[REWARD] total=0.06286 anchor_pos=0.6074 anchor_ori=0.7852 body_pos=0.9459 body_ori=0.7640
[TRAIN_RESET] count=625 phase0_frac=0.0448 p50=186.0 p95=272.0 target_count=28 target_nonzero=0 curriculum_p50=191.0
[PROGRESS] env_steps=40402944 iteration=2.981s throughput=32980.7
 Learning iteration 411/500 
Computation: 32282 steps/s (Collection: 2.892s, Learning 0.153s)
Value: 0.0242
Surrogate: -0.0085
Entropy: 12.7807
KL: 0.0152
actor_loss: -0.0724
critic_loss: 0.0242
symmetry_actor_loss: 0.0000
symmetry_critic_loss: 0.0000
actor_learning_rate: 0.0001
critic_learning_rate: 0.0001
Policy/mean_noise_std: 0.3787
Total timesteps: 40501248
[PPO_HEALTH] adv_mean=-4.657e-09 adv_std=1.000000 ratio=1.000082 clip=0.222278 actor_delta=1.293e-01 critic_delta=1.896e-01 action_clip=0.000e+00 reward_identity=1.490e-08
[REWARD] total=0.06297 anchor_pos=0.6083 anchor_ori=0.7864 body_pos=0.9461 body_ori=0.7653
[TRAIN_RESET] count=657 phase0_frac=0.0487 p50=182.0 p95=276.0 target_count=32 target_nonzero=0 curriculum_p50=186.0
[PROGRESS] env_steps=40501248 iteration=3.054s throughput=32192.0
 Learning iteration 412/500 
Computation: 32895 steps/s (Collection: 2.835s, Learning 0.154s)
Value: 0.0220
Surrogate: -0.0089
Entropy: 12.7593
KL: 0.0164
actor_loss: -0.0727
critic_loss: 0.0220
symmetry_actor_loss: 0.0000
symmetry_critic_loss: 0.0000
actor_learning_rate: 0.0001
critic_learning_rate: 0.0001
Policy/mean_noise_std: 0.3785
Total timesteps: 40599552
[PPO_HEALTH] adv_mean=-3.725e-09 adv_std=1.000000 ratio=1.000145 clip=0.235773 actor_delta=1.269e-01 critic_delta=1.797e-01 action_clip=0.000e+00 reward_identity=1.490e-08
[REWARD] total=0.06302 anchor_pos=0.6140 anchor_ori=0.7826 body_pos=0.9451 body_ori=0.7647
[TRAIN_RESET] count=657 phase0_frac=0.0700 p50=187.0 p95=272.0 target_count=43 target_nonzero=0 curriculum_p50=191.0
[PROGRESS] env_steps=40599552 iteration=2.997s throughput=32802.7
 Learning iteration 413/500 
Computation: 32240 steps/s (Collection: 2.894s, Learning 0.155s)
Value: 0.0223
Surrogate: -0.0089
Entropy: 12.7430
KL: 0.0144
actor_loss: -0.0726
critic_loss: 0.0223
symmetry_actor_loss: 0.0000
symmetry_critic_loss: 0.0000
actor_learning_rate: 0.0001
critic_learning_rate: 0.0001
Policy/mean_noise_std: 0.3781
Total timesteps: 40697856
[PPO_HEALTH] adv_mean=5.588e-09 adv_std=1.000000 ratio=1.000622 clip=0.211253 actor_delta=1.203e-01 critic_delta=1.830e-01 action_clip=0.000e+00 reward_identity=1.490e-08
[REWARD] total=0.06277 anchor_pos=0.6172 anchor_ori=0.7801 body_pos=0.9438 body_ori=0.7624
[TRAIN_RESET] count=631 phase0_frac=0.0571 p50=186.0 p95=270.0 target_count=36 target_nonzero=0 curriculum_p50=189.0
[PROGRESS] env_steps=40697856 iteration=3.058s throughput=32151.6
 Learning iteration 414/500 
Computation: 31966 steps/s (Collection: 2.920s, Learning 0.155s)
Value: 0.0228
Surrogate: -0.0092
Entropy: 12.7047
KL: 0.0156
actor_loss: -0.0727
critic_loss: 0.0228
symmetry_actor_loss: 0.0000
symmetry_critic_loss: 0.0000
actor_learning_rate: 0.0001
critic_learning_rate: 0.0001
Policy/mean_noise_std: 0.3777
Total timesteps: 40796160
[PPO_HEALTH] adv_mean=0.000e+00 adv_std=1.000000 ratio=0.999088 clip=0.227897 actor_delta=1.186e-01 critic_delta=1.737e-01 action_clip=0.000e+00 reward_identity=1.490e-08
[REWARD] total=0.06284 anchor_pos=0.6153 anchor_ori=0.7829 body_pos=0.9440 body_ori=0.7636
[TRAIN_RESET] count=668 phase0_frac=0.0644 p50=185.0 p95=269.0 target_count=43 target_nonzero=0 curriculum_p50=188.0
[PROGRESS] env_steps=40796160 iteration=3.084s throughput=31878.3
 Learning iteration 415/500 
Computation: 32863 steps/s (Collection: 2.832s, Learning 0.159s)
Value: 0.0236
Surrogate: -0.0097
Entropy: 12.6750
KL: 0.0128
actor_loss: -0.0731
critic_loss: 0.0236
symmetry_actor_loss: 0.0000
symmetry_critic_loss: 0.0000
actor_learning_rate: 0.0001
critic_learning_rate: 0.0001
Policy/mean_noise_std: 0.3772
Total timesteps: 40894464
[PPO_HEALTH] adv_mean=-2.328e-09 adv_std=1.000000 ratio=1.000185 clip=0.191412 actor_delta=1.328e-01 critic_delta=1.888e-01 action_clip=0.000e+00 reward_identity=1.490e-08
[REWARD] total=0.06295 anchor_pos=0.6170 anchor_ori=0.7841 body_pos=0.9445 body_ori=0.7645
[TRAIN_RESET] count=645 phase0_frac=0.0388 p50=189.0 p95=272.0 target_count=25 target_nonzero=0 curriculum_p50=192.0
[PROGRESS] env_steps=40894464 iteration=3.000s throughput=32770.0
 Learning iteration 416/500 
Computation: 32331 steps/s (Collection: 2.886s, Learning 0.155s)
Value: 0.0204
Surrogate: -0.0095
Entropy: 12.6363
KL: 0.0127
actor_loss: -0.0727
critic_loss: 0.0204
symmetry_actor_loss: 0.0000
symmetry_critic_loss: 0.0000
actor_learning_rate: 0.0001
critic_learning_rate: 0.0001
Policy/mean_noise_std: 0.3767
Total timesteps: 40992768
[PPO_HEALTH] adv_mean=-3.104e-09 adv_std=1.000000 ratio=1.000123 clip=0.189539 actor_delta=1.295e-01 critic_delta=1.701e-01 action_clip=0.000e+00 reward_identity=1.490e-08
[REWARD] total=0.06303 anchor_pos=0.6223 anchor_ori=0.7834 body_pos=0.9444 body_ori=0.7647
[TRAIN_RESET] count=695 phase0_frac=0.0489 p50=181.0 p95=266.0 target_count=34 target_nonzero=0 curriculum_p50=185.0
[PROGRESS] env_steps=40992768 iteration=3.049s throughput=32237.8
 Learning iteration 417/500 
Computation: 31336 steps/s (Collection: 2.983s, Learning 0.154s)
Value: 0.0222
Surrogate: -0.0089
Entropy: 12.5963
KL: 0.0163
actor_loss: -0.0718
critic_loss: 0.0222
symmetry_actor_loss: 0.0000
symmetry_critic_loss: 0.0000
actor_learning_rate: 0.0001
critic_learning_rate: 0.0001
Policy/mean_noise_std: 0.3762
Total timesteps: 41091072
[PPO_HEALTH] adv_mean=-4.346e-09 adv_std=1.000000 ratio=1.000086 clip=0.242169 actor_delta=1.431e-01 critic_delta=2.109e-01 action_clip=0.000e+00 reward_identity=1.490e-08
[REWARD] total=0.06316 anchor_pos=0.6200 anchor_ori=0.7839 body_pos=0.9450 body_ori=0.7659
[TRAIN_RESET] count=614 phase0_frac=0.0440 p50=187.0 p95=265.0 target_count=26 target_nonzero=0 curriculum_p50=190.0
[PROGRESS] env_steps=41091072 iteration=3.145s throughput=31252.5
 Learning iteration 418/500 
Computation: 31919 steps/s (Collection: 2.924s, Learning 0.156s)
Value: 0.0195
Surrogate: -0.0096
Entropy: 12.5610
KL: 0.0157
actor_loss: -0.0724
critic_loss: 0.0195
symmetry_actor_loss: 0.0000
symmetry_critic_loss: 0.0000
actor_learning_rate: 0.0001
critic_learning_rate: 0.0001
Policy/mean_noise_std: 0.3757
Total timesteps: 41189376
[PPO_HEALTH] adv_mean=0.000e+00 adv_std=1.000000 ratio=0.999392 clip=0.228308 actor_delta=1.351e-01 critic_delta=1.864e-01 action_clip=0.000e+00 reward_identity=1.490e-08
[REWARD] total=0.06341 anchor_pos=0.6206 anchor_ori=0.7906 body_pos=0.9465 body_ori=0.7685
[TRAIN_RESET] count=654 phase0_frac=0.0550 p50=179.0 p95=269.0 target_count=35 target_nonzero=0 curriculum_p50=186.0
[PROGRESS] env_steps=41189376 iteration=3.088s throughput=31830.3
 Learning iteration 419/500 
Computation: 33345 steps/s (Collection: 2.792s, Learning 0.156s)
Value: 0.0268
Surrogate: -0.0091
Entropy: 12.5152
KL: 0.0157
actor_loss: -0.0717
critic_loss: 0.0268
symmetry_actor_loss: 0.0000
symmetry_critic_loss: 0.0000
actor_learning_rate: 0.0001
critic_learning_rate: 0.0001
Policy/mean_noise_std: 0.3751
Total timesteps: 41287680
[PPO_HEALTH] adv_mean=-2.484e-09 adv_std=1.000000 ratio=0.999893 clip=0.226756 actor_delta=1.229e-01 critic_delta=1.429e-01 action_clip=0.000e+00 reward_identity=1.490e-08
[REWARD] total=0.06330 anchor_pos=0.6215 anchor_ori=0.7904 body_pos=0.9466 body_ori=0.7671
[TRAIN_RESET] count=659 phase0_frac=0.0486 p50=190.0 p95=269.0 target_count=31 target_nonzero=0 curriculum_p50=192.0
[PROGRESS] env_steps=41287680 iteration=2.957s throughput=33245.0
 Learning iteration 420/500 
Computation: 33153 steps/s (Collection: 2.808s, Learning 0.157s)
Value: 0.0218
Surrogate: -0.0081
Entropy: 12.4791
KL: 0.0145
actor_loss: -0.0705
critic_loss: 0.0218
symmetry_actor_loss: 0.0000
symmetry_critic_loss: 0.0000
actor_learning_rate: 0.0001
critic_learning_rate: 0.0001
Policy/mean_noise_std: 0.3747
Total timesteps: 41385984
[PPO_HEALTH] adv_mean=-7.606e-09 adv_std=1.000000 ratio=0.999510 clip=0.215269 actor_delta=1.206e-01 critic_delta=1.661e-01 action_clip=0.000e+00 reward_identity=1.490e-08
[REWARD] total=0.06347 anchor_pos=0.6260 anchor_ori=0.7915 body_pos=0.9466 body_ori=0.7685
[TRAIN_RESET] count=660 phase0_frac=0.0439 p50=189.0 p95=263.0 target_count=28 target_nonzero=0 curriculum_p50=192.0
[PROGRESS] env_steps=41385984 iteration=2.974s throughput=33055.6
 Learning iteration 421/500 
Computation: 32508 steps/s (Collection: 2.861s, Learning 0.163s)
Value: 0.0222
Surrogate: -0.0083
Entropy: 12.4435
KL: 0.0148
actor_loss: -0.0705
critic_loss: 0.0222
symmetry_actor_loss: 0.0000
symmetry_critic_loss: 0.0000
actor_learning_rate: 0.0001
critic_learning_rate: 0.0001
Policy/mean_noise_std: 0.3742
Total timesteps: 41484288
[PPO_HEALTH] adv_mean=-6.209e-09 adv_std=1.000000 ratio=0.999390 clip=0.220239 actor_delta=1.208e-01 critic_delta=1.742e-01 action_clip=0.000e+00 reward_identity=1.490e-08
[REWARD] total=0.06333 anchor_pos=0.6233 anchor_ori=0.7861 body_pos=0.9472 body_ori=0.7672
[TRAIN_RESET] count=652 phase0_frac=0.0491 p50=177.0 p95=266.0 target_count=32 target_nonzero=0 curriculum_p50=185.0
[PROGRESS] env_steps=41484288 iteration=3.033s throughput=32409.3
 Learning iteration 422/500 
Computation: 32714 steps/s (Collection: 2.847s, Learning 0.158s)
Value: 0.0228
Surrogate: -0.0093
Entropy: 12.4083
KL: 0.0162
actor_loss: -0.0713
critic_loss: 0.0228
symmetry_actor_loss: 0.0000
symmetry_critic_loss: 0.0000
actor_learning_rate: 0.0001
critic_learning_rate: 0.0001
Policy/mean_noise_std: 0.3739
Total timesteps: 41582592
[PPO_HEALTH] adv_mean=3.725e-09 adv_std=1.000000 ratio=0.999299 clip=0.236373 actor_delta=1.307e-01 critic_delta=2.033e-01 action_clip=0.000e+00 reward_identity=1.490e-08
[REWARD] total=0.06356 anchor_pos=0.6177 anchor_ori=0.7909 body_pos=0.9482 body_ori=0.7682
[TRAIN_RESET] count=634 phase0_frac=0.0521 p50=189.0 p95=272.0 target_count=32 target_nonzero=0 curriculum_p50=194.0
[PROGRESS] env_steps=41582592 iteration=3.014s throughput=32619.5
 Learning iteration 423/500 
Computation: 32601 steps/s (Collection: 2.854s, Learning 0.161s)
Value: 0.0206
Surrogate: -0.0098
Entropy: 12.3830
KL: 0.0134
actor_loss: -0.0717
critic_loss: 0.0206
symmetry_actor_loss: 0.0000
symmetry_critic_loss: 0.0000
actor_learning_rate: 0.0001
critic_learning_rate: 0.0001
Policy/mean_noise_std: 0.3734
Total timesteps: 41680896
[PPO_HEALTH] adv_mean=-6.209e-10 adv_std=1.000000 ratio=1.000043 clip=0.200840 actor_delta=1.243e-01 critic_delta=1.748e-01 action_clip=0.000e+00 reward_identity=1.490e-08
[REWARD] total=0.06342 anchor_pos=0.6220 anchor_ori=0.7882 body_pos=0.9476 body_ori=0.7666
[TRAIN_RESET] count=683 phase0_frac=0.0381 p50=187.0 p95=270.0 target_count=25 target_nonzero=0 curriculum_p50=188.0
[PROGRESS] env_steps=41680896 iteration=3.024s throughput=32510.0
 Learning iteration 424/500 
Computation: 30557 steps/s (Collection: 3.062s, Learning 0.155s)
Value: 0.0232
Surrogate: -0.0093
Entropy: 12.3452
KL: 0.0153
actor_loss: -0.0710
critic_loss: 0.0232
symmetry_actor_loss: 0.0000
symmetry_critic_loss: 0.0000
actor_learning_rate: 0.0001
critic_learning_rate: 0.0001
Policy/mean_noise_std: 0.3731
Total timesteps: 41779200
[PPO_HEALTH] adv_mean=-1.242e-09 adv_std=1.000000 ratio=1.000067 clip=0.223749 actor_delta=1.300e-01 critic_delta=1.953e-01 action_clip=0.000e+00 reward_identity=1.490e-08
[REWARD] total=0.06345 anchor_pos=0.6223 anchor_ori=0.7887 body_pos=0.9470 body_ori=0.7670
[TRAIN_RESET] count=681 phase0_frac=0.0470 p50=187.0 p95=273.0 target_count=30 target_nonzero=0 curriculum_p50=189.0
[PROGRESS] env_steps=41779200 iteration=3.226s throughput=30477.1
 Learning iteration 425/500 
Computation: 30718 steps/s (Collection: 3.046s, Learning 0.154s)
Value: 0.0215
Surrogate: -0.0085
Entropy: 12.3250
KL: 0.0143
actor_loss: -0.0701
critic_loss: 0.0215
symmetry_actor_loss: 0.0000
symmetry_critic_loss: 0.0000
actor_learning_rate: 0.0001
critic_learning_rate: 0.0001
Policy/mean_noise_std: 0.3728
Total timesteps: 41877504
[PPO_HEALTH] adv_mean=-9.003e-09 adv_std=1.000000 ratio=0.999489 clip=0.204028 actor_delta=1.034e-01 critic_delta=1.499e-01 action_clip=0.000e+00 reward_identity=1.490e-08
[REWARD] total=0.06341 anchor_pos=0.6230 anchor_ori=0.7879 body_pos=0.9461 body_ori=0.7659
[TRAIN_RESET] count=636 phase0_frac=0.0550 p50=186.0 p95=269.0 target_count=34 target_nonzero=0 curriculum_p50=189.0
[PROGRESS] env_steps=41877504 iteration=3.209s throughput=30634.1
 Learning iteration 426/500 
Computation: 30962 steps/s (Collection: 3.021s, Learning 0.154s)
Value: 0.0209
Surrogate: -0.0091
Entropy: 12.2937
KL: 0.0136
actor_loss: -0.0705
critic_loss: 0.0209
symmetry_actor_loss: 0.0000
symmetry_critic_loss: 0.0000
actor_learning_rate: 0.0001
critic_learning_rate: 0.0001
Policy/mean_noise_std: 0.3723
Total timesteps: 41975808
[PPO_HEALTH] adv_mean=-5.433e-09 adv_std=1.000000 ratio=0.999947 clip=0.203432 actor_delta=1.271e-01 critic_delta=1.826e-01 action_clip=0.000e+00 reward_identity=1.490e-08
[REWARD] total=0.06376 anchor_pos=0.6257 anchor_ori=0.7921 body_pos=0.9478 body_ori=0.7693
[TRAIN_RESET] count=650 phase0_frac=0.0615 p50=182.0 p95=273.0 target_count=40 target_nonzero=0 curriculum_p50=190.0
[PROGRESS] env_steps=41975808 iteration=3.184s throughput=30877.6
 Learning iteration 427/500 
Computation: 32465 steps/s (Collection: 2.873s, Learning 0.155s)
Value: 0.0198
Surrogate: -0.0067
Entropy: 12.2548
KL: 0.0154
actor_loss: -0.0680
critic_loss: 0.0198
symmetry_actor_loss: 0.0000
symmetry_critic_loss: 0.0000
actor_learning_rate: 0.0001
critic_learning_rate: 0.0001
Policy/mean_noise_std: 0.3718
Total timesteps: 42074112
[PPO_HEALTH] adv_mean=2.639e-09 adv_std=1.000000 ratio=0.999465 clip=0.226255 actor_delta=1.229e-01 critic_delta=1.813e-01 action_clip=0.000e+00 reward_identity=1.490e-08
[REWARD] total=0.06352 anchor_pos=0.6252 anchor_ori=0.7912 body_pos=0.9464 body_ori=0.7687
[TRAIN_RESET] count=678 phase0_frac=0.0708 p50=184.0 p95=274.0 target_count=48 target_nonzero=0 curriculum_p50=190.0
[PROGRESS] env_steps=42074112 iteration=3.037s throughput=32373.5
 Learning iteration 428/500 
Computation: 32396 steps/s (Collection: 2.871s, Learning 0.163s)
Value: 0.0189
Surrogate: -0.0089
Entropy: 12.2182
KL: 0.0140
actor_loss: -0.0700
critic_loss: 0.0189
symmetry_actor_loss: 0.0000
symmetry_critic_loss: 0.0000
actor_learning_rate: 0.0001
critic_learning_rate: 0.0001
Policy/mean_noise_std: 0.3714
Total timesteps: 42172416
[PPO_HEALTH] adv_mean=-9.313e-10 adv_std=1.000000 ratio=0.999882 clip=0.204260 actor_delta=1.040e-01 critic_delta=1.340e-01 action_clip=0.000e+00 reward_identity=1.490e-08
[REWARD] total=0.06388 anchor_pos=0.6260 anchor_ori=0.7955 body_pos=0.9472 body_ori=0.7710
[TRAIN_RESET] count=649 phase0_frac=0.0462 p50=191.0 p95=267.0 target_count=30 target_nonzero=0 curriculum_p50=193.0
[PROGRESS] env_steps=42172416 iteration=3.043s throughput=32302.9
 Learning iteration 429/500 
Computation: 32576 steps/s (Collection: 2.862s, Learning 0.155s)
Value: 0.0205
Surrogate: -0.0098
Entropy: 12.1873
KL: 0.0127
actor_loss: -0.0707
critic_loss: 0.0205
symmetry_actor_loss: 0.0000
symmetry_critic_loss: 0.0000
actor_learning_rate: 0.0001
critic_learning_rate: 0.0001
Policy/mean_noise_std: 0.3710
Total timesteps: 42270720
[PPO_HEALTH] adv_mean=-3.104e-09 adv_std=1.000000 ratio=0.999937 clip=0.190857 actor_delta=1.295e-01 critic_delta=1.844e-01 action_clip=0.000e+00 reward_identity=1.490e-08
[REWARD] total=0.06385 anchor_pos=0.6261 anchor_ori=0.7962 body_pos=0.9473 body_ori=0.7710
[TRAIN_RESET] count=646 phase0_frac=0.0480 p50=191.0 p95=269.0 target_count=29 target_nonzero=0 curriculum_p50=195.0
[PROGRESS] env_steps=42270720 iteration=3.026s throughput=32481.7
 Learning iteration 430/500 
Computation: 31819 steps/s (Collection: 2.929s, Learning 0.160s)
Value: 0.0214
Surrogate: -0.0095
Entropy: 12.1463
KL: 0.0161
actor_loss: -0.0702
critic_loss: 0.0214
symmetry_actor_loss: 0.0000
symmetry_critic_loss: 0.0000
actor_learning_rate: 0.0001
critic_learning_rate: 0.0001
Policy/mean_noise_std: 0.3705
Total timesteps: 42369024
[PPO_HEALTH] adv_mean=2.639e-09 adv_std=1.000000 ratio=0.998591 clip=0.233946 actor_delta=1.416e-01 critic_delta=1.944e-01 action_clip=0.000e+00 reward_identity=1.490e-08
[REWARD] total=0.06362 anchor_pos=0.6266 anchor_ori=0.7920 body_pos=0.9461 body_ori=0.7693
[TRAIN_RESET] count=686 phase0_frac=0.0510 p50=190.0 p95=269.0 target_count=33 target_nonzero=0 curriculum_p50=193.0
[PROGRESS] env_steps=42369024 iteration=3.098s throughput=31730.4
 Learning iteration 431/500 
Computation: 33333 steps/s (Collection: 2.795s, Learning 0.154s)
Value: 0.0276
Surrogate: -0.0079
Entropy: 12.1189
KL: 0.0154
actor_loss: -0.0685
critic_loss: 0.0276
symmetry_actor_loss: 0.0000
symmetry_critic_loss: 0.0000
actor_learning_rate: 0.0001
critic_learning_rate: 0.0001
Policy/mean_noise_std: 0.3702
Total timesteps: 42467328
[PPO_HEALTH] adv_mean=-1.242e-09 adv_std=1.000000 ratio=0.999958 clip=0.223952 actor_delta=1.255e-01 critic_delta=1.879e-01 action_clip=0.000e+00 reward_identity=1.490e-08
[REWARD] total=0.06372 anchor_pos=0.6260 anchor_ori=0.7926 body_pos=0.9467 body_ori=0.7701
[TRAIN_RESET] count=633 phase0_frac=0.0600 p50=186.0 p95=264.0 target_count=37 target_nonzero=0 curriculum_p50=190.0
[PROGRESS] env_steps=42467328 iteration=2.958s throughput=33234.2
 Learning iteration 432/500 
Computation: 33452 steps/s (Collection: 2.783s, Learning 0.155s)
Value: 0.0204
Surrogate: -0.0090
Entropy: 12.0922
KL: 0.0159
actor_loss: -0.0695
critic_loss: 0.0204
symmetry_actor_loss: 0.0000
symmetry_critic_loss: 0.0000
actor_learning_rate: 0.0001
critic_learning_rate: 0.0001
Policy/mean_noise_std: 0.3699
Total timesteps: 42565632
[PPO_HEALTH] adv_mean=-3.104e-09 adv_std=1.000000 ratio=0.999772 clip=0.231246 actor_delta=1.373e-01 critic_delta=1.987e-01 action_clip=0.000e+00 reward_identity=1.490e-08
[REWARD] total=0.06415 anchor_pos=0.6244 anchor_ori=0.7966 body_pos=0.9477 body_ori=0.7745
[TRAIN_RESET] count=634 phase0_frac=0.0505 p50=188.0 p95=267.0 target_count=31 target_nonzero=0 curriculum_p50=192.0
[PROGRESS] env_steps=42565632 iteration=2.947s throughput=33356.0
 Learning iteration 433/500 
Computation: 33656 steps/s (Collection: 2.768s, Learning 0.153s)
Value: 0.0188
Surrogate: -0.0085
Entropy: 12.0664
KL: 0.0153
actor_loss: -0.0688
critic_loss: 0.0188
symmetry_actor_loss: 0.0000
symmetry_critic_loss: 0.0000
actor_learning_rate: 0.0001
critic_learning_rate: 0.0001
Policy/mean_noise_std: 0.3695
Total timesteps: 42663936
[PPO_HEALTH] adv_mean=3.104e-09 adv_std=1.000000 ratio=0.999439 clip=0.223716 actor_delta=1.270e-01 critic_delta=1.813e-01 action_clip=0.000e+00 reward_identity=1.490e-08
[REWARD] total=0.06422 anchor_pos=0.6308 anchor_ori=0.8001 body_pos=0.9474 body_ori=0.7734
[TRAIN_RESET] count=663 phase0_frac=0.0392 p50=191.0 p95=271.0 target_count=26 target_nonzero=0 curriculum_p50=193.0
[PROGRESS] env_steps=42663936 iteration=2.930s throughput=33556.1
 Learning iteration 434/500 
Computation: 33298 steps/s (Collection: 2.795s, Learning 0.157s)
Value: 0.0195
Surrogate: -0.0095
Entropy: 12.0266
KL: 0.0157
actor_loss: -0.0697
critic_loss: 0.0195
symmetry_actor_loss: 0.0000
symmetry_critic_loss: 0.0000
actor_learning_rate: 0.0001
critic_learning_rate: 0.0001
Policy/mean_noise_std: 0.3689
Total timesteps: 42762240
[PPO_HEALTH] adv_mean=-3.104e-09 adv_std=1.000000 ratio=0.999315 clip=0.233425 actor_delta=1.342e-01 critic_delta=1.908e-01 action_clip=0.000e+00 reward_identity=1.490e-08
[REWARD] total=0.06411 anchor_pos=0.6328 anchor_ori=0.7956 body_pos=0.9473 body_ori=0.7714
[TRAIN_RESET] count=665 phase0_frac=0.0496 p50=185.0 p95=265.0 target_count=31 target_nonzero=0 curriculum_p50=188.0
[PROGRESS] env_steps=42762240 iteration=2.961s throughput=33202.8
 Learning iteration 435/500 
Computation: 33485 steps/s (Collection: 2.777s, Learning 0.159s)
Value: 0.0197
Surrogate: -0.0082
Entropy: 11.9883
KL: 0.0158
actor_loss: -0.0681
critic_loss: 0.0197
symmetry_actor_loss: 0.0000
symmetry_critic_loss: 0.0000
actor_learning_rate: 0.0001
critic_learning_rate: 0.0001
Policy/mean_noise_std: 0.3686
Total timesteps: 42860544
[PPO_HEALTH] adv_mean=2.173e-09 adv_std=1.000000 ratio=0.999700 clip=0.230898 actor_delta=1.255e-01 critic_delta=1.809e-01 action_clip=0.000e+00 reward_identity=1.490e-08
[REWARD] total=0.06402 anchor_pos=0.6312 anchor_ori=0.7948 body_pos=0.9473 body_ori=0.7714
[TRAIN_RESET] count=658 phase0_frac=0.0669 p50=190.0 p95=264.0 target_count=41 target_nonzero=0 curriculum_p50=194.0
[PROGRESS] env_steps=42860544 iteration=2.945s throughput=33385.1
 Learning iteration 436/500 
Computation: 34149 steps/s (Collection: 2.726s, Learning 0.153s)
Value: 0.0178
Surrogate: -0.0088
Entropy: 11.9640
KL: 0.0136
actor_loss: -0.0686
critic_loss: 0.0178
symmetry_actor_loss: 0.0000
symmetry_critic_loss: 0.0000
actor_learning_rate: 0.0001
critic_learning_rate: 0.0001
Policy/mean_noise_std: 0.3682
Total timesteps: 42958848
[PPO_HEALTH] adv_mean=-2.794e-09 adv_std=1.000000 ratio=0.999456 clip=0.201640 actor_delta=1.210e-01 critic_delta=1.620e-01 action_clip=0.000e+00 reward_identity=1.490e-08
[REWARD] total=0.06434 anchor_pos=0.6288 anchor_ori=0.8000 body_pos=0.9479 body_ori=0.7738
[TRAIN_RESET] count=614 phase0_frac=0.0391 p50=193.0 p95=272.0 target_count=23 target_nonzero=0 curriculum_p50=195.0
[PROGRESS] env_steps=42958848 iteration=2.887s throughput=34049.3
 Learning iteration 437/500 
Computation: 30624 steps/s (Collection: 3.053s, Learning 0.156s)
Value: 0.0246
Surrogate: -0.0084
Entropy: 11.9284
KL: 0.0160
actor_loss: -0.0681
critic_loss: 0.0246
symmetry_actor_loss: 0.0000
symmetry_critic_loss: 0.0000
actor_learning_rate: 0.0001
critic_learning_rate: 0.0001
Policy/mean_noise_std: 0.3677
Total timesteps: 43057152
[PPO_HEALTH] adv_mean=1.707e-09 adv_std=1.000000 ratio=0.999676 clip=0.234210 actor_delta=1.279e-01 critic_delta=1.822e-01 action_clip=0.000e+00 reward_identity=1.490e-08
[REWARD] total=0.06462 anchor_pos=0.6303 anchor_ori=0.8033 body_pos=0.9492 body_ori=0.7762
[TRAIN_RESET] count=682 phase0_frac=0.0440 p50=189.0 p95=267.0 target_count=28 target_nonzero=0 curriculum_p50=193.0
[PROGRESS] env_steps=43057152 iteration=3.219s throughput=30540.9
 Learning iteration 438/500 
Computation: 30708 steps/s (Collection: 3.041s, Learning 0.160s)
Value: 0.0231
Surrogate: -0.0093
Entropy: 11.8973
KL: 0.0156
actor_loss: -0.0688
critic_loss: 0.0231
symmetry_actor_loss: 0.0000
symmetry_critic_loss: 0.0000
actor_learning_rate: 0.0001
critic_learning_rate: 0.0001
Policy/mean_noise_std: 0.3673
Total timesteps: 43155456
[PPO_HEALTH] adv_mean=1.552e-09 adv_std=1.000000 ratio=0.999066 clip=0.227629 actor_delta=1.287e-01 critic_delta=1.887e-01 action_clip=0.000e+00 reward_identity=1.490e-08
[REWARD] total=0.06449 anchor_pos=0.6393 anchor_ori=0.7950 body_pos=0.9476 body_ori=0.7742
[TRAIN_RESET] count=672 phase0_frac=0.0461 p50=192.0 p95=267.0 target_count=30 target_nonzero=0 curriculum_p50=194.0
[PROGRESS] env_steps=43155456 iteration=3.210s throughput=30623.7
 Learning iteration 439/500 
Computation: 31632 steps/s (Collection: 2.955s, Learning 0.153s)
Value: 0.0263
Surrogate: -0.0087
Entropy: 11.8788
KL: 0.0149
actor_loss: -0.0681
critic_loss: 0.0263
symmetry_actor_loss: 0.0000
symmetry_critic_loss: 0.0000
actor_learning_rate: 0.0001
critic_learning_rate: 0.0001
Policy/mean_noise_std: 0.3673
Total timesteps: 43253760
[PPO_HEALTH] adv_mean=3.725e-09 adv_std=1.000000 ratio=1.000039 clip=0.219285 actor_delta=1.300e-01 critic_delta=1.804e-01 action_clip=0.000e+00 reward_identity=1.490e-08
[REWARD] total=0.06435 anchor_pos=0.6423 anchor_ori=0.7937 body_pos=0.9470 body_ori=0.7728
[TRAIN_RESET] count=642 phase0_frac=0.0545 p50=188.0 p95=268.0 target_count=35 target_nonzero=0 curriculum_p50=191.0
[PROGRESS] env_steps=43253760 iteration=3.116s throughput=31543.4
 Learning iteration 440/500 
Computation: 32086 steps/s (Collection: 2.904s, Learning 0.159s)
Value: 0.0198
Surrogate: -0.0093
Entropy: 11.8733
KL: 0.0147
actor_loss: -0.0687
critic_loss: 0.0198
symmetry_actor_loss: 0.0000
symmetry_critic_loss: 0.0000
actor_learning_rate: 0.0001
critic_learning_rate: 0.0001
Policy/mean_noise_std: 0.3671
Total timesteps: 43352064
[PPO_HEALTH] adv_mean=-4.346e-09 adv_std=1.000000 ratio=1.000139 clip=0.210901 actor_delta=1.178e-01 critic_delta=1.620e-01 action_clip=0.000e+00 reward_identity=1.490e-08
[REWARD] total=0.06443 anchor_pos=0.6389 anchor_ori=0.7952 body_pos=0.9474 body_ori=0.7730
[TRAIN_RESET] count=618 phase0_frac=0.0599 p50=187.0 p95=268.0 target_count=37 target_nonzero=0 curriculum_p50=191.0
[PROGRESS] env_steps=43352064 iteration=3.072s throughput=31995.0
 Learning iteration 441/500 
Computation: 32332 steps/s (Collection: 2.887s, Learning 0.154s)
Value: 0.0193
Surrogate: -0.0087
Entropy: 11.8507
KL: 0.0135
actor_loss: -0.0680
critic_loss: 0.0193
symmetry_actor_loss: 0.0000
symmetry_critic_loss: 0.0000
actor_learning_rate: 0.0001
critic_learning_rate: 0.0001
Policy/mean_noise_std: 0.3667
Total timesteps: 43450368
[PPO_HEALTH] adv_mean=0.000e+00 adv_std=1.000000 ratio=0.999568 clip=0.199178 actor_delta=1.271e-01 critic_delta=1.815e-01 action_clip=0.000e+00 reward_identity=1.490e-08
[REWARD] total=0.06447 anchor_pos=0.6426 anchor_ori=0.7982 body_pos=0.9481 body_ori=0.7723
[TRAIN_RESET] count=717 phase0_frac=0.0600 p50=188.0 p95=266.0 target_count=42 target_nonzero=0 curriculum_p50=191.0
[PROGRESS] env_steps=43450368 iteration=3.049s throughput=32239.6
 Learning iteration 442/500 
Computation: 33488 steps/s (Collection: 2.782s, Learning 0.154s)
Value: 0.0170
Surrogate: -0.0097
Entropy: 11.8131
KL: 0.0159
actor_loss: -0.0688
critic_loss: 0.0170
symmetry_actor_loss: 0.0000
symmetry_critic_loss: 0.0000
actor_learning_rate: 0.0001
critic_learning_rate: 0.0001
Policy/mean_noise_std: 0.3662
Total timesteps: 43548672
[PPO_HEALTH] adv_mean=-6.209e-10 adv_std=1.000000 ratio=1.000534 clip=0.231199 actor_delta=1.394e-01 critic_delta=1.985e-01 action_clip=0.000e+00 reward_identity=1.490e-08
[REWARD] total=0.06468 anchor_pos=0.6478 anchor_ori=0.7994 body_pos=0.9483 body_ori=0.7728
[TRAIN_RESET] count=643 phase0_frac=0.0451 p50=194.0 p95=265.0 target_count=28 target_nonzero=0 curriculum_p50=196.0
[PROGRESS] env_steps=43548672 iteration=2.944s throughput=33389.2
 Learning iteration 443/500 
Computation: 33323 steps/s (Collection: 2.792s, Learning 0.158s)
Value: 0.0192
Surrogate: -0.0088
Entropy: 11.7803
KL: 0.0155
actor_loss: -0.0677
critic_loss: 0.0192
symmetry_actor_loss: 0.0000
symmetry_critic_loss: 0.0000
actor_learning_rate: 0.0001
critic_learning_rate: 0.0001
Policy/mean_noise_std: 0.3658
Total timesteps: 43646976
[PPO_HEALTH] adv_mean=3.415e-09 adv_std=1.000000 ratio=1.000076 clip=0.226571 actor_delta=1.262e-01 critic_delta=1.764e-01 action_clip=0.000e+00 reward_identity=1.490e-08
[REWARD] total=0.06480 anchor_pos=0.6498 anchor_ori=0.7966 body_pos=0.9482 body_ori=0.7758
[TRAIN_RESET] count=675 phase0_frac=0.0489 p50=193.0 p95=267.0 target_count=32 target_nonzero=0 curriculum_p50=196.0
[PROGRESS] env_steps=43646976 iteration=2.959s throughput=33224.5
 Learning iteration 444/500 
Computation: 31371 steps/s (Collection: 2.979s, Learning 0.154s)
Value: 0.0161
Surrogate: -0.0088
Entropy: 11.7413
KL: 0.0164
actor_loss: -0.0675
critic_loss: 0.0161
symmetry_actor_loss: 0.0000
symmetry_critic_loss: 0.0000
actor_learning_rate: 0.0001
critic_learning_rate: 0.0001
Policy/mean_noise_std: 0.3652
Total timesteps: 43745280
[PPO_HEALTH] adv_mean=-3.415e-09 adv_std=1.000000 ratio=0.999809 clip=0.239950 actor_delta=1.415e-01 critic_delta=1.961e-01 action_clip=0.000e+00 reward_identity=1.490e-08
[REWARD] total=0.06465 anchor_pos=0.6491 anchor_ori=0.7954 body_pos=0.9475 body_ori=0.7747
[TRAIN_RESET] count=629 phase0_frac=0.0445 p50=188.0 p95=268.0 target_count=27 target_nonzero=0 curriculum_p50=191.0
[PROGRESS] env_steps=43745280 iteration=3.142s throughput=31287.0
 Learning iteration 445/500 
Computation: 32692 steps/s (Collection: 2.855s, Learning 0.152s)
Value: 0.0269
Surrogate: -0.0084
Entropy: 11.7073
KL: 0.0156
actor_loss: -0.0669
critic_loss: 0.0269
symmetry_actor_loss: 0.0000
symmetry_critic_loss: 0.0000
actor_learning_rate: 0.0001
critic_learning_rate: 0.0001
Policy/mean_noise_std: 0.3650
Total timesteps: 43843584
[PPO_HEALTH] adv_mean=1.863e-09 adv_std=1.000000 ratio=0.999780 clip=0.225842 actor_delta=1.270e-01 critic_delta=1.818e-01 action_clip=0.000e+00 reward_identity=1.490e-08
[REWARD] total=0.06470 anchor_pos=0.6444 anchor_ori=0.7987 body_pos=0.9468 body_ori=0.7732
[TRAIN_RESET] count=631 phase0_frac=0.0666 p50=189.0 p95=270.0 target_count=40 target_nonzero=0 curriculum_p50=193.0
[PROGRESS] env_steps=43843584 iteration=3.015s throughput=32600.1
 Learning iteration 446/500 
Computation: 31686 steps/s (Collection: 2.948s, Learning 0.155s)
Value: 0.0223
Surrogate: -0.0093
Entropy: 11.6915
KL: 0.0154
actor_loss: -0.0677
critic_loss: 0.0223
symmetry_actor_loss: 0.0000
symmetry_critic_loss: 0.0000
actor_learning_rate: 0.0001
critic_learning_rate: 0.0001
Policy/mean_noise_std: 0.3648
Total timesteps: 43941888
[PPO_HEALTH] adv_mean=-3.104e-09 adv_std=1.000000 ratio=0.999562 clip=0.224404 actor_delta=1.300e-01 critic_delta=2.040e-01 action_clip=0.000e+00 reward_identity=1.490e-08
[REWARD] total=0.06495 anchor_pos=0.6472 anchor_ori=0.8025 body_pos=0.9479 body_ori=0.7744
[TRAIN_RESET] count=695 phase0_frac=0.0388 p50=192.0 p95=263.0 target_count=27 target_nonzero=0 curriculum_p50=193.0
[PROGRESS] env_steps=43941888 iteration=3.111s throughput=31598.1
 Learning iteration 447/500 
Computation: 31578 steps/s (Collection: 2.959s, Learning 0.153s)
Value: 0.0240
Surrogate: -0.0090
Entropy: 11.6780
KL: 0.0146
actor_loss: -0.0674
critic_loss: 0.0240
symmetry_actor_loss: 0.0000
symmetry_critic_loss: 0.0000
actor_learning_rate: 0.0001
critic_learning_rate: 0.0001
Policy/mean_noise_std: 0.3646
Total timesteps: 44040192
[PPO_HEALTH] adv_mean=6.209e-10 adv_std=1.000000 ratio=1.000304 clip=0.213125 actor_delta=1.154e-01 critic_delta=1.703e-01 action_clip=0.000e+00 reward_identity=1.490e-08
[REWARD] total=0.06491 anchor_pos=0.6503 anchor_ori=0.8000 body_pos=0.9477 body_ori=0.7749
[TRAIN_RESET] count=717 phase0_frac=0.0474 p50=193.0 p95=268.0 target_count=33 target_nonzero=0 curriculum_p50=195.0
[PROGRESS] env_steps=44040192 iteration=3.121s throughput=31492.7
 Learning iteration 448/500 
Computation: 31875 steps/s (Collection: 2.927s, Learning 0.157s)
Value: 0.0247
Surrogate: -0.0091
Entropy: 11.6633
KL: 0.0137
actor_loss: -0.0674
critic_loss: 0.0247
symmetry_actor_loss: 0.0000
symmetry_critic_loss: 0.0000
actor_learning_rate: 0.0001
critic_learning_rate: 0.0001
Policy/mean_noise_std: 0.3645
Total timesteps: 44138496
[PPO_HEALTH] adv_mean=-9.313e-10 adv_std=1.000000 ratio=1.000336 clip=0.201733 actor_delta=1.307e-01 critic_delta=1.988e-01 action_clip=0.000e+00 reward_identity=1.490e-08
[REWARD] total=0.06481 anchor_pos=0.6512 anchor_ori=0.7966 body_pos=0.9472 body_ori=0.7750
[TRAIN_RESET] count=670 phase0_frac=0.0522 p50=192.0 p95=269.0 target_count=34 target_nonzero=0 curriculum_p50=194.0
[PROGRESS] env_steps=44138496 iteration=3.093s throughput=31784.5
 Learning iteration 449/500 
Computation: 32933 steps/s (Collection: 2.831s, Learning 0.154s)
Value: 0.0233
Surrogate: -0.0084
Entropy: 11.6494
KL: 0.0133
actor_loss: -0.0666
critic_loss: 0.0233
symmetry_actor_loss: 0.0000
symmetry_critic_loss: 0.0000
actor_learning_rate: 0.0001
critic_learning_rate: 0.0001
Policy/mean_noise_std: 0.3643
Total timesteps: 44236800
[PPO_HEALTH] adv_mean=-1.242e-09 adv_std=1.000000 ratio=1.000206 clip=0.192554 actor_delta=1.044e-01 critic_delta=1.519e-01 action_clip=0.000e+00 reward_identity=1.490e-08
[REWARD] total=0.06477 anchor_pos=0.6419 anchor_ori=0.7972 body_pos=0.9479 body_ori=0.7761
[TRAIN_RESET] count=619 phase0_frac=0.0468 p50=191.0 p95=270.0 target_count=29 target_nonzero=0 curriculum_p50=195.0
[PROGRESS] env_steps=44236800 iteration=2.993s throughput=32839.3
[VALIDATION_START] update=450 max_steps=500 envs=4096 fixed_seed=0
[VALIDATION_RESET_START]
[VALIDATION_RESET_DONE] time=7.892s
[VALIDATION_PROGRESS] step=1/500 done=0.00000 alive=1.00000 elapsed=0.203s
[VALIDATION_PROGRESS] step=50/500 done=0.00000 alive=1.00000 elapsed=4.177s
[VALIDATION_PROGRESS] step=100/500 done=0.00000 alive=1.00000 elapsed=8.162s
[VALIDATION_PROGRESS] step=150/500 done=0.00000 alive=1.00000 elapsed=12.037s
[VALIDATION_PROGRESS] step=200/500 done=0.00000 alive=1.00000 elapsed=15.909s
[VALIDATION_PROGRESS] step=250/500 done=0.00000 alive=1.00000 elapsed=20.059s
[VALIDATION_PROGRESS] step=300/500 done=0.00000 alive=1.00000 elapsed=24.272s
[VALIDATION_PROGRESS] step=324/500 done=1.00000 alive=0.00000 elapsed=26.245s
[VALIDATION_DONE] update=450 time=42.057s
[VAL] steps_mean=324.00 steps_min=324 steps_p50=324 steps_p95=324 steps_max=324 return=27.87875 done=1.00000
[VAL_OUTCOME] failure=0.00000 motion_complete=1.00000 time_out=0.00000 censored=0.00000 reference_progress=1.00000
[VAL_CAUSE] anchor_pos_bad=0.00000 anchor_ori_bad=0.00000 ee_body_bad=0.00000 failure_phase_p50=-1.0 completion_phase_p50=324.0
[VAL_RESET] root_pos=0.000000 root_ori=0.000deg anchor_pos=0.010002 anchor_ori=0.000deg joint_pos=0.000000 joint_vel=0.000000 body_pos=0.002920 body_ori=0.000deg
[VAL_TRACKING] joint_pos_mae=0.082903 joint_vel_mae=0.666537 root_lin_mae=0.125630 root_ang_mae=0.801852 pd_target_ref_now=0.211576 pd_target_ref_next=0.208283 torso_ori=6.394deg left_wrist_ori=5.724deg right_wrist_ori=5.921deg
[VAL_DYNAMICS] action_delta=0.084808 action_delta_p95=0.160384 action_d2=0.054644 action_d2_p95=0.132182 joint_vel_jump=0.295057 root_lin_jump=0.033051 root_ang_jump=0.282390 initial_action_delta=0.559657
 Learning iteration 450/500 
Computation: 32411 steps/s (Collection: 2.876s, Learning 0.157s)
Value: 0.0182
Surrogate: -0.0096
Entropy: 11.6112
KL: 0.0132
actor_loss: -0.0676
critic_loss: 0.0182
symmetry_actor_loss: 0.0000
symmetry_critic_loss: 0.0000
actor_learning_rate: 0.0001
critic_learning_rate: 0.0001
Policy/mean_noise_std: 0.3635
Total timesteps: 44335104
[PPO_HEALTH] adv_mean=3.104e-09 adv_std=1.000000 ratio=0.999748 clip=0.195245 actor_delta=1.276e-01 critic_delta=1.715e-01 action_clip=0.000e+00 reward_identity=1.490e-08
[REWARD] total=0.06489 anchor_pos=0.6368 anchor_ori=0.8040 body_pos=0.9490 body_ori=0.7776
[TRAIN_RESET] count=664 phase0_frac=0.0482 p50=190.0 p95=267.0 target_count=30 target_nonzero=0 curriculum_p50=192.0
[PROGRESS] env_steps=44335104 iteration=3.041s throughput=32320.9
 Learning iteration 451/500 
Computation: 31506 steps/s (Collection: 2.967s, Learning 0.153s)
Value: 0.0231
Surrogate: -0.0088
Entropy: 11.5572
KL: 0.0146
actor_loss: -0.0666
critic_loss: 0.0231
symmetry_actor_loss: 0.0000
symmetry_critic_loss: 0.0000
actor_learning_rate: 0.0001
critic_learning_rate: 0.0001
Policy/mean_noise_std: 0.3629
Total timesteps: 44433408
[PPO_HEALTH] adv_mean=-3.104e-10 adv_std=1.000000 ratio=0.999467 clip=0.212889 actor_delta=1.271e-01 critic_delta=1.866e-01 action_clip=0.000e+00 reward_identity=1.490e-08
[REWARD] total=0.06489 anchor_pos=0.6424 anchor_ori=0.8052 body_pos=0.9487 body_ori=0.7781
[TRAIN_RESET] count=672 phase0_frac=0.0446 p50=193.0 p95=266.0 target_count=30 target_nonzero=0 curriculum_p50=195.0
[PROGRESS] env_steps=44433408 iteration=3.129s throughput=31417.5
 Learning iteration 452/500 
Computation: 31553 steps/s (Collection: 2.964s, Learning 0.151s)
Value: 0.0199
Surrogate: -0.0087
Entropy: 11.5110
KL: 0.0160
actor_loss: -0.0662
critic_loss: 0.0199
symmetry_actor_loss: 0.0000
symmetry_critic_loss: 0.0000
actor_learning_rate: 0.0001
critic_learning_rate: 0.0001
Policy/mean_noise_std: 0.3624
Total timesteps: 44531712
[PPO_HEALTH] adv_mean=4.657e-10 adv_std=1.000000 ratio=0.999361 clip=0.233403 actor_delta=1.322e-01 critic_delta=1.927e-01 action_clip=0.000e+00 reward_identity=1.490e-08
[REWARD] total=0.06487 anchor_pos=0.6405 anchor_ori=0.8053 body_pos=0.9488 body_ori=0.7766
[TRAIN_RESET] count=675 phase0_frac=0.0489 p50=196.0 p95=272.0 target_count=30 target_nonzero=0 curriculum_p50=198.0
[PROGRESS] env_steps=44531712 iteration=3.124s throughput=31464.9
 Learning iteration 453/500 
Computation: 32173 steps/s (Collection: 2.902s, Learning 0.153s)
Value: 0.0194
Surrogate: -0.0086
Entropy: 11.4741
KL: 0.0154
actor_loss: -0.0660
critic_loss: 0.0194
symmetry_actor_loss: 0.0000
symmetry_critic_loss: 0.0000
actor_learning_rate: 0.0001
critic_learning_rate: 0.0001
Policy/mean_noise_std: 0.3620
Total timesteps: 44630016
[PPO_HEALTH] adv_mean=-1.863e-09 adv_std=1.000000 ratio=1.000039 clip=0.225171 actor_delta=1.169e-01 critic_delta=1.613e-01 action_clip=0.000e+00 reward_identity=1.490e-08
[REWARD] total=0.06529 anchor_pos=0.6425 anchor_ori=0.8059 body_pos=0.9497 body_ori=0.7810
[TRAIN_RESET] count=683 phase0_frac=0.0512 p50=195.0 p95=267.0 target_count=34 target_nonzero=0 curriculum_p50=198.0
[PROGRESS] env_steps=44630016 iteration=3.064s throughput=32079.7
 Learning iteration 454/500 
Computation: 32536 steps/s (Collection: 2.867s, Learning 0.154s)
Value: 0.0207
Surrogate: -0.0096
Entropy: 11.4553
KL: 0.0139
actor_loss: -0.0668
critic_loss: 0.0207
symmetry_actor_loss: 0.0000
symmetry_critic_loss: 0.0000
actor_learning_rate: 0.0001
critic_learning_rate: 0.0001
Policy/mean_noise_std: 0.3618
Total timesteps: 44728320
[PPO_HEALTH] adv_mean=1.397e-09 adv_std=1.000000 ratio=1.000873 clip=0.204610 actor_delta=1.281e-01 critic_delta=1.815e-01 action_clip=0.000e+00 reward_identity=1.490e-08
[REWARD] total=0.06530 anchor_pos=0.6461 anchor_ori=0.8063 body_pos=0.9492 body_ori=0.7804
[TRAIN_RESET] count=690 phase0_frac=0.0667 p50=193.0 p95=267.0 target_count=45 target_nonzero=0 curriculum_p50=197.0
[PROGRESS] env_steps=44728320 iteration=3.030s throughput=32444.3
 Learning iteration 455/500 
Computation: 31223 steps/s (Collection: 2.997s, Learning 0.151s)
Value: 0.0247
Surrogate: -0.0086
Entropy: 11.4461
KL: 0.0155
actor_loss: -0.0659
critic_loss: 0.0247
symmetry_actor_loss: 0.0000
symmetry_critic_loss: 0.0000
actor_learning_rate: 0.0001
critic_learning_rate: 0.0001
Policy/mean_noise_std: 0.3618
Total timesteps: 44826624
[PPO_HEALTH] adv_mean=1.707e-09 adv_std=1.000000 ratio=0.999913 clip=0.226034 actor_delta=1.284e-01 critic_delta=1.992e-01 action_clip=0.000e+00 reward_identity=1.490e-08
[REWARD] total=0.06531 anchor_pos=0.6484 anchor_ori=0.8065 body_pos=0.9491 body_ori=0.7802
[TRAIN_RESET] count=659 phase0_frac=0.0546 p50=192.0 p95=267.0 target_count=35 target_nonzero=0 curriculum_p50=194.0
[PROGRESS] env_steps=44826624 iteration=3.157s throughput=31137.9
 Learning iteration 456/500 
Computation: 32623 steps/s (Collection: 2.861s, Learning 0.152s)
Value: 0.0197
Surrogate: -0.0082
Entropy: 11.4413
KL: 0.0159
actor_loss: -0.0654
critic_loss: 0.0197
symmetry_actor_loss: 0.0000
symmetry_critic_loss: 0.0000
actor_learning_rate: 0.0001
critic_learning_rate: 0.0001
Policy/mean_noise_std: 0.3616
Total timesteps: 44924928
[PPO_HEALTH] adv_mean=6.209e-10 adv_std=1.000000 ratio=1.000438 clip=0.233490 actor_delta=1.312e-01 critic_delta=1.982e-01 action_clip=0.000e+00 reward_identity=1.490e-08
[REWARD] total=0.06512 anchor_pos=0.6487 anchor_ori=0.8071 body_pos=0.9486 body_ori=0.7799
[TRAIN_RESET] count=679 phase0_frac=0.0457 p50=192.0 p95=269.0 target_count=29 target_nonzero=0 curriculum_p50=195.0
[PROGRESS] env_steps=44924928 iteration=3.022s throughput=32529.0
 Learning iteration 457/500 
Computation: 31361 steps/s (Collection: 2.982s, Learning 0.153s)
Value: 0.0203
Surrogate: -0.0081
Entropy: 11.4167
KL: 0.0145
actor_loss: -0.0652
critic_loss: 0.0203
symmetry_actor_loss: 0.0000
symmetry_critic_loss: 0.0000
actor_learning_rate: 0.0001
critic_learning_rate: 0.0001
Policy/mean_noise_std: 0.3612
Total timesteps: 45023232
[PPO_HEALTH] adv_mean=-2.173e-09 adv_std=1.000000 ratio=0.999592 clip=0.210966 actor_delta=9.977e-02 critic_delta=1.539e-01 action_clip=0.000e+00 reward_identity=1.490e-08
[REWARD] total=0.06509 anchor_pos=0.6448 anchor_ori=0.8093 body_pos=0.9494 body_ori=0.7782
[TRAIN_RESET] count=660 phase0_frac=0.0500 p50=193.0 p95=275.0 target_count=32 target_nonzero=0 curriculum_p50=196.0
[PROGRESS] env_steps=45023232 iteration=3.143s throughput=31275.8
 Learning iteration 458/500 
Computation: 32445 steps/s (Collection: 2.873s, Learning 0.156s)
Value: 0.0255
Surrogate: -0.0098
Entropy: 11.3876
KL: 0.0144
actor_loss: -0.0667
critic_loss: 0.0255
symmetry_actor_loss: 0.0000
symmetry_critic_loss: 0.0000
actor_learning_rate: 0.0001
critic_learning_rate: 0.0001
Policy/mean_noise_std: 0.3608
Total timesteps: 45121536
[PPO_HEALTH] adv_mean=-1.863e-09 adv_std=1.000000 ratio=1.000095 clip=0.210925 actor_delta=1.303e-01 critic_delta=1.946e-01 action_clip=0.000e+00 reward_identity=1.490e-08
[REWARD] total=0.06519 anchor_pos=0.6458 anchor_ori=0.8121 body_pos=0.9498 body_ori=0.7787
[TRAIN_RESET] count=698 phase0_frac=0.0401 p50=193.0 p95=274.0 target_count=28 target_nonzero=0 curriculum_p50=194.0
[PROGRESS] env_steps=45121536 iteration=3.038s throughput=32354.8
 Learning iteration 459/500 
Computation: 33211 steps/s (Collection: 2.804s, Learning 0.156s)
Value: 0.0215
Surrogate: -0.0098
Entropy: 11.3528
KL: 0.0162
actor_loss: -0.0665
critic_loss: 0.0215
symmetry_actor_loss: 0.0000
symmetry_critic_loss: 0.0000
actor_learning_rate: 0.0001
critic_learning_rate: 0.0001
Policy/mean_noise_std: 0.3605
Total timesteps: 45219840
[PPO_HEALTH] adv_mean=-6.209e-10 adv_std=1.000000 ratio=0.999025 clip=0.238611 actor_delta=1.441e-01 critic_delta=2.154e-01 action_clip=0.000e+00 reward_identity=1.490e-08
[REWARD] total=0.06527 anchor_pos=0.6426 anchor_ori=0.8119 body_pos=0.9501 body_ori=0.7780
[TRAIN_RESET] count=718 phase0_frac=0.0446 p50=194.0 p95=268.0 target_count=31 target_nonzero=0 curriculum_p50=196.0
[PROGRESS] env_steps=45219840 iteration=2.969s throughput=33112.6
 Learning iteration 460/500 
Computation: 33029 steps/s (Collection: 2.822s, Learning 0.154s)
Value: 0.0227
Surrogate: -0.0076
Entropy: 11.3404
KL: 0.0137
actor_loss: -0.0643
critic_loss: 0.0227
symmetry_actor_loss: 0.0000
symmetry_critic_loss: 0.0000
actor_learning_rate: 0.0001
critic_learning_rate: 0.0001
Policy/mean_noise_std: 0.3604
Total timesteps: 45318144
[PPO_HEALTH] adv_mean=1.863e-09 adv_std=1.000000 ratio=0.999328 clip=0.197589 actor_delta=9.906e-02 critic_delta=1.460e-01 action_clip=0.000e+00 reward_identity=1.490e-08
[REWARD] total=0.06524 anchor_pos=0.6454 anchor_ori=0.8090 body_pos=0.9498 body_ori=0.7782
[TRAIN_RESET] count=655 phase0_frac=0.0504 p50=193.0 p95=268.0 target_count=33 target_nonzero=0 curriculum_p50=195.0
[PROGRESS] env_steps=45318144 iteration=2.985s throughput=32932.9
 Learning iteration 461/500 
Computation: 31852 steps/s (Collection: 2.932s, Learning 0.154s)
Value: 0.0194
Surrogate: -0.0089
Entropy: 11.3174
KL: 0.0140
actor_loss: -0.0655
critic_loss: 0.0194
symmetry_actor_loss: 0.0000
symmetry_critic_loss: 0.0000
actor_learning_rate: 0.0001
critic_learning_rate: 0.0001
Policy/mean_noise_std: 0.3600
Total timesteps: 45416448
[PPO_HEALTH] adv_mean=1.164e-09 adv_std=1.000000 ratio=1.000029 clip=0.206063 actor_delta=1.269e-01 critic_delta=1.872e-01 action_clip=0.000e+00 reward_identity=1.490e-08
[REWARD] total=0.06529 anchor_pos=0.6491 anchor_ori=0.8089 body_pos=0.9496 body_ori=0.7794
[TRAIN_RESET] count=702 phase0_frac=0.0456 p50=196.0 p95=268.0 target_count=31 target_nonzero=0 curriculum_p50=198.0
[PROGRESS] env_steps=45416448 iteration=3.095s throughput=31764.9
 Learning iteration 462/500 
Computation: 32263 steps/s (Collection: 2.893s, Learning 0.154s)
Value: 0.0175
Surrogate: -0.0083
Entropy: 11.2884
KL: 0.0163
actor_loss: -0.0647
critic_loss: 0.0175
symmetry_actor_loss: 0.0000
symmetry_critic_loss: 0.0000
actor_learning_rate: 0.0001
critic_learning_rate: 0.0001
Policy/mean_noise_std: 0.3597
Total timesteps: 45514752
[PPO_HEALTH] adv_mean=-6.830e-09 adv_std=1.000000 ratio=1.000159 clip=0.237478 actor_delta=1.402e-01 critic_delta=1.801e-01 action_clip=0.000e+00 reward_identity=2.980e-08
[REWARD] total=0.06566 anchor_pos=0.6514 anchor_ori=0.8097 body_pos=0.9505 body_ori=0.7827
[TRAIN_RESET] count=653 phase0_frac=0.0551 p50=193.0 p95=269.0 target_count=35 target_nonzero=0 curriculum_p50=196.0
[PROGRESS] env_steps=45514752 iteration=3.056s throughput=32171.1
 Learning iteration 463/500 
Computation: 32520 steps/s (Collection: 2.867s, Learning 0.156s)
Value: 0.0266
Surrogate: -0.0083
Entropy: 11.2631
KL: 0.0158
actor_loss: -0.0647
critic_loss: 0.0266
symmetry_actor_loss: 0.0000
symmetry_critic_loss: 0.0000
actor_learning_rate: 0.0001
critic_learning_rate: 0.0001
Policy/mean_noise_std: 0.3595
Total timesteps: 45613056
[PPO_HEALTH] adv_mean=4.346e-09 adv_std=1.000000 ratio=0.999187 clip=0.229659 actor_delta=1.269e-01 critic_delta=1.930e-01 action_clip=0.000e+00 reward_identity=1.490e-08
[REWARD] total=0.06558 anchor_pos=0.6513 anchor_ori=0.8103 body_pos=0.9498 body_ori=0.7815
[TRAIN_RESET] count=658 phase0_frac=0.0486 p50=196.0 p95=269.0 target_count=32 target_nonzero=0 curriculum_p50=198.0
[PROGRESS] env_steps=45613056 iteration=3.032s throughput=32426.9
 Learning iteration 464/500 
Computation: 33160 steps/s (Collection: 2.806s, Learning 0.159s)
Value: 0.0191
Surrogate: -0.0092
Entropy: 11.2500
KL: 0.0167
actor_loss: -0.0655
critic_loss: 0.0191
symmetry_actor_loss: 0.0000
symmetry_critic_loss: 0.0000
actor_learning_rate: 0.0001
critic_learning_rate: 0.0001
Policy/mean_noise_std: 0.3592
Total timesteps: 45711360
[PPO_HEALTH] adv_mean=-6.830e-09 adv_std=1.000000 ratio=1.000275 clip=0.242647 actor_delta=1.432e-01 critic_delta=2.167e-01 action_clip=0.000e+00 reward_identity=1.490e-08
[REWARD] total=0.06547 anchor_pos=0.6492 anchor_ori=0.8086 body_pos=0.9497 body_ori=0.7809
[TRAIN_RESET] count=649 phase0_frac=0.0462 p50=191.0 p95=265.0 target_count=30 target_nonzero=0 curriculum_p50=194.0
[PROGRESS] env_steps=45711360 iteration=2.973s throughput=33063.7
 Learning iteration 465/500 
Computation: 32636 steps/s (Collection: 2.855s, Learning 0.157s)
Value: 0.0182
Surrogate: -0.0092
Entropy: 11.2206
KL: 0.0157
actor_loss: -0.0653
critic_loss: 0.0182
symmetry_actor_loss: 0.0000
symmetry_critic_loss: 0.0000
actor_learning_rate: 0.0001
critic_learning_rate: 0.0001
Policy/mean_noise_std: 0.3589
Total timesteps: 45809664
[PPO_HEALTH] adv_mean=9.313e-10 adv_std=1.000000 ratio=0.999959 clip=0.232231 actor_delta=1.301e-01 critic_delta=1.879e-01 action_clip=0.000e+00 reward_identity=1.490e-08
[REWARD] total=0.06560 anchor_pos=0.6504 anchor_ori=0.8092 body_pos=0.9493 body_ori=0.7822
[TRAIN_RESET] count=708 phase0_frac=0.0438 p50=197.0 p95=270.0 target_count=30 target_nonzero=0 curriculum_p50=198.0
[PROGRESS] env_steps=45809664 iteration=3.021s throughput=32542.4
 Learning iteration 466/500 
Computation: 32631 steps/s (Collection: 2.853s, Learning 0.159s)
Value: 0.0206
Surrogate: -0.0087
Entropy: 11.1956
KL: 0.0162
actor_loss: -0.0646
critic_loss: 0.0206
symmetry_actor_loss: 0.0000
symmetry_critic_loss: 0.0000
actor_learning_rate: 0.0001
critic_learning_rate: 0.0001
Policy/mean_noise_std: 0.3586
Total timesteps: 45907968
[PPO_HEALTH] adv_mean=2.484e-09 adv_std=1.000000 ratio=1.000032 clip=0.233478 actor_delta=1.232e-01 critic_delta=1.705e-01 action_clip=0.000e+00 reward_identity=1.490e-08
[REWARD] total=0.06581 anchor_pos=0.6529 anchor_ori=0.8116 body_pos=0.9499 body_ori=0.7847
[TRAIN_RESET] count=674 phase0_frac=0.0475 p50=195.0 p95=272.0 target_count=31 target_nonzero=0 curriculum_p50=196.0
[PROGRESS] env_steps=45907968 iteration=3.021s throughput=32539.2
 Learning iteration 467/500 
Computation: 29977 steps/s (Collection: 3.119s, Learning 0.160s)
Value: 0.0234
Surrogate: -0.0090
Entropy: 11.1757
KL: 0.0142
actor_loss: -0.0648
critic_loss: 0.0234
symmetry_actor_loss: 0.0000
symmetry_critic_loss: 0.0000
actor_learning_rate: 0.0001
critic_learning_rate: 0.0001
Policy/mean_noise_std: 0.3583
Total timesteps: 46006272
[PPO_HEALTH] adv_mean=-2.484e-09 adv_std=1.000000 ratio=0.999796 clip=0.205591 actor_delta=1.264e-01 critic_delta=1.828e-01 action_clip=0.000e+00 reward_identity=1.490e-08
[REWARD] total=0.06567 anchor_pos=0.6506 anchor_ori=0.8096 body_pos=0.9490 body_ori=0.7827
[TRAIN_RESET] count=675 phase0_frac=0.0548 p50=194.0 p95=270.0 target_count=36 target_nonzero=0 curriculum_p50=197.0
[PROGRESS] env_steps=46006272 iteration=3.288s throughput=29899.5
 Learning iteration 468/500 
Computation: 32457 steps/s (Collection: 2.876s, Learning 0.152s)
Value: 0.0179
Surrogate: -0.0081
Entropy: 11.1493
KL: 0.0132
actor_loss: -0.0639
critic_loss: 0.0179
symmetry_actor_loss: 0.0000
symmetry_critic_loss: 0.0000
actor_learning_rate: 0.0001
critic_learning_rate: 0.0001
Policy/mean_noise_std: 0.3580
Total timesteps: 46104576
[PPO_HEALTH] adv_mean=1.863e-09 adv_std=1.000000 ratio=1.000031 clip=0.191451 actor_delta=9.972e-02 critic_delta=1.479e-01 action_clip=0.000e+00 reward_identity=1.490e-08
[REWARD] total=0.06585 anchor_pos=0.6522 anchor_ori=0.8116 body_pos=0.9494 body_ori=0.7838
[TRAIN_RESET] count=696 phase0_frac=0.0603 p50=194.0 p95=272.0 target_count=42 target_nonzero=0 curriculum_p50=197.0
[PROGRESS] env_steps=46104576 iteration=3.037s throughput=32365.9
 Learning iteration 469/500 
Computation: 32318 steps/s (Collection: 2.884s, Learning 0.158s)
Value: 0.0213
Surrogate: -0.0094
Entropy: 11.1249
KL: 0.0139
actor_loss: -0.0650
critic_loss: 0.0213
symmetry_actor_loss: 0.0000
symmetry_critic_loss: 0.0000
actor_learning_rate: 0.0001
critic_learning_rate: 0.0001
Policy/mean_noise_std: 0.3577
Total timesteps: 46202880
[PPO_HEALTH] adv_mean=0.000e+00 adv_std=1.000000 ratio=1.000592 clip=0.204846 actor_delta=1.278e-01 critic_delta=1.815e-01 action_clip=0.000e+00 reward_identity=1.490e-08
[REWARD] total=0.06561 anchor_pos=0.6551 anchor_ori=0.8078 body_pos=0.9484 body_ori=0.7824
[TRAIN_RESET] count=681 phase0_frac=0.0499 p50=193.0 p95=266.0 target_count=34 target_nonzero=0 curriculum_p50=196.0
[PROGRESS] env_steps=46202880 iteration=3.050s throughput=32227.9
 Learning iteration 470/500 
Computation: 31983 steps/s (Collection: 2.921s, Learning 0.153s)
Value: 0.0185
Surrogate: -0.0080
Entropy: 11.0982
KL: 0.0152
actor_loss: -0.0635
critic_loss: 0.0185
symmetry_actor_loss: 0.0000
symmetry_critic_loss: 0.0000
actor_learning_rate: 0.0001
critic_learning_rate: 0.0001
Policy/mean_noise_std: 0.3573
Total timesteps: 46301184
[PPO_HEALTH] adv_mean=-2.173e-09 adv_std=1.000000 ratio=0.999970 clip=0.222420 actor_delta=1.237e-01 critic_delta=1.810e-01 action_clip=0.000e+00 reward_identity=1.490e-08
[REWARD] total=0.06581 anchor_pos=0.6588 anchor_ori=0.8093 body_pos=0.9485 body_ori=0.7836
[TRAIN_RESET] count=702 phase0_frac=0.0470 p50=194.0 p95=271.0 target_count=33 target_nonzero=0 curriculum_p50=197.0
[PROGRESS] env_steps=46301184 iteration=3.082s throughput=31894.5
 Learning iteration 471/500 
Computation: 33961 steps/s (Collection: 2.741s, Learning 0.154s)
Value: 0.0176
Surrogate: -0.0090
Entropy: 11.0636
KL: 0.0132
actor_loss: -0.0643
critic_loss: 0.0176
symmetry_actor_loss: 0.0000
symmetry_critic_loss: 0.0000
actor_learning_rate: 0.0001
critic_learning_rate: 0.0001
Policy/mean_noise_std: 0.3569
Total timesteps: 46399488
[PPO_HEALTH] adv_mean=-1.863e-09 adv_std=1.000000 ratio=0.999369 clip=0.194763 actor_delta=1.020e-01 critic_delta=1.528e-01 action_clip=0.000e+00 reward_identity=1.490e-08
[REWARD] total=0.06570 anchor_pos=0.6530 anchor_ori=0.8092 body_pos=0.9484 body_ori=0.7821
[TRAIN_RESET] count=643 phase0_frac=0.0389 p50=196.0 p95=265.0 target_count=25 target_nonzero=0 curriculum_p50=199.0
[PROGRESS] env_steps=46399488 iteration=2.903s throughput=33862.2
 Learning iteration 472/500 
Computation: 33614 steps/s (Collection: 2.773s, Learning 0.152s)
Value: 0.0198
Surrogate: -0.0084
Entropy: 11.0368
KL: 0.0146
actor_loss: -0.0636
critic_loss: 0.0198
symmetry_actor_loss: 0.0000
symmetry_critic_loss: 0.0000
actor_learning_rate: 0.0001
critic_learning_rate: 0.0001
Policy/mean_noise_std: 0.3567
Total timesteps: 46497792
[PPO_HEALTH] adv_mean=0.000e+00 adv_std=1.000000 ratio=0.998894 clip=0.211430 actor_delta=1.252e-01 critic_delta=1.804e-01 action_clip=0.000e+00 reward_identity=1.490e-08
[REWARD] total=0.06612 anchor_pos=0.6526 anchor_ori=0.8119 body_pos=0.9498 body_ori=0.7854
[TRAIN_RESET] count=703 phase0_frac=0.0398 p50=195.0 p95=267.0 target_count=28 target_nonzero=0 curriculum_p50=197.0
[PROGRESS] env_steps=46497792 iteration=2.933s throughput=33516.0
 Learning iteration 473/500 
Computation: 33774 steps/s (Collection: 2.756s, Learning 0.155s)
Value: 0.0204
Surrogate: -0.0080
Entropy: 11.0254
KL: 0.0150
actor_loss: -0.0631
critic_loss: 0.0204
symmetry_actor_loss: 0.0000
symmetry_critic_loss: 0.0000
actor_learning_rate: 0.0001
critic_learning_rate: 0.0001
Policy/mean_noise_std: 0.3566
Total timesteps: 46596096
[PPO_HEALTH] adv_mean=1.863e-09 adv_std=1.000000 ratio=1.000783 clip=0.221118 actor_delta=1.218e-01 critic_delta=1.896e-01 action_clip=0.000e+00 reward_identity=1.490e-08
[REWARD] total=0.06593 anchor_pos=0.6536 anchor_ori=0.8133 body_pos=0.9493 body_ori=0.7841
[TRAIN_RESET] count=676 phase0_frac=0.0459 p50=198.0 p95=274.0 target_count=30 target_nonzero=0 curriculum_p50=202.0
[PROGRESS] env_steps=46596096 iteration=2.919s throughput=33672.0
 Learning iteration 474/500 
Computation: 33653 steps/s (Collection: 2.768s, Learning 0.153s)
Value: 0.0180
Surrogate: -0.0096
Entropy: 11.0099
KL: 0.0127
actor_loss: -0.0646
critic_loss: 0.0180
symmetry_actor_loss: 0.0000
symmetry_critic_loss: 0.0000
actor_learning_rate: 0.0001
critic_learning_rate: 0.0001
Policy/mean_noise_std: 0.3562
Total timesteps: 46694400
[PPO_HEALTH] adv_mean=-8.071e-09 adv_std=1.000000 ratio=1.000007 clip=0.188210 actor_delta=1.216e-01 critic_delta=1.812e-01 action_clip=0.000e+00 reward_identity=1.490e-08
[REWARD] total=0.06573 anchor_pos=0.6516 anchor_ori=0.8096 body_pos=0.9486 body_ori=0.7828
[TRAIN_RESET] count=671 phase0_frac=0.0566 p50=197.0 p95=266.0 target_count=37 target_nonzero=0 curriculum_p50=198.0
[PROGRESS] env_steps=46694400 iteration=2.930s throughput=33554.4
 Learning iteration 475/500 
Computation: 33579 steps/s (Collection: 2.772s, Learning 0.155s)
Value: 0.0182
Surrogate: -0.0091
Entropy: 10.9837
KL: 0.0133
actor_loss: -0.0640
critic_loss: 0.0182
symmetry_actor_loss: 0.0000
symmetry_critic_loss: 0.0000
actor_learning_rate: 0.0001
critic_learning_rate: 0.0001
Policy/mean_noise_std: 0.3560
Total timesteps: 46792704
[PPO_HEALTH] adv_mean=-1.552e-09 adv_std=1.000000 ratio=1.000055 clip=0.197314 actor_delta=1.178e-01 critic_delta=1.879e-01 action_clip=0.000e+00 reward_identity=1.490e-08
[REWARD] total=0.06588 anchor_pos=0.6561 anchor_ori=0.8128 body_pos=0.9485 body_ori=0.7837
[TRAIN_RESET] count=693 phase0_frac=0.0491 p50=197.0 p95=274.0 target_count=34 target_nonzero=0 curriculum_p50=200.0
[PROGRESS] env_steps=46792704 iteration=2.936s throughput=33481.8
 Learning iteration 476/500 
Computation: 31240 steps/s (Collection: 2.992s, Learning 0.154s)
Value: 0.0173
Surrogate: -0.0089
Entropy: 10.9526
KL: 0.0157
actor_loss: -0.0637
critic_loss: 0.0173
symmetry_actor_loss: 0.0000
symmetry_critic_loss: 0.0000
actor_learning_rate: 0.0001
critic_learning_rate: 0.0001
Policy/mean_noise_std: 0.3556
Total timesteps: 46891008
[PPO_HEALTH] adv_mean=-1.552e-09 adv_std=1.000000 ratio=0.999920 clip=0.230731 actor_delta=1.307e-01 critic_delta=1.878e-01 action_clip=0.000e+00 reward_identity=1.490e-08
[REWARD] total=0.06592 anchor_pos=0.6587 anchor_ori=0.8119 body_pos=0.9489 body_ori=0.7832
[TRAIN_RESET] count=683 phase0_frac=0.0337 p50=196.0 p95=267.0 target_count=23 target_nonzero=0 curriculum_p50=199.0
[PROGRESS] env_steps=46891008 iteration=3.155s throughput=31155.2
 Learning iteration 477/500 
Computation: 33009 steps/s (Collection: 2.819s, Learning 0.159s)
Value: 0.0156
Surrogate: -0.0083
Entropy: 10.9271
KL: 0.0140
actor_loss: -0.0629
critic_loss: 0.0156
symmetry_actor_loss: 0.0000
symmetry_critic_loss: 0.0000
actor_learning_rate: 0.0001
critic_learning_rate: 0.0001
Policy/mean_noise_std: 0.3553
Total timesteps: 46989312
[PPO_HEALTH] adv_mean=-6.209e-10 adv_std=1.000000 ratio=0.999156 clip=0.202445 actor_delta=1.014e-01 critic_delta=1.346e-01 action_clip=0.000e+00 reward_identity=1.490e-08
[REWARD] total=0.06609 anchor_pos=0.6567 anchor_ori=0.8116 body_pos=0.9495 body_ori=0.7849
[TRAIN_RESET] count=696 phase0_frac=0.0546 p50=198.0 p95=269.0 target_count=36 target_nonzero=0 curriculum_p50=200.0
[PROGRESS] env_steps=46989312 iteration=2.987s throughput=32914.8
 Learning iteration 478/500 
Computation: 32351 steps/s (Collection: 2.882s, Learning 0.156s)
Value: 0.0170
Surrogate: -0.0090
Entropy: 10.9017
KL: 0.0143
actor_loss: -0.0636
critic_loss: 0.0170
symmetry_actor_loss: 0.0000
symmetry_critic_loss: 0.0000
actor_learning_rate: 0.0001
critic_learning_rate: 0.0001
Policy/mean_noise_std: 0.3550
Total timesteps: 47087616
[PPO_HEALTH] adv_mean=3.725e-09 adv_std=1.000000 ratio=0.999868 clip=0.209011 actor_delta=1.219e-01 critic_delta=1.814e-01 action_clip=0.000e+00 reward_identity=1.490e-08
[REWARD] total=0.06600 anchor_pos=0.6569 anchor_ori=0.8096 body_pos=0.9492 body_ori=0.7848
[TRAIN_RESET] count=677 phase0_frac=0.0443 p50=194.0 p95=272.0 target_count=28 target_nonzero=0 curriculum_p50=196.0
[PROGRESS] env_steps=47087616 iteration=3.047s throughput=32261.0
 Learning iteration 479/500 
Computation: 31761 steps/s (Collection: 2.941s, Learning 0.154s)
Value: 0.0212
Surrogate: -0.0084
Entropy: 10.8860
KL: 0.0147
actor_loss: -0.0628
critic_loss: 0.0212
symmetry_actor_loss: 0.0000
symmetry_critic_loss: 0.0000
actor_learning_rate: 0.0001
critic_learning_rate: 0.0001
Policy/mean_noise_std: 0.3548
Total timesteps: 47185920
[PPO_HEALTH] adv_mean=1.242e-09 adv_std=1.000000 ratio=0.999822 clip=0.213969 actor_delta=1.049e-01 critic_delta=1.678e-01 action_clip=0.000e+00 reward_identity=1.490e-08
[REWARD] total=0.06623 anchor_pos=0.6577 anchor_ori=0.8137 body_pos=0.9498 body_ori=0.7871
[TRAIN_RESET] count=686 phase0_frac=0.0496 p50=201.0 p95=272.0 target_count=31 target_nonzero=0 curriculum_p50=202.0
[PROGRESS] env_steps=47185920 iteration=3.104s throughput=31674.0
 Learning iteration 480/500 
Computation: 31945 steps/s (Collection: 2.922s, Learning 0.156s)
Value: 0.0165
Surrogate: -0.0092
Entropy: 10.8544
KL: 0.0132
actor_loss: -0.0634
critic_loss: 0.0165
symmetry_actor_loss: 0.0000
symmetry_critic_loss: 0.0000
actor_learning_rate: 0.0001
critic_learning_rate: 0.0001
Policy/mean_noise_std: 0.3543
Total timesteps: 47284224
[PPO_HEALTH] adv_mean=0.000e+00 adv_std=1.000000 ratio=0.999429 clip=0.196584 actor_delta=1.258e-01 critic_delta=1.717e-01 action_clip=0.000e+00 reward_identity=1.490e-08
[REWARD] total=0.06626 anchor_pos=0.6619 anchor_ori=0.8126 body_pos=0.9504 body_ori=0.7870
[TRAIN_RESET] count=684 phase0_frac=0.0468 p50=198.0 p95=271.0 target_count=30 target_nonzero=0 curriculum_p50=199.0
[PROGRESS] env_steps=47284224 iteration=3.086s throughput=31857.2
 Learning iteration 481/500 
Computation: 32135 steps/s (Collection: 2.904s, Learning 0.155s)
Value: 0.0175
Surrogate: -0.0086
Entropy: 10.8195
KL: 0.0158
actor_loss: -0.0626
critic_loss: 0.0175
symmetry_actor_loss: 0.0000
symmetry_critic_loss: 0.0000
actor_learning_rate: 0.0001
critic_learning_rate: 0.0001
Policy/mean_noise_std: 0.3541
Total timesteps: 47382528
[PPO_HEALTH] adv_mean=-6.209e-10 adv_std=1.000000 ratio=1.000016 clip=0.224087 actor_delta=1.294e-01 critic_delta=1.876e-01 action_clip=0.000e+00 reward_identity=1.490e-08
[REWARD] total=0.06600 anchor_pos=0.6595 anchor_ori=0.8122 body_pos=0.9491 body_ori=0.7840
[TRAIN_RESET] count=690 phase0_frac=0.0623 p50=194.0 p95=268.0 target_count=43 target_nonzero=0 curriculum_p50=198.0
[PROGRESS] env_steps=47382528 iteration=3.068s throughput=32044.3
 Learning iteration 482/500 
Computation: 31201 steps/s (Collection: 2.995s, Learning 0.155s)
Value: 0.0175
Surrogate: -0.0079
Entropy: 10.7934
KL: 0.0153
actor_loss: -0.0619
critic_loss: 0.0175
symmetry_actor_loss: 0.0000
symmetry_critic_loss: 0.0000
actor_learning_rate: 0.0001
critic_learning_rate: 0.0001
Policy/mean_noise_std: 0.3536
Total timesteps: 47480832
[PPO_HEALTH] adv_mean=-1.863e-09 adv_std=1.000000 ratio=0.998861 clip=0.223391 actor_delta=1.219e-01 critic_delta=1.744e-01 action_clip=0.000e+00 reward_identity=1.490e-08
[REWARD] total=0.06599 anchor_pos=0.6569 anchor_ori=0.8115 body_pos=0.9493 body_ori=0.7845
[TRAIN_RESET] count=695 phase0_frac=0.0604 p50=196.0 p95=269.0 target_count=42 target_nonzero=0 curriculum_p50=199.0
[PROGRESS] env_steps=47480832 iteration=3.159s throughput=31117.8
 Learning iteration 483/500 
Computation: 30832 steps/s (Collection: 3.031s, Learning 0.157s)
Value: 0.0193
Surrogate: -0.0086
Entropy: 10.7474
KL: 0.0158
actor_loss: -0.0624
critic_loss: 0.0193
symmetry_actor_loss: 0.0000
symmetry_critic_loss: 0.0000
actor_learning_rate: 0.0001
critic_learning_rate: 0.0001
Policy/mean_noise_std: 0.3531
Total timesteps: 47579136
[PPO_HEALTH] adv_mean=-3.725e-09 adv_std=1.000000 ratio=0.999325 clip=0.228845 actor_delta=1.165e-01 critic_delta=1.770e-01 action_clip=0.000e+00 reward_identity=2.980e-08
[REWARD] total=0.06631 anchor_pos=0.6569 anchor_ori=0.8165 body_pos=0.9499 body_ori=0.7867
[TRAIN_RESET] count=705 phase0_frac=0.0496 p50=196.0 p95=270.0 target_count=34 target_nonzero=0 curriculum_p50=199.0
[PROGRESS] env_steps=47579136 iteration=3.197s throughput=30749.5
 Learning iteration 484/500 
Computation: 31653 steps/s (Collection: 2.953s, Learning 0.153s)
Value: 0.0172
Surrogate: -0.0082
Entropy: 10.7123
KL: 0.0142
actor_loss: -0.0618
critic_loss: 0.0172
symmetry_actor_loss: 0.0000
symmetry_critic_loss: 0.0000
actor_learning_rate: 0.0001
critic_learning_rate: 0.0001
Policy/mean_noise_std: 0.3526
Total timesteps: 47677440
[PPO_HEALTH] adv_mean=2.484e-09 adv_std=1.000000 ratio=0.999916 clip=0.209672 actor_delta=1.196e-01 critic_delta=1.811e-01 action_clip=0.000e+00 reward_identity=2.980e-08
[REWARD] total=0.06630 anchor_pos=0.6591 anchor_ori=0.8156 body_pos=0.9505 body_ori=0.7862
[TRAIN_RESET] count=682 phase0_frac=0.0455 p50=196.0 p95=273.0 target_count=29 target_nonzero=0 curriculum_p50=198.0
[PROGRESS] env_steps=47677440 iteration=3.115s throughput=31562.4
 Learning iteration 485/500 
Computation: 32592 steps/s (Collection: 2.862s, Learning 0.154s)
Value: 0.0168
Surrogate: -0.0072
Entropy: 10.6710
KL: 0.0158
actor_loss: -0.0606
critic_loss: 0.0168
symmetry_actor_loss: 0.0000
symmetry_critic_loss: 0.0000
actor_learning_rate: 0.0001
critic_learning_rate: 0.0001
Policy/mean_noise_std: 0.3521
Total timesteps: 47775744
[PPO_HEALTH] adv_mean=-1.242e-09 adv_std=1.000000 ratio=1.000058 clip=0.230912 actor_delta=1.168e-01 critic_delta=1.751e-01 action_clip=0.000e+00 reward_identity=1.490e-08
[REWARD] total=0.06637 anchor_pos=0.6589 anchor_ori=0.8139 body_pos=0.9503 body_ori=0.7876
[TRAIN_RESET] count=727 phase0_frac=0.0344 p50=198.0 p95=267.0 target_count=24 target_nonzero=0 curriculum_p50=200.0
[PROGRESS] env_steps=47775744 iteration=3.025s throughput=32499.6
 Learning iteration 486/500 
Computation: 31962 steps/s (Collection: 2.923s, Learning 0.152s)
Value: 0.0219
Surrogate: -0.0093
Entropy: 10.6462
KL: 0.0154
actor_loss: -0.0625
critic_loss: 0.0219
symmetry_actor_loss: 0.0000
symmetry_critic_loss: 0.0000
actor_learning_rate: 0.0001
critic_learning_rate: 0.0001
Policy/mean_noise_std: 0.3520
Total timesteps: 47874048
[PPO_HEALTH] adv_mean=-6.209e-10 adv_std=1.000000 ratio=1.000042 clip=0.222373 actor_delta=1.252e-01 critic_delta=1.774e-01 action_clip=0.000e+00 reward_identity=1.490e-08
[REWARD] total=0.06620 anchor_pos=0.6604 anchor_ori=0.8108 body_pos=0.9500 body_ori=0.7860
[TRAIN_RESET] count=669 phase0_frac=0.0433 p50=199.0 p95=271.0 target_count=29 target_nonzero=0 curriculum_p50=200.0
[PROGRESS] env_steps=47874048 iteration=3.084s throughput=31874.8
 Learning iteration 487/500 
Computation: 31911 steps/s (Collection: 2.922s, Learning 0.159s)
Value: 0.0169
Surrogate: -0.0088
Entropy: 10.6326
KL: 0.0156
actor_loss: -0.0620
critic_loss: 0.0169
symmetry_actor_loss: 0.0000
symmetry_critic_loss: 0.0000
actor_learning_rate: 0.0001
critic_learning_rate: 0.0001
Policy/mean_noise_std: 0.3518
Total timesteps: 47972352
[PPO_HEALTH] adv_mean=-2.484e-09 adv_std=1.000000 ratio=0.999794 clip=0.226642 actor_delta=1.237e-01 critic_delta=1.717e-01 action_clip=0.000e+00 reward_identity=1.490e-08
[REWARD] total=0.06648 anchor_pos=0.6553 anchor_ori=0.8163 body_pos=0.9510 body_ori=0.7884
[TRAIN_RESET] count=660 phase0_frac=0.0530 p50=197.0 p95=268.0 target_count=34 target_nonzero=0 curriculum_p50=200.0
[PROGRESS] env_steps=47972352 iteration=3.089s throughput=31823.2
 Learning iteration 488/500 
Computation: 31695 steps/s (Collection: 2.944s, Learning 0.158s)
Value: 0.0179
Surrogate: -0.0085
Entropy: 10.6129
KL: 0.0139
actor_loss: -0.0615
critic_loss: 0.0179
symmetry_actor_loss: 0.0000
symmetry_critic_loss: 0.0000
actor_learning_rate: 0.0001
critic_learning_rate: 0.0001
Policy/mean_noise_std: 0.3515
Total timesteps: 48070656
[PPO_HEALTH] adv_mean=-9.313e-10 adv_std=1.000000 ratio=0.999998 clip=0.203548 actor_delta=1.229e-01 critic_delta=1.774e-01 action_clip=0.000e+00 reward_identity=1.490e-08
[REWARD] total=0.06671 anchor_pos=0.6574 anchor_ori=0.8223 body_pos=0.9518 body_ori=0.7896
[TRAIN_RESET] count=706 phase0_frac=0.0510 p50=193.0 p95=261.0 target_count=35 target_nonzero=0 curriculum_p50=195.0
[PROGRESS] env_steps=48070656 iteration=3.110s throughput=31608.5
 Learning iteration 489/500 
Computation: 33091 steps/s (Collection: 2.806s, Learning 0.165s)
Value: 0.0166
Surrogate: -0.0089
Entropy: 10.5822
KL: 0.0157
actor_loss: -0.0618
critic_loss: 0.0166
symmetry_actor_loss: 0.0000
symmetry_critic_loss: 0.0000
actor_learning_rate: 0.0001
critic_learning_rate: 0.0001
Policy/mean_noise_std: 0.3511
Total timesteps: 48168960
[PPO_HEALTH] adv_mean=-2.484e-09 adv_std=1.000000 ratio=0.999905 clip=0.228111 actor_delta=1.326e-01 critic_delta=1.933e-01 action_clip=0.000e+00 reward_identity=1.490e-08
[REWARD] total=0.06681 anchor_pos=0.6607 anchor_ori=0.8217 body_pos=0.9524 body_ori=0.7905
[TRAIN_RESET] count=722 phase0_frac=0.0443 p50=198.0 p95=270.0 target_count=32 target_nonzero=0 curriculum_p50=200.0
[PROGRESS] env_steps=48168960 iteration=2.979s throughput=32993.6
 Learning iteration 490/500 
Computation: 32573 steps/s (Collection: 2.863s, Learning 0.155s)
Value: 0.0181
Surrogate: -0.0082
Entropy: 10.5563
KL: 0.0134
actor_loss: -0.0610
critic_loss: 0.0181
symmetry_actor_loss: 0.0000
symmetry_critic_loss: 0.0000
actor_learning_rate: 0.0001
critic_learning_rate: 0.0001
Policy/mean_noise_std: 0.3509
Total timesteps: 48267264
[PPO_HEALTH] adv_mean=4.967e-09 adv_std=1.000000 ratio=1.000211 clip=0.193565 actor_delta=9.505e-02 critic_delta=1.353e-01 action_clip=0.000e+00 reward_identity=1.490e-08
[REWARD] total=0.06659 anchor_pos=0.6622 anchor_ori=0.8199 body_pos=0.9508 body_ori=0.7884
[TRAIN_RESET] count=689 phase0_frac=0.0508 p50=197.0 p95=271.0 target_count=31 target_nonzero=0 curriculum_p50=199.0
[PROGRESS] env_steps=48267264 iteration=3.027s throughput=32480.4
 Learning iteration 491/500 
Computation: 30914 steps/s (Collection: 3.022s, Learning 0.158s)
Value: 0.0215
Surrogate: -0.0090
Entropy: 10.5398
KL: 0.0133
actor_loss: -0.0617
critic_loss: 0.0215
symmetry_actor_loss: 0.0000
symmetry_critic_loss: 0.0000
actor_learning_rate: 0.0001
critic_learning_rate: 0.0001
Policy/mean_noise_std: 0.3506
Total timesteps: 48365568
[PPO_HEALTH] adv_mean=-1.242e-09 adv_std=1.000000 ratio=0.999576 clip=0.192973 actor_delta=1.291e-01 critic_delta=1.899e-01 action_clip=0.000e+00 reward_identity=1.490e-08
[REWARD] total=0.06664 anchor_pos=0.6623 anchor_ori=0.8186 body_pos=0.9513 body_ori=0.7900
[TRAIN_RESET] count=675 phase0_frac=0.0430 p50=197.0 p95=264.0 target_count=28 target_nonzero=0 curriculum_p50=199.0
[PROGRESS] env_steps=48365568 iteration=3.189s throughput=30829.9
 Learning iteration 492/500 
Computation: 31461 steps/s (Collection: 2.969s, Learning 0.156s)
Value: 0.0187
Surrogate: -0.0083
Entropy: 10.5203
KL: 0.0159
actor_loss: -0.0609
critic_loss: 0.0187
symmetry_actor_loss: 0.0000
symmetry_critic_loss: 0.0000
actor_learning_rate: 0.0001
critic_learning_rate: 0.0001
Policy/mean_noise_std: 0.3504
Total timesteps: 48463872
[PPO_HEALTH] adv_mean=1.863e-09 adv_std=1.000000 ratio=1.000360 clip=0.231175 actor_delta=1.239e-01 critic_delta=1.812e-01 action_clip=0.000e+00 reward_identity=1.490e-08
[REWARD] total=0.06650 anchor_pos=0.6580 anchor_ori=0.8199 body_pos=0.9510 body_ori=0.7881
[TRAIN_RESET] count=647 phase0_frac=0.0433 p50=196.0 p95=268.0 target_count=27 target_nonzero=0 curriculum_p50=199.0
[PROGRESS] env_steps=48463872 iteration=3.133s throughput=31373.0
 Learning iteration 493/500 
Computation: 31631 steps/s (Collection: 2.954s, Learning 0.154s)
Value: 0.0180
Surrogate: -0.0084
Entropy: 10.4945
KL: 0.0153
actor_loss: -0.0609
critic_loss: 0.0180
symmetry_actor_loss: 0.0000
symmetry_critic_loss: 0.0000
actor_learning_rate: 0.0001
critic_learning_rate: 0.0001
Policy/mean_noise_std: 0.3500
Total timesteps: 48562176
[PPO_HEALTH] adv_mean=-2.794e-09 adv_std=1.000000 ratio=1.000080 clip=0.220605 actor_delta=1.103e-01 critic_delta=1.522e-01 action_clip=0.000e+00 reward_identity=1.490e-08
[REWARD] total=0.06685 anchor_pos=0.6592 anchor_ori=0.8235 body_pos=0.9525 body_ori=0.7907
[TRAIN_RESET] count=715 phase0_frac=0.0462 p50=197.0 p95=268.0 target_count=32 target_nonzero=0 curriculum_p50=199.0
[PROGRESS] env_steps=48562176 iteration=3.116s throughput=31544.8
 Learning iteration 494/500 
Computation: 32054 steps/s (Collection: 2.909s, Learning 0.158s)
Value: 0.0183
Surrogate: -0.0092
Entropy: 10.4581
KL: 0.0135
actor_loss: -0.0615
critic_loss: 0.0183
symmetry_actor_loss: 0.0000
symmetry_critic_loss: 0.0000
actor_learning_rate: 0.0001
critic_learning_rate: 0.0001
Policy/mean_noise_std: 0.3496
Total timesteps: 48660480
[PPO_HEALTH] adv_mean=-6.209e-10 adv_std=1.000000 ratio=0.999458 clip=0.196714 actor_delta=1.262e-01 critic_delta=1.741e-01 action_clip=0.000e+00 reward_identity=1.490e-08
[REWARD] total=0.06675 anchor_pos=0.6656 anchor_ori=0.8219 body_pos=0.9525 body_ori=0.7888
[TRAIN_RESET] count=724 phase0_frac=0.0525 p50=199.0 p95=274.0 target_count=34 target_nonzero=0 curriculum_p50=201.0
[PROGRESS] env_steps=48660480 iteration=3.076s throughput=31960.5
 Learning iteration 495/500 
Computation: 32252 steps/s (Collection: 2.890s, Learning 0.158s)
Value: 0.0178
Surrogate: -0.0082
Entropy: 10.4240
KL: 0.0159
actor_loss: -0.0603
critic_loss: 0.0178
symmetry_actor_loss: 0.0000
symmetry_critic_loss: 0.0000
actor_learning_rate: 0.0001
critic_learning_rate: 0.0001
Policy/mean_noise_std: 0.3493
Total timesteps: 48758784
[PPO_HEALTH] adv_mean=4.967e-09 adv_std=1.000000 ratio=1.000707 clip=0.231069 actor_delta=1.254e-01 critic_delta=1.791e-01 action_clip=0.000e+00 reward_identity=2.980e-08
[REWARD] total=0.06707 anchor_pos=0.6671 anchor_ori=0.8239 body_pos=0.9527 body_ori=0.7922
[TRAIN_RESET] count=705 phase0_frac=0.0667 p50=196.0 p95=266.0 target_count=47 target_nonzero=0 curriculum_p50=199.0
[PROGRESS] env_steps=48758784 iteration=3.056s throughput=32162.5
 Learning iteration 496/500 
Computation: 31424 steps/s (Collection: 2.974s, Learning 0.154s)
Value: 0.0176
Surrogate: -0.0078
Entropy: 10.3962
KL: 0.0154
actor_loss: -0.0597
critic_loss: 0.0176
symmetry_actor_loss: 0.0000
symmetry_critic_loss: 0.0000
actor_learning_rate: 0.0001
critic_learning_rate: 0.0001
Policy/mean_noise_std: 0.3488
Total timesteps: 48857088
[PPO_HEALTH] adv_mean=-6.209e-09 adv_std=1.000000 ratio=1.000108 clip=0.226652 actor_delta=1.190e-01 critic_delta=1.677e-01 action_clip=0.000e+00 reward_identity=1.490e-08
[REWARD] total=0.06687 anchor_pos=0.6652 anchor_ori=0.8243 body_pos=0.9520 body_ori=0.7912
[TRAIN_RESET] count=654 phase0_frac=0.0550 p50=198.0 p95=272.0 target_count=35 target_nonzero=0 curriculum_p50=201.0
[PROGRESS] env_steps=48857088 iteration=3.137s throughput=31338.7
 Learning iteration 497/500 
Computation: 31605 steps/s (Collection: 2.956s, Learning 0.154s)
Value: 0.0162
Surrogate: -0.0085
Entropy: 10.3569
KL: 0.0140
actor_loss: -0.0603
critic_loss: 0.0162
symmetry_actor_loss: 0.0000
symmetry_critic_loss: 0.0000
actor_learning_rate: 0.0001
critic_learning_rate: 0.0001
Policy/mean_noise_std: 0.3484
Total timesteps: 48955392
[PPO_HEALTH] adv_mean=-1.242e-09 adv_std=1.000000 ratio=0.999456 clip=0.203719 actor_delta=1.042e-01 critic_delta=1.518e-01 action_clip=0.000e+00 reward_identity=1.490e-08
[REWARD] total=0.06694 anchor_pos=0.6581 anchor_ori=0.8269 body_pos=0.9527 body_ori=0.7909
[TRAIN_RESET] count=675 phase0_frac=0.0504 p50=194.0 p95=274.0 target_count=33 target_nonzero=0 curriculum_p50=197.0
[PROGRESS] env_steps=48955392 iteration=3.119s throughput=31519.1
 Learning iteration 498/500 
Computation: 32542 steps/s (Collection: 2.868s, Learning 0.153s)
Value: 0.0158
Surrogate: -0.0082
Entropy: 10.3188
KL: 0.0142
actor_loss: -0.0598
critic_loss: 0.0158
symmetry_actor_loss: 0.0000
symmetry_critic_loss: 0.0000
actor_learning_rate: 0.0001
critic_learning_rate: 0.0001
Policy/mean_noise_std: 0.3479
Total timesteps: 49053696
[PPO_HEALTH] adv_mean=-8.071e-09 adv_std=1.000000 ratio=0.999820 clip=0.212168 actor_delta=1.173e-01 critic_delta=1.740e-01 action_clip=0.000e+00 reward_identity=1.490e-08
[REWARD] total=0.06742 anchor_pos=0.6649 anchor_ori=0.8309 body_pos=0.9545 body_ori=0.7955
[TRAIN_RESET] count=730 phase0_frac=0.0370 p50=197.0 p95=268.0 target_count=25 target_nonzero=0 curriculum_p50=199.0
[PROGRESS] env_steps=49053696 iteration=3.029s throughput=32450.0
 Learning iteration 499/500 
Computation: 32213 steps/s (Collection: 2.896s, Learning 0.155s)
Value: 0.0194
Surrogate: -0.0094
Entropy: 10.2797
KL: 0.0153
actor_loss: -0.0608
critic_loss: 0.0194
symmetry_actor_loss: 0.0000
symmetry_critic_loss: 0.0000
actor_learning_rate: 0.0001
critic_learning_rate: 0.0001
Policy/mean_noise_std: 0.3475
Total timesteps: 49152000
[PPO_HEALTH] adv_mean=-1.863e-09 adv_std=1.000000 ratio=0.999909 clip=0.224300 actor_delta=1.282e-01 critic_delta=1.890e-01 action_clip=0.000e+00 reward_identity=1.490e-08
[REWARD] total=0.06727 anchor_pos=0.6654 anchor_ori=0.8304 body_pos=0.9535 body_ori=0.7938
[TRAIN_RESET] count=711 phase0_frac=0.0352 p50=199.0 p95=272.0 target_count=25 target_nonzero=0 curriculum_p50=201.0
[PROGRESS] env_steps=49152000 iteration=3.060s throughput=32123.5
[CHECKPOINT] saved /home/y/my_mimic_mixgrpo/fcamp/runs/fixed_reward_holosoma_ppo_u500_s42_20260801_205200/checkpoints/update_0500.pt
[VALIDATION_START] update=500 max_steps=500 envs=4096 fixed_seed=0
[VALIDATION_RESET_START]
[VALIDATION_RESET_DONE] time=7.834s
[VALIDATION_PROGRESS] step=1/500 done=0.00000 alive=1.00000 elapsed=0.213s
[VALIDATION_PROGRESS] step=50/500 done=0.00000 alive=1.00000 elapsed=4.228s
[VALIDATION_PROGRESS] step=100/500 done=0.00000 alive=1.00000 elapsed=8.197s
[VALIDATION_PROGRESS] step=150/500 done=0.00000 alive=1.00000 elapsed=12.074s
[VALIDATION_PROGRESS] step=200/500 done=0.00000 alive=1.00000 elapsed=15.954s
[VALIDATION_PROGRESS] step=250/500 done=0.00000 alive=1.00000 elapsed=20.012s
[VALIDATION_PROGRESS] step=300/500 done=0.00000 alive=1.00000 elapsed=24.178s
[VALIDATION_PROGRESS] step=324/500 done=1.00000 alive=0.00000 elapsed=26.154s
[VALIDATION_DONE] update=500 time=42.041s
[VAL] steps_mean=324.00 steps_min=324 steps_p50=324 steps_p95=324 steps_max=324 return=27.92104 done=1.00000
[VAL_OUTCOME] failure=0.00000 motion_complete=1.00000 time_out=0.00000 censored=0.00000 reference_progress=1.00000
[VAL_CAUSE] anchor_pos_bad=0.00000 anchor_ori_bad=0.00000 ee_body_bad=0.00000 failure_phase_p50=-1.0 completion_phase_p50=324.0
[VAL_RESET] root_pos=0.000000 root_ori=0.000deg anchor_pos=0.010002 anchor_ori=0.000deg joint_pos=0.000000 joint_vel=0.000000 body_pos=0.002920 body_ori=0.000deg
[VAL_TRACKING] joint_pos_mae=0.079669 joint_vel_mae=0.679036 root_lin_mae=0.125002 root_ang_mae=0.826476 pd_target_ref_now=0.209773 pd_target_ref_next=0.206458 torso_ori=5.399deg left_wrist_ori=5.593deg right_wrist_ori=6.080deg
[VAL_DYNAMICS] action_delta=0.083701 action_delta_p95=0.160928 action_d2=0.053390 action_d2_p95=0.119681 joint_vel_jump=0.295335 root_lin_jump=0.032947 root_ang_jump=0.281939 initial_action_delta=0.648207
[INFO] Training finished.
