[INFO] run_dir=/home/y/my_mimic_mixgrpo_h1/runs/mixgrpo_u200_h24_tail100
[INFO] log_file=/home/y/my_mimic_mixgrpo_h1/runs/mixgrpo_u200_h24_tail100/logs/train.log
[INFO] IsaacLab logging to file: /tmp/isaaclab_2026-05-21_20-15-48.log
[33m20:15:48 [terrain_importer.py] WARNING: Visual material specified for ground plane but no diffuse color found. Using default color: (0.0, 0.0, 0.0)[0m
[INFO] Starting MixGRPO training
[INFO] motion_file=/home/y/my_mimic_mixgrpo_h1/assets/motions/g1/dance_102/G1_Take_102.bvh_60hz.asset_order.npz
[INFO] obs_dim=154 actor_type=mix_sde_ode policy_horizon=1 action_dim=29 single_action_mode=True rollout_steps=24 reset_noise=True interval_pushes=True num_envs=8192 chunks_per_rollout=4 rollout_segments_per_update=6 grpo_update_steps=24 tail_bootstrap_steps=100 terminal_penalty=50.0 num_generations=4 grpo_groups=2048 init_noise_std=0.8 init_same_noise=False eval_initial_noise=zero sde_eta=0.7 flow_steps=4 actor_hidden_dims=[512, 256, 128] activation=elu action_squash_scale=5.0
[INFO] policy_epochs=5 clip_range=0.3 adv_clip_max=5.0 desired_kl=0.03 gamma=0.99 gae_lambda=0.95 entropy_coef=0.005 value_loss_coef=0.0 use_clipped_value_loss=True num_mini_batches=4 mini_batch_override=0 micro_batch=8192 policy_lr=0.001 critic_lr=0.0
[INFO] critic_free=True actor_std_trainable=False exploration=four_step_sde_noise first_generation_zero_sde_noise=False
[INFO] checkpoint_dir=/home/y/my_mimic_mixgrpo_h1/runs/mixgrpo_u200_h24_tail100/checkpoints
[UPDATE] 1/200 group_reward=7.43325 group_std=21.92008 group_raw=0.23812 rollout_ret=0.06579 chunk0_ret=0.07292 chunk_last_ret=0.00157
[REWARD_SCALE] live_steps=13.28 min=4 p50=10 p95=24 max=24 survive=0.16785 per_step=0.00496 per_second=0.248 episode30s_projection=7.43
[OBJECTIVE] obj_mean=0.06579 obj_std=0.19870 obj_min=-1.08018 obj_max=0.94239 raw_mean=0.23812 raw_std=0.27282 raw_min=-1.08018 raw_max=0.94239 score_mean=0.00838 rtg_mean=-45.08026 grpo_score=-22.27562 early_penalty=22.34141
[PHASE] start_mean=717.73 start_min=0 start_max=1433 fail_rel_mean=10.11
[CHUNK_REWARD] obj_first=0.07292 obj_mid=-0.00516 obj_last=-0.00654 raw_first=0.07292 raw_mid=0.00257 raw_last=0.00157
[POLICY] loss=-0.00061 policy_loss=-0.00061 value_loss=0.00000 entropy=0.00000 kl=0.02446 step_ratio=0.9990 step_clip=0.1150 post_ratio=0.9903 post_clip=0.0645 grad=0.14458 lr=0.001000 critic_lr=0.000000 sde_steps=4 opt_steps=20
[POLICY_DETAIL] samples=108758 mb=27189 micro_mb=8192 micro_steps=80 batch_ratio=0.9992 batch_min=0.0027 batch_max=31.5216 post_ratio=0.9903 post_min=0.3760 post_max=1.7251 post_clip=0.0645 logp_delta_abs=0.13748 post_logp_delta_abs=0.11253 post_kl=0.01284 old_logp=-15.72137 new_logp=-15.74523 adv_abs=0.73918 grpo_adv_abs=0.73918 valid=0.55317
[TRAIN] mean_reward=0.08817 mean_len=12.08 recent_eps=100 completed_eps=13160
[UPDATE_EFFECT] action_delta=0.02420004 param_rms_delta=0.00263607
[TIME] collect=12.464s update=0.680s
[DONE] timeout=0.00000 anchor_pos=0.00000 anchor_ori=0.00000 ee_body=0.00000
[DONE_ROLLOUT] timeout=0.00000 anchor_pos=0.07166 anchor_ori=0.01440 ee_body=0.75208
[FIRST_FAILURE] chunk_mean=10.11 chunk_min=3 chunk_max=23 phase_mean=726.48 phase_min=16 phase_max=1456 anchor_pos=0.07166 anchor_ori=0.01440 ee_body=0.75208 timeout=0.00000
[TRACK_CHUNK0] anchor_pos=0.97659 anchor_ori=0.81952 body_pos=0.97661 body_ori=0.79969 body_lin=0.53922 body_ang=0.02631
[TRACK_ROLLOUT] anchor_pos=0.77852 anchor_ori=0.56730 body_pos=0.87570 body_ori=0.30391 body_lin=0.40153 body_ang=0.04311
[TRAIN_COST] action_rate=19.48991 joint_torque=3002.54736 joint_limit=0.00222 undesired_contacts=0.68994
[REWARD_WEIGHTED] pos=0.11868 penalty=-0.04576 total=0.07292 act_rate=-0.03898 torque=-0.00060 contacts=-0.00138
[ACT_SUMMARY] abs_mean=0.6600 abs_p95=1.5933 abs_p99=2.0423 abs_max=3.3332 abs_max_all=3.6754 legs=0.6615 waist=0.6646 arms=0.6576 first=0.6600 last=0.6634 latent_abs=0.6761 latent_max=4.2096
[TRAIN_BODY] torso_ori=6.26deg l_wrist_ori=13.38deg r_wrist_ori=13.63deg l_elbow_ori=11.42deg r_elbow_ori=11.44deg l_shoulder_ori=8.81deg r_shoulder_ori=8.87deg
[TRAIN_ANG] torso=2.486 l_wrist=9.354 r_wrist=9.795 l_elbow=7.857 r_elbow=7.918 l_shoulder=4.655 r_shoulder=4.958
[TRAIN_ACT] l_wrist_r=0.6464 l_wrist_p=0.6651 l_wrist_y=0.6609 r_wrist_r=0.6627 r_wrist_p=0.6628 r_wrist_y=0.6739 l_elbow=0.6574 r_elbow=0.6576
Traceback (most recent call last):
  File "/home/y/my_mimic_mixgrpo_h1/scripts/train_mixgrpo.py", line 326, in main
    trainer.train()
  File "/home/y/my_mimic_mixgrpo_h1/engine/mixgrpo/trainer.py", line 1351, in train
    current_obs = self._resample_group_starts()
                  ^^^^^^^^^^^^^^^^^^^^^^^^^^^^^
  File "/home/y/my_mimic_mixgrpo_h1/engine/mixgrpo/trainer.py", line 1278, in _resample_group_starts
    self.env.reset_envs(env_ids, phase_indices=reset_phases)
  File "/home/y/my_mimic_mixgrpo_h1/env/mimic.py", line 129, in reset_envs
    self.last_action[env_ids] = 0.0
    ~~~~~~~~~~~~~~~~^^^^^^^^^
RuntimeError: Inplace update to inference tensor outside InferenceMode is not allowed.You can make a clone to get a normal tensor before doing inplace update.See https://github.com/pytorch/rfcs/pull/17 for more details.
[INFO] run_dir=/home/y/my_mimic_mixgrpo_h1/runs/mixgrpo_u200_h24_tail100
[INFO] log_file=/home/y/my_mimic_mixgrpo_h1/runs/mixgrpo_u200_h24_tail100/logs/train.log
[INFO] IsaacLab logging to file: /tmp/isaaclab_2026-05-21_20-18-06.log
[33m20:18:06 [terrain_importer.py] WARNING: Visual material specified for ground plane but no diffuse color found. Using default color: (0.0, 0.0, 0.0)[0m
[INFO] Starting MixGRPO training
[INFO] motion_file=/home/y/my_mimic_mixgrpo_h1/assets/motions/g1/dance_102/G1_Take_102.bvh_60hz.asset_order.npz
[INFO] obs_dim=154 actor_type=mix_sde_ode policy_horizon=1 action_dim=29 single_action_mode=True rollout_steps=24 reset_noise=True interval_pushes=True num_envs=8192 chunks_per_rollout=4 rollout_segments_per_update=6 grpo_update_steps=24 tail_bootstrap_steps=100 terminal_penalty=50.0 num_generations=4 grpo_groups=2048 init_noise_std=0.8 init_same_noise=False eval_initial_noise=zero sde_eta=0.7 flow_steps=4 actor_hidden_dims=[512, 256, 128] activation=elu action_squash_scale=5.0
[INFO] policy_epochs=5 clip_range=0.3 adv_clip_max=5.0 desired_kl=0.03 gamma=0.99 gae_lambda=0.95 entropy_coef=0.005 value_loss_coef=0.0 use_clipped_value_loss=True num_mini_batches=4 mini_batch_override=0 micro_batch=8192 policy_lr=0.001 critic_lr=0.0
[INFO] critic_free=True actor_std_trainable=False exploration=four_step_sde_noise first_generation_zero_sde_noise=False
[INFO] checkpoint_dir=/home/y/my_mimic_mixgrpo_h1/runs/mixgrpo_u200_h24_tail100/checkpoints
[UPDATE] 1/200 group_reward=7.43325 group_std=21.92008 group_raw=0.23812 rollout_ret=0.06579 chunk0_ret=0.07292 chunk_last_ret=0.00157
[REWARD_SCALE] live_steps=13.28 min=4 p50=10 p95=24 max=24 survive=0.16785 per_step=0.00496 per_second=0.248 episode30s_projection=7.43
[OBJECTIVE] obj_mean=0.06579 obj_std=0.19870 obj_min=-1.08018 obj_max=0.94239 raw_mean=0.23812 raw_std=0.27282 raw_min=-1.08018 raw_max=0.94239 score_mean=0.00838 rtg_mean=-45.08026 grpo_score=-22.27562 early_penalty=22.34141
[PHASE] start_mean=717.73 start_min=0 start_max=1433 fail_rel_mean=10.11
[CHUNK_REWARD] obj_first=0.07292 obj_mid=-0.00516 obj_last=-0.00654 raw_first=0.07292 raw_mid=0.00257 raw_last=0.00157
[POLICY] loss=-0.00061 policy_loss=-0.00061 value_loss=0.00000 entropy=0.00000 kl=0.02446 step_ratio=0.9990 step_clip=0.1150 post_ratio=0.9903 post_clip=0.0645 grad=0.14458 lr=0.001000 critic_lr=0.000000 sde_steps=4 opt_steps=20
[POLICY_DETAIL] samples=108758 mb=27189 micro_mb=8192 micro_steps=80 batch_ratio=0.9992 batch_min=0.0027 batch_max=31.5216 post_ratio=0.9903 post_min=0.3760 post_max=1.7251 post_clip=0.0645 logp_delta_abs=0.13748 post_logp_delta_abs=0.11253 post_kl=0.01284 old_logp=-15.72137 new_logp=-15.74523 adv_abs=0.73918 grpo_adv_abs=0.73918 valid=0.55317
[TRAIN] mean_reward=0.08817 mean_len=12.08 recent_eps=100 completed_eps=13160
[UPDATE_EFFECT] action_delta=0.02420004 param_rms_delta=0.00263607
[TIME] collect=12.478s update=0.685s
[DONE] timeout=0.00000 anchor_pos=0.00000 anchor_ori=0.00000 ee_body=0.00000
[DONE_ROLLOUT] timeout=0.00000 anchor_pos=0.07166 anchor_ori=0.01440 ee_body=0.75208
[FIRST_FAILURE] chunk_mean=10.11 chunk_min=3 chunk_max=23 phase_mean=726.48 phase_min=16 phase_max=1456 anchor_pos=0.07166 anchor_ori=0.01440 ee_body=0.75208 timeout=0.00000
[TRACK_CHUNK0] anchor_pos=0.97659 anchor_ori=0.81952 body_pos=0.97661 body_ori=0.79969 body_lin=0.53922 body_ang=0.02631
[TRACK_ROLLOUT] anchor_pos=0.77852 anchor_ori=0.56730 body_pos=0.87570 body_ori=0.30391 body_lin=0.40153 body_ang=0.04311
[TRAIN_COST] action_rate=19.48991 joint_torque=3002.54736 joint_limit=0.00222 undesired_contacts=0.68994
[REWARD_WEIGHTED] pos=0.11868 penalty=-0.04576 total=0.07292 act_rate=-0.03898 torque=-0.00060 contacts=-0.00138
[ACT_SUMMARY] abs_mean=0.6600 abs_p95=1.5933 abs_p99=2.0423 abs_max=3.3332 abs_max_all=3.6754 legs=0.6615 waist=0.6646 arms=0.6576 first=0.6600 last=0.6634 latent_abs=0.6761 latent_max=4.2096
[TRAIN_BODY] torso_ori=6.26deg l_wrist_ori=13.38deg r_wrist_ori=13.63deg l_elbow_ori=11.42deg r_elbow_ori=11.44deg l_shoulder_ori=8.81deg r_shoulder_ori=8.87deg
[TRAIN_ANG] torso=2.486 l_wrist=9.354 r_wrist=9.795 l_elbow=7.857 r_elbow=7.918 l_shoulder=4.655 r_shoulder=4.958
[TRAIN_ACT] l_wrist_r=0.6464 l_wrist_p=0.6651 l_wrist_y=0.6609 r_wrist_r=0.6627 r_wrist_p=0.6628 r_wrist_y=0.6739 l_elbow=0.6574 r_elbow=0.6576
[UPDATE] 2/200 group_reward=11.02004 group_std=22.07001 group_raw=0.29445 rollout_ret=0.08109 chunk0_ret=0.07210 chunk_last_ret=0.00580
[REWARD_SCALE] live_steps=11.04 min=5 p50=9 p95=24 max=24 survive=0.06091 per_step=0.00735 per_second=0.367 episode30s_projection=11.02
[OBJECTIVE] obj_mean=0.08109 obj_std=0.17419 obj_min=-0.99667 obj_max=0.82012 raw_mean=0.29445 raw_std=0.26200 raw_min=-0.99667 raw_max=0.98312 score_mean=0.01095 rtg_mean=-46.51192 grpo_score=-26.92315 early_penalty=27.00424
[PHASE] start_mean=749.45 start_min=5 start_max=1433 fail_rel_mean=9.20
[CHUNK_REWARD] obj_first=0.07210 obj_mid=-0.00440 obj_last=-0.00249 raw_first=0.07210 raw_mid=0.00643 raw_last=0.00580
[POLICY] loss=-0.00751 policy_loss=-0.00751 value_loss=0.00000 entropy=0.00000 kl=0.01247 step_ratio=0.9995 step_clip=0.0706 post_ratio=1.0017 post_clip=0.0811 grad=0.10885 lr=0.001000 critic_lr=0.000000 sde_steps=4 opt_steps=20
[POLICY_DETAIL] samples=90423 mb=22605 micro_mb=8192 micro_steps=60 batch_ratio=0.9997 batch_min=0.2049 batch_max=4.5418 post_ratio=1.0017 post_min=0.3583 post_max=1.9317 post_clip=0.0811 logp_delta_abs=0.10472 post_logp_delta_abs=0.11823 post_kl=0.01456 old_logp=-15.72688 new_logp=-15.73946 adv_abs=0.73630 grpo_adv_abs=0.73630 valid=0.45992
[TRAIN] mean_reward=0.11691 mean_len=9.71 recent_eps=100 completed_eps=28393
[UPDATE_EFFECT] action_delta=0.02343743 param_rms_delta=0.00287497
[TIME] collect=8.044s update=0.498s
[DONE] timeout=0.00000 anchor_pos=0.00000 anchor_ori=0.00000 ee_body=0.00000
[DONE_ROLLOUT] timeout=0.00000 anchor_pos=0.02661 anchor_ori=0.00549 ee_body=0.91113
[FIRST_FAILURE] chunk_mean=9.20 chunk_min=4 chunk_max=23 phase_mean=761.54 phase_min=27 phase_max=1455 anchor_pos=0.02661 anchor_ori=0.00549 ee_body=0.91113 timeout=0.00000
[TRACK_CHUNK0] anchor_pos=0.97691 anchor_ori=0.82668 body_pos=0.97671 body_ori=0.79314 body_lin=0.50045 body_ang=0.01800
[TRACK_ROLLOUT] anchor_pos=0.84026 anchor_ori=0.60002 body_pos=0.87996 body_ori=0.27112 body_lin=0.32044 body_ang=0.02532
[TRAIN_COST] action_rate=19.35214 joint_torque=3122.52832 joint_limit=0.00278 undesired_contacts=0.78308
[REWARD_WEIGHTED] pos=0.11791 penalty=-0.04581 total=0.07210 act_rate=-0.03870 torque=-0.00062 contacts=-0.00157
[ACT_SUMMARY] abs_mean=0.6569 abs_p95=1.5918 abs_p99=2.0390 abs_max=3.4851 abs_max_all=3.7429 legs=0.6600 waist=0.6561 arms=0.6544 first=0.6569 last=0.6630 latent_abs=0.6743 latent_max=4.8485
[TRAIN_BODY] torso_ori=6.21deg l_wrist_ori=13.68deg r_wrist_ori=14.01deg l_elbow_ori=11.74deg r_elbow_ori=11.97deg l_shoulder_ori=8.80deg r_shoulder_ori=9.26deg
[TRAIN_ANG] torso=2.524 l_wrist=9.980 r_wrist=10.451 l_elbow=8.514 r_elbow=8.685 l_shoulder=4.863 r_shoulder=5.495
[TRAIN_ACT] l_wrist_r=0.6602 l_wrist_p=0.6453 l_wrist_y=0.6563 r_wrist_r=0.6460 r_wrist_p=0.6633 r_wrist_y=0.6624 l_elbow=0.6548 r_elbow=0.6463
[UPDATE] 3/200 group_reward=12.96032 group_std=21.93407 group_raw=0.32069 rollout_ret=0.09301 chunk0_ret=0.07246 chunk_last_ret=0.00715
[REWARD_SCALE] live_steps=10.76 min=5 p50=9 p95=24 max=24 survive=0.04602 per_step=0.00864 per_second=0.432 episode30s_projection=12.96
[OBJECTIVE] obj_mean=0.09301 obj_std=0.16851 obj_min=-1.08964 obj_max=0.93124 raw_mean=0.32069 raw_std=0.25552 raw_min=-1.08964 raw_max=0.97197 score_mean=0.01204 rtg_mean=-46.81910 grpo_score=-27.48038 early_penalty=27.57340
[PHASE] start_mean=743.79 start_min=7 start_max=1433 fail_rel_mean=9.13
[CHUNK_REWARD] obj_first=0.07246 obj_mid=-0.00383 obj_last=-0.00200 raw_first=0.07246 raw_mid=0.00770 raw_last=0.00715
[POLICY] loss=-0.00801 policy_loss=-0.00801 value_loss=0.00000 entropy=0.00000 kl=0.01285 step_ratio=0.9996 step_clip=0.0734 post_ratio=0.9982 post_clip=0.0957 grad=0.11247 lr=0.001000 critic_lr=0.000000 sde_steps=4 opt_steps=20
[POLICY_DETAIL] samples=88185 mb=22046 micro_mb=8192 micro_steps=60 batch_ratio=0.9997 batch_min=0.1833 batch_max=4.6314 post_ratio=0.9982 post_min=0.3424 post_max=2.2662 post_clip=0.0957 logp_delta_abs=0.10618 post_logp_delta_abs=0.12930 post_kl=0.01787 old_logp=-15.72402 new_logp=-15.73697 adv_abs=0.73418 grpo_adv_abs=0.73418 valid=0.44853
[TRAIN] mean_reward=0.10622 mean_len=11.63 recent_eps=100 completed_eps=43816
[UPDATE_EFFECT] action_delta=0.02642138 param_rms_delta=0.00283695
[TIME] collect=7.918s update=0.474s
[DONE] timeout=0.00000 anchor_pos=0.00000 anchor_ori=0.00000 ee_body=0.00000
[DONE_ROLLOUT] timeout=0.00000 anchor_pos=0.02429 anchor_ori=0.00549 ee_body=0.93140
[FIRST_FAILURE] chunk_mean=9.13 chunk_min=4 chunk_max=23 phase_mean=752.99 phase_min=33 phase_max=1456 anchor_pos=0.02429 anchor_ori=0.00549 ee_body=0.93140 timeout=0.00000
[TRACK_CHUNK0] anchor_pos=0.97619 anchor_ori=0.82340 body_pos=0.97656 body_ori=0.79412 body_lin=0.50189 body_ang=0.01758
[TRACK_ROLLOUT] anchor_pos=0.84988 anchor_ori=0.60182 body_pos=0.88033 body_ori=0.27039 body_lin=0.31150 body_ang=0.02381
[TRAIN_COST] action_rate=19.15442 joint_torque=3119.69995 joint_limit=0.00272 undesired_contacts=0.75989
[REWARD_WEIGHTED] pos=0.11779 penalty=-0.04532 total=0.07246 act_rate=-0.03831 torque=-0.00062 contacts=-0.00152
[ACT_SUMMARY] abs_mean=0.6541 abs_p95=1.5802 abs_p99=2.0236 abs_max=3.6532 abs_max_all=3.6532 legs=0.6541 waist=0.6531 arms=0.6544 first=0.6541 last=0.6592 latent_abs=0.6715 latent_max=4.6505
[TRAIN_BODY] torso_ori=6.21deg l_wrist_ori=13.47deg r_wrist_ori=13.82deg l_elbow_ori=11.58deg r_elbow_ori=11.83deg l_shoulder_ori=8.77deg r_shoulder_ori=9.17deg
[TRAIN_ANG] torso=2.512 l_wrist=9.915 r_wrist=10.530 l_elbow=8.494 r_elbow=8.689 l_shoulder=4.860 r_shoulder=5.556
[TRAIN_ACT] l_wrist_r=0.6549 l_wrist_p=0.6485 l_wrist_y=0.6613 r_wrist_r=0.6591 r_wrist_p=0.6631 r_wrist_y=0.6560 l_elbow=0.6469 r_elbow=0.6605
[UPDATE] 4/200 group_reward=14.61626 group_std=21.53967 group_raw=0.34351 rollout_ret=0.10465 chunk0_ret=0.07260 chunk_last_ret=0.00755
[REWARD_SCALE] live_steps=10.74 min=5 p50=9 p95=23 max=24 survive=0.03809 per_step=0.00974 per_second=0.487 episode30s_projection=14.62
[OBJECTIVE] obj_mean=0.10465 obj_std=0.16215 obj_min=-1.01977 obj_max=0.86150 raw_mean=0.34351 raw_std=0.25214 raw_min=-1.01977 raw_max=1.02733 score_mean=0.01303 rtg_mean=-46.91669 grpo_score=-27.52114 early_penalty=27.62579
[PHASE] start_mean=742.39 start_min=6 start_max=1433 fail_rel_mean=9.21
[CHUNK_REWARD] obj_first=0.07260 obj_mid=-0.00349 obj_last=-0.00173 raw_first=0.07260 raw_mid=0.00957 raw_last=0.00755
[POLICY] loss=-0.00823 policy_loss=-0.00823 value_loss=0.00000 entropy=0.00000 kl=0.01345 step_ratio=0.9995 step_clip=0.0770 post_ratio=0.9974 post_clip=0.0908 grad=0.11525 lr=0.001000 critic_lr=0.000000 sde_steps=4 opt_steps=20
[POLICY_DETAIL] samples=87979 mb=21994 micro_mb=8192 micro_steps=60 batch_ratio=0.9997 batch_min=0.1673 batch_max=3.8094 post_ratio=0.9974 post_min=0.4547 post_max=2.4888 post_clip=0.0908 logp_delta_abs=0.10905 post_logp_delta_abs=0.12766 post_kl=0.01626 old_logp=-15.73095 new_logp=-15.74449 adv_abs=0.73214 grpo_adv_abs=0.73214 valid=0.44748
[TRAIN] mean_reward=0.11072 mean_len=11.86 recent_eps=100 completed_eps=59094
[UPDATE_EFFECT] action_delta=0.02715083 param_rms_delta=0.00287265
[TIME] collect=8.948s update=0.481s
[DONE] timeout=0.00000 anchor_pos=0.00000 anchor_ori=0.00000 ee_body=0.00000
[DONE_ROLLOUT] timeout=0.00000 anchor_pos=0.02112 anchor_ori=0.00452 ee_body=0.94141
[FIRST_FAILURE] chunk_mean=9.21 chunk_min=4 chunk_max=23 phase_mean=754.17 phase_min=31 phase_max=1454 anchor_pos=0.02112 anchor_ori=0.00452 ee_body=0.94141 timeout=0.00000
[TRACK_CHUNK0] anchor_pos=0.97637 anchor_ori=0.82559 body_pos=0.97641 body_ori=0.79232 body_lin=0.49981 body_ang=0.01693
[TRACK_ROLLOUT] anchor_pos=0.85122 anchor_ori=0.60502 body_pos=0.87978 body_ori=0.26459 body_lin=0.30775 body_ang=0.02264
[TRAIN_COST] action_rate=18.99515 joint_torque=3120.14844 joint_limit=0.00278 undesired_contacts=0.77991
[REWARD_WEIGHTED] pos=0.11779 penalty=-0.04519 total=0.07260 act_rate=-0.03799 torque=-0.00062 contacts=-0.00156
[ACT_SUMMARY] abs_mean=0.6511 abs_p95=1.5762 abs_p99=2.0194 abs_max=3.1524 abs_max_all=3.5993 legs=0.6503 waist=0.6515 arms=0.6517 first=0.6511 last=0.6589 latent_abs=0.6688 latent_max=4.2836
[TRAIN_BODY] torso_ori=6.16deg l_wrist_ori=13.65deg r_wrist_ori=13.79deg l_elbow_ori=11.82deg r_elbow_ori=11.80deg l_shoulder_ori=8.87deg r_shoulder_ori=9.24deg
[TRAIN_ANG] torso=2.555 l_wrist=9.976 r_wrist=10.480 l_elbow=8.592 r_elbow=8.683 l_shoulder=4.837 r_shoulder=5.670
[TRAIN_ACT] l_wrist_r=0.6412 l_wrist_p=0.6539 l_wrist_y=0.6430 r_wrist_r=0.6571 r_wrist_p=0.6614 r_wrist_y=0.6578 l_elbow=0.6496 r_elbow=0.6582
[UPDATE] 5/200 group_reward=15.93109 group_std=21.18842 group_raw=0.36066 rollout_ret=0.11706 chunk0_ret=0.07298 chunk_last_ret=0.00836
[REWARD_SCALE] live_steps=11.02 min=5 p50=9 p95=24 max=24 survive=0.04993 per_step=0.01062 per_second=0.531 episode30s_projection=15.93
[OBJECTIVE] obj_mean=0.11706 obj_std=0.15850 obj_min=-0.79709 obj_max=0.84960 raw_mean=0.36066 raw_std=0.24820 raw_min=-0.76348 raw_max=1.02186 score_mean=0.01382 rtg_mean=-46.75309 grpo_score=-26.91999 early_penalty=27.03705
[PHASE] start_mean=755.20 start_min=20 start_max=1433 fail_rel_mean=9.34
[CHUNK_REWARD] obj_first=0.07298 obj_mid=-0.00347 obj_last=-0.00208 raw_first=0.07298 raw_mid=0.01039 raw_last=0.00836
[POLICY] loss=-0.00800 policy_loss=-0.00800 value_loss=0.00000 entropy=0.00000 kl=0.01334 step_ratio=0.9995 step_clip=0.0760 post_ratio=1.0097 post_clip=0.0879 grad=0.11832 lr=0.001000 critic_lr=0.000000 sde_steps=4 opt_steps=20
[POLICY_DETAIL] samples=90294 mb=22573 micro_mb=8192 micro_steps=60 batch_ratio=0.9997 batch_min=0.1828 batch_max=4.5926 post_ratio=1.0097 post_min=0.3959 post_max=2.0788 post_clip=0.0879 logp_delta_abs=0.10906 post_logp_delta_abs=0.12772 post_kl=0.01588 old_logp=-15.72959 new_logp=-15.74301 adv_abs=0.73103 grpo_adv_abs=0.73103 valid=0.45926
[TRAIN] mean_reward=0.12509 mean_len=9.91 recent_eps=100 completed_eps=73883
[UPDATE_EFFECT] action_delta=0.02455577 param_rms_delta=0.00283142
[TIME] collect=7.194s update=0.481s
[DONE] timeout=0.00000 anchor_pos=0.00000 anchor_ori=0.00000 ee_body=0.00000
[DONE_ROLLOUT] timeout=0.00000 anchor_pos=0.01794 anchor_ori=0.00464 ee_body=0.93115
[FIRST_FAILURE] chunk_mean=9.34 chunk_min=4 chunk_max=23 phase_mean=764.69 phase_min=39 phase_max=1451 anchor_pos=0.01794 anchor_ori=0.00464 ee_body=0.93115 timeout=0.00000
[TRACK_CHUNK0] anchor_pos=0.97687 anchor_ori=0.82362 body_pos=0.97679 body_ori=0.79508 body_lin=0.50528 body_ang=0.01846
[TRACK_ROLLOUT] anchor_pos=0.85139 anchor_ori=0.60022 body_pos=0.87848 body_ori=0.26183 body_lin=0.31456 body_ang=0.02419
[TRAIN_COST] action_rate=18.84762 joint_torque=3107.46436 joint_limit=0.00274 undesired_contacts=0.77930
[REWARD_WEIGHTED] pos=0.11793 penalty=-0.04495 total=0.07298 act_rate=-0.03770 torque=-0.00062 contacts=-0.00156
[ACT_SUMMARY] abs_mean=0.6489 abs_p95=1.5648 abs_p99=2.0067 abs_max=3.2838 abs_max_all=3.6038 legs=0.6501 waist=0.6467 arms=0.6482 first=0.6489 last=0.6549 latent_abs=0.6665 latent_max=4.2080
[TRAIN_BODY] torso_ori=6.12deg l_wrist_ori=13.50deg r_wrist_ori=13.93deg l_elbow_ori=11.62deg r_elbow_ori=11.90deg l_shoulder_ori=8.70deg r_shoulder_ori=9.19deg
[TRAIN_ANG] torso=2.527 l_wrist=9.821 r_wrist=10.481 l_elbow=8.442 r_elbow=8.629 l_shoulder=4.823 r_shoulder=5.615
[TRAIN_ACT] l_wrist_r=0.6379 l_wrist_p=0.6479 l_wrist_y=0.6478 r_wrist_r=0.6417 r_wrist_p=0.6461 r_wrist_y=0.6494 l_elbow=0.6478 r_elbow=0.6644
[UPDATE] 6/200 group_reward=16.24229 group_std=21.17240 group_raw=0.37375 rollout_ret=0.12041 chunk0_ret=0.07299 chunk_last_ret=0.00898
[REWARD_SCALE] live_steps=11.12 min=5 p50=9 p95=24 max=24 survive=0.04272 per_step=0.01083 per_second=0.541 episode30s_projection=16.24
[OBJECTIVE] obj_mean=0.12041 obj_std=0.16040 obj_min=-0.94287 obj_max=0.99098 raw_mean=0.37375 raw_std=0.24914 raw_min=-0.93067 raw_max=1.03816 score_mean=0.01392 rtg_mean=-46.80667 grpo_score=-26.71345 early_penalty=26.83385
[PHASE] start_mean=750.57 start_min=10 start_max=1424 fail_rel_mean=9.54
[CHUNK_REWARD] obj_first=0.07299 obj_mid=-0.00351 obj_last=-0.00173 raw_first=0.07299 raw_mid=0.01171 raw_last=0.00898
[POLICY] loss=-0.00843 policy_loss=-0.00843 value_loss=0.00000 entropy=0.00000 kl=0.01427 step_ratio=0.9996 step_clip=0.0819 post_ratio=1.0016 post_clip=0.1230 grad=0.12564 lr=0.001000 critic_lr=0.000000 sde_steps=4 opt_steps=20
[POLICY_DETAIL] samples=91093 mb=22773 micro_mb=8192 micro_steps=60 batch_ratio=0.9998 batch_min=0.1816 batch_max=4.2162 post_ratio=1.0016 post_min=0.4222 post_max=2.1795 post_clip=0.1230 logp_delta_abs=0.11334 post_logp_delta_abs=0.14562 post_kl=0.02031 old_logp=-15.72557 new_logp=-15.73980 adv_abs=0.73151 grpo_adv_abs=0.73151 valid=0.46332
[TRAIN] mean_reward=0.12274 mean_len=12.32 recent_eps=100 completed_eps=88295
[UPDATE_EFFECT] action_delta=0.02772783 param_rms_delta=0.00283403
[TIME] collect=7.988s update=0.498s
[DONE] timeout=0.00000 anchor_pos=0.00000 anchor_ori=0.00000 ee_body=0.00000
[DONE_ROLLOUT] timeout=0.00000 anchor_pos=0.01526 anchor_ori=0.00293 ee_body=0.94312
[FIRST_FAILURE] chunk_mean=9.54 chunk_min=4 chunk_max=23 phase_mean=764.70 phase_min=50 phase_max=1447 anchor_pos=0.01526 anchor_ori=0.00293 ee_body=0.94312 timeout=0.00000
[TRACK_CHUNK0] anchor_pos=0.97609 anchor_ori=0.81905 body_pos=0.97617 body_ori=0.79168 body_lin=0.50041 body_ang=0.01800
[TRACK_ROLLOUT] anchor_pos=0.85211 anchor_ori=0.58965 body_pos=0.87658 body_ori=0.25590 body_lin=0.30989 body_ang=0.02344
[TRAIN_COST] action_rate=18.67130 joint_torque=3089.66602 joint_limit=0.00258 undesired_contacts=0.76355
[REWARD_WEIGHTED] pos=0.11753 penalty=-0.04454 total=0.07299 act_rate=-0.03734 torque=-0.00062 contacts=-0.00153
[ACT_SUMMARY] abs_mean=0.6454 abs_p95=1.5592 abs_p99=2.0104 abs_max=3.3423 abs_max_all=3.5953 legs=0.6427 waist=0.6505 arms=0.6466 first=0.6454 last=0.6530 latent_abs=0.6647 latent_max=4.5285
[TRAIN_BODY] torso_ori=6.35deg l_wrist_ori=13.58deg r_wrist_ori=13.98deg l_elbow_ori=11.71deg r_elbow_ori=12.02deg l_shoulder_ori=8.80deg r_shoulder_ori=9.37deg
[TRAIN_ANG] torso=2.543 l_wrist=9.901 r_wrist=10.702 l_elbow=8.433 r_elbow=8.720 l_shoulder=4.824 r_shoulder=5.706
[TRAIN_ACT] l_wrist_r=0.6421 l_wrist_p=0.6448 l_wrist_y=0.6374 r_wrist_r=0.6439 r_wrist_p=0.6392 r_wrist_y=0.6500 l_elbow=0.6431 r_elbow=0.6560
[UPDATE] 7/200 group_reward=17.60922 group_std=20.83017 group_raw=0.38787 rollout_ret=0.13308 chunk0_ret=0.07365 chunk_last_ret=0.00942
[REWARD_SCALE] live_steps=11.34 min=5 p50=9 p95=24 max=24 survive=0.04724 per_step=0.01174 per_second=0.587 episode30s_projection=17.61
[OBJECTIVE] obj_mean=0.13308 obj_std=0.16230 obj_min=-0.85644 obj_max=0.82693 raw_mean=0.38787 raw_std=0.24872 raw_min=-0.80346 raw_max=1.06565 score_mean=0.01468 rtg_mean=-46.73280 grpo_score=-26.25090 early_penalty=26.38397
[PHASE] start_mean=763.16 start_min=10 start_max=1433 fail_rel_mean=9.71
[CHUNK_REWARD] obj_first=0.07365 obj_mid=-0.00323 obj_last=-0.00188 raw_first=0.07365 raw_mid=0.01310 raw_last=0.00942
[POLICY] loss=-0.00867 policy_loss=-0.00867 value_loss=0.00000 entropy=0.00000 kl=0.01475 step_ratio=0.9995 step_clip=0.0837 post_ratio=0.9912 post_clip=0.0947 grad=0.13181 lr=0.001000 critic_lr=0.000000 sde_steps=4 opt_steps=20
[POLICY_DETAIL] samples=92862 mb=23215 micro_mb=8192 micro_steps=60 batch_ratio=0.9998 batch_min=0.1007 batch_max=5.6991 post_ratio=0.9912 post_min=0.4150 post_max=2.1746 post_clip=0.0947 logp_delta_abs=0.11634 post_logp_delta_abs=0.13742 post_kl=0.01866 old_logp=-15.72418 new_logp=-15.73886 adv_abs=0.73099 grpo_adv_abs=0.73099 valid=0.47232
[TRAIN] mean_reward=0.14315 mean_len=11.71 recent_eps=100 completed_eps=102227
[UPDATE_EFFECT] action_delta=0.02838253 param_rms_delta=0.00283614
[TIME] collect=9.909s update=0.514s
[DONE] timeout=0.00000 anchor_pos=0.00000 anchor_ori=0.00000 ee_body=0.00000
[DONE_ROLLOUT] timeout=0.00000 anchor_pos=0.01453 anchor_ori=0.00500 ee_body=0.93738
[FIRST_FAILURE] chunk_mean=9.71 chunk_min=4 chunk_max=23 phase_mean=775.66 phase_min=28 phase_max=1456 anchor_pos=0.01453 anchor_ori=0.00500 ee_body=0.93738 timeout=0.00000
[TRACK_CHUNK0] anchor_pos=0.97625 anchor_ori=0.82666 body_pos=0.97639 body_ori=0.79153 body_lin=0.51107 body_ang=0.01718
[TRACK_ROLLOUT] anchor_pos=0.85400 anchor_ori=0.58861 body_pos=0.87479 body_ori=0.24884 body_lin=0.31955 body_ang=0.02385
[TRAIN_COST] action_rate=18.69905 joint_torque=3090.09229 joint_limit=0.00259 undesired_contacts=0.75244
[REWARD_WEIGHTED] pos=0.11804 penalty=-0.04439 total=0.07365 act_rate=-0.03740 torque=-0.00062 contacts=-0.00150
[ACT_SUMMARY] abs_mean=0.6459 abs_p95=1.5631 abs_p99=2.0025 abs_max=3.2684 abs_max_all=3.4292 legs=0.6406 waist=0.6598 arms=0.6475 first=0.6459 last=0.6502 latent_abs=0.6632 latent_max=4.2003
[TRAIN_BODY] torso_ori=6.19deg l_wrist_ori=13.54deg r_wrist_ori=14.26deg l_elbow_ori=11.64deg r_elbow_ori=12.14deg l_shoulder_ori=8.86deg r_shoulder_ori=9.32deg
[TRAIN_ANG] torso=2.579 l_wrist=9.865 r_wrist=11.046 l_elbow=8.431 r_elbow=8.958 l_shoulder=4.802 r_shoulder=5.955
[TRAIN_ACT] l_wrist_r=0.6425 l_wrist_p=0.6463 l_wrist_y=0.6451 r_wrist_r=0.6480 r_wrist_p=0.6452 r_wrist_y=0.6439 l_elbow=0.6519 r_elbow=0.6616
[UPDATE] 8/200 group_reward=18.14552 group_std=20.82387 group_raw=0.39480 rollout_ret=0.14274 chunk0_ret=0.07339 chunk_last_ret=0.00926
[REWARD_SCALE] live_steps=11.80 min=5 p50=10 p95=24 max=24 survive=0.06116 per_step=0.01210 per_second=0.605 episode30s_projection=18.15
[OBJECTIVE] obj_mean=0.14274 obj_std=0.16426 obj_min=-0.85955 obj_max=0.90980 raw_mean=0.39480 raw_std=0.25381 raw_min=-0.85955 raw_max=1.05245 score_mean=0.01509 rtg_mean=-46.42593 grpo_score=-25.27510 early_penalty=25.41784
[PHASE] start_mean=765.15 start_min=7 start_max=1433 fail_rel_mean=10.00
[CHUNK_REWARD] obj_first=0.07339 obj_mid=-0.00330 obj_last=-0.00219 raw_first=0.07339 raw_mid=0.01408 raw_last=0.00926
[POLICY] loss=-0.00824 policy_loss=-0.00824 value_loss=0.00000 entropy=0.00000 kl=0.01530 step_ratio=0.9995 step_clip=0.0871 post_ratio=1.0046 post_clip=0.0986 grad=0.15223 lr=0.001000 critic_lr=0.000000 sde_steps=4 opt_steps=20
[POLICY_DETAIL] samples=96661 mb=24165 micro_mb=8192 micro_steps=60 batch_ratio=0.9998 batch_min=0.1698 batch_max=4.7165 post_ratio=1.0046 post_min=0.4285 post_max=2.0033 post_clip=0.0986 logp_delta_abs=0.11874 post_logp_delta_abs=0.13657 post_kl=0.01773 old_logp=-15.72680 new_logp=-15.74205 adv_abs=0.73231 grpo_adv_abs=0.73231 valid=0.49164
[TRAIN] mean_reward=0.12462 mean_len=12.79 recent_eps=100 completed_eps=115566
[UPDATE_EFFECT] action_delta=0.02815968 param_rms_delta=0.00278956
[TIME] collect=10.709s update=0.516s
[DONE] timeout=0.00000 anchor_pos=0.00000 anchor_ori=0.00000 ee_body=0.00000
[DONE_ROLLOUT] timeout=0.00000 anchor_pos=0.01416 anchor_ori=0.00403 ee_body=0.92432
[FIRST_FAILURE] chunk_mean=10.00 chunk_min=4 chunk_max=23 phase_mean=780.53 phase_min=121 phase_max=1455 anchor_pos=0.01416 anchor_ori=0.00403 ee_body=0.92432 timeout=0.00000
[TRACK_CHUNK0] anchor_pos=0.97629 anchor_ori=0.82637 body_pos=0.97683 body_ori=0.79430 body_lin=0.50961 body_ang=0.01904
[TRACK_ROLLOUT] anchor_pos=0.85232 anchor_ori=0.57792 body_pos=0.87403 body_ori=0.24670 body_lin=0.32909 body_ang=0.02626
[TRAIN_COST] action_rate=18.63361 joint_torque=3084.13867 joint_limit=0.00265 undesired_contacts=0.81860
[REWARD_WEIGHTED] pos=0.11810 penalty=-0.04471 total=0.07339 act_rate=-0.03727 torque=-0.00062 contacts=-0.00164
[ACT_SUMMARY] abs_mean=0.6446 abs_p95=1.5595 abs_p99=2.0026 abs_max=3.1845 abs_max_all=3.4879 legs=0.6380 waist=0.6609 arms=0.6468 first=0.6446 last=0.6495 latent_abs=0.6617 latent_max=4.0656
[TRAIN_BODY] torso_ori=6.15deg l_wrist_ori=13.66deg r_wrist_ori=13.96deg l_elbow_ori=11.74deg r_elbow_ori=12.09deg l_shoulder_ori=8.80deg r_shoulder_ori=9.48deg
[TRAIN_ANG] torso=2.588 l_wrist=9.900 r_wrist=10.589 l_elbow=8.470 r_elbow=8.678 l_shoulder=4.925 r_shoulder=5.670
[TRAIN_ACT] l_wrist_r=0.6365 l_wrist_p=0.6394 l_wrist_y=0.6410 r_wrist_r=0.6344 r_wrist_p=0.6363 r_wrist_y=0.6439 l_elbow=0.6521 r_elbow=0.6661
[UPDATE] 9/200 group_reward=17.21816 group_std=20.97943 group_raw=0.38962 rollout_ret=0.14157 chunk0_ret=0.07344 chunk_last_ret=0.00929
[REWARD_SCALE] live_steps=12.33 min=5 p50=10 p95=24 max=24 survive=0.07947 per_step=0.01148 per_second=0.574 episode30s_projection=17.22
[OBJECTIVE] obj_mean=0.14157 obj_std=0.16931 obj_min=-0.98919 obj_max=0.96398 raw_mean=0.38962 raw_std=0.25939 raw_min=-0.92829 raw_max=1.04676 score_mean=0.01468 rtg_mean=-46.16085 grpo_score=-24.16364 early_penalty=24.30522
[PHASE] start_mean=756.15 start_min=77 start_max=1433 fail_rel_mean=10.33
[CHUNK_REWARD] obj_first=0.07344 obj_mid=-0.00322 obj_last=-0.00271 raw_first=0.07344 raw_mid=0.01378 raw_last=0.00929
[POLICY] loss=-0.00805 policy_loss=-0.00805 value_loss=0.00000 entropy=0.00000 kl=0.01529 step_ratio=0.9994 step_clip=0.0869 post_ratio=1.0001 post_clip=0.1260 grad=0.15807 lr=0.001000 critic_lr=0.000000 sde_steps=4 opt_steps=20
[POLICY_DETAIL] samples=101036 mb=25259 micro_mb=8192 micro_steps=80 batch_ratio=0.9996 batch_min=0.1266 batch_max=6.1533 post_ratio=1.0001 post_min=0.4534 post_max=2.0808 post_clip=0.1260 logp_delta_abs=0.11987 post_logp_delta_abs=0.15134 post_kl=0.02078 old_logp=-15.73579 new_logp=-15.75115 adv_abs=0.72832 grpo_adv_abs=0.72832 valid=0.51390
[TRAIN] mean_reward=0.15404 mean_len=13.71 recent_eps=100 completed_eps=128159
[UPDATE_EFFECT] action_delta=0.03154166 param_rms_delta=0.00270442
[TIME] collect=12.609s update=0.610s
[DONE] timeout=0.00000 anchor_pos=0.00000 anchor_ori=0.00000 ee_body=0.00000
[DONE_ROLLOUT] timeout=0.00000 anchor_pos=0.01245 anchor_ori=0.00818 ee_body=0.90369
[FIRST_FAILURE] chunk_mean=10.33 chunk_min=4 chunk_max=23 phase_mean=774.56 phase_min=143 phase_max=1431 anchor_pos=0.01245 anchor_ori=0.00818 ee_body=0.90369 timeout=0.00000
[TRACK_CHUNK0] anchor_pos=0.97602 anchor_ori=0.82288 body_pos=0.97679 body_ori=0.79456 body_lin=0.51592 body_ang=0.01960
[TRACK_ROLLOUT] anchor_pos=0.84365 anchor_ori=0.55915 body_pos=0.86904 body_ori=0.23970 body_lin=0.33577 body_ang=0.02745
[TRAIN_COST] action_rate=18.70585 joint_torque=3080.25366 joint_limit=0.00268 undesired_contacts=0.76001
[REWARD_WEIGHTED] pos=0.11809 penalty=-0.04465 total=0.07344 act_rate=-0.03741 torque=-0.00062 contacts=-0.00152
[ACT_SUMMARY] abs_mean=0.6459 abs_p95=1.5614 abs_p99=2.0075 abs_max=3.2647 abs_max_all=3.5021 legs=0.6362 waist=0.6690 arms=0.6493 first=0.6459 last=0.6488 latent_abs=0.6615 latent_max=4.3407
[TRAIN_BODY] torso_ori=6.14deg l_wrist_ori=13.43deg r_wrist_ori=13.92deg l_elbow_ori=11.52deg r_elbow_ori=12.13deg l_shoulder_ori=8.82deg r_shoulder_ori=9.44deg
[TRAIN_ANG] torso=2.595 l_wrist=9.796 r_wrist=10.601 l_elbow=8.284 r_elbow=8.684 l_shoulder=4.835 r_shoulder=5.760
[TRAIN_ACT] l_wrist_r=0.6328 l_wrist_p=0.6231 l_wrist_y=0.6452 r_wrist_r=0.6403 r_wrist_p=0.6478 r_wrist_y=0.6393 l_elbow=0.6476 r_elbow=0.6762
[UPDATE] 10/200 group_reward=17.09141 group_std=20.72519 group_raw=0.38563 rollout_ret=0.14492 chunk0_ret=0.07309 chunk_last_ret=0.00848
[REWARD_SCALE] live_steps=12.72 min=5 p50=11 p95=24 max=24 survive=0.08728 per_step=0.01139 per_second=0.570 episode30s_projection=17.09
[OBJECTIVE] obj_mean=0.14492 obj_std=0.17104 obj_min=-0.88127 obj_max=0.95727 raw_mean=0.38563 raw_std=0.25801 raw_min=-0.85465 raw_max=1.16105 score_mean=0.01429 rtg_mean=-46.04405 grpo_score=-23.35717 early_penalty=23.50210
[PHASE] start_mean=762.00 start_min=21 start_max=1433 fail_rel_mean=10.64
[CHUNK_REWARD] obj_first=0.07309 obj_mid=-0.00371 obj_last=-0.00313 raw_first=0.07309 raw_mid=0.01429 raw_last=0.00848
[POLICY] loss=-0.00833 policy_loss=-0.00833 value_loss=0.00000 entropy=0.00000 kl=0.01610 step_ratio=0.9989 step_clip=0.0918 post_ratio=0.9912 post_clip=0.1162 grad=0.17126 lr=0.001000 critic_lr=0.000000 sde_steps=4 opt_steps=20
[POLICY_DETAIL] samples=104194 mb=26048 micro_mb=8192 micro_steps=80 batch_ratio=0.9994 batch_min=0.1251 batch_max=5.4520 post_ratio=0.9912 post_min=0.4317 post_max=2.2542 post_clip=0.1162 logp_delta_abs=0.12481 post_logp_delta_abs=0.15049 post_kl=0.02031 old_logp=-15.72466 new_logp=-15.74109 adv_abs=0.73184 grpo_adv_abs=0.73184 valid=0.52996
[TRAIN] mean_reward=0.17077 mean_len=14.14 recent_eps=100 completed_eps=140128
[UPDATE_EFFECT] action_delta=0.02813220 param_rms_delta=0.00270702
[TIME] collect=11.136s update=0.599s
[DONE] timeout=0.00000 anchor_pos=0.00000 anchor_ori=0.00000 ee_body=0.00000
[DONE_ROLLOUT] timeout=0.00000 anchor_pos=0.01562 anchor_ori=0.00830 ee_body=0.89441
[FIRST_FAILURE] chunk_mean=10.64 chunk_min=4 chunk_max=23 phase_mean=786.75 phase_min=137 phase_max=1421 anchor_pos=0.01562 anchor_ori=0.00830 ee_body=0.89441 timeout=0.00000
[TRACK_CHUNK0] anchor_pos=0.97635 anchor_ori=0.82554 body_pos=0.97656 body_ori=0.79408 body_lin=0.51453 body_ang=0.01918
[TRACK_ROLLOUT] anchor_pos=0.84316 anchor_ori=0.54584 body_pos=0.86546 body_ori=0.23263 body_lin=0.34139 body_ang=0.02842
[TRAIN_COST] action_rate=18.84637 joint_torque=3107.34155 joint_limit=0.00266 undesired_contacts=0.79297
[REWARD_WEIGHTED] pos=0.11816 penalty=-0.04507 total=0.07309 act_rate=-0.03769 torque=-0.00062 contacts=-0.00159
[ACT_SUMMARY] abs_mean=0.6481 abs_p95=1.5709 abs_p99=2.0219 abs_max=3.3593 abs_max_all=3.5205 legs=0.6350 waist=0.6779 arms=0.6530 first=0.6481 last=0.6497 latent_abs=0.6620 latent_max=4.3769
[TRAIN_BODY] torso_ori=6.21deg l_wrist_ori=13.65deg r_wrist_ori=13.87deg l_elbow_ori=11.83deg r_elbow_ori=11.95deg l_shoulder_ori=8.80deg r_shoulder_ori=9.27deg
[TRAIN_ANG] torso=2.615 l_wrist=9.832 r_wrist=10.637 l_elbow=8.432 r_elbow=8.711 l_shoulder=4.821 r_shoulder=5.839
[TRAIN_ACT] l_wrist_r=0.6247 l_wrist_p=0.6272 l_wrist_y=0.6333 r_wrist_r=0.6385 r_wrist_p=0.6385 r_wrist_y=0.6459 l_elbow=0.6571 r_elbow=0.6821
[UPDATE] 11/200 group_reward=16.08096 group_std=20.89013 group_raw=0.37346 rollout_ret=0.14536 chunk0_ret=0.07277 chunk_last_ret=0.00760
[REWARD_SCALE] live_steps=13.56 min=5 p50=12 p95=24 max=24 survive=0.11682 per_step=0.01072 per_second=0.536 episode30s_projection=16.08
[OBJECTIVE] obj_mean=0.14536 obj_std=0.18273 obj_min=-0.89398 obj_max=1.19967 raw_mean=0.37346 raw_std=0.26717 raw_min=-0.87358 raw_max=1.19967 score_mean=0.01364 rtg_mean=-45.66574 grpo_score=-21.60655 early_penalty=21.75191
[PHASE] start_mean=763.62 start_min=26 start_max=1433 fail_rel_mean=11.18
[CHUNK_REWARD] obj_first=0.07277 obj_mid=-0.00379 obj_last=-0.00388 raw_first=0.07277 raw_mid=0.01405 raw_last=0.00760
[POLICY] loss=-0.00700 policy_loss=-0.00700 value_loss=0.00000 entropy=0.00000 kl=0.01692 step_ratio=0.9995 step_clip=0.0956 post_ratio=0.9996 post_clip=0.1006 grad=0.20420 lr=0.001000 critic_lr=0.000000 sde_steps=4 opt_steps=20
[POLICY_DETAIL] samples=111076 mb=27769 micro_mb=8192 micro_steps=80 batch_ratio=0.9995 batch_min=0.0949 batch_max=6.2181 post_ratio=0.9996 post_min=0.3916 post_max=1.9387 post_clip=0.1006 logp_delta_abs=0.12541 post_logp_delta_abs=0.13784 post_kl=0.01829 old_logp=-15.72412 new_logp=-15.74121 adv_abs=0.73226 grpo_adv_abs=0.73226 valid=0.56496
[TRAIN] mean_reward=0.16613 mean_len=16.01 recent_eps=100 completed_eps=151124
[UPDATE_EFFECT] action_delta=0.02560709 param_rms_delta=0.00257283
[TIME] collect=11.169s update=0.599s
[DONE] timeout=0.00000 anchor_pos=0.00000 anchor_ori=0.00000 ee_body=0.00000
[DONE_ROLLOUT] timeout=0.00000 anchor_pos=0.02075 anchor_ori=0.01257 ee_body=0.85608
[FIRST_FAILURE] chunk_mean=11.18 chunk_min=4 chunk_max=23 phase_mean=792.19 phase_min=98 phase_max=1449 anchor_pos=0.02075 anchor_ori=0.01257 ee_body=0.85608 timeout=0.00000
[TRACK_CHUNK0] anchor_pos=0.97598 anchor_ori=0.82215 body_pos=0.97628 body_ori=0.79160 body_lin=0.51834 body_ang=0.01962
[TRACK_ROLLOUT] anchor_pos=0.83277 anchor_ori=0.52665 body_pos=0.85970 body_ori=0.22346 body_lin=0.34903 body_ang=0.03029
[TRAIN_COST] action_rate=18.93273 joint_torque=3108.82129 joint_limit=0.00279 undesired_contacts=0.77795
[REWARD_WEIGHTED] pos=0.11804 penalty=-0.04527 total=0.07277 act_rate=-0.03787 torque=-0.00062 contacts=-0.00156
[ACT_SUMMARY] abs_mean=0.6495 abs_p95=1.5744 abs_p99=2.0170 abs_max=3.1272 abs_max_all=3.5367 legs=0.6336 waist=0.6840 arms=0.6558 first=0.6495 last=0.6514 latent_abs=0.6619 latent_max=4.3378
[TRAIN_BODY] torso_ori=6.20deg l_wrist_ori=13.67deg r_wrist_ori=14.23deg l_elbow_ori=11.83deg r_elbow_ori=12.14deg l_shoulder_ori=8.81deg r_shoulder_ori=9.47deg
[TRAIN_ANG] torso=2.626 l_wrist=9.806 r_wrist=10.620 l_elbow=8.324 r_elbow=8.644 l_shoulder=4.775 r_shoulder=5.865
[TRAIN_ACT] l_wrist_r=0.6229 l_wrist_p=0.6363 l_wrist_y=0.6367 r_wrist_r=0.6363 r_wrist_p=0.6332 r_wrist_y=0.6487 l_elbow=0.6484 r_elbow=0.6992
[UPDATE] 12/200 group_reward=16.71100 group_std=20.63005 group_raw=0.37781 rollout_ret=0.15372 chunk0_ret=0.07236 chunk_last_ret=0.00780
[REWARD_SCALE] live_steps=13.80 min=5 p50=12 p95=24 max=24 survive=0.12708 per_step=0.01114 per_second=0.557 episode30s_projection=16.71
[OBJECTIVE] obj_mean=0.15372 obj_std=0.18590 obj_min=-0.88596 obj_max=1.13143 raw_mean=0.37781 raw_std=0.26439 raw_min=-0.88596 raw_max=1.13143 score_mean=0.01384 rtg_mean=-45.46310 grpo_score=-21.10076 early_penalty=21.25448
[PHASE] start_mean=777.02 start_min=21 start_max=1433 fail_rel_mean=11.31
[CHUNK_REWARD] obj_first=0.07236 obj_mid=-0.00361 obj_last=-0.00399 raw_first=0.07236 raw_mid=0.01401 raw_last=0.00780
[POLICY] loss=-0.00684 policy_loss=-0.00684 value_loss=0.00000 entropy=0.00000 kl=0.01632 step_ratio=0.9992 step_clip=0.0924 post_ratio=1.0011 post_clip=0.1172 grad=0.21351 lr=0.001000 critic_lr=0.000000 sde_steps=4 opt_steps=20
[POLICY_DETAIL] samples=113032 mb=28258 micro_mb=8192 micro_steps=80 batch_ratio=0.9996 batch_min=0.0481 batch_max=8.7413 post_ratio=1.0011 post_min=0.3964 post_max=2.3043 post_clip=0.1172 logp_delta_abs=0.12383 post_logp_delta_abs=0.14834 post_kl=0.02017 old_logp=-15.73398 new_logp=-15.75038 adv_abs=0.73285 grpo_adv_abs=0.73285 valid=0.57491
[TRAIN] mean_reward=0.18027 mean_len=17.96 recent_eps=100 completed_eps=161689
[UPDATE_EFFECT] action_delta=0.03034893 param_rms_delta=0.00247169
[TIME] collect=9.998s update=0.614s
[DONE] timeout=0.00000 anchor_pos=0.00000 anchor_ori=0.00000 ee_body=0.00000
[DONE_ROLLOUT] timeout=0.00000 anchor_pos=0.01782 anchor_ori=0.01147 ee_body=0.84875
[FIRST_FAILURE] chunk_mean=11.31 chunk_min=4 chunk_max=23 phase_mean=804.95 phase_min=134 phase_max=1405 anchor_pos=0.01782 anchor_ori=0.01147 ee_body=0.84875 timeout=0.00000
[TRACK_CHUNK0] anchor_pos=0.97626 anchor_ori=0.82032 body_pos=0.97608 body_ori=0.79275 body_lin=0.51560 body_ang=0.02002
[TRACK_ROLLOUT] anchor_pos=0.83315 anchor_ori=0.52050 body_pos=0.85822 body_ori=0.22043 body_lin=0.35194 body_ang=0.03105
[TRAIN_COST] action_rate=19.01693 joint_torque=3067.56030 joint_limit=0.00275 undesired_contacts=0.82495
[REWARD_WEIGHTED] pos=0.11795 penalty=-0.04559 total=0.07236 act_rate=-0.03803 torque=-0.00061 contacts=-0.00165
[ACT_SUMMARY] abs_mean=0.6507 abs_p95=1.5758 abs_p99=2.0325 abs_max=3.4774 abs_max_all=3.5801 legs=0.6298 waist=0.6908 arms=0.6599 first=0.6507 last=0.6505 latent_abs=0.6630 latent_max=4.4972
[TRAIN_BODY] torso_ori=6.19deg l_wrist_ori=13.53deg r_wrist_ori=14.16deg l_elbow_ori=11.65deg r_elbow_ori=12.13deg l_shoulder_ori=8.88deg r_shoulder_ori=9.39deg
[TRAIN_ANG] torso=2.664 l_wrist=9.670 r_wrist=10.846 l_elbow=8.302 r_elbow=8.859 l_shoulder=4.843 r_shoulder=5.904
[TRAIN_ACT] l_wrist_r=0.6287 l_wrist_p=0.6330 l_wrist_y=0.6377 r_wrist_r=0.6340 r_wrist_p=0.6291 r_wrist_y=0.6430 l_elbow=0.6523 r_elbow=0.6851
[UPDATE] 13/200 group_reward=15.40874 group_std=20.48111 group_raw=0.35873 rollout_ret=0.14990 chunk0_ret=0.07216 chunk_last_ret=0.00660
[REWARD_SCALE] live_steps=14.59 min=5 p50=13 p95=24 max=24 survive=0.15564 per_step=0.01027 per_second=0.514 episode30s_projection=15.41
[OBJECTIVE] obj_mean=0.14990 obj_std=0.19067 obj_min=-0.79018 obj_max=1.00283 raw_mean=0.35873 raw_std=0.26683 raw_min=-0.79018 raw_max=1.05283 score_mean=0.01290 rtg_mean=-45.07151 grpo_score=-19.44874 early_penalty=19.59864
[PHASE] start_mean=772.57 start_min=9 start_max=1433 fail_rel_mean=11.86
[CHUNK_REWARD] obj_first=0.07216 obj_mid=-0.00387 obj_last=-0.00460 raw_first=0.07216 raw_mid=0.01257 raw_last=0.00660
[POLICY] loss=-0.00702 policy_loss=-0.00702 value_loss=0.00000 entropy=0.00000 kl=0.01561 step_ratio=0.9997 step_clip=0.0882 post_ratio=0.9942 post_clip=0.1230 grad=0.20616 lr=0.001000 critic_lr=0.000000 sde_steps=4 opt_steps=20
[POLICY_DETAIL] samples=119543 mb=29885 micro_mb=8192 micro_steps=80 batch_ratio=0.9998 batch_min=0.1298 batch_max=5.9608 post_ratio=0.9942 post_min=0.3459 post_max=2.1794 post_clip=0.1230 logp_delta_abs=0.12250 post_logp_delta_abs=0.15194 post_kl=0.02151 old_logp=-15.72434 new_logp=-15.73985 adv_abs=0.73461 grpo_adv_abs=0.73461 valid=0.60803
[TRAIN] mean_reward=0.14548 mean_len=18.03 recent_eps=100 completed_eps=171361
[UPDATE_EFFECT] action_delta=0.03014762 param_rms_delta=0.00242031
[TIME] collect=14.472s update=0.624s
[DONE] timeout=0.00000 anchor_pos=0.00000 anchor_ori=0.00000 ee_body=0.00000
[DONE_ROLLOUT] timeout=0.00000 anchor_pos=0.02441 anchor_ori=0.01355 ee_body=0.81360
[FIRST_FAILURE] chunk_mean=11.86 chunk_min=4 chunk_max=23 phase_mean=811.73 phase_min=117 phase_max=1413 anchor_pos=0.02441 anchor_ori=0.01355 ee_body=0.81360 timeout=0.00000
[TRACK_CHUNK0] anchor_pos=0.97614 anchor_ori=0.81972 body_pos=0.97644 body_ori=0.79374 body_lin=0.51872 body_ang=0.01995
[TRACK_ROLLOUT] anchor_pos=0.82413 anchor_ori=0.49558 body_pos=0.85182 body_ori=0.21157 body_lin=0.36415 body_ang=0.03343
[TRAIN_COST] action_rate=19.18646 joint_torque=3130.03613 joint_limit=0.00265 undesired_contacts=0.75659
[REWARD_WEIGHTED] pos=0.11801 penalty=-0.04585 total=0.07216 act_rate=-0.03837 torque=-0.00063 contacts=-0.00151
[ACT_SUMMARY] abs_mean=0.6540 abs_p95=1.5832 abs_p99=2.0332 abs_max=3.3928 abs_max_all=3.6950 legs=0.6306 waist=0.7079 arms=0.6625 first=0.6540 last=0.6516 latent_abs=0.6645 latent_max=4.2348
[TRAIN_BODY] torso_ori=6.32deg l_wrist_ori=13.42deg r_wrist_ori=14.09deg l_elbow_ori=11.75deg r_elbow_ori=12.15deg l_shoulder_ori=8.85deg r_shoulder_ori=9.46deg
[TRAIN_ANG] torso=2.645 l_wrist=9.618 r_wrist=10.759 l_elbow=8.235 r_elbow=8.711 l_shoulder=4.883 r_shoulder=5.901
[TRAIN_ACT] l_wrist_r=0.6221 l_wrist_p=0.6309 l_wrist_y=0.6334 r_wrist_r=0.6294 r_wrist_p=0.6306 r_wrist_y=0.6511 l_elbow=0.6669 r_elbow=0.7032
[UPDATE] 14/200 group_reward=14.72690 group_std=20.15810 group_raw=0.35137 rollout_ret=0.14854 chunk0_ret=0.07158 chunk_last_ret=0.00633
[REWARD_SCALE] live_steps=15.13 min=6 p50=13 p95=24 max=24 survive=0.17456 per_step=0.00982 per_second=0.491 episode30s_projection=14.73
[OBJECTIVE] obj_mean=0.14854 obj_std=0.19292 obj_min=-0.79543 obj_max=1.13667 raw_mean=0.35137 raw_std=0.26806 raw_min=-0.79543 raw_max=1.13667 score_mean=0.01229 rtg_mean=-44.81639 grpo_score=-18.33112 early_penalty=18.47967
[PHASE] start_mean=788.53 start_min=80 start_max=1433 fail_rel_mean=12.25
[CHUNK_REWARD] obj_first=0.07158 obj_mid=-0.00403 obj_last=-0.00493 raw_first=0.07158 raw_mid=0.01191 raw_last=0.00633
[POLICY] loss=-0.00676 policy_loss=-0.00676 value_loss=0.00000 entropy=0.00000 kl=0.01588 step_ratio=0.9992 step_clip=0.0892 post_ratio=1.0068 post_clip=0.1123 grad=0.21478 lr=0.001000 critic_lr=0.000000 sde_steps=4 opt_steps=20
[POLICY_DETAIL] samples=123943 mb=30985 micro_mb=8192 micro_steps=80 batch_ratio=0.9994 batch_min=0.0893 batch_max=6.1500 post_ratio=1.0068 post_min=0.3374 post_max=2.3115 post_clip=0.1123 logp_delta_abs=0.12387 post_logp_delta_abs=0.14049 post_kl=0.01959 old_logp=-15.73886 new_logp=-15.75504 adv_abs=0.73638 grpo_adv_abs=0.73638 valid=0.63041
[TRAIN] mean_reward=0.12858 mean_len=19.78 recent_eps=100 completed_eps=180460
[UPDATE_EFFECT] action_delta=0.02481238 param_rms_delta=0.00237905
[TIME] collect=12.857s update=0.652s
[DONE] timeout=0.00000 anchor_pos=0.00000 anchor_ori=0.00000 ee_body=0.00000
[DONE_ROLLOUT] timeout=0.00000 anchor_pos=0.02759 anchor_ori=0.01550 ee_body=0.79163
[FIRST_FAILURE] chunk_mean=12.25 chunk_min=5 chunk_max=23 phase_mean=831.86 phase_min=103 phase_max=1359 anchor_pos=0.02759 anchor_ori=0.01550 ee_body=0.79163 timeout=0.00000
[TRACK_CHUNK0] anchor_pos=0.97642 anchor_ori=0.82397 body_pos=0.97607 body_ori=0.79240 body_lin=0.51878 body_ang=0.02053
[TRACK_ROLLOUT] anchor_pos=0.81959 anchor_ori=0.48713 body_pos=0.84699 body_ori=0.20456 body_lin=0.36178 body_ang=0.03277
[TRAIN_COST] action_rate=19.52435 joint_torque=3141.48877 joint_limit=0.00257 undesired_contacts=0.79871
[REWARD_WEIGHTED] pos=0.11817 penalty=-0.04659 total=0.07158 act_rate=-0.03905 torque=-0.00063 contacts=-0.00160
[ACT_SUMMARY] abs_mean=0.6599 abs_p95=1.5956 abs_p99=2.0564 abs_max=3.4056 abs_max_all=3.8075 legs=0.6294 waist=0.7278 arms=0.6714 first=0.6599 last=0.6528 latent_abs=0.6675 latent_max=4.4849
[TRAIN_BODY] torso_ori=6.15deg l_wrist_ori=13.42deg r_wrist_ori=14.23deg l_elbow_ori=11.73deg r_elbow_ori=12.42deg l_shoulder_ori=8.69deg r_shoulder_ori=9.56deg
[TRAIN_ANG] torso=2.700 l_wrist=9.532 r_wrist=10.856 l_elbow=8.232 r_elbow=8.999 l_shoulder=4.792 r_shoulder=6.004
[TRAIN_ACT] l_wrist_r=0.6076 l_wrist_p=0.6392 l_wrist_y=0.6356 r_wrist_r=0.6328 r_wrist_p=0.6264 r_wrist_y=0.6484 l_elbow=0.6800 r_elbow=0.7209
[UPDATE] 15/200 group_reward=14.17937 group_std=20.11040 group_raw=0.34196 rollout_ret=0.14924 chunk0_ret=0.07111 chunk_last_ret=0.00534
[REWARD_SCALE] live_steps=15.79 min=6 p50=14 p95=24 max=24 survive=0.20715 per_step=0.00945 per_second=0.473 episode30s_projection=14.18
[OBJECTIVE] obj_mean=0.14924 obj_std=0.20038 obj_min=-1.00468 obj_max=1.06908 raw_mean=0.34196 raw_std=0.27172 raw_min=-1.00468 raw_max=1.24597 score_mean=0.01176 rtg_mean=-44.60121 grpo_score=-16.95891 early_penalty=17.10815
[PHASE] start_mean=787.20 start_min=8 start_max=1433 fail_rel_mean=12.64
[CHUNK_REWARD] obj_first=0.07111 obj_mid=-0.00440 obj_last=-0.00591 raw_first=0.07111 raw_mid=0.00970 raw_last=0.00534
[POLICY] loss=-0.00620 policy_loss=-0.00620 value_loss=0.00000 entropy=0.00000 kl=0.01542 step_ratio=0.9992 step_clip=0.0866 post_ratio=1.0091 post_clip=0.1074 grad=0.22474 lr=0.001000 critic_lr=0.000000 sde_steps=4 opt_steps=20
[POLICY_DETAIL] samples=129336 mb=32334 micro_mb=8192 micro_steps=80 batch_ratio=0.9993 batch_min=0.0799 batch_max=6.2485 post_ratio=1.0091 post_min=0.4014 post_max=3.1092 post_clip=0.1074 logp_delta_abs=0.12146 post_logp_delta_abs=0.14030 post_kl=0.01882 old_logp=-15.72741 new_logp=-15.74318 adv_abs=0.73205 grpo_adv_abs=0.73205 valid=0.65784
[TRAIN] mean_reward=0.16702 mean_len=19.59 recent_eps=100 completed_eps=188855
[UPDATE_EFFECT] action_delta=0.02657191 param_rms_delta=0.00231620
[TIME] collect=11.233s update=0.665s
[DONE] timeout=0.00000 anchor_pos=0.00000 anchor_ori=0.00000 ee_body=0.00000
[DONE_ROLLOUT] timeout=0.00000 anchor_pos=0.02661 anchor_ori=0.01453 ee_body=0.76062
[FIRST_FAILURE] chunk_mean=12.64 chunk_min=5 chunk_max=23 phase_mean=837.25 phase_min=165 phase_max=1455 anchor_pos=0.02661 anchor_ori=0.01453 ee_body=0.76062 timeout=0.00000
[TRACK_CHUNK0] anchor_pos=0.97661 anchor_ori=0.81737 body_pos=0.97609 body_ori=0.79309 body_lin=0.52334 body_ang=0.02063
[TRACK_ROLLOUT] anchor_pos=0.81483 anchor_ori=0.47146 body_pos=0.84456 body_ori=0.20165 body_lin=0.36877 body_ang=0.03494
[TRAIN_COST] action_rate=19.65098 joint_torque=3107.00806 joint_limit=0.00257 undesired_contacts=0.80994
[REWARD_WEIGHTED] pos=0.11802 penalty=-0.04691 total=0.07111 act_rate=-0.03930 torque=-0.00062 contacts=-0.00162
[ACT_SUMMARY] abs_mean=0.6610 abs_p95=1.6050 abs_p99=2.0673 abs_max=3.5135 abs_max_all=3.7830 legs=0.6262 waist=0.7326 arms=0.6755 first=0.6610 last=0.6545 latent_abs=0.6689 latent_max=4.9412
[TRAIN_BODY] torso_ori=6.28deg l_wrist_ori=13.53deg r_wrist_ori=14.08deg l_elbow_ori=11.74deg r_elbow_ori=12.25deg l_shoulder_ori=8.77deg r_shoulder_ori=9.59deg
[TRAIN_ANG] torso=2.700 l_wrist=9.543 r_wrist=10.766 l_elbow=8.146 r_elbow=8.926 l_shoulder=4.867 r_shoulder=5.935
[TRAIN_ACT] l_wrist_r=0.6160 l_wrist_p=0.6341 l_wrist_y=0.6432 r_wrist_r=0.6200 r_wrist_p=0.6150 r_wrist_y=0.6484 l_elbow=0.6904 r_elbow=0.7138
[UPDATE] 16/200 group_reward=14.72501 group_std=19.96540 group_raw=0.34093 rollout_ret=0.16015 chunk0_ret=0.07099 chunk_last_ret=0.00364
[REWARD_SCALE] live_steps=16.31 min=6 p50=15 p95=24 max=24 survive=0.24365 per_step=0.00982 per_second=0.491 episode30s_projection=14.73
[OBJECTIVE] obj_mean=0.16015 obj_std=0.20816 obj_min=-0.85031 obj_max=1.21148 raw_mean=0.34093 raw_std=0.27113 raw_min=-0.78432 raw_max=1.21148 score_mean=0.01191 rtg_mean=-44.15723 grpo_score=-15.85294 early_penalty=16.01308
[PHASE] start_mean=789.80 start_min=10 start_max=1433 fail_rel_mean=12.84
[CHUNK_REWARD] obj_first=0.07099 obj_mid=-0.00355 obj_last=-0.00648 raw_first=0.07099 raw_mid=0.00983 raw_last=0.00364
[POLICY] loss=-0.00655 policy_loss=-0.00655 value_loss=0.00000 entropy=0.00000 kl=0.01562 step_ratio=0.9996 step_clip=0.0880 post_ratio=1.0085 post_clip=0.1094 grad=0.22400 lr=0.001000 critic_lr=0.000000 sde_steps=4 opt_steps=20
[POLICY_DETAIL] samples=133642 mb=33410 micro_mb=8192 micro_steps=100 batch_ratio=0.9996 batch_min=0.0785 batch_max=4.9530 post_ratio=1.0085 post_min=0.3672 post_max=2.1211 post_clip=0.1094 logp_delta_abs=0.12338 post_logp_delta_abs=0.13597 post_kl=0.01704 old_logp=-15.73431 new_logp=-15.75004 adv_abs=0.73668 grpo_adv_abs=0.73668 valid=0.67974
[TRAIN] mean_reward=0.19479 mean_len=20.68 recent_eps=100 completed_eps=196652
[UPDATE_EFFECT] action_delta=0.02538655 param_rms_delta=0.00228181
[TIME] collect=14.458s update=0.780s
[DONE] timeout=0.00000 anchor_pos=0.00000 anchor_ori=0.00000 ee_body=0.00000
[DONE_ROLLOUT] timeout=0.00000 anchor_pos=0.03174 anchor_ori=0.01440 ee_body=0.72034
[FIRST_FAILURE] chunk_mean=12.84 chunk_min=5 chunk_max=23 phase_mean=842.93 phase_min=25 phase_max=1393 anchor_pos=0.03174 anchor_ori=0.01440 ee_body=0.72034 timeout=0.00000
[TRACK_CHUNK0] anchor_pos=0.97629 anchor_ori=0.82768 body_pos=0.97644 body_ori=0.79448 body_lin=0.52776 body_ang=0.02093
[TRACK_ROLLOUT] anchor_pos=0.81109 anchor_ori=0.46780 body_pos=0.84221 body_ori=0.19843 body_lin=0.38162 body_ang=0.03778
[TRAIN_COST] action_rate=19.97899 joint_torque=3138.00830 joint_limit=0.00245 undesired_contacts=0.82336
[REWARD_WEIGHTED] pos=0.11855 penalty=-0.04756 total=0.07099 act_rate=-0.03996 torque=-0.00063 contacts=-0.00165
[ACT_SUMMARY] abs_mean=0.6665 abs_p95=1.6158 abs_p99=2.0891 abs_max=3.4742 abs_max_all=3.5906 legs=0.6283 waist=0.7433 arms=0.6829 first=0.6665 last=0.6578 latent_abs=0.6711 latent_max=4.5187
[TRAIN_BODY] torso_ori=6.16deg l_wrist_ori=13.68deg r_wrist_ori=14.09deg l_elbow_ori=11.94deg r_elbow_ori=12.18deg l_shoulder_ori=8.80deg r_shoulder_ori=9.29deg
[TRAIN_ANG] torso=2.678 l_wrist=9.511 r_wrist=10.660 l_elbow=8.096 r_elbow=8.868 l_shoulder=4.839 r_shoulder=5.862
[TRAIN_ACT] l_wrist_r=0.6218 l_wrist_p=0.6360 l_wrist_y=0.6315 r_wrist_r=0.6296 r_wrist_p=0.6234 r_wrist_y=0.6513 l_elbow=0.6888 r_elbow=0.7452
[UPDATE] 17/200 group_reward=14.04003 group_std=19.73285 group_raw=0.32955 rollout_ret=0.15810 chunk0_ret=0.07028 chunk_last_ret=0.00313
[REWARD_SCALE] live_steps=16.89 min=7 p50=16 p95=24 max=24 survive=0.26562 per_step=0.00936 per_second=0.468 episode30s_projection=14.04
[OBJECTIVE] obj_mean=0.15810 obj_std=0.21502 obj_min=-0.90156 obj_max=1.23503 raw_mean=0.32955 raw_std=0.27322 raw_min=-0.90156 raw_max=1.31203 score_mean=0.01128 rtg_mean=-43.94699 grpo_score=-14.65157 early_penalty=14.80967
[PHASE] start_mean=791.48 start_min=43 start_max=1423 fail_rel_mean=13.32
[CHUNK_REWARD] obj_first=0.07028 obj_mid=-0.00381 obj_last=-0.00702 raw_first=0.07028 raw_mid=0.00891 raw_last=0.00313
[POLICY] loss=-0.00580 policy_loss=-0.00580 value_loss=0.00000 entropy=0.00000 kl=0.01632 step_ratio=0.9992 step_clip=0.0898 post_ratio=0.9973 post_clip=0.1074 grad=0.25115 lr=0.001000 critic_lr=0.000000 sde_steps=4 opt_steps=20
[POLICY_DETAIL] samples=138374 mb=34593 micro_mb=8192 micro_steps=100 batch_ratio=0.9993 batch_min=0.0431 batch_max=7.8628 post_ratio=0.9973 post_min=0.3387 post_max=3.0323 post_clip=0.1074 logp_delta_abs=0.12497 post_logp_delta_abs=0.14403 post_kl=0.01966 old_logp=-15.72833 new_logp=-15.74501 adv_abs=0.73611 grpo_adv_abs=0.73611 valid=0.70381
[TRAIN] mean_reward=0.19586 mean_len=25.38 recent_eps=100 completed_eps=203954
[UPDATE_EFFECT] action_delta=0.02606255 param_rms_delta=0.00222525
[TIME] collect=12.482s update=0.773s
[DONE] timeout=0.00000 anchor_pos=0.00000 anchor_ori=0.00000 ee_body=0.00000
[DONE_ROLLOUT] timeout=0.00000 anchor_pos=0.03784 anchor_ori=0.01514 ee_body=0.69556
[FIRST_FAILURE] chunk_mean=13.32 chunk_min=6 chunk_max=23 phase_mean=844.08 phase_min=110 phase_max=1442 anchor_pos=0.03784 anchor_ori=0.01514 ee_body=0.69556 timeout=0.00000
[TRACK_CHUNK0] anchor_pos=0.97598 anchor_ori=0.82210 body_pos=0.97574 body_ori=0.79155 body_lin=0.52515 body_ang=0.02096
[TRACK_ROLLOUT] anchor_pos=0.80510 anchor_ori=0.45550 body_pos=0.83832 body_ori=0.19166 body_lin=0.37829 body_ang=0.03687
[TRAIN_COST] action_rate=20.12778 joint_torque=3203.63721 joint_limit=0.00271 undesired_contacts=0.80273
[REWARD_WEIGHTED] pos=0.11819 penalty=-0.04791 total=0.07028 act_rate=-0.04026 torque=-0.00064 contacts=-0.00161
[ACT_SUMMARY] abs_mean=0.6683 abs_p95=1.6238 abs_p99=2.1056 abs_max=3.3762 abs_max_all=3.7516 legs=0.6272 waist=0.7485 arms=0.6864 first=0.6683 last=0.6596 latent_abs=0.6741 latent_max=4.4394
[TRAIN_BODY] torso_ori=6.29deg l_wrist_ori=13.51deg r_wrist_ori=14.12deg l_elbow_ori=11.80deg r_elbow_ori=12.45deg l_shoulder_ori=8.86deg r_shoulder_ori=9.72deg
[TRAIN_ANG] torso=2.699 l_wrist=9.387 r_wrist=10.896 l_elbow=8.154 r_elbow=9.064 l_shoulder=4.793 r_shoulder=6.048
[TRAIN_ACT] l_wrist_r=0.6193 l_wrist_p=0.6321 l_wrist_y=0.6257 r_wrist_r=0.6190 r_wrist_p=0.6206 r_wrist_y=0.6380 l_elbow=0.6917 r_elbow=0.7587
[UPDATE] 18/200 group_reward=13.48595 group_std=19.75716 group_raw=0.31968 rollout_ret=0.15626 chunk0_ret=0.06976 chunk_last_ret=0.00119
[REWARD_SCALE] live_steps=17.38 min=5 p50=17 p95=24 max=24 survive=0.29797 per_step=0.00899 per_second=0.450 episode30s_projection=13.49
[OBJECTIVE] obj_mean=0.15626 obj_std=0.21547 obj_min=-0.80794 obj_max=1.19427 raw_mean=0.31968 raw_std=0.27779 raw_min=-0.79436 raw_max=1.19427 score_mean=0.01098 rtg_mean=-43.59418 grpo_score=-13.63591 early_penalty=13.79217
[PHASE] start_mean=797.62 start_min=30 start_max=1419 fail_rel_mean=13.57
[CHUNK_REWARD] obj_first=0.06976 obj_mid=-0.00356 obj_last=-0.00816 raw_first=0.06976 raw_mid=0.00849 raw_last=0.00119
[POLICY] loss=-0.00594 policy_loss=-0.00594 value_loss=0.00000 entropy=0.00000 kl=0.01547 step_ratio=0.9997 step_clip=0.0869 post_ratio=0.9958 post_clip=0.0947 grad=0.24735 lr=0.001000 critic_lr=0.000000 sde_steps=4 opt_steps=20
[POLICY_DETAIL] samples=142375 mb=35593 micro_mb=8192 micro_steps=100 batch_ratio=1.0000 batch_min=0.0700 batch_max=7.5676 post_ratio=0.9958 post_min=0.3210 post_max=1.8472 post_clip=0.0947 logp_delta_abs=0.12219 post_logp_delta_abs=0.13842 post_kl=0.01771 old_logp=-15.72609 new_logp=-15.74131 adv_abs=0.73699 grpo_adv_abs=0.73699 valid=0.72416
[TRAIN] mean_reward=0.20656 mean_len=28.88 recent_eps=100 completed_eps=210706
[UPDATE_EFFECT] action_delta=0.02866088 param_rms_delta=0.00216640
[TIME] collect=13.873s update=0.780s
[DONE] timeout=0.00000 anchor_pos=0.00000 anchor_ori=0.00000 ee_body=0.00000
[DONE_ROLLOUT] timeout=0.00000 anchor_pos=0.04468 anchor_ori=0.01868 ee_body=0.65222
[FIRST_FAILURE] chunk_mean=13.57 chunk_min=4 chunk_max=23 phase_mean=852.48 phase_min=135 phase_max=1394 anchor_pos=0.04468 anchor_ori=0.01868 ee_body=0.65222 timeout=0.00000
[TRACK_CHUNK0] anchor_pos=0.97644 anchor_ori=0.82152 body_pos=0.97617 body_ori=0.79256 body_lin=0.52563 body_ang=0.02141
[TRACK_ROLLOUT] anchor_pos=0.79876 anchor_ori=0.43907 body_pos=0.83755 body_ori=0.18853 body_lin=0.38527 body_ang=0.03843
[TRAIN_COST] action_rate=20.40823 joint_torque=3172.65674 joint_limit=0.00285 undesired_contacts=0.78430
[REWARD_WEIGHTED] pos=0.11823 penalty=-0.04847 total=0.06976 act_rate=-0.04082 torque=-0.00063 contacts=-0.00157
[ACT_SUMMARY] abs_mean=0.6728 abs_p95=1.6359 abs_p99=2.1210 abs_max=3.6753 abs_max_all=3.6753 legs=0.6268 waist=0.7628 arms=0.6930 first=0.6728 last=0.6623 latent_abs=0.6764 latent_max=4.6981
[TRAIN_BODY] torso_ori=6.26deg l_wrist_ori=13.51deg r_wrist_ori=14.07deg l_elbow_ori=11.88deg r_elbow_ori=12.38deg l_shoulder_ori=8.95deg r_shoulder_ori=9.68deg
[TRAIN_ANG] torso=2.729 l_wrist=9.348 r_wrist=10.764 l_elbow=7.995 r_elbow=8.930 l_shoulder=4.836 r_shoulder=6.119
[TRAIN_ACT] l_wrist_r=0.6073 l_wrist_p=0.6341 l_wrist_y=0.6202 r_wrist_r=0.6097 r_wrist_p=0.6201 r_wrist_y=0.6477 l_elbow=0.6881 r_elbow=0.7745
[UPDATE] 19/200 group_reward=12.78158 group_std=19.76900 group_raw=0.30476 rollout_ret=0.15513 chunk0_ret=0.06988 chunk_last_ret=0.00147
[REWARD_SCALE] live_steps=18.21 min=6 p50=19 p95=24 max=24 survive=0.33105 per_step=0.00852 per_second=0.426 episode30s_projection=12.78
[OBJECTIVE] obj_mean=0.15513 obj_std=0.23040 obj_min=-0.84595 obj_max=1.28318 raw_mean=0.30476 raw_std=0.28111 raw_min=-0.84595 raw_max=1.28318 score_mean=0.01012 rtg_mean=-43.35993 grpo_score=-11.91584 early_penalty=12.07097
[PHASE] start_mean=803.82 start_min=48 start_max=1427 fail_rel_mean=14.34
[CHUNK_REWARD] obj_first=0.06988 obj_mid=-0.00343 obj_last=-0.00892 raw_first=0.06988 raw_mid=0.00651 raw_last=0.00147
[POLICY] loss=-0.00616 policy_loss=-0.00616 value_loss=0.00000 entropy=0.00000 kl=0.01464 step_ratio=0.9995 step_clip=0.0811 post_ratio=1.0021 post_clip=0.0781 grad=0.22992 lr=0.001000 critic_lr=0.000000 sde_steps=4 opt_steps=20
[POLICY_DETAIL] samples=149143 mb=37285 micro_mb=8192 micro_steps=100 batch_ratio=0.9995 batch_min=0.1284 batch_max=5.1109 post_ratio=1.0021 post_min=0.3788 post_max=1.6749 post_clip=0.0781 logp_delta_abs=0.12016 post_logp_delta_abs=0.12857 post_kl=0.01527 old_logp=-15.73661 new_logp=-15.75149 adv_abs=0.74244 grpo_adv_abs=0.74244 valid=0.75858
[TRAIN] mean_reward=0.26502 mean_len=26.88 recent_eps=100 completed_eps=216944
[UPDATE_EFFECT] action_delta=0.02335082 param_rms_delta=0.00213506
[TIME] collect=13.147s update=0.797s
[DONE] timeout=0.00000 anchor_pos=0.00000 anchor_ori=0.00000 ee_body=0.00000
[DONE_ROLLOUT] timeout=0.00000 anchor_pos=0.05469 anchor_ori=0.01697 ee_body=0.61182
[FIRST_FAILURE] chunk_mean=14.34 chunk_min=5 chunk_max=23 phase_mean=862.09 phase_min=150 phase_max=1450 anchor_pos=0.05469 anchor_ori=0.01697 ee_body=0.61182 timeout=0.00000
[TRACK_CHUNK0] anchor_pos=0.97629 anchor_ori=0.82983 body_pos=0.97666 body_ori=0.79802 body_lin=0.52562 body_ang=0.02149
[TRACK_ROLLOUT] anchor_pos=0.78837 anchor_ori=0.43259 body_pos=0.83271 body_ori=0.18265 body_lin=0.38896 body_ang=0.03939
[TRAIN_COST] action_rate=20.60795 joint_torque=3204.77393 joint_limit=0.00262 undesired_contacts=0.80908
[REWARD_WEIGHTED] pos=0.11868 penalty=-0.04880 total=0.06988 act_rate=-0.04122 torque=-0.00064 contacts=-0.00162
[ACT_SUMMARY] abs_mean=0.6753 abs_p95=1.6493 abs_p99=2.1330 abs_max=3.5616 abs_max_all=3.7657 legs=0.6261 waist=0.7633 arms=0.6987 first=0.6753 last=0.6653 latent_abs=0.6797 latent_max=4.8131
[TRAIN_BODY] torso_ori=6.13deg l_wrist_ori=13.30deg r_wrist_ori=13.88deg l_elbow_ori=11.60deg r_elbow_ori=12.12deg l_shoulder_ori=8.63deg r_shoulder_ori=9.41deg
[TRAIN_ANG] torso=2.694 l_wrist=9.284 r_wrist=10.668 l_elbow=8.125 r_elbow=8.900 l_shoulder=4.780 r_shoulder=6.009
[TRAIN_ACT] l_wrist_r=0.6068 l_wrist_p=0.6260 l_wrist_y=0.6226 r_wrist_r=0.6108 r_wrist_p=0.6204 r_wrist_y=0.6423 l_elbow=0.6959 r_elbow=0.7913
[UPDATE] 20/200 group_reward=12.30793 group_std=19.82220 group_raw=0.29452 rollout_ret=0.15289 chunk0_ret=0.06925 chunk_last_ret=0.00021
[REWARD_SCALE] live_steps=18.63 min=6 p50=20 p95=24 max=24 survive=0.36462 per_step=0.00821 per_second=0.410 episode30s_projection=12.31
[OBJECTIVE] obj_mean=0.15289 obj_std=0.23617 obj_min=-0.77075 obj_max=1.12308 raw_mean=0.29452 raw_std=0.28594 raw_min=-0.70167 raw_max=1.12308 score_mean=0.00972 rtg_mean=-43.02260 grpo_score=-11.02926 early_penalty=11.18215
[PHASE] start_mean=804.61 start_min=50 start_max=1433 fail_rel_mean=14.55
[CHUNK_REWARD] obj_first=0.06925 obj_mid=-0.00371 obj_last=-0.00976 raw_first=0.06925 raw_mid=0.00523 raw_last=0.00021
[POLICY] loss=-0.00597 policy_loss=-0.00597 value_loss=0.00000 entropy=0.00000 kl=0.01405 step_ratio=0.9997 step_clip=0.0766 post_ratio=0.9965 post_clip=0.0859 grad=0.22083 lr=0.001000 critic_lr=0.000000 sde_steps=4 opt_steps=20
[POLICY_DETAIL] samples=152638 mb=38159 micro_mb=8192 micro_steps=100 batch_ratio=1.0000 batch_min=0.1366 batch_max=7.0649 post_ratio=0.9965 post_min=0.4631 post_max=2.0639 post_clip=0.0859 logp_delta_abs=0.11799 post_logp_delta_abs=0.12850 post_kl=0.01526 old_logp=-15.72569 new_logp=-15.73957 adv_abs=0.73932 grpo_adv_abs=0.73932 valid=0.77636
[TRAIN] mean_reward=0.24769 mean_len=31.93 recent_eps=100 completed_eps=222724
[UPDATE_EFFECT] action_delta=0.02416379 param_rms_delta=0.00213513
[TIME] collect=12.490s update=0.798s
[DONE] timeout=0.00000 anchor_pos=0.00000 anchor_ori=0.00000 ee_body=0.00000
[DONE_ROLLOUT] timeout=0.00000 anchor_pos=0.06592 anchor_ori=0.01660 ee_body=0.57166
[FIRST_FAILURE] chunk_mean=14.55 chunk_min=5 chunk_max=23 phase_mean=865.83 phase_min=205 phase_max=1329 anchor_pos=0.06592 anchor_ori=0.01660 ee_body=0.57166 timeout=0.00000
[TRACK_CHUNK0] anchor_pos=0.97646 anchor_ori=0.82243 body_pos=0.97604 body_ori=0.79434 body_lin=0.52836 body_ang=0.02237
[TRACK_ROLLOUT] anchor_pos=0.78387 anchor_ori=0.41753 body_pos=0.83001 body_ori=0.18072 body_lin=0.39347 body_ang=0.04091
[TRAIN_COST] action_rate=20.75207 joint_torque=3193.72925 joint_limit=0.00250 undesired_contacts=0.82935
[REWARD_WEIGHTED] pos=0.11838 penalty=-0.04913 total=0.06925 act_rate=-0.04150 torque=-0.00064 contacts=-0.00166
[ACT_SUMMARY] abs_mean=0.6776 abs_p95=1.6548 abs_p99=2.1467 abs_max=3.5630 abs_max_all=3.7995 legs=0.6259 waist=0.7695 arms=0.7022 first=0.6776 last=0.6664 latent_abs=0.6809 latent_max=4.7452
[TRAIN_BODY] torso_ori=6.26deg l_wrist_ori=13.51deg r_wrist_ori=13.83deg l_elbow_ori=11.81deg r_elbow_ori=12.15deg l_shoulder_ori=8.78deg r_shoulder_ori=9.44deg
[TRAIN_ANG] torso=2.693 l_wrist=9.264 r_wrist=10.590 l_elbow=8.064 r_elbow=8.904 l_shoulder=4.702 r_shoulder=6.039
[TRAIN_ACT] l_wrist_r=0.6092 l_wrist_p=0.6222 l_wrist_y=0.6253 r_wrist_r=0.6114 r_wrist_p=0.6252 r_wrist_y=0.6419 l_elbow=0.7070 r_elbow=0.7919
[UPDATE] 21/200 group_reward=12.77200 group_std=19.35962 group_raw=0.29935 rollout_ret=0.16021 chunk0_ret=0.06928 chunk_last_ret=0.00023
[REWARD_SCALE] live_steps=18.82 min=6 p50=20 p95=24 max=24 survive=0.37732 per_step=0.00851 per_second=0.426 episode30s_projection=12.77
[OBJECTIVE] obj_mean=0.16021 obj_std=0.23501 obj_min=-0.81924 obj_max=1.11767 raw_mean=0.29935 raw_std=0.27687 raw_min=-0.76462 raw_max=1.17713 score_mean=0.00975 rtg_mean=-42.73923 grpo_score=-10.64124 early_penalty=10.80144
[PHASE] start_mean=809.09 start_min=48 start_max=1414 fail_rel_mean=14.67
[CHUNK_REWARD] obj_first=0.06928 obj_mid=-0.00346 obj_last=-0.00958 raw_first=0.06928 raw_mid=0.00530 raw_last=0.00023
[POLICY] loss=-0.00558 policy_loss=-0.00558 value_loss=0.00000 entropy=0.00000 kl=0.01476 step_ratio=0.9996 step_clip=0.0810 post_ratio=1.0008 post_clip=0.0889 grad=0.25668 lr=0.001000 critic_lr=0.000000 sde_steps=4 opt_steps=20
[POLICY_DETAIL] samples=154135 mb=38533 micro_mb=8192 micro_steps=100 batch_ratio=0.9998 batch_min=0.1034 batch_max=5.9041 post_ratio=1.0008 post_min=0.3807 post_max=1.9396 post_clip=0.0889 logp_delta_abs=0.12050 post_logp_delta_abs=0.12970 post_kl=0.01634 old_logp=-15.73674 new_logp=-15.75148 adv_abs=0.74419 grpo_adv_abs=0.74419 valid=0.78397
[TRAIN] mean_reward=0.27510 mean_len=37.88 recent_eps=100 completed_eps=228268
[UPDATE_EFFECT] action_delta=0.02371634 param_rms_delta=0.00210422
[TIME] collect=14.431s update=0.792s
[DONE] timeout=0.00000 anchor_pos=0.00000 anchor_ori=0.00000 ee_body=0.00000
[DONE_ROLLOUT] timeout=0.00000 anchor_pos=0.06213 anchor_ori=0.01855 ee_body=0.56189
[FIRST_FAILURE] chunk_mean=14.67 chunk_min=5 chunk_max=23 phase_mean=868.44 phase_min=165 phase_max=1437 anchor_pos=0.06213 anchor_ori=0.01855 ee_body=0.56189 timeout=0.00000
[TRACK_CHUNK0] anchor_pos=0.97616 anchor_ori=0.82228 body_pos=0.97586 body_ori=0.79385 body_lin=0.53143 body_ang=0.02205
[TRACK_ROLLOUT] anchor_pos=0.78670 anchor_ori=0.41209 body_pos=0.83132 body_ori=0.17771 body_lin=0.40070 body_ang=0.04225
[TRAIN_COST] action_rate=20.81398 joint_torque=3173.96997 joint_limit=0.00270 undesired_contacts=0.80127
[REWARD_WEIGHTED] pos=0.11840 penalty=-0.04913 total=0.06928 act_rate=-0.04163 torque=-0.00063 contacts=-0.00160
[ACT_SUMMARY] abs_mean=0.6781 abs_p95=1.6604 abs_p99=2.1600 abs_max=3.5404 abs_max_all=3.7608 legs=0.6235 waist=0.7759 arms=0.7039 first=0.6781 last=0.6683 latent_abs=0.6833 latent_max=4.8896
[TRAIN_BODY] torso_ori=6.31deg l_wrist_ori=13.38deg r_wrist_ori=14.01deg l_elbow_ori=11.68deg r_elbow_ori=12.31deg l_shoulder_ori=8.81deg r_shoulder_ori=9.66deg
[TRAIN_ANG] torso=2.714 l_wrist=9.283 r_wrist=10.783 l_elbow=8.097 r_elbow=9.034 l_shoulder=4.838 r_shoulder=6.193
[TRAIN_ACT] l_wrist_r=0.6011 l_wrist_p=0.6266 l_wrist_y=0.6251 r_wrist_r=0.6047 r_wrist_p=0.6195 r_wrist_y=0.6371 l_elbow=0.6976 r_elbow=0.7975
[UPDATE] 22/200 group_reward=13.01650 group_std=19.37864 group_raw=0.30030 rollout_ret=0.16564 chunk0_ret=0.06881 chunk_last_ret=-0.00017
[REWARD_SCALE] live_steps=19.09 min=6 p50=21 p95=24 max=24 survive=0.40430 per_step=0.00868 per_second=0.434 episode30s_projection=13.02
[OBJECTIVE] obj_mean=0.16564 obj_std=0.23887 obj_min=-1.14925 obj_max=1.21573 raw_mean=0.30030 raw_std=0.28206 raw_min=-1.14499 raw_max=1.21573 score_mean=0.00993 rtg_mean=-42.43018 grpo_score=-10.06639 early_penalty=10.23204
[PHASE] start_mean=819.65 start_min=78 start_max=1433 fail_rel_mean=14.76
[CHUNK_REWARD] obj_first=0.06881 obj_mid=-0.00309 obj_last=-0.01007 raw_first=0.06881 raw_mid=0.00525 raw_last=-0.00017
[POLICY] loss=-0.00563 policy_loss=-0.00563 value_loss=0.00000 entropy=0.00000 kl=0.01452 step_ratio=0.9992 step_clip=0.0792 post_ratio=1.0022 post_clip=0.0723 grad=0.24034 lr=0.001000 critic_lr=0.000000 sde_steps=4 opt_steps=20
[POLICY_DETAIL] samples=156374 mb=39093 micro_mb=8192 micro_steps=100 batch_ratio=0.9993 batch_min=0.1009 batch_max=5.9943 post_ratio=1.0022 post_min=0.4859 post_max=2.3673 post_clip=0.0723 logp_delta_abs=0.11976 post_logp_delta_abs=0.12429 post_kl=0.01415 old_logp=-15.72473 new_logp=-15.73971 adv_abs=0.74174 grpo_adv_abs=0.74174 valid=0.79536
[TRAIN] mean_reward=0.26804 mean_len=32.59 recent_eps=100 completed_eps=233554
[UPDATE_EFFECT] action_delta=0.02178248 param_rms_delta=0.00212282
[TIME] collect=14.390s update=0.810s
[DONE] timeout=0.00000 anchor_pos=0.00000 anchor_ori=0.00000 ee_body=0.00000
[DONE_ROLLOUT] timeout=0.00000 anchor_pos=0.06250 anchor_ori=0.01526 ee_body=0.53577
[FIRST_FAILURE] chunk_mean=14.76 chunk_min=5 chunk_max=23 phase_mean=880.97 phase_min=171 phase_max=1321 anchor_pos=0.06250 anchor_ori=0.01526 ee_body=0.53577 timeout=0.00000
[TRACK_CHUNK0] anchor_pos=0.97594 anchor_ori=0.81968 body_pos=0.97591 body_ori=0.79170 body_lin=0.53399 body_ang=0.02171
[TRACK_ROLLOUT] anchor_pos=0.78013 anchor_ori=0.41158 body_pos=0.83109 body_ori=0.17535 body_lin=0.39924 body_ang=0.04190
[TRAIN_COST] action_rate=20.96627 joint_torque=3155.90210 joint_limit=0.00277 undesired_contacts=0.79907
[REWARD_WEIGHTED] pos=0.11829 penalty=-0.04949 total=0.06881 act_rate=-0.04193 torque=-0.00063 contacts=-0.00160
[ACT_SUMMARY] abs_mean=0.6800 abs_p95=1.6638 abs_p99=2.1794 abs_max=3.4245 abs_max_all=3.7693 legs=0.6234 waist=0.7762 arms=0.7080 first=0.6800 last=0.6679 latent_abs=0.6837 latent_max=4.9092
[TRAIN_BODY] torso_ori=6.33deg l_wrist_ori=13.57deg r_wrist_ori=14.18deg l_elbow_ori=12.02deg r_elbow_ori=12.43deg l_shoulder_ori=8.90deg r_shoulder_ori=9.79deg
[TRAIN_ANG] torso=2.716 l_wrist=9.158 r_wrist=10.887 l_elbow=8.051 r_elbow=9.193 l_shoulder=4.726 r_shoulder=6.291
[TRAIN_ACT] l_wrist_r=0.6037 l_wrist_p=0.6318 l_wrist_y=0.6224 r_wrist_r=0.6043 r_wrist_p=0.6238 r_wrist_y=0.6372 l_elbow=0.6832 r_elbow=0.8080
[UPDATE] 23/200 group_reward=14.02250 group_std=18.98903 group_raw=0.30868 rollout_ret=0.18232 chunk0_ret=0.06868 chunk_last_ret=-0.00067
[REWARD_SCALE] live_steps=19.50 min=6 p50=22 p95=24 max=24 survive=0.43848 per_step=0.00935 per_second=0.467 episode30s_projection=14.02
[OBJECTIVE] obj_mean=0.18232 obj_std=0.24357 obj_min=-0.86586 obj_max=1.37934 raw_mean=0.30868 raw_std=0.27916 raw_min=-0.86586 raw_max=1.37934 score_mean=0.01037 rtg_mean=-42.14190 grpo_score=-9.18709 early_penalty=9.36941
[PHASE] start_mean=825.03 start_min=63 start_max=1392 fail_rel_mean=14.99
[CHUNK_REWARD] obj_first=0.06868 obj_mid=-0.00180 obj_last=-0.01018 raw_first=0.06868 raw_mid=0.00596 raw_last=-0.00067
[POLICY] loss=-0.00552 policy_loss=-0.00552 value_loss=0.00000 entropy=0.00000 kl=0.01365 step_ratio=0.9995 step_clip=0.0748 post_ratio=1.0085 post_clip=0.0938 grad=0.23393 lr=0.001000 critic_lr=0.000000 sde_steps=4 opt_steps=20
[POLICY_DETAIL] samples=159766 mb=39941 micro_mb=8192 micro_steps=100 batch_ratio=0.9995 batch_min=0.1338 batch_max=5.3262 post_ratio=1.0085 post_min=0.3454 post_max=2.0986 post_clip=0.0938 logp_delta_abs=0.11574 post_logp_delta_abs=0.13628 post_kl=0.01757 old_logp=-15.73052 new_logp=-15.74445 adv_abs=0.74462 grpo_adv_abs=0.74462 valid=0.81261
[TRAIN] mean_reward=0.31580 mean_len=36.89 recent_eps=100 completed_eps=238484
[UPDATE_EFFECT] action_delta=0.02324894 param_rms_delta=0.00211370
[TIME] collect=13.991s update=0.816s
[DONE] timeout=0.00000 anchor_pos=0.00000 anchor_ori=0.00000 ee_body=0.00000
[DONE_ROLLOUT] timeout=0.00000 anchor_pos=0.06653 anchor_ori=0.01428 ee_body=0.50159
[FIRST_FAILURE] chunk_mean=14.99 chunk_min=5 chunk_max=23 phase_mean=889.21 phase_min=134 phase_max=1402 anchor_pos=0.06653 anchor_ori=0.01428 ee_body=0.50159 timeout=0.00000
[TRACK_CHUNK0] anchor_pos=0.97622 anchor_ori=0.82523 body_pos=0.97615 body_ori=0.79492 body_lin=0.53096 body_ang=0.02200
[TRACK_ROLLOUT] anchor_pos=0.78403 anchor_ori=0.41040 body_pos=0.83178 body_ori=0.17599 body_lin=0.40677 body_ang=0.04346
[TRAIN_COST] action_rate=21.02881 joint_torque=3183.49854 joint_limit=0.00270 undesired_contacts=0.84656
[REWARD_WEIGHTED] pos=0.11854 penalty=-0.04986 total=0.06868 act_rate=-0.04206 torque=-0.00064 contacts=-0.00169
[ACT_SUMMARY] abs_mean=0.6806 abs_p95=1.6647 abs_p99=2.1844 abs_max=3.6381 abs_max_all=3.9693 legs=0.6246 waist=0.7769 arms=0.7080 first=0.6806 last=0.6686 latent_abs=0.6859 latent_max=5.4090
[TRAIN_BODY] torso_ori=6.20deg l_wrist_ori=13.42deg r_wrist_ori=14.14deg l_elbow_ori=11.87deg r_elbow_ori=12.38deg l_shoulder_ori=8.95deg r_shoulder_ori=9.53deg
[TRAIN_ANG] torso=2.706 l_wrist=9.255 r_wrist=10.812 l_elbow=8.155 r_elbow=9.129 l_shoulder=4.831 r_shoulder=6.094
[TRAIN_ACT] l_wrist_r=0.5939 l_wrist_p=0.6364 l_wrist_y=0.6294 r_wrist_r=0.6071 r_wrist_p=0.6155 r_wrist_y=0.6456 l_elbow=0.6969 r_elbow=0.8100
[UPDATE] 24/200 group_reward=14.56100 group_std=18.81350 group_raw=0.31152 rollout_ret=0.19511 chunk0_ret=0.06802 chunk_last_ret=-0.00104
[REWARD_SCALE] live_steps=20.10 min=5 p50=24 p95=24 max=24 survive=0.48096 per_step=0.00971 per_second=0.485 episode30s_projection=14.56
[OBJECTIVE] obj_mean=0.19511 obj_std=0.25039 obj_min=-0.62763 obj_max=1.16696 raw_mean=0.31152 raw_std=0.27983 raw_min=-0.62763 raw_max=1.18817 score_mean=0.01044 rtg_mean=-41.76263 grpo_score=-7.93121 early_penalty=8.12632
[PHASE] start_mean=823.47 start_min=15 start_max=1412 fail_rel_mean=15.48
[CHUNK_REWARD] obj_first=0.06802 obj_mid=-0.00100 obj_last=-0.01057 raw_first=0.06802 raw_mid=0.00455 raw_last=-0.00104
[POLICY] loss=-0.00539 policy_loss=-0.00539 value_loss=0.00000 entropy=0.00000 kl=0.01406 step_ratio=0.9996 step_clip=0.0772 post_ratio=1.0060 post_clip=0.0967 grad=0.24680 lr=0.001000 critic_lr=0.000000 sde_steps=4 opt_steps=20
[POLICY_DETAIL] samples=164654 mb=41163 micro_mb=8192 micro_steps=120 batch_ratio=0.9997 batch_min=0.1132 batch_max=5.5502 post_ratio=1.0060 post_min=0.3737 post_max=2.1546 post_clip=0.0967 logp_delta_abs=0.11808 post_logp_delta_abs=0.14221 post_kl=0.01829 old_logp=-15.73883 new_logp=-15.75294 adv_abs=0.74437 grpo_adv_abs=0.74437 valid=0.83747
[TRAIN] mean_reward=0.33536 mean_len=35.50 recent_eps=100 completed_eps=242934
[UPDATE_EFFECT] action_delta=0.02949545 param_rms_delta=0.00203356
[TIME] collect=14.274s update=0.926s
[DONE] timeout=0.00000 anchor_pos=0.00000 anchor_ori=0.00000 ee_body=0.00000
[DONE_ROLLOUT] timeout=0.00000 anchor_pos=0.06799 anchor_ori=0.01489 ee_body=0.45422
[FIRST_FAILURE] chunk_mean=15.48 chunk_min=4 chunk_max=23 phase_mean=893.67 phase_min=37 phase_max=1311 anchor_pos=0.06799 anchor_ori=0.01489 ee_body=0.45422 timeout=0.00000
[TRACK_CHUNK0] anchor_pos=0.97550 anchor_ori=0.81879 body_pos=0.97676 body_ori=0.79683 body_lin=0.53062 body_ang=0.02242
[TRACK_ROLLOUT] anchor_pos=0.78231 anchor_ori=0.40634 body_pos=0.83171 body_ori=0.17365 body_lin=0.40876 body_ang=0.04401
[TRAIN_COST] action_rate=21.20600 joint_torque=3206.02539 joint_limit=0.00257 undesired_contacts=0.86060
[REWARD_WEIGHTED] pos=0.11830 penalty=-0.05029 total=0.06802 act_rate=-0.04241 torque=-0.00064 contacts=-0.00172
[ACT_SUMMARY] abs_mean=0.6837 abs_p95=1.6726 abs_p99=2.1997 abs_max=3.6447 abs_max_all=3.9840 legs=0.6247 waist=0.7807 arms=0.7136 first=0.6837 last=0.6720 latent_abs=0.6868 latent_max=5.4489
[TRAIN_BODY] torso_ori=6.26deg l_wrist_ori=13.39deg r_wrist_ori=13.98deg l_elbow_ori=11.95deg r_elbow_ori=12.36deg l_shoulder_ori=8.83deg r_shoulder_ori=9.60deg
[TRAIN_ANG] torso=2.676 l_wrist=9.288 r_wrist=10.551 l_elbow=8.245 r_elbow=8.846 l_shoulder=4.752 r_shoulder=6.219
[TRAIN_ACT] l_wrist_r=0.6007 l_wrist_p=0.6355 l_wrist_y=0.6180 r_wrist_r=0.6100 r_wrist_p=0.6230 r_wrist_y=0.6298 l_elbow=0.6895 r_elbow=0.8112
[UPDATE] 25/200 group_reward=14.97271 group_std=18.65580 group_raw=0.30962 rollout_ret=0.20564 chunk0_ret=0.06799 chunk_last_ret=-0.00136
[REWARD_SCALE] live_steps=20.60 min=6 p50=24 p95=24 max=24 survive=0.52600 per_step=0.00998 per_second=0.499 episode30s_projection=14.97
[OBJECTIVE] obj_mean=0.20564 obj_std=0.25714 obj_min=-0.92876 obj_max=1.21210 raw_mean=0.30962 raw_std=0.28062 raw_min=-0.83373 raw_max=1.24239 score_mean=0.01052 rtg_mean=-41.25524 grpo_score=-6.87469 early_penalty=7.08033
[PHASE] start_mean=821.88 start_min=50 start_max=1427 fail_rel_mean=15.83
[CHUNK_REWARD] obj_first=0.06799 obj_mid=-0.00008 obj_last=-0.01073 raw_first=0.06799 raw_mid=0.00427 raw_last=-0.00136
[POLICY] loss=-0.00582 policy_loss=-0.00582 value_loss=0.00000 entropy=0.00000 kl=0.01285 step_ratio=0.9998 step_clip=0.0691 post_ratio=0.9979 post_clip=0.0723 grad=0.20848 lr=0.001000 critic_lr=0.000000 sde_steps=4 opt_steps=20
[POLICY_DETAIL] samples=168767 mb=42191 micro_mb=8192 micro_steps=120 batch_ratio=1.0000 batch_min=0.0453 batch_max=6.0335 post_ratio=0.9979 post_min=0.4433 post_max=1.7786 post_clip=0.0723 logp_delta_abs=0.11363 post_logp_delta_abs=0.12761 post_kl=0.01432 old_logp=-15.72658 new_logp=-15.73930 adv_abs=0.74348 grpo_adv_abs=0.74348 valid=0.85839
[TRAIN] mean_reward=0.39937 mean_len=46.23 recent_eps=100 completed_eps=246930
[UPDATE_EFFECT] action_delta=0.02233386 param_rms_delta=0.00201117
[TIME] collect=14.413s update=0.923s
[DONE] timeout=0.00000 anchor_pos=0.00000 anchor_ori=0.00000 ee_body=0.00000
[DONE_ROLLOUT] timeout=0.00000 anchor_pos=0.07886 anchor_ori=0.00891 ee_body=0.40356
[FIRST_FAILURE] chunk_mean=15.83 chunk_min=5 chunk_max=23 phase_mean=894.71 phase_min=145 phase_max=1356 anchor_pos=0.07886 anchor_ori=0.00891 ee_body=0.40356 timeout=0.00000
[TRACK_CHUNK0] anchor_pos=0.97625 anchor_ori=0.82239 body_pos=0.97616 body_ori=0.79489 body_lin=0.53161 body_ang=0.02269
[TRACK_ROLLOUT] anchor_pos=0.77855 anchor_ori=0.40012 body_pos=0.83174 body_ori=0.17283 body_lin=0.41703 body_ang=0.04616
[TRAIN_COST] action_rate=21.46606 joint_torque=3228.36646 joint_limit=0.00260 undesired_contacts=0.79541
[REWARD_WEIGHTED] pos=0.11845 penalty=-0.05046 total=0.06799 act_rate=-0.04293 torque=-0.00065 contacts=-0.00159
[ACT_SUMMARY] abs_mean=0.6862 abs_p95=1.6884 abs_p99=2.2325 abs_max=3.7815 abs_max_all=3.8830 legs=0.6264 waist=0.7834 arms=0.7166 first=0.6862 last=0.6743 latent_abs=0.6922 latent_max=5.1635
[TRAIN_BODY] torso_ori=6.17deg l_wrist_ori=13.44deg r_wrist_ori=14.05deg l_elbow_ori=11.82deg r_elbow_ori=12.51deg l_shoulder_ori=8.86deg r_shoulder_ori=9.67deg
[TRAIN_ANG] torso=2.718 l_wrist=9.182 r_wrist=10.538 l_elbow=8.142 r_elbow=8.969 l_shoulder=4.776 r_shoulder=6.191
[TRAIN_ACT] l_wrist_r=0.5985 l_wrist_p=0.6224 l_wrist_y=0.6261 r_wrist_r=0.5965 r_wrist_p=0.6100 r_wrist_y=0.6305 l_elbow=0.6908 r_elbow=0.8218
[UPDATE] 26/200 group_reward=14.75490 group_std=18.54941 group_raw=0.30482 rollout_ret=0.20499 chunk0_ret=0.06741 chunk_last_ret=-0.00161
[REWARD_SCALE] live_steps=20.84 min=6 p50=24 p95=24 max=24 survive=0.53589 per_step=0.00984 per_second=0.492 episode30s_projection=14.75
[OBJECTIVE] obj_mean=0.20499 obj_std=0.25926 obj_min=-0.73890 obj_max=1.27822 raw_mean=0.30482 raw_std=0.27870 raw_min=-0.73890 raw_max=1.27822 score_mean=0.01024 rtg_mean=-41.21005 grpo_score=-6.37867 early_penalty=6.58366
[PHASE] start_mean=829.23 start_min=56 start_max=1346 fail_rel_mean=16.19
[CHUNK_REWARD] obj_first=0.06741 obj_mid=-0.00045 obj_last=-0.01097 raw_first=0.06741 raw_mid=0.00289 raw_last=-0.00161
[POLICY] loss=-0.00563 policy_loss=-0.00563 value_loss=0.00000 entropy=0.00000 kl=0.01339 step_ratio=0.9995 step_clip=0.0728 post_ratio=1.0011 post_clip=0.1074 grad=0.23507 lr=0.001000 critic_lr=0.000000 sde_steps=4 opt_steps=20
[POLICY_DETAIL] samples=170720 mb=42680 micro_mb=8192 micro_steps=120 batch_ratio=0.9998 batch_min=0.1214 batch_max=5.9455 post_ratio=1.0011 post_min=0.3147 post_max=2.3067 post_clip=0.1074 logp_delta_abs=0.11645 post_logp_delta_abs=0.14307 post_kl=0.01859 old_logp=-15.73548 new_logp=-15.74892 adv_abs=0.74566 grpo_adv_abs=0.74566 valid=0.86833
[TRAIN] mean_reward=0.35806 mean_len=46.23 recent_eps=100 completed_eps=250800
[UPDATE_EFFECT] action_delta=0.02562809 param_rms_delta=0.00202458
[TIME] collect=14.500s update=0.913s
[DONE] timeout=0.00000 anchor_pos=0.00000 anchor_ori=0.00000 ee_body=0.00000
[DONE_ROLLOUT] timeout=0.00000 anchor_pos=0.08826 anchor_ori=0.01184 ee_body=0.38672
[FIRST_FAILURE] chunk_mean=16.19 chunk_min=5 chunk_max=23 phase_mean=894.83 phase_min=130 phase_max=1335 anchor_pos=0.08826 anchor_ori=0.01184 ee_body=0.38672 timeout=0.00000
[TRACK_CHUNK0] anchor_pos=0.97629 anchor_ori=0.82449 body_pos=0.97617 body_ori=0.79586 body_lin=0.53336 body_ang=0.02293
[TRACK_ROLLOUT] anchor_pos=0.77553 anchor_ori=0.39320 body_pos=0.83001 body_ori=0.17107 body_lin=0.41824 body_ang=0.04712
[TRAIN_COST] action_rate=21.78207 joint_torque=3213.83203 joint_limit=0.00247 undesired_contacts=0.82117
[REWARD_WEIGHTED] pos=0.11860 penalty=-0.05119 total=0.06741 act_rate=-0.04356 torque=-0.00064 contacts=-0.00164
[ACT_SUMMARY] abs_mean=0.6902 abs_p95=1.7040 abs_p99=2.2553 abs_max=3.5399 abs_max_all=3.9255 legs=0.6253 waist=0.7962 arms=0.7232 first=0.6902 last=0.6780 latent_abs=0.6962 latent_max=5.0556
[TRAIN_BODY] torso_ori=6.20deg l_wrist_ori=13.30deg r_wrist_ori=14.00deg l_elbow_ori=11.79deg r_elbow_ori=12.35deg l_shoulder_ori=8.84deg r_shoulder_ori=9.65deg
[TRAIN_ANG] torso=2.708 l_wrist=9.204 r_wrist=10.656 l_elbow=8.131 r_elbow=9.043 l_shoulder=4.838 r_shoulder=6.132
[TRAIN_ACT] l_wrist_r=0.6044 l_wrist_p=0.6273 l_wrist_y=0.6178 r_wrist_r=0.6014 r_wrist_p=0.6038 r_wrist_y=0.6401 l_elbow=0.6944 r_elbow=0.8305
[UPDATE] 27/200 group_reward=14.78064 group_std=19.12812 group_raw=0.30546 rollout_ret=0.20786 chunk0_ret=0.06708 chunk_last_ret=-0.00114
[REWARD_SCALE] live_steps=21.09 min=7 p50=24 p95=24 max=24 survive=0.55176 per_step=0.00985 per_second=0.493 episode30s_projection=14.78
[OBJECTIVE] obj_mean=0.20786 obj_std=0.27071 obj_min=-0.72667 obj_max=1.40621 raw_mean=0.30546 raw_std=0.28984 raw_min=-0.72667 raw_max=1.40621 score_mean=0.01019 rtg_mean=-41.07716 grpo_score=-5.84530 early_penalty=6.05316
[PHASE] start_mean=837.35 start_min=111 start_max=1416 fail_rel_mean=16.52
[CHUNK_REWARD] obj_first=0.06708 obj_mid=-0.00013 obj_last=-0.01106 raw_first=0.06708 raw_mid=0.00227 raw_last=-0.00114
[POLICY] loss=-0.00552 policy_loss=-0.00552 value_loss=0.00000 entropy=0.00000 kl=0.01378 step_ratio=0.9996 step_clip=0.0747 post_ratio=0.9988 post_clip=0.0762 grad=0.24365 lr=0.001000 critic_lr=0.000000 sde_steps=4 opt_steps=20
[POLICY_DETAIL] samples=172806 mb=43201 micro_mb=8192 micro_steps=120 batch_ratio=0.9997 batch_min=0.0987 batch_max=5.2782 post_ratio=0.9988 post_min=0.2145 post_max=2.0477 post_clip=0.0762 logp_delta_abs=0.11720 post_logp_delta_abs=0.12554 post_kl=0.01539 old_logp=-15.73348 new_logp=-15.74733 adv_abs=0.74639 grpo_adv_abs=0.74639 valid=0.87894
[TRAIN] mean_reward=0.56862 mean_len=53.41 recent_eps=100 completed_eps=254514
[UPDATE_EFFECT] action_delta=0.02159804 param_rms_delta=0.00206158
[TIME] collect=14.339s update=0.918s
[DONE] timeout=0.00000 anchor_pos=0.00000 anchor_ori=0.00000 ee_body=0.00000
[DONE_ROLLOUT] timeout=0.00000 anchor_pos=0.08337 anchor_ori=0.00989 ee_body=0.37378
[FIRST_FAILURE] chunk_mean=16.52 chunk_min=6 chunk_max=23 phase_mean=894.81 phase_min=134 phase_max=1325 anchor_pos=0.08337 anchor_ori=0.00989 ee_body=0.37378 timeout=0.00000
[TRACK_CHUNK0] anchor_pos=0.97590 anchor_ori=0.82050 body_pos=0.97616 body_ori=0.79566 body_lin=0.53339 body_ang=0.02204
[TRACK_ROLLOUT] anchor_pos=0.76954 anchor_ori=0.39174 body_pos=0.83136 body_ori=0.16771 body_lin=0.42243 body_ang=0.04719
[TRAIN_COST] action_rate=21.85767 joint_torque=3159.92993 joint_limit=0.00258 undesired_contacts=0.81580
[REWARD_WEIGHTED] pos=0.11840 penalty=-0.05132 total=0.06708 act_rate=-0.04372 torque=-0.00063 contacts=-0.00163
[ACT_SUMMARY] abs_mean=0.6908 abs_p95=1.7054 abs_p99=2.2752 abs_max=3.6017 abs_max_all=3.9698 legs=0.6220 waist=0.8012 arms=0.7262 first=0.6908 last=0.6802 latent_abs=0.6979 latent_max=5.2090
[TRAIN_BODY] torso_ori=6.18deg l_wrist_ori=13.21deg r_wrist_ori=14.19deg l_elbow_ori=11.60deg r_elbow_ori=12.61deg l_shoulder_ori=8.75deg r_shoulder_ori=9.92deg
[TRAIN_ANG] torso=2.758 l_wrist=9.000 r_wrist=10.963 l_elbow=7.923 r_elbow=9.394 l_shoulder=4.693 r_shoulder=6.413
[TRAIN_ACT] l_wrist_r=0.5965 l_wrist_p=0.6286 l_wrist_y=0.6156 r_wrist_r=0.5957 r_wrist_p=0.6141 r_wrist_y=0.6347 l_elbow=0.6973 r_elbow=0.8399
[UPDATE] 28/200 group_reward=15.53868 group_std=18.97502 group_raw=0.30761 rollout_ret=0.22246 chunk0_ret=0.06703 chunk_last_ret=-0.00204
[REWARD_SCALE] live_steps=21.47 min=7 p50=24 p95=24 max=24 survive=0.59094 per_step=0.01036 per_second=0.518 episode30s_projection=15.54
[OBJECTIVE] obj_mean=0.22246 obj_std=0.27442 obj_min=-0.75418 obj_max=1.47171 raw_mean=0.30761 raw_std=0.28891 raw_min=-0.75418 raw_max=1.47171 score_mean=0.01062 rtg_mean=-40.65849 grpo_score=-5.03826 early_penalty=5.26072
[PHASE] start_mean=838.35 start_min=21 start_max=1433 fail_rel_mean=16.83
[CHUNK_REWARD] obj_first=0.06703 obj_mid=0.00143 obj_last=-0.01115 raw_first=0.06703 raw_mid=0.00337 raw_last=-0.00204
[POLICY] loss=-0.00497 policy_loss=-0.00497 value_loss=0.00000 entropy=0.00000 kl=0.01420 step_ratio=0.9992 step_clip=0.0763 post_ratio=0.9926 post_clip=0.0586 grad=0.27658 lr=0.001000 critic_lr=0.000000 sde_steps=4 opt_steps=20
[POLICY_DETAIL] samples=175922 mb=43980 micro_mb=8192 micro_steps=120 batch_ratio=0.9993 batch_min=0.0795 batch_max=6.9025 post_ratio=0.9926 post_min=0.4664 post_max=2.0914 post_clip=0.0586 logp_delta_abs=0.11798 post_logp_delta_abs=0.11631 post_kl=0.01246 old_logp=-15.73719 new_logp=-15.75184 adv_abs=0.74448 grpo_adv_abs=0.74448 valid=0.89479
[TRAIN] mean_reward=0.62176 mean_len=54.93 recent_eps=100 completed_eps=257877
[UPDATE_EFFECT] action_delta=0.02040801 param_rms_delta=0.00201536
[TIME] collect=14.429s update=0.930s
[DONE] timeout=0.00000 anchor_pos=0.00000 anchor_ori=0.00000 ee_body=0.00000
[DONE_ROLLOUT] timeout=0.00000 anchor_pos=0.08325 anchor_ori=0.00830 ee_body=0.33508
[FIRST_FAILURE] chunk_mean=16.83 chunk_min=6 chunk_max=23 phase_mean=902.73 phase_min=165 phase_max=1348 anchor_pos=0.08325 anchor_ori=0.00830 ee_body=0.33508 timeout=0.00000
[TRACK_CHUNK0] anchor_pos=0.97653 anchor_ori=0.82425 body_pos=0.97630 body_ori=0.79753 body_lin=0.53437 body_ang=0.02134
[TRACK_ROLLOUT] anchor_pos=0.77678 anchor_ori=0.38954 body_pos=0.83155 body_ori=0.16420 body_lin=0.42922 body_ang=0.04887
[TRAIN_COST] action_rate=21.99169 joint_torque=3147.28271 joint_limit=0.00268 undesired_contacts=0.81982
[REWARD_WEIGHTED] pos=0.11862 penalty=-0.05159 total=0.06703 act_rate=-0.04398 torque=-0.00063 contacts=-0.00164
[ACT_SUMMARY] abs_mean=0.6921 abs_p95=1.7117 abs_p99=2.2919 abs_max=3.6735 abs_max_all=4.0822 legs=0.6221 waist=0.7958 arms=0.7299 first=0.6921 last=0.6835 latent_abs=0.7013 latent_max=5.1962
[TRAIN_BODY] torso_ori=6.23deg l_wrist_ori=12.97deg r_wrist_ori=14.21deg l_elbow_ori=11.46deg r_elbow_ori=12.55deg l_shoulder_ori=8.67deg r_shoulder_ori=9.91deg
[TRAIN_ANG] torso=2.690 l_wrist=9.262 r_wrist=10.871 l_elbow=8.181 r_elbow=9.251 l_shoulder=4.773 r_shoulder=6.401
[TRAIN_ACT] l_wrist_r=0.5912 l_wrist_p=0.6196 l_wrist_y=0.6144 r_wrist_r=0.6015 r_wrist_p=0.6087 r_wrist_y=0.6415 l_elbow=0.7070 r_elbow=0.8300
[UPDATE] 29/200 group_reward=15.13907 group_std=18.81175 group_raw=0.30085 rollout_ret=0.21930 chunk0_ret=0.06661 chunk_last_ret=-0.00153
[REWARD_SCALE] live_steps=21.73 min=7 p50=24 p95=24 max=24 survive=0.59644 per_step=0.01009 per_second=0.505 episode30s_projection=15.14
[OBJECTIVE] obj_mean=0.21930 obj_std=0.27652 obj_min=-0.75625 obj_max=1.39439 raw_mean=0.30085 raw_std=0.28701 raw_min=-0.75625 raw_max=1.39439 score_mean=0.01019 rtg_mean=-40.56112 grpo_score=-4.51322 early_penalty=4.73251
[PHASE] start_mean=851.82 start_min=129 start_max=1433 fail_rel_mean=17.37
[CHUNK_REWARD] obj_first=0.06661 obj_mid=0.00138 obj_last=-0.01135 raw_first=0.06661 raw_mid=0.00271 raw_last=-0.00153
[POLICY] loss=-0.00533 policy_loss=-0.00533 value_loss=0.00000 entropy=0.00000 kl=0.01418 step_ratio=0.9997 step_clip=0.0762 post_ratio=0.9980 post_clip=0.0654 grad=0.25949 lr=0.001000 critic_lr=0.000000 sde_steps=4 opt_steps=20
[POLICY_DETAIL] samples=177999 mb=44499 micro_mb=8192 micro_steps=120 batch_ratio=0.9997 batch_min=0.0785 batch_max=6.8135 post_ratio=0.9980 post_min=0.4757 post_max=1.7911 post_clip=0.0654 logp_delta_abs=0.11899 post_logp_delta_abs=0.11944 post_kl=0.01264 old_logp=-15.73529 new_logp=-15.74957 adv_abs=0.74648 grpo_adv_abs=0.74648 valid=0.90535
[TRAIN] mean_reward=0.62224 mean_len=59.49 recent_eps=100 completed_eps=261189
[UPDATE_EFFECT] action_delta=0.02255830 param_rms_delta=0.00199403
[TIME] collect=14.421s update=0.948s
[DONE] timeout=0.00000 anchor_pos=0.00000 anchor_ori=0.00000 ee_body=0.00000
[DONE_ROLLOUT] timeout=0.00000 anchor_pos=0.08704 anchor_ori=0.00793 ee_body=0.32727
[FIRST_FAILURE] chunk_mean=17.37 chunk_min=6 chunk_max=23 phase_mean=912.74 phase_min=193 phase_max=1456 anchor_pos=0.08704 anchor_ori=0.00793 ee_body=0.32727 timeout=0.00000
[TRACK_CHUNK0] anchor_pos=0.97623 anchor_ori=0.82089 body_pos=0.97604 body_ori=0.79614 body_lin=0.53187 body_ang=0.02123
[TRACK_ROLLOUT] anchor_pos=0.76903 anchor_ori=0.38249 body_pos=0.83052 body_ori=0.16018 body_lin=0.43084 body_ang=0.04951
[TRAIN_COST] action_rate=22.02906 joint_torque=3118.65186 joint_limit=0.00268 undesired_contacts=0.81409
[REWARD_WEIGHTED] pos=0.11839 penalty=-0.05178 total=0.06661 act_rate=-0.04406 torque=-0.00062 contacts=-0.00163
[ACT_SUMMARY] abs_mean=0.6929 abs_p95=1.7132 abs_p99=2.2962 abs_max=3.7740 abs_max_all=4.0185 legs=0.6208 waist=0.8036 arms=0.7310 first=0.6929 last=0.6819 latent_abs=0.7015 latent_max=5.5449
[TRAIN_BODY] torso_ori=6.30deg l_wrist_ori=13.25deg r_wrist_ori=13.86deg l_elbow_ori=11.73deg r_elbow_ori=12.25deg l_shoulder_ori=8.71deg r_shoulder_ori=9.72deg
[TRAIN_ANG] torso=2.725 l_wrist=9.294 r_wrist=10.862 l_elbow=8.279 r_elbow=9.339 l_shoulder=4.880 r_shoulder=6.403
[TRAIN_ACT] l_wrist_r=0.6007 l_wrist_p=0.6304 l_wrist_y=0.6128 r_wrist_r=0.6023 r_wrist_p=0.6114 r_wrist_y=0.6361 l_elbow=0.7115 r_elbow=0.8243
[UPDATE] 30/200 group_reward=16.05285 group_std=18.56658 group_raw=0.30673 rollout_ret=0.23672 chunk0_ret=0.06638 chunk_last_ret=-0.00066
[REWARD_SCALE] live_steps=22.12 min=7 p50=24 p95=24 max=24 survive=0.64294 per_step=0.01070 per_second=0.535 episode30s_projection=16.05
[OBJECTIVE] obj_mean=0.23672 obj_std=0.27725 obj_min=-0.67265 obj_max=1.21333 raw_mean=0.30673 raw_std=0.28266 raw_min=-0.67265 raw_max=1.21830 score_mean=0.01075 rtg_mean=-39.92619 grpo_score=-3.68200 early_penalty=3.91871
[PHASE] start_mean=849.38 start_min=58 start_max=1351 fail_rel_mean=17.73
[CHUNK_REWARD] obj_first=0.06638 obj_mid=0.00229 obj_last=-0.01054 raw_first=0.06638 raw_mid=0.00312 raw_last=-0.00066
[POLICY] loss=-0.00573 policy_loss=-0.00573 value_loss=0.00000 entropy=0.00000 kl=0.01320 step_ratio=0.9994 step_clip=0.0709 post_ratio=0.9916 post_clip=0.1191 grad=0.22012 lr=0.001000 critic_lr=0.000000 sde_steps=4 opt_steps=20
[POLICY_DETAIL] samples=181199 mb=45299 micro_mb=8192 micro_steps=120 batch_ratio=0.9996 batch_min=0.1504 batch_max=5.2185 post_ratio=0.9916 post_min=0.3017 post_max=2.3277 post_clip=0.1191 logp_delta_abs=0.11643 post_logp_delta_abs=0.15161 post_kl=0.02182 old_logp=-15.73651 new_logp=-15.74991 adv_abs=0.74634 grpo_adv_abs=0.74634 valid=0.92163
[TRAIN] mean_reward=0.79735 mean_len=73.50 recent_eps=100 completed_eps=264118
[UPDATE_EFFECT] action_delta=0.02898292 param_rms_delta=0.00196819
[TIME] collect=14.479s update=0.987s
[DONE] timeout=0.00000 anchor_pos=0.00000 anchor_ori=0.00000 ee_body=0.00000
[DONE_ROLLOUT] timeout=0.00000 anchor_pos=0.08545 anchor_ori=0.00684 ee_body=0.28210
[FIRST_FAILURE] chunk_mean=17.73 chunk_min=6 chunk_max=23 phase_mean=906.19 phase_min=244 phase_max=1328 anchor_pos=0.08545 anchor_ori=0.00684 ee_body=0.28210 timeout=0.00000
[TRACK_CHUNK0] anchor_pos=0.97602 anchor_ori=0.82458 body_pos=0.97658 body_ori=0.79754 body_lin=0.53817 body_ang=0.02033
[TRACK_ROLLOUT] anchor_pos=0.77344 anchor_ori=0.37837 body_pos=0.83316 body_ori=0.16035 body_lin=0.43748 body_ang=0.05066
[TRAIN_COST] action_rate=22.21989 joint_torque=3147.32007 joint_limit=0.00243 undesired_contacts=0.79260
[REWARD_WEIGHTED] pos=0.11868 penalty=-0.05230 total=0.06638 act_rate=-0.04444 torque=-0.00063 contacts=-0.00159
[ACT_SUMMARY] abs_mean=0.6941 abs_p95=1.7225 abs_p99=2.3288 abs_max=3.9108 abs_max_all=3.9108 legs=0.6194 waist=0.8081 arms=0.7336 first=0.6941 last=0.6851 latent_abs=0.7028 latent_max=5.2544
[TRAIN_BODY] torso_ori=6.19deg l_wrist_ori=13.07deg r_wrist_ori=14.11deg l_elbow_ori=11.65deg r_elbow_ori=12.45deg l_shoulder_ori=8.72deg r_shoulder_ori=9.76deg
[TRAIN_ANG] torso=2.752 l_wrist=9.119 r_wrist=11.017 l_elbow=8.109 r_elbow=9.365 l_shoulder=4.772 r_shoulder=6.474
[TRAIN_ACT] l_wrist_r=0.5901 l_wrist_p=0.6233 l_wrist_y=0.6149 r_wrist_r=0.5953 r_wrist_p=0.6030 r_wrist_y=0.6226 l_elbow=0.6938 r_elbow=0.8355
[UPDATE] 31/200 group_reward=16.43303 group_std=18.47080 group_raw=0.30773 rollout_ret=0.24452 chunk0_ret=0.06653 chunk_last_ret=-0.00107
[REWARD_SCALE] live_steps=22.32 min=7 p50=24 p95=24 max=24 survive=0.66553 per_step=0.01096 per_second=0.548 episode30s_projection=16.43
[OBJECTIVE] obj_mean=0.24452 obj_std=0.27948 obj_min=-0.68731 obj_max=1.26770 raw_mean=0.30773 raw_std=0.28047 raw_min=-0.68731 raw_max=1.26770 score_mean=0.01093 rtg_mean=-39.80825 grpo_score=-3.25661 early_penalty=3.50113
[PHASE] start_mean=851.68 start_min=95 start_max=1397 fail_rel_mean=17.98
[CHUNK_REWARD] obj_first=0.06653 obj_mid=0.00339 obj_last=-0.01067 raw_first=0.06653 raw_mid=0.00420 raw_last=-0.00107
[POLICY] loss=-0.00515 policy_loss=-0.00515 value_loss=0.00000 entropy=0.00000 kl=0.01334 step_ratio=0.9997 step_clip=0.0725 post_ratio=1.0060 post_clip=0.1123 grad=0.23868 lr=0.001000 critic_lr=0.000000 sde_steps=4 opt_steps=20
[POLICY_DETAIL] samples=182841 mb=45710 micro_mb=8192 micro_steps=120 batch_ratio=0.9999 batch_min=0.1535 batch_max=5.9949 post_ratio=1.0060 post_min=0.4160 post_max=2.3758 post_clip=0.1123 logp_delta_abs=0.11650 post_logp_delta_abs=0.14366 post_kl=0.01916 old_logp=-15.72679 new_logp=-15.74005 adv_abs=0.74885 grpo_adv_abs=0.74885 valid=0.92998
[TRAIN] mean_reward=0.68805 mean_len=61.96 recent_eps=100 completed_eps=266864
[UPDATE_EFFECT] action_delta=0.02815794 param_rms_delta=0.00196592
[TIME] collect=14.451s update=0.940s
[DONE] timeout=0.00000 anchor_pos=0.00000 anchor_ori=0.00000 ee_body=0.00000
[DONE_ROLLOUT] timeout=0.00000 anchor_pos=0.09717 anchor_ori=0.00769 ee_body=0.24634
[FIRST_FAILURE] chunk_mean=17.98 chunk_min=6 chunk_max=23 phase_mean=898.33 phase_min=110 phase_max=1320 anchor_pos=0.09717 anchor_ori=0.00769 ee_body=0.24634 timeout=0.00000
[TRACK_CHUNK0] anchor_pos=0.97610 anchor_ori=0.81900 body_pos=0.97595 body_ori=0.79613 body_lin=0.53264 body_ang=0.02078
[TRACK_ROLLOUT] anchor_pos=0.76576 anchor_ori=0.38124 body_pos=0.83244 body_ori=0.15906 body_lin=0.43493 body_ang=0.05105
[TRAIN_COST] action_rate=22.04471 joint_torque=3139.84912 joint_limit=0.00254 undesired_contacts=0.83984
[REWARD_WEIGHTED] pos=0.11831 penalty=-0.05179 total=0.06653 act_rate=-0.04409 torque=-0.00063 contacts=-0.00168
[ACT_SUMMARY] abs_mean=0.6913 abs_p95=1.7132 abs_p99=2.3293 abs_max=3.7135 abs_max_all=3.9965 legs=0.6171 waist=0.8094 arms=0.7296 first=0.6913 last=0.6842 latent_abs=0.7041 latent_max=5.2656
[TRAIN_BODY] torso_ori=6.26deg l_wrist_ori=13.14deg r_wrist_ori=13.83deg l_elbow_ori=11.74deg r_elbow_ori=12.35deg l_shoulder_ori=8.77deg r_shoulder_ori=9.87deg
[TRAIN_ANG] torso=2.762 l_wrist=9.124 r_wrist=10.784 l_elbow=8.099 r_elbow=9.236 l_shoulder=4.836 r_shoulder=6.487
[TRAIN_ACT] l_wrist_r=0.5855 l_wrist_p=0.6228 l_wrist_y=0.6121 r_wrist_r=0.5819 r_wrist_p=0.6109 r_wrist_y=0.6290 l_elbow=0.6930 r_elbow=0.8291
[UPDATE] 32/200 group_reward=17.95800 group_std=19.10626 group_raw=0.32496 rollout_ret=0.27065 chunk0_ret=0.06733 chunk_last_ret=-0.00183
[REWARD_SCALE] live_steps=22.61 min=8 p50=24 p95=24 max=24 survive=0.70337 per_step=0.01197 per_second=0.599 episode30s_projection=17.96
[OBJECTIVE] obj_mean=0.27065 obj_std=0.29280 obj_min=-0.69962 obj_max=1.50527 raw_mean=0.32496 raw_std=0.29321 raw_min=-0.69962 raw_max=1.50527 score_mean=0.01193 rtg_mean=-39.34873 grpo_score=-2.63080 early_penalty=2.90146
[PHASE] start_mean=851.56 start_min=55 start_max=1433 fail_rel_mean=18.30
[CHUNK_REWARD] obj_first=0.06733 obj_mid=0.00452 obj_last=-0.01038 raw_first=0.06733 raw_mid=0.00503 raw_last=-0.00183
[POLICY] loss=-0.00612 policy_loss=-0.00612 value_loss=0.00000 entropy=0.00000 kl=0.01228 step_ratio=0.9995 step_clip=0.0640 post_ratio=0.9992 post_clip=0.0615 grad=0.19130 lr=0.001000 critic_lr=0.000000 sde_steps=4 opt_steps=20
[POLICY_DETAIL] samples=185199 mb=46299 micro_mb=8192 micro_steps=120 batch_ratio=0.9995 batch_min=0.1681 batch_max=5.0726 post_ratio=0.9992 post_min=0.4550 post_max=2.1880 post_clip=0.0615 logp_delta_abs=0.11336 post_logp_delta_abs=0.11861 post_kl=0.01239 old_logp=-15.72922 new_logp=-15.74186 adv_abs=0.74780 grpo_adv_abs=0.74780 valid=0.94197
[TRAIN] mean_reward=0.61441 mean_len=59.67 recent_eps=100 completed_eps=269298
[UPDATE_EFFECT] action_delta=0.02242798 param_rms_delta=0.00198261
[TIME] collect=14.464s update=0.972s
[DONE] timeout=0.00000 anchor_pos=0.00000 anchor_ori=0.00000 ee_body=0.00000
[DONE_ROLLOUT] timeout=0.00000 anchor_pos=0.08911 anchor_ori=0.00952 ee_body=0.21936
[FIRST_FAILURE] chunk_mean=18.30 chunk_min=7 chunk_max=23 phase_mean=890.83 phase_min=213 phase_max=1321 anchor_pos=0.08911 anchor_ori=0.00952 ee_body=0.21936 timeout=0.00000
[TRACK_CHUNK0] anchor_pos=0.97635 anchor_ori=0.82194 body_pos=0.97671 body_ori=0.79886 body_lin=0.54302 body_ang=0.02302
[TRACK_ROLLOUT] anchor_pos=0.77063 anchor_ori=0.38663 body_pos=0.83414 body_ori=0.15840 body_lin=0.44382 body_ang=0.05275
[TRAIN_COST] action_rate=21.98084 joint_torque=3117.09399 joint_limit=0.00253 undesired_contacts=0.79236
[REWARD_WEIGHTED] pos=0.11876 penalty=-0.05144 total=0.06733 act_rate=-0.04396 torque=-0.00062 contacts=-0.00158
[ACT_SUMMARY] abs_mean=0.6905 abs_p95=1.7110 abs_p99=2.3123 abs_max=3.8212 abs_max_all=4.0946 legs=0.6162 waist=0.7915 arms=0.7326 first=0.6905 last=0.6890 latent_abs=0.7074 latent_max=5.7677
[TRAIN_BODY] torso_ori=6.25deg l_wrist_ori=13.09deg r_wrist_ori=13.98deg l_elbow_ori=11.61deg r_elbow_ori=12.39deg l_shoulder_ori=8.69deg r_shoulder_ori=9.73deg
[TRAIN_ANG] torso=2.731 l_wrist=9.048 r_wrist=10.927 l_elbow=8.088 r_elbow=9.407 l_shoulder=4.759 r_shoulder=6.483
[TRAIN_ACT] l_wrist_r=0.5948 l_wrist_p=0.6230 l_wrist_y=0.6108 r_wrist_r=0.5804 r_wrist_p=0.6119 r_wrist_y=0.6331 l_elbow=0.7075 r_elbow=0.8260
[UPDATE] 33/200 group_reward=17.20113 group_std=18.92882 group_raw=0.30991 rollout_ret=0.26142 chunk0_ret=0.06695 chunk_last_ret=-0.00279
[REWARD_SCALE] live_steps=22.80 min=7 p50=24 p95=24 max=24 survive=0.72424 per_step=0.01147 per_second=0.573 episode30s_projection=17.20
[OBJECTIVE] obj_mean=0.26142 obj_std=0.29215 obj_min=-0.76840 obj_max=1.32160 raw_mean=0.30991 raw_std=0.28878 raw_min=-0.76840 raw_max=1.32160 score_mean=0.01136 rtg_mean=-39.03010 grpo_score=-2.24483 early_penalty=2.50626
[PHASE] start_mean=860.71 start_min=47 start_max=1433 fail_rel_mean=18.64
[CHUNK_REWARD] obj_first=0.06695 obj_mid=0.00442 obj_last=-0.01125 raw_first=0.06695 raw_mid=0.00487 raw_last=-0.00279
[POLICY] loss=-0.00484 policy_loss=-0.00484 value_loss=0.00000 entropy=0.00000 kl=0.01352 step_ratio=0.9998 step_clip=0.0729 post_ratio=0.9946 post_clip=0.1143 grad=0.26630 lr=0.001000 critic_lr=0.000000 sde_steps=4 opt_steps=20
[POLICY_DETAIL] samples=186753 mb=46688 micro_mb=8192 micro_steps=120 batch_ratio=0.9997 batch_min=0.1290 batch_max=5.3798 post_ratio=0.9946 post_min=0.3578 post_max=1.8759 post_clip=0.1143 logp_delta_abs=0.11689 post_logp_delta_abs=0.15252 post_kl=0.02070 old_logp=-15.73024 new_logp=-15.74385 adv_abs=0.74886 grpo_adv_abs=0.74886 valid=0.94987
[TRAIN] mean_reward=0.77152 mean_len=69.50 recent_eps=100 completed_eps=271559
[UPDATE_EFFECT] action_delta=0.02413998 param_rms_delta=0.00195577
[TIME] collect=14.298s update=0.944s
[DONE] timeout=0.00000 anchor_pos=0.00000 anchor_ori=0.00000 ee_body=0.00000
[DONE_ROLLOUT] timeout=0.00000 anchor_pos=0.10364 anchor_ori=0.00659 ee_body=0.18567
[FIRST_FAILURE] chunk_mean=18.64 chunk_min=6 chunk_max=23 phase_mean=916.20 phase_min=248 phase_max=1424 anchor_pos=0.10364 anchor_ori=0.00659 ee_body=0.18567 timeout=0.00000
[TRACK_CHUNK0] anchor_pos=0.97619 anchor_ori=0.82019 body_pos=0.97591 body_ori=0.79699 body_lin=0.54097 body_ang=0.02180
[TRACK_ROLLOUT] anchor_pos=0.76334 anchor_ori=0.37895 body_pos=0.83207 body_ori=0.15433 body_lin=0.44385 body_ang=0.05334
[TRAIN_COST] action_rate=22.21679 joint_torque=3119.78540 joint_limit=0.00256 undesired_contacts=0.74341
[REWARD_WEIGHTED] pos=0.11857 penalty=-0.05162 total=0.06695 act_rate=-0.04443 torque=-0.00062 contacts=-0.00149
[ACT_SUMMARY] abs_mean=0.6934 abs_p95=1.7174 abs_p99=2.3579 abs_max=3.6900 abs_max_all=3.8982 legs=0.6173 waist=0.7972 arms=0.7364 first=0.6934 last=0.6914 latent_abs=0.7111 latent_max=5.1902
[TRAIN_BODY] torso_ori=6.30deg l_wrist_ori=13.05deg r_wrist_ori=13.96deg l_elbow_ori=11.63deg r_elbow_ori=12.54deg l_shoulder_ori=8.67deg r_shoulder_ori=9.96deg
[TRAIN_ANG] torso=2.727 l_wrist=8.911 r_wrist=10.983 l_elbow=7.979 r_elbow=9.468 l_shoulder=4.662 r_shoulder=6.726
[TRAIN_ACT] l_wrist_r=0.5921 l_wrist_p=0.6218 l_wrist_y=0.6146 r_wrist_r=0.5839 r_wrist_p=0.6143 r_wrist_y=0.6294 l_elbow=0.7060 r_elbow=0.8345
[UPDATE] 34/200 group_reward=18.39110 group_std=19.22885 group_raw=0.32303 rollout_ret=0.28191 chunk0_ret=0.06655 chunk_last_ret=-0.00284
[REWARD_SCALE] live_steps=22.99 min=6 p50=24 p95=24 max=24 survive=0.74854 per_step=0.01226 per_second=0.613 episode30s_projection=18.39
[OBJECTIVE] obj_mean=0.28191 obj_std=0.29851 obj_min=-0.66009 obj_max=1.37463 raw_mean=0.32303 raw_std=0.29336 raw_min=-0.66009 raw_max=1.37463 score_mean=0.01214 rtg_mean=-38.85760 grpo_score=-1.81566 early_penalty=2.09757
[PHASE] start_mean=858.88 start_min=107 start_max=1433 fail_rel_mean=19.00
[CHUNK_REWARD] obj_first=0.06655 obj_mid=0.00564 obj_last=-0.01069 raw_first=0.06655 raw_mid=0.00593 raw_last=-0.00284
[POLICY] loss=-0.00539 policy_loss=-0.00539 value_loss=0.00000 entropy=0.00000 kl=0.01297 step_ratio=0.9999 step_clip=0.0693 post_ratio=0.9887 post_clip=0.0830 grad=0.22558 lr=0.001000 critic_lr=0.000000 sde_steps=4 opt_steps=20
[POLICY_DETAIL] samples=188360 mb=47090 micro_mb=8192 micro_steps=120 batch_ratio=0.9999 batch_min=0.1886 batch_max=4.1363 post_ratio=0.9887 post_min=0.5460 post_max=1.6388 post_clip=0.0830 logp_delta_abs=0.11664 post_logp_delta_abs=0.13200 post_kl=0.01492 old_logp=-15.72844 new_logp=-15.74133 adv_abs=0.74583 grpo_adv_abs=0.74583 valid=0.95805
[TRAIN] mean_reward=0.87659 mean_len=77.97 recent_eps=100 completed_eps=273620
[UPDATE_EFFECT] action_delta=0.02462245 param_rms_delta=0.00195396
[TIME] collect=14.418s update=0.987s
[DONE] timeout=0.00000 anchor_pos=0.00000 anchor_ori=0.00000 ee_body=0.00000
[DONE_ROLLOUT] timeout=0.00000 anchor_pos=0.09961 anchor_ori=0.00574 ee_body=0.16541
[FIRST_FAILURE] chunk_mean=19.00 chunk_min=5 chunk_max=23 phase_mean=897.31 phase_min=183 phase_max=1392 anchor_pos=0.09961 anchor_ori=0.00574 ee_body=0.16541 timeout=0.00000
[TRACK_CHUNK0] anchor_pos=0.97601 anchor_ori=0.82006 body_pos=0.97576 body_ori=0.79465 body_lin=0.54303 body_ang=0.02137
[TRACK_ROLLOUT] anchor_pos=0.76176 anchor_ori=0.38631 body_pos=0.83243 body_ori=0.15422 body_lin=0.44505 body_ang=0.05392
[TRAIN_COST] action_rate=22.39816 joint_torque=3096.36084 joint_limit=0.00255 undesired_contacts=0.72168
[REWARD_WEIGHTED] pos=0.11854 penalty=-0.05199 total=0.06655 act_rate=-0.04480 torque=-0.00062 contacts=-0.00144
[ACT_SUMMARY] abs_mean=0.6952 abs_p95=1.7276 abs_p99=2.3766 abs_max=3.6617 abs_max_all=4.1541 legs=0.6183 waist=0.7944 arms=0.7399 first=0.6952 last=0.6931 latent_abs=0.7143 latent_max=5.9538
[TRAIN_BODY] torso_ori=6.31deg l_wrist_ori=13.18deg r_wrist_ori=13.90deg l_elbow_ori=11.78deg r_elbow_ori=12.42deg l_shoulder_ori=8.90deg r_shoulder_ori=10.04deg
[TRAIN_ANG] torso=2.696 l_wrist=8.748 r_wrist=11.057 l_elbow=7.853 r_elbow=9.496 l_shoulder=4.622 r_shoulder=6.782
[TRAIN_ACT] l_wrist_r=0.5941 l_wrist_p=0.6144 l_wrist_y=0.6171 r_wrist_r=0.5822 r_wrist_p=0.6194 r_wrist_y=0.6219 l_elbow=0.7041 r_elbow=0.8274
[UPDATE] 35/200 group_reward=19.03445 group_std=19.03547 group_raw=0.33032 rollout_ret=0.29320 chunk0_ret=0.06639 chunk_last_ret=-0.00369
[REWARD_SCALE] live_steps=23.11 min=7 p50=24 p95=24 max=24 survive=0.78320 per_step=0.01269 per_second=0.634 episode30s_projection=19.03
[OBJECTIVE] obj_mean=0.29320 obj_std=0.29733 obj_min=-0.71520 obj_max=1.36428 raw_mean=0.33032 raw_std=0.29182 raw_min=-0.71520 raw_max=1.36428 score_mean=0.01256 rtg_mean=-38.29892 grpo_score=-1.57117 early_penalty=1.86437
[PHASE] start_mean=866.85 start_min=97 start_max=1399 fail_rel_mean=18.87
[CHUNK_REWARD] obj_first=0.06639 obj_mid=0.00647 obj_last=-0.01044 raw_first=0.06639 raw_mid=0.00676 raw_last=-0.00369
[POLICY] loss=-0.00515 policy_loss=-0.00515 value_loss=0.00000 entropy=0.00000 kl=0.01310 step_ratio=0.9996 step_clip=0.0699 post_ratio=1.0017 post_clip=0.0762 grad=0.24135 lr=0.001000 critic_lr=0.000000 sde_steps=4 opt_steps=20
[POLICY_DETAIL] samples=189277 mb=47319 micro_mb=8192 micro_steps=120 batch_ratio=0.9998 batch_min=0.1544 batch_max=5.3597 post_ratio=1.0017 post_min=0.4482 post_max=1.8031 post_clip=0.0762 logp_delta_abs=0.11551 post_logp_delta_abs=0.12388 post_kl=0.01344 old_logp=-15.73189 new_logp=-15.74506 adv_abs=0.74778 grpo_adv_abs=0.74778 valid=0.96271
[TRAIN] mean_reward=0.90287 mean_len=77.01 recent_eps=100 completed_eps=275397
[UPDATE_EFFECT] action_delta=0.02226527 param_rms_delta=0.00195917
[TIME] collect=14.377s update=1.013s
[DONE] timeout=0.00000 anchor_pos=0.00000 anchor_ori=0.00000 ee_body=0.00000
[DONE_ROLLOUT] timeout=0.00000 anchor_pos=0.09485 anchor_ori=0.00659 ee_body=0.13257
[FIRST_FAILURE] chunk_mean=18.87 chunk_min=6 chunk_max=23 phase_mean=910.14 phase_min=180 phase_max=1343 anchor_pos=0.09485 anchor_ori=0.00659 ee_body=0.13257 timeout=0.00000
[TRACK_CHUNK0] anchor_pos=0.97589 anchor_ori=0.82252 body_pos=0.97618 body_ori=0.79671 body_lin=0.53717 body_ang=0.02009
[TRACK_ROLLOUT] anchor_pos=0.76703 anchor_ori=0.38061 body_pos=0.83427 body_ori=0.15263 body_lin=0.45089 body_ang=0.05431
[TRAIN_COST] action_rate=22.28415 joint_torque=3080.78906 joint_limit=0.00257 undesired_contacts=0.80188
[REWARD_WEIGHTED] pos=0.11854 penalty=-0.05214 total=0.06639 act_rate=-0.04457 torque=-0.00062 contacts=-0.00160
[ACT_SUMMARY] abs_mean=0.6945 abs_p95=1.7194 abs_p99=2.3604 abs_max=3.9445 abs_max_all=4.0126 legs=0.6188 waist=0.7883 arms=0.7392 first=0.6945 last=0.6905 latent_abs=0.7125 latent_max=5.5283
[TRAIN_BODY] torso_ori=6.14deg l_wrist_ori=13.21deg r_wrist_ori=13.88deg l_elbow_ori=11.72deg r_elbow_ori=12.49deg l_shoulder_ori=8.68deg r_shoulder_ori=9.83deg
[TRAIN_ANG] torso=2.703 l_wrist=9.184 r_wrist=11.145 l_elbow=8.214 r_elbow=9.645 l_shoulder=4.780 r_shoulder=6.650
[TRAIN_ACT] l_wrist_r=0.5905 l_wrist_p=0.6193 l_wrist_y=0.6179 r_wrist_r=0.5890 r_wrist_p=0.6120 r_wrist_y=0.6218 l_elbow=0.7197 r_elbow=0.8145
[UPDATE] 36/200 group_reward=19.42460 group_std=19.29626 group_raw=0.33252 rollout_ret=0.30130 chunk0_ret=0.06703 chunk_last_ret=-0.00436
[REWARD_SCALE] live_steps=23.27 min=9 p50=24 p95=24 max=24 survive=0.80530 per_step=0.01295 per_second=0.647 episode30s_projection=19.42
[OBJECTIVE] obj_mean=0.30130 obj_std=0.30288 obj_min=-0.70843 obj_max=1.47958 raw_mean=0.33252 raw_std=0.29800 raw_min=-0.70843 raw_max=1.47958 score_mean=0.01284 rtg_mean=-38.04074 grpo_score=-1.22534 early_penalty=1.52664
[PHASE] start_mean=864.01 start_min=30 start_max=1380 fail_rel_mean=19.24
[CHUNK_REWARD] obj_first=0.06703 obj_mid=0.00685 obj_last=-0.01058 raw_first=0.06703 raw_mid=0.00701 raw_last=-0.00436
[POLICY] loss=-0.00563 policy_loss=-0.00563 value_loss=0.00000 entropy=0.00000 kl=0.01228 step_ratio=0.9995 step_clip=0.0649 post_ratio=0.9991 post_clip=0.1191 grad=0.20167 lr=0.001000 critic_lr=0.000000 sde_steps=4 opt_steps=20
[POLICY_DETAIL] samples=190605 mb=47651 micro_mb=8192 micro_steps=120 batch_ratio=0.9996 batch_min=0.1652 batch_max=4.0375 post_ratio=0.9991 post_min=0.3145 post_max=2.4975 post_clip=0.1191 logp_delta_abs=0.11313 post_logp_delta_abs=0.15519 post_kl=0.02108 old_logp=-15.72794 new_logp=-15.74044 adv_abs=0.74857 grpo_adv_abs=0.74857 valid=0.96947
[TRAIN] mean_reward=1.10312 mean_len=90.20 recent_eps=100 completed_eps=276992
[UPDATE_EFFECT] action_delta=0.02747300 param_rms_delta=0.00194674
[TIME] collect=14.412s update=0.978s
[DONE] timeout=0.00000 anchor_pos=0.00000 anchor_ori=0.00000 ee_body=0.00000
[DONE_ROLLOUT] timeout=0.00000 anchor_pos=0.08777 anchor_ori=0.00781 ee_body=0.11450
[FIRST_FAILURE] chunk_mean=19.24 chunk_min=8 chunk_max=23 phase_mean=903.01 phase_min=186 phase_max=1329 anchor_pos=0.08777 anchor_ori=0.00781 ee_body=0.11450 timeout=0.00000
[TRACK_CHUNK0] anchor_pos=0.97589 anchor_ori=0.82340 body_pos=0.97646 body_ori=0.79777 body_lin=0.53791 body_ang=0.02055
[TRACK_ROLLOUT] anchor_pos=0.76878 anchor_ori=0.37960 body_pos=0.83572 body_ori=0.15331 body_lin=0.45253 body_ang=0.05514
[TRAIN_COST] action_rate=22.20381 joint_torque=3084.50244 joint_limit=0.00234 undesired_contacts=0.77368
[REWARD_WEIGHTED] pos=0.11863 penalty=-0.05159 total=0.06703 act_rate=-0.04441 torque=-0.00062 contacts=-0.00155
[ACT_SUMMARY] abs_mean=0.6932 abs_p95=1.7208 abs_p99=2.3615 abs_max=3.7613 abs_max_all=3.9862 legs=0.6186 waist=0.7825 arms=0.7379 first=0.6932 last=0.6923 latent_abs=0.7141 latent_max=5.4549
[TRAIN_BODY] torso_ori=6.16deg l_wrist_ori=12.80deg r_wrist_ori=14.02deg l_elbow_ori=11.42deg r_elbow_ori=12.54deg l_shoulder_ori=8.53deg r_shoulder_ori=10.00deg
[TRAIN_ANG] torso=2.692 l_wrist=9.112 r_wrist=11.028 l_elbow=8.189 r_elbow=9.507 l_shoulder=4.782 r_shoulder=6.651
[TRAIN_ACT] l_wrist_r=0.5954 l_wrist_p=0.6220 l_wrist_y=0.6144 r_wrist_r=0.5856 r_wrist_p=0.6098 r_wrist_y=0.6284 l_elbow=0.7101 r_elbow=0.8258
[UPDATE] 37/200 group_reward=21.13854 group_std=19.19419 group_raw=0.35915 rollout_ret=0.32786 chunk0_ret=0.06645 chunk_last_ret=-0.00296
[REWARD_SCALE] live_steps=23.27 min=9 p50=24 p95=24 max=24 survive=0.81274 per_step=0.01409 per_second=0.705 episode30s_projection=21.14
[OBJECTIVE] obj_mean=0.32786 obj_std=0.30086 obj_min=-0.62867 obj_max=1.46447 raw_mean=0.35915 raw_std=0.29616 raw_min=-0.62867 raw_max=1.46447 score_mean=0.01401 rtg_mean=-37.69677 grpo_score=-1.20336 early_penalty=1.53122
[PHASE] start_mean=864.90 start_min=67 start_max=1424 fail_rel_mean=19.07
[CHUNK_REWARD] obj_first=0.06645 obj_mid=0.00829 obj_last=-0.00905 raw_first=0.06645 raw_mid=0.00850 raw_last=-0.00296
[POLICY] loss=-0.00538 policy_loss=-0.00538 value_loss=0.00000 entropy=0.00000 kl=0.01258 step_ratio=0.9995 step_clip=0.0665 post_ratio=0.9960 post_clip=0.0645 grad=0.22297 lr=0.001000 critic_lr=0.000000 sde_steps=4 opt_steps=20
[POLICY_DETAIL] samples=190587 mb=47646 micro_mb=8192 micro_steps=120 batch_ratio=0.9996 batch_min=0.1201 batch_max=4.4226 post_ratio=0.9960 post_min=0.4454 post_max=2.2697 post_clip=0.0645 logp_delta_abs=0.11435 post_logp_delta_abs=0.13014 post_kl=0.01506 old_logp=-15.72984 new_logp=-15.74266 adv_abs=0.74841 grpo_adv_abs=0.74841 valid=0.96938
[TRAIN] mean_reward=1.38831 mean_len=106.12 recent_eps=100 completed_eps=278526
[UPDATE_EFFECT] action_delta=0.02202754 param_rms_delta=0.00194533
[TIME] collect=14.317s update=0.968s
[DONE] timeout=0.00000 anchor_pos=0.00000 anchor_ori=0.00000 ee_body=0.00000
[DONE_ROLLOUT] timeout=0.00000 anchor_pos=0.07922 anchor_ori=0.00378 ee_body=0.12024
[FIRST_FAILURE] chunk_mean=19.07 chunk_min=8 chunk_max=23 phase_mean=896.74 phase_min=192 phase_max=1311 anchor_pos=0.07922 anchor_ori=0.00378 ee_body=0.12024 timeout=0.00000
[TRACK_CHUNK0] anchor_pos=0.97597 anchor_ori=0.82321 body_pos=0.97636 body_ori=0.79812 body_lin=0.53983 body_ang=0.02033
[TRACK_ROLLOUT] anchor_pos=0.77265 anchor_ori=0.38834 body_pos=0.83787 body_ori=0.15288 body_lin=0.45670 body_ang=0.05596
[TRAIN_COST] action_rate=22.45238 joint_torque=3150.33496 joint_limit=0.00246 undesired_contacts=0.74609
[REWARD_WEIGHTED] pos=0.11866 penalty=-0.05221 total=0.06645 act_rate=-0.04490 torque=-0.00063 contacts=-0.00149
[ACT_SUMMARY] abs_mean=0.6954 abs_p95=1.7331 abs_p99=2.3822 abs_max=3.9854 abs_max_all=3.9854 legs=0.6221 waist=0.7801 arms=0.7400 first=0.6954 last=0.6943 latent_abs=0.7168 latent_max=5.4528
[TRAIN_BODY] torso_ori=6.28deg l_wrist_ori=13.00deg r_wrist_ori=13.88deg l_elbow_ori=11.61deg r_elbow_ori=12.44deg l_shoulder_ori=8.66deg r_shoulder_ori=9.91deg
[TRAIN_ANG] torso=2.656 l_wrist=8.965 r_wrist=11.171 l_elbow=8.058 r_elbow=9.694 l_shoulder=4.588 r_shoulder=6.859
[TRAIN_ACT] l_wrist_r=0.5937 l_wrist_p=0.6094 l_wrist_y=0.6087 r_wrist_r=0.5859 r_wrist_p=0.6067 r_wrist_y=0.6178 l_elbow=0.7150 r_elbow=0.8434
[UPDATE] 38/200 group_reward=22.45505 group_std=18.71874 group_raw=0.37818 rollout_ret=0.34919 chunk0_ret=0.06622 chunk_last_ret=-0.00165
[REWARD_SCALE] live_steps=23.33 min=8 p50=24 p95=24 max=24 survive=0.81946 per_step=0.01497 per_second=0.749 episode30s_projection=22.46
[OBJECTIVE] obj_mean=0.34919 obj_std=0.29459 obj_min=-0.68161 obj_max=1.41083 raw_mean=0.37818 raw_std=0.28923 raw_min=-0.61204 raw_max=1.41083 score_mean=0.01487 rtg_mean=-37.33078 grpo_score=-1.05487 early_penalty=1.40406
[PHASE] start_mean=868.36 start_min=47 start_max=1433 fail_rel_mean=19.27
[CHUNK_REWARD] obj_first=0.06622 obj_mid=0.00964 obj_last=-0.00763 raw_first=0.06622 raw_mid=0.00976 raw_last=-0.00165
[POLICY] loss=-0.00527 policy_loss=-0.00527 value_loss=0.00000 entropy=0.00000 kl=0.01269 step_ratio=0.9994 step_clip=0.0680 post_ratio=0.9891 post_clip=0.0820 grad=0.22263 lr=0.001000 critic_lr=0.000000 sde_steps=4 opt_steps=20
[POLICY_DETAIL] samples=191087 mb=47771 micro_mb=8192 micro_steps=120 batch_ratio=0.9994 batch_min=0.1252 batch_max=4.0874 post_ratio=0.9891 post_min=0.5098 post_max=2.1905 post_clip=0.0820 logp_delta_abs=0.11464 post_logp_delta_abs=0.13307 post_kl=0.01571 old_logp=-15.73040 new_logp=-15.74349 adv_abs=0.75010 grpo_adv_abs=0.75010 valid=0.97192
[TRAIN] mean_reward=1.32646 mean_len=101.43 recent_eps=100 completed_eps=280005
[UPDATE_EFFECT] action_delta=0.02410415 param_rms_delta=0.00198060
[TIME] collect=14.312s update=1.033s
[DONE] timeout=0.00000 anchor_pos=0.00000 anchor_ori=0.00000 ee_body=0.00000
[DONE_ROLLOUT] timeout=0.00000 anchor_pos=0.08081 anchor_ori=0.00464 ee_body=0.10901
[FIRST_FAILURE] chunk_mean=19.27 chunk_min=7 chunk_max=23 phase_mean=920.75 phase_min=126 phase_max=1333 anchor_pos=0.08081 anchor_ori=0.00464 ee_body=0.10901 timeout=0.00000
[TRACK_CHUNK0] anchor_pos=0.97610 anchor_ori=0.81935 body_pos=0.97631 body_ori=0.79688 body_lin=0.54176 body_ang=0.02105
[TRACK_ROLLOUT] anchor_pos=0.77863 anchor_ori=0.39228 body_pos=0.84017 body_ori=0.15332 body_lin=0.45993 body_ang=0.05657
[TRAIN_COST] action_rate=22.45598 joint_torque=3102.33838 joint_limit=0.00235 undesired_contacts=0.77197
[REWARD_WEIGHTED] pos=0.11854 penalty=-0.05231 total=0.06622 act_rate=-0.04491 torque=-0.00062 contacts=-0.00154
[ACT_SUMMARY] abs_mean=0.6965 abs_p95=1.7283 abs_p99=2.3839 abs_max=4.1100 abs_max_all=4.1100 legs=0.6237 waist=0.7780 arms=0.7415 first=0.6965 last=0.6948 latent_abs=0.7188 latent_max=5.8147
[TRAIN_BODY] torso_ori=6.26deg l_wrist_ori=13.26deg r_wrist_ori=13.89deg l_elbow_ori=11.86deg r_elbow_ori=12.53deg l_shoulder_ori=8.88deg r_shoulder_ori=9.78deg
[TRAIN_ANG] torso=2.626 l_wrist=8.895 r_wrist=11.213 l_elbow=7.984 r_elbow=9.691 l_shoulder=4.672 r_shoulder=6.778
[TRAIN_ACT] l_wrist_r=0.5887 l_wrist_p=0.6189 l_wrist_y=0.6020 r_wrist_r=0.5789 r_wrist_p=0.6110 r_wrist_y=0.6256 l_elbow=0.7233 r_elbow=0.8422
[UPDATE] 39/200 group_reward=24.40736 group_std=18.97862 group_raw=0.40675 rollout_ret=0.38087 chunk0_ret=0.06668 chunk_last_ret=-0.00109
[REWARD_SCALE] live_steps=23.41 min=7 p50=24 p95=24 max=24 survive=0.84009 per_step=0.01627 per_second=0.814 episode30s_projection=24.41
[OBJECTIVE] obj_mean=0.38087 obj_std=0.29931 obj_min=-0.66167 obj_max=1.53792 raw_mean=0.40675 raw_std=0.29252 raw_min=-0.66167 raw_max=1.53792 score_mean=0.01617 rtg_mean=-36.98091 grpo_score=-0.85433 early_penalty=1.23520
[PHASE] start_mean=864.03 start_min=112 start_max=1414 fail_rel_mean=19.29
[CHUNK_REWARD] obj_first=0.06668 obj_mid=0.01137 obj_last=-0.00651 raw_first=0.06668 raw_mid=0.01158 raw_last=-0.00109
[POLICY] loss=-0.00540 policy_loss=-0.00540 value_loss=0.00000 entropy=0.00000 kl=0.01298 step_ratio=0.9995 step_clip=0.0700 post_ratio=0.9897 post_clip=0.0986 grad=0.22191 lr=0.001000 critic_lr=0.000000 sde_steps=4 opt_steps=20
[POLICY_DETAIL] samples=191751 mb=47937 micro_mb=8192 micro_steps=120 batch_ratio=0.9995 batch_min=0.1964 batch_max=4.5932 post_ratio=0.9897 post_min=0.4846 post_max=1.9354 post_clip=0.0986 logp_delta_abs=0.11569 post_logp_delta_abs=0.14040 post_kl=0.01756 old_logp=-15.73196 new_logp=-15.74523 adv_abs=0.74952 grpo_adv_abs=0.74952 valid=0.97530
[TRAIN] mean_reward=1.53226 mean_len=111.02 recent_eps=100 completed_eps=281315
[UPDATE_EFFECT] action_delta=0.02226933 param_rms_delta=0.00194659
[TIME] collect=14.326s update=0.972s
[DONE] timeout=0.00000 anchor_pos=0.00000 anchor_ori=0.00000 ee_body=0.00000
[DONE_ROLLOUT] timeout=0.00000 anchor_pos=0.07056 anchor_ori=0.00195 ee_body=0.09973
[FIRST_FAILURE] chunk_mean=19.29 chunk_min=6 chunk_max=23 phase_mean=905.65 phase_min=246 phase_max=1333 anchor_pos=0.07056 anchor_ori=0.00195 ee_body=0.09973 timeout=0.00000
[TRACK_CHUNK0] anchor_pos=0.97587 anchor_ori=0.82240 body_pos=0.97617 body_ori=0.79693 body_lin=0.54276 body_ang=0.02062
[TRACK_ROLLOUT] anchor_pos=0.78258 anchor_ori=0.40965 body_pos=0.84202 body_ori=0.15400 body_lin=0.46236 body_ang=0.05707
[TRAIN_COST] action_rate=22.40067 joint_torque=3081.30249 joint_limit=0.00240 undesired_contacts=0.74475
[REWARD_WEIGHTED] pos=0.11866 penalty=-0.05198 total=0.06668 act_rate=-0.04480 torque=-0.00062 contacts=-0.00149
[ACT_SUMMARY] abs_mean=0.6949 abs_p95=1.7260 abs_p99=2.3791 abs_max=3.8920 abs_max_all=4.1673 legs=0.6253 waist=0.7712 arms=0.7382 first=0.6949 last=0.6994 latent_abs=0.7210 latent_max=5.9967
[TRAIN_BODY] torso_ori=6.24deg l_wrist_ori=13.19deg r_wrist_ori=13.92deg l_elbow_ori=11.75deg r_elbow_ori=12.44deg l_shoulder_ori=8.83deg r_shoulder_ori=9.81deg
[TRAIN_ANG] torso=2.654 l_wrist=9.068 r_wrist=10.890 l_elbow=8.111 r_elbow=9.508 l_shoulder=4.823 r_shoulder=6.612
[TRAIN_ACT] l_wrist_r=0.5947 l_wrist_p=0.6094 l_wrist_y=0.6042 r_wrist_r=0.5787 r_wrist_p=0.6067 r_wrist_y=0.6179 l_elbow=0.7412 r_elbow=0.8381
[UPDATE] 40/200 group_reward=25.07827 group_std=19.11095 group_raw=0.41474 rollout_ret=0.39317 chunk0_ret=0.06678 chunk_last_ret=-0.00119
[REWARD_SCALE] live_steps=23.52 min=9 p50=24 p95=24 max=24 survive=0.85010 per_step=0.01672 per_second=0.836 episode30s_projection=25.08
[OBJECTIVE] obj_mean=0.39317 obj_std=0.30331 obj_min=-0.65523 obj_max=1.49662 raw_mean=0.41474 raw_std=0.29802 raw_min=-0.65523 raw_max=1.49662 score_mean=0.01663 rtg_mean=-36.73497 grpo_score=-0.61442 early_penalty=1.00759
[PHASE] start_mean=865.04 start_min=98 start_max=1358 fail_rel_mean=19.77
[CHUNK_REWARD] obj_first=0.06678 obj_mid=0.01193 obj_last=-0.00610 raw_first=0.06678 raw_mid=0.01198 raw_last=-0.00119
[POLICY] loss=-0.00456 policy_loss=-0.00456 value_loss=0.00000 entropy=0.00000 kl=0.01403 step_ratio=0.9996 step_clip=0.0757 post_ratio=1.0013 post_clip=0.0762 grad=0.28696 lr=0.001000 critic_lr=0.000000 sde_steps=4 opt_steps=20
[POLICY_DETAIL] samples=192646 mb=48161 micro_mb=8192 micro_steps=120 batch_ratio=0.9998 batch_min=0.0825 batch_max=5.6881 post_ratio=1.0013 post_min=0.5048 post_max=2.5319 post_clip=0.0762 logp_delta_abs=0.11929 post_logp_delta_abs=0.12955 post_kl=0.01542 old_logp=-15.73749 new_logp=-15.75153 adv_abs=0.75073 grpo_adv_abs=0.75073 valid=0.97985
[TRAIN] mean_reward=1.83532 mean_len=122.81 recent_eps=100 completed_eps=282543
[UPDATE_EFFECT] action_delta=0.02455117 param_rms_delta=0.00193985
[TIME] collect=14.283s update=0.984s
[DONE] timeout=0.00000 anchor_pos=0.00000 anchor_ori=0.00000 ee_body=0.00000
[DONE_ROLLOUT] timeout=0.00000 anchor_pos=0.07031 anchor_ori=0.00183 ee_body=0.08777
[FIRST_FAILURE] chunk_mean=19.77 chunk_min=8 chunk_max=23 phase_mean=895.66 phase_min=240 phase_max=1376 anchor_pos=0.07031 anchor_ori=0.00183 ee_body=0.08777 timeout=0.00000
[TRACK_CHUNK0] anchor_pos=0.97538 anchor_ori=0.82400 body_pos=0.97637 body_ori=0.79583 body_lin=0.54596 body_ang=0.02167
[TRACK_ROLLOUT] anchor_pos=0.78006 anchor_ori=0.41634 body_pos=0.84335 body_ori=0.15431 body_lin=0.46410 body_ang=0.05736
[TRAIN_COST] action_rate=22.31997 joint_torque=3051.23486 joint_limit=0.00246 undesired_contacts=0.77051
[REWARD_WEIGHTED] pos=0.11877 penalty=-0.05199 total=0.06678 act_rate=-0.04464 torque=-0.00061 contacts=-0.00154
[ACT_SUMMARY] abs_mean=0.6937 abs_p95=1.7211 abs_p99=2.3839 abs_max=3.8264 abs_max_all=4.0252 legs=0.6246 waist=0.7691 arms=0.7368 first=0.6937 last=0.7038 latent_abs=0.7245 latent_max=5.5638
[TRAIN_BODY] torso_ori=6.19deg l_wrist_ori=13.28deg r_wrist_ori=13.94deg l_elbow_ori=11.88deg r_elbow_ori=12.55deg l_shoulder_ori=8.81deg r_shoulder_ori=9.78deg
[TRAIN_ANG] torso=2.630 l_wrist=8.974 r_wrist=11.165 l_elbow=8.030 r_elbow=9.650 l_shoulder=4.648 r_shoulder=6.694
[TRAIN_ACT] l_wrist_r=0.5964 l_wrist_p=0.6029 l_wrist_y=0.6049 r_wrist_r=0.5814 r_wrist_p=0.6076 r_wrist_y=0.6191 l_elbow=0.7325 r_elbow=0.8452
[UPDATE] 41/200 group_reward=26.36270 group_std=18.93341 group_raw=0.43473 rollout_ret=0.41327 chunk0_ret=0.06703 chunk_last_ret=-0.00031
[REWARD_SCALE] live_steps=23.51 min=7 p50=24 p95=24 max=24 survive=0.85828 per_step=0.01758 per_second=0.879 episode30s_projection=26.36
[OBJECTIVE] obj_mean=0.41327 obj_std=0.29983 obj_min=-0.63234 obj_max=1.54053 raw_mean=0.43473 raw_std=0.29408 raw_min=-0.61514 raw_max=1.54053 score_mean=0.01750 rtg_mean=-36.49199 grpo_score=-0.59839 early_penalty=1.01166
[PHASE] start_mean=866.11 start_min=135 start_max=1420 fail_rel_mean=19.57
[CHUNK_REWARD] obj_first=0.06703 obj_mid=0.01308 obj_last=-0.00520 raw_first=0.06703 raw_mid=0.01321 raw_last=-0.00031
[POLICY] loss=-0.00476 policy_loss=-0.00476 value_loss=0.00000 entropy=0.00000 kl=0.01385 step_ratio=0.9994 step_clip=0.0756 post_ratio=0.9998 post_clip=0.1113 grad=0.25399 lr=0.001000 critic_lr=0.000000 sde_steps=4 opt_steps=20
[POLICY_DETAIL] samples=192630 mb=48157 micro_mb=8192 micro_steps=120 batch_ratio=0.9994 batch_min=0.1734 batch_max=4.5168 post_ratio=0.9998 post_min=0.4107 post_max=2.0387 post_clip=0.1113 logp_delta_abs=0.11924 post_logp_delta_abs=0.14479 post_kl=0.01911 old_logp=-15.73124 new_logp=-15.74547 adv_abs=0.74943 grpo_adv_abs=0.74943 valid=0.97977
[TRAIN] mean_reward=1.79896 mean_len=121.21 recent_eps=100 completed_eps=283704
[UPDATE_EFFECT] action_delta=0.02866258 param_rms_delta=0.00196365
[TIME] collect=14.344s update=1.033s
[DONE] timeout=0.00000 anchor_pos=0.00000 anchor_ori=0.00000 ee_body=0.00000
[DONE_ROLLOUT] timeout=0.00000 anchor_pos=0.05981 anchor_ori=0.00183 ee_body=0.09119
[FIRST_FAILURE] chunk_mean=19.57 chunk_min=6 chunk_max=23 phase_mean=904.48 phase_min=215 phase_max=1314 anchor_pos=0.05981 anchor_ori=0.00183 ee_body=0.09119 timeout=0.00000
[TRACK_CHUNK0] anchor_pos=0.97577 anchor_ori=0.82166 body_pos=0.97627 body_ori=0.79737 body_lin=0.54720 body_ang=0.02086
[TRACK_ROLLOUT] anchor_pos=0.78447 anchor_ori=0.42047 body_pos=0.84397 body_ori=0.15417 body_lin=0.46707 body_ang=0.05794
[TRAIN_COST] action_rate=22.16064 joint_torque=3050.85547 joint_limit=0.00253 undesired_contacts=0.76660
[REWARD_WEIGHTED] pos=0.11873 penalty=-0.05170 total=0.06703 act_rate=-0.04432 torque=-0.00061 contacts=-0.00153
[ACT_SUMMARY] abs_mean=0.6914 abs_p95=1.7151 abs_p99=2.3668 abs_max=3.8073 abs_max_all=3.9960 legs=0.6246 waist=0.7547 arms=0.7352 first=0.6914 last=0.6997 latent_abs=0.7221 latent_max=5.4821
[TRAIN_BODY] torso_ori=6.26deg l_wrist_ori=13.04deg r_wrist_ori=14.04deg l_elbow_ori=11.66deg r_elbow_ori=12.50deg l_shoulder_ori=8.71deg r_shoulder_ori=9.86deg
[TRAIN_ANG] torso=2.580 l_wrist=8.919 r_wrist=11.024 l_elbow=8.035 r_elbow=9.580 l_shoulder=4.628 r_shoulder=6.705
[TRAIN_ACT] l_wrist_r=0.5951 l_wrist_p=0.6027 l_wrist_y=0.6085 r_wrist_r=0.5804 r_wrist_p=0.6131 r_wrist_y=0.6301 l_elbow=0.7146 r_elbow=0.8469
[UPDATE] 42/200 group_reward=27.34524 group_std=18.31918 group_raw=0.44897 rollout_ret=0.42937 chunk0_ret=0.06731 chunk_last_ret=-0.00110
[REWARD_SCALE] live_steps=23.55 min=6 p50=24 p95=24 max=24 survive=0.87695 per_step=0.01823 per_second=0.912 episode30s_projection=27.35
[OBJECTIVE] obj_mean=0.42937 obj_std=0.29092 obj_min=-0.58675 obj_max=1.51583 raw_mean=0.44897 raw_std=0.28669 raw_min=-0.65649 raw_max=1.51583 score_mean=0.01816 rtg_mean=-36.36940 grpo_score=-0.50295 early_penalty=0.93231
[PHASE] start_mean=869.84 start_min=65 start_max=1356 fail_rel_mean=19.36
[CHUNK_REWARD] obj_first=0.06731 obj_mid=0.01408 obj_last=-0.00525 raw_first=0.06731 raw_mid=0.01423 raw_last=-0.00110
[POLICY] loss=-0.00539 policy_loss=-0.00539 value_loss=0.00000 entropy=0.00000 kl=0.01292 step_ratio=0.9996 step_clip=0.0687 post_ratio=1.0042 post_clip=0.0850 grad=0.22785 lr=0.001000 critic_lr=0.000000 sde_steps=4 opt_steps=20
[POLICY_DETAIL] samples=192942 mb=48235 micro_mb=8192 micro_steps=120 batch_ratio=0.9996 batch_min=0.1250 batch_max=4.3474 post_ratio=1.0042 post_min=0.3786 post_max=1.9905 post_clip=0.0850 logp_delta_abs=0.11587 post_logp_delta_abs=0.13525 post_kl=0.01654 old_logp=-15.72696 new_logp=-15.74010 adv_abs=0.74798 grpo_adv_abs=0.74798 valid=0.98135
[TRAIN] mean_reward=1.90258 mean_len=123.66 recent_eps=100 completed_eps=284712
[UPDATE_EFFECT] action_delta=0.02284860 param_rms_delta=0.00193965
[TIME] collect=14.339s update=0.997s
[DONE] timeout=0.00000 anchor_pos=0.00000 anchor_ori=0.00000 ee_body=0.00000
[DONE_ROLLOUT] timeout=0.00000 anchor_pos=0.05347 anchor_ori=0.00110 ee_body=0.07678
[FIRST_FAILURE] chunk_mean=19.36 chunk_min=5 chunk_max=23 phase_mean=900.56 phase_min=237 phase_max=1377 anchor_pos=0.05347 anchor_ori=0.00110 ee_body=0.07678 timeout=0.00000
[TRACK_CHUNK0] anchor_pos=0.97619 anchor_ori=0.82754 body_pos=0.97665 body_ori=0.79814 body_lin=0.54075 body_ang=0.02031
[TRACK_ROLLOUT] anchor_pos=0.78280 anchor_ori=0.42626 body_pos=0.84685 body_ori=0.15354 body_lin=0.46729 body_ang=0.05847
[TRAIN_COST] action_rate=22.18956 joint_torque=3053.40088 joint_limit=0.00243 undesired_contacts=0.78906
[REWARD_WEIGHTED] pos=0.11887 penalty=-0.05156 total=0.06731 act_rate=-0.04438 torque=-0.00061 contacts=-0.00158
[ACT_SUMMARY] abs_mean=0.6928 abs_p95=1.7181 abs_p99=2.3664 abs_max=3.6854 abs_max_all=4.0903 legs=0.6261 waist=0.7580 arms=0.7359 first=0.6928 last=0.7045 latent_abs=0.7231 latent_max=5.7548
[TRAIN_BODY] torso_ori=6.14deg l_wrist_ori=13.06deg r_wrist_ori=14.03deg l_elbow_ori=11.70deg r_elbow_ori=12.39deg l_shoulder_ori=8.57deg r_shoulder_ori=9.91deg
[TRAIN_ANG] torso=2.625 l_wrist=8.968 r_wrist=10.999 l_elbow=8.096 r_elbow=9.531 l_shoulder=4.690 r_shoulder=6.732
[TRAIN_ACT] l_wrist_r=0.5994 l_wrist_p=0.6090 l_wrist_y=0.6029 r_wrist_r=0.5853 r_wrist_p=0.6019 r_wrist_y=0.6191 l_elbow=0.7285 r_elbow=0.8357
[UPDATE] 43/200 group_reward=27.99649 group_std=18.84338 group_raw=0.45827 rollout_ret=0.44067 chunk0_ret=0.06625 chunk_last_ret=-0.00006
[REWARD_SCALE] live_steps=23.61 min=9 p50=24 p95=24 max=24 survive=0.88440 per_step=0.01866 per_second=0.933 episode30s_projection=28.00
[OBJECTIVE] obj_mean=0.44067 obj_std=0.29958 obj_min=-0.60111 obj_max=1.49432 raw_mean=0.45827 raw_std=0.29388 raw_min=-0.50924 raw_max=1.49432 score_mean=0.01858 rtg_mean=-35.98600 grpo_score=-0.37084 early_penalty=0.81151
[PHASE] start_mean=875.11 start_min=164 start_max=1428 fail_rel_mean=19.63
[CHUNK_REWARD] obj_first=0.06625 obj_mid=0.01459 obj_last=-0.00392 raw_first=0.06625 raw_mid=0.01471 raw_last=-0.00006
[POLICY] loss=-0.00429 policy_loss=-0.00429 value_loss=0.00000 entropy=0.00000 kl=0.01458 step_ratio=0.9998 step_clip=0.0811 post_ratio=0.9919 post_clip=0.0811 grad=0.28384 lr=0.001000 critic_lr=0.000000 sde_steps=4 opt_steps=20
[POLICY_DETAIL] samples=193417 mb=48354 micro_mb=8192 micro_steps=120 batch_ratio=0.9998 batch_min=0.0989 batch_max=6.5752 post_ratio=0.9919 post_min=0.4637 post_max=1.9123 post_clip=0.0811 logp_delta_abs=0.12199 post_logp_delta_abs=0.13010 post_kl=0.01499 old_logp=-15.72902 new_logp=-15.74357 adv_abs=0.74873 grpo_adv_abs=0.74873 valid=0.98377
[TRAIN] mean_reward=2.45479 mean_len=148.09 recent_eps=100 completed_eps=285659
[UPDATE_EFFECT] action_delta=0.02314096 param_rms_delta=0.00191278
[TIME] collect=14.186s update=0.983s
[DONE] timeout=0.00000 anchor_pos=0.00000 anchor_ori=0.00000 ee_body=0.00000
[DONE_ROLLOUT] timeout=0.00000 anchor_pos=0.05554 anchor_ori=0.00085 ee_body=0.06873
[FIRST_FAILURE] chunk_mean=19.63 chunk_min=8 chunk_max=23 phase_mean=912.65 phase_min=305 phase_max=1325 anchor_pos=0.05554 anchor_ori=0.00085 ee_body=0.06873 timeout=0.00000
[TRACK_CHUNK0] anchor_pos=0.97564 anchor_ori=0.81644 body_pos=0.97638 body_ori=0.79533 body_lin=0.54427 body_ang=0.02039
[TRACK_ROLLOUT] anchor_pos=0.78998 anchor_ori=0.42419 body_pos=0.84807 body_ori=0.15277 body_lin=0.47035 body_ang=0.05828
[TRAIN_COST] action_rate=22.43230 joint_torque=3086.57324 joint_limit=0.00242 undesired_contacts=0.76917
[REWARD_WEIGHTED] pos=0.11841 penalty=-0.05216 total=0.06625 act_rate=-0.04486 torque=-0.00062 contacts=-0.00154
[ACT_SUMMARY] abs_mean=0.6955 abs_p95=1.7320 abs_p99=2.3771 abs_max=3.7216 abs_max_all=4.0339 legs=0.6275 waist=0.7613 arms=0.7397 first=0.6955 last=0.7073 latent_abs=0.7273 latent_max=5.5886
[TRAIN_BODY] torso_ori=6.29deg l_wrist_ori=13.19deg r_wrist_ori=14.17deg l_elbow_ori=11.80deg r_elbow_ori=12.60deg l_shoulder_ori=8.65deg r_shoulder_ori=10.02deg
[TRAIN_ANG] torso=2.605 l_wrist=9.039 r_wrist=11.037 l_elbow=8.150 r_elbow=9.532 l_shoulder=4.712 r_shoulder=6.826
[TRAIN_ACT] l_wrist_r=0.5979 l_wrist_p=0.6099 l_wrist_y=0.6102 r_wrist_r=0.5782 r_wrist_p=0.5993 r_wrist_y=0.6248 l_elbow=0.7301 r_elbow=0.8637
[UPDATE] 44/200 group_reward=28.78794 group_std=18.10133 group_raw=0.47034 rollout_ret=0.45352 chunk0_ret=0.06632 chunk_last_ret=0.00065
[REWARD_SCALE] live_steps=23.63 min=8 p50=24 p95=24 max=24 survive=0.88647 per_step=0.01919 per_second=0.960 episode30s_projection=28.79
[OBJECTIVE] obj_mean=0.45352 obj_std=0.28800 obj_min=-0.61220 obj_max=1.48117 raw_mean=0.47034 raw_std=0.28444 raw_min=-0.61220 raw_max=1.48117 score_mean=0.01915 rtg_mean=-35.69498 grpo_score=-0.31526 early_penalty=0.76879
[PHASE] start_mean=872.05 start_min=163 start_max=1358 fail_rel_mean=19.75
[CHUNK_REWARD] obj_first=0.06632 obj_mid=0.01503 obj_last=-0.00346 raw_first=0.06632 raw_mid=0.01510 raw_last=0.00065
[POLICY] loss=-0.00449 policy_loss=-0.00449 value_loss=0.00000 entropy=0.00000 kl=0.01476 step_ratio=0.9997 step_clip=0.0794 post_ratio=1.0041 post_clip=0.0713 grad=0.28618 lr=0.001000 critic_lr=0.000000 sde_steps=4 opt_steps=20
[POLICY_DETAIL] samples=193585 mb=48396 micro_mb=8192 micro_steps=120 batch_ratio=0.9998 batch_min=0.1188 batch_max=8.1086 post_ratio=1.0041 post_min=0.4142 post_max=2.0367 post_clip=0.0713 logp_delta_abs=0.12229 post_logp_delta_abs=0.12918 post_kl=0.01491 old_logp=-15.73721 new_logp=-15.75196 adv_abs=0.75066 grpo_adv_abs=0.75066 valid=0.98462
[TRAIN] mean_reward=2.14219 mean_len=128.55 recent_eps=100 completed_eps=286589
[UPDATE_EFFECT] action_delta=0.02240677 param_rms_delta=0.00191604
[TIME] collect=14.275s update=1.021s
[DONE] timeout=0.00000 anchor_pos=0.00000 anchor_ori=0.00000 ee_body=0.00000
[DONE_ROLLOUT] timeout=0.00000 anchor_pos=0.04761 anchor_ori=0.00049 ee_body=0.07361
[FIRST_FAILURE] chunk_mean=19.75 chunk_min=7 chunk_max=23 phase_mean=908.89 phase_min=316 phase_max=1332 anchor_pos=0.04761 anchor_ori=0.00049 ee_body=0.07361 timeout=0.00000
[TRACK_CHUNK0] anchor_pos=0.97605 anchor_ori=0.82093 body_pos=0.97603 body_ori=0.79800 body_lin=0.54363 body_ang=0.02032
[TRACK_ROLLOUT] anchor_pos=0.79207 anchor_ori=0.42888 body_pos=0.84757 body_ori=0.15149 body_lin=0.47106 body_ang=0.05815
[TRAIN_COST] action_rate=22.48009 joint_torque=3123.01562 joint_limit=0.00228 undesired_contacts=0.77124
[REWARD_WEIGHTED] pos=0.11864 penalty=-0.05232 total=0.06632 act_rate=-0.04496 torque=-0.00062 contacts=-0.00154
[ACT_SUMMARY] abs_mean=0.6955 abs_p95=1.7335 abs_p99=2.3996 abs_max=3.6404 abs_max_all=4.0886 legs=0.6302 waist=0.7519 arms=0.7395 first=0.6955 last=0.7114 latent_abs=0.7311 latent_max=5.7493
[TRAIN_BODY] torso_ori=6.25deg l_wrist_ori=12.96deg r_wrist_ori=14.13deg l_elbow_ori=11.66deg r_elbow_ori=12.54deg l_shoulder_ori=8.67deg r_shoulder_ori=9.95deg
[TRAIN_ANG] torso=2.578 l_wrist=8.938 r_wrist=11.261 l_elbow=8.052 r_elbow=9.659 l_shoulder=4.648 r_shoulder=6.866
[TRAIN_ACT] l_wrist_r=0.5972 l_wrist_p=0.6115 l_wrist_y=0.6077 r_wrist_r=0.5730 r_wrist_p=0.6026 r_wrist_y=0.6098 l_elbow=0.7399 r_elbow=0.8561
[UPDATE] 45/200 group_reward=28.91562 group_std=18.56682 group_raw=0.47315 rollout_ret=0.45440 chunk0_ret=0.06678 chunk_last_ret=0.00066
[REWARD_SCALE] live_steps=23.57 min=8 p50=24 p95=24 max=24 survive=0.88428 per_step=0.01928 per_second=0.964 episode30s_projection=28.92
[OBJECTIVE] obj_mean=0.45440 obj_std=0.29507 obj_min=-0.51712 obj_max=1.57163 raw_mean=0.47315 raw_std=0.28954 raw_min=-0.51712 raw_max=1.57163 score_mean=0.01922 rtg_mean=-35.93829 grpo_score=-0.43774 early_penalty=0.89213
[PHASE] start_mean=873.18 start_min=147 start_max=1393 fail_rel_mean=19.30
[CHUNK_REWARD] obj_first=0.06678 obj_mid=0.01518 obj_last=-0.00320 raw_first=0.06678 raw_mid=0.01530 raw_last=0.00066
[POLICY] loss=-0.00472 policy_loss=-0.00472 value_loss=0.00000 entropy=0.00000 kl=0.01418 step_ratio=0.9996 step_clip=0.0787 post_ratio=1.0063 post_clip=0.1094 grad=0.26889 lr=0.001000 critic_lr=0.000000 sde_steps=4 opt_steps=20
[POLICY_DETAIL] samples=193100 mb=48275 micro_mb=8192 micro_steps=120 batch_ratio=0.9998 batch_min=0.1032 batch_max=7.3311 post_ratio=1.0063 post_min=0.3721 post_max=2.7508 post_clip=0.1094 logp_delta_abs=0.12040 post_logp_delta_abs=0.14105 post_kl=0.01921 old_logp=-15.71944 new_logp=-15.73364 adv_abs=0.74819 grpo_adv_abs=0.74819 valid=0.98216
[TRAIN] mean_reward=2.66759 mean_len=157.95 recent_eps=100 completed_eps=287537
[UPDATE_EFFECT] action_delta=0.02529556 param_rms_delta=0.00192730
[TIME] collect=14.308s update=0.982s
[DONE] timeout=0.00000 anchor_pos=0.00000 anchor_ori=0.00000 ee_body=0.00000
[DONE_ROLLOUT] timeout=0.00000 anchor_pos=0.04199 anchor_ori=0.00146 ee_body=0.07959
[FIRST_FAILURE] chunk_mean=19.30 chunk_min=7 chunk_max=23 phase_mean=912.46 phase_min=309 phase_max=1320 anchor_pos=0.04199 anchor_ori=0.00146 ee_body=0.07959 timeout=0.00000
[TRACK_CHUNK0] anchor_pos=0.97642 anchor_ori=0.82003 body_pos=0.97598 body_ori=0.79632 body_lin=0.54364 body_ang=0.02142
[TRACK_ROLLOUT] anchor_pos=0.78741 anchor_ori=0.42931 body_pos=0.84730 body_ori=0.15319 body_lin=0.46766 body_ang=0.05902
[TRAIN_COST] action_rate=22.29856 joint_torque=3065.96436 joint_limit=0.00247 undesired_contacts=0.76306
[REWARD_WEIGHTED] pos=0.11861 penalty=-0.05183 total=0.06678 act_rate=-0.04460 torque=-0.00061 contacts=-0.00153
[ACT_SUMMARY] abs_mean=0.6935 abs_p95=1.7262 abs_p99=2.3697 abs_max=3.9017 abs_max_all=4.1566 legs=0.6265 waist=0.7566 arms=0.7373 first=0.6935 last=0.7092 latent_abs=0.7291 latent_max=5.9620
[TRAIN_BODY] torso_ori=6.24deg l_wrist_ori=13.02deg r_wrist_ori=14.10deg l_elbow_ori=11.69deg r_elbow_ori=12.55deg l_shoulder_ori=8.78deg r_shoulder_ori=9.89deg
[TRAIN_ANG] torso=2.644 l_wrist=8.808 r_wrist=11.233 l_elbow=7.975 r_elbow=9.647 l_shoulder=4.669 r_shoulder=6.725
[TRAIN_ACT] l_wrist_r=0.6004 l_wrist_p=0.6123 l_wrist_y=0.6092 r_wrist_r=0.5706 r_wrist_p=0.6097 r_wrist_y=0.6080 l_elbow=0.7288 r_elbow=0.8515
[UPDATE] 46/200 group_reward=28.86912 group_std=18.49914 group_raw=0.47052 rollout_ret=0.45584 chunk0_ret=0.06639 chunk_last_ret=-0.00007
[REWARD_SCALE] live_steps=23.68 min=10 p50=24 p95=24 max=24 survive=0.89709 per_step=0.01925 per_second=0.962 episode30s_projection=28.87
[OBJECTIVE] obj_mean=0.45584 obj_std=0.29473 obj_min=-0.64914 obj_max=1.45877 raw_mean=0.47052 raw_std=0.29028 raw_min=-0.64914 raw_max=1.45877 score_mean=0.01919 rtg_mean=-35.88695 grpo_score=-0.20080 early_penalty=0.65664
[PHASE] start_mean=879.24 start_min=168 start_max=1433 fail_rel_mean=19.94
[CHUNK_REWARD] obj_first=0.06639 obj_mid=0.01517 obj_last=-0.00368 raw_first=0.06639 raw_mid=0.01528 raw_last=-0.00007
[POLICY] loss=-0.00583 policy_loss=-0.00583 value_loss=0.00000 entropy=0.00000 kl=0.01255 step_ratio=0.9994 step_clip=0.0663 post_ratio=1.0041 post_clip=0.0898 grad=0.21537 lr=0.001000 critic_lr=0.000000 sde_steps=4 opt_steps=20
[POLICY_DETAIL] samples=194026 mb=48506 micro_mb=8192 micro_steps=120 batch_ratio=0.9995 batch_min=0.1843 batch_max=5.0443 post_ratio=1.0041 post_min=0.4759 post_max=2.0644 post_clip=0.0898 logp_delta_abs=0.11480 post_logp_delta_abs=0.13180 post_kl=0.01553 old_logp=-15.72196 new_logp=-15.73483 adv_abs=0.74803 grpo_adv_abs=0.74803 valid=0.98687
[TRAIN] mean_reward=2.61333 mean_len=157.85 recent_eps=100 completed_eps=288380
[UPDATE_EFFECT] action_delta=0.02289655 param_rms_delta=0.00195412
[TIME] collect=14.206s update=0.979s
[DONE] timeout=0.00000 anchor_pos=0.00000 anchor_ori=0.00000 ee_body=0.00000
[DONE_ROLLOUT] timeout=0.00000 anchor_pos=0.04529 anchor_ori=0.00085 ee_body=0.06274
[FIRST_FAILURE] chunk_mean=19.94 chunk_min=9 chunk_max=23 phase_mean=921.64 phase_min=281 phase_max=1324 anchor_pos=0.04529 anchor_ori=0.00085 ee_body=0.06274 timeout=0.00000
[TRACK_CHUNK0] anchor_pos=0.97667 anchor_ori=0.82155 body_pos=0.97607 body_ori=0.79815 body_lin=0.54180 body_ang=0.02038
[TRACK_ROLLOUT] anchor_pos=0.78868 anchor_ori=0.42276 body_pos=0.84671 body_ori=0.14984 body_lin=0.46653 body_ang=0.05820
[TRAIN_COST] action_rate=22.40086 joint_torque=3135.90894 joint_limit=0.00239 undesired_contacts=0.77185
[REWARD_WEIGHTED] pos=0.11866 penalty=-0.05227 total=0.06639 act_rate=-0.04480 torque=-0.00063 contacts=-0.00154
[ACT_SUMMARY] abs_mean=0.6953 abs_p95=1.7350 abs_p99=2.3714 abs_max=3.8129 abs_max_all=4.1005 legs=0.6276 waist=0.7629 arms=0.7388 first=0.6953 last=0.7064 latent_abs=0.7282 latent_max=5.7856
[TRAIN_BODY] torso_ori=6.27deg l_wrist_ori=12.84deg r_wrist_ori=13.98deg l_elbow_ori=11.61deg r_elbow_ori=12.41deg l_shoulder_ori=8.68deg r_shoulder_ori=10.10deg
[TRAIN_ANG] torso=2.661 l_wrist=8.988 r_wrist=11.022 l_elbow=8.234 r_elbow=9.461 l_shoulder=4.753 r_shoulder=6.911
[TRAIN_ACT] l_wrist_r=0.5946 l_wrist_p=0.6061 l_wrist_y=0.6079 r_wrist_r=0.5738 r_wrist_p=0.6124 r_wrist_y=0.6132 l_elbow=0.7110 r_elbow=0.8547
[UPDATE] 47/200 group_reward=30.52971 group_std=18.51157 group_raw=0.49525 rollout_ret=0.48312 chunk0_ret=0.06667 chunk_last_ret=0.00057
[REWARD_SCALE] live_steps=23.74 min=6 p50=24 p95=24 max=24 survive=0.91431 per_step=0.02035 per_second=1.018 episode30s_projection=30.53
[OBJECTIVE] obj_mean=0.48312 obj_std=0.29494 obj_min=-0.54395 obj_max=1.57953 raw_mean=0.49525 raw_std=0.29035 raw_min=-0.50096 raw_max=1.57953 score_mean=0.02031 rtg_mean=-35.27377 grpo_score=-0.06492 early_penalty=0.54804
[PHASE] start_mean=875.50 start_min=135 start_max=1351 fail_rel_mean=19.93
[CHUNK_REWARD] obj_first=0.06667 obj_mid=0.01696 obj_last=-0.00245 raw_first=0.06667 raw_mid=0.01701 raw_last=0.00057
[POLICY] loss=-0.00536 policy_loss=-0.00536 value_loss=0.00000 entropy=0.00000 kl=0.01316 step_ratio=0.9993 step_clip=0.0719 post_ratio=0.9926 post_clip=0.1396 grad=0.24129 lr=0.001000 critic_lr=0.000000 sde_steps=4 opt_steps=20
[POLICY_DETAIL] samples=194453 mb=48613 micro_mb=8192 micro_steps=120 batch_ratio=0.9996 batch_min=0.1789 batch_max=5.5222 post_ratio=0.9926 post_min=0.3537 post_max=2.4867 post_clip=0.1396 logp_delta_abs=0.11685 post_logp_delta_abs=0.16658 post_kl=0.02579 old_logp=-15.73623 new_logp=-15.74959 adv_abs=0.74934 grpo_adv_abs=0.74934 valid=0.98904
[TRAIN] mean_reward=2.57558 mean_len=155.31 recent_eps=100 completed_eps=289082
[UPDATE_EFFECT] action_delta=0.02614006 param_rms_delta=0.00194789
[TIME] collect=14.211s update=1.000s
[DONE] timeout=0.00000 anchor_pos=0.00000 anchor_ori=0.00000 ee_body=0.00000
[DONE_ROLLOUT] timeout=0.00000 anchor_pos=0.03662 anchor_ori=0.00061 ee_body=0.05469
[FIRST_FAILURE] chunk_mean=19.93 chunk_min=5 chunk_max=23 phase_mean=909.76 phase_min=284 phase_max=1314 anchor_pos=0.03662 anchor_ori=0.00061 ee_body=0.05469 timeout=0.00000
[TRACK_CHUNK0] anchor_pos=0.97615 anchor_ori=0.82852 body_pos=0.97650 body_ori=0.79769 body_lin=0.53966 body_ang=0.02087
[TRACK_ROLLOUT] anchor_pos=0.79281 anchor_ori=0.43238 body_pos=0.85036 body_ori=0.15295 body_lin=0.47199 body_ang=0.05935
[TRAIN_COST] action_rate=22.31244 joint_torque=3118.99512 joint_limit=0.00241 undesired_contacts=0.77368
[REWARD_WEIGHTED] pos=0.11888 penalty=-0.05221 total=0.06667 act_rate=-0.04462 torque=-0.00062 contacts=-0.00155
[ACT_SUMMARY] abs_mean=0.6941 abs_p95=1.7268 abs_p99=2.3736 abs_max=3.8220 abs_max_all=4.1456 legs=0.6257 waist=0.7599 arms=0.7388 first=0.6941 last=0.7101 latent_abs=0.7302 latent_max=5.9267
[TRAIN_BODY] torso_ori=6.14deg l_wrist_ori=12.88deg r_wrist_ori=14.05deg l_elbow_ori=11.73deg r_elbow_ori=12.53deg l_shoulder_ori=8.76deg r_shoulder_ori=10.02deg
[TRAIN_ANG] torso=2.631 l_wrist=8.768 r_wrist=11.133 l_elbow=8.036 r_elbow=9.666 l_shoulder=4.564 r_shoulder=6.866
[TRAIN_ACT] l_wrist_r=0.6021 l_wrist_p=0.6042 l_wrist_y=0.6036 r_wrist_r=0.5709 r_wrist_p=0.6067 r_wrist_y=0.6144 l_elbow=0.7183 r_elbow=0.8747
[UPDATE] 48/200 group_reward=31.56765 group_std=18.88843 group_raw=0.51180 rollout_ret=0.50004 chunk0_ret=0.06628 chunk_last_ret=0.00214
[REWARD_SCALE] live_steps=23.76 min=8 p50=24 p95=24 max=24 survive=0.91345 per_step=0.02105 per_second=1.052 episode30s_projection=31.57
[OBJECTIVE] obj_mean=0.50004 obj_std=0.30193 obj_min=-0.44829 obj_max=1.53044 raw_mean=0.51180 raw_std=0.29615 raw_min=-0.44829 raw_max=1.53044 score_mean=0.02097 rtg_mean=-35.16133 grpo_score=0.00134 early_penalty=0.49871
[PHASE] start_mean=876.18 start_min=3 start_max=1433 fail_rel_mean=20.23
[CHUNK_REWARD] obj_first=0.06628 obj_mid=0.01749 obj_last=-0.00113 raw_first=0.06628 raw_mid=0.01755 raw_last=0.00214
[POLICY] loss=-0.00407 policy_loss=-0.00407 value_loss=0.00000 entropy=0.00000 kl=0.01569 step_ratio=0.9992 step_clip=0.0889 post_ratio=0.9935 post_clip=0.1318 grad=0.33145 lr=0.001000 critic_lr=0.000000 sde_steps=4 opt_steps=20
[POLICY_DETAIL] samples=194647 mb=48661 micro_mb=8192 micro_steps=120 batch_ratio=0.9995 batch_min=0.0820 batch_max=6.2571 post_ratio=0.9935 post_min=0.2765 post_max=3.6712 post_clip=0.1318 logp_delta_abs=0.12671 post_logp_delta_abs=0.16409 post_kl=0.02589 old_logp=-15.73449 new_logp=-15.75039 adv_abs=0.75011 grpo_adv_abs=0.75011 valid=0.99003
[TRAIN] mean_reward=3.13949 mean_len=176.03 recent_eps=100 completed_eps=289791
[UPDATE_EFFECT] action_delta=0.02872512 param_rms_delta=0.00192445
[TIME] collect=14.292s update=1.005s
[DONE] timeout=0.00000 anchor_pos=0.00000 anchor_ori=0.00000 ee_body=0.00000
[DONE_ROLLOUT] timeout=0.00000 anchor_pos=0.03882 anchor_ori=0.00049 ee_body=0.05640
[FIRST_FAILURE] chunk_mean=20.23 chunk_min=7 chunk_max=23 phase_mean=909.99 phase_min=290 phase_max=1266 anchor_pos=0.03882 anchor_ori=0.00049 ee_body=0.05640 timeout=0.00000
[TRACK_CHUNK0] anchor_pos=0.97566 anchor_ori=0.82642 body_pos=0.97631 body_ori=0.79764 body_lin=0.54472 body_ang=0.02146
[TRACK_ROLLOUT] anchor_pos=0.79262 anchor_ori=0.43671 body_pos=0.85092 body_ori=0.15160 body_lin=0.47673 body_ang=0.06175
[TRAIN_COST] action_rate=22.66086 joint_torque=3126.33789 joint_limit=0.00230 undesired_contacts=0.73901
[REWARD_WEIGHTED] pos=0.11889 penalty=-0.05260 total=0.06628 act_rate=-0.04532 torque=-0.00063 contacts=-0.00148
[ACT_SUMMARY] abs_mean=0.6984 abs_p95=1.7402 abs_p99=2.4142 abs_max=3.6951 abs_max_all=4.1339 legs=0.6319 waist=0.7644 arms=0.7413 first=0.6984 last=0.7117 latent_abs=0.7342 latent_max=5.8894
[TRAIN_BODY] torso_ori=6.25deg l_wrist_ori=13.03deg r_wrist_ori=14.19deg l_elbow_ori=11.69deg r_elbow_ori=12.63deg l_shoulder_ori=8.65deg r_shoulder_ori=9.99deg
[TRAIN_ANG] torso=2.624 l_wrist=8.803 r_wrist=11.197 l_elbow=8.043 r_elbow=9.686 l_shoulder=4.632 r_shoulder=6.893
[TRAIN_ACT] l_wrist_r=0.5923 l_wrist_p=0.6083 l_wrist_y=0.5980 r_wrist_r=0.5713 r_wrist_p=0.6013 r_wrist_y=0.6127 l_elbow=0.7161 r_elbow=0.8795
[UPDATE] 49/200 group_reward=32.53200 group_std=18.10287 group_raw=0.52799 rollout_ret=0.51429 chunk0_ret=0.06636 chunk_last_ret=0.00356
[REWARD_SCALE] live_steps=23.71 min=9 p50=24 p95=24 max=24 survive=0.90918 per_step=0.02169 per_second=1.084 episode30s_projection=32.53
[OBJECTIVE] obj_mean=0.51429 obj_std=0.28873 obj_min=-0.43462 obj_max=1.59963 raw_mean=0.52799 raw_std=0.28386 raw_min=-0.43462 raw_max=1.59963 score_mean=0.02164 rtg_mean=-34.90449 grpo_score=-0.08360 early_penalty=0.59789
[PHASE] start_mean=886.56 start_min=20 start_max=1399 fail_rel_mean=19.84
[CHUNK_REWARD] obj_first=0.06636 obj_mid=0.01802 obj_last=0.00012 raw_first=0.06636 raw_mid=0.01811 raw_last=0.00356
[POLICY] loss=-0.00530 policy_loss=-0.00530 value_loss=0.00000 entropy=0.00000 kl=0.01371 step_ratio=0.9996 step_clip=0.0746 post_ratio=1.0051 post_clip=0.0869 grad=0.25403 lr=0.001000 critic_lr=0.000000 sde_steps=4 opt_steps=20
[POLICY_DETAIL] samples=194257 mb=48564 micro_mb=8192 micro_steps=120 batch_ratio=0.9997 batch_min=0.1673 batch_max=5.9826 post_ratio=1.0051 post_min=0.4400 post_max=2.1867 post_clip=0.0869 logp_delta_abs=0.11977 post_logp_delta_abs=0.13660 post_kl=0.01651 old_logp=-15.73222 new_logp=-15.74604 adv_abs=0.74819 grpo_adv_abs=0.74819 valid=0.98804
[TRAIN] mean_reward=3.31953 mean_len=185.18 recent_eps=100 completed_eps=290536
[UPDATE_EFFECT] action_delta=0.02346646 param_rms_delta=0.00194325
[TIME] collect=14.149s update=0.979s
[DONE] timeout=0.00000 anchor_pos=0.00000 anchor_ori=0.00000 ee_body=0.00000
[DONE_ROLLOUT] timeout=0.00000 anchor_pos=0.03235 anchor_ori=0.00037 ee_body=0.06384
[FIRST_FAILURE] chunk_mean=19.84 chunk_min=8 chunk_max=23 phase_mean=902.25 phase_min=164 phase_max=1377 anchor_pos=0.03235 anchor_ori=0.00037 ee_body=0.06384 timeout=0.00000
[TRACK_CHUNK0] anchor_pos=0.97588 anchor_ori=0.82092 body_pos=0.97581 body_ori=0.79701 body_lin=0.54523 body_ang=0.02012
[TRACK_ROLLOUT] anchor_pos=0.79752 anchor_ori=0.44435 body_pos=0.85132 body_ori=0.14955 body_lin=0.47513 body_ang=0.06017
[TRAIN_COST] action_rate=22.46502 joint_torque=3083.61060 joint_limit=0.00259 undesired_contacts=0.78198
[REWARD_WEIGHTED] pos=0.11864 penalty=-0.05228 total=0.06636 act_rate=-0.04493 torque=-0.00062 contacts=-0.00156
[ACT_SUMMARY] abs_mean=0.6946 abs_p95=1.7336 abs_p99=2.4081 abs_max=3.8359 abs_max_all=4.1013 legs=0.6290 waist=0.7509 arms=0.7389 first=0.6946 last=0.7109 latent_abs=0.7339 latent_max=5.7880
[TRAIN_BODY] torso_ori=6.28deg l_wrist_ori=12.83deg r_wrist_ori=14.09deg l_elbow_ori=11.62deg r_elbow_ori=12.74deg l_shoulder_ori=8.73deg r_shoulder_ori=10.08deg
[TRAIN_ANG] torso=2.599 l_wrist=8.942 r_wrist=11.226 l_elbow=8.277 r_elbow=9.787 l_shoulder=4.550 r_shoulder=7.011
[TRAIN_ACT] l_wrist_r=0.5900 l_wrist_p=0.6153 l_wrist_y=0.6085 r_wrist_r=0.5604 r_wrist_p=0.6049 r_wrist_y=0.6218 l_elbow=0.7054 r_elbow=0.8601
[UPDATE] 50/200 group_reward=33.95470 group_std=18.26580 group_raw=0.54969 rollout_ret=0.53736 chunk0_ret=0.06681 chunk_last_ret=0.00401
[REWARD_SCALE] live_steps=23.74 min=7 p50=24 p95=24 max=24 survive=0.92126 per_step=0.02264 per_second=1.132 episode30s_projection=33.95
[OBJECTIVE] obj_mean=0.53736 obj_std=0.29138 obj_min=-0.56815 obj_max=1.58207 raw_mean=0.54969 raw_std=0.28767 raw_min=-0.56815 raw_max=1.58207 score_mean=0.02261 rtg_mean=-34.67151 grpo_score=-0.00713 early_penalty=0.54448
[PHASE] start_mean=878.52 start_min=131 start_max=1422 fail_rel_mean=19.68
[CHUNK_REWARD] obj_first=0.06681 obj_mid=0.01930 obj_last=0.00123 raw_first=0.06681 raw_mid=0.01942 raw_last=0.00401
[POLICY] loss=-0.00610 policy_loss=-0.00610 value_loss=0.00000 entropy=0.00000 kl=0.01264 step_ratio=0.9996 step_clip=0.0665 post_ratio=0.9917 post_clip=0.1016 grad=0.21321 lr=0.001000 critic_lr=0.000000 sde_steps=4 opt_steps=20
[POLICY_DETAIL] samples=194467 mb=48616 micro_mb=8192 micro_steps=120 batch_ratio=0.9998 batch_min=0.1936 batch_max=4.3068 post_ratio=0.9917 post_min=0.4241 post_max=1.8797 post_clip=0.1016 logp_delta_abs=0.11608 post_logp_delta_abs=0.14939 post_kl=0.01883 old_logp=-15.72820 new_logp=-15.74086 adv_abs=0.75021 grpo_adv_abs=0.75021 valid=0.98911
[TRAIN] mean_reward=3.74907 mean_len=186.92 recent_eps=100 completed_eps=291181
[UPDATE_EFFECT] action_delta=0.02586747 param_rms_delta=0.00196940
[TIME] collect=14.120s update=0.997s
[DONE] timeout=0.00000 anchor_pos=0.00000 anchor_ori=0.00000 ee_body=0.00000
[DONE_ROLLOUT] timeout=0.00000 anchor_pos=0.03235 anchor_ori=0.00037 ee_body=0.05078
[FIRST_FAILURE] chunk_mean=19.68 chunk_min=6 chunk_max=23 phase_mean=918.15 phase_min=362 phase_max=1444 anchor_pos=0.03235 anchor_ori=0.00037 ee_body=0.05078 timeout=0.00000
[TRACK_CHUNK0] anchor_pos=0.97606 anchor_ori=0.82579 body_pos=0.97602 body_ori=0.79593 body_lin=0.54695 body_ang=0.02083
[TRACK_ROLLOUT] anchor_pos=0.80135 anchor_ori=0.45001 body_pos=0.85286 body_ori=0.15170 body_lin=0.47977 body_ang=0.06131
[TRAIN_COST] action_rate=22.36356 joint_torque=3083.68018 joint_limit=0.00227 undesired_contacts=0.76746
[REWARD_WEIGHTED] pos=0.11887 penalty=-0.05206 total=0.06681 act_rate=-0.04473 torque=-0.00062 contacts=-0.00153
[ACT_SUMMARY] abs_mean=0.6938 abs_p95=1.7315 abs_p99=2.3929 abs_max=3.7997 abs_max_all=4.0460 legs=0.6300 waist=0.7468 arms=0.7372 first=0.6938 last=0.7126 latent_abs=0.7350 latent_max=5.6235
[TRAIN_BODY] torso_ori=6.18deg l_wrist_ori=13.00deg r_wrist_ori=14.23deg l_elbow_ori=11.74deg r_elbow_ori=12.64deg l_shoulder_ori=8.76deg r_shoulder_ori=10.16deg
[TRAIN_ANG] torso=2.621 l_wrist=8.824 r_wrist=11.252 l_elbow=8.056 r_elbow=9.734 l_shoulder=4.690 r_shoulder=6.892
[TRAIN_ACT] l_wrist_r=0.5847 l_wrist_p=0.6125 l_wrist_y=0.6068 r_wrist_r=0.5593 r_wrist_p=0.6045 r_wrist_y=0.6154 l_elbow=0.7061 r_elbow=0.8727
[CHECKPOINT] saved /home/y/my_mimic_mixgrpo_h1/runs/mixgrpo_u200_h24_tail100/checkpoints/update_0050.pt
[UPDATE] 51/200 group_reward=34.14279 group_std=18.18289 group_raw=0.55177 rollout_ret=0.54099 chunk0_ret=0.06655 chunk_last_ret=0.00441
[REWARD_SCALE] live_steps=23.77 min=8 p50=24 p95=24 max=24 survive=0.92517 per_step=0.02276 per_second=1.138 episode30s_projection=34.14
[OBJECTIVE] obj_mean=0.54099 obj_std=0.29082 obj_min=-0.32824 obj_max=1.63904 raw_mean=0.55177 raw_std=0.28622 raw_min=-0.32824 raw_max=1.63904 score_mean=0.02272 rtg_mean=-34.22407 grpo_score=0.05653 early_penalty=0.48447
[PHASE] start_mean=881.02 start_min=0 start_max=1433 fail_rel_mean=19.89
[CHUNK_REWARD] obj_first=0.06655 obj_mid=0.01940 obj_last=0.00164 raw_first=0.06655 raw_mid=0.01952 raw_last=0.00441
[POLICY] loss=-0.00590 policy_loss=-0.00590 value_loss=0.00000 entropy=0.00000 kl=0.01312 step_ratio=0.9996 step_clip=0.0710 post_ratio=0.9983 post_clip=0.1094 grad=0.23103 lr=0.001000 critic_lr=0.000000 sde_steps=4 opt_steps=20
[POLICY_DETAIL] samples=194703 mb=48675 micro_mb=8192 micro_steps=120 batch_ratio=0.9998 batch_min=0.1186 batch_max=5.3044 post_ratio=0.9983 post_min=0.3126 post_max=1.8510 post_clip=0.1094 logp_delta_abs=0.11709 post_logp_delta_abs=0.14676 post_kl=0.01942 old_logp=-15.72252 new_logp=-15.73569 adv_abs=0.75020 grpo_adv_abs=0.75020 valid=0.99031
[TRAIN] mean_reward=4.29412 mean_len=221.71 recent_eps=100 completed_eps=291794
[UPDATE_EFFECT] action_delta=0.02575352 param_rms_delta=0.00198697
[TIME] collect=14.255s update=0.987s
[DONE] timeout=0.00000 anchor_pos=0.00000 anchor_ori=0.00000 ee_body=0.00000
[DONE_ROLLOUT] timeout=0.00000 anchor_pos=0.02893 anchor_ori=0.00085 ee_body=0.05115
[FIRST_FAILURE] chunk_mean=19.89 chunk_min=7 chunk_max=23 phase_mean=915.81 phase_min=371 phase_max=1347 anchor_pos=0.02893 anchor_ori=0.00085 ee_body=0.05115 timeout=0.00000
[TRACK_CHUNK0] anchor_pos=0.97623 anchor_ori=0.81904 body_pos=0.97603 body_ori=0.79548 body_lin=0.54518 body_ang=0.02127
[TRACK_ROLLOUT] anchor_pos=0.80400 anchor_ori=0.44794 body_pos=0.85425 body_ori=0.15159 body_lin=0.47958 body_ang=0.06060
[TRAIN_COST] action_rate=22.36698 joint_torque=3076.19775 joint_limit=0.00234 undesired_contacts=0.79065
[REWARD_WEIGHTED] pos=0.11857 penalty=-0.05202 total=0.06655 act_rate=-0.04473 torque=-0.00062 contacts=-0.00158
[ACT_SUMMARY] abs_mean=0.6935 abs_p95=1.7330 abs_p99=2.3852 abs_max=3.7064 abs_max_all=4.0731 legs=0.6311 waist=0.7432 arms=0.7365 first=0.6935 last=0.7114 latent_abs=0.7349 latent_max=5.7030
[TRAIN_BODY] torso_ori=6.36deg l_wrist_ori=13.13deg r_wrist_ori=14.18deg l_elbow_ori=11.75deg r_elbow_ori=12.69deg l_shoulder_ori=8.82deg r_shoulder_ori=9.86deg
[TRAIN_ANG] torso=2.572 l_wrist=9.055 r_wrist=11.003 l_elbow=8.249 r_elbow=9.534 l_shoulder=4.707 r_shoulder=6.813
[TRAIN_ACT] l_wrist_r=0.5843 l_wrist_p=0.6047 l_wrist_y=0.6107 r_wrist_r=0.5553 r_wrist_p=0.6005 r_wrist_y=0.6267 l_elbow=0.7194 r_elbow=0.8761
[UPDATE] 52/200 group_reward=34.55261 group_std=18.04409 group_raw=0.55749 rollout_ret=0.54847 chunk0_ret=0.06662 chunk_last_ret=0.00398
[REWARD_SCALE] live_steps=23.81 min=8 p50=24 p95=24 max=24 survive=0.93262 per_step=0.02304 per_second=1.152 episode30s_projection=34.55
[OBJECTIVE] obj_mean=0.54847 obj_std=0.28863 obj_min=-0.37094 obj_max=1.59364 raw_mean=0.55749 raw_std=0.28371 raw_min=-0.35569 raw_max=1.59364 score_mean=0.02299 rtg_mean=-34.06140 grpo_score=0.15327 early_penalty=0.39520
[PHASE] start_mean=883.00 start_min=112 start_max=1414 fail_rel_mean=20.18
[CHUNK_REWARD] obj_first=0.06662 obj_mid=0.02005 obj_last=0.00144 raw_first=0.06662 raw_mid=0.02008 raw_last=0.00398
[POLICY] loss=-0.00597 policy_loss=-0.00597 value_loss=0.00000 entropy=0.00000 kl=0.01283 step_ratio=0.9995 step_clip=0.0680 post_ratio=1.0000 post_clip=0.0791 grad=0.22373 lr=0.001000 critic_lr=0.000000 sde_steps=4 opt_steps=20
[POLICY_DETAIL] samples=195054 mb=48763 micro_mb=8192 micro_steps=120 batch_ratio=0.9996 batch_min=0.2346 batch_max=4.7983 post_ratio=1.0000 post_min=0.4940 post_max=1.9114 post_clip=0.0791 logp_delta_abs=0.11676 post_logp_delta_abs=0.13529 post_kl=0.01549 old_logp=-15.73262 new_logp=-15.74574 adv_abs=0.74931 grpo_adv_abs=0.74931 valid=0.99210
[TRAIN] mean_reward=4.78306 mean_len=244.87 recent_eps=100 completed_eps=292348
[UPDATE_EFFECT] action_delta=0.02406679 param_rms_delta=0.00197606
[TIME] collect=14.182s update=1.004s
[DONE] timeout=0.00000 anchor_pos=0.00000 anchor_ori=0.00000 ee_body=0.00000
[DONE_ROLLOUT] timeout=0.00000 anchor_pos=0.02979 anchor_ori=0.00061 ee_body=0.04236
[FIRST_FAILURE] chunk_mean=20.18 chunk_min=7 chunk_max=23 phase_mean=911.51 phase_min=353 phase_max=1317 anchor_pos=0.02979 anchor_ori=0.00061 ee_body=0.04236 timeout=0.00000
[TRACK_CHUNK0] anchor_pos=0.97599 anchor_ori=0.81915 body_pos=0.97596 body_ori=0.79875 body_lin=0.54494 body_ang=0.02050
[TRACK_ROLLOUT] anchor_pos=0.80437 anchor_ori=0.44637 body_pos=0.85419 body_ori=0.15098 body_lin=0.48112 body_ang=0.06166
[TRAIN_COST] action_rate=22.45774 joint_torque=3114.83423 joint_limit=0.00218 undesired_contacts=0.71240
[REWARD_WEIGHTED] pos=0.11861 penalty=-0.05199 total=0.06662 act_rate=-0.04492 torque=-0.00062 contacts=-0.00142
[ACT_SUMMARY] abs_mean=0.6944 abs_p95=1.7386 abs_p99=2.3904 abs_max=3.7899 abs_max_all=4.1077 legs=0.6321 waist=0.7446 arms=0.7371 first=0.6944 last=0.7144 latent_abs=0.7363 latent_max=5.8077
[TRAIN_BODY] torso_ori=6.18deg l_wrist_ori=12.76deg r_wrist_ori=14.08deg l_elbow_ori=11.40deg r_elbow_ori=12.70deg l_shoulder_ori=8.59deg r_shoulder_ori=9.90deg
[TRAIN_ANG] torso=2.612 l_wrist=8.890 r_wrist=11.128 l_elbow=8.051 r_elbow=9.628 l_shoulder=4.583 r_shoulder=7.083
[TRAIN_ACT] l_wrist_r=0.5863 l_wrist_p=0.6000 l_wrist_y=0.5954 r_wrist_r=0.5566 r_wrist_p=0.5996 r_wrist_y=0.6176 l_elbow=0.7035 r_elbow=0.8929
[UPDATE] 53/200 group_reward=34.82784 group_std=18.18932 group_raw=0.56175 rollout_ret=0.55305 chunk0_ret=0.06669 chunk_last_ret=0.00372
[REWARD_SCALE] live_steps=23.82 min=7 p50=24 p95=24 max=24 survive=0.93774 per_step=0.02322 per_second=1.161 episode30s_projection=34.83
[OBJECTIVE] obj_mean=0.55305 obj_std=0.29084 obj_min=-0.39860 obj_max=1.75379 raw_mean=0.56175 raw_std=0.28570 raw_min=-0.39860 raw_max=1.75379 score_mean=0.02317 rtg_mean=-33.98576 grpo_score=0.17641 early_penalty=0.37664
[PHASE] start_mean=885.77 start_min=9 start_max=1433 fail_rel_mean=20.10
[CHUNK_REWARD] obj_first=0.06669 obj_mid=0.02036 obj_last=0.00148 raw_first=0.06669 raw_mid=0.02041 raw_last=0.00372
[POLICY] loss=-0.00613 policy_loss=-0.00613 value_loss=0.00000 entropy=0.00000 kl=0.01286 step_ratio=0.9995 step_clip=0.0686 post_ratio=0.9949 post_clip=0.0732 grad=0.22543 lr=0.001000 critic_lr=0.000000 sde_steps=4 opt_steps=20
[POLICY_DETAIL] samples=195127 mb=48781 micro_mb=8192 micro_steps=120 batch_ratio=0.9998 batch_min=0.1770 batch_max=4.0338 post_ratio=0.9949 post_min=0.4004 post_max=1.9150 post_clip=0.0732 logp_delta_abs=0.11674 post_logp_delta_abs=0.13463 post_kl=0.01599 old_logp=-15.72840 new_logp=-15.74131 adv_abs=0.74997 grpo_adv_abs=0.74997 valid=0.99247
[TRAIN] mean_reward=5.11621 mean_len=250.22 recent_eps=100 completed_eps=292858
[UPDATE_EFFECT] action_delta=0.02218976 param_rms_delta=0.00199114
[TIME] collect=14.100s update=1.005s
[DONE] timeout=0.00000 anchor_pos=0.00000 anchor_ori=0.00000 ee_body=0.00000
[DONE_ROLLOUT] timeout=0.00000 anchor_pos=0.02917 anchor_ori=0.00012 ee_body=0.03784
[FIRST_FAILURE] chunk_mean=20.10 chunk_min=6 chunk_max=23 phase_mean=908.80 phase_min=277 phase_max=1232 anchor_pos=0.02917 anchor_ori=0.00012 ee_body=0.03784 timeout=0.00000
[TRACK_CHUNK0] anchor_pos=0.97657 anchor_ori=0.82801 body_pos=0.97631 body_ori=0.79890 body_lin=0.53945 body_ang=0.01987
[TRACK_ROLLOUT] anchor_pos=0.79806 anchor_ori=0.46054 body_pos=0.85348 body_ori=0.15013 body_lin=0.47527 body_ang=0.06075
[TRAIN_COST] action_rate=22.51494 joint_torque=3124.95410 joint_limit=0.00227 undesired_contacts=0.73730
[REWARD_WEIGHTED] pos=0.11887 penalty=-0.05219 total=0.06669 act_rate=-0.04503 torque=-0.00062 contacts=-0.00147
[ACT_SUMMARY] abs_mean=0.6958 abs_p95=1.7396 abs_p99=2.4065 abs_max=3.7238 abs_max_all=4.1176 legs=0.6346 waist=0.7501 arms=0.7367 first=0.6958 last=0.7171 latent_abs=0.7395 latent_max=5.8383
[TRAIN_BODY] torso_ori=6.06deg l_wrist_ori=12.85deg r_wrist_ori=13.95deg l_elbow_ori=11.65deg r_elbow_ori=12.57deg l_shoulder_ori=8.62deg r_shoulder_ori=9.94deg
[TRAIN_ANG] torso=2.605 l_wrist=8.962 r_wrist=11.103 l_elbow=8.327 r_elbow=9.659 l_shoulder=4.681 r_shoulder=7.100
[TRAIN_ACT] l_wrist_r=0.5833 l_wrist_p=0.5900 l_wrist_y=0.5946 r_wrist_r=0.5537 r_wrist_p=0.6050 r_wrist_y=0.6115 l_elbow=0.6915 r_elbow=0.8973
[UPDATE] 54/200 group_reward=35.52606 group_std=18.02965 group_raw=0.57228 rollout_ret=0.56460 chunk0_ret=0.06649 chunk_last_ret=0.00488
[REWARD_SCALE] live_steps=23.84 min=8 p50=24 p95=24 max=24 survive=0.94287 per_step=0.02368 per_second=1.184 episode30s_projection=35.53
[OBJECTIVE] obj_mean=0.56460 obj_std=0.28858 obj_min=-0.64552 obj_max=1.60622 raw_mean=0.57228 raw_std=0.28468 raw_min=-0.64552 raw_max=1.60622 score_mean=0.02365 rtg_mean=-34.01802 grpo_score=0.22891 early_penalty=0.33569
[PHASE] start_mean=895.27 start_min=136 start_max=1433 fail_rel_mean=20.18
[CHUNK_REWARD] obj_first=0.06649 obj_mid=0.02040 obj_last=0.00279 raw_first=0.06649 raw_mid=0.02043 raw_last=0.00488
[POLICY] loss=-0.00572 policy_loss=-0.00572 value_loss=0.00000 entropy=0.00000 kl=0.01348 step_ratio=0.9998 step_clip=0.0737 post_ratio=0.9978 post_clip=0.1143 grad=0.25161 lr=0.001000 critic_lr=0.000000 sde_steps=4 opt_steps=20
[POLICY_DETAIL] samples=195288 mb=48822 micro_mb=8192 micro_steps=120 batch_ratio=0.9997 batch_min=0.1939 batch_max=4.1474 post_ratio=0.9978 post_min=0.3770 post_max=2.6774 post_clip=0.1143 logp_delta_abs=0.11887 post_logp_delta_abs=0.15520 post_kl=0.02190 old_logp=-15.72296 new_logp=-15.73662 adv_abs=0.75024 grpo_adv_abs=0.75024 valid=0.99329
[TRAIN] mean_reward=4.92121 mean_len=237.75 recent_eps=100 completed_eps=293326
[UPDATE_EFFECT] action_delta=0.02776784 param_rms_delta=0.00196454
[TIME] collect=14.227s update=0.993s
[DONE] timeout=0.00000 anchor_pos=0.00000 anchor_ori=0.00000 ee_body=0.00000
[DONE_ROLLOUT] timeout=0.00000 anchor_pos=0.02588 anchor_ori=0.00085 ee_body=0.03442
[FIRST_FAILURE] chunk_mean=20.18 chunk_min=7 chunk_max=23 phase_mean=935.17 phase_min=265 phase_max=1412 anchor_pos=0.02588 anchor_ori=0.00085 ee_body=0.03442 timeout=0.00000
[TRACK_CHUNK0] anchor_pos=0.97643 anchor_ori=0.82762 body_pos=0.97631 body_ori=0.79644 body_lin=0.54568 body_ang=0.02038
[TRACK_ROLLOUT] anchor_pos=0.80048 anchor_ori=0.45912 body_pos=0.85472 body_ori=0.14870 body_lin=0.47994 body_ang=0.06214
[TRAIN_COST] action_rate=22.50964 joint_torque=3088.92212 joint_limit=0.00221 undesired_contacts=0.77734
[REWARD_WEIGHTED] pos=0.11894 penalty=-0.05244 total=0.06649 act_rate=-0.04502 torque=-0.00062 contacts=-0.00155
[ACT_SUMMARY] abs_mean=0.6946 abs_p95=1.7414 abs_p99=2.4094 abs_max=3.6731 abs_max_all=3.9981 legs=0.6322 waist=0.7462 arms=0.7371 first=0.6946 last=0.7166 latent_abs=0.7391 latent_max=5.4879
[TRAIN_BODY] torso_ori=6.18deg l_wrist_ori=12.78deg r_wrist_ori=14.29deg l_elbow_ori=11.62deg r_elbow_ori=12.72deg l_shoulder_ori=8.65deg r_shoulder_ori=10.10deg
[TRAIN_ANG] torso=2.587 l_wrist=8.799 r_wrist=11.130 l_elbow=8.165 r_elbow=9.660 l_shoulder=4.527 r_shoulder=7.071
[TRAIN_ACT] l_wrist_r=0.5854 l_wrist_p=0.5928 l_wrist_y=0.5836 r_wrist_r=0.5475 r_wrist_p=0.6122 r_wrist_y=0.6098 l_elbow=0.7002 r_elbow=0.8987
[UPDATE] 55/200 group_reward=36.59642 group_std=17.99710 group_raw=0.58960 rollout_ret=0.58144 chunk0_ret=0.06672 chunk_last_ret=0.00546
[REWARD_SCALE] live_steps=23.83 min=9 p50=24 p95=24 max=24 survive=0.94495 per_step=0.02440 per_second=1.220 episode30s_projection=36.60
[OBJECTIVE] obj_mean=0.58144 obj_std=0.28779 obj_min=-0.46582 obj_max=1.60425 raw_mean=0.58960 raw_std=0.28369 raw_min=-0.46582 raw_max=1.60425 score_mean=0.02436 rtg_mean=-33.60474 grpo_score=0.23151 early_penalty=0.34993
[PHASE] start_mean=884.90 start_min=46 start_max=1432 fail_rel_mean=19.95
[CHUNK_REWARD] obj_first=0.06672 obj_mid=0.02142 obj_last=0.00348 raw_first=0.06672 raw_mid=0.02147 raw_last=0.00546
[POLICY] loss=-0.00564 policy_loss=-0.00564 value_loss=0.00000 entropy=0.00000 kl=0.01365 step_ratio=0.9997 step_clip=0.0743 post_ratio=1.0001 post_clip=0.0742 grad=0.24498 lr=0.001000 critic_lr=0.000000 sde_steps=4 opt_steps=20
[POLICY_DETAIL] samples=195232 mb=48808 micro_mb=8192 micro_steps=120 batch_ratio=0.9996 batch_min=0.1985 batch_max=6.3830 post_ratio=1.0001 post_min=0.4456 post_max=1.6679 post_clip=0.0742 logp_delta_abs=0.12029 post_logp_delta_abs=0.12370 post_kl=0.01385 old_logp=-15.73046 new_logp=-15.74431 adv_abs=0.75059 grpo_adv_abs=0.75059 valid=0.99300
[TRAIN] mean_reward=5.06778 mean_len=250.39 recent_eps=100 completed_eps=293777
[UPDATE_EFFECT] action_delta=0.02377989 param_rms_delta=0.00196291
[TIME] collect=14.189s update=0.987s
[DONE] timeout=0.00000 anchor_pos=0.00000 anchor_ori=0.00000 ee_body=0.00000
[DONE_ROLLOUT] timeout=0.00000 anchor_pos=0.02368 anchor_ori=0.00000 ee_body=0.03540
[FIRST_FAILURE] chunk_mean=19.95 chunk_min=8 chunk_max=23 phase_mean=914.61 phase_min=340 phase_max=1251 anchor_pos=0.02368 anchor_ori=0.00000 ee_body=0.03540 timeout=0.00000
[TRACK_CHUNK0] anchor_pos=0.97616 anchor_ori=0.82613 body_pos=0.97652 body_ori=0.79822 body_lin=0.54628 body_ang=0.02040
[TRACK_ROLLOUT] anchor_pos=0.80054 anchor_ori=0.47300 body_pos=0.85655 body_ori=0.15110 body_lin=0.47910 body_ang=0.06167
[TRAIN_COST] action_rate=22.43249 joint_torque=3126.42285 joint_limit=0.00235 undesired_contacts=0.74744
[REWARD_WEIGHTED] pos=0.11892 penalty=-0.05220 total=0.06672 act_rate=-0.04486 torque=-0.00063 contacts=-0.00149
[ACT_SUMMARY] abs_mean=0.6949 abs_p95=1.7384 abs_p99=2.3865 abs_max=3.6384 abs_max_all=3.9698 legs=0.6358 waist=0.7391 arms=0.7361 first=0.6949 last=0.7200 latent_abs=0.7405 latent_max=5.4102
[TRAIN_BODY] torso_ori=6.20deg l_wrist_ori=13.06deg r_wrist_ori=13.91deg l_elbow_ori=11.89deg r_elbow_ori=12.41deg l_shoulder_ori=8.63deg r_shoulder_ori=10.04deg
[TRAIN_ANG] torso=2.557 l_wrist=8.953 r_wrist=10.982 l_elbow=8.258 r_elbow=9.441 l_shoulder=4.632 r_shoulder=7.036
[TRAIN_ACT] l_wrist_r=0.5875 l_wrist_p=0.6061 l_wrist_y=0.5930 r_wrist_r=0.5537 r_wrist_p=0.5985 r_wrist_y=0.6168 l_elbow=0.7101 r_elbow=0.8966
[UPDATE] 56/200 group_reward=36.60084 group_std=17.83128 group_raw=0.58951 rollout_ret=0.58134 chunk0_ret=0.06633 chunk_last_ret=0.00514
[REWARD_SCALE] live_steps=23.82 min=6 p50=24 p95=24 max=24 survive=0.94128 per_step=0.02440 per_second=1.220 episode30s_projection=36.60
[OBJECTIVE] obj_mean=0.58134 obj_std=0.28547 obj_min=-0.48455 obj_max=1.56088 raw_mean=0.58951 raw_std=0.28208 raw_min=-0.48455 raw_max=1.56088 score_mean=0.02438 rtg_mean=-33.96586 grpo_score=0.21640 early_penalty=0.36494
[PHASE] start_mean=886.20 start_min=1 start_max=1433 fail_rel_mean=20.02
[CHUNK_REWARD] obj_first=0.06633 obj_mid=0.02159 obj_last=0.00313 raw_first=0.06633 raw_mid=0.02164 raw_last=0.00514
[POLICY] loss=-0.00546 policy_loss=-0.00546 value_loss=0.00000 entropy=0.00000 kl=0.01436 step_ratio=0.9993 step_clip=0.0800 post_ratio=0.9997 post_clip=0.0869 grad=0.27350 lr=0.001000 critic_lr=0.000000 sde_steps=4 opt_steps=20
[POLICY_DETAIL] samples=195173 mb=48793 micro_mb=8192 micro_steps=120 batch_ratio=0.9995 batch_min=0.1740 batch_max=5.8171 post_ratio=0.9997 post_min=0.4164 post_max=1.8606 post_clip=0.0869 logp_delta_abs=0.12341 post_logp_delta_abs=0.13804 post_kl=0.01692 old_logp=-15.73209 new_logp=-15.74674 adv_abs=0.75020 grpo_adv_abs=0.75020 valid=0.99270
[TRAIN] mean_reward=5.33739 mean_len=245.07 recent_eps=100 completed_eps=294258
[UPDATE_EFFECT] action_delta=0.02620145 param_rms_delta=0.00200137
[TIME] collect=14.156s update=0.968s
[DONE] timeout=0.00000 anchor_pos=0.00000 anchor_ori=0.00000 ee_body=0.00000
[DONE_ROLLOUT] timeout=0.00000 anchor_pos=0.02258 anchor_ori=0.00012 ee_body=0.03967
[FIRST_FAILURE] chunk_mean=20.02 chunk_min=5 chunk_max=23 phase_mean=911.21 phase_min=50 phase_max=1265 anchor_pos=0.02258 anchor_ori=0.00012 ee_body=0.03967 timeout=0.00000
[TRACK_CHUNK0] anchor_pos=0.97615 anchor_ori=0.82567 body_pos=0.97639 body_ori=0.79899 body_lin=0.54526 body_ang=0.02010
[TRACK_ROLLOUT] anchor_pos=0.80041 anchor_ori=0.46848 body_pos=0.85525 body_ori=0.15090 body_lin=0.47781 body_ang=0.06184
[TRAIN_COST] action_rate=22.55404 joint_torque=3127.10938 joint_limit=0.00219 undesired_contacts=0.75610
[REWARD_WEIGHTED] pos=0.11889 penalty=-0.05256 total=0.06633 act_rate=-0.04511 torque=-0.00063 contacts=-0.00151
[ACT_SUMMARY] abs_mean=0.6958 abs_p95=1.7431 abs_p99=2.3994 abs_max=3.7031 abs_max_all=4.0574 legs=0.6360 waist=0.7388 arms=0.7379 first=0.6958 last=0.7233 latent_abs=0.7426 latent_max=5.6567
[TRAIN_BODY] torso_ori=6.15deg l_wrist_ori=12.83deg r_wrist_ori=14.05deg l_elbow_ori=11.55deg r_elbow_ori=12.50deg l_shoulder_ori=8.55deg r_shoulder_ori=9.91deg
[TRAIN_ANG] torso=2.552 l_wrist=8.910 r_wrist=10.999 l_elbow=8.316 r_elbow=9.560 l_shoulder=4.552 r_shoulder=7.004
[TRAIN_ACT] l_wrist_r=0.5887 l_wrist_p=0.5982 l_wrist_y=0.5954 r_wrist_r=0.5522 r_wrist_p=0.6074 r_wrist_y=0.6001 l_elbow=0.7093 r_elbow=0.8873
[UPDATE] 57/200 group_reward=37.69733 group_std=17.87693 group_raw=0.60710 rollout_ret=0.59879 chunk0_ret=0.06610 chunk_last_ret=0.00623
[REWARD_SCALE] live_steps=23.83 min=11 p50=24 p95=24 max=24 survive=0.94629 per_step=0.02513 per_second=1.257 episode30s_projection=37.70
[OBJECTIVE] obj_mean=0.59879 obj_std=0.28579 obj_min=-0.39125 obj_max=1.62399 raw_mean=0.60710 raw_std=0.28324 raw_min=-0.39125 raw_max=1.62399 score_mean=0.02512 rtg_mean=-33.18296 grpo_score=0.23716 early_penalty=0.36163
[PHASE] start_mean=895.09 start_min=82 start_max=1433 fail_rel_mean=19.77
[CHUNK_REWARD] obj_first=0.06610 obj_mid=0.02251 obj_last=0.00431 raw_first=0.06610 raw_mid=0.02257 raw_last=0.00623
[POLICY] loss=-0.00590 policy_loss=-0.00590 value_loss=0.00000 entropy=0.00000 kl=0.01369 step_ratio=0.9996 step_clip=0.0745 post_ratio=0.9909 post_clip=0.0820 grad=0.25046 lr=0.001000 critic_lr=0.000000 sde_steps=4 opt_steps=20
[POLICY_DETAIL] samples=195186 mb=48796 micro_mb=8192 micro_steps=120 batch_ratio=0.9997 batch_min=0.1615 batch_max=5.1922 post_ratio=0.9909 post_min=0.4768 post_max=1.9014 post_clip=0.0820 logp_delta_abs=0.12063 post_logp_delta_abs=0.13822 post_kl=0.01696 old_logp=-15.72839 new_logp=-15.74217 adv_abs=0.75273 grpo_adv_abs=0.75273 valid=0.99277
[TRAIN] mean_reward=5.27343 mean_len=242.53 recent_eps=100 completed_eps=294698
[UPDATE_EFFECT] action_delta=0.02409467 param_rms_delta=0.00200660
[TIME] collect=14.254s update=1.003s
[DONE] timeout=0.00000 anchor_pos=0.00000 anchor_ori=0.00000 ee_body=0.00000
[DONE_ROLLOUT] timeout=0.00000 anchor_pos=0.01807 anchor_ori=0.00012 ee_body=0.03979
[FIRST_FAILURE] chunk_mean=19.77 chunk_min=10 chunk_max=23 phase_mean=901.95 phase_min=264 phase_max=1323 anchor_pos=0.01807 anchor_ori=0.00012 ee_body=0.03979 timeout=0.00000
[TRACK_CHUNK0] anchor_pos=0.97614 anchor_ori=0.82675 body_pos=0.97619 body_ori=0.79641 body_lin=0.54760 body_ang=0.01990
[TRACK_ROLLOUT] anchor_pos=0.80623 anchor_ori=0.47560 body_pos=0.85869 body_ori=0.14871 body_lin=0.48180 body_ang=0.06201
[TRAIN_COST] action_rate=22.67394 joint_torque=3117.35303 joint_limit=0.00228 undesired_contacts=0.75183
[REWARD_WEIGHTED] pos=0.11892 penalty=-0.05282 total=0.06610 act_rate=-0.04535 torque=-0.00062 contacts=-0.00150
[ACT_SUMMARY] abs_mean=0.6978 abs_p95=1.7462 abs_p99=2.4178 abs_max=3.7335 abs_max_all=3.9879 legs=0.6391 waist=0.7423 arms=0.7386 first=0.6978 last=0.7213 latent_abs=0.7428 latent_max=5.4596
[TRAIN_BODY] torso_ori=6.17deg l_wrist_ori=12.87deg r_wrist_ori=14.12deg l_elbow_ori=11.75deg r_elbow_ori=12.67deg l_shoulder_ori=8.72deg r_shoulder_ori=10.04deg
[TRAIN_ANG] torso=2.571 l_wrist=8.848 r_wrist=11.199 l_elbow=8.267 r_elbow=9.773 l_shoulder=4.663 r_shoulder=7.063
[TRAIN_ACT] l_wrist_r=0.5893 l_wrist_p=0.6029 l_wrist_y=0.5911 r_wrist_r=0.5538 r_wrist_p=0.5996 r_wrist_y=0.6094 l_elbow=0.7061 r_elbow=0.8790
[UPDATE] 58/200 group_reward=38.84835 group_std=17.36543 group_raw=0.62499 rollout_ret=0.61741 chunk0_ret=0.06557 chunk_last_ret=0.00741
[REWARD_SCALE] live_steps=23.84 min=7 p50=24 p95=24 max=24 survive=0.95056 per_step=0.02590 per_second=1.295 episode30s_projection=38.85
[OBJECTIVE] obj_mean=0.61741 obj_std=0.27854 obj_min=-0.37697 obj_max=1.56289 raw_mean=0.62499 raw_std=0.27464 raw_min=-0.31735 raw_max=1.56289 score_mean=0.02587 rtg_mean=-33.09086 grpo_score=0.28222 early_penalty=0.33518
[PHASE] start_mean=898.81 start_min=21 start_max=1406 fail_rel_mean=19.75
[CHUNK_REWARD] obj_first=0.06557 obj_mid=0.02353 obj_last=0.00569 raw_first=0.06557 raw_mid=0.02358 raw_last=0.00741
[POLICY] loss=-0.00517 policy_loss=-0.00517 value_loss=0.00000 entropy=0.00000 kl=0.01504 step_ratio=0.9996 step_clip=0.0857 post_ratio=1.0047 post_clip=0.1191 grad=0.28654 lr=0.001000 critic_lr=0.000000 sde_steps=4 opt_steps=20
[POLICY_DETAIL] samples=195290 mb=48822 micro_mb=8192 micro_steps=120 batch_ratio=0.9997 batch_min=0.1177 batch_max=5.1271 post_ratio=1.0047 post_min=0.2683 post_max=2.2500 post_clip=0.1191 logp_delta_abs=0.12567 post_logp_delta_abs=0.15480 post_kl=0.02069 old_logp=-15.73088 new_logp=-15.74597 adv_abs=0.74949 grpo_adv_abs=0.74949 valid=0.99330
[TRAIN] mean_reward=6.46140 mean_len=289.41 recent_eps=100 completed_eps=295103
[UPDATE_EFFECT] action_delta=0.02874675 param_rms_delta=0.00197749
[TIME] collect=14.036s update=0.999s
[DONE] timeout=0.00000 anchor_pos=0.00000 anchor_ori=0.00000 ee_body=0.00000
[DONE_ROLLOUT] timeout=0.00000 anchor_pos=0.01843 anchor_ori=0.00012 ee_body=0.03479
[FIRST_FAILURE] chunk_mean=19.75 chunk_min=6 chunk_max=23 phase_mean=943.76 phase_min=74 phase_max=1262 anchor_pos=0.01843 anchor_ori=0.00012 ee_body=0.03479 timeout=0.00000
[TRACK_CHUNK0] anchor_pos=0.97579 anchor_ori=0.82047 body_pos=0.97625 body_ori=0.79781 body_lin=0.54404 body_ang=0.01908
[TRACK_ROLLOUT] anchor_pos=0.80862 anchor_ori=0.48491 body_pos=0.85927 body_ori=0.14795 body_lin=0.48351 body_ang=0.06243
[TRAIN_COST] action_rate=22.76144 joint_torque=3162.87671 joint_limit=0.00225 undesired_contacts=0.77380
[REWARD_WEIGHTED] pos=0.11859 penalty=-0.05302 total=0.06557 act_rate=-0.04552 torque=-0.00063 contacts=-0.00155
[ACT_SUMMARY] abs_mean=0.6990 abs_p95=1.7508 abs_p99=2.4244 abs_max=3.6389 abs_max_all=4.2131 legs=0.6405 waist=0.7436 arms=0.7396 first=0.6990 last=0.7223 latent_abs=0.7446 latent_max=6.1507
[TRAIN_BODY] torso_ori=6.25deg l_wrist_ori=12.84deg r_wrist_ori=14.13deg l_elbow_ori=11.69deg r_elbow_ori=12.58deg l_shoulder_ori=8.77deg r_shoulder_ori=10.12deg
[TRAIN_ANG] torso=2.606 l_wrist=8.912 r_wrist=11.211 l_elbow=8.303 r_elbow=9.829 l_shoulder=4.675 r_shoulder=7.049
[TRAIN_ACT] l_wrist_r=0.5899 l_wrist_p=0.5992 l_wrist_y=0.5883 r_wrist_r=0.5642 r_wrist_p=0.5988 r_wrist_y=0.6071 l_elbow=0.6965 r_elbow=0.8853
[UPDATE] 59/200 group_reward=38.59504 group_std=17.49182 group_raw=0.62116 rollout_ret=0.61283 chunk0_ret=0.06623 chunk_last_ret=0.00763
[REWARD_SCALE] live_steps=23.82 min=5 p50=24 p95=24 max=24 survive=0.94873 per_step=0.02573 per_second=1.287 episode30s_projection=38.60
[OBJECTIVE] obj_mean=0.61283 obj_std=0.28047 obj_min=-0.47845 obj_max=1.62919 raw_mean=0.62116 raw_std=0.27674 raw_min=-0.43490 raw_max=1.62919 score_mean=0.02570 rtg_mean=-32.75966 grpo_score=0.23340 early_penalty=0.37944
[PHASE] start_mean=893.41 start_min=19 start_max=1414 fail_rel_mean=19.45
[CHUNK_REWARD] obj_first=0.06623 obj_mid=0.02311 obj_last=0.00586 raw_first=0.06623 raw_mid=0.02321 raw_last=0.00763
[POLICY] loss=-0.00499 policy_loss=-0.00499 value_loss=0.00000 entropy=0.00000 kl=0.01517 step_ratio=0.9994 step_clip=0.0849 post_ratio=1.0015 post_clip=0.1016 grad=0.30756 lr=0.001000 critic_lr=0.000000 sde_steps=4 opt_steps=20
[POLICY_DETAIL] samples=195116 mb=48779 micro_mb=8192 micro_steps=120 batch_ratio=0.9997 batch_min=0.1328 batch_max=6.1114 post_ratio=1.0015 post_min=0.3831 post_max=2.4047 post_clip=0.1016 logp_delta_abs=0.12612 post_logp_delta_abs=0.15057 post_kl=0.02015 old_logp=-15.73304 new_logp=-15.74834 adv_abs=0.75064 grpo_adv_abs=0.75064 valid=0.99241
[TRAIN] mean_reward=5.94068 mean_len=264.72 recent_eps=100 completed_eps=295523
[UPDATE_EFFECT] action_delta=0.02629094 param_rms_delta=0.00196585
[TIME] collect=14.160s update=0.982s
[DONE] timeout=0.00000 anchor_pos=0.00000 anchor_ori=0.00000 ee_body=0.00000
[DONE_ROLLOUT] timeout=0.00000 anchor_pos=0.01868 anchor_ori=0.00012 ee_body=0.03528
[FIRST_FAILURE] chunk_mean=19.45 chunk_min=4 chunk_max=23 phase_mean=927.60 phase_min=353 phase_max=1339 anchor_pos=0.01868 anchor_ori=0.00012 ee_body=0.03528 timeout=0.00000
[TRACK_CHUNK0] anchor_pos=0.97583 anchor_ori=0.82561 body_pos=0.97593 body_ori=0.79616 body_lin=0.54240 body_ang=0.02021
[TRACK_ROLLOUT] anchor_pos=0.80870 anchor_ori=0.48486 body_pos=0.85876 body_ori=0.14854 body_lin=0.47957 body_ang=0.06047
[TRAIN_COST] action_rate=22.59431 joint_torque=3158.32324 joint_limit=0.00207 undesired_contacts=0.77747
[REWARD_WEIGHTED] pos=0.11875 penalty=-0.05252 total=0.06623 act_rate=-0.04519 torque=-0.00063 contacts=-0.00155
[ACT_SUMMARY] abs_mean=0.6967 abs_p95=1.7427 abs_p99=2.4045 abs_max=3.7285 abs_max_all=4.0989 legs=0.6387 waist=0.7307 arms=0.7392 first=0.6967 last=0.7252 latent_abs=0.7480 latent_max=5.7806
[TRAIN_BODY] torso_ori=6.14deg l_wrist_ori=13.03deg r_wrist_ori=14.00deg l_elbow_ori=11.79deg r_elbow_ori=12.60deg l_shoulder_ori=8.72deg r_shoulder_ori=10.10deg
[TRAIN_ANG] torso=2.578 l_wrist=8.884 r_wrist=11.066 l_elbow=8.276 r_elbow=9.657 l_shoulder=4.613 r_shoulder=7.030
[TRAIN_ACT] l_wrist_r=0.5894 l_wrist_p=0.6032 l_wrist_y=0.5908 r_wrist_r=0.5544 r_wrist_p=0.6044 r_wrist_y=0.6073 l_elbow=0.7074 r_elbow=0.8594
[UPDATE] 60/200 group_reward=39.67258 group_std=17.65171 group_raw=0.63747 rollout_ret=0.63088 chunk0_ret=0.06626 chunk_last_ret=0.00831
[REWARD_SCALE] live_steps=23.85 min=8 p50=24 p95=24 max=24 survive=0.95703 per_step=0.02645 per_second=1.322 episode30s_projection=39.67
[OBJECTIVE] obj_mean=0.63088 obj_std=0.28259 obj_min=-0.36482 obj_max=1.85186 raw_mean=0.63747 raw_std=0.27962 raw_min=-0.36482 raw_max=1.85186 score_mean=0.02642 rtg_mean=-32.49323 grpo_score=0.32520 early_penalty=0.30568
[PHASE] start_mean=894.22 start_min=13 start_max=1433 fail_rel_mean=19.59
[CHUNK_REWARD] obj_first=0.06626 obj_mid=0.02417 obj_last=0.00678 raw_first=0.06626 raw_mid=0.02423 raw_last=0.00831
[POLICY] loss=-0.00552 policy_loss=-0.00552 value_loss=0.00000 entropy=0.00000 kl=0.01442 step_ratio=0.9997 step_clip=0.0791 post_ratio=0.9999 post_clip=0.0723 grad=0.27731 lr=0.001000 critic_lr=0.000000 sde_steps=4 opt_steps=20
[POLICY_DETAIL] samples=195406 mb=48851 micro_mb=8192 micro_steps=120 batch_ratio=0.9997 batch_min=0.1622 batch_max=5.3299 post_ratio=0.9999 post_min=0.4240 post_max=1.8566 post_clip=0.0723 logp_delta_abs=0.12354 post_logp_delta_abs=0.12908 post_kl=0.01496 old_logp=-15.73956 new_logp=-15.75411 adv_abs=0.75033 grpo_adv_abs=0.75033 valid=0.99389
[TRAIN] mean_reward=7.65913 mean_len=338.46 recent_eps=100 completed_eps=295875
[UPDATE_EFFECT] action_delta=0.02193529 param_rms_delta=0.00196931
[TIME] collect=14.140s update=0.984s
[DONE] timeout=0.00000 anchor_pos=0.00000 anchor_ori=0.00000 ee_body=0.00000
[DONE_ROLLOUT] timeout=0.00000 anchor_pos=0.01453 anchor_ori=0.00000 ee_body=0.03162
[FIRST_FAILURE] chunk_mean=19.59 chunk_min=7 chunk_max=23 phase_mean=964.69 phase_min=310 phase_max=1288 anchor_pos=0.01453 anchor_ori=0.00000 ee_body=0.03162 timeout=0.00000
[TRACK_CHUNK0] anchor_pos=0.97572 anchor_ori=0.82019 body_pos=0.97629 body_ori=0.79955 body_lin=0.54289 body_ang=0.02011
[TRACK_ROLLOUT] anchor_pos=0.81362 anchor_ori=0.48784 body_pos=0.85955 body_ori=0.15016 body_lin=0.48197 body_ang=0.06197
[TRAIN_COST] action_rate=22.38224 joint_torque=3189.43384 joint_limit=0.00229 undesired_contacts=0.81067
[REWARD_WEIGHTED] pos=0.11861 penalty=-0.05235 total=0.06626 act_rate=-0.04476 torque=-0.00064 contacts=-0.00162
[ACT_SUMMARY] abs_mean=0.6930 abs_p95=1.7376 abs_p99=2.3993 abs_max=3.7635 abs_max_all=4.0834 legs=0.6416 waist=0.7187 arms=0.7315 first=0.6930 last=0.7260 latent_abs=0.7480 latent_max=5.7337
[TRAIN_BODY] torso_ori=6.19deg l_wrist_ori=12.76deg r_wrist_ori=14.14deg l_elbow_ori=11.57deg r_elbow_ori=12.66deg l_shoulder_ori=8.56deg r_shoulder_ori=10.07deg
[TRAIN_ANG] torso=2.563 l_wrist=8.793 r_wrist=11.168 l_elbow=8.207 r_elbow=9.744 l_shoulder=4.587 r_shoulder=6.955
[TRAIN_ACT] l_wrist_r=0.5772 l_wrist_p=0.5973 l_wrist_y=0.5882 r_wrist_r=0.5495 r_wrist_p=0.6007 r_wrist_y=0.6101 l_elbow=0.7020 r_elbow=0.8689
[UPDATE] 61/200 group_reward=40.60144 group_std=17.21210 group_raw=0.65163 rollout_ret=0.64677 chunk0_ret=0.06612 chunk_last_ret=0.00867
[REWARD_SCALE] live_steps=23.89 min=7 p50=24 p95=24 max=24 survive=0.96692 per_step=0.02707 per_second=1.353 episode30s_projection=40.60
[OBJECTIVE] obj_mean=0.64677 obj_std=0.27597 obj_min=-0.34486 obj_max=1.74028 raw_mean=0.65163 raw_std=0.27349 raw_min=-0.34486 raw_max=1.74028 score_mean=0.02705 rtg_mean=-32.15912 grpo_score=0.42730 early_penalty=0.21947
[PHASE] start_mean=887.85 start_min=15 start_max=1433 fail_rel_mean=19.82
[CHUNK_REWARD] obj_first=0.06612 obj_mid=0.02480 obj_last=0.00748 raw_first=0.06612 raw_mid=0.02486 raw_last=0.00867
[POLICY] loss=-0.00634 policy_loss=-0.00634 value_loss=0.00000 entropy=0.00000 kl=0.01366 step_ratio=0.9997 step_clip=0.0749 post_ratio=1.0020 post_clip=0.1123 grad=0.24512 lr=0.001000 critic_lr=0.000000 sde_steps=4 opt_steps=20
[POLICY_DETAIL] samples=195745 mb=48936 micro_mb=8192 micro_steps=120 batch_ratio=0.9996 batch_min=0.1736 batch_max=4.5556 post_ratio=1.0020 post_min=0.4189 post_max=2.3374 post_clip=0.1123 logp_delta_abs=0.12079 post_logp_delta_abs=0.14976 post_kl=0.02012 old_logp=-15.72859 new_logp=-15.74245 adv_abs=0.74923 grpo_adv_abs=0.74923 valid=0.99561
[TRAIN] mean_reward=7.06682 mean_len=308.83 recent_eps=100 completed_eps=296146
[UPDATE_EFFECT] action_delta=0.02687494 param_rms_delta=0.00198966
[TIME] collect=14.107s update=1.019s
[DONE] timeout=0.00000 anchor_pos=0.00000 anchor_ori=0.00000 ee_body=0.00000
[DONE_ROLLOUT] timeout=0.00000 anchor_pos=0.01050 anchor_ori=0.00012 ee_body=0.02466
[FIRST_FAILURE] chunk_mean=19.82 chunk_min=6 chunk_max=23 phase_mean=926.31 phase_min=371 phase_max=1230 anchor_pos=0.01050 anchor_ori=0.00012 ee_body=0.02466 timeout=0.00000
[TRACK_CHUNK0] anchor_pos=0.97556 anchor_ori=0.82644 body_pos=0.97612 body_ori=0.79849 body_lin=0.54976 body_ang=0.02035
[TRACK_ROLLOUT] anchor_pos=0.81474 anchor_ori=0.49350 body_pos=0.86225 body_ori=0.14829 body_lin=0.48977 body_ang=0.06256
[TRAIN_COST] action_rate=22.67132 joint_torque=3201.42432 joint_limit=0.00215 undesired_contacts=0.73108
[REWARD_WEIGHTED] pos=0.11897 penalty=-0.05286 total=0.06612 act_rate=-0.04534 torque=-0.00064 contacts=-0.00146
[ACT_SUMMARY] abs_mean=0.6974 abs_p95=1.7443 abs_p99=2.4262 abs_max=3.7307 abs_max_all=4.1117 legs=0.6467 waist=0.7193 arms=0.7362 first=0.6974 last=0.7247 latent_abs=0.7487 latent_max=5.8201
[TRAIN_BODY] torso_ori=6.20deg l_wrist_ori=12.82deg r_wrist_ori=13.87deg l_elbow_ori=11.68deg r_elbow_ori=12.35deg l_shoulder_ori=8.64deg r_shoulder_ori=9.95deg
[TRAIN_ANG] torso=2.527 l_wrist=8.772 r_wrist=11.054 l_elbow=8.209 r_elbow=9.498 l_shoulder=4.612 r_shoulder=7.009
[TRAIN_ACT] l_wrist_r=0.5825 l_wrist_p=0.6021 l_wrist_y=0.5857 r_wrist_r=0.5517 r_wrist_p=0.6010 r_wrist_y=0.6069 l_elbow=0.6954 r_elbow=0.8507
[UPDATE] 62/200 group_reward=41.48708 group_std=17.58825 group_raw=0.66587 rollout_ret=0.66091 chunk0_ret=0.06633 chunk_last_ret=0.00975
[REWARD_SCALE] live_steps=23.90 min=5 p50=24 p95=24 max=24 survive=0.96167 per_step=0.02766 per_second=1.383 episode30s_projection=41.49
[OBJECTIVE] obj_mean=0.66091 obj_std=0.28204 obj_min=-0.42127 obj_max=1.63867 raw_mean=0.66587 raw_std=0.27968 raw_min=-0.42127 raw_max=1.63867 score_mean=0.02763 rtg_mean=-31.76631 grpo_score=0.44347 early_penalty=0.21744
[PHASE] start_mean=896.09 start_min=42 start_max=1420 fail_rel_mean=20.28
[CHUNK_REWARD] obj_first=0.06633 obj_mid=0.02587 obj_last=0.00840 raw_first=0.06633 raw_mid=0.02588 raw_last=0.00975
[POLICY] loss=-0.00585 policy_loss=-0.00585 value_loss=0.00000 entropy=0.00000 kl=0.01411 step_ratio=0.9993 step_clip=0.0777 post_ratio=0.9949 post_clip=0.1152 grad=0.26059 lr=0.001000 critic_lr=0.000000 sde_steps=4 opt_steps=20
[POLICY_DETAIL] samples=195753 mb=48938 micro_mb=8192 micro_steps=120 batch_ratio=0.9996 batch_min=0.1785 batch_max=7.4121 post_ratio=0.9949 post_min=0.4749 post_max=1.8245 post_clip=0.1152 logp_delta_abs=0.12267 post_logp_delta_abs=0.14382 post_kl=0.01784 old_logp=-15.72553 new_logp=-15.73988 adv_abs=0.74859 grpo_adv_abs=0.74859 valid=0.99565
[TRAIN] mean_reward=8.18970 mean_len=352.42 recent_eps=100 completed_eps=296460
[UPDATE_EFFECT] action_delta=0.02322843 param_rms_delta=0.00198537
[TIME] collect=14.066s update=0.995s
[DONE] timeout=0.00000 anchor_pos=0.00000 anchor_ori=0.00000 ee_body=0.00000
[DONE_ROLLOUT] timeout=0.00000 anchor_pos=0.01147 anchor_ori=0.00000 ee_body=0.02930
[FIRST_FAILURE] chunk_mean=20.28 chunk_min=4 chunk_max=23 phase_mean=950.83 phase_min=384 phase_max=1264 anchor_pos=0.01147 anchor_ori=0.00000 ee_body=0.02930 timeout=0.00000
[TRACK_CHUNK0] anchor_pos=0.97637 anchor_ori=0.82232 body_pos=0.97601 body_ori=0.79703 body_lin=0.54532 body_ang=0.01960
[TRACK_ROLLOUT] anchor_pos=0.81729 anchor_ori=0.50195 body_pos=0.86250 body_ori=0.14862 body_lin=0.48873 body_ang=0.06317
[TRAIN_COST] action_rate=22.49638 joint_torque=3221.59229 joint_limit=0.00223 undesired_contacts=0.77112
[REWARD_WEIGHTED] pos=0.11871 penalty=-0.05237 total=0.06633 act_rate=-0.04499 torque=-0.00064 contacts=-0.00154
[ACT_SUMMARY] abs_mean=0.6945 abs_p95=1.7389 abs_p99=2.4270 abs_max=3.8330 abs_max_all=4.2537 legs=0.6462 waist=0.7139 arms=0.7316 first=0.6945 last=0.7283 latent_abs=0.7512 latent_max=6.2942
[TRAIN_BODY] torso_ori=6.26deg l_wrist_ori=12.84deg r_wrist_ori=14.15deg l_elbow_ori=11.67deg r_elbow_ori=12.61deg l_shoulder_ori=8.67deg r_shoulder_ori=9.86deg
[TRAIN_ANG] torso=2.524 l_wrist=8.867 r_wrist=11.213 l_elbow=8.327 r_elbow=9.773 l_shoulder=4.636 r_shoulder=6.937
[TRAIN_ACT] l_wrist_r=0.5789 l_wrist_p=0.5976 l_wrist_y=0.5937 r_wrist_r=0.5518 r_wrist_p=0.6001 r_wrist_y=0.5942 l_elbow=0.7161 r_elbow=0.8471
[UPDATE] 63/200 group_reward=41.97542 group_std=17.20907 group_raw=0.67347 rollout_ret=0.66870 chunk0_ret=0.06566 chunk_last_ret=0.00983
[REWARD_SCALE] live_steps=23.90 min=8 p50=24 p95=24 max=24 survive=0.96826 per_step=0.02798 per_second=1.399 episode30s_projection=41.98
[OBJECTIVE] obj_mean=0.66870 obj_std=0.27579 obj_min=-0.49263 obj_max=1.64002 raw_mean=0.67347 raw_std=0.27256 raw_min=-0.49263 raw_max=1.64002 score_mean=0.02796 rtg_mean=-31.52538 grpo_score=0.45254 early_penalty=0.21617
[PHASE] start_mean=907.44 start_min=53 start_max=1422 fail_rel_mean=19.73
[CHUNK_REWARD] obj_first=0.06566 obj_mid=0.02648 obj_last=0.00857 raw_first=0.06566 raw_mid=0.02653 raw_last=0.00983
[POLICY] loss=-0.00616 policy_loss=-0.00616 value_loss=0.00000 entropy=0.00000 kl=0.01421 step_ratio=0.9995 step_clip=0.0779 post_ratio=1.0058 post_clip=0.0908 grad=0.26628 lr=0.001000 critic_lr=0.000000 sde_steps=4 opt_steps=20
[POLICY_DETAIL] samples=195758 mb=48939 micro_mb=8192 micro_steps=120 batch_ratio=0.9995 batch_min=0.1978 batch_max=5.6596 post_ratio=1.0058 post_min=0.5298 post_max=1.7627 post_clip=0.0908 logp_delta_abs=0.12345 post_logp_delta_abs=0.13495 post_kl=0.01551 old_logp=-15.72416 new_logp=-15.73870 adv_abs=0.74891 grpo_adv_abs=0.74891 valid=0.99568
[TRAIN] mean_reward=7.36613 mean_len=311.46 recent_eps=100 completed_eps=296720
[UPDATE_EFFECT] action_delta=0.02339937 param_rms_delta=0.00199757
[TIME] collect=14.100s update=1.042s
[DONE] timeout=0.00000 anchor_pos=0.00000 anchor_ori=0.00000 ee_body=0.00000
[DONE_ROLLOUT] timeout=0.00000 anchor_pos=0.00830 anchor_ori=0.00049 ee_body=0.02478
[FIRST_FAILURE] chunk_mean=19.73 chunk_min=7 chunk_max=23 phase_mean=922.10 phase_min=76 phase_max=1234 anchor_pos=0.00830 anchor_ori=0.00049 ee_body=0.02478 timeout=0.00000
[TRACK_CHUNK0] anchor_pos=0.97656 anchor_ori=0.82350 body_pos=0.97618 body_ori=0.79797 body_lin=0.54458 body_ang=0.01917
[TRACK_ROLLOUT] anchor_pos=0.82194 anchor_ori=0.50716 body_pos=0.86414 body_ori=0.14752 body_lin=0.48768 body_ang=0.06198
[TRAIN_COST] action_rate=22.80661 joint_torque=3195.35864 joint_limit=0.00230 undesired_contacts=0.76416
[REWARD_WEIGHTED] pos=0.11876 penalty=-0.05310 total=0.06566 act_rate=-0.04561 torque=-0.00064 contacts=-0.00153
[ACT_SUMMARY] abs_mean=0.6987 abs_p95=1.7547 abs_p99=2.4465 abs_max=3.7396 abs_max_all=4.2278 legs=0.6459 waist=0.7155 arms=0.7405 first=0.6987 last=0.7276 latent_abs=0.7515 latent_max=6.2020
[TRAIN_BODY] torso_ori=6.20deg l_wrist_ori=12.75deg r_wrist_ori=14.09deg l_elbow_ori=11.56deg r_elbow_ori=12.63deg l_shoulder_ori=8.74deg r_shoulder_ori=10.05deg
[TRAIN_ANG] torso=2.514 l_wrist=8.799 r_wrist=11.039 l_elbow=8.314 r_elbow=9.658 l_shoulder=4.580 r_shoulder=7.180
[TRAIN_ACT] l_wrist_r=0.5885 l_wrist_p=0.6041 l_wrist_y=0.5878 r_wrist_r=0.5471 r_wrist_p=0.6038 r_wrist_y=0.6071 l_elbow=0.6966 r_elbow=0.8433
[UPDATE] 64/200 group_reward=42.03690 group_std=17.15430 group_raw=0.67411 rollout_ret=0.67014 chunk0_ret=0.06592 chunk_last_ret=0.01056
[REWARD_SCALE] live_steps=23.91 min=7 p50=24 p95=24 max=24 survive=0.97473 per_step=0.02802 per_second=1.401 episode30s_projection=42.04
[OBJECTIVE] obj_mean=0.67014 obj_std=0.27473 obj_min=-0.32495 obj_max=1.66532 raw_mean=0.67411 raw_std=0.27214 raw_min=-0.32495 raw_max=1.66532 score_mean=0.02801 rtg_mean=-31.26609 grpo_score=0.48831 early_penalty=0.18183
[PHASE] start_mean=906.64 start_min=15 start_max=1433 fail_rel_mean=19.55
[CHUNK_REWARD] obj_first=0.06592 obj_mid=0.02661 obj_last=0.00962 raw_first=0.06592 raw_mid=0.02666 raw_last=0.01056
[POLICY] loss=-0.00619 policy_loss=-0.00619 value_loss=0.00000 entropy=0.00000 kl=0.01373 step_ratio=0.9998 step_clip=0.0745 post_ratio=0.9977 post_clip=0.1064 grad=0.25788 lr=0.001000 critic_lr=0.000000 sde_steps=4 opt_steps=20
[POLICY_DETAIL] samples=195893 mb=48973 micro_mb=8192 micro_steps=120 batch_ratio=0.9998 batch_min=0.1580 batch_max=5.1567 post_ratio=0.9977 post_min=0.3965 post_max=1.9727 post_clip=0.1064 logp_delta_abs=0.12172 post_logp_delta_abs=0.14541 post_kl=0.01820 old_logp=-15.71842 new_logp=-15.73221 adv_abs=0.75282 grpo_adv_abs=0.75282 valid=0.99636
[TRAIN] mean_reward=8.07401 mean_len=341.33 recent_eps=100 completed_eps=296927
[UPDATE_EFFECT] action_delta=0.02544814 param_rms_delta=0.00199931
[TIME] collect=14.084s update=1.035s
[DONE] timeout=0.00000 anchor_pos=0.00000 anchor_ori=0.00000 ee_body=0.00000
[DONE_ROLLOUT] timeout=0.00000 anchor_pos=0.00940 anchor_ori=0.00000 ee_body=0.01807
[FIRST_FAILURE] chunk_mean=19.55 chunk_min=6 chunk_max=23 phase_mean=922.72 phase_min=267 phase_max=1226 anchor_pos=0.00940 anchor_ori=0.00000 ee_body=0.01807 timeout=0.00000
[TRACK_CHUNK0] anchor_pos=0.97614 anchor_ori=0.82634 body_pos=0.97639 body_ori=0.79854 body_lin=0.54670 body_ang=0.01984
[TRACK_ROLLOUT] anchor_pos=0.81920 anchor_ori=0.50944 body_pos=0.86460 body_ori=0.14628 body_lin=0.48746 body_ang=0.06210
[TRAIN_COST] action_rate=22.78639 joint_torque=3178.82373 joint_limit=0.00222 undesired_contacts=0.77686
[REWARD_WEIGHTED] pos=0.11893 penalty=-0.05301 total=0.06592 act_rate=-0.04557 torque=-0.00064 contacts=-0.00155
[ACT_SUMMARY] abs_mean=0.6979 abs_p95=1.7536 abs_p99=2.4520 abs_max=3.7727 abs_max_all=4.2039 legs=0.6464 waist=0.7188 arms=0.7376 first=0.6979 last=0.7285 latent_abs=0.7527 latent_max=6.1191
[TRAIN_BODY] torso_ori=6.13deg l_wrist_ori=12.79deg r_wrist_ori=14.01deg l_elbow_ori=11.65deg r_elbow_ori=12.55deg l_shoulder_ori=8.75deg r_shoulder_ori=10.12deg
[TRAIN_ANG] torso=2.538 l_wrist=8.767 r_wrist=11.145 l_elbow=8.279 r_elbow=9.783 l_shoulder=4.596 r_shoulder=7.145
[TRAIN_ACT] l_wrist_r=0.5798 l_wrist_p=0.5967 l_wrist_y=0.5786 r_wrist_r=0.5575 r_wrist_p=0.5929 r_wrist_y=0.6044 l_elbow=0.7050 r_elbow=0.8504
[UPDATE] 65/200 group_reward=41.79436 group_std=17.30869 group_raw=0.67014 rollout_ret=0.66649 chunk0_ret=0.06551 chunk_last_ret=0.00987
[REWARD_SCALE] live_steps=23.92 min=8 p50=24 p95=24 max=24 survive=0.97412 per_step=0.02786 per_second=1.393 episode30s_projection=41.79
[OBJECTIVE] obj_mean=0.66649 obj_std=0.27734 obj_min=-0.28714 obj_max=1.72573 raw_mean=0.67014 raw_std=0.27503 raw_min=-0.27389 raw_max=1.72573 score_mean=0.02785 rtg_mean=-30.96198 grpo_score=0.50016 early_penalty=0.16632
[PHASE] start_mean=901.19 start_min=12 start_max=1433 fail_rel_mean=19.92
[CHUNK_REWARD] obj_first=0.06551 obj_mid=0.02611 obj_last=0.00894 raw_first=0.06551 raw_mid=0.02615 raw_last=0.00987
[POLICY] loss=-0.00619 policy_loss=-0.00619 value_loss=0.00000 entropy=0.00000 kl=0.01419 step_ratio=0.9993 step_clip=0.0779 post_ratio=1.0010 post_clip=0.1221 grad=0.26239 lr=0.001000 critic_lr=0.000000 sde_steps=4 opt_steps=20
[POLICY_DETAIL] samples=195954 mb=48988 micro_mb=8192 micro_steps=120 batch_ratio=0.9994 batch_min=0.1865 batch_max=5.1972 post_ratio=1.0010 post_min=0.4105 post_max=2.1328 post_clip=0.1221 logp_delta_abs=0.12325 post_logp_delta_abs=0.15427 post_kl=0.02093 old_logp=-15.72816 new_logp=-15.74279 adv_abs=0.75154 grpo_adv_abs=0.75154 valid=0.99667
[TRAIN] mean_reward=8.99144 mean_len=372.39 recent_eps=100 completed_eps=297139
[UPDATE_EFFECT] action_delta=0.02649651 param_rms_delta=0.00201047
[TIME] collect=14.034s update=1.012s
[DONE] timeout=0.00000 anchor_pos=0.00000 anchor_ori=0.00000 ee_body=0.00000
[DONE_ROLLOUT] timeout=0.00000 anchor_pos=0.00977 anchor_ori=0.00012 ee_body=0.01855
[FIRST_FAILURE] chunk_mean=19.92 chunk_min=7 chunk_max=23 phase_mean=922.46 phase_min=294 phase_max=1230 anchor_pos=0.00977 anchor_ori=0.00012 ee_body=0.01855 timeout=0.00000
[TRACK_CHUNK0] anchor_pos=0.97640 anchor_ori=0.82063 body_pos=0.97663 body_ori=0.79663 body_lin=0.54392 body_ang=0.01813
[TRACK_ROLLOUT] anchor_pos=0.81881 anchor_ori=0.50648 body_pos=0.86370 body_ori=0.14704 body_lin=0.48642 body_ang=0.06185
[TRAIN_COST] action_rate=22.79059 joint_torque=3198.69653 joint_limit=0.00223 undesired_contacts=0.75952
[REWARD_WEIGHTED] pos=0.11859 penalty=-0.05308 total=0.06551 act_rate=-0.04558 torque=-0.00064 contacts=-0.00152
[ACT_SUMMARY] abs_mean=0.6983 abs_p95=1.7492 abs_p99=2.4526 abs_max=3.8836 abs_max_all=4.1633 legs=0.6479 waist=0.7186 arms=0.7372 first=0.6983 last=0.7305 latent_abs=0.7524 latent_max=5.9839
[TRAIN_BODY] torso_ori=6.25deg l_wrist_ori=12.97deg r_wrist_ori=14.05deg l_elbow_ori=11.78deg r_elbow_ori=12.66deg l_shoulder_ori=8.73deg r_shoulder_ori=10.13deg
[TRAIN_ANG] torso=2.520 l_wrist=8.913 r_wrist=11.246 l_elbow=8.324 r_elbow=9.787 l_shoulder=4.457 r_shoulder=7.153
[TRAIN_ACT] l_wrist_r=0.5795 l_wrist_p=0.6040 l_wrist_y=0.5854 r_wrist_r=0.5473 r_wrist_p=0.5921 r_wrist_y=0.5935 l_elbow=0.6913 r_elbow=0.8701
[UPDATE] 66/200 group_reward=42.21085 group_std=16.92780 group_raw=0.67670 rollout_ret=0.67362 chunk0_ret=0.06530 chunk_last_ret=0.01011
[REWARD_SCALE] live_steps=23.94 min=8 p50=24 p95=24 max=24 survive=0.97400 per_step=0.02814 per_second=1.407 episode30s_projection=42.21
[OBJECTIVE] obj_mean=0.67362 obj_std=0.27085 obj_min=-0.34075 obj_max=1.59362 raw_mean=0.67670 raw_std=0.26961 raw_min=-0.34075 raw_max=1.59362 score_mean=0.02814 rtg_mean=-30.96853 grpo_score=0.54366 early_penalty=0.12995
[PHASE] start_mean=902.55 start_min=16 start_max=1433 fail_rel_mean=20.60
[CHUNK_REWARD] obj_first=0.06530 obj_mid=0.02684 obj_last=0.00924 raw_first=0.06530 raw_mid=0.02689 raw_last=0.01011
[POLICY] loss=-0.00616 policy_loss=-0.00616 value_loss=0.00000 entropy=0.00000 kl=0.01429 step_ratio=0.9995 step_clip=0.0786 post_ratio=0.9897 post_clip=0.0996 grad=0.25910 lr=0.001000 critic_lr=0.000000 sde_steps=4 opt_steps=20
[POLICY_DETAIL] samples=196097 mb=49024 micro_mb=8192 micro_steps=120 batch_ratio=0.9997 batch_min=0.1711 batch_max=4.6394 post_ratio=0.9897 post_min=0.3986 post_max=1.9264 post_clip=0.0996 logp_delta_abs=0.12406 post_logp_delta_abs=0.13963 post_kl=0.01759 old_logp=-15.72816 new_logp=-15.74261 adv_abs=0.75172 grpo_adv_abs=0.75172 valid=0.99740
[TRAIN] mean_reward=8.67034 mean_len=373.55 recent_eps=100 completed_eps=297352
[UPDATE_EFFECT] action_delta=0.02371496 param_rms_delta=0.00199940
[TIME] collect=14.084s update=0.996s
[DONE] timeout=0.00000 anchor_pos=0.00000 anchor_ori=0.00000 ee_body=0.00000
[DONE_ROLLOUT] timeout=0.00000 anchor_pos=0.00940 anchor_ori=0.00000 ee_body=0.01807
[FIRST_FAILURE] chunk_mean=20.60 chunk_min=7 chunk_max=23 phase_mean=900.65 phase_min=90 phase_max=1266 anchor_pos=0.00940 anchor_ori=0.00000 ee_body=0.01807 timeout=0.00000
[TRACK_CHUNK0] anchor_pos=0.97649 anchor_ori=0.83082 body_pos=0.97639 body_ori=0.79818 body_lin=0.54228 body_ang=0.01953
[TRACK_ROLLOUT] anchor_pos=0.81713 anchor_ori=0.51231 body_pos=0.86417 body_ori=0.14819 body_lin=0.48504 body_ang=0.06191
[TRAIN_COST] action_rate=23.10681 joint_torque=3297.56689 joint_limit=0.00206 undesired_contacts=0.77283
[REWARD_WEIGHTED] pos=0.11902 penalty=-0.05372 total=0.06530 act_rate=-0.04621 torque=-0.00066 contacts=-0.00155
[ACT_SUMMARY] abs_mean=0.7029 abs_p95=1.7624 abs_p99=2.4828 abs_max=3.7568 abs_max_all=4.3023 legs=0.6550 waist=0.7137 arms=0.7415 first=0.7029 last=0.7320 latent_abs=0.7567 latent_max=6.4755
[TRAIN_BODY] torso_ori=6.27deg l_wrist_ori=12.97deg r_wrist_ori=13.90deg l_elbow_ori=11.74deg r_elbow_ori=12.51deg l_shoulder_ori=8.78deg r_shoulder_ori=9.97deg
[TRAIN_ANG] torso=2.485 l_wrist=8.912 r_wrist=11.050 l_elbow=8.340 r_elbow=9.709 l_shoulder=4.575 r_shoulder=7.022
[TRAIN_ACT] l_wrist_r=0.5713 l_wrist_p=0.5986 l_wrist_y=0.5894 r_wrist_r=0.5476 r_wrist_p=0.5856 r_wrist_y=0.6039 l_elbow=0.7191 r_elbow=0.8603
[UPDATE] 67/200 group_reward=42.58581 group_std=17.59991 group_raw=0.68277 rollout_ret=0.67928 chunk0_ret=0.06530 chunk_last_ret=0.01078
[REWARD_SCALE] live_steps=23.93 min=11 p50=24 p95=24 max=24 survive=0.97168 per_step=0.02839 per_second=1.420 episode30s_projection=42.59
[OBJECTIVE] obj_mean=0.67928 obj_std=0.28226 obj_min=-0.44484 obj_max=1.66790 raw_mean=0.68277 raw_std=0.27982 raw_min=-0.37500 raw_max=1.66790 score_mean=0.02837 rtg_mean=-29.86140 grpo_score=0.52567 early_penalty=0.15361
[PHASE] start_mean=899.17 start_min=58 start_max=1433 fail_rel_mean=20.40
[CHUNK_REWARD] obj_first=0.06530 obj_mid=0.02663 obj_last=0.00984 raw_first=0.06530 raw_mid=0.02663 raw_last=0.01078
[POLICY] loss=-0.00623 policy_loss=-0.00623 value_loss=0.00000 entropy=0.00000 kl=0.01437 step_ratio=0.9992 step_clip=0.0794 post_ratio=0.9963 post_clip=0.1006 grad=0.26470 lr=0.001000 critic_lr=0.000000 sde_steps=4 opt_steps=20
[POLICY_DETAIL] samples=196004 mb=49001 micro_mb=8192 micro_steps=120 batch_ratio=0.9993 batch_min=0.1855 batch_max=4.2722 post_ratio=0.9963 post_min=0.4759 post_max=2.0133 post_clip=0.1006 logp_delta_abs=0.12442 post_logp_delta_abs=0.14712 post_kl=0.01888 old_logp=-15.72360 new_logp=-15.73844 adv_abs=0.75132 grpo_adv_abs=0.75132 valid=0.99693
[TRAIN] mean_reward=9.40200 mean_len=374.90 recent_eps=100 completed_eps=297584
[UPDATE_EFFECT] action_delta=0.02324977 param_rms_delta=0.00201071
[TIME] collect=14.034s update=0.994s
[DONE] timeout=0.00000 anchor_pos=0.00000 anchor_ori=0.00000 ee_body=0.00000
[DONE_ROLLOUT] timeout=0.00000 anchor_pos=0.01367 anchor_ori=0.00024 ee_body=0.01697
[FIRST_FAILURE] chunk_mean=20.40 chunk_min=10 chunk_max=23 phase_mean=880.55 phase_min=404 phase_max=1218 anchor_pos=0.01367 anchor_ori=0.00024 ee_body=0.01697 timeout=0.00000
[TRACK_CHUNK0] anchor_pos=0.97634 anchor_ori=0.82923 body_pos=0.97660 body_ori=0.79841 body_lin=0.54818 body_ang=0.02132
[TRACK_ROLLOUT] anchor_pos=0.81904 anchor_ori=0.50980 body_pos=0.86607 body_ori=0.14794 body_lin=0.48669 body_ang=0.06221
[TRAIN_COST] action_rate=23.18456 joint_torque=3282.16650 joint_limit=0.00223 undesired_contacts=0.73975
[REWARD_WEIGHTED] pos=0.11911 penalty=-0.05381 total=0.06530 act_rate=-0.04637 torque=-0.00066 contacts=-0.00148
[ACT_SUMMARY] abs_mean=0.7040 abs_p95=1.7703 abs_p99=2.4794 abs_max=3.9481 abs_max_all=4.1960 legs=0.6586 waist=0.7107 arms=0.7415 first=0.7040 last=0.7303 latent_abs=0.7554 latent_max=6.0923
[TRAIN_BODY] torso_ori=6.22deg l_wrist_ori=12.72deg r_wrist_ori=13.95deg l_elbow_ori=11.65deg r_elbow_ori=12.48deg l_shoulder_ori=8.62deg r_shoulder_ori=10.12deg
[TRAIN_ANG] torso=2.487 l_wrist=8.715 r_wrist=11.012 l_elbow=8.180 r_elbow=9.684 l_shoulder=4.526 r_shoulder=7.061
[TRAIN_ACT] l_wrist_r=0.5755 l_wrist_p=0.5915 l_wrist_y=0.5767 r_wrist_r=0.5454 r_wrist_p=0.5995 r_wrist_y=0.6096 l_elbow=0.7019 r_elbow=0.8544
[UPDATE] 68/200 group_reward=42.03061 group_std=17.67160 group_raw=0.67382 rollout_ret=0.67047 chunk0_ret=0.06524 chunk_last_ret=0.01035
[REWARD_SCALE] live_steps=23.93 min=8 p50=24 p95=24 max=24 survive=0.97034 per_step=0.02802 per_second=1.401 episode30s_projection=42.03
[OBJECTIVE] obj_mean=0.67047 obj_std=0.28299 obj_min=-0.32386 obj_max=1.80949 raw_mean=0.67382 raw_std=0.28153 raw_min=-0.32386 raw_max=1.80949 score_mean=0.02801 rtg_mean=-30.34311 grpo_score=0.52017 early_penalty=0.15030
[PHASE] start_mean=898.01 start_min=9 start_max=1423 fail_rel_mean=20.57
[CHUNK_REWARD] obj_first=0.06524 obj_mid=0.02633 obj_last=0.00934 raw_first=0.06524 raw_mid=0.02638 raw_last=0.01035
[POLICY] loss=-0.00631 policy_loss=-0.00631 value_loss=0.00000 entropy=0.00000 kl=0.01476 step_ratio=0.9992 step_clip=0.0816 post_ratio=1.0094 post_clip=0.0996 grad=0.26940 lr=0.001000 critic_lr=0.000000 sde_steps=4 opt_steps=20
[POLICY_DETAIL] samples=196017 mb=49004 micro_mb=8192 micro_steps=120 batch_ratio=0.9994 batch_min=0.1443 batch_max=4.6804 post_ratio=1.0094 post_min=0.4360 post_max=2.0548 post_clip=0.0996 logp_delta_abs=0.12611 post_logp_delta_abs=0.14114 post_kl=0.01733 old_logp=-15.73208 new_logp=-15.74724 adv_abs=0.75234 grpo_adv_abs=0.75234 valid=0.99699
[TRAIN] mean_reward=9.43275 mean_len=380.64 recent_eps=100 completed_eps=297827
[UPDATE_EFFECT] action_delta=0.02452599 param_rms_delta=0.00200135
[TIME] collect=14.130s update=1.033s
[DONE] timeout=0.00000 anchor_pos=0.00000 anchor_ori=0.00000 ee_body=0.00000
[DONE_ROLLOUT] timeout=0.00000 anchor_pos=0.01135 anchor_ori=0.00000 ee_body=0.02185
[FIRST_FAILURE] chunk_mean=20.57 chunk_min=7 chunk_max=23 phase_mean=922.20 phase_min=439 phase_max=1256 anchor_pos=0.01135 anchor_ori=0.00000 ee_body=0.02185 timeout=0.00000
[TRACK_CHUNK0] anchor_pos=0.97562 anchor_ori=0.82376 body_pos=0.97620 body_ori=0.79403 body_lin=0.54435 body_ang=0.02061
[TRACK_ROLLOUT] anchor_pos=0.81158 anchor_ori=0.50654 body_pos=0.86420 body_ori=0.14920 body_lin=0.48734 body_ang=0.06323
[TRAIN_COST] action_rate=22.97459 joint_torque=3324.67871 joint_limit=0.00223 undesired_contacts=0.77600
[REWARD_WEIGHTED] pos=0.11868 penalty=-0.05344 total=0.06524 act_rate=-0.04595 torque=-0.00066 contacts=-0.00155
[ACT_SUMMARY] abs_mean=0.7007 abs_p95=1.7616 abs_p99=2.4652 abs_max=3.8725 abs_max_all=4.2186 legs=0.6600 waist=0.7041 arms=0.7349 first=0.7007 last=0.7302 latent_abs=0.7579 latent_max=6.1698
[TRAIN_BODY] torso_ori=6.22deg l_wrist_ori=13.17deg r_wrist_ori=14.08deg l_elbow_ori=11.91deg r_elbow_ori=12.61deg l_shoulder_ori=8.79deg r_shoulder_ori=10.01deg
[TRAIN_ANG] torso=2.451 l_wrist=8.913 r_wrist=10.984 l_elbow=8.294 r_elbow=9.600 l_shoulder=4.606 r_shoulder=6.785
[TRAIN_ACT] l_wrist_r=0.5820 l_wrist_p=0.5934 l_wrist_y=0.5919 r_wrist_r=0.5526 r_wrist_p=0.5813 r_wrist_y=0.6026 l_elbow=0.7028 r_elbow=0.8234
[UPDATE] 69/200 group_reward=42.46112 group_std=17.40980 group_raw=0.68057 rollout_ret=0.67753 chunk0_ret=0.06572 chunk_last_ret=0.01049
[REWARD_SCALE] live_steps=23.93 min=7 p50=24 p95=24 max=24 survive=0.97620 per_step=0.02831 per_second=1.415 episode30s_projection=42.46
[OBJECTIVE] obj_mean=0.67753 obj_std=0.27911 obj_min=-0.42044 obj_max=1.63187 raw_mean=0.68057 raw_std=0.27687 raw_min=-0.42044 raw_max=1.63187 score_mean=0.02829 rtg_mean=-29.99372 grpo_score=0.54173 early_penalty=0.13580
[PHASE] start_mean=891.38 start_min=4 start_max=1433 fail_rel_mean=20.26
[CHUNK_REWARD] obj_first=0.06572 obj_mid=0.02639 obj_last=0.00970 raw_first=0.06572 raw_mid=0.02642 raw_last=0.01049
[POLICY] loss=-0.00566 policy_loss=-0.00566 value_loss=0.00000 entropy=0.00000 kl=0.01551 step_ratio=0.9993 step_clip=0.0878 post_ratio=0.9986 post_clip=0.1143 grad=0.30616 lr=0.001000 critic_lr=0.000000 sde_steps=4 opt_steps=20
[POLICY_DETAIL] samples=196074 mb=49018 micro_mb=8192 micro_steps=120 batch_ratio=0.9996 batch_min=0.1249 batch_max=5.5417 post_ratio=0.9986 post_min=0.3587 post_max=2.3318 post_clip=0.1143 logp_delta_abs=0.12863 post_logp_delta_abs=0.15292 post_kl=0.02155 old_logp=-15.73509 new_logp=-15.75081 adv_abs=0.75080 grpo_adv_abs=0.75080 valid=0.99728
[TRAIN] mean_reward=11.29890 mean_len=457.44 recent_eps=100 completed_eps=298022
[UPDATE_EFFECT] action_delta=0.02792323 param_rms_delta=0.00199396
[TIME] collect=14.097s update=0.989s
[DONE] timeout=0.00000 anchor_pos=0.00000 anchor_ori=0.00000 ee_body=0.00000
[DONE_ROLLOUT] timeout=0.00000 anchor_pos=0.00977 anchor_ori=0.00012 ee_body=0.01489
[FIRST_FAILURE] chunk_mean=20.26 chunk_min=6 chunk_max=23 phase_mean=911.81 phase_min=335 phase_max=1252 anchor_pos=0.00977 anchor_ori=0.00012 ee_body=0.01489 timeout=0.00000
[TRACK_CHUNK0] anchor_pos=0.97611 anchor_ori=0.82375 body_pos=0.97640 body_ori=0.79690 body_lin=0.54372 body_ang=0.02020
[TRACK_ROLLOUT] anchor_pos=0.81493 anchor_ori=0.50895 body_pos=0.86444 body_ori=0.14988 body_lin=0.48507 body_ang=0.06276
[TRAIN_COST] action_rate=22.88722 joint_torque=3336.18188 joint_limit=0.00213 undesired_contacts=0.75317
[REWARD_WEIGHTED] pos=0.11874 penalty=-0.05302 total=0.06572 act_rate=-0.04577 torque=-0.00067 contacts=-0.00151
[ACT_SUMMARY] abs_mean=0.7001 abs_p95=1.7523 abs_p99=2.4524 abs_max=3.8985 abs_max_all=4.1614 legs=0.6581 waist=0.7122 arms=0.7334 first=0.7001 last=0.7290 latent_abs=0.7553 latent_max=5.9775
[TRAIN_BODY] torso_ori=6.28deg l_wrist_ori=13.03deg r_wrist_ori=14.02deg l_elbow_ori=11.71deg r_elbow_ori=12.57deg l_shoulder_ori=8.74deg r_shoulder_ori=9.99deg
[TRAIN_ANG] torso=2.469 l_wrist=8.809 r_wrist=11.018 l_elbow=8.185 r_elbow=9.623 l_shoulder=4.555 r_shoulder=6.915
[TRAIN_ACT] l_wrist_r=0.5680 l_wrist_p=0.6023 l_wrist_y=0.5863 r_wrist_r=0.5458 r_wrist_p=0.5820 r_wrist_y=0.6024 l_elbow=0.7070 r_elbow=0.8327
[UPDATE] 70/200 group_reward=43.55127 group_std=17.49402 group_raw=0.69813 rollout_ret=0.69506 chunk0_ret=0.06518 chunk_last_ret=0.01136
[REWARD_SCALE] live_steps=23.94 min=8 p50=24 p95=24 max=24 survive=0.97791 per_step=0.02903 per_second=1.452 episode30s_projection=43.55
[OBJECTIVE] obj_mean=0.69506 obj_std=0.28039 obj_min=-0.23627 obj_max=1.72059 raw_mean=0.69813 raw_std=0.27835 raw_min=-0.23627 raw_max=1.72059 score_mean=0.02901 rtg_mean=-29.73354 grpo_score=0.56841 early_penalty=0.12665
[PHASE] start_mean=895.85 start_min=42 start_max=1424 fail_rel_mean=20.25
[CHUNK_REWARD] obj_first=0.06518 obj_mid=0.02776 obj_last=0.01055 raw_first=0.06518 raw_mid=0.02778 raw_last=0.01136
[POLICY] loss=-0.00557 policy_loss=-0.00557 value_loss=0.00000 entropy=0.00000 kl=0.01533 step_ratio=0.9996 step_clip=0.0856 post_ratio=0.9951 post_clip=0.1074 grad=0.31444 lr=0.001000 critic_lr=0.000000 sde_steps=4 opt_steps=20
[POLICY_DETAIL] samples=196110 mb=49027 micro_mb=8192 micro_steps=120 batch_ratio=0.9997 batch_min=0.1192 batch_max=4.9952 post_ratio=0.9951 post_min=0.3576 post_max=2.0518 post_clip=0.1074 logp_delta_abs=0.12799 post_logp_delta_abs=0.15497 post_kl=0.02098 old_logp=-15.72599 new_logp=-15.74145 adv_abs=0.75193 grpo_adv_abs=0.75193 valid=0.99747
[TRAIN] mean_reward=10.97072 mean_len=438.83 recent_eps=100 completed_eps=298203
[UPDATE_EFFECT] action_delta=0.02595367 param_rms_delta=0.00197173
[TIME] collect=14.090s update=0.986s
[DONE] timeout=0.00000 anchor_pos=0.00000 anchor_ori=0.00000 ee_body=0.00000
[DONE_ROLLOUT] timeout=0.00000 anchor_pos=0.00842 anchor_ori=0.00000 ee_body=0.01477
[FIRST_FAILURE] chunk_mean=20.25 chunk_min=7 chunk_max=23 phase_mean=951.59 phase_min=557 phase_max=1226 anchor_pos=0.00842 anchor_ori=0.00000 ee_body=0.01477 timeout=0.00000
[TRACK_CHUNK0] anchor_pos=0.97654 anchor_ori=0.82268 body_pos=0.97617 body_ori=0.79735 body_lin=0.54228 body_ang=0.02034
[TRACK_ROLLOUT] anchor_pos=0.81887 anchor_ori=0.51665 body_pos=0.86526 body_ori=0.15038 body_lin=0.48761 body_ang=0.06377
[TRAIN_COST] action_rate=22.93536 joint_torque=3339.76782 joint_limit=0.00209 undesired_contacts=0.77148
[REWARD_WEIGHTED] pos=0.11869 penalty=-0.05351 total=0.06518 act_rate=-0.04587 torque=-0.00067 contacts=-0.00154
[ACT_SUMMARY] abs_mean=0.6996 abs_p95=1.7556 abs_p99=2.4793 abs_max=3.7886 abs_max_all=4.2626 legs=0.6583 waist=0.7165 arms=0.7313 first=0.6996 last=0.7293 latent_abs=0.7567 latent_max=6.3264
[TRAIN_BODY] torso_ori=6.26deg l_wrist_ori=12.87deg r_wrist_ori=13.97deg l_elbow_ori=11.59deg r_elbow_ori=12.62deg l_shoulder_ori=8.81deg r_shoulder_ori=10.15deg
[TRAIN_ANG] torso=2.456 l_wrist=8.793 r_wrist=10.974 l_elbow=8.193 r_elbow=9.614 l_shoulder=4.521 r_shoulder=6.893
[TRAIN_ACT] l_wrist_r=0.5743 l_wrist_p=0.5997 l_wrist_y=0.5752 r_wrist_r=0.5435 r_wrist_p=0.5877 r_wrist_y=0.5939 l_elbow=0.6924 r_elbow=0.8361
[UPDATE] 71/200 group_reward=43.97335 group_std=17.57512 group_raw=0.70453 rollout_ret=0.70231 chunk0_ret=0.06495 chunk_last_ret=0.01241
[REWARD_SCALE] live_steps=23.96 min=9 p50=24 p95=24 max=24 survive=0.98120 per_step=0.02932 per_second=1.466 episode30s_projection=43.97
[OBJECTIVE] obj_mean=0.70231 obj_std=0.28152 obj_min=-0.33613 obj_max=1.79751 raw_mean=0.70453 raw_std=0.27960 raw_min=-0.33613 raw_max=1.79751 score_mean=0.02930 rtg_mean=-29.01603 grpo_score=0.61254 early_penalty=0.08977
[PHASE] start_mean=895.27 start_min=2 start_max=1412 fail_rel_mean=20.71
[CHUNK_REWARD] obj_first=0.06495 obj_mid=0.02777 obj_last=0.01166 raw_first=0.06495 raw_mid=0.02778 raw_last=0.01241
[POLICY] loss=-0.00657 policy_loss=-0.00657 value_loss=0.00000 entropy=0.00000 kl=0.01440 step_ratio=0.9993 step_clip=0.0793 post_ratio=1.0014 post_clip=0.0820 grad=0.26680 lr=0.001000 critic_lr=0.000000 sde_steps=4 opt_steps=20
[POLICY_DETAIL] samples=196255 mb=49063 micro_mb=8192 micro_steps=120 batch_ratio=0.9995 batch_min=0.1385 batch_max=5.1078 post_ratio=1.0014 post_min=0.5080 post_max=2.0127 post_clip=0.0820 logp_delta_abs=0.12526 post_logp_delta_abs=0.13771 post_kl=0.01652 old_logp=-15.72342 new_logp=-15.73815 adv_abs=0.75279 grpo_adv_abs=0.75279 valid=0.99820
[TRAIN] mean_reward=10.15547 mean_len=396.71 recent_eps=100 completed_eps=298357
[UPDATE_EFFECT] action_delta=0.02641684 param_rms_delta=0.00198344
[TIME] collect=14.042s update=0.997s
[DONE] timeout=0.00000 anchor_pos=0.00000 anchor_ori=0.00000 ee_body=0.00000
[DONE_ROLLOUT] timeout=0.00000 anchor_pos=0.00940 anchor_ori=0.00000 ee_body=0.01099
[FIRST_FAILURE] chunk_mean=20.71 chunk_min=8 chunk_max=23 phase_mean=830.23 phase_min=214 phase_max=1419 anchor_pos=0.00940 anchor_ori=0.00000 ee_body=0.01099 timeout=0.00000
[TRACK_CHUNK0] anchor_pos=0.97692 anchor_ori=0.82360 body_pos=0.97626 body_ori=0.79615 body_lin=0.54350 body_ang=0.02078
[TRACK_ROLLOUT] anchor_pos=0.81961 anchor_ori=0.52061 body_pos=0.86806 body_ori=0.15032 body_lin=0.48935 body_ang=0.06433
[TRAIN_COST] action_rate=23.12132 joint_torque=3274.60327 joint_limit=0.00216 undesired_contacts=0.77820
[REWARD_WEIGHTED] pos=0.11875 penalty=-0.05380 total=0.06495 act_rate=-0.04624 torque=-0.00065 contacts=-0.00156
[ACT_SUMMARY] abs_mean=0.7017 abs_p95=1.7663 abs_p99=2.4898 abs_max=3.7632 abs_max_all=4.2142 legs=0.6609 waist=0.7147 arms=0.7338 first=0.7017 last=0.7279 latent_abs=0.7567 latent_max=6.1544
[TRAIN_BODY] torso_ori=6.22deg l_wrist_ori=12.98deg r_wrist_ori=13.82deg l_elbow_ori=11.76deg r_elbow_ori=12.48deg l_shoulder_ori=8.91deg r_shoulder_ori=10.02deg
[TRAIN_ANG] torso=2.448 l_wrist=8.680 r_wrist=10.944 l_elbow=8.097 r_elbow=9.502 l_shoulder=4.524 r_shoulder=6.716
[TRAIN_ACT] l_wrist_r=0.5739 l_wrist_p=0.5895 l_wrist_y=0.5779 r_wrist_r=0.5530 r_wrist_p=0.5821 r_wrist_y=0.5878 l_elbow=0.7100 r_elbow=0.8203
[UPDATE] 72/200 group_reward=44.79080 group_std=17.35608 group_raw=0.71784 rollout_ret=0.71412 chunk0_ret=0.06478 chunk_last_ret=0.01315
[REWARD_SCALE] live_steps=23.92 min=6 p50=24 p95=24 max=24 survive=0.97400 per_step=0.02986 per_second=1.493 episode30s_projection=44.79
[OBJECTIVE] obj_mean=0.71412 obj_std=0.27847 obj_min=-0.27552 obj_max=1.68809 raw_mean=0.71784 raw_std=0.27588 raw_min=-0.27552 raw_max=1.68809 score_mean=0.02984 rtg_mean=-28.27092 grpo_score=0.53763 early_penalty=0.17649
[PHASE] start_mean=899.64 start_min=4 start_max=1433 fail_rel_mean=19.74
[CHUNK_REWARD] obj_first=0.06478 obj_mid=0.02844 obj_last=0.01229 raw_first=0.06478 raw_mid=0.02848 raw_last=0.01315
[POLICY] loss=-0.00677 policy_loss=-0.00677 value_loss=0.00000 entropy=0.00000 kl=0.01364 step_ratio=0.9997 step_clip=0.0742 post_ratio=0.9985 post_clip=0.0918 grad=0.24903 lr=0.001000 critic_lr=0.000000 sde_steps=4 opt_steps=20
[POLICY_DETAIL] samples=195914 mb=48978 micro_mb=8192 micro_steps=120 batch_ratio=0.9998 batch_min=0.1995 batch_max=4.9707 post_ratio=0.9985 post_min=0.4871 post_max=2.1575 post_clip=0.0918 logp_delta_abs=0.12187 post_logp_delta_abs=0.14024 post_kl=0.01654 old_logp=-15.72867 new_logp=-15.74239 adv_abs=0.75381 grpo_adv_abs=0.75381 valid=0.99647
[TRAIN] mean_reward=12.67733 mean_len=496.26 recent_eps=100 completed_eps=298570
[UPDATE_EFFECT] action_delta=0.02365570 param_rms_delta=0.00201248
[TIME] collect=14.055s update=1.008s
[DONE] timeout=0.00000 anchor_pos=0.00000 anchor_ori=0.00000 ee_body=0.00000
[DONE_ROLLOUT] timeout=0.00000 anchor_pos=0.00879 anchor_ori=0.00012 ee_body=0.01794
[FIRST_FAILURE] chunk_mean=19.74 chunk_min=5 chunk_max=23 phase_mean=943.41 phase_min=358 phase_max=1230 anchor_pos=0.00879 anchor_ori=0.00012 ee_body=0.01794 timeout=0.00000
[TRACK_CHUNK0] anchor_pos=0.97598 anchor_ori=0.82113 body_pos=0.97601 body_ori=0.79812 body_lin=0.54466 body_ang=0.01917
[TRACK_ROLLOUT] anchor_pos=0.82371 anchor_ori=0.52540 body_pos=0.86826 body_ori=0.14904 body_lin=0.49183 body_ang=0.06438
[TRAIN_COST] action_rate=23.14776 joint_torque=3400.98022 joint_limit=0.00202 undesired_contacts=0.78748
[REWARD_WEIGHTED] pos=0.11864 penalty=-0.05386 total=0.06478 act_rate=-0.04630 torque=-0.00068 contacts=-0.00157
[ACT_SUMMARY] abs_mean=0.7021 abs_p95=1.7655 abs_p99=2.4931 abs_max=4.0153 abs_max_all=4.3323 legs=0.6634 waist=0.7149 arms=0.7325 first=0.7021 last=0.7294 latent_abs=0.7556 latent_max=6.5934
[TRAIN_BODY] torso_ori=6.24deg l_wrist_ori=12.90deg r_wrist_ori=13.79deg l_elbow_ori=11.59deg r_elbow_ori=12.51deg l_shoulder_ori=8.63deg r_shoulder_ori=10.11deg
[TRAIN_ANG] torso=2.451 l_wrist=8.873 r_wrist=10.992 l_elbow=8.135 r_elbow=9.674 l_shoulder=4.557 r_shoulder=6.856
[TRAIN_ACT] l_wrist_r=0.5721 l_wrist_p=0.6046 l_wrist_y=0.5777 r_wrist_r=0.5380 r_wrist_p=0.5846 r_wrist_y=0.5980 l_elbow=0.6978 r_elbow=0.8147
[UPDATE] 73/200 group_reward=44.44253 group_std=17.43287 group_raw=0.71212 rollout_ret=0.70963 chunk0_ret=0.06507 chunk_last_ret=0.01304
[REWARD_SCALE] live_steps=23.95 min=9 p50=24 p95=24 max=24 survive=0.98169 per_step=0.02963 per_second=1.481 episode30s_projection=44.44
[OBJECTIVE] obj_mean=0.70963 obj_std=0.27938 obj_min=-0.45243 obj_max=1.66991 raw_mean=0.71212 raw_std=0.27749 raw_min=-0.45243 raw_max=1.66991 score_mean=0.02961 rtg_mean=-28.62216 grpo_score=0.60765 early_penalty=0.10198
[PHASE] start_mean=901.46 start_min=8 start_max=1433 fail_rel_mean=20.33
[CHUNK_REWARD] obj_first=0.06507 obj_mid=0.02824 obj_last=0.01235 raw_first=0.06507 raw_mid=0.02826 raw_last=0.01304
[POLICY] loss=-0.00666 policy_loss=-0.00666 value_loss=0.00000 entropy=0.00000 kl=0.01404 step_ratio=0.9994 step_clip=0.0775 post_ratio=1.0090 post_clip=0.1064 grad=0.26881 lr=0.001000 critic_lr=0.000000 sde_steps=4 opt_steps=20
[POLICY_DETAIL] samples=196207 mb=49051 micro_mb=8192 micro_steps=120 batch_ratio=0.9995 batch_min=0.1720 batch_max=4.5552 post_ratio=1.0090 post_min=0.4140 post_max=2.4836 post_clip=0.1064 logp_delta_abs=0.12346 post_logp_delta_abs=0.14670 post_kl=0.01909 old_logp=-15.73215 new_logp=-15.74656 adv_abs=0.75381 grpo_adv_abs=0.75381 valid=0.99796
[TRAIN] mean_reward=12.30236 mean_len=486.40 recent_eps=100 completed_eps=298720
[UPDATE_EFFECT] action_delta=0.02461121 param_rms_delta=0.00203654
[TIME] collect=14.031s update=0.991s
[DONE] timeout=0.00000 anchor_pos=0.00000 anchor_ori=0.00000 ee_body=0.00000
[DONE_ROLLOUT] timeout=0.00000 anchor_pos=0.00647 anchor_ori=0.00000 ee_body=0.01282
[FIRST_FAILURE] chunk_mean=20.33 chunk_min=8 chunk_max=23 phase_mean=965.39 phase_min=383 phase_max=1407 anchor_pos=0.00647 anchor_ori=0.00000 ee_body=0.01282 timeout=0.00000
[TRACK_CHUNK0] anchor_pos=0.97605 anchor_ori=0.82609 body_pos=0.97582 body_ori=0.79828 body_lin=0.54595 body_ang=0.02133
[TRACK_ROLLOUT] anchor_pos=0.82124 anchor_ori=0.52312 body_pos=0.86751 body_ori=0.15113 body_lin=0.49067 body_ang=0.06470
[TRAIN_COST] action_rate=23.25957 joint_torque=3357.85645 joint_limit=0.00192 undesired_contacts=0.81531
[REWARD_WEIGHTED] pos=0.11891 penalty=-0.05384 total=0.06507 act_rate=-0.04652 torque=-0.00067 contacts=-0.00163
[ACT_SUMMARY] abs_mean=0.7048 abs_p95=1.7697 abs_p99=2.4920 abs_max=3.7516 abs_max_all=4.5220 legs=0.6713 waist=0.7101 arms=0.7323 first=0.7048 last=0.7267 latent_abs=0.7564 latent_max=7.4792
[TRAIN_BODY] torso_ori=6.18deg l_wrist_ori=12.88deg r_wrist_ori=13.79deg l_elbow_ori=11.68deg r_elbow_ori=12.44deg l_shoulder_ori=8.74deg r_shoulder_ori=9.92deg
[TRAIN_ANG] torso=2.452 l_wrist=8.679 r_wrist=10.823 l_elbow=8.009 r_elbow=9.492 l_shoulder=4.498 r_shoulder=6.677
[TRAIN_ACT] l_wrist_r=0.5780 l_wrist_p=0.5908 l_wrist_y=0.5849 r_wrist_r=0.5546 r_wrist_p=0.5823 r_wrist_y=0.5907 l_elbow=0.7083 r_elbow=0.8407
[UPDATE] 74/200 group_reward=44.66862 group_std=17.30786 group_raw=0.71544 rollout_ret=0.71339 chunk0_ret=0.06466 chunk_last_ret=0.01303
[REWARD_SCALE] live_steps=23.96 min=8 p50=24 p95=24 max=24 survive=0.98376 per_step=0.02978 per_second=1.489 episode30s_projection=44.67
[OBJECTIVE] obj_mean=0.71339 obj_std=0.27739 obj_min=-0.43770 obj_max=1.83638 raw_mean=0.71544 raw_std=0.27577 raw_min=-0.43770 raw_max=1.83638 score_mean=0.02976 rtg_mean=-28.24595 grpo_score=0.62158 early_penalty=0.09181
[PHASE] start_mean=907.85 start_min=36 start_max=1433 fail_rel_mean=20.29
[CHUNK_REWARD] obj_first=0.06466 obj_mid=0.02872 obj_last=0.01258 raw_first=0.06466 raw_mid=0.02876 raw_last=0.01303
[POLICY] loss=-0.00623 policy_loss=-0.00623 value_loss=0.00000 entropy=0.00000 kl=0.01512 step_ratio=0.9996 step_clip=0.0861 post_ratio=1.0019 post_clip=0.1006 grad=0.29083 lr=0.001000 critic_lr=0.000000 sde_steps=4 opt_steps=20
[POLICY_DETAIL] samples=196247 mb=49061 micro_mb=8192 micro_steps=120 batch_ratio=0.9995 batch_min=0.1544 batch_max=5.2930 post_ratio=1.0019 post_min=0.4532 post_max=2.1106 post_clip=0.1006 logp_delta_abs=0.12749 post_logp_delta_abs=0.13940 post_kl=0.01763 old_logp=-15.73197 new_logp=-15.74734 adv_abs=0.75423 grpo_adv_abs=0.75423 valid=0.99816
[TRAIN] mean_reward=13.74461 mean_len=527.93 recent_eps=100 completed_eps=298853
[UPDATE_EFFECT] action_delta=0.02516527 param_rms_delta=0.00207368
[TIME] collect=14.127s update=0.996s
[DONE] timeout=0.00000 anchor_pos=0.00000 anchor_ori=0.00000 ee_body=0.00000
[DONE_ROLLOUT] timeout=0.00000 anchor_pos=0.00769 anchor_ori=0.00000 ee_body=0.00989
[FIRST_FAILURE] chunk_mean=20.29 chunk_min=7 chunk_max=23 phase_mean=894.19 phase_min=381 phase_max=1193 anchor_pos=0.00769 anchor_ori=0.00000 ee_body=0.00989 timeout=0.00000
[TRACK_CHUNK0] anchor_pos=0.97576 anchor_ori=0.82399 body_pos=0.97618 body_ori=0.79832 body_lin=0.54311 body_ang=0.02112
[TRACK_ROLLOUT] anchor_pos=0.82174 anchor_ori=0.53300 body_pos=0.86795 body_ori=0.15077 body_lin=0.48817 body_ang=0.06419
[TRAIN_COST] action_rate=23.25831 joint_torque=3392.93359 joint_limit=0.00183 undesired_contacts=0.81104
[REWARD_WEIGHTED] pos=0.11876 penalty=-0.05410 total=0.06466 act_rate=-0.04652 torque=-0.00068 contacts=-0.00162
[ACT_SUMMARY] abs_mean=0.7049 abs_p95=1.7699 abs_p99=2.4676 abs_max=3.8917 abs_max_all=4.3505 legs=0.6736 waist=0.7129 arms=0.7302 first=0.7049 last=0.7300 latent_abs=0.7602 latent_max=6.6676
[TRAIN_BODY] torso_ori=6.22deg l_wrist_ori=12.75deg r_wrist_ori=14.07deg l_elbow_ori=11.66deg r_elbow_ori=12.55deg l_shoulder_ori=8.65deg r_shoulder_ori=9.96deg
[TRAIN_ANG] torso=2.448 l_wrist=8.636 r_wrist=10.880 l_elbow=7.946 r_elbow=9.605 l_shoulder=4.511 r_shoulder=6.749
[TRAIN_ACT] l_wrist_r=0.5765 l_wrist_p=0.5983 l_wrist_y=0.5804 r_wrist_r=0.5423 r_wrist_p=0.5715 r_wrist_y=0.6026 l_elbow=0.7158 r_elbow=0.8105
[UPDATE] 75/200 group_reward=45.09285 group_std=17.33897 group_raw=0.72237 rollout_ret=0.71987 chunk0_ret=0.06493 chunk_last_ret=0.01344
[REWARD_SCALE] live_steps=23.95 min=7 p50=24 p95=24 max=24 survive=0.98303 per_step=0.03006 per_second=1.503 episode30s_projection=45.09
[OBJECTIVE] obj_mean=0.71987 obj_std=0.27793 obj_min=-0.39475 obj_max=1.71869 raw_mean=0.72237 raw_std=0.27607 raw_min=-0.39475 raw_max=1.71869 score_mean=0.03005 rtg_mean=-27.79140 grpo_score=0.60823 early_penalty=0.11164
[PHASE] start_mean=895.29 start_min=16 start_max=1433 fail_rel_mean=19.84
[CHUNK_REWARD] obj_first=0.06493 obj_mid=0.02860 obj_last=0.01279 raw_first=0.06493 raw_mid=0.02865 raw_last=0.01344
[POLICY] loss=-0.00655 policy_loss=-0.00655 value_loss=0.00000 entropy=0.00000 kl=0.01455 step_ratio=0.9997 step_clip=0.0814 post_ratio=0.9934 post_clip=0.1035 grad=0.27802 lr=0.001000 critic_lr=0.000000 sde_steps=4 opt_steps=20
[POLICY_DETAIL] samples=196169 mb=49042 micro_mb=8192 micro_steps=120 batch_ratio=0.9997 batch_min=0.1800 batch_max=4.0490 post_ratio=0.9934 post_min=0.3476 post_max=2.0882 post_clip=0.1035 logp_delta_abs=0.12532 post_logp_delta_abs=0.14516 post_kl=0.01900 old_logp=-15.72823 new_logp=-15.74291 adv_abs=0.75115 grpo_adv_abs=0.75115 valid=0.99777
[TRAIN] mean_reward=12.99350 mean_len=502.30 recent_eps=100 completed_eps=298992
[UPDATE_EFFECT] action_delta=0.02524137 param_rms_delta=0.00201301
[TIME] collect=14.172s update=1.023s
[DONE] timeout=0.00000 anchor_pos=0.00000 anchor_ori=0.00000 ee_body=0.00000
[DONE_ROLLOUT] timeout=0.00000 anchor_pos=0.00598 anchor_ori=0.00012 ee_body=0.01208
[FIRST_FAILURE] chunk_mean=19.84 chunk_min=6 chunk_max=23 phase_mean=871.87 phase_min=399 phase_max=1182 anchor_pos=0.00598 anchor_ori=0.00012 ee_body=0.01208 timeout=0.00000
[TRACK_CHUNK0] anchor_pos=0.97640 anchor_ori=0.82675 body_pos=0.97573 body_ori=0.79791 body_lin=0.54496 body_ang=0.02129
[TRACK_ROLLOUT] anchor_pos=0.82280 anchor_ori=0.53387 body_pos=0.86880 body_ori=0.15317 body_lin=0.49167 body_ang=0.06546
[TRAIN_COST] action_rate=23.04317 joint_torque=3424.62158 joint_limit=0.00202 undesired_contacts=0.80469
[REWARD_WEIGHTED] pos=0.11892 penalty=-0.05399 total=0.06493 act_rate=-0.04609 torque=-0.00068 contacts=-0.00161
[ACT_SUMMARY] abs_mean=0.7012 abs_p95=1.7591 abs_p99=2.4718 abs_max=3.7573 abs_max_all=4.2487 legs=0.6721 waist=0.7070 arms=0.7249 first=0.7012 last=0.7311 latent_abs=0.7582 latent_max=6.2760
[TRAIN_BODY] torso_ori=6.21deg l_wrist_ori=12.73deg r_wrist_ori=14.00deg l_elbow_ori=11.53deg r_elbow_ori=12.64deg l_shoulder_ori=8.75deg r_shoulder_ori=9.92deg
[TRAIN_ANG] torso=2.468 l_wrist=8.693 r_wrist=10.878 l_elbow=7.987 r_elbow=9.477 l_shoulder=4.514 r_shoulder=6.639
[TRAIN_ACT] l_wrist_r=0.5825 l_wrist_p=0.5892 l_wrist_y=0.5751 r_wrist_r=0.5409 r_wrist_p=0.5804 r_wrist_y=0.5942 l_elbow=0.7093 r_elbow=0.8142
[UPDATE] 76/200 group_reward=45.41031 group_std=18.01371 group_raw=0.72756 rollout_ret=0.72460 chunk0_ret=0.06474 chunk_last_ret=0.01431
[REWARD_SCALE] live_steps=23.94 min=7 p50=24 p95=24 max=24 survive=0.98059 per_step=0.03027 per_second=1.514 episode30s_projection=45.41
[OBJECTIVE] obj_mean=0.72460 obj_std=0.28875 obj_min=-0.68141 obj_max=1.79797 raw_mean=0.72756 raw_std=0.28659 raw_min=-0.68141 raw_max=1.79797 score_mean=0.03026 rtg_mean=-27.30738 grpo_score=0.58930 early_penalty=0.13529
[PHASE] start_mean=908.43 start_min=14 start_max=1433 fail_rel_mean=19.65
[CHUNK_REWARD] obj_first=0.06474 obj_mid=0.02895 obj_last=0.01364 raw_first=0.06474 raw_mid=0.02903 raw_last=0.01431
[POLICY] loss=-0.00643 policy_loss=-0.00643 value_loss=0.00000 entropy=0.00000 kl=0.01539 step_ratio=0.9994 step_clip=0.0870 post_ratio=1.0060 post_clip=0.0947 grad=0.28804 lr=0.001000 critic_lr=0.000000 sde_steps=4 opt_steps=20
[POLICY_DETAIL] samples=196076 mb=49019 micro_mb=8192 micro_steps=120 batch_ratio=0.9995 batch_min=0.1352 batch_max=5.1120 post_ratio=1.0060 post_min=0.3074 post_max=2.3055 post_clip=0.0947 logp_delta_abs=0.12854 post_logp_delta_abs=0.13800 post_kl=0.01684 old_logp=-15.72959 new_logp=-15.74529 adv_abs=0.75407 grpo_adv_abs=0.75407 valid=0.99729
[TRAIN] mean_reward=14.58725 mean_len=544.62 recent_eps=100 completed_eps=299151
[UPDATE_EFFECT] action_delta=0.02491481 param_rms_delta=0.00199908
[TIME] collect=14.116s update=1.023s
[DONE] timeout=0.00000 anchor_pos=0.00000 anchor_ori=0.00000 ee_body=0.00000
[DONE_ROLLOUT] timeout=0.00000 anchor_pos=0.00720 anchor_ori=0.00000 ee_body=0.01318
[FIRST_FAILURE] chunk_mean=19.65 chunk_min=6 chunk_max=23 phase_mean=922.39 phase_min=397 phase_max=1249 anchor_pos=0.00720 anchor_ori=0.00000 ee_body=0.01318 timeout=0.00000
[TRACK_CHUNK0] anchor_pos=0.97578 anchor_ori=0.82224 body_pos=0.97635 body_ori=0.79897 body_lin=0.54135 body_ang=0.02115
[TRACK_ROLLOUT] anchor_pos=0.82401 anchor_ori=0.53896 body_pos=0.86899 body_ori=0.15121 body_lin=0.49003 body_ang=0.06419
[TRAIN_COST] action_rate=23.14269 joint_torque=3399.15430 joint_limit=0.00204 undesired_contacts=0.82678
[REWARD_WEIGHTED] pos=0.11868 penalty=-0.05394 total=0.06474 act_rate=-0.04629 torque=-0.00068 contacts=-0.00165
[ACT_SUMMARY] abs_mean=0.7022 abs_p95=1.7706 abs_p99=2.4814 abs_max=3.7634 abs_max_all=4.3884 legs=0.6733 waist=0.7054 arms=0.7263 first=0.7022 last=0.7309 latent_abs=0.7586 latent_max=6.8278
[TRAIN_BODY] torso_ori=6.23deg l_wrist_ori=12.82deg r_wrist_ori=13.95deg l_elbow_ori=11.62deg r_elbow_ori=12.47deg l_shoulder_ori=8.61deg r_shoulder_ori=9.82deg
[TRAIN_ANG] torso=2.442 l_wrist=8.579 r_wrist=11.007 l_elbow=7.975 r_elbow=9.660 l_shoulder=4.410 r_shoulder=6.706
[TRAIN_ACT] l_wrist_r=0.5740 l_wrist_p=0.5926 l_wrist_y=0.5742 r_wrist_r=0.5409 r_wrist_p=0.5783 r_wrist_y=0.5904 l_elbow=0.7088 r_elbow=0.8205
[UPDATE] 77/200 group_reward=45.14799 group_std=17.70292 group_raw=0.72322 rollout_ret=0.72036 chunk0_ret=0.06469 chunk_last_ret=0.01431
[REWARD_SCALE] live_steps=23.93 min=7 p50=24 p95=24 max=24 survive=0.98291 per_step=0.03010 per_second=1.505 episode30s_projection=45.15
[OBJECTIVE] obj_mean=0.72036 obj_std=0.28384 obj_min=-0.41713 obj_max=1.84299 raw_mean=0.72322 raw_std=0.28185 raw_min=-0.41713 raw_max=1.84299 score_mean=0.03009 rtg_mean=-27.38125 grpo_score=0.58125 early_penalty=0.13911
[PHASE] start_mean=903.19 start_min=47 start_max=1433 fail_rel_mean=19.09
[CHUNK_REWARD] obj_first=0.06469 obj_mid=0.02882 obj_last=0.01377 raw_first=0.06469 raw_mid=0.02890 raw_last=0.01431
[POLICY] loss=-0.00599 policy_loss=-0.00599 value_loss=0.00000 entropy=0.00000 kl=0.01591 step_ratio=0.9995 step_clip=0.0900 post_ratio=0.9960 post_clip=0.1016 grad=0.30804 lr=0.001000 critic_lr=0.000000 sde_steps=4 opt_steps=20
[POLICY_DETAIL] samples=196061 mb=49015 micro_mb=8192 micro_steps=120 batch_ratio=0.9995 batch_min=0.1526 batch_max=6.9588 post_ratio=0.9960 post_min=0.3547 post_max=2.3740 post_clip=0.1016 logp_delta_abs=0.13087 post_logp_delta_abs=0.14377 post_kl=0.01794 old_logp=-15.72892 new_logp=-15.74507 adv_abs=0.75296 grpo_adv_abs=0.75296 valid=0.99722
[TRAIN] mean_reward=13.45282 mean_len=511.20 recent_eps=100 completed_eps=299291
[UPDATE_EFFECT] action_delta=0.02512371 param_rms_delta=0.00200373
[TIME] collect=14.126s update=0.990s
[DONE] timeout=0.00000 anchor_pos=0.00000 anchor_ori=0.00000 ee_body=0.00000
[DONE_ROLLOUT] timeout=0.00000 anchor_pos=0.00720 anchor_ori=0.00012 ee_body=0.01025
[FIRST_FAILURE] chunk_mean=19.09 chunk_min=6 chunk_max=23 phase_mean=924.84 phase_min=398 phase_max=1381 anchor_pos=0.00720 anchor_ori=0.00012 ee_body=0.01025 timeout=0.00000
[TRACK_CHUNK0] anchor_pos=0.97587 anchor_ori=0.82418 body_pos=0.97608 body_ori=0.79793 body_lin=0.54176 body_ang=0.02235
[TRACK_ROLLOUT] anchor_pos=0.82157 anchor_ori=0.53859 body_pos=0.86824 body_ori=0.15079 body_lin=0.48616 body_ang=0.06401
[TRAIN_COST] action_rate=23.10496 joint_torque=3404.07129 joint_limit=0.00197 undesired_contacts=0.81165
[REWARD_WEIGHTED] pos=0.11876 penalty=-0.05408 total=0.06469 act_rate=-0.04621 torque=-0.00068 contacts=-0.00162
[ACT_SUMMARY] abs_mean=0.7024 abs_p95=1.7650 abs_p99=2.4791 abs_max=3.7656 abs_max_all=4.3691 legs=0.6747 waist=0.7041 arms=0.7257 first=0.7024 last=0.7338 latent_abs=0.7617 latent_max=6.7450
[TRAIN_BODY] torso_ori=6.13deg l_wrist_ori=12.84deg r_wrist_ori=13.94deg l_elbow_ori=11.69deg r_elbow_ori=12.59deg l_shoulder_ori=8.65deg r_shoulder_ori=9.84deg
[TRAIN_ANG] torso=2.447 l_wrist=8.576 r_wrist=10.946 l_elbow=7.902 r_elbow=9.596 l_shoulder=4.471 r_shoulder=6.711
[TRAIN_ACT] l_wrist_r=0.5839 l_wrist_p=0.5888 l_wrist_y=0.5841 r_wrist_r=0.5390 r_wrist_p=0.5838 r_wrist_y=0.5920 l_elbow=0.7142 r_elbow=0.8230
[UPDATE] 78/200 group_reward=46.17047 group_std=17.48264 group_raw=0.73946 rollout_ret=0.73696 chunk0_ret=0.06469 chunk_last_ret=0.01511
[REWARD_SCALE] live_steps=23.94 min=6 p50=24 p95=24 max=24 survive=0.98279 per_step=0.03078 per_second=1.539 episode30s_projection=46.17
[OBJECTIVE] obj_mean=0.73696 obj_std=0.28017 obj_min=-0.27323 obj_max=1.71446 raw_mean=0.73946 raw_std=0.27858 raw_min=-0.27323 raw_max=1.71446 score_mean=0.03077 rtg_mean=-26.51397 grpo_score=0.61718 early_penalty=0.11978
[PHASE] start_mean=898.75 start_min=9 start_max=1431 fail_rel_mean=19.66
[CHUNK_REWARD] obj_first=0.06469 obj_mid=0.02965 obj_last=0.01449 raw_first=0.06469 raw_mid=0.02971 raw_last=0.01511
[POLICY] loss=-0.00610 policy_loss=-0.00610 value_loss=0.00000 entropy=0.00000 kl=0.01515 step_ratio=0.9994 step_clip=0.0854 post_ratio=0.9956 post_clip=0.1045 grad=0.29817 lr=0.001000 critic_lr=0.000000 sde_steps=4 opt_steps=20
[POLICY_DETAIL] samples=196137 mb=49034 micro_mb=8192 micro_steps=120 batch_ratio=0.9998 batch_min=0.1329 batch_max=4.6375 post_ratio=0.9956 post_min=0.4491 post_max=2.3255 post_clip=0.1045 logp_delta_abs=0.12746 post_logp_delta_abs=0.15001 post_kl=0.01887 old_logp=-15.72500 new_logp=-15.74014 adv_abs=0.75503 grpo_adv_abs=0.75503 valid=0.99760
[TRAIN] mean_reward=16.54507 mean_len=615.57 recent_eps=100 completed_eps=299432
[UPDATE_EFFECT] action_delta=0.02332144 param_rms_delta=0.00202263
[TIME] collect=14.086s update=1.000s
[DONE] timeout=0.00000 anchor_pos=0.00000 anchor_ori=0.00000 ee_body=0.00000
[DONE_ROLLOUT] timeout=0.00000 anchor_pos=0.00562 anchor_ori=0.00024 ee_body=0.01208
[FIRST_FAILURE] chunk_mean=19.66 chunk_min=5 chunk_max=23 phase_mean=922.57 phase_min=348 phase_max=1220 anchor_pos=0.00562 anchor_ori=0.00024 ee_body=0.01208 timeout=0.00000
[TRACK_CHUNK0] anchor_pos=0.97608 anchor_ori=0.82611 body_pos=0.97626 body_ori=0.79714 body_lin=0.54537 body_ang=0.02114
[TRACK_ROLLOUT] anchor_pos=0.82382 anchor_ori=0.54902 body_pos=0.86997 body_ori=0.15194 body_lin=0.49117 body_ang=0.06493
[TRAIN_COST] action_rate=23.28459 joint_torque=3508.31299 joint_limit=0.00196 undesired_contacts=0.80615
[REWARD_WEIGHTED] pos=0.11889 penalty=-0.05420 total=0.06469 act_rate=-0.04657 torque=-0.00070 contacts=-0.00161
[ACT_SUMMARY] abs_mean=0.7047 abs_p95=1.7717 abs_p99=2.4803 abs_max=3.8756 abs_max_all=4.5530 legs=0.6819 waist=0.7035 arms=0.7246 first=0.7047 last=0.7319 latent_abs=0.7601 latent_max=7.6550
[TRAIN_BODY] torso_ori=6.13deg l_wrist_ori=12.71deg r_wrist_ori=14.03deg l_elbow_ori=11.58deg r_elbow_ori=12.65deg l_shoulder_ori=8.73deg r_shoulder_ori=10.15deg
[TRAIN_ANG] torso=2.452 l_wrist=8.712 r_wrist=10.920 l_elbow=7.990 r_elbow=9.548 l_shoulder=4.521 r_shoulder=6.600
[TRAIN_ACT] l_wrist_r=0.5814 l_wrist_p=0.5946 l_wrist_y=0.5740 r_wrist_r=0.5415 r_wrist_p=0.5752 r_wrist_y=0.5904 l_elbow=0.7080 r_elbow=0.8087
[UPDATE] 79/200 group_reward=45.19314 group_std=17.92344 group_raw=0.72408 rollout_ret=0.72135 chunk0_ret=0.06473 chunk_last_ret=0.01466
[REWARD_SCALE] live_steps=23.94 min=9 p50=24 p95=24 max=24 survive=0.97949 per_step=0.03013 per_second=1.506 episode30s_projection=45.19
[OBJECTIVE] obj_mean=0.72135 obj_std=0.28720 obj_min=-0.32101 obj_max=1.83511 raw_mean=0.72408 raw_std=0.28569 raw_min=-0.32101 raw_max=1.83511 score_mean=0.03012 rtg_mean=-26.57860 grpo_score=0.60080 early_penalty=0.12054
[PHASE] start_mean=901.02 start_min=7 start_max=1433 fail_rel_mean=20.18
[CHUNK_REWARD] obj_first=0.06473 obj_mid=0.02947 obj_last=0.01397 raw_first=0.06473 raw_mid=0.02949 raw_last=0.01466
[POLICY] loss=-0.00610 policy_loss=-0.00610 value_loss=0.00000 entropy=0.00000 kl=0.01583 step_ratio=0.9998 step_clip=0.0902 post_ratio=1.0024 post_clip=0.1074 grad=0.30984 lr=0.001000 critic_lr=0.000000 sde_steps=4 opt_steps=20
[POLICY_DETAIL] samples=196134 mb=49033 micro_mb=8192 micro_steps=120 batch_ratio=0.9997 batch_min=0.1261 batch_max=4.2767 post_ratio=1.0024 post_min=0.4063 post_max=1.9182 post_clip=0.1074 logp_delta_abs=0.13043 post_logp_delta_abs=0.14654 post_kl=0.01911 old_logp=-15.73533 new_logp=-15.75123 adv_abs=0.75532 grpo_adv_abs=0.75532 valid=0.99759
[TRAIN] mean_reward=14.75643 mean_len=538.09 recent_eps=100 completed_eps=299600
[UPDATE_EFFECT] action_delta=0.02388701 param_rms_delta=0.00203970
[TIME] collect=14.166s update=0.996s
[DONE] timeout=0.00000 anchor_pos=0.00000 anchor_ori=0.00000 ee_body=0.00000
[DONE_ROLLOUT] timeout=0.00000 anchor_pos=0.00623 anchor_ori=0.00000 ee_body=0.01575
[FIRST_FAILURE] chunk_mean=20.18 chunk_min=8 chunk_max=23 phase_mean=910.79 phase_min=366 phase_max=1222 anchor_pos=0.00623 anchor_ori=0.00000 ee_body=0.01575 timeout=0.00000
[TRACK_CHUNK0] anchor_pos=0.97623 anchor_ori=0.82448 body_pos=0.97601 body_ori=0.79615 body_lin=0.53930 body_ang=0.02175
[TRACK_ROLLOUT] anchor_pos=0.82356 anchor_ori=0.54363 body_pos=0.86765 body_ori=0.15384 body_lin=0.48337 body_ang=0.06384
[TRAIN_COST] action_rate=23.00861 joint_torque=3475.92188 joint_limit=0.00190 undesired_contacts=0.88171
[REWARD_WEIGHTED] pos=0.11869 penalty=-0.05396 total=0.06473 act_rate=-0.04602 torque=-0.00070 contacts=-0.00176
[ACT_SUMMARY] abs_mean=0.7011 abs_p95=1.7613 abs_p99=2.4641 abs_max=3.7935 abs_max_all=4.5252 legs=0.6807 waist=0.6974 arms=0.7194 first=0.7011 last=0.7335 latent_abs=0.7609 latent_max=7.4968
[TRAIN_BODY] torso_ori=6.23deg l_wrist_ori=12.98deg r_wrist_ori=13.96deg l_elbow_ori=11.77deg r_elbow_ori=12.52deg l_shoulder_ori=8.80deg r_shoulder_ori=9.90deg
[TRAIN_ANG] torso=2.417 l_wrist=8.676 r_wrist=10.807 l_elbow=7.932 r_elbow=9.488 l_shoulder=4.365 r_shoulder=6.536
[TRAIN_ACT] l_wrist_r=0.5777 l_wrist_p=0.5905 l_wrist_y=0.5760 r_wrist_r=0.5439 r_wrist_p=0.5772 r_wrist_y=0.5961 l_elbow=0.7076 r_elbow=0.7966
[UPDATE] 80/200 group_reward=45.76086 group_std=17.27283 group_raw=0.73273 rollout_ret=0.73103 chunk0_ret=0.06490 chunk_last_ret=0.01437
[REWARD_SCALE] live_steps=23.96 min=11 p50=24 p95=24 max=24 survive=0.98730 per_step=0.03051 per_second=1.525 episode30s_projection=45.76
[OBJECTIVE] obj_mean=0.73103 obj_std=0.27647 obj_min=-0.30486 obj_max=1.76202 raw_mean=0.73273 raw_std=0.27578 raw_min=-0.30486 raw_max=1.76202 score_mean=0.03051 rtg_mean=-26.10478 grpo_score=0.65296 early_penalty=0.07807
[PHASE] start_mean=897.19 start_min=23 start_max=1433 fail_rel_mean=20.05
[CHUNK_REWARD] obj_first=0.06490 obj_mid=0.02949 obj_last=0.01398 raw_first=0.06490 raw_mid=0.02950 raw_last=0.01437
[POLICY] loss=-0.00598 policy_loss=-0.00598 value_loss=0.00000 entropy=0.00000 kl=0.01597 step_ratio=0.9994 step_clip=0.0909 post_ratio=1.0026 post_clip=0.1416 grad=0.31185 lr=0.001000 critic_lr=0.000000 sde_steps=4 opt_steps=20
[POLICY_DETAIL] samples=196301 mb=49075 micro_mb=8192 micro_steps=120 batch_ratio=0.9995 batch_min=0.0272 batch_max=5.2466 post_ratio=1.0026 post_min=0.4455 post_max=2.0701 post_clip=0.1416 logp_delta_abs=0.13091 post_logp_delta_abs=0.15555 post_kl=0.02090 old_logp=-15.73087 new_logp=-15.74706 adv_abs=0.75426 grpo_adv_abs=0.75426 valid=0.99844
[TRAIN] mean_reward=15.62096 mean_len=564.02 recent_eps=100 completed_eps=299704
[UPDATE_EFFECT] action_delta=0.02770533 param_rms_delta=0.00199110
[TIME] collect=14.180s update=1.003s
[DONE] timeout=0.00000 anchor_pos=0.00000 anchor_ori=0.00000 ee_body=0.00000
[DONE_ROLLOUT] timeout=0.00000 anchor_pos=0.00415 anchor_ori=0.00000 ee_body=0.00916
[FIRST_FAILURE] chunk_mean=20.05 chunk_min=10 chunk_max=23 phase_mean=900.80 phase_min=198 phase_max=1250 anchor_pos=0.00415 anchor_ori=0.00000 ee_body=0.00916 timeout=0.00000
[TRACK_CHUNK0] anchor_pos=0.97570 anchor_ori=0.82947 body_pos=0.97627 body_ori=0.79681 body_lin=0.53964 body_ang=0.02238
[TRACK_ROLLOUT] anchor_pos=0.82491 anchor_ori=0.54529 body_pos=0.86945 body_ori=0.15438 body_lin=0.48403 body_ang=0.06357
[TRAIN_COST] action_rate=23.02371 joint_torque=3439.00488 joint_limit=0.00187 undesired_contacts=0.85315
[REWARD_WEIGHTED] pos=0.11891 penalty=-0.05400 total=0.06490 act_rate=-0.04605 torque=-0.00069 contacts=-0.00171
[ACT_SUMMARY] abs_mean=0.7000 abs_p95=1.7663 abs_p99=2.4800 abs_max=3.7350 abs_max_all=4.4562 legs=0.6787 waist=0.6977 arms=0.7187 first=0.7000 last=0.7323 latent_abs=0.7603 latent_max=7.1396
[TRAIN_BODY] torso_ori=6.10deg l_wrist_ori=12.89deg r_wrist_ori=13.92deg l_elbow_ori=11.64deg r_elbow_ori=12.68deg l_shoulder_ori=8.74deg r_shoulder_ori=9.79deg
[TRAIN_ANG] torso=2.415 l_wrist=8.601 r_wrist=10.903 l_elbow=7.910 r_elbow=9.525 l_shoulder=4.452 r_shoulder=6.477
[TRAIN_ACT] l_wrist_r=0.5842 l_wrist_p=0.5949 l_wrist_y=0.5819 r_wrist_r=0.5360 r_wrist_p=0.5743 r_wrist_y=0.5847 l_elbow=0.7118 r_elbow=0.7809
[UPDATE] 81/200 group_reward=46.25627 group_std=17.58965 group_raw=0.74116 rollout_ret=0.73807 chunk0_ret=0.06491 chunk_last_ret=0.01510
[REWARD_SCALE] live_steps=23.93 min=9 p50=24 p95=24 max=24 survive=0.98145 per_step=0.03084 per_second=1.542 episode30s_projection=46.26
[OBJECTIVE] obj_mean=0.73807 obj_std=0.28190 obj_min=-0.34168 obj_max=1.82829 raw_mean=0.74116 raw_std=0.28070 raw_min=-0.34168 raw_max=1.82829 score_mean=0.03084 rtg_mean=-26.29518 grpo_score=0.60074 early_penalty=0.13733
[PHASE] start_mean=905.91 start_min=11 start_max=1433 fail_rel_mean=19.45
[CHUNK_REWARD] obj_first=0.06491 obj_mid=0.02985 obj_last=0.01436 raw_first=0.06491 raw_mid=0.02991 raw_last=0.01510
[POLICY] loss=-0.00698 policy_loss=-0.00698 value_loss=0.00000 entropy=0.00000 kl=0.01446 step_ratio=0.9996 step_clip=0.0802 post_ratio=1.0065 post_clip=0.1201 grad=0.26874 lr=0.001000 critic_lr=0.000000 sde_steps=4 opt_steps=20
[POLICY_DETAIL] samples=196068 mb=49017 micro_mb=8192 micro_steps=120 batch_ratio=0.9998 batch_min=0.1487 batch_max=6.8748 post_ratio=1.0065 post_min=0.4470 post_max=2.5075 post_clip=0.1201 logp_delta_abs=0.12557 post_logp_delta_abs=0.15257 post_kl=0.02055 old_logp=-15.72997 new_logp=-15.74449 adv_abs=0.75621 grpo_adv_abs=0.75621 valid=0.99725
[TRAIN] mean_reward=17.35032 mean_len=644.69 recent_eps=100 completed_eps=299856
[UPDATE_EFFECT] action_delta=0.02529527 param_rms_delta=0.00203538
[TIME] collect=14.136s update=1.002s
[DONE] timeout=0.00000 anchor_pos=0.00000 anchor_ori=0.00000 ee_body=0.00000
[DONE_ROLLOUT] timeout=0.00000 anchor_pos=0.00415 anchor_ori=0.00000 ee_body=0.01526
[FIRST_FAILURE] chunk_mean=19.45 chunk_min=8 chunk_max=23 phase_mean=945.83 phase_min=342 phase_max=1230 anchor_pos=0.00415 anchor_ori=0.00000 ee_body=0.01526 timeout=0.00000
[TRACK_CHUNK0] anchor_pos=0.97616 anchor_ori=0.82622 body_pos=0.97595 body_ori=0.79599 body_lin=0.54244 body_ang=0.02318
[TRACK_ROLLOUT] anchor_pos=0.82252 anchor_ori=0.55619 body_pos=0.87109 body_ori=0.15459 body_lin=0.48244 body_ang=0.06421
[TRAIN_COST] action_rate=23.20438 joint_torque=3538.30542 joint_limit=0.00187 undesired_contacts=0.84094
[REWARD_WEIGHTED] pos=0.11885 penalty=-0.05393 total=0.06491 act_rate=-0.04641 torque=-0.00071 contacts=-0.00168
[ACT_SUMMARY] abs_mean=0.7038 abs_p95=1.7743 abs_p99=2.4631 abs_max=3.9101 abs_max_all=4.4319 legs=0.6858 waist=0.7082 arms=0.7183 first=0.7038 last=0.7298 latent_abs=0.7587 latent_max=7.0241
[TRAIN_BODY] torso_ori=6.22deg l_wrist_ori=12.98deg r_wrist_ori=14.15deg l_elbow_ori=11.67deg r_elbow_ori=12.69deg l_shoulder_ori=8.77deg r_shoulder_ori=9.93deg
[TRAIN_ANG] torso=2.411 l_wrist=8.577 r_wrist=10.762 l_elbow=7.920 r_elbow=9.494 l_shoulder=4.539 r_shoulder=6.509
[TRAIN_ACT] l_wrist_r=0.5830 l_wrist_p=0.5931 l_wrist_y=0.5804 r_wrist_r=0.5338 r_wrist_p=0.5629 r_wrist_y=0.5999 l_elbow=0.7312 r_elbow=0.7909
[UPDATE] 82/200 group_reward=46.24804 group_std=17.38418 group_raw=0.74076 rollout_ret=0.73853 chunk0_ret=0.06529 chunk_last_ret=0.01562
[REWARD_SCALE] live_steps=23.95 min=3 p50=24 p95=24 max=24 survive=0.98364 per_step=0.03083 per_second=1.542 episode30s_projection=46.25
[OBJECTIVE] obj_mean=0.73853 obj_std=0.27822 obj_min=-0.35203 obj_max=1.78670 raw_mean=0.74076 raw_std=0.27699 raw_min=-0.35203 raw_max=1.78670 score_mean=0.03082 rtg_mean=-25.90710 grpo_score=0.64164 early_penalty=0.09689
[PHASE] start_mean=906.97 start_min=6 start_max=1433 fail_rel_mean=20.16
[CHUNK_REWARD] obj_first=0.06529 obj_mid=0.02978 obj_last=0.01509 raw_first=0.06529 raw_mid=0.02981 raw_last=0.01562
[POLICY] loss=-0.00661 policy_loss=-0.00661 value_loss=0.00000 entropy=0.00000 kl=0.01538 step_ratio=0.9995 step_clip=0.0875 post_ratio=1.0065 post_clip=0.1084 grad=0.29686 lr=0.001000 critic_lr=0.000000 sde_steps=4 opt_steps=20
[POLICY_DETAIL] samples=196227 mb=49056 micro_mb=8192 micro_steps=120 batch_ratio=0.9996 batch_min=0.1360 batch_max=6.7540 post_ratio=1.0065 post_min=0.4698 post_max=2.2641 post_clip=0.1084 logp_delta_abs=0.12871 post_logp_delta_abs=0.15389 post_kl=0.02012 old_logp=-15.73441 new_logp=-15.74996 adv_abs=0.75458 grpo_adv_abs=0.75458 valid=0.99806
[TRAIN] mean_reward=16.33760 mean_len=603.13 recent_eps=100 completed_eps=299990
[UPDATE_EFFECT] action_delta=0.02589148 param_rms_delta=0.00202759
[TIME] collect=14.285s update=0.984s
[DONE] timeout=0.00000 anchor_pos=0.00000 anchor_ori=0.00000 ee_body=0.00000
[DONE_ROLLOUT] timeout=0.00000 anchor_pos=0.00623 anchor_ori=0.00000 ee_body=0.01147
[FIRST_FAILURE] chunk_mean=20.16 chunk_min=2 chunk_max=23 phase_mean=962.73 phase_min=425 phase_max=1260 anchor_pos=0.00623 anchor_ori=0.00000 ee_body=0.01147 timeout=0.00000
[TRACK_CHUNK0] anchor_pos=0.97645 anchor_ori=0.82934 body_pos=0.97580 body_ori=0.79394 body_lin=0.54425 body_ang=0.02275
[TRACK_ROLLOUT] anchor_pos=0.82602 anchor_ori=0.55384 body_pos=0.87102 body_ori=0.15354 body_lin=0.48576 body_ang=0.06392
[TRAIN_COST] action_rate=22.95745 joint_torque=3514.99023 joint_limit=0.00223 undesired_contacts=0.87268
[REWARD_WEIGHTED] pos=0.11897 penalty=-0.05368 total=0.06529 act_rate=-0.04591 torque=-0.00070 contacts=-0.00175
[ACT_SUMMARY] abs_mean=0.7001 abs_p95=1.7633 abs_p99=2.4464 abs_max=3.9183 abs_max_all=4.6214 legs=0.6844 waist=0.6948 arms=0.7147 first=0.7001 last=0.7328 latent_abs=0.7605 latent_max=8.0884
[TRAIN_BODY] torso_ori=6.15deg l_wrist_ori=13.25deg r_wrist_ori=13.95deg l_elbow_ori=12.01deg r_elbow_ori=12.61deg l_shoulder_ori=8.85deg r_shoulder_ori=9.58deg
[TRAIN_ANG] torso=2.384 l_wrist=8.528 r_wrist=10.829 l_elbow=7.908 r_elbow=9.551 l_shoulder=4.466 r_shoulder=6.332
[TRAIN_ACT] l_wrist_r=0.5828 l_wrist_p=0.5920 l_wrist_y=0.5849 r_wrist_r=0.5401 r_wrist_p=0.5726 r_wrist_y=0.5932 l_elbow=0.7165 r_elbow=0.7878
[UPDATE] 83/200 group_reward=46.69600 group_std=17.90385 group_raw=0.74792 rollout_ret=0.74561 chunk0_ret=0.06556 chunk_last_ret=0.01592
[REWARD_SCALE] live_steps=23.95 min=10 p50=24 p95=24 max=24 survive=0.98425 per_step=0.03113 per_second=1.557 episode30s_projection=46.70
[OBJECTIVE] obj_mean=0.74561 obj_std=0.28670 obj_min=-0.36233 obj_max=1.80654 raw_mean=0.74792 raw_std=0.28563 raw_min=-0.36233 raw_max=1.80654 score_mean=0.03113 rtg_mean=-25.72163 grpo_score=0.64337 early_penalty=0.10223
[PHASE] start_mean=899.58 start_min=26 start_max=1433 fail_rel_mean=19.88
[CHUNK_REWARD] obj_first=0.06556 obj_mid=0.02989 obj_last=0.01540 raw_first=0.06556 raw_mid=0.02993 raw_last=0.01592
[POLICY] loss=-0.00697 policy_loss=-0.00697 value_loss=0.00000 entropy=0.00000 kl=0.01538 step_ratio=0.9995 step_clip=0.0864 post_ratio=1.0028 post_clip=0.1055 grad=0.28409 lr=0.001000 critic_lr=0.000000 sde_steps=4 opt_steps=20
[POLICY_DETAIL] samples=196206 mb=49051 micro_mb=8192 micro_steps=120 batch_ratio=0.9995 batch_min=0.1650 batch_max=4.0881 post_ratio=1.0028 post_min=0.4305 post_max=2.6978 post_clip=0.1055 logp_delta_abs=0.12934 post_logp_delta_abs=0.14515 post_kl=0.01841 old_logp=-15.73053 new_logp=-15.74618 adv_abs=0.75479 grpo_adv_abs=0.75479 valid=0.99796
[TRAIN] mean_reward=18.29578 mean_len=648.56 recent_eps=100 completed_eps=300119
[UPDATE_EFFECT] action_delta=0.02345202 param_rms_delta=0.00201201
[TIME] collect=14.177s update=0.980s
[DONE] timeout=0.00000 anchor_pos=0.00000 anchor_ori=0.00000 ee_body=0.00000
[DONE_ROLLOUT] timeout=0.00000 anchor_pos=0.00354 anchor_ori=0.00000 ee_body=0.01392
[FIRST_FAILURE] chunk_mean=19.88 chunk_min=9 chunk_max=23 phase_mean=909.40 phase_min=393 phase_max=1181 anchor_pos=0.00354 anchor_ori=0.00000 ee_body=0.01392 timeout=0.00000
[TRACK_CHUNK0] anchor_pos=0.97609 anchor_ori=0.83002 body_pos=0.97643 body_ori=0.79741 body_lin=0.54089 body_ang=0.02394
[TRACK_ROLLOUT] anchor_pos=0.82589 anchor_ori=0.55769 body_pos=0.87178 body_ori=0.15507 body_lin=0.48756 body_ang=0.06505
[TRAIN_COST] action_rate=22.98071 joint_torque=3533.57031 joint_limit=0.00189 undesired_contacts=0.85034
[REWARD_WEIGHTED] pos=0.11902 penalty=-0.05346 total=0.06556 act_rate=-0.04596 torque=-0.00071 contacts=-0.00170
[ACT_SUMMARY] abs_mean=0.7005 abs_p95=1.7642 abs_p99=2.4589 abs_max=3.8423 abs_max_all=4.5333 legs=0.6873 waist=0.7036 arms=0.7111 first=0.7005 last=0.7310 latent_abs=0.7611 latent_max=7.5423
[TRAIN_BODY] torso_ori=6.10deg l_wrist_ori=12.92deg r_wrist_ori=13.97deg l_elbow_ori=11.74deg r_elbow_ori=12.60deg l_shoulder_ori=8.61deg r_shoulder_ori=9.80deg
[TRAIN_ANG] torso=2.412 l_wrist=8.437 r_wrist=10.913 l_elbow=7.778 r_elbow=9.571 l_shoulder=4.406 r_shoulder=6.409
[TRAIN_ACT] l_wrist_r=0.5790 l_wrist_p=0.5880 l_wrist_y=0.5870 r_wrist_r=0.5284 r_wrist_p=0.5660 r_wrist_y=0.5831 l_elbow=0.7154 r_elbow=0.7863
[UPDATE] 84/200 group_reward=45.64828 group_std=17.83885 group_raw=0.73116 rollout_ret=0.72846 chunk0_ret=0.06440 chunk_last_ret=0.01542
[REWARD_SCALE] live_steps=23.94 min=9 p50=24 p95=24 max=24 survive=0.98621 per_step=0.03043 per_second=1.522 episode30s_projection=45.65
[OBJECTIVE] obj_mean=0.72846 obj_std=0.28593 obj_min=-0.31485 obj_max=1.80308 raw_mean=0.73116 raw_std=0.28438 raw_min=-0.31485 raw_max=1.80308 score_mean=0.03042 rtg_mean=-25.63070 grpo_score=0.59775 early_penalty=0.13072
[PHASE] start_mean=909.32 start_min=9 start_max=1433 fail_rel_mean=18.45
[CHUNK_REWARD] obj_first=0.06440 obj_mid=0.02905 obj_last=0.01495 raw_first=0.06440 raw_mid=0.02914 raw_last=0.01542
[POLICY] loss=-0.00642 policy_loss=-0.00642 value_loss=0.00000 entropy=0.00000 kl=0.01590 step_ratio=0.9993 step_clip=0.0907 post_ratio=1.0007 post_clip=0.0840 grad=0.31374 lr=0.001000 critic_lr=0.000000 sde_steps=4 opt_steps=20
[POLICY_DETAIL] samples=196094 mb=49023 micro_mb=8192 micro_steps=120 batch_ratio=0.9996 batch_min=0.1545 batch_max=4.6927 post_ratio=1.0007 post_min=0.5073 post_max=2.4764 post_clip=0.0840 logp_delta_abs=0.13123 post_logp_delta_abs=0.13646 post_kl=0.01612 old_logp=-15.73142 new_logp=-15.74747 adv_abs=0.75621 grpo_adv_abs=0.75621 valid=0.99739
[TRAIN] mean_reward=17.41988 mean_len=623.05 recent_eps=100 completed_eps=300232
[UPDATE_EFFECT] action_delta=0.02413630 param_rms_delta=0.00201193
[TIME] collect=14.125s update=1.015s
[DONE] timeout=0.00000 anchor_pos=0.00000 anchor_ori=0.00000 ee_body=0.00000
[DONE_ROLLOUT] timeout=0.00000 anchor_pos=0.00293 anchor_ori=0.00000 ee_body=0.01111
[FIRST_FAILURE] chunk_mean=18.45 chunk_min=8 chunk_max=23 phase_mean=946.44 phase_min=520 phase_max=1392 anchor_pos=0.00293 anchor_ori=0.00000 ee_body=0.01111 timeout=0.00000
[TRACK_CHUNK0] anchor_pos=0.97658 anchor_ori=0.82230 body_pos=0.97644 body_ori=0.79702 body_lin=0.54358 body_ang=0.02267
[TRACK_ROLLOUT] anchor_pos=0.82660 anchor_ori=0.54647 body_pos=0.87077 body_ori=0.15401 body_lin=0.48375 body_ang=0.06432
[TRAIN_COST] action_rate=23.29766 joint_torque=3539.58643 joint_limit=0.00208 undesired_contacts=0.83838
[REWARD_WEIGHTED] pos=0.11875 penalty=-0.05435 total=0.06440 act_rate=-0.04660 torque=-0.00071 contacts=-0.00168
[ACT_SUMMARY] abs_mean=0.7046 abs_p95=1.7780 abs_p99=2.4793 abs_max=3.8694 abs_max_all=4.5276 legs=0.6936 waist=0.6951 arms=0.7161 first=0.7046 last=0.7319 latent_abs=0.7600 latent_max=7.5102
[TRAIN_BODY] torso_ori=6.17deg l_wrist_ori=12.85deg r_wrist_ori=13.90deg l_elbow_ori=11.72deg r_elbow_ori=12.46deg l_shoulder_ori=8.75deg r_shoulder_ori=9.79deg
[TRAIN_ANG] torso=2.357 l_wrist=8.526 r_wrist=10.783 l_elbow=7.834 r_elbow=9.515 l_shoulder=4.388 r_shoulder=6.451
[TRAIN_ACT] l_wrist_r=0.5926 l_wrist_p=0.5851 l_wrist_y=0.5835 r_wrist_r=0.5386 r_wrist_p=0.5667 r_wrist_y=0.5824 l_elbow=0.7098 r_elbow=0.7819
[UPDATE] 85/200 group_reward=45.73991 group_std=18.22054 group_raw=0.73325 rollout_ret=0.72855 chunk0_ret=0.06434 chunk_last_ret=0.01627
[REWARD_SCALE] live_steps=23.89 min=9 p50=24 p95=24 max=24 survive=0.97888 per_step=0.03049 per_second=1.525 episode30s_projection=45.74
[OBJECTIVE] obj_mean=0.72855 obj_std=0.29238 obj_min=-0.28943 obj_max=1.76947 raw_mean=0.73325 raw_std=0.29051 raw_min=-0.28943 raw_max=1.76947 score_mean=0.03048 rtg_mean=-25.72727 grpo_score=0.50399 early_penalty=0.22456
[PHASE] start_mean=906.79 start_min=12 start_max=1433 fail_rel_mean=17.90
[CHUNK_REWARD] obj_first=0.06434 obj_mid=0.02934 obj_last=0.01553 raw_first=0.06434 raw_mid=0.02941 raw_last=0.01627
[POLICY] loss=-0.00690 policy_loss=-0.00690 value_loss=0.00000 entropy=0.00000 kl=0.01532 step_ratio=0.9994 step_clip=0.0867 post_ratio=1.0021 post_clip=0.1016 grad=0.29539 lr=0.001000 critic_lr=0.000000 sde_steps=4 opt_steps=20
[POLICY_DETAIL] samples=195725 mb=48931 micro_mb=8192 micro_steps=120 batch_ratio=0.9995 batch_min=0.1183 batch_max=5.6312 post_ratio=1.0021 post_min=0.4111 post_max=2.1057 post_clip=0.1016 logp_delta_abs=0.12908 post_logp_delta_abs=0.14517 post_kl=0.01795 old_logp=-15.73033 new_logp=-15.74594 adv_abs=0.75487 grpo_adv_abs=0.75487 valid=0.99551
[TRAIN] mean_reward=16.23336 mean_len=576.81 recent_eps=100 completed_eps=300405
[UPDATE_EFFECT] action_delta=0.02570656 param_rms_delta=0.00200999
[TIME] collect=14.158s update=0.998s
[DONE] timeout=0.00000 anchor_pos=0.00000 anchor_ori=0.00000 ee_body=0.00000
[DONE_ROLLOUT] timeout=0.00000 anchor_pos=0.00366 anchor_ori=0.00000 ee_body=0.01807
[FIRST_FAILURE] chunk_mean=17.90 chunk_min=8 chunk_max=23 phase_mean=889.65 phase_min=323 phase_max=1224 anchor_pos=0.00366 anchor_ori=0.00000 ee_body=0.01807 timeout=0.00000
[TRACK_CHUNK0] anchor_pos=0.97636 anchor_ori=0.82650 body_pos=0.97638 body_ori=0.79620 body_lin=0.54093 body_ang=0.02245
[TRACK_ROLLOUT] anchor_pos=0.82746 anchor_ori=0.55267 body_pos=0.87008 body_ori=0.15019 body_lin=0.48103 body_ang=0.06266
[TRAIN_COST] action_rate=23.35462 joint_torque=3574.75220 joint_limit=0.00191 undesired_contacts=0.83228
[REWARD_WEIGHTED] pos=0.11883 penalty=-0.05449 total=0.06434 act_rate=-0.04671 torque=-0.00071 contacts=-0.00166
[ACT_SUMMARY] abs_mean=0.7055 abs_p95=1.7777 abs_p99=2.4819 abs_max=3.9566 abs_max_all=4.5404 legs=0.6998 waist=0.6906 arms=0.7137 first=0.7055 last=0.7306 latent_abs=0.7608 latent_max=7.5821
[TRAIN_BODY] torso_ori=6.12deg l_wrist_ori=12.98deg r_wrist_ori=14.10deg l_elbow_ori=11.77deg r_elbow_ori=12.69deg l_shoulder_ori=8.71deg r_shoulder_ori=9.79deg
[TRAIN_ANG] torso=2.405 l_wrist=8.444 r_wrist=11.025 l_elbow=7.727 r_elbow=9.655 l_shoulder=4.284 r_shoulder=6.653
[TRAIN_ACT] l_wrist_r=0.5829 l_wrist_p=0.5906 l_wrist_y=0.5797 r_wrist_r=0.5331 r_wrist_p=0.5642 r_wrist_y=0.5863 l_elbow=0.7215 r_elbow=0.7797
[UPDATE] 86/200 group_reward=46.42389 group_std=18.52815 group_raw=0.74414 rollout_ret=0.73896 chunk0_ret=0.06406 chunk_last_ret=0.01652
[REWARD_SCALE] live_steps=23.88 min=6 p50=24 p95=24 max=24 survive=0.97510 per_step=0.03095 per_second=1.547 episode30s_projection=46.42
[OBJECTIVE] obj_mean=0.73896 obj_std=0.29806 obj_min=-0.36133 obj_max=1.74265 raw_mean=0.74414 raw_std=0.29420 raw_min=-0.36133 raw_max=1.74265 score_mean=0.03090 rtg_mean=-25.39091 grpo_score=0.48185 early_penalty=0.25711
[PHASE] start_mean=911.77 start_min=10 start_max=1433 fail_rel_mean=18.04
[CHUNK_REWARD] obj_first=0.06406 obj_mid=0.02983 obj_last=0.01563 raw_first=0.06406 raw_mid=0.02990 raw_last=0.01652
[POLICY] loss=-0.00656 policy_loss=-0.00656 value_loss=0.00000 entropy=0.00000 kl=0.01529 step_ratio=0.9994 step_clip=0.0866 post_ratio=0.9955 post_clip=0.1279 grad=0.29596 lr=0.001000 critic_lr=0.000000 sde_steps=4 opt_steps=20
[POLICY_DETAIL] samples=195597 mb=48899 micro_mb=8192 micro_steps=120 batch_ratio=0.9996 batch_min=0.1657 batch_max=6.5069 post_ratio=0.9955 post_min=0.3169 post_max=1.9713 post_clip=0.1279 logp_delta_abs=0.12873 post_logp_delta_abs=0.15801 post_kl=0.02246 old_logp=-15.73082 new_logp=-15.74631 adv_abs=0.75587 grpo_adv_abs=0.75587 valid=0.99486
[TRAIN] mean_reward=17.96156 mean_len=642.72 recent_eps=100 completed_eps=300609
[UPDATE_EFFECT] action_delta=0.02734498 param_rms_delta=0.00201241
[TIME] collect=14.189s update=0.981s
[DONE] timeout=0.00000 anchor_pos=0.00000 anchor_ori=0.00000 ee_body=0.00000
[DONE_ROLLOUT] timeout=0.00000 anchor_pos=0.00281 anchor_ori=0.00000 ee_body=0.02258
[FIRST_FAILURE] chunk_mean=18.04 chunk_min=5 chunk_max=23 phase_mean=951.01 phase_min=431 phase_max=1231 anchor_pos=0.00281 anchor_ori=0.00000 ee_body=0.02258 timeout=0.00000
[TRACK_CHUNK0] anchor_pos=0.97641 anchor_ori=0.82331 body_pos=0.97623 body_ori=0.79715 body_lin=0.54293 body_ang=0.02139
[TRACK_ROLLOUT] anchor_pos=0.83057 anchor_ori=0.56029 body_pos=0.86956 body_ori=0.15031 body_lin=0.48336 body_ang=0.06369
[TRAIN_COST] action_rate=23.48339 joint_torque=3629.65869 joint_limit=0.00181 undesired_contacts=0.82751
[REWARD_WEIGHTED] pos=0.11874 penalty=-0.05468 total=0.06406 act_rate=-0.04697 torque=-0.00073 contacts=-0.00166
[ACT_SUMMARY] abs_mean=0.7080 abs_p95=1.7801 abs_p99=2.4821 abs_max=3.9177 abs_max_all=4.4614 legs=0.7041 waist=0.6935 arms=0.7145 first=0.7080 last=0.7275 latent_abs=0.7604 latent_max=7.1650
[TRAIN_BODY] torso_ori=6.25deg l_wrist_ori=12.93deg r_wrist_ori=13.76deg l_elbow_ori=11.70deg r_elbow_ori=12.42deg l_shoulder_ori=8.71deg r_shoulder_ori=9.86deg
[TRAIN_ANG] torso=2.366 l_wrist=8.391 r_wrist=11.100 l_elbow=7.791 r_elbow=9.770 l_shoulder=4.321 r_shoulder=6.749
[TRAIN_ACT] l_wrist_r=0.5856 l_wrist_p=0.6016 l_wrist_y=0.5883 r_wrist_r=0.5280 r_wrist_p=0.5615 r_wrist_y=0.5873 l_elbow=0.7038 r_elbow=0.7912
[UPDATE] 87/200 group_reward=45.86168 group_std=17.82663 group_raw=0.73511 rollout_ret=0.73011 chunk0_ret=0.06407 chunk_last_ret=0.01613
[REWARD_SCALE] live_steps=23.88 min=7 p50=24 p95=24 max=24 survive=0.97729 per_step=0.03057 per_second=1.529 episode30s_projection=45.86
[OBJECTIVE] obj_mean=0.73011 obj_std=0.28609 obj_min=-0.32762 obj_max=1.75120 raw_mean=0.73511 raw_std=0.28398 raw_min=-0.32762 raw_max=1.75120 score_mean=0.03057 rtg_mean=-25.27364 grpo_score=0.47935 early_penalty=0.25075
[PHASE] start_mean=905.89 start_min=7 start_max=1433 fail_rel_mean=17.70
[CHUNK_REWARD] obj_first=0.06407 obj_mid=0.02992 obj_last=0.01529 raw_first=0.06407 raw_mid=0.03007 raw_last=0.01613
[POLICY] loss=-0.00735 policy_loss=-0.00735 value_loss=0.00000 entropy=0.00000 kl=0.01436 step_ratio=0.9996 step_clip=0.0798 post_ratio=1.0020 post_clip=0.1113 grad=0.26870 lr=0.001000 critic_lr=0.000000 sde_steps=4 opt_steps=20
[POLICY_DETAIL] samples=195622 mb=48905 micro_mb=8192 micro_steps=120 batch_ratio=0.9997 batch_min=0.1871 batch_max=4.0372 post_ratio=1.0020 post_min=0.4066 post_max=2.0841 post_clip=0.1113 logp_delta_abs=0.12495 post_logp_delta_abs=0.14842 post_kl=0.01963 old_logp=-15.73032 new_logp=-15.74482 adv_abs=0.75659 grpo_adv_abs=0.75659 valid=0.99498
[TRAIN] mean_reward=19.54500 mean_len=710.87 recent_eps=100 completed_eps=300795
[UPDATE_EFFECT] action_delta=0.02466405 param_rms_delta=0.00203438
[TIME] collect=14.187s update=0.986s
[DONE] timeout=0.00000 anchor_pos=0.00000 anchor_ori=0.00000 ee_body=0.00000
[DONE_ROLLOUT] timeout=0.00000 anchor_pos=0.00305 anchor_ori=0.00000 ee_body=0.02014
[FIRST_FAILURE] chunk_mean=17.70 chunk_min=6 chunk_max=23 phase_mean=953.64 phase_min=109 phase_max=1251 anchor_pos=0.00305 anchor_ori=0.00000 ee_body=0.02014 timeout=0.00000
[TRACK_CHUNK0] anchor_pos=0.97584 anchor_ori=0.82969 body_pos=0.97636 body_ori=0.79855 body_lin=0.54161 body_ang=0.02163
[TRACK_ROLLOUT] anchor_pos=0.82787 anchor_ori=0.56054 body_pos=0.87103 body_ori=0.14897 body_lin=0.47889 body_ang=0.06209
[TRAIN_COST] action_rate=23.70666 joint_torque=3595.95508 joint_limit=0.00192 undesired_contacts=0.76331
[REWARD_WEIGHTED] pos=0.11898 penalty=-0.05491 total=0.06407 act_rate=-0.04741 torque=-0.00072 contacts=-0.00153
[ACT_SUMMARY] abs_mean=0.7102 abs_p95=1.7912 abs_p99=2.5259 abs_max=4.0183 abs_max_all=4.5917 legs=0.7038 waist=0.6978 arms=0.7183 first=0.7102 last=0.7297 latent_abs=0.7622 latent_max=7.8919
[TRAIN_BODY] torso_ori=6.11deg l_wrist_ori=12.69deg r_wrist_ori=13.80deg l_elbow_ori=11.56deg r_elbow_ori=12.55deg l_shoulder_ori=8.70deg r_shoulder_ori=9.85deg
[TRAIN_ANG] torso=2.360 l_wrist=8.325 r_wrist=11.261 l_elbow=7.761 r_elbow=9.821 l_shoulder=4.297 r_shoulder=6.824
[TRAIN_ACT] l_wrist_r=0.5825 l_wrist_p=0.5959 l_wrist_y=0.5809 r_wrist_r=0.5339 r_wrist_p=0.5700 r_wrist_y=0.5845 l_elbow=0.7214 r_elbow=0.7940
[UPDATE] 88/200 group_reward=46.35829 group_std=17.83142 group_raw=0.74267 rollout_ret=0.73910 chunk0_ret=0.06390 chunk_last_ret=0.01715
[REWARD_SCALE] live_steps=23.91 min=8 p50=24 p95=24 max=24 survive=0.98279 per_step=0.03091 per_second=1.545 episode30s_projection=46.36
[OBJECTIVE] obj_mean=0.73910 obj_std=0.28536 obj_min=-0.35944 obj_max=1.96152 raw_mean=0.74267 raw_std=0.28399 raw_min=-0.32657 raw_max=1.96152 score_mean=0.03090 rtg_mean=-24.04422 grpo_score=0.56185 early_penalty=0.17726
[PHASE] start_mean=906.74 start_min=1 start_max=1433 fail_rel_mean=18.06
[CHUNK_REWARD] obj_first=0.06390 obj_mid=0.03048 obj_last=0.01661 raw_first=0.06390 raw_mid=0.03059 raw_last=0.01715
[POLICY] loss=-0.00750 policy_loss=-0.00750 value_loss=0.00000 entropy=0.00000 kl=0.01452 step_ratio=0.9996 step_clip=0.0812 post_ratio=1.0057 post_clip=0.0918 grad=0.26851 lr=0.001000 critic_lr=0.000000 sde_steps=4 opt_steps=20
[POLICY_DETAIL] samples=195911 mb=48977 micro_mb=8192 micro_steps=120 batch_ratio=0.9997 batch_min=0.1823 batch_max=4.0969 post_ratio=1.0057 post_min=0.5242 post_max=2.0066 post_clip=0.0918 logp_delta_abs=0.12567 post_logp_delta_abs=0.13720 post_kl=0.01603 old_logp=-15.72476 new_logp=-15.73941 adv_abs=0.75636 grpo_adv_abs=0.75636 valid=0.99645
[TRAIN] mean_reward=16.97844 mean_len=601.68 recent_eps=100 completed_eps=300936
[UPDATE_EFFECT] action_delta=0.02341841 param_rms_delta=0.00205093
[TIME] collect=14.214s update=1.001s
[DONE] timeout=0.00000 anchor_pos=0.00000 anchor_ori=0.00000 ee_body=0.00000
[DONE_ROLLOUT] timeout=0.00000 anchor_pos=0.00195 anchor_ori=0.00000 ee_body=0.01575
[FIRST_FAILURE] chunk_mean=18.06 chunk_min=7 chunk_max=23 phase_mean=949.21 phase_min=400 phase_max=1223 anchor_pos=0.00195 anchor_ori=0.00000 ee_body=0.01575 timeout=0.00000
[TRACK_CHUNK0] anchor_pos=0.97645 anchor_ori=0.82916 body_pos=0.97574 body_ori=0.79600 body_lin=0.54195 body_ang=0.02030
[TRACK_ROLLOUT] anchor_pos=0.83060 anchor_ori=0.56036 body_pos=0.87250 body_ori=0.14564 body_lin=0.48519 body_ang=0.06333
[TRAIN_COST] action_rate=23.73239 joint_torque=3603.60596 joint_limit=0.00187 undesired_contacts=0.77417
[REWARD_WEIGHTED] pos=0.11890 penalty=-0.05500 total=0.06390 act_rate=-0.04746 torque=-0.00072 contacts=-0.00155
[ACT_SUMMARY] abs_mean=0.7100 abs_p95=1.7934 abs_p99=2.5325 abs_max=4.0163 abs_max_all=4.5642 legs=0.7012 waist=0.6955 arms=0.7205 first=0.7100 last=0.7262 latent_abs=0.7600 latent_max=7.7217
[TRAIN_BODY] torso_ori=6.24deg l_wrist_ori=12.56deg r_wrist_ori=13.92deg l_elbow_ori=11.61deg r_elbow_ori=12.77deg l_shoulder_ori=8.71deg r_shoulder_ori=10.14deg
[TRAIN_ANG] torso=2.386 l_wrist=8.361 r_wrist=11.317 l_elbow=7.754 r_elbow=9.952 l_shoulder=4.318 r_shoulder=6.928
[TRAIN_ACT] l_wrist_r=0.5797 l_wrist_p=0.5972 l_wrist_y=0.5774 r_wrist_r=0.5332 r_wrist_p=0.5654 r_wrist_y=0.5878 l_elbow=0.7225 r_elbow=0.7966
[UPDATE] 89/200 group_reward=45.47698 group_std=17.49365 group_raw=0.72875 rollout_ret=0.72510 chunk0_ret=0.06407 chunk_last_ret=0.01647
[REWARD_SCALE] live_steps=23.92 min=8 p50=24 p95=24 max=24 survive=0.98560 per_step=0.03032 per_second=1.516 episode30s_projection=45.48
[OBJECTIVE] obj_mean=0.72510 obj_std=0.28050 obj_min=-0.49549 obj_max=1.73622 raw_mean=0.72875 raw_std=0.27882 raw_min=-0.31665 raw_max=1.73622 score_mean=0.03031 rtg_mean=-23.97464 grpo_score=0.55115 early_penalty=0.17395
[PHASE] start_mean=907.15 start_min=11 start_max=1433 fail_rel_mean=17.20
[CHUNK_REWARD] obj_first=0.06407 obj_mid=0.02965 obj_last=0.01600 raw_first=0.06407 raw_mid=0.02971 raw_last=0.01647
[POLICY] loss=-0.00660 policy_loss=-0.00660 value_loss=0.00000 entropy=0.00000 kl=0.01553 step_ratio=0.9994 step_clip=0.0887 post_ratio=0.9986 post_clip=0.0986 grad=0.31791 lr=0.001000 critic_lr=0.000000 sde_steps=4 opt_steps=20
[POLICY_DETAIL] samples=195924 mb=48981 micro_mb=8192 micro_steps=120 batch_ratio=0.9996 batch_min=0.2044 batch_max=4.4184 post_ratio=0.9986 post_min=0.3563 post_max=2.1709 post_clip=0.0986 logp_delta_abs=0.12963 post_logp_delta_abs=0.15066 post_kl=0.02014 old_logp=-15.73667 new_logp=-15.75242 adv_abs=0.75711 grpo_adv_abs=0.75711 valid=0.99652
[TRAIN] mean_reward=18.55707 mean_len=654.02 recent_eps=100 completed_eps=301054
[UPDATE_EFFECT] action_delta=0.02476963 param_rms_delta=0.00203505
[TIME] collect=14.153s update=1.022s
[DONE] timeout=0.00000 anchor_pos=0.00000 anchor_ori=0.00000 ee_body=0.00000
[DONE_ROLLOUT] timeout=0.00000 anchor_pos=0.00171 anchor_ori=0.00000 ee_body=0.01306
[FIRST_FAILURE] chunk_mean=17.20 chunk_min=7 chunk_max=23 phase_mean=879.17 phase_min=390 phase_max=1252 anchor_pos=0.00171 anchor_ori=0.00000 ee_body=0.01306 timeout=0.00000
[TRACK_CHUNK0] anchor_pos=0.97600 anchor_ori=0.82695 body_pos=0.97632 body_ori=0.79769 body_lin=0.54207 body_ang=0.02022
[TRACK_ROLLOUT] anchor_pos=0.82621 anchor_ori=0.55608 body_pos=0.87204 body_ori=0.14430 body_lin=0.48546 body_ang=0.06267
[TRAIN_COST] action_rate=23.63713 joint_torque=3544.24316 joint_limit=0.00189 undesired_contacts=0.78796
[REWARD_WEIGHTED] pos=0.11884 penalty=-0.05478 total=0.06407 act_rate=-0.04727 torque=-0.00071 contacts=-0.00158
[ACT_SUMMARY] abs_mean=0.7087 abs_p95=1.7899 abs_p99=2.5335 abs_max=3.9513 abs_max_all=4.6678 legs=0.6980 waist=0.6958 arms=0.7206 first=0.7087 last=0.7305 latent_abs=0.7621 latent_max=8.4272
[TRAIN_BODY] torso_ori=6.17deg l_wrist_ori=12.68deg r_wrist_ori=13.87deg l_elbow_ori=11.56deg r_elbow_ori=12.59deg l_shoulder_ori=8.76deg r_shoulder_ori=9.93deg
[TRAIN_ANG] torso=2.417 l_wrist=8.448 r_wrist=11.332 l_elbow=7.853 r_elbow=9.990 l_shoulder=4.282 r_shoulder=6.922
[TRAIN_ACT] l_wrist_r=0.5775 l_wrist_p=0.5928 l_wrist_y=0.5844 r_wrist_r=0.5363 r_wrist_p=0.5614 r_wrist_y=0.5836 l_elbow=0.7195 r_elbow=0.8011
[UPDATE] 90/200 group_reward=46.91428 group_std=18.00674 group_raw=0.75140 rollout_ret=0.74849 chunk0_ret=0.06421 chunk_last_ret=0.01738
[REWARD_SCALE] live_steps=23.93 min=7 p50=24 p95=24 max=24 survive=0.98572 per_step=0.03128 per_second=1.564 episode30s_projection=46.91
[OBJECTIVE] obj_mean=0.74849 obj_std=0.28899 obj_min=-0.34433 obj_max=1.86063 raw_mean=0.75140 raw_std=0.28676 raw_min=-0.28201 raw_max=1.86063 score_mean=0.03125 rtg_mean=-23.30788 grpo_score=0.60608 early_penalty=0.14242
[PHASE] start_mean=899.08 start_min=5 start_max=1433 fail_rel_mean=18.21
[CHUNK_REWARD] obj_first=0.06421 obj_mid=0.03030 obj_last=0.01685 raw_first=0.06421 raw_mid=0.03038 raw_last=0.01738
[POLICY] loss=-0.00675 policy_loss=-0.00675 value_loss=0.00000 entropy=0.00000 kl=0.01543 step_ratio=0.9994 step_clip=0.0874 post_ratio=0.9995 post_clip=0.1006 grad=0.29882 lr=0.001000 critic_lr=0.000000 sde_steps=4 opt_steps=20
[POLICY_DETAIL] samples=196048 mb=49012 micro_mb=8192 micro_steps=120 batch_ratio=0.9996 batch_min=0.1771 batch_max=6.2949 post_ratio=0.9995 post_min=0.4571 post_max=1.9032 post_clip=0.1006 logp_delta_abs=0.12952 post_logp_delta_abs=0.14529 post_kl=0.01800 old_logp=-15.73032 new_logp=-15.74593 adv_abs=0.75706 grpo_adv_abs=0.75706 valid=0.99715
[TRAIN] mean_reward=17.09290 mean_len=605.47 recent_eps=100 completed_eps=301171
[UPDATE_EFFECT] action_delta=0.02545045 param_rms_delta=0.00201515
[TIME] collect=14.148s update=1.017s
[DONE] timeout=0.00000 anchor_pos=0.00000 anchor_ori=0.00000 ee_body=0.00000
[DONE_ROLLOUT] timeout=0.00000 anchor_pos=0.00293 anchor_ori=0.00000 ee_body=0.01221
[FIRST_FAILURE] chunk_mean=18.21 chunk_min=6 chunk_max=23 phase_mean=938.65 phase_min=243 phase_max=1421 anchor_pos=0.00293 anchor_ori=0.00000 ee_body=0.01221 timeout=0.00000
[TRACK_CHUNK0] anchor_pos=0.97583 anchor_ori=0.82793 body_pos=0.97697 body_ori=0.80176 body_lin=0.54446 body_ang=0.02152
[TRACK_ROLLOUT] anchor_pos=0.82863 anchor_ori=0.56603 body_pos=0.87505 body_ori=0.14901 body_lin=0.48723 body_ang=0.06472
[TRAIN_COST] action_rate=23.63942 joint_torque=3553.33545 joint_limit=0.00179 undesired_contacts=0.77332
[REWARD_WEIGHTED] pos=0.11904 penalty=-0.05483 total=0.06421 act_rate=-0.04728 torque=-0.00071 contacts=-0.00155
[ACT_SUMMARY] abs_mean=0.7082 abs_p95=1.7918 abs_p99=2.5191 abs_max=4.0406 abs_max_all=4.4689 legs=0.7018 waist=0.6989 arms=0.7157 first=0.7082 last=0.7288 latent_abs=0.7588 latent_max=7.2022
[TRAIN_BODY] torso_ori=6.09deg l_wrist_ori=12.57deg r_wrist_ori=13.64deg l_elbow_ori=11.35deg r_elbow_ori=12.30deg l_shoulder_ori=8.38deg r_shoulder_ori=9.83deg
[TRAIN_ANG] torso=2.367 l_wrist=8.436 r_wrist=10.981 l_elbow=7.839 r_elbow=9.761 l_shoulder=4.286 r_shoulder=6.747
[TRAIN_ACT] l_wrist_r=0.5698 l_wrist_p=0.5943 l_wrist_y=0.5907 r_wrist_r=0.5315 r_wrist_p=0.5637 r_wrist_y=0.5950 l_elbow=0.6976 r_elbow=0.7907
[UPDATE] 91/200 group_reward=45.60815 group_std=18.48267 group_raw=0.73072 rollout_ret=0.72740 chunk0_ret=0.06358 chunk_last_ret=0.01680
[REWARD_SCALE] live_steps=23.92 min=8 p50=24 p95=24 max=24 survive=0.98462 per_step=0.03041 per_second=1.520 episode30s_projection=45.61
[OBJECTIVE] obj_mean=0.72740 obj_std=0.29621 obj_min=-0.40282 obj_max=1.90470 raw_mean=0.73072 raw_std=0.29444 raw_min=-0.40282 raw_max=1.90470 score_mean=0.03039 rtg_mean=-22.80846 grpo_score=0.56795 early_penalty=0.15945
[PHASE] start_mean=907.00 start_min=3 start_max=1433 fail_rel_mean=18.02
[CHUNK_REWARD] obj_first=0.06358 obj_mid=0.02963 obj_last=0.01628 raw_first=0.06358 raw_mid=0.02975 raw_last=0.01680
[POLICY] loss=-0.00642 policy_loss=-0.00642 value_loss=0.00000 entropy=0.00000 kl=0.01630 step_ratio=0.9993 step_clip=0.0938 post_ratio=1.0024 post_clip=0.1016 grad=0.33337 lr=0.001000 critic_lr=0.000000 sde_steps=4 opt_steps=20
[POLICY_DETAIL] samples=195981 mb=48995 micro_mb=8192 micro_steps=120 batch_ratio=0.9995 batch_min=0.1667 batch_max=5.3575 post_ratio=1.0024 post_min=0.3334 post_max=2.0725 post_clip=0.1016 logp_delta_abs=0.13278 post_logp_delta_abs=0.14193 post_kl=0.01885 old_logp=-15.73237 new_logp=-15.74892 adv_abs=0.75848 grpo_adv_abs=0.75848 valid=0.99681
[TRAIN] mean_reward=20.69682 mean_len=731.07 recent_eps=100 completed_eps=301297
[UPDATE_EFFECT] action_delta=0.02424221 param_rms_delta=0.00204187
[TIME] collect=14.367s update=0.993s
[DONE] timeout=0.00000 anchor_pos=0.00000 anchor_ori=0.00000 ee_body=0.00000
[DONE_ROLLOUT] timeout=0.00000 anchor_pos=0.00366 anchor_ori=0.00000 ee_body=0.01282
[FIRST_FAILURE] chunk_mean=18.02 chunk_min=7 chunk_max=23 phase_mean=944.83 phase_min=265 phase_max=1232 anchor_pos=0.00366 anchor_ori=0.00000 ee_body=0.01282 timeout=0.00000
[TRACK_CHUNK0] anchor_pos=0.97637 anchor_ori=0.82400 body_pos=0.97611 body_ori=0.79522 body_lin=0.53801 body_ang=0.01956
[TRACK_ROLLOUT] anchor_pos=0.83211 anchor_ori=0.55618 body_pos=0.87360 body_ori=0.14635 body_lin=0.48266 body_ang=0.06243
[TRAIN_COST] action_rate=23.70754 joint_torque=3594.35889 joint_limit=0.00177 undesired_contacts=0.78882
[REWARD_WEIGHTED] pos=0.11859 penalty=-0.05502 total=0.06358 act_rate=-0.04742 torque=-0.00072 contacts=-0.00158
[ACT_SUMMARY] abs_mean=0.7095 abs_p95=1.7931 abs_p99=2.5398 abs_max=4.0073 abs_max_all=4.6322 legs=0.7056 waist=0.6944 arms=0.7162 first=0.7095 last=0.7292 latent_abs=0.7606 latent_max=8.1636
[TRAIN_BODY] torso_ori=6.27deg l_wrist_ori=12.79deg r_wrist_ori=13.93deg l_elbow_ori=11.70deg r_elbow_ori=12.62deg l_shoulder_ori=8.68deg r_shoulder_ori=9.94deg
[TRAIN_ANG] torso=2.383 l_wrist=8.501 r_wrist=11.342 l_elbow=7.850 r_elbow=9.954 l_shoulder=4.305 r_shoulder=6.820
[TRAIN_ACT] l_wrist_r=0.5775 l_wrist_p=0.5960 l_wrist_y=0.5927 r_wrist_r=0.5264 r_wrist_p=0.5614 r_wrist_y=0.5946 l_elbow=0.7066 r_elbow=0.7836
[UPDATE] 92/200 group_reward=46.20976 group_std=18.05250 group_raw=0.74041 rollout_ret=0.73649 chunk0_ret=0.06392 chunk_last_ret=0.01759
[REWARD_SCALE] live_steps=23.91 min=8 p50=24 p95=24 max=24 survive=0.98230 per_step=0.03081 per_second=1.540 episode30s_projection=46.21
[OBJECTIVE] obj_mean=0.73649 obj_std=0.28978 obj_min=-0.54947 obj_max=1.87514 raw_mean=0.74041 raw_std=0.28762 raw_min=-0.54947 raw_max=1.87514 score_mean=0.03079 rtg_mean=-22.05582 grpo_score=0.54270 early_penalty=0.19379
[PHASE] start_mean=906.66 start_min=39 start_max=1433 fail_rel_mean=17.74
[CHUNK_REWARD] obj_first=0.06392 obj_mid=0.03007 obj_last=0.01700 raw_first=0.06392 raw_mid=0.03017 raw_last=0.01759
[POLICY] loss=-0.00631 policy_loss=-0.00631 value_loss=0.00000 entropy=0.00000 kl=0.01647 step_ratio=0.9996 step_clip=0.0957 post_ratio=1.0058 post_clip=0.1250 grad=0.32666 lr=0.001000 critic_lr=0.000000 sde_steps=4 opt_steps=20
[POLICY_DETAIL] samples=195846 mb=48961 micro_mb=8192 micro_steps=120 batch_ratio=1.0000 batch_min=0.1287 batch_max=6.2782 post_ratio=1.0058 post_min=0.4434 post_max=2.5851 post_clip=0.1250 logp_delta_abs=0.13323 post_logp_delta_abs=0.15676 post_kl=0.02125 old_logp=-15.73524 new_logp=-15.75144 adv_abs=0.75763 grpo_adv_abs=0.75763 valid=0.99612
[TRAIN] mean_reward=22.43601 mean_len=794.15 recent_eps=100 completed_eps=301442
[UPDATE_EFFECT] action_delta=0.02724733 param_rms_delta=0.00201829
[TIME] collect=14.212s update=1.033s
[DONE] timeout=0.00000 anchor_pos=0.00000 anchor_ori=0.00000 ee_body=0.00000
[DONE_ROLLOUT] timeout=0.00000 anchor_pos=0.00281 anchor_ori=0.00000 ee_body=0.01526
[FIRST_FAILURE] chunk_mean=17.74 chunk_min=7 chunk_max=23 phase_mean=908.21 phase_min=267 phase_max=1400 anchor_pos=0.00281 anchor_ori=0.00000 ee_body=0.01526 timeout=0.00000
[TRACK_CHUNK0] anchor_pos=0.97625 anchor_ori=0.83096 body_pos=0.97636 body_ori=0.79819 body_lin=0.54820 body_ang=0.02101
[TRACK_ROLLOUT] anchor_pos=0.83169 anchor_ori=0.56512 body_pos=0.87475 body_ori=0.14785 body_lin=0.48480 body_ang=0.06318
[TRAIN_COST] action_rate=23.92051 joint_torque=3578.89453 joint_limit=0.00175 undesired_contacts=0.77100
[REWARD_WEIGHTED] pos=0.11916 penalty=-0.05525 total=0.06392 act_rate=-0.04784 torque=-0.00072 contacts=-0.00154
[ACT_SUMMARY] abs_mean=0.7116 abs_p95=1.8023 abs_p99=2.5594 abs_max=4.1524 abs_max_all=4.5822 legs=0.7103 waist=0.6909 arms=0.7172 first=0.7116 last=0.7266 latent_abs=0.7611 latent_max=7.8318
[TRAIN_BODY] torso_ori=6.29deg l_wrist_ori=12.74deg r_wrist_ori=13.86deg l_elbow_ori=11.72deg r_elbow_ori=12.47deg l_shoulder_ori=8.46deg r_shoulder_ori=9.92deg
[TRAIN_ANG] torso=2.333 l_wrist=8.429 r_wrist=10.989 l_elbow=7.923 r_elbow=9.711 l_shoulder=4.317 r_shoulder=6.716
[TRAIN_ACT] l_wrist_r=0.5821 l_wrist_p=0.6080 l_wrist_y=0.5835 r_wrist_r=0.5280 r_wrist_p=0.5602 r_wrist_y=0.5923 l_elbow=0.7011 r_elbow=0.7822
[UPDATE] 93/200 group_reward=45.80103 group_std=18.08458 group_raw=0.73373 rollout_ret=0.73016 chunk0_ret=0.06385 chunk_last_ret=0.01669
[REWARD_SCALE] live_steps=23.91 min=6 p50=24 p95=24 max=24 survive=0.98279 per_step=0.03053 per_second=1.527 episode30s_projection=45.80
[OBJECTIVE] obj_mean=0.73016 obj_std=0.28996 obj_min=-0.35973 obj_max=1.68888 raw_mean=0.73373 raw_std=0.28852 raw_min=-0.35973 raw_max=1.68888 score_mean=0.03053 rtg_mean=-22.66535 grpo_score=0.54858 early_penalty=0.18158
[PHASE] start_mean=912.53 start_min=8 start_max=1433 fail_rel_mean=17.94
[CHUNK_REWARD] obj_first=0.06385 obj_mid=0.02988 obj_last=0.01612 raw_first=0.06385 raw_mid=0.02998 raw_last=0.01669
[POLICY] loss=-0.00676 policy_loss=-0.00676 value_loss=0.00000 entropy=0.00000 kl=0.01562 step_ratio=0.9996 step_clip=0.0885 post_ratio=1.0023 post_clip=0.1348 grad=0.30552 lr=0.001000 critic_lr=0.000000 sde_steps=4 opt_steps=20
[POLICY_DETAIL] samples=195894 mb=48973 micro_mb=8192 micro_steps=120 batch_ratio=0.9996 batch_min=0.1567 batch_max=4.8038 post_ratio=1.0023 post_min=0.4410 post_max=2.3852 post_clip=0.1348 logp_delta_abs=0.13006 post_logp_delta_abs=0.15975 post_kl=0.02220 old_logp=-15.72927 new_logp=-15.74505 adv_abs=0.75967 grpo_adv_abs=0.75967 valid=0.99637
[TRAIN] mean_reward=20.80456 mean_len=724.85 recent_eps=100 completed_eps=301583
[UPDATE_EFFECT] action_delta=0.02735418 param_rms_delta=0.00202346
[TIME] collect=14.100s update=1.013s
[DONE] timeout=0.00000 anchor_pos=0.00000 anchor_ori=0.00000 ee_body=0.00000
[DONE_ROLLOUT] timeout=0.00000 anchor_pos=0.00232 anchor_ori=0.00000 ee_body=0.01550
[FIRST_FAILURE] chunk_mean=17.94 chunk_min=5 chunk_max=23 phase_mean=930.12 phase_min=266 phase_max=1380 anchor_pos=0.00232 anchor_ori=0.00000 ee_body=0.01550 timeout=0.00000
[TRACK_CHUNK0] anchor_pos=0.97636 anchor_ori=0.82951 body_pos=0.97628 body_ori=0.79636 body_lin=0.54286 body_ang=0.02069
[TRACK_ROLLOUT] anchor_pos=0.83033 anchor_ori=0.56723 body_pos=0.87340 body_ori=0.14685 body_lin=0.48000 body_ang=0.06213
[TRAIN_COST] action_rate=23.70897 joint_torque=3569.50806 joint_limit=0.00180 undesired_contacts=0.77075
[REWARD_WEIGHTED] pos=0.11896 penalty=-0.05511 total=0.06385 act_rate=-0.04742 torque=-0.00071 contacts=-0.00154
[ACT_SUMMARY] abs_mean=0.7089 abs_p95=1.7896 abs_p99=2.5508 abs_max=4.0528 abs_max_all=4.6206 legs=0.7066 waist=0.6862 arms=0.7157 first=0.7089 last=0.7294 latent_abs=0.7607 latent_max=8.0823
[TRAIN_BODY] torso_ori=6.15deg l_wrist_ori=12.70deg r_wrist_ori=13.90deg l_elbow_ori=11.64deg r_elbow_ori=12.61deg l_shoulder_ori=8.66deg r_shoulder_ori=9.92deg
[TRAIN_ANG] torso=2.330 l_wrist=8.399 r_wrist=10.975 l_elbow=7.836 r_elbow=9.697 l_shoulder=4.275 r_shoulder=6.791
[TRAIN_ACT] l_wrist_r=0.5898 l_wrist_p=0.5980 l_wrist_y=0.5860 r_wrist_r=0.5297 r_wrist_p=0.5715 r_wrist_y=0.5889 l_elbow=0.7053 r_elbow=0.7663
[UPDATE] 94/200 group_reward=45.81571 group_std=18.04067 group_raw=0.73388 rollout_ret=0.73047 chunk0_ret=0.06457 chunk_last_ret=0.01632
[REWARD_SCALE] live_steps=23.92 min=7 p50=24 p95=24 max=24 survive=0.98499 per_step=0.03054 per_second=1.527 episode30s_projection=45.82
[OBJECTIVE] obj_mean=0.73047 obj_std=0.28856 obj_min=-0.47753 obj_max=1.93112 raw_mean=0.73388 raw_std=0.28751 raw_min=-0.47753 raw_max=1.93112 score_mean=0.03055 rtg_mean=-22.17657 grpo_score=0.55449 early_penalty=0.17598
[PHASE] start_mean=904.37 start_min=17 start_max=1433 fail_rel_mean=17.37
[CHUNK_REWARD] obj_first=0.06457 obj_mid=0.03006 obj_last=0.01578 raw_first=0.06457 raw_mid=0.03012 raw_last=0.01632
[POLICY] loss=-0.00726 policy_loss=-0.00726 value_loss=0.00000 entropy=0.00000 kl=0.01473 step_ratio=0.9997 step_clip=0.0821 post_ratio=0.9925 post_clip=0.1094 grad=0.28437 lr=0.001000 critic_lr=0.000000 sde_steps=4 opt_steps=20
[POLICY_DETAIL] samples=195916 mb=48979 micro_mb=8192 micro_steps=120 batch_ratio=0.9998 batch_min=0.1789 batch_max=4.6314 post_ratio=0.9925 post_min=0.4685 post_max=2.7363 post_clip=0.1094 logp_delta_abs=0.12637 post_logp_delta_abs=0.15059 post_kl=0.01968 old_logp=-15.73567 new_logp=-15.75037 adv_abs=0.76033 grpo_adv_abs=0.76033 valid=0.99648
[TRAIN] mean_reward=20.95114 mean_len=730.60 recent_eps=100 completed_eps=301706
[UPDATE_EFFECT] action_delta=0.02531916 param_rms_delta=0.00205165
[TIME] collect=14.169s update=0.997s
[DONE] timeout=0.00000 anchor_pos=0.00000 anchor_ori=0.00000 ee_body=0.00000
[DONE_ROLLOUT] timeout=0.00000 anchor_pos=0.00098 anchor_ori=0.00000 ee_body=0.01416
[FIRST_FAILURE] chunk_mean=17.37 chunk_min=6 chunk_max=23 phase_mean=873.55 phase_min=394 phase_max=1387 anchor_pos=0.00098 anchor_ori=0.00000 ee_body=0.01416 timeout=0.00000
[TRACK_CHUNK0] anchor_pos=0.97632 anchor_ori=0.82520 body_pos=0.97654 body_ori=0.79866 body_lin=0.54322 body_ang=0.02202
[TRACK_ROLLOUT] anchor_pos=0.82753 anchor_ori=0.56812 body_pos=0.87496 body_ori=0.15109 body_lin=0.47823 body_ang=0.06275
[TRAIN_COST] action_rate=23.39484 joint_torque=3632.63281 joint_limit=0.00178 undesired_contacts=0.77283
[REWARD_WEIGHTED] pos=0.11887 penalty=-0.05430 total=0.06457 act_rate=-0.04679 torque=-0.00073 contacts=-0.00155
[ACT_SUMMARY] abs_mean=0.7052 abs_p95=1.7749 abs_p99=2.5167 abs_max=3.9948 abs_max_all=4.5675 legs=0.7041 waist=0.6893 arms=0.7096 first=0.7052 last=0.7274 latent_abs=0.7605 latent_max=7.7413
[TRAIN_BODY] torso_ori=6.21deg l_wrist_ori=12.59deg r_wrist_ori=13.90deg l_elbow_ori=11.54deg r_elbow_ori=12.40deg l_shoulder_ori=8.62deg r_shoulder_ori=9.80deg
[TRAIN_ANG] torso=2.319 l_wrist=8.387 r_wrist=10.641 l_elbow=7.801 r_elbow=9.454 l_shoulder=4.350 r_shoulder=6.517
[TRAIN_ACT] l_wrist_r=0.5770 l_wrist_p=0.5919 l_wrist_y=0.5817 r_wrist_r=0.5353 r_wrist_p=0.5620 r_wrist_y=0.5903 l_elbow=0.6919 r_elbow=0.7679
[UPDATE] 95/200 group_reward=45.93703 group_std=17.73969 group_raw=0.73632 rollout_ret=0.73146 chunk0_ret=0.06387 chunk_last_ret=0.01756
[REWARD_SCALE] live_steps=23.88 min=8 p50=24 p95=24 max=24 survive=0.98279 per_step=0.03062 per_second=1.531 episode30s_projection=45.94
[OBJECTIVE] obj_mean=0.73146 obj_std=0.28513 obj_min=-0.37023 obj_max=1.88047 raw_mean=0.73632 raw_std=0.28276 raw_min=-0.37023 raw_max=1.88047 score_mean=0.03062 rtg_mean=-21.73759 grpo_score=0.49139 early_penalty=0.24007
[PHASE] start_mean=909.75 start_min=16 start_max=1433 fail_rel_mean=16.30
[CHUNK_REWARD] obj_first=0.06387 obj_mid=0.02989 obj_last=0.01694 raw_first=0.06387 raw_mid=0.03010 raw_last=0.01756
[POLICY] loss=-0.00700 policy_loss=-0.00700 value_loss=0.00000 entropy=0.00000 kl=0.01539 step_ratio=0.9993 step_clip=0.0882 post_ratio=0.9963 post_clip=0.1201 grad=0.30476 lr=0.001000 critic_lr=0.000000 sde_steps=4 opt_steps=20
[POLICY_DETAIL] samples=195664 mb=48916 micro_mb=8192 micro_steps=120 batch_ratio=0.9996 batch_min=0.1314 batch_max=4.7826 post_ratio=0.9963 post_min=0.4435 post_max=2.2874 post_clip=0.1201 logp_delta_abs=0.12906 post_logp_delta_abs=0.15704 post_kl=0.02108 old_logp=-15.72934 new_logp=-15.74497 adv_abs=0.75911 grpo_adv_abs=0.75911 valid=0.99520
[TRAIN] mean_reward=18.66523 mean_len=631.24 recent_eps=100 completed_eps=301847
[UPDATE_EFFECT] action_delta=0.03113120 param_rms_delta=0.00202630
[TIME] collect=14.287s update=0.981s
[DONE] timeout=0.00000 anchor_pos=0.00000 anchor_ori=0.00000 ee_body=0.00000
[DONE_ROLLOUT] timeout=0.00000 anchor_pos=0.00146 anchor_ori=0.00000 ee_body=0.01648
[FIRST_FAILURE] chunk_mean=16.30 chunk_min=7 chunk_max=23 phase_mean=934.33 phase_min=395 phase_max=1268 anchor_pos=0.00146 anchor_ori=0.00000 ee_body=0.01648 timeout=0.00000
[TRACK_CHUNK0] anchor_pos=0.97680 anchor_ori=0.82723 body_pos=0.97637 body_ori=0.79676 body_lin=0.53881 body_ang=0.02005
[TRACK_ROLLOUT] anchor_pos=0.83428 anchor_ori=0.56990 body_pos=0.87524 body_ori=0.14690 body_lin=0.47871 body_ang=0.06164
[TRAIN_COST] action_rate=23.67451 joint_torque=3549.38525 joint_limit=0.00189 undesired_contacts=0.78625
[REWARD_WEIGHTED] pos=0.11880 penalty=-0.05494 total=0.06387 act_rate=-0.04735 torque=-0.00071 contacts=-0.00157
[ACT_SUMMARY] abs_mean=0.7073 abs_p95=1.7933 abs_p99=2.5568 abs_max=3.9609 abs_max_all=4.5682 legs=0.7081 waist=0.6817 arms=0.7120 first=0.7073 last=0.7290 latent_abs=0.7607 latent_max=7.7459
[TRAIN_BODY] torso_ori=6.13deg l_wrist_ori=12.63deg r_wrist_ori=13.89deg l_elbow_ori=11.63deg r_elbow_ori=12.55deg l_shoulder_ori=8.59deg r_shoulder_ori=9.99deg
[TRAIN_ANG] torso=2.334 l_wrist=8.240 r_wrist=10.966 l_elbow=7.676 r_elbow=9.796 l_shoulder=4.216 r_shoulder=6.758
[TRAIN_ACT] l_wrist_r=0.5726 l_wrist_p=0.5999 l_wrist_y=0.5911 r_wrist_r=0.5271 r_wrist_p=0.5628 r_wrist_y=0.5964 l_elbow=0.6977 r_elbow=0.7651
[UPDATE] 96/200 group_reward=46.30043 group_std=18.18121 group_raw=0.74185 rollout_ret=0.73861 chunk0_ret=0.06442 chunk_last_ret=0.01777
[REWARD_SCALE] live_steps=23.93 min=3 p50=24 p95=24 max=24 survive=0.98755 per_step=0.03087 per_second=1.543 episode30s_projection=46.30
[OBJECTIVE] obj_mean=0.73861 obj_std=0.29093 obj_min=-0.44154 obj_max=1.86917 raw_mean=0.74185 raw_std=0.28962 raw_min=-0.44154 raw_max=1.86917 score_mean=0.03086 rtg_mean=-20.40018 grpo_score=0.59035 early_penalty=0.14826
[PHASE] start_mean=897.38 start_min=7 start_max=1433 fail_rel_mean=17.28
[CHUNK_REWARD] obj_first=0.06442 obj_mid=0.03000 obj_last=0.01735 raw_first=0.06442 raw_mid=0.03011 raw_last=0.01777
[POLICY] loss=-0.00774 policy_loss=-0.00774 value_loss=0.00000 entropy=0.00000 kl=0.01471 step_ratio=0.9995 step_clip=0.0829 post_ratio=0.9873 post_clip=0.1084 grad=0.27183 lr=0.001000 critic_lr=0.000000 sde_steps=4 opt_steps=20
[POLICY_DETAIL] samples=196025 mb=49006 micro_mb=8192 micro_steps=120 batch_ratio=0.9997 batch_min=0.1891 batch_max=5.1554 post_ratio=0.9873 post_min=0.4430 post_max=2.1086 post_clip=0.1084 logp_delta_abs=0.12694 post_logp_delta_abs=0.15415 post_kl=0.02054 old_logp=-15.72814 new_logp=-15.74297 adv_abs=0.75912 grpo_adv_abs=0.75912 valid=0.99703
[TRAIN] mean_reward=23.14547 mean_len=805.62 recent_eps=100 completed_eps=301949
[UPDATE_EFFECT] action_delta=0.02630720 param_rms_delta=0.00202780
[TIME] collect=14.209s update=0.999s
[DONE] timeout=0.00000 anchor_pos=0.00000 anchor_ori=0.00000 ee_body=0.00000
[DONE_ROLLOUT] timeout=0.00000 anchor_pos=0.00098 anchor_ori=0.00000 ee_body=0.01147
[FIRST_FAILURE] chunk_mean=17.28 chunk_min=2 chunk_max=23 phase_mean=898.80 phase_min=400 phase_max=1392 anchor_pos=0.00098 anchor_ori=0.00000 ee_body=0.01147 timeout=0.00000
[TRACK_CHUNK0] anchor_pos=0.97582 anchor_ori=0.82766 body_pos=0.97671 body_ori=0.80144 body_lin=0.54623 body_ang=0.02369
[TRACK_ROLLOUT] anchor_pos=0.83566 anchor_ori=0.56923 body_pos=0.87695 body_ori=0.14948 body_lin=0.48678 body_ang=0.06331
[TRAIN_COST] action_rate=23.66625 joint_torque=3638.43091 joint_limit=0.00168 undesired_contacts=0.74866
[REWARD_WEIGHTED] pos=0.11910 penalty=-0.05468 total=0.06442 act_rate=-0.04733 torque=-0.00073 contacts=-0.00150
[ACT_SUMMARY] abs_mean=0.7075 abs_p95=1.7910 abs_p99=2.5466 abs_max=3.8358 abs_max_all=4.6489 legs=0.7070 waist=0.6900 arms=0.7116 first=0.7075 last=0.7291 latent_abs=0.7616 latent_max=8.2837
[TRAIN_BODY] torso_ori=6.08deg l_wrist_ori=12.42deg r_wrist_ori=13.80deg l_elbow_ori=11.26deg r_elbow_ori=12.49deg l_shoulder_ori=8.43deg r_shoulder_ori=9.78deg
[TRAIN_ANG] torso=2.319 l_wrist=8.285 r_wrist=10.703 l_elbow=7.617 r_elbow=9.514 l_shoulder=4.281 r_shoulder=6.766
[TRAIN_ACT] l_wrist_r=0.5711 l_wrist_p=0.5905 l_wrist_y=0.5814 r_wrist_r=0.5263 r_wrist_p=0.5617 r_wrist_y=0.5928 l_elbow=0.6948 r_elbow=0.7916
[UPDATE] 97/200 group_reward=46.64824 group_std=18.44062 group_raw=0.74665 rollout_ret=0.74432 chunk0_ret=0.06391 chunk_last_ret=0.01766
[REWARD_SCALE] live_steps=23.93 min=8 p50=24 p95=24 max=24 survive=0.98853 per_step=0.03110 per_second=1.555 episode30s_projection=46.65
[OBJECTIVE] obj_mean=0.74432 obj_std=0.29550 obj_min=-0.34884 obj_max=1.79705 raw_mean=0.74665 raw_std=0.29432 raw_min=-0.34884 raw_max=1.79705 score_mean=0.03110 rtg_mean=-20.94243 grpo_score=0.60673 early_penalty=0.13758
[PHASE] start_mean=893.54 start_min=3 start_max=1433 fail_rel_mean=17.24
[CHUNK_REWARD] obj_first=0.06391 obj_mid=0.03038 obj_last=0.01735 raw_first=0.06391 raw_mid=0.03049 raw_last=0.01766
[POLICY] loss=-0.00756 policy_loss=-0.00756 value_loss=0.00000 entropy=0.00000 kl=0.01526 step_ratio=0.9995 step_clip=0.0866 post_ratio=0.9884 post_clip=0.1152 grad=0.28966 lr=0.001000 critic_lr=0.000000 sde_steps=4 opt_steps=20
[POLICY_DETAIL] samples=196067 mb=49016 micro_mb=8192 micro_steps=120 batch_ratio=0.9997 batch_min=0.1741 batch_max=5.4938 post_ratio=0.9884 post_min=0.3403 post_max=2.3347 post_clip=0.1152 logp_delta_abs=0.12895 post_logp_delta_abs=0.15459 post_kl=0.02058 old_logp=-15.72659 new_logp=-15.74197 adv_abs=0.75998 grpo_adv_abs=0.75998 valid=0.99725
[TRAIN] mean_reward=23.21505 mean_len=803.81 recent_eps=100 completed_eps=302043
[UPDATE_EFFECT] action_delta=0.02611580 param_rms_delta=0.00203940
[TIME] collect=14.240s update=0.982s
[DONE] timeout=0.00000 anchor_pos=0.00000 anchor_ori=0.00000 ee_body=0.00000
[DONE_ROLLOUT] timeout=0.00000 anchor_pos=0.00098 anchor_ori=0.00012 ee_body=0.01074
[FIRST_FAILURE] chunk_mean=17.24 chunk_min=7 chunk_max=23 phase_mean=894.51 phase_min=267 phase_max=1236 anchor_pos=0.00098 anchor_ori=0.00012 ee_body=0.01074 timeout=0.00000
[TRACK_CHUNK0] anchor_pos=0.97651 anchor_ori=0.82448 body_pos=0.97594 body_ori=0.79645 body_lin=0.54611 body_ang=0.02298
[TRACK_ROLLOUT] anchor_pos=0.83562 anchor_ori=0.57054 body_pos=0.87700 body_ori=0.15094 body_lin=0.48511 body_ang=0.06395
[TRAIN_COST] action_rate=23.75895 joint_torque=3639.14551 joint_limit=0.00160 undesired_contacts=0.75513
[REWARD_WEIGHTED] pos=0.11887 penalty=-0.05496 total=0.06391 act_rate=-0.04752 torque=-0.00073 contacts=-0.00151
[ACT_SUMMARY] abs_mean=0.7086 abs_p95=1.7981 abs_p99=2.5631 abs_max=4.0932 abs_max_all=4.5632 legs=0.7111 waist=0.6843 arms=0.7117 first=0.7086 last=0.7283 latent_abs=0.7609 latent_max=7.7154
[TRAIN_BODY] torso_ori=6.29deg l_wrist_ori=12.75deg r_wrist_ori=13.90deg l_elbow_ori=11.57deg r_elbow_ori=12.48deg l_shoulder_ori=8.65deg r_shoulder_ori=10.04deg
[TRAIN_ANG] torso=2.326 l_wrist=8.261 r_wrist=10.624 l_elbow=7.663 r_elbow=9.451 l_shoulder=4.322 r_shoulder=6.603
[TRAIN_ACT] l_wrist_r=0.5723 l_wrist_p=0.6040 l_wrist_y=0.5910 r_wrist_r=0.5265 r_wrist_p=0.5685 r_wrist_y=0.5970 l_elbow=0.6848 r_elbow=0.7788
[UPDATE] 98/200 group_reward=46.35640 group_std=18.51506 group_raw=0.74267 rollout_ret=0.73891 chunk0_ret=0.06365 chunk_last_ret=0.01780
[REWARD_SCALE] live_steps=23.91 min=10 p50=24 p95=24 max=24 survive=0.98376 per_step=0.03090 per_second=1.545 episode30s_projection=46.36
[OBJECTIVE] obj_mean=0.73891 obj_std=0.29635 obj_min=-0.46782 obj_max=1.79904 raw_mean=0.74267 raw_std=0.29483 raw_min=-0.46782 raw_max=1.79904 score_mean=0.03089 rtg_mean=-20.74804 grpo_score=0.55046 early_penalty=0.18845
[PHASE] start_mean=898.04 start_min=1 start_max=1433 fail_rel_mean=17.43
[CHUNK_REWARD] obj_first=0.06365 obj_mid=0.03071 obj_last=0.01730 raw_first=0.06365 raw_mid=0.03082 raw_last=0.01780
[POLICY] loss=-0.00699 policy_loss=-0.00699 value_loss=0.00000 entropy=0.00000 kl=0.01561 step_ratio=0.9996 step_clip=0.0892 post_ratio=0.9999 post_clip=0.1113 grad=0.31349 lr=0.001000 critic_lr=0.000000 sde_steps=4 opt_steps=20
[POLICY_DETAIL] samples=195867 mb=48966 micro_mb=8192 micro_steps=120 batch_ratio=0.9997 batch_min=0.1365 batch_max=4.9434 post_ratio=0.9999 post_min=0.3494 post_max=1.9418 post_clip=0.1113 logp_delta_abs=0.13029 post_logp_delta_abs=0.15160 post_kl=0.01920 old_logp=-15.72148 new_logp=-15.73717 adv_abs=0.75877 grpo_adv_abs=0.75877 valid=0.99623
[TRAIN] mean_reward=22.42939 mean_len=769.53 recent_eps=100 completed_eps=302176
[UPDATE_EFFECT] action_delta=0.02444989 param_rms_delta=0.00203186
[TIME] collect=14.178s update=0.981s
[DONE] timeout=0.00000 anchor_pos=0.00000 anchor_ori=0.00000 ee_body=0.00000
[DONE_ROLLOUT] timeout=0.00000 anchor_pos=0.00122 anchor_ori=0.00000 ee_body=0.01514
[FIRST_FAILURE] chunk_mean=17.43 chunk_min=9 chunk_max=23 phase_mean=890.40 phase_min=275 phase_max=1273 anchor_pos=0.00122 anchor_ori=0.00000 ee_body=0.01514 timeout=0.00000
[TRACK_CHUNK0] anchor_pos=0.97620 anchor_ori=0.82604 body_pos=0.97589 body_ori=0.79749 body_lin=0.54587 body_ang=0.02204
[TRACK_ROLLOUT] anchor_pos=0.83185 anchor_ori=0.57363 body_pos=0.87661 body_ori=0.14961 body_lin=0.48173 body_ang=0.06367
[TRAIN_COST] action_rate=23.88584 joint_torque=3644.22314 joint_limit=0.00187 undesired_contacts=0.76794
[REWARD_WEIGHTED] pos=0.11891 penalty=-0.05527 total=0.06365 act_rate=-0.04777 torque=-0.00073 contacts=-0.00154
[ACT_SUMMARY] abs_mean=0.7103 abs_p95=1.7948 abs_p99=2.5772 abs_max=4.2562 abs_max_all=4.6650 legs=0.7135 waist=0.6850 arms=0.7129 first=0.7103 last=0.7305 latent_abs=0.7629 latent_max=8.4056
[TRAIN_BODY] torso_ori=6.23deg l_wrist_ori=12.80deg r_wrist_ori=13.82deg l_elbow_ori=11.59deg r_elbow_ori=12.40deg l_shoulder_ori=8.67deg r_shoulder_ori=9.86deg
[TRAIN_ANG] torso=2.324 l_wrist=8.419 r_wrist=10.725 l_elbow=7.703 r_elbow=9.553 l_shoulder=4.342 r_shoulder=6.652
[TRAIN_ACT] l_wrist_r=0.5850 l_wrist_p=0.6035 l_wrist_y=0.5933 r_wrist_r=0.5279 r_wrist_p=0.5589 r_wrist_y=0.5910 l_elbow=0.6830 r_elbow=0.7732
[UPDATE] 99/200 group_reward=46.49625 group_std=17.72769 group_raw=0.74488 rollout_ret=0.74120 chunk0_ret=0.06355 chunk_last_ret=0.01766
[REWARD_SCALE] live_steps=23.91 min=8 p50=24 p95=24 max=24 survive=0.98523 per_step=0.03100 per_second=1.550 episode30s_projection=46.50
[OBJECTIVE] obj_mean=0.74120 obj_std=0.28435 obj_min=-0.84784 obj_max=1.88438 raw_mean=0.74488 raw_std=0.28307 raw_min=-0.84784 raw_max=1.88438 score_mean=0.03100 rtg_mean=-20.53698 grpo_score=0.55682 early_penalty=0.18438
[PHASE] start_mean=903.68 start_min=10 start_max=1433 fail_rel_mean=17.01
[CHUNK_REWARD] obj_first=0.06355 obj_mid=0.03040 obj_last=0.01719 raw_first=0.06355 raw_mid=0.03052 raw_last=0.01766
[POLICY] loss=-0.00707 policy_loss=-0.00707 value_loss=0.00000 entropy=0.00000 kl=0.01618 step_ratio=0.9997 step_clip=0.0936 post_ratio=0.9951 post_clip=0.1152 grad=0.33096 lr=0.001000 critic_lr=0.000000 sde_steps=4 opt_steps=20
[POLICY_DETAIL] samples=195883 mb=48970 micro_mb=8192 micro_steps=120 batch_ratio=0.9998 batch_min=0.0484 batch_max=4.8023 post_ratio=0.9951 post_min=0.3862 post_max=1.9816 post_clip=0.1152 logp_delta_abs=0.13251 post_logp_delta_abs=0.15292 post_kl=0.02083 old_logp=-15.72582 new_logp=-15.74201 adv_abs=0.76033 grpo_adv_abs=0.76033 valid=0.99631
[TRAIN] mean_reward=22.15982 mean_len=745.84 recent_eps=100 completed_eps=302297
[UPDATE_EFFECT] action_delta=0.02567027 param_rms_delta=0.00204806
[TIME] collect=14.264s update=0.969s
[DONE] timeout=0.00000 anchor_pos=0.00000 anchor_ori=0.00000 ee_body=0.00000
[DONE_ROLLOUT] timeout=0.00000 anchor_pos=0.00171 anchor_ori=0.00000 ee_body=0.01306
[FIRST_FAILURE] chunk_mean=17.01 chunk_min=7 chunk_max=23 phase_mean=858.79 phase_min=291 phase_max=1224 anchor_pos=0.00171 anchor_ori=0.00000 ee_body=0.01306 timeout=0.00000
[TRACK_CHUNK0] anchor_pos=0.97611 anchor_ori=0.82628 body_pos=0.97642 body_ori=0.80091 body_lin=0.53948 body_ang=0.02226
[TRACK_ROLLOUT] anchor_pos=0.83443 anchor_ori=0.57471 body_pos=0.87660 body_ori=0.14970 body_lin=0.47974 body_ang=0.06279
[TRAIN_COST] action_rate=23.81943 joint_torque=3581.29102 joint_limit=0.00172 undesired_contacts=0.77515
[REWARD_WEIGHTED] pos=0.11888 penalty=-0.05533 total=0.06355 act_rate=-0.04764 torque=-0.00072 contacts=-0.00155
[ACT_SUMMARY] abs_mean=0.7089 abs_p95=1.7993 abs_p99=2.5877 abs_max=4.1241 abs_max_all=4.5986 legs=0.7125 waist=0.6806 arms=0.7119 first=0.7089 last=0.7294 latent_abs=0.7631 latent_max=7.9359
[TRAIN_BODY] torso_ori=6.15deg l_wrist_ori=12.52deg r_wrist_ori=13.70deg l_elbow_ori=11.23deg r_elbow_ori=12.46deg l_shoulder_ori=8.41deg r_shoulder_ori=9.74deg
[TRAIN_ANG] torso=2.320 l_wrist=8.320 r_wrist=10.688 l_elbow=7.667 r_elbow=9.630 l_shoulder=4.262 r_shoulder=6.795
[TRAIN_ACT] l_wrist_r=0.5761 l_wrist_p=0.5968 l_wrist_y=0.5936 r_wrist_r=0.5277 r_wrist_p=0.5725 r_wrist_y=0.5942 l_elbow=0.6668 r_elbow=0.7723
[UPDATE] 100/200 group_reward=46.51382 group_std=18.25849 group_raw=0.74560 rollout_ret=0.74052 chunk0_ret=0.06393 chunk_last_ret=0.01783
[REWARD_SCALE] live_steps=23.88 min=8 p50=24 p95=24 max=24 survive=0.98193 per_step=0.03101 per_second=1.550 episode30s_projection=46.51
[OBJECTIVE] obj_mean=0.74052 obj_std=0.29261 obj_min=-0.54292 obj_max=1.91743 raw_mean=0.74560 raw_std=0.29067 raw_min=-0.54292 raw_max=1.91743 score_mean=0.03100 rtg_mean=-20.37530 grpo_score=0.49154 early_penalty=0.24897
[PHASE] start_mean=894.75 start_min=4 start_max=1433 fail_rel_mean=16.39
[CHUNK_REWARD] obj_first=0.06393 obj_mid=0.03047 obj_last=0.01723 raw_first=0.06393 raw_mid=0.03064 raw_last=0.01783
[POLICY] loss=-0.00705 policy_loss=-0.00705 value_loss=0.00000 entropy=0.00000 kl=0.01599 step_ratio=0.9995 step_clip=0.0927 post_ratio=0.9931 post_clip=0.1230 grad=0.32219 lr=0.001000 critic_lr=0.000000 sde_steps=4 opt_steps=20
[POLICY_DETAIL] samples=195629 mb=48907 micro_mb=8192 micro_steps=120 batch_ratio=0.9997 batch_min=0.1398 batch_max=4.4046 post_ratio=0.9931 post_min=0.4032 post_max=2.5988 post_clip=0.1230 logp_delta_abs=0.13159 post_logp_delta_abs=0.15835 post_kl=0.02152 old_logp=-15.72740 new_logp=-15.74348 adv_abs=0.76224 grpo_adv_abs=0.76224 valid=0.99502
[TRAIN] mean_reward=24.84150 mean_len=851.80 recent_eps=100 completed_eps=302445
[UPDATE_EFFECT] action_delta=0.02765224 param_rms_delta=0.00200041
[TIME] collect=14.258s update=0.981s
[DONE] timeout=0.00000 anchor_pos=0.00000 anchor_ori=0.00000 ee_body=0.00000
[DONE_ROLLOUT] timeout=0.00000 anchor_pos=0.00110 anchor_ori=0.00000 ee_body=0.01709
[FIRST_FAILURE] chunk_mean=16.39 chunk_min=7 chunk_max=23 phase_mean=884.29 phase_min=441 phase_max=1242 anchor_pos=0.00110 anchor_ori=0.00000 ee_body=0.01709 timeout=0.00000
[TRACK_CHUNK0] anchor_pos=0.97614 anchor_ori=0.82845 body_pos=0.97658 body_ori=0.80137 body_lin=0.54329 body_ang=0.02276
[TRACK_ROLLOUT] anchor_pos=0.83153 anchor_ori=0.57650 body_pos=0.87617 body_ori=0.15242 body_lin=0.47771 body_ang=0.06354
[TRAIN_COST] action_rate=23.78459 joint_torque=3706.64160 joint_limit=0.00176 undesired_contacts=0.77490
[REWARD_WEIGHTED] pos=0.11906 penalty=-0.05513 total=0.06393 act_rate=-0.04757 torque=-0.00074 contacts=-0.00155
[ACT_SUMMARY] abs_mean=0.7081 abs_p95=1.8011 abs_p99=2.5657 abs_max=3.8588 abs_max_all=4.7115 legs=0.7193 waist=0.6784 arms=0.7048 first=0.7081 last=0.7301 latent_abs=0.7635 latent_max=8.7910
[TRAIN_BODY] torso_ori=6.16deg l_wrist_ori=12.59deg r_wrist_ori=13.59deg l_elbow_ori=11.46deg r_elbow_ori=12.51deg l_shoulder_ori=8.56deg r_shoulder_ori=9.90deg
[TRAIN_ANG] torso=2.318 l_wrist=8.340 r_wrist=10.692 l_elbow=7.626 r_elbow=9.539 l_shoulder=4.223 r_shoulder=6.644
[TRAIN_ACT] l_wrist_r=0.5765 l_wrist_p=0.5943 l_wrist_y=0.5924 r_wrist_r=0.5256 r_wrist_p=0.5700 r_wrist_y=0.5954 l_elbow=0.6779 r_elbow=0.7651
[CHECKPOINT] saved /home/y/my_mimic_mixgrpo_h1/runs/mixgrpo_u200_h24_tail100/checkpoints/update_0100.pt
[UPDATE] 101/200 group_reward=46.94466 group_std=18.33778 group_raw=0.75197 rollout_ret=0.74792 chunk0_ret=0.06484 chunk_last_ret=0.01781
[REWARD_SCALE] live_steps=23.90 min=6 p50=24 p95=24 max=24 survive=0.98376 per_step=0.03130 per_second=1.565 episode30s_projection=46.94
[OBJECTIVE] obj_mean=0.74792 obj_std=0.29427 obj_min=-0.60790 obj_max=1.90629 raw_mean=0.75197 raw_std=0.29220 raw_min=-0.60790 raw_max=1.90629 score_mean=0.03129 rtg_mean=-18.78889 grpo_score=0.53531 early_penalty=0.21261
[PHASE] start_mean=888.12 start_min=23 start_max=1433 fail_rel_mean=16.71
[CHUNK_REWARD] obj_first=0.06484 obj_mid=0.03088 obj_last=0.01724 raw_first=0.06484 raw_mid=0.03098 raw_last=0.01781
[POLICY] loss=-0.00736 policy_loss=-0.00736 value_loss=0.00000 entropy=0.00000 kl=0.01579 step_ratio=0.9994 step_clip=0.0910 post_ratio=0.9893 post_clip=0.0918 grad=0.30883 lr=0.001000 critic_lr=0.000000 sde_steps=4 opt_steps=20
[POLICY_DETAIL] samples=195772 mb=48943 micro_mb=8192 micro_steps=120 batch_ratio=0.9995 batch_min=0.0947 batch_max=4.4613 post_ratio=0.9893 post_min=0.4347 post_max=1.8749 post_clip=0.0918 logp_delta_abs=0.13088 post_logp_delta_abs=0.14176 post_kl=0.01667 old_logp=-15.72631 new_logp=-15.74238 adv_abs=0.76228 grpo_adv_abs=0.76228 valid=0.99575
[TRAIN] mean_reward=25.07008 mean_len=852.57 recent_eps=100 completed_eps=302578
[UPDATE_EFFECT] action_delta=0.02082025 param_rms_delta=0.00204505
[TIME] collect=14.264s update=0.997s
[DONE] timeout=0.00000 anchor_pos=0.00000 anchor_ori=0.00000 ee_body=0.00000
[DONE_ROLLOUT] timeout=0.00000 anchor_pos=0.00269 anchor_ori=0.00000 ee_body=0.01379
[FIRST_FAILURE] chunk_mean=16.71 chunk_min=5 chunk_max=23 phase_mean=843.33 phase_min=290 phase_max=1220 anchor_pos=0.00269 anchor_ori=0.00000 ee_body=0.01379 timeout=0.00000
[TRACK_CHUNK0] anchor_pos=0.97620 anchor_ori=0.83087 body_pos=0.97669 body_ori=0.80008 body_lin=0.54547 body_ang=0.02326
[TRACK_ROLLOUT] anchor_pos=0.83414 anchor_ori=0.57919 body_pos=0.87818 body_ori=0.15325 body_lin=0.48148 body_ang=0.06384
[TRAIN_COST] action_rate=23.58457 joint_torque=3709.09375 joint_limit=0.00159 undesired_contacts=0.72546
[REWARD_WEIGHTED] pos=0.11919 penalty=-0.05435 total=0.06484 act_rate=-0.04717 torque=-0.00074 contacts=-0.00145
[ACT_SUMMARY] abs_mean=0.7070 abs_p95=1.7805 abs_p99=2.5496 abs_max=4.1441 abs_max_all=4.7287 legs=0.7145 waist=0.6876 arms=0.7047 first=0.7070 last=0.7328 latent_abs=0.7629 latent_max=8.9489
[TRAIN_BODY] torso_ori=6.05deg l_wrist_ori=12.72deg r_wrist_ori=13.60deg l_elbow_ori=11.51deg r_elbow_ori=12.28deg l_shoulder_ori=8.58deg r_shoulder_ori=9.69deg
[TRAIN_ANG] torso=2.307 l_wrist=8.304 r_wrist=10.429 l_elbow=7.578 r_elbow=9.199 l_shoulder=4.315 r_shoulder=6.554
[TRAIN_ACT] l_wrist_r=0.5879 l_wrist_p=0.5895 l_wrist_y=0.5976 r_wrist_r=0.5153 r_wrist_p=0.5668 r_wrist_y=0.6002 l_elbow=0.6876 r_elbow=0.7623
[UPDATE] 102/200 group_reward=47.19073 group_std=18.21851 group_raw=0.75586 rollout_ret=0.75159 chunk0_ret=0.06412 chunk_last_ret=0.01774
[REWARD_SCALE] live_steps=23.89 min=7 p50=24 p95=24 max=24 survive=0.98267 per_step=0.03146 per_second=1.573 episode30s_projection=47.19
[OBJECTIVE] obj_mean=0.75159 obj_std=0.29249 obj_min=-0.28852 obj_max=1.79193 raw_mean=0.75586 raw_std=0.29018 raw_min=-0.28852 raw_max=1.79193 score_mean=0.03145 rtg_mean=-18.25682 grpo_score=0.52246 early_penalty=0.22914
[PHASE] start_mean=877.79 start_min=16 start_max=1433 fail_rel_mean=16.65
[CHUNK_REWARD] obj_first=0.06412 obj_mid=0.03068 obj_last=0.01716 raw_first=0.06412 raw_mid=0.03083 raw_last=0.01774
[POLICY] loss=-0.00677 policy_loss=-0.00677 value_loss=0.00000 entropy=0.00000 kl=0.01639 step_ratio=0.9995 step_clip=0.0946 post_ratio=1.0010 post_clip=0.1221 grad=0.33100 lr=0.001000 critic_lr=0.000000 sde_steps=4 opt_steps=20
[POLICY_DETAIL] samples=195707 mb=48926 micro_mb=8192 micro_steps=120 batch_ratio=0.9996 batch_min=0.1052 batch_max=5.2589 post_ratio=1.0010 post_min=0.4051 post_max=2.1125 post_clip=0.1221 logp_delta_abs=0.13289 post_logp_delta_abs=0.15131 post_kl=0.02004 old_logp=-15.72929 new_logp=-15.74584 adv_abs=0.76235 grpo_adv_abs=0.76235 valid=0.99542
[TRAIN] mean_reward=25.24453 mean_len=860.73 recent_eps=100 completed_eps=302720
[UPDATE_EFFECT] action_delta=0.02687457 param_rms_delta=0.00203218
[TIME] collect=14.219s update=0.993s
[DONE] timeout=0.00000 anchor_pos=0.00000 anchor_ori=0.00000 ee_body=0.00000
[DONE_ROLLOUT] timeout=0.00000 anchor_pos=0.00146 anchor_ori=0.00000 ee_body=0.01648
[FIRST_FAILURE] chunk_mean=16.65 chunk_min=6 chunk_max=23 phase_mean=883.15 phase_min=268 phase_max=1246 anchor_pos=0.00146 anchor_ori=0.00000 ee_body=0.01648 timeout=0.00000
[TRACK_CHUNK0] anchor_pos=0.97697 anchor_ori=0.82335 body_pos=0.97630 body_ori=0.79863 body_lin=0.54245 body_ang=0.02248
[TRACK_ROLLOUT] anchor_pos=0.83375 anchor_ori=0.58227 body_pos=0.87687 body_ori=0.15440 body_lin=0.47954 body_ang=0.06403
[TRAIN_COST] action_rate=23.51705 joint_torque=3732.38159 joint_limit=0.00183 undesired_contacts=0.73462
[REWARD_WEIGHTED] pos=0.11881 penalty=-0.05469 total=0.06412 act_rate=-0.04703 torque=-0.00075 contacts=-0.00147
[ACT_SUMMARY] abs_mean=0.7057 abs_p95=1.7841 abs_p99=2.5382 abs_max=4.2630 abs_max_all=4.6059 legs=0.7183 waist=0.6842 arms=0.6995 first=0.7057 last=0.7301 latent_abs=0.7600 latent_max=7.9835
[TRAIN_BODY] torso_ori=6.21deg l_wrist_ori=12.81deg r_wrist_ori=13.62deg l_elbow_ori=11.55deg r_elbow_ori=12.29deg l_shoulder_ori=8.61deg r_shoulder_ori=9.71deg
[TRAIN_ANG] torso=2.294 l_wrist=8.413 r_wrist=10.234 l_elbow=7.565 r_elbow=9.074 l_shoulder=4.276 r_shoulder=6.421
[TRAIN_ACT] l_wrist_r=0.5721 l_wrist_p=0.5873 l_wrist_y=0.5888 r_wrist_r=0.5214 r_wrist_p=0.5666 r_wrist_y=0.5937 l_elbow=0.6786 r_elbow=0.7510
[UPDATE] 103/200 group_reward=47.20939 group_std=18.32758 group_raw=0.75633 rollout_ret=0.75242 chunk0_ret=0.06476 chunk_last_ret=0.01870
[REWARD_SCALE] live_steps=23.91 min=8 p50=24 p95=24 max=24 survive=0.98352 per_step=0.03147 per_second=1.574 episode30s_projection=47.21
[OBJECTIVE] obj_mean=0.75242 obj_std=0.29392 obj_min=-0.47105 obj_max=1.91190 raw_mean=0.75633 raw_std=0.29205 raw_min=-0.47105 raw_max=1.91190 score_mean=0.03147 rtg_mean=-17.81587 grpo_score=0.55812 early_penalty=0.19430
[PHASE] start_mean=879.08 start_min=1 start_max=1433 fail_rel_mean=17.34
[CHUNK_REWARD] obj_first=0.06476 obj_mid=0.03085 obj_last=0.01813 raw_first=0.06476 raw_mid=0.03101 raw_last=0.01870
[POLICY] loss=-0.00708 policy_loss=-0.00708 value_loss=0.00000 entropy=0.00000 kl=0.01605 step_ratio=0.9993 step_clip=0.0922 post_ratio=1.0051 post_clip=0.1084 grad=0.32467 lr=0.001000 critic_lr=0.000000 sde_steps=4 opt_steps=20
[POLICY_DETAIL] samples=195844 mb=48961 micro_mb=8192 micro_steps=120 batch_ratio=0.9997 batch_min=0.1092 batch_max=4.7053 post_ratio=1.0051 post_min=0.4849 post_max=1.9740 post_clip=0.1084 logp_delta_abs=0.13220 post_logp_delta_abs=0.14753 post_kl=0.01810 old_logp=-15.72684 new_logp=-15.74301 adv_abs=0.76110 grpo_adv_abs=0.76110 valid=0.99611
[TRAIN] mean_reward=24.57330 mean_len=842.09 recent_eps=100 completed_eps=302855
[UPDATE_EFFECT] action_delta=0.02537686 param_rms_delta=0.00202417
[TIME] collect=14.243s update=0.980s
[DONE] timeout=0.00000 anchor_pos=0.00000 anchor_ori=0.00000 ee_body=0.00000
[DONE_ROLLOUT] timeout=0.00000 anchor_pos=0.00183 anchor_ori=0.00000 ee_body=0.01538
[FIRST_FAILURE] chunk_mean=17.34 chunk_min=7 chunk_max=23 phase_mean=835.10 phase_min=217 phase_max=1182 anchor_pos=0.00183 anchor_ori=0.00000 ee_body=0.01538 timeout=0.00000
[TRACK_CHUNK0] anchor_pos=0.97621 anchor_ori=0.83061 body_pos=0.97620 body_ori=0.79929 body_lin=0.54513 body_ang=0.02567
[TRACK_ROLLOUT] anchor_pos=0.83149 anchor_ori=0.58458 body_pos=0.87778 body_ori=0.15436 body_lin=0.47871 body_ang=0.06425
[TRAIN_COST] action_rate=23.47025 joint_torque=3724.10352 joint_limit=0.00169 undesired_contacts=0.74377
[REWARD_WEIGHTED] pos=0.11920 penalty=-0.05444 total=0.06476 act_rate=-0.04694 torque=-0.00074 contacts=-0.00149
[ACT_SUMMARY] abs_mean=0.7046 abs_p95=1.7766 abs_p99=2.5354 abs_max=4.1468 abs_max_all=4.7617 legs=0.7121 waist=0.6830 arms=0.7028 first=0.7046 last=0.7333 latent_abs=0.7649 latent_max=9.2812
[TRAIN_BODY] torso_ori=6.23deg l_wrist_ori=12.65deg r_wrist_ori=13.84deg l_elbow_ori=11.41deg r_elbow_ori=12.39deg l_shoulder_ori=8.58deg r_shoulder_ori=9.82deg
[TRAIN_ANG] torso=2.313 l_wrist=8.342 r_wrist=10.350 l_elbow=7.588 r_elbow=9.193 l_shoulder=4.285 r_shoulder=6.423
[TRAIN_ACT] l_wrist_r=0.5842 l_wrist_p=0.5912 l_wrist_y=0.5889 r_wrist_r=0.5245 r_wrist_p=0.5554 r_wrist_y=0.5866 l_elbow=0.6908 r_elbow=0.7372
[UPDATE] 104/200 group_reward=46.11568 group_std=18.24487 group_raw=0.73926 rollout_ret=0.73383 chunk0_ret=0.06378 chunk_last_ret=0.01751
[REWARD_SCALE] live_steps=23.87 min=7 p50=24 p95=24 max=24 survive=0.97949 per_step=0.03074 per_second=1.537 episode30s_projection=46.12
[OBJECTIVE] obj_mean=0.73383 obj_std=0.29244 obj_min=-0.37098 obj_max=1.84351 raw_mean=0.73926 raw_std=0.29006 raw_min=-0.37098 raw_max=1.84351 score_mean=0.03073 rtg_mean=-16.68624 grpo_score=0.46120 early_penalty=0.27262
[PHASE] start_mean=877.02 start_min=3 start_max=1433 fail_rel_mean=16.62
[CHUNK_REWARD] obj_first=0.06378 obj_mid=0.02977 obj_last=0.01685 raw_first=0.06378 raw_mid=0.02993 raw_last=0.01751
[POLICY] loss=-0.00719 policy_loss=-0.00719 value_loss=0.00000 entropy=0.00000 kl=0.01608 step_ratio=0.9991 step_clip=0.0921 post_ratio=0.9976 post_clip=0.0947 grad=0.32345 lr=0.001000 critic_lr=0.000000 sde_steps=4 opt_steps=20
[POLICY_DETAIL] samples=195536 mb=48884 micro_mb=8192 micro_steps=120 batch_ratio=0.9993 batch_min=0.1583 batch_max=5.0472 post_ratio=0.9976 post_min=0.4522 post_max=2.0560 post_clip=0.0947 logp_delta_abs=0.13187 post_logp_delta_abs=0.14473 post_kl=0.01782 old_logp=-15.72650 new_logp=-15.74307 adv_abs=0.76122 grpo_adv_abs=0.76122 valid=0.99455
[TRAIN] mean_reward=24.85891 mean_len=842.45 recent_eps=100 completed_eps=303023
[UPDATE_EFFECT] action_delta=0.02411676 param_rms_delta=0.00201294
[TIME] collect=14.299s update=0.980s
[DONE] timeout=0.00000 anchor_pos=0.00000 anchor_ori=0.00000 ee_body=0.00000
[DONE_ROLLOUT] timeout=0.00000 anchor_pos=0.00171 anchor_ori=0.00000 ee_body=0.01941
[FIRST_FAILURE] chunk_mean=16.62 chunk_min=6 chunk_max=23 phase_mean=886.46 phase_min=371 phase_max=1214 anchor_pos=0.00171 anchor_ori=0.00000 ee_body=0.01941 timeout=0.00000
[TRACK_CHUNK0] anchor_pos=0.97669 anchor_ori=0.82744 body_pos=0.97630 body_ori=0.80097 body_lin=0.53673 body_ang=0.02258
[TRACK_ROLLOUT] anchor_pos=0.83245 anchor_ori=0.57445 body_pos=0.87743 body_ori=0.15253 body_lin=0.47236 body_ang=0.06253
[TRAIN_COST] action_rate=23.76120 joint_torque=3743.93018 joint_limit=0.00163 undesired_contacts=0.71729
[REWARD_WEIGHTED] pos=0.11890 penalty=-0.05512 total=0.06378 act_rate=-0.04752 torque=-0.00075 contacts=-0.00143
[ACT_SUMMARY] abs_mean=0.7085 abs_p95=1.7901 abs_p99=2.5622 abs_max=4.1520 abs_max_all=4.6368 legs=0.7217 waist=0.6868 arms=0.7019 first=0.7085 last=0.7369 latent_abs=0.7669 latent_max=8.1963
[TRAIN_BODY] torso_ori=6.12deg l_wrist_ori=12.41deg r_wrist_ori=13.61deg l_elbow_ori=11.32deg r_elbow_ori=12.39deg l_shoulder_ori=8.43deg r_shoulder_ori=9.72deg
[TRAIN_ANG] torso=2.290 l_wrist=8.376 r_wrist=10.507 l_elbow=7.573 r_elbow=9.299 l_shoulder=4.310 r_shoulder=6.533
[TRAIN_ACT] l_wrist_r=0.5811 l_wrist_p=0.5880 l_wrist_y=0.5964 r_wrist_r=0.5183 r_wrist_p=0.5528 r_wrist_y=0.5883 l_elbow=0.6875 r_elbow=0.7479
[UPDATE] 105/200 group_reward=45.92497 group_std=18.32689 group_raw=0.73648 rollout_ret=0.73033 chunk0_ret=0.06337 chunk_last_ret=0.01754
[REWARD_SCALE] live_steps=23.85 min=6 p50=24 p95=24 max=24 survive=0.97827 per_step=0.03062 per_second=1.531 episode30s_projection=45.92
[OBJECTIVE] obj_mean=0.73033 obj_std=0.29442 obj_min=-0.40471 obj_max=1.85861 raw_mean=0.73648 raw_std=0.29179 raw_min=-0.40471 raw_max=1.85861 score_mean=0.03060 rtg_mean=-15.72409 grpo_score=0.42591 early_penalty=0.30441
[PHASE] start_mean=878.77 start_min=20 start_max=1433 fail_rel_mean=16.28
[CHUNK_REWARD] obj_first=0.06337 obj_mid=0.02979 obj_last=0.01672 raw_first=0.06337 raw_mid=0.02998 raw_last=0.01754
[POLICY] loss=-0.00716 policy_loss=-0.00716 value_loss=0.00000 entropy=0.00000 kl=0.01623 step_ratio=0.9993 step_clip=0.0934 post_ratio=1.0002 post_clip=0.1104 grad=0.32668 lr=0.001000 critic_lr=0.000000 sde_steps=4 opt_steps=20
[POLICY_DETAIL] samples=195411 mb=48852 micro_mb=8192 micro_steps=120 batch_ratio=0.9996 batch_min=0.1478 batch_max=4.5870 post_ratio=1.0002 post_min=0.4927 post_max=1.9068 post_clip=0.1104 logp_delta_abs=0.13268 post_logp_delta_abs=0.14804 post_kl=0.01852 old_logp=-15.72911 new_logp=-15.74553 adv_abs=0.76156 grpo_adv_abs=0.76156 valid=0.99391
[TRAIN] mean_reward=26.51489 mean_len=877.09 recent_eps=100 completed_eps=303201
[UPDATE_EFFECT] action_delta=0.02624607 param_rms_delta=0.00201569
[TIME] collect=14.231s update=1.006s
[DONE] timeout=0.00000 anchor_pos=0.00000 anchor_ori=0.00000 ee_body=0.00000
[DONE_ROLLOUT] timeout=0.00000 anchor_pos=0.00122 anchor_ori=0.00012 ee_body=0.02051
[FIRST_FAILURE] chunk_mean=16.28 chunk_min=5 chunk_max=23 phase_mean=892.65 phase_min=396 phase_max=1277 anchor_pos=0.00122 anchor_ori=0.00012 ee_body=0.02051 timeout=0.00000
[TRACK_CHUNK0] anchor_pos=0.97673 anchor_ori=0.82625 body_pos=0.97649 body_ori=0.80230 body_lin=0.54179 body_ang=0.02246
[TRACK_ROLLOUT] anchor_pos=0.83205 anchor_ori=0.57587 body_pos=0.87741 body_ori=0.14854 body_lin=0.47756 body_ang=0.06181
[TRAIN_COST] action_rate=24.04191 joint_torque=3810.44189 joint_limit=0.00171 undesired_contacts=0.65698
[REWARD_WEIGHTED] pos=0.11898 penalty=-0.05561 total=0.06337 act_rate=-0.04808 torque=-0.00076 contacts=-0.00131
[ACT_SUMMARY] abs_mean=0.7130 abs_p95=1.8013 abs_p99=2.5909 abs_max=3.9938 abs_max_all=4.6623 legs=0.7195 waist=0.6966 arms=0.7109 first=0.7130 last=0.7362 latent_abs=0.7700 latent_max=8.3849
[TRAIN_BODY] torso_ori=6.19deg l_wrist_ori=12.55deg r_wrist_ori=13.47deg l_elbow_ori=11.30deg r_elbow_ori=12.23deg l_shoulder_ori=8.37deg r_shoulder_ori=9.87deg
[TRAIN_ANG] torso=2.300 l_wrist=8.232 r_wrist=10.567 l_elbow=7.570 r_elbow=9.418 l_shoulder=4.202 r_shoulder=6.876
[TRAIN_ACT] l_wrist_r=0.5764 l_wrist_p=0.5842 l_wrist_y=0.6015 r_wrist_r=0.5281 r_wrist_p=0.5656 r_wrist_y=0.5985 l_elbow=0.6816 r_elbow=0.7575
[UPDATE] 106/200 group_reward=46.28339 group_std=18.36279 group_raw=0.74227 rollout_ret=0.73532 chunk0_ret=0.06387 chunk_last_ret=0.01819
[REWARD_SCALE] live_steps=23.83 min=7 p50=24 p95=24 max=24 survive=0.97388 per_step=0.03086 per_second=1.543 episode30s_projection=46.28
[OBJECTIVE] obj_mean=0.73532 obj_std=0.29528 obj_min=-0.38205 obj_max=2.03465 raw_mean=0.74227 raw_std=0.29199 raw_min=-0.38205 raw_max=2.03465 score_mean=0.03083 rtg_mean=-15.52377 grpo_score=0.38309 early_penalty=0.35222
[PHASE] start_mean=871.94 start_min=4 start_max=1433 fail_rel_mean=16.53
[CHUNK_REWARD] obj_first=0.06387 obj_mid=0.03029 obj_last=0.01727 raw_first=0.06387 raw_mid=0.03052 raw_last=0.01819
[POLICY] loss=-0.00657 policy_loss=-0.00657 value_loss=0.00000 entropy=0.00000 kl=0.01696 step_ratio=0.9996 step_clip=0.0995 post_ratio=0.9967 post_clip=0.1426 grad=0.35114 lr=0.001000 critic_lr=0.000000 sde_steps=4 opt_steps=20
[POLICY_DETAIL] samples=195223 mb=48805 micro_mb=8192 micro_steps=120 batch_ratio=0.9996 batch_min=0.1192 batch_max=5.3144 post_ratio=0.9967 post_min=0.4086 post_max=2.1455 post_clip=0.1426 logp_delta_abs=0.13541 post_logp_delta_abs=0.16319 post_kl=0.02314 old_logp=-15.72625 new_logp=-15.74338 adv_abs=0.76134 grpo_adv_abs=0.76134 valid=0.99296
[TRAIN] mean_reward=24.28034 mean_len=824.35 recent_eps=100 completed_eps=303415
[UPDATE_EFFECT] action_delta=0.02710594 param_rms_delta=0.00202200
[TIME] collect=14.331s update=1.005s
[DONE] timeout=0.00000 anchor_pos=0.00000 anchor_ori=0.00000 ee_body=0.00000
[DONE_ROLLOUT] timeout=0.00000 anchor_pos=0.00171 anchor_ori=0.00000 ee_body=0.02502
[FIRST_FAILURE] chunk_mean=16.53 chunk_min=6 chunk_max=23 phase_mean=887.66 phase_min=365 phase_max=1263 anchor_pos=0.00171 anchor_ori=0.00000 ee_body=0.02502 timeout=0.00000
[TRACK_CHUNK0] anchor_pos=0.97645 anchor_ori=0.82717 body_pos=0.97638 body_ori=0.79893 body_lin=0.53877 body_ang=0.02351
[TRACK_ROLLOUT] anchor_pos=0.83398 anchor_ori=0.57868 body_pos=0.87839 body_ori=0.15366 body_lin=0.47456 body_ang=0.06232
[TRAIN_COST] action_rate=23.75227 joint_torque=3825.20801 joint_limit=0.00159 undesired_contacts=0.69226
[REWARD_WEIGHTED] pos=0.11890 penalty=-0.05503 total=0.06387 act_rate=-0.04750 torque=-0.00077 contacts=-0.00138
[ACT_SUMMARY] abs_mean=0.7084 abs_p95=1.7897 abs_p99=2.5668 abs_max=4.2319 abs_max_all=4.6994 legs=0.7206 waist=0.6869 arms=0.7025 first=0.7084 last=0.7386 latent_abs=0.7686 latent_max=8.6849
[TRAIN_BODY] torso_ori=6.21deg l_wrist_ori=12.59deg r_wrist_ori=13.82deg l_elbow_ori=11.31deg r_elbow_ori=12.37deg l_shoulder_ori=8.49deg r_shoulder_ori=9.94deg
[TRAIN_ANG] torso=2.284 l_wrist=8.319 r_wrist=10.321 l_elbow=7.544 r_elbow=9.113 l_shoulder=4.200 r_shoulder=6.700
[TRAIN_ACT] l_wrist_r=0.5725 l_wrist_p=0.5883 l_wrist_y=0.5915 r_wrist_r=0.5199 r_wrist_p=0.5587 r_wrist_y=0.5934 l_elbow=0.6700 r_elbow=0.7510
[UPDATE] 107/200 group_reward=46.14154 group_std=18.17874 group_raw=0.74093 rollout_ret=0.73096 chunk0_ret=0.06409 chunk_last_ret=0.01887
[REWARD_SCALE] live_steps=23.76 min=8 p50=24 p95=24 max=24 survive=0.96643 per_step=0.03076 per_second=1.538 episode30s_projection=46.14
[OBJECTIVE] obj_mean=0.73096 obj_std=0.29231 obj_min=-0.46094 obj_max=1.87142 raw_mean=0.74093 raw_std=0.28920 raw_min=-0.41683 raw_max=1.87142 score_mean=0.03075 rtg_mean=-15.17312 grpo_score=0.23632 early_penalty=0.49464
[PHASE] start_mean=879.79 start_min=1 start_max=1433 fail_rel_mean=15.93
[CHUNK_REWARD] obj_first=0.06409 obj_mid=0.03002 obj_last=0.01773 raw_first=0.06409 raw_mid=0.03032 raw_last=0.01887
[POLICY] loss=-0.00674 policy_loss=-0.00674 value_loss=0.00000 entropy=0.00000 kl=0.01683 step_ratio=0.9996 step_clip=0.0990 post_ratio=0.9997 post_clip=0.1055 grad=0.35638 lr=0.001000 critic_lr=0.000000 sde_steps=4 opt_steps=20
[POLICY_DETAIL] samples=194663 mb=48665 micro_mb=8192 micro_steps=120 batch_ratio=0.9997 batch_min=0.1104 batch_max=4.8471 post_ratio=0.9997 post_min=0.3914 post_max=1.9278 post_clip=0.1055 logp_delta_abs=0.13503 post_logp_delta_abs=0.14906 post_kl=0.01902 old_logp=-15.72890 new_logp=-15.74574 adv_abs=0.76018 grpo_adv_abs=0.76018 valid=0.99011
[TRAIN] mean_reward=27.54641 mean_len=932.02 recent_eps=100 completed_eps=303690
[UPDATE_EFFECT] action_delta=0.02698724 param_rms_delta=0.00202506
[TIME] collect=14.235s update=0.996s
[DONE] timeout=0.00000 anchor_pos=0.00000 anchor_ori=0.00000 ee_body=0.00000
[DONE_ROLLOUT] timeout=0.00000 anchor_pos=0.00024 anchor_ori=0.00000 ee_body=0.03333
[FIRST_FAILURE] chunk_mean=15.93 chunk_min=7 chunk_max=23 phase_mean=933.59 phase_min=393 phase_max=1413 anchor_pos=0.00024 anchor_ori=0.00000 ee_body=0.03333 timeout=0.00000
[TRACK_CHUNK0] anchor_pos=0.97650 anchor_ori=0.82695 body_pos=0.97655 body_ori=0.80097 body_lin=0.54295 body_ang=0.02096
[TRACK_ROLLOUT] anchor_pos=0.83351 anchor_ori=0.57865 body_pos=0.87751 body_ori=0.14702 body_lin=0.47245 body_ang=0.06122
[TRAIN_COST] action_rate=23.80462 joint_torque=3779.75488 joint_limit=0.00159 undesired_contacts=0.63403
[REWARD_WEIGHTED] pos=0.11897 penalty=-0.05487 total=0.06409 act_rate=-0.04761 torque=-0.00076 contacts=-0.00127
[ACT_SUMMARY] abs_mean=0.7088 abs_p95=1.7990 abs_p99=2.5692 abs_max=4.3937 abs_max_all=4.7132 legs=0.7147 waist=0.6886 arms=0.7081 first=0.7088 last=0.7395 latent_abs=0.7710 latent_max=8.8058
[TRAIN_BODY] torso_ori=6.14deg l_wrist_ori=12.34deg r_wrist_ori=13.65deg l_elbow_ori=11.19deg r_elbow_ori=12.44deg l_shoulder_ori=8.32deg r_shoulder_ori=9.97deg
[TRAIN_ANG] torso=2.261 l_wrist=8.304 r_wrist=10.639 l_elbow=7.619 r_elbow=9.560 l_shoulder=4.167 r_shoulder=6.840
[TRAIN_ACT] l_wrist_r=0.5715 l_wrist_p=0.5943 l_wrist_y=0.5823 r_wrist_r=0.5151 r_wrist_p=0.5660 r_wrist_y=0.6069 l_elbow=0.6775 r_elbow=0.7294
[UPDATE] 108/200 group_reward=47.20277 group_std=18.80170 group_raw=0.75654 rollout_ret=0.75013 chunk0_ret=0.06366 chunk_last_ret=0.01898
[REWARD_SCALE] live_steps=23.84 min=6 p50=24 p95=24 max=24 survive=0.97900 per_step=0.03147 per_second=1.573 episode30s_projection=47.20
[OBJECTIVE] obj_mean=0.75013 obj_std=0.30173 obj_min=-0.64327 obj_max=1.89396 raw_mean=0.75654 raw_std=0.29823 raw_min=-0.64327 raw_max=1.89396 score_mean=0.03145 rtg_mean=-14.36782 grpo_score=0.41138 early_penalty=0.33875
[PHASE] start_mean=880.83 start_min=0 start_max=1433 fail_rel_mean=15.26
[CHUNK_REWARD] obj_first=0.06366 obj_mid=0.03100 obj_last=0.01834 raw_first=0.06366 raw_mid=0.03123 raw_last=0.01898
[POLICY] loss=-0.00673 policy_loss=-0.00673 value_loss=0.00000 entropy=0.00000 kl=0.01718 step_ratio=0.9993 step_clip=0.0999 post_ratio=0.9913 post_clip=0.1416 grad=0.38533 lr=0.001000 critic_lr=0.000000 sde_steps=4 opt_steps=20
[POLICY_DETAIL] samples=195276 mb=48819 micro_mb=8192 micro_steps=120 batch_ratio=0.9993 batch_min=0.1375 batch_max=5.5104 post_ratio=0.9913 post_min=0.3881 post_max=2.0492 post_clip=0.1416 logp_delta_abs=0.13586 post_logp_delta_abs=0.16088 post_kl=0.02228 old_logp=-15.72931 new_logp=-15.74688 adv_abs=0.76222 grpo_adv_abs=0.76222 valid=0.99323
[TRAIN] mean_reward=27.38383 mean_len=923.56 recent_eps=100 completed_eps=303862
[UPDATE_EFFECT] action_delta=0.02760255 param_rms_delta=0.00201845
[TIME] collect=14.332s update=0.992s
[DONE] timeout=0.00000 anchor_pos=0.00000 anchor_ori=0.00000 ee_body=0.00000
[DONE_ROLLOUT] timeout=0.00000 anchor_pos=0.00037 anchor_ori=0.00000 ee_body=0.02087
[FIRST_FAILURE] chunk_mean=15.26 chunk_min=5 chunk_max=23 phase_mean=869.66 phase_min=392 phase_max=1220 anchor_pos=0.00037 anchor_ori=0.00000 ee_body=0.02087 timeout=0.00000
[TRACK_CHUNK0] anchor_pos=0.97646 anchor_ori=0.82961 body_pos=0.97637 body_ori=0.80101 body_lin=0.54211 body_ang=0.02299
[TRACK_ROLLOUT] anchor_pos=0.83744 anchor_ori=0.58291 body_pos=0.87950 body_ori=0.14772 body_lin=0.47706 body_ang=0.06296
[TRAIN_COST] action_rate=24.00164 joint_torque=3742.23560 joint_limit=0.00159 undesired_contacts=0.63782
[REWARD_WEIGHTED] pos=0.11909 penalty=-0.05543 total=0.06366 act_rate=-0.04800 torque=-0.00075 contacts=-0.00128
[ACT_SUMMARY] abs_mean=0.7093 abs_p95=1.8106 abs_p99=2.6193 abs_max=4.1682 abs_max_all=4.6990 legs=0.7122 waist=0.6771 arms=0.7136 first=0.7093 last=0.7384 latent_abs=0.7728 latent_max=8.6820
[TRAIN_BODY] torso_ori=6.22deg l_wrist_ori=12.39deg r_wrist_ori=13.67deg l_elbow_ori=11.33deg r_elbow_ori=12.47deg l_shoulder_ori=8.46deg r_shoulder_ori=10.10deg
[TRAIN_ANG] torso=2.294 l_wrist=8.207 r_wrist=10.628 l_elbow=7.592 r_elbow=9.594 l_shoulder=4.164 r_shoulder=7.060
[TRAIN_ACT] l_wrist_r=0.5552 l_wrist_p=0.5795 l_wrist_y=0.5781 r_wrist_r=0.5341 r_wrist_p=0.5622 r_wrist_y=0.5937 l_elbow=0.6833 r_elbow=0.7436
[UPDATE] 109/200 group_reward=45.97247 group_std=18.55197 group_raw=0.73717 rollout_ret=0.73049 chunk0_ret=0.06311 chunk_last_ret=0.01791
[REWARD_SCALE] live_steps=23.83 min=9 p50=24 p95=24 max=24 survive=0.97400 per_step=0.03065 per_second=1.532 episode30s_projection=45.97
[OBJECTIVE] obj_mean=0.73049 obj_std=0.29837 obj_min=-0.29377 obj_max=1.83780 raw_mean=0.73717 raw_std=0.29507 raw_min=-0.29377 raw_max=1.83780 score_mean=0.03061 rtg_mean=-14.87015 grpo_score=0.38564 early_penalty=0.34485
[PHASE] start_mean=881.48 start_min=6 start_max=1433 fail_rel_mean=16.63
[CHUNK_REWARD] obj_first=0.06311 obj_mid=0.03057 obj_last=0.01712 raw_first=0.06311 raw_mid=0.03071 raw_last=0.01791
[POLICY] loss=-0.00702 policy_loss=-0.00702 value_loss=0.00000 entropy=0.00000 kl=0.01634 step_ratio=0.9995 step_clip=0.0945 post_ratio=1.0010 post_clip=0.1475 grad=0.35852 lr=0.001000 critic_lr=0.000000 sde_steps=4 opt_steps=20
[POLICY_DETAIL] samples=195252 mb=48813 micro_mb=8192 micro_steps=120 batch_ratio=0.9998 batch_min=0.1785 batch_max=5.5434 post_ratio=1.0010 post_min=0.3811 post_max=2.5709 post_clip=0.1475 logp_delta_abs=0.13317 post_logp_delta_abs=0.16812 post_kl=0.02453 old_logp=-15.73762 new_logp=-15.75396 adv_abs=0.76287 grpo_adv_abs=0.76287 valid=0.99310
[TRAIN] mean_reward=22.99713 mean_len=774.96 recent_eps=100 completed_eps=304075
[UPDATE_EFFECT] action_delta=0.02572382 param_rms_delta=0.00199107
[TIME] collect=14.338s update=0.987s
[DONE] timeout=0.00000 anchor_pos=0.00000 anchor_ori=0.00000 ee_body=0.00000
[DONE_ROLLOUT] timeout=0.00000 anchor_pos=0.00098 anchor_ori=0.00000 ee_body=0.02527
[FIRST_FAILURE] chunk_mean=16.63 chunk_min=8 chunk_max=23 phase_mean=897.77 phase_min=61 phase_max=1224 anchor_pos=0.00098 anchor_ori=0.00000 ee_body=0.02527 timeout=0.00000
[TRACK_CHUNK0] anchor_pos=0.97653 anchor_ori=0.82844 body_pos=0.97618 body_ori=0.80184 body_lin=0.54195 body_ang=0.02016
[TRACK_ROLLOUT] anchor_pos=0.83198 anchor_ori=0.57598 body_pos=0.87790 body_ori=0.14421 body_lin=0.47306 body_ang=0.06088
[TRAIN_COST] action_rate=24.28934 joint_torque=3686.63452 joint_limit=0.00162 undesired_contacts=0.62903
[REWARD_WEIGHTED] pos=0.11900 penalty=-0.05589 total=0.06311 act_rate=-0.04858 torque=-0.00074 contacts=-0.00126
[ACT_SUMMARY] abs_mean=0.7145 abs_p95=1.8213 abs_p99=2.6410 abs_max=4.4092 abs_max_all=4.6257 legs=0.7145 waist=0.6896 arms=0.7198 first=0.7145 last=0.7442 latent_abs=0.7752 latent_max=8.1177
[TRAIN_BODY] torso_ori=6.23deg l_wrist_ori=12.27deg r_wrist_ori=13.66deg l_elbow_ori=11.13deg r_elbow_ori=12.42deg l_shoulder_ori=8.29deg r_shoulder_ori=10.10deg
[TRAIN_ANG] torso=2.324 l_wrist=8.136 r_wrist=10.772 l_elbow=7.473 r_elbow=9.708 l_shoulder=4.006 r_shoulder=7.218
[TRAIN_ACT] l_wrist_r=0.5672 l_wrist_p=0.5973 l_wrist_y=0.5893 r_wrist_r=0.5393 r_wrist_p=0.5639 r_wrist_y=0.5880 l_elbow=0.6726 r_elbow=0.7614
[UPDATE] 110/200 group_reward=46.79548 group_std=19.03633 group_raw=0.74970 rollout_ret=0.74482 chunk0_ret=0.06306 chunk_last_ret=0.01971
[REWARD_SCALE] live_steps=23.87 min=7 p50=24 p95=24 max=24 survive=0.98230 per_step=0.03120 per_second=1.560 episode30s_projection=46.80
[OBJECTIVE] obj_mean=0.74482 obj_std=0.30545 obj_min=-0.70094 obj_max=2.03600 raw_mean=0.74970 raw_std=0.30306 raw_min=-0.70094 raw_max=2.03600 score_mean=0.03118 rtg_mean=-13.58792 grpo_score=0.48390 early_penalty=0.26093
[PHASE] start_mean=880.99 start_min=7 start_max=1433 fail_rel_mean=15.92
[CHUNK_REWARD] obj_first=0.06306 obj_mid=0.03107 obj_last=0.01910 raw_first=0.06306 raw_mid=0.03123 raw_last=0.01971
[POLICY] loss=-0.00542 policy_loss=-0.00542 value_loss=0.00000 entropy=0.00000 kl=0.01917 step_ratio=0.9995 step_clip=0.1094 post_ratio=1.0088 post_clip=0.1416 grad=0.46987 lr=0.001000 critic_lr=0.000000 sde_steps=4 opt_steps=20
[POLICY_DETAIL] samples=195582 mb=48895 micro_mb=8192 micro_steps=120 batch_ratio=0.9997 batch_min=0.0254 batch_max=11.3822 post_ratio=1.0088 post_min=0.4035 post_max=3.5320 post_clip=0.1416 logp_delta_abs=0.14168 post_logp_delta_abs=0.16217 post_kl=0.02365 old_logp=-15.72633 new_logp=-15.74538 adv_abs=0.76351 grpo_adv_abs=0.76351 valid=0.99478
[TRAIN] mean_reward=27.10225 mean_len=909.58 recent_eps=100 completed_eps=304220
[UPDATE_EFFECT] action_delta=0.02753641 param_rms_delta=0.00196596
[TIME] collect=14.311s update=0.999s
[DONE] timeout=0.00000 anchor_pos=0.00000 anchor_ori=0.00000 ee_body=0.00000
[DONE_ROLLOUT] timeout=0.00000 anchor_pos=0.00024 anchor_ori=0.00000 ee_body=0.01746
[FIRST_FAILURE] chunk_mean=15.92 chunk_min=6 chunk_max=23 phase_mean=906.55 phase_min=438 phase_max=1222 anchor_pos=0.00024 anchor_ori=0.00000 ee_body=0.01746 timeout=0.00000
[TRACK_CHUNK0] anchor_pos=0.97616 anchor_ori=0.82963 body_pos=0.97689 body_ori=0.80436 body_lin=0.54567 body_ang=0.02278
[TRACK_ROLLOUT] anchor_pos=0.83550 anchor_ori=0.58331 body_pos=0.87958 body_ori=0.14481 body_lin=0.48020 body_ang=0.06287
[TRAIN_COST] action_rate=24.46898 joint_torque=3706.53149 joint_limit=0.00179 undesired_contacts=0.61523
[REWARD_WEIGHTED] pos=0.11923 penalty=-0.05616 total=0.06306 act_rate=-0.04894 torque=-0.00074 contacts=-0.00123
[ACT_SUMMARY] abs_mean=0.7156 abs_p95=1.8265 abs_p99=2.6642 abs_max=4.1567 abs_max_all=4.7200 legs=0.7181 waist=0.7037 arms=0.7161 first=0.7156 last=0.7405 latent_abs=0.7763 latent_max=8.8682
[TRAIN_BODY] torso_ori=6.04deg l_wrist_ori=12.27deg r_wrist_ori=13.54deg l_elbow_ori=11.17deg r_elbow_ori=12.47deg l_shoulder_ori=8.05deg r_shoulder_ori=9.98deg
[TRAIN_ANG] torso=2.336 l_wrist=8.002 r_wrist=10.756 l_elbow=7.449 r_elbow=9.778 l_shoulder=4.048 r_shoulder=7.247
[TRAIN_ACT] l_wrist_r=0.5600 l_wrist_p=0.5889 l_wrist_y=0.5828 r_wrist_r=0.5198 r_wrist_p=0.5591 r_wrist_y=0.5921 l_elbow=0.6644 r_elbow=0.7510
[UPDATE] 111/200 group_reward=46.66874 group_std=18.77666 group_raw=0.74747 rollout_ret=0.74405 chunk0_ret=0.06240 chunk_last_ret=0.01935
[REWARD_SCALE] live_steps=23.91 min=7 p50=24 p95=24 max=24 survive=0.98743 per_step=0.03111 per_second=1.556 episode30s_projection=46.67
[OBJECTIVE] obj_mean=0.74405 obj_std=0.30062 obj_min=-0.64723 obj_max=1.97540 raw_mean=0.74747 raw_std=0.29876 raw_min=-0.64723 raw_max=1.97540 score_mean=0.03109 rtg_mean=-13.44284 grpo_score=0.56680 early_penalty=0.17726
[PHASE] start_mean=881.19 start_min=6 start_max=1433 fail_rel_mean=16.23
[CHUNK_REWARD] obj_first=0.06240 obj_mid=0.03143 obj_last=0.01894 raw_first=0.06240 raw_mid=0.03158 raw_last=0.01935
[POLICY] loss=-0.00510 policy_loss=-0.00510 value_loss=0.00000 entropy=0.00000 kl=0.01946 step_ratio=0.9995 step_clip=0.1148 post_ratio=0.9986 post_clip=0.1270 grad=0.48338 lr=0.001000 critic_lr=0.000000 sde_steps=4 opt_steps=20
[POLICY_DETAIL] samples=195911 mb=48977 micro_mb=8192 micro_steps=120 batch_ratio=0.9997 batch_min=0.0501 batch_max=8.1894 post_ratio=0.9986 post_min=0.4545 post_max=1.8222 post_clip=0.1270 logp_delta_abs=0.14358 post_logp_delta_abs=0.15469 post_kl=0.02021 old_logp=-15.72732 new_logp=-15.74673 adv_abs=0.76203 grpo_adv_abs=0.76203 valid=0.99645
[TRAIN] mean_reward=23.84487 mean_len=804.82 recent_eps=100 completed_eps=304323
[UPDATE_EFFECT] action_delta=0.02519075 param_rms_delta=0.00197113
[TIME] collect=14.346s update=0.992s
[DONE] timeout=0.00000 anchor_pos=0.00000 anchor_ori=0.00000 ee_body=0.00000
[DONE_ROLLOUT] timeout=0.00000 anchor_pos=0.00098 anchor_ori=0.00000 ee_body=0.01160
[FIRST_FAILURE] chunk_mean=16.23 chunk_min=6 chunk_max=23 phase_mean=907.94 phase_min=265 phase_max=1160 anchor_pos=0.00098 anchor_ori=0.00000 ee_body=0.01160 timeout=0.00000
[TRACK_CHUNK0] anchor_pos=0.97620 anchor_ori=0.83212 body_pos=0.97683 body_ori=0.80431 body_lin=0.54239 body_ang=0.01903
[TRACK_ROLLOUT] anchor_pos=0.83462 anchor_ori=0.57932 body_pos=0.87979 body_ori=0.14138 body_lin=0.47937 body_ang=0.06193
[TRAIN_COST] action_rate=24.87400 joint_torque=3744.92188 joint_limit=0.00175 undesired_contacts=0.54846
[REWARD_WEIGHTED] pos=0.11918 penalty=-0.05678 total=0.06240 act_rate=-0.04975 torque=-0.00075 contacts=-0.00110
[ACT_SUMMARY] abs_mean=0.7203 abs_p95=1.8485 abs_p99=2.6912 abs_max=4.1496 abs_max_all=4.8101 legs=0.7181 waist=0.7079 arms=0.7250 first=0.7203 last=0.7464 latent_abs=0.7802 latent_max=9.8615
[TRAIN_BODY] torso_ori=6.12deg l_wrist_ori=12.27deg r_wrist_ori=13.64deg l_elbow_ori=11.03deg r_elbow_ori=12.51deg l_shoulder_ori=8.11deg r_shoulder_ori=10.37deg
[TRAIN_ANG] torso=2.339 l_wrist=8.143 r_wrist=10.983 l_elbow=7.522 r_elbow=9.900 l_shoulder=4.010 r_shoulder=7.565
[TRAIN_ACT] l_wrist_r=0.5662 l_wrist_p=0.5904 l_wrist_y=0.5850 r_wrist_r=0.5206 r_wrist_p=0.5601 r_wrist_y=0.5910 l_elbow=0.6776 r_elbow=0.7667
[UPDATE] 112/200 group_reward=46.90057 group_std=18.52775 group_raw=0.75120 rollout_ret=0.74723 chunk0_ret=0.06250 chunk_last_ret=0.01926
[REWARD_SCALE] live_steps=23.90 min=2 p50=24 p95=24 max=24 survive=0.98584 per_step=0.03127 per_second=1.563 episode30s_projection=46.90
[OBJECTIVE] obj_mean=0.74723 obj_std=0.29520 obj_min=-0.83073 obj_max=1.89706 raw_mean=0.75120 raw_std=0.29360 raw_min=-0.83073 raw_max=1.89706 score_mean=0.03125 rtg_mean=-13.56503 grpo_score=0.53513 early_penalty=0.21210
[PHASE] start_mean=881.95 start_min=9 start_max=1433 fail_rel_mean=15.81
[CHUNK_REWARD] obj_first=0.06250 obj_mid=0.03099 obj_last=0.01880 raw_first=0.06250 raw_mid=0.03112 raw_last=0.01926
[POLICY] loss=-0.00488 policy_loss=-0.00488 value_loss=0.00000 entropy=0.00000 kl=0.01943 step_ratio=0.9994 step_clip=0.1131 post_ratio=0.9915 post_clip=0.1504 grad=0.49054 lr=0.001000 critic_lr=0.000000 sde_steps=4 opt_steps=20
[POLICY_DETAIL] samples=195774 mb=48943 micro_mb=8192 micro_steps=120 batch_ratio=0.9995 batch_min=0.0491 batch_max=13.5157 post_ratio=0.9915 post_min=0.4185 post_max=3.0972 post_clip=0.1504 logp_delta_abs=0.14278 post_logp_delta_abs=0.17336 post_kl=0.02697 old_logp=-15.72079 new_logp=-15.74032 adv_abs=0.76587 grpo_adv_abs=0.76587 valid=0.99576
[TRAIN] mean_reward=23.77025 mean_len=789.36 recent_eps=100 completed_eps=304439
[UPDATE_EFFECT] action_delta=0.03066786 param_rms_delta=0.00192946
[TIME] collect=14.314s update=0.992s
[DONE] timeout=0.00000 anchor_pos=0.00000 anchor_ori=0.00000 ee_body=0.00000
[DONE_ROLLOUT] timeout=0.00000 anchor_pos=0.00024 anchor_ori=0.00000 ee_body=0.01404
[FIRST_FAILURE] chunk_mean=15.81 chunk_min=1 chunk_max=23 phase_mean=860.78 phase_min=359 phase_max=1122 anchor_pos=0.00024 anchor_ori=0.00000 ee_body=0.01404 timeout=0.00000
[TRACK_CHUNK0] anchor_pos=0.97617 anchor_ori=0.83126 body_pos=0.97626 body_ori=0.80428 body_lin=0.54468 body_ang=0.02000
[TRACK_ROLLOUT] anchor_pos=0.83985 anchor_ori=0.57607 body_pos=0.88054 body_ori=0.14527 body_lin=0.48130 body_ang=0.06218
[TRAIN_COST] action_rate=24.74670 joint_torque=3763.40381 joint_limit=0.00181 undesired_contacts=0.61353
[REWARD_WEIGHTED] pos=0.11920 penalty=-0.05670 total=0.06250 act_rate=-0.04949 torque=-0.00075 contacts=-0.00123
[ACT_SUMMARY] abs_mean=0.7188 abs_p95=1.8457 abs_p99=2.6845 abs_max=4.3748 abs_max_all=4.7666 legs=0.7187 waist=0.7093 arms=0.7210 first=0.7188 last=0.7433 latent_abs=0.7778 latent_max=9.3347
[TRAIN_BODY] torso_ori=6.17deg l_wrist_ori=12.17deg r_wrist_ori=13.44deg l_elbow_ori=11.17deg r_elbow_ori=12.23deg l_shoulder_ori=8.30deg r_shoulder_ori=10.28deg
[TRAIN_ANG] torso=2.352 l_wrist=7.989 r_wrist=10.671 l_elbow=7.456 r_elbow=9.631 l_shoulder=4.012 r_shoulder=7.342
[TRAIN_ACT] l_wrist_r=0.5649 l_wrist_p=0.5936 l_wrist_y=0.5824 r_wrist_r=0.5237 r_wrist_p=0.5619 r_wrist_y=0.5861 l_elbow=0.6650 r_elbow=0.7835
[UPDATE] 113/200 group_reward=48.13368 group_std=18.01111 group_raw=0.77109 rollout_ret=0.76713 chunk0_ret=0.06277 chunk_last_ret=0.01984
[REWARD_SCALE] live_steps=23.91 min=8 p50=24 p95=24 max=24 survive=0.98596 per_step=0.03209 per_second=1.604 episode30s_projection=48.13
[OBJECTIVE] obj_mean=0.76713 obj_std=0.28855 obj_min=-0.46863 obj_max=1.87269 raw_mean=0.77109 raw_std=0.28720 raw_min=-0.46863 raw_max=1.87269 score_mean=0.03209 rtg_mean=-12.72420 grpo_score=0.57156 early_penalty=0.19557
[PHASE] start_mean=879.88 start_min=29 start_max=1433 fail_rel_mean=16.31
[CHUNK_REWARD] obj_first=0.06277 obj_mid=0.03164 obj_last=0.01936 raw_first=0.06277 raw_mid=0.03176 raw_last=0.01984
[POLICY] loss=-0.00639 policy_loss=-0.00639 value_loss=0.00000 entropy=0.00000 kl=0.01710 step_ratio=0.9993 step_clip=0.0983 post_ratio=1.0070 post_clip=0.1445 grad=0.40429 lr=0.001000 critic_lr=0.000000 sde_steps=4 opt_steps=20
[POLICY_DETAIL] samples=195839 mb=48959 micro_mb=8192 micro_steps=120 batch_ratio=0.9995 batch_min=0.0861 batch_max=8.3704 post_ratio=1.0070 post_min=0.3897 post_max=2.1476 post_clip=0.1445 logp_delta_abs=0.13538 post_logp_delta_abs=0.16455 post_kl=0.02285 old_logp=-15.73534 new_logp=-15.75268 adv_abs=0.76403 grpo_adv_abs=0.76403 valid=0.99609
[TRAIN] mean_reward=24.42146 mean_len=822.01 recent_eps=100 completed_eps=304554
[UPDATE_EFFECT] action_delta=0.02655842 param_rms_delta=0.00194242
[TIME] collect=14.266s update=1.031s
[DONE] timeout=0.00000 anchor_pos=0.00000 anchor_ori=0.00000 ee_body=0.00000
[DONE_ROLLOUT] timeout=0.00000 anchor_pos=0.00037 anchor_ori=0.00000 ee_body=0.01379
[FIRST_FAILURE] chunk_mean=16.31 chunk_min=7 chunk_max=23 phase_mean=863.08 phase_min=267 phase_max=1168 anchor_pos=0.00037 anchor_ori=0.00000 ee_body=0.01379 timeout=0.00000
[TRACK_CHUNK0] anchor_pos=0.97632 anchor_ori=0.82829 body_pos=0.97690 body_ori=0.80520 body_lin=0.54361 body_ang=0.01993
[TRACK_ROLLOUT] anchor_pos=0.83772 anchor_ori=0.58975 body_pos=0.88261 body_ori=0.14459 body_lin=0.48665 body_ang=0.06366
[TRAIN_COST] action_rate=24.60949 joint_torque=3710.48535 joint_limit=0.00171 undesired_contacts=0.59094
[REWARD_WEIGHTED] pos=0.11910 penalty=-0.05633 total=0.06277 act_rate=-0.04922 torque=-0.00074 contacts=-0.00118
[ACT_SUMMARY] abs_mean=0.7176 abs_p95=1.8390 abs_p99=2.6711 abs_max=4.1911 abs_max_all=4.5688 legs=0.7162 waist=0.7037 arms=0.7218 first=0.7176 last=0.7413 latent_abs=0.7743 latent_max=7.7493
[TRAIN_BODY] torso_ori=6.03deg l_wrist_ori=12.22deg r_wrist_ori=13.46deg l_elbow_ori=11.14deg r_elbow_ori=12.38deg l_shoulder_ori=8.25deg r_shoulder_ori=10.05deg
[TRAIN_ANG] torso=2.352 l_wrist=7.994 r_wrist=10.736 l_elbow=7.516 r_elbow=9.767 l_shoulder=4.042 r_shoulder=7.403
[TRAIN_ACT] l_wrist_r=0.5502 l_wrist_p=0.6002 l_wrist_y=0.5757 r_wrist_r=0.5379 r_wrist_p=0.5482 r_wrist_y=0.5972 l_elbow=0.6740 r_elbow=0.7679
[UPDATE] 114/200 group_reward=47.95446 group_std=18.64601 group_raw=0.76848 rollout_ret=0.76336 chunk0_ret=0.06281 chunk_last_ret=0.01976
[REWARD_SCALE] live_steps=23.88 min=8 p50=24 p95=24 max=24 survive=0.98010 per_step=0.03197 per_second=1.598 episode30s_projection=47.95
[OBJECTIVE] obj_mean=0.76336 obj_std=0.29900 obj_min=-0.61506 obj_max=2.04679 raw_mean=0.76848 raw_std=0.29662 raw_min=-0.61506 raw_max=2.04679 score_mean=0.03195 rtg_mean=-13.21600 grpo_score=0.50854 early_penalty=0.25482
[PHASE] start_mean=870.84 start_min=12 start_max=1433 fail_rel_mean=16.85
[CHUNK_REWARD] obj_first=0.06281 obj_mid=0.03150 obj_last=0.01903 raw_first=0.06281 raw_mid=0.03158 raw_last=0.01976
[POLICY] loss=-0.00746 policy_loss=-0.00746 value_loss=0.00000 entropy=0.00000 kl=0.01558 step_ratio=0.9993 step_clip=0.0884 post_ratio=0.9875 post_clip=0.1123 grad=0.31907 lr=0.001000 critic_lr=0.000000 sde_steps=4 opt_steps=20
[POLICY_DETAIL] samples=195606 mb=48901 micro_mb=8192 micro_steps=120 batch_ratio=0.9996 batch_min=0.1036 batch_max=5.7452 post_ratio=0.9875 post_min=0.4232 post_max=1.8399 post_clip=0.1123 logp_delta_abs=0.12998 post_logp_delta_abs=0.15305 post_kl=0.01991 old_logp=-15.72961 new_logp=-15.74539 adv_abs=0.76407 grpo_adv_abs=0.76407 valid=0.99490
[TRAIN] mean_reward=23.77654 mean_len=800.92 recent_eps=100 completed_eps=304717
[UPDATE_EFFECT] action_delta=0.02476408 param_rms_delta=0.00195554
[TIME] collect=14.375s update=0.973s
[DONE] timeout=0.00000 anchor_pos=0.00000 anchor_ori=0.00000 ee_body=0.00000
[DONE_ROLLOUT] timeout=0.00000 anchor_pos=0.00085 anchor_ori=0.00000 ee_body=0.01917
[FIRST_FAILURE] chunk_mean=16.85 chunk_min=7 chunk_max=23 phase_mean=889.33 phase_min=264 phase_max=1183 anchor_pos=0.00085 anchor_ori=0.00000 ee_body=0.01917 timeout=0.00000
[TRACK_CHUNK0] anchor_pos=0.97657 anchor_ori=0.82904 body_pos=0.97629 body_ori=0.80110 body_lin=0.54107 body_ang=0.02175
[TRACK_ROLLOUT] anchor_pos=0.83395 anchor_ori=0.59218 body_pos=0.88163 body_ori=0.14618 body_lin=0.48272 body_ang=0.06421
[TRAIN_COST] action_rate=24.49222 joint_torque=3703.98486 joint_limit=0.00176 undesired_contacts=0.56274
[REWARD_WEIGHTED] pos=0.11903 penalty=-0.05621 total=0.06281 act_rate=-0.04898 torque=-0.00074 contacts=-0.00113
[ACT_SUMMARY] abs_mean=0.7167 abs_p95=1.8321 abs_p99=2.6506 abs_max=4.1218 abs_max_all=4.6824 legs=0.7191 waist=0.6989 arms=0.7184 first=0.7167 last=0.7428 latent_abs=0.7744 latent_max=8.5429
[TRAIN_BODY] torso_ori=6.14deg l_wrist_ori=12.21deg r_wrist_ori=13.72deg l_elbow_ori=11.18deg r_elbow_ori=12.55deg l_shoulder_ori=8.30deg r_shoulder_ori=10.33deg
[TRAIN_ANG] torso=2.286 l_wrist=7.958 r_wrist=10.598 l_elbow=7.400 r_elbow=9.588 l_shoulder=3.986 r_shoulder=7.273
[TRAIN_ACT] l_wrist_r=0.5548 l_wrist_p=0.5835 l_wrist_y=0.5862 r_wrist_r=0.5394 r_wrist_p=0.5566 r_wrist_y=0.5960 l_elbow=0.6775 r_elbow=0.7586
[UPDATE] 115/200 group_reward=48.38136 group_std=18.87489 group_raw=0.77566 rollout_ret=0.76943 chunk0_ret=0.06297 chunk_last_ret=0.02115
[REWARD_SCALE] live_steps=23.86 min=9 p50=24 p95=24 max=24 survive=0.97949 per_step=0.03225 per_second=1.613 episode30s_projection=48.38
[OBJECTIVE] obj_mean=0.76943 obj_std=0.30245 obj_min=-0.63949 obj_max=1.91861 raw_mean=0.77566 raw_std=0.30026 raw_min=-0.63949 raw_max=1.91861 score_mean=0.03224 rtg_mean=-12.76268 grpo_score=0.46782 early_penalty=0.30162
[PHASE] start_mean=875.12 start_min=0 start_max=1433 fail_rel_mean=15.94
[CHUNK_REWARD] obj_first=0.06297 obj_mid=0.03192 obj_last=0.02044 raw_first=0.06297 raw_mid=0.03208 raw_last=0.02115
[POLICY] loss=-0.00783 policy_loss=-0.00783 value_loss=0.00000 entropy=0.00000 kl=0.01558 step_ratio=0.9994 step_clip=0.0892 post_ratio=1.0061 post_clip=0.1299 grad=0.31441 lr=0.001000 critic_lr=0.000000 sde_steps=4 opt_steps=20
[POLICY_DETAIL] samples=195422 mb=48855 micro_mb=8192 micro_steps=120 batch_ratio=0.9995 batch_min=0.0990 batch_max=4.3307 post_ratio=1.0061 post_min=0.3284 post_max=2.4339 post_clip=0.1299 logp_delta_abs=0.13034 post_logp_delta_abs=0.15714 post_kl=0.02172 old_logp=-15.72322 new_logp=-15.73910 adv_abs=0.76500 grpo_adv_abs=0.76500 valid=0.99397
[TRAIN] mean_reward=29.50488 mean_len=972.36 recent_eps=100 completed_eps=304885
[UPDATE_EFFECT] action_delta=0.02651041 param_rms_delta=0.00196201
[TIME] collect=14.290s update=1.008s
[DONE] timeout=0.00000 anchor_pos=0.00000 anchor_ori=0.00000 ee_body=0.00000
[DONE_ROLLOUT] timeout=0.00000 anchor_pos=0.00024 anchor_ori=0.00000 ee_body=0.02026
[FIRST_FAILURE] chunk_mean=15.94 chunk_min=8 chunk_max=23 phase_mean=924.36 phase_min=435 phase_max=1158 anchor_pos=0.00024 anchor_ori=0.00000 ee_body=0.02026 timeout=0.00000
[TRACK_CHUNK0] anchor_pos=0.97642 anchor_ori=0.82724 body_pos=0.97634 body_ori=0.80268 body_lin=0.54523 body_ang=0.01971
[TRACK_ROLLOUT] anchor_pos=0.83763 anchor_ori=0.59076 body_pos=0.88193 body_ori=0.14321 body_lin=0.48740 body_ang=0.06465
[TRAIN_COST] action_rate=24.58320 joint_torque=3711.35474 joint_limit=0.00180 undesired_contacts=0.55383
[REWARD_WEIGHTED] pos=0.11903 penalty=-0.05606 total=0.06297 act_rate=-0.04917 torque=-0.00074 contacts=-0.00111
[ACT_SUMMARY] abs_mean=0.7169 abs_p95=1.8293 abs_p99=2.6737 abs_max=4.2108 abs_max_all=4.6949 legs=0.7177 waist=0.7018 arms=0.7194 first=0.7169 last=0.7401 latent_abs=0.7744 latent_max=8.6471
[TRAIN_BODY] torso_ori=6.18deg l_wrist_ori=12.17deg r_wrist_ori=13.48deg l_elbow_ori=11.09deg r_elbow_ori=12.36deg l_shoulder_ori=8.30deg r_shoulder_ori=10.34deg
[TRAIN_ANG] torso=2.316 l_wrist=7.999 r_wrist=10.632 l_elbow=7.489 r_elbow=9.627 l_shoulder=3.973 r_shoulder=7.436
[TRAIN_ACT] l_wrist_r=0.5459 l_wrist_p=0.5962 l_wrist_y=0.5785 r_wrist_r=0.5297 r_wrist_p=0.5597 r_wrist_y=0.5912 l_elbow=0.6725 r_elbow=0.7619
[UPDATE] 116/200 group_reward=48.56422 group_std=18.47005 group_raw=0.77793 rollout_ret=0.77371 chunk0_ret=0.06242 chunk_last_ret=0.02192
[REWARD_SCALE] live_steps=23.90 min=7 p50=24 p95=24 max=24 survive=0.98193 per_step=0.03238 per_second=1.619 episode30s_projection=48.56
[OBJECTIVE] obj_mean=0.77371 obj_std=0.29564 obj_min=-0.80427 obj_max=1.95394 raw_mean=0.77793 raw_std=0.29394 raw_min=-0.80427 raw_max=1.95394 score_mean=0.03238 rtg_mean=-12.01310 grpo_score=0.56034 early_penalty=0.21337
[PHASE] start_mean=883.65 start_min=1 start_max=1433 fail_rel_mean=17.33
[CHUNK_REWARD] obj_first=0.06242 obj_mid=0.03208 obj_last=0.02129 raw_first=0.06242 raw_mid=0.03221 raw_last=0.02192
[POLICY] loss=-0.00827 policy_loss=-0.00827 value_loss=0.00000 entropy=0.00000 kl=0.01474 step_ratio=0.9996 step_clip=0.0831 post_ratio=0.9913 post_clip=0.1035 grad=0.28129 lr=0.001000 critic_lr=0.000000 sde_steps=4 opt_steps=20
[POLICY_DETAIL] samples=195769 mb=48942 micro_mb=8192 micro_steps=120 batch_ratio=0.9997 batch_min=0.1835 batch_max=4.8631 post_ratio=0.9913 post_min=0.4454 post_max=2.4600 post_clip=0.1035 logp_delta_abs=0.12724 post_logp_delta_abs=0.14667 post_kl=0.01877 old_logp=-15.73401 new_logp=-15.74885 adv_abs=0.76544 grpo_adv_abs=0.76544 valid=0.99573
[TRAIN] mean_reward=29.15266 mean_len=975.76 recent_eps=100 completed_eps=305033
[UPDATE_EFFECT] action_delta=0.02419895 param_rms_delta=0.00198013
[TIME] collect=14.290s update=0.979s
[DONE] timeout=0.00000 anchor_pos=0.00000 anchor_ori=0.00000 ee_body=0.00000
[DONE_ROLLOUT] timeout=0.00000 anchor_pos=0.00061 anchor_ori=0.00000 ee_body=0.01782
[FIRST_FAILURE] chunk_mean=17.33 chunk_min=6 chunk_max=23 phase_mean=872.59 phase_min=273 phase_max=1226 anchor_pos=0.00061 anchor_ori=0.00000 ee_body=0.01782 timeout=0.00000
[TRACK_CHUNK0] anchor_pos=0.97596 anchor_ori=0.82934 body_pos=0.97648 body_ori=0.80385 body_lin=0.54358 body_ang=0.01922
[TRACK_ROLLOUT] anchor_pos=0.84164 anchor_ori=0.58831 body_pos=0.88223 body_ori=0.14075 body_lin=0.48703 body_ang=0.06414
[TRAIN_COST] action_rate=24.89320 joint_torque=3717.77686 joint_limit=0.00174 undesired_contacts=0.55322
[REWARD_WEIGHTED] pos=0.11907 penalty=-0.05666 total=0.06242 act_rate=-0.04979 torque=-0.00074 contacts=-0.00111
[ACT_SUMMARY] abs_mean=0.7209 abs_p95=1.8480 abs_p99=2.7029 abs_max=4.3070 abs_max_all=4.6381 legs=0.7209 waist=0.7057 arms=0.7241 first=0.7209 last=0.7393 latent_abs=0.7759 latent_max=8.2052
[TRAIN_BODY] torso_ori=6.24deg l_wrist_ori=12.12deg r_wrist_ori=13.43deg l_elbow_ori=10.98deg r_elbow_ori=12.31deg l_shoulder_ori=8.40deg r_shoulder_ori=10.19deg
[TRAIN_ANG] torso=2.273 l_wrist=8.133 r_wrist=10.888 l_elbow=7.558 r_elbow=9.866 l_shoulder=3.994 r_shoulder=7.551
[TRAIN_ACT] l_wrist_r=0.5531 l_wrist_p=0.5925 l_wrist_y=0.5694 r_wrist_r=0.5345 r_wrist_p=0.5524 r_wrist_y=0.5876 l_elbow=0.6616 r_elbow=0.7858
[UPDATE] 117/200 group_reward=48.37042 group_std=18.27093 group_raw=0.77504 rollout_ret=0.77019 chunk0_ret=0.06218 chunk_last_ret=0.02158
[REWARD_SCALE] live_steps=23.88 min=8 p50=24 p95=24 max=24 survive=0.98303 per_step=0.03225 per_second=1.612 episode30s_projection=48.37
[OBJECTIVE] obj_mean=0.77019 obj_std=0.29296 obj_min=-0.60464 obj_max=1.85089 raw_mean=0.77504 raw_std=0.29075 raw_min=-0.60464 raw_max=1.85089 score_mean=0.03224 rtg_mean=-12.08386 grpo_score=0.52885 early_penalty=0.24134
[PHASE] start_mean=883.76 start_min=10 start_max=1433 fail_rel_mean=16.17
[CHUNK_REWARD] obj_first=0.06218 obj_mid=0.03239 obj_last=0.02100 raw_first=0.06218 raw_mid=0.03248 raw_last=0.02158
[POLICY] loss=-0.00758 policy_loss=-0.00758 value_loss=0.00000 entropy=0.00000 kl=0.01585 step_ratio=0.9994 step_clip=0.0915 post_ratio=1.0056 post_clip=0.1191 grad=0.33194 lr=0.001000 critic_lr=0.000000 sde_steps=4 opt_steps=20
[POLICY_DETAIL] samples=195659 mb=48914 micro_mb=8192 micro_steps=120 batch_ratio=0.9997 batch_min=0.2000 batch_max=4.8787 post_ratio=1.0056 post_min=0.3823 post_max=1.7920 post_clip=0.1191 logp_delta_abs=0.13197 post_logp_delta_abs=0.15293 post_kl=0.02036 old_logp=-15.72701 new_logp=-15.74291 adv_abs=0.76580 grpo_adv_abs=0.76580 valid=0.99517
[TRAIN] mean_reward=25.52223 mean_len=857.23 recent_eps=100 completed_eps=305172
[UPDATE_EFFECT] action_delta=0.02515495 param_rms_delta=0.00196529
[TIME] collect=14.354s update=1.028s
[DONE] timeout=0.00000 anchor_pos=0.00000 anchor_ori=0.00000 ee_body=0.00000
[DONE_ROLLOUT] timeout=0.00000 anchor_pos=0.00049 anchor_ori=0.00000 ee_body=0.01672
[FIRST_FAILURE] chunk_mean=16.17 chunk_min=7 chunk_max=23 phase_mean=869.56 phase_min=436 phase_max=1282 anchor_pos=0.00049 anchor_ori=0.00000 ee_body=0.01672 timeout=0.00000
[TRACK_CHUNK0] anchor_pos=0.97677 anchor_ori=0.82541 body_pos=0.97611 body_ori=0.80242 body_lin=0.54635 body_ang=0.02110
[TRACK_ROLLOUT] anchor_pos=0.83998 anchor_ori=0.58925 body_pos=0.88143 body_ori=0.14116 body_lin=0.48262 body_ang=0.06397
[TRAIN_COST] action_rate=24.87783 joint_torque=3700.82080 joint_limit=0.00176 undesired_contacts=0.55798
[REWARD_WEIGHTED] pos=0.11901 penalty=-0.05683 total=0.06218 act_rate=-0.04976 torque=-0.00074 contacts=-0.00112
[ACT_SUMMARY] abs_mean=0.7205 abs_p95=1.8479 abs_p99=2.7006 abs_max=4.1511 abs_max_all=4.6267 legs=0.7247 waist=0.6997 arms=0.7214 first=0.7205 last=0.7347 latent_abs=0.7745 latent_max=8.1249
[TRAIN_BODY] torso_ori=6.23deg l_wrist_ori=12.25deg r_wrist_ori=13.61deg l_elbow_ori=11.08deg r_elbow_ori=12.42deg l_shoulder_ori=8.22deg r_shoulder_ori=10.30deg
[TRAIN_ANG] torso=2.293 l_wrist=8.033 r_wrist=10.861 l_elbow=7.497 r_elbow=9.797 l_shoulder=3.982 r_shoulder=7.479
[TRAIN_ACT] l_wrist_r=0.5383 l_wrist_p=0.5964 l_wrist_y=0.5809 r_wrist_r=0.5378 r_wrist_p=0.5516 r_wrist_y=0.5899 l_elbow=0.6695 r_elbow=0.7837
[UPDATE] 118/200 group_reward=49.59572 group_std=18.39385 group_raw=0.79416 rollout_ret=0.79082 chunk0_ret=0.06308 chunk_last_ret=0.02150
[REWARD_SCALE] live_steps=23.92 min=5 p50=24 p95=24 max=24 survive=0.98792 per_step=0.03306 per_second=1.653 episode30s_projection=49.60
[OBJECTIVE] obj_mean=0.79082 obj_std=0.29515 obj_min=-0.35485 obj_max=1.84034 raw_mean=0.79416 raw_std=0.29368 raw_min=-0.35485 raw_max=1.84034 score_mean=0.03306 rtg_mean=-11.26065 grpo_score=0.61992 early_penalty=0.17090
[PHASE] start_mean=879.45 start_min=0 start_max=1433 fail_rel_mean=16.21
[CHUNK_REWARD] obj_first=0.06308 obj_mid=0.03296 obj_last=0.02110 raw_first=0.06308 raw_mid=0.03309 raw_last=0.02150
[POLICY] loss=-0.00787 policy_loss=-0.00787 value_loss=0.00000 entropy=0.00000 kl=0.01475 step_ratio=0.9995 step_clip=0.0832 post_ratio=1.0022 post_clip=0.1348 grad=0.29985 lr=0.001000 critic_lr=0.000000 sde_steps=4 opt_steps=20
[POLICY_DETAIL] samples=195936 mb=48984 micro_mb=8192 micro_steps=120 batch_ratio=0.9997 batch_min=0.2040 batch_max=4.0911 post_ratio=1.0022 post_min=0.5352 post_max=2.7773 post_clip=0.1348 logp_delta_abs=0.12732 post_logp_delta_abs=0.15787 post_kl=0.02180 old_logp=-15.72821 new_logp=-15.74312 adv_abs=0.76601 grpo_adv_abs=0.76601 valid=0.99658
[TRAIN] mean_reward=26.02029 mean_len=863.22 recent_eps=100 completed_eps=305271
[UPDATE_EFFECT] action_delta=0.02524147 param_rms_delta=0.00196130
[TIME] collect=14.374s update=1.001s
[DONE] timeout=0.00000 anchor_pos=0.00000 anchor_ori=0.00000 ee_body=0.00000
[DONE_ROLLOUT] timeout=0.00000 anchor_pos=0.00037 anchor_ori=0.00000 ee_body=0.01184
[FIRST_FAILURE] chunk_mean=16.21 chunk_min=4 chunk_max=23 phase_mean=905.90 phase_min=439 phase_max=1256 anchor_pos=0.00037 anchor_ori=0.00000 ee_body=0.01184 timeout=0.00000
[TRACK_CHUNK0] anchor_pos=0.97664 anchor_ori=0.82998 body_pos=0.97625 body_ori=0.80139 body_lin=0.54705 body_ang=0.02008
[TRACK_ROLLOUT] anchor_pos=0.84104 anchor_ori=0.60171 body_pos=0.88340 body_ori=0.14384 body_lin=0.48567 body_ang=0.06501
[TRAIN_COST] action_rate=24.61636 joint_torque=3692.87012 joint_limit=0.00165 undesired_contacts=0.56299
[REWARD_WEIGHTED] pos=0.11916 penalty=-0.05608 total=0.06308 act_rate=-0.04923 torque=-0.00074 contacts=-0.00113
[ACT_SUMMARY] abs_mean=0.7171 abs_p95=1.8354 abs_p99=2.6837 abs_max=4.3881 abs_max_all=4.7111 legs=0.7208 waist=0.6919 arms=0.7194 first=0.7171 last=0.7403 latent_abs=0.7759 latent_max=8.7874
[TRAIN_BODY] torso_ori=6.25deg l_wrist_ori=12.26deg r_wrist_ori=13.60deg l_elbow_ori=11.16deg r_elbow_ori=12.41deg l_shoulder_ori=8.39deg r_shoulder_ori=10.33deg
[TRAIN_ANG] torso=2.292 l_wrist=8.050 r_wrist=10.598 l_elbow=7.535 r_elbow=9.562 l_shoulder=4.043 r_shoulder=7.367
[TRAIN_ACT] l_wrist_r=0.5440 l_wrist_p=0.5837 l_wrist_y=0.5773 r_wrist_r=0.5287 r_wrist_p=0.5602 r_wrist_y=0.5862 l_elbow=0.6737 r_elbow=0.8170
[UPDATE] 119/200 group_reward=49.56161 group_std=19.09836 group_raw=0.79406 rollout_ret=0.78979 chunk0_ret=0.06293 chunk_last_ret=0.02160
[REWARD_SCALE] live_steps=23.90 min=6 p50=24 p95=24 max=24 survive=0.98645 per_step=0.03304 per_second=1.652 episode30s_projection=49.56
[OBJECTIVE] obj_mean=0.78979 obj_std=0.30593 obj_min=-0.55475 obj_max=1.85903 raw_mean=0.79406 raw_std=0.30409 raw_min=-0.55475 raw_max=1.85903 score_mean=0.03303 rtg_mean=-11.03315 grpo_score=0.58838 early_penalty=0.20142
[PHASE] start_mean=875.93 start_min=4 start_max=1433 fail_rel_mean=15.86
[CHUNK_REWARD] obj_first=0.06293 obj_mid=0.03300 obj_last=0.02109 raw_first=0.06293 raw_mid=0.03313 raw_last=0.02160
[POLICY] loss=-0.00786 policy_loss=-0.00786 value_loss=0.00000 entropy=0.00000 kl=0.01542 step_ratio=0.9995 step_clip=0.0887 post_ratio=1.0045 post_clip=0.1172 grad=0.30200 lr=0.001000 critic_lr=0.000000 sde_steps=4 opt_steps=20
[POLICY_DETAIL] samples=195816 mb=48954 micro_mb=8192 micro_steps=120 batch_ratio=0.9996 batch_min=0.1791 batch_max=5.2898 post_ratio=1.0045 post_min=0.3503 post_max=2.1667 post_clip=0.1172 logp_delta_abs=0.12976 post_logp_delta_abs=0.15369 post_kl=0.02049 old_logp=-15.72837 new_logp=-15.74398 adv_abs=0.76321 grpo_adv_abs=0.76321 valid=0.99597
[TRAIN] mean_reward=26.55372 mean_len=875.59 recent_eps=100 completed_eps=305382
[UPDATE_EFFECT] action_delta=0.02436415 param_rms_delta=0.00198395
[TIME] collect=14.232s update=0.982s
[DONE] timeout=0.00000 anchor_pos=0.00000 anchor_ori=0.00000 ee_body=0.00000
[DONE_ROLLOUT] timeout=0.00000 anchor_pos=0.00012 anchor_ori=0.00000 ee_body=0.01343
[FIRST_FAILURE] chunk_mean=15.86 chunk_min=5 chunk_max=23 phase_mean=810.50 phase_min=329 phase_max=1224 anchor_pos=0.00012 anchor_ori=0.00000 ee_body=0.01343 timeout=0.00000
[TRACK_CHUNK0] anchor_pos=0.97627 anchor_ori=0.83052 body_pos=0.97688 body_ori=0.80693 body_lin=0.54471 body_ang=0.02178
[TRACK_ROLLOUT] anchor_pos=0.84085 anchor_ori=0.59810 body_pos=0.88336 body_ori=0.14860 body_lin=0.48491 body_ang=0.06574
[TRAIN_COST] action_rate=24.61992 joint_torque=3780.42334 joint_limit=0.00165 undesired_contacts=0.58704
[REWARD_WEIGHTED] pos=0.11928 penalty=-0.05635 total=0.06293 act_rate=-0.04924 torque=-0.00076 contacts=-0.00117
[ACT_SUMMARY] abs_mean=0.7182 abs_p95=1.8296 abs_p99=2.6765 abs_max=4.1319 abs_max_all=4.7228 legs=0.7254 waist=0.6999 arms=0.7160 first=0.7182 last=0.7383 latent_abs=0.7754 latent_max=8.8936
[TRAIN_BODY] torso_ori=6.11deg l_wrist_ori=11.98deg r_wrist_ori=13.23deg l_elbow_ori=10.92deg r_elbow_ori=12.15deg l_shoulder_ori=8.23deg r_shoulder_ori=9.91deg
[TRAIN_ANG] torso=2.269 l_wrist=8.178 r_wrist=10.581 l_elbow=7.560 r_elbow=9.455 l_shoulder=4.091 r_shoulder=7.197
[TRAIN_ACT] l_wrist_r=0.5405 l_wrist_p=0.5921 l_wrist_y=0.5757 r_wrist_r=0.5304 r_wrist_p=0.5423 r_wrist_y=0.5903 l_elbow=0.6853 r_elbow=0.7991
[UPDATE] 120/200 group_reward=49.70585 group_std=18.42317 group_raw=0.79593 rollout_ret=0.79317 chunk0_ret=0.06215 chunk_last_ret=0.02196
[REWARD_SCALE] live_steps=23.94 min=10 p50=24 p95=24 max=24 survive=0.98914 per_step=0.03314 per_second=1.657 episode30s_projection=49.71
[OBJECTIVE] obj_mean=0.79317 obj_std=0.29481 obj_min=-0.76827 obj_max=1.94521 raw_mean=0.79593 raw_std=0.29394 raw_min=-0.76827 raw_max=1.94521 score_mean=0.03314 rtg_mean=-10.62885 grpo_score=0.65966 early_penalty=0.13351
[PHASE] start_mean=870.76 start_min=4 start_max=1433 fail_rel_mean=17.10
[CHUNK_REWARD] obj_first=0.06215 obj_mid=0.03302 obj_last=0.02160 raw_first=0.06215 raw_mid=0.03311 raw_last=0.02196
[POLICY] loss=-0.00792 policy_loss=-0.00792 value_loss=0.00000 entropy=0.00000 kl=0.01541 step_ratio=0.9996 step_clip=0.0883 post_ratio=1.0052 post_clip=0.1074 grad=0.30269 lr=0.001000 critic_lr=0.000000 sde_steps=4 opt_steps=20
[POLICY_DETAIL] samples=196083 mb=49020 micro_mb=8192 micro_steps=120 batch_ratio=0.9996 batch_min=0.1437 batch_max=5.0025 post_ratio=1.0052 post_min=0.4332 post_max=1.8802 post_clip=0.1074 logp_delta_abs=0.12968 post_logp_delta_abs=0.14795 post_kl=0.01795 old_logp=-15.72900 new_logp=-15.74458 adv_abs=0.76595 grpo_adv_abs=0.76595 valid=0.99733
[TRAIN] mean_reward=26.26134 mean_len=862.31 recent_eps=100 completed_eps=305471
[UPDATE_EFFECT] action_delta=0.02414254 param_rms_delta=0.00198604
[TIME] collect=14.206s update=0.988s
[DONE] timeout=0.00000 anchor_pos=0.00000 anchor_ori=0.00000 ee_body=0.00000
[DONE_ROLLOUT] timeout=0.00000 anchor_pos=0.00049 anchor_ori=0.00000 ee_body=0.01038
[FIRST_FAILURE] chunk_mean=17.10 chunk_min=9 chunk_max=23 phase_mean=827.76 phase_min=395 phase_max=1144 anchor_pos=0.00049 anchor_ori=0.00000 ee_body=0.01038 timeout=0.00000
[TRACK_CHUNK0] anchor_pos=0.97653 anchor_ori=0.82559 body_pos=0.97628 body_ori=0.80288 body_lin=0.54281 body_ang=0.02025
[TRACK_ROLLOUT] anchor_pos=0.83942 anchor_ori=0.59982 body_pos=0.88196 body_ori=0.14857 body_lin=0.48703 body_ang=0.06644
[TRAIN_COST] action_rate=24.85200 joint_torque=3823.21973 joint_limit=0.00156 undesired_contacts=0.55981
[REWARD_WEIGHTED] pos=0.11893 penalty=-0.05678 total=0.06215 act_rate=-0.04970 torque=-0.00076 contacts=-0.00112
[ACT_SUMMARY] abs_mean=0.7207 abs_p95=1.8447 abs_p99=2.6683 abs_max=4.2941 abs_max_all=4.7350 legs=0.7295 waist=0.7037 arms=0.7168 first=0.7207 last=0.7380 latent_abs=0.7764 latent_max=9.0097
[TRAIN_BODY] torso_ori=6.24deg l_wrist_ori=12.18deg r_wrist_ori=13.59deg l_elbow_ori=11.17deg r_elbow_ori=12.35deg l_shoulder_ori=8.17deg r_shoulder_ori=10.29deg
[TRAIN_ANG] torso=2.285 l_wrist=8.018 r_wrist=10.711 l_elbow=7.430 r_elbow=9.577 l_shoulder=3.962 r_shoulder=7.328
[TRAIN_ACT] l_wrist_r=0.5418 l_wrist_p=0.6040 l_wrist_y=0.5820 r_wrist_r=0.5322 r_wrist_p=0.5500 r_wrist_y=0.5903 l_elbow=0.6771 r_elbow=0.8127
[UPDATE] 121/200 group_reward=49.41071 group_std=18.42603 group_raw=0.79156 rollout_ret=0.78712 chunk0_ret=0.06172 chunk_last_ret=0.02152
[REWARD_SCALE] live_steps=23.90 min=4 p50=24 p95=24 max=24 survive=0.98486 per_step=0.03294 per_second=1.647 episode30s_projection=49.41
[OBJECTIVE] obj_mean=0.78712 obj_std=0.29475 obj_min=-0.47190 obj_max=1.92433 raw_mean=0.79156 raw_std=0.29281 raw_min=-0.47190 raw_max=1.92433 score_mean=0.03293 rtg_mean=-10.89624 grpo_score=0.56866 early_penalty=0.21846
[PHASE] start_mean=867.50 start_min=2 start_max=1433 fail_rel_mean=16.07
[CHUNK_REWARD] obj_first=0.06172 obj_mid=0.03313 obj_last=0.02106 raw_first=0.06172 raw_mid=0.03330 raw_last=0.02152
[POLICY] loss=-0.00788 policy_loss=-0.00788 value_loss=0.00000 entropy=0.00000 kl=0.01590 step_ratio=0.9991 step_clip=0.0912 post_ratio=1.0074 post_clip=0.1357 grad=0.31319 lr=0.001000 critic_lr=0.000000 sde_steps=4 opt_steps=20
[POLICY_DETAIL] samples=195749 mb=48937 micro_mb=8192 micro_steps=120 batch_ratio=0.9995 batch_min=0.1596 batch_max=4.6138 post_ratio=1.0074 post_min=0.4088 post_max=2.3118 post_clip=0.1357 logp_delta_abs=0.13147 post_logp_delta_abs=0.15653 post_kl=0.02143 old_logp=-15.72941 new_logp=-15.74560 adv_abs=0.76577 grpo_adv_abs=0.76577 valid=0.99563
[TRAIN] mean_reward=28.71181 mean_len=943.21 recent_eps=100 completed_eps=305595
[UPDATE_EFFECT] action_delta=0.02489382 param_rms_delta=0.00200350
[TIME] collect=14.208s update=0.989s
[DONE] timeout=0.00000 anchor_pos=0.00000 anchor_ori=0.00000 ee_body=0.00000
[DONE_ROLLOUT] timeout=0.00000 anchor_pos=0.00024 anchor_ori=0.00000 ee_body=0.01501
[FIRST_FAILURE] chunk_mean=16.07 chunk_min=3 chunk_max=23 phase_mean=817.69 phase_min=266 phase_max=1182 anchor_pos=0.00024 anchor_ori=0.00000 ee_body=0.01501 timeout=0.00000
[TRACK_CHUNK0] anchor_pos=0.97668 anchor_ori=0.82747 body_pos=0.97633 body_ori=0.80251 body_lin=0.54398 body_ang=0.02038
[TRACK_ROLLOUT] anchor_pos=0.83918 anchor_ori=0.60088 body_pos=0.88138 body_ori=0.14624 body_lin=0.48316 body_ang=0.06489
[TRAIN_COST] action_rate=24.94612 joint_torque=3874.88647 joint_limit=0.00166 undesired_contacts=0.62195
[REWARD_WEIGHTED] pos=0.11903 penalty=-0.05731 total=0.06172 act_rate=-0.04989 torque=-0.00077 contacts=-0.00124
[ACT_SUMMARY] abs_mean=0.7223 abs_p95=1.8559 abs_p99=2.6754 abs_max=4.1072 abs_max_all=4.6701 legs=0.7336 waist=0.7054 arms=0.7162 first=0.7223 last=0.7408 latent_abs=0.7798 latent_max=8.4453
[TRAIN_BODY] torso_ori=6.12deg l_wrist_ori=12.39deg r_wrist_ori=13.57deg l_elbow_ori=11.14deg r_elbow_ori=12.34deg l_shoulder_ori=8.31deg r_shoulder_ori=9.89deg
[TRAIN_ANG] torso=2.325 l_wrist=8.173 r_wrist=10.551 l_elbow=7.556 r_elbow=9.498 l_shoulder=4.098 r_shoulder=7.128
[TRAIN_ACT] l_wrist_r=0.5419 l_wrist_p=0.5970 l_wrist_y=0.5717 r_wrist_r=0.5227 r_wrist_p=0.5436 r_wrist_y=0.5845 l_elbow=0.6872 r_elbow=0.8164
[UPDATE] 122/200 group_reward=50.29558 group_std=18.68344 group_raw=0.80553 rollout_ret=0.80095 chunk0_ret=0.06263 chunk_last_ret=0.02257
[REWARD_SCALE] live_steps=23.89 min=6 p50=24 p95=24 max=24 survive=0.98511 per_step=0.03353 per_second=1.677 episode30s_projection=50.30
[OBJECTIVE] obj_mean=0.80095 obj_std=0.29966 obj_min=-0.63272 obj_max=2.01406 raw_mean=0.80553 raw_std=0.29795 raw_min=-0.63272 raw_max=2.01406 score_mean=0.03354 rtg_mean=-10.47913 grpo_score=0.56622 early_penalty=0.23473
[PHASE] start_mean=854.66 start_min=19 start_max=1433 fail_rel_mean=15.43
[CHUNK_REWARD] obj_first=0.06263 obj_mid=0.03320 obj_last=0.02205 raw_first=0.06263 raw_mid=0.03338 raw_last=0.02257
[POLICY] loss=-0.00724 policy_loss=-0.00724 value_loss=0.00000 entropy=0.00000 kl=0.01690 step_ratio=0.9992 step_clip=0.0991 post_ratio=0.9961 post_clip=0.1348 grad=0.35241 lr=0.001000 critic_lr=0.000000 sde_steps=4 opt_steps=20
[POLICY_DETAIL] samples=195685 mb=48921 micro_mb=8192 micro_steps=120 batch_ratio=0.9994 batch_min=0.1589 batch_max=4.4426 post_ratio=0.9961 post_min=0.3946 post_max=2.4662 post_clip=0.1348 logp_delta_abs=0.13543 post_logp_delta_abs=0.15931 post_kl=0.02215 old_logp=-15.73261 new_logp=-15.74989 adv_abs=0.76156 grpo_adv_abs=0.76156 valid=0.99531
[TRAIN] mean_reward=31.09838 mean_len=1009.59 recent_eps=100 completed_eps=305717
[UPDATE_EFFECT] action_delta=0.02862704 param_rms_delta=0.00199430
[TIME] collect=14.384s update=0.990s
[DONE] timeout=0.00000 anchor_pos=0.00000 anchor_ori=0.00000 ee_body=0.00000
[DONE_ROLLOUT] timeout=0.00000 anchor_pos=0.00061 anchor_ori=0.00000 ee_body=0.01477
[FIRST_FAILURE] chunk_mean=15.43 chunk_min=5 chunk_max=23 phase_mean=814.61 phase_min=267 phase_max=1147 anchor_pos=0.00061 anchor_ori=0.00000 ee_body=0.01477 timeout=0.00000
[TRACK_CHUNK0] anchor_pos=0.97641 anchor_ori=0.82733 body_pos=0.97606 body_ori=0.80310 body_lin=0.54256 body_ang=0.02260
[TRACK_ROLLOUT] anchor_pos=0.83930 anchor_ori=0.60374 body_pos=0.88281 body_ori=0.15057 body_lin=0.48640 body_ang=0.06658
[TRAIN_COST] action_rate=24.68948 joint_torque=3851.35205 joint_limit=0.00169 undesired_contacts=0.58813
[REWARD_WEIGHTED] pos=0.11904 penalty=-0.05640 total=0.06263 act_rate=-0.04938 torque=-0.00077 contacts=-0.00118
[ACT_SUMMARY] abs_mean=0.7196 abs_p95=1.8344 abs_p99=2.6648 abs_max=4.1364 abs_max_all=4.6911 legs=0.7359 waist=0.6988 arms=0.7101 first=0.7196 last=0.7393 latent_abs=0.7757 latent_max=8.6145
[TRAIN_BODY] torso_ori=6.18deg l_wrist_ori=12.09deg r_wrist_ori=13.45deg l_elbow_ori=11.08deg r_elbow_ori=12.15deg l_shoulder_ori=8.30deg r_shoulder_ori=10.01deg
[TRAIN_ANG] torso=2.283 l_wrist=8.176 r_wrist=10.384 l_elbow=7.562 r_elbow=9.254 l_shoulder=4.147 r_shoulder=7.015
[TRAIN_ACT] l_wrist_r=0.5356 l_wrist_p=0.5964 l_wrist_y=0.5728 r_wrist_r=0.5181 r_wrist_p=0.5350 r_wrist_y=0.5857 l_elbow=0.6720 r_elbow=0.8144
[UPDATE] 123/200 group_reward=51.45284 group_std=18.51301 group_raw=0.82424 rollout_ret=0.82003 chunk0_ret=0.06314 chunk_last_ret=0.02256
[REWARD_SCALE] live_steps=23.91 min=9 p50=24 p95=24 max=24 survive=0.98523 per_step=0.03430 per_second=1.715 episode30s_projection=51.45
[OBJECTIVE] obj_mean=0.82003 obj_std=0.29638 obj_min=-0.54772 obj_max=1.92850 raw_mean=0.82424 raw_std=0.29506 raw_min=-0.54772 raw_max=1.92850 score_mean=0.03431 rtg_mean=-10.71254 grpo_score=0.62498 early_penalty=0.19506
[PHASE] start_mean=852.84 start_min=8 start_max=1428 fail_rel_mean=16.66
[CHUNK_REWARD] obj_first=0.06314 obj_mid=0.03405 obj_last=0.02198 raw_first=0.06314 raw_mid=0.03415 raw_last=0.02256
[POLICY] loss=-0.00756 policy_loss=-0.00756 value_loss=0.00000 entropy=0.00000 kl=0.01625 step_ratio=0.9995 step_clip=0.0935 post_ratio=0.9827 post_clip=0.1240 grad=0.33107 lr=0.001000 critic_lr=0.000000 sde_steps=4 opt_steps=20
[POLICY_DETAIL] samples=195841 mb=48960 micro_mb=8192 micro_steps=120 batch_ratio=0.9997 batch_min=0.1057 batch_max=4.1270 post_ratio=0.9827 post_min=0.4688 post_max=2.2459 post_clip=0.1240 logp_delta_abs=0.13318 post_logp_delta_abs=0.15384 post_kl=0.02082 old_logp=-15.72858 new_logp=-15.74492 adv_abs=0.76538 grpo_adv_abs=0.76538 valid=0.99610
[TRAIN] mean_reward=27.52139 mean_len=893.39 recent_eps=100 completed_eps=305838
[UPDATE_EFFECT] action_delta=0.02473787 param_rms_delta=0.00197940
[TIME] collect=14.306s update=0.999s
[DONE] timeout=0.00000 anchor_pos=0.00000 anchor_ori=0.00000 ee_body=0.00000
[DONE_ROLLOUT] timeout=0.00000 anchor_pos=0.00073 anchor_ori=0.00000 ee_body=0.01416
[FIRST_FAILURE] chunk_mean=16.66 chunk_min=8 chunk_max=23 phase_mean=887.20 phase_min=368 phase_max=1236 anchor_pos=0.00073 anchor_ori=0.00000 ee_body=0.01416 timeout=0.00000
[TRACK_CHUNK0] anchor_pos=0.97614 anchor_ori=0.83006 body_pos=0.97673 body_ori=0.80390 body_lin=0.54616 body_ang=0.02314
[TRACK_ROLLOUT] anchor_pos=0.84034 anchor_ori=0.61475 body_pos=0.88389 body_ori=0.15353 body_lin=0.48534 body_ang=0.06723
[TRAIN_COST] action_rate=24.50488 joint_torque=3825.28589 joint_limit=0.00158 undesired_contacts=0.60791
[REWARD_WEIGHTED] pos=0.11925 penalty=-0.05610 total=0.06314 act_rate=-0.04901 torque=-0.00077 contacts=-0.00122
[ACT_SUMMARY] abs_mean=0.7167 abs_p95=1.8335 abs_p99=2.6393 abs_max=3.9719 abs_max_all=4.6538 legs=0.7321 waist=0.6977 arms=0.7075 first=0.7167 last=0.7355 latent_abs=0.7725 latent_max=8.3205
[TRAIN_BODY] torso_ori=6.14deg l_wrist_ori=12.38deg r_wrist_ori=13.48deg l_elbow_ori=11.25deg r_elbow_ori=12.21deg l_shoulder_ori=8.33deg r_shoulder_ori=9.95deg
[TRAIN_ANG] torso=2.270 l_wrist=8.232 r_wrist=10.185 l_elbow=7.617 r_elbow=8.997 l_shoulder=4.179 r_shoulder=6.872
[TRAIN_ACT] l_wrist_r=0.5307 l_wrist_p=0.5840 l_wrist_y=0.5694 r_wrist_r=0.5263 r_wrist_p=0.5400 r_wrist_y=0.5961 l_elbow=0.6722 r_elbow=0.7947
[UPDATE] 124/200 group_reward=51.27428 group_std=18.32424 group_raw=0.82112 rollout_ret=0.81810 chunk0_ret=0.06349 chunk_last_ret=0.02224
[REWARD_SCALE] live_steps=23.93 min=9 p50=24 p95=24 max=24 survive=0.98865 per_step=0.03418 per_second=1.709 episode30s_projection=51.27
[OBJECTIVE] obj_mean=0.81810 obj_std=0.29337 obj_min=-0.37704 obj_max=1.98496 raw_mean=0.82112 raw_std=0.29253 raw_min=-0.37704 raw_max=1.98496 score_mean=0.03419 rtg_mean=-10.20397 grpo_score=0.67848 early_penalty=0.13962
[PHASE] start_mean=844.59 start_min=6 start_max=1433 fail_rel_mean=17.10
[CHUNK_REWARD] obj_first=0.06349 obj_mid=0.03405 obj_last=0.02177 raw_first=0.06349 raw_mid=0.03412 raw_last=0.02224
[POLICY] loss=-0.00784 policy_loss=-0.00784 value_loss=0.00000 entropy=0.00000 kl=0.01641 step_ratio=0.9992 step_clip=0.0950 post_ratio=1.0060 post_clip=0.1211 grad=0.32664 lr=0.001000 critic_lr=0.000000 sde_steps=4 opt_steps=20
[POLICY_DETAIL] samples=196059 mb=49014 micro_mb=8192 micro_steps=120 batch_ratio=0.9994 batch_min=0.1792 batch_max=4.9200 post_ratio=1.0060 post_min=0.3503 post_max=2.1736 post_clip=0.1211 logp_delta_abs=0.13350 post_logp_delta_abs=0.15246 post_kl=0.02023 old_logp=-15.72808 new_logp=-15.74489 adv_abs=0.76472 grpo_adv_abs=0.76472 valid=0.99721
[TRAIN] mean_reward=26.57794 mean_len=871.83 recent_eps=100 completed_eps=305931
[UPDATE_EFFECT] action_delta=0.02714952 param_rms_delta=0.00199855
[TIME] collect=14.325s update=1.013s
[DONE] timeout=0.00000 anchor_pos=0.00000 anchor_ori=0.00000 ee_body=0.00000
[DONE_ROLLOUT] timeout=0.00000 anchor_pos=0.00024 anchor_ori=0.00000 ee_body=0.01123
[FIRST_FAILURE] chunk_mean=17.10 chunk_min=8 chunk_max=23 phase_mean=856.00 phase_min=267 phase_max=1232 anchor_pos=0.00024 anchor_ori=0.00000 ee_body=0.01123 timeout=0.00000
[TRACK_CHUNK0] anchor_pos=0.97606 anchor_ori=0.82591 body_pos=0.97634 body_ori=0.80137 body_lin=0.54517 body_ang=0.02317
[TRACK_ROLLOUT] anchor_pos=0.83980 anchor_ori=0.61025 body_pos=0.88407 body_ori=0.15456 body_lin=0.48587 body_ang=0.06683
[TRAIN_COST] action_rate=24.18173 joint_torque=3859.84521 joint_limit=0.00160 undesired_contacts=0.63037
[REWARD_WEIGHTED] pos=0.11900 penalty=-0.05551 total=0.06349 act_rate=-0.04836 torque=-0.00077 contacts=-0.00126
[ACT_SUMMARY] abs_mean=0.7135 abs_p95=1.8171 abs_p99=2.6035 abs_max=4.2015 abs_max_all=4.7882 legs=0.7291 waist=0.6939 arms=0.7043 first=0.7135 last=0.7369 latent_abs=0.7730 latent_max=9.5837
[TRAIN_BODY] torso_ori=6.16deg l_wrist_ori=12.32deg r_wrist_ori=13.78deg l_elbow_ori=11.21deg r_elbow_ori=12.36deg l_shoulder_ori=8.34deg r_shoulder_ori=10.02deg
[TRAIN_ANG] torso=2.294 l_wrist=8.255 r_wrist=10.021 l_elbow=7.570 r_elbow=8.852 l_shoulder=4.228 r_shoulder=6.714
[TRAIN_ACT] l_wrist_r=0.5331 l_wrist_p=0.5894 l_wrist_y=0.5758 r_wrist_r=0.5254 r_wrist_p=0.5437 r_wrist_y=0.6004 l_elbow=0.6761 r_elbow=0.7921
[UPDATE] 125/200 group_reward=52.27390 group_std=18.37178 group_raw=0.83712 rollout_ret=0.83315 chunk0_ret=0.06322 chunk_last_ret=0.02294
[REWARD_SCALE] live_steps=23.91 min=7 p50=24 p95=24 max=24 survive=0.98767 per_step=0.03485 per_second=1.742 episode30s_projection=52.27
[OBJECTIVE] obj_mean=0.83315 obj_std=0.29481 obj_min=-0.51283 obj_max=1.88146 raw_mean=0.83712 raw_std=0.29318 raw_min=-0.51283 raw_max=1.88146 score_mean=0.03485 rtg_mean=-9.87173 grpo_score=0.63987 early_penalty=0.19328
[PHASE] start_mean=852.65 start_min=48 start_max=1433 fail_rel_mean=15.48
[CHUNK_REWARD] obj_first=0.06322 obj_mid=0.03449 obj_last=0.02252 raw_first=0.06322 raw_mid=0.03466 raw_last=0.02294
[POLICY] loss=-0.00797 policy_loss=-0.00797 value_loss=0.00000 entropy=0.00000 kl=0.01518 step_ratio=0.9999 step_clip=0.0868 post_ratio=0.9942 post_clip=0.1250 grad=0.29968 lr=0.001000 critic_lr=0.000000 sde_steps=4 opt_steps=20
[POLICY_DETAIL] samples=195848 mb=48962 micro_mb=8192 micro_steps=120 batch_ratio=0.9999 batch_min=0.1551 batch_max=4.2537 post_ratio=0.9942 post_min=0.4087 post_max=2.0106 post_clip=0.1250 logp_delta_abs=0.12877 post_logp_delta_abs=0.15641 post_kl=0.02171 old_logp=-15.73396 new_logp=-15.74905 adv_abs=0.76485 grpo_adv_abs=0.76485 valid=0.99613
[TRAIN] mean_reward=30.60395 mean_len=991.28 recent_eps=100 completed_eps=306032
[UPDATE_EFFECT] action_delta=0.02668684 param_rms_delta=0.00199668
[TIME] collect=14.187s update=1.014s
[DONE] timeout=0.00000 anchor_pos=0.00000 anchor_ori=0.00000 ee_body=0.00000
[DONE_ROLLOUT] timeout=0.00000 anchor_pos=0.00049 anchor_ori=0.00012 ee_body=0.01184
[FIRST_FAILURE] chunk_mean=15.48 chunk_min=6 chunk_max=23 phase_mean=859.71 phase_min=330 phase_max=1159 anchor_pos=0.00049 anchor_ori=0.00012 ee_body=0.01184 timeout=0.00000
[TRACK_CHUNK0] anchor_pos=0.97609 anchor_ori=0.82328 body_pos=0.97651 body_ori=0.80004 body_lin=0.54441 body_ang=0.02354
[TRACK_ROLLOUT] anchor_pos=0.83870 anchor_ori=0.62131 body_pos=0.88373 body_ori=0.15681 body_lin=0.48858 body_ang=0.06819
[TRAIN_COST] action_rate=24.14122 joint_torque=3841.02246 joint_limit=0.00150 undesired_contacts=0.67761
[REWARD_WEIGHTED] pos=0.11886 penalty=-0.05565 total=0.06322 act_rate=-0.04828 torque=-0.00077 contacts=-0.00136
[ACT_SUMMARY] abs_mean=0.7118 abs_p95=1.8121 abs_p99=2.6372 abs_max=4.2209 abs_max_all=4.7604 legs=0.7299 waist=0.6883 arms=0.7013 first=0.7118 last=0.7368 latent_abs=0.7714 latent_max=9.2680
[TRAIN_BODY] torso_ori=6.28deg l_wrist_ori=12.54deg r_wrist_ori=13.69deg l_elbow_ori=11.54deg r_elbow_ori=12.31deg l_shoulder_ori=8.56deg r_shoulder_ori=9.83deg
[TRAIN_ANG] torso=2.275 l_wrist=8.247 r_wrist=10.077 l_elbow=7.533 r_elbow=8.964 l_shoulder=4.169 r_shoulder=6.589
[TRAIN_ACT] l_wrist_r=0.5261 l_wrist_p=0.5842 l_wrist_y=0.5763 r_wrist_r=0.5266 r_wrist_p=0.5367 r_wrist_y=0.5925 l_elbow=0.6911 r_elbow=0.7879
[UPDATE] 126/200 group_reward=52.69737 group_std=18.74903 group_raw=0.84429 rollout_ret=0.83945 chunk0_ret=0.06382 chunk_last_ret=0.02297
[REWARD_SCALE] live_steps=23.89 min=7 p50=24 p95=24 max=24 survive=0.98535 per_step=0.03513 per_second=1.757 episode30s_projection=52.70
[OBJECTIVE] obj_mean=0.83945 obj_std=0.30058 obj_min=-0.56420 obj_max=1.97504 raw_mean=0.84429 raw_std=0.29902 raw_min=-0.56420 raw_max=1.97504 score_mean=0.03514 rtg_mean=-10.18853 grpo_score=0.61973 early_penalty=0.21973
[PHASE] start_mean=846.29 start_min=11 start_max=1433 fail_rel_mean=15.80
[CHUNK_REWARD] obj_first=0.06382 obj_mid=0.03520 obj_last=0.02244 raw_first=0.06382 raw_mid=0.03533 raw_last=0.02297
[POLICY] loss=-0.00767 policy_loss=-0.00767 value_loss=0.00000 entropy=0.00000 kl=0.01641 step_ratio=0.9995 step_clip=0.0945 post_ratio=1.0117 post_clip=0.1182 grad=0.33681 lr=0.001000 critic_lr=0.000000 sde_steps=4 opt_steps=20
[POLICY_DETAIL] samples=195744 mb=48936 micro_mb=8192 micro_steps=120 batch_ratio=0.9997 batch_min=0.1312 batch_max=5.0123 post_ratio=1.0117 post_min=0.5071 post_max=2.1404 post_clip=0.1182 logp_delta_abs=0.13368 post_logp_delta_abs=0.15080 post_kl=0.01890 old_logp=-15.73157 new_logp=-15.74804 adv_abs=0.76630 grpo_adv_abs=0.76630 valid=0.99561
[TRAIN] mean_reward=30.63435 mean_len=991.82 recent_eps=100 completed_eps=306152
[UPDATE_EFFECT] action_delta=0.02440062 param_rms_delta=0.00200412
[TIME] collect=14.217s update=0.997s
[DONE] timeout=0.00000 anchor_pos=0.00000 anchor_ori=0.00000 ee_body=0.00000
[DONE_ROLLOUT] timeout=0.00000 anchor_pos=0.00037 anchor_ori=0.00000 ee_body=0.01440
[FIRST_FAILURE] chunk_mean=15.80 chunk_min=6 chunk_max=23 phase_mean=854.75 phase_min=371 phase_max=1221 anchor_pos=0.00037 anchor_ori=0.00000 ee_body=0.01440 timeout=0.00000
[TRACK_CHUNK0] anchor_pos=0.97624 anchor_ori=0.82259 body_pos=0.97617 body_ori=0.80044 body_lin=0.54129 body_ang=0.02384
[TRACK_ROLLOUT] anchor_pos=0.83806 anchor_ori=0.62952 body_pos=0.88408 body_ori=0.15923 body_lin=0.48622 body_ang=0.06851
[TRAIN_COST] action_rate=23.90835 joint_torque=3848.39258 joint_limit=0.00168 undesired_contacts=0.67017
[REWARD_WEIGHTED] pos=0.11879 penalty=-0.05496 total=0.06382 act_rate=-0.04782 torque=-0.00077 contacts=-0.00134
[ACT_SUMMARY] abs_mean=0.7080 abs_p95=1.8058 abs_p99=2.5906 abs_max=4.1148 abs_max_all=4.7660 legs=0.7277 waist=0.6817 arms=0.6966 first=0.7080 last=0.7403 latent_abs=0.7731 latent_max=9.3288
[TRAIN_BODY] torso_ori=6.32deg l_wrist_ori=12.46deg r_wrist_ori=13.67deg l_elbow_ori=11.23deg r_elbow_ori=12.20deg l_shoulder_ori=8.36deg r_shoulder_ori=9.91deg
[TRAIN_ANG] torso=2.263 l_wrist=8.471 r_wrist=9.889 l_elbow=7.765 r_elbow=8.609 l_shoulder=4.304 r_shoulder=6.564
[TRAIN_ACT] l_wrist_r=0.5231 l_wrist_p=0.5907 l_wrist_y=0.5660 r_wrist_r=0.5211 r_wrist_p=0.5381 r_wrist_y=0.5824 l_elbow=0.6904 r_elbow=0.7781
[UPDATE] 127/200 group_reward=52.15964 group_std=18.69416 group_raw=0.83585 rollout_ret=0.83049 chunk0_ret=0.06427 chunk_last_ret=0.02311
[REWARD_SCALE] live_steps=23.88 min=6 p50=24 p95=24 max=24 survive=0.98279 per_step=0.03477 per_second=1.739 episode30s_projection=52.16
[OBJECTIVE] obj_mean=0.83049 obj_std=0.29984 obj_min=-0.53085 obj_max=2.10143 raw_mean=0.83585 raw_std=0.29797 raw_min=-0.53085 raw_max=2.10143 score_mean=0.03477 rtg_mean=-9.60443 grpo_score=0.58711 early_penalty=0.24338
[PHASE] start_mean=842.13 start_min=8 start_max=1433 fail_rel_mean=16.21
[CHUNK_REWARD] obj_first=0.06427 obj_mid=0.03406 obj_last=0.02251 raw_first=0.06427 raw_mid=0.03421 raw_last=0.02311
[POLICY] loss=-0.00802 policy_loss=-0.00802 value_loss=0.00000 entropy=0.00000 kl=0.01582 step_ratio=0.9995 step_clip=0.0908 post_ratio=0.9943 post_clip=0.1104 grad=0.31874 lr=0.001000 critic_lr=0.000000 sde_steps=4 opt_steps=20
[POLICY_DETAIL] samples=195651 mb=48912 micro_mb=8192 micro_steps=120 batch_ratio=0.9996 batch_min=0.1102 batch_max=4.8141 post_ratio=0.9943 post_min=0.4144 post_max=3.8471 post_clip=0.1104 logp_delta_abs=0.13146 post_logp_delta_abs=0.15216 post_kl=0.02049 old_logp=-15.73656 new_logp=-15.75259 adv_abs=0.76524 grpo_adv_abs=0.76524 valid=0.99513
[TRAIN] mean_reward=30.70243 mean_len=993.47 recent_eps=100 completed_eps=306293
[UPDATE_EFFECT] action_delta=0.02512935 param_rms_delta=0.00198631
[TIME] collect=14.305s update=0.993s
[DONE] timeout=0.00000 anchor_pos=0.00000 anchor_ori=0.00000 ee_body=0.00000
[DONE_ROLLOUT] timeout=0.00000 anchor_pos=0.00000 anchor_ori=0.00000 ee_body=0.01721
[FIRST_FAILURE] chunk_mean=16.21 chunk_min=5 chunk_max=23 phase_mean=818.05 phase_min=266 phase_max=1233 anchor_pos=0.00000 anchor_ori=0.00000 ee_body=0.01721 timeout=0.00000
[TRACK_CHUNK0] anchor_pos=0.97638 anchor_ori=0.82860 body_pos=0.97716 body_ori=0.80314 body_lin=0.53885 body_ang=0.02355
[TRACK_ROLLOUT] anchor_pos=0.84117 anchor_ori=0.62310 body_pos=0.88407 body_ori=0.15841 body_lin=0.48519 body_ang=0.06800
[TRAIN_COST] action_rate=23.80390 joint_torque=3939.36523 joint_limit=0.00152 undesired_contacts=0.66565
[REWARD_WEIGHTED] pos=0.11905 penalty=-0.05478 total=0.06427 act_rate=-0.04761 torque=-0.00079 contacts=-0.00133
[ACT_SUMMARY] abs_mean=0.7075 abs_p95=1.8012 abs_p99=2.5930 abs_max=4.0072 abs_max_all=4.7182 legs=0.7307 waist=0.6885 arms=0.6916 first=0.7075 last=0.7372 latent_abs=0.7733 latent_max=8.8514
[TRAIN_BODY] torso_ori=6.10deg l_wrist_ori=12.34deg r_wrist_ori=13.64deg l_elbow_ori=11.18deg r_elbow_ori=12.29deg l_shoulder_ori=8.35deg r_shoulder_ori=9.68deg
[TRAIN_ANG] torso=2.254 l_wrist=8.565 r_wrist=9.874 l_elbow=7.682 r_elbow=8.699 l_shoulder=4.346 r_shoulder=6.393
[TRAIN_ACT] l_wrist_r=0.5156 l_wrist_p=0.5853 l_wrist_y=0.5737 r_wrist_r=0.5122 r_wrist_p=0.5327 r_wrist_y=0.5927 l_elbow=0.6838 r_elbow=0.7564
[UPDATE] 128/200 group_reward=53.03457 group_std=18.62045 group_raw=0.84968 rollout_ret=0.84512 chunk0_ret=0.06387 chunk_last_ret=0.02367
[REWARD_SCALE] live_steps=23.90 min=7 p50=24 p95=24 max=24 survive=0.98450 per_step=0.03536 per_second=1.768 episode30s_projection=53.03
[OBJECTIVE] obj_mean=0.84512 obj_std=0.29865 obj_min=-0.47185 obj_max=2.00053 raw_mean=0.84968 raw_std=0.29735 raw_min=-0.47185 raw_max=2.00053 score_mean=0.03536 rtg_mean=-8.91216 grpo_score=0.64268 early_penalty=0.20243
[PHASE] start_mean=845.68 start_min=3 start_max=1433 fail_rel_mean=16.73
[CHUNK_REWARD] obj_first=0.06387 obj_mid=0.03527 obj_last=0.02309 raw_first=0.06387 raw_mid=0.03542 raw_last=0.02367
[POLICY] loss=-0.00776 policy_loss=-0.00776 value_loss=0.00000 entropy=0.00000 kl=0.01612 step_ratio=0.9995 step_clip=0.0928 post_ratio=0.9972 post_clip=0.1348 grad=0.32555 lr=0.001000 critic_lr=0.000000 sde_steps=4 opt_steps=20
[POLICY_DETAIL] samples=195812 mb=48953 micro_mb=8192 micro_steps=120 batch_ratio=0.9997 batch_min=0.1349 batch_max=5.6928 post_ratio=0.9972 post_min=0.3930 post_max=2.7245 post_clip=0.1348 logp_delta_abs=0.13244 post_logp_delta_abs=0.16060 post_kl=0.02253 old_logp=-15.73029 new_logp=-15.74651 adv_abs=0.76559 grpo_adv_abs=0.76559 valid=0.99595
[TRAIN] mean_reward=30.74827 mean_len=1000.99 recent_eps=100 completed_eps=306420
[UPDATE_EFFECT] action_delta=0.02599194 param_rms_delta=0.00200310
[TIME] collect=14.290s update=0.985s
[DONE] timeout=0.00000 anchor_pos=0.00000 anchor_ori=0.00000 ee_body=0.00000
[DONE_ROLLOUT] timeout=0.00000 anchor_pos=0.00024 anchor_ori=0.00000 ee_body=0.01526
[FIRST_FAILURE] chunk_mean=16.73 chunk_min=6 chunk_max=23 phase_mean=873.02 phase_min=322 phase_max=1160 anchor_pos=0.00024 anchor_ori=0.00000 ee_body=0.01526 timeout=0.00000
[TRACK_CHUNK0] anchor_pos=0.97663 anchor_ori=0.82837 body_pos=0.97677 body_ori=0.80258 body_lin=0.54192 body_ang=0.02417
[TRACK_ROLLOUT] anchor_pos=0.84031 anchor_ori=0.63332 body_pos=0.88478 body_ori=0.15637 body_lin=0.48604 body_ang=0.06858
[TRAIN_COST] action_rate=23.96060 joint_torque=3954.96167 joint_limit=0.00161 undesired_contacts=0.68091
[REWARD_WEIGHTED] pos=0.11911 penalty=-0.05524 total=0.06387 act_rate=-0.04792 torque=-0.00079 contacts=-0.00136
[ACT_SUMMARY] abs_mean=0.7103 abs_p95=1.8089 abs_p99=2.5696 abs_max=4.0390 abs_max_all=4.7663 legs=0.7303 waist=0.6970 arms=0.6960 first=0.7103 last=0.7360 latent_abs=0.7723 latent_max=9.3318
[TRAIN_BODY] torso_ori=6.20deg l_wrist_ori=12.54deg r_wrist_ori=13.33deg l_elbow_ori=11.28deg r_elbow_ori=11.99deg l_shoulder_ori=8.53deg r_shoulder_ori=9.95deg
[TRAIN_ANG] torso=2.244 l_wrist=8.587 r_wrist=9.826 l_elbow=7.843 r_elbow=8.631 l_shoulder=4.356 r_shoulder=6.387
[TRAIN_ACT] l_wrist_r=0.5271 l_wrist_p=0.5891 l_wrist_y=0.5724 r_wrist_r=0.5256 r_wrist_p=0.5381 r_wrist_y=0.5888 l_elbow=0.6735 r_elbow=0.7615
[UPDATE] 129/200 group_reward=52.99891 group_std=18.47993 group_raw=0.84900 rollout_ret=0.84297 chunk0_ret=0.06434 chunk_last_ret=0.02386
[REWARD_SCALE] live_steps=23.86 min=6 p50=24 p95=24 max=24 survive=0.97961 per_step=0.03533 per_second=1.767 episode30s_projection=53.00
[OBJECTIVE] obj_mean=0.84297 obj_std=0.29669 obj_min=-0.39344 obj_max=1.92986 raw_mean=0.84900 raw_std=0.29438 raw_min=-0.39344 raw_max=1.92986 score_mean=0.03534 rtg_mean=-8.76119 grpo_score=0.54746 early_penalty=0.29551
[PHASE] start_mean=836.62 start_min=14 start_max=1433 fail_rel_mean=16.04
[CHUNK_REWARD] obj_first=0.06434 obj_mid=0.03501 obj_last=0.02310 raw_first=0.06434 raw_mid=0.03521 raw_last=0.02386
[POLICY] loss=-0.00820 policy_loss=-0.00820 value_loss=0.00000 entropy=0.00000 kl=0.01590 step_ratio=0.9998 step_clip=0.0921 post_ratio=1.0023 post_clip=0.1201 grad=0.30856 lr=0.001000 critic_lr=0.000000 sde_steps=4 opt_steps=20
[POLICY_DETAIL] samples=195446 mb=48861 micro_mb=8192 micro_steps=120 batch_ratio=0.9998 batch_min=0.1399 batch_max=4.9890 post_ratio=1.0023 post_min=0.3658 post_max=2.3025 post_clip=0.1201 logp_delta_abs=0.13170 post_logp_delta_abs=0.15364 post_kl=0.02023 old_logp=-15.72758 new_logp=-15.74344 adv_abs=0.76535 grpo_adv_abs=0.76535 valid=0.99409
[TRAIN] mean_reward=32.25045 mean_len=1049.20 recent_eps=100 completed_eps=306587
[UPDATE_EFFECT] action_delta=0.02625757 param_rms_delta=0.00201401
[TIME] collect=14.231s update=1.007s
[DONE] timeout=0.00000 anchor_pos=0.00000 anchor_ori=0.00000 ee_body=0.00000
[DONE_ROLLOUT] timeout=0.00000 anchor_pos=0.00037 anchor_ori=0.00000 ee_body=0.02014
[FIRST_FAILURE] chunk_mean=16.04 chunk_min=5 chunk_max=23 phase_mean=830.34 phase_min=251 phase_max=1157 anchor_pos=0.00037 anchor_ori=0.00000 ee_body=0.02014 timeout=0.00000
[TRACK_CHUNK0] anchor_pos=0.97623 anchor_ori=0.83081 body_pos=0.97685 body_ori=0.80476 body_lin=0.54845 body_ang=0.02556
[TRACK_ROLLOUT] anchor_pos=0.84369 anchor_ori=0.63383 body_pos=0.88447 body_ori=0.15765 body_lin=0.48568 body_ang=0.06827
[TRAIN_COST] action_rate=23.96976 joint_torque=3940.82178 joint_limit=0.00137 undesired_contacts=0.64282
[REWARD_WEIGHTED] pos=0.11939 penalty=-0.05505 total=0.06434 act_rate=-0.04794 torque=-0.00079 contacts=-0.00129
[ACT_SUMMARY] abs_mean=0.7102 abs_p95=1.8093 abs_p99=2.5886 abs_max=4.1533 abs_max_all=4.6537 legs=0.7315 waist=0.6928 arms=0.6956 first=0.7102 last=0.7378 latent_abs=0.7736 latent_max=8.3181
[TRAIN_BODY] torso_ori=6.13deg l_wrist_ori=12.32deg r_wrist_ori=13.53deg l_elbow_ori=11.09deg r_elbow_ori=12.06deg l_shoulder_ori=8.28deg r_shoulder_ori=9.85deg
[TRAIN_ANG] torso=2.222 l_wrist=8.298 r_wrist=10.010 l_elbow=7.503 r_elbow=8.762 l_shoulder=4.223 r_shoulder=6.554
[TRAIN_ACT] l_wrist_r=0.5217 l_wrist_p=0.5811 l_wrist_y=0.5722 r_wrist_r=0.5288 r_wrist_p=0.5408 r_wrist_y=0.5779 l_elbow=0.6917 r_elbow=0.7685
[UPDATE] 130/200 group_reward=52.37270 group_std=18.45590 group_raw=0.83897 rollout_ret=0.83382 chunk0_ret=0.06390 chunk_last_ret=0.02378
[REWARD_SCALE] live_steps=23.88 min=8 p50=24 p95=24 max=24 survive=0.98242 per_step=0.03492 per_second=1.746 episode30s_projection=52.37
[OBJECTIVE] obj_mean=0.83382 obj_std=0.29566 obj_min=-0.55363 obj_max=1.94663 raw_mean=0.83897 raw_std=0.29382 raw_min=-0.55363 raw_max=1.94663 score_mean=0.03492 rtg_mean=-8.95165 grpo_score=0.58663 early_penalty=0.24719
[PHASE] start_mean=847.17 start_min=8 start_max=1433 fail_rel_mean=16.25
[CHUNK_REWARD] obj_first=0.06390 obj_mid=0.03423 obj_last=0.02308 raw_first=0.06390 raw_mid=0.03436 raw_last=0.02378
[POLICY] loss=-0.00856 policy_loss=-0.00856 value_loss=0.00000 entropy=0.00000 kl=0.01542 step_ratio=0.9991 step_clip=0.0883 post_ratio=0.9867 post_clip=0.1221 grad=0.29037 lr=0.001000 critic_lr=0.000000 sde_steps=4 opt_steps=20
[POLICY_DETAIL] samples=195636 mb=48909 micro_mb=8192 micro_steps=120 batch_ratio=0.9993 batch_min=0.2072 batch_max=5.1266 post_ratio=0.9867 post_min=0.4624 post_max=1.7323 post_clip=0.1221 logp_delta_abs=0.12993 post_logp_delta_abs=0.15640 post_kl=0.02053 old_logp=-15.72930 new_logp=-15.74519 adv_abs=0.76655 grpo_adv_abs=0.76655 valid=0.99506
[TRAIN] mean_reward=30.71976 mean_len=978.54 recent_eps=100 completed_eps=306731
[UPDATE_EFFECT] action_delta=0.02647116 param_rms_delta=0.00199640
[TIME] collect=14.291s update=0.987s
[DONE] timeout=0.00000 anchor_pos=0.00000 anchor_ori=0.00000 ee_body=0.00000
[DONE_ROLLOUT] timeout=0.00000 anchor_pos=0.00049 anchor_ori=0.00000 ee_body=0.01709
[FIRST_FAILURE] chunk_mean=16.25 chunk_min=7 chunk_max=23 phase_mean=837.75 phase_min=368 phase_max=1161 anchor_pos=0.00049 anchor_ori=0.00000 ee_body=0.01709 timeout=0.00000
[TRACK_CHUNK0] anchor_pos=0.97591 anchor_ori=0.82464 body_pos=0.97608 body_ori=0.80049 body_lin=0.54655 body_ang=0.02533
[TRACK_ROLLOUT] anchor_pos=0.83810 anchor_ori=0.62688 body_pos=0.88504 body_ori=0.15698 body_lin=0.48682 body_ang=0.06810
[TRAIN_COST] action_rate=23.83916 joint_torque=3935.37695 joint_limit=0.00147 undesired_contacts=0.64905
[REWARD_WEIGHTED] pos=0.11899 penalty=-0.05509 total=0.06390 act_rate=-0.04768 torque=-0.00079 contacts=-0.00130
[ACT_SUMMARY] abs_mean=0.7089 abs_p95=1.8018 abs_p99=2.5735 abs_max=4.0829 abs_max_all=4.6640 legs=0.7309 waist=0.6867 arms=0.6949 first=0.7089 last=0.7389 latent_abs=0.7757 latent_max=8.3978
[TRAIN_BODY] torso_ori=6.26deg l_wrist_ori=12.41deg r_wrist_ori=13.56deg l_elbow_ori=11.25deg r_elbow_ori=12.23deg l_shoulder_ori=8.41deg r_shoulder_ori=9.85deg
[TRAIN_ANG] torso=2.265 l_wrist=8.259 r_wrist=10.039 l_elbow=7.503 r_elbow=8.733 l_shoulder=4.265 r_shoulder=6.509
[TRAIN_ACT] l_wrist_r=0.5216 l_wrist_p=0.5749 l_wrist_y=0.5643 r_wrist_r=0.5207 r_wrist_p=0.5406 r_wrist_y=0.5934 l_elbow=0.7017 r_elbow=0.7645
[UPDATE] 131/200 group_reward=53.47371 group_std=18.95006 group_raw=0.85678 rollout_ret=0.84995 chunk0_ret=0.06507 chunk_last_ret=0.02430
[REWARD_SCALE] live_steps=23.84 min=5 p50=24 p95=24 max=24 survive=0.97668 per_step=0.03565 per_second=1.782 episode30s_projection=53.47
[OBJECTIVE] obj_mean=0.84995 obj_std=0.30480 obj_min=-0.51443 obj_max=1.90935 raw_mean=0.85678 raw_std=0.30149 raw_min=-0.51443 raw_max=1.90935 score_mean=0.03564 rtg_mean=-8.58498 grpo_score=0.52087 early_penalty=0.32908
[PHASE] start_mean=836.05 start_min=1 start_max=1433 fail_rel_mean=16.23
[CHUNK_REWARD] obj_first=0.06507 obj_mid=0.03511 obj_last=0.02342 raw_first=0.06507 raw_mid=0.03527 raw_last=0.02430
[POLICY] loss=-0.00819 policy_loss=-0.00819 value_loss=0.00000 entropy=0.00000 kl=0.01601 step_ratio=0.9995 step_clip=0.0929 post_ratio=0.9945 post_clip=0.1064 grad=0.30719 lr=0.001000 critic_lr=0.000000 sde_steps=4 opt_steps=20
[POLICY_DETAIL] samples=195314 mb=48828 micro_mb=8192 micro_steps=120 batch_ratio=0.9995 batch_min=0.1819 batch_max=5.2217 post_ratio=0.9945 post_min=0.5007 post_max=1.9932 post_clip=0.1064 logp_delta_abs=0.13213 post_logp_delta_abs=0.14576 post_kl=0.01839 old_logp=-15.73165 new_logp=-15.74795 adv_abs=0.76541 grpo_adv_abs=0.76541 valid=0.99342
[TRAIN] mean_reward=34.98890 mean_len=1134.63 recent_eps=100 completed_eps=306923
[UPDATE_EFFECT] action_delta=0.02360334 param_rms_delta=0.00200676
[TIME] collect=14.223s update=1.022s
[DONE] timeout=0.00000 anchor_pos=0.00000 anchor_ori=0.00000 ee_body=0.00000
[DONE_ROLLOUT] timeout=0.00000 anchor_pos=0.00049 anchor_ori=0.00000 ee_body=0.02295
[FIRST_FAILURE] chunk_mean=16.23 chunk_min=4 chunk_max=23 phase_mean=849.40 phase_min=265 phase_max=1240 anchor_pos=0.00049 anchor_ori=0.00000 ee_body=0.02295 timeout=0.00000
[TRACK_CHUNK0] anchor_pos=0.97578 anchor_ori=0.82849 body_pos=0.97620 body_ori=0.80321 body_lin=0.54922 body_ang=0.02627
[TRACK_ROLLOUT] anchor_pos=0.83780 anchor_ori=0.63667 body_pos=0.88392 body_ori=0.15934 body_lin=0.48714 body_ang=0.06907
[TRAIN_COST] action_rate=23.56585 joint_torque=3874.76294 joint_limit=0.00149 undesired_contacts=0.64880
[REWARD_WEIGHTED] pos=0.11927 penalty=-0.05420 total=0.06507 act_rate=-0.04713 torque=-0.00077 contacts=-0.00130
[ACT_SUMMARY] abs_mean=0.7047 abs_p95=1.7897 abs_p99=2.5682 abs_max=4.1020 abs_max_all=4.6542 legs=0.7233 waist=0.6938 arms=0.6911 first=0.7047 last=0.7385 latent_abs=0.7738 latent_max=8.3235
[TRAIN_BODY] torso_ori=6.25deg l_wrist_ori=12.51deg r_wrist_ori=13.32deg l_elbow_ori=11.32deg r_elbow_ori=11.99deg l_shoulder_ori=8.48deg r_shoulder_ori=9.77deg
[TRAIN_ANG] torso=2.236 l_wrist=8.298 r_wrist=9.902 l_elbow=7.584 r_elbow=8.633 l_shoulder=4.278 r_shoulder=6.503
[TRAIN_ACT] l_wrist_r=0.5245 l_wrist_p=0.5718 l_wrist_y=0.5750 r_wrist_r=0.5209 r_wrist_p=0.5345 r_wrist_y=0.5839 l_elbow=0.6908 r_elbow=0.7633
[UPDATE] 132/200 group_reward=53.48911 group_std=18.07873 group_raw=0.85694 rollout_ret=0.85073 chunk0_ret=0.06463 chunk_last_ret=0.02401
[REWARD_SCALE] live_steps=23.86 min=9 p50=24 p95=24 max=24 survive=0.97998 per_step=0.03566 per_second=1.783 episode30s_projection=53.49
[OBJECTIVE] obj_mean=0.85073 obj_std=0.29048 obj_min=-0.42910 obj_max=1.97028 raw_mean=0.85694 raw_std=0.28778 raw_min=-0.42910 raw_max=1.97028 score_mean=0.03566 rtg_mean=-7.93826 grpo_score=0.55319 early_penalty=0.29755
[PHASE] start_mean=842.33 start_min=2 start_max=1433 fail_rel_mean=15.87
[CHUNK_REWARD] obj_first=0.06463 obj_mid=0.03501 obj_last=0.02333 raw_first=0.06463 raw_mid=0.03518 raw_last=0.02401
[POLICY] loss=-0.00781 policy_loss=-0.00781 value_loss=0.00000 entropy=0.00000 kl=0.01641 step_ratio=0.9995 step_clip=0.0956 post_ratio=1.0038 post_clip=0.1318 grad=0.32704 lr=0.001000 critic_lr=0.000000 sde_steps=4 opt_steps=20
[POLICY_DETAIL] samples=195438 mb=48859 micro_mb=8192 micro_steps=120 batch_ratio=0.9999 batch_min=0.1557 batch_max=5.2204 post_ratio=1.0038 post_min=0.3885 post_max=2.0629 post_clip=0.1318 logp_delta_abs=0.13382 post_logp_delta_abs=0.15825 post_kl=0.02193 old_logp=-15.72964 new_logp=-15.74595 adv_abs=0.76502 grpo_adv_abs=0.76502 valid=0.99405
[TRAIN] mean_reward=33.34634 mean_len=1056.38 recent_eps=100 completed_eps=307087
[UPDATE_EFFECT] action_delta=0.02606388 param_rms_delta=0.00202089
[TIME] collect=14.265s update=0.982s
[DONE] timeout=0.00000 anchor_pos=0.00000 anchor_ori=0.00000 ee_body=0.00000
[DONE_ROLLOUT] timeout=0.00000 anchor_pos=0.00024 anchor_ori=0.00000 ee_body=0.01978
[FIRST_FAILURE] chunk_mean=15.87 chunk_min=8 chunk_max=23 phase_mean=840.88 phase_min=250 phase_max=1160 anchor_pos=0.00024 anchor_ori=0.00000 ee_body=0.01978 timeout=0.00000
[TRACK_CHUNK0] anchor_pos=0.97607 anchor_ori=0.83397 body_pos=0.97693 body_ori=0.80308 body_lin=0.54481 body_ang=0.02311
[TRACK_ROLLOUT] anchor_pos=0.84238 anchor_ori=0.63392 body_pos=0.88469 body_ori=0.15506 body_lin=0.48580 body_ang=0.06806
[TRAIN_COST] action_rate=23.84264 joint_torque=3933.78613 joint_limit=0.00148 undesired_contacts=0.65564
[REWARD_WEIGHTED] pos=0.11936 penalty=-0.05473 total=0.06463 act_rate=-0.04769 torque=-0.00079 contacts=-0.00131
[ACT_SUMMARY] abs_mean=0.7082 abs_p95=1.8007 abs_p99=2.5932 abs_max=4.0956 abs_max_all=4.6805 legs=0.7314 waist=0.6853 arms=0.6932 first=0.7082 last=0.7374 latent_abs=0.7732 latent_max=8.5280
[TRAIN_BODY] torso_ori=6.16deg l_wrist_ori=12.38deg r_wrist_ori=13.65deg l_elbow_ori=11.13deg r_elbow_ori=12.27deg l_shoulder_ori=8.38deg r_shoulder_ori=9.84deg
[TRAIN_ANG] torso=2.228 l_wrist=8.362 r_wrist=10.021 l_elbow=7.657 r_elbow=8.782 l_shoulder=4.244 r_shoulder=6.560
[TRAIN_ACT] l_wrist_r=0.5135 l_wrist_p=0.5647 l_wrist_y=0.5704 r_wrist_r=0.5163 r_wrist_p=0.5440 r_wrist_y=0.5847 l_elbow=0.6832 r_elbow=0.7708
[UPDATE] 133/200 group_reward=53.23499 group_std=18.94177 group_raw=0.85309 rollout_ret=0.84680 chunk0_ret=0.06428 chunk_last_ret=0.02430
[REWARD_SCALE] live_steps=23.86 min=8 p50=24 p95=24 max=24 survive=0.97974 per_step=0.03549 per_second=1.774 episode30s_projection=53.23
[OBJECTIVE] obj_mean=0.84680 obj_std=0.30438 obj_min=-0.46402 obj_max=2.05815 raw_mean=0.85309 raw_std=0.30207 raw_min=-0.46402 raw_max=2.05815 score_mean=0.03549 rtg_mean=-8.62248 grpo_score=0.55535 early_penalty=0.29144
[PHASE] start_mean=844.44 start_min=0 start_max=1433 fail_rel_mean=16.10
[CHUNK_REWARD] obj_first=0.06428 obj_mid=0.03480 obj_last=0.02348 raw_first=0.06428 raw_mid=0.03493 raw_last=0.02430
[POLICY] loss=-0.00816 policy_loss=-0.00816 value_loss=0.00000 entropy=0.00000 kl=0.01611 step_ratio=0.9994 step_clip=0.0942 post_ratio=1.0096 post_clip=0.1270 grad=0.32058 lr=0.001000 critic_lr=0.000000 sde_steps=4 opt_steps=20
[POLICY_DETAIL] samples=195462 mb=48865 micro_mb=8192 micro_steps=120 batch_ratio=0.9997 batch_min=0.1597 batch_max=5.1456 post_ratio=1.0096 post_min=0.4042 post_max=2.7160 post_clip=0.1270 logp_delta_abs=0.13274 post_logp_delta_abs=0.15808 post_kl=0.02216 old_logp=-15.72518 new_logp=-15.74138 adv_abs=0.76457 grpo_adv_abs=0.76457 valid=0.99417
[TRAIN] mean_reward=33.04495 mean_len=1048.45 recent_eps=100 completed_eps=307253
[UPDATE_EFFECT] action_delta=0.02617302 param_rms_delta=0.00202415
[TIME] collect=14.212s update=0.989s
[DONE] timeout=0.00000 anchor_pos=0.00000 anchor_ori=0.00000 ee_body=0.00000
[DONE_ROLLOUT] timeout=0.00000 anchor_pos=0.00000 anchor_ori=0.00000 ee_body=0.02026
[FIRST_FAILURE] chunk_mean=16.10 chunk_min=7 chunk_max=23 phase_mean=858.14 phase_min=245 phase_max=1160 anchor_pos=0.00000 anchor_ori=0.00000 ee_body=0.02026 timeout=0.00000
[TRACK_CHUNK0] anchor_pos=0.97610 anchor_ori=0.82749 body_pos=0.97663 body_ori=0.80253 body_lin=0.54319 body_ang=0.02449
[TRACK_ROLLOUT] anchor_pos=0.84141 anchor_ori=0.63332 body_pos=0.88436 body_ori=0.15444 body_lin=0.48349 body_ang=0.06712
[TRAIN_COST] action_rate=23.82420 joint_torque=3934.00171 joint_limit=0.00140 undesired_contacts=0.65515
[REWARD_WEIGHTED] pos=0.11908 penalty=-0.05480 total=0.06428 act_rate=-0.04765 torque=-0.00079 contacts=-0.00131
[ACT_SUMMARY] abs_mean=0.7080 abs_p95=1.8026 abs_p99=2.5972 abs_max=4.4653 abs_max_all=4.7666 legs=0.7335 waist=0.6875 arms=0.6906 first=0.7080 last=0.7405 latent_abs=0.7775 latent_max=9.3348
[TRAIN_BODY] torso_ori=6.09deg l_wrist_ori=12.19deg r_wrist_ori=13.79deg l_elbow_ori=11.09deg r_elbow_ori=12.29deg l_shoulder_ori=8.37deg r_shoulder_ori=9.79deg
[TRAIN_ANG] torso=2.257 l_wrist=8.315 r_wrist=10.162 l_elbow=7.592 r_elbow=8.887 l_shoulder=4.203 r_shoulder=6.580
[TRAIN_ACT] l_wrist_r=0.5232 l_wrist_p=0.5703 l_wrist_y=0.5648 r_wrist_r=0.5111 r_wrist_p=0.5358 r_wrist_y=0.5865 l_elbow=0.6691 r_elbow=0.7745
[UPDATE] 134/200 group_reward=54.88778 group_std=18.14404 group_raw=0.87925 rollout_ret=0.87434 chunk0_ret=0.06463 chunk_last_ret=0.02539
[REWARD_SCALE] live_steps=23.89 min=8 p50=24 p95=24 max=24 survive=0.98547 per_step=0.03659 per_second=1.830 episode30s_projection=54.89
[OBJECTIVE] obj_mean=0.87434 obj_std=0.29027 obj_min=-0.48557 obj_max=1.91880 raw_mean=0.87925 raw_std=0.28953 raw_min=-0.48557 raw_max=1.91880 score_mean=0.03662 rtg_mean=-7.44032 grpo_score=0.65436 early_penalty=0.21998
[PHASE] start_mean=830.42 start_min=1 start_max=1433 fail_rel_mean=15.73
[CHUNK_REWARD] obj_first=0.06463 obj_mid=0.03636 obj_last=0.02480 raw_first=0.06463 raw_mid=0.03648 raw_last=0.02539
[POLICY] loss=-0.00815 policy_loss=-0.00815 value_loss=0.00000 entropy=0.00000 kl=0.01606 step_ratio=0.9994 step_clip=0.0927 post_ratio=1.0007 post_clip=0.1084 grad=0.32341 lr=0.001000 critic_lr=0.000000 sde_steps=4 opt_steps=20
[POLICY_DETAIL] samples=195743 mb=48935 micro_mb=8192 micro_steps=120 batch_ratio=0.9995 batch_min=0.1873 batch_max=5.8317 post_ratio=1.0007 post_min=0.4641 post_max=2.0205 post_clip=0.1084 logp_delta_abs=0.13239 post_logp_delta_abs=0.15490 post_kl=0.02067 old_logp=-15.72972 new_logp=-15.74601 adv_abs=0.76368 grpo_adv_abs=0.76368 valid=0.99560
[TRAIN] mean_reward=32.39467 mean_len=1036.00 recent_eps=100 completed_eps=307372
[UPDATE_EFFECT] action_delta=0.02598788 param_rms_delta=0.00198721
[TIME] collect=14.221s update=1.022s
[DONE] timeout=0.00000 anchor_pos=0.00000 anchor_ori=0.00000 ee_body=0.00000
[DONE_ROLLOUT] timeout=0.00000 anchor_pos=0.00000 anchor_ori=0.00000 ee_body=0.01453
[FIRST_FAILURE] chunk_mean=15.73 chunk_min=7 chunk_max=23 phase_mean=755.37 phase_min=269 phase_max=1161 anchor_pos=0.00000 anchor_ori=0.00000 ee_body=0.01453 timeout=0.00000
[TRACK_CHUNK0] anchor_pos=0.97636 anchor_ori=0.82960 body_pos=0.97709 body_ori=0.80372 body_lin=0.54646 body_ang=0.02426
[TRACK_ROLLOUT] anchor_pos=0.84267 anchor_ori=0.64472 body_pos=0.88703 body_ori=0.15846 body_lin=0.49096 body_ang=0.06948
[TRAIN_COST] action_rate=23.93634 joint_torque=3911.04614 joint_limit=0.00128 undesired_contacts=0.61292
[REWARD_WEIGHTED] pos=0.11927 penalty=-0.05464 total=0.06463 act_rate=-0.04787 torque=-0.00078 contacts=-0.00123
[ACT_SUMMARY] abs_mean=0.7095 abs_p95=1.8041 abs_p99=2.5965 abs_max=4.2511 abs_max_all=4.7129 legs=0.7328 waist=0.6937 arms=0.6930 first=0.7095 last=0.7387 latent_abs=0.7746 latent_max=8.8032
[TRAIN_BODY] torso_ori=6.09deg l_wrist_ori=12.15deg r_wrist_ori=13.50deg l_elbow_ori=11.01deg r_elbow_ori=12.00deg l_shoulder_ori=8.26deg r_shoulder_ori=9.82deg
[TRAIN_ANG] torso=2.224 l_wrist=8.185 r_wrist=10.125 l_elbow=7.495 r_elbow=8.801 l_shoulder=4.213 r_shoulder=6.556
[TRAIN_ACT] l_wrist_r=0.5205 l_wrist_p=0.5610 l_wrist_y=0.5716 r_wrist_r=0.5213 r_wrist_p=0.5416 r_wrist_y=0.5882 l_elbow=0.6737 r_elbow=0.7897
[UPDATE] 135/200 group_reward=54.03150 group_std=18.34327 group_raw=0.86516 rollout_ret=0.86215 chunk0_ret=0.06428 chunk_last_ret=0.02423
[REWARD_SCALE] live_steps=23.93 min=8 p50=24 p95=24 max=24 survive=0.98804 per_step=0.03602 per_second=1.801 episode30s_projection=54.03
[OBJECTIVE] obj_mean=0.86215 obj_std=0.29398 obj_min=-0.67490 obj_max=1.96862 raw_mean=0.86516 raw_std=0.29248 raw_min=-0.67490 raw_max=1.96862 score_mean=0.03602 rtg_mean=-7.81514 grpo_score=0.72584 early_penalty=0.13631
[PHASE] start_mean=835.11 start_min=1 start_max=1433 fail_rel_mean=17.53
[CHUNK_REWARD] obj_first=0.06428 obj_mid=0.03567 obj_last=0.02379 raw_first=0.06428 raw_mid=0.03572 raw_last=0.02423
[POLICY] loss=-0.00814 policy_loss=-0.00814 value_loss=0.00000 entropy=0.00000 kl=0.01658 step_ratio=0.9996 step_clip=0.0975 post_ratio=0.9919 post_clip=0.1133 grad=0.33344 lr=0.001000 critic_lr=0.000000 sde_steps=4 opt_steps=20
[POLICY_DETAIL] samples=196072 mb=49018 micro_mb=8192 micro_steps=120 batch_ratio=0.9997 batch_min=0.1703 batch_max=5.1872 post_ratio=0.9919 post_min=0.4672 post_max=1.9264 post_clip=0.1133 logp_delta_abs=0.13444 post_logp_delta_abs=0.15474 post_kl=0.02039 old_logp=-15.72732 new_logp=-15.74392 adv_abs=0.76540 grpo_adv_abs=0.76540 valid=0.99727
[TRAIN] mean_reward=34.11489 mean_len=1075.75 recent_eps=100 completed_eps=307470
[UPDATE_EFFECT] action_delta=0.02714598 param_rms_delta=0.00199349
[TIME] collect=14.194s update=0.993s
[DONE] timeout=0.00000 anchor_pos=0.00000 anchor_ori=0.00000 ee_body=0.00000
[DONE_ROLLOUT] timeout=0.00000 anchor_pos=0.00061 anchor_ori=0.00000 ee_body=0.01135
[FIRST_FAILURE] chunk_mean=17.53 chunk_min=7 chunk_max=23 phase_mean=841.27 phase_min=78 phase_max=1159 anchor_pos=0.00061 anchor_ori=0.00000 ee_body=0.01135 timeout=0.00000
[TRACK_CHUNK0] anchor_pos=0.97625 anchor_ori=0.83195 body_pos=0.97695 body_ori=0.80423 body_lin=0.54389 body_ang=0.02386
[TRACK_ROLLOUT] anchor_pos=0.83733 anchor_ori=0.64091 body_pos=0.88674 body_ori=0.16045 body_lin=0.48708 body_ang=0.06977
[TRAIN_COST] action_rate=23.96608 joint_torque=4077.28271 joint_limit=0.00135 undesired_contacts=0.63330
[REWARD_WEIGHTED] pos=0.11931 penalty=-0.05502 total=0.06428 act_rate=-0.04793 torque=-0.00082 contacts=-0.00127
[ACT_SUMMARY] abs_mean=0.7106 abs_p95=1.8062 abs_p99=2.6009 abs_max=4.1441 abs_max_all=4.7809 legs=0.7397 waist=0.6888 arms=0.6903 first=0.7106 last=0.7375 latent_abs=0.7753 latent_max=9.4962
[TRAIN_BODY] torso_ori=6.08deg l_wrist_ori=12.23deg r_wrist_ori=13.46deg l_elbow_ori=11.05deg r_elbow_ori=12.04deg l_shoulder_ori=8.35deg r_shoulder_ori=9.51deg
[TRAIN_ANG] torso=2.200 l_wrist=8.397 r_wrist=9.947 l_elbow=7.638 r_elbow=8.539 l_shoulder=4.373 r_shoulder=6.304
[TRAIN_ACT] l_wrist_r=0.5192 l_wrist_p=0.5531 l_wrist_y=0.5672 r_wrist_r=0.5191 r_wrist_p=0.5454 r_wrist_y=0.5793 l_elbow=0.6913 r_elbow=0.7781
[UPDATE] 136/200 group_reward=54.23991 group_std=18.95979 group_raw=0.86865 rollout_ret=0.86457 chunk0_ret=0.06352 chunk_last_ret=0.02387
[REWARD_SCALE] live_steps=23.91 min=7 p50=24 p95=24 max=24 survive=0.98767 per_step=0.03616 per_second=1.808 episode30s_projection=54.24
[OBJECTIVE] obj_mean=0.86457 obj_std=0.30484 obj_min=-0.69767 obj_max=1.90273 raw_mean=0.86865 raw_std=0.30249 raw_min=-0.69767 raw_max=1.90273 score_mean=0.03615 rtg_mean=-7.62226 grpo_score=0.67612 early_penalty=0.18845
[PHASE] start_mean=828.81 start_min=15 start_max=1433 fail_rel_mean=15.66
[CHUNK_REWARD] obj_first=0.06352 obj_mid=0.03562 obj_last=0.02345 raw_first=0.06352 raw_mid=0.03577 raw_last=0.02387
[POLICY] loss=-0.00825 policy_loss=-0.00825 value_loss=0.00000 entropy=0.00000 kl=0.01616 step_ratio=0.9994 step_clip=0.0938 post_ratio=1.0096 post_clip=0.1182 grad=0.32364 lr=0.001000 critic_lr=0.000000 sde_steps=4 opt_steps=20
[POLICY_DETAIL] samples=195867 mb=48966 micro_mb=8192 micro_steps=120 batch_ratio=0.9997 batch_min=0.1170 batch_max=4.2609 post_ratio=1.0096 post_min=0.4552 post_max=2.0264 post_clip=0.1182 logp_delta_abs=0.13307 post_logp_delta_abs=0.15720 post_kl=0.02083 old_logp=-15.72617 new_logp=-15.74239 adv_abs=0.76365 grpo_adv_abs=0.76365 valid=0.99623
[TRAIN] mean_reward=36.18615 mean_len=1159.26 recent_eps=100 completed_eps=307572
[UPDATE_EFFECT] action_delta=0.02432569 param_rms_delta=0.00200274
[TIME] collect=14.232s update=1.011s
[DONE] timeout=0.00000 anchor_pos=0.00000 anchor_ori=0.00000 ee_body=0.00000
[DONE_ROLLOUT] timeout=0.00000 anchor_pos=0.00024 anchor_ori=0.00000 ee_body=0.01208
[FIRST_FAILURE] chunk_mean=15.66 chunk_min=6 chunk_max=23 phase_mean=800.19 phase_min=204 phase_max=1155 anchor_pos=0.00024 anchor_ori=0.00000 ee_body=0.01208 timeout=0.00000
[TRACK_CHUNK0] anchor_pos=0.97649 anchor_ori=0.83074 body_pos=0.97693 body_ori=0.80232 body_lin=0.54421 body_ang=0.02421
[TRACK_ROLLOUT] anchor_pos=0.83747 anchor_ori=0.64258 body_pos=0.88545 body_ori=0.16087 body_lin=0.48582 body_ang=0.06977
[TRAIN_COST] action_rate=24.19680 joint_torque=4092.01099 joint_limit=0.00139 undesired_contacts=0.62268
[REWARD_WEIGHTED] pos=0.11924 penalty=-0.05572 total=0.06352 act_rate=-0.04839 torque=-0.00082 contacts=-0.00125
[ACT_SUMMARY] abs_mean=0.7125 abs_p95=1.8149 abs_p99=2.6289 abs_max=4.1706 abs_max_all=4.7662 legs=0.7437 waist=0.6856 arms=0.6915 first=0.7125 last=0.7412 latent_abs=0.7782 latent_max=9.3310
[TRAIN_BODY] torso_ori=6.13deg l_wrist_ori=12.34deg r_wrist_ori=13.52deg l_elbow_ori=11.15deg r_elbow_ori=12.16deg l_shoulder_ori=8.40deg r_shoulder_ori=9.58deg
[TRAIN_ANG] torso=2.225 l_wrist=8.278 r_wrist=10.017 l_elbow=7.470 r_elbow=8.641 l_shoulder=4.289 r_shoulder=6.395
[TRAIN_ACT] l_wrist_r=0.5201 l_wrist_p=0.5531 l_wrist_y=0.5592 r_wrist_r=0.5082 r_wrist_p=0.5433 r_wrist_y=0.5798 l_elbow=0.6700 r_elbow=0.7949
[UPDATE] 137/200 group_reward=54.92846 group_std=19.13414 group_raw=0.87959 rollout_ret=0.87573 chunk0_ret=0.06428 chunk_last_ret=0.02491
[REWARD_SCALE] live_steps=23.91 min=8 p50=24 p95=24 max=24 survive=0.98706 per_step=0.03662 per_second=1.831 episode30s_projection=54.93
[OBJECTIVE] obj_mean=0.87573 obj_std=0.30730 obj_min=-0.43170 obj_max=1.98907 raw_mean=0.87959 raw_std=0.30515 raw_min=-0.43170 raw_max=1.98907 score_mean=0.03661 rtg_mean=-7.69502 grpo_score=0.69797 early_penalty=0.17776
[PHASE] start_mean=837.40 start_min=8 start_max=1433 fail_rel_mean=16.41
[CHUNK_REWARD] obj_first=0.06428 obj_mid=0.03605 obj_last=0.02447 raw_first=0.06428 raw_mid=0.03612 raw_last=0.02491
[POLICY] loss=-0.00821 policy_loss=-0.00821 value_loss=0.00000 entropy=0.00000 kl=0.01622 step_ratio=0.9996 step_clip=0.0950 post_ratio=1.0019 post_clip=0.1338 grad=0.31338 lr=0.001000 critic_lr=0.000000 sde_steps=4 opt_steps=20
[POLICY_DETAIL] samples=195909 mb=48977 micro_mb=8192 micro_steps=120 batch_ratio=0.9996 batch_min=0.1283 batch_max=4.7230 post_ratio=1.0019 post_min=0.3977 post_max=2.2546 post_clip=0.1338 logp_delta_abs=0.13296 post_logp_delta_abs=0.15802 post_kl=0.02247 old_logp=-15.72252 new_logp=-15.73893 adv_abs=0.76505 grpo_adv_abs=0.76505 valid=0.99644
[TRAIN] mean_reward=34.36908 mean_len=1083.71 recent_eps=100 completed_eps=307678
[UPDATE_EFFECT] action_delta=0.02615302 param_rms_delta=0.00201104
[TIME] collect=14.153s update=0.982s
[DONE] timeout=0.00000 anchor_pos=0.00000 anchor_ori=0.00000 ee_body=0.00000
[DONE_ROLLOUT] timeout=0.00000 anchor_pos=0.00061 anchor_ori=0.00000 ee_body=0.01257
[FIRST_FAILURE] chunk_mean=16.41 chunk_min=7 chunk_max=23 phase_mean=894.10 phase_min=419 phase_max=1338 anchor_pos=0.00061 anchor_ori=0.00000 ee_body=0.01257 timeout=0.00000
[TRACK_CHUNK0] anchor_pos=0.97655 anchor_ori=0.83204 body_pos=0.97679 body_ori=0.80290 body_lin=0.54492 body_ang=0.02587
[TRACK_ROLLOUT] anchor_pos=0.83961 anchor_ori=0.64622 body_pos=0.88738 body_ori=0.16387 body_lin=0.48773 body_ang=0.07092
[TRAIN_COST] action_rate=23.85820 joint_torque=4067.33008 joint_limit=0.00133 undesired_contacts=0.66785
[REWARD_WEIGHTED] pos=0.11935 penalty=-0.05507 total=0.06428 act_rate=-0.04772 torque=-0.00081 contacts=-0.00134
[ACT_SUMMARY] abs_mean=0.7075 abs_p95=1.8029 abs_p99=2.6037 abs_max=4.2783 abs_max_all=4.7992 legs=0.7404 waist=0.6761 arms=0.6861 first=0.7075 last=0.7375 latent_abs=0.7768 latent_max=9.7189
[TRAIN_BODY] torso_ori=6.10deg l_wrist_ori=12.31deg r_wrist_ori=13.42deg l_elbow_ori=11.12deg r_elbow_ori=11.98deg l_shoulder_ori=8.38deg r_shoulder_ori=9.66deg
[TRAIN_ANG] torso=2.224 l_wrist=8.574 r_wrist=9.759 l_elbow=7.709 r_elbow=8.344 l_shoulder=4.434 r_shoulder=6.195
[TRAIN_ACT] l_wrist_r=0.5238 l_wrist_p=0.5637 l_wrist_y=0.5597 r_wrist_r=0.5095 r_wrist_p=0.5321 r_wrist_y=0.5845 l_elbow=0.6764 r_elbow=0.7560
[UPDATE] 138/200 group_reward=55.03619 group_std=19.42374 group_raw=0.88158 rollout_ret=0.87686 chunk0_ret=0.06411 chunk_last_ret=0.02479
[REWARD_SCALE] live_steps=23.90 min=7 p50=24 p95=24 max=24 survive=0.98523 per_step=0.03669 per_second=1.835 episode30s_projection=55.04
[OBJECTIVE] obj_mean=0.87686 obj_std=0.31176 obj_min=-0.50575 obj_max=2.02213 raw_mean=0.88158 raw_std=0.30945 raw_min=-0.50575 raw_max=2.02213 score_mean=0.03669 rtg_mean=-7.87427 grpo_score=0.66578 early_penalty=0.21108
[PHASE] start_mean=835.98 start_min=1 start_max=1433 fail_rel_mean=16.14
[CHUNK_REWARD] obj_first=0.06411 obj_mid=0.03618 obj_last=0.02420 raw_first=0.06411 raw_mid=0.03630 raw_last=0.02479
[POLICY] loss=-0.00735 policy_loss=-0.00735 value_loss=0.00000 entropy=0.00000 kl=0.01745 step_ratio=0.9991 step_clip=0.1038 post_ratio=0.9946 post_clip=0.1367 grad=0.36550 lr=0.001000 critic_lr=0.000000 sde_steps=4 opt_steps=20
[POLICY_DETAIL] samples=195778 mb=48944 micro_mb=8192 micro_steps=120 batch_ratio=0.9993 batch_min=0.1283 batch_max=6.7744 post_ratio=0.9946 post_min=0.4731 post_max=2.0909 post_clip=0.1367 logp_delta_abs=0.13778 post_logp_delta_abs=0.16439 post_kl=0.02235 old_logp=-15.72622 new_logp=-15.74412 adv_abs=0.76460 grpo_adv_abs=0.76460 valid=0.99578
[TRAIN] mean_reward=38.79814 mean_len=1220.51 recent_eps=100 completed_eps=307800
[UPDATE_EFFECT] action_delta=0.02678740 param_rms_delta=0.00202242
[TIME] collect=14.225s update=0.990s
[DONE] timeout=0.00000 anchor_pos=0.00000 anchor_ori=0.00000 ee_body=0.00000
[DONE_ROLLOUT] timeout=0.00000 anchor_pos=0.00098 anchor_ori=0.00000 ee_body=0.01416
[FIRST_FAILURE] chunk_mean=16.14 chunk_min=6 chunk_max=23 phase_mean=835.16 phase_min=370 phase_max=1441 anchor_pos=0.00098 anchor_ori=0.00000 ee_body=0.01416 timeout=0.00000
[TRACK_CHUNK0] anchor_pos=0.97586 anchor_ori=0.83222 body_pos=0.97660 body_ori=0.80301 body_lin=0.54080 body_ang=0.02611
[TRACK_ROLLOUT] anchor_pos=0.83910 anchor_ori=0.64962 body_pos=0.88582 body_ori=0.16422 body_lin=0.48335 body_ang=0.06942
[TRAIN_COST] action_rate=23.84991 joint_torque=4002.11182 joint_limit=0.00136 undesired_contacts=0.72693
[REWARD_WEIGHTED] pos=0.11925 penalty=-0.05514 total=0.06411 act_rate=-0.04770 torque=-0.00080 contacts=-0.00145
[ACT_SUMMARY] abs_mean=0.7068 abs_p95=1.8045 abs_p99=2.6004 abs_max=4.2233 abs_max_all=4.9083 legs=0.7354 waist=0.6793 arms=0.6883 first=0.7068 last=0.7378 latent_abs=0.7764 latent_max=11.7063
[TRAIN_BODY] torso_ori=6.13deg l_wrist_ori=12.55deg r_wrist_ori=13.42deg l_elbow_ori=11.35deg r_elbow_ori=12.04deg l_shoulder_ori=8.60deg r_shoulder_ori=9.64deg
[TRAIN_ANG] torso=2.244 l_wrist=8.423 r_wrist=9.944 l_elbow=7.601 r_elbow=8.543 l_shoulder=4.351 r_shoulder=6.163
[TRAIN_ACT] l_wrist_r=0.5267 l_wrist_p=0.5495 l_wrist_y=0.5681 r_wrist_r=0.5060 r_wrist_p=0.5363 r_wrist_y=0.5878 l_elbow=0.6832 r_elbow=0.7857
[UPDATE] 139/200 group_reward=54.90173 group_std=18.85810 group_raw=0.87956 rollout_ret=0.87441 chunk0_ret=0.06427 chunk_last_ret=0.02473
[REWARD_SCALE] live_steps=23.89 min=10 p50=24 p95=24 max=24 survive=0.98413 per_step=0.03660 per_second=1.830 episode30s_projection=54.90
[OBJECTIVE] obj_mean=0.87441 obj_std=0.30242 obj_min=-0.37930 obj_max=2.02637 raw_mean=0.87956 raw_std=0.30091 raw_min=-0.37930 raw_max=2.02637 score_mean=0.03661 rtg_mean=-8.64476 grpo_score=0.64578 early_penalty=0.22863
[PHASE] start_mean=825.83 start_min=5 start_max=1433 fail_rel_mean=16.08
[CHUNK_REWARD] obj_first=0.06427 obj_mid=0.03571 obj_last=0.02408 raw_first=0.06427 raw_mid=0.03587 raw_last=0.02473
[POLICY] loss=-0.00767 policy_loss=-0.00767 value_loss=0.00000 entropy=0.00000 kl=0.01733 step_ratio=0.9994 step_clip=0.1013 post_ratio=1.0065 post_clip=0.1123 grad=0.34791 lr=0.001000 critic_lr=0.000000 sde_steps=4 opt_steps=20
[POLICY_DETAIL] samples=195709 mb=48927 micro_mb=8192 micro_steps=120 batch_ratio=0.9997 batch_min=0.1060 batch_max=5.7778 post_ratio=1.0065 post_min=0.4334 post_max=1.9714 post_clip=0.1123 logp_delta_abs=0.13733 post_logp_delta_abs=0.14775 post_kl=0.01890 old_logp=-15.72532 new_logp=-15.74267 adv_abs=0.76526 grpo_adv_abs=0.76526 valid=0.99543
[TRAIN] mean_reward=35.12553 mean_len=1104.97 recent_eps=100 completed_eps=307930
[UPDATE_EFFECT] action_delta=0.02487247 param_rms_delta=0.00202628
[TIME] collect=14.153s update=0.986s
[DONE] timeout=0.00000 anchor_pos=0.00000 anchor_ori=0.00000 ee_body=0.00000
[DONE_ROLLOUT] timeout=0.00000 anchor_pos=0.00012 anchor_ori=0.00000 ee_body=0.01575
[FIRST_FAILURE] chunk_mean=16.08 chunk_min=9 chunk_max=23 phase_mean=862.62 phase_min=395 phase_max=1222 anchor_pos=0.00012 anchor_ori=0.00000 ee_body=0.01575 timeout=0.00000
[TRACK_CHUNK0] anchor_pos=0.97647 anchor_ori=0.83087 body_pos=0.97660 body_ori=0.80152 body_lin=0.54775 body_ang=0.02733
[TRACK_ROLLOUT] anchor_pos=0.84233 anchor_ori=0.64226 body_pos=0.88491 body_ori=0.16703 body_lin=0.48237 body_ang=0.07000
[TRAIN_COST] action_rate=23.82701 joint_torque=4167.23291 joint_limit=0.00127 undesired_contacts=0.69556
[REWARD_WEIGHTED] pos=0.11936 penalty=-0.05509 total=0.06427 act_rate=-0.04765 torque=-0.00083 contacts=-0.00139
[ACT_SUMMARY] abs_mean=0.7083 abs_p95=1.7977 abs_p99=2.5835 abs_max=4.0409 abs_max_all=4.8102 legs=0.7442 waist=0.6867 arms=0.6821 first=0.7083 last=0.7350 latent_abs=0.7735 latent_max=9.8630
[TRAIN_BODY] torso_ori=6.15deg l_wrist_ori=12.64deg r_wrist_ori=13.50deg l_elbow_ori=11.55deg r_elbow_ori=12.06deg l_shoulder_ori=8.53deg r_shoulder_ori=9.55deg
[TRAIN_ANG] torso=2.251 l_wrist=8.466 r_wrist=9.451 l_elbow=7.663 r_elbow=8.082 l_shoulder=4.520 r_shoulder=5.948
[TRAIN_ACT] l_wrist_r=0.5242 l_wrist_p=0.5574 l_wrist_y=0.5613 r_wrist_r=0.4985 r_wrist_p=0.5196 r_wrist_y=0.5847 l_elbow=0.6843 r_elbow=0.7973
[UPDATE] 140/200 group_reward=55.20767 group_std=18.97105 group_raw=0.88437 rollout_ret=0.87952 chunk0_ret=0.06517 chunk_last_ret=0.02570
[REWARD_SCALE] live_steps=23.90 min=6 p50=24 p95=24 max=24 survive=0.98499 per_step=0.03681 per_second=1.840 episode30s_projection=55.21
[OBJECTIVE] obj_mean=0.87952 obj_std=0.30425 obj_min=-0.78481 obj_max=1.90340 raw_mean=0.88437 raw_std=0.30276 raw_min=-0.78481 raw_max=1.90340 score_mean=0.03682 rtg_mean=-7.79226 grpo_score=0.66437 early_penalty=0.21515
[PHASE] start_mean=823.72 start_min=4 start_max=1433 fail_rel_mean=16.12
[CHUNK_REWARD] obj_first=0.06517 obj_mid=0.03571 obj_last=0.02511 raw_first=0.06517 raw_mid=0.03583 raw_last=0.02570
[POLICY] loss=-0.00846 policy_loss=-0.00846 value_loss=0.00000 entropy=0.00000 kl=0.01634 step_ratio=0.9992 step_clip=0.0953 post_ratio=1.0047 post_clip=0.1328 grad=0.31276 lr=0.001000 critic_lr=0.000000 sde_steps=4 opt_steps=20
[POLICY_DETAIL] samples=195762 mb=48940 micro_mb=8192 micro_steps=120 batch_ratio=0.9995 batch_min=0.1802 batch_max=5.1124 post_ratio=1.0047 post_min=0.4056 post_max=2.1315 post_clip=0.1328 logp_delta_abs=0.13366 post_logp_delta_abs=0.16357 post_kl=0.02276 old_logp=-15.72708 new_logp=-15.74365 adv_abs=0.76632 grpo_adv_abs=0.76632 valid=0.99570
[TRAIN] mean_reward=35.57485 mean_len=1117.16 recent_eps=100 completed_eps=308053
[UPDATE_EFFECT] action_delta=0.02596907 param_rms_delta=0.00200973
[TIME] collect=14.297s update=1.000s
[DONE] timeout=0.00000 anchor_pos=0.00000 anchor_ori=0.00000 ee_body=0.00000
[DONE_ROLLOUT] timeout=0.00000 anchor_pos=0.00037 anchor_ori=0.00000 ee_body=0.01465
[FIRST_FAILURE] chunk_mean=16.12 chunk_min=5 chunk_max=23 phase_mean=808.30 phase_min=389 phase_max=1145 anchor_pos=0.00037 anchor_ori=0.00000 ee_body=0.01465 timeout=0.00000
[TRACK_CHUNK0] anchor_pos=0.97630 anchor_ori=0.82790 body_pos=0.97687 body_ori=0.80318 body_lin=0.54869 body_ang=0.02812
[TRACK_ROLLOUT] anchor_pos=0.84189 anchor_ori=0.64204 body_pos=0.88614 body_ori=0.16781 body_lin=0.48801 body_ang=0.07080
[TRAIN_COST] action_rate=23.30979 joint_torque=4100.71191 joint_limit=0.00127 undesired_contacts=0.73071
[REWARD_WEIGHTED] pos=0.11931 penalty=-0.05413 total=0.06517 act_rate=-0.04662 torque=-0.00082 contacts=-0.00146
[ACT_SUMMARY] abs_mean=0.7003 abs_p95=1.7784 abs_p99=2.5628 abs_max=4.1093 abs_max_all=4.7092 legs=0.7332 waist=0.6663 arms=0.6793 first=0.7003 last=0.7352 latent_abs=0.7734 latent_max=8.7707
[TRAIN_BODY] torso_ori=6.15deg l_wrist_ori=12.47deg r_wrist_ori=13.40deg l_elbow_ori=11.29deg r_elbow_ori=11.84deg l_shoulder_ori=8.59deg r_shoulder_ori=9.43deg
[TRAIN_ANG] torso=2.227 l_wrist=8.601 r_wrist=9.534 l_elbow=7.721 r_elbow=8.132 l_shoulder=4.597 r_shoulder=5.726
[TRAIN_ACT] l_wrist_r=0.5301 l_wrist_p=0.5506 l_wrist_y=0.5658 r_wrist_r=0.5028 r_wrist_p=0.5258 r_wrist_y=0.5942 l_elbow=0.6897 r_elbow=0.7881
[UPDATE] 141/200 group_reward=55.58304 group_std=18.83772 group_raw=0.89063 rollout_ret=0.88533 chunk0_ret=0.06502 chunk_last_ret=0.02555
[REWARD_SCALE] live_steps=23.89 min=7 p50=24 p95=24 max=24 survive=0.98328 per_step=0.03706 per_second=1.853 episode30s_projection=55.58
[OBJECTIVE] obj_mean=0.88533 obj_std=0.30259 obj_min=-0.47108 obj_max=2.15159 raw_mean=0.89063 raw_std=0.30058 raw_min=-0.47108 raw_max=2.15159 score_mean=0.03706 rtg_mean=-7.61229 grpo_score=0.66026 early_penalty=0.22507
[PHASE] start_mean=829.74 start_min=5 start_max=1433 fail_rel_mean=16.54
[CHUNK_REWARD] obj_first=0.06502 obj_mid=0.03593 obj_last=0.02480 raw_first=0.06502 raw_mid=0.03600 raw_last=0.02555
[POLICY] loss=-0.00851 policy_loss=-0.00851 value_loss=0.00000 entropy=0.00000 kl=0.01609 step_ratio=0.9994 step_clip=0.0935 post_ratio=1.0040 post_clip=0.1221 grad=0.30934 lr=0.001000 critic_lr=0.000000 sde_steps=4 opt_steps=20
[POLICY_DETAIL] samples=195723 mb=48930 micro_mb=8192 micro_steps=120 batch_ratio=0.9995 batch_min=0.1805 batch_max=4.9226 post_ratio=1.0040 post_min=0.5363 post_max=2.3205 post_clip=0.1221 logp_delta_abs=0.13223 post_logp_delta_abs=0.15643 post_kl=0.02075 old_logp=-15.73161 new_logp=-15.74799 adv_abs=0.76713 grpo_adv_abs=0.76713 valid=0.99550
[TRAIN] mean_reward=37.55726 mean_len=1165.07 recent_eps=100 completed_eps=308190
[UPDATE_EFFECT] action_delta=0.02399389 param_rms_delta=0.00201481
[TIME] collect=14.283s update=0.993s
[DONE] timeout=0.00000 anchor_pos=0.00000 anchor_ori=0.00000 ee_body=0.00000
[DONE_ROLLOUT] timeout=0.00000 anchor_pos=0.00024 anchor_ori=0.00000 ee_body=0.01660
[FIRST_FAILURE] chunk_mean=16.54 chunk_min=6 chunk_max=23 phase_mean=814.31 phase_min=392 phase_max=1158 anchor_pos=0.00024 anchor_ori=0.00000 ee_body=0.01660 timeout=0.00000
[TRACK_CHUNK0] anchor_pos=0.97623 anchor_ori=0.82593 body_pos=0.97640 body_ori=0.80187 body_lin=0.54475 body_ang=0.02814
[TRACK_ROLLOUT] anchor_pos=0.84307 anchor_ori=0.65084 body_pos=0.88497 body_ori=0.16793 body_lin=0.48356 body_ang=0.07022
[TRAIN_COST] action_rate=23.29152 joint_torque=4123.87402 joint_limit=0.00138 undesired_contacts=0.77966
[REWARD_WEIGHTED] pos=0.11911 penalty=-0.05409 total=0.06502 act_rate=-0.04658 torque=-0.00082 contacts=-0.00156
[ACT_SUMMARY] abs_mean=0.7009 abs_p95=1.7772 abs_p99=2.5365 abs_max=4.0605 abs_max_all=4.6778 legs=0.7388 waist=0.6788 arms=0.6732 first=0.7009 last=0.7345 latent_abs=0.7740 latent_max=8.5060
[TRAIN_BODY] torso_ori=6.16deg l_wrist_ori=12.49deg r_wrist_ori=13.47deg l_elbow_ori=11.25deg r_elbow_ori=12.06deg l_shoulder_ori=8.62deg r_shoulder_ori=9.60deg
[TRAIN_ANG] torso=2.220 l_wrist=8.538 r_wrist=9.280 l_elbow=7.711 r_elbow=7.975 l_shoulder=4.575 r_shoulder=5.669
[TRAIN_ACT] l_wrist_r=0.5189 l_wrist_p=0.5557 l_wrist_y=0.5665 r_wrist_r=0.5031 r_wrist_p=0.5217 r_wrist_y=0.5863 l_elbow=0.6825 r_elbow=0.7709
[UPDATE] 142/200 group_reward=55.42621 group_std=18.90455 group_raw=0.88797 rollout_ret=0.88247 chunk0_ret=0.06490 chunk_last_ret=0.02508
[REWARD_SCALE] live_steps=23.88 min=6 p50=24 p95=24 max=24 survive=0.98303 per_step=0.03695 per_second=1.848 episode30s_projection=55.43
[OBJECTIVE] obj_mean=0.88247 obj_std=0.30345 obj_min=-0.80685 obj_max=2.01183 raw_mean=0.88797 raw_std=0.30110 raw_min=-0.80685 raw_max=2.01183 score_mean=0.03695 rtg_mean=-7.35803 grpo_score=0.63731 early_penalty=0.24516
[PHASE] start_mean=820.55 start_min=14 start_max=1433 fail_rel_mean=16.06
[CHUNK_REWARD] obj_first=0.06490 obj_mid=0.03606 obj_last=0.02444 raw_first=0.06490 raw_mid=0.03622 raw_last=0.02508
[POLICY] loss=-0.00854 policy_loss=-0.00854 value_loss=0.00000 entropy=0.00000 kl=0.01645 step_ratio=0.9997 step_clip=0.0965 post_ratio=0.9927 post_clip=0.1367 grad=0.31441 lr=0.001000 critic_lr=0.000000 sde_steps=4 opt_steps=20
[POLICY_DETAIL] samples=195644 mb=48911 micro_mb=8192 micro_steps=120 batch_ratio=0.9999 batch_min=0.1081 batch_max=5.6144 post_ratio=0.9927 post_min=0.3505 post_max=1.9518 post_clip=0.1367 logp_delta_abs=0.13402 post_logp_delta_abs=0.16594 post_kl=0.02325 old_logp=-15.72272 new_logp=-15.73905 adv_abs=0.76369 grpo_adv_abs=0.76369 valid=0.99510
[TRAIN] mean_reward=30.68213 mean_len=938.75 recent_eps=100 completed_eps=308329
[UPDATE_EFFECT] action_delta=0.02783494 param_rms_delta=0.00203209
[TIME] collect=14.151s update=0.991s
[DONE] timeout=0.00000 anchor_pos=0.00000 anchor_ori=0.00000 ee_body=0.00000
[DONE_ROLLOUT] timeout=0.00000 anchor_pos=0.00024 anchor_ori=0.00000 ee_body=0.01672
[FIRST_FAILURE] chunk_mean=16.06 chunk_min=5 chunk_max=23 phase_mean=837.88 phase_min=325 phase_max=1311 anchor_pos=0.00024 anchor_ori=0.00000 ee_body=0.01672 timeout=0.00000
[TRACK_CHUNK0] anchor_pos=0.97685 anchor_ori=0.82676 body_pos=0.97690 body_ori=0.80334 body_lin=0.54601 body_ang=0.02683
[TRACK_ROLLOUT] anchor_pos=0.84015 anchor_ori=0.65378 body_pos=0.88561 body_ori=0.16918 body_lin=0.48307 body_ang=0.07041
[TRAIN_COST] action_rate=23.41264 joint_torque=4177.68945 joint_limit=0.00122 undesired_contacts=0.74963
[REWARD_WEIGHTED] pos=0.11921 penalty=-0.05431 total=0.06490 act_rate=-0.04683 torque=-0.00084 contacts=-0.00150
[ACT_SUMMARY] abs_mean=0.7033 abs_p95=1.7795 abs_p99=2.5375 abs_max=4.0975 abs_max_all=4.7406 legs=0.7416 waist=0.6727 arms=0.6770 first=0.7033 last=0.7332 latent_abs=0.7732 latent_max=9.0644
[TRAIN_BODY] torso_ori=6.14deg l_wrist_ori=12.45deg r_wrist_ori=13.23deg l_elbow_ori=11.31deg r_elbow_ori=11.81deg l_shoulder_ori=8.56deg r_shoulder_ori=9.31deg
[TRAIN_ANG] torso=2.207 l_wrist=8.548 r_wrist=9.277 l_elbow=7.677 r_elbow=7.915 l_shoulder=4.565 r_shoulder=5.644
[TRAIN_ACT] l_wrist_r=0.5259 l_wrist_p=0.5528 l_wrist_y=0.5588 r_wrist_r=0.5036 r_wrist_p=0.5249 r_wrist_y=0.5894 l_elbow=0.6925 r_elbow=0.7712
[UPDATE] 143/200 group_reward=54.92307 group_std=19.66203 group_raw=0.88000 rollout_ret=0.87423 chunk0_ret=0.06544 chunk_last_ret=0.02453
[REWARD_SCALE] live_steps=23.88 min=7 p50=24 p95=24 max=24 survive=0.98340 per_step=0.03662 per_second=1.831 episode30s_projection=54.92
[OBJECTIVE] obj_mean=0.87423 obj_std=0.31599 obj_min=-0.65920 obj_max=1.97996 raw_mean=0.88000 raw_std=0.31341 raw_min=-0.65920 raw_max=1.97996 score_mean=0.03661 rtg_mean=-7.06617 grpo_score=0.61610 early_penalty=0.25813
[PHASE] start_mean=816.88 start_min=3 start_max=1433 fail_rel_mean=15.54
[CHUNK_REWARD] obj_first=0.06544 obj_mid=0.03507 obj_last=0.02386 raw_first=0.06544 raw_mid=0.03527 raw_last=0.02453
[POLICY] loss=-0.00772 policy_loss=-0.00772 value_loss=0.00000 entropy=0.00000 kl=0.01775 step_ratio=0.9994 step_clip=0.1050 post_ratio=0.9962 post_clip=0.1475 grad=0.35098 lr=0.001000 critic_lr=0.000000 sde_steps=4 opt_steps=20
[POLICY_DETAIL] samples=195593 mb=48898 micro_mb=8192 micro_steps=120 batch_ratio=0.9994 batch_min=0.1227 batch_max=5.0700 post_ratio=0.9962 post_min=0.3662 post_max=2.1771 post_clip=0.1475 logp_delta_abs=0.13895 post_logp_delta_abs=0.17130 post_kl=0.02581 old_logp=-15.73016 new_logp=-15.74828 adv_abs=0.76235 grpo_adv_abs=0.76235 valid=0.99484
[TRAIN] mean_reward=35.77958 mean_len=1097.80 recent_eps=100 completed_eps=308465
[UPDATE_EFFECT] action_delta=0.02731239 param_rms_delta=0.00201132
[TIME] collect=14.170s update=0.990s
[DONE] timeout=0.00000 anchor_pos=0.00000 anchor_ori=0.00000 ee_body=0.00000
[DONE_ROLLOUT] timeout=0.00000 anchor_pos=0.00024 anchor_ori=0.00012 ee_body=0.01624
[FIRST_FAILURE] chunk_mean=15.54 chunk_min=6 chunk_max=23 phase_mean=831.56 phase_min=395 phase_max=1160 anchor_pos=0.00024 anchor_ori=0.00012 ee_body=0.01624 timeout=0.00000
[TRACK_CHUNK0] anchor_pos=0.97621 anchor_ori=0.83116 body_pos=0.97682 body_ori=0.80041 body_lin=0.54404 body_ang=0.02906
[TRACK_ROLLOUT] anchor_pos=0.83478 anchor_ori=0.65460 body_pos=0.88509 body_ori=0.17271 body_lin=0.47906 body_ang=0.07048
[TRAIN_COST] action_rate=23.24268 joint_torque=4150.06445 joint_limit=0.00126 undesired_contacts=0.75854
[REWARD_WEIGHTED] pos=0.11930 penalty=-0.05386 total=0.06544 act_rate=-0.04649 torque=-0.00083 contacts=-0.00152
[ACT_SUMMARY] abs_mean=0.7003 abs_p95=1.7734 abs_p99=2.5225 abs_max=4.4447 abs_max_all=4.7358 legs=0.7405 waist=0.6622 arms=0.6740 first=0.7003 last=0.7388 latent_abs=0.7753 latent_max=9.0169
[TRAIN_BODY] torso_ori=6.07deg l_wrist_ori=12.66deg r_wrist_ori=13.52deg l_elbow_ori=11.51deg r_elbow_ori=12.04deg l_shoulder_ori=8.57deg r_shoulder_ori=9.18deg
[TRAIN_ANG] torso=2.179 l_wrist=8.547 r_wrist=9.215 l_elbow=7.639 r_elbow=7.831 l_shoulder=4.520 r_shoulder=5.604
[TRAIN_ACT] l_wrist_r=0.5267 l_wrist_p=0.5447 l_wrist_y=0.5613 r_wrist_r=0.5001 r_wrist_p=0.5165 r_wrist_y=0.5871 l_elbow=0.7015 r_elbow=0.7827
[UPDATE] 144/200 group_reward=56.72065 group_std=18.77368 group_raw=0.90832 rollout_ret=0.90285 chunk0_ret=0.06577 chunk_last_ret=0.02583
[REWARD_SCALE] live_steps=23.88 min=7 p50=24 p95=24 max=24 survive=0.98364 per_step=0.03781 per_second=1.891 episode30s_projection=56.72
[OBJECTIVE] obj_mean=0.90285 obj_std=0.30207 obj_min=-0.37832 obj_max=2.00822 raw_mean=0.90832 raw_std=0.29933 raw_min=-0.37832 raw_max=2.00822 score_mean=0.03781 rtg_mean=-6.25832 grpo_score=0.64472 early_penalty=0.25813
[PHASE] start_mean=823.65 start_min=5 start_max=1433 fail_rel_mean=15.43
[CHUNK_REWARD] obj_first=0.06577 obj_mid=0.03678 obj_last=0.02522 raw_first=0.06577 raw_mid=0.03697 raw_last=0.02583
[POLICY] loss=-0.00766 policy_loss=-0.00766 value_loss=0.00000 entropy=0.00000 kl=0.01776 step_ratio=0.9995 step_clip=0.1056 post_ratio=0.9996 post_clip=0.1406 grad=0.35007 lr=0.001000 critic_lr=0.000000 sde_steps=4 opt_steps=20
[POLICY_DETAIL] samples=195593 mb=48898 micro_mb=8192 micro_steps=120 batch_ratio=0.9996 batch_min=0.1193 batch_max=5.7811 post_ratio=0.9996 post_min=0.4172 post_max=2.1186 post_clip=0.1406 logp_delta_abs=0.13888 post_logp_delta_abs=0.16157 post_kl=0.02329 old_logp=-15.73627 new_logp=-15.75420 adv_abs=0.76109 grpo_adv_abs=0.76109 valid=0.99484
[TRAIN] mean_reward=36.18900 mean_len=1102.45 recent_eps=100 completed_eps=308599
[UPDATE_EFFECT] action_delta=0.02454109 param_rms_delta=0.00200392
[TIME] collect=14.238s update=1.004s
[DONE] timeout=0.00000 anchor_pos=0.00000 anchor_ori=0.00000 ee_body=0.00000
[DONE_ROLLOUT] timeout=0.00000 anchor_pos=0.00024 anchor_ori=0.00000 ee_body=0.01624
[FIRST_FAILURE] chunk_mean=15.43 chunk_min=6 chunk_max=23 phase_mean=820.74 phase_min=244 phase_max=1157 anchor_pos=0.00024 anchor_ori=0.00000 ee_body=0.01624 timeout=0.00000
[TRACK_CHUNK0] anchor_pos=0.97645 anchor_ori=0.83156 body_pos=0.97704 body_ori=0.80369 body_lin=0.54427 body_ang=0.02682
[TRACK_ROLLOUT] anchor_pos=0.84350 anchor_ori=0.65758 body_pos=0.88699 body_ori=0.17331 body_lin=0.48558 body_ang=0.07195
[TRAIN_COST] action_rate=23.32210 joint_torque=4123.32422 joint_limit=0.00123 undesired_contacts=0.71985
[REWARD_WEIGHTED] pos=0.11936 penalty=-0.05359 total=0.06577 act_rate=-0.04664 torque=-0.00082 contacts=-0.00144
[ACT_SUMMARY] abs_mean=0.7012 abs_p95=1.7751 abs_p99=2.5460 abs_max=4.1876 abs_max_all=4.6451 legs=0.7402 waist=0.6637 arms=0.6758 first=0.7012 last=0.7333 latent_abs=0.7708 latent_max=8.2561
[TRAIN_BODY] torso_ori=6.14deg l_wrist_ori=12.62deg r_wrist_ori=13.19deg l_elbow_ori=11.41deg r_elbow_ori=11.64deg l_shoulder_ori=8.64deg r_shoulder_ori=9.07deg
[TRAIN_ANG] torso=2.180 l_wrist=8.479 r_wrist=9.254 l_elbow=7.692 r_elbow=7.952 l_shoulder=4.532 r_shoulder=5.633
[TRAIN_ACT] l_wrist_r=0.5294 l_wrist_p=0.5500 l_wrist_y=0.5651 r_wrist_r=0.4978 r_wrist_p=0.5234 r_wrist_y=0.5907 l_elbow=0.7089 r_elbow=0.7698
[UPDATE] 145/200 group_reward=56.45667 group_std=19.09407 group_raw=0.90427 rollout_ret=0.89912 chunk0_ret=0.06561 chunk_last_ret=0.02624
[REWARD_SCALE] live_steps=23.89 min=6 p50=24 p95=24 max=24 survive=0.98340 per_step=0.03764 per_second=1.882 episode30s_projection=56.46
[OBJECTIVE] obj_mean=0.89912 obj_std=0.30723 obj_min=-0.55575 obj_max=1.95055 raw_mean=0.90427 raw_std=0.30463 raw_min=-0.55575 raw_max=1.95055 score_mean=0.03763 rtg_mean=-6.37867 grpo_score=0.66744 early_penalty=0.23168
[PHASE] start_mean=825.95 start_min=14 start_max=1433 fail_rel_mean=16.30
[CHUNK_REWARD] obj_first=0.06561 obj_mid=0.03622 obj_last=0.02558 raw_first=0.06561 raw_mid=0.03638 raw_last=0.02624
[POLICY] loss=-0.00809 policy_loss=-0.00809 value_loss=0.00000 entropy=0.00000 kl=0.01741 step_ratio=0.9993 step_clip=0.1026 post_ratio=1.0010 post_clip=0.1240 grad=0.35297 lr=0.001000 critic_lr=0.000000 sde_steps=4 opt_steps=20
[POLICY_DETAIL] samples=195697 mb=48924 micro_mb=8192 micro_steps=120 batch_ratio=0.9996 batch_min=0.1055 batch_max=6.0676 post_ratio=1.0010 post_min=0.3100 post_max=1.8408 post_clip=0.1240 logp_delta_abs=0.13740 post_logp_delta_abs=0.15765 post_kl=0.02157 old_logp=-15.73085 new_logp=-15.74843 adv_abs=0.76418 grpo_adv_abs=0.76418 valid=0.99537
[TRAIN] mean_reward=38.47157 mean_len=1176.85 recent_eps=100 completed_eps=308735
[UPDATE_EFFECT] action_delta=0.02537867 param_rms_delta=0.00201634
[TIME] collect=14.109s update=1.005s
[DONE] timeout=0.00000 anchor_pos=0.00000 anchor_ori=0.00000 ee_body=0.00000
[DONE_ROLLOUT] timeout=0.00000 anchor_pos=0.00024 anchor_ori=0.00000 ee_body=0.01636
[FIRST_FAILURE] chunk_mean=16.30 chunk_min=5 chunk_max=23 phase_mean=866.13 phase_min=400 phase_max=1160 anchor_pos=0.00024 anchor_ori=0.00000 ee_body=0.01636 timeout=0.00000
[TRACK_CHUNK0] anchor_pos=0.97559 anchor_ori=0.83193 body_pos=0.97685 body_ori=0.80491 body_lin=0.54501 body_ang=0.02841
[TRACK_ROLLOUT] anchor_pos=0.83964 anchor_ori=0.65803 body_pos=0.88600 body_ori=0.16995 body_lin=0.48302 body_ang=0.07154
[TRAIN_COST] action_rate=23.18447 joint_torque=4169.26074 joint_limit=0.00107 undesired_contacts=0.79004
[REWARD_WEIGHTED] pos=0.11940 penalty=-0.05379 total=0.06561 act_rate=-0.04637 torque=-0.00083 contacts=-0.00158
[ACT_SUMMARY] abs_mean=0.6984 abs_p95=1.7761 abs_p99=2.5353 abs_max=4.0628 abs_max_all=4.7544 legs=0.7365 waist=0.6619 arms=0.6735 first=0.6984 last=0.7342 latent_abs=0.7719 latent_max=9.2039
[TRAIN_BODY] torso_ori=6.17deg l_wrist_ori=12.40deg r_wrist_ori=13.37deg l_elbow_ori=11.28deg r_elbow_ori=11.79deg l_shoulder_ori=8.58deg r_shoulder_ori=9.27deg
[TRAIN_ANG] torso=2.190 l_wrist=8.580 r_wrist=9.207 l_elbow=7.712 r_elbow=7.904 l_shoulder=4.573 r_shoulder=5.600
[TRAIN_ACT] l_wrist_r=0.5356 l_wrist_p=0.5434 l_wrist_y=0.5577 r_wrist_r=0.4960 r_wrist_p=0.5111 r_wrist_y=0.5860 l_elbow=0.6947 r_elbow=0.7745
[UPDATE] 146/200 group_reward=56.53571 group_std=18.65733 group_raw=0.90556 rollout_ret=0.90058 chunk0_ret=0.06493 chunk_last_ret=0.02638
[REWARD_SCALE] live_steps=23.89 min=7 p50=24 p95=24 max=24 survive=0.98242 per_step=0.03769 per_second=1.885 episode30s_projection=56.54
[OBJECTIVE] obj_mean=0.90058 obj_std=0.30022 obj_min=-0.85742 obj_max=2.05664 raw_mean=0.90556 raw_std=0.29699 raw_min=-0.85742 raw_max=2.05664 score_mean=0.03767 rtg_mean=-6.67039 grpo_score=0.67983 early_penalty=0.22074
[PHASE] start_mean=839.96 start_min=6 start_max=1433 fail_rel_mean=16.97
[CHUNK_REWARD] obj_first=0.06493 obj_mid=0.03670 obj_last=0.02563 raw_first=0.06493 raw_mid=0.03683 raw_last=0.02638
[POLICY] loss=-0.00828 policy_loss=-0.00828 value_loss=0.00000 entropy=0.00000 kl=0.01683 step_ratio=0.9993 step_clip=0.0982 post_ratio=1.0052 post_clip=0.1152 grad=0.32411 lr=0.001000 critic_lr=0.000000 sde_steps=4 opt_steps=20
[POLICY_DETAIL] samples=195740 mb=48935 micro_mb=8192 micro_steps=120 batch_ratio=0.9994 batch_min=0.1516 batch_max=4.7487 post_ratio=1.0052 post_min=0.4903 post_max=2.2576 post_clip=0.1152 logp_delta_abs=0.13515 post_logp_delta_abs=0.14810 post_kl=0.01850 old_logp=-15.73835 new_logp=-15.75552 adv_abs=0.76368 grpo_adv_abs=0.76368 valid=0.99559
[TRAIN] mean_reward=39.30721 mean_len=1194.16 recent_eps=100 completed_eps=308879
[UPDATE_EFFECT] action_delta=0.02522534 param_rms_delta=0.00201913
[TIME] collect=14.273s update=0.985s
[DONE] timeout=0.00000 anchor_pos=0.00000 anchor_ori=0.00000 ee_body=0.00000
[DONE_ROLLOUT] timeout=0.00000 anchor_pos=0.00024 anchor_ori=0.00000 ee_body=0.01733
[FIRST_FAILURE] chunk_mean=16.97 chunk_min=6 chunk_max=23 phase_mean=859.47 phase_min=332 phase_max=1152 anchor_pos=0.00024 anchor_ori=0.00000 ee_body=0.01733 timeout=0.00000
[TRACK_CHUNK0] anchor_pos=0.97623 anchor_ori=0.82860 body_pos=0.97618 body_ori=0.80159 body_lin=0.54167 body_ang=0.02702
[TRACK_ROLLOUT] anchor_pos=0.84297 anchor_ori=0.65768 body_pos=0.88402 body_ori=0.16995 body_lin=0.47976 body_ang=0.07016
[TRAIN_COST] action_rate=23.20746 joint_torque=4164.94336 joint_limit=0.00130 undesired_contacts=0.86292
[REWARD_WEIGHTED] pos=0.11912 penalty=-0.05419 total=0.06493 act_rate=-0.04641 torque=-0.00083 contacts=-0.00173
[ACT_SUMMARY] abs_mean=0.6998 abs_p95=1.7744 abs_p99=2.5095 abs_max=4.0359 abs_max_all=4.8317 legs=0.7385 waist=0.6644 arms=0.6742 first=0.6998 last=0.7345 latent_abs=0.7725 latent_max=10.1693
[TRAIN_BODY] torso_ori=6.22deg l_wrist_ori=12.70deg r_wrist_ori=13.30deg l_elbow_ori=11.53deg r_elbow_ori=11.96deg l_shoulder_ori=8.69deg r_shoulder_ori=9.33deg
[TRAIN_ANG] torso=2.211 l_wrist=8.609 r_wrist=9.222 l_elbow=7.826 r_elbow=7.935 l_shoulder=4.548 r_shoulder=5.541
[TRAIN_ACT] l_wrist_r=0.5404 l_wrist_p=0.5503 l_wrist_y=0.5632 r_wrist_r=0.4972 r_wrist_p=0.5053 r_wrist_y=0.5868 l_elbow=0.6867 r_elbow=0.7779
[UPDATE] 147/200 group_reward=57.32369 group_std=19.33229 group_raw=0.91793 rollout_ret=0.91318 chunk0_ret=0.06615 chunk_last_ret=0.02653
[REWARD_SCALE] live_steps=23.90 min=10 p50=24 p95=24 max=24 survive=0.98230 per_step=0.03822 per_second=1.911 episode30s_projection=57.32
[OBJECTIVE] obj_mean=0.91318 obj_std=0.31045 obj_min=-0.59342 obj_max=2.13248 raw_mean=0.91793 raw_std=0.30820 raw_min=-0.59342 raw_max=2.13248 score_mean=0.03821 rtg_mean=-6.37479 grpo_score=0.69498 early_penalty=0.21820
[PHASE] start_mean=828.26 start_min=6 start_max=1433 fail_rel_mean=17.08
[CHUNK_REWARD] obj_first=0.06615 obj_mid=0.03732 obj_last=0.02590 raw_first=0.06615 raw_mid=0.03740 raw_last=0.02653
[POLICY] loss=-0.00848 policy_loss=-0.00848 value_loss=0.00000 entropy=0.00000 kl=0.01678 step_ratio=0.9993 step_clip=0.0986 post_ratio=0.9929 post_clip=0.1182 grad=0.32513 lr=0.001000 critic_lr=0.000000 sde_steps=4 opt_steps=20
[POLICY_DETAIL] samples=195750 mb=48937 micro_mb=8192 micro_steps=120 batch_ratio=0.9995 batch_min=0.1357 batch_max=5.8136 post_ratio=0.9929 post_min=0.2763 post_max=2.5007 post_clip=0.1182 logp_delta_abs=0.13519 post_logp_delta_abs=0.15488 post_kl=0.02155 old_logp=-15.72704 new_logp=-15.74404 adv_abs=0.76074 grpo_adv_abs=0.76074 valid=0.99564
[TRAIN] mean_reward=39.56986 mean_len=1224.21 recent_eps=100 completed_eps=309024
[UPDATE_EFFECT] action_delta=0.02442819 param_rms_delta=0.00202020
[TIME] collect=14.178s update=0.997s
[DONE] timeout=0.00000 anchor_pos=0.00000 anchor_ori=0.00000 ee_body=0.00000
[DONE_ROLLOUT] timeout=0.00000 anchor_pos=0.00037 anchor_ori=0.00000 ee_body=0.01746
[FIRST_FAILURE] chunk_mean=17.08 chunk_min=9 chunk_max=23 phase_mean=861.72 phase_min=356 phase_max=1230 anchor_pos=0.00037 anchor_ori=0.00000 ee_body=0.01746 timeout=0.00000
[TRACK_CHUNK0] anchor_pos=0.97597 anchor_ori=0.82760 body_pos=0.97689 body_ori=0.80523 body_lin=0.54847 body_ang=0.02916
[TRACK_ROLLOUT] anchor_pos=0.84092 anchor_ori=0.66274 body_pos=0.88562 body_ori=0.17095 body_lin=0.48232 body_ang=0.07110
[TRAIN_COST] action_rate=22.96894 joint_torque=4019.26855 joint_limit=0.00121 undesired_contacts=0.78638
[REWARD_WEIGHTED] pos=0.11934 penalty=-0.05319 total=0.06615 act_rate=-0.04594 torque=-0.00080 contacts=-0.00157
[ACT_SUMMARY] abs_mean=0.6949 abs_p95=1.7665 abs_p99=2.5244 abs_max=4.3160 abs_max_all=4.7423 legs=0.7291 waist=0.6586 arms=0.6735 first=0.6949 last=0.7322 latent_abs=0.7713 latent_max=9.0808
[TRAIN_BODY] torso_ori=6.08deg l_wrist_ori=12.36deg r_wrist_ori=13.38deg l_elbow_ori=11.20deg r_elbow_ori=11.96deg l_shoulder_ori=8.43deg r_shoulder_ori=9.31deg
[TRAIN_ANG] torso=2.167 l_wrist=8.430 r_wrist=9.462 l_elbow=7.632 r_elbow=8.035 l_shoulder=4.489 r_shoulder=5.602
[TRAIN_ACT] l_wrist_r=0.5389 l_wrist_p=0.5349 l_wrist_y=0.5589 r_wrist_r=0.5018 r_wrist_p=0.5095 r_wrist_y=0.5843 l_elbow=0.6941 r_elbow=0.7970
[UPDATE] 148/200 group_reward=57.84977 group_std=19.20598 group_raw=0.92647 rollout_ret=0.92202 chunk0_ret=0.06532 chunk_last_ret=0.02777
[REWARD_SCALE] live_steps=23.91 min=9 p50=24 p95=24 max=24 survive=0.98621 per_step=0.03857 per_second=1.928 episode30s_projection=57.85
[OBJECTIVE] obj_mean=0.92202 obj_std=0.30846 obj_min=-0.70403 obj_max=2.03906 raw_mean=0.92647 raw_std=0.30637 raw_min=-0.70403 raw_max=2.03906 score_mean=0.03856 rtg_mean=-5.79618 grpo_score=0.72874 early_penalty=0.19328
[PHASE] start_mean=830.74 start_min=11 start_max=1433 fail_rel_mean=16.27
[CHUNK_REWARD] obj_first=0.06532 obj_mid=0.03697 obj_last=0.02720 raw_first=0.06532 raw_mid=0.03709 raw_last=0.02777
[POLICY] loss=-0.00843 policy_loss=-0.00843 value_loss=0.00000 entropy=0.00000 kl=0.01701 step_ratio=0.9995 step_clip=0.1004 post_ratio=1.0006 post_clip=0.1504 grad=0.32577 lr=0.001000 critic_lr=0.000000 sde_steps=4 opt_steps=20
[POLICY_DETAIL] samples=195848 mb=48962 micro_mb=8192 micro_steps=120 batch_ratio=0.9997 batch_min=0.1530 batch_max=6.1353 post_ratio=1.0006 post_min=0.3672 post_max=2.1403 post_clip=0.1504 logp_delta_abs=0.13632 post_logp_delta_abs=0.17024 post_kl=0.02634 old_logp=-15.73187 new_logp=-15.74894 adv_abs=0.76327 grpo_adv_abs=0.76327 valid=0.99613
[TRAIN] mean_reward=34.48746 mean_len=1017.60 recent_eps=100 completed_eps=309137
[UPDATE_EFFECT] action_delta=0.02453454 param_rms_delta=0.00200501
[TIME] collect=14.229s update=0.995s
[DONE] timeout=0.00000 anchor_pos=0.00000 anchor_ori=0.00000 ee_body=0.00000
[DONE_ROLLOUT] timeout=0.00000 anchor_pos=0.00012 anchor_ori=0.00000 ee_body=0.01367
[FIRST_FAILURE] chunk_mean=16.27 chunk_min=8 chunk_max=23 phase_mean=804.07 phase_min=394 phase_max=1158 anchor_pos=0.00012 anchor_ori=0.00000 ee_body=0.01367 timeout=0.00000
[TRACK_CHUNK0] anchor_pos=0.97628 anchor_ori=0.82511 body_pos=0.97695 body_ori=0.80314 body_lin=0.54601 body_ang=0.02901
[TRACK_ROLLOUT] anchor_pos=0.84491 anchor_ori=0.66008 body_pos=0.88692 body_ori=0.17174 body_lin=0.48763 body_ang=0.07208
[TRAIN_COST] action_rate=23.13657 joint_torque=4038.26050 joint_limit=0.00140 undesired_contacts=0.81580
[REWARD_WEIGHTED] pos=0.11916 penalty=-0.05384 total=0.06532 act_rate=-0.04627 torque=-0.00081 contacts=-0.00163
[ACT_SUMMARY] abs_mean=0.6979 abs_p95=1.7691 abs_p99=2.5447 abs_max=4.2701 abs_max_all=4.7492 legs=0.7301 waist=0.6559 arms=0.6792 first=0.6979 last=0.7333 latent_abs=0.7706 latent_max=9.1507
[TRAIN_BODY] torso_ori=6.25deg l_wrist_ori=12.65deg r_wrist_ori=13.38deg l_elbow_ori=11.53deg r_elbow_ori=12.10deg l_shoulder_ori=8.73deg r_shoulder_ori=9.54deg
[TRAIN_ANG] torso=2.211 l_wrist=8.445 r_wrist=9.306 l_elbow=7.661 r_elbow=7.918 l_shoulder=4.442 r_shoulder=5.654
[TRAIN_ACT] l_wrist_r=0.5395 l_wrist_p=0.5451 l_wrist_y=0.5550 r_wrist_r=0.4958 r_wrist_p=0.5102 r_wrist_y=0.5881 l_elbow=0.7045 r_elbow=0.8072
[UPDATE] 149/200 group_reward=58.18469 group_std=19.34618 group_raw=0.93208 rollout_ret=0.92711 chunk0_ret=0.06612 chunk_last_ret=0.02736
[REWARD_SCALE] live_steps=23.90 min=7 p50=24 p95=24 max=24 survive=0.98694 per_step=0.03879 per_second=1.939 episode30s_projection=58.18
[OBJECTIVE] obj_mean=0.92711 obj_std=0.31127 obj_min=-0.68188 obj_max=2.09452 raw_mean=0.93208 raw_std=0.30930 raw_min=-0.68188 raw_max=2.09452 score_mean=0.03879 rtg_mean=-5.10866 grpo_score=0.72087 early_penalty=0.20625
[PHASE] start_mean=833.67 start_min=7 start_max=1433 fail_rel_mean=15.42
[CHUNK_REWARD] obj_first=0.06612 obj_mid=0.03742 obj_last=0.02679 raw_first=0.06612 raw_mid=0.03760 raw_last=0.02736
[POLICY] loss=-0.00886 policy_loss=-0.00886 value_loss=0.00000 entropy=0.00000 kl=0.01669 step_ratio=0.9996 step_clip=0.0983 post_ratio=0.9956 post_clip=0.1514 grad=0.31445 lr=0.001000 critic_lr=0.000000 sde_steps=4 opt_steps=20
[POLICY_DETAIL] samples=195797 mb=48949 micro_mb=8192 micro_steps=120 batch_ratio=0.9997 batch_min=0.1970 batch_max=4.5553 post_ratio=0.9956 post_min=0.4152 post_max=1.7663 post_clip=0.1514 logp_delta_abs=0.13523 post_logp_delta_abs=0.16864 post_kl=0.02358 old_logp=-15.72470 new_logp=-15.74147 adv_abs=0.76117 grpo_adv_abs=0.76117 valid=0.99588
[TRAIN] mean_reward=38.71992 mean_len=1174.18 recent_eps=100 completed_eps=309244
[UPDATE_EFFECT] action_delta=0.02670499 param_rms_delta=0.00202414
[TIME] collect=14.112s update=1.012s
[DONE] timeout=0.00000 anchor_pos=0.00000 anchor_ori=0.00000 ee_body=0.00000
[DONE_ROLLOUT] timeout=0.00000 anchor_pos=0.00012 anchor_ori=0.00000 ee_body=0.01294
[FIRST_FAILURE] chunk_mean=15.42 chunk_min=6 chunk_max=23 phase_mean=859.06 phase_min=410 phase_max=1159 anchor_pos=0.00012 anchor_ori=0.00000 ee_body=0.01294 timeout=0.00000
[TRACK_CHUNK0] anchor_pos=0.97681 anchor_ori=0.83280 body_pos=0.97688 body_ori=0.80385 body_lin=0.54613 body_ang=0.02923
[TRACK_ROLLOUT] anchor_pos=0.84122 anchor_ori=0.67032 body_pos=0.88718 body_ori=0.17238 body_lin=0.48423 body_ang=0.07190
[TRAIN_COST] action_rate=22.95587 joint_torque=4060.91772 joint_limit=0.00128 undesired_contacts=0.80188
[REWARD_WEIGHTED] pos=0.11951 penalty=-0.05338 total=0.06612 act_rate=-0.04591 torque=-0.00081 contacts=-0.00160
[ACT_SUMMARY] abs_mean=0.6960 abs_p95=1.7622 abs_p99=2.5127 abs_max=4.2236 abs_max_all=4.8220 legs=0.7307 waist=0.6553 arms=0.6749 first=0.6960 last=0.7360 latent_abs=0.7738 latent_max=10.0270
[TRAIN_BODY] torso_ori=6.12deg l_wrist_ori=12.67deg r_wrist_ori=13.27deg l_elbow_ori=11.43deg r_elbow_ori=11.84deg l_shoulder_ori=8.58deg r_shoulder_ori=9.30deg
[TRAIN_ANG] torso=2.192 l_wrist=8.552 r_wrist=9.199 l_elbow=7.713 r_elbow=7.904 l_shoulder=4.613 r_shoulder=5.476
[TRAIN_ACT] l_wrist_r=0.5344 l_wrist_p=0.5390 l_wrist_y=0.5512 r_wrist_r=0.5071 r_wrist_p=0.5143 r_wrist_y=0.5839 l_elbow=0.6983 r_elbow=0.7871
[UPDATE] 150/200 group_reward=58.87947 group_std=19.60890 group_raw=0.94294 rollout_ret=0.93761 chunk0_ret=0.06574 chunk_last_ret=0.02784
[REWARD_SCALE] live_steps=23.89 min=7 p50=24 p95=24 max=24 survive=0.98474 per_step=0.03925 per_second=1.963 episode30s_projection=58.88
[OBJECTIVE] obj_mean=0.93761 obj_std=0.31505 obj_min=-0.59726 obj_max=2.02080 raw_mean=0.94294 raw_std=0.31302 raw_min=-0.59726 raw_max=2.02080 score_mean=0.03927 rtg_mean=-4.30383 grpo_score=0.70084 early_penalty=0.23677
[PHASE] start_mean=823.69 start_min=19 start_max=1433 fail_rel_mean=15.55
[CHUNK_REWARD] obj_first=0.06574 obj_mid=0.03786 obj_last=0.02723 raw_first=0.06574 raw_mid=0.03804 raw_last=0.02784
[POLICY] loss=-0.00860 policy_loss=-0.00860 value_loss=0.00000 entropy=0.00000 kl=0.01676 step_ratio=0.9992 step_clip=0.0986 post_ratio=0.9850 post_clip=0.1162 grad=0.32190 lr=0.001000 critic_lr=0.000000 sde_steps=4 opt_steps=20
[POLICY_DETAIL] samples=195677 mb=48919 micro_mb=8192 micro_steps=120 batch_ratio=0.9996 batch_min=0.1379 batch_max=3.8812 post_ratio=0.9850 post_min=0.3767 post_max=2.8622 post_clip=0.1162 logp_delta_abs=0.13516 post_logp_delta_abs=0.16199 post_kl=0.02284 old_logp=-15.72770 new_logp=-15.74464 adv_abs=0.75911 grpo_adv_abs=0.75911 valid=0.99526
[TRAIN] mean_reward=43.03787 mean_len=1289.92 recent_eps=100 completed_eps=309369
[UPDATE_EFFECT] action_delta=0.02468288 param_rms_delta=0.00202216
[TIME] collect=14.177s update=1.015s
[DONE] timeout=0.00000 anchor_pos=0.00000 anchor_ori=0.00000 ee_body=0.00000
[DONE_ROLLOUT] timeout=0.00000 anchor_pos=0.00012 anchor_ori=0.00000 ee_body=0.01514
[FIRST_FAILURE] chunk_mean=15.55 chunk_min=6 chunk_max=23 phase_mean=796.47 phase_min=395 phase_max=1122 anchor_pos=0.00012 anchor_ori=0.00000 ee_body=0.01514 timeout=0.00000
[TRACK_CHUNK0] anchor_pos=0.97654 anchor_ori=0.82869 body_pos=0.97647 body_ori=0.80129 body_lin=0.54686 body_ang=0.02982
[TRACK_ROLLOUT] anchor_pos=0.84280 anchor_ori=0.67088 body_pos=0.88809 body_ori=0.17608 body_lin=0.48690 body_ang=0.07333
[TRAIN_COST] action_rate=23.00645 joint_torque=4078.71875 joint_limit=0.00144 undesired_contacts=0.82214
[REWARD_WEIGHTED] pos=0.11930 penalty=-0.05356 total=0.06574 act_rate=-0.04601 torque=-0.00082 contacts=-0.00164
[ACT_SUMMARY] abs_mean=0.6964 abs_p95=1.7625 abs_p99=2.5222 abs_max=4.0589 abs_max_all=4.6406 legs=0.7328 waist=0.6566 arms=0.6736 first=0.6964 last=0.7319 latent_abs=0.7714 latent_max=8.2235
[TRAIN_BODY] torso_ori=6.22deg l_wrist_ori=12.62deg r_wrist_ori=13.33deg l_elbow_ori=11.46deg r_elbow_ori=11.91deg l_shoulder_ori=8.64deg r_shoulder_ori=9.42deg
[TRAIN_ANG] torso=2.185 l_wrist=8.396 r_wrist=9.112 l_elbow=7.561 r_elbow=7.817 l_shoulder=4.496 r_shoulder=5.553
[TRAIN_ACT] l_wrist_r=0.5309 l_wrist_p=0.5411 l_wrist_y=0.5539 r_wrist_r=0.4968 r_wrist_p=0.5132 r_wrist_y=0.5810 l_elbow=0.7125 r_elbow=0.7797
[CHECKPOINT] saved /home/y/my_mimic_mixgrpo_h1/runs/mixgrpo_u200_h24_tail100/checkpoints/update_0150.pt
[UPDATE] 151/200 group_reward=59.28840 group_std=19.26215 group_raw=0.94943 rollout_ret=0.94481 chunk0_ret=0.06610 chunk_last_ret=0.02882
[REWARD_SCALE] live_steps=23.90 min=6 p50=24 p95=24 max=24 survive=0.98718 per_step=0.03953 per_second=1.976 episode30s_projection=59.29
[OBJECTIVE] obj_mean=0.94481 obj_std=0.30999 obj_min=-0.38610 obj_max=1.97589 raw_mean=0.94943 raw_std=0.30745 raw_min=-0.38610 raw_max=1.97589 score_mean=0.03952 rtg_mean=-4.38598 grpo_score=0.74441 early_penalty=0.20040
[PHASE] start_mean=815.68 start_min=0 start_max=1407 fail_rel_mean=15.50
[CHUNK_REWARD] obj_first=0.06610 obj_mid=0.03796 obj_last=0.02828 raw_first=0.06610 raw_mid=0.03813 raw_last=0.02882
[POLICY] loss=-0.00861 policy_loss=-0.00861 value_loss=0.00000 entropy=0.00000 kl=0.01716 step_ratio=0.9993 step_clip=0.1019 post_ratio=0.9978 post_clip=0.1299 grad=0.32771 lr=0.001000 critic_lr=0.000000 sde_steps=4 opt_steps=20
[POLICY_DETAIL] samples=195820 mb=48955 micro_mb=8192 micro_steps=120 batch_ratio=0.9994 batch_min=0.1481 batch_max=5.2663 post_ratio=0.9978 post_min=0.3337 post_max=2.0058 post_clip=0.1299 logp_delta_abs=0.13662 post_logp_delta_abs=0.16051 post_kl=0.02331 old_logp=-15.72526 new_logp=-15.74272 adv_abs=0.75822 grpo_adv_abs=0.75822 valid=0.99599
[TRAIN] mean_reward=35.96509 mean_len=1060.03 recent_eps=100 completed_eps=309474
[UPDATE_EFFECT] action_delta=0.02587696 param_rms_delta=0.00201214
[TIME] collect=14.171s update=0.998s
[DONE] timeout=0.00000 anchor_pos=0.00000 anchor_ori=0.00000 ee_body=0.00000
[DONE_ROLLOUT] timeout=0.00000 anchor_pos=0.00024 anchor_ori=0.00000 ee_body=0.01270
[FIRST_FAILURE] chunk_mean=15.50 chunk_min=5 chunk_max=23 phase_mean=803.30 phase_min=394 phase_max=1162 anchor_pos=0.00024 anchor_ori=0.00000 ee_body=0.01270 timeout=0.00000
[TRACK_CHUNK0] anchor_pos=0.97624 anchor_ori=0.82805 body_pos=0.97667 body_ori=0.80045 body_lin=0.54527 body_ang=0.03012
[TRACK_ROLLOUT] anchor_pos=0.84172 anchor_ori=0.67229 body_pos=0.88769 body_ori=0.17569 body_lin=0.48779 body_ang=0.07331
[TRAIN_COST] action_rate=22.72252 joint_torque=4156.43213 joint_limit=0.00138 undesired_contacts=0.86267
[REWARD_WEIGHTED] pos=0.11922 penalty=-0.05313 total=0.06610 act_rate=-0.04545 torque=-0.00083 contacts=-0.00173
[ACT_SUMMARY] abs_mean=0.6927 abs_p95=1.7552 abs_p99=2.4854 abs_max=4.2203 abs_max_all=4.7509 legs=0.7324 waist=0.6604 arms=0.6657 first=0.6927 last=0.7321 latent_abs=0.7715 latent_max=9.1683
[TRAIN_BODY] torso_ori=6.19deg l_wrist_ori=12.74deg r_wrist_ori=13.41deg l_elbow_ori=11.54deg r_elbow_ori=11.95deg l_shoulder_ori=8.70deg r_shoulder_ori=9.30deg
[TRAIN_ANG] torso=2.182 l_wrist=8.589 r_wrist=8.985 l_elbow=7.718 r_elbow=7.677 l_shoulder=4.548 r_shoulder=5.354
[TRAIN_ACT] l_wrist_r=0.5309 l_wrist_p=0.5495 l_wrist_y=0.5511 r_wrist_r=0.4970 r_wrist_p=0.5092 r_wrist_y=0.5872 l_elbow=0.7052 r_elbow=0.7688
[UPDATE] 152/200 group_reward=60.34101 group_std=19.54386 group_raw=0.96604 rollout_ret=0.96256 chunk0_ret=0.06584 chunk_last_ret=0.02936
[REWARD_SCALE] live_steps=23.93 min=6 p50=24 p95=24 max=24 survive=0.98779 per_step=0.04023 per_second=2.011 episode30s_projection=60.34
[OBJECTIVE] obj_mean=0.96256 obj_std=0.31344 obj_min=-0.66061 obj_max=2.11738 raw_mean=0.96604 raw_std=0.31130 raw_min=-0.66061 raw_max=2.11738 score_mean=0.04022 rtg_mean=-3.92897 grpo_score=0.81277 early_penalty=0.14979
[PHASE] start_mean=823.42 start_min=6 start_max=1433 fail_rel_mean=17.11
[CHUNK_REWARD] obj_first=0.06584 obj_mid=0.03898 obj_last=0.02889 raw_first=0.06584 raw_mid=0.03906 raw_last=0.02936
[POLICY] loss=-0.00845 policy_loss=-0.00845 value_loss=0.00000 entropy=0.00000 kl=0.01694 step_ratio=0.9995 step_clip=0.0991 post_ratio=0.9976 post_clip=0.1318 grad=0.32684 lr=0.001000 critic_lr=0.000000 sde_steps=4 opt_steps=20
[POLICY_DETAIL] samples=196019 mb=49004 micro_mb=8192 micro_steps=120 batch_ratio=0.9996 batch_min=0.1600 batch_max=5.2400 post_ratio=0.9976 post_min=0.3990 post_max=2.1514 post_clip=0.1318 logp_delta_abs=0.13547 post_logp_delta_abs=0.15714 post_kl=0.02081 old_logp=-15.73345 new_logp=-15.75051 adv_abs=0.75898 grpo_adv_abs=0.75898 valid=0.99700
[TRAIN] mean_reward=41.30753 mean_len=1241.93 recent_eps=100 completed_eps=309574
[UPDATE_EFFECT] action_delta=0.02335652 param_rms_delta=0.00202195
[TIME] collect=14.232s update=1.004s
[DONE] timeout=0.00000 anchor_pos=0.00000 anchor_ori=0.00000 ee_body=0.00000
[DONE_ROLLOUT] timeout=0.00000 anchor_pos=0.00037 anchor_ori=0.00000 ee_body=0.01208
[FIRST_FAILURE] chunk_mean=17.11 chunk_min=5 chunk_max=23 phase_mean=849.18 phase_min=371 phase_max=1456 anchor_pos=0.00037 anchor_ori=0.00000 ee_body=0.01208 timeout=0.00000
[TRACK_CHUNK0] anchor_pos=0.97607 anchor_ori=0.82958 body_pos=0.97698 body_ori=0.80163 body_lin=0.54047 body_ang=0.02962
[TRACK_ROLLOUT] anchor_pos=0.84334 anchor_ori=0.67806 body_pos=0.88888 body_ori=0.17834 body_lin=0.48872 body_ang=0.07512
[TRAIN_COST] action_rate=22.84175 joint_torque=4120.31445 joint_limit=0.00147 undesired_contacts=0.84045
[REWARD_WEIGHTED] pos=0.11920 penalty=-0.05336 total=0.06584 act_rate=-0.04568 torque=-0.00082 contacts=-0.00168
[ACT_SUMMARY] abs_mean=0.6941 abs_p95=1.7500 abs_p99=2.5074 abs_max=4.0676 abs_max_all=4.8277 legs=0.7324 waist=0.6602 arms=0.6686 first=0.6941 last=0.7306 latent_abs=0.7695 latent_max=10.1088
[TRAIN_BODY] torso_ori=6.09deg l_wrist_ori=12.78deg r_wrist_ori=13.37deg l_elbow_ori=11.56deg r_elbow_ori=12.04deg l_shoulder_ori=8.69deg r_shoulder_ori=9.22deg
[TRAIN_ANG] torso=2.175 l_wrist=8.434 r_wrist=9.095 l_elbow=7.632 r_elbow=7.887 l_shoulder=4.475 r_shoulder=5.404
[TRAIN_ACT] l_wrist_r=0.5352 l_wrist_p=0.5387 l_wrist_y=0.5568 r_wrist_r=0.4930 r_wrist_p=0.5149 r_wrist_y=0.5780 l_elbow=0.7198 r_elbow=0.7712
[UPDATE] 153/200 group_reward=61.42447 group_std=19.07447 group_raw=0.98341 rollout_ret=0.97892 chunk0_ret=0.06734 chunk_last_ret=0.03099
[REWARD_SCALE] live_steps=23.91 min=6 p50=24 p95=24 max=24 survive=0.98804 per_step=0.04095 per_second=2.047 episode30s_projection=61.42
[OBJECTIVE] obj_mean=0.97892 obj_std=0.30680 obj_min=-0.50054 obj_max=2.03736 raw_mean=0.98341 raw_std=0.30404 raw_min=-0.43979 raw_max=2.03736 score_mean=0.04095 rtg_mean=-3.85917 grpo_score=0.78182 early_penalty=0.19709
[PHASE] start_mean=821.06 start_min=19 start_max=1433 fail_rel_mean=15.09
[CHUNK_REWARD] obj_first=0.06734 obj_mid=0.03902 obj_last=0.03047 raw_first=0.06734 raw_mid=0.03917 raw_last=0.03099
[POLICY] loss=-0.00821 policy_loss=-0.00821 value_loss=0.00000 entropy=0.00000 kl=0.01713 step_ratio=0.9995 step_clip=0.1007 post_ratio=0.9979 post_clip=0.1289 grad=0.33217 lr=0.001000 critic_lr=0.000000 sde_steps=4 opt_steps=20
[POLICY_DETAIL] samples=195833 mb=48958 micro_mb=8192 micro_steps=120 batch_ratio=0.9995 batch_min=0.1231 batch_max=5.3294 post_ratio=0.9979 post_min=0.3648 post_max=1.9544 post_clip=0.1289 logp_delta_abs=0.13631 post_logp_delta_abs=0.15620 post_kl=0.02093 old_logp=-15.73073 new_logp=-15.74810 adv_abs=0.76021 grpo_adv_abs=0.76021 valid=0.99606
[TRAIN] mean_reward=38.47807 mean_len=1146.27 recent_eps=100 completed_eps=309673
[UPDATE_EFFECT] action_delta=0.02411980 param_rms_delta=0.00202387
[TIME] collect=14.110s update=1.004s
[DONE] timeout=0.00000 anchor_pos=0.00000 anchor_ori=0.00000 ee_body=0.00000
[DONE_ROLLOUT] timeout=0.00000 anchor_pos=0.00024 anchor_ori=0.00000 ee_body=0.01184
[FIRST_FAILURE] chunk_mean=15.09 chunk_min=5 chunk_max=23 phase_mean=832.62 phase_min=369 phase_max=1147 anchor_pos=0.00024 anchor_ori=0.00000 ee_body=0.01184 timeout=0.00000
[TRACK_CHUNK0] anchor_pos=0.97596 anchor_ori=0.83145 body_pos=0.97684 body_ori=0.80310 body_lin=0.55073 body_ang=0.03189
[TRACK_ROLLOUT] anchor_pos=0.84793 anchor_ori=0.68329 body_pos=0.88979 body_ori=0.17889 body_lin=0.49316 body_ang=0.07558
[TRAIN_COST] action_rate=22.28786 joint_torque=4078.14844 joint_limit=0.00132 undesired_contacts=0.89832
[REWARD_WEIGHTED] pos=0.11955 penalty=-0.05221 total=0.06734 act_rate=-0.04458 torque=-0.00082 contacts=-0.00180
[ACT_SUMMARY] abs_mean=0.6859 abs_p95=1.7358 abs_p99=2.4784 abs_max=4.2210 abs_max_all=4.7334 legs=0.7212 waist=0.6496 arms=0.6635 first=0.6859 last=0.7292 latent_abs=0.7666 latent_max=8.9938
[TRAIN_BODY] torso_ori=6.08deg l_wrist_ori=12.61deg r_wrist_ori=13.17deg l_elbow_ori=11.51deg r_elbow_ori=11.84deg l_shoulder_ori=8.60deg r_shoulder_ori=9.12deg
[TRAIN_ANG] torso=2.181 l_wrist=8.453 r_wrist=9.004 l_elbow=7.583 r_elbow=7.710 l_shoulder=4.416 r_shoulder=5.407
[TRAIN_ACT] l_wrist_r=0.5239 l_wrist_p=0.5422 l_wrist_y=0.5570 r_wrist_r=0.4941 r_wrist_p=0.5040 r_wrist_y=0.5817 l_elbow=0.6960 r_elbow=0.7633
[UPDATE] 154/200 group_reward=60.74455 group_std=19.46523 group_raw=0.97299 rollout_ret=0.96842 chunk0_ret=0.06670 chunk_last_ret=0.02993
[REWARD_SCALE] live_steps=23.91 min=9 p50=24 p95=24 max=24 survive=0.98767 per_step=0.04050 per_second=2.025 episode30s_projection=60.74
[OBJECTIVE] obj_mean=0.96842 obj_std=0.31303 obj_min=-0.49254 obj_max=2.19148 raw_mean=0.97299 raw_std=0.31025 raw_min=-0.49254 raw_max=2.19148 score_mean=0.04049 rtg_mean=-4.11025 grpo_score=0.78888 early_penalty=0.17955
[PHASE] start_mean=840.79 start_min=4 start_max=1433 fail_rel_mean=16.01
[CHUNK_REWARD] obj_first=0.06670 obj_mid=0.03896 obj_last=0.02939 raw_first=0.06670 raw_mid=0.03910 raw_last=0.02993
[POLICY] loss=-0.00885 policy_loss=-0.00885 value_loss=0.00000 entropy=0.00000 kl=0.01679 step_ratio=0.9990 step_clip=0.0986 post_ratio=0.9963 post_clip=0.1123 grad=0.31530 lr=0.001000 critic_lr=0.000000 sde_steps=4 opt_steps=20
[POLICY_DETAIL] samples=195902 mb=48975 micro_mb=8192 micro_steps=120 batch_ratio=0.9992 batch_min=0.1277 batch_max=4.7974 post_ratio=0.9963 post_min=0.4434 post_max=2.4117 post_clip=0.1123 logp_delta_abs=0.13510 post_logp_delta_abs=0.15264 post_kl=0.01975 old_logp=-15.72212 new_logp=-15.73950 adv_abs=0.76229 grpo_adv_abs=0.76229 valid=0.99641
[TRAIN] mean_reward=37.71624 mean_len=1105.94 recent_eps=100 completed_eps=309774
[UPDATE_EFFECT] action_delta=0.02336056 param_rms_delta=0.00204625
[TIME] collect=14.273s update=1.024s
[DONE] timeout=0.00000 anchor_pos=0.00000 anchor_ori=0.00000 ee_body=0.00000
[DONE_ROLLOUT] timeout=0.00000 anchor_pos=0.00000 anchor_ori=0.00000 ee_body=0.01233
[FIRST_FAILURE] chunk_mean=16.01 chunk_min=8 chunk_max=23 phase_mean=839.58 phase_min=277 phase_max=1183 anchor_pos=0.00000 anchor_ori=0.00000 ee_body=0.01233 timeout=0.00000
[TRACK_CHUNK0] anchor_pos=0.97620 anchor_ori=0.82869 body_pos=0.97672 body_ori=0.80178 body_lin=0.54947 body_ang=0.03152
[TRACK_ROLLOUT] anchor_pos=0.84472 anchor_ori=0.68158 body_pos=0.88865 body_ori=0.17691 body_lin=0.48496 body_ang=0.07384
[TRAIN_COST] action_rate=22.35248 joint_torque=3979.61450 joint_limit=0.00135 undesired_contacts=0.94080
[REWARD_WEIGHTED] pos=0.11939 penalty=-0.05269 total=0.06670 act_rate=-0.04470 torque=-0.00080 contacts=-0.00188
[ACT_SUMMARY] abs_mean=0.6854 abs_p95=1.7405 abs_p99=2.4824 abs_max=4.0989 abs_max_all=4.7771 legs=0.7195 waist=0.6407 arms=0.6658 first=0.6854 last=0.7335 latent_abs=0.7715 latent_max=9.4522
[TRAIN_BODY] torso_ori=6.12deg l_wrist_ori=12.80deg r_wrist_ori=13.29deg l_elbow_ori=11.65deg r_elbow_ori=12.06deg l_shoulder_ori=8.71deg r_shoulder_ori=9.35deg
[TRAIN_ANG] torso=2.207 l_wrist=8.499 r_wrist=8.799 l_elbow=7.703 r_elbow=7.657 l_shoulder=4.526 r_shoulder=5.302
[TRAIN_ACT] l_wrist_r=0.5333 l_wrist_p=0.5350 l_wrist_y=0.5426 r_wrist_r=0.4879 r_wrist_p=0.5120 r_wrist_y=0.5812 l_elbow=0.7018 r_elbow=0.7561
[UPDATE] 155/200 group_reward=61.95237 group_std=19.71459 group_raw=0.99201 rollout_ret=0.98834 chunk0_ret=0.06768 chunk_last_ret=0.03088
[REWARD_SCALE] live_steps=23.93 min=9 p50=24 p95=24 max=24 survive=0.98889 per_step=0.04130 per_second=2.065 episode30s_projection=61.95
[OBJECTIVE] obj_mean=0.98834 obj_std=0.31662 obj_min=-0.42753 obj_max=2.16003 raw_mean=0.99201 raw_std=0.31461 raw_min=-0.42753 raw_max=2.16003 score_mean=0.04129 rtg_mean=-4.00226 grpo_score=0.84211 early_penalty=0.14623
[PHASE] start_mean=824.35 start_min=24 start_max=1433 fail_rel_mean=16.68
[CHUNK_REWARD] obj_first=0.06768 obj_mid=0.03977 obj_last=0.03042 raw_first=0.06768 raw_mid=0.03990 raw_last=0.03088
[POLICY] loss=-0.00878 policy_loss=-0.00878 value_loss=0.00000 entropy=0.00000 kl=0.01688 step_ratio=0.9994 step_clip=0.1000 post_ratio=0.9808 post_clip=0.1396 grad=0.32575 lr=0.001000 critic_lr=0.000000 sde_steps=4 opt_steps=20
[POLICY_DETAIL] samples=196033 mb=49008 micro_mb=8192 micro_steps=120 batch_ratio=0.9995 batch_min=0.1732 batch_max=4.9242 post_ratio=0.9808 post_min=0.3644 post_max=1.9095 post_clip=0.1396 logp_delta_abs=0.13594 post_logp_delta_abs=0.16758 post_kl=0.02363 old_logp=-15.72599 new_logp=-15.74312 adv_abs=0.76134 grpo_adv_abs=0.76134 valid=0.99708
[TRAIN] mean_reward=38.11087 mean_len=1126.27 recent_eps=100 completed_eps=309867
[UPDATE_EFFECT] action_delta=0.02614054 param_rms_delta=0.00203259
[TIME] collect=14.329s update=1.012s
[DONE] timeout=0.00000 anchor_pos=0.00000 anchor_ori=0.00000 ee_body=0.00000
[DONE_ROLLOUT] timeout=0.00000 anchor_pos=0.00024 anchor_ori=0.00000 ee_body=0.01099
[FIRST_FAILURE] chunk_mean=16.68 chunk_min=8 chunk_max=23 phase_mean=849.30 phase_min=330 phase_max=1161 anchor_pos=0.00024 anchor_ori=0.00000 ee_body=0.01099 timeout=0.00000
[TRACK_CHUNK0] anchor_pos=0.97691 anchor_ori=0.82853 body_pos=0.97738 body_ori=0.80701 body_lin=0.54921 body_ang=0.03251
[TRACK_ROLLOUT] anchor_pos=0.84471 anchor_ori=0.68698 body_pos=0.89043 body_ori=0.18018 body_lin=0.49162 body_ang=0.07639
[TRAIN_COST] action_rate=22.17797 joint_torque=3991.54126 joint_limit=0.00141 undesired_contacts=0.87585
[REWARD_WEIGHTED] pos=0.11954 penalty=-0.05186 total=0.06768 act_rate=-0.04436 torque=-0.00080 contacts=-0.00175
[ACT_SUMMARY] abs_mean=0.6826 abs_p95=1.7256 abs_p99=2.5031 abs_max=4.0201 abs_max_all=4.6777 legs=0.7216 waist=0.6338 arms=0.6597 first=0.6826 last=0.7316 latent_abs=0.7687 latent_max=8.5056
[TRAIN_BODY] torso_ori=6.17deg l_wrist_ori=12.47deg r_wrist_ori=12.98deg l_elbow_ori=11.39deg r_elbow_ori=11.78deg l_shoulder_ori=8.65deg r_shoulder_ori=9.15deg
[TRAIN_ANG] torso=2.164 l_wrist=8.462 r_wrist=8.967 l_elbow=7.647 r_elbow=7.751 l_shoulder=4.485 r_shoulder=5.241
[TRAIN_ACT] l_wrist_r=0.5314 l_wrist_p=0.5403 l_wrist_y=0.5492 r_wrist_r=0.4832 r_wrist_p=0.5069 r_wrist_y=0.5816 l_elbow=0.6942 r_elbow=0.7472
[UPDATE] 156/200 group_reward=62.14215 group_std=19.71357 group_raw=0.99501 rollout_ret=0.99078 chunk0_ret=0.06707 chunk_last_ret=0.03039
[REWARD_SCALE] live_steps=23.92 min=9 p50=24 p95=24 max=24 survive=0.98669 per_step=0.04143 per_second=2.071 episode30s_projection=62.14
[OBJECTIVE] obj_mean=0.99078 obj_std=0.31711 obj_min=-0.45807 obj_max=2.15144 raw_mean=0.99501 raw_std=0.31367 raw_min=-0.45807 raw_max=2.15144 score_mean=0.04140 rtg_mean=-3.89108 grpo_score=0.81505 early_penalty=0.17573
[PHASE] start_mean=820.59 start_min=3 start_max=1433 fail_rel_mean=16.66
[CHUNK_REWARD] obj_first=0.06707 obj_mid=0.03993 obj_last=0.02982 raw_first=0.06707 raw_mid=0.04008 raw_last=0.03039
[POLICY] loss=-0.00846 policy_loss=-0.00846 value_loss=0.00000 entropy=0.00000 kl=0.01707 step_ratio=0.9995 step_clip=0.1001 post_ratio=0.9986 post_clip=0.1289 grad=0.32809 lr=0.001000 critic_lr=0.000000 sde_steps=4 opt_steps=20
[POLICY_DETAIL] samples=195917 mb=48979 micro_mb=8192 micro_steps=120 batch_ratio=0.9996 batch_min=0.1589 batch_max=4.7526 post_ratio=0.9986 post_min=0.4009 post_max=2.1360 post_clip=0.1289 logp_delta_abs=0.13625 post_logp_delta_abs=0.15566 post_kl=0.02126 old_logp=-15.72880 new_logp=-15.74599 adv_abs=0.76132 grpo_adv_abs=0.76132 valid=0.99649
[TRAIN] mean_reward=38.02265 mean_len=1109.10 recent_eps=100 completed_eps=309976
[UPDATE_EFFECT] action_delta=0.02398162 param_rms_delta=0.00201921
[TIME] collect=14.351s update=1.016s
[DONE] timeout=0.00000 anchor_pos=0.00000 anchor_ori=0.00000 ee_body=0.00000
[DONE_ROLLOUT] timeout=0.00000 anchor_pos=0.00000 anchor_ori=0.00000 ee_body=0.01331
[FIRST_FAILURE] chunk_mean=16.66 chunk_min=8 chunk_max=23 phase_mean=897.06 phase_min=392 phase_max=1162 anchor_pos=0.00000 anchor_ori=0.00000 ee_body=0.01331 timeout=0.00000
[TRACK_CHUNK0] anchor_pos=0.97584 anchor_ori=0.83076 body_pos=0.97671 body_ori=0.80283 body_lin=0.54477 body_ang=0.03256
[TRACK_ROLLOUT] anchor_pos=0.84197 anchor_ori=0.69034 body_pos=0.89005 body_ori=0.18051 body_lin=0.48843 body_ang=0.07626
[TRAIN_COST] action_rate=22.19342 joint_torque=3969.55615 joint_limit=0.00133 undesired_contacts=0.88965
[REWARD_WEIGHTED] pos=0.11940 penalty=-0.05233 total=0.06707 act_rate=-0.04439 torque=-0.00079 contacts=-0.00178
[ACT_SUMMARY] abs_mean=0.6823 abs_p95=1.7326 abs_p99=2.5043 abs_max=4.2924 abs_max_all=4.7325 legs=0.7194 waist=0.6342 arms=0.6607 first=0.6823 last=0.7342 latent_abs=0.7701 latent_max=8.9850
[TRAIN_BODY] torso_ori=6.12deg l_wrist_ori=12.70deg r_wrist_ori=13.23deg l_elbow_ori=11.59deg r_elbow_ori=11.83deg l_shoulder_ori=8.64deg r_shoulder_ori=9.13deg
[TRAIN_ANG] torso=2.138 l_wrist=8.379 r_wrist=8.796 l_elbow=7.556 r_elbow=7.618 l_shoulder=4.483 r_shoulder=5.195
[TRAIN_ACT] l_wrist_r=0.5439 l_wrist_p=0.5401 l_wrist_y=0.5406 r_wrist_r=0.4860 r_wrist_p=0.5020 r_wrist_y=0.5705 l_elbow=0.6968 r_elbow=0.7444
[UPDATE] 157/200 group_reward=62.57875 group_std=19.75564 group_raw=1.00211 rollout_ret=0.99647 chunk0_ret=0.06793 chunk_last_ret=0.03175
[REWARD_SCALE] live_steps=23.89 min=7 p50=24 p95=24 max=24 survive=0.98547 per_step=0.04172 per_second=2.086 episode30s_projection=62.58
[OBJECTIVE] obj_mean=0.99647 obj_std=0.31799 obj_min=-0.60164 obj_max=2.23484 raw_mean=1.00211 raw_std=0.31465 raw_min=-0.60164 raw_max=2.23484 score_mean=0.04172 rtg_mean=-3.65594 grpo_score=0.75716 early_penalty=0.23931
[PHASE] start_mean=834.13 start_min=4 start_max=1433 fail_rel_mean=15.09
[CHUNK_REWARD] obj_first=0.06793 obj_mid=0.03973 obj_last=0.03108 raw_first=0.06793 raw_mid=0.03996 raw_last=0.03175
[POLICY] loss=-0.00851 policy_loss=-0.00851 value_loss=0.00000 entropy=0.00000 kl=0.01735 step_ratio=0.9991 step_clip=0.1022 post_ratio=1.0083 post_clip=0.1250 grad=0.33639 lr=0.001000 critic_lr=0.000000 sde_steps=4 opt_steps=20
[POLICY_DETAIL] samples=195667 mb=48916 micro_mb=8192 micro_steps=120 batch_ratio=0.9992 batch_min=0.1089 batch_max=4.9677 post_ratio=1.0083 post_min=0.4055 post_max=2.1961 post_clip=0.1250 logp_delta_abs=0.13724 post_logp_delta_abs=0.15161 post_kl=0.01939 old_logp=-15.72885 new_logp=-15.74668 adv_abs=0.76132 grpo_adv_abs=0.76132 valid=0.99521
[TRAIN] mean_reward=44.09130 mean_len=1300.97 recent_eps=100 completed_eps=310095
[UPDATE_EFFECT] action_delta=0.02248326 param_rms_delta=0.00201079
[TIME] collect=14.280s update=0.996s
[DONE] timeout=0.00000 anchor_pos=0.00000 anchor_ori=0.00000 ee_body=0.00000
[DONE_ROLLOUT] timeout=0.00000 anchor_pos=0.00024 anchor_ori=0.00000 ee_body=0.01428
[FIRST_FAILURE] chunk_mean=15.09 chunk_min=6 chunk_max=23 phase_mean=875.97 phase_min=395 phase_max=1160 anchor_pos=0.00024 anchor_ori=0.00000 ee_body=0.01428 timeout=0.00000
[TRACK_CHUNK0] anchor_pos=0.97599 anchor_ori=0.83315 body_pos=0.97636 body_ori=0.80089 body_lin=0.55134 body_ang=0.03298
[TRACK_ROLLOUT] anchor_pos=0.84650 anchor_ori=0.69055 body_pos=0.89005 body_ori=0.17937 body_lin=0.49187 body_ang=0.07673
[TRAIN_COST] action_rate=22.12398 joint_torque=3917.90967 joint_limit=0.00131 undesired_contacts=0.90674
[REWARD_WEIGHTED] pos=0.11960 penalty=-0.05166 total=0.06793 act_rate=-0.04425 torque=-0.00078 contacts=-0.00181
[ACT_SUMMARY] abs_mean=0.6808 abs_p95=1.7296 abs_p99=2.5050 abs_max=4.1475 abs_max_all=4.7603 legs=0.7149 waist=0.6234 arms=0.6640 first=0.6808 last=0.7309 latent_abs=0.7709 latent_max=9.2671
[TRAIN_BODY] torso_ori=6.08deg l_wrist_ori=12.70deg r_wrist_ori=13.28deg l_elbow_ori=11.54deg r_elbow_ori=12.01deg l_shoulder_ori=8.75deg r_shoulder_ori=9.32deg
[TRAIN_ANG] torso=2.126 l_wrist=8.513 r_wrist=8.845 l_elbow=7.641 r_elbow=7.609 l_shoulder=4.509 r_shoulder=5.264
[TRAIN_ACT] l_wrist_r=0.5266 l_wrist_p=0.5448 l_wrist_y=0.5351 r_wrist_r=0.4857 r_wrist_p=0.5048 r_wrist_y=0.5885 l_elbow=0.6962 r_elbow=0.7649
[UPDATE] 158/200 group_reward=61.91813 group_std=19.52201 group_raw=0.99165 rollout_ret=0.98722 chunk0_ret=0.06729 chunk_last_ret=0.03039
[REWARD_SCALE] live_steps=23.92 min=9 p50=24 p95=24 max=24 survive=0.98682 per_step=0.04128 per_second=2.064 episode30s_projection=61.92
[OBJECTIVE] obj_mean=0.98722 obj_std=0.31407 obj_min=-0.66851 obj_max=2.08038 raw_mean=0.99165 raw_std=0.31148 raw_min=-0.66851 raw_max=2.08038 score_mean=0.04127 rtg_mean=-4.20703 grpo_score=0.81200 early_penalty=0.17522
[PHASE] start_mean=833.92 start_min=2 start_max=1433 fail_rel_mean=16.62
[CHUNK_REWARD] obj_first=0.06729 obj_mid=0.03959 obj_last=0.02977 raw_first=0.06729 raw_mid=0.03974 raw_last=0.03039
[POLICY] loss=-0.00911 policy_loss=-0.00911 value_loss=0.00000 entropy=0.00000 kl=0.01711 step_ratio=0.9995 step_clip=0.1006 post_ratio=1.0030 post_clip=0.1123 grad=0.31960 lr=0.001000 critic_lr=0.000000 sde_steps=4 opt_steps=20
[POLICY_DETAIL] samples=195919 mb=48979 micro_mb=8192 micro_steps=120 batch_ratio=0.9995 batch_min=0.1402 batch_max=7.2057 post_ratio=1.0030 post_min=0.3276 post_max=2.0272 post_clip=0.1123 logp_delta_abs=0.13675 post_logp_delta_abs=0.15054 post_kl=0.01982 old_logp=-15.73152 new_logp=-15.74885 adv_abs=0.75759 grpo_adv_abs=0.75759 valid=0.99650
[TRAIN] mean_reward=40.93734 mean_len=1193.29 recent_eps=100 completed_eps=310203
[UPDATE_EFFECT] action_delta=0.02327373 param_rms_delta=0.00203016
[TIME] collect=14.274s update=1.020s
[DONE] timeout=0.00000 anchor_pos=0.00000 anchor_ori=0.00000 ee_body=0.00000
[DONE_ROLLOUT] timeout=0.00000 anchor_pos=0.00000 anchor_ori=0.00000 ee_body=0.01318
[FIRST_FAILURE] chunk_mean=16.62 chunk_min=8 chunk_max=23 phase_mean=887.25 phase_min=371 phase_max=1157 anchor_pos=0.00000 anchor_ori=0.00000 ee_body=0.01318 timeout=0.00000
[TRACK_CHUNK0] anchor_pos=0.97610 anchor_ori=0.82984 body_pos=0.97654 body_ori=0.80189 body_lin=0.54791 body_ang=0.03111
[TRACK_ROLLOUT] anchor_pos=0.84185 anchor_ori=0.68863 body_pos=0.89024 body_ori=0.17796 body_lin=0.49024 body_ang=0.07554
[TRAIN_COST] action_rate=22.15470 joint_torque=4067.03760 joint_limit=0.00132 undesired_contacts=0.92407
[REWARD_WEIGHTED] pos=0.11939 penalty=-0.05210 total=0.06729 act_rate=-0.04431 torque=-0.00081 contacts=-0.00185
[ACT_SUMMARY] abs_mean=0.6827 abs_p95=1.7245 abs_p99=2.4801 abs_max=4.1809 abs_max_all=4.7981 legs=0.7199 waist=0.6335 arms=0.6612 first=0.6827 last=0.7329 latent_abs=0.7723 latent_max=9.7054
[TRAIN_BODY] torso_ori=6.19deg l_wrist_ori=12.62deg r_wrist_ori=13.51deg l_elbow_ori=11.54deg r_elbow_ori=12.03deg l_shoulder_ori=8.63deg r_shoulder_ori=9.24deg
[TRAIN_ANG] torso=2.145 l_wrist=8.661 r_wrist=8.716 l_elbow=7.862 r_elbow=7.418 l_shoulder=4.626 r_shoulder=5.119
[TRAIN_ACT] l_wrist_r=0.5375 l_wrist_p=0.5427 l_wrist_y=0.5431 r_wrist_r=0.4883 r_wrist_p=0.5080 r_wrist_y=0.5841 l_elbow=0.6904 r_elbow=0.7486
[UPDATE] 159/200 group_reward=63.02927 group_std=19.91117 group_raw=1.00907 rollout_ret=1.00471 chunk0_ret=0.06799 chunk_last_ret=0.03194
[REWARD_SCALE] live_steps=23.91 min=9 p50=24 p95=24 max=24 survive=0.98730 per_step=0.04202 per_second=2.101 episode30s_projection=63.03
[OBJECTIVE] obj_mean=1.00471 obj_std=0.32019 obj_min=-1.01224 obj_max=2.19003 raw_mean=1.00907 raw_std=0.31701 raw_min=-1.01224 raw_max=2.19003 score_mean=0.04201 rtg_mean=-3.80732 grpo_score=0.81830 early_penalty=0.18641
[PHASE] start_mean=830.84 start_min=0 start_max=1433 fail_rel_mean=15.95
[CHUNK_REWARD] obj_first=0.06799 obj_mid=0.04016 obj_last=0.03140 raw_first=0.06799 raw_mid=0.04034 raw_last=0.03194
[POLICY] loss=-0.00795 policy_loss=-0.00795 value_loss=0.00000 entropy=0.00000 kl=0.01815 step_ratio=0.9992 step_clip=0.1083 post_ratio=0.9988 post_clip=0.1328 grad=0.36364 lr=0.001000 critic_lr=0.000000 sde_steps=4 opt_steps=20
[POLICY_DETAIL] samples=195875 mb=48968 micro_mb=8192 micro_steps=120 batch_ratio=0.9997 batch_min=0.1675 batch_max=4.7213 post_ratio=0.9988 post_min=0.4176 post_max=2.3985 post_clip=0.1328 logp_delta_abs=0.14060 post_logp_delta_abs=0.15800 post_kl=0.02190 old_logp=-15.72707 new_logp=-15.74529 adv_abs=0.75924 grpo_adv_abs=0.75924 valid=0.99627
[TRAIN] mean_reward=42.70074 mean_len=1233.48 recent_eps=100 completed_eps=310308
[UPDATE_EFFECT] action_delta=0.02558311 param_rms_delta=0.00200353
[TIME] collect=14.264s update=0.998s
[DONE] timeout=0.00000 anchor_pos=0.00000 anchor_ori=0.00000 ee_body=0.00000
[DONE_ROLLOUT] timeout=0.00000 anchor_pos=0.00000 anchor_ori=0.00000 ee_body=0.01270
[FIRST_FAILURE] chunk_mean=15.95 chunk_min=8 chunk_max=23 phase_mean=887.36 phase_min=438 phase_max=1146 anchor_pos=0.00000 anchor_ori=0.00000 ee_body=0.01270 timeout=0.00000
[TRACK_CHUNK0] anchor_pos=0.97619 anchor_ori=0.82914 body_pos=0.97735 body_ori=0.80264 body_lin=0.55223 body_ang=0.03312
[TRACK_ROLLOUT] anchor_pos=0.84378 anchor_ori=0.69620 body_pos=0.89019 body_ori=0.17774 body_lin=0.49291 body_ang=0.07731
[TRAIN_COST] action_rate=21.92944 joint_torque=3959.74463 joint_limit=0.00130 undesired_contacts=0.92163
[REWARD_WEIGHTED] pos=0.11952 penalty=-0.05154 total=0.06799 act_rate=-0.04386 torque=-0.00079 contacts=-0.00184
[ACT_SUMMARY] abs_mean=0.6796 abs_p95=1.7203 abs_p99=2.4627 abs_max=4.1987 abs_max_all=4.6317 legs=0.7150 waist=0.6234 arms=0.6613 first=0.6796 last=0.7297 latent_abs=0.7687 latent_max=8.1597
[TRAIN_BODY] torso_ori=6.08deg l_wrist_ori=12.83deg r_wrist_ori=13.28deg l_elbow_ori=11.67deg r_elbow_ori=11.90deg l_shoulder_ori=8.84deg r_shoulder_ori=9.08deg
[TRAIN_ANG] torso=2.126 l_wrist=8.685 r_wrist=8.764 l_elbow=7.787 r_elbow=7.460 l_shoulder=4.631 r_shoulder=5.040
[TRAIN_ACT] l_wrist_r=0.5261 l_wrist_p=0.5484 l_wrist_y=0.5289 r_wrist_r=0.4891 r_wrist_p=0.5021 r_wrist_y=0.5752 l_elbow=0.6910 r_elbow=0.7455
[UPDATE] 160/200 group_reward=63.20537 group_std=19.56111 group_raw=1.01208 rollout_ret=1.00852 chunk0_ret=0.06775 chunk_last_ret=0.03221
[REWARD_SCALE] live_steps=23.93 min=9 p50=24 p95=24 max=24 survive=0.98938 per_step=0.04214 per_second=2.107 episode30s_projection=63.21
[OBJECTIVE] obj_mean=1.00852 obj_std=0.31413 obj_min=-0.76987 obj_max=2.24819 raw_mean=1.01208 raw_std=0.31168 raw_min=-0.76987 raw_max=2.24819 score_mean=0.04213 rtg_mean=-3.54152 grpo_score=0.87196 early_penalty=0.13657
[PHASE] start_mean=845.36 start_min=1 start_max=1433 fail_rel_mean=16.83
[CHUNK_REWARD] obj_first=0.06775 obj_mid=0.04015 obj_last=0.03166 raw_first=0.06775 raw_mid=0.04029 raw_last=0.03221
[POLICY] loss=-0.00802 policy_loss=-0.00802 value_loss=0.00000 entropy=0.00000 kl=0.01825 step_ratio=0.9990 step_clip=0.1091 post_ratio=0.9953 post_clip=0.1133 grad=0.37164 lr=0.001000 critic_lr=0.000000 sde_steps=4 opt_steps=20
[POLICY_DETAIL] samples=196071 mb=49017 micro_mb=8192 micro_steps=120 batch_ratio=0.9992 batch_min=0.1079 batch_max=5.4342 post_ratio=0.9953 post_min=0.3954 post_max=1.9536 post_clip=0.1133 logp_delta_abs=0.14051 post_logp_delta_abs=0.15990 post_kl=0.02090 old_logp=-15.72518 new_logp=-15.74396 adv_abs=0.75809 grpo_adv_abs=0.75809 valid=0.99727
[TRAIN] mean_reward=42.55344 mean_len=1224.14 recent_eps=100 completed_eps=310396
[UPDATE_EFFECT] action_delta=0.02403696 param_rms_delta=0.00201206
[TIME] collect=14.237s update=0.991s
[DONE] timeout=0.00000 anchor_pos=0.00000 anchor_ori=0.00000 ee_body=0.00000
[DONE_ROLLOUT] timeout=0.00000 anchor_pos=0.00012 anchor_ori=0.00000 ee_body=0.01050
[FIRST_FAILURE] chunk_mean=16.83 chunk_min=8 chunk_max=23 phase_mean=876.26 phase_min=288 phase_max=1148 anchor_pos=0.00012 anchor_ori=0.00000 ee_body=0.01050 timeout=0.00000
[TRACK_CHUNK0] anchor_pos=0.97659 anchor_ori=0.82481 body_pos=0.97656 body_ori=0.79887 body_lin=0.55180 body_ang=0.03124
[TRACK_ROLLOUT] anchor_pos=0.84803 anchor_ori=0.69332 body_pos=0.89000 body_ori=0.17875 body_lin=0.49359 body_ang=0.07556
[TRAIN_COST] action_rate=21.65153 joint_torque=3910.26562 joint_limit=0.00134 undesired_contacts=1.00964
[REWARD_WEIGHTED] pos=0.11923 penalty=-0.05148 total=0.06775 act_rate=-0.04330 torque=-0.00078 contacts=-0.00202
[ACT_SUMMARY] abs_mean=0.6747 abs_p95=1.7115 abs_p99=2.4377 abs_max=4.2966 abs_max_all=4.8360 legs=0.7113 waist=0.6142 arms=0.6564 first=0.6747 last=0.7299 latent_abs=0.7701 latent_max=10.2347
[TRAIN_BODY] torso_ori=6.21deg l_wrist_ori=13.13deg r_wrist_ori=13.42deg l_elbow_ori=11.97deg r_elbow_ori=12.15deg l_shoulder_ori=8.92deg r_shoulder_ori=9.16deg
[TRAIN_ANG] torso=2.122 l_wrist=8.754 r_wrist=8.616 l_elbow=7.898 r_elbow=7.417 l_shoulder=4.653 r_shoulder=4.963
[TRAIN_ACT] l_wrist_r=0.5317 l_wrist_p=0.5409 l_wrist_y=0.5343 r_wrist_r=0.4841 r_wrist_p=0.5043 r_wrist_y=0.5854 l_elbow=0.6721 r_elbow=0.7392
[UPDATE] 161/200 group_reward=63.51282 group_std=19.84491 group_raw=1.01691 rollout_ret=1.01122 chunk0_ret=0.06851 chunk_last_ret=0.03201
[REWARD_SCALE] live_steps=23.88 min=5 p50=24 p95=24 max=24 survive=0.98401 per_step=0.04234 per_second=2.117 episode30s_projection=63.51
[OBJECTIVE] obj_mean=1.01122 obj_std=0.32071 obj_min=-0.37577 obj_max=2.15587 raw_mean=1.01691 raw_std=0.31652 raw_min=-0.37577 raw_max=2.15587 score_mean=0.04232 rtg_mean=-3.86580 grpo_score=0.76581 early_penalty=0.24541
[PHASE] start_mean=837.57 start_min=7 start_max=1433 fail_rel_mean=15.63
[CHUNK_REWARD] obj_first=0.06851 obj_mid=0.04007 obj_last=0.03134 raw_first=0.06851 raw_mid=0.04027 raw_last=0.03201
[POLICY] loss=-0.00843 policy_loss=-0.00843 value_loss=0.00000 entropy=0.00000 kl=0.01765 step_ratio=0.9993 step_clip=0.1052 post_ratio=0.9989 post_clip=0.1367 grad=0.34600 lr=0.001000 critic_lr=0.000000 sde_steps=4 opt_steps=20
[POLICY_DETAIL] samples=195643 mb=48910 micro_mb=8192 micro_steps=120 batch_ratio=0.9995 batch_min=0.1159 batch_max=4.8258 post_ratio=0.9989 post_min=0.3529 post_max=2.2597 post_clip=0.1367 logp_delta_abs=0.13845 post_logp_delta_abs=0.16787 post_kl=0.02420 old_logp=-15.73300 new_logp=-15.75089 adv_abs=0.75993 grpo_adv_abs=0.75993 valid=0.99509
[TRAIN] mean_reward=44.93549 mean_len=1297.84 recent_eps=100 completed_eps=310527
[UPDATE_EFFECT] action_delta=0.02946652 param_rms_delta=0.00201642
[TIME] collect=14.198s update=1.005s
[DONE] timeout=0.00000 anchor_pos=0.00000 anchor_ori=0.00000 ee_body=0.00000
[DONE_ROLLOUT] timeout=0.00000 anchor_pos=0.00012 anchor_ori=0.00000 ee_body=0.01587
[FIRST_FAILURE] chunk_mean=15.63 chunk_min=4 chunk_max=23 phase_mean=889.99 phase_min=391 phase_max=1185 anchor_pos=0.00012 anchor_ori=0.00000 ee_body=0.01587 timeout=0.00000
[TRACK_CHUNK0] anchor_pos=0.97623 anchor_ori=0.83104 body_pos=0.97632 body_ori=0.80032 body_lin=0.54978 body_ang=0.03214
[TRACK_ROLLOUT] anchor_pos=0.84355 anchor_ori=0.70031 body_pos=0.89032 body_ori=0.18364 body_lin=0.49070 body_ang=0.07714
[TRAIN_COST] action_rate=21.56149 joint_torque=3994.29272 joint_limit=0.00131 undesired_contacts=0.98523
[REWARD_WEIGHTED] pos=0.11946 penalty=-0.05095 total=0.06851 act_rate=-0.04312 torque=-0.00080 contacts=-0.00197
[ACT_SUMMARY] abs_mean=0.6743 abs_p95=1.7066 abs_p99=2.4346 abs_max=4.3591 abs_max_all=4.7948 legs=0.7123 waist=0.6214 arms=0.6531 first=0.6743 last=0.7286 latent_abs=0.7682 latent_max=9.6643
[TRAIN_BODY] torso_ori=6.06deg l_wrist_ori=12.76deg r_wrist_ori=13.37deg l_elbow_ori=11.68deg r_elbow_ori=11.93deg l_shoulder_ori=8.74deg r_shoulder_ori=9.07deg
[TRAIN_ANG] torso=2.105 l_wrist=8.734 r_wrist=8.523 l_elbow=7.829 r_elbow=7.304 l_shoulder=4.684 r_shoulder=4.865
[TRAIN_ACT] l_wrist_r=0.5221 l_wrist_p=0.5368 l_wrist_y=0.5342 r_wrist_r=0.4842 r_wrist_p=0.5026 r_wrist_y=0.5719 l_elbow=0.7060 r_elbow=0.7165
[UPDATE] 162/200 group_reward=63.85741 group_std=19.84911 group_raw=1.02235 rollout_ret=1.01825 chunk0_ret=0.06791 chunk_last_ret=0.03232
[REWARD_SCALE] live_steps=23.92 min=7 p50=24 p95=24 max=24 survive=0.98877 per_step=0.04257 per_second=2.129 episode30s_projection=63.86
[OBJECTIVE] obj_mean=1.01825 obj_std=0.31954 obj_min=-0.41151 obj_max=2.16902 raw_mean=1.02235 raw_std=0.31686 raw_min=-0.41151 raw_max=2.16902 score_mean=0.04257 rtg_mean=-4.13003 grpo_score=0.84837 early_penalty=0.16988
[PHASE] start_mean=835.79 start_min=2 start_max=1433 fail_rel_mean=15.74
[CHUNK_REWARD] obj_first=0.06791 obj_mid=0.04106 obj_last=0.03184 raw_first=0.06791 raw_mid=0.04123 raw_last=0.03232
[POLICY] loss=-0.00833 policy_loss=-0.00833 value_loss=0.00000 entropy=0.00000 kl=0.01814 step_ratio=0.9992 step_clip=0.1082 post_ratio=1.0000 post_clip=0.1367 grad=0.36238 lr=0.001000 critic_lr=0.000000 sde_steps=4 opt_steps=20
[POLICY_DETAIL] samples=195940 mb=48985 micro_mb=8192 micro_steps=120 batch_ratio=0.9996 batch_min=0.0549 batch_max=5.8099 post_ratio=1.0000 post_min=0.4277 post_max=1.8237 post_clip=0.1367 logp_delta_abs=0.13990 post_logp_delta_abs=0.16221 post_kl=0.02195 old_logp=-15.73204 new_logp=-15.75032 adv_abs=0.76054 grpo_adv_abs=0.76054 valid=0.99660
[TRAIN] mean_reward=42.33012 mean_len=1209.23 recent_eps=100 completed_eps=310619
[UPDATE_EFFECT] action_delta=0.02708869 param_rms_delta=0.00201202
[TIME] collect=14.285s update=1.008s
[DONE] timeout=0.00000 anchor_pos=0.00000 anchor_ori=0.00000 ee_body=0.00000
[DONE_ROLLOUT] timeout=0.00000 anchor_pos=0.00000 anchor_ori=0.00000 ee_body=0.01123
[FIRST_FAILURE] chunk_mean=15.74 chunk_min=6 chunk_max=23 phase_mean=908.34 phase_min=369 phase_max=1160 anchor_pos=0.00000 anchor_ori=0.00000 ee_body=0.01123 timeout=0.00000
[TRACK_CHUNK0] anchor_pos=0.97655 anchor_ori=0.82990 body_pos=0.97642 body_ori=0.80063 body_lin=0.54725 body_ang=0.03265
[TRACK_ROLLOUT] anchor_pos=0.84222 anchor_ori=0.70021 body_pos=0.89104 body_ori=0.18237 body_lin=0.49345 body_ang=0.07739
[TRAIN_COST] action_rate=21.73944 joint_torque=4050.55298 joint_limit=0.00130 undesired_contacts=0.99207
[REWARD_WEIGHTED] pos=0.11940 penalty=-0.05148 total=0.06791 act_rate=-0.04348 torque=-0.00081 contacts=-0.00198
[ACT_SUMMARY] abs_mean=0.6770 abs_p95=1.7137 abs_p99=2.4464 abs_max=3.9755 abs_max_all=4.6856 legs=0.7128 waist=0.6227 arms=0.6580 first=0.6770 last=0.7295 latent_abs=0.7685 latent_max=8.5697
[TRAIN_BODY] torso_ori=6.21deg l_wrist_ori=12.85deg r_wrist_ori=13.18deg l_elbow_ori=11.75deg r_elbow_ori=11.82deg l_shoulder_ori=8.88deg r_shoulder_ori=9.06deg
[TRAIN_ANG] torso=2.123 l_wrist=8.837 r_wrist=8.312 l_elbow=7.967 r_elbow=7.130 l_shoulder=4.803 r_shoulder=4.702
[TRAIN_ACT] l_wrist_r=0.5264 l_wrist_p=0.5473 l_wrist_y=0.5407 r_wrist_r=0.4811 r_wrist_p=0.5092 r_wrist_y=0.5792 l_elbow=0.7046 r_elbow=0.7511
[UPDATE] 163/200 group_reward=64.25555 group_std=19.55087 group_raw=1.02865 rollout_ret=1.02429 chunk0_ret=0.06787 chunk_last_ret=0.03261
[REWARD_SCALE] live_steps=23.91 min=7 p50=24 p95=24 max=24 survive=0.98730 per_step=0.04284 per_second=2.142 episode30s_projection=64.26
[OBJECTIVE] obj_mean=1.02429 obj_std=0.31483 obj_min=-0.30847 obj_max=2.02722 raw_mean=1.02865 raw_std=0.31181 raw_min=-0.30847 raw_max=2.02722 score_mean=0.04283 rtg_mean=-4.45334 grpo_score=0.83940 early_penalty=0.18489
[PHASE] start_mean=843.19 start_min=16 start_max=1433 fail_rel_mean=16.01
[CHUNK_REWARD] obj_first=0.06787 obj_mid=0.04122 obj_last=0.03211 raw_first=0.06787 raw_mid=0.04141 raw_last=0.03261
[POLICY] loss=-0.00704 policy_loss=-0.00704 value_loss=0.00000 entropy=0.00000 kl=0.01920 step_ratio=0.9993 step_clip=0.1158 post_ratio=0.9904 post_clip=0.1562 grad=0.40671 lr=0.001000 critic_lr=0.000000 sde_steps=4 opt_steps=20
[POLICY_DETAIL] samples=195881 mb=48970 micro_mb=8192 micro_steps=120 batch_ratio=0.9993 batch_min=0.0898 batch_max=8.0466 post_ratio=0.9904 post_min=0.4077 post_max=2.0785 post_clip=0.1562 logp_delta_abs=0.14361 post_logp_delta_abs=0.17107 post_kl=0.02482 old_logp=-15.72896 new_logp=-15.74852 adv_abs=0.76043 grpo_adv_abs=0.76043 valid=0.99630
[TRAIN] mean_reward=42.24260 mean_len=1209.60 recent_eps=100 completed_eps=310723
[UPDATE_EFFECT] action_delta=0.02598627 param_rms_delta=0.00199087
[TIME] collect=14.289s update=1.018s
[DONE] timeout=0.00000 anchor_pos=0.00000 anchor_ori=0.00000 ee_body=0.00000
[DONE_ROLLOUT] timeout=0.00000 anchor_pos=0.00000 anchor_ori=0.00000 ee_body=0.01270
[FIRST_FAILURE] chunk_mean=16.01 chunk_min=6 chunk_max=23 phase_mean=860.35 phase_min=335 phase_max=1143 anchor_pos=0.00000 anchor_ori=0.00000 ee_body=0.01270 timeout=0.00000
[TRACK_CHUNK0] anchor_pos=0.97590 anchor_ori=0.82982 body_pos=0.97695 body_ori=0.80078 body_lin=0.54700 body_ang=0.03119
[TRACK_ROLLOUT] anchor_pos=0.84122 anchor_ori=0.70544 body_pos=0.89023 body_ori=0.17728 body_lin=0.49438 body_ang=0.07721
[TRAIN_COST] action_rate=21.79074 joint_torque=4003.59253 joint_limit=0.00128 undesired_contacts=1.02380
[REWARD_WEIGHTED] pos=0.11935 penalty=-0.05148 total=0.06787 act_rate=-0.04358 torque=-0.00080 contacts=-0.00205
[ACT_SUMMARY] abs_mean=0.6777 abs_p95=1.7174 abs_p99=2.4435 abs_max=3.9582 abs_max_all=4.6523 legs=0.7115 waist=0.6208 arms=0.6610 first=0.6777 last=0.7309 latent_abs=0.7703 latent_max=8.3090
[TRAIN_BODY] torso_ori=6.09deg l_wrist_ori=13.07deg r_wrist_ori=13.03deg l_elbow_ori=11.81deg r_elbow_ori=11.70deg l_shoulder_ori=8.84deg r_shoulder_ori=8.88deg
[TRAIN_ANG] torso=2.101 l_wrist=9.018 r_wrist=8.207 l_elbow=8.068 r_elbow=7.128 l_shoulder=4.922 r_shoulder=4.685
[TRAIN_ACT] l_wrist_r=0.5225 l_wrist_p=0.5390 l_wrist_y=0.5429 r_wrist_r=0.4908 r_wrist_p=0.5072 r_wrist_y=0.5778 l_elbow=0.7136 r_elbow=0.7302
[UPDATE] 164/200 group_reward=64.54678 group_std=19.55169 group_raw=1.03326 rollout_ret=1.02939 chunk0_ret=0.06785 chunk_last_ret=0.03401
[REWARD_SCALE] live_steps=23.92 min=6 p50=24 p95=24 max=24 survive=0.99011 per_step=0.04303 per_second=2.152 episode30s_projection=64.55
[OBJECTIVE] obj_mean=1.02939 obj_std=0.31497 obj_min=-0.96806 obj_max=2.18734 raw_mean=1.03326 raw_std=0.31190 raw_min=-0.81339 raw_max=2.18734 score_mean=0.04302 rtg_mean=-3.14019 grpo_score=0.86663 early_penalty=0.16276
[PHASE] start_mean=852.89 start_min=29 start_max=1433 fail_rel_mean=15.10
[CHUNK_REWARD] obj_first=0.06785 obj_mid=0.04081 obj_last=0.03357 raw_first=0.06785 raw_mid=0.04098 raw_last=0.03401
[POLICY] loss=-0.00844 policy_loss=-0.00844 value_loss=0.00000 entropy=0.00000 kl=0.01741 step_ratio=0.9992 step_clip=0.1033 post_ratio=0.9916 post_clip=0.1240 grad=0.34243 lr=0.001000 critic_lr=0.000000 sde_steps=4 opt_steps=20
[POLICY_DETAIL] samples=195968 mb=48992 micro_mb=8192 micro_steps=120 batch_ratio=0.9995 batch_min=0.1046 batch_max=5.0793 post_ratio=0.9916 post_min=0.4702 post_max=2.1141 post_clip=0.1240 logp_delta_abs=0.13728 post_logp_delta_abs=0.15274 post_kl=0.02010 old_logp=-15.72973 new_logp=-15.74742 adv_abs=0.75891 grpo_adv_abs=0.75891 valid=0.99674
[TRAIN] mean_reward=42.08528 mean_len=1204.36 recent_eps=100 completed_eps=310805
[UPDATE_EFFECT] action_delta=0.02469642 param_rms_delta=0.00201388
[TIME] collect=14.229s update=0.979s
[DONE] timeout=0.00000 anchor_pos=0.00000 anchor_ori=0.00000 ee_body=0.00000
[DONE_ROLLOUT] timeout=0.00000 anchor_pos=0.00012 anchor_ori=0.00000 ee_body=0.00977
[FIRST_FAILURE] chunk_mean=15.10 chunk_min=5 chunk_max=23 phase_mean=908.56 phase_min=510 phase_max=1144 anchor_pos=0.00012 anchor_ori=0.00000 ee_body=0.00977 timeout=0.00000
[TRACK_CHUNK0] anchor_pos=0.97591 anchor_ori=0.83316 body_pos=0.97686 body_ori=0.80037 body_lin=0.55141 body_ang=0.03251
[TRACK_ROLLOUT] anchor_pos=0.84543 anchor_ori=0.70319 body_pos=0.89101 body_ori=0.17631 body_lin=0.49491 body_ang=0.07772
[TRAIN_COST] action_rate=21.74992 joint_torque=4037.66455 joint_limit=0.00125 undesired_contacts=1.03906
[REWARD_WEIGHTED] pos=0.11959 penalty=-0.05174 total=0.06785 act_rate=-0.04350 torque=-0.00081 contacts=-0.00208
[ACT_SUMMARY] abs_mean=0.6772 abs_p95=1.7156 abs_p99=2.4364 abs_max=4.1808 abs_max_all=4.8191 legs=0.7057 waist=0.6233 arms=0.6644 first=0.6772 last=0.7259 latent_abs=0.7678 latent_max=9.9851
[TRAIN_BODY] torso_ori=6.15deg l_wrist_ori=13.06deg r_wrist_ori=13.30deg l_elbow_ori=12.05deg r_elbow_ori=11.90deg l_shoulder_ori=8.85deg r_shoulder_ori=9.04deg
[TRAIN_ANG] torso=2.155 l_wrist=9.161 r_wrist=8.341 l_elbow=8.338 r_elbow=7.162 l_shoulder=4.939 r_shoulder=4.817
[TRAIN_ACT] l_wrist_r=0.5192 l_wrist_p=0.5453 l_wrist_y=0.5352 r_wrist_r=0.4807 r_wrist_p=0.5145 r_wrist_y=0.5735 l_elbow=0.7135 r_elbow=0.7401
[UPDATE] 165/200 group_reward=65.17380 group_std=19.76581 group_raw=1.04319 rollout_ret=1.03979 chunk0_ret=0.06804 chunk_last_ret=0.03395
[REWARD_SCALE] live_steps=23.93 min=9 p50=24 p95=24 max=24 survive=0.99158 per_step=0.04345 per_second=2.172 episode30s_projection=65.17
[OBJECTIVE] obj_mean=1.03979 obj_std=0.31801 obj_min=-0.62486 obj_max=2.29092 raw_mean=1.04319 raw_std=0.31538 raw_min=-0.62486 raw_max=2.29092 score_mean=0.04344 rtg_mean=-3.22937 grpo_score=0.89662 early_penalty=0.14318
[PHASE] start_mean=851.02 start_min=3 start_max=1433 fail_rel_mean=14.84
[CHUNK_REWARD] obj_first=0.06804 obj_mid=0.04203 obj_last=0.03360 raw_first=0.06804 raw_mid=0.04215 raw_last=0.03395
[POLICY] loss=-0.00816 policy_loss=-0.00816 value_loss=0.00000 entropy=0.00000 kl=0.01830 step_ratio=0.9992 step_clip=0.1101 post_ratio=0.9981 post_clip=0.1719 grad=0.37347 lr=0.001000 critic_lr=0.000000 sde_steps=4 opt_steps=20
[POLICY_DETAIL] samples=196045 mb=49011 micro_mb=8192 micro_steps=120 batch_ratio=0.9993 batch_min=0.1075 batch_max=6.7135 post_ratio=0.9981 post_min=0.3457 post_max=1.8905 post_clip=0.1719 logp_delta_abs=0.14063 post_logp_delta_abs=0.17641 post_kl=0.02707 old_logp=-15.72689 new_logp=-15.74564 adv_abs=0.75931 grpo_adv_abs=0.75931 valid=0.99714
[TRAIN] mean_reward=40.94013 mean_len=1162.69 recent_eps=100 completed_eps=310875
[UPDATE_EFFECT] action_delta=0.02934757 param_rms_delta=0.00200145
[TIME] collect=14.281s update=0.993s
[DONE] timeout=0.00000 anchor_pos=0.00000 anchor_ori=0.00000 ee_body=0.00000
[DONE_ROLLOUT] timeout=0.00000 anchor_pos=0.00000 anchor_ori=0.00000 ee_body=0.00842
[FIRST_FAILURE] chunk_mean=14.84 chunk_min=8 chunk_max=23 phase_mean=867.22 phase_min=355 phase_max=1144 anchor_pos=0.00000 anchor_ori=0.00000 ee_body=0.00842 timeout=0.00000
[TRACK_CHUNK0] anchor_pos=0.97608 anchor_ori=0.83137 body_pos=0.97681 body_ori=0.80100 body_lin=0.54775 body_ang=0.03304
[TRACK_ROLLOUT] anchor_pos=0.84477 anchor_ori=0.70522 body_pos=0.89045 body_ori=0.17850 body_lin=0.49863 body_ang=0.07942
[TRAIN_COST] action_rate=21.56954 joint_torque=4008.21948 joint_limit=0.00135 undesired_contacts=1.07935
[REWARD_WEIGHTED] pos=0.11947 penalty=-0.05143 total=0.06804 act_rate=-0.04314 torque=-0.00080 contacts=-0.00216
[ACT_SUMMARY] abs_mean=0.6743 abs_p95=1.7064 abs_p99=2.4343 abs_max=4.0297 abs_max_all=4.7446 legs=0.7078 waist=0.6233 arms=0.6565 first=0.6743 last=0.7287 latent_abs=0.7690 latent_max=9.1041
[TRAIN_BODY] torso_ori=6.16deg l_wrist_ori=12.88deg r_wrist_ori=13.25deg l_elbow_ori=11.88deg r_elbow_ori=11.93deg l_shoulder_ori=8.80deg r_shoulder_ori=8.90deg
[TRAIN_ANG] torso=2.161 l_wrist=9.152 r_wrist=8.326 l_elbow=8.255 r_elbow=7.228 l_shoulder=4.902 r_shoulder=4.766
[TRAIN_ACT] l_wrist_r=0.5240 l_wrist_p=0.5383 l_wrist_y=0.5284 r_wrist_r=0.4746 r_wrist_p=0.5105 r_wrist_y=0.5710 l_elbow=0.7276 r_elbow=0.7422
[UPDATE] 166/200 group_reward=64.56683 group_std=20.15283 group_raw=1.03358 rollout_ret=1.02932 chunk0_ret=0.06761 chunk_last_ret=0.03406
[REWARD_SCALE] live_steps=23.91 min=7 p50=24 p95=24 max=24 survive=0.98889 per_step=0.04304 per_second=2.152 episode30s_projection=64.57
[OBJECTIVE] obj_mean=1.02932 obj_std=0.32444 obj_min=-0.44947 obj_max=2.21175 raw_mean=1.03358 raw_std=0.32168 raw_min=-0.44947 raw_max=2.21175 score_mean=0.04304 rtg_mean=-3.45268 grpo_score=0.84774 early_penalty=0.18158
[PHASE] start_mean=854.98 start_min=2 start_max=1433 fail_rel_mean=15.15
[CHUNK_REWARD] obj_first=0.06761 obj_mid=0.04130 obj_last=0.03363 raw_first=0.06761 raw_mid=0.04146 raw_last=0.03406
[POLICY] loss=-0.00882 policy_loss=-0.00882 value_loss=0.00000 entropy=0.00000 kl=0.01693 step_ratio=0.9996 step_clip=0.0999 post_ratio=1.0103 post_clip=0.1348 grad=0.32666 lr=0.001000 critic_lr=0.000000 sde_steps=4 opt_steps=20
[POLICY_DETAIL] samples=195894 mb=48973 micro_mb=8192 micro_steps=120 batch_ratio=0.9997 batch_min=0.0847 batch_max=5.4404 post_ratio=1.0103 post_min=0.3668 post_max=1.9712 post_clip=0.1348 logp_delta_abs=0.13571 post_logp_delta_abs=0.15419 post_kl=0.02079 old_logp=-15.73089 new_logp=-15.74785 adv_abs=0.76123 grpo_adv_abs=0.76123 valid=0.99637
[TRAIN] mean_reward=42.41707 mean_len=1192.51 recent_eps=100 completed_eps=310966
[UPDATE_EFFECT] action_delta=0.02503612 param_rms_delta=0.00199983
[TIME] collect=14.161s update=1.002s
[DONE] timeout=0.00000 anchor_pos=0.00000 anchor_ori=0.00000 ee_body=0.00000
[DONE_ROLLOUT] timeout=0.00000 anchor_pos=0.00000 anchor_ori=0.00000 ee_body=0.01111
[FIRST_FAILURE] chunk_mean=15.15 chunk_min=6 chunk_max=23 phase_mean=901.91 phase_min=397 phase_max=1156 anchor_pos=0.00000 anchor_ori=0.00000 ee_body=0.01111 timeout=0.00000
[TRACK_CHUNK0] anchor_pos=0.97583 anchor_ori=0.83028 body_pos=0.97691 body_ori=0.80144 body_lin=0.54488 body_ang=0.03210
[TRACK_ROLLOUT] anchor_pos=0.84117 anchor_ori=0.70455 body_pos=0.89075 body_ori=0.17836 body_lin=0.49793 body_ang=0.07866
[TRAIN_COST] action_rate=21.65983 joint_torque=3994.36572 joint_limit=0.00144 undesired_contacts=1.09412
[REWARD_WEIGHTED] pos=0.11935 penalty=-0.05174 total=0.06761 act_rate=-0.04332 torque=-0.00080 contacts=-0.00219
[ACT_SUMMARY] abs_mean=0.6758 abs_p95=1.7078 abs_p99=2.4339 abs_max=4.0076 abs_max_all=4.6836 legs=0.7078 waist=0.6234 arms=0.6596 first=0.6758 last=0.7262 latent_abs=0.7698 latent_max=8.5530
[TRAIN_BODY] torso_ori=6.20deg l_wrist_ori=13.00deg r_wrist_ori=13.29deg l_elbow_ori=11.81deg r_elbow_ori=11.94deg l_shoulder_ori=8.81deg r_shoulder_ori=8.82deg
[TRAIN_ANG] torso=2.154 l_wrist=9.405 r_wrist=8.094 l_elbow=8.445 r_elbow=7.076 l_shoulder=5.076 r_shoulder=4.591
[TRAIN_ACT] l_wrist_r=0.5100 l_wrist_p=0.5410 l_wrist_y=0.5304 r_wrist_r=0.4823 r_wrist_p=0.5074 r_wrist_y=0.5723 l_elbow=0.7220 r_elbow=0.7465
[UPDATE] 167/200 group_reward=64.99709 group_std=20.38422 group_raw=1.04073 rollout_ret=1.03499 chunk0_ret=0.06850 chunk_last_ret=0.03434
[REWARD_SCALE] live_steps=23.89 min=6 p50=24 p95=24 max=24 survive=0.98779 per_step=0.04333 per_second=2.167 episode30s_projection=65.00
[OBJECTIVE] obj_mean=1.03499 obj_std=0.32985 obj_min=-0.69445 obj_max=2.20759 raw_mean=1.04073 raw_std=0.32506 raw_min=-0.69445 raw_max=2.20759 score_mean=0.04330 rtg_mean=-3.21158 grpo_score=0.79645 early_penalty=0.23855
[PHASE] start_mean=848.98 start_min=4 start_max=1433 fail_rel_mean=13.62
[CHUNK_REWARD] obj_first=0.06850 obj_mid=0.04164 obj_last=0.03382 raw_first=0.06850 raw_mid=0.04193 raw_last=0.03434
[POLICY] loss=-0.00887 policy_loss=-0.00887 value_loss=0.00000 entropy=0.00000 kl=0.01708 step_ratio=0.9994 step_clip=0.1013 post_ratio=0.9964 post_clip=0.1025 grad=0.32796 lr=0.001000 critic_lr=0.000000 sde_steps=4 opt_steps=20
[POLICY_DETAIL] samples=195670 mb=48917 micro_mb=8192 micro_steps=120 batch_ratio=0.9996 batch_min=0.1754 batch_max=4.5565 post_ratio=0.9964 post_min=0.4110 post_max=2.0742 post_clip=0.1025 logp_delta_abs=0.13621 post_logp_delta_abs=0.14834 post_kl=0.01899 old_logp=-15.72981 new_logp=-15.74700 adv_abs=0.75970 grpo_adv_abs=0.75970 valid=0.99523
[TRAIN] mean_reward=43.80198 mean_len=1227.33 recent_eps=100 completed_eps=311066
[UPDATE_EFFECT] action_delta=0.01953592 param_rms_delta=0.00198599
[TIME] collect=14.250s update=1.016s
[DONE] timeout=0.00000 anchor_pos=0.00000 anchor_ori=0.00000 ee_body=0.00000
[DONE_ROLLOUT] timeout=0.00000 anchor_pos=0.00012 anchor_ori=0.00000 ee_body=0.01221
[FIRST_FAILURE] chunk_mean=13.62 chunk_min=5 chunk_max=23 phase_mean=887.73 phase_min=247 phase_max=1116 anchor_pos=0.00012 anchor_ori=0.00000 ee_body=0.01221 timeout=0.00000
[TRACK_CHUNK0] anchor_pos=0.97632 anchor_ori=0.82580 body_pos=0.97626 body_ori=0.79864 body_lin=0.54850 body_ang=0.03309
[TRACK_ROLLOUT] anchor_pos=0.84198 anchor_ori=0.70626 body_pos=0.89131 body_ori=0.18003 body_lin=0.49703 body_ang=0.07913
[TRAIN_COST] action_rate=21.39471 joint_torque=4010.62109 joint_limit=0.00119 undesired_contacts=1.07764
[REWARD_WEIGHTED] pos=0.11921 penalty=-0.05072 total=0.06850 act_rate=-0.04279 torque=-0.00080 contacts=-0.00216
[ACT_SUMMARY] abs_mean=0.6719 abs_p95=1.7006 abs_p99=2.4187 abs_max=4.2340 abs_max_all=4.7970 legs=0.7067 waist=0.6212 arms=0.6529 first=0.6719 last=0.7287 latent_abs=0.7710 latent_max=9.6915
[TRAIN_BODY] torso_ori=6.07deg l_wrist_ori=13.12deg r_wrist_ori=13.25deg l_elbow_ori=11.89deg r_elbow_ori=11.94deg l_shoulder_ori=8.86deg r_shoulder_ori=8.85deg
[TRAIN_ANG] torso=2.113 l_wrist=9.250 r_wrist=8.306 l_elbow=8.321 r_elbow=7.158 l_shoulder=4.913 r_shoulder=4.718
[TRAIN_ACT] l_wrist_r=0.5156 l_wrist_p=0.5361 l_wrist_y=0.5300 r_wrist_r=0.4811 r_wrist_p=0.5066 r_wrist_y=0.5737 l_elbow=0.6912 r_elbow=0.7526
[UPDATE] 168/200 group_reward=65.29376 group_std=19.46838 group_raw=1.04527 rollout_ret=1.04116 chunk0_ret=0.06805 chunk_last_ret=0.03466
[REWARD_SCALE] live_steps=23.92 min=6 p50=24 p95=24 max=24 survive=0.99036 per_step=0.04353 per_second=2.176 episode30s_projection=65.29
[OBJECTIVE] obj_mean=1.04116 obj_std=0.31372 obj_min=-0.61765 obj_max=2.21410 raw_mean=1.04527 raw_std=0.31054 raw_min=-0.61765 raw_max=2.21410 score_mean=0.04351 rtg_mean=-3.23860 grpo_score=0.87179 early_penalty=0.16937
[PHASE] start_mean=857.35 start_min=0 start_max=1433 fail_rel_mean=14.57
[CHUNK_REWARD] obj_first=0.06805 obj_mid=0.04209 obj_last=0.03427 raw_first=0.06805 raw_mid=0.04225 raw_last=0.03466
[POLICY] loss=-0.00871 policy_loss=-0.00871 value_loss=0.00000 entropy=0.00000 kl=0.01701 step_ratio=0.9995 step_clip=0.1004 post_ratio=0.9956 post_clip=0.1318 grad=0.33208 lr=0.001000 critic_lr=0.000000 sde_steps=4 opt_steps=20
[POLICY_DETAIL] samples=195942 mb=48985 micro_mb=8192 micro_steps=120 batch_ratio=0.9997 batch_min=0.1540 batch_max=4.5977 post_ratio=0.9956 post_min=0.3512 post_max=2.3396 post_clip=0.1318 logp_delta_abs=0.13618 post_logp_delta_abs=0.15868 post_kl=0.02209 old_logp=-15.72862 new_logp=-15.74574 adv_abs=0.75984 grpo_adv_abs=0.75984 valid=0.99661
[TRAIN] mean_reward=52.34122 mean_len=1482.59 recent_eps=100 completed_eps=311145
[UPDATE_EFFECT] action_delta=0.02037618 param_rms_delta=0.00199249
[TIME] collect=14.257s update=0.981s
[DONE] timeout=0.00000 anchor_pos=0.00000 anchor_ori=0.00000 ee_body=0.00000
[DONE_ROLLOUT] timeout=0.00000 anchor_pos=0.00000 anchor_ori=0.00000 ee_body=0.00964
[FIRST_FAILURE] chunk_mean=14.57 chunk_min=5 chunk_max=23 phase_mean=882.95 phase_min=329 phase_max=1124 anchor_pos=0.00000 anchor_ori=0.00000 ee_body=0.00964 timeout=0.00000
[TRACK_CHUNK0] anchor_pos=0.97572 anchor_ori=0.82868 body_pos=0.97621 body_ori=0.79726 body_lin=0.54955 body_ang=0.03313
[TRACK_ROLLOUT] anchor_pos=0.84007 anchor_ori=0.71119 body_pos=0.89195 body_ori=0.17951 body_lin=0.49650 body_ang=0.07861
[TRAIN_COST] action_rate=21.59235 joint_torque=3923.47803 joint_limit=0.00137 undesired_contacts=1.11963
[REWARD_WEIGHTED] pos=0.11930 penalty=-0.05124 total=0.06805 act_rate=-0.04318 torque=-0.00078 contacts=-0.00224
[ACT_SUMMARY] abs_mean=0.6729 abs_p95=1.7099 abs_p99=2.4587 abs_max=4.2532 abs_max_all=4.8227 legs=0.7046 waist=0.6119 arms=0.6587 first=0.6729 last=0.7281 latent_abs=0.7708 latent_max=10.0362
[TRAIN_BODY] torso_ori=6.26deg l_wrist_ori=13.27deg r_wrist_ori=13.20deg l_elbow_ori=12.16deg r_elbow_ori=11.91deg l_shoulder_ori=9.04deg r_shoulder_ori=8.88deg
[TRAIN_ANG] torso=2.132 l_wrist=9.246 r_wrist=8.153 l_elbow=8.281 r_elbow=7.166 l_shoulder=4.958 r_shoulder=4.701
[TRAIN_ACT] l_wrist_r=0.5224 l_wrist_p=0.5317 l_wrist_y=0.5317 r_wrist_r=0.4759 r_wrist_p=0.5037 r_wrist_y=0.5763 l_elbow=0.6990 r_elbow=0.7543
[UPDATE] 169/200 group_reward=64.95522 group_std=20.39945 group_raw=1.03987 rollout_ret=1.03468 chunk0_ret=0.06799 chunk_last_ret=0.03507
[REWARD_SCALE] live_steps=23.89 min=6 p50=24 p95=24 max=24 survive=0.98865 per_step=0.04330 per_second=2.165 episode30s_projection=64.96
[OBJECTIVE] obj_mean=1.03468 obj_std=0.32963 obj_min=-0.43201 obj_max=2.28750 raw_mean=1.03987 raw_std=0.32485 raw_min=-0.43176 raw_max=2.28750 score_mean=0.04327 rtg_mean=-3.16231 grpo_score=0.81343 early_penalty=0.22125
[PHASE] start_mean=865.18 start_min=10 start_max=1433 fail_rel_mean=13.65
[CHUNK_REWARD] obj_first=0.06799 obj_mid=0.04136 obj_last=0.03460 raw_first=0.06799 raw_mid=0.04155 raw_last=0.03507
[POLICY] loss=-0.00881 policy_loss=-0.00881 value_loss=0.00000 entropy=0.00000 kl=0.01721 step_ratio=0.9991 step_clip=0.1021 post_ratio=0.9969 post_clip=0.1465 grad=0.33123 lr=0.001000 critic_lr=0.000000 sde_steps=4 opt_steps=20
[POLICY_DETAIL] samples=195738 mb=48934 micro_mb=8192 micro_steps=120 batch_ratio=0.9994 batch_min=0.1784 batch_max=4.7621 post_ratio=0.9969 post_min=0.3467 post_max=2.3391 post_clip=0.1465 logp_delta_abs=0.13670 post_logp_delta_abs=0.16994 post_kl=0.02557 old_logp=-15.72540 new_logp=-15.74299 adv_abs=0.75969 grpo_adv_abs=0.75969 valid=0.99557
[TRAIN] mean_reward=51.72960 mean_len=1482.18 recent_eps=100 completed_eps=311238
[UPDATE_EFFECT] action_delta=0.02507294 param_rms_delta=0.00201602
[TIME] collect=14.318s update=0.996s
[DONE] timeout=0.00000 anchor_pos=0.00000 anchor_ori=0.00000 ee_body=0.00000
[DONE_ROLLOUT] timeout=0.00000 anchor_pos=0.00012 anchor_ori=0.00000 ee_body=0.01123
[FIRST_FAILURE] chunk_mean=13.65 chunk_min=5 chunk_max=23 phase_mean=881.03 phase_min=393 phase_max=1183 anchor_pos=0.00012 anchor_ori=0.00000 ee_body=0.01123 timeout=0.00000
[TRACK_CHUNK0] anchor_pos=0.97590 anchor_ori=0.83100 body_pos=0.97665 body_ori=0.79661 body_lin=0.54565 body_ang=0.02965
[TRACK_ROLLOUT] anchor_pos=0.84098 anchor_ori=0.70965 body_pos=0.89222 body_ori=0.17314 body_lin=0.49514 body_ang=0.07671
[TRAIN_COST] action_rate=21.52322 joint_torque=3929.14160 joint_limit=0.00107 undesired_contacts=1.07202
[REWARD_WEIGHTED] pos=0.11925 penalty=-0.05126 total=0.06799 act_rate=-0.04305 torque=-0.00079 contacts=-0.00214
[ACT_SUMMARY] abs_mean=0.6740 abs_p95=1.7050 abs_p99=2.4175 abs_max=4.0517 abs_max_all=4.7457 legs=0.7036 waist=0.6137 arms=0.6615 first=0.6740 last=0.7269 latent_abs=0.7752 latent_max=9.1156
[TRAIN_BODY] torso_ori=6.14deg l_wrist_ori=13.33deg r_wrist_ori=13.38deg l_elbow_ori=12.22deg r_elbow_ori=12.01deg l_shoulder_ori=9.01deg r_shoulder_ori=8.87deg
[TRAIN_ANG] torso=2.150 l_wrist=9.574 r_wrist=8.246 l_elbow=8.625 r_elbow=7.186 l_shoulder=5.156 r_shoulder=4.676
[TRAIN_ACT] l_wrist_r=0.5172 l_wrist_p=0.5435 l_wrist_y=0.5310 r_wrist_r=0.4822 r_wrist_p=0.5060 r_wrist_y=0.5753 l_elbow=0.7040 r_elbow=0.7440
[UPDATE] 170/200 group_reward=65.96387 group_std=20.27937 group_raw=1.05597 rollout_ret=1.05136 chunk0_ret=0.06856 chunk_last_ret=0.03537
[REWARD_SCALE] live_steps=23.91 min=8 p50=24 p95=24 max=24 survive=0.98901 per_step=0.04398 per_second=2.199 episode30s_projection=65.96
[OBJECTIVE] obj_mean=1.05136 obj_std=0.32678 obj_min=-0.87539 obj_max=2.21193 raw_mean=1.05597 raw_std=0.32341 raw_min=-0.87539 raw_max=2.21193 score_mean=0.04396 rtg_mean=-2.69942 grpo_score=0.85884 early_penalty=0.19252
[PHASE] start_mean=853.25 start_min=0 start_max=1433 fail_rel_mean=14.59
[CHUNK_REWARD] obj_first=0.06856 obj_mid=0.04230 obj_last=0.03487 raw_first=0.06856 raw_mid=0.04247 raw_last=0.03537
[POLICY] loss=-0.00839 policy_loss=-0.00839 value_loss=0.00000 entropy=0.00000 kl=0.01756 step_ratio=0.9994 step_clip=0.1052 post_ratio=1.0010 post_clip=0.1475 grad=0.34731 lr=0.001000 critic_lr=0.000000 sde_steps=4 opt_steps=20
[POLICY_DETAIL] samples=195851 mb=48962 micro_mb=8192 micro_steps=120 batch_ratio=0.9995 batch_min=0.1622 batch_max=4.9897 post_ratio=1.0010 post_min=0.3519 post_max=3.2722 post_clip=0.1475 logp_delta_abs=0.13793 post_logp_delta_abs=0.16528 post_kl=0.02390 old_logp=-15.73107 new_logp=-15.74887 adv_abs=0.75903 grpo_adv_abs=0.75903 valid=0.99615
[TRAIN] mean_reward=53.13137 mean_len=1510.18 recent_eps=100 completed_eps=311329
[UPDATE_EFFECT] action_delta=0.02427657 param_rms_delta=0.00199852
[TIME] collect=14.236s update=1.018s
[DONE] timeout=0.00000 anchor_pos=0.00000 anchor_ori=0.00000 ee_body=0.00000
[DONE_ROLLOUT] timeout=0.00000 anchor_pos=0.00012 anchor_ori=0.00000 ee_body=0.01099
[FIRST_FAILURE] chunk_mean=14.59 chunk_min=7 chunk_max=23 phase_mean=887.68 phase_min=486 phase_max=1139 anchor_pos=0.00012 anchor_ori=0.00000 ee_body=0.01099 timeout=0.00000
[TRACK_CHUNK0] anchor_pos=0.97647 anchor_ori=0.82740 body_pos=0.97663 body_ori=0.80279 body_lin=0.54629 body_ang=0.03306
[TRACK_ROLLOUT] anchor_pos=0.84507 anchor_ori=0.71296 body_pos=0.89216 body_ori=0.17877 body_lin=0.49772 body_ang=0.07948
[TRAIN_COST] action_rate=21.35028 joint_torque=3935.55103 joint_limit=0.00135 undesired_contacts=1.12488
[REWARD_WEIGHTED] pos=0.11933 penalty=-0.05077 total=0.06856 act_rate=-0.04270 torque=-0.00079 contacts=-0.00225
[ACT_SUMMARY] abs_mean=0.6708 abs_p95=1.7018 abs_p99=2.4146 abs_max=4.2252 abs_max_all=4.7334 legs=0.7038 waist=0.6074 arms=0.6562 first=0.6708 last=0.7253 latent_abs=0.7696 latent_max=8.9936
[TRAIN_BODY] torso_ori=6.13deg l_wrist_ori=13.14deg r_wrist_ori=12.99deg l_elbow_ori=11.84deg r_elbow_ori=11.71deg l_shoulder_ori=8.80deg r_shoulder_ori=8.67deg
[TRAIN_ANG] torso=2.163 l_wrist=9.522 r_wrist=8.041 l_elbow=8.480 r_elbow=7.037 l_shoulder=5.126 r_shoulder=4.461
[TRAIN_ACT] l_wrist_r=0.5160 l_wrist_p=0.5475 l_wrist_y=0.5396 r_wrist_r=0.4769 r_wrist_p=0.5073 r_wrist_y=0.5792 l_elbow=0.6979 r_elbow=0.7468
[UPDATE] 171/200 group_reward=66.28757 group_std=20.53746 group_raw=1.06119 rollout_ret=1.05652 chunk0_ret=0.06871 chunk_last_ret=0.03583
[REWARD_SCALE] live_steps=23.91 min=6 p50=24 p95=24 max=24 survive=0.98865 per_step=0.04419 per_second=2.210 episode30s_projection=66.29
[OBJECTIVE] obj_mean=1.05652 obj_std=0.33120 obj_min=-0.54603 obj_max=2.31975 raw_mean=1.06119 raw_std=0.32795 raw_min=-0.54603 raw_max=2.31975 score_mean=0.04418 rtg_mean=-2.49266 grpo_score=0.86426 early_penalty=0.19226
[PHASE] start_mean=862.10 start_min=1 start_max=1433 fail_rel_mean=14.87
[CHUNK_REWARD] obj_first=0.06871 obj_mid=0.04224 obj_last=0.03534 raw_first=0.06871 raw_mid=0.04241 raw_last=0.03583
[POLICY] loss=-0.00866 policy_loss=-0.00866 value_loss=0.00000 entropy=0.00000 kl=0.01796 step_ratio=0.9996 step_clip=0.1078 post_ratio=0.9980 post_clip=0.1162 grad=0.35443 lr=0.001000 critic_lr=0.000000 sde_steps=4 opt_steps=20
[POLICY_DETAIL] samples=195852 mb=48963 micro_mb=8192 micro_steps=120 batch_ratio=0.9997 batch_min=0.1761 batch_max=6.5928 post_ratio=0.9980 post_min=0.4435 post_max=1.8594 post_clip=0.1162 logp_delta_abs=0.13997 post_logp_delta_abs=0.15759 post_kl=0.02078 old_logp=-15.73523 new_logp=-15.75324 adv_abs=0.75908 grpo_adv_abs=0.75908 valid=0.99615
[TRAIN] mean_reward=49.00117 mean_len=1368.35 recent_eps=100 completed_eps=311422
[UPDATE_EFFECT] action_delta=0.02513891 param_rms_delta=0.00198761
[TIME] collect=14.267s update=0.990s
[DONE] timeout=0.00000 anchor_pos=0.00000 anchor_ori=0.00000 ee_body=0.00000
[DONE_ROLLOUT] timeout=0.00000 anchor_pos=0.00061 anchor_ori=0.00000 ee_body=0.01074
[FIRST_FAILURE] chunk_mean=14.87 chunk_min=5 chunk_max=23 phase_mean=902.61 phase_min=332 phase_max=1405 anchor_pos=0.00061 anchor_ori=0.00000 ee_body=0.01074 timeout=0.00000
[TRACK_CHUNK0] anchor_pos=0.97582 anchor_ori=0.83237 body_pos=0.97671 body_ori=0.80075 body_lin=0.55312 body_ang=0.03503
[TRACK_ROLLOUT] anchor_pos=0.84435 anchor_ori=0.71659 body_pos=0.89209 body_ori=0.17871 body_lin=0.49837 body_ang=0.07878
[TRAIN_COST] action_rate=21.35659 joint_torque=3946.57080 joint_limit=0.00126 undesired_contacts=1.14282
[REWARD_WEIGHTED] pos=0.11964 penalty=-0.05093 total=0.06871 act_rate=-0.04271 torque=-0.00079 contacts=-0.00229
[ACT_SUMMARY] abs_mean=0.6711 abs_p95=1.7047 abs_p99=2.4193 abs_max=4.0254 abs_max_all=4.8393 legs=0.7023 waist=0.6074 arms=0.6580 first=0.6711 last=0.7277 latent_abs=0.7734 latent_max=10.2868
[TRAIN_BODY] torso_ori=6.09deg l_wrist_ori=13.33deg r_wrist_ori=13.04deg l_elbow_ori=12.15deg r_elbow_ori=11.82deg l_shoulder_ori=9.02deg r_shoulder_ori=8.67deg
[TRAIN_ANG] torso=2.109 l_wrist=9.489 r_wrist=7.956 l_elbow=8.444 r_elbow=6.918 l_shoulder=5.046 r_shoulder=4.438
[TRAIN_ACT] l_wrist_r=0.5331 l_wrist_p=0.5451 l_wrist_y=0.5293 r_wrist_r=0.4775 r_wrist_p=0.5037 r_wrist_y=0.5873 l_elbow=0.6907 r_elbow=0.7472
[UPDATE] 172/200 group_reward=66.46813 group_std=20.54962 group_raw=1.06449 rollout_ret=1.05721 chunk0_ret=0.06834 chunk_last_ret=0.03523
[REWARD_SCALE] live_steps=23.86 min=5 p50=24 p95=24 max=24 survive=0.98547 per_step=0.04431 per_second=2.216 episode30s_projection=66.47
[OBJECTIVE] obj_mean=1.05721 obj_std=0.33379 obj_min=-0.45603 obj_max=2.15800 raw_mean=1.06449 raw_std=0.32752 raw_min=-0.45603 raw_max=2.15800 score_mean=0.04428 rtg_mean=-2.76612 grpo_score=0.76195 early_penalty=0.29526
[PHASE] start_mean=865.26 start_min=3 start_max=1433 fail_rel_mean=13.24
[CHUNK_REWARD] obj_first=0.06834 obj_mid=0.04203 obj_last=0.03463 raw_first=0.06834 raw_mid=0.04237 raw_last=0.03523
[POLICY] loss=-0.00825 policy_loss=-0.00825 value_loss=0.00000 entropy=0.00000 kl=0.01826 step_ratio=0.9992 step_clip=0.1092 post_ratio=0.9978 post_clip=0.1309 grad=0.36377 lr=0.001000 critic_lr=0.000000 sde_steps=4 opt_steps=20
[POLICY_DETAIL] samples=195447 mb=48861 micro_mb=8192 micro_steps=120 batch_ratio=0.9993 batch_min=0.1749 batch_max=5.4640 post_ratio=0.9978 post_min=0.4464 post_max=2.2056 post_clip=0.1309 logp_delta_abs=0.14095 post_logp_delta_abs=0.15973 post_kl=0.02177 old_logp=-15.72517 new_logp=-15.74380 adv_abs=0.75767 grpo_adv_abs=0.75767 valid=0.99409
[TRAIN] mean_reward=43.98130 mean_len=1182.43 recent_eps=100 completed_eps=311541
[UPDATE_EFFECT] action_delta=0.02631387 param_rms_delta=0.00197225
[TIME] collect=14.300s update=1.015s
[DONE] timeout=0.00000 anchor_pos=0.00000 anchor_ori=0.00000 ee_body=0.00000
[DONE_ROLLOUT] timeout=0.00000 anchor_pos=0.00024 anchor_ori=0.00000 ee_body=0.01428
[FIRST_FAILURE] chunk_mean=13.24 chunk_min=4 chunk_max=23 phase_mean=878.18 phase_min=372 phase_max=1147 anchor_pos=0.00024 anchor_ori=0.00000 ee_body=0.01428 timeout=0.00000
[TRACK_CHUNK0] anchor_pos=0.97692 anchor_ori=0.82492 body_pos=0.97666 body_ori=0.80022 body_lin=0.54821 body_ang=0.03236
[TRACK_ROLLOUT] anchor_pos=0.84481 anchor_ori=0.72351 body_pos=0.89303 body_ori=0.18210 body_lin=0.49204 body_ang=0.07815
[TRAIN_COST] action_rate=21.44628 joint_torque=3867.73120 joint_limit=0.00124 undesired_contacts=1.13831
[REWARD_WEIGHTED] pos=0.11922 penalty=-0.05088 total=0.06834 act_rate=-0.04289 torque=-0.00077 contacts=-0.00228
[ACT_SUMMARY] abs_mean=0.6728 abs_p95=1.7021 abs_p99=2.4268 abs_max=3.9560 abs_max_all=4.7629 legs=0.7044 waist=0.6178 arms=0.6576 first=0.6728 last=0.7276 latent_abs=0.7732 latent_max=9.2944
[TRAIN_BODY] torso_ori=6.13deg l_wrist_ori=13.13deg r_wrist_ori=13.06deg l_elbow_ori=12.02deg r_elbow_ori=11.89deg l_shoulder_ori=8.90deg r_shoulder_ori=8.74deg
[TRAIN_ANG] torso=2.106 l_wrist=9.408 r_wrist=8.094 l_elbow=8.340 r_elbow=7.142 l_shoulder=5.089 r_shoulder=4.528
[TRAIN_ACT] l_wrist_r=0.5241 l_wrist_p=0.5462 l_wrist_y=0.5346 r_wrist_r=0.4820 r_wrist_p=0.5124 r_wrist_y=0.5788 l_elbow=0.7020 r_elbow=0.7334
[UPDATE] 173/200 group_reward=66.57439 group_std=19.69701 group_raw=1.06575 rollout_ret=1.05947 chunk0_ret=0.06892 chunk_last_ret=0.03528
[REWARD_SCALE] live_steps=23.87 min=8 p50=24 p95=24 max=24 survive=0.98657 per_step=0.04438 per_second=2.219 episode30s_projection=66.57
[OBJECTIVE] obj_mean=1.05947 obj_std=0.31952 obj_min=-0.61333 obj_max=2.17775 raw_mean=1.06575 raw_std=0.31418 raw_min=-0.61333 raw_max=2.17775 score_mean=0.04436 rtg_mean=-2.45508 grpo_score=0.79117 early_penalty=0.26830
[PHASE] start_mean=856.03 start_min=26 start_max=1433 fail_rel_mean=13.41
[CHUNK_REWARD] obj_first=0.06892 obj_mid=0.04228 obj_last=0.03477 raw_first=0.06892 raw_mid=0.04257 raw_last=0.03528
[POLICY] loss=-0.00868 policy_loss=-0.00868 value_loss=0.00000 entropy=0.00000 kl=0.01719 step_ratio=0.9991 step_clip=0.1013 post_ratio=0.9988 post_clip=0.1455 grad=0.34143 lr=0.001000 critic_lr=0.000000 sde_steps=4 opt_steps=20
[POLICY_DETAIL] samples=195553 mb=48888 micro_mb=8192 micro_steps=120 batch_ratio=0.9994 batch_min=0.1220 batch_max=4.1469 post_ratio=0.9988 post_min=0.4235 post_max=2.5995 post_clip=0.1455 logp_delta_abs=0.13681 post_logp_delta_abs=0.16908 post_kl=0.02439 old_logp=-15.73294 new_logp=-15.75050 adv_abs=0.75902 grpo_adv_abs=0.75902 valid=0.99463
[TRAIN] mean_reward=46.52694 mean_len=1278.33 recent_eps=100 completed_eps=311651
[UPDATE_EFFECT] action_delta=0.02539038 param_rms_delta=0.00200457
[TIME] collect=14.251s update=0.984s
[DONE] timeout=0.00000 anchor_pos=0.00000 anchor_ori=0.00000 ee_body=0.00000
[DONE_ROLLOUT] timeout=0.00000 anchor_pos=0.00000 anchor_ori=0.00000 ee_body=0.01343
[FIRST_FAILURE] chunk_mean=13.41 chunk_min=7 chunk_max=23 phase_mean=929.14 phase_min=395 phase_max=1122 anchor_pos=0.00000 anchor_ori=0.00000 ee_body=0.01343 timeout=0.00000
[TRACK_CHUNK0] anchor_pos=0.97588 anchor_ori=0.83065 body_pos=0.97646 body_ori=0.80092 body_lin=0.55058 body_ang=0.03543
[TRACK_ROLLOUT] anchor_pos=0.84583 anchor_ori=0.71585 body_pos=0.89229 body_ori=0.18052 body_lin=0.49499 body_ang=0.07816
[TRAIN_COST] action_rate=21.08357 joint_torque=3909.58911 joint_limit=0.00128 undesired_contacts=1.16992
[REWARD_WEIGHTED] pos=0.11953 penalty=-0.05061 total=0.06892 act_rate=-0.04217 torque=-0.00078 contacts=-0.00234
[ACT_SUMMARY] abs_mean=0.6676 abs_p95=1.6841 abs_p99=2.3855 abs_max=4.2622 abs_max_all=4.7539 legs=0.6975 waist=0.6156 arms=0.6532 first=0.6676 last=0.7258 latent_abs=0.7721 latent_max=9.1997
[TRAIN_BODY] torso_ori=6.15deg l_wrist_ori=13.16deg r_wrist_ori=13.12deg l_elbow_ori=12.05deg r_elbow_ori=11.75deg l_shoulder_ori=9.06deg r_shoulder_ori=8.84deg
[TRAIN_ANG] torso=2.132 l_wrist=9.391 r_wrist=7.861 l_elbow=8.385 r_elbow=6.833 l_shoulder=5.091 r_shoulder=4.313
[TRAIN_ACT] l_wrist_r=0.5353 l_wrist_p=0.5396 l_wrist_y=0.5116 r_wrist_r=0.4775 r_wrist_p=0.5025 r_wrist_y=0.5760 l_elbow=0.7042 r_elbow=0.7409
[UPDATE] 174/200 group_reward=67.21987 group_std=19.89315 group_raw=1.07583 rollout_ret=1.07113 chunk0_ret=0.06955 chunk_last_ret=0.03566
[REWARD_SCALE] live_steps=23.90 min=4 p50=24 p95=24 max=24 survive=0.98901 per_step=0.04481 per_second=2.241 episode30s_projection=67.22
[OBJECTIVE] obj_mean=1.07113 obj_std=0.32094 obj_min=-0.35088 obj_max=2.25819 raw_mean=1.07583 raw_std=0.31759 raw_min=-0.35088 raw_max=2.25819 score_mean=0.04481 rtg_mean=-2.05819 grpo_score=0.86717 early_penalty=0.20396
[PHASE] start_mean=860.70 start_min=29 start_max=1433 fail_rel_mean=14.09
[CHUNK_REWARD] obj_first=0.06955 obj_mid=0.04284 obj_last=0.03514 raw_first=0.06955 raw_mid=0.04301 raw_last=0.03566
[POLICY] loss=-0.00801 policy_loss=-0.00801 value_loss=0.00000 entropy=0.00000 kl=0.01835 step_ratio=0.9993 step_clip=0.1097 post_ratio=1.0043 post_clip=0.1221 grad=0.37213 lr=0.001000 critic_lr=0.000000 sde_steps=4 opt_steps=20
[POLICY_DETAIL] samples=195806 mb=48951 micro_mb=8192 micro_steps=120 batch_ratio=0.9996 batch_min=0.1533 batch_max=4.5941 post_ratio=1.0043 post_min=0.4318 post_max=1.9480 post_clip=0.1221 logp_delta_abs=0.14068 post_logp_delta_abs=0.15075 post_kl=0.01960 old_logp=-15.72365 new_logp=-15.74214 adv_abs=0.76055 grpo_adv_abs=0.76055 valid=0.99592
[TRAIN] mean_reward=53.02759 mean_len=1471.57 recent_eps=100 completed_eps=311741
[UPDATE_EFFECT] action_delta=0.02319539 param_rms_delta=0.00199950
[TIME] collect=14.247s update=0.987s
[DONE] timeout=0.00000 anchor_pos=0.00000 anchor_ori=0.00000 ee_body=0.00000
[DONE_ROLLOUT] timeout=0.00000 anchor_pos=0.00000 anchor_ori=0.00000 ee_body=0.01099
[FIRST_FAILURE] chunk_mean=14.09 chunk_min=3 chunk_max=23 phase_mean=871.26 phase_min=75 phase_max=1125 anchor_pos=0.00000 anchor_ori=0.00000 ee_body=0.01099 timeout=0.00000
[TRACK_CHUNK0] anchor_pos=0.97627 anchor_ori=0.82900 body_pos=0.97649 body_ori=0.79897 body_lin=0.54884 body_ang=0.03505
[TRACK_ROLLOUT] anchor_pos=0.84806 anchor_ori=0.71835 body_pos=0.89318 body_ori=0.18125 body_lin=0.49611 body_ang=0.07893
[TRAIN_COST] action_rate=20.89017 joint_torque=3860.47412 joint_limit=0.00131 undesired_contacts=1.17102
[REWARD_WEIGHTED] pos=0.11940 penalty=-0.04985 total=0.06955 act_rate=-0.04178 torque=-0.00077 contacts=-0.00234
[ACT_SUMMARY] abs_mean=0.6651 abs_p95=1.6839 abs_p99=2.3634 abs_max=4.1629 abs_max_all=4.7380 legs=0.6967 waist=0.6059 arms=0.6507 first=0.6651 last=0.7258 latent_abs=0.7695 latent_max=9.0383
[TRAIN_BODY] torso_ori=6.21deg l_wrist_ori=12.99deg r_wrist_ori=13.17deg l_elbow_ori=11.95deg r_elbow_ori=11.87deg l_shoulder_ori=8.84deg r_shoulder_ori=8.81deg
[TRAIN_ANG] torso=2.113 l_wrist=9.460 r_wrist=7.638 l_elbow=8.504 r_elbow=6.738 l_shoulder=5.145 r_shoulder=4.252
[TRAIN_ACT] l_wrist_r=0.5330 l_wrist_p=0.5422 l_wrist_y=0.5266 r_wrist_r=0.4767 r_wrist_p=0.5028 r_wrist_y=0.5776 l_elbow=0.7012 r_elbow=0.7208
[UPDATE] 175/200 group_reward=67.30087 group_std=19.82883 group_raw=1.07725 rollout_ret=1.07302 chunk0_ret=0.06926 chunk_last_ret=0.03615
[REWARD_SCALE] live_steps=23.92 min=7 p50=24 p95=24 max=24 survive=0.98950 per_step=0.04487 per_second=2.243 episode30s_projection=67.30
[OBJECTIVE] obj_mean=1.07302 obj_std=0.31987 obj_min=-0.37984 obj_max=2.33466 raw_mean=1.07725 raw_std=0.31640 raw_min=-0.37984 raw_max=2.33466 score_mean=0.04485 rtg_mean=-1.68638 grpo_score=0.89678 early_penalty=0.17624
[PHASE] start_mean=872.06 start_min=3 start_max=1433 fail_rel_mean=14.94
[CHUNK_REWARD] obj_first=0.06926 obj_mid=0.04284 obj_last=0.03569 raw_first=0.06926 raw_mid=0.04300 raw_last=0.03615
[POLICY] loss=-0.00801 policy_loss=-0.00801 value_loss=0.00000 entropy=0.00000 kl=0.01826 step_ratio=0.9992 step_clip=0.1093 post_ratio=0.9977 post_clip=0.1523 grad=0.37039 lr=0.001000 critic_lr=0.000000 sde_steps=4 opt_steps=20
[POLICY_DETAIL] samples=195915 mb=48978 micro_mb=8192 micro_steps=120 batch_ratio=0.9995 batch_min=0.1745 batch_max=7.5325 post_ratio=0.9977 post_min=0.4667 post_max=2.0754 post_clip=0.1523 logp_delta_abs=0.14049 post_logp_delta_abs=0.16799 post_kl=0.02411 old_logp=-15.72556 new_logp=-15.74406 adv_abs=0.75748 grpo_adv_abs=0.75748 valid=0.99648
[TRAIN] mean_reward=48.45722 mean_len=1324.32 recent_eps=100 completed_eps=311827
[UPDATE_EFFECT] action_delta=0.02694184 param_rms_delta=0.00197721
[TIME] collect=14.228s update=1.004s
[DONE] timeout=0.00000 anchor_pos=0.00000 anchor_ori=0.00000 ee_body=0.00000
[DONE_ROLLOUT] timeout=0.00000 anchor_pos=0.00012 anchor_ori=0.00000 ee_body=0.01050
[FIRST_FAILURE] chunk_mean=14.94 chunk_min=6 chunk_max=23 phase_mean=904.42 phase_min=362 phase_max=1180 anchor_pos=0.00012 anchor_ori=0.00000 ee_body=0.01050 timeout=0.00000
[TRACK_CHUNK0] anchor_pos=0.97586 anchor_ori=0.83011 body_pos=0.97673 body_ori=0.80083 body_lin=0.54900 body_ang=0.03571
[TRACK_ROLLOUT] anchor_pos=0.84575 anchor_ori=0.72038 body_pos=0.89211 body_ori=0.17980 body_lin=0.49276 body_ang=0.07870
[TRAIN_COST] action_rate=20.98045 joint_torque=3820.54517 joint_limit=0.00121 undesired_contacts=1.20251
[REWARD_WEIGHTED] pos=0.11948 penalty=-0.05022 total=0.06926 act_rate=-0.04196 torque=-0.00076 contacts=-0.00241
[ACT_SUMMARY] abs_mean=0.6659 abs_p95=1.6851 abs_p99=2.3886 abs_max=3.9905 abs_max_all=4.6843 legs=0.6896 waist=0.6198 arms=0.6554 first=0.6659 last=0.7239 latent_abs=0.7704 latent_max=8.5588
[TRAIN_BODY] torso_ori=6.16deg l_wrist_ori=13.27deg r_wrist_ori=13.10deg l_elbow_ori=12.25deg r_elbow_ori=11.87deg l_shoulder_ori=9.05deg r_shoulder_ori=8.77deg
[TRAIN_ANG] torso=2.146 l_wrist=9.361 r_wrist=7.863 l_elbow=8.455 r_elbow=6.853 l_shoulder=5.092 r_shoulder=4.408
[TRAIN_ACT] l_wrist_r=0.5360 l_wrist_p=0.5474 l_wrist_y=0.5255 r_wrist_r=0.4819 r_wrist_p=0.5057 r_wrist_y=0.5666 l_elbow=0.7039 r_elbow=0.7324
[UPDATE] 176/200 group_reward=68.67628 group_std=19.65904 group_raw=1.09945 rollout_ret=1.09566 chunk0_ret=0.06910 chunk_last_ret=0.03700
[REWARD_SCALE] live_steps=23.93 min=9 p50=24 p95=24 max=24 survive=0.99231 per_step=0.04578 per_second=2.289 episode30s_projection=68.68
[OBJECTIVE] obj_mean=1.09566 obj_std=0.31650 obj_min=-0.48180 obj_max=2.22459 raw_mean=1.09945 raw_std=0.31379 raw_min=-0.48180 raw_max=2.22459 score_mean=0.04578 rtg_mean=-1.18025 grpo_score=0.95198 early_penalty=0.14369
[PHASE] start_mean=866.89 start_min=5 start_max=1433 fail_rel_mean=14.03
[CHUNK_REWARD] obj_first=0.06910 obj_mid=0.04406 obj_last=0.03664 raw_first=0.06910 raw_mid=0.04427 raw_last=0.03700
[POLICY] loss=-0.00867 policy_loss=-0.00867 value_loss=0.00000 entropy=0.00000 kl=0.01714 step_ratio=0.9990 step_clip=0.1012 post_ratio=0.9956 post_clip=0.1475 grad=0.34002 lr=0.001000 critic_lr=0.000000 sde_steps=4 opt_steps=20
[POLICY_DETAIL] samples=196043 mb=49010 micro_mb=8192 micro_steps=120 batch_ratio=0.9993 batch_min=0.1289 batch_max=5.5532 post_ratio=0.9956 post_min=0.2976 post_max=1.9671 post_clip=0.1475 logp_delta_abs=0.13639 post_logp_delta_abs=0.17080 post_kl=0.02484 old_logp=-15.73400 new_logp=-15.75158 adv_abs=0.75751 grpo_adv_abs=0.75751 valid=0.99713
[TRAIN] mean_reward=46.39509 mean_len=1239.06 recent_eps=100 completed_eps=311890
[UPDATE_EFFECT] action_delta=0.02577776 param_rms_delta=0.00196000
[TIME] collect=14.289s update=0.990s
[DONE] timeout=0.00000 anchor_pos=0.00000 anchor_ori=0.00000 ee_body=0.00000
[DONE_ROLLOUT] timeout=0.00000 anchor_pos=0.00000 anchor_ori=0.00000 ee_body=0.00769
[FIRST_FAILURE] chunk_mean=14.03 chunk_min=8 chunk_max=23 phase_mean=931.13 phase_min=327 phase_max=1124 anchor_pos=0.00000 anchor_ori=0.00000 ee_body=0.00769 timeout=0.00000
[TRACK_CHUNK0] anchor_pos=0.97629 anchor_ori=0.82646 body_pos=0.97650 body_ori=0.79910 body_lin=0.55093 body_ang=0.03417
[TRACK_ROLLOUT] anchor_pos=0.84551 anchor_ori=0.72764 body_pos=0.89433 body_ori=0.18232 body_lin=0.50035 body_ang=0.07968
[TRAIN_COST] action_rate=20.89992 joint_torque=3778.42627 joint_limit=0.00123 undesired_contacts=1.21741
[REWARD_WEIGHTED] pos=0.11932 penalty=-0.05023 total=0.06910 act_rate=-0.04180 torque=-0.00076 contacts=-0.00243
[ACT_SUMMARY] abs_mean=0.6643 abs_p95=1.6886 abs_p99=2.3708 abs_max=4.1169 abs_max_all=4.6995 legs=0.6864 waist=0.6152 arms=0.6559 first=0.6643 last=0.7251 latent_abs=0.7688 latent_max=8.6861
[TRAIN_BODY] torso_ori=6.24deg l_wrist_ori=13.16deg r_wrist_ori=13.14deg l_elbow_ori=12.13deg r_elbow_ori=11.81deg l_shoulder_ori=9.02deg r_shoulder_ori=8.84deg
[TRAIN_ANG] torso=2.127 l_wrist=9.556 r_wrist=7.778 l_elbow=8.625 r_elbow=6.762 l_shoulder=5.092 r_shoulder=4.318
[TRAIN_ACT] l_wrist_r=0.5382 l_wrist_p=0.5360 l_wrist_y=0.5172 r_wrist_r=0.4859 r_wrist_p=0.5024 r_wrist_y=0.5670 l_elbow=0.7064 r_elbow=0.7422
[UPDATE] 177/200 group_reward=69.67377 group_std=19.54398 group_raw=1.11518 rollout_ret=1.11130 chunk0_ret=0.06915 chunk_last_ret=0.03799
[REWARD_SCALE] live_steps=23.93 min=6 p50=24 p95=24 max=24 survive=0.99048 per_step=0.04645 per_second=2.322 episode30s_projection=69.67
[OBJECTIVE] obj_mean=1.11130 obj_std=0.31516 obj_min=-0.32524 obj_max=2.32469 raw_mean=1.11518 raw_std=0.31158 raw_min=-0.32524 raw_max=2.32469 score_mean=0.04643 rtg_mean=-1.20732 grpo_score=0.95515 early_penalty=0.15615
[PHASE] start_mean=868.89 start_min=0 start_max=1433 fail_rel_mean=15.13
[CHUNK_REWARD] obj_first=0.06915 obj_mid=0.04465 obj_last=0.03756 raw_first=0.06915 raw_mid=0.04481 raw_last=0.03799
[POLICY] loss=-0.00862 policy_loss=-0.00862 value_loss=0.00000 entropy=0.00000 kl=0.01747 step_ratio=0.9992 step_clip=0.1043 post_ratio=0.9969 post_clip=0.1445 grad=0.35140 lr=0.001000 critic_lr=0.000000 sde_steps=4 opt_steps=20
[POLICY_DETAIL] samples=195994 mb=48998 micro_mb=8192 micro_steps=120 batch_ratio=0.9993 batch_min=0.1500 batch_max=8.5413 post_ratio=0.9969 post_min=0.3108 post_max=2.4040 post_clip=0.1445 logp_delta_abs=0.13785 post_logp_delta_abs=0.17272 post_kl=0.02657 old_logp=-15.72887 new_logp=-15.74678 adv_abs=0.75683 grpo_adv_abs=0.75683 valid=0.99688
[TRAIN] mean_reward=53.01927 mean_len=1431.12 recent_eps=100 completed_eps=311969
[UPDATE_EFFECT] action_delta=0.02673441 param_rms_delta=0.00198585
[TIME] collect=14.322s update=0.980s
[DONE] timeout=0.00000 anchor_pos=0.00000 anchor_ori=0.00000 ee_body=0.00000
[DONE_ROLLOUT] timeout=0.00000 anchor_pos=0.00049 anchor_ori=0.00000 ee_body=0.00903
[FIRST_FAILURE] chunk_mean=15.13 chunk_min=5 chunk_max=23 phase_mean=922.38 phase_min=581 phase_max=1146 anchor_pos=0.00049 anchor_ori=0.00000 ee_body=0.00903 timeout=0.00000
[TRACK_CHUNK0] anchor_pos=0.97607 anchor_ori=0.82835 body_pos=0.97664 body_ori=0.79966 body_lin=0.55244 body_ang=0.03663
[TRACK_ROLLOUT] anchor_pos=0.84428 anchor_ori=0.73534 body_pos=0.89482 body_ori=0.18331 body_lin=0.50017 body_ang=0.08052
[TRAIN_COST] action_rate=20.98512 joint_torque=3833.36426 joint_limit=0.00135 undesired_contacts=1.23718
[REWARD_WEIGHTED] pos=0.11948 penalty=-0.05033 total=0.06915 act_rate=-0.04197 torque=-0.00077 contacts=-0.00247
[ACT_SUMMARY] abs_mean=0.6667 abs_p95=1.6834 abs_p99=2.3726 abs_max=4.0059 abs_max_all=4.6696 legs=0.6904 waist=0.6178 arms=0.6569 first=0.6667 last=0.7219 latent_abs=0.7676 latent_max=8.4413
[TRAIN_BODY] torso_ori=6.19deg l_wrist_ori=13.36deg r_wrist_ori=13.08deg l_elbow_ori=12.34deg r_elbow_ori=11.84deg l_shoulder_ori=9.17deg r_shoulder_ori=8.86deg
[TRAIN_ANG] torso=2.107 l_wrist=9.360 r_wrist=7.674 l_elbow=8.454 r_elbow=6.677 l_shoulder=5.171 r_shoulder=4.193
[TRAIN_ACT] l_wrist_r=0.5548 l_wrist_p=0.5437 l_wrist_y=0.5149 r_wrist_r=0.4850 r_wrist_p=0.5095 r_wrist_y=0.5669 l_elbow=0.7124 r_elbow=0.7375
[UPDATE] 178/200 group_reward=69.64794 group_std=19.77030 group_raw=1.11482 rollout_ret=1.11072 chunk0_ret=0.06957 chunk_last_ret=0.03856
[REWARD_SCALE] live_steps=23.92 min=8 p50=24 p95=24 max=24 survive=0.98975 per_step=0.04643 per_second=2.322 episode30s_projection=69.65
[OBJECTIVE] obj_mean=1.11072 obj_std=0.31917 obj_min=-0.69432 obj_max=2.39933 raw_mean=1.11482 raw_std=0.31584 raw_min=-0.69432 raw_max=2.39933 score_mean=0.04642 rtg_mean=-1.02626 grpo_score=0.94720 early_penalty=0.16352
[PHASE] start_mean=874.24 start_min=2 start_max=1433 fail_rel_mean=15.35
[CHUNK_REWARD] obj_first=0.06957 obj_mid=0.04490 obj_last=0.03811 raw_first=0.06957 raw_mid=0.04509 raw_last=0.03856
[POLICY] loss=-0.00861 policy_loss=-0.00861 value_loss=0.00000 entropy=0.00000 kl=0.01764 step_ratio=0.9997 step_clip=0.1061 post_ratio=0.9956 post_clip=0.1328 grad=0.35863 lr=0.001000 critic_lr=0.000000 sde_steps=4 opt_steps=20
[POLICY_DETAIL] samples=195965 mb=48991 micro_mb=8192 micro_steps=120 batch_ratio=0.9996 batch_min=0.1964 batch_max=8.7351 post_ratio=0.9956 post_min=0.4603 post_max=2.3784 post_clip=0.1328 logp_delta_abs=0.13883 post_logp_delta_abs=0.16240 post_kl=0.02310 old_logp=-15.73491 new_logp=-15.75268 adv_abs=0.75499 grpo_adv_abs=0.75499 valid=0.99673
[TRAIN] mean_reward=54.94861 mean_len=1467.18 recent_eps=100 completed_eps=312054
[UPDATE_EFFECT] action_delta=0.02388964 param_rms_delta=0.00196529
[TIME] collect=14.364s update=0.989s
[DONE] timeout=0.00000 anchor_pos=0.00000 anchor_ori=0.00000 ee_body=0.00000
[DONE_ROLLOUT] timeout=0.00000 anchor_pos=0.00012 anchor_ori=0.00000 ee_body=0.01013
[FIRST_FAILURE] chunk_mean=15.35 chunk_min=7 chunk_max=23 phase_mean=932.65 phase_min=396 phase_max=1124 anchor_pos=0.00012 anchor_ori=0.00000 ee_body=0.01013 timeout=0.00000
[TRACK_CHUNK0] anchor_pos=0.97631 anchor_ori=0.82961 body_pos=0.97695 body_ori=0.80050 body_lin=0.55280 body_ang=0.03678
[TRACK_ROLLOUT] anchor_pos=0.84866 anchor_ori=0.73274 body_pos=0.89379 body_ori=0.18149 body_lin=0.49884 body_ang=0.08073
[TRAIN_COST] action_rate=20.75372 joint_torque=3831.37988 joint_limit=0.00126 undesired_contacts=1.22937
[REWARD_WEIGHTED] pos=0.11958 penalty=-0.05001 total=0.06957 act_rate=-0.04151 torque=-0.00077 contacts=-0.00246
[ACT_SUMMARY] abs_mean=0.6625 abs_p95=1.6777 abs_p99=2.3678 abs_max=4.0746 abs_max_all=4.7702 legs=0.6863 waist=0.6105 arms=0.6533 first=0.6625 last=0.7238 latent_abs=0.7701 latent_max=9.3745
[TRAIN_BODY] torso_ori=6.19deg l_wrist_ori=13.29deg r_wrist_ori=13.20deg l_elbow_ori=12.22deg r_elbow_ori=11.89deg l_shoulder_ori=8.99deg r_shoulder_ori=8.67deg
[TRAIN_ANG] torso=2.144 l_wrist=9.606 r_wrist=7.647 l_elbow=8.749 r_elbow=6.682 l_shoulder=5.316 r_shoulder=4.311
[TRAIN_ACT] l_wrist_r=0.5398 l_wrist_p=0.5437 l_wrist_y=0.5181 r_wrist_r=0.4799 r_wrist_p=0.5006 r_wrist_y=0.5634 l_elbow=0.6923 r_elbow=0.7348
[UPDATE] 179/200 group_reward=70.15208 group_std=19.80907 group_raw=1.12312 rollout_ret=1.11678 chunk0_ret=0.06942 chunk_last_ret=0.03827
[REWARD_SCALE] live_steps=23.88 min=6 p50=24 p95=24 max=24 survive=0.98608 per_step=0.04677 per_second=2.338 episode30s_projection=70.15
[OBJECTIVE] obj_mean=1.11678 obj_std=0.32191 obj_min=-0.53037 obj_max=2.32195 raw_mean=1.12312 raw_std=0.31580 raw_min=-0.53037 raw_max=2.32195 score_mean=0.04675 rtg_mean=-0.33130 grpo_score=0.86475 early_penalty=0.25202
[PHASE] start_mean=874.83 start_min=5 start_max=1433 fail_rel_mean=14.31
[CHUNK_REWARD] obj_first=0.06942 obj_mid=0.04511 obj_last=0.03764 raw_first=0.06942 raw_mid=0.04539 raw_last=0.03827
[POLICY] loss=-0.00836 policy_loss=-0.00836 value_loss=0.00000 entropy=0.00000 kl=0.01813 step_ratio=0.9992 step_clip=0.1093 post_ratio=1.0056 post_clip=0.1465 grad=0.37799 lr=0.001000 critic_lr=0.000000 sde_steps=4 opt_steps=20
[POLICY_DETAIL] samples=195617 mb=48904 micro_mb=8192 micro_steps=120 batch_ratio=0.9994 batch_min=0.1572 batch_max=5.7049 post_ratio=1.0056 post_min=0.4754 post_max=2.0257 post_clip=0.1465 logp_delta_abs=0.14057 post_logp_delta_abs=0.16460 post_kl=0.02294 old_logp=-15.72770 new_logp=-15.74610 adv_abs=0.75567 grpo_adv_abs=0.75567 valid=0.99496
[TRAIN] mean_reward=59.60690 mean_len=1636.30 recent_eps=100 completed_eps=312168
[UPDATE_EFFECT] action_delta=0.02554652 param_rms_delta=0.00197354
[TIME] collect=14.252s update=0.995s
[DONE] timeout=0.00000 anchor_pos=0.00000 anchor_ori=0.00000 ee_body=0.00000
[DONE_ROLLOUT] timeout=0.00000 anchor_pos=0.00012 anchor_ori=0.00000 ee_body=0.01392
[FIRST_FAILURE] chunk_mean=14.31 chunk_min=5 chunk_max=23 phase_mean=903.63 phase_min=488 phase_max=1124 anchor_pos=0.00012 anchor_ori=0.00000 ee_body=0.01392 timeout=0.00000
[TRACK_CHUNK0] anchor_pos=0.97582 anchor_ori=0.83112 body_pos=0.97688 body_ori=0.80081 body_lin=0.54882 body_ang=0.03369
[TRACK_ROLLOUT] anchor_pos=0.84891 anchor_ori=0.73459 body_pos=0.89333 body_ori=0.18091 body_lin=0.49765 body_ang=0.08006
[TRAIN_COST] action_rate=20.81767 joint_torque=3876.77051 joint_limit=0.00116 undesired_contacts=1.17822
[REWARD_WEIGHTED] pos=0.11948 penalty=-0.05006 total=0.06942 act_rate=-0.04164 torque=-0.00078 contacts=-0.00236
[ACT_SUMMARY] abs_mean=0.6637 abs_p95=1.6798 abs_p99=2.3627 abs_max=4.0972 abs_max_all=4.7824 legs=0.6879 waist=0.6167 arms=0.6530 first=0.6637 last=0.7241 latent_abs=0.7707 latent_max=9.5137
[TRAIN_BODY] torso_ori=6.20deg l_wrist_ori=13.26deg r_wrist_ori=13.28deg l_elbow_ori=12.23deg r_elbow_ori=11.94deg l_shoulder_ori=9.17deg r_shoulder_ori=8.74deg
[TRAIN_ANG] torso=2.146 l_wrist=9.479 r_wrist=7.784 l_elbow=8.634 r_elbow=6.752 l_shoulder=5.268 r_shoulder=4.238
[TRAIN_ACT] l_wrist_r=0.5480 l_wrist_p=0.5382 l_wrist_y=0.5200 r_wrist_r=0.4814 r_wrist_p=0.4994 r_wrist_y=0.5712 l_elbow=0.6963 r_elbow=0.7193
[UPDATE] 180/200 group_reward=70.92988 group_std=19.72469 group_raw=1.13588 rollout_ret=1.13003 chunk0_ret=0.06945 chunk_last_ret=0.03880
[REWARD_SCALE] live_steps=23.90 min=5 p50=24 p95=24 max=24 survive=0.98669 per_step=0.04729 per_second=2.364 episode30s_projection=70.93
[OBJECTIVE] obj_mean=1.13003 obj_std=0.31858 obj_min=-0.55929 obj_max=2.24555 raw_mean=1.13588 raw_std=0.31417 raw_min=-0.55929 raw_max=2.24555 score_mean=0.04727 rtg_mean=-0.97817 grpo_score=0.91641 early_penalty=0.21362
[PHASE] start_mean=877.21 start_min=1 start_max=1433 fail_rel_mean=15.29
[CHUNK_REWARD] obj_first=0.06945 obj_mid=0.04604 obj_last=0.03811 raw_first=0.06945 raw_mid=0.04617 raw_last=0.03880
[POLICY] loss=-0.00794 policy_loss=-0.00794 value_loss=0.00000 entropy=0.00000 kl=0.01844 step_ratio=0.9992 step_clip=0.1116 post_ratio=0.9914 post_clip=0.1709 grad=0.37201 lr=0.001000 critic_lr=0.000000 sde_steps=4 opt_steps=20
[POLICY_DETAIL] samples=195768 mb=48942 micro_mb=8192 micro_steps=120 batch_ratio=0.9994 batch_min=0.1156 batch_max=5.2586 post_ratio=0.9914 post_min=0.4360 post_max=2.1295 post_clip=0.1709 logp_delta_abs=0.14104 post_logp_delta_abs=0.18114 post_kl=0.02781 old_logp=-15.72701 new_logp=-15.74575 adv_abs=0.75584 grpo_adv_abs=0.75584 valid=0.99573
[TRAIN] mean_reward=53.82867 mean_len=1426.57 recent_eps=100 completed_eps=312277
[UPDATE_EFFECT] action_delta=0.02475092 param_rms_delta=0.00196847
[TIME] collect=14.221s update=0.979s
[DONE] timeout=0.00000 anchor_pos=0.00000 anchor_ori=0.00000 ee_body=0.00000
[DONE_ROLLOUT] timeout=0.00000 anchor_pos=0.00000 anchor_ori=0.00000 ee_body=0.01331
[FIRST_FAILURE] chunk_mean=15.29 chunk_min=4 chunk_max=23 phase_mean=896.49 phase_min=584 phase_max=1184 anchor_pos=0.00000 anchor_ori=0.00000 ee_body=0.01331 timeout=0.00000
[TRACK_CHUNK0] anchor_pos=0.97541 anchor_ori=0.82893 body_pos=0.97674 body_ori=0.80091 body_lin=0.55244 body_ang=0.03728
[TRACK_ROLLOUT] anchor_pos=0.84597 anchor_ori=0.74003 body_pos=0.89159 body_ori=0.18299 body_lin=0.49420 body_ang=0.08212
[TRAIN_COST] action_rate=20.84209 joint_torque=3813.92627 joint_limit=0.00105 undesired_contacts=1.25793
[REWARD_WEIGHTED] pos=0.11952 penalty=-0.05007 total=0.06945 act_rate=-0.04168 torque=-0.00076 contacts=-0.00252
[ACT_SUMMARY] abs_mean=0.6634 abs_p95=1.6824 abs_p99=2.3773 abs_max=4.2072 abs_max_all=4.7497 legs=0.6887 waist=0.6152 arms=0.6520 first=0.6634 last=0.7225 latent_abs=0.7669 latent_max=9.1553
[TRAIN_BODY] torso_ori=6.13deg l_wrist_ori=13.02deg r_wrist_ori=13.35deg l_elbow_ori=12.09deg r_elbow_ori=12.15deg l_shoulder_ori=8.94deg r_shoulder_ori=8.81deg
[TRAIN_ANG] torso=2.146 l_wrist=9.246 r_wrist=7.656 l_elbow=8.403 r_elbow=6.801 l_shoulder=5.106 r_shoulder=4.258
[TRAIN_ACT] l_wrist_r=0.5526 l_wrist_p=0.5442 l_wrist_y=0.5163 r_wrist_r=0.4717 r_wrist_p=0.4961 r_wrist_y=0.5580 l_elbow=0.6988 r_elbow=0.7141
[UPDATE] 181/200 group_reward=70.38744 group_std=19.93077 group_raw=1.12692 rollout_ret=1.12291 chunk0_ret=0.06933 chunk_last_ret=0.03828
[REWARD_SCALE] live_steps=23.93 min=4 p50=24 p95=24 max=24 survive=0.98962 per_step=0.04692 per_second=2.346 episode30s_projection=70.39
[OBJECTIVE] obj_mean=1.12291 obj_std=0.32023 obj_min=-0.52995 obj_max=2.27222 raw_mean=1.12692 raw_std=0.31667 raw_min=-0.52995 raw_max=2.27222 score_mean=0.04689 rtg_mean=-1.19327 grpo_score=0.97668 early_penalty=0.14623
[PHASE] start_mean=875.75 start_min=2 start_max=1433 fail_rel_mean=16.24
[CHUNK_REWARD] obj_first=0.06933 obj_mid=0.04522 obj_last=0.03776 raw_first=0.06933 raw_mid=0.04533 raw_last=0.03828
[POLICY] loss=-0.00677 policy_loss=-0.00677 value_loss=0.00000 entropy=0.00000 kl=0.02070 step_ratio=0.9994 step_clip=0.1270 post_ratio=0.9947 post_clip=0.1855 grad=0.42931 lr=0.001000 critic_lr=0.000000 sde_steps=4 opt_steps=20
[POLICY_DETAIL] samples=196033 mb=49008 micro_mb=8192 micro_steps=120 batch_ratio=0.9995 batch_min=0.0855 batch_max=6.8491 post_ratio=0.9947 post_min=0.3582 post_max=2.2276 post_clip=0.1855 logp_delta_abs=0.14843 post_logp_delta_abs=0.18915 post_kl=0.03064 old_logp=-15.73163 new_logp=-15.75245 adv_abs=0.75795 grpo_adv_abs=0.75795 valid=0.99708
[TRAIN] mean_reward=50.68268 mean_len=1319.29 recent_eps=100 completed_eps=312362
[UPDATE_EFFECT] action_delta=0.02947379 param_rms_delta=0.00194815
[TIME] collect=14.271s update=0.982s
[DONE] timeout=0.00000 anchor_pos=0.00000 anchor_ori=0.00000 ee_body=0.00000
[DONE_ROLLOUT] timeout=0.00000 anchor_pos=0.00024 anchor_ori=0.00000 ee_body=0.01013
[FIRST_FAILURE] chunk_mean=16.24 chunk_min=3 chunk_max=23 phase_mean=903.06 phase_min=569 phase_max=1142 anchor_pos=0.00024 anchor_ori=0.00000 ee_body=0.01013 timeout=0.00000
[TRACK_CHUNK0] anchor_pos=0.97632 anchor_ori=0.83133 body_pos=0.97607 body_ori=0.79888 body_lin=0.54746 body_ang=0.03652
[TRACK_ROLLOUT] anchor_pos=0.84308 anchor_ori=0.73720 body_pos=0.89176 body_ori=0.18590 body_lin=0.49125 body_ang=0.08110
[TRAIN_COST] action_rate=20.83477 joint_torque=3918.86816 joint_limit=0.00116 undesired_contacts=1.30603
[REWARD_WEIGHTED] pos=0.11948 penalty=-0.05015 total=0.06933 act_rate=-0.04167 torque=-0.00078 contacts=-0.00261
[ACT_SUMMARY] abs_mean=0.6648 abs_p95=1.6802 abs_p99=2.3577 abs_max=4.0510 abs_max_all=4.7244 legs=0.6909 waist=0.6250 arms=0.6510 first=0.6648 last=0.7204 latent_abs=0.7682 latent_max=8.9088
[TRAIN_BODY] torso_ori=6.27deg l_wrist_ori=13.45deg r_wrist_ori=13.32deg l_elbow_ori=12.42deg r_elbow_ori=12.03deg l_shoulder_ori=9.10deg r_shoulder_ori=8.80deg
[TRAIN_ANG] torso=2.136 l_wrist=9.317 r_wrist=7.644 l_elbow=8.383 r_elbow=6.756 l_shoulder=5.095 r_shoulder=4.210
[TRAIN_ACT] l_wrist_r=0.5440 l_wrist_p=0.5340 l_wrist_y=0.5044 r_wrist_r=0.4652 r_wrist_p=0.5001 r_wrist_y=0.5663 l_elbow=0.7041 r_elbow=0.7371
[UPDATE] 182/200 group_reward=72.13554 group_std=19.51581 group_raw=1.15505 rollout_ret=1.14969 chunk0_ret=0.06934 chunk_last_ret=0.03963
[REWARD_SCALE] live_steps=23.91 min=8 p50=24 p95=24 max=24 survive=0.98779 per_step=0.04809 per_second=2.405 episode30s_projection=72.14
[OBJECTIVE] obj_mean=1.14969 obj_std=0.31516 obj_min=-0.51842 obj_max=2.33909 raw_mean=1.15505 raw_std=0.31149 raw_min=-0.51842 raw_max=2.33909 score_mean=0.04808 rtg_mean=-1.47282 grpo_score=0.95565 early_penalty=0.19404
[PHASE] start_mean=878.69 start_min=2 start_max=1433 fail_rel_mean=15.37
[CHUNK_REWARD] obj_first=0.06934 obj_mid=0.04661 obj_last=0.03903 raw_first=0.06934 raw_mid=0.04673 raw_last=0.03963
[POLICY] loss=-0.00729 policy_loss=-0.00729 value_loss=0.00000 entropy=0.00000 kl=0.01947 step_ratio=0.9992 step_clip=0.1166 post_ratio=1.0067 post_clip=0.1299 grad=0.39871 lr=0.001000 critic_lr=0.000000 sde_steps=4 opt_steps=20
[POLICY_DETAIL] samples=195845 mb=48961 micro_mb=8192 micro_steps=120 batch_ratio=0.9993 batch_min=0.1230 batch_max=8.2480 post_ratio=1.0067 post_min=0.4036 post_max=2.1656 post_clip=0.1299 logp_delta_abs=0.14468 post_logp_delta_abs=0.16248 post_kl=0.02211 old_logp=-15.73266 new_logp=-15.75244 adv_abs=0.75824 grpo_adv_abs=0.75824 valid=0.99612
[TRAIN] mean_reward=54.71324 mean_len=1439.36 recent_eps=100 completed_eps=312462
[UPDATE_EFFECT] action_delta=0.02389937 param_rms_delta=0.00193673
[TIME] collect=14.299s update=0.997s
[DONE] timeout=0.00000 anchor_pos=0.00000 anchor_ori=0.00000 ee_body=0.00000
[DONE_ROLLOUT] timeout=0.00000 anchor_pos=0.00000 anchor_ori=0.00000 ee_body=0.01221
[FIRST_FAILURE] chunk_mean=15.37 chunk_min=7 chunk_max=23 phase_mean=880.67 phase_min=531 phase_max=1160 anchor_pos=0.00000 anchor_ori=0.00000 ee_body=0.01221 timeout=0.00000
[TRACK_CHUNK0] anchor_pos=0.97609 anchor_ori=0.83038 body_pos=0.97629 body_ori=0.80191 body_lin=0.55139 body_ang=0.03684
[TRACK_ROLLOUT] anchor_pos=0.85161 anchor_ori=0.73986 body_pos=0.89031 body_ori=0.18747 body_lin=0.49487 body_ang=0.08385
[TRAIN_COST] action_rate=20.85669 joint_torque=3826.33496 joint_limit=0.00126 undesired_contacts=1.28149
[REWARD_WEIGHTED] pos=0.11959 penalty=-0.05025 total=0.06934 act_rate=-0.04171 torque=-0.00077 contacts=-0.00256
[ACT_SUMMARY] abs_mean=0.6636 abs_p95=1.6820 abs_p99=2.3856 abs_max=3.8756 abs_max_all=4.7253 legs=0.6882 waist=0.6149 arms=0.6529 first=0.6636 last=0.7126 latent_abs=0.7623 latent_max=8.9169
[TRAIN_BODY] torso_ori=6.18deg l_wrist_ori=13.45deg r_wrist_ori=13.00deg l_elbow_ori=12.36deg r_elbow_ori=11.95deg l_shoulder_ori=9.03deg r_shoulder_ori=8.93deg
[TRAIN_ANG] torso=2.119 l_wrist=9.270 r_wrist=7.735 l_elbow=8.371 r_elbow=6.807 l_shoulder=4.996 r_shoulder=4.219
[TRAIN_ACT] l_wrist_r=0.5477 l_wrist_p=0.5382 l_wrist_y=0.5056 r_wrist_r=0.4661 r_wrist_p=0.4817 r_wrist_y=0.5719 l_elbow=0.6896 r_elbow=0.7444
[UPDATE] 183/200 group_reward=71.05138 group_std=20.06957 group_raw=1.13808 rollout_ret=1.13023 chunk0_ret=0.06976 chunk_last_ret=0.03958
[REWARD_SCALE] live_steps=23.86 min=7 p50=24 p95=24 max=24 survive=0.98083 per_step=0.04737 per_second=2.368 episode30s_projection=71.05
[OBJECTIVE] obj_mean=1.13023 obj_std=0.32482 obj_min=-0.61348 obj_max=2.24832 raw_mean=1.13808 raw_std=0.31855 raw_min=-0.61348 raw_max=2.24832 score_mean=0.04733 rtg_mean=-2.19386 grpo_score=0.84031 early_penalty=0.28992
[PHASE] start_mean=873.35 start_min=2 start_max=1433 fail_rel_mean=15.74
[CHUNK_REWARD] obj_first=0.06976 obj_mid=0.04547 obj_last=0.03862 raw_first=0.06976 raw_mid=0.04570 raw_last=0.03958
[POLICY] loss=-0.00895 policy_loss=-0.00895 value_loss=0.00000 entropy=0.00000 kl=0.01695 step_ratio=0.9995 step_clip=0.1000 post_ratio=0.9886 post_clip=0.1094 grad=0.33268 lr=0.001000 critic_lr=0.000000 sde_steps=4 opt_steps=20
[POLICY_DETAIL] samples=195468 mb=48867 micro_mb=8192 micro_steps=120 batch_ratio=0.9997 batch_min=0.1786 batch_max=4.4216 post_ratio=0.9886 post_min=0.4452 post_max=1.9075 post_clip=0.1094 logp_delta_abs=0.13610 post_logp_delta_abs=0.15368 post_kl=0.01979 old_logp=-15.73229 new_logp=-15.74933 adv_abs=0.76001 grpo_adv_abs=0.76001 valid=0.99420
[TRAIN] mean_reward=56.62903 mean_len=1481.33 recent_eps=100 completed_eps=312619
[UPDATE_EFFECT] action_delta=0.02363402 param_rms_delta=0.00197007
[TIME] collect=14.204s update=0.983s
[DONE] timeout=0.00000 anchor_pos=0.00000 anchor_ori=0.00000 ee_body=0.00000
[DONE_ROLLOUT] timeout=0.00000 anchor_pos=0.00037 anchor_ori=0.00000 ee_body=0.01892
[FIRST_FAILURE] chunk_mean=15.74 chunk_min=6 chunk_max=23 phase_mean=885.71 phase_min=332 phase_max=1124 anchor_pos=0.00037 anchor_ori=0.00000 ee_body=0.01892 timeout=0.00000
[TRACK_CHUNK0] anchor_pos=0.97592 anchor_ori=0.82428 body_pos=0.97625 body_ori=0.79918 body_lin=0.55187 body_ang=0.03912
[TRACK_ROLLOUT] anchor_pos=0.84774 anchor_ori=0.72925 body_pos=0.88943 body_ori=0.18475 body_lin=0.49197 body_ang=0.08232
[TRAIN_COST] action_rate=20.48370 joint_torque=3773.35107 joint_limit=0.00124 undesired_contacts=1.28979
[REWARD_WEIGHTED] pos=0.11934 penalty=-0.04957 total=0.06976 act_rate=-0.04097 torque=-0.00075 contacts=-0.00258
[ACT_SUMMARY] abs_mean=0.6580 abs_p95=1.6711 abs_p99=2.3468 abs_max=3.9334 abs_max_all=4.7350 legs=0.6794 waist=0.6194 arms=0.6479 first=0.6580 last=0.7132 latent_abs=0.7618 latent_max=9.0095
[TRAIN_BODY] torso_ori=6.22deg l_wrist_ori=13.63deg r_wrist_ori=13.18deg l_elbow_ori=12.56deg r_elbow_ori=11.95deg l_shoulder_ori=9.20deg r_shoulder_ori=8.72deg
[TRAIN_ANG] torso=2.124 l_wrist=9.185 r_wrist=7.784 l_elbow=8.325 r_elbow=6.785 l_shoulder=5.002 r_shoulder=4.214
[TRAIN_ACT] l_wrist_r=0.5483 l_wrist_p=0.5283 l_wrist_y=0.5056 r_wrist_r=0.4650 r_wrist_p=0.4933 r_wrist_y=0.5725 l_elbow=0.6651 r_elbow=0.7291
[UPDATE] 184/200 group_reward=72.02432 group_std=19.74558 group_raw=1.15326 rollout_ret=1.14611 chunk0_ret=0.07039 chunk_last_ret=0.03927
[REWARD_SCALE] live_steps=23.87 min=6 p50=24 p95=24 max=24 survive=0.98328 per_step=0.04802 per_second=2.401 episode30s_projection=72.02
[OBJECTIVE] obj_mean=1.14611 obj_std=0.32054 obj_min=-0.40641 obj_max=2.40534 raw_mean=1.15326 raw_std=0.31431 raw_min=-0.40641 raw_max=2.40534 score_mean=0.04799 rtg_mean=-1.95428 grpo_score=0.87348 early_penalty=0.27262
[PHASE] start_mean=869.47 start_min=1 start_max=1433 fail_rel_mean=15.18
[CHUNK_REWARD] obj_first=0.07039 obj_mid=0.04667 obj_last=0.03848 raw_first=0.07039 raw_mid=0.04689 raw_last=0.03927
[POLICY] loss=-0.00891 policy_loss=-0.00891 value_loss=0.00000 entropy=0.00000 kl=0.01669 step_ratio=0.9994 step_clip=0.0979 post_ratio=0.9881 post_clip=0.1045 grad=0.33493 lr=0.001000 critic_lr=0.000000 sde_steps=4 opt_steps=20
[POLICY_DETAIL] samples=195536 mb=48884 micro_mb=8192 micro_steps=120 batch_ratio=0.9996 batch_min=0.1143 batch_max=4.8839 post_ratio=0.9881 post_min=0.4923 post_max=2.3017 post_clip=0.1045 logp_delta_abs=0.13477 post_logp_delta_abs=0.14870 post_kl=0.01882 old_logp=-15.73341 new_logp=-15.75030 adv_abs=0.76012 grpo_adv_abs=0.76012 valid=0.99455
[TRAIN] mean_reward=51.84410 mean_len=1350.44 recent_eps=100 completed_eps=312756
[UPDATE_EFFECT] action_delta=0.02282981 param_rms_delta=0.00194204
[TIME] collect=14.327s update=1.002s
[DONE] timeout=0.00000 anchor_pos=0.00000 anchor_ori=0.00000 ee_body=0.00000
[DONE_ROLLOUT] timeout=0.00000 anchor_pos=0.00012 anchor_ori=0.00000 ee_body=0.01660
[FIRST_FAILURE] chunk_mean=15.18 chunk_min=5 chunk_max=23 phase_mean=897.08 phase_min=393 phase_max=1125 anchor_pos=0.00012 anchor_ori=0.00000 ee_body=0.01660 timeout=0.00000
[TRACK_CHUNK0] anchor_pos=0.97557 anchor_ori=0.83034 body_pos=0.97633 body_ori=0.79884 body_lin=0.54980 body_ang=0.03803
[TRACK_ROLLOUT] anchor_pos=0.84808 anchor_ori=0.74097 body_pos=0.88997 body_ori=0.18685 body_lin=0.49012 body_ang=0.08163
[TRAIN_COST] action_rate=20.28521 joint_torque=3723.72803 joint_limit=0.00133 undesired_contacts=1.27734
[REWARD_WEIGHTED] pos=0.11950 penalty=-0.04911 total=0.07039 act_rate=-0.04057 torque=-0.00074 contacts=-0.00255
[ACT_SUMMARY] abs_mean=0.6545 abs_p95=1.6655 abs_p99=2.3406 abs_max=3.8520 abs_max_all=4.8056 legs=0.6732 waist=0.6233 arms=0.6452 first=0.6545 last=0.7125 latent_abs=0.7619 latent_max=9.8025
[TRAIN_BODY] torso_ori=6.23deg l_wrist_ori=13.39deg r_wrist_ori=13.33deg l_elbow_ori=12.50deg r_elbow_ori=12.15deg l_shoulder_ori=9.12deg r_shoulder_ori=8.82deg
[TRAIN_ANG] torso=2.147 l_wrist=9.086 r_wrist=8.029 l_elbow=8.182 r_elbow=6.967 l_shoulder=4.840 r_shoulder=4.309
[TRAIN_ACT] l_wrist_r=0.5489 l_wrist_p=0.5366 l_wrist_y=0.5067 r_wrist_r=0.4657 r_wrist_p=0.4921 r_wrist_y=0.5621 l_elbow=0.6631 r_elbow=0.7303
[UPDATE] 185/200 group_reward=72.53127 group_std=19.77002 group_raw=1.16165 rollout_ret=1.15345 chunk0_ret=0.06996 chunk_last_ret=0.04046
[REWARD_SCALE] live_steps=23.85 min=7 p50=24 p95=24 max=24 survive=0.98181 per_step=0.04835 per_second=2.418 episode30s_projection=72.53
[OBJECTIVE] obj_mean=1.15345 obj_std=0.32161 obj_min=-0.57549 obj_max=2.31272 raw_mean=1.16165 raw_std=0.31465 raw_min=-0.57549 raw_max=2.31272 score_mean=0.04832 rtg_mean=-1.56512 grpo_score=0.84980 early_penalty=0.30365
[PHASE] start_mean=876.07 start_min=30 start_max=1433 fail_rel_mean=14.99
[CHUNK_REWARD] obj_first=0.06996 obj_mid=0.04679 obj_last=0.03958 raw_first=0.06996 raw_mid=0.04702 raw_last=0.04046
[POLICY] loss=-0.00869 policy_loss=-0.00869 value_loss=0.00000 entropy=0.00000 kl=0.01712 step_ratio=0.9994 step_clip=0.1010 post_ratio=1.0084 post_clip=0.1250 grad=0.35140 lr=0.001000 critic_lr=0.000000 sde_steps=4 opt_steps=20
[POLICY_DETAIL] samples=195414 mb=48853 micro_mb=8192 micro_steps=120 batch_ratio=0.9995 batch_min=0.1434 batch_max=5.1431 post_ratio=1.0084 post_min=0.4083 post_max=2.0010 post_clip=0.1250 logp_delta_abs=0.13675 post_logp_delta_abs=0.16010 post_kl=0.02141 old_logp=-15.72302 new_logp=-15.74042 adv_abs=0.75805 grpo_adv_abs=0.75805 valid=0.99393
[TRAIN] mean_reward=61.61089 mean_len=1600.69 recent_eps=100 completed_eps=312905
[UPDATE_EFFECT] action_delta=0.02383772 param_rms_delta=0.00195773
[TIME] collect=14.189s update=1.008s
[DONE] timeout=0.00000 anchor_pos=0.00000 anchor_ori=0.00000 ee_body=0.00000
[DONE_ROLLOUT] timeout=0.00000 anchor_pos=0.00024 anchor_ori=0.00000 ee_body=0.01794
[FIRST_FAILURE] chunk_mean=14.99 chunk_min=6 chunk_max=23 phase_mean=894.65 phase_min=266 phase_max=1158 anchor_pos=0.00024 anchor_ori=0.00000 ee_body=0.01794 timeout=0.00000
[TRACK_CHUNK0] anchor_pos=0.97582 anchor_ori=0.82859 body_pos=0.97638 body_ori=0.80087 body_lin=0.54827 body_ang=0.03630
[TRACK_ROLLOUT] anchor_pos=0.85003 anchor_ori=0.73988 body_pos=0.88968 body_ori=0.18820 body_lin=0.49065 body_ang=0.08274
[TRAIN_COST] action_rate=20.27524 joint_torque=3748.23486 joint_limit=0.00128 undesired_contacts=1.34412
[REWARD_WEIGHTED] pos=0.11941 penalty=-0.04945 total=0.06996 act_rate=-0.04055 torque=-0.00075 contacts=-0.00269
[ACT_SUMMARY] abs_mean=0.6551 abs_p95=1.6546 abs_p99=2.3391 abs_max=3.7643 abs_max_all=4.7695 legs=0.6708 waist=0.6266 arms=0.6478 first=0.6551 last=0.7095 latent_abs=0.7589 latent_max=9.3672
[TRAIN_BODY] torso_ori=6.07deg l_wrist_ori=13.43deg r_wrist_ori=13.20deg l_elbow_ori=12.42deg r_elbow_ori=12.06deg l_shoulder_ori=9.02deg r_shoulder_ori=8.75deg
[TRAIN_ANG] torso=2.156 l_wrist=9.044 r_wrist=7.895 l_elbow=8.135 r_elbow=6.914 l_shoulder=4.909 r_shoulder=4.224
[TRAIN_ACT] l_wrist_r=0.5411 l_wrist_p=0.5317 l_wrist_y=0.4955 r_wrist_r=0.4638 r_wrist_p=0.4950 r_wrist_y=0.5593 l_elbow=0.6813 r_elbow=0.7417
[UPDATE] 186/200 group_reward=72.58348 group_std=19.57902 group_raw=1.16209 rollout_ret=1.15490 chunk0_ret=0.07044 chunk_last_ret=0.04005
[REWARD_SCALE] live_steps=23.87 min=6 p50=24 p95=24 max=24 survive=0.98499 per_step=0.04839 per_second=2.419 episode30s_projection=72.58
[OBJECTIVE] obj_mean=1.15490 obj_std=0.31830 obj_min=-0.27718 obj_max=2.30539 raw_mean=1.16209 raw_std=0.31139 raw_min=-0.27718 raw_max=2.30539 score_mean=0.04836 rtg_mean=-0.93868 grpo_score=0.87770 early_penalty=0.27720
[PHASE] start_mean=875.68 start_min=1 start_max=1433 fail_rel_mean=14.14
[CHUNK_REWARD] obj_first=0.07044 obj_mid=0.04656 obj_last=0.03934 raw_first=0.07044 raw_mid=0.04683 raw_last=0.04005
[POLICY] loss=-0.00797 policy_loss=-0.00797 value_loss=0.00000 entropy=0.00000 kl=0.01839 step_ratio=0.9991 step_clip=0.1109 post_ratio=0.9857 post_clip=0.1416 grad=0.39241 lr=0.001000 critic_lr=0.000000 sde_steps=4 opt_steps=20
[POLICY_DETAIL] samples=195518 mb=48879 micro_mb=8192 micro_steps=120 batch_ratio=0.9992 batch_min=0.1404 batch_max=5.9897 post_ratio=0.9857 post_min=0.3414 post_max=2.3718 post_clip=0.1416 logp_delta_abs=0.14124 post_logp_delta_abs=0.16299 post_kl=0.02340 old_logp=-15.73785 new_logp=-15.75669 adv_abs=0.75800 grpo_adv_abs=0.75800 valid=0.99446
[TRAIN] mean_reward=45.75631 mean_len=1186.22 recent_eps=100 completed_eps=313029
[UPDATE_EFFECT] action_delta=0.02459425 param_rms_delta=0.00193732
[TIME] collect=14.314s update=1.022s
[DONE] timeout=0.00000 anchor_pos=0.00000 anchor_ori=0.00000 ee_body=0.00000
[DONE_ROLLOUT] timeout=0.00000 anchor_pos=0.00000 anchor_ori=0.00000 ee_body=0.01501
[FIRST_FAILURE] chunk_mean=14.14 chunk_min=5 chunk_max=23 phase_mean=906.48 phase_min=371 phase_max=1125 anchor_pos=0.00000 anchor_ori=0.00000 ee_body=0.01501 timeout=0.00000
[TRACK_CHUNK0] anchor_pos=0.97645 anchor_ori=0.82947 body_pos=0.97615 body_ori=0.79798 body_lin=0.55062 body_ang=0.03846
[TRACK_ROLLOUT] anchor_pos=0.85394 anchor_ori=0.73741 body_pos=0.88853 body_ori=0.18704 body_lin=0.48779 body_ang=0.08235
[TRAIN_COST] action_rate=20.20509 joint_torque=3727.46533 joint_limit=0.00119 undesired_contacts=1.33301
[REWARD_WEIGHTED] pos=0.11950 penalty=-0.04906 total=0.07044 act_rate=-0.04041 torque=-0.00075 contacts=-0.00267
[ACT_SUMMARY] abs_mean=0.6534 abs_p95=1.6552 abs_p99=2.3374 abs_max=3.9010 abs_max_all=4.7269 legs=0.6696 waist=0.6227 arms=0.6460 first=0.6534 last=0.7127 latent_abs=0.7607 latent_max=8.9318
[TRAIN_BODY] torso_ori=6.18deg l_wrist_ori=13.42deg r_wrist_ori=13.32deg l_elbow_ori=12.39deg r_elbow_ori=12.22deg l_shoulder_ori=9.22deg r_shoulder_ori=9.06deg
[TRAIN_ANG] torso=2.129 l_wrist=8.968 r_wrist=8.105 l_elbow=7.993 r_elbow=7.140 l_shoulder=4.782 r_shoulder=4.286
[TRAIN_ACT] l_wrist_r=0.5477 l_wrist_p=0.5208 l_wrist_y=0.5097 r_wrist_r=0.4600 r_wrist_p=0.4915 r_wrist_y=0.5568 l_elbow=0.6817 r_elbow=0.7544
[UPDATE] 187/200 group_reward=72.65819 group_std=19.71981 group_raw=1.16325 rollout_ret=1.15874 chunk0_ret=0.06928 chunk_last_ret=0.04086
[REWARD_SCALE] live_steps=23.92 min=3 p50=24 p95=24 max=24 survive=0.98962 per_step=0.04844 per_second=2.422 episode30s_projection=72.66
[OBJECTIVE] obj_mean=1.15874 obj_std=0.31723 obj_min=-0.48625 obj_max=2.31040 raw_mean=1.16325 raw_std=0.31272 raw_min=-0.48625 raw_max=2.31040 score_mean=0.04840 rtg_mean=-0.45050 grpo_score=0.99573 early_penalty=0.16301
[PHASE] start_mean=876.91 start_min=1 start_max=1433 fail_rel_mean=15.46
[CHUNK_REWARD] obj_first=0.06928 obj_mid=0.04668 obj_last=0.04039 raw_first=0.06928 raw_mid=0.04684 raw_last=0.04086
[POLICY] loss=-0.00831 policy_loss=-0.00831 value_loss=0.00000 entropy=0.00000 kl=0.01825 step_ratio=0.9992 step_clip=0.1099 post_ratio=0.9994 post_clip=0.1602 grad=0.38010 lr=0.001000 critic_lr=0.000000 sde_steps=4 opt_steps=20
[POLICY_DETAIL] samples=195967 mb=48991 micro_mb=8192 micro_steps=120 batch_ratio=0.9994 batch_min=0.1140 batch_max=4.4191 post_ratio=0.9994 post_min=0.3280 post_max=2.2389 post_clip=0.1602 logp_delta_abs=0.14064 post_logp_delta_abs=0.17606 post_kl=0.02696 old_logp=-15.73266 new_logp=-15.75123 adv_abs=0.75724 grpo_adv_abs=0.75724 valid=0.99674
[TRAIN] mean_reward=55.20162 mean_len=1422.46 recent_eps=100 completed_eps=313114
[UPDATE_EFFECT] action_delta=0.02584399 param_rms_delta=0.00193081
[TIME] collect=14.315s update=0.981s
[DONE] timeout=0.00000 anchor_pos=0.00000 anchor_ori=0.00000 ee_body=0.00000
[DONE_ROLLOUT] timeout=0.00000 anchor_pos=0.00012 anchor_ori=0.00000 ee_body=0.01038
[FIRST_FAILURE] chunk_mean=15.46 chunk_min=2 chunk_max=23 phase_mean=912.51 phase_min=570 phase_max=1146 anchor_pos=0.00012 anchor_ori=0.00000 ee_body=0.01038 timeout=0.00000
[TRACK_CHUNK0] anchor_pos=0.97549 anchor_ori=0.82835 body_pos=0.97662 body_ori=0.79746 body_lin=0.55258 body_ang=0.03812
[TRACK_ROLLOUT] anchor_pos=0.85302 anchor_ori=0.73171 body_pos=0.89022 body_ori=0.18494 body_lin=0.49195 body_ang=0.08363
[TRAIN_COST] action_rate=20.58353 joint_torque=3791.48047 joint_limit=0.00121 undesired_contacts=1.34326
[REWARD_WEIGHTED] pos=0.11945 penalty=-0.05017 total=0.06928 act_rate=-0.04117 torque=-0.00076 contacts=-0.00269
[ACT_SUMMARY] abs_mean=0.6590 abs_p95=1.6738 abs_p99=2.3676 abs_max=4.0781 abs_max_all=4.7016 legs=0.6741 waist=0.6341 arms=0.6514 first=0.6590 last=0.7159 latent_abs=0.7642 latent_max=8.7039
[TRAIN_BODY] torso_ori=6.15deg l_wrist_ori=13.49deg r_wrist_ori=13.45deg l_elbow_ori=12.48deg r_elbow_ori=12.29deg l_shoulder_ori=9.17deg r_shoulder_ori=9.06deg
[TRAIN_ANG] torso=2.163 l_wrist=8.878 r_wrist=8.070 l_elbow=7.992 r_elbow=7.025 l_shoulder=4.800 r_shoulder=4.342
[TRAIN_ACT] l_wrist_r=0.5483 l_wrist_p=0.5273 l_wrist_y=0.4967 r_wrist_r=0.4553 r_wrist_p=0.4862 r_wrist_y=0.5729 l_elbow=0.6796 r_elbow=0.7515
[UPDATE] 188/200 group_reward=72.72327 group_std=20.73120 group_raw=1.16432 rollout_ret=1.15974 chunk0_ret=0.06952 chunk_last_ret=0.04027
[REWARD_SCALE] live_steps=23.92 min=7 p50=24 p95=24 max=24 survive=0.98987 per_step=0.04848 per_second=2.424 episode30s_projection=72.72
[OBJECTIVE] obj_mean=1.15974 obj_std=0.33381 obj_min=-0.99820 obj_max=2.44167 raw_mean=1.16432 raw_std=0.32914 raw_min=-0.48406 raw_max=2.44167 score_mean=0.04845 rtg_mean=-0.64556 grpo_score=0.99520 early_penalty=0.16454
[PHASE] start_mean=887.28 start_min=0 start_max=1433 fail_rel_mean=15.20
[CHUNK_REWARD] obj_first=0.06952 obj_mid=0.04689 obj_last=0.03978 raw_first=0.06952 raw_mid=0.04706 raw_last=0.04027
[POLICY] loss=-0.00901 policy_loss=-0.00901 value_loss=0.00000 entropy=0.00000 kl=0.01708 step_ratio=0.9991 step_clip=0.1010 post_ratio=0.9876 post_clip=0.1152 grad=0.32688 lr=0.001000 critic_lr=0.000000 sde_steps=4 opt_steps=20
[POLICY_DETAIL] samples=195961 mb=48990 micro_mb=8192 micro_steps=120 batch_ratio=0.9992 batch_min=0.1197 batch_max=5.5895 post_ratio=0.9876 post_min=0.3500 post_max=1.8894 post_clip=0.1152 logp_delta_abs=0.13653 post_logp_delta_abs=0.15773 post_kl=0.02196 old_logp=-15.72409 new_logp=-15.74168 adv_abs=0.75483 grpo_adv_abs=0.75483 valid=0.99671
[TRAIN] mean_reward=55.68548 mean_len=1435.29 recent_eps=100 completed_eps=313197
[UPDATE_EFFECT] action_delta=0.02372461 param_rms_delta=0.00195492
[TIME] collect=14.217s update=0.995s
[DONE] timeout=0.00000 anchor_pos=0.00000 anchor_ori=0.00000 ee_body=0.00000
[DONE_ROLLOUT] timeout=0.00000 anchor_pos=0.00012 anchor_ori=0.00000 ee_body=0.01013
[FIRST_FAILURE] chunk_mean=15.20 chunk_min=6 chunk_max=23 phase_mean=919.48 phase_min=248 phase_max=1125 anchor_pos=0.00012 anchor_ori=0.00000 ee_body=0.01013 timeout=0.00000
[TRACK_CHUNK0] anchor_pos=0.97599 anchor_ori=0.83060 body_pos=0.97655 body_ori=0.79894 body_lin=0.54982 body_ang=0.03887
[TRACK_ROLLOUT] anchor_pos=0.84668 anchor_ori=0.74067 body_pos=0.89075 body_ori=0.18779 body_lin=0.48945 body_ang=0.08316
[TRAIN_COST] action_rate=20.59953 joint_torque=3699.62964 joint_limit=0.00139 undesired_contacts=1.33948
[REWARD_WEIGHTED] pos=0.11955 penalty=-0.05003 total=0.06952 act_rate=-0.04120 torque=-0.00074 contacts=-0.00268
[ACT_SUMMARY] abs_mean=0.6586 abs_p95=1.6751 abs_p99=2.3757 abs_max=3.8833 abs_max_all=4.7431 legs=0.6703 waist=0.6332 arms=0.6541 first=0.6586 last=0.7203 latent_abs=0.7689 latent_max=9.0895
[TRAIN_BODY] torso_ori=6.15deg l_wrist_ori=13.30deg r_wrist_ori=13.33deg l_elbow_ori=12.47deg r_elbow_ori=12.31deg l_shoulder_ori=9.12deg r_shoulder_ori=8.90deg
[TRAIN_ANG] torso=2.188 l_wrist=8.903 r_wrist=8.120 l_elbow=8.112 r_elbow=7.175 l_shoulder=4.839 r_shoulder=4.319
[TRAIN_ACT] l_wrist_r=0.5573 l_wrist_p=0.5222 l_wrist_y=0.5088 r_wrist_r=0.4626 r_wrist_p=0.4901 r_wrist_y=0.5499 l_elbow=0.6960 r_elbow=0.7642
[UPDATE] 189/200 group_reward=73.43917 group_std=20.05984 group_raw=1.17548 rollout_ret=1.17117 chunk0_ret=0.06991 chunk_last_ret=0.04083
[REWARD_SCALE] live_steps=23.92 min=6 p50=24 p95=24 max=24 survive=0.99060 per_step=0.04896 per_second=2.448 episode30s_projection=73.44
[OBJECTIVE] obj_mean=1.17117 obj_std=0.32430 obj_min=-0.57027 obj_max=2.30845 raw_mean=1.17548 raw_std=0.32007 raw_min=-0.57027 raw_max=2.30845 score_mean=0.04894 rtg_mean=-0.24988 grpo_score=1.00688 early_penalty=0.16429
[PHASE] start_mean=882.82 start_min=21 start_max=1433 fail_rel_mean=14.61
[CHUNK_REWARD] obj_first=0.06991 obj_mid=0.04757 obj_last=0.04042 raw_first=0.06991 raw_mid=0.04773 raw_last=0.04083
[POLICY] loss=-0.00916 policy_loss=-0.00916 value_loss=0.00000 entropy=0.00000 kl=0.01702 step_ratio=0.9992 step_clip=0.1010 post_ratio=0.9923 post_clip=0.1396 grad=0.33001 lr=0.001000 critic_lr=0.000000 sde_steps=4 opt_steps=20
[POLICY_DETAIL] samples=195962 mb=48990 micro_mb=8192 micro_steps=120 batch_ratio=0.9994 batch_min=0.1793 batch_max=5.2806 post_ratio=0.9923 post_min=0.3227 post_max=2.3044 post_clip=0.1396 logp_delta_abs=0.13608 post_logp_delta_abs=0.16870 post_kl=0.02424 old_logp=-15.73353 new_logp=-15.75090 adv_abs=0.75783 grpo_adv_abs=0.75783 valid=0.99671
[TRAIN] mean_reward=52.25122 mean_len=1322.30 recent_eps=100 completed_eps=313274
[UPDATE_EFFECT] action_delta=0.02601488 param_rms_delta=0.00194894
[TIME] collect=14.176s update=0.996s
[DONE] timeout=0.00000 anchor_pos=0.00000 anchor_ori=0.00000 ee_body=0.00000
[DONE_ROLLOUT] timeout=0.00000 anchor_pos=0.00000 anchor_ori=0.00000 ee_body=0.00940
[FIRST_FAILURE] chunk_mean=14.61 chunk_min=5 chunk_max=23 phase_mean=856.35 phase_min=265 phase_max=1220 anchor_pos=0.00000 anchor_ori=0.00000 ee_body=0.00940 timeout=0.00000
[TRACK_CHUNK0] anchor_pos=0.97593 anchor_ori=0.82590 body_pos=0.97586 body_ori=0.79824 body_lin=0.55046 body_ang=0.03763
[TRACK_ROLLOUT] anchor_pos=0.85016 anchor_ori=0.73952 body_pos=0.89054 body_ori=0.18783 body_lin=0.48947 body_ang=0.08331
[TRAIN_COST] action_rate=20.43016 joint_torque=3672.32544 joint_limit=0.00129 undesired_contacts=1.32422
[REWARD_WEIGHTED] pos=0.11932 penalty=-0.04941 total=0.06991 act_rate=-0.04086 torque=-0.00073 contacts=-0.00265
[ACT_SUMMARY] abs_mean=0.6565 abs_p95=1.6700 abs_p99=2.3556 abs_max=4.1419 abs_max_all=4.7299 legs=0.6670 waist=0.6377 arms=0.6516 first=0.6565 last=0.7196 latent_abs=0.7670 latent_max=8.9600
[TRAIN_BODY] torso_ori=6.22deg l_wrist_ori=13.52deg r_wrist_ori=13.31deg l_elbow_ori=12.64deg r_elbow_ori=12.21deg l_shoulder_ori=9.13deg r_shoulder_ori=9.02deg
[TRAIN_ANG] torso=2.173 l_wrist=8.817 r_wrist=8.054 l_elbow=7.977 r_elbow=7.077 l_shoulder=4.702 r_shoulder=4.349
[TRAIN_ACT] l_wrist_r=0.5461 l_wrist_p=0.5197 l_wrist_y=0.5044 r_wrist_r=0.4559 r_wrist_p=0.4907 r_wrist_y=0.5549 l_elbow=0.6964 r_elbow=0.7536
[UPDATE] 190/200 group_reward=74.83161 group_std=20.22028 group_raw=1.19764 rollout_ret=1.19432 chunk0_ret=0.06989 chunk_last_ret=0.04195
[REWARD_SCALE] live_steps=23.94 min=7 p50=24 p95=24 max=24 survive=0.99194 per_step=0.04989 per_second=2.494 episode30s_projection=74.83
[OBJECTIVE] obj_mean=1.19432 obj_std=0.32589 obj_min=-0.23950 obj_max=2.35055 raw_mean=1.19764 raw_std=0.32184 raw_min=-0.23950 raw_max=2.35055 score_mean=0.04986 rtg_mean=0.35323 grpo_score=1.06971 early_penalty=0.12461
[PHASE] start_mean=880.80 start_min=10 start_max=1433 fail_rel_mean=15.58
[CHUNK_REWARD] obj_first=0.06989 obj_mid=0.04825 obj_last=0.04156 raw_first=0.06989 raw_mid=0.04836 raw_last=0.04195
[POLICY] loss=-0.00873 policy_loss=-0.00873 value_loss=0.00000 entropy=0.00000 kl=0.01761 step_ratio=0.9992 step_clip=0.1060 post_ratio=1.0034 post_clip=0.1582 grad=0.35936 lr=0.001000 critic_lr=0.000000 sde_steps=4 opt_steps=20
[POLICY_DETAIL] samples=196118 mb=49029 micro_mb=8192 micro_steps=120 batch_ratio=0.9996 batch_min=0.1834 batch_max=5.6253 post_ratio=1.0034 post_min=0.3226 post_max=2.2987 post_clip=0.1582 logp_delta_abs=0.13803 post_logp_delta_abs=0.16724 post_kl=0.02449 old_logp=-15.73242 new_logp=-15.75018 adv_abs=0.75734 grpo_adv_abs=0.75734 valid=0.99751
[TRAIN] mean_reward=56.05721 mean_len=1440.24 recent_eps=100 completed_eps=313340
[UPDATE_EFFECT] action_delta=0.02519350 param_rms_delta=0.00194732
[TIME] collect=14.211s update=0.998s
[DONE] timeout=0.00000 anchor_pos=0.00000 anchor_ori=0.00000 ee_body=0.00000
[DONE_ROLLOUT] timeout=0.00000 anchor_pos=0.00012 anchor_ori=0.00000 ee_body=0.00793
[FIRST_FAILURE] chunk_mean=15.58 chunk_min=6 chunk_max=23 phase_mean=894.58 phase_min=439 phase_max=1124 anchor_pos=0.00012 anchor_ori=0.00000 ee_body=0.00793 timeout=0.00000
[TRACK_CHUNK0] anchor_pos=0.97590 anchor_ori=0.83147 body_pos=0.97645 body_ori=0.80334 body_lin=0.54967 body_ang=0.04105
[TRACK_ROLLOUT] anchor_pos=0.85056 anchor_ori=0.74704 body_pos=0.89228 body_ori=0.19275 body_lin=0.49477 body_ang=0.08669
[TRAIN_COST] action_rate=20.40668 joint_torque=3715.68213 joint_limit=0.00131 undesired_contacts=1.33984
[REWARD_WEIGHTED] pos=0.11971 penalty=-0.04981 total=0.06989 act_rate=-0.04081 torque=-0.00074 contacts=-0.00268
[ACT_SUMMARY] abs_mean=0.6559 abs_p95=1.6625 abs_p99=2.3512 abs_max=4.0025 abs_max_all=4.7987 legs=0.6686 waist=0.6367 arms=0.6492 first=0.6559 last=0.7142 latent_abs=0.7642 latent_max=9.7133
[TRAIN_BODY] torso_ori=6.04deg l_wrist_ori=13.19deg r_wrist_ori=13.11deg l_elbow_ori=12.25deg r_elbow_ori=12.01deg l_shoulder_ori=8.91deg r_shoulder_ori=8.76deg
[TRAIN_ANG] torso=2.155 l_wrist=8.651 r_wrist=8.039 l_elbow=7.729 r_elbow=7.037 l_shoulder=4.647 r_shoulder=4.285
[TRAIN_ACT] l_wrist_r=0.5490 l_wrist_p=0.5208 l_wrist_y=0.4941 r_wrist_r=0.4555 r_wrist_p=0.4879 r_wrist_y=0.5566 l_elbow=0.6901 r_elbow=0.7645
[UPDATE] 191/200 group_reward=75.41956 group_std=20.29708 group_raw=1.20742 rollout_ret=1.20156 chunk0_ret=0.07008 chunk_last_ret=0.04214
[REWARD_SCALE] live_steps=23.90 min=7 p50=24 p95=24 max=24 survive=0.98706 per_step=0.05028 per_second=2.514 episode30s_projection=75.42
[OBJECTIVE] obj_mean=1.20156 obj_std=0.32875 obj_min=-0.53528 obj_max=2.31484 raw_mean=1.20742 raw_std=0.32268 raw_min=-0.53528 raw_max=2.31484 score_mean=0.05025 rtg_mean=0.67879 grpo_score=0.98793 early_penalty=0.21362
[PHASE] start_mean=885.95 start_min=1 start_max=1433 fail_rel_mean=15.08
[CHUNK_REWARD] obj_first=0.07008 obj_mid=0.04871 obj_last=0.04151 raw_first=0.07008 raw_mid=0.04889 raw_last=0.04214
[POLICY] loss=-0.00863 policy_loss=-0.00863 value_loss=0.00000 entropy=0.00000 kl=0.01797 step_ratio=0.9992 step_clip=0.1075 post_ratio=0.9971 post_clip=0.1348 grad=0.36795 lr=0.001000 critic_lr=0.000000 sde_steps=4 opt_steps=20
[POLICY_DETAIL] samples=195768 mb=48942 micro_mb=8192 micro_steps=120 batch_ratio=0.9994 batch_min=0.1237 batch_max=4.4402 post_ratio=0.9971 post_min=0.4301 post_max=2.1245 post_clip=0.1348 logp_delta_abs=0.14003 post_logp_delta_abs=0.16079 post_kl=0.02241 old_logp=-15.73023 new_logp=-15.74854 adv_abs=0.75459 grpo_adv_abs=0.75459 valid=0.99573
[TRAIN] mean_reward=61.86823 mean_len=1587.65 recent_eps=100 completed_eps=313446
[UPDATE_EFFECT] action_delta=0.02444400 param_rms_delta=0.00195083
[TIME] collect=14.198s update=1.026s
[DONE] timeout=0.00000 anchor_pos=0.00000 anchor_ori=0.00000 ee_body=0.00000
[DONE_ROLLOUT] timeout=0.00000 anchor_pos=0.00000 anchor_ori=0.00000 ee_body=0.01294
[FIRST_FAILURE] chunk_mean=15.08 chunk_min=6 chunk_max=23 phase_mean=921.85 phase_min=439 phase_max=1175 anchor_pos=0.00000 anchor_ori=0.00000 ee_body=0.01294 timeout=0.00000
[TRACK_CHUNK0] anchor_pos=0.97640 anchor_ori=0.82909 body_pos=0.97657 body_ori=0.79935 body_lin=0.55015 body_ang=0.03897
[TRACK_ROLLOUT] anchor_pos=0.85181 anchor_ori=0.75293 body_pos=0.89272 body_ori=0.19150 body_lin=0.49280 body_ang=0.08731
[TRAIN_COST] action_rate=20.43151 joint_torque=3689.52002 joint_limit=0.00133 undesired_contacts=1.31079
[REWARD_WEIGHTED] pos=0.11952 penalty=-0.04944 total=0.07008 act_rate=-0.04086 torque=-0.00074 contacts=-0.00262
[ACT_SUMMARY] abs_mean=0.6563 abs_p95=1.6702 abs_p99=2.3445 abs_max=3.8896 abs_max_all=4.8787 legs=0.6737 waist=0.6296 arms=0.6470 first=0.6563 last=0.7155 latent_abs=0.7643 latent_max=11.0006
[TRAIN_BODY] torso_ori=6.10deg l_wrist_ori=13.38deg r_wrist_ori=13.23deg l_elbow_ori=12.41deg r_elbow_ori=12.18deg l_shoulder_ori=9.16deg r_shoulder_ori=8.85deg
[TRAIN_ANG] torso=2.143 l_wrist=8.727 r_wrist=8.018 l_elbow=7.924 r_elbow=7.077 l_shoulder=4.728 r_shoulder=4.260
[TRAIN_ACT] l_wrist_r=0.5597 l_wrist_p=0.5234 l_wrist_y=0.4957 r_wrist_r=0.4536 r_wrist_p=0.4852 r_wrist_y=0.5503 l_elbow=0.6745 r_elbow=0.7574
[UPDATE] 192/200 group_reward=76.46362 group_std=20.12119 group_raw=1.22406 rollout_ret=1.21935 chunk0_ret=0.07023 chunk_last_ret=0.04320
[REWARD_SCALE] live_steps=23.92 min=6 p50=24 p95=24 max=24 survive=0.99011 per_step=0.05098 per_second=2.549 episode30s_projection=76.46
[OBJECTIVE] obj_mean=1.21935 obj_std=0.32558 obj_min=-0.64359 obj_max=2.33340 raw_mean=1.22406 raw_std=0.32137 raw_min=-0.64359 raw_max=2.33340 score_mean=0.05096 rtg_mean=0.42848 grpo_score=1.05329 early_penalty=0.16607
[PHASE] start_mean=883.19 start_min=9 start_max=1433 fail_rel_mean=14.94
[CHUNK_REWARD] obj_first=0.07023 obj_mid=0.04958 obj_last=0.04270 raw_first=0.07023 raw_mid=0.04976 raw_last=0.04320
[POLICY] loss=-0.00848 policy_loss=-0.00848 value_loss=0.00000 entropy=0.00000 kl=0.01751 step_ratio=0.9993 step_clip=0.1048 post_ratio=0.9882 post_clip=0.1680 grad=0.36703 lr=0.001000 critic_lr=0.000000 sde_steps=4 opt_steps=20
[POLICY_DETAIL] samples=195955 mb=48988 micro_mb=8192 micro_steps=120 batch_ratio=0.9994 batch_min=0.1125 batch_max=4.7021 post_ratio=0.9882 post_min=0.3907 post_max=3.1086 post_clip=0.1680 logp_delta_abs=0.13807 post_logp_delta_abs=0.18539 post_kl=0.02933 old_logp=-15.73055 new_logp=-15.74837 adv_abs=0.75559 grpo_adv_abs=0.75559 valid=0.99668
[TRAIN] mean_reward=55.19353 mean_len=1405.00 recent_eps=100 completed_eps=313527
[UPDATE_EFFECT] action_delta=0.02657440 param_rms_delta=0.00196118
[TIME] collect=14.130s update=0.995s
[DONE] timeout=0.00000 anchor_pos=0.00000 anchor_ori=0.00000 ee_body=0.00000
[DONE_ROLLOUT] timeout=0.00000 anchor_pos=0.00012 anchor_ori=0.00000 ee_body=0.00989
[FIRST_FAILURE] chunk_mean=14.94 chunk_min=5 chunk_max=23 phase_mean=854.67 phase_min=266 phase_max=1150 anchor_pos=0.00012 anchor_ori=0.00000 ee_body=0.00989 timeout=0.00000
[TRACK_CHUNK0] anchor_pos=0.97612 anchor_ori=0.83014 body_pos=0.97649 body_ori=0.80340 body_lin=0.55272 body_ang=0.04015
[TRACK_ROLLOUT] anchor_pos=0.85525 anchor_ori=0.75185 body_pos=0.89210 body_ori=0.19108 body_lin=0.49935 body_ang=0.08836
[TRAIN_COST] action_rate=20.35408 joint_torque=3684.90454 joint_limit=0.00127 undesired_contacts=1.31323
[REWARD_WEIGHTED] pos=0.11971 penalty=-0.04948 total=0.07023 act_rate=-0.04071 torque=-0.00074 contacts=-0.00263
[ACT_SUMMARY] abs_mean=0.6555 abs_p95=1.6627 abs_p99=2.3435 abs_max=4.0570 abs_max_all=4.7738 legs=0.6678 waist=0.6329 arms=0.6497 first=0.6555 last=0.7151 latent_abs=0.7645 latent_max=9.4154
[TRAIN_BODY] torso_ori=6.10deg l_wrist_ori=13.12deg r_wrist_ori=13.20deg l_elbow_ori=12.22deg r_elbow_ori=12.05deg l_shoulder_ori=8.97deg r_shoulder_ori=8.79deg
[TRAIN_ANG] torso=2.142 l_wrist=8.682 r_wrist=8.187 l_elbow=7.847 r_elbow=7.177 l_shoulder=4.695 r_shoulder=4.323
[TRAIN_ACT] l_wrist_r=0.5706 l_wrist_p=0.5171 l_wrist_y=0.4894 r_wrist_r=0.4474 r_wrist_p=0.4855 r_wrist_y=0.5491 l_elbow=0.6775 r_elbow=0.7821
[UPDATE] 193/200 group_reward=76.74986 group_std=20.20586 group_raw=1.22850 rollout_ret=1.22312 chunk0_ret=0.07081 chunk_last_ret=0.04313
[REWARD_SCALE] live_steps=23.90 min=6 p50=24 p95=24 max=24 survive=0.98718 per_step=0.05117 per_second=2.558 episode30s_projection=76.75
[OBJECTIVE] obj_mean=1.22312 obj_std=0.32725 obj_min=-0.63785 obj_max=2.41059 raw_mean=1.22850 raw_std=0.32099 raw_min=-0.63785 raw_max=2.41059 score_mean=0.05112 rtg_mean=0.81378 grpo_score=1.02450 early_penalty=0.19862
[PHASE] start_mean=875.83 start_min=13 start_max=1433 fail_rel_mean=15.56
[CHUNK_REWARD] obj_first=0.07081 obj_mid=0.04975 obj_last=0.04247 raw_first=0.07081 raw_mid=0.04993 raw_last=0.04313
[POLICY] loss=-0.00874 policy_loss=-0.00874 value_loss=0.00000 entropy=0.00000 kl=0.01821 step_ratio=0.9993 step_clip=0.1101 post_ratio=0.9920 post_clip=0.1465 grad=0.37831 lr=0.001000 critic_lr=0.000000 sde_steps=4 opt_steps=20
[POLICY_DETAIL] samples=195827 mb=48956 micro_mb=8192 micro_steps=120 batch_ratio=0.9995 batch_min=0.1424 batch_max=9.7474 post_ratio=0.9920 post_min=0.2423 post_max=2.3414 post_clip=0.1465 logp_delta_abs=0.14111 post_logp_delta_abs=0.17690 post_kl=0.02772 old_logp=-15.73477 new_logp=-15.75321 adv_abs=0.75367 grpo_adv_abs=0.75367 valid=0.99603
[TRAIN] mean_reward=57.60222 mean_len=1470.24 recent_eps=100 completed_eps=313632
[UPDATE_EFFECT] action_delta=0.02508627 param_rms_delta=0.00195051
[TIME] collect=14.105s update=1.006s
[DONE] timeout=0.00000 anchor_pos=0.00000 anchor_ori=0.00000 ee_body=0.00000
[DONE_ROLLOUT] timeout=0.00000 anchor_pos=0.00000 anchor_ori=0.00000 ee_body=0.01282
[FIRST_FAILURE] chunk_mean=15.56 chunk_min=5 chunk_max=23 phase_mean=875.30 phase_min=575 phase_max=1222 anchor_pos=0.00000 anchor_ori=0.00000 ee_body=0.01282 timeout=0.00000
[TRACK_CHUNK0] anchor_pos=0.97676 anchor_ori=0.83315 body_pos=0.97655 body_ori=0.80211 body_lin=0.55053 body_ang=0.03999
[TRACK_ROLLOUT] anchor_pos=0.85444 anchor_ori=0.75483 body_pos=0.89152 body_ori=0.19206 body_lin=0.49445 body_ang=0.08901
[TRAIN_COST] action_rate=20.14870 joint_torque=3664.98584 joint_limit=0.00130 undesired_contacts=1.29956
[REWARD_WEIGHTED] pos=0.11978 penalty=-0.04897 total=0.07081 act_rate=-0.04030 torque=-0.00073 contacts=-0.00260
[ACT_SUMMARY] abs_mean=0.6518 abs_p95=1.6571 abs_p99=2.3391 abs_max=3.9999 abs_max_all=4.8728 legs=0.6638 waist=0.6308 arms=0.6459 first=0.6518 last=0.7136 latent_abs=0.7623 latent_max=10.8795
[TRAIN_BODY] torso_ori=6.17deg l_wrist_ori=13.07deg r_wrist_ori=13.29deg l_elbow_ori=12.10deg r_elbow_ori=12.27deg l_shoulder_ori=8.94deg r_shoulder_ori=8.98deg
[TRAIN_ANG] torso=2.110 l_wrist=8.548 r_wrist=8.352 l_elbow=7.686 r_elbow=7.284 l_shoulder=4.485 r_shoulder=4.362
[TRAIN_ACT] l_wrist_r=0.5669 l_wrist_p=0.5079 l_wrist_y=0.4938 r_wrist_r=0.4495 r_wrist_p=0.4810 r_wrist_y=0.5463 l_elbow=0.6693 r_elbow=0.7592
[UPDATE] 194/200 group_reward=77.46786 group_std=20.22060 group_raw=1.24029 rollout_ret=1.23477 chunk0_ret=0.07144 chunk_last_ret=0.04374
[REWARD_SCALE] live_steps=23.91 min=2 p50=24 p95=24 max=24 survive=0.98767 per_step=0.05165 per_second=2.582 episode30s_projection=77.47
[OBJECTIVE] obj_mean=1.23477 obj_std=0.32558 obj_min=-0.26369 obj_max=2.40490 raw_mean=1.24029 raw_std=0.32073 raw_min=-0.26369 raw_max=2.40490 score_mean=0.05161 rtg_mean=0.34710 grpo_score=1.04454 early_penalty=0.19023
[PHASE] start_mean=875.09 start_min=9 start_max=1433 fail_rel_mean=15.59
[CHUNK_REWARD] obj_first=0.07144 obj_mid=0.05047 obj_last=0.04308 raw_first=0.07144 raw_mid=0.05059 raw_last=0.04374
[POLICY] loss=-0.00822 policy_loss=-0.00822 value_loss=0.00000 entropy=0.00000 kl=0.01846 step_ratio=0.9992 step_clip=0.1112 post_ratio=0.9928 post_clip=0.1465 grad=0.39625 lr=0.001000 critic_lr=0.000000 sde_steps=4 opt_steps=20
[POLICY_DETAIL] samples=195860 mb=48965 micro_mb=8192 micro_steps=120 batch_ratio=0.9994 batch_min=0.1567 batch_max=5.3798 post_ratio=0.9928 post_min=0.4784 post_max=2.3109 post_clip=0.1465 logp_delta_abs=0.14177 post_logp_delta_abs=0.16884 post_kl=0.02358 old_logp=-15.73101 new_logp=-15.74972 adv_abs=0.75561 grpo_adv_abs=0.75561 valid=0.99620
[TRAIN] mean_reward=64.78245 mean_len=1635.42 recent_eps=100 completed_eps=313733
[UPDATE_EFFECT] action_delta=0.02496666 param_rms_delta=0.00195685
[TIME] collect=14.238s update=1.023s
[DONE] timeout=0.00000 anchor_pos=0.00000 anchor_ori=0.00000 ee_body=0.00000
[DONE_ROLLOUT] timeout=0.00000 anchor_pos=0.00024 anchor_ori=0.00000 ee_body=0.01208
[FIRST_FAILURE] chunk_mean=15.59 chunk_min=1 chunk_max=23 phase_mean=897.20 phase_min=487 phase_max=1336 anchor_pos=0.00024 anchor_ori=0.00000 ee_body=0.01208 timeout=0.00000
[TRACK_CHUNK0] anchor_pos=0.97664 anchor_ori=0.83352 body_pos=0.97625 body_ori=0.80071 body_lin=0.55347 body_ang=0.04164
[TRACK_ROLLOUT] anchor_pos=0.85399 anchor_ori=0.75442 body_pos=0.89003 body_ori=0.19298 body_lin=0.49648 body_ang=0.09032
[TRAIN_COST] action_rate=20.01033 joint_torque=3610.93945 joint_limit=0.00126 undesired_contacts=1.29077
[REWARD_WEIGHTED] pos=0.11985 penalty=-0.04841 total=0.07144 act_rate=-0.04002 torque=-0.00072 contacts=-0.00258
[ACT_SUMMARY] abs_mean=0.6494 abs_p95=1.6473 abs_p99=2.3319 abs_max=3.8544 abs_max_all=4.6949 legs=0.6623 waist=0.6336 arms=0.6418 first=0.6494 last=0.7106 latent_abs=0.7583 latent_max=8.6466
[TRAIN_BODY] torso_ori=6.20deg l_wrist_ori=13.21deg r_wrist_ori=13.27deg l_elbow_ori=12.26deg r_elbow_ori=12.24deg l_shoulder_ori=8.95deg r_shoulder_ori=9.06deg
[TRAIN_ANG] torso=2.132 l_wrist=8.323 r_wrist=8.310 l_elbow=7.501 r_elbow=7.365 l_shoulder=4.417 r_shoulder=4.503
[TRAIN_ACT] l_wrist_r=0.5627 l_wrist_p=0.5061 l_wrist_y=0.4890 r_wrist_r=0.4481 r_wrist_p=0.4830 r_wrist_y=0.5374 l_elbow=0.6574 r_elbow=0.7606
[UPDATE] 195/200 group_reward=77.68852 group_std=20.11331 group_raw=1.24352 rollout_ret=1.23969 chunk0_ret=0.07107 chunk_last_ret=0.04368
[REWARD_SCALE] live_steps=23.94 min=9 p50=24 p95=24 max=24 survive=0.98999 per_step=0.05179 per_second=2.590 episode30s_projection=77.69
[OBJECTIVE] obj_mean=1.23969 obj_std=0.32377 obj_min=-0.49357 obj_max=2.39964 raw_mean=1.24352 raw_std=0.32106 raw_min=-0.49357 raw_max=2.39964 score_mean=0.05179 rtg_mean=0.10450 grpo_score=1.10592 early_penalty=0.13377
[PHASE] start_mean=871.22 start_min=0 start_max=1433 fail_rel_mean=16.59
[CHUNK_REWARD] obj_first=0.07107 obj_mid=0.05080 obj_last=0.04316 raw_first=0.07107 raw_mid=0.05087 raw_last=0.04368
[POLICY] loss=-0.00882 policy_loss=-0.00882 value_loss=0.00000 entropy=0.00000 kl=0.01717 step_ratio=0.9992 step_clip=0.1011 post_ratio=0.9987 post_clip=0.1328 grad=0.35039 lr=0.001000 critic_lr=0.000000 sde_steps=4 opt_steps=20
[POLICY_DETAIL] samples=196082 mb=49020 micro_mb=8192 micro_steps=120 batch_ratio=0.9995 batch_min=0.1276 batch_max=5.0492 post_ratio=0.9987 post_min=0.3142 post_max=2.2650 post_clip=0.1328 logp_delta_abs=0.13709 post_logp_delta_abs=0.15928 post_kl=0.02243 old_logp=-15.73239 new_logp=-15.74984 adv_abs=0.75638 grpo_adv_abs=0.75638 valid=0.99732
[TRAIN] mean_reward=59.66361 mean_len=1484.56 recent_eps=100 completed_eps=313815
[UPDATE_EFFECT] action_delta=0.02383230 param_rms_delta=0.00195165
[TIME] collect=14.103s update=1.001s
[DONE] timeout=0.00000 anchor_pos=0.00000 anchor_ori=0.00000 ee_body=0.00000
[DONE_ROLLOUT] timeout=0.00000 anchor_pos=0.00000 anchor_ori=0.00000 ee_body=0.01001
[FIRST_FAILURE] chunk_mean=16.59 chunk_min=8 chunk_max=23 phase_mean=868.04 phase_min=572 phase_max=1144 anchor_pos=0.00000 anchor_ori=0.00000 ee_body=0.01001 timeout=0.00000
[TRACK_CHUNK0] anchor_pos=0.97636 anchor_ori=0.83148 body_pos=0.97616 body_ori=0.80197 body_lin=0.55002 body_ang=0.04067
[TRACK_ROLLOUT] anchor_pos=0.85316 anchor_ori=0.75627 body_pos=0.88991 body_ori=0.19122 body_lin=0.49875 body_ang=0.09092
[TRAIN_COST] action_rate=20.06988 joint_torque=3666.18726 joint_limit=0.00115 undesired_contacts=1.28735
[REWARD_WEIGHTED] pos=0.11969 penalty=-0.04862 total=0.07107 act_rate=-0.04014 torque=-0.00073 contacts=-0.00257
[ACT_SUMMARY] abs_mean=0.6498 abs_p95=1.6580 abs_p99=2.3460 abs_max=3.8064 abs_max_all=4.8447 legs=0.6668 waist=0.6251 arms=0.6406 first=0.6498 last=0.7119 latent_abs=0.7600 latent_max=10.3735
[TRAIN_BODY] torso_ori=6.17deg l_wrist_ori=13.19deg r_wrist_ori=13.17deg l_elbow_ori=12.17deg r_elbow_ori=12.07deg l_shoulder_ori=8.98deg r_shoulder_ori=8.95deg
[TRAIN_ANG] torso=2.074 l_wrist=8.457 r_wrist=8.236 l_elbow=7.573 r_elbow=7.228 l_shoulder=4.405 r_shoulder=4.445
[TRAIN_ACT] l_wrist_r=0.5553 l_wrist_p=0.5041 l_wrist_y=0.4886 r_wrist_r=0.4515 r_wrist_p=0.4721 r_wrist_y=0.5457 l_elbow=0.6593 r_elbow=0.7447
[UPDATE] 196/200 group_reward=77.56059 group_std=19.98394 group_raw=1.24135 rollout_ret=1.23824 chunk0_ret=0.07076 chunk_last_ret=0.04344
[REWARD_SCALE] live_steps=23.95 min=10 p50=24 p95=24 max=24 survive=0.99158 per_step=0.05171 per_second=2.585 episode30s_projection=77.56
[OBJECTIVE] obj_mean=1.23824 obj_std=0.32132 obj_min=-0.59930 obj_max=2.45548 raw_mean=1.24135 raw_std=0.31817 raw_min=-0.59930 raw_max=2.45548 score_mean=0.05169 rtg_mean=0.34845 grpo_score=1.12812 early_penalty=0.11012
[PHASE] start_mean=869.25 start_min=5 start_max=1433 fail_rel_mean=16.72
[CHUNK_REWARD] obj_first=0.07076 obj_mid=0.05059 obj_last=0.04306 raw_first=0.07076 raw_mid=0.05066 raw_last=0.04344
[POLICY] loss=-0.00873 policy_loss=-0.00873 value_loss=0.00000 entropy=0.00000 kl=0.01686 step_ratio=0.9994 step_clip=0.1005 post_ratio=0.9950 post_clip=0.1426 grad=0.34036 lr=0.001000 critic_lr=0.000000 sde_steps=4 opt_steps=20
[POLICY_DETAIL] samples=196175 mb=49043 micro_mb=8192 micro_steps=120 batch_ratio=0.9994 batch_min=0.1982 batch_max=9.1905 post_ratio=0.9950 post_min=0.3107 post_max=2.0941 post_clip=0.1426 logp_delta_abs=0.13563 post_logp_delta_abs=0.16682 post_kl=0.02352 old_logp=-15.72585 new_logp=-15.74302 adv_abs=0.75696 grpo_adv_abs=0.75696 valid=0.99780
[TRAIN] mean_reward=59.25747 mean_len=1466.66 recent_eps=100 completed_eps=313884
[UPDATE_EFFECT] action_delta=0.02626231 param_rms_delta=0.00192656
[TIME] collect=14.058s update=1.011s
[DONE] timeout=0.00000 anchor_pos=0.00000 anchor_ori=0.00000 ee_body=0.00000
[DONE_ROLLOUT] timeout=0.00000 anchor_pos=0.00024 anchor_ori=0.00000 ee_body=0.00830
[FIRST_FAILURE] chunk_mean=16.72 chunk_min=9 chunk_max=23 phase_mean=878.94 phase_min=268 phase_max=1271 anchor_pos=0.00024 anchor_ori=0.00000 ee_body=0.00830 timeout=0.00000
[TRACK_CHUNK0] anchor_pos=0.97617 anchor_ori=0.82715 body_pos=0.97617 body_ori=0.80193 body_lin=0.55232 body_ang=0.04078
[TRACK_ROLLOUT] anchor_pos=0.85250 anchor_ori=0.75592 body_pos=0.88916 body_ori=0.19098 body_lin=0.49570 body_ang=0.09086
[TRAIN_COST] action_rate=20.24684 joint_torque=3693.62646 joint_limit=0.00134 undesired_contacts=1.26880
[REWARD_WEIGHTED] pos=0.11956 penalty=-0.04880 total=0.07076 act_rate=-0.04049 torque=-0.00074 contacts=-0.00254
[ACT_SUMMARY] abs_mean=0.6516 abs_p95=1.6617 abs_p99=2.3586 abs_max=3.8747 abs_max_all=4.7565 legs=0.6690 waist=0.6343 arms=0.6404 first=0.6516 last=0.7119 latent_abs=0.7608 latent_max=9.2262
[TRAIN_BODY] torso_ori=6.19deg l_wrist_ori=13.21deg r_wrist_ori=13.30deg l_elbow_ori=12.25deg r_elbow_ori=12.29deg l_shoulder_ori=8.80deg r_shoulder_ori=9.01deg
[TRAIN_ANG] torso=2.120 l_wrist=8.258 r_wrist=8.544 l_elbow=7.345 r_elbow=7.456 l_shoulder=4.279 r_shoulder=4.520
[TRAIN_ACT] l_wrist_r=0.5544 l_wrist_p=0.5054 l_wrist_y=0.4774 r_wrist_r=0.4425 r_wrist_p=0.4823 r_wrist_y=0.5461 l_elbow=0.6504 r_elbow=0.7585
[UPDATE] 197/200 group_reward=78.79198 group_std=19.57955 group_raw=1.26119 rollout_ret=1.25676 chunk0_ret=0.07163 chunk_last_ret=0.04443
[REWARD_SCALE] live_steps=23.93 min=7 p50=24 p95=24 max=24 survive=0.98999 per_step=0.05253 per_second=2.626 episode30s_projection=78.79
[OBJECTIVE] obj_mean=1.25676 obj_std=0.31673 obj_min=-0.38899 obj_max=2.37893 raw_mean=1.26119 raw_std=0.31177 raw_min=-0.38899 raw_max=2.37893 score_mean=0.05250 rtg_mean=0.44325 grpo_score=1.10163 early_penalty=0.15513
[PHASE] start_mean=871.16 start_min=12 start_max=1433 fail_rel_mean=15.56
[CHUNK_REWARD] obj_first=0.07163 obj_mid=0.05144 obj_last=0.04392 raw_first=0.07163 raw_mid=0.05156 raw_last=0.04443
[POLICY] loss=-0.00892 policy_loss=-0.00892 value_loss=0.00000 entropy=0.00000 kl=0.01695 step_ratio=0.9994 step_clip=0.1002 post_ratio=1.0115 post_clip=0.1377 grad=0.34765 lr=0.001000 critic_lr=0.000000 sde_steps=4 opt_steps=20
[POLICY_DETAIL] samples=195998 mb=48999 micro_mb=8192 micro_steps=120 batch_ratio=0.9994 batch_min=0.1562 batch_max=4.2375 post_ratio=1.0115 post_min=0.3523 post_max=2.8072 post_clip=0.1377 logp_delta_abs=0.13597 post_logp_delta_abs=0.15909 post_kl=0.02275 old_logp=-15.71937 new_logp=-15.73666 adv_abs=0.75703 grpo_adv_abs=0.75703 valid=0.99690
[TRAIN] mean_reward=58.92007 mean_len=1448.11 recent_eps=100 completed_eps=313966
[UPDATE_EFFECT] action_delta=0.02432245 param_rms_delta=0.00195103
[TIME] collect=14.253s update=1.022s
[DONE] timeout=0.00000 anchor_pos=0.00000 anchor_ori=0.00000 ee_body=0.00000
[DONE_ROLLOUT] timeout=0.00000 anchor_pos=0.00000 anchor_ori=0.00000 ee_body=0.01001
[FIRST_FAILURE] chunk_mean=15.56 chunk_min=6 chunk_max=23 phase_mean=868.90 phase_min=487 phase_max=1158 anchor_pos=0.00000 anchor_ori=0.00000 ee_body=0.01001 timeout=0.00000
[TRACK_CHUNK0] anchor_pos=0.97602 anchor_ori=0.83167 body_pos=0.97609 body_ori=0.80258 body_lin=0.54819 body_ang=0.04110
[TRACK_ROLLOUT] anchor_pos=0.85267 anchor_ori=0.75921 body_pos=0.89015 body_ori=0.19485 body_lin=0.49860 body_ang=0.09192
[TRAIN_COST] action_rate=19.76642 joint_torque=3720.00977 joint_limit=0.00117 undesired_contacts=1.28198
[REWARD_WEIGHTED] pos=0.11967 penalty=-0.04803 total=0.07163 act_rate=-0.03953 torque=-0.00074 contacts=-0.00256
[ACT_SUMMARY] abs_mean=0.6453 abs_p95=1.6392 abs_p99=2.3105 abs_max=4.0998 abs_max_all=4.7937 legs=0.6620 waist=0.6313 arms=0.6340 first=0.6453 last=0.7080 latent_abs=0.7547 latent_max=9.6510
[TRAIN_BODY] torso_ori=6.22deg l_wrist_ori=13.28deg r_wrist_ori=13.23deg l_elbow_ori=12.27deg r_elbow_ori=12.18deg l_shoulder_ori=8.90deg r_shoulder_ori=8.98deg
[TRAIN_ANG] torso=2.111 l_wrist=8.233 r_wrist=8.525 l_elbow=7.476 r_elbow=7.493 l_shoulder=4.243 r_shoulder=4.553
[TRAIN_ACT] l_wrist_r=0.5496 l_wrist_p=0.5062 l_wrist_y=0.4886 r_wrist_r=0.4405 r_wrist_p=0.4822 r_wrist_y=0.5381 l_elbow=0.6390 r_elbow=0.7454
[UPDATE] 198/200 group_reward=79.53287 group_std=19.61407 group_raw=1.27292 rollout_ret=1.26684 chunk0_ret=0.07163 chunk_last_ret=0.04492
[REWARD_SCALE] live_steps=23.89 min=5 p50=24 p95=24 max=24 survive=0.98779 per_step=0.05302 per_second=2.651 episode30s_projection=79.53
[OBJECTIVE] obj_mean=1.26684 obj_std=0.31929 obj_min=-0.17121 obj_max=2.44799 raw_mean=1.27292 raw_std=0.31162 raw_min=-0.17121 raw_max=2.44799 score_mean=0.05297 rtg_mean=0.65100 grpo_score=1.04330 early_penalty=0.22354
[PHASE] start_mean=867.24 start_min=5 start_max=1433 fail_rel_mean=14.21
[CHUNK_REWARD] obj_first=0.07163 obj_mid=0.05159 obj_last=0.04434 raw_first=0.07163 raw_mid=0.05189 raw_last=0.04492
[POLICY] loss=-0.00899 policy_loss=-0.00899 value_loss=0.00000 entropy=0.00000 kl=0.01681 step_ratio=0.9993 step_clip=0.0994 post_ratio=0.9906 post_clip=0.1113 grad=0.33483 lr=0.001000 critic_lr=0.000000 sde_steps=4 opt_steps=20
[POLICY_DETAIL] samples=195729 mb=48932 micro_mb=8192 micro_steps=120 batch_ratio=0.9995 batch_min=0.1448 batch_max=4.7304 post_ratio=0.9906 post_min=0.3956 post_max=2.9206 post_clip=0.1113 logp_delta_abs=0.13542 post_logp_delta_abs=0.15535 post_kl=0.02149 old_logp=-15.73335 new_logp=-15.75044 adv_abs=0.75641 grpo_adv_abs=0.75641 valid=0.99553
[TRAIN] mean_reward=59.50140 mean_len=1473.63 recent_eps=100 completed_eps=314066
[UPDATE_EFFECT] action_delta=0.02444992 param_rms_delta=0.00193246
[TIME] collect=14.149s update=1.001s
[DONE] timeout=0.00000 anchor_pos=0.00000 anchor_ori=0.00000 ee_body=0.00000
[DONE_ROLLOUT] timeout=0.00000 anchor_pos=0.00037 anchor_ori=0.00000 ee_body=0.01184
[FIRST_FAILURE] chunk_mean=14.21 chunk_min=4 chunk_max=23 phase_mean=858.26 phase_min=391 phase_max=1390 anchor_pos=0.00037 anchor_ori=0.00000 ee_body=0.01184 timeout=0.00000
[TRACK_CHUNK0] anchor_pos=0.97620 anchor_ori=0.82765 body_pos=0.97618 body_ori=0.80066 body_lin=0.55069 body_ang=0.04369
[TRACK_ROLLOUT] anchor_pos=0.85558 anchor_ori=0.75949 body_pos=0.88973 body_ori=0.19330 body_lin=0.50022 body_ang=0.09414
[TRAIN_COST] action_rate=19.77259 joint_torque=3667.20923 joint_limit=0.00128 undesired_contacts=1.31311
[REWARD_WEIGHTED] pos=0.11958 penalty=-0.04795 total=0.07163 act_rate=-0.03955 torque=-0.00073 contacts=-0.00263
[ACT_SUMMARY] abs_mean=0.6461 abs_p95=1.6360 abs_p99=2.3168 abs_max=4.0415 abs_max_all=4.7335 legs=0.6615 waist=0.6286 arms=0.6366 first=0.6461 last=0.7078 latent_abs=0.7549 latent_max=8.9951
[TRAIN_BODY] torso_ori=6.24deg l_wrist_ori=13.36deg r_wrist_ori=13.53deg l_elbow_ori=12.38deg r_elbow_ori=12.37deg l_shoulder_ori=8.95deg r_shoulder_ori=9.07deg
[TRAIN_ANG] torso=2.095 l_wrist=8.284 r_wrist=8.291 l_elbow=7.435 r_elbow=7.318 l_shoulder=4.304 r_shoulder=4.496
[TRAIN_ACT] l_wrist_r=0.5497 l_wrist_p=0.5054 l_wrist_y=0.4860 r_wrist_r=0.4383 r_wrist_p=0.4924 r_wrist_y=0.5508 l_elbow=0.6448 r_elbow=0.7490
[UPDATE] 199/200 group_reward=79.81039 group_std=19.58194 group_raw=1.27763 rollout_ret=1.27227 chunk0_ret=0.07155 chunk_last_ret=0.04516
[REWARD_SCALE] live_steps=23.91 min=2 p50=24 p95=24 max=24 survive=0.98950 per_step=0.05321 per_second=2.660 episode30s_projection=79.81
[OBJECTIVE] obj_mean=1.27227 obj_std=0.31597 obj_min=-0.49630 obj_max=2.51871 raw_mean=1.27763 raw_std=0.31022 raw_min=-0.49630 raw_max=2.51871 score_mean=0.05316 rtg_mean=0.51529 grpo_score=1.08840 early_penalty=0.18387
[PHASE] start_mean=866.52 start_min=0 start_max=1433 fail_rel_mean=14.59
[CHUNK_REWARD] obj_first=0.07155 obj_mid=0.05207 obj_last=0.04464 raw_first=0.07155 raw_mid=0.05223 raw_last=0.04516
[POLICY] loss=-0.00851 policy_loss=-0.00851 value_loss=0.00000 entropy=0.00000 kl=0.01766 step_ratio=0.9994 step_clip=0.1059 post_ratio=0.9943 post_clip=0.1387 grad=0.37411 lr=0.001000 critic_lr=0.000000 sde_steps=4 opt_steps=20
[POLICY_DETAIL] samples=195885 mb=48971 micro_mb=8192 micro_steps=120 batch_ratio=0.9996 batch_min=0.1676 batch_max=5.4023 post_ratio=0.9943 post_min=0.3234 post_max=1.9839 post_clip=0.1387 logp_delta_abs=0.13881 post_logp_delta_abs=0.16743 post_kl=0.02484 old_logp=-15.72803 new_logp=-15.74579 adv_abs=0.75562 grpo_adv_abs=0.75562 valid=0.99632
[TRAIN] mean_reward=66.63399 mean_len=1651.92 recent_eps=100 completed_eps=314152
[UPDATE_EFFECT] action_delta=0.02357560 param_rms_delta=0.00192179
[TIME] collect=14.122s update=1.000s
[DONE] timeout=0.00000 anchor_pos=0.00000 anchor_ori=0.00000 ee_body=0.00000
[DONE_ROLLOUT] timeout=0.00000 anchor_pos=0.00012 anchor_ori=0.00000 ee_body=0.01038
[FIRST_FAILURE] chunk_mean=14.59 chunk_min=1 chunk_max=23 phase_mean=915.13 phase_min=517 phase_max=1157 anchor_pos=0.00012 anchor_ori=0.00000 ee_body=0.01038 timeout=0.00000
[TRACK_CHUNK0] anchor_pos=0.97617 anchor_ori=0.82638 body_pos=0.97661 body_ori=0.80501 body_lin=0.54937 body_ang=0.04360
[TRACK_ROLLOUT] anchor_pos=0.85426 anchor_ori=0.76002 body_pos=0.88979 body_ori=0.19508 body_lin=0.49842 body_ang=0.09418
[TRAIN_COST] action_rate=19.77161 joint_torque=3740.18994 joint_limit=0.00117 undesired_contacts=1.30359
[REWARD_WEIGHTED] pos=0.11959 penalty=-0.04805 total=0.07155 act_rate=-0.03954 torque=-0.00075 contacts=-0.00261
[ACT_SUMMARY] abs_mean=0.6450 abs_p95=1.6424 abs_p99=2.3117 abs_max=4.0117 abs_max_all=4.7649 legs=0.6591 waist=0.6393 arms=0.6342 first=0.6450 last=0.7055 latent_abs=0.7529 latent_max=9.3166
[TRAIN_BODY] torso_ori=6.13deg l_wrist_ori=13.08deg r_wrist_ori=13.28deg l_elbow_ori=12.10deg r_elbow_ori=12.22deg l_shoulder_ori=8.90deg r_shoulder_ori=8.88deg
[TRAIN_ANG] torso=2.096 l_wrist=8.306 r_wrist=8.140 l_elbow=7.490 r_elbow=7.187 l_shoulder=4.239 r_shoulder=4.446
[TRAIN_ACT] l_wrist_r=0.5449 l_wrist_p=0.4963 l_wrist_y=0.4848 r_wrist_r=0.4434 r_wrist_p=0.4835 r_wrist_y=0.5428 l_elbow=0.6205 r_elbow=0.7558
[UPDATE] 200/200 group_reward=80.80901 group_std=19.34605 group_raw=1.29334 rollout_ret=1.29008 chunk0_ret=0.07167 chunk_last_ret=0.04583
[REWARD_SCALE] live_steps=23.95 min=7 p50=24 p95=24 max=24 survive=0.99243 per_step=0.05387 per_second=2.694 episode30s_projection=80.81
[OBJECTIVE] obj_mean=1.29008 obj_std=0.31235 obj_min=-0.28645 obj_max=2.45704 raw_mean=1.29334 raw_std=0.30895 raw_min=-0.28645 raw_max=2.45704 score_mean=0.05386 rtg_mean=0.91255 grpo_score=1.17920 early_penalty=0.11088
[PHASE] start_mean=868.30 start_min=2 start_max=1433 fail_rel_mean=15.97
[CHUNK_REWARD] obj_first=0.07167 obj_mid=0.05268 obj_last=0.04544 raw_first=0.07167 raw_mid=0.05281 raw_last=0.04583
[POLICY] loss=-0.00861 policy_loss=-0.00861 value_loss=0.00000 entropy=0.00000 kl=0.01740 step_ratio=0.9992 step_clip=0.1039 post_ratio=1.0008 post_clip=0.1240 grad=0.36578 lr=0.001000 critic_lr=0.000000 sde_steps=4 opt_steps=20
[POLICY_DETAIL] samples=196172 mb=49043 micro_mb=8192 micro_steps=120 batch_ratio=0.9993 batch_min=0.1518 batch_max=4.9514 post_ratio=1.0008 post_min=0.3639 post_max=2.4954 post_clip=0.1240 logp_delta_abs=0.13780 post_logp_delta_abs=0.15348 post_kl=0.02032 old_logp=-15.72400 new_logp=-15.74179 adv_abs=0.75633 grpo_adv_abs=0.75633 valid=0.99778
[TRAIN] mean_reward=62.14709 mean_len=1509.95 recent_eps=100 completed_eps=314215
[UPDATE_EFFECT] action_delta=0.02164914 param_rms_delta=0.00192580
[TIME] collect=14.125s update=0.991s
[DONE] timeout=0.00000 anchor_pos=0.00000 anchor_ori=0.00000 ee_body=0.00000
[DONE_ROLLOUT] timeout=0.00000 anchor_pos=0.00012 anchor_ori=0.00000 ee_body=0.00745
[FIRST_FAILURE] chunk_mean=15.97 chunk_min=6 chunk_max=23 phase_mean=847.77 phase_min=327 phase_max=1116 anchor_pos=0.00012 anchor_ori=0.00000 ee_body=0.00745 timeout=0.00000
[TRACK_CHUNK0] anchor_pos=0.97584 anchor_ori=0.83075 body_pos=0.97645 body_ori=0.80172 body_lin=0.55194 body_ang=0.04103
[TRACK_ROLLOUT] anchor_pos=0.85497 anchor_ori=0.76643 body_pos=0.89044 body_ori=0.19474 body_lin=0.50074 body_ang=0.09580
[TRAIN_COST] action_rate=19.72476 joint_torque=3741.11426 joint_limit=0.00098 undesired_contacts=1.28101
[REWARD_WEIGHTED] pos=0.11969 penalty=-0.04802 total=0.07167 act_rate=-0.03945 torque=-0.00075 contacts=-0.00256
[ACT_SUMMARY] abs_mean=0.6448 abs_p95=1.6370 abs_p99=2.3092 abs_max=4.0561 abs_max_all=4.7957 legs=0.6603 waist=0.6292 arms=0.6349 first=0.6448 last=0.7004 latent_abs=0.7492 latent_max=9.6756
[TRAIN_BODY] torso_ori=6.14deg l_wrist_ori=13.29deg r_wrist_ori=13.31deg l_elbow_ori=12.30deg r_elbow_ori=12.25deg l_shoulder_ori=8.96deg r_shoulder_ori=9.02deg
[TRAIN_ANG] torso=2.032 l_wrist=8.353 r_wrist=8.302 l_elbow=7.490 r_elbow=7.276 l_shoulder=4.279 r_shoulder=4.438
[TRAIN_ACT] l_wrist_r=0.5564 l_wrist_p=0.4987 l_wrist_y=0.4834 r_wrist_r=0.4516 r_wrist_p=0.4761 r_wrist_y=0.5432 l_elbow=0.6213 r_elbow=0.7473
[CHECKPOINT] saved /home/y/my_mimic_mixgrpo_h1/runs/mixgrpo_u200_h24_tail100/checkpoints/update_0200.pt
[INFO] Training finished.
